Transaction_ID,Timestamp,Customer_ID,Account_ID,Merchant_ID,Terminal_ID,Customer_Region,Merchant_Region,Amount,Currency,Channel,Auth_Type,Auth_Result,Incumbent_Decision,Typical_Spend,Amount_To_Typical_Spend,Is_Night,Is_Weekend,Auth_Soft_Decline,Is_Ecommerce,Is_Magstripe,Is_Mobile_Wallet,Region_Mismatch,Tx_Count_Prior_24h,Terminal_Prior_Tx_Count,Terminal_Prior_Distinct_Customers,Customer_Terminal_Prior_Count,Rule_Score,Rule_Reasons,Rule_Risk,Model_Score,Hybrid_Score
X000234015,2026-02-15 13:41:39,C001907,A0001907,M00540,T01173,West,West,129.08,USD,ecommerce,magstripe,approved,APPROVE,168.05,0.7681047307349004,0,1,0,1,1,0,0,5,122,11,53,43,customer_velocity;terminal_customer_network_burst,0.43,0.008452033977369903,0.43
X000061345,2026-02-15 13:42:05,C000523,A0000523,M00401,T01080,South,South,25.75,USD,ecommerce,chip_pin,approved,APPROVE,46.64,0.5521012006861064,0,1,0,1,0,0,0,1,126,11,18,18,terminal_customer_network_burst,0.18,0.00615174902917905,0.18
X000141519,2026-02-15 13:42:14,C001165,A0001165,M00230,T01120,West,West,36.42,USD,card_present,chip_pin,approved,APPROVE,51.53,0.7067727537356879,0,1,0,0,0,0,0,1,49,14,15,18,terminal_customer_network_burst,0.18,0.006824633603068839,0.18
X000230170,2026-02-15 13:43:00,C001876,A0001876,M00708,T00618,West,West,129.5,USD,card_present,wallet_biometric,approved,APPROVE,87.96,1.4722601182355617,0,1,0,0,0,0,0,1,123,15,27,18,terminal_customer_network_burst,0.18,0.00903061688385071,0.18
X000082738,2026-02-15 13:43:15,C000693,A0000693,M00399,T00567,West,West,82.2,USD,ecommerce,chip_pin,approved,APPROVE,100.52,0.8177477118981298,0,1,0,1,0,0,0,0,125,9,23,18,terminal_customer_network_burst,0.18,0.00513251842886534,0.18
X000029724,2026-02-15 13:43:19,C000254,A0000254,M00452,T00329,Northeast,Northeast,242.46,USD,card_present,3ds,approved,APPROVE,244.89,0.9900771775082691,0,1,0,0,0,0,0,2,336,14,72,18,terminal_customer_network_burst,0.18,0.005081456906257228,0.18
X000102182,2026-02-15 13:43:20,C000859,A0000859,M00007,T00210,South,South,140.92,USD,ecommerce,chip_pin,approved,APPROVE,276.18,0.5102469404011876,0,1,0,1,0,0,0,6,239,12,77,43,customer_velocity;terminal_customer_network_burst,0.43,0.003993064482423202,0.43
X000133367,2026-02-15 13:43:21,C001099,A0001099,M00139,T00632,Northeast,Northeast,441.81,USD,card_present,chip_pin,approved,APPROVE,103.35,4.27489114658926,0,1,0,0,0,0,0,3,203,9,31,48,amount_vs_profile;terminal_customer_network_burst,0.48,0.0191820879696596,0.48
X000058294,2026-02-15 13:44:14,C000494,A0000494,M00002,T00312,Northeast,Northeast,20.23,USD,ecommerce,chip_pin,approved,APPROVE,19.63,1.0305654610290373,0,1,0,1,0,0,0,1,132,12,0,33,new_customer_terminal_pair;terminal_customer_network_burst,0.33,0.010557345949236572,0.33
X000177982,2026-02-15 13:44:24,C001464,A0001464,M00649,T00134,South,Midwest,37.3,USD,ecommerce,wallet_biometric,approved,APPROVE,35.35,1.055162659123055,0,1,0,1,0,0,1,2,194,20,0,45,new_customer_terminal_pair;terminal_customer_network_burst;home_region_mismatch,0.45,0.1592656616364295,0.45
X000202670,2026-02-15 13:44:43,C001658,A0001658,M00471,T00670,Midwest,Midwest,24.05,USD,card_present,chip_pin,approved,APPROVE,70.79,0.3397372510241559,0,1,0,0,0,0,0,3,335,21,30,18,terminal_customer_network_burst,0.18,0.013546405629869307,0.18
X000099664,2026-02-15 13:44:46,C000837,A0000837,M00002,T00850,Northeast,Northeast,79.7,USD,mobile_wallet,3ds,approved,APPROVE,44.81,1.778620843561705,0,1,0,0,0,1,0,2,178,15,43,18,terminal_customer_network_burst,0.18,0.012707557413838713,0.18
X000095381,2026-02-15 13:44:53,C000796,A0000796,M00511,T00501,Midwest,Midwest,79.19,USD,ecommerce,wallet_biometric,approved,APPROVE,38.69,2.046782114241406,0,1,0,1,0,0,0,1,183,16,19,18,terminal_customer_network_burst,0.18,0.01644405338002167,0.18
X000159791,2026-02-15 13:45:10,C001317,A0001317,M00608,T00219,South,South,18.79,USD,ecommerce,wallet_biometric,approved,APPROVE,37.63,0.499335636460271,0,1,0,1,0,0,0,2,421,20,25,18,terminal_customer_network_burst,0.18,0.01726611921624995,0.18
X000162189,2026-02-15 13:45:17,C001339,A0001339,M00661,T00141,Northeast,Northeast,203.07,USD,ecommerce,3ds,approved,APPROVE,127.04,1.5984729219143576,0,1,0,1,0,0,0,0,155,17,24,18,terminal_customer_network_burst,0.18,0.012626789684805535,0.18
X000123665,2026-02-15 13:45:20,C001023,A0001023,M00171,T00523,Northeast,Northeast,43.41,USD,ecommerce,chip_pin,approved,APPROVE,96.87,0.4481263549086404,0,1,0,1,0,0,0,6,232,17,98,43,customer_velocity;terminal_customer_network_burst,0.43,0.003999142157369433,0.43
X000042986,2026-02-15 13:46:13,C000363,A0000363,M00445,T00086,Northeast,Northeast,123.88,USD,mobile_wallet,chip_pin,approved,APPROVE,118.43,1.0460187452503589,0,1,0,0,0,1,0,0,291,20,36,18,terminal_customer_network_burst,0.18,0.01669505170302602,0.18
X000181770,2026-02-15 13:46:24,C001495,A0001495,M00387,T00289,Northeast,Northeast,74.11,USD,ecommerce,3ds,approved,APPROVE,43.33,1.7103623355642743,0,1,0,1,0,0,0,3,107,14,26,18,terminal_customer_network_burst,0.18,0.011141797737432716,0.18
X000128590,2026-02-15 13:46:50,C001058,A0001058,M00380,T00989,Midwest,Midwest,16.3,USD,ecommerce,3ds,approved,APPROVE,41.97,0.3883726471289016,0,1,0,1,0,0,0,4,140,10,43,18,terminal_customer_network_burst,0.18,0.004348102496227093,0.18
X000039639,2026-02-15 13:47:02,C000336,A0000336,M00219,T00102,Northeast,Northeast,35.15,USD,card_present,3ds,approved,APPROVE,92.41,0.38037008981711934,0,1,0,0,0,0,0,3,150,18,39,18,terminal_customer_network_burst,0.18,0.007219989587771522,0.18
X000078713,2026-02-15 13:47:08,C000662,A0000662,M00569,T00983,South,South,181.46,USD,card_present,chip_pin,approved,APPROVE,91.02,1.9936277741155792,0,1,0,0,0,0,0,3,158,9,32,18,terminal_customer_network_burst,0.18,0.0076548776604119725,0.18
X000219725,2026-02-15 13:47:27,C001795,A0001795,M00770,T01186,Midwest,Midwest,61.07,USD,ecommerce,wallet_biometric,approved,APPROVE,69.86,0.8741769252791297,0,1,0,1,0,0,0,3,107,11,29,18,terminal_customer_network_burst,0.18,0.006285061556865632,0.18
X000002219,2026-02-15 13:48:35,C000020,A0000020,M00187,T00256,South,South,74.53,USD,mobile_wallet,magstripe,approved,APPROVE,53.24,1.3998873027798648,0,1,0,0,1,1,0,3,261,23,15,18,terminal_customer_network_burst,0.18,0.06342754670533722,0.18
X000155959,2026-02-15 13:49:06,C001283,A0001283,M00448,T00142,Midwest,Midwest,384.72,USD,ecommerce,chip_pin,approved,APPROVE,278.26,1.3825918205994394,0,1,0,1,0,0,0,6,106,12,63,43,customer_velocity;terminal_customer_network_burst,0.43,0.005585721237517086,0.43
X000139131,2026-02-15 13:49:12,C001146,A0001146,M00210,T01163,South,South,97.32,USD,mobile_wallet,chip_pin,approved,APPROVE,45.52,2.1379613356766254,0,1,0,0,0,1,0,3,136,11,21,18,terminal_customer_network_burst,0.18,0.015092875318121458,0.18
X000205798,2026-02-15 13:49:15,C001679,A0001679,M00191,T01127,Midwest,Midwest,539.32,USD,card_present,chip_pin,approved,APPROVE,208.94,2.5812194888484736,0,1,0,0,0,0,0,2,154,11,92,18,terminal_customer_network_burst,0.18,0.00403780355531641,0.18
X000082314,2026-02-15 13:49:18,C000689,A0000689,M00553,T00398,West,West,38.15,USD,card_present,3ds,approved,APPROVE,50.73,0.7520205006899271,0,1,0,0,0,0,0,1,107,13,19,18,terminal_customer_network_burst,0.18,0.0066262208019775524,0.18
X000054828,2026-02-15 13:49:42,C000463,A0000463,M00288,T00279,Northeast,Northeast,15.61,USD,card_present,chip_pin,approved,APPROVE,13.75,1.1352727272727272,0,1,0,0,0,0,0,1,194,11,22,18,terminal_customer_network_burst,0.18,0.007194667284424001,0.18
X000168419,2026-02-15 13:49:49,C001392,A0001392,M00257,T00772,South,South,99.68,USD,ecommerce,wallet_biometric,approved,APPROVE,122.23,0.8155117401619897,0,1,0,1,0,0,0,0,400,26,14,18,terminal_customer_network_burst,0.18,0.030821487292731552,0.18
X000110556,2026-02-15 13:50:07,C000923,A0000923,M00191,T00441,Midwest,Midwest,63.93,USD,mobile_wallet,chip_pin,approved,APPROVE,36.26,1.7630998345284061,0,1,0,0,0,1,0,2,221,15,18,18,terminal_customer_network_burst,0.18,0.019911854529988504,0.18
X000167580,2026-02-15 13:50:10,C001384,A0001384,M00374,T00569,South,South,105.29,USD,ecommerce,wallet_biometric,approved,APPROVE,83.35,1.2632273545290944,0,1,0,1,0,0,0,1,211,19,31,18,terminal_customer_network_burst,0.18,0.013295501479843385,0.18
X000097565,2026-02-15 13:50:22,C000817,A0000817,M00326,T00127,Northeast,Northeast,58.8,USD,ecommerce,3ds,approved,APPROVE,39.65,1.4829760403530896,0,1,0,1,0,0,0,1,212,14,29,18,terminal_customer_network_burst,0.18,0.010355193984940638,0.18
X000085442,2026-02-15 13:50:41,C000714,A0000714,M00377,T00663,Midwest,Midwest,52.77,USD,ecommerce,chip_pin,approved,APPROVE,40.5,1.302962962962963,0,1,0,1,0,0,0,0,138,12,18,18,terminal_customer_network_burst,0.18,0.008428676124732911,0.18
X000244835,2026-02-15 13:50:49,C001995,A0001995,M00338,T00600,Northeast,Northeast,248.69,USD,card_present,wallet_biometric,approved,APPROVE,400.21,0.6213987656480348,0,1,0,0,0,0,0,6,233,10,83,43,customer_velocity;terminal_customer_network_burst,0.43,0.002929337544328599,0.43
X000219222,2026-02-15 13:51:12,C001790,A0001790,M00244,T00336,South,South,146.82,USD,ecommerce,chip_pin,approved,APPROVE,121.97,1.203738624251865,0,1,0,1,0,0,0,2,327,14,21,18,terminal_customer_network_burst,0.18,0.013323281932241264,0.18
X000131561,2026-02-15 13:51:22,C001082,A0001082,M00414,T00189,Midwest,Midwest,41.09,USD,card_present,wallet_biometric,approved,APPROVE,20.75,1.980240963855422,0,1,0,0,0,0,0,1,375,21,39,18,terminal_customer_network_burst,0.18,0.0205005015361682,0.18
X000211409,2026-02-15 13:51:34,C001724,A0001724,M00297,T00721,Northeast,Northeast,51.95,USD,card_present,chip_pin,approved,APPROVE,61.45,0.8454027664768105,0,1,0,0,0,0,0,1,266,19,20,18,terminal_customer_network_burst,0.18,0.01334849319746191,0.18
X000195744,2026-02-15 13:51:58,C001607,A0001607,M00095,T00821,Northeast,Northeast,27.25,USD,mobile_wallet,wallet_biometric,approved,APPROVE,27.54,0.9894698620188817,0,1,0,0,0,1,0,0,91,9,13,18,terminal_customer_network_burst,0.18,0.00774637456998906,0.18
X000243860,2026-02-15 13:52:19,C001988,A0001988,M00270,T00935,South,South,86.26,USD,ecommerce,wallet_biometric,approved,APPROVE,86.5,0.9972254335260117,0,1,0,1,0,0,0,3,128,10,29,18,terminal_customer_network_burst,0.18,0.00631478641229684,0.18
X000097100,2026-02-15 13:52:24,C000812,A0000812,M00507,T00488,South,South,62.1,USD,ecommerce,chip_pin,approved,APPROVE,81.23,0.7644958759079158,0,1,0,1,0,0,0,0,253,12,19,18,terminal_customer_network_burst,0.18,0.00813190867717543,0.18
X000198430,2026-02-15 13:53:00,C001626,A0001626,M00640,T00037,Midwest,Midwest,329.43,USD,mobile_wallet,chip_pin,approved,APPROVE,262.11,1.2568387318301477,0,1,0,0,0,1,0,4,279,14,96,18,terminal_customer_network_burst,0.18,0.005517390668787466,0.18
X000125705,2026-02-15 13:53:04,C001035,A0001035,M00633,T00292,West,West,16.72,USD,card_present,3ds,approved,APPROVE,47.5,0.352,0,1,0,0,0,0,0,1,190,13,41,18,terminal_customer_network_burst,0.18,0.004601360947480031,0.18
X000064608,2026-02-15 13:53:12,C000548,A0000548,M00703,T00135,Midwest,Midwest,22.12,USD,ecommerce,chip_pin,approved,APPROVE,36.4,0.6076923076923078,0,1,0,1,0,0,0,1,250,20,45,18,terminal_customer_network_burst,0.18,0.009596031542598617,0.18
X000088017,2026-02-15 13:53:19,C000739,A0000739,M00686,T00708,West,West,130.27,USD,ecommerce,chip_pin,approved,APPROVE,42.99,3.030239590602466,0,1,0,1,0,0,0,2,89,11,34,48,amount_vs_profile;terminal_customer_network_burst,0.48,0.011830879591234918,0.48
X000203740,2026-02-15 13:54:09,C001666,A0001666,M00056,T01147,Midwest,Midwest,121.67,USD,card_present,chip_pin,approved,APPROVE,309.93,0.3925725163746652,0,1,0,0,0,0,0,2,370,16,56,18,terminal_customer_network_burst,0.18,0.0063977932927803075,0.18
X000150195,2026-02-15 13:54:33,C001236,A0001236,M00663,T00502,West,West,58.33,USD,card_present,magstripe,approved,APPROVE,94.07,0.6200701605187626,0,1,0,0,1,0,0,4,234,10,75,18,terminal_customer_network_burst,0.18,0.005376171890285724,0.18
X000068107,2026-02-15 13:54:36,C000577,A0000577,M00068,T00322,Northeast,Northeast,68.69,USD,ecommerce,3ds,approved,APPROVE,168.98,0.40649781039176236,0,1,0,1,0,0,0,2,282,19,32,18,terminal_customer_network_burst,0.18,0.011245616020571302,0.18
X000163551,2026-02-15 13:54:53,C001348,A0001348,M00323,T01185,South,South,58.17,USD,ecommerce,3ds,approved,APPROVE,58.02,1.0025853154084798,0,1,0,1,0,0,0,3,302,17,66,18,terminal_customer_network_burst,0.18,0.007719236895166863,0.18
X000058452,2026-02-15 13:55:01,C000495,A0000495,M00005,T00817,South,South,112.46,USD,ecommerce,3ds,approved,APPROVE,84.94,1.3239934071109019,0,1,0,1,0,0,0,2,365,19,49,18,terminal_customer_network_burst,0.18,0.013701913902754636,0.18
X000235859,2026-02-15 13:55:02,C001922,A0001922,M00093,T01018,Northeast,Northeast,139.91,USD,mobile_wallet,chip_pin,approved,APPROVE,79.85,1.7521603005635566,0,1,0,0,0,1,0,2,187,12,48,18,terminal_customer_network_burst,0.18,0.00948917150729078,0.18
X000069777,2026-02-15 13:55:33,C000593,A0000593,M00738,T00899,South,South,206.96,USD,mobile_wallet,chip_pin,approved,APPROVE,191.3,1.0818609513852588,0,1,0,0,0,1,0,4,389,20,40,18,terminal_customer_network_burst,0.18,0.02271896308919034,0.18
X000112814,2026-02-15 13:55:52,C000943,A0000943,M00376,T00309,South,South,90.44,USD,card_present,3ds,approved,APPROVE,211.71,0.4271881347125785,0,1,0,0,0,0,0,3,409,17,44,18,terminal_customer_network_burst,0.18,0.009417365305041184,0.18
X000085714,2026-02-15 13:56:09,C000717,A0000717,M00567,T00161,Northeast,Northeast,77.06,USD,card_present,wallet_biometric,approved,APPROVE,66.89,1.1520406637763492,0,1,0,0,0,0,0,3,234,18,23,18,terminal_customer_network_burst,0.18,0.014004225373875811,0.18
X000147935,2026-02-15 13:56:24,C001221,A0001221,M00557,T00649,Midwest,Midwest,107.58,USD,card_present,3ds,approved,APPROVE,130.45,0.8246837868915294,0,1,0,0,0,0,0,3,214,19,37,18,terminal_customer_network_burst,0.18,0.01041065950396174,0.18
X000202823,2026-02-15 13:56:32,C001660,A0001660,M00618,T00042,Northeast,Northeast,76.62,USD,card_present,chip_pin,approved,APPROVE,42.17,1.8169314678681527,0,1,0,0,0,0,0,2,184,10,24,18,terminal_customer_network_burst,0.18,0.008640505815457404,0.18
X000059154,2026-02-15 13:56:35,C000502,A0000502,M00541,T00575,South,South,27.95,USD,mobile_wallet,3ds,approved,APPROVE,44.15,0.6330690826727067,0,1,0,0,0,1,0,0,167,12,17,18,terminal_customer_network_burst,0.18,0.008931734690063906,0.18
X000212925,2026-02-15 13:56:38,C001738,A0001738,M00434,T00808,South,South,64.31,USD,card_present,3ds,approved,APPROVE,50.26,1.2795463589335456,0,1,0,0,0,0,0,5,257,17,19,43,customer_velocity;terminal_customer_network_burst,0.43,0.0166967364136968,0.43
X000014731,2026-02-15 13:56:57,C000125,A0000125,M00737,T00466,Midwest,Midwest,48.82,USD,card_present,chip_pin,approved,APPROVE,36.25,1.3467586206896551,0,1,0,0,0,0,0,0,166,11,28,18,terminal_customer_network_burst,0.18,0.006430388300750838,0.18
X000238856,2026-02-15 13:57:02,C001948,A0001948,M00266,T01058,Northeast,Northeast,443.35,USD,ecommerce,chip_pin,approved,APPROVE,121.1,3.661023947151115,0,1,0,1,0,0,0,6,77,11,45,73,amount_vs_profile;customer_velocity;terminal_customer_network_burst,0.73,0.015178806809982825,0.73
X000113193,2026-02-15 13:57:21,C000944,A0000944,M00109,T00548,Northeast,Northeast,421.69,USD,card_present,chip_pin,approved,APPROVE,227.5,1.8535824175824176,0,1,0,0,0,0,0,6,276,21,102,43,customer_velocity;terminal_customer_network_burst,0.43,0.008170409387440104,0.43
X000059839,2026-02-15 13:57:42,C000509,A0000509,M00473,T01017,West,West,37.28,USD,ecommerce,3ds,approved,APPROVE,61.15,0.6096484055600981,0,1,0,1,0,0,0,1,80,12,25,18,terminal_customer_network_burst,0.18,0.005639363804064145,0.18
X000013432,2026-02-15 13:57:50,C000115,A0000115,M00720,T00705,Midwest,Northeast,110.16,USD,ecommerce,3ds,approved,APPROVE,73.53,1.4981640146878825,0,1,0,1,0,0,1,11,263,17,0,90,customer_velocity;high_customer_velocity;new_customer_terminal_pair;terminal_customer_network_burst;home_region_mismatch,0.9,0.2429604668057666,0.9
X000157009,2026-02-15 13:58:17,C001291,A0001291,M00484,T00479,South,South,332.87,USD,mobile_wallet,3ds,approved,APPROVE,200.77,1.6579668277133037,0,1,0,0,0,1,0,1,264,20,30,18,terminal_customer_network_burst,0.18,0.023123213564331228,0.18
X000223855,2026-02-15 13:58:25,C001826,A0001826,M00750,T01142,South,South,14.56,USD,ecommerce,3ds,approved,APPROVE,36.54,0.3984674329501916,0,1,0,1,0,0,0,1,315,18,18,18,terminal_customer_network_burst,0.18,0.012956243027893543,0.18
X000098598,2026-02-15 13:58:26,C000826,A0000826,M00030,T00879,West,West,31.89,USD,ecommerce,chip_pin,approved,APPROVE,29.66,1.0751854349291976,0,1,0,1,0,0,0,2,98,15,36,18,terminal_customer_network_burst,0.18,0.007595937372793526,0.18
X000222328,2026-02-15 13:58:28,C001811,A0001811,M00305,T00345,Northeast,Northeast,19.8,USD,ecommerce,chip_pin,approved,APPROVE,63.03,0.31413612565445026,0,1,0,1,0,0,0,2,90,11,27,18,terminal_customer_network_burst,0.18,0.004876956288484925,0.18
X000226272,2026-02-15 13:58:41,C001843,A0001843,M00778,T01132,South,South,77.08,USD,ecommerce,wallet_biometric,approved,APPROVE,73.75,1.0451525423728814,0,1,0,1,0,0,0,1,253,20,49,18,terminal_customer_network_burst,0.18,0.010629890783848918,0.18
X000007673,2026-02-15 13:59:16,C000070,A0000070,M00476,T00028,Midwest,Midwest,19.95,USD,ecommerce,magstripe,approved,APPROVE,21.98,0.9076433121019107,0,1,0,1,1,0,0,2,234,12,18,18,terminal_customer_network_burst,0.18,0.016777683093956518,0.18
X000070361,2026-02-15 13:59:45,C000597,A0000597,M00592,T00719,South,South,164.09,USD,card_present,3ds,approved,APPROVE,149.87,1.094882231267098,0,1,0,0,0,0,0,2,310,19,76,18,terminal_customer_network_burst,0.18,0.006864249149190742,0.18
X000050387,2026-02-15 14:00:02,C000422,A0000422,M00211,T00509,Midwest,Midwest,25.19,USD,card_present,3ds,approved,APPROVE,47.92,0.5256677796327212,0,1,0,0,0,0,0,4,278,19,27,18,terminal_customer_network_burst,0.18,0.012685711470570476,0.18
X000055996,2026-02-15 14:00:05,C000472,A0000472,M00486,T00714,South,South,18.48,USD,card_present,chip_pin,approved,APPROVE,26.64,0.6936936936936937,0,1,0,0,0,0,0,2,301,19,35,18,terminal_customer_network_burst,0.18,0.011108946112826963,0.18
X000071919,2026-02-15 14:00:06,C000609,A0000609,M00298,T00088,Northeast,Northeast,207.03,USD,card_present,wallet_biometric,approved,APPROVE,131.74,1.5715044785182934,0,1,0,0,0,0,0,4,314,15,85,18,terminal_customer_network_burst,0.18,0.005927031657208628,0.18
X000143689,2026-02-15 14:00:08,C001184,A0001184,M00083,T00985,Midwest,Midwest,126.14,USD,mobile_wallet,chip_pin,approved,APPROVE,116.35,1.0841426729694887,0,1,0,0,0,1,0,0,110,16,21,18,terminal_customer_network_burst,0.18,0.012125937993600216,0.18
X000203364,2026-02-15 14:00:08,C001664,A0001664,M00051,T01084,South,South,345.7,USD,ecommerce,3ds,approved,APPROVE,245.36,1.4089501141180305,0,1,0,1,0,0,0,4,277,16,68,18,terminal_customer_network_burst,0.18,0.008187169780781014,0.18
X000112260,2026-02-15 14:00:22,C000938,A0000938,M00276,T01082,Northeast,Northeast,120.19,USD,ecommerce,chip_pin,approved,APPROVE,60.75,1.9784362139917695,0,1,0,1,0,0,0,1,266,19,21,18,terminal_customer_network_burst,0.18,0.021913765268146677,0.18
X000019160,2026-02-15 14:00:23,C000165,A0000165,M00399,T00276,West,West,97.53,USD,ecommerce,magstripe,approved,APPROVE,43.52,2.241038602941176,0,1,0,1,1,0,0,3,64,9,26,18,terminal_customer_network_burst,0.18,0.015737867600857873,0.18
X000146364,2026-02-15 14:00:40,C001207,A0001207,M00255,T00742,West,West,35.34,USD,card_present,3ds,approved,APPROVE,39.48,0.8951367781155016,0,1,0,0,0,0,0,0,78,17,33,18,terminal_customer_network_burst,0.18,0.00680988596832166,0.18
X000090032,2026-02-15 14:00:46,C000752,A0000752,M00345,T01138,South,South,38.57,USD,card_present,wallet_biometric,approved,APPROVE,69.3,0.5565656565656566,0,1,0,0,0,0,0,2,207,15,36,18,terminal_customer_network_burst,0.18,0.006721752530696197,0.18
X000051235,2026-02-15 14:01:01,C000431,A0000431,M00659,T00047,Northeast,Northeast,48.63,USD,card_present,wallet_biometric,approved,APPROVE,55.24,0.8803403330919624,0,1,0,0,0,0,0,1,178,15,19,18,terminal_customer_network_burst,0.18,0.00896796628421146,0.18
X000099851,2026-02-15 14:01:59,C000839,A0000839,M00385,T00962,South,South,35.27,USD,mobile_wallet,chip_pin,approved,APPROVE,27.92,1.2632521489971347,0,1,0,0,0,1,0,2,137,12,19,18,terminal_customer_network_burst,0.18,0.011562325061167802,0.18
X000155641,2026-02-15 14:02:07,C001281,A0001281,M00019,T00745,Northeast,Northeast,45.78,USD,ecommerce,wallet_biometric,approved,APPROVE,45.06,1.0159786950732357,0,1,0,1,0,0,0,2,184,16,26,18,terminal_customer_network_burst,0.18,0.010676394521990677,0.18
X000226938,2026-02-15 14:03:00,C001850,A0001850,M00427,T01200,South,South,76.97,USD,ecommerce,chip_pin,approved,APPROVE,35.81,2.149399609047752,0,1,0,1,0,0,0,1,234,18,17,18,terminal_customer_network_burst,0.18,0.021983181743522276,0.18
X000100504,2026-02-15 14:03:02,C000845,A0000845,M00382,T00233,Midwest,Midwest,314.56,USD,card_present,chip_pin,approved,APPROVE,175.06,1.796869644693248,0,1,0,0,0,0,0,0,90,14,44,18,terminal_customer_network_burst,0.18,0.006532278563931866,0.18
X000116308,2026-02-15 14:03:08,C000965,A0000965,M00193,T01039,West,West,212.23,USD,ecommerce,3ds,approved,APPROVE,147.52,1.4386523861171365,0,1,0,1,0,0,0,2,209,15,44,18,terminal_customer_network_burst,0.18,0.009087870409688389,0.18
X000126447,2026-02-15 14:03:33,C001041,A0001041,M00516,T00435,Northeast,Northeast,83.38,USD,card_present,chip_pin,approved,APPROVE,55.9,1.491592128801431,0,1,0,0,0,0,0,1,182,9,31,18,terminal_customer_network_burst,0.18,0.0060403220346275,0.18
X000173945,2026-02-15 14:03:49,C001434,A0001434,M00255,T00742,West,West,44.75,USD,card_present,wallet_biometric,approved,APPROVE,80.7,0.5545229244114003,0,1,0,0,0,0,0,2,79,17,30,18,terminal_customer_network_burst,0.18,0.007007029296332912,0.18
X000223362,2026-02-15 14:03:57,C001820,A0001820,M00766,T00445,West,West,128.84,USD,mobile_wallet,wallet_biometric,approved,APPROVE,133.75,0.9632897196261683,0,1,0,0,0,1,0,1,150,15,27,18,terminal_customer_network_burst,0.18,0.011007414901738554,0.18
X000109033,2026-02-15 14:04:11,C000913,A0000913,M00002,T00312,Northeast,Northeast,119.76,USD,mobile_wallet,chip_pin,approved,APPROVE,132.83,0.9016035534141383,0,1,0,0,0,1,0,3,133,13,51,18,terminal_customer_network_burst,0.18,0.006908984770856946,0.18
X000029222,2026-02-15 14:05:08,C000252,A0000252,M00248,T00017,South,South,37.68,USD,card_present,magstripe,approved,APPROVE,48.59,0.7754682033340193,0,1,0,0,1,0,0,0,238,13,16,18,terminal_customer_network_burst,0.18,0.014556757592308367,0.18
X000033646,2026-02-15 14:05:09,C000286,A0000286,M00210,T01163,South,South,77.33,USD,ecommerce,3ds,approved,APPROVE,44.64,1.7323028673835126,0,1,0,1,0,0,0,1,137,11,25,18,terminal_customer_network_burst,0.18,0.008649912693392645,0.18
X000222405,2026-02-15 14:05:17,C001812,A0001812,M00342,T00375,Midwest,Midwest,37.57,USD,card_present,magstripe,approved,APPROVE,40.91,0.918357369836226,0,1,0,0,1,0,0,2,287,20,17,18,terminal_customer_network_burst,0.18,0.02984497125913113,0.18
X000068722,2026-02-15 14:06:29,C000583,A0000583,M00270,T00473,South,South,27.16,USD,ecommerce,chip_pin,approved,APPROVE,32.49,0.8359495229301322,0,1,0,1,0,0,0,1,292,18,17,18,terminal_customer_network_burst,0.18,0.014902962097681367,0.18
X000174217,2026-02-15 14:07:09,C001435,A0001435,M00001,T00955,South,South,164.18,USD,ecommerce,3ds,approved,APPROVE,143.1,1.1473095737246681,0,1,0,1,0,0,0,2,296,17,83,18,terminal_customer_network_burst,0.18,0.005859871166274726,0.18
X000143373,2026-02-15 14:07:59,C001181,A0001181,M00652,T00561,West,West,29.38,USD,ecommerce,chip_pin,approved,APPROVE,47.7,0.6159329140461215,0,1,0,1,0,0,0,0,47,8,12,18,terminal_customer_network_burst,0.18,0.004666365276368689,0.18
X000118271,2026-02-15 14:08:05,C000978,A0000978,M00412,T00928,Northeast,Northeast,360.22,USD,mobile_wallet,chip_pin,approved,APPROVE,240.92,1.4951851236925122,0,1,0,0,0,1,0,3,308,23,79,18,terminal_customer_network_burst,0.18,0.01501306614863546,0.18
X000134251,2026-02-15 14:08:09,C001103,A0001103,M00484,T00090,South,South,257.83,USD,ecommerce,wallet_biometric,approved,APPROVE,279.87,0.9212491513917175,0,1,0,1,0,0,0,8,154,11,96,43,customer_velocity;terminal_customer_network_burst,0.43,0.0031181240351441843,0.43
X000049987,2026-02-15 14:08:22,C000418,A0000418,M00036,T01181,Northeast,Northeast,35.51,USD,card_present,3ds,approved,APPROVE,45.05,0.788235294117647,0,1,0,0,0,0,0,1,147,13,17,18,terminal_customer_network_burst,0.18,0.007371121382238881,0.18
X000061793,2026-02-15 14:08:40,C000526,A0000526,M00524,T00033,West,West,294.85,USD,card_present,chip_pin,approved,APPROVE,156.59,1.8829427166485728,0,1,0,0,0,0,0,5,106,10,76,43,customer_velocity;terminal_customer_network_burst,0.43,0.004058114095576175,0.43
X000079521,2026-02-15 14:08:41,C000669,A0000669,M00416,T00451,West,West,18.1,USD,card_present,chip_pin,approved,APPROVE,24.18,0.7485525227460712,0,1,0,0,0,0,0,3,117,11,36,18,terminal_customer_network_burst,0.18,0.004938681159141998,0.18
X000159792,2026-02-15 14:09:48,C001317,A0001317,M00608,T00219,South,South,62.6,USD,card_present,3ds,approved,APPROVE,37.63,1.6635663034812649,0,1,0,0,0,0,0,3,422,20,26,18,terminal_customer_network_burst,0.18,0.024776297018740085,0.18
X000032991,2026-02-15 14:10:22,C000279,A0000279,M00365,T00324,South,South,23.56,USD,card_present,3ds,approved,APPROVE,70.8,0.3327683615819209,0,1,0,0,0,0,0,2,282,24,26,18,terminal_customer_network_burst,0.18,0.015638108884558948,0.18
X000209595,2026-02-15 14:10:25,C001710,A0001710,M00655,T00487,Midwest,Midwest,69.55,USD,card_present,magstripe,approved,APPROVE,109.77,0.6335975220916462,0,1,0,0,1,0,0,4,175,15,46,18,terminal_customer_network_burst,0.18,0.011192279534998677,0.18
X000182336,2026-02-15 14:10:30,C001500,A0001500,M00184,T01155,South,South,181.27,USD,card_present,magstripe,approved,APPROVE,130.54,1.3886165160104185,0,1,0,0,1,0,0,3,284,17,61,18,terminal_customer_network_burst,0.18,0.015138934076794385,0.18
X000184713,2026-02-15 14:10:33,C001521,A0001521,M00074,T00967,South,South,284.62,USD,mobile_wallet,wallet_biometric,approved,APPROVE,233.38,1.2195560887822436,0,1,0,0,0,1,0,4,335,18,65,18,terminal_customer_network_burst,0.18,0.012908380513176169,0.18
X000168094,2026-02-15 14:10:42,C001389,A0001389,M00511,T00366,Midwest,Midwest,58.46,USD,card_present,3ds,approved,APPROVE,53.07,1.1015639721123045,0,1,0,0,0,0,0,1,118,13,34,18,terminal_customer_network_burst,0.18,0.006055498722433548,0.18
X000049429,2026-02-15 14:11:57,C000413,A0000413,M00698,T00516,Northeast,West,67.03,USD,ecommerce,wallet_biometric,approved,APPROVE,97.53,0.6872757100379371,0,1,0,1,0,0,1,3,100,12,0,45,new_customer_terminal_pair;terminal_customer_network_burst;home_region_mismatch,0.45,0.07718868757929329,0.45
X000137462,2026-02-15 14:12:34,C001129,A0001129,M00010,T00620,Northeast,Northeast,35.12,USD,ecommerce,chip_pin,approved,APPROVE,38.16,0.9203354297693921,0,1,0,1,0,0,0,1,121,18,8,18,terminal_customer_network_burst,0.18,0.013602502267443379,0.18
X000139051,2026-02-15 14:13:14,C001145,A0001145,M00706,T00053,Northeast,Northeast,22.03,USD,card_present,magstripe,approved,APPROVE,35.44,0.6216139954853274,0,1,0,0,1,0,0,3,214,16,26,18,terminal_customer_network_burst,0.18,0.016492286267472026,0.18
X000173489,2026-02-15 14:13:52,C001430,A0001430,M00690,T00363,Midwest,Northeast,32.09,USD,mobile_wallet,wallet_biometric,approved,APPROVE,113.63,0.28240781483763094,0,1,0,0,0,1,1,2,226,17,0,45,new_customer_terminal_pair;terminal_customer_network_burst;home_region_mismatch,0.45,0.13297546547995634,0.45
X000052909,2026-02-15 14:13:58,C000446,A0000446,M00181,T01063,South,South,98.83,USD,ecommerce,chip_pin,approved,APPROVE,77.56,1.2742392986075295,0,1,0,1,0,0,0,1,160,21,39,18,terminal_customer_network_burst,0.18,0.012595287820487291,0.18
X000217195,2026-02-15 14:15:00,C001773,A0001773,M00335,T00138,South,South,276.36,USD,card_present,chip_pin,approved,APPROVE,311.99,0.8857976217186448,0,1,0,0,0,0,0,6,286,10,92,43,customer_velocity;terminal_customer_network_burst,0.43,0.003042671735684982,0.43
X000032346,2026-02-15 14:15:31,C000274,A0000274,M00217,T00815,South,South,38.38,USD,card_present,chip_pin,approved,APPROVE,32.71,1.173341485784164,0,1,0,0,0,0,0,3,179,19,27,18,terminal_customer_network_burst,0.18,0.013102434738999087,0.18
X000012994,2026-02-15 14:15:38,C000113,A0000113,M00288,T00279,Northeast,Northeast,53.63,USD,ecommerce,3ds,approved,APPROVE,59.23,0.905453317575553,0,1,0,1,0,0,0,0,195,11,21,18,terminal_customer_network_burst,0.18,0.007054579484068308,0.18
X000104509,2026-02-15 14:15:44,C000879,A0000879,M00276,T01082,Northeast,Northeast,26.77,USD,card_present,3ds,approved,APPROVE,22.68,1.1803350970017636,0,1,0,0,0,0,0,0,267,19,24,18,terminal_customer_network_burst,0.18,0.013472602596137515,0.18
X000031243,2026-02-15 14:16:21,C000264,A0000264,M00381,T00872,West,West,31.04,USD,card_present,wallet_biometric,approved,APPROVE,39.07,0.794471461479396,0,1,0,0,0,0,0,2,33,8,26,18,terminal_customer_network_burst,0.18,0.003931765559252529,0.18
X000197921,2026-02-15 14:16:43,C001623,A0001623,M00192,T00798,South,South,89.17,USD,card_present,chip_pin,approved,APPROVE,107.7,0.8279480037140204,0,1,0,0,0,0,0,2,252,14,71,18,terminal_customer_network_burst,0.18,0.0042693630177111745,0.18
X000180255,2026-02-15 14:16:44,C001481,A0001481,M00604,T01180,Northeast,Northeast,16.95,USD,card_present,3ds,approved,APPROVE,18.39,0.9216965742251223,0,1,0,0,0,0,0,2,231,17,43,18,terminal_customer_network_burst,0.18,0.008269784248192288,0.18
X000070362,2026-02-15 14:17:02,C000597,A0000597,M00718,T00580,South,South,102.53,USD,ecommerce,3ds,approved,APPROVE,149.87,0.6841262427437113,0,1,0,1,0,0,0,3,115,16,62,18,terminal_customer_network_burst,0.18,0.005089456803285198,0.18
X000089686,2026-02-15 14:17:43,C000749,A0000749,M00341,T01190,Midwest,Midwest,64.2,USD,ecommerce,chip_pin,approved,APPROVE,63.34,1.0135775181559836,0,1,0,1,0,0,0,5,131,14,44,43,customer_velocity;terminal_customer_network_burst,0.43,0.007501108970033875,0.43
X000239856,2026-02-15 14:18:54,C001955,A0001955,M00257,T00772,South,South,22.28,USD,card_present,chip_pin,approved,APPROVE,16.49,1.3511218920557917,0,1,0,0,0,0,0,3,401,26,17,18,terminal_customer_network_burst,0.18,0.03776382827477934,0.18
X000142814,2026-02-15 14:19:22,C001176,A0001176,M00640,T00037,Midwest,Midwest,269.9,USD,card_present,3ds,approved,APPROVE,86.99,3.102655477641108,0,1,0,0,0,0,0,4,280,14,47,48,amount_vs_profile;terminal_customer_network_burst,0.48,0.01660827908416966,0.48
X000046831,2026-02-15 14:19:31,C000393,A0000393,M00509,T01064,West,West,238.56,USD,card_present,chip_pin,approved,APPROVE,236.28,1.0096495683087863,0,1,0,0,0,0,0,2,144,12,48,18,terminal_customer_network_burst,0.18,0.00479113553197691,0.18
X000202394,2026-02-15 14:19:43,C001655,A0001655,M00181,T01063,South,South,20.9,USD,card_present,3ds,approved,APPROVE,33.4,0.625748502994012,0,1,0,0,0,0,0,3,161,21,19,18,terminal_customer_network_burst,0.18,0.013666694223174377,0.18
X000013433,2026-02-15 14:19:47,C000115,A0000115,M00615,T01067,Midwest,Midwest,75.82,USD,ecommerce,magstripe,approved,APPROVE,73.53,1.031143750849993,0,1,0,1,1,0,0,11,224,15,79,63,customer_velocity;high_customer_velocity;terminal_customer_network_burst,0.63,0.01327717455436764,0.63
X000094138,2026-02-15 14:20:12,C000788,A0000788,M00402,T00179,South,South,507.8,USD,card_present,chip_pin,approved,APPROVE,267.44,1.8987436434340412,0,1,0,0,0,0,0,2,202,11,36,18,terminal_customer_network_burst,0.18,0.0081581017513141,0.18
X000136111,2026-02-15 14:20:50,C001119,A0001119,M00225,T00294,Midwest,Midwest,173.34,USD,ecommerce,magstripe,approved,APPROVE,78.7,2.202541296060991,0,1,0,1,1,0,0,1,223,11,23,18,terminal_customer_network_burst,0.18,0.021583102761069912,0.18
X000237595,2026-02-15 14:21:34,C001937,A0001937,M00343,T00030,South,West,86.27,USD,mobile_wallet,chip_pin,approved,APPROVE,37.72,2.2871155885471897,0,1,0,0,0,1,1,2,108,14,0,45,new_customer_terminal_pair;terminal_customer_network_burst;home_region_mismatch,0.45,0.17698127415946646,0.45
X000125263,2026-02-15 14:21:36,C001032,A0001032,M00316,T00389,South,South,376.44,USD,card_present,chip_pin,approved,APPROVE,220.63,1.706204958527852,0,1,0,0,0,0,0,9,349,20,113,43,customer_velocity;terminal_customer_network_burst,0.43,0.007934155433570001,0.43
X000091583,2026-02-15 14:21:43,C000768,A0000768,M00716,T00866,West,West,114.81,USD,card_present,chip_pin,approved,APPROVE,66.84,1.7176840215439855,0,1,0,0,0,0,0,0,124,14,22,18,terminal_customer_network_burst,0.18,0.009442847320146193,0.18
X000048113,2026-02-15 14:22:01,C000404,A0000404,M00760,T00148,Midwest,Midwest,242.74,USD,card_present,chip_pin,approved,APPROVE,227.96,1.0648359361291455,0,1,0,0,0,0,0,9,182,14,91,43,customer_velocity;terminal_customer_network_burst,0.43,0.00441177620220414,0.43
X000099852,2026-02-15 14:22:48,C000839,A0000839,M00294,T00731,South,South,23.4,USD,ecommerce,chip_pin,approved,APPROVE,27.92,0.8381088825214899,0,1,0,1,0,0,0,2,218,17,28,18,terminal_customer_network_burst,0.18,0.010986476856652794,0.18
X000213552,2026-02-15 14:22:52,C001743,A0001743,M00054,T00295,West,West,15.23,USD,card_present,wallet_biometric,approved,APPROVE,29.38,0.5183798502382574,0,1,0,0,0,0,0,1,228,12,22,18,terminal_customer_network_burst,0.18,0.006501848721605264,0.18
X000001747,2026-02-15 14:23:12,C000015,A0000015,M00784,T00354,South,South,153.28,USD,mobile_wallet,chip_pin,approved,APPROVE,115.21,1.330440065966496,0,1,0,0,0,1,0,9,316,14,107,43,customer_velocity;terminal_customer_network_burst,0.43,0.006568975424002599,0.43
X000241191,2026-02-15 14:23:32,C001968,A0001968,M00620,T00551,South,South,70.23,USD,card_present,chip_pin,approved,APPROVE,96.5,0.7277720207253886,0,1,0,0,0,0,0,2,201,19,45,18,terminal_customer_network_burst,0.18,0.008244181211261206,0.18
X000058548,2026-02-15 14:24:03,C000496,A0000496,M00067,T00948,South,South,41.5,USD,ecommerce,wallet_biometric,approved,APPROVE,48.44,0.856729975227085,0,1,0,1,0,0,0,2,315,19,22,18,terminal_customer_network_burst,0.18,0.016297117505600964,0.18
X000035845,2026-02-15 14:24:42,C000305,A0000305,M00529,T00187,Midwest,Midwest,51.01,USD,mobile_wallet,3ds,approved,APPROVE,55.57,0.9179413352528342,0,1,0,0,0,1,0,1,103,8,11,18,terminal_customer_network_burst,0.18,0.007771404759438091,0.18
X000026890,2026-02-15 14:25:09,C000231,A0000231,M00687,T00937,Midwest,Midwest,73.31,USD,ecommerce,chip_pin,approved,APPROVE,59.36,1.2350067385444745,0,1,0,1,0,0,0,1,117,15,26,18,terminal_customer_network_burst,0.18,0.00920650077819354,0.18
X000058968,2026-02-15 14:25:30,C000500,A0000500,M00180,T00539,West,West,57.78,USD,ecommerce,wallet_biometric,approved,APPROVE,28.95,1.9958549222797928,0,1,0,1,0,0,0,0,132,8,17,18,terminal_customer_network_burst,0.18,0.00817361381941586,0.18
X000136112,2026-02-15 14:25:39,C001119,A0001119,M00687,T01156,Midwest,Midwest,80.77,USD,card_present,magstripe,approved,APPROVE,78.7,1.0263024142312578,0,1,0,0,1,0,0,2,166,14,27,18,terminal_customer_network_burst,0.18,0.01436005862198044,0.18
X000081337,2026-02-15 14:25:50,C000681,A0000681,M00663,T00502,West,West,228.26,USD,card_present,chip_pin,approved,APPROVE,189.01,1.2076609703190309,0,1,0,0,0,0,0,6,235,10,95,43,customer_velocity;terminal_customer_network_burst,0.43,0.003019507820107186,0.43
X000157850,2026-02-15 14:26:14,C001297,A0001297,M00253,T01072,South,South,33.45,USD,card_present,chip_pin,approved,APPROVE,59.03,0.5666610198204304,0,1,0,0,0,0,0,0,214,14,17,18,terminal_customer_network_burst,0.18,0.0076912144902265955,0.18
X000010716,2026-02-15 14:26:24,C000097,A0000097,M00556,T00589,South,South,22.97,USD,mobile_wallet,3ds,approved,APPROVE,38.21,0.6011515310128238,0,1,0,0,0,1,0,1,357,19,29,18,terminal_customer_network_burst,0.18,0.0171635457799488,0.18
X000001748,2026-02-15 14:26:27,C000015,A0000015,M00784,T00354,South,South,98.1,USD,card_present,3ds,approved,APPROVE,115.21,0.8514885860602378,0,1,0,0,0,0,0,10,317,14,108,63,customer_velocity;high_customer_velocity;terminal_customer_network_burst,0.63,0.004054896095456056,0.63
X000216107,2026-02-15 14:27:07,C001765,A0001765,M00779,T00146,South,South,34.16,USD,card_present,chip_pin,approved,APPROVE,57.88,0.5901865929509329,0,1,0,0,0,0,0,7,442,18,52,43,customer_velocity;terminal_customer_network_burst,0.43,0.012305097942350388,0.43
X000204639,2026-02-15 14:28:17,C001670,A0001670,M00007,T00210,South,South,42.8,USD,card_present,chip_pin,approved,APPROVE,43.99,0.972948397363037,0,1,0,0,0,0,0,0,240,12,21,18,terminal_customer_network_burst,0.18,0.007544931020959486,0.18
X000063564,2026-02-15 14:28:20,C000540,A0000540,M00620,T00585,South,South,28.66,USD,card_present,chip_pin,approved,APPROVE,50.16,0.5713716108452951,0,1,0,0,0,0,0,2,240,14,20,18,terminal_customer_network_burst,0.18,0.008498433133137542,0.18
X000218511,2026-02-15 14:28:38,C001785,A0001785,M00486,T00714,South,South,44.41,USD,ecommerce,chip_pin,approved,APPROVE,44.84,0.9904103479036573,0,1,0,1,0,0,0,1,302,19,21,18,terminal_customer_network_burst,0.18,0.016171640883771033,0.18
X000019057,2026-02-15 14:29:23,C000164,A0000164,M00426,T00315,West,West,63.64,USD,card_present,chip_pin,approved,APPROVE,40.49,1.5717461101506545,0,1,0,0,0,0,0,5,34,6,15,25,customer_velocity,0.25,0.0063071191462901145,0.25
X000172252,2026-02-15 14:30:48,C001420,A0001420,M00020,T00130,South,South,71.51,USD,ecommerce,3ds,approved,APPROVE,88.1,0.8116912599318957,0,1,0,1,0,0,0,2,314,21,47,18,terminal_customer_network_burst,0.18,0.012532114528000715,0.18
X000243188,2026-02-15 14:32:59,C001984,A0001984,M00276,T01082,Northeast,Northeast,48.77,USD,ecommerce,chip_pin,approved,APPROVE,39.31,1.2406512337827524,0,1,0,1,0,0,0,4,268,19,13,18,terminal_customer_network_burst,0.18,0.022242816088038252,0.18
X000187974,2026-02-15 14:33:06,C001543,A0001543,M00211,T00509,Midwest,Midwest,204.1,USD,ecommerce,chip_pin,approved,APPROVE,217.69,0.9375717763792549,0,1,0,1,0,0,0,6,279,19,92,43,customer_velocity;terminal_customer_network_burst,0.43,0.006551441445546431,0.43
X000130955,2026-02-15 14:33:07,C001077,A0001077,M00784,T00756,South,South,43.85,USD,card_present,chip_pin,approved,APPROVE,41.55,1.055354993983153,0,1,0,0,0,0,0,2,310,19,44,18,terminal_customer_network_burst,0.18,0.01117055413080507,0.18
X000016383,2026-02-15 14:33:36,C000138,A0000138,M00379,T01176,South,South,79.39,USD,card_present,chip_pin,approved,APPROVE,46.62,1.702917202917203,0,1,0,0,0,0,0,1,286,19,13,18,terminal_customer_network_burst,0.18,0.020965656793258628,0.18
X000219880,2026-02-15 14:33:44,C001796,A0001796,M00478,T00667,Midwest,Midwest,34.95,USD,mobile_wallet,chip_pin,approved,APPROVE,29.05,1.2030981067125646,0,1,0,0,0,1,0,5,280,18,49,43,customer_velocity;terminal_customer_network_burst,0.43,0.01594243072364443,0.43
X000148053,2026-02-15 14:34:07,C001222,A0001222,M00288,T00279,Northeast,Northeast,69.1,USD,card_present,3ds,approved,APPROVE,66.25,1.0430188679245282,0,1,0,0,0,0,0,2,196,11,32,18,terminal_customer_network_burst,0.18,0.006284170913554071,0.18
X000092692,2026-02-15 14:34:44,C000776,A0000776,M00110,T00096,South,South,29.1,USD,mobile_wallet,wallet_biometric,approved,APPROVE,87.14,0.3339453752582052,0,1,0,0,0,1,0,2,306,17,33,18,terminal_customer_network_burst,0.18,0.012330822571305598,0.18
X000134252,2026-02-15 14:35:19,C001103,A0001103,M00484,T00090,South,South,405.26,USD,ecommerce,3ds,approved,APPROVE,279.87,1.4480294422410405,0,1,0,1,0,0,0,8,155,11,97,43,customer_velocity;terminal_customer_network_burst,0.43,0.003733555300987567,0.43
X000032526,2026-02-15 14:35:36,C000275,A0000275,M00110,T00096,South,South,34.41,USD,ecommerce,3ds,approved,APPROVE,60.84,0.5655818540433925,0,1,0,1,0,0,0,1,307,17,51,18,terminal_customer_network_burst,0.18,0.007547547920170921,0.18
X000018001,2026-02-15 14:35:45,C000153,A0000153,M00461,T00958,West,West,77.31,USD,card_present,wallet_biometric,approved,APPROVE,51.46,1.5023319082782745,0,1,0,0,0,0,0,1,114,11,22,18,terminal_customer_network_burst,0.18,0.007276255590664696,0.18
X000018909,2026-02-15 14:36:00,C000162,A0000162,M00510,T00280,West,West,31.83,USD,ecommerce,magstripe,approved,APPROVE,36.01,0.883921133018606,0,1,0,1,1,0,0,1,101,12,15,18,terminal_customer_network_burst,0.18,0.013492133955045468,0.18
X000123666,2026-02-15 14:36:07,C001023,A0001023,M00499,T00391,Northeast,Northeast,209.45,USD,ecommerce,3ds,approved,APPROVE,96.87,2.162176112315474,0,1,0,1,0,0,0,7,130,8,93,43,customer_velocity;terminal_customer_network_burst,0.43,0.003790935517476377,0.43
X000022103,2026-02-15 14:36:08,C000190,A0000190,M00417,T00117,South,South,37.08,USD,card_present,chip_pin,approved,APPROVE,26.82,1.3825503355704698,0,1,0,0,0,0,0,2,265,12,28,18,terminal_customer_network_burst,0.18,0.009070587775867731,0.18
X000036579,2026-02-15 14:36:33,C000313,A0000313,M00650,T01097,Midwest,Midwest,33.47,USD,card_present,chip_pin,approved,APPROVE,33.59,0.9964275081869602,0,1,0,0,0,0,0,0,168,14,17,18,terminal_customer_network_burst,0.18,0.008388543100336184,0.18
X000048832,2026-02-15 14:36:36,C000409,A0000409,M00091,T00954,Midwest,Midwest,18.66,USD,card_present,chip_pin,approved,APPROVE,44.57,0.4186672649764416,0,1,0,0,0,0,0,2,344,14,32,18,terminal_customer_network_burst,0.18,0.007816139717622106,0.18
X000205986,2026-02-15 14:37:07,C001680,A0001680,M00153,T00753,South,South,381.49,USD,mobile_wallet,3ds,approved,APPROVE,155.53,2.452838680640391,0,1,0,0,0,1,0,1,369,19,31,18,terminal_customer_network_burst,0.18,0.03308117953535594,0.18
X000141520,2026-02-15 14:37:14,C001165,A0001165,M00033,T00919,West,West,109.1,USD,ecommerce,3ds,approved,APPROVE,51.53,2.117213273821075,0,1,0,1,0,0,0,2,25,9,17,18,terminal_customer_network_burst,0.18,0.00865494150207814,0.18
X000194967,2026-02-15 14:37:52,C001602,A0001602,M00187,T00256,South,South,75.35,USD,mobile_wallet,wallet_biometric,approved,APPROVE,87.97,0.8565420029555529,0,1,0,0,0,1,0,1,262,23,71,18,terminal_customer_network_burst,0.18,0.01130581546127859,0.18
X000139327,2026-02-15 14:39:19,C001148,A0001148,M00377,T00663,Midwest,Midwest,134.0,USD,mobile_wallet,chip_pin,approved,APPROVE,81.06,1.6530964717493215,0,1,0,0,0,1,0,3,139,12,27,18,terminal_customer_network_burst,0.18,0.012437605842327068,0.18
X000194968,2026-02-15 14:39:53,C001602,A0001602,M00542,T00201,South,South,117.15,USD,mobile_wallet,chip_pin,approved,APPROVE,87.97,1.33170398999659,0,1,0,0,0,1,0,2,231,16,68,18,terminal_customer_network_burst,0.18,0.00851405742605562,0.18
X000173353,2026-02-15 14:40:00,C001429,A0001429,M00342,T00375,Midwest,Midwest,36.42,USD,card_present,3ds,approved,APPROVE,67.28,0.5413198573127229,0,1,0,0,0,0,0,4,288,20,50,18,terminal_customer_network_burst,0.18,0.009724786600312159,0.18
X000100671,2026-02-15 14:40:01,C000847,A0000847,M00615,T00704,Midwest,Midwest,17.06,USD,ecommerce,3ds,approved,APPROVE,28.04,0.608416547788873,0,1,0,1,0,0,0,0,119,6,12,0,,0.0,0.004494535359063215,0.004494535359063215
X000016965,2026-02-15 14:40:09,C000144,A0000144,M00409,T00444,Northeast,Northeast,66.09,USD,card_present,chip_pin,approved,APPROVE,35.96,1.8378754171301446,0,1,0,0,0,0,0,0,150,12,19,18,terminal_customer_network_burst,0.18,0.00930741315763361,0.18
X000035639,2026-02-15 14:40:12,C000302,A0000302,M00454,T00284,West,West,31.57,USD,mobile_wallet,chip_pin,approved,APPROVE,37.04,0.8523218142548596,0,1,0,0,0,1,0,4,145,16,19,18,terminal_customer_network_burst,0.18,0.01494599148863767,0.18
X000060035,2026-02-15 14:40:18,C000511,A0000511,M00569,T00983,South,South,102.55,USD,ecommerce,3ds,approved,APPROVE,42.14,2.4335548172757475,0,1,0,1,0,0,0,1,159,9,15,18,terminal_customer_network_burst,0.18,0.011698111410136608,0.18
X000111607,2026-02-15 14:40:19,C000931,A0000931,M00676,T00051,Midwest,Midwest,94.8,USD,ecommerce,chip_pin,approved,APPROVE,116.51,0.8136640631705433,0,1,0,1,0,0,0,2,326,16,61,18,terminal_customer_network_burst,0.18,0.007130467318838668,0.18
X000152574,2026-02-15 14:40:34,C001254,A0001254,M00529,T00187,Midwest,Midwest,34.54,USD,ecommerce,magstripe,approved,APPROVE,80.23,0.43051227720304125,0,1,0,1,1,0,0,2,104,8,24,18,terminal_customer_network_burst,0.18,0.007856242888855017,0.18
X000142090,2026-02-15 14:40:45,C001171,A0001171,M00064,T00627,South,Midwest,113.57,USD,mobile_wallet,chip_pin,approved,APPROVE,107.06,1.0608070240986363,0,1,0,0,0,1,1,1,159,16,0,45,new_customer_terminal_pair;terminal_customer_network_burst;home_region_mismatch,0.45,0.13974043943360206,0.45
X000113787,2026-02-15 14:40:51,C000947,A0000947,M00693,T01048,South,South,105.09,USD,card_present,wallet_biometric,approved,APPROVE,64.03,1.6412619084803999,0,1,0,0,0,0,0,3,186,13,41,18,terminal_customer_network_burst,0.18,0.00816314938524767,0.18
X000125979,2026-02-15 14:41:14,C001038,A0001038,M00585,T00052,Midwest,Midwest,51.42,USD,card_present,wallet_biometric,approved,APPROVE,44.44,1.157065706570657,0,1,0,0,0,0,0,0,238,17,12,18,terminal_customer_network_burst,0.18,0.01332716535259209,0.18
X000150821,2026-02-15 14:41:15,C001240,A0001240,M00190,T00615,West,West,990.13,USD,card_present,chip_pin,approved,APPROVE,285.64,3.466356252625683,0,1,0,0,0,0,0,2,95,11,47,48,amount_vs_profile;terminal_customer_network_burst,0.48,0.010346385006207376,0.48
X000105719,2026-02-15 14:42:08,C000888,A0000888,M00251,T00069,West,West,110.06,USD,card_present,magstripe,approved,APPROVE,86.91,1.2663675066160396,0,1,0,0,1,0,0,2,118,11,32,18,terminal_customer_network_burst,0.18,0.010833727384436763,0.18
X000029943,2026-02-15 14:42:10,C000256,A0000256,M00180,T01184,West,West,46.43,USD,card_present,chip_pin,approved,APPROVE,25.82,1.7982184353214563,0,1,0,0,0,0,0,3,88,11,24,18,terminal_customer_network_burst,0.18,0.008387755579892334,0.18
X000014966,2026-02-15 14:42:19,C000126,A0000126,M00378,T00730,South,South,252.42,USD,card_present,chip_pin,approved,APPROVE,131.27,1.9229069856021936,0,1,0,0,0,0,0,8,190,17,59,43,customer_velocity;terminal_customer_network_burst,0.43,0.0119442066282271,0.43
X000174218,2026-02-15 14:42:34,C001435,A0001435,M00398,T00960,South,South,184.25,USD,ecommerce,wallet_biometric,approved,APPROVE,143.1,1.2875611460517122,0,1,0,1,0,0,0,3,166,16,79,18,terminal_customer_network_burst,0.18,0.005264442517176267,0.18
X000221776,2026-02-15 14:45:04,C001806,A0001806,M00798,T00402,Northeast,Northeast,100.63,USD,card_present,wallet_biometric,approved,APPROVE,336.93,0.2986673789807972,0,1,0,0,0,0,0,4,264,15,59,18,terminal_customer_network_burst,0.18,0.005167357070704028,0.18
X000174496,2026-02-15 14:45:35,C001437,A0001437,M00323,T00655,South,South,37.19,USD,card_present,chip_pin,approved,APPROVE,41.33,0.8998306315025405,0,1,0,0,0,0,0,0,85,10,20,18,terminal_customer_network_burst,0.18,0.005072737852613394,0.18
X000144072,2026-02-15 14:46:40,C001186,A0001186,M00029,T00167,South,South,222.03,USD,ecommerce,chip_pin,approved,APPROVE,248.53,0.8933730334366072,0,1,0,1,0,0,0,8,261,18,88,43,customer_velocity;terminal_customer_network_burst,0.43,0.0068933253722854625,0.43
X000085633,2026-02-15 14:46:45,C000716,A0000716,M00216,T00994,West,West,29.47,USD,mobile_wallet,wallet_biometric,approved,APPROVE,32.26,0.9135151890886547,0,1,0,0,0,1,0,1,115,13,22,18,terminal_customer_network_burst,0.18,0.009575348689705332,0.18
X000179746,2026-02-15 14:46:46,C001478,A0001478,M00156,T00380,West,West,83.85,USD,card_present,3ds,approved,APPROVE,45.51,1.8424522083058668,0,1,0,0,0,0,0,0,5,5,0,15,new_customer_terminal_pair,0.15,0.006026166145274341,0.15
X000008883,2026-02-15 14:46:50,C000080,A0000080,M00770,T00870,Midwest,Midwest,77.54,USD,card_present,chip_pin,approved,APPROVE,37.97,2.042138530418752,0,1,0,0,0,0,0,1,138,9,28,18,terminal_customer_network_burst,0.18,0.0072426837907788675,0.18
X000244531,2026-02-15 14:47:46,C001993,A0001993,M00073,T00757,South,South,11.11,USD,card_present,magstripe,approved,APPROVE,38.36,0.28962460896767467,0,1,0,0,1,0,0,1,318,20,30,18,terminal_customer_network_burst,0.18,0.01937164837774802,0.18
X000188649,2026-02-15 14:48:02,C001549,A0001549,M00416,T00451,West,West,224.12,USD,card_present,3ds,approved,APPROVE,153.09,1.4639754392840814,0,1,0,0,0,0,0,6,118,11,62,43,customer_velocity;terminal_customer_network_burst,0.43,0.005008321042253152,0.43
X000096444,2026-02-15 14:48:03,C000806,A0000806,M00184,T00927,South,South,72.34,USD,card_present,chip_pin,approved,APPROVE,78.97,0.9160440673673548,0,1,0,0,0,0,0,3,386,20,43,18,terminal_customer_network_burst,0.18,0.013730598135275562,0.18
X000204843,2026-02-15 14:48:29,C001672,A0001672,M00503,T00131,West,West,60.68,USD,card_present,chip_pin,approved,APPROVE,89.42,0.6785953925296354,0,1,0,0,0,0,0,1,123,15,18,18,terminal_customer_network_burst,0.18,0.007770928548571655,0.18
X000006217,2026-02-15 14:48:39,C000056,A0000056,M00074,T00967,South,South,117.94,USD,card_present,3ds,approved,APPROVE,99.33,1.187355280378536,0,1,0,0,0,0,0,3,336,18,70,18,terminal_customer_network_burst,0.18,0.007958312787255992,0.18
X000022104,2026-02-15 14:48:40,C000190,A0000190,M00487,T00332,South,South,16.34,USD,card_present,wallet_biometric,approved,APPROVE,26.82,0.6092468307233407,0,1,0,0,0,0,0,3,188,13,31,18,terminal_customer_network_burst,0.18,0.006556384743646149,0.18
X000176809,2026-02-15 14:48:42,C001457,A0001457,M00255,T00742,Midwest,West,13.42,USD,card_present,3ds,approved,APPROVE,23.47,0.5717937792927141,0,1,0,0,0,0,1,2,80,17,0,45,new_customer_terminal_pair;terminal_customer_network_burst;home_region_mismatch,0.45,0.08775558062005695,0.45
X000020642,2026-02-15 14:49:08,C000179,A0000179,M00283,T01004,Northeast,Northeast,99.31,USD,ecommerce,magstripe,approved,APPROVE,52.04,1.9083397386625673,0,1,0,1,1,0,0,3,187,10,23,18,terminal_customer_network_burst,0.18,0.01895379921923603,0.18
X000001993,2026-02-15 14:49:12,C000017,A0000017,M00517,T01092,Midwest,Midwest,16.63,USD,ecommerce,3ds,approved,APPROVE,41.92,0.39670801526717553,0,1,0,1,0,0,0,2,217,16,18,18,terminal_customer_network_burst,0.18,0.01014700119462881,0.18
X000042090,2026-02-15 14:49:26,C000356,A0000356,M00588,T00221,West,West,45.29,USD,mobile_wallet,wallet_biometric,approved,APPROVE,126.06,0.35927336189116293,0,1,0,0,0,1,0,4,92,7,43,0,,0.0,0.00409414960436638,0.00409414960436638
X000067215,2026-02-15 14:49:31,C000570,A0000570,M00150,T00526,South,South,30.63,USD,card_present,wallet_biometric,approved,APPROVE,39.87,0.7682468021068473,0,1,0,0,0,0,0,1,142,13,36,18,terminal_customer_network_burst,0.18,0.005386996366552246,0.18
X000090217,2026-02-15 14:49:38,C000754,A0000754,M00219,T00102,Northeast,Northeast,53.22,USD,card_present,3ds,approved,APPROVE,47.26,1.1261108760050784,0,1,0,0,0,0,0,0,151,18,13,18,terminal_customer_network_burst,0.18,0.012203801376048259,0.18
X000230718,2026-02-15 14:49:39,C001881,A0001881,M00193,T00346,West,West,161.31,USD,card_present,chip_pin,approved,APPROVE,70.14,2.2998289136013685,0,1,0,0,0,0,0,4,164,15,32,18,terminal_customer_network_burst,0.18,0.014088603976393718,0.18
X000231736,2026-02-15 14:49:42,C001890,A0001890,M00181,T00177,Midwest,South,168.85,USD,card_present,3ds,approved,APPROVE,138.95,1.2151853184598778,0,1,0,0,0,0,1,0,141,16,0,45,new_customer_terminal_pair;terminal_customer_network_burst;home_region_mismatch,0.45,0.10087285274002546,0.45
X000156787,2026-02-15 14:49:52,C001289,A0001289,M00588,T01164,West,West,206.78,USD,ecommerce,wallet_biometric,approved,APPROVE,454.02,0.4554424915201974,0,1,0,1,0,0,0,5,128,12,62,43,customer_velocity;terminal_customer_network_burst,0.43,0.0039581478787675635,0.43
X000093876,2026-02-15 14:50:00,C000786,A0000786,M00511,T00501,Midwest,Midwest,119.33,USD,card_present,chip_pin,approved,APPROVE,167.98,0.7103821883557566,0,1,0,0,0,0,0,11,184,16,67,63,customer_velocity;high_customer_velocity;terminal_customer_network_burst,0.63,0.007283063886427869,0.63
X000140528,2026-02-15 14:50:16,C001156,A0001156,M00159,T01088,Northeast,Northeast,145.69,USD,mobile_wallet,chip_pin,soft_decline,CHALLENGE,72.95,1.9971213159698422,0,1,1,0,0,1,0,3,57,7,20,8,authentication_soft_decline,0.08,0.04028477026923556,0.08
X000049918,2026-02-15 14:50:33,C000417,A0000417,M00514,T00978,West,West,86.78,USD,card_present,wallet_biometric,approved,APPROVE,41.49,2.091588334538443,0,1,0,0,0,0,0,4,112,10,50,18,terminal_customer_network_burst,0.18,0.006316555771997673,0.18
X000204101,2026-02-15 14:50:50,C001667,A0001667,M00645,T00905,South,South,189.65,USD,card_present,magstripe,approved,APPROVE,187.97,1.0089375964249614,0,1,0,0,1,0,0,4,390,21,84,18,terminal_customer_network_burst,0.18,0.015253660556098406,0.18
X000076737,2026-02-15 14:50:56,C000645,A0000645,M00634,T01016,Northeast,Northeast,93.57,USD,ecommerce,magstripe,approved,APPROVE,32.93,2.8414819313695716,0,1,0,1,1,0,0,2,210,17,19,18,terminal_customer_network_burst,0.18,0.04562255205624669,0.18
X000096832,2026-02-15 14:50:56,C000810,A0000810,M00327,T00251,South,South,168.96,USD,card_present,chip_pin,approved,APPROVE,132.67,1.2735358408080202,0,1,0,0,0,0,0,4,164,15,29,18,terminal_customer_network_burst,0.18,0.010144000182560302,0.18
X000014967,2026-02-15 14:51:11,C000126,A0000126,M00054,T00545,South,West,257.84,USD,mobile_wallet,wallet_biometric,approved,APPROVE,131.27,1.9641959320484494,0,1,0,0,0,1,1,9,168,9,0,70,customer_velocity;new_customer_terminal_pair;terminal_customer_network_burst;home_region_mismatch,0.7,0.17363330402913885,0.7
X000120769,2026-02-15 14:51:46,C001003,A0001003,M00382,T00976,Midwest,Midwest,37.59,USD,ecommerce,chip_pin,approved,APPROVE,103.03,0.3648451907211492,0,1,0,1,0,0,0,4,81,9,28,18,terminal_customer_network_burst,0.18,0.004630124406905661,0.18
X000171375,2026-02-15 14:52:49,C001412,A0001412,M00240,T00605,Midwest,Midwest,17.92,USD,card_present,chip_pin,approved,APPROVE,62.79,0.2853957636566333,0,1,0,0,0,0,0,4,228,15,40,18,terminal_customer_network_burst,0.18,0.006556229687836341,0.18
X000114998,2026-02-15 14:52:54,C000956,A0000956,M00566,T00310,West,West,124.04,USD,ecommerce,chip_pin,approved,APPROVE,222.07,0.5585626153915433,0,1,0,1,0,0,0,4,70,7,43,0,,0.0,0.003334566580874571,0.003334566580874571
X000029083,2026-02-15 14:53:09,C000250,A0000250,M00482,T01158,West,West,72.3,USD,card_present,chip_pin,approved,APPROVE,60.11,1.2027948760605556,0,1,0,0,0,0,0,2,109,11,29,18,terminal_customer_network_burst,0.18,0.006106634744474808,0.18
X000163552,2026-02-15 14:53:18,C001348,A0001348,M00099,T00459,South,South,60.21,USD,mobile_wallet,chip_pin,approved,APPROVE,58.02,1.0377456049638056,0,1,0,0,0,1,0,4,204,19,74,18,terminal_customer_network_burst,0.18,0.009222063122756577,0.18
X000182937,2026-02-15 14:54:15,C001504,A0001504,M00248,T00017,South,South,102.59,USD,card_present,chip_pin,approved,APPROVE,56.82,1.8055262231608589,0,1,0,0,0,0,0,2,239,13,28,18,terminal_customer_network_burst,0.18,0.010943429849948968,0.18
X000149869,2026-02-15 14:54:23,C001234,A0001234,M00786,T00776,Northeast,Northeast,127.94,USD,ecommerce,chip_pin,approved,APPROVE,62.77,2.0382348255536082,0,1,0,1,0,0,0,0,157,11,18,18,terminal_customer_network_burst,0.18,0.010567103969280112,0.18
X000172360,2026-02-15 14:54:24,C001421,A0001421,M00602,T00692,Northeast,Northeast,139.65,USD,card_present,chip_pin,approved,APPROVE,270.74,0.5158085247839256,0,1,0,0,0,0,0,3,187,9,16,18,terminal_customer_network_burst,0.18,0.005977984712831728,0.18
X000110750,2026-02-15 14:54:26,C000924,A0000924,M00399,T01051,West,West,364.57,USD,mobile_wallet,3ds,approved,APPROVE,329.64,1.10596408202888,0,1,0,0,0,1,0,6,90,13,56,43,customer_velocity;terminal_customer_network_burst,0.43,0.007542904455311822,0.43
X000029725,2026-02-15 14:54:33,C000254,A0000254,M00139,T00632,Northeast,Northeast,274.33,USD,ecommerce,chip_pin,approved,APPROVE,244.89,1.1202172403936461,0,1,0,1,0,0,0,2,204,9,96,18,terminal_customer_network_burst,0.18,0.002282026651293258,0.18
X000197698,2026-02-15 14:54:57,C001622,A0001622,M00074,T00967,South,South,47.47,USD,card_present,chip_pin,approved,APPROVE,57.93,0.8194372518556878,0,1,0,0,0,0,0,0,337,18,27,18,terminal_customer_network_burst,0.18,0.011668865363530314,0.18
X000083369,2026-02-15 14:55:41,C000696,A0000696,M00691,T01123,Northeast,Northeast,146.31,USD,card_present,3ds,approved,APPROVE,156.98,0.9320295579054657,0,1,0,0,0,0,0,5,166,12,68,43,customer_velocity;terminal_customer_network_burst,0.43,0.004118541083138791,0.43
X000148742,2026-02-15 14:55:56,C001225,A0001225,M00507,T00488,South,South,121.96,USD,mobile_wallet,chip_pin,approved,APPROVE,171.02,0.7131329669044555,0,1,0,0,0,1,0,5,254,12,112,43,customer_velocity;terminal_customer_network_burst,0.43,0.003074548846425809,0.43
X000116826,2026-02-15 14:56:01,C000969,A0000969,M00434,T00133,South,South,188.31,USD,ecommerce,chip_pin,approved,APPROVE,222.91,0.8447804046476156,0,1,0,1,0,0,0,0,313,16,26,18,terminal_customer_network_burst,0.18,0.011015110817683327,0.18
X000219625,2026-02-15 14:56:16,C001794,A0001794,M00701,T00740,West,West,66.57,USD,card_present,3ds,approved,APPROVE,40.1,1.6600997506234412,0,1,0,0,0,0,0,0,97,11,15,18,terminal_customer_network_burst,0.18,0.007953643324214329,0.18
X000044879,2026-02-15 14:56:21,C000378,A0000378,M00295,T00163,South,South,190.8,USD,card_present,3ds,approved,APPROVE,165.46,1.153148797292397,0,1,0,0,0,0,0,7,348,18,43,43,customer_velocity;terminal_customer_network_burst,0.43,0.015053444581566119,0.43
X000102424,2026-02-15 14:58:00,C000861,A0000861,M00335,T00138,South,South,94.95,USD,card_present,3ds,approved,APPROVE,192.95,0.4920963980305779,0,1,0,0,0,0,0,0,287,10,21,18,terminal_customer_network_burst,0.18,0.005875184489798408,0.18
X000142635,2026-02-15 14:58:25,C001175,A0001175,M00600,T00407,South,South,18.7,USD,card_present,magstripe,approved,APPROVE,49.84,0.3752006420545746,0,1,0,0,1,0,0,5,257,15,24,43,customer_velocity;terminal_customer_network_burst,0.43,0.017148440961929037,0.43
X000148364,2026-02-15 14:59:10,C001224,A0001224,M00276,T00213,Northeast,Northeast,105.7,USD,ecommerce,chip_pin,approved,APPROVE,153.7,0.6877033181522447,0,1,0,1,0,0,0,3,157,11,57,18,terminal_customer_network_burst,0.18,0.004081626961376766,0.18
X000011842,2026-02-15 14:59:14,C000104,A0000104,M00382,T00436,Midwest,Midwest,171.72,USD,mobile_wallet,3ds,approved,APPROVE,150.27,1.1427430624875223,0,1,0,0,0,1,0,2,82,14,47,18,terminal_customer_network_burst,0.18,0.007582467873477978,0.18
X000067593,2026-02-15 14:59:26,C000572,A0000572,M00283,T01004,Northeast,Northeast,59.4,USD,ecommerce,chip_pin,approved,APPROVE,49.96,1.1889511609287429,0,1,0,1,0,0,0,2,188,10,23,18,terminal_customer_network_burst,0.18,0.007750463000204913,0.18
X000058648,2026-02-15 14:59:57,C000497,A0000497,M00032,T00431,West,West,114.4,USD,card_present,wallet_biometric,approved,APPROVE,55.66,2.0553359683794468,0,1,0,0,0,0,0,1,57,12,26,18,terminal_customer_network_burst,0.18,0.008247193050514455,0.18
X000155960,2026-02-15 14:59:58,C001283,A0001283,M00760,T00148,Midwest,Midwest,135.81,USD,ecommerce,chip_pin,approved,APPROVE,278.26,0.48806871271472724,0,1,0,1,0,0,0,6,183,14,50,43,customer_velocity;terminal_customer_network_burst,0.43,0.0064275537027752745,0.43
X000169668,2026-02-15 14:59:59,C001400,A0001400,M00378,T01196,South,South,455.14,USD,ecommerce,chip_pin,approved,APPROVE,210.06,2.1667142721127295,0,1,0,1,0,0,0,4,174,10,77,18,terminal_customer_network_burst,0.18,0.005168486369292139,0.18
X000145715,2026-02-15 15:00:00,C001200,A0001200,M00276,T00665,Northeast,Northeast,176.56,USD,mobile_wallet,chip_pin,approved,APPROVE,166.29,1.0617595766432137,0,1,0,0,0,1,0,1,151,11,22,18,terminal_customer_network_burst,0.18,0.009239300695874425,0.18
X000107630,2026-02-15 15:00:05,C000900,A0000900,M00414,T00189,Midwest,Midwest,163.54,USD,card_present,chip_pin,approved,APPROVE,159.85,1.0230841413825462,0,1,0,0,0,0,0,5,376,21,110,43,customer_velocity;terminal_customer_network_burst,0.43,0.005880498212199214,0.43
X000146837,2026-02-15 15:00:25,C001210,A0001210,M00789,T00268,Midwest,Midwest,110.15,USD,card_present,chip_pin,approved,APPROVE,138.79,0.7936450752936092,0,1,0,0,0,0,0,6,151,16,82,43,customer_velocity;terminal_customer_network_burst,0.43,0.004332876084125884,0.43
X000051623,2026-02-15 15:00:50,C000436,A0000436,M00435,T00513,Midwest,Midwest,21.22,USD,ecommerce,magstripe,approved,APPROVE,54.38,0.3902169915410077,0,1,0,1,1,0,0,3,164,14,29,18,terminal_customer_network_burst,0.18,0.012801628232629331,0.18
X000089521,2026-02-15 15:00:54,C000748,A0000748,M00791,T00304,South,South,289.21,USD,mobile_wallet,3ds,approved,APPROVE,224.36,1.2890443929399178,0,1,0,0,0,1,0,4,358,19,83,18,terminal_customer_network_burst,0.18,0.011135004560928367,0.18
X000135500,2026-02-15 15:01:46,C001112,A0001112,M00771,T00411,South,South,31.39,USD,card_present,wallet_biometric,approved,APPROVE,28.64,1.0960195530726258,0,1,0,0,0,0,0,2,121,16,33,18,terminal_customer_network_burst,0.18,0.008090769137018325,0.18
X000065073,2026-02-15 15:01:48,C000551,A0000551,M00745,T00344,Northeast,Northeast,233.95,USD,mobile_wallet,magstripe,approved,APPROVE,293.22,0.7978650842370915,0,1,0,0,1,1,0,2,130,12,36,18,terminal_customer_network_burst,0.18,0.013224463188520564,0.18
X000094464,2026-02-15 15:02:04,C000789,A0000789,M00445,T00086,Northeast,Northeast,320.72,USD,card_present,chip_pin,approved,APPROVE,111.23,2.8833947675986695,0,1,0,0,0,0,0,8,292,20,84,43,customer_velocity;terminal_customer_network_burst,0.43,0.016692171912626664,0.43
X000096445,2026-02-15 15:02:34,C000806,A0000806,M00077,T00306,South,South,66.81,USD,card_present,magstripe,approved,APPROVE,78.97,0.8460174749905027,0,1,0,0,1,0,0,4,287,17,42,18,terminal_customer_network_burst,0.18,0.017669241912183296,0.18
X000218512,2026-02-15 15:02:37,C001785,A0001785,M00526,T00055,South,South,74.07,USD,ecommerce,3ds,approved,APPROVE,44.84,1.651873327386262,0,1,0,1,0,0,0,2,154,16,19,18,terminal_customer_network_burst,0.18,0.014349092634038932,0.18
X000176676,2026-02-15 15:02:42,C001456,A0001456,M00394,T00922,South,South,23.66,USD,ecommerce,wallet_biometric,approved,APPROVE,28.56,0.8284313725490197,0,1,0,1,0,0,0,1,354,22,16,18,terminal_customer_network_burst,0.18,0.022146008096117484,0.18
X000161347,2026-02-15 15:02:47,C001331,A0001331,M00321,T00416,Midwest,Midwest,36.41,USD,ecommerce,wallet_biometric,approved,APPROVE,34.02,1.0702527924750145,0,1,0,1,0,0,0,3,184,9,57,18,terminal_customer_network_burst,0.18,0.004233393492046019,0.18
X000128591,2026-02-15 15:02:55,C001058,A0001058,M00675,T00834,Midwest,Midwest,79.95,USD,mobile_wallet,chip_pin,approved,APPROVE,41.97,1.9049320943531094,0,1,0,0,0,1,0,5,129,14,36,43,customer_velocity;terminal_customer_network_burst,0.43,0.014974193068147757,0.43
X000058969,2026-02-15 15:03:43,C000500,A0000500,M00180,T00539,West,West,35.06,USD,card_present,chip_pin,approved,APPROVE,28.95,1.2110535405872194,0,1,0,0,0,0,0,1,133,8,18,18,terminal_customer_network_burst,0.18,0.005758478040034343,0.18
X000040447,2026-02-15 15:03:45,C000343,A0000343,M00645,T00905,South,South,39.26,USD,card_present,chip_pin,approved,APPROVE,51.15,0.7675464320625611,0,1,0,0,0,0,0,1,391,21,18,18,terminal_customer_network_burst,0.18,0.018732593559124922,0.18
X000078396,2026-02-15 15:04:00,C000659,A0000659,M00253,T01072,South,South,57.1,USD,ecommerce,3ds,approved,APPROVE,31.77,1.7972930437519674,0,1,0,1,0,0,0,5,215,14,58,43,customer_velocity;terminal_customer_network_burst,0.43,0.009142245393214482,0.43
X000188352,2026-02-15 15:04:12,C001547,A0001547,M00137,T00381,Midwest,Midwest,34.08,USD,card_present,chip_pin,approved,APPROVE,42.0,0.8114285714285714,0,1,0,0,0,0,0,1,177,13,17,18,terminal_customer_network_burst,0.18,0.007786805274855398,0.18
X000147291,2026-02-15 15:04:36,C001215,A0001215,M00382,T00499,Midwest,Midwest,61.42,USD,card_present,3ds,approved,APPROVE,54.14,1.134466198743997,0,1,0,0,0,0,0,0,172,15,8,18,terminal_customer_network_burst,0.18,0.01099390322884767,0.18
X000019242,2026-02-15 15:04:46,C000166,A0000166,M00782,T00669,Midwest,Midwest,36.53,USD,card_present,chip_pin,approved,APPROVE,44.51,0.8207144461918671,0,1,0,0,0,0,0,1,198,12,21,18,terminal_customer_network_burst,0.18,0.007046780567871251,0.18
X000098599,2026-02-15 15:04:46,C000826,A0000826,M00310,T00621,West,West,20.44,USD,mobile_wallet,chip_pin,approved,APPROVE,29.66,0.6891436277815239,0,1,0,0,0,1,0,3,53,9,22,18,terminal_customer_network_burst,0.18,0.006649035737389227,0.18
X000226513,2026-02-15 15:05:25,C001845,A0001845,M00070,T00004,Northeast,Northeast,10.6,USD,card_present,3ds,approved,APPROVE,40.69,0.2605062668960433,0,1,0,0,0,0,0,3,228,12,19,18,terminal_customer_network_burst,0.18,0.006886125296297464,0.18
X000038323,2026-02-15 15:05:47,C000327,A0000327,M00741,T00732,South,South,134.02,USD,card_present,chip_pin,approved,APPROVE,139.35,0.9617509867240762,0,1,0,0,0,0,0,4,179,12,48,18,terminal_customer_network_burst,0.18,0.005521310090882161,0.18
X000178553,2026-02-15 15:06:04,C001470,A0001470,M00392,T00577,Midwest,Midwest,269.37,USD,ecommerce,chip_pin,approved,APPROVE,151.7,1.7756756756756757,0,1,0,1,0,0,0,3,107,12,30,18,terminal_customer_network_burst,0.18,0.00926791450429725,0.18
X000035214,2026-02-15 15:06:30,C000298,A0000298,M00162,T00759,Midwest,Midwest,131.54,USD,mobile_wallet,wallet_biometric,approved,APPROVE,164.22,0.8009986603336987,0,1,0,0,0,1,0,4,192,14,69,18,terminal_customer_network_burst,0.18,0.006233335359261843,0.18
X000166480,2026-02-15 15:06:36,C001374,A0001374,M00372,T00095,South,South,36.11,USD,mobile_wallet,chip_pin,approved,APPROVE,43.9,0.8225512528473804,0,1,0,0,0,1,0,1,306,21,10,18,terminal_customer_network_burst,0.18,0.026656423819163576,0.18
X000044500,2026-02-15 15:07:15,C000376,A0000376,M00439,T00144,West,West,112.18,USD,ecommerce,chip_pin,approved,APPROVE,189.71,0.5913235991776923,0,1,0,1,0,0,0,6,173,13,94,43,customer_velocity;terminal_customer_network_burst,0.43,0.003057184540112046,0.43
X000219071,2026-02-15 15:07:56,C001789,A0001789,M00602,T00692,Northeast,Northeast,115.3,USD,mobile_wallet,chip_pin,approved,APPROVE,97.43,1.1834137329364671,0,1,0,0,0,1,0,5,188,9,58,43,customer_velocity;terminal_customer_network_burst,0.43,0.006200781885379644,0.43
X000201318,2026-02-15 15:08:01,C001648,A0001648,M00345,T01138,South,South,452.23,USD,ecommerce,3ds,approved,APPROVE,190.18,2.3779051424965822,0,1,0,1,0,0,0,5,208,15,0,58,customer_velocity;new_customer_terminal_pair;terminal_customer_network_burst,0.58,0.029565285361364924,0.58
X000056795,2026-02-15 15:08:30,C000480,A0000480,M00281,T00326,West,West,55.57,USD,card_present,wallet_biometric,approved,APPROVE,66.47,0.8360162479313976,0,1,0,0,0,0,0,1,79,10,23,18,terminal_customer_network_burst,0.18,0.004935943134451527,0.18
X000131562,2026-02-15 15:08:52,C001082,A0001082,M00414,T00189,Midwest,Midwest,62.45,USD,card_present,3ds,approved,APPROVE,20.75,3.0096385542168678,0,1,0,0,0,0,0,2,377,21,40,48,amount_vs_profile;terminal_customer_network_burst,0.48,0.030908895184707443,0.48
X000089522,2026-02-15 15:09:14,C000748,A0000748,M00791,T00304,South,South,234.77,USD,card_present,chip_pin,approved,APPROVE,224.36,1.0463986450347655,0,1,0,0,0,0,0,5,359,19,84,43,customer_velocity;terminal_customer_network_burst,0.43,0.007510234809545186,0.43
X000085225,2026-02-15 15:09:18,C000711,A0000711,M00295,T00163,South,South,48.62,USD,mobile_wallet,chip_pin,approved,APPROVE,40.81,1.1913746630727762,0,1,0,0,0,1,0,0,349,18,7,18,terminal_customer_network_burst,0.18,0.02607904858226771,0.18
X000017424,2026-02-15 15:11:16,C000149,A0000149,M00181,T01063,South,South,52.25,USD,ecommerce,3ds,approved,APPROVE,64.37,0.8117135311480502,0,1,0,1,0,0,0,0,162,21,15,18,terminal_customer_network_burst,0.18,0.01472565769059455,0.18
X000071920,2026-02-15 15:11:29,C000609,A0000609,M00298,T00088,Northeast,Northeast,133.98,USD,mobile_wallet,chip_pin,approved,APPROVE,131.74,1.0170031880977681,0,1,0,0,0,1,0,5,315,15,86,43,customer_velocity;terminal_customer_network_burst,0.43,0.007085762538858854,0.43
X000146838,2026-02-15 15:11:39,C001210,A0001210,M00080,T00590,Midwest,Midwest,127.6,USD,mobile_wallet,magstripe,approved,APPROVE,138.79,0.9193745947114346,0,1,0,0,1,1,0,7,196,13,66,43,customer_velocity;terminal_customer_network_burst,0.43,0.013375017965355795,0.43
X000147384,2026-02-15 15:11:41,C001216,A0001216,M00549,T00456,South,South,29.07,USD,card_present,3ds,approved,APPROVE,43.69,0.6653696498054475,0,1,0,0,0,0,0,1,381,23,23,18,terminal_customer_network_burst,0.18,0.019001637635379633,0.18
X000036024,2026-02-15 15:11:52,C000307,A0000307,M00293,T00835,South,South,45.44,USD,card_present,3ds,approved,APPROVE,40.3,1.127543424317618,0,1,0,0,0,0,0,2,135,9,26,18,terminal_customer_network_burst,0.18,0.005601045596349088,0.18
X000093632,2026-02-15 15:12:06,C000784,A0000784,M00604,T00623,Northeast,Northeast,61.19,USD,ecommerce,wallet_biometric,approved,APPROVE,63.34,0.9660562046100409,0,1,0,1,0,0,0,1,182,19,21,18,terminal_customer_network_burst,0.18,0.0133343997462382,0.18
X000233198,2026-02-15 15:12:55,C001901,A0001901,M00640,T01025,Midwest,Midwest,22.87,USD,card_present,wallet_biometric,approved,APPROVE,28.05,0.8153297682709447,0,1,0,0,0,0,0,1,265,16,42,18,terminal_customer_network_burst,0.18,0.007510668261770751,0.18
X000094139,2026-02-15 15:13:45,C000788,A0000788,M00402,T00179,South,South,287.83,USD,card_present,3ds,approved,APPROVE,267.44,1.0762413999401734,0,1,0,0,0,0,0,3,203,11,37,18,terminal_customer_network_burst,0.18,0.00626583564581483,0.18
X000222329,2026-02-15 15:13:52,C001811,A0001811,M00720,T00311,Northeast,Northeast,77.88,USD,ecommerce,chip_pin,approved,APPROVE,63.03,1.2356020942408377,0,1,0,1,0,0,0,2,155,17,37,18,terminal_customer_network_burst,0.18,0.010018509939077744,0.18
X000047320,2026-02-15 15:13:56,C000398,A0000398,M00184,T00058,South,South,64.31,USD,card_present,magstripe,approved,APPROVE,36.42,1.7657880285557386,0,1,0,0,1,0,0,1,302,23,24,18,terminal_customer_network_burst,0.18,0.0436248144264608,0.18
X000092524,2026-02-15 15:14:07,C000774,A0000774,M00347,T00680,Midwest,Midwest,115.76,USD,mobile_wallet,chip_pin,approved,APPROVE,72.34,1.600221177771634,0,1,0,0,0,1,0,3,101,12,14,18,terminal_customer_network_burst,0.18,0.014095565957722033,0.18
X000116523,2026-02-15 15:15:13,C000966,A0000966,M00763,T00601,South,South,236.09,USD,card_present,magstripe,approved,APPROVE,110.51,2.1363677495249296,0,1,0,0,1,0,0,6,287,21,42,43,customer_velocity;terminal_customer_network_burst,0.43,0.04146077148942945,0.43
X000052631,2026-02-15 15:16:48,C000443,A0000443,M00257,T00772,South,South,72.62,USD,mobile_wallet,chip_pin,approved,APPROVE,42.11,1.7245309902635955,0,1,0,0,0,1,0,0,402,26,26,18,terminal_customer_network_burst,0.18,0.0450948518612331,0.18
X000167683,2026-02-15 15:17:09,C001385,A0001385,M00341,T00572,Midwest,Midwest,71.02,USD,card_present,3ds,approved,APPROVE,49.85,1.4246740220661984,0,1,0,0,0,0,0,1,235,15,29,18,terminal_customer_network_burst,0.18,0.010221637791077539,0.18
X000080148,2026-02-15 15:17:22,C000674,A0000674,M00341,T00572,Midwest,Midwest,164.61,USD,ecommerce,3ds,approved,APPROVE,400.29,0.41122686052611856,0,1,0,1,0,0,0,2,236,15,53,18,terminal_customer_network_burst,0.18,0.005639630699468335,0.18
X000130542,2026-02-15 15:17:24,C001073,A0001073,M00387,T00289,Northeast,Northeast,87.89,USD,ecommerce,wallet_biometric,approved,APPROVE,70.69,1.2433158862639695,0,1,0,1,0,0,0,0,108,14,19,18,terminal_customer_network_burst,0.18,0.00896642624535329,0.18
X000225896,2026-02-15 15:18:59,C001840,A0001840,M00077,T00783,South,South,109.17,USD,ecommerce,wallet_biometric,approved,APPROVE,193.68,0.5636617100371747,0,1,0,1,0,0,0,6,256,26,51,43,customer_velocity;terminal_customer_network_burst,0.43,0.017411273727872142,0.43
X000025878,2026-02-15 15:19:03,C000220,A0000220,M00285,T01108,Midwest,Midwest,486.75,USD,card_present,chip_pin,approved,APPROVE,356.98,1.3635217659252619,0,1,0,0,0,0,0,2,316,13,66,18,terminal_customer_network_burst,0.18,0.005774127111602366,0.18
X000208650,2026-02-15 15:19:25,C001702,A0001702,M00413,T00299,West,West,201.08,USD,card_present,wallet_biometric,approved,APPROVE,260.4,0.7721966205837175,0,1,0,0,0,0,0,6,106,8,77,43,customer_velocity;terminal_customer_network_burst,0.43,0.002414110145342369,0.43
X000056946,2026-02-15 15:19:33,C000481,A0000481,M00786,T00092,Northeast,Northeast,53.01,USD,mobile_wallet,wallet_biometric,approved,APPROVE,78.62,0.674255914525566,0,1,0,0,0,1,0,2,181,16,52,18,terminal_customer_network_burst,0.18,0.00795699983082274,0.18
X000040362,2026-02-15 15:19:40,C000342,A0000342,M00573,T00212,Northeast,Northeast,53.6,USD,card_present,chip_pin,approved,APPROVE,62.83,0.8530956549419068,0,1,0,0,0,0,0,2,155,14,18,18,terminal_customer_network_burst,0.18,0.008528888443647728,0.18
X000086058,2026-02-15 15:19:42,C000721,A0000721,M00104,T00520,West,West,45.81,USD,card_present,chip_pin,approved,APPROVE,55.97,0.8184741825978203,0,1,0,0,0,0,0,1,89,9,21,18,terminal_customer_network_burst,0.18,0.004777453747183545,0.18
X000101005,2026-02-15 15:19:47,C000850,A0000850,M00481,T00265,Northeast,Northeast,160.17,USD,ecommerce,wallet_biometric,approved,APPROVE,158.88,1.008119335347432,0,1,0,1,0,0,0,3,264,17,53,18,terminal_customer_network_burst,0.18,0.008943424924911441,0.18
X000069396,2026-02-15 15:19:51,C000589,A0000589,M00173,T01167,South,South,213.97,USD,mobile_wallet,3ds,approved,APPROVE,211.98,1.0093876780828381,0,1,0,0,0,1,0,3,230,11,68,18,terminal_customer_network_burst,0.18,0.005525318823198578,0.18
X000016627,2026-02-15 15:20:54,C000141,A0000141,M00440,T00334,Midwest,West,65.97,USD,card_present,wallet_biometric,approved,APPROVE,64.74,1.0189990732159409,0,1,0,0,0,0,1,2,76,8,0,45,new_customer_terminal_pair;terminal_customer_network_burst;home_region_mismatch,0.45,0.05502252549223597,0.45
X000103913,2026-02-15 15:21:05,C000874,A0000874,M00507,T01055,South,South,52.14,USD,card_present,chip_pin,approved,APPROVE,75.59,0.6897737796004763,0,1,0,0,0,0,0,3,272,14,26,18,terminal_customer_network_burst,0.18,0.008945256513820657,0.18
X000115516,2026-02-15 15:21:26,C000959,A0000959,M00048,T00107,Northeast,Northeast,322.55,USD,mobile_wallet,magstripe,approved,APPROVE,188.1,1.7147793726741096,0,1,0,0,1,1,0,0,250,12,49,18,terminal_customer_network_burst,0.18,0.016341834757879467,0.18
X000214247,2026-02-15 15:21:39,C001749,A0001749,M00696,T00129,Midwest,Midwest,62.02,USD,card_present,chip_pin,approved,APPROVE,63.07,0.9833518312985572,0,1,0,0,0,0,0,2,185,13,14,18,terminal_customer_network_burst,0.18,0.009275456399014758,0.18
X000074161,2026-02-15 15:22:02,C000626,A0000626,M00365,T01114,South,South,31.0,USD,card_present,3ds,approved,APPROVE,49.14,0.6308506308506309,0,1,0,0,0,0,0,1,143,9,39,18,terminal_customer_network_burst,0.18,0.0036511706898388935,0.18
X000169952,2026-02-15 15:22:07,C001401,A0001401,M00445,T00086,Northeast,Northeast,125.73,USD,card_present,3ds,approved,APPROVE,92.55,1.3585089141004862,0,1,0,0,0,0,0,5,293,20,56,43,customer_velocity;terminal_customer_network_burst,0.43,0.012680054010149277,0.43
X000164476,2026-02-15 15:22:09,C001355,A0001355,M00085,T00540,Northeast,Northeast,364.96,USD,ecommerce,chip_pin,approved,APPROVE,213.19,1.7119001829354097,0,1,0,1,0,0,0,3,182,10,44,18,terminal_customer_network_burst,0.18,0.00705402326962323,0.18
X000051808,2026-02-15 15:22:40,C000438,A0000438,M00524,T00607,West,West,100.78,USD,card_present,chip_pin,approved,APPROVE,39.47,2.5533316442868004,0,1,0,0,0,0,0,0,33,9,20,18,terminal_customer_network_burst,0.18,0.007993285855107462,0.18
X000216108,2026-02-15 15:22:44,C001765,A0001765,M00257,T00772,South,South,131.17,USD,ecommerce,3ds,approved,APPROVE,57.88,2.2662404975812023,0,1,0,1,0,0,0,6,403,26,66,43,customer_velocity;terminal_customer_network_burst,0.43,0.031948028611093124,0.43
X000202923,2026-02-15 15:22:55,C001661,A0001661,M00758,T00785,Northeast,Northeast,40.83,USD,card_present,chip_pin,approved,APPROVE,38.15,1.070249017038008,0,1,0,0,0,0,0,1,225,11,15,18,terminal_customer_network_burst,0.18,0.008224808559046249,0.18
X000174219,2026-02-15 15:22:59,C001435,A0001435,M00147,T00338,South,South,105.42,USD,ecommerce,3ds,approved,APPROVE,143.1,0.7366876310272538,0,1,0,1,0,0,0,4,290,12,71,18,terminal_customer_network_burst,0.18,0.0046465799803235164,0.18
X000010717,2026-02-15 15:23:12,C000097,A0000097,M00556,T00589,South,South,52.4,USD,ecommerce,chip_pin,approved,APPROVE,38.21,1.3713687516356974,0,1,0,1,0,0,0,2,358,19,30,18,terminal_customer_network_burst,0.18,0.01853502618510215,0.18
X000210674,2026-02-15 15:24:24,C001717,A0001717,M00318,T00746,Midwest,Midwest,183.34,USD,card_present,wallet_biometric,approved,APPROVE,95.87,1.9123813497444455,0,1,0,0,0,0,0,3,353,25,35,18,terminal_customer_network_burst,0.18,0.030385633386032132,0.18
X000244836,2026-02-15 15:24:29,C001995,A0001995,M00082,T00557,Northeast,Northeast,194.29,USD,card_present,chip_pin,approved,APPROVE,400.21,0.4854701281827041,0,1,0,0,0,0,0,7,219,12,74,43,customer_velocity;terminal_customer_network_burst,0.43,0.003834143876067735,0.43
X000030613,2026-02-15 15:24:52,C000260,A0000260,M00056,T01147,Midwest,Midwest,254.8,USD,card_present,chip_pin,approved,APPROVE,214.67,1.1869380910234315,0,1,0,0,0,0,0,7,371,16,129,43,customer_velocity;terminal_customer_network_burst,0.43,0.0035426177803795137,0.43
X000038324,2026-02-15 15:25:04,C000327,A0000327,M00376,T00702,South,South,147.43,USD,mobile_wallet,3ds,approved,APPROVE,139.35,1.057983494797273,0,1,0,0,0,1,0,5,177,12,35,43,customer_velocity;terminal_customer_network_burst,0.43,0.010391594806050435,0.43
X000208929,2026-02-15 15:26:50,C001704,A0001704,M00517,T00541,Midwest,Midwest,36.44,USD,mobile_wallet,magstripe,approved,APPROVE,82.48,0.44180407371483993,0,1,0,0,1,1,0,1,232,17,37,18,terminal_customer_network_burst,0.18,0.018222424743541736,0.18
X000232513,2026-02-15 15:27:46,C001896,A0001896,M00227,T00504,Midwest,Midwest,37.62,USD,mobile_wallet,3ds,approved,APPROVE,46.29,0.812702527543746,0,1,0,0,0,1,0,5,291,14,28,43,customer_velocity;terminal_customer_network_burst,0.43,0.014600025316420349,0.43
X000042987,2026-02-15 15:27:53,C000363,A0000363,M00547,T00162,Northeast,Northeast,54.3,USD,ecommerce,chip_pin,approved,APPROVE,118.43,0.4584986912099974,0,1,0,1,0,0,0,1,132,15,45,18,terminal_customer_network_burst,0.18,0.005256130423558637,0.18
X000222923,2026-02-15 15:28:16,C001816,A0001816,M00336,T00988,West,West,213.4,USD,card_present,chip_pin,approved,APPROVE,94.91,2.2484458961121065,0,1,0,0,0,0,0,1,129,10,25,18,terminal_customer_network_burst,0.18,0.00868689755204818,0.18
X000132322,2026-02-15 15:28:47,C001090,A0001090,M00613,T00852,South,South,38.02,USD,card_present,3ds,approved,APPROVE,35.97,1.0569919377258827,0,1,0,0,0,0,0,3,229,20,17,18,terminal_customer_network_burst,0.18,0.017032991046888813,0.18
X000145716,2026-02-15 15:29:07,C001200,A0001200,M00276,T00665,Northeast,Northeast,134.7,USD,ecommerce,wallet_biometric,approved,APPROVE,166.29,0.8100306693126466,0,1,0,1,0,0,0,2,152,11,23,18,terminal_customer_network_burst,0.18,0.006860882365162158,0.18
X000007910,2026-02-15 15:29:30,C000072,A0000072,M00708,T00450,West,West,74.71,USD,card_present,3ds,approved,APPROVE,127.28,0.5869736015084852,0,1,0,0,0,0,0,0,90,13,0,33,new_customer_terminal_pair;terminal_customer_network_burst,0.33,0.0077664180975803845,0.33
X000004681,2026-02-15 15:29:33,C000042,A0000042,M00740,T00080,Northeast,Northeast,143.67,USD,card_present,wallet_biometric,approved,APPROVE,104.01,1.381309489472166,0,1,0,0,0,0,0,1,234,19,14,18,terminal_customer_network_burst,0.18,0.016965223043954574,0.18
X000053138,2026-02-15 15:29:50,C000448,A0000448,M00006,T00419,Midwest,Midwest,99.86,USD,ecommerce,chip_pin,approved,APPROVE,68.62,1.455260856893034,0,1,0,1,0,0,0,0,77,8,12,18,terminal_customer_network_burst,0.18,0.006657673252690668,0.18
X000070515,2026-02-15 15:29:57,C000598,A0000598,M00613,T00331,South,South,34.76,USD,card_present,chip_pin,approved,APPROVE,31.05,1.1194847020933976,0,1,0,0,0,0,0,2,304,16,27,18,terminal_customer_network_burst,0.18,0.011884961475963744,0.18
X000061546,2026-02-15 15:31:06,C000525,A0000525,M00683,T00986,Midwest,Midwest,20.33,USD,mobile_wallet,wallet_biometric,approved,APPROVE,33.68,0.6036223277909738,0,1,0,0,0,1,0,1,91,11,18,18,terminal_customer_network_burst,0.18,0.007579163143496194,0.18
X000177699,2026-02-15 15:31:12,C001461,A0001461,M00034,T00307,Northeast,Northeast,180.52,USD,card_present,3ds,approved,APPROVE,251.98,0.7164060639733313,0,1,0,0,0,0,0,3,237,14,57,18,terminal_customer_network_burst,0.18,0.005259814041999653,0.18
X000091845,2026-02-15 15:31:34,C000769,A0000769,M00738,T00002,South,South,244.65,USD,mobile_wallet,chip_pin,approved,APPROVE,268.43,0.9114107961107178,0,1,0,0,0,1,0,6,163,16,88,43,customer_velocity;terminal_customer_network_burst,0.43,0.005920221969432754,0.43
X000138834,2026-02-15 15:31:42,C001143,A0001143,M00011,T01040,West,West,203.84,USD,card_present,chip_pin,approved,APPROVE,75.56,2.6977236633139228,0,1,0,0,0,0,0,0,88,16,15,18,terminal_customer_network_burst,0.18,0.016486168515345418,0.18
X000244124,2026-02-15 15:32:03,C001990,A0001990,M00193,T01039,West,West,81.9,USD,card_present,magstripe,approved,APPROVE,64.22,1.2753036437246965,0,1,0,0,1,0,0,3,210,15,40,18,terminal_customer_network_burst,0.18,0.015560887558977842,0.18
X000127091,2026-02-15 15:32:18,C001046,A0001046,M00745,T00183,Northeast,Northeast,31.27,USD,card_present,chip_pin,approved,APPROVE,61.16,0.5112818835840419,0,1,0,0,0,0,0,3,184,14,16,18,terminal_customer_network_burst,0.18,0.008555528807712114,0.18
X000207639,2026-02-15 15:32:40,C001694,A0001694,M00018,T00234,South,South,62.14,USD,ecommerce,3ds,approved,APPROVE,51.94,1.1963804389680401,0,1,0,1,0,0,0,0,136,14,14,18,terminal_customer_network_burst,0.18,0.009951777223801427,0.18
X000159096,2026-02-15 15:34:11,C001309,A0001309,M00394,T00597,South,South,38.04,USD,card_present,chip_pin,approved,APPROVE,46.76,0.8135158254918734,0,1,0,0,0,0,0,1,223,19,25,18,terminal_customer_network_burst,0.18,0.011422327353953191,0.18
X000169953,2026-02-15 15:34:40,C001401,A0001401,M00647,T00957,Northeast,West,33.25,USD,ecommerce,chip_pin,approved,APPROVE,92.55,0.35926526202052944,0,1,0,1,0,0,1,6,62,7,0,52,customer_velocity;new_customer_terminal_pair;home_region_mismatch,0.52,0.05363530106610086,0.52
X000119234,2026-02-15 15:35:16,C000987,A0000987,M00595,T00068,West,West,19.02,USD,mobile_wallet,3ds,approved,APPROVE,52.63,0.3613908417252517,0,1,0,0,0,1,0,2,84,10,17,18,terminal_customer_network_burst,0.18,0.006826681583309761,0.18
X000012593,2026-02-15 15:35:25,C000109,A0000109,M00460,T00355,West,Midwest,76.79,USD,ecommerce,chip_pin,approved,APPROVE,95.02,0.8081456535466218,0,1,0,1,0,0,1,2,176,15,0,45,new_customer_terminal_pair;terminal_customer_network_burst;home_region_mismatch,0.45,0.10427575393841848,0.45
X000091846,2026-02-15 15:35:39,C000769,A0000769,M00262,T00060,South,South,250.82,USD,card_present,chip_pin,approved,APPROVE,268.43,0.9343963044369109,0,1,0,0,0,0,0,7,327,19,75,43,customer_velocity;terminal_customer_network_burst,0.43,0.008774537007466658,0.43
X000091847,2026-02-15 15:35:52,C000769,A0000769,M00077,T00530,South,South,444.98,USD,mobile_wallet,chip_pin,approved,APPROVE,268.43,1.6577133703386357,0,1,0,0,0,1,0,8,227,17,67,43,customer_velocity;terminal_customer_network_burst,0.43,0.014255901626571033,0.43
X000239190,2026-02-15 15:36:26,C001951,A0001951,M00523,T00390,Midwest,Midwest,55.49,USD,card_present,chip_pin,approved,APPROVE,46.06,1.2047329570125922,0,1,0,0,0,0,0,1,112,9,28,18,terminal_customer_network_burst,0.18,0.005112459162611165,0.18
X000148743,2026-02-15 15:37:34,C001225,A0001225,M00376,T00309,South,South,256.0,USD,ecommerce,3ds,approved,APPROVE,171.02,1.4969009472576307,0,1,0,1,0,0,0,6,410,17,98,43,customer_velocity;terminal_customer_network_burst,0.43,0.007749198456208299,0.43
X000203365,2026-02-15 15:37:48,C001664,A0001664,M00507,T01055,South,South,123.3,USD,card_present,chip_pin,approved,APPROVE,245.36,0.5025268992500814,0,1,0,0,0,0,0,5,273,14,73,43,customer_velocity;terminal_customer_network_burst,0.43,0.004439979597183631,0.43
X000150196,2026-02-15 15:37:56,C001236,A0001236,M00054,T00545,West,West,67.51,USD,card_present,chip_pin,approved,APPROVE,94.07,0.7176570638885937,0,1,0,0,0,0,0,5,169,10,62,43,customer_velocity;terminal_customer_network_burst,0.43,0.003629851226507108,0.43
X000231350,2026-02-15 15:38:37,C001888,A0001888,M00258,T00401,West,West,31.82,USD,ecommerce,chip_pin,approved,APPROVE,34.21,0.9301373867290266,0,1,0,1,0,0,0,2,30,11,20,18,terminal_customer_network_burst,0.18,0.006224411907694025,0.18
X000091488,2026-02-15 15:38:39,C000767,A0000767,M00007,T00210,South,South,36.09,USD,card_present,wallet_biometric,approved,APPROVE,94.13,0.3834059279719537,0,1,0,0,0,0,0,2,241,12,29,18,terminal_customer_network_burst,0.18,0.005960455462421305,0.18
X000182337,2026-02-15 15:39:21,C001500,A0001500,M00788,T00018,South,South,197.97,USD,mobile_wallet,chip_pin,approved,APPROVE,130.54,1.5165466523670907,0,1,0,0,0,1,0,4,274,22,62,18,terminal_customer_network_burst,0.18,0.018333661702351685,0.18
X000212603,2026-02-15 15:39:25,C001734,A0001734,M00064,T00627,Midwest,Midwest,50.53,USD,ecommerce,3ds,approved,APPROVE,65.75,0.7685171102661598,0,1,0,1,0,0,0,2,160,17,32,18,terminal_customer_network_burst,0.18,0.009199894591627678,0.18
X000229020,2026-02-15 15:39:49,C001865,A0001865,M00392,T00305,Midwest,Midwest,65.15,USD,card_present,chip_pin,approved,APPROVE,163.63,0.39815437267004833,0,1,0,0,0,0,0,3,165,11,52,18,terminal_customer_network_burst,0.18,0.0036344004751473675,0.18
X000077110,2026-02-15 15:40:11,C000648,A0000648,M00602,T00692,Northeast,Northeast,45.73,USD,ecommerce,chip_pin,approved,APPROVE,27.92,1.6378939828080228,0,1,0,1,0,0,0,3,189,9,27,18,terminal_customer_network_burst,0.18,0.008423348588558248,0.18
X000147936,2026-02-15 15:40:45,C001221,A0001221,M00712,T01100,Midwest,South,256.43,USD,card_present,3ds,approved,APPROVE,130.45,1.9657339977002686,0,1,0,0,0,0,1,4,98,13,0,45,new_customer_terminal_pair;terminal_customer_network_burst;home_region_mismatch,0.45,0.12073940070448094,0.45
X000143266,2026-02-15 15:41:30,C001180,A0001180,M00683,T00603,South,Midwest,102.83,USD,ecommerce,chip_pin,approved,APPROVE,87.75,1.171851851851852,0,1,0,1,0,0,1,5,133,10,0,70,customer_velocity;new_customer_terminal_pair;terminal_customer_network_burst;home_region_mismatch,0.7,0.09182365530225638,0.7
X000161348,2026-02-15 15:41:44,C001331,A0001331,M00321,T00416,Midwest,Midwest,30.12,USD,card_present,wallet_biometric,approved,APPROVE,34.02,0.8853615520282186,0,1,0,0,0,0,0,4,185,9,58,18,terminal_customer_network_burst,0.18,0.00371702649041701,0.18
X000245488,2026-02-15 15:42:31,C001999,A0001999,M00251,T00104,West,West,43.46,USD,ecommerce,chip_pin,approved,APPROVE,131.76,0.3298421372191864,0,1,0,1,0,0,0,1,98,8,49,18,terminal_customer_network_burst,0.18,0.0026745738184090527,0.18
X000232753,2026-02-15 15:43:25,C001897,A0001897,M00285,T00604,Midwest,Midwest,183.13,USD,card_present,magstripe,approved,APPROVE,92.61,1.977432242738365,0,1,0,0,1,0,0,6,152,7,75,25,customer_velocity,0.25,0.006962826883774404,0.25
X000103689,2026-02-15 15:43:40,C000872,A0000872,M00378,T01130,South,South,76.76,USD,card_present,chip_pin,approved,APPROVE,65.88,1.1651487553126898,0,1,0,0,0,0,0,2,296,17,61,18,terminal_customer_network_burst,0.18,0.007538694442640372,0.18
X000210278,2026-02-15 15:43:48,C001714,A0001714,M00127,T00699,South,South,137.83,USD,card_present,3ds,approved,APPROVE,80.25,1.717507788161994,0,1,0,0,0,0,0,4,151,11,62,18,terminal_customer_network_burst,0.18,0.00520842946415,0.18
X000010452,2026-02-15 15:43:55,C000094,A0000094,M00645,T00905,South,South,54.7,USD,card_present,3ds,approved,APPROVE,30.46,1.7957977675640184,0,1,0,0,0,0,0,0,392,21,28,18,terminal_customer_network_burst,0.18,0.022152301878085257,0.18
X000031387,2026-02-15 15:44:27,C000265,A0000265,M00770,T01186,Midwest,Midwest,61.37,USD,card_present,chip_pin,approved,APPROVE,31.53,1.9464002537266094,0,1,0,0,0,0,0,4,108,11,37,18,terminal_customer_network_burst,0.18,0.007851303393547919,0.18
X000231007,2026-02-15 15:44:39,C001884,A0001884,M00613,T00449,South,South,89.69,USD,card_present,chip_pin,approved,APPROVE,58.93,1.521975224843034,0,1,0,0,0,0,0,2,268,17,16,18,terminal_customer_network_burst,0.18,0.01662365814836373,0.18
X000205274,2026-02-15 15:44:50,C001677,A0001677,M00146,T01149,Northeast,Northeast,53.16,USD,mobile_wallet,3ds,approved,APPROVE,57.72,0.920997920997921,0,1,0,0,0,1,0,1,50,3,28,0,,0.0,0.0038070888096576757,0.0038070888096576757
X000165335,2026-02-15 15:45:34,C001364,A0001364,M00661,T00141,Northeast,Northeast,190.36,USD,ecommerce,chip_pin,approved,APPROVE,58.11,3.275856134916538,0,1,0,1,0,0,0,2,156,17,36,48,amount_vs_profile;terminal_customer_network_burst,0.48,0.021443978198394945,0.48
X000063063,2026-02-15 15:45:52,C000534,A0000534,M00171,T00643,Northeast,Northeast,98.97,USD,card_present,3ds,approved,APPROVE,169.77,0.5829651881957942,0,1,0,0,0,0,0,2,195,10,67,18,terminal_customer_network_burst,0.18,0.0028371205564230503,0.18
X000207884,2026-02-15 15:46:38,C001696,A0001696,M00623,T00969,Midwest,Midwest,22.12,USD,ecommerce,wallet_biometric,approved,APPROVE,43.27,0.5112086896232956,0,1,0,1,0,0,0,2,176,15,33,18,terminal_customer_network_burst,0.18,0.007300747400782722,0.18
X000219726,2026-02-15 15:46:47,C001795,A0001795,M00770,T01186,Midwest,Midwest,43.25,USD,ecommerce,3ds,approved,APPROVE,69.86,0.6190953335241912,0,1,0,1,0,0,0,4,109,11,30,18,terminal_customer_network_burst,0.18,0.005955428131402036,0.18
X000235276,2026-02-15 15:46:54,C001917,A0001917,M00394,T00597,South,South,52.99,USD,ecommerce,chip_pin,approved,APPROVE,143.14,0.37019700992035776,0,1,0,1,0,0,0,7,224,19,58,43,customer_velocity;terminal_customer_network_burst,0.43,0.008778259412947152,0.43
X000170653,2026-02-15 15:47:03,C001406,A0001406,M00054,T00295,West,West,30.26,USD,card_present,magstripe,approved,APPROVE,34.62,0.8740612362796073,0,1,0,0,1,0,0,1,229,12,23,18,terminal_customer_network_burst,0.18,0.013076323108884659,0.18
X000241784,2026-02-15 15:48:06,C001973,A0001973,M00359,T00592,Midwest,Midwest,46.81,USD,card_present,3ds,approved,APPROVE,74.35,0.6295897780766645,0,1,0,0,0,0,0,1,93,8,22,18,terminal_customer_network_burst,0.18,0.004102488707649774,0.18
X000000901,2026-02-15 15:48:08,C000009,A0000009,M00667,T00609,Northeast,Northeast,16.37,USD,ecommerce,wallet_biometric,approved,APPROVE,58.32,0.2806927297668039,0,1,0,1,0,0,0,1,384,24,41,18,terminal_customer_network_burst,0.18,0.014890149952011385,0.18
X000218415,2026-02-15 15:48:16,C001784,A0001784,M00433,T00752,Midwest,Midwest,39.42,USD,ecommerce,3ds,approved,APPROVE,55.21,0.714001086759645,0,1,0,1,0,0,0,5,179,14,27,43,customer_velocity;terminal_customer_network_burst,0.43,0.009446835465886929,0.43
X000183489,2026-02-15 15:49:22,C001509,A0001509,M00763,T00601,West,South,43.51,USD,ecommerce,chip_pin,approved,APPROVE,25.62,1.6982825917252145,0,1,0,1,0,0,1,1,288,21,0,45,new_customer_terminal_pair;terminal_customer_network_burst;home_region_mismatch,0.45,0.2211877845543258,0.45
X000147385,2026-02-15 15:49:23,C001216,A0001216,M00490,T00340,South,South,28.57,USD,card_present,chip_pin,approved,APPROVE,43.69,0.6539253833829252,0,1,0,0,0,0,0,2,162,10,33,18,terminal_customer_network_burst,0.18,0.004727276683533662,0.18
X000109034,2026-02-15 15:49:37,C000913,A0000913,M00002,T00312,Northeast,Northeast,169.56,USD,card_present,3ds,approved,APPROVE,132.83,1.2765188586915606,0,1,0,0,0,0,0,4,134,13,52,18,terminal_customer_network_burst,0.18,0.005841669403852156,0.18
X000109271,2026-02-15 15:49:46,C000914,A0000914,M00326,T01151,Northeast,Northeast,262.51,USD,ecommerce,chip_pin,approved,APPROVE,132.97,1.9742047078288336,0,1,0,1,0,0,0,8,204,11,54,43,customer_velocity;terminal_customer_network_burst,0.43,0.009605536364180002,0.43
X000067770,2026-02-15 15:49:58,C000574,A0000574,M00703,T00135,South,Midwest,61.05,USD,card_present,3ds,approved,APPROVE,46.19,1.3217146568521325,0,1,0,0,0,0,1,3,251,20,0,45,new_customer_terminal_pair;terminal_customer_network_burst;home_region_mismatch,0.45,0.17884171609560465,0.45
X000178954,2026-02-15 15:50:11,C001473,A0001473,M00055,T01044,South,South,117.06,USD,card_present,chip_pin,approved,APPROVE,57.26,2.044359063918966,0,1,0,0,0,0,0,5,406,24,62,43,customer_velocity;terminal_customer_network_burst,0.43,0.023519796921817125,0.43
X000203366,2026-02-15 15:50:12,C001664,A0001664,M00453,T00940,South,South,129.37,USD,mobile_wallet,chip_pin,approved,APPROVE,245.36,0.5272660580371699,0,1,0,0,0,1,0,6,410,23,79,43,customer_velocity;terminal_customer_network_burst,0.43,0.014421725713854083,0.43
X000005785,2026-02-15 15:50:14,C000053,A0000053,M00055,T01044,South,South,24.4,USD,mobile_wallet,magstripe,approved,APPROVE,45.19,0.5399424651471565,0,1,0,0,1,1,0,3,407,24,31,18,terminal_customer_network_burst,0.18,0.04913068471049195,0.18
X000037864,2026-02-15 15:50:25,C000323,A0000323,M00447,T00749,South,South,152.64,USD,mobile_wallet,wallet_biometric,approved,APPROVE,179.55,0.8501253132832078,0,1,0,0,0,1,0,0,251,21,28,18,terminal_customer_network_burst,0.18,0.01779975656507428,0.18
X000053289,2026-02-15 15:50:49,C000449,A0000449,M00414,T00189,Northeast,Midwest,133.79,USD,mobile_wallet,3ds,approved,APPROVE,67.69,1.9765105628600974,0,1,0,0,0,1,1,1,378,21,0,45,new_customer_terminal_pair;terminal_customer_network_burst;home_region_mismatch,0.45,0.3164414021058921,0.45
X000184996,2026-02-15 15:50:56,C001523,A0001523,M00195,T00595,South,South,107.53,USD,ecommerce,chip_pin,approved,APPROVE,127.72,0.8419198246163483,0,1,0,1,0,0,0,8,233,15,39,43,customer_velocity;terminal_customer_network_burst,0.43,0.011221205612453227,0.43
X000050886,2026-02-15 15:52:08,C000427,A0000427,M00443,T00564,South,South,415.08,USD,card_present,magstripe,approved,APPROVE,187.71,2.21128336263385,0,1,0,0,1,0,0,1,216,14,29,18,terminal_customer_network_burst,0.18,0.021947598361598045,0.18
X000187481,2026-02-15 15:53:55,C001541,A0001541,M00471,T00670,Midwest,Midwest,388.02,USD,ecommerce,chip_pin,approved,APPROVE,126.44,3.068807339449541,0,1,0,1,0,0,0,3,336,21,65,48,amount_vs_profile;terminal_customer_network_burst,0.48,0.02345932992317716,0.48
X000017879,2026-02-15 15:53:56,C000152,A0000152,M00412,T00974,Northeast,Northeast,245.84,USD,mobile_wallet,chip_pin,approved,APPROVE,210.9,1.1656709340919866,0,1,0,0,0,1,0,2,186,14,50,18,terminal_customer_network_burst,0.18,0.00856579118396459,0.18
X000169344,2026-02-15 15:54:08,C001399,A0001399,M00163,T00029,Midwest,Midwest,101.92,USD,ecommerce,chip_pin,approved,APPROVE,96.42,1.0570421074465879,0,1,0,1,0,0,0,4,82,11,38,18,terminal_customer_network_burst,0.18,0.005917714029031273,0.18
X000241037,2026-02-15 15:55:22,C001967,A0001967,M00763,T00601,South,South,77.56,USD,card_present,magstripe,approved,APPROVE,81.83,0.9478186484174509,0,1,0,0,1,0,0,2,289,22,24,18,terminal_customer_network_burst,0.18,0.03133694364012578,0.18
X000052508,2026-02-15 15:55:34,C000442,A0000442,M00321,T01046,Midwest,Midwest,180.96,USD,card_present,wallet_biometric,approved,APPROVE,204.56,0.8846304262807978,0,1,0,0,0,0,0,1,168,17,56,18,terminal_customer_network_burst,0.18,0.005725552570362508,0.18
X000017326,2026-02-15 15:56:02,C000148,A0000148,M00736,T00065,South,South,65.84,USD,ecommerce,magstripe,approved,APPROVE,72.66,0.9061381778144785,0,1,0,1,1,0,0,1,302,17,37,18,terminal_customer_network_burst,0.18,0.018865358770291687,0.18
X000039477,2026-02-15 15:56:14,C000335,A0000335,M00796,T00571,West,West,49.96,USD,ecommerce,chip_pin,approved,APPROVE,50.05,0.9982017982017983,0,1,0,1,0,0,0,3,139,14,41,18,terminal_customer_network_burst,0.18,0.007126239087782758,0.18
X000225308,2026-02-15 15:57:03,C001836,A0001836,M00613,T00638,South,South,187.43,USD,card_present,wallet_biometric,approved,APPROVE,99.19,1.8896058070369999,0,1,0,0,0,0,0,6,225,17,40,43,customer_velocity;terminal_customer_network_burst,0.43,0.01508606895994805,0.43
X000244837,2026-02-15 15:57:29,C001995,A0001995,M00276,T00665,Northeast,Northeast,530.34,USD,ecommerce,3ds,soft_decline,CHALLENGE,400.21,1.3251542939956524,0,1,1,1,0,0,0,7,153,11,58,51,customer_velocity;terminal_customer_network_burst;authentication_soft_decline,0.51,0.026322163501110305,0.51
X000072851,2026-02-15 15:59:15,C000615,A0000615,M00222,T00844,South,South,13.28,USD,mobile_wallet,chip_pin,approved,APPROVE,24.79,0.535699878983461,0,1,0,0,0,1,0,8,204,12,30,43,customer_velocity;terminal_customer_network_burst,0.43,0.011319798771172411,0.43
X000196471,2026-02-15 15:59:18,C001613,A0001613,M00687,T01156,Midwest,Midwest,339.94,USD,mobile_wallet,3ds,approved,APPROVE,489.11,0.695017480730306,0,1,0,0,0,1,0,4,167,14,59,18,terminal_customer_network_burst,0.18,0.006748722582143662,0.18
X000006403,2026-02-15 15:59:21,C000057,A0000057,M00708,T00450,West,West,155.98,USD,card_present,chip_pin,approved,APPROVE,238.78,0.6532372895552391,0,1,0,0,0,0,0,4,91,14,31,18,terminal_customer_network_burst,0.18,0.006502620048115989,0.18
X000023375,2026-02-15 15:59:29,C000199,A0000199,M00547,T00162,Northeast,Northeast,61.65,USD,ecommerce,chip_pin,approved,APPROVE,54.35,1.1343146274149034,0,1,0,1,0,0,0,2,133,15,32,18,terminal_customer_network_burst,0.18,0.008724038629439821,0.18
X000036322,2026-02-15 15:59:36,C000310,A0000310,M00229,T00063,Northeast,Northeast,40.44,USD,card_present,chip_pin,approved,APPROVE,36.53,1.1070353134410074,0,1,0,0,0,0,0,0,66,8,28,18,terminal_customer_network_burst,0.18,0.004049447345119018,0.18
X000116129,2026-02-15 15:59:48,C000964,A0000964,M00700,T00679,Northeast,Northeast,138.52,USD,card_present,3ds,approved,APPROVE,86.5,1.6013872832369944,0,1,0,0,0,0,0,1,255,17,33,18,terminal_customer_network_burst,0.18,0.012216244422816356,0.18
X000048712,2026-02-15 16:00:03,C000408,A0000408,M00387,T00289,Northeast,Northeast,108.32,USD,card_present,3ds,approved,APPROVE,71.27,1.5198540760488284,0,1,0,0,0,0,0,3,109,14,29,18,terminal_customer_network_burst,0.18,0.008999845569969984,0.18
X000165932,2026-02-15 16:00:11,C001368,A0001368,M00206,T00975,West,West,167.86,USD,card_present,wallet_biometric,approved,APPROVE,257.01,0.6531263374965955,0,1,0,0,0,0,0,7,81,12,70,43,customer_velocity;terminal_customer_network_burst,0.43,0.0035070848302115242,0.43
X000127775,2026-02-15 16:00:51,C001052,A0001052,M00738,T00899,South,South,463.46,USD,mobile_wallet,chip_pin,approved,APPROVE,146.14,3.1713425482414124,0,1,0,0,0,1,0,5,390,20,89,73,amount_vs_profile;customer_velocity;terminal_customer_network_burst,0.73,0.023931560558031188,0.73
X000175294,2026-02-15 16:01:16,C001443,A0001443,M00692,T00191,Northeast,Northeast,46.4,USD,ecommerce,magstripe,approved,APPROVE,40.18,1.1548033847685415,0,1,0,1,1,0,0,2,214,18,18,18,terminal_customer_network_burst,0.18,0.027398137734918816,0.18
X000107201,2026-02-15 16:01:54,C000898,A0000898,M00610,T00045,Midwest,Midwest,46.13,USD,ecommerce,magstripe,approved,APPROVE,81.06,0.5690846286701209,0,1,0,1,1,0,0,2,105,11,25,18,terminal_customer_network_burst,0.18,0.010140195806179033,0.18
X000187975,2026-02-15 16:02:01,C001543,A0001543,M00211,T00509,Midwest,Midwest,230.1,USD,ecommerce,3ds,approved,APPROVE,217.69,1.0570076714594148,0,1,0,1,0,0,0,6,280,19,93,43,customer_velocity;terminal_customer_network_burst,0.43,0.006749336065303796,0.43
X000233714,2026-02-15 16:02:19,C001905,A0001905,M00745,T00255,South,Northeast,47.41,USD,mobile_wallet,wallet_biometric,approved,APPROVE,37.47,1.2652788897784895,0,1,0,0,0,1,1,3,59,12,0,45,new_customer_terminal_pair;terminal_customer_network_burst;home_region_mismatch,0.45,0.1105125201443962,0.45
X000217473,2026-02-15 16:02:22,C001776,A0001776,M00442,T00105,West,West,77.15,USD,ecommerce,chip_pin,approved,APPROVE,51.93,1.4856537646832275,0,1,0,1,0,0,0,1,201,17,17,18,terminal_customer_network_burst,0.18,0.015280160493987366,0.18
X000159167,2026-02-15 16:02:39,C001310,A0001310,M00403,T01126,Northeast,Northeast,7.7,USD,card_present,3ds,approved,APPROVE,50.13,0.15360063834031518,0,1,0,0,0,0,0,1,163,16,14,18,terminal_customer_network_burst,0.18,0.007806845930700556,0.18
X000084348,2026-02-15 16:04:21,C000706,A0000706,M00507,T00488,Midwest,South,19.03,USD,card_present,wallet_biometric,soft_decline,CHALLENGE,26.91,0.707172054998142,0,1,1,0,0,0,1,2,255,12,0,53,new_customer_terminal_pair;terminal_customer_network_burst;authentication_soft_decline;home_region_mismatch,0.53,0.28385969070455747,0.53
X000117850,2026-02-15 16:04:30,C000976,A0000976,M00148,T01086,Midwest,Midwest,96.34,USD,card_present,3ds,approved,APPROVE,245.46,0.39248757435019965,0,1,0,0,0,0,0,2,273,15,54,18,terminal_customer_network_burst,0.18,0.005281449501303608,0.18
X000232064,2026-02-15 16:04:36,C001893,A0001893,M00544,T00081,South,South,66.14,USD,ecommerce,3ds,approved,APPROVE,81.93,0.8072745026241913,0,1,0,1,0,0,0,0,154,15,25,18,terminal_customer_network_burst,0.18,0.008030462344101066,0.18
X000045663,2026-02-15 16:05:42,C000382,A0000382,M00679,T00587,Northeast,Northeast,1398.96,USD,ecommerce,3ds,approved,APPROVE,572.35,2.4442386651524415,0,1,0,1,0,0,0,5,307,14,60,43,customer_velocity;terminal_customer_network_burst,0.43,0.012937447348903935,0.43
X000245201,2026-02-15 16:05:52,C001997,A0001997,M00239,T00791,South,South,189.52,USD,card_present,wallet_biometric,approved,APPROVE,191.59,0.9891956782713086,0,1,0,0,0,0,0,1,158,12,44,18,terminal_customer_network_burst,0.18,0.004909592524665392,0.18
X000136113,2026-02-15 16:06:41,C001119,A0001119,M00511,T00501,Midwest,Midwest,56.18,USD,ecommerce,3ds,approved,APPROVE,78.7,0.7138500635324015,0,1,0,1,0,0,0,3,185,16,25,18,terminal_customer_network_burst,0.18,0.010246275720155951,0.18
X000079522,2026-02-15 16:07:09,C000669,A0000669,M00416,T00451,West,West,46.12,USD,mobile_wallet,3ds,approved,APPROVE,24.18,1.9073614557485525,0,1,0,0,0,1,0,4,119,11,37,18,terminal_customer_network_burst,0.18,0.011094000423601726,0.18
X000087500,2026-02-15 16:07:34,C000734,A0000734,M00249,T00554,South,South,80.33,USD,ecommerce,wallet_biometric,approved,APPROVE,81.19,0.989407562507698,0,1,0,1,0,0,0,1,252,16,39,18,terminal_customer_network_burst,0.18,0.009090122411165592,0.18
X000104109,2026-02-15 16:08:22,C000876,A0000876,M00400,T00412,West,West,16.06,USD,card_present,wallet_biometric,approved,APPROVE,29.33,0.5475622229798841,0,1,0,0,0,0,0,1,65,12,27,18,terminal_customer_network_burst,0.18,0.004720543547378054,0.18
X000036835,2026-02-15 16:08:30,C000315,A0000315,M00641,T00175,Midwest,West,477.51,USD,card_present,chip_pin,approved,APPROVE,260.77,1.8311538904015032,0,1,0,0,0,0,1,2,86,7,0,27,new_customer_terminal_pair;home_region_mismatch,0.27,0.06909328452661896,0.27
X000082739,2026-02-15 16:08:39,C000693,A0000693,M00399,T00567,West,West,67.77,USD,card_present,chip_pin,approved,APPROVE,100.52,0.6741941902109033,0,1,0,0,0,0,0,1,126,9,24,18,terminal_customer_network_burst,0.18,0.004576156244315418,0.18
X000231273,2026-02-15 16:09:01,C001887,A0001887,M00398,T00528,South,South,35.27,USD,mobile_wallet,wallet_biometric,approved,APPROVE,45.77,0.7705920908892288,0,1,0,0,0,1,0,1,194,13,20,18,terminal_customer_network_burst,0.18,0.010589289291754223,0.18
X000202746,2026-02-15 16:09:35,C001659,A0001659,M00402,T00179,South,South,15.24,USD,ecommerce,wallet_biometric,approved,APPROVE,20.94,0.7277936962750716,0,1,0,1,0,0,0,2,204,11,20,18,terminal_customer_network_burst,0.18,0.007561397116538894,0.18
X000151071,2026-02-15 16:09:47,C001241,A0001241,M00302,T00011,Northeast,Northeast,352.23,USD,card_present,chip_pin,approved,APPROVE,279.08,1.2621112225885052,0,1,0,0,0,0,0,1,230,17,69,18,terminal_customer_network_burst,0.18,0.005903000386505955,0.18
X000109847,2026-02-15 16:10:10,C000917,A0000917,M00077,T00530,South,South,21.42,USD,card_present,3ds,approved,APPROVE,55.31,0.3872717410956428,0,1,0,0,0,0,0,0,228,17,22,18,terminal_customer_network_burst,0.18,0.008466286810844853,0.18
X000110751,2026-02-15 16:10:27,C000924,A0000924,M00399,T01051,West,West,907.2,USD,card_present,chip_pin,approved,APPROVE,329.64,2.752093192573717,0,1,0,0,0,0,0,5,91,13,57,43,customer_velocity;terminal_customer_network_burst,0.43,0.009159868828374133,0.43
X000077466,2026-02-15 16:10:42,C000652,A0000652,M00015,T00330,South,South,65.8,USD,ecommerce,chip_pin,approved,APPROVE,50.82,1.2947658402203857,0,1,0,1,0,0,0,0,379,33,11,18,terminal_customer_network_burst,0.18,0.06055861559039848,0.18
X000124764,2026-02-15 16:10:43,C001030,A0001030,M00604,T01134,Northeast,Northeast,93.05,USD,card_present,wallet_biometric,approved,APPROVE,208.04,0.4472697558161892,0,1,0,0,0,0,0,9,438,20,84,43,customer_velocity;terminal_customer_network_burst,0.43,0.00903465330367609,0.43
X000200469,2026-02-15 16:11:00,C001642,A0001642,M00687,T00302,Midwest,Midwest,34.73,USD,card_present,chip_pin,approved,APPROVE,28.04,1.2385877318116976,0,1,0,0,0,0,0,0,114,13,26,18,terminal_customer_network_burst,0.18,0.0068091687021856,0.18
X000229770,2026-02-15 16:11:08,C001872,A0001872,M00768,T00457,South,South,44.63,USD,mobile_wallet,wallet_biometric,approved,APPROVE,79.78,0.5594133868137378,0,1,0,0,0,1,0,0,310,21,29,18,terminal_customer_network_burst,0.18,0.01725575309411695,0.18
X000014968,2026-02-15 16:11:11,C000126,A0000126,M00183,T01168,South,South,96.07,USD,card_present,wallet_biometric,approved,APPROVE,131.27,0.7318503847032832,0,1,0,0,0,0,0,9,247,14,67,43,customer_velocity;terminal_customer_network_burst,0.43,0.006294906536495441,0.43
X000142815,2026-02-15 16:11:49,C001176,A0001176,M00517,T00531,Midwest,Midwest,66.3,USD,card_present,chip_pin,approved,APPROVE,86.99,0.7621565697206576,0,1,0,0,0,0,0,5,166,13,53,43,customer_velocity;terminal_customer_network_burst,0.43,0.005270376454435315,0.43
X000121457,2026-02-15 16:12:07,C001008,A0001008,M00529,T00187,Midwest,Midwest,287.17,USD,card_present,3ds,approved,APPROVE,287.67,0.9982618973128933,0,1,0,0,0,0,0,6,105,8,45,43,customer_velocity;terminal_customer_network_burst,0.43,0.004338199558978606,0.43
X000090763,2026-02-15 16:13:06,C000760,A0000760,M00077,T00783,South,South,114.97,USD,ecommerce,magstripe,approved,APPROVE,41.22,2.7891800097040274,0,1,0,1,1,0,0,1,257,26,20,18,terminal_customer_network_burst,0.18,0.0836154316233427,0.18
X000234326,2026-02-15 16:13:06,C001910,A0001910,M00077,T00530,South,South,122.51,USD,card_present,chip_pin,approved,APPROVE,94.05,1.3026049973418394,0,1,0,0,0,0,0,0,229,17,42,18,terminal_customer_network_burst,0.18,0.008671719990594863,0.18
X000183167,2026-02-15 16:13:56,C001506,A0001506,M00721,T00476,West,West,105.01,USD,ecommerce,3ds,approved,APPROVE,75.16,1.397152740819585,0,1,0,1,0,0,0,4,53,11,43,18,terminal_customer_network_burst,0.18,0.0059277872507975055,0.18
X000022645,2026-02-15 16:14:17,C000195,A0000195,M00724,T01129,West,West,129.65,USD,mobile_wallet,3ds,approved,APPROVE,82.17,1.5778264573445298,0,1,0,0,0,1,0,2,176,10,36,18,terminal_customer_network_burst,0.18,0.009130390967729612,0.18
X000176810,2026-02-15 16:14:37,C001457,A0001457,M00023,T00720,Midwest,Midwest,65.08,USD,card_present,wallet_biometric,approved,APPROVE,23.47,2.7729015764806135,0,1,0,0,0,0,0,3,325,15,37,18,terminal_customer_network_burst,0.18,0.018808498870722334,0.18
X000162772,2026-02-15 16:15:25,C001343,A0001343,M00391,T00211,Northeast,Northeast,44.49,USD,mobile_wallet,3ds,approved,APPROVE,77.13,0.5768183586153248,0,1,0,0,0,1,0,2,32,7,26,0,,0.0,0.004753960668768444,0.004753960668768444
X000191793,2026-02-15 16:15:28,C001573,A0001573,M00514,T00978,West,West,254.36,USD,card_present,chip_pin,approved,APPROVE,95.09,2.6749395309706596,0,1,0,0,0,0,0,3,113,10,42,18,terminal_customer_network_burst,0.18,0.008432604991451322,0.18
X000234794,2026-02-15 16:15:31,C001914,A0001914,M00511,T00446,Midwest,Midwest,847.5,USD,ecommerce,3ds,approved,APPROVE,344.59,2.45944455729998,0,1,0,1,0,0,0,4,90,9,65,18,terminal_customer_network_burst,0.18,0.00567418364748851,0.18
X000180956,2026-02-15 16:15:36,C001487,A0001487,M00073,T00757,South,South,57.07,USD,ecommerce,magstripe,approved,APPROVE,70.38,0.8108837737993749,0,1,0,1,1,0,0,1,319,20,23,18,terminal_customer_network_burst,0.18,0.02879386367924515,0.18
X000060670,2026-02-15 16:15:39,C000516,A0000516,M00171,T01187,Northeast,Northeast,36.75,USD,ecommerce,chip_pin,approved,APPROVE,46.26,0.7944228274967575,0,1,0,1,0,0,0,0,132,15,26,18,terminal_customer_network_burst,0.18,0.0076054143606332485,0.18
X000074669,2026-02-15 16:15:57,C000629,A0000629,M00391,T01061,Northeast,Northeast,137.31,USD,card_present,3ds,approved,APPROVE,118.88,1.1550302826379544,0,1,0,0,0,0,0,3,201,16,92,18,terminal_customer_network_burst,0.18,0.0039016748359297433,0.18
X000170138,2026-02-15 16:16:09,C001402,A0001402,M00148,T00103,Midwest,Midwest,313.07,USD,ecommerce,magstripe,approved,APPROVE,250.08,1.2518793985924503,0,1,0,1,1,0,0,6,93,8,27,43,customer_velocity;terminal_customer_network_burst,0.43,0.012280450612537255,0.43
X000197922,2026-02-15 16:16:10,C001623,A0001623,M00453,T00831,South,South,145.43,USD,ecommerce,wallet_biometric,approved,APPROVE,107.7,1.3503249767873724,0,1,0,1,0,0,0,3,396,20,55,18,terminal_customer_network_burst,0.18,0.014966189775888731,0.18
X000036405,2026-02-15 16:16:32,C000311,A0000311,M00587,T01174,South,South,38.23,USD,ecommerce,wallet_biometric,approved,APPROVE,28.81,1.3269698021520304,0,1,0,1,0,0,0,1,308,23,17,18,terminal_customer_network_burst,0.18,0.0261584187491373,0.18
X000043237,2026-02-15 16:17:33,C000365,A0000365,M00442,T00105,West,West,16.07,USD,card_present,3ds,approved,APPROVE,21.43,0.7498833411105926,0,1,0,0,0,0,0,0,202,17,17,18,terminal_customer_network_burst,0.18,0.010047356328908725,0.18
X000205160,2026-02-15 16:17:37,C001676,A0001676,M00556,T00589,South,South,37.94,USD,card_present,3ds,approved,APPROVE,74.79,0.5072870704639657,0,1,0,0,0,0,0,1,359,19,18,18,terminal_customer_network_burst,0.18,0.014040035266716462,0.18
X000082195,2026-02-15 16:17:43,C000688,A0000688,M00347,T00077,Northeast,Midwest,78.16,USD,card_present,wallet_biometric,approved,APPROVE,48.53,1.610550175149392,0,1,0,0,0,0,1,2,99,12,0,45,new_customer_terminal_pair;terminal_customer_network_burst;home_region_mismatch,0.45,0.09156338144235134,0.45
X000086713,2026-02-15 16:18:04,C000727,A0000727,M00453,T00831,South,South,249.58,USD,card_present,3ds,approved,APPROVE,98.78,2.5266248228386314,0,1,0,0,0,0,0,3,397,20,36,18,terminal_customer_network_burst,0.18,0.02791409648889074,0.18
X000098699,2026-02-15 16:18:17,C000827,A0000827,M00542,T01166,South,South,130.81,USD,card_present,3ds,approved,APPROVE,114.83,1.1391622398327963,0,1,0,0,0,0,0,3,138,11,17,18,terminal_customer_network_burst,0.18,0.007938749419105887,0.18
X000186288,2026-02-15 16:18:20,C001531,A0001531,M00191,T00441,Midwest,Midwest,26.93,USD,card_present,3ds,approved,APPROVE,28.07,0.9593872461702886,0,1,0,0,0,0,0,3,222,15,31,18,terminal_customer_network_burst,0.18,0.009091966553571182,0.18
X000017327,2026-02-15 16:18:35,C000148,A0000148,M00608,T00219,South,South,116.67,USD,card_present,chip_pin,approved,APPROVE,72.66,1.605697770437655,0,1,0,0,0,0,0,2,423,20,36,18,terminal_customer_network_burst,0.18,0.019769134500002672,0.18
X000098204,2026-02-15 16:18:37,C000822,A0000822,M00600,T00407,South,South,63.35,USD,card_present,3ds,approved,APPROVE,57.95,1.093183779119931,0,1,0,0,0,0,0,2,258,15,21,18,terminal_customer_network_burst,0.18,0.011201047562431938,0.18
X000216553,2026-02-15 16:18:57,C001770,A0001770,M00285,T01108,Midwest,Midwest,96.52,USD,ecommerce,3ds,approved,APPROVE,144.7,0.6670352453351762,0,1,0,1,0,0,0,0,317,13,25,18,terminal_customer_network_burst,0.18,0.008479123135538356,0.18
X000206254,2026-02-15 16:19:34,C001683,A0001683,M00511,T00501,Midwest,Midwest,34.48,USD,mobile_wallet,wallet_biometric,approved,APPROVE,55.91,0.6167054194240744,0,1,0,0,0,1,0,2,186,16,19,18,terminal_customer_network_burst,0.18,0.013157826069820307,0.18
X000128021,2026-02-15 16:19:40,C001053,A0001053,M00077,T00723,South,South,100.8,USD,ecommerce,wallet_biometric,approved,APPROVE,55.94,1.801930639971398,0,1,0,1,0,0,0,3,426,23,44,18,terminal_customer_network_burst,0.18,0.02715563404891912,0.18
X000038439,2026-02-15 16:19:43,C000328,A0000328,M00640,T00037,Midwest,Midwest,24.53,USD,card_present,magstripe,approved,APPROVE,32.14,0.7632233976353454,0,1,0,0,1,0,0,2,281,14,18,18,terminal_customer_network_burst,0.18,0.017899194448156068,0.18
X000169954,2026-02-15 16:19:56,C001401,A0001401,M00412,T00593,Northeast,Northeast,135.17,USD,card_present,chip_pin,approved,APPROVE,92.55,1.4605078336034576,0,1,0,0,0,0,0,7,212,13,0,58,customer_velocity;new_customer_terminal_pair;terminal_customer_network_burst,0.58,0.018588050124279488,0.58
X000070600,2026-02-15 16:20:03,C000599,A0000599,M00350,T01102,Midwest,Midwest,94.53,USD,ecommerce,chip_pin,approved,APPROVE,81.27,1.1631598375784422,0,1,0,1,0,0,0,1,117,11,13,18,terminal_customer_network_burst,0.18,0.008214500819392139,0.18
X000167278,2026-02-15 16:20:11,C001381,A0001381,M00128,T00044,Northeast,Northeast,304.19,USD,card_present,chip_pin,approved,APPROVE,184.34,1.650157317999349,0,1,0,0,0,0,0,3,153,19,46,18,terminal_customer_network_burst,0.18,0.011138702685051063,0.18
X000125264,2026-02-15 16:20:29,C001032,A0001032,M00624,T00925,South,West,173.52,USD,card_present,chip_pin,approved,APPROVE,220.63,0.7864750940488602,0,1,0,0,0,0,1,9,32,9,0,70,customer_velocity;new_customer_terminal_pair;terminal_customer_network_burst;home_region_mismatch,0.7,0.0721539173593864,0.7
X000127494,2026-02-15 16:20:42,C001051,A0001051,M00797,T00303,South,South,43.86,USD,card_present,wallet_biometric,approved,APPROVE,56.17,0.7808438668328289,0,1,0,0,0,0,0,1,235,19,14,18,terminal_customer_network_burst,0.18,0.013650968745002441,0.18
X000209206,2026-02-15 16:21:26,C001707,A0001707,M00621,T01090,West,West,45.17,USD,card_present,chip_pin,approved,APPROVE,52.95,0.8530689329556185,0,1,0,0,0,0,0,0,49,10,12,18,terminal_customer_network_burst,0.18,0.005348113798005649,0.18
X000227789,2026-02-15 16:21:46,C001856,A0001856,M00270,T00356,South,South,222.68,USD,ecommerce,magstripe,approved,APPROVE,120.97,1.840786971976523,0,1,0,1,1,0,0,2,161,11,42,18,terminal_customer_network_burst,0.18,0.013494086370432517,0.18
X000245489,2026-02-15 16:22:10,C001999,A0001999,M00482,T00610,West,West,123.34,USD,card_present,chip_pin,approved,APPROVE,131.76,0.9360959319975715,0,1,0,0,0,0,0,2,226,15,43,18,terminal_customer_network_burst,0.18,0.007130137833186716,0.18
X000177700,2026-02-15 16:22:54,C001461,A0001461,M00276,T00213,Northeast,Northeast,252.77,USD,card_present,chip_pin,approved,APPROVE,251.98,1.0031351694578936,0,1,0,0,0,0,0,4,158,11,65,18,terminal_customer_network_burst,0.18,0.0038599503798732587,0.18
X000086714,2026-02-15 16:23:07,C000727,A0000727,M00453,T00831,South,South,68.83,USD,mobile_wallet,magstripe,approved,APPROVE,98.78,0.6968009718566511,0,1,0,0,1,1,0,4,398,20,37,18,terminal_customer_network_burst,0.18,0.03715733685341846,0.18
X000204417,2026-02-15 16:23:27,C001668,A0001668,M00495,T00909,Midwest,Midwest,64.41,USD,card_present,3ds,approved,APPROVE,146.34,0.4401394013940139,0,1,0,0,0,0,0,5,94,8,71,43,customer_velocity;terminal_customer_network_burst,0.43,0.002185636472909812,0.43
X000237168,2026-02-15 16:23:56,C001934,A0001934,M00769,T00996,Northeast,West,54.82,USD,card_present,chip_pin,approved,APPROVE,164.43,0.3333941494861035,0,1,0,0,0,0,1,6,281,9,0,70,customer_velocity;new_customer_terminal_pair;terminal_customer_network_burst;home_region_mismatch,0.7,0.0763520239782966,0.7
X000077111,2026-02-15 16:24:35,C000648,A0000648,M00409,T00971,Northeast,Northeast,23.05,USD,ecommerce,3ds,approved,APPROVE,27.92,0.8255730659025787,0,1,0,1,0,0,0,4,136,12,23,18,terminal_customer_network_burst,0.18,0.008043127707741734,0.18
X000035776,2026-02-15 16:24:46,C000304,A0000304,M00594,T01188,Northeast,Northeast,24.38,USD,ecommerce,chip_pin,approved,APPROVE,56.66,0.4302859159901165,0,1,0,1,0,0,0,1,435,21,19,18,terminal_customer_network_burst,0.18,0.019266541332366414,0.18
X000079770,2026-02-15 16:24:47,C000671,A0000671,M00557,T00649,Midwest,Midwest,38.06,USD,card_present,wallet_biometric,approved,APPROVE,68.34,0.5569212759730758,0,1,0,0,0,0,0,2,215,19,42,18,terminal_customer_network_burst,0.18,0.00829319481381842,0.18
X000144777,2026-02-15 16:24:55,C001192,A0001192,M00033,T00091,West,West,50.26,USD,card_present,chip_pin,approved,APPROVE,62.56,0.803388746803069,0,1,0,0,0,0,0,1,114,13,22,18,terminal_customer_network_burst,0.18,0.0065118859592919074,0.18
X000139424,2026-02-15 16:24:58,C001149,A0001149,M00610,T00995,Midwest,Midwest,122.95,USD,card_present,wallet_biometric,approved,APPROVE,106.79,1.1513250304335612,0,1,0,0,0,0,0,0,209,16,19,18,terminal_customer_network_burst,0.18,0.010603022770786383,0.18
X000204844,2026-02-15 16:24:59,C001672,A0001672,M00745,T00344,West,Northeast,164.72,USD,ecommerce,magstripe,approved,APPROVE,89.42,1.842093491388951,0,1,0,1,1,0,1,2,131,12,0,45,new_customer_terminal_pair;terminal_customer_network_burst;home_region_mismatch,0.45,0.1868804493015662,0.45
X000197547,2026-02-15 16:25:04,C001621,A0001621,M00092,T00788,West,West,106.57,USD,ecommerce,wallet_biometric,approved,APPROVE,173.71,0.6134937539577456,0,1,0,1,0,0,0,1,275,18,74,18,terminal_customer_network_burst,0.18,0.0054798689016688235,0.18
X000211865,2026-02-15 16:25:17,C001727,A0001727,M00644,T00200,South,West,184.77,USD,card_present,chip_pin,approved,APPROVE,189.29,0.9761212953668974,0,1,0,0,0,0,1,3,40,7,0,27,new_customer_terminal_pair;home_region_mismatch,0.27,0.05040751088093295,0.27
X000242399,2026-02-15 16:25:40,C001979,A0001979,M00082,T00557,Northeast,Northeast,81.76,USD,ecommerce,chip_pin,approved,APPROVE,82.21,0.9945262133560395,0,1,0,1,0,0,0,3,220,12,32,18,terminal_customer_network_burst,0.18,0.008027778156537262,0.18
X000026775,2026-02-15 16:25:48,C000230,A0000230,M00712,T00650,South,South,84.72,USD,card_present,3ds,approved,APPROVE,79.41,1.0668681526256139,0,1,0,0,0,0,0,2,282,17,18,18,terminal_customer_network_burst,0.18,0.01394674227493933,0.18
X000024783,2026-02-15 16:26:29,C000209,A0000209,M00576,T00152,Midwest,Midwest,123.02,USD,mobile_wallet,chip_pin,approved,APPROVE,66.94,1.8377651628323872,0,1,0,0,0,1,0,4,118,19,28,18,terminal_customer_network_burst,0.18,0.02215422784072631,0.18
X000024883,2026-02-15 16:26:51,C000210,A0000210,M00567,T00161,Northeast,Northeast,23.59,USD,ecommerce,chip_pin,approved,APPROVE,38.63,0.6106652860471136,0,1,0,1,0,0,0,2,235,18,25,18,terminal_customer_network_burst,0.18,0.011694669882902199,0.18
X000092423,2026-02-15 16:27:08,C000773,A0000773,M00376,T00181,South,South,29.8,USD,mobile_wallet,chip_pin,approved,APPROVE,45.11,0.6606074041232542,0,1,0,0,0,1,0,6,385,19,62,43,customer_velocity;terminal_customer_network_burst,0.43,0.014213928049954189,0.43
X000025529,2026-02-15 16:27:15,C000217,A0000217,M00010,T00620,Northeast,Northeast,114.54,USD,card_present,chip_pin,approved,APPROVE,31.74,3.6086956521739135,0,1,0,0,0,0,0,1,122,18,25,48,amount_vs_profile;terminal_customer_network_burst,0.48,0.025168229814174867,0.48
X000063064,2026-02-15 16:27:17,C000534,A0000534,M00171,T00643,Northeast,Northeast,185.57,USD,card_present,3ds,approved,APPROVE,169.77,1.093067090769865,0,1,0,0,0,0,0,3,196,10,68,18,terminal_customer_network_burst,0.18,0.003559272733126273,0.18
X000042988,2026-02-15 16:27:37,C000363,A0000363,M00798,T01060,Northeast,Northeast,120.11,USD,card_present,chip_pin,approved,APPROVE,118.43,1.0141855948661656,0,1,0,0,0,0,0,2,291,10,49,18,terminal_customer_network_burst,0.18,0.005124984713120525,0.18
X000151909,2026-02-15 16:28:19,C001248,A0001248,M00414,T00189,Midwest,Midwest,80.68,USD,ecommerce,3ds,approved,APPROVE,51.53,1.5656898893848246,0,1,0,1,0,0,0,1,379,22,18,18,terminal_customer_network_burst,0.18,0.029099655426693256,0.18
X000103690,2026-02-15 16:28:22,C000872,A0000872,M00378,T01130,South,South,75.62,USD,card_present,chip_pin,approved,APPROVE,65.88,1.1478445658773528,0,1,0,0,0,0,0,3,297,17,62,18,terminal_customer_network_burst,0.18,0.00778392295966195,0.18
X000101298,2026-02-15 16:28:24,C000851,A0000851,M00232,T00367,West,West,958.13,USD,ecommerce,wallet_biometric,approved,APPROVE,554.65,1.7274497430812223,0,1,0,1,0,0,0,4,289,12,0,33,new_customer_terminal_pair;terminal_customer_network_burst,0.33,0.020248249675330177,0.33
X000206836,2026-02-15 16:28:46,C001687,A0001687,M00172,T00722,Northeast,Northeast,333.41,USD,card_present,chip_pin,approved,APPROVE,226.33,1.4731144788583044,0,1,0,0,0,0,0,9,377,13,71,43,customer_velocity;terminal_customer_network_burst,0.43,0.008821613020801998,0.43
X000121624,2026-02-15 16:28:56,C001009,A0001009,M00613,T00449,South,South,32.99,USD,mobile_wallet,wallet_biometric,approved,APPROVE,14.28,2.3102240896358546,0,1,0,0,0,1,0,2,269,17,24,18,terminal_customer_network_burst,0.18,0.02746555040954002,0.18
X000038325,2026-02-15 16:30:10,C000327,A0000327,M00376,T00702,South,South,474.17,USD,card_present,wallet_biometric,approved,APPROVE,139.35,3.402726946537496,0,1,0,0,0,0,0,6,178,12,36,73,amount_vs_profile;customer_velocity;terminal_customer_network_burst,0.73,0.018056796330621603,0.73
X000006218,2026-02-15 16:30:33,C000056,A0000056,M00484,T00728,South,South,82.96,USD,ecommerce,3ds,approved,APPROVE,99.33,0.8351958119399979,0,1,0,1,0,0,0,3,364,16,71,18,terminal_customer_network_burst,0.18,0.006865945903918203,0.18
X000104015,2026-02-15 16:30:41,C000875,A0000875,M00541,T00575,South,South,56.09,USD,card_present,wallet_biometric,approved,APPROVE,68.19,0.8225546267781201,0,1,0,0,0,0,0,1,168,12,22,18,terminal_customer_network_burst,0.18,0.006627118598729046,0.18
X000107106,2026-02-15 16:30:42,C000897,A0000897,M00789,T00886,Midwest,Midwest,22.38,USD,mobile_wallet,wallet_biometric,approved,APPROVE,33.2,0.6740963855421686,0,1,0,0,0,1,0,7,50,13,28,43,customer_velocity;terminal_customer_network_burst,0.43,0.009891945067502489,0.43
X000124765,2026-02-15 16:31:26,C001030,A0001030,M00452,T00101,Northeast,Northeast,188.87,USD,card_present,chip_pin,approved,APPROVE,208.04,0.9078542587963854,0,1,0,0,0,0,0,10,258,10,100,63,customer_velocity;high_customer_velocity;terminal_customer_network_burst,0.63,0.0031974496407289645,0.63
X000047096,2026-02-15 16:31:44,C000396,A0000396,M00391,T00267,Northeast,Northeast,64.52,USD,card_present,chip_pin,approved,APPROVE,53.07,1.2157527793480307,0,1,0,0,0,0,0,3,194,17,20,18,terminal_customer_network_burst,0.18,0.013137977333482324,0.18
X000155493,2026-02-15 16:31:52,C001280,A0001280,M00619,T00624,West,West,213.18,USD,card_present,wallet_biometric,approved,APPROVE,118.5,1.798987341772152,0,1,0,0,0,0,0,3,103,8,69,18,terminal_customer_network_burst,0.18,0.0033990453001017627,0.18
X000006658,2026-02-15 16:33:32,C000059,A0000059,M00002,T00850,Northeast,Northeast,69.15,USD,card_present,3ds,approved,APPROVE,45.46,1.5211174659040916,0,1,0,0,0,0,0,1,179,15,23,18,terminal_customer_network_burst,0.18,0.010670195606925819,0.18
X000078171,2026-02-15 16:33:47,C000657,A0000657,M00181,T00177,South,South,99.4,USD,ecommerce,chip_pin,approved,APPROVE,68.16,1.4583333333333335,0,1,0,1,0,0,0,2,142,17,12,18,terminal_customer_network_burst,0.18,0.015738571563371075,0.18
X000213457,2026-02-15 16:34:04,C001742,A0001742,M00676,T00051,Midwest,Midwest,23.04,USD,card_present,wallet_biometric,approved,APPROVE,28.4,0.8112676056338028,0,1,0,0,0,0,0,3,327,16,37,18,terminal_customer_network_burst,0.18,0.009912405007072989,0.18
X000079019,2026-02-15 16:34:05,C000665,A0000665,M00689,T01179,Northeast,Northeast,121.03,USD,ecommerce,wallet_biometric,approved,APPROVE,55.42,2.183868639480332,0,1,0,1,0,0,0,2,274,21,26,18,terminal_customer_network_burst,0.18,0.02687948098159226,0.18
X000091489,2026-02-15 16:34:09,C000767,A0000767,M00067,T00948,South,South,105.21,USD,card_present,magstripe,approved,APPROVE,94.13,1.117709550621481,0,1,0,0,1,0,0,3,316,19,39,18,terminal_customer_network_burst,0.18,0.02340998940544122,0.18
X000023506,2026-02-15 16:34:29,C000200,A0000200,M00610,T00260,Midwest,Midwest,30.08,USD,ecommerce,chip_pin,approved,APPROVE,41.87,0.7184141390016718,0,1,0,1,0,0,0,1,60,6,26,0,,0.0,0.0036118062025964227,0.0036118062025964227
X000182338,2026-02-15 16:34:35,C001500,A0001500,M00453,T00940,South,South,156.86,USD,mobile_wallet,wallet_biometric,approved,APPROVE,130.54,1.2016240232878812,0,1,0,0,0,1,0,5,411,23,64,43,customer_velocity;terminal_customer_network_burst,0.43,0.022116464041415134,0.43
X000220829,2026-02-15 16:35:10,C001800,A0001800,M00213,T00320,Northeast,Northeast,203.14,USD,card_present,chip_pin,approved,APPROVE,186.73,1.087880897552616,0,1,0,0,0,0,0,4,172,8,93,18,terminal_customer_network_burst,0.18,0.0021010303757982743,0.18
X000053431,2026-02-15 16:36:15,C000451,A0000451,M00070,T00004,Northeast,Northeast,34.6,USD,ecommerce,chip_pin,approved,APPROVE,59.14,0.5850524179912073,0,1,0,1,0,0,0,0,229,12,19,18,terminal_customer_network_burst,0.18,0.007336169601699987,0.18
X000018357,2026-02-15 16:36:28,C000156,A0000156,M00587,T01174,South,South,98.61,USD,card_present,chip_pin,approved,APPROVE,107.47,0.917558388387457,0,1,0,0,0,0,0,4,309,23,43,18,terminal_customer_network_burst,0.18,0.015981530345770066,0.18
X000032992,2026-02-15 16:36:28,C000279,A0000279,M00556,T00589,South,South,44.96,USD,card_present,chip_pin,approved,APPROVE,70.8,0.6350282485875707,0,1,0,0,0,0,0,3,360,19,15,18,terminal_customer_network_burst,0.18,0.017130891730740925,0.18
X000185269,2026-02-15 16:36:33,C001524,A0001524,M00532,T00040,West,West,148.03,USD,card_present,3ds,approved,APPROVE,133.37,1.1099197720626828,0,1,0,0,0,0,0,5,161,11,67,43,customer_velocity;terminal_customer_network_burst,0.43,0.004120146678815315,0.43
X000223004,2026-02-15 16:36:38,C001817,A0001817,M00040,T01012,Northeast,Northeast,68.16,USD,ecommerce,chip_pin,approved,APPROVE,68.51,0.9948912567508391,0,1,0,1,0,0,0,3,184,18,15,18,terminal_customer_network_burst,0.18,0.015322589826075636,0.18
X000116524,2026-02-15 16:36:51,C000966,A0000966,M00763,T00601,South,South,120.95,USD,mobile_wallet,chip_pin,approved,APPROVE,110.51,1.094471088589268,0,1,0,0,0,1,0,5,290,22,43,43,customer_velocity;terminal_customer_network_burst,0.43,0.02278652595119801,0.43
X000133635,2026-02-15 16:37:04,C001100,A0001100,M00380,T01026,Midwest,Midwest,40.59,USD,ecommerce,wallet_biometric,approved,APPROVE,33.78,1.2015985790408525,0,1,0,1,0,0,0,3,206,20,65,18,terminal_customer_network_burst,0.18,0.009051157786023126,0.18
X000011027,2026-02-15 16:37:21,C000099,A0000099,M00271,T01087,Northeast,Northeast,69.88,USD,ecommerce,wallet_biometric,approved,APPROVE,61.42,1.1377401497883424,0,1,0,1,0,0,0,1,219,19,31,18,terminal_customer_network_burst,0.18,0.0128567613039543,0.18
X000065438,2026-02-15 16:37:39,C000554,A0000554,M00791,T00739,South,South,31.91,USD,mobile_wallet,3ds,approved,APPROVE,61.94,0.5151759767516952,0,1,0,0,0,1,0,4,253,21,32,18,terminal_customer_network_burst,0.18,0.018287931735549854,0.18
X000139215,2026-02-15 16:37:41,C001147,A0001147,M00791,T00739,South,South,128.06,USD,mobile_wallet,chip_pin,approved,APPROVE,72.24,1.772702104097453,0,1,0,0,0,1,0,0,254,21,18,18,terminal_customer_network_burst,0.18,0.029132871884340255,0.18
X000185535,2026-02-15 16:37:56,C001525,A0001525,M00342,T00375,Midwest,Midwest,244.87,USD,ecommerce,3ds,approved,APPROVE,133.44,1.835056954436451,0,1,0,1,0,0,0,1,289,20,52,18,terminal_customer_network_burst,0.18,0.01430984958715678,0.18
X000214752,2026-02-15 16:38:58,C001753,A0001753,M00316,T00389,South,South,67.37,USD,card_present,3ds,approved,APPROVE,148.46,0.45379226727738114,0,1,0,0,0,0,0,3,350,20,45,18,terminal_customer_network_burst,0.18,0.01063334198926086,0.18
X000237691,2026-02-15 16:39:44,C001938,A0001938,M00154,T00860,South,South,170.24,USD,mobile_wallet,chip_pin,approved,APPROVE,111.49,1.5269530899632255,0,1,0,0,0,1,0,1,258,19,15,18,terminal_customer_network_burst,0.18,0.02563838625807486,0.18
X000146140,2026-02-15 16:39:54,C001205,A0001205,M00588,T01157,West,West,74.45,USD,mobile_wallet,wallet_biometric,approved,APPROVE,69.5,1.0712230215827339,0,1,0,0,0,1,0,0,63,15,27,18,terminal_customer_network_burst,0.18,0.009503986874460349,0.18
X000030614,2026-02-15 16:40:13,C000260,A0000260,M00353,T00378,Midwest,Midwest,125.29,USD,card_present,3ds,approved,APPROVE,214.67,0.5836400055899754,0,1,0,0,0,0,0,7,246,12,110,43,customer_velocity;terminal_customer_network_burst,0.43,0.0023504941685487347,0.43
X000226104,2026-02-15 16:40:14,C001842,A0001842,M00352,T01169,Midwest,Midwest,19.82,USD,card_present,chip_pin,approved,APPROVE,46.36,0.4275237273511648,0,1,0,0,0,0,0,1,131,8,20,18,terminal_customer_network_burst,0.18,0.004168243011911522,0.18
X000091364,2026-02-15 16:40:31,C000766,A0000766,M00640,T00333,Midwest,Midwest,117.46,USD,card_present,3ds,approved,APPROVE,57.94,2.0272695892302384,0,1,0,0,0,0,0,2,77,7,32,0,,0.0,0.005606307163699202,0.005606307163699202
X000120635,2026-02-15 16:40:33,C001002,A0001002,M00790,T01171,Northeast,Northeast,68.68,USD,mobile_wallet,chip_pin,approved,APPROVE,121.99,0.5629969669645054,0,1,0,0,0,1,0,2,123,17,28,18,terminal_customer_network_burst,0.18,0.010940978147743615,0.18
X000099996,2026-02-15 16:41:36,C000841,A0000841,M00266,T00421,Northeast,Northeast,25.61,USD,card_present,chip_pin,approved,APPROVE,54.83,0.4670800656574868,0,1,0,0,0,0,0,1,247,20,18,18,terminal_customer_network_burst,0.18,0.012525006569928894,0.18
X000138736,2026-02-15 16:42:26,C001142,A0001142,M00213,T00642,Northeast,Northeast,274.78,USD,mobile_wallet,wallet_biometric,approved,APPROVE,318.46,0.8628399171010488,0,1,0,0,0,1,0,1,103,13,23,18,terminal_customer_network_burst,0.18,0.009083339030175282,0.18
X000208796,2026-02-15 16:42:32,C001703,A0001703,M00251,T00782,West,West,51.25,USD,mobile_wallet,3ds,approved,APPROVE,89.83,0.5705220972948903,0,1,0,0,0,1,0,1,76,8,34,18,terminal_customer_network_burst,0.18,0.004569498610516561,0.18
X000078899,2026-02-15 16:43:04,C000664,A0000664,M00320,T00150,West,West,39.73,USD,ecommerce,3ds,approved,APPROVE,35.11,1.1315864426089433,0,1,0,1,0,0,0,0,278,13,26,18,terminal_customer_network_burst,0.18,0.009320447476916424,0.18
X000023136,2026-02-15 16:43:14,C000197,A0000197,M00779,T00146,South,South,157.2,USD,mobile_wallet,chip_pin,approved,APPROVE,131.98,1.1910895590240946,0,1,0,0,0,1,0,4,443,18,54,18,terminal_customer_network_burst,0.18,0.017890889985454756,0.18
X000081338,2026-02-15 16:43:42,C000681,A0000681,M00054,T00295,West,West,220.7,USD,card_present,3ds,approved,APPROVE,189.01,1.1676630866091742,0,1,0,0,0,0,0,6,230,12,106,43,customer_velocity;terminal_customer_network_burst,0.43,0.002874018805264164,0.43
X000125807,2026-02-15 16:44:12,C001036,A0001036,M00608,T00219,South,South,70.77,USD,mobile_wallet,chip_pin,approved,APPROVE,47.21,1.499046812116077,0,1,0,0,0,1,0,0,424,20,24,18,terminal_customer_network_burst,0.18,0.028990382657607023,0.18
X000225309,2026-02-15 16:44:36,C001836,A0001836,M00613,T00638,South,South,98.53,USD,ecommerce,chip_pin,approved,APPROVE,99.19,0.9933461034378466,0,1,0,1,0,0,0,7,226,17,41,43,customer_velocity;terminal_customer_network_burst,0.43,0.012479981438896948,0.43
X000060340,2026-02-15 16:44:45,C000513,A0000513,M00146,T00711,South,Northeast,84.1,USD,ecommerce,chip_pin,approved,APPROVE,115.4,0.7287694974003466,0,1,0,1,0,0,1,2,103,14,0,45,new_customer_terminal_pair;terminal_customer_network_burst;home_region_mismatch,0.45,0.08571721270073326,0.45
X000016300,2026-02-15 16:44:52,C000137,A0000137,M00544,T00846,South,South,198.66,USD,ecommerce,chip_pin,approved,APPROVE,145.83,1.3622711376260028,0,1,0,1,0,0,0,1,278,17,43,18,terminal_customer_network_burst,0.18,0.010957679191432574,0.18
X000220138,2026-02-15 16:45:33,C001797,A0001797,M00700,T00884,Northeast,Northeast,279.75,USD,card_present,chip_pin,soft_decline,CHALLENGE,161.59,1.73123336840151,0,1,1,0,0,0,0,4,224,11,71,26,terminal_customer_network_burst;authentication_soft_decline,0.26,0.0215636044884671,0.26
X000153850,2026-02-15 16:45:40,C001265,A0001265,M00196,T00164,Midwest,Midwest,55.53,USD,card_present,chip_pin,approved,APPROVE,71.91,0.772215269086358,0,1,0,0,0,0,0,1,110,15,14,18,terminal_customer_network_burst,0.18,0.008393229855022784,0.18
X000006659,2026-02-15 16:45:48,C000059,A0000059,M00638,T01099,Northeast,Northeast,19.9,USD,card_present,chip_pin,approved,APPROVE,45.46,0.43774747030356354,0,1,0,0,0,0,0,2,167,12,29,18,terminal_customer_network_burst,0.18,0.005422866967269308,0.18
X000146839,2026-02-15 16:45:53,C001210,A0001210,M00080,T00590,Midwest,Midwest,147.7,USD,card_present,wallet_biometric,approved,APPROVE,138.79,1.0641977087686432,0,1,0,0,0,0,0,7,197,13,67,43,customer_velocity;terminal_customer_network_burst,0.43,0.005509154444982362,0.43
X000108197,2026-02-15 16:45:59,C000905,A0000905,M00368,T01069,West,West,80.84,USD,ecommerce,3ds,approved,APPROVE,84.84,0.9528524280999529,0,1,0,1,0,0,0,1,65,12,8,18,terminal_customer_network_burst,0.18,0.008163754615200906,0.18
X000031388,2026-02-15 16:46:00,C000265,A0000265,M00782,T00669,Midwest,Midwest,37.17,USD,ecommerce,chip_pin,approved,APPROVE,31.53,1.1788772597526165,0,1,0,1,0,0,0,5,199,12,31,43,customer_velocity;terminal_customer_network_burst,0.43,0.0093815485768621,0.43
X000037229,2026-02-15 16:46:40,C000318,A0000318,M00326,T00127,Northeast,Northeast,93.16,USD,card_present,chip_pin,approved,APPROVE,87.26,1.0676140270456107,0,1,0,0,0,0,0,6,213,14,39,43,customer_velocity;terminal_customer_network_burst,0.43,0.008956384316606527,0.43
X000100054,2026-02-15 16:47:17,C000842,A0000842,M00784,T00756,South,South,41.47,USD,ecommerce,3ds,approved,APPROVE,48.03,0.8634186966479284,0,1,0,1,0,0,0,1,311,19,12,18,terminal_customer_network_burst,0.18,0.01800565267716655,0.18
X000071070,2026-02-15 16:47:24,C000603,A0000603,M00286,T00067,West,West,15.7,USD,ecommerce,3ds,approved,APPROVE,20.25,0.7753086419753086,0,1,0,1,0,0,0,0,147,12,12,18,terminal_customer_network_burst,0.18,0.007735995241101427,0.18
X000120770,2026-02-15 16:47:56,C001003,A0001003,M00675,T00026,Midwest,Midwest,40.71,USD,ecommerce,chip_pin,approved,APPROVE,103.03,0.39512763272833157,0,1,0,1,0,0,0,5,111,9,35,43,customer_velocity;terminal_customer_network_burst,0.43,0.004630812580188042,0.43
X000036650,2026-02-15 16:47:59,C000314,A0000314,M00560,T00894,West,West,71.88,USD,card_present,chip_pin,approved,APPROVE,58.0,1.2393103448275862,0,1,0,0,0,0,0,1,52,12,25,18,terminal_customer_network_burst,0.18,0.006159107961900632,0.18
X000088018,2026-02-15 16:48:00,C000739,A0000739,M00251,T00619,West,West,41.91,USD,card_present,3ds,approved,APPROVE,42.99,0.974877878576413,0,1,0,0,0,0,0,2,95,11,34,18,terminal_customer_network_burst,0.18,0.00507942067061745,0.18
X000213165,2026-02-15 16:48:11,C001740,A0001740,M00454,T00284,West,West,282.67,USD,ecommerce,3ds,approved,APPROVE,119.74,2.3606981793886757,0,1,0,1,0,0,0,1,146,16,29,18,terminal_customer_network_burst,0.18,0.014910014049401404,0.18
X000114999,2026-02-15 16:48:46,C000956,A0000956,M00566,T00310,West,West,245.84,USD,ecommerce,3ds,approved,APPROVE,222.07,1.1070383212500563,0,1,0,1,0,0,0,4,71,7,44,0,,0.0,0.0040246105811184,0.0040246105811184
X000223948,2026-02-15 16:48:49,C001827,A0001827,M00657,T00743,South,South,37.09,USD,card_present,3ds,approved,APPROVE,22.77,1.6288976723759334,0,1,0,0,0,0,0,0,155,16,28,18,terminal_customer_network_burst,0.18,0.010095547983906314,0.18
X000179127,2026-02-15 16:48:59,C001474,A0001474,M00168,T00944,Northeast,Northeast,22.37,USD,ecommerce,3ds,approved,APPROVE,29.57,0.7565099763273588,0,1,0,1,0,0,0,1,294,17,38,18,terminal_customer_network_burst,0.18,0.009727928102892571,0.18
X000072240,2026-02-15 16:50:21,C000610,A0000610,M00524,T00085,West,West,80.53,USD,ecommerce,chip_pin,approved,APPROVE,97.14,0.8290096767551987,0,1,0,1,0,0,0,4,177,14,73,18,terminal_customer_network_burst,0.18,0.004526278132837319,0.18
X000174731,2026-02-15 16:50:49,C001439,A0001439,M00305,T00675,Northeast,Northeast,147.56,USD,ecommerce,3ds,approved,APPROVE,141.68,1.041501976284585,0,1,0,1,0,0,0,3,190,10,53,18,terminal_customer_network_burst,0.18,0.004844358339896435,0.18
X000093633,2026-02-15 16:51:23,C000784,A0000784,M00042,T00766,Northeast,Northeast,36.52,USD,mobile_wallet,chip_pin,approved,APPROVE,63.34,0.5765708872750237,0,1,0,0,0,1,0,2,106,15,10,18,terminal_customer_network_burst,0.18,0.012272309586082714,0.18
X000162190,2026-02-15 16:52:23,C001339,A0001339,M00166,T00022,Northeast,Northeast,94.79,USD,mobile_wallet,3ds,approved,APPROVE,127.04,0.7461429471032746,0,1,0,0,0,1,0,1,207,23,29,18,terminal_customer_network_burst,0.18,0.019199123279730772,0.18
X000211108,2026-02-15 16:52:47,C001721,A0001721,M00313,T00777,Northeast,Northeast,86.77,USD,ecommerce,3ds,approved,APPROVE,43.08,2.014159702878366,0,1,0,1,0,0,0,1,339,15,32,18,terminal_customer_network_burst,0.18,0.0156810150510423,0.18
X000062254,2026-02-15 16:53:25,C000529,A0000529,M00712,T00650,South,South,63.09,USD,ecommerce,chip_pin,approved,APPROVE,60.13,1.049226675536338,0,1,0,1,0,0,0,3,283,17,38,18,terminal_customer_network_burst,0.18,0.011821919703300147,0.18
X000013731,2026-02-15 16:54:00,C000116,A0000116,M00564,T01141,Northeast,Northeast,136.29,USD,card_present,chip_pin,approved,APPROVE,197.15,0.6913010398173979,0,1,0,0,0,0,0,7,256,16,67,43,customer_velocity;terminal_customer_network_burst,0.43,0.00655100940798773,0.43
X000070516,2026-02-15 16:54:23,C000598,A0000598,M00094,T01093,South,South,14.29,USD,mobile_wallet,3ds,approved,APPROVE,31.05,0.46022544283413847,0,1,0,0,0,1,0,3,227,10,20,18,terminal_customer_network_burst,0.18,0.008876619394280054,0.18
X000166481,2026-02-15 16:54:25,C001374,A0001374,M00127,T00810,South,South,66.02,USD,ecommerce,chip_pin,approved,APPROVE,43.9,1.5038724373576309,0,1,0,1,0,0,0,2,113,7,15,0,,0.0,0.0070590567031238215,0.0070590567031238215
X000149421,2026-02-15 16:54:27,C001229,A0001229,M00111,T01015,Midwest,Midwest,36.42,USD,card_present,chip_pin,approved,APPROVE,28.61,1.2729814750087383,0,1,0,0,0,0,0,0,319,14,30,18,terminal_customer_network_burst,0.18,0.009559645192626247,0.18
X000203098,2026-02-15 16:54:28,C001663,A0001663,M00327,T00251,South,South,108.73,USD,ecommerce,3ds,approved,APPROVE,36.68,2.9642857142857144,0,1,0,1,0,0,0,2,165,15,0,33,new_customer_terminal_pair;terminal_customer_network_burst,0.33,0.02931899746311597,0.33
X000203367,2026-02-15 16:54:29,C001664,A0001664,M00453,T00940,South,South,665.49,USD,card_present,3ds,approved,APPROVE,245.36,2.7123002934463645,0,1,0,0,0,0,0,7,412,23,80,43,customer_velocity;terminal_customer_network_burst,0.43,0.02362004888324519,0.43
X000112540,2026-02-15 16:54:40,C000941,A0000941,M00580,T00415,South,South,50.26,USD,ecommerce,chip_pin,approved,APPROVE,52.11,0.9644981769334101,0,1,0,1,0,0,0,0,326,21,29,18,terminal_customer_network_burst,0.18,0.01609761085215659,0.18
X000122982,2026-02-15 16:55:29,C001019,A0001019,M00378,T01130,South,South,343.86,USD,card_present,chip_pin,approved,APPROVE,167.99,2.0469075540210726,0,1,0,0,0,0,0,1,298,17,55,18,terminal_customer_network_burst,0.18,0.010893056814697643,0.18
X000176677,2026-02-15 16:55:54,C001456,A0001456,M00345,T01160,South,South,14.67,USD,card_present,wallet_biometric,approved,APPROVE,28.56,0.513655462184874,0,1,0,0,0,0,0,2,112,12,19,18,terminal_customer_network_burst,0.18,0.005993335043351147,0.18
X000066530,2026-02-15 16:56:26,C000564,A0000564,M00427,T01200,South,South,169.1,USD,card_present,wallet_biometric,approved,APPROVE,64.67,2.6148136693984845,0,1,0,0,0,0,0,1,235,18,24,18,terminal_customer_network_burst,0.18,0.021188073026879525,0.18
X000068569,2026-02-15 16:56:33,C000581,A0000581,M00257,T00772,South,South,103.44,USD,ecommerce,chip_pin,approved,APPROVE,47.33,2.1855060215508133,0,1,0,1,0,0,0,1,404,26,23,18,terminal_customer_network_burst,0.18,0.04634234225496328,0.18
X000138523,2026-02-15 16:58:08,C001140,A0001140,M00231,T00176,South,South,26.17,USD,card_present,wallet_biometric,approved,APPROVE,44.53,0.5876936896474287,0,1,0,0,0,0,0,2,239,16,13,18,terminal_customer_network_burst,0.18,0.011017341608926118,0.18
X000036651,2026-02-15 16:58:16,C000314,A0000314,M00343,T00426,West,West,47.04,USD,card_present,magstripe,approved,APPROVE,58.0,0.8110344827586207,0,1,0,0,1,0,0,2,63,10,12,18,terminal_customer_network_burst,0.18,0.010711833462521851,0.18
X000019871,2026-02-15 16:58:22,C000172,A0000172,M00724,T00630,West,West,13.12,USD,mobile_wallet,chip_pin,approved,APPROVE,60.07,0.21841185283835524,0,1,0,0,0,1,0,0,133,16,18,18,terminal_customer_network_burst,0.18,0.009589504224173635,0.18
X000053363,2026-02-15 16:58:24,C000450,A0000450,M00023,T00099,South,Midwest,92.32,USD,card_present,wallet_biometric,approved,APPROVE,92.33,0.9998916928408967,0,1,0,0,0,0,1,1,22,8,0,45,new_customer_terminal_pair;terminal_customer_network_burst;home_region_mismatch,0.45,0.04799566286930635,0.45
X000115517,2026-02-15 16:58:28,C000959,A0000959,M00745,T00823,Northeast,Northeast,206.92,USD,ecommerce,3ds,approved,APPROVE,188.1,1.100053163211058,0,1,0,1,0,0,0,1,333,12,55,18,terminal_customer_network_burst,0.18,0.00623502921121258,0.18
X000015522,2026-02-15 16:58:33,C000132,A0000132,M00484,T00728,South,South,32.94,USD,ecommerce,3ds,approved,APPROVE,48.3,0.6819875776397516,0,1,0,1,0,0,0,1,365,16,15,18,terminal_customer_network_burst,0.18,0.014064955488187147,0.18
X000050887,2026-02-15 16:58:53,C000427,A0000427,M00423,T00106,South,South,186.21,USD,card_present,chip_pin,approved,APPROVE,187.71,0.9920089499760268,0,1,0,0,0,0,0,2,192,17,22,18,terminal_customer_network_burst,0.18,0.011101634107587544,0.18
X000201319,2026-02-15 16:58:56,C001648,A0001648,M00717,T00614,South,South,192.95,USD,ecommerce,chip_pin,approved,APPROVE,190.18,1.0145651488063938,0,1,0,1,0,0,0,6,292,16,49,43,customer_velocity;terminal_customer_network_burst,0.43,0.01084252889692998,0.43
X000166643,2026-02-15 16:58:57,C001375,A0001375,M00309,T01075,Northeast,Northeast,16.02,USD,card_present,chip_pin,approved,APPROVE,19.59,0.8177641653905053,0,1,0,0,0,0,0,4,146,11,46,18,terminal_customer_network_burst,0.18,0.004772344982690935,0.18
X000012462,2026-02-15 16:59:06,C000108,A0000108,M00055,T01044,South,South,33.65,USD,card_present,wallet_biometric,approved,APPROVE,37.77,0.8909187185597034,0,1,0,0,0,0,0,1,408,24,35,18,terminal_customer_network_burst,0.18,0.01917539507749312,0.18
X000151442,2026-02-15 16:59:22,C001243,A0001243,M00563,T00173,Midwest,Midwest,77.91,USD,card_present,magstripe,approved,APPROVE,57.59,1.35283903455461,0,1,0,0,1,0,0,2,82,10,34,18,terminal_customer_network_burst,0.18,0.009533827060752306,0.18
X000196703,2026-02-15 16:59:28,C001615,A0001615,M00338,T00847,Northeast,Northeast,25.96,USD,card_present,wallet_biometric,approved,APPROVE,49.67,0.5226494866116368,0,1,0,0,0,0,0,1,296,15,26,18,terminal_customer_network_burst,0.18,0.00845500924058105,0.18
X000045664,2026-02-15 17:00:15,C000382,A0000382,M00661,T00337,Northeast,Northeast,534.0,USD,ecommerce,chip_pin,approved,APPROVE,572.35,0.9329955446841967,0,1,0,1,0,0,0,6,279,14,66,43,customer_velocity;terminal_customer_network_burst,0.43,0.00683013624232108,0.43
X000055798,2026-02-15 17:00:41,C000471,A0000471,M00038,T00874,South,South,161.33,USD,card_present,chip_pin,approved,APPROVE,136.92,1.178279287174993,0,1,0,0,0,0,0,4,465,29,90,18,terminal_customer_network_burst,0.18,0.016576494849277063,0.18
X000182817,2026-02-15 17:00:51,C001503,A0001503,M00227,T00504,Midwest,Midwest,46.12,USD,ecommerce,wallet_biometric,approved,APPROVE,113.48,0.40641522735283747,0,1,0,1,0,0,0,4,292,14,48,18,terminal_customer_network_burst,0.18,0.006857718777544252,0.18
X000114822,2026-02-15 17:00:57,C000955,A0000955,M00204,T00165,Midwest,Midwest,46.43,USD,card_present,chip_pin,approved,APPROVE,63.4,0.7323343848580441,0,1,0,0,0,0,0,0,80,10,20,18,terminal_customer_network_burst,0.18,0.004732423380332848,0.18
X000162607,2026-02-15 17:00:57,C001342,A0001342,M00372,T00192,South,South,477.87,USD,ecommerce,wallet_biometric,approved,APPROVE,177.7,2.689195272931908,0,1,0,1,0,0,0,5,310,19,58,43,customer_velocity;terminal_customer_network_burst,0.43,0.021037129374709748,0.43
X000221405,2026-02-15 17:02:06,C001804,A0001804,M00154,T01001,South,South,85.12,USD,mobile_wallet,chip_pin,approved,APPROVE,206.37,0.4124630518001648,0,1,0,0,0,1,0,10,340,17,79,63,customer_velocity;high_customer_velocity;terminal_customer_network_burst,0.63,0.009900761157719287,0.63
X000086438,2026-02-15 17:03:26,C000725,A0000725,M00459,T00795,Northeast,Northeast,56.85,USD,card_present,chip_pin,approved,APPROVE,82.78,0.6867600869775308,0,1,0,0,0,0,0,2,240,11,32,18,terminal_customer_network_burst,0.18,0.005900438290730783,0.18
X000225310,2026-02-15 17:03:38,C001836,A0001836,M00294,T00471,South,South,139.48,USD,card_present,wallet_biometric,approved,APPROVE,99.19,1.4061901401350942,0,1,0,0,0,0,0,8,185,17,50,43,customer_velocity;terminal_customer_network_burst,0.43,0.01129252640120266,0.43
X000016012,2026-02-15 17:04:21,C000135,A0000135,M00295,T00425,South,South,183.51,USD,ecommerce,3ds,approved,APPROVE,91.86,1.9977139124755061,0,1,0,1,0,0,0,4,455,20,34,18,terminal_customer_network_burst,0.18,0.030164302303801876,0.18
X000002308,2026-02-15 17:04:43,C000021,A0000021,M00285,T00370,Midwest,Midwest,41.1,USD,card_present,chip_pin,approved,APPROVE,43.71,0.9402882635552505,0,1,0,0,0,0,0,0,196,14,17,18,terminal_customer_network_burst,0.18,0.008580337526866188,0.18
X000087066,2026-02-15 17:04:59,C000729,A0000729,M00516,T00435,Northeast,Northeast,57.98,USD,ecommerce,chip_pin,approved,APPROVE,47.28,1.226311336717428,0,1,0,1,0,0,0,1,183,9,19,18,terminal_customer_network_burst,0.18,0.007323341623892066,0.18
X000163553,2026-02-15 17:05:26,C001348,A0001348,M00753,T00413,South,South,97.03,USD,ecommerce,chip_pin,approved,APPROVE,58.02,1.6723543605653222,0,1,0,1,0,0,0,5,386,16,48,43,customer_velocity;terminal_customer_network_burst,0.43,0.015357424526098517,0.43
X000169955,2026-02-15 17:05:54,C001401,A0001401,M00445,T00086,Northeast,Northeast,60.23,USD,ecommerce,chip_pin,approved,APPROVE,92.55,0.650783360345759,0,1,0,1,0,0,0,8,294,20,57,43,customer_velocity;terminal_customer_network_burst,0.43,0.012473146676773642,0.43
X000052910,2026-02-15 17:06:26,C000446,A0000446,M00253,T01072,South,South,51.21,USD,mobile_wallet,chip_pin,approved,APPROVE,77.56,0.6602630221763796,0,1,0,0,0,1,0,2,216,14,47,18,terminal_customer_network_burst,0.18,0.007811313405691131,0.18
X000003144,2026-02-15 17:06:44,C000028,A0000028,M00675,T00836,Midwest,Midwest,116.48,USD,card_present,3ds,approved,APPROVE,126.86,0.9181775185243576,0,1,0,0,0,0,0,4,116,13,77,18,terminal_customer_network_burst,0.18,0.00335880782763819,0.18
X000079771,2026-02-15 17:06:47,C000671,A0000671,M00779,T00146,Midwest,South,132.48,USD,ecommerce,3ds,approved,APPROVE,68.34,1.9385425812115888,0,1,0,1,0,0,1,3,444,18,0,45,new_customer_terminal_pair;terminal_customer_network_burst;home_region_mismatch,0.45,0.26083451479877034,0.45
X000122658,2026-02-15 17:07:02,C001017,A0001017,M00782,T00669,Midwest,Midwest,72.99,USD,card_present,chip_pin,approved,APPROVE,60.44,1.207643944407677,0,1,0,0,0,0,0,4,200,12,14,18,terminal_customer_network_burst,0.18,0.010641014465338597,0.18
X000041316,2026-02-15 17:07:16,C000349,A0000349,M00513,T00308,Midwest,Midwest,879.04,USD,card_present,wallet_biometric,approved,APPROVE,285.86,3.0750717134261523,0,1,0,0,0,0,0,6,164,10,77,73,amount_vs_profile;customer_velocity;terminal_customer_network_burst,0.73,0.0071441519658852265,0.73
X000112815,2026-02-15 17:07:41,C000943,A0000943,M00184,T01155,South,South,157.73,USD,ecommerce,3ds,approved,APPROVE,211.71,0.7450285768267912,0,1,0,1,0,0,0,4,285,17,57,18,terminal_customer_network_burst,0.18,0.008302345632447498,0.18
X000056307,2026-02-15 17:07:43,C000475,A0000475,M00297,T00721,Northeast,Northeast,951.48,USD,mobile_wallet,3ds,approved,APPROVE,177.62,5.356829185902488,0,1,0,0,0,1,0,6,267,19,44,73,amount_vs_profile;customer_velocity;terminal_customer_network_burst,0.73,0.08318258888121378,0.73
X000098817,2026-02-15 17:08:22,C000828,A0000828,M00401,T01080,South,South,137.14,USD,ecommerce,chip_pin,approved,APPROVE,70.88,1.9348194130925507,0,1,0,1,0,0,0,1,127,11,27,18,terminal_customer_network_burst,0.18,0.008891419157219726,0.18
X000241585,2026-02-15 17:08:27,C001971,A0001971,M00125,T00855,West,West,243.5,USD,ecommerce,wallet_biometric,approved,APPROVE,150.08,1.6224680170575692,0,1,0,1,0,0,0,1,90,9,35,18,terminal_customer_network_burst,0.18,0.005706600985843092,0.18
X000215079,2026-02-15 17:08:47,C001756,A0001756,M00786,T00776,Northeast,Northeast,29.51,USD,card_present,wallet_biometric,approved,APPROVE,74.2,0.3977088948787062,0,1,0,0,0,0,0,1,158,11,25,18,terminal_customer_network_burst,0.18,0.004948617192935882,0.18
X000103691,2026-02-15 17:09:51,C000872,A0000872,M00378,T01130,South,South,23.65,USD,card_present,wallet_biometric,approved,APPROVE,65.88,0.3589860352155434,0,1,0,0,0,0,0,4,299,17,63,18,terminal_customer_network_burst,0.18,0.006061756351957949,0.18
X000209075,2026-02-15 17:09:51,C001705,A0001705,M00634,T01016,Northeast,Northeast,84.36,USD,card_present,chip_pin,approved,APPROVE,62.52,1.3493282149712091,0,1,0,0,0,0,0,4,211,17,27,18,terminal_customer_network_burst,0.18,0.013375412250665172,0.18
X000125569,2026-02-15 17:10:08,C001034,A0001034,M00130,T00214,South,South,49.97,USD,ecommerce,chip_pin,approved,APPROVE,70.93,0.7044973917947271,0,1,0,1,0,0,0,2,158,9,31,18,terminal_customer_network_burst,0.18,0.005075615551714918,0.18
X000055127,2026-02-15 17:10:34,C000466,A0000466,M00040,T00439,Northeast,Northeast,19.71,USD,card_present,3ds,approved,APPROVE,39.01,0.5052550628044091,0,1,0,0,0,0,0,1,304,15,8,18,terminal_customer_network_burst,0.18,0.011274137877048245,0.18
X000156339,2026-02-15 17:10:42,C001286,A0001286,M00299,T00392,Northeast,Northeast,257.73,USD,card_present,chip_pin,approved,APPROVE,240.04,1.0736960506582238,0,1,0,0,0,0,0,3,118,10,43,18,terminal_customer_network_burst,0.18,0.004642036033344455,0.18
X000237169,2026-02-15 17:11:38,C001934,A0001934,M00667,T00182,Northeast,Northeast,290.44,USD,card_present,magstripe,approved,APPROVE,164.43,1.7663443410569846,0,1,0,0,1,0,0,7,228,11,63,43,customer_velocity;terminal_customer_network_burst,0.43,0.01232846777141093,0.43
X000103810,2026-02-15 17:11:55,C000873,A0000873,M00282,T01131,South,South,74.2,USD,mobile_wallet,3ds,approved,APPROVE,95.2,0.7794117647058824,0,1,0,0,0,1,0,1,447,22,27,18,terminal_customer_network_burst,0.18,0.02687010947426539,0.18
X000125980,2026-02-15 17:11:56,C001038,A0001038,M00585,T00052,Midwest,Midwest,95.04,USD,ecommerce,chip_pin,approved,APPROVE,44.44,2.1386138613861387,0,1,0,1,0,0,0,1,239,17,13,18,terminal_customer_network_burst,0.18,0.021844808070954885,0.18
X000164477,2026-02-15 17:13:05,C001355,A0001355,M00085,T00540,Northeast,Northeast,179.38,USD,mobile_wallet,chip_pin,approved,APPROVE,213.19,0.8414090717200619,0,1,0,0,0,1,0,4,183,10,45,18,terminal_customer_network_burst,0.18,0.006792370772659918,0.18
X000085309,2026-02-15 17:13:28,C000712,A0000712,M00433,T00752,Midwest,Midwest,65.26,USD,mobile_wallet,3ds,approved,APPROVE,43.3,1.50715935334873,0,1,0,0,0,1,0,2,180,14,15,18,terminal_customer_network_burst,0.18,0.016610973140706826,0.18
X000061794,2026-02-15 17:14:34,C000526,A0000526,M00769,T00996,West,West,49.72,USD,mobile_wallet,chip_pin,approved,APPROVE,156.59,0.31751708282776675,0,1,0,0,0,1,0,6,282,10,65,43,customer_velocity;terminal_customer_network_burst,0.43,0.005296743473260891,0.43
X000042710,2026-02-15 17:15:20,C000361,A0000361,M00387,T00209,Northeast,Northeast,37.74,USD,card_present,3ds,approved,APPROVE,43.71,0.8634179821551132,0,1,0,0,0,0,0,0,200,16,36,18,terminal_customer_network_burst,0.18,0.007208089735948642,0.18
X000237457,2026-02-15 17:15:35,C001936,A0001936,M00516,T00435,Northeast,Northeast,26.99,USD,mobile_wallet,wallet_biometric,approved,APPROVE,53.89,0.5008350343291891,0,1,0,0,0,1,0,3,184,9,26,18,terminal_customer_network_burst,0.18,0.0071344279292746985,0.18
X000023264,2026-02-15 17:15:39,C000198,A0000198,M00374,T00569,South,South,151.16,USD,ecommerce,magstripe,approved,APPROVE,96.03,1.5740914297615327,0,1,0,1,1,0,0,1,212,19,28,18,terminal_customer_network_burst,0.18,0.027788868735166186,0.18
X000043391,2026-02-15 17:16:05,C000367,A0000367,M00269,T00339,West,West,45.48,USD,ecommerce,chip_pin,approved,APPROVE,59.95,0.7586321934945788,0,1,0,1,0,0,0,2,163,9,18,18,terminal_customer_network_burst,0.18,0.0064011090014739975,0.18
X000141153,2026-02-15 17:16:29,C001162,A0001162,M00695,T00010,Midwest,Midwest,99.16,USD,card_present,3ds,approved,APPROVE,135.54,0.7315921499188431,0,1,0,0,0,0,0,1,95,14,31,18,terminal_customer_network_burst,0.18,0.005751368571237887,0.18
X000232407,2026-02-15 17:16:46,C001895,A0001895,M00257,T00772,South,South,12.87,USD,card_present,magstripe,approved,APPROVE,63.18,0.2037037037037037,0,1,0,0,1,0,0,3,405,26,27,18,terminal_customer_network_burst,0.18,0.03817741901156782,0.18
X000108451,2026-02-15 17:17:45,C000908,A0000908,M00342,T00483,Midwest,Midwest,241.47,USD,mobile_wallet,chip_pin,approved,APPROVE,119.5,2.020669456066946,0,1,0,0,0,1,0,1,316,18,39,18,terminal_customer_network_burst,0.18,0.02150792333842588,0.18
X000217673,2026-02-15 17:17:45,C001777,A0001777,M00517,T00647,Midwest,Midwest,132.38,USD,card_present,chip_pin,approved,APPROVE,197.68,0.6696681505463374,0,1,0,0,0,0,0,1,245,13,49,18,terminal_customer_network_burst,0.18,0.0049664282969462455,0.18
X000040448,2026-02-15 17:19:33,C000343,A0000343,M00018,T00234,South,South,35.44,USD,ecommerce,chip_pin,approved,APPROVE,51.15,0.6928641251221896,0,1,0,1,0,0,0,2,137,14,23,18,terminal_customer_network_burst,0.18,0.00799198158418908,0.18
X000140529,2026-02-15 17:19:48,C001156,A0001156,M00504,T00422,Northeast,Northeast,119.27,USD,ecommerce,wallet_biometric,approved,APPROVE,72.95,1.6349554489376283,0,1,0,1,0,0,0,4,341,13,22,18,terminal_customer_network_burst,0.18,0.016192618653208646,0.18
X000082315,2026-02-15 17:19:50,C000689,A0000689,M00553,T00398,West,West,73.43,USD,ecommerce,chip_pin,approved,APPROVE,50.73,1.4474669820618966,0,1,0,1,0,0,0,2,108,13,20,18,terminal_customer_network_burst,0.18,0.009823059185891223,0.18
X000173490,2026-02-15 17:20:27,C001430,A0001430,M00433,T00752,Midwest,Midwest,114.52,USD,ecommerce,3ds,approved,APPROVE,113.63,1.0078324386165625,0,1,0,1,0,0,0,2,181,14,37,18,terminal_customer_network_burst,0.18,0.007709522247583853,0.18
X000130457,2026-02-15 17:20:45,C001072,A0001072,M00524,T00505,West,West,48.93,USD,card_present,magstripe,approved,APPROVE,26.9,1.8189591078066916,0,1,0,0,1,0,0,0,100,16,20,18,terminal_customer_network_burst,0.18,0.020107794318766893,0.18
X000076535,2026-02-15 17:20:54,C000643,A0000643,M00445,T00021,Northeast,Northeast,31.35,USD,ecommerce,3ds,approved,APPROVE,44.49,0.7046527309507754,0,1,0,1,0,0,0,1,262,11,41,18,terminal_customer_network_burst,0.18,0.00559463939216912,0.18
X000085550,2026-02-15 17:20:58,C000715,A0000715,M00212,T00443,Midwest,Midwest,6.13,USD,ecommerce,wallet_biometric,approved,APPROVE,20.07,0.3054309915296462,0,1,0,1,0,0,0,0,175,17,24,18,terminal_customer_network_burst,0.18,0.008108107421327152,0.18
X000142355,2026-02-15 17:22:07,C001173,A0001173,M00147,T00410,South,South,59.03,USD,card_present,wallet_biometric,approved,APPROVE,41.81,1.4118631906242525,0,1,0,0,0,0,0,0,133,12,9,18,terminal_customer_network_burst,0.18,0.009070209236865514,0.18
X000232905,2026-02-15 17:22:08,C001898,A0001898,M00675,T00026,Midwest,Midwest,133.97,USD,ecommerce,chip_pin,approved,APPROVE,61.86,2.165696734561914,0,1,0,1,0,0,0,2,112,9,25,18,terminal_customer_network_burst,0.18,0.008888621248918248,0.18
X000014283,2026-02-15 17:22:24,C000121,A0000121,M00541,T00575,South,South,61.84,USD,card_present,wallet_biometric,approved,APPROVE,58.02,1.065839365735953,0,1,0,0,0,0,0,3,169,12,28,18,terminal_customer_network_burst,0.18,0.007337825858027865,0.18
X000028192,2026-02-15 17:22:24,C000243,A0000243,M00500,T00274,Midwest,Midwest,133.78,USD,mobile_wallet,3ds,approved,APPROVE,160.27,0.8347164160479191,0,1,0,0,0,1,0,0,166,12,31,18,terminal_customer_network_burst,0.18,0.007710516200665008,0.18
X000182339,2026-02-15 17:22:42,C001500,A0001500,M00453,T00940,South,South,243.24,USD,card_present,3ds,approved,APPROVE,130.54,1.8633369082273634,0,1,0,0,0,0,0,5,413,23,65,43,customer_velocity;terminal_customer_network_burst,0.43,0.019779241673142666,0.43
X000093687,2026-02-15 17:23:07,C000785,A0000785,M00400,T00412,West,West,31.26,USD,card_present,chip_pin,approved,APPROVE,53.66,0.5825568393589267,0,1,0,0,0,0,0,0,66,12,12,18,terminal_customer_network_burst,0.18,0.005752501320247026,0.18
X000126635,2026-02-15 17:23:08,C001042,A0001042,M00074,T00967,South,South,19.99,USD,card_present,3ds,approved,APPROVE,16.47,1.2137219186399515,0,1,0,0,0,0,0,3,338,18,47,18,terminal_customer_network_burst,0.18,0.011554754587150863,0.18
X000101006,2026-02-15 17:23:15,C000850,A0000850,M00366,T00195,Northeast,Northeast,99.16,USD,ecommerce,chip_pin,approved,APPROVE,158.88,0.6241188318227593,0,1,0,1,0,0,0,4,183,12,60,18,terminal_customer_network_burst,0.18,0.004490615679612196,0.18
X000109272,2026-02-15 17:23:15,C000914,A0000914,M00326,T01151,Northeast,Northeast,407.29,USD,mobile_wallet,wallet_biometric,approved,APPROVE,132.97,3.0630217342257655,0,1,0,0,0,1,0,9,205,11,55,73,amount_vs_profile;customer_velocity;terminal_customer_network_burst,0.73,0.0189180679606682,0.73
X000146575,2026-02-15 17:23:15,C001209,A0001209,M00009,T00774,South,South,54.22,USD,card_present,chip_pin,approved,APPROVE,43.25,1.2536416184971098,0,1,0,0,0,0,0,0,229,15,24,18,terminal_customer_network_burst,0.18,0.009761583615398972,0.18
X000050888,2026-02-15 17:23:39,C000427,A0000427,M00446,T00838,South,South,67.45,USD,ecommerce,3ds,approved,APPROVE,187.71,0.3593308827446593,0,1,0,1,0,0,0,3,197,11,33,18,terminal_customer_network_burst,0.18,0.005613134619004583,0.18
X000090304,2026-02-15 17:24:41,C000755,A0000755,M00044,T01081,Northeast,Northeast,29.38,USD,ecommerce,magstripe,approved,APPROVE,44.35,0.6624577226606538,0,1,0,1,1,0,0,1,271,19,19,18,terminal_customer_network_burst,0.18,0.025129155569556146,0.18
X000187174,2026-02-15 17:24:44,C001539,A0001539,M00231,T01111,South,South,62.84,USD,mobile_wallet,chip_pin,approved,APPROVE,50.48,1.2448494453248813,0,1,0,0,0,1,0,0,209,18,26,18,terminal_customer_network_burst,0.18,0.016005217038062586,0.18
X000089523,2026-02-15 17:24:46,C000748,A0000748,M00791,T00304,South,South,261.29,USD,card_present,chip_pin,approved,APPROVE,224.36,1.1646015332501338,0,1,0,0,0,0,0,6,360,19,85,43,customer_velocity;terminal_customer_network_burst,0.43,0.008150192904462067,0.43
X000225897,2026-02-15 17:24:48,C001840,A0001840,M00413,T00003,South,West,225.52,USD,card_present,chip_pin,approved,APPROVE,193.68,1.164394878149525,0,1,0,0,0,0,1,7,95,9,0,70,customer_velocity;new_customer_terminal_pair;terminal_customer_network_burst;home_region_mismatch,0.7,0.08151441742139937,0.7
X000111608,2026-02-15 17:24:53,C000931,A0000931,M00342,T00903,Midwest,Midwest,165.41,USD,card_present,magstripe,approved,APPROVE,116.51,1.4197064629645524,0,1,0,0,1,0,0,3,97,9,50,18,terminal_customer_network_burst,0.18,0.007624272210914923,0.18
X000087501,2026-02-15 17:25:51,C000734,A0000734,M00223,T00651,South,South,67.28,USD,mobile_wallet,chip_pin,approved,APPROVE,81.19,0.828673481955906,0,1,0,0,0,1,0,1,293,15,29,18,terminal_customer_network_burst,0.18,0.012654654767179164,0.18
X000193966,2026-02-15 17:25:51,C001594,A0001594,M00159,T00555,Northeast,Northeast,27.63,USD,ecommerce,3ds,approved,APPROVE,29.86,0.9253181513730744,0,1,0,1,0,0,0,0,132,13,31,18,terminal_customer_network_burst,0.18,0.006375908427304261,0.18
X000226749,2026-02-15 17:25:56,C001848,A0001848,M00031,T00031,South,South,15.16,USD,ecommerce,chip_pin,approved,APPROVE,31.99,0.4738980931541107,0,1,0,1,0,0,0,0,285,21,13,18,terminal_customer_network_burst,0.18,0.016217516002437864,0.18
X000164582,2026-02-15 17:26:41,C001356,A0001356,M00683,T00986,Midwest,Midwest,22.88,USD,mobile_wallet,3ds,approved,APPROVE,44.64,0.5125448028673835,0,1,0,0,0,1,0,2,92,11,14,18,terminal_customer_network_burst,0.18,0.008237857053021387,0.18
X000063065,2026-02-15 17:27:17,C000534,A0000534,M00203,T00186,Northeast,Northeast,159.19,USD,ecommerce,chip_pin,approved,APPROVE,169.77,0.9376803911173941,0,1,0,1,0,0,0,4,161,6,72,0,,0.0,0.002598855718634628,0.002598855718634628
X000075112,2026-02-15 17:27:35,C000631,A0000631,M00326,T00127,Northeast,Northeast,186.24,USD,card_present,wallet_biometric,approved,APPROVE,287.17,0.6485357105547237,0,1,0,0,0,0,0,2,214,14,0,33,new_customer_terminal_pair;terminal_customer_network_burst,0.33,0.011486439415597852,0.33
X000086567,2026-02-15 17:27:57,C000726,A0000726,M00094,T01093,South,South,43.14,USD,mobile_wallet,chip_pin,approved,APPROVE,88.57,0.48707237213503446,0,1,0,0,0,1,0,0,228,10,28,18,terminal_customer_network_burst,0.18,0.006765296983460692,0.18
X000109273,2026-02-15 17:28:02,C000914,A0000914,M00326,T01151,Northeast,Northeast,152.45,USD,ecommerce,wallet_biometric,approved,APPROVE,132.97,1.1464992103481988,0,1,0,1,0,0,0,10,206,11,56,63,customer_velocity;high_customer_velocity;terminal_customer_network_burst,0.63,0.007654092870418103,0.63
X000234016,2026-02-15 17:28:26,C001907,A0001907,M00778,T00222,West,South,132.28,USD,mobile_wallet,chip_pin,approved,APPROVE,168.05,0.7871466825349598,0,1,0,0,0,1,1,4,139,12,0,45,new_customer_terminal_pair;terminal_customer_network_burst;home_region_mismatch,0.45,0.11055608559996306,0.45
X000202924,2026-02-15 17:28:28,C001661,A0001661,M00146,T00711,Northeast,Northeast,35.7,USD,mobile_wallet,chip_pin,approved,APPROVE,38.15,0.9357798165137616,0,1,0,0,0,1,0,2,104,15,23,18,terminal_customer_network_burst,0.18,0.01138802809414341,0.18
X000110752,2026-02-15 17:29:22,C000924,A0000924,M00258,T00943,West,West,300.22,USD,card_present,chip_pin,approved,APPROVE,329.64,0.9107511224365976,0,1,0,0,0,0,0,6,155,10,57,43,customer_velocity;terminal_customer_network_burst,0.43,0.004349786459000268,0.43
X000089906,2026-02-15 17:29:49,C000751,A0000751,M00051,T01084,South,South,84.38,USD,ecommerce,chip_pin,approved,APPROVE,94.87,0.8894276378201749,0,1,0,1,0,0,0,3,278,16,16,18,terminal_customer_network_burst,0.18,0.014507120360751708,0.18
X000144073,2026-02-15 17:29:51,C001186,A0001186,M00154,T01001,South,South,200.59,USD,mobile_wallet,wallet_biometric,approved,APPROVE,248.53,0.8071057819981491,0,1,0,0,0,1,0,8,341,17,82,43,customer_velocity;terminal_customer_network_burst,0.43,0.009845783279944422,0.43
X000052288,2026-02-15 17:29:53,C000441,A0000441,M00392,T00305,Midwest,Midwest,101.86,USD,card_present,chip_pin,approved,APPROVE,94.35,1.0795972443031268,0,1,0,0,0,0,0,1,166,11,57,18,terminal_customer_network_burst,0.18,0.0038927133973125244,0.18
X000083370,2026-02-15 17:30:42,C000696,A0000696,M00691,T01123,Northeast,Northeast,173.86,USD,card_present,wallet_biometric,approved,APPROVE,156.98,1.1075296216078483,0,1,0,0,0,0,0,5,167,12,69,43,customer_velocity;terminal_customer_network_burst,0.43,0.004331858160546753,0.43
X000225898,2026-02-15 17:31:43,C001840,A0001840,M00077,T00783,South,South,126.36,USD,card_present,wallet_biometric,approved,APPROVE,193.68,0.6524163568773234,0,1,0,0,0,0,0,8,258,26,52,43,customer_velocity;terminal_customer_network_burst,0.43,0.01784720967989242,0.43
X000158143,2026-02-15 17:32:31,C001300,A0001300,M00657,T00743,South,South,158.72,USD,card_present,3ds,approved,APPROVE,160.21,0.9906997066350415,0,1,0,0,0,0,0,3,156,16,42,18,terminal_customer_network_burst,0.18,0.0075188601476899675,0.18
X000111099,2026-02-15 17:32:34,C000926,A0000926,M00181,T00177,South,South,74.42,USD,ecommerce,chip_pin,approved,APPROVE,23.01,3.2342459800086916,0,1,0,1,0,0,0,0,143,17,26,48,amount_vs_profile;terminal_customer_network_burst,0.48,0.021795747255745075,0.48
X000202747,2026-02-15 17:32:58,C001659,A0001659,M00073,T00757,South,South,39.48,USD,mobile_wallet,chip_pin,approved,APPROVE,20.94,1.8853868194842405,0,1,0,0,0,1,0,2,320,20,17,18,terminal_customer_network_burst,0.18,0.03510339648531846,0.18
X000114527,2026-02-15 17:33:20,C000952,A0000952,M00695,T00084,Midwest,Midwest,200.7,USD,ecommerce,3ds,soft_decline,CHALLENGE,180.81,1.1100049776007963,0,1,1,1,0,0,0,0,107,13,41,26,terminal_customer_network_burst;authentication_soft_decline,0.26,0.023739589352780588,0.26
X000012995,2026-02-15 17:33:45,C000113,A0000113,M00309,T01075,Northeast,Northeast,66.32,USD,ecommerce,3ds,approved,APPROVE,59.23,1.119702853283809,0,1,0,1,0,0,0,1,147,11,19,18,terminal_customer_network_burst,0.18,0.007707219615163453,0.18
X000049567,2026-02-15 17:33:49,C000414,A0000414,M00015,T00330,South,South,17.13,USD,mobile_wallet,wallet_biometric,approved,APPROVE,22.81,0.7509864094695309,0,1,0,0,0,1,0,5,380,33,23,43,customer_velocity;terminal_customer_network_burst,0.43,0.06779673944205837,0.43
X000098818,2026-02-15 17:34:13,C000828,A0000828,M00262,T00998,South,South,121.51,USD,mobile_wallet,chip_pin,approved,APPROVE,70.88,1.7143058690744923,0,1,0,0,0,1,0,2,256,16,36,18,terminal_customer_network_burst,0.18,0.016773937314598072,0.18
X000068810,2026-02-15 17:34:19,C000584,A0000584,M00110,T00096,South,South,50.98,USD,card_present,magstripe,approved,APPROVE,47.38,1.0759814267623469,0,1,0,0,1,0,0,2,308,17,17,18,terminal_customer_network_burst,0.18,0.026317104643043144,0.18
X000094003,2026-02-15 17:34:24,C000787,A0000787,M00231,T00811,South,South,100.48,USD,card_present,magstripe,approved,APPROVE,42.71,2.35261062982908,0,1,0,0,1,0,0,1,208,14,26,18,terminal_customer_network_burst,0.18,0.02390177835307893,0.18
X000079616,2026-02-15 17:34:28,C000670,A0000670,M00581,T00552,West,West,20.93,USD,card_present,chip_pin,approved,APPROVE,36.5,0.5734246575342465,0,1,0,0,0,0,0,1,43,11,15,18,terminal_customer_network_burst,0.18,0.00517086533385682,0.18
X000228600,2026-02-15 17:34:38,C001861,A0001861,M00160,T00039,South,South,93.62,USD,card_present,chip_pin,approved,APPROVE,64.65,1.4481051817478732,0,1,0,0,0,0,0,0,259,14,26,18,terminal_customer_network_burst,0.18,0.00989364882249194,0.18
X000144252,2026-02-15 17:35:25,C001187,A0001187,M00790,T01171,Northeast,Northeast,100.54,USD,card_present,magstripe,approved,APPROVE,65.0,1.546769230769231,0,1,0,0,1,0,0,2,124,17,21,18,terminal_customer_network_burst,0.18,0.022178044358304477,0.18
X000006219,2026-02-15 17:35:57,C000056,A0000056,M00484,T00728,South,South,81.44,USD,card_present,wallet_biometric,approved,APPROVE,99.33,0.819893285009564,0,1,0,0,0,0,0,4,366,16,72,18,terminal_customer_network_burst,0.18,0.00642855487624365,0.18
X000155017,2026-02-15 17:36:08,C001277,A0001277,M00615,T00908,Midwest,Midwest,138.64,USD,card_present,chip_pin,approved,APPROVE,129.22,1.0728989320538616,0,1,0,0,0,0,0,0,154,11,0,33,new_customer_terminal_pair;terminal_customer_network_burst,0.33,0.008857161778351387,0.33
X000063484,2026-02-15 17:36:21,C000539,A0000539,M00378,T01130,South,South,18.84,USD,ecommerce,chip_pin,approved,APPROVE,38.14,0.4939695857367593,0,1,0,1,0,0,0,1,300,17,19,18,terminal_customer_network_burst,0.18,0.012004119092362339,0.18
X000019243,2026-02-15 17:36:27,C000166,A0000166,M00495,T00909,Midwest,Midwest,110.18,USD,card_present,chip_pin,approved,APPROVE,44.51,2.4753987867894858,0,1,0,0,0,0,0,2,95,8,17,18,terminal_customer_network_burst,0.18,0.009251312091886505,0.18
X000216109,2026-02-15 17:38:36,C001765,A0001765,M00779,T00146,South,South,78.62,USD,ecommerce,3ds,approved,APPROVE,57.88,1.3583275742916379,0,1,0,1,0,0,0,7,445,19,53,43,customer_velocity;terminal_customer_network_burst,0.43,0.019117525764903356,0.43
X000162086,2026-02-15 17:38:37,C001338,A0001338,M00168,T00981,Northeast,Northeast,78.44,USD,mobile_wallet,3ds,approved,APPROVE,56.51,1.3880729074500089,0,1,0,0,0,1,0,1,313,16,13,18,terminal_customer_network_burst,0.18,0.02204588994367506,0.18
X000138271,2026-02-15 17:39:07,C001137,A0001137,M00787,T00660,South,South,27.13,USD,card_present,3ds,approved,APPROVE,38.38,0.7068785825951015,0,1,0,0,0,0,0,1,168,15,24,18,terminal_customer_network_burst,0.18,0.007661049820969744,0.18
X000183490,2026-02-15 17:39:19,C001509,A0001509,M00255,T00006,West,West,18.6,USD,card_present,chip_pin,approved,APPROVE,25.62,0.7259953161592506,0,1,0,0,0,0,0,2,77,7,0,15,new_customer_terminal_pair,0.15,0.0057430343275434274,0.15
X000242750,2026-02-15 17:39:26,C001980,A0001980,M00782,T00669,Midwest,Midwest,235.12,USD,ecommerce,3ds,approved,APPROVE,221.06,1.0636026418167013,0,1,0,1,0,0,0,8,201,12,100,43,customer_velocity;terminal_customer_network_burst,0.43,0.003571095759343879,0.43
X000023507,2026-02-15 17:39:34,C000200,A0000200,M00080,T00590,Midwest,Midwest,47.11,USD,ecommerce,3ds,approved,APPROVE,41.87,1.1251492715548126,0,1,0,1,0,0,0,2,198,13,29,18,terminal_customer_network_burst,0.18,0.008708785163940662,0.18
X000074841,2026-02-15 17:39:53,C000630,A0000630,M00216,T00994,West,West,267.82,USD,ecommerce,3ds,approved,APPROVE,249.77,1.072266485166353,0,1,0,1,0,0,0,2,116,13,25,18,terminal_customer_network_burst,0.18,0.008013030157987667,0.18
X000151615,2026-02-15 17:40:14,C001245,A0001245,M00029,T00167,South,South,35.14,USD,ecommerce,3ds,soft_decline,CHALLENGE,81.6,0.4306372549019608,0,1,1,1,0,0,0,0,262,18,18,26,terminal_customer_network_burst;authentication_soft_decline,0.26,0.04761856498751275,0.26
X000091365,2026-02-15 17:40:28,C000766,A0000766,M00640,T00333,Midwest,Midwest,141.96,USD,card_present,chip_pin,approved,APPROVE,57.94,2.4501208146358304,0,1,0,0,0,0,0,3,78,7,33,0,,0.0,0.0068064970310755465,0.0068064970310755465
X000136973,2026-02-15 17:40:47,C001126,A0001126,M00669,T00703,South,South,65.75,USD,card_present,magstripe,approved,APPROVE,103.68,0.6341628086419753,0,1,0,0,1,0,0,2,241,13,58,18,terminal_customer_network_burst,0.18,0.007995297823677933,0.18
X000104372,2026-02-15 17:40:59,C000878,A0000878,M00784,T00354,South,South,160.0,USD,card_present,3ds,approved,APPROVE,146.02,1.0957403095466374,0,1,0,0,0,0,0,2,318,14,62,18,terminal_customer_network_burst,0.18,0.006012633162818812,0.18
X000224654,2026-02-15 17:41:10,C001832,A0001832,M00791,T00304,South,South,145.65,USD,mobile_wallet,3ds,approved,APPROVE,173.44,0.8397716789667897,0,1,0,0,0,1,0,7,361,19,95,43,customer_velocity;terminal_customer_network_burst,0.43,0.009202138913748511,0.43
X000109848,2026-02-15 17:41:27,C000917,A0000917,M00217,T00815,South,South,39.55,USD,mobile_wallet,3ds,approved,APPROVE,55.31,0.715060567709275,0,1,0,0,0,1,0,1,180,19,14,18,terminal_customer_network_burst,0.18,0.01722821713886965,0.18
X000169669,2026-02-15 17:41:46,C001400,A0001400,M00378,T01196,South,South,1326.7,USD,ecommerce,chip_pin,approved,APPROVE,210.06,6.315814529182139,0,1,0,1,0,0,0,4,175,10,78,73,amount_vs_profile;extreme_amount_vs_profile;terminal_customer_network_burst,0.73,0.023240259446240197,0.73
X000227553,2026-02-15 17:42:42,C001854,A0001854,M00470,T00025,South,South,131.46,USD,ecommerce,wallet_biometric,approved,APPROVE,95.99,1.3695176580893844,0,1,0,1,0,0,0,0,186,12,18,18,terminal_customer_network_burst,0.18,0.009300862908960374,0.18
X000023797,2026-02-15 17:42:55,C000201,A0000201,M00740,T00080,Northeast,Northeast,150.69,USD,card_present,3ds,approved,APPROVE,309.26,0.48725991075470476,0,1,0,0,0,0,0,6,235,19,80,43,customer_velocity;terminal_customer_network_burst,0.43,0.0056649741015117015,0.43
X000036025,2026-02-15 17:43:36,C000307,A0000307,M00490,T00340,South,South,30.58,USD,ecommerce,chip_pin,approved,APPROVE,40.3,0.7588089330024814,0,1,0,1,0,0,0,3,163,10,31,18,terminal_customer_network_burst,0.18,0.00591737942837741,0.18
X000211109,2026-02-15 17:44:23,C001721,A0001721,M00391,T00267,Northeast,Northeast,26.0,USD,ecommerce,chip_pin,approved,APPROVE,43.08,0.6035283194057568,0,1,0,1,0,0,0,2,195,17,28,18,terminal_customer_network_burst,0.18,0.009730830753802195,0.18
X000229021,2026-02-15 17:45:44,C001865,A0001865,M00770,T00870,Midwest,Midwest,347.27,USD,card_present,chip_pin,approved,APPROVE,163.63,2.122288088981238,0,1,0,0,0,0,0,4,139,9,47,18,terminal_customer_network_burst,0.18,0.006490451135411896,0.18
X000071576,2026-02-15 17:46:10,C000607,A0000607,M00730,T00009,West,West,174.18,USD,card_present,3ds,approved,APPROVE,158.41,1.0995517959724765,0,1,0,0,0,0,0,0,73,6,38,0,,0.0,0.0030121930035175858,0.0030121930035175858
X000039320,2026-02-15 17:46:21,C000334,A0000334,M00478,T00667,Midwest,Midwest,26.98,USD,ecommerce,chip_pin,approved,APPROVE,35.82,0.7532104969290899,0,1,0,1,0,0,0,5,281,18,16,43,customer_velocity;terminal_customer_network_burst,0.43,0.017785141427587664,0.43
X000200894,2026-02-15 17:46:22,C001645,A0001645,M00479,T00906,Midwest,Midwest,109.51,USD,ecommerce,chip_pin,approved,APPROVE,71.08,1.540658413055712,0,1,0,1,0,0,0,3,148,9,56,18,terminal_customer_network_burst,0.18,0.004837060981237493,0.18
X000129266,2026-02-15 17:46:32,C001063,A0001063,M00100,T00272,Northeast,Northeast,44.5,USD,mobile_wallet,3ds,approved,APPROVE,32.18,1.3828464885021752,0,1,0,0,0,1,0,0,126,10,8,18,terminal_customer_network_burst,0.18,0.010985636897914477,0.18
X000036972,2026-02-15 17:47:00,C000316,A0000316,M00580,T00415,South,South,41.77,USD,card_present,3ds,approved,APPROVE,40.33,1.0357054302008433,0,1,0,0,0,0,0,1,327,21,23,18,terminal_customer_network_burst,0.18,0.017327513383459194,0.18
X000078714,2026-02-15 17:47:06,C000662,A0000662,M00130,T01074,South,South,67.86,USD,card_present,chip_pin,approved,APPROVE,91.02,0.7455504284772577,0,1,0,0,0,0,0,4,217,15,31,18,terminal_customer_network_burst,0.18,0.008790521615629704,0.18
X000215842,2026-02-15 17:47:55,C001763,A0001763,M00746,T00565,West,West,25.26,USD,ecommerce,3ds,approved,APPROVE,46.8,0.5397435897435898,0,1,0,1,0,0,0,2,63,10,21,18,terminal_customer_network_burst,0.18,0.005191743527091048,0.18
X000045112,2026-02-15 17:48:15,C000379,A0000379,M00212,T00443,Midwest,Midwest,347.13,USD,card_present,3ds,approved,APPROVE,300.48,1.1552515974440893,0,1,0,0,0,0,0,7,176,17,69,43,customer_velocity;terminal_customer_network_burst,0.43,0.007157068847901925,0.43
X000167855,2026-02-15 17:48:41,C001387,A0001387,M00446,T00838,South,South,72.68,USD,card_present,chip_pin,approved,APPROVE,37.98,1.9136387572406532,0,1,0,0,0,0,0,0,198,11,26,18,terminal_customer_network_burst,0.18,0.008586022489567729,0.18
X000184103,2026-02-15 17:48:48,C001516,A0001516,M00374,T00569,South,South,136.87,USD,card_present,chip_pin,approved,APPROVE,98.31,1.3922286644288475,0,1,0,0,0,0,0,1,213,19,42,18,terminal_customer_network_burst,0.18,0.010657113505830863,0.18
X000070363,2026-02-15 17:49:06,C000597,A0000597,M00313,T00777,South,Northeast,333.5,USD,card_present,chip_pin,soft_decline,CHALLENGE,149.87,2.2252618936411555,0,1,1,0,0,0,1,4,340,15,0,53,new_customer_terminal_pair;terminal_customer_network_burst;authentication_soft_decline;home_region_mismatch,0.53,0.5237721104250029,0.53
X000223727,2026-02-15 17:49:16,C001824,A0001824,M00335,T00138,South,South,100.21,USD,mobile_wallet,3ds,approved,APPROVE,48.08,2.084234608985025,0,1,0,0,0,1,0,1,288,10,15,18,terminal_customer_network_burst,0.18,0.01718996113330668,0.18
X000147937,2026-02-15 17:49:38,C001221,A0001221,M00699,T00493,Midwest,Midwest,148.97,USD,ecommerce,wallet_biometric,approved,APPROVE,130.45,1.1419701034879266,0,1,0,1,0,0,0,4,240,14,53,18,terminal_customer_network_burst,0.18,0.007666466388101224,0.18
X000039640,2026-02-15 17:50:08,C000336,A0000336,M00637,T00508,Northeast,Northeast,119.72,USD,mobile_wallet,magstripe,approved,APPROVE,92.41,1.295530786711395,0,1,0,0,1,1,0,4,94,9,40,18,terminal_customer_network_burst,0.18,0.012591639548770643,0.18
X000016744,2026-02-15 17:50:39,C000142,A0000142,M00345,T00208,South,South,21.36,USD,ecommerce,chip_pin,approved,APPROVE,36.61,0.583447145588637,0,1,0,1,0,0,0,3,261,21,28,18,terminal_customer_network_burst,0.18,0.015060312386005782,0.18
X000138941,2026-02-15 17:51:10,C001144,A0001144,M00410,T00952,South,South,26.15,USD,ecommerce,magstripe,approved,APPROVE,55.97,0.46721457923887794,0,1,0,1,1,0,0,0,181,15,36,18,terminal_customer_network_burst,0.18,0.011137079595811283,0.18
X000209207,2026-02-15 17:51:34,C001707,A0001707,M00621,T01090,West,West,72.58,USD,card_present,wallet_biometric,approved,APPROVE,52.95,1.3707271010387156,0,1,0,0,0,0,0,1,50,10,13,18,terminal_customer_network_burst,0.18,0.006723764080511566,0.18
X000163150,2026-02-15 17:51:45,C001345,A0001345,M00695,T00203,Midwest,Midwest,252.01,USD,card_present,chip_pin,approved,APPROVE,169.46,1.4871356072229434,0,1,0,0,0,0,0,2,173,11,69,18,terminal_customer_network_burst,0.18,0.003990663049732962,0.18
X000092230,2026-02-15 17:52:27,C000772,A0000772,M00517,T00647,Midwest,Midwest,17.66,USD,ecommerce,chip_pin,approved,APPROVE,25.89,0.6821166473541908,0,1,0,1,0,0,0,1,246,13,34,18,terminal_customer_network_burst,0.18,0.006992257808877285,0.18
X000104373,2026-02-15 17:52:32,C000878,A0000878,M00784,T00354,South,South,49.32,USD,card_present,3ds,approved,APPROVE,146.02,0.337761950417751,0,1,0,0,0,0,0,3,319,14,63,18,terminal_customer_network_burst,0.18,0.0047267373218678535,0.18
X000137668,2026-02-15 17:52:56,C001131,A0001131,M00661,T00337,Northeast,Northeast,43.35,USD,mobile_wallet,chip_pin,approved,APPROVE,58.84,0.736743711760707,0,1,0,0,0,1,0,1,280,14,26,18,terminal_customer_network_burst,0.18,0.011689395357075881,0.18
X000136013,2026-02-15 17:53:14,C001118,A0001118,M00181,T01063,South,South,45.85,USD,card_present,chip_pin,approved,APPROVE,64.28,0.7132856253889235,0,1,0,0,0,0,0,2,163,21,16,18,terminal_customer_network_burst,0.18,0.01407746546795179,0.18
X000198431,2026-02-15 17:53:24,C001626,A0001626,M00640,T00037,Midwest,Midwest,282.93,USD,card_present,magstripe,approved,APPROVE,262.11,1.0794322994162755,0,1,0,0,1,0,0,4,282,14,97,18,terminal_customer_network_burst,0.18,0.006499477166230708,0.18
X000061346,2026-02-15 17:53:58,C000523,A0000523,M00021,T00406,South,South,21.58,USD,card_present,3ds,approved,APPROVE,46.64,0.4626929674099485,0,1,0,0,0,0,0,2,202,17,10,18,terminal_customer_network_burst,0.18,0.011204749620133214,0.18
X000036238,2026-02-15 17:54:04,C000309,A0000309,M00055,T01044,South,South,40.92,USD,card_present,magstripe,approved,APPROVE,56.14,0.7288920555753474,0,1,0,0,1,0,0,3,409,24,30,18,terminal_customer_network_burst,0.18,0.03840691826988188,0.18
X000231737,2026-02-15 17:54:04,C001890,A0001890,M00211,T01068,Midwest,Midwest,293.91,USD,ecommerce,magstripe,approved,APPROVE,138.95,2.1152213026268445,0,1,0,1,1,0,0,1,204,11,38,18,terminal_customer_network_burst,0.18,0.016094102167653605,0.18
X000029223,2026-02-15 17:54:31,C000252,A0000252,M00077,T00723,South,South,39.68,USD,mobile_wallet,wallet_biometric,approved,APPROVE,48.59,0.8166289359950607,0,1,0,0,0,1,0,1,427,23,10,18,terminal_customer_network_burst,0.18,0.03680606713157497,0.18
X000009731,2026-02-15 17:54:37,C000088,A0000088,M00038,T00321,South,South,55.22,USD,card_present,chip_pin,approved,APPROVE,73.3,0.7533424283765348,0,1,0,0,0,0,0,0,236,13,34,18,terminal_customer_network_burst,0.18,0.006066599009662904,0.18
X000150197,2026-02-15 17:55:29,C001236,A0001236,M00663,T00502,West,West,151.63,USD,ecommerce,3ds,approved,APPROVE,94.07,1.6118847666631233,0,1,0,1,0,0,0,6,236,10,76,43,customer_velocity;terminal_customer_network_burst,0.43,0.005234530370101907,0.43
X000031148,2026-02-15 17:56:35,C000263,A0000263,M00339,T00123,West,West,243.6,USD,card_present,magstripe,approved,APPROVE,149.88,1.6253002401921537,0,1,0,0,1,0,0,4,72,5,28,0,,0.0,0.008794692673286371,0.008794692673286371
X000104683,2026-02-15 17:56:59,C000881,A0000881,M00735,T00059,Midwest,Midwest,27.54,USD,card_present,3ds,approved,APPROVE,37.85,0.7276089828269484,0,1,0,0,0,0,0,2,189,11,24,18,terminal_customer_network_burst,0.18,0.006276874436576326,0.18
X000208384,2026-02-15 17:57:04,C001701,A0001701,M00417,T00117,South,South,54.77,USD,card_present,magstripe,approved,APPROVE,79.94,0.6851388541406055,0,1,0,0,1,0,0,1,266,12,39,18,terminal_customer_network_burst,0.18,0.010059768083719757,0.18
X000034075,2026-02-15 17:57:13,C000289,A0000289,M00096,T00202,West,West,87.28,USD,card_present,chip_pin,approved,APPROVE,157.83,0.5530000633593106,0,1,0,0,0,0,0,1,209,18,65,18,terminal_customer_network_burst,0.18,0.0050423575874088125,0.18
X000199244,2026-02-15 17:57:59,C001632,A0001632,M00009,T00774,South,South,18.03,USD,card_present,wallet_biometric,approved,APPROVE,39.6,0.4553030303030303,0,1,0,0,0,0,0,2,230,15,35,18,terminal_customer_network_burst,0.18,0.006816714526411182,0.18
X000012594,2026-02-15 17:58:02,C000109,A0000109,M00701,T00494,West,West,86.02,USD,card_present,chip_pin,approved,APPROVE,95.02,0.9052830982950958,0,1,0,0,0,0,0,3,52,7,30,0,,0.0,0.003880337842661296,0.003880337842661296
X000022198,2026-02-15 17:58:18,C000191,A0000191,M00433,T00752,Midwest,Midwest,114.93,USD,ecommerce,3ds,approved,APPROVE,106.58,1.0783449052355039,0,1,0,1,0,0,0,1,182,14,18,18,terminal_customer_network_burst,0.18,0.010126492754067719,0.18
X000138835,2026-02-15 17:58:48,C001143,A0001143,M00071,T00437,West,West,69.39,USD,card_present,chip_pin,approved,APPROVE,75.56,0.9183430386447856,0,1,0,0,0,0,0,1,107,12,21,18,terminal_customer_network_burst,0.18,0.006345700638562058,0.18
X000156788,2026-02-15 17:59:07,C001289,A0001289,M00351,T00802,West,West,1039.84,USD,ecommerce,chip_pin,approved,APPROVE,454.02,2.2902955816924364,0,1,0,1,0,0,0,6,198,14,72,43,customer_velocity;terminal_customer_network_burst,0.43,0.009030687877591826,0.43
X000174732,2026-02-15 17:59:15,C001439,A0001439,M00679,T00775,Northeast,Northeast,125.9,USD,ecommerce,chip_pin,approved,APPROVE,141.68,0.8886222473178995,0,1,0,1,0,0,0,4,165,16,49,18,terminal_customer_network_burst,0.18,0.007664165305216679,0.18
X000065196,2026-02-15 17:59:19,C000552,A0000552,M00608,T00219,South,South,12.54,USD,ecommerce,wallet_biometric,approved,APPROVE,37.61,0.333421962244084,0,1,0,1,0,0,0,1,425,20,19,18,terminal_customer_network_burst,0.18,0.017042776033533075,0.18
X000214121,2026-02-15 17:59:19,C001748,A0001748,M00168,T00944,Northeast,Northeast,54.03,USD,card_present,magstripe,approved,APPROVE,62.7,0.8617224880382774,0,1,0,0,1,0,0,1,295,17,47,18,terminal_customer_network_burst,0.18,0.014235995660550223,0.18
X000066116,2026-02-15 17:59:24,C000560,A0000560,M00698,T00153,West,West,54.74,USD,card_present,3ds,approved,APPROVE,39.07,1.4010749936012286,0,1,0,0,0,0,0,1,233,11,30,18,terminal_customer_network_burst,0.18,0.007431400097730306,0.18
X000086059,2026-02-15 17:59:31,C000721,A0000721,M00104,T00520,West,West,56.2,USD,card_present,magstripe,approved,APPROVE,55.97,1.004109344291585,0,1,0,0,1,0,0,2,90,9,22,18,terminal_customer_network_burst,0.18,0.009530033285454544,0.18
X000095700,2026-02-15 17:59:41,C000799,A0000799,M00738,T00002,South,South,33.7,USD,card_present,magstripe,approved,APPROVE,51.04,0.6602664576802508,0,1,0,0,1,0,0,2,164,16,0,33,new_customer_terminal_pair;terminal_customer_network_burst,0.33,0.022018746488241998,0.33
X000097784,2026-02-15 17:59:52,C000819,A0000819,M00013,T00686,South,South,51.79,USD,card_present,3ds,approved,APPROVE,37.28,1.3892167381974247,0,1,0,0,0,0,0,2,355,20,30,18,terminal_customer_network_burst,0.18,0.018078644638154093,0.18
X000229492,2026-02-15 17:59:58,C001869,A0001869,M00191,T00568,Midwest,Midwest,99.02,USD,mobile_wallet,chip_pin,approved,APPROVE,57.21,1.7308162908582414,0,1,0,0,0,1,0,0,223,11,11,18,terminal_customer_network_burst,0.18,0.014857568186737337,0.18
X000153071,2026-02-15 18:00:14,C001258,A0001258,M00607,T00470,South,South,59.91,USD,mobile_wallet,magstripe,approved,APPROVE,82.17,0.7290982110259218,0,1,0,0,1,1,0,3,298,19,39,18,terminal_customer_network_burst,0.18,0.027748139284025714,0.18
X000044501,2026-02-15 18:00:21,C000376,A0000376,M00265,T01076,West,West,157.22,USD,ecommerce,wallet_biometric,approved,APPROVE,189.71,0.8287386010226134,0,1,0,1,0,0,0,7,160,8,82,43,customer_velocity;terminal_customer_network_burst,0.43,0.002887878217248419,0.43
X000044502,2026-02-15 18:00:23,C000376,A0000376,M00439,T00144,West,West,252.48,USD,card_present,wallet_biometric,approved,APPROVE,189.71,1.330873438405988,0,1,0,0,0,0,0,8,174,13,95,43,customer_velocity;terminal_customer_network_burst,0.43,0.003979251312117841,0.43
X000223363,2026-02-15 18:00:40,C001820,A0001820,M00766,T00445,West,West,43.05,USD,card_present,chip_pin,approved,APPROVE,133.75,0.32186915887850465,0,1,0,0,0,0,0,2,151,15,28,18,terminal_customer_network_burst,0.18,0.006411562967949871,0.18
X000072720,2026-02-15 18:00:54,C000614,A0000614,M00739,T00701,South,South,344.66,USD,mobile_wallet,3ds,approved,APPROVE,325.59,1.0585705949199915,0,1,0,0,0,1,0,3,260,18,64,18,terminal_customer_network_burst,0.18,0.010453376641276171,0.18
X000173354,2026-02-15 18:01:24,C001429,A0001429,M00674,T00232,Midwest,Midwest,56.64,USD,ecommerce,chip_pin,approved,APPROVE,67.28,0.8418549346016647,0,1,0,1,0,0,0,5,231,13,47,43,customer_velocity;terminal_customer_network_burst,0.43,0.007289431066477586,0.43
X000147386,2026-02-15 18:02:00,C001216,A0001216,M00549,T00456,South,South,45.74,USD,ecommerce,wallet_biometric,approved,APPROVE,43.69,1.0469214923323416,0,1,0,1,0,0,0,3,382,23,24,18,terminal_customer_network_burst,0.18,0.026329007415977972,0.18
X000128915,2026-02-15 18:02:30,C001060,A0001060,M00412,T00928,Northeast,Northeast,266.85,USD,ecommerce,chip_pin,approved,APPROVE,203.81,1.309307688533438,0,1,0,1,0,0,0,2,309,23,69,18,terminal_customer_network_burst,0.18,0.012233349372737443,0.18
X000150637,2026-02-15 18:03:14,C001239,A0001239,M00198,T00837,Midwest,Midwest,45.09,USD,ecommerce,3ds,approved,APPROVE,63.27,0.7126600284495022,0,1,0,1,0,0,0,1,98,10,0,33,new_customer_terminal_pair;terminal_customer_network_burst,0.33,0.0077069590698551705,0.33
X000071577,2026-02-15 18:03:36,C000607,A0000607,M00524,T00085,West,West,288.15,USD,card_present,chip_pin,soft_decline,CHALLENGE,158.41,1.819013951139448,0,1,1,0,0,0,0,1,178,14,47,26,terminal_customer_network_burst;authentication_soft_decline,0.26,0.031894854953259104,0.26
X000081339,2026-02-15 18:04:31,C000681,A0000681,M00769,T00996,West,West,141.61,USD,card_present,wallet_biometric,approved,APPROVE,189.01,0.7492196180096292,0,1,0,0,0,0,0,7,283,10,87,43,customer_velocity;terminal_customer_network_burst,0.43,0.0032845711012549285,0.43
X000103000,2026-02-15 18:04:47,C000865,A0000865,M00301,T01109,South,South,148.96,USD,card_present,wallet_biometric,approved,APPROVE,77.13,1.9312848437702583,0,1,0,0,0,0,0,0,154,17,37,18,terminal_customer_network_burst,0.18,0.010519592736169227,0.18
X000060991,2026-02-15 18:04:53,C000519,A0000519,M00667,T00609,Northeast,Northeast,102.56,USD,ecommerce,3ds,approved,APPROVE,98.05,1.045996940336563,0,1,0,1,0,0,0,1,385,24,19,18,terminal_customer_network_burst,0.18,0.02766931098285496,0.18
X000158251,2026-02-15 18:04:55,C001301,A0001301,M00262,T01103,South,South,40.73,USD,ecommerce,chip_pin,approved,APPROVE,38.75,1.0510967741935484,0,1,0,1,0,0,0,2,111,5,14,0,,0.0,0.005229258625592658,0.005229258625592658
X000115000,2026-02-15 18:05:07,C000956,A0000956,M00494,T01193,West,West,264.04,USD,card_present,chip_pin,approved,APPROVE,222.07,1.1889944612059262,0,1,0,0,0,0,0,5,103,10,57,43,customer_velocity;terminal_customer_network_burst,0.43,0.004218177402874945,0.43
X000069518,2026-02-15 18:05:26,C000590,A0000590,M00189,T00768,West,West,46.41,USD,mobile_wallet,magstripe,approved,APPROVE,42.08,1.1028992395437263,0,1,0,0,1,1,0,0,25,12,14,18,terminal_customer_network_burst,0.18,0.01597077059206307,0.18
X000016013,2026-02-15 18:05:33,C000135,A0000135,M00378,T01130,South,South,64.57,USD,card_present,chip_pin,approved,APPROVE,91.86,0.7029174831264968,0,1,0,0,0,0,0,5,301,17,38,43,customer_velocity;terminal_customer_network_burst,0.43,0.010760331140569904,0.43
X000162773,2026-02-15 18:05:38,C001343,A0001343,M00594,T01188,Northeast,Northeast,122.23,USD,card_present,chip_pin,approved,APPROVE,77.13,1.5847270841436538,0,1,0,0,0,0,0,2,436,21,30,18,terminal_customer_network_burst,0.18,0.023594932251788873,0.18
X000092424,2026-02-15 18:06:46,C000773,A0000773,M00099,T00459,South,South,69.99,USD,ecommerce,wallet_biometric,approved,APPROVE,45.11,1.551540678341831,0,1,0,1,0,0,0,7,205,19,40,43,customer_velocity;terminal_customer_network_burst,0.43,0.017389563854017645,0.43
X000005469,2026-02-15 18:07:39,C000050,A0000050,M00198,T00837,Midwest,Midwest,42.4,USD,card_present,chip_pin,approved,APPROVE,32.17,1.3179981349082996,0,1,0,0,0,0,0,1,99,11,11,18,terminal_customer_network_burst,0.18,0.00789574112943987,0.18
X000162899,2026-02-15 18:08:26,C001344,A0001344,M00428,T00264,West,West,96.77,USD,mobile_wallet,chip_pin,approved,APPROVE,110.89,0.8726666065470285,0,1,0,0,0,1,0,0,198,15,26,18,terminal_customer_network_burst,0.18,0.011051662828830635,0.18
X000180742,2026-02-15 18:08:34,C001484,A0001484,M00278,T01124,Northeast,Northeast,69.1,USD,card_present,chip_pin,approved,APPROVE,62.68,1.1024250159540523,0,1,0,0,0,0,0,1,231,15,28,18,terminal_customer_network_burst,0.18,0.009169341041228884,0.18
X000213821,2026-02-15 18:08:44,C001745,A0001745,M00056,T01147,Midwest,Midwest,34.45,USD,ecommerce,3ds,approved,APPROVE,52.25,0.6593301435406699,0,1,0,1,0,0,0,1,372,16,18,18,terminal_customer_network_burst,0.18,0.01345541027159546,0.18
X000090764,2026-02-15 18:08:57,C000760,A0000760,M00183,T00617,South,South,36.88,USD,ecommerce,3ds,approved,APPROVE,41.22,0.8947113051916546,0,1,0,1,0,0,0,2,225,15,19,18,terminal_customer_network_burst,0.18,0.011285625388758089,0.18
X000202106,2026-02-15 18:09:48,C001653,A0001653,M00355,T00032,Midwest,Midwest,24.16,USD,ecommerce,chip_pin,approved,APPROVE,33.27,0.7261797415088668,0,1,0,1,0,0,0,1,25,4,22,0,,0.0,0.0031560797026106337,0.0031560797026106337
X000004164,2026-02-15 18:10:16,C000036,A0000036,M00501,T00506,Northeast,Northeast,71.87,USD,mobile_wallet,chip_pin,approved,APPROVE,88.98,0.807709597662396,0,1,0,0,0,1,0,2,180,16,38,18,terminal_customer_network_burst,0.18,0.010389410827187211,0.18
X000150505,2026-02-15 18:10:36,C001238,A0001238,M00335,T00070,South,South,76.13,USD,card_present,chip_pin,approved,APPROVE,130.71,0.5824343967561777,0,1,0,0,0,0,0,1,440,21,46,18,terminal_customer_network_burst,0.18,0.012206231262604747,0.18
X000242751,2026-02-15 18:10:43,C001980,A0001980,M00782,T00669,Midwest,Midwest,83.29,USD,ecommerce,chip_pin,approved,APPROVE,221.06,0.3767755360535601,0,1,0,1,0,0,0,9,202,12,101,43,customer_velocity;terminal_customer_network_burst,0.43,0.0028805557009137753,0.43
X000244125,2026-02-15 18:10:47,C001990,A0001990,M00230,T00912,West,West,34.01,USD,card_present,3ds,approved,APPROVE,64.22,0.529585798816568,0,1,0,0,0,0,0,3,61,12,33,18,terminal_customer_network_burst,0.18,0.004711594817080111,0.18
X000091848,2026-02-15 18:11:03,C000769,A0000769,M00262,T00060,South,South,90.51,USD,ecommerce,3ds,approved,APPROVE,268.43,0.3371828782177849,0,1,0,1,0,0,0,6,328,19,76,43,customer_velocity;terminal_customer_network_burst,0.43,0.007285818330865558,0.43
X000001749,2026-02-15 18:11:57,C000015,A0000015,M00074,T01036,South,South,92.72,USD,card_present,chip_pin,approved,APPROVE,115.21,0.8047912507594828,0,1,0,0,0,0,0,7,394,24,102,43,customer_velocity;terminal_customer_network_burst,0.43,0.008747290385768674,0.43
X000231566,2026-02-15 18:12:58,C001889,A0001889,M00336,T00273,South,West,188.02,USD,ecommerce,chip_pin,approved,APPROVE,324.26,0.579843335594893,0,1,0,1,0,0,1,1,28,15,0,45,new_customer_terminal_pair;terminal_customer_network_burst;home_region_mismatch,0.45,0.07457959608184052,0.45
X000172253,2026-02-15 18:13:10,C001420,A0001420,M00087,T00078,South,South,81.27,USD,card_present,magstripe,approved,APPROVE,88.1,0.9224744608399547,0,1,0,0,1,0,0,2,373,13,49,18,terminal_customer_network_burst,0.18,0.012537664995847702,0.18
X000032136,2026-02-15 18:13:47,C000272,A0000272,M00619,T00982,West,West,44.09,USD,card_present,wallet_biometric,approved,APPROVE,36.14,1.219977863862756,0,1,0,0,0,0,0,0,171,20,25,18,terminal_customer_network_burst,0.18,0.012485754806479146,0.18
X000100120,2026-02-15 18:13:47,C000843,A0000843,M00204,T00165,Midwest,Midwest,95.06,USD,ecommerce,wallet_biometric,approved,APPROVE,64.05,1.484153005464481,0,1,0,1,0,0,0,3,81,10,16,18,terminal_customer_network_burst,0.18,0.008612444194225794,0.18
X000138737,2026-02-15 18:14:11,C001142,A0001142,M00283,T01004,Northeast,Northeast,242.8,USD,ecommerce,wallet_biometric,approved,APPROVE,318.46,0.7624191421214596,0,1,0,1,0,0,0,2,189,10,35,18,terminal_customer_network_burst,0.18,0.005495683125894041,0.18
X000099391,2026-02-15 18:15:03,C000834,A0000834,M00276,T01082,Northeast,Northeast,135.48,USD,card_present,chip_pin,approved,APPROVE,47.15,2.8733828207847294,0,1,0,0,0,0,0,1,269,19,15,18,terminal_customer_network_burst,0.18,0.030222360070323747,0.18
X000210772,2026-02-15 18:15:09,C001718,A0001718,M00051,T01084,South,South,8.62,USD,mobile_wallet,3ds,approved,APPROVE,35.21,0.24481681340528255,0,1,0,0,0,1,0,1,279,16,18,18,terminal_customer_network_burst,0.18,0.012773671885331064,0.18
X000239377,2026-02-15 18:15:25,C001952,A0001952,M00482,T01158,Midwest,West,77.66,USD,ecommerce,chip_pin,approved,APPROVE,96.54,0.8044333954837373,0,1,0,1,0,0,1,1,110,11,0,45,new_customer_terminal_pair;terminal_customer_network_burst;home_region_mismatch,0.45,0.06903798966873129,0.45
X000118833,2026-02-15 18:17:04,C000984,A0000984,M00228,T00522,Northeast,Northeast,35.56,USD,ecommerce,magstripe,approved,APPROVE,38.22,0.9304029304029305,0,1,0,1,1,0,0,1,188,17,16,18,terminal_customer_network_burst,0.18,0.022143480472216103,0.18
X000076536,2026-02-15 18:17:15,C000643,A0000643,M00305,T00345,Northeast,Northeast,34.78,USD,ecommerce,3ds,approved,APPROVE,44.49,0.7817487075747359,0,1,0,1,0,0,0,2,91,11,38,18,terminal_customer_network_burst,0.18,0.004880552707902189,0.18
X000217474,2026-02-15 18:17:51,C001776,A0001776,M00400,T00160,West,West,101.87,USD,ecommerce,wallet_biometric,approved,APPROVE,51.93,1.961679183516272,0,1,0,1,0,0,0,2,90,9,26,18,terminal_customer_network_burst,0.18,0.007847904432922539,0.18
X000015441,2026-02-15 18:18:06,C000131,A0000131,M00391,T01061,Northeast,Northeast,58.79,USD,mobile_wallet,chip_pin,approved,APPROVE,59.87,0.9819609153165192,0,1,0,0,0,1,0,0,202,16,24,18,terminal_customer_network_burst,0.18,0.012839967343610504,0.18
X000212459,2026-02-15 18:18:22,C001733,A0001733,M00564,T01141,Northeast,Northeast,97.42,USD,mobile_wallet,chip_pin,approved,APPROVE,162.51,0.5994708017968126,0,1,0,0,0,1,0,3,257,16,55,18,terminal_customer_network_burst,0.18,0.008752547931602512,0.18
X000182340,2026-02-15 18:18:50,C001500,A0001500,M00788,T00018,South,South,238.46,USD,card_present,wallet_biometric,approved,APPROVE,130.54,1.8267197793779686,0,1,0,0,0,0,0,5,275,22,63,43,customer_velocity;terminal_customer_network_burst,0.43,0.015166868810381241,0.43
X000012996,2026-02-15 18:19:20,C000113,A0000113,M00309,T01075,Northeast,Northeast,48.54,USD,card_present,wallet_biometric,approved,APPROVE,59.23,0.8195171365861894,0,1,0,0,0,0,0,2,148,11,20,18,terminal_customer_network_burst,0.18,0.006488990635693612,0.18
X000222330,2026-02-15 18:19:39,C001811,A0001811,M00044,T00290,Northeast,Northeast,47.85,USD,mobile_wallet,3ds,approved,APPROVE,63.03,0.7591623036649214,0,1,0,0,0,1,0,3,107,8,37,18,terminal_customer_network_burst,0.18,0.00544668560104056,0.18
X000241586,2026-02-15 18:20:34,C001971,A0001971,M00075,T00297,West,West,127.05,USD,ecommerce,chip_pin,approved,APPROVE,150.08,0.8465485074626865,0,1,0,1,0,0,0,2,85,5,32,0,,0.0,0.003508624417355298,0.003508624417355298
X000012688,2026-02-15 18:20:43,C000110,A0000110,M00335,T00070,South,South,40.03,USD,card_present,chip_pin,approved,APPROVE,31.37,1.2760599298693018,0,1,0,0,0,0,0,1,441,21,22,18,terminal_customer_network_burst,0.18,0.022848436457248135,0.18
X000113194,2026-02-15 18:21:11,C000944,A0000944,M00205,T00871,Northeast,South,364.03,USD,card_present,chip_pin,approved,APPROVE,227.5,1.600131868131868,0,1,0,0,0,0,1,6,165,10,0,70,customer_velocity;new_customer_terminal_pair;terminal_customer_network_burst;home_region_mismatch,0.7,0.10610820298258512,0.7
X000052289,2026-02-15 18:22:02,C000441,A0000441,M00392,T00305,Midwest,Midwest,134.07,USD,mobile_wallet,wallet_biometric,approved,APPROVE,94.35,1.420985691573927,0,1,0,0,0,1,0,2,167,11,58,18,terminal_customer_network_burst,0.18,0.006474538680738075,0.18
X000236726,2026-02-15 18:22:04,C001930,A0001930,M00378,T00730,South,South,29.8,USD,card_present,wallet_biometric,approved,APPROVE,32.14,0.9271935283136279,0,1,0,0,0,0,0,3,191,17,23,18,terminal_customer_network_burst,0.18,0.011229243591936966,0.18
X000232274,2026-02-15 18:22:52,C001894,A0001894,M00040,T00439,Northeast,Northeast,391.15,USD,card_present,magstripe,approved,APPROVE,590.99,0.6618555305504322,0,1,0,0,1,0,0,4,305,15,58,18,terminal_customer_network_burst,0.18,0.011450575459317462,0.18
X000066218,2026-02-15 18:23:03,C000561,A0000561,M00244,T00336,South,South,291.68,USD,card_present,chip_pin,approved,APPROVE,56.65,5.148808473080318,0,1,0,0,0,0,0,2,328,14,28,48,amount_vs_profile;terminal_customer_network_burst,0.48,0.045027889650825624,0.48
X000185687,2026-02-15 18:23:37,C001526,A0001526,M00676,T00051,Midwest,Midwest,78.48,USD,ecommerce,chip_pin,approved,APPROVE,46.99,1.6701425835284103,0,1,0,1,0,0,0,3,328,16,20,18,terminal_customer_network_burst,0.18,0.019552245517766194,0.18
X000180871,2026-02-15 18:23:49,C001486,A0001486,M00788,T00018,South,South,38.8,USD,ecommerce,chip_pin,approved,APPROVE,28.31,1.3705404450724126,0,1,0,1,0,0,0,0,276,22,13,18,terminal_customer_network_burst,0.18,0.023801449383249643,0.18
X000148744,2026-02-15 18:24:27,C001225,A0001225,M00376,T00309,South,South,331.62,USD,ecommerce,wallet_biometric,approved,APPROVE,171.02,1.9390714536311542,0,1,0,1,0,0,0,6,411,17,99,43,customer_velocity;terminal_customer_network_burst,0.43,0.008986898452260965,0.43
X000192697,2026-02-15 18:24:32,C001582,A0001582,M00080,T00226,Midwest,Midwest,12.86,USD,ecommerce,chip_pin,approved,APPROVE,32.55,0.3950844854070661,0,1,0,1,0,0,0,1,28,7,22,0,,0.0,0.0034957833495815587,0.0034957833495815587
X000181672,2026-02-15 18:24:38,C001494,A0001494,M00326,T01151,Northeast,Northeast,37.15,USD,mobile_wallet,wallet_biometric,approved,APPROVE,41.44,0.896476833976834,0,1,0,0,0,1,0,1,207,11,23,18,terminal_customer_network_burst,0.18,0.009332847933319819,0.18
X000096283,2026-02-15 18:25:07,C000805,A0000805,M00437,T00139,West,West,54.73,USD,ecommerce,magstripe,approved,APPROVE,66.06,0.8284892521949742,0,1,0,1,1,0,0,1,156,16,5,18,terminal_customer_network_burst,0.18,0.022424404658109104,0.18
X000006745,2026-02-15 18:25:08,C000060,A0000060,M00120,T00900,Midwest,Midwest,43.01,USD,card_present,chip_pin,approved,APPROVE,53.72,0.800632911392405,0,1,0,0,0,0,0,3,60,11,27,18,terminal_customer_network_burst,0.18,0.005309929707259857,0.18
X000130246,2026-02-15 18:25:20,C001070,A0001070,M00410,T00952,South,South,8.66,USD,card_present,chip_pin,approved,APPROVE,24.07,0.35978396343996677,0,1,0,0,0,0,0,1,182,15,18,18,terminal_customer_network_burst,0.18,0.0075716141398406754,0.18
X000186431,2026-02-15 18:25:47,C001532,A0001532,M00460,T00677,Midwest,Midwest,259.65,USD,card_present,wallet_biometric,approved,APPROVE,163.74,1.5857456943935506,0,1,0,0,0,0,0,2,275,21,32,18,terminal_customer_network_burst,0.18,0.01790371739549934,0.18
X000046832,2026-02-15 18:26:32,C000393,A0000393,M00112,T00122,West,West,279.8,USD,ecommerce,chip_pin,approved,APPROVE,236.28,1.1841882512273574,0,1,0,1,0,0,0,3,212,8,47,18,terminal_customer_network_burst,0.18,0.005015793956380485,0.18
X000223856,2026-02-15 18:26:41,C001826,A0001826,M00600,T00588,South,South,21.44,USD,mobile_wallet,chip_pin,approved,APPROVE,36.54,0.5867542419266558,0,1,0,0,0,1,0,2,195,16,22,18,terminal_customer_network_burst,0.18,0.012592225831983661,0.18
X000119321,2026-02-15 18:27:01,C000988,A0000988,M00691,T00755,Northeast,Northeast,20.14,USD,mobile_wallet,chip_pin,approved,APPROVE,18.06,1.115171650055371,0,1,0,0,0,1,0,2,275,18,21,18,terminal_customer_network_burst,0.18,0.020250958525120637,0.18
X000231351,2026-02-15 18:27:47,C001888,A0001888,M00663,T00502,West,West,28.81,USD,card_present,chip_pin,soft_decline,CHALLENGE,34.21,0.8421514177141186,0,1,1,0,0,0,0,2,237,10,24,26,terminal_customer_network_burst;authentication_soft_decline,0.26,0.02765064524409653,0.26
X000098104,2026-02-15 18:29:03,C000821,A0000821,M00372,T00192,South,South,29.05,USD,card_present,3ds,approved,APPROVE,44.2,0.6572398190045249,0,1,0,0,0,0,0,0,311,19,13,18,terminal_customer_network_burst,0.18,0.014136318531708086,0.18
X000206413,2026-02-15 18:29:10,C001685,A0001685,M00754,T01077,West,West,37.9,USD,ecommerce,magstripe,approved,APPROVE,35.36,1.0718325791855203,0,1,0,1,1,0,0,0,140,11,24,18,terminal_customer_network_burst,0.18,0.011768383011073006,0.18
X000107631,2026-02-15 18:29:30,C000900,A0000900,M00191,T00397,Midwest,Midwest,147.85,USD,mobile_wallet,chip_pin,approved,APPROVE,159.85,0.9249296215201752,0,1,0,0,0,1,0,4,265,14,95,18,terminal_customer_network_burst,0.18,0.004853633636732776,0.18
X000000321,2026-02-15 18:29:40,C000003,A0000003,M00423,T00628,South,South,57.46,USD,card_present,chip_pin,approved,APPROVE,47.0,1.2225531914893617,0,1,0,0,0,0,0,1,84,12,15,18,terminal_customer_network_burst,0.18,0.007525250796627168,0.18
X000034251,2026-02-15 18:29:44,C000290,A0000290,M00715,T00083,Midwest,Midwest,132.65,USD,card_present,chip_pin,approved,APPROVE,128.03,1.036085292509568,0,1,0,0,0,0,0,1,202,13,35,18,terminal_customer_network_burst,0.18,0.006626565153426974,0.18
X000180327,2026-02-15 18:30:43,C001482,A0001482,M00703,T00135,Midwest,Midwest,42.06,USD,card_present,3ds,approved,APPROVE,74.04,0.5680713128038898,0,1,0,0,0,0,0,1,252,21,5,18,terminal_customer_network_burst,0.18,0.017238263146632155,0.18
X000135369,2026-02-15 18:30:53,C001111,A0001111,M00109,T00548,Northeast,Northeast,45.84,USD,ecommerce,3ds,approved,APPROVE,130.9,0.35019098548510313,0,1,0,1,0,0,0,4,277,21,34,18,terminal_customer_network_burst,0.18,0.013601186470471274,0.18
X000216389,2026-02-15 18:31:57,C001768,A0001768,M00517,T01092,Midwest,Midwest,27.92,USD,ecommerce,chip_pin,approved,APPROVE,46.85,0.5959445037353255,0,1,0,1,0,0,0,3,218,16,19,18,terminal_customer_network_burst,0.18,0.01134058792537927,0.18
X000192981,2026-02-15 18:32:01,C001584,A0001584,M00555,T00348,Midwest,Midwest,327.41,USD,mobile_wallet,wallet_biometric,approved,APPROVE,230.45,1.4207420264699502,0,1,0,0,0,1,0,2,152,10,50,18,terminal_customer_network_burst,0.18,0.006667478582543104,0.18
X000090305,2026-02-15 18:32:06,C000755,A0000755,M00044,T01081,Northeast,Northeast,71.87,USD,ecommerce,wallet_biometric,approved,APPROVE,44.35,1.6205186020293123,0,1,0,1,0,0,0,2,272,19,20,18,terminal_customer_network_burst,0.18,0.020777102929103036,0.18
X000059840,2026-02-15 18:32:29,C000509,A0000509,M00473,T01017,West,West,36.2,USD,card_present,3ds,approved,APPROVE,61.15,0.5919869174161898,0,1,0,0,0,0,0,2,81,12,26,18,terminal_customer_network_burst,0.18,0.005266951048216742,0.18
X000223728,2026-02-15 18:32:39,C001824,A0001824,M00556,T00223,South,South,67.13,USD,card_present,3ds,approved,APPROVE,48.08,1.3962146422628952,0,1,0,0,0,0,0,2,273,15,24,18,terminal_customer_network_burst,0.18,0.01221991156422186,0.18
X000052290,2026-02-15 18:32:49,C000441,A0000441,M00277,T00518,Midwest,Midwest,90.2,USD,card_present,wallet_biometric,approved,APPROVE,94.35,0.9560148383677797,0,1,0,0,0,0,0,3,189,12,51,18,terminal_customer_network_burst,0.18,0.005064052323830336,0.18
X000134253,2026-02-15 18:34:02,C001103,A0001103,M00484,T00090,South,South,340.37,USD,card_present,3ds,approved,APPROVE,279.87,1.2161717940472363,0,1,0,0,0,0,0,8,156,11,98,43,customer_velocity;terminal_customer_network_burst,0.43,0.0030560968500706383,0.43
X000162608,2026-02-15 18:34:13,C001342,A0001342,M00544,T00846,South,South,161.82,USD,card_present,chip_pin,approved,APPROVE,177.7,0.9106359032076534,0,1,0,0,0,0,0,6,279,17,46,43,customer_velocity;terminal_customer_network_burst,0.43,0.010436181672573526,0.43
X000116705,2026-02-15 18:34:21,C000968,A0000968,M00645,T00905,South,South,38.98,USD,ecommerce,chip_pin,approved,APPROVE,34.2,1.1397660818713449,0,1,0,1,0,0,0,0,393,21,14,18,terminal_customer_network_burst,0.18,0.02397358883331997,0.18
X000101007,2026-02-15 18:34:35,C000850,A0000850,M00706,T00409,Northeast,Northeast,60.01,USD,card_present,chip_pin,approved,APPROVE,158.88,0.3777064451158107,0,1,0,0,0,0,0,4,224,14,57,18,terminal_customer_network_burst,0.18,0.004796407702864962,0.18
X000023798,2026-02-15 18:34:51,C000201,A0000201,M00740,T00080,Northeast,Northeast,937.87,USD,ecommerce,chip_pin,approved,APPROVE,309.26,3.0326262691586368,0,1,0,1,0,0,0,5,236,19,81,73,amount_vs_profile;customer_velocity;terminal_customer_network_burst,0.73,0.014892505018540298,0.73
X000090487,2026-02-15 18:35:59,C000757,A0000757,M00779,T00146,South,South,60.63,USD,ecommerce,chip_pin,approved,APPROVE,41.63,1.456401633437425,0,1,0,1,0,0,0,0,446,19,22,18,terminal_customer_network_burst,0.18,0.022307097566689787,0.18
X000146481,2026-02-15 18:36:40,C001208,A0001208,M00288,T01177,Northeast,Northeast,67.09,USD,card_present,wallet_biometric,approved,APPROVE,52.39,1.2805878984539034,0,1,0,0,0,0,0,1,267,16,30,18,terminal_customer_network_burst,0.18,0.010784231305267393,0.18
X000140071,2026-02-15 18:36:49,C001154,A0001154,M00406,T00668,South,South,145.38,USD,card_present,chip_pin,approved,APPROVE,200.38,0.725521509132648,0,1,0,0,0,0,0,4,260,16,68,18,terminal_customer_network_burst,0.18,0.005611920165537912,0.18
X000007582,2026-02-15 18:37:28,C000069,A0000069,M00610,T00995,Midwest,Midwest,54.58,USD,card_present,chip_pin,approved,APPROVE,40.89,1.3348006847640008,0,1,0,0,0,0,0,4,210,16,43,18,terminal_customer_network_burst,0.18,0.009619862697272497,0.18
X000052509,2026-02-15 18:37:32,C000442,A0000442,M00478,T00667,Midwest,Midwest,139.86,USD,card_present,chip_pin,approved,APPROVE,204.56,0.6837113805240517,0,1,0,0,0,0,0,1,282,18,41,18,terminal_customer_network_burst,0.18,0.00863405901689367,0.18
X000014558,2026-02-15 18:37:49,C000123,A0000123,M00099,T00459,South,South,375.95,USD,card_present,wallet_biometric,approved,APPROVE,125.44,2.997050382653061,0,1,0,0,0,0,0,4,206,19,44,18,terminal_customer_network_burst,0.18,0.02144657195455565,0.18
X000239857,2026-02-15 18:38:07,C001955,A0001955,M00484,T00728,South,South,14.03,USD,card_present,magstripe,approved,APPROVE,16.49,0.8508186779866587,0,1,0,0,1,0,0,4,367,16,34,18,terminal_customer_network_burst,0.18,0.021065834067889783,0.18
X000172254,2026-02-15 18:38:11,C001420,A0001420,M00087,T00078,South,South,165.69,USD,ecommerce,3ds,approved,APPROVE,88.1,1.8807037457434734,0,1,0,1,0,0,0,3,374,13,50,18,terminal_customer_network_burst,0.18,0.011428510201188742,0.18
X000156789,2026-02-15 18:38:20,C001289,A0001289,M00112,T00122,West,West,329.63,USD,card_present,wallet_biometric,approved,APPROVE,454.02,0.7260252852297255,0,1,0,0,0,0,0,7,213,8,84,43,customer_velocity;terminal_customer_network_burst,0.43,0.0026453283524928996,0.43
X000232275,2026-02-15 18:38:31,C001894,A0001894,M00393,T00239,Northeast,Northeast,285.53,USD,card_present,chip_pin,approved,APPROVE,590.99,0.483138462579739,0,1,0,0,0,0,0,5,323,13,47,43,customer_velocity;terminal_customer_network_burst,0.43,0.006663486964360153,0.43
X000069945,2026-02-15 18:38:33,C000595,A0000595,M00434,T00133,South,South,47.26,USD,mobile_wallet,chip_pin,approved,APPROVE,30.54,1.547478716437459,0,1,0,0,0,1,0,0,314,16,18,18,terminal_customer_network_burst,0.18,0.020557816470091392,0.18
X000168497,2026-02-15 18:39:11,C001393,A0001393,M00335,T00070,South,South,144.74,USD,ecommerce,chip_pin,approved,APPROVE,56.24,2.5736130867709814,0,1,0,1,0,0,0,1,442,21,26,18,terminal_customer_network_burst,0.18,0.03782223222159788,0.18
X000238512,2026-02-15 18:39:50,C001946,A0001946,M00323,T01185,South,South,59.77,USD,mobile_wallet,chip_pin,approved,APPROVE,45.22,1.3217602830605928,0,1,0,0,0,1,0,3,303,17,41,18,terminal_customer_network_burst,0.18,0.016369735163547606,0.18
X000201124,2026-02-15 18:39:52,C001647,A0001647,M00494,T00136,West,West,93.65,USD,card_present,3ds,approved,APPROVE,140.11,0.6684033973306688,0,1,0,0,0,0,0,2,96,15,39,18,terminal_customer_network_burst,0.18,0.0056274152946175935,0.18
X000060341,2026-02-15 18:40:16,C000513,A0000513,M00608,T00027,South,South,226.35,USD,card_present,3ds,approved,APPROVE,115.4,1.961438474870017,0,1,0,0,0,0,0,3,336,17,50,18,terminal_customer_network_burst,0.18,0.013436119088436203,0.18
X000083605,2026-02-15 18:40:47,C000698,A0000698,M00445,T00021,Northeast,Northeast,27.35,USD,card_present,magstripe,approved,APPROVE,41.27,0.6627089895808093,0,1,0,0,1,0,0,0,263,11,20,18,terminal_customer_network_burst,0.18,0.011796557235580611,0.18
X000189763,2026-02-15 18:41:30,C001559,A0001559,M00184,T01155,South,South,88.54,USD,ecommerce,3ds,approved,APPROVE,46.73,1.894714316285042,0,1,0,1,0,0,0,2,286,17,40,18,terminal_customer_network_burst,0.18,0.014879220912379632,0.18
X000245490,2026-02-15 18:42:43,C001999,A0001999,M00482,T00610,West,West,268.09,USD,card_present,3ds,approved,APPROVE,131.76,2.034684274438373,0,1,0,0,0,0,0,3,227,15,44,18,terminal_customer_network_burst,0.18,0.01108588221097653,0.18
X000238654,2026-02-15 18:42:49,C001947,A0001947,M00556,T00223,South,South,249.44,USD,ecommerce,chip_pin,approved,APPROVE,198.0,1.2597979797979797,0,1,0,1,0,0,0,2,274,15,32,18,terminal_customer_network_burst,0.18,0.011351403268795938,0.18
X000040563,2026-02-15 18:42:54,C000344,A0000344,M00460,T00355,Midwest,Midwest,21.36,USD,ecommerce,chip_pin,approved,APPROVE,46.73,0.4570939439332335,0,1,0,1,0,0,0,1,177,16,35,18,terminal_customer_network_burst,0.18,0.0070898349743785775,0.18
X000011843,2026-02-15 18:43:08,C000104,A0000104,M00382,T00436,Midwest,Midwest,219.3,USD,card_present,chip_pin,approved,APPROVE,150.27,1.459373128368936,0,1,0,0,0,0,0,3,83,14,48,18,terminal_customer_network_burst,0.18,0.006275784737995956,0.18
X000235620,2026-02-15 18:44:07,C001920,A0001920,M00504,T00422,Northeast,Northeast,117.66,USD,card_present,3ds,approved,APPROVE,117.86,0.9983030714406923,0,1,0,0,0,0,0,1,342,13,39,18,terminal_customer_network_burst,0.18,0.007619909020222853,0.18
X000000902,2026-02-15 18:44:20,C000009,A0000009,M00004,T00199,Northeast,Northeast,87.82,USD,ecommerce,3ds,approved,APPROVE,58.32,1.505829903978052,0,1,0,1,0,0,0,2,118,11,29,18,terminal_customer_network_burst,0.18,0.007650916301472647,0.18
X000200895,2026-02-15 18:44:23,C001645,A0001645,M00479,T00906,Midwest,Midwest,68.18,USD,card_present,3ds,approved,APPROVE,71.08,0.9592009003939225,0,1,0,0,0,0,0,4,149,9,57,18,terminal_customer_network_burst,0.18,0.003669599545090881,0.18
X000156790,2026-02-15 18:44:53,C001289,A0001289,M00112,T00122,West,West,284.53,USD,mobile_wallet,chip_pin,approved,APPROVE,454.02,0.6266904541650147,0,1,0,0,0,1,0,8,214,8,85,43,customer_velocity;terminal_customer_network_burst,0.43,0.0037431046867565615,0.43
X000197548,2026-02-15 18:44:56,C001621,A0001621,M00092,T00788,West,West,381.74,USD,card_present,magstripe,approved,APPROVE,173.71,2.197570663749928,0,1,0,0,1,0,0,2,276,18,75,18,terminal_customer_network_burst,0.18,0.01647977799930679,0.18
X000070854,2026-02-15 18:46:01,C000601,A0000601,M00613,T00852,South,South,63.44,USD,card_present,chip_pin,approved,APPROVE,156.23,0.40606797670101774,0,1,0,0,0,0,0,4,230,20,34,18,terminal_customer_network_burst,0.18,0.010871483960849177,0.18
X000027066,2026-02-15 18:46:11,C000233,A0000233,M00771,T00411,South,South,83.7,USD,card_present,3ds,approved,APPROVE,52.79,1.585527562038265,0,1,0,0,0,0,0,1,122,16,32,18,terminal_customer_network_burst,0.18,0.009347495182619995,0.18
X000031244,2026-02-15 18:46:40,C000264,A0000264,M00381,T00872,West,West,48.56,USD,mobile_wallet,magstripe,approved,APPROVE,39.07,1.2428973637061684,0,1,0,0,1,1,0,3,34,8,27,18,terminal_customer_network_burst,0.18,0.012178947713579892,0.18
X000169670,2026-02-15 18:46:51,C001400,A0001400,M00378,T01196,South,South,109.47,USD,card_present,chip_pin,approved,APPROVE,210.06,0.5211368180519851,0,1,0,0,0,0,0,5,176,10,79,43,customer_velocity;terminal_customer_network_burst,0.43,0.0026106157562184287,0.43
X000041651,2026-02-15 18:47:11,C000352,A0000352,M00434,T00808,South,South,24.05,USD,ecommerce,3ds,approved,APPROVE,46.87,0.513121399615959,0,1,0,1,0,0,0,2,258,17,23,18,terminal_customer_network_burst,0.18,0.0112171112141017,0.18
X000126316,2026-02-15 18:47:22,C001040,A0001040,M00038,T00874,South,South,20.87,USD,card_present,wallet_biometric,approved,APPROVE,14.22,1.4676511954992968,0,1,0,0,0,0,0,2,466,29,28,18,terminal_customer_network_burst,0.18,0.04310840276190177,0.18
X000027067,2026-02-15 18:47:26,C000233,A0000233,M00771,T00411,South,South,28.48,USD,ecommerce,chip_pin,approved,APPROVE,52.79,0.5394961166887668,0,1,0,1,0,0,0,2,123,16,33,18,terminal_customer_network_burst,0.18,0.007311376251187786,0.18
X000067216,2026-02-15 18:49:27,C000570,A0000570,M00087,T00716,South,South,28.79,USD,ecommerce,chip_pin,approved,APPROVE,39.87,0.7220968146476048,0,1,0,1,0,0,0,2,292,18,42,18,terminal_customer_network_burst,0.18,0.010194430841893606,0.18
X000053059,2026-02-15 18:49:39,C000447,A0000447,M00215,T00873,South,South,32.03,USD,mobile_wallet,wallet_biometric,approved,APPROVE,31.58,1.014249525015833,0,1,0,0,0,1,0,1,148,14,32,18,terminal_customer_network_burst,0.18,0.009613702657313728,0.18
X000081340,2026-02-15 18:50:03,C000681,A0000681,M00054,T00295,West,West,275.67,USD,card_present,chip_pin,approved,APPROVE,189.01,1.4584942595629862,0,1,0,0,0,0,0,7,231,12,107,43,customer_velocity;terminal_customer_network_burst,0.43,0.003325370540839524,0.43
X000214248,2026-02-15 18:50:15,C001749,A0001749,M00191,T00397,Midwest,Midwest,63.45,USD,card_present,3ds,approved,APPROVE,63.07,1.006025051530046,0,1,0,0,0,0,0,3,266,14,38,18,terminal_customer_network_burst,0.18,0.00824686220040943,0.18
X000207640,2026-02-15 18:51:52,C001694,A0001694,M00210,T01163,South,South,88.6,USD,card_present,3ds,approved,APPROVE,51.94,1.705814401232191,0,1,0,0,0,0,0,1,138,11,18,18,terminal_customer_network_burst,0.18,0.008663672692836981,0.18
X000178554,2026-02-15 18:52:14,C001470,A0001470,M00585,T00119,Midwest,Midwest,65.04,USD,mobile_wallet,chip_pin,approved,APPROVE,151.7,0.4287409360580093,0,1,0,0,0,1,0,3,171,16,26,18,terminal_customer_network_burst,0.18,0.011338199599531747,0.18
X000235277,2026-02-15 18:52:14,C001917,A0001917,M00394,T00597,South,South,96.78,USD,mobile_wallet,chip_pin,approved,APPROVE,143.14,0.6761212798658657,0,1,0,0,0,1,0,7,225,19,59,43,customer_velocity;terminal_customer_network_burst,0.43,0.012344049675913646,0.43
X000207750,2026-02-15 18:52:15,C001695,A0001695,M00183,T00617,South,South,313.85,USD,card_present,3ds,approved,APPROVE,110.1,2.850590372388738,0,1,0,0,0,0,0,2,226,15,22,18,terminal_customer_network_burst,0.18,0.019926963705070983,0.18
X000045926,2026-02-15 18:52:20,C000384,A0000384,M00359,T00984,Midwest,Midwest,108.31,USD,card_present,3ds,approved,APPROVE,65.87,1.6442993775618642,0,1,0,0,0,0,0,2,115,6,22,0,,0.0,0.005617448604508528,0.005617448604508528
X000000124,2026-02-15 18:52:36,C000001,A0000001,M00556,T00589,South,South,139.5,USD,mobile_wallet,chip_pin,approved,APPROVE,215.65,0.6468815209830744,0,1,0,0,0,1,0,1,361,19,36,18,terminal_customer_network_burst,0.18,0.015747920952141975,0.18
X000087502,2026-02-15 18:52:43,C000734,A0000734,M00743,T00220,South,South,41.61,USD,ecommerce,wallet_biometric,approved,APPROVE,81.19,0.5125015395984728,0,1,0,1,0,0,0,2,178,17,38,18,terminal_customer_network_burst,0.18,0.007837732403651848,0.18
X000021611,2026-02-15 18:53:28,C000186,A0000186,M00232,T00367,West,West,192.24,USD,card_present,wallet_biometric,approved,APPROVE,223.8,0.8589812332439678,0,1,0,0,0,0,0,6,290,13,113,43,customer_velocity;terminal_customer_network_burst,0.43,0.0027123350612070466,0.43
X000023137,2026-02-15 18:53:55,C000197,A0000197,M00620,T00585,South,South,142.7,USD,card_present,chip_pin,approved,APPROVE,131.98,1.0812244279436278,0,1,0,0,0,0,0,5,241,14,50,43,customer_velocity;terminal_customer_network_burst,0.43,0.007505356005838585,0.43
X000046658,2026-02-15 18:53:55,C000392,A0000392,M00453,T00940,South,South,18.14,USD,mobile_wallet,chip_pin,approved,APPROVE,28.06,0.6464718460441911,0,1,0,0,0,1,0,2,414,23,18,18,terminal_customer_network_burst,0.18,0.03163395624137767,0.18
X000007404,2026-02-15 18:54:41,C000068,A0000068,M00520,T00622,Midwest,Midwest,199.57,USD,ecommerce,chip_pin,approved,APPROVE,170.95,1.1674173735010238,0,1,0,1,0,0,0,4,59,6,40,0,,0.0,0.003998351124026503,0.003998351124026503
X000024217,2026-02-15 18:54:44,C000204,A0000204,M00692,T00771,Northeast,Northeast,37.11,USD,card_present,chip_pin,approved,APPROVE,33.64,1.1031510107015456,0,1,0,0,0,0,0,3,237,18,26,18,terminal_customer_network_burst,0.18,0.013188257753505142,0.18
X000210279,2026-02-15 18:55:05,C001714,A0001714,M00486,T00218,South,South,109.46,USD,ecommerce,wallet_biometric,approved,APPROVE,80.25,1.3639875389408098,0,1,0,1,0,0,0,5,207,16,63,43,customer_velocity;terminal_customer_network_burst,0.43,0.008239081803510077,0.43
X000068723,2026-02-15 18:55:21,C000583,A0000583,M00270,T00473,South,South,37.27,USD,ecommerce,3ds,approved,APPROVE,32.49,1.147122191443521,0,1,0,1,0,0,0,2,293,18,18,18,terminal_customer_network_burst,0.18,0.017338628269191466,0.18
X000134709,2026-02-15 18:55:59,C001105,A0001105,M00030,T00879,West,West,54.53,USD,card_present,3ds,approved,APPROVE,28.19,1.934373891450869,0,1,0,0,0,0,0,0,99,15,22,18,terminal_customer_network_burst,0.18,0.010579288308266377,0.18
X000157010,2026-02-15 18:57:13,C001291,A0001291,M00295,T00926,South,South,144.66,USD,card_present,3ds,approved,APPROVE,200.77,0.7205259749962644,0,1,0,0,0,0,0,2,144,16,32,18,terminal_customer_network_burst,0.18,0.00741876018716787,0.18
X000233847,2026-02-15 18:57:23,C001906,A0001906,M00675,T00405,Midwest,Midwest,23.7,USD,mobile_wallet,magstripe,approved,APPROVE,45.33,0.5228325612177366,0,1,0,0,1,1,0,5,98,6,38,25,customer_velocity,0.25,0.00834443600802429,0.25
X000038109,2026-02-15 18:57:24,C000325,A0000325,M00425,T00883,West,West,23.97,USD,card_present,chip_pin,approved,APPROVE,28.62,0.8375262054507336,0,1,0,0,0,0,0,0,91,6,19,0,,0.0,0.0037935516089080516,0.0037935516089080516
X000010550,2026-02-15 18:57:59,C000095,A0000095,M00613,T00449,South,South,20.88,USD,card_present,3ds,approved,APPROVE,30.37,0.6875205795192624,0,1,0,0,0,0,0,0,270,17,16,18,terminal_customer_network_burst,0.18,0.011076597485127428,0.18
X000156465,2026-02-15 18:58:15,C001287,A0001287,M00679,T00587,Northeast,Northeast,37.43,USD,card_present,3ds,soft_decline,CHALLENGE,23.67,1.5813265737220108,0,1,1,0,0,0,0,1,308,14,32,26,terminal_customer_network_burst;authentication_soft_decline,0.26,0.04472848307452832,0.26
X000003946,2026-02-15 18:58:33,C000034,A0000034,M00037,T00050,West,West,70.82,USD,ecommerce,chip_pin,approved,APPROVE,50.12,1.4130087789305665,0,1,0,1,0,0,0,1,150,12,16,18,terminal_customer_network_burst,0.18,0.009720997077086362,0.18
X000027068,2026-02-15 18:58:41,C000233,A0000233,M00771,T00411,South,South,18.92,USD,mobile_wallet,chip_pin,approved,APPROVE,52.79,0.35840121235082406,0,1,0,0,0,1,0,3,124,16,34,18,terminal_customer_network_burst,0.18,0.00906839782849694,0.18
X000079406,2026-02-15 18:59:09,C000668,A0000668,M00484,T00728,South,South,78.37,USD,ecommerce,3ds,approved,APPROVE,54.33,1.4424811338118904,0,1,0,1,0,0,0,1,368,16,25,18,terminal_customer_network_burst,0.18,0.0159562003308747,0.18
X000131307,2026-02-15 18:59:25,C001080,A0001080,M00668,T00869,Midwest,Midwest,87.91,USD,card_present,magstripe,approved,APPROVE,51.38,1.7109770338653172,0,1,0,0,1,0,0,0,231,12,47,18,terminal_customer_network_burst,0.18,0.01162116090295542,0.18
X000046524,2026-02-15 18:59:56,C000390,A0000390,M00482,T00610,West,West,44.83,USD,ecommerce,chip_pin,approved,APPROVE,23.8,1.8836134453781512,0,1,0,1,0,0,0,0,228,15,21,18,terminal_customer_network_burst,0.18,0.014208614561766494,0.18
X000226021,2026-02-15 19:00:08,C001841,A0001841,M00587,T00725,South,South,68.2,USD,ecommerce,3ds,approved,APPROVE,36.24,1.8818984547461368,0,1,0,1,0,0,0,0,156,14,24,18,terminal_customer_network_burst,0.18,0.01128183634032863,0.18
X000102425,2026-02-15 19:00:37,C000861,A0000861,M00335,T00138,South,South,188.12,USD,card_present,chip_pin,approved,APPROVE,192.95,0.97496760818865,0,1,0,0,0,0,0,1,289,10,22,18,terminal_customer_network_burst,0.18,0.007302872116686913,0.18
X000226273,2026-02-15 19:00:42,C001843,A0001843,M00778,T01132,South,South,104.47,USD,mobile_wallet,3ds,approved,APPROVE,73.75,1.416542372881356,0,1,0,0,0,1,0,2,254,20,50,18,terminal_customer_network_burst,0.18,0.016115182823709946,0.18
X000108749,2026-02-15 19:00:54,C000911,A0000911,M00211,T01170,Midwest,Midwest,46.46,USD,card_present,chip_pin,approved,APPROVE,89.36,0.5199194270367055,0,1,0,0,0,0,0,3,246,11,43,18,terminal_customer_network_burst,0.18,0.004965673786259687,0.18
X000167279,2026-02-15 19:01:04,C001381,A0001381,M00128,T00044,Northeast,Northeast,77.59,USD,mobile_wallet,chip_pin,approved,APPROVE,184.34,0.4209070196376261,0,1,0,0,0,1,0,4,154,19,47,18,terminal_customer_network_burst,0.18,0.01039302288455553,0.18
X000063793,2026-02-15 19:01:29,C000541,A0000541,M00117,T00472,South,South,73.83,USD,ecommerce,chip_pin,approved,APPROVE,96.59,0.7643648410808572,0,1,0,1,0,0,0,1,120,12,64,18,terminal_customer_network_burst,0.18,0.003438065175409898,0.18
X000012463,2026-02-15 19:01:41,C000108,A0000108,M00055,T01044,South,South,68.59,USD,ecommerce,3ds,approved,APPROVE,37.77,1.815991527667461,0,1,0,1,0,0,0,2,410,24,36,18,terminal_customer_network_burst,0.18,0.03073053121774205,0.18
X000087356,2026-02-15 19:01:41,C000733,A0000733,M00137,T00707,Midwest,Midwest,352.87,USD,ecommerce,chip_pin,approved,APPROVE,190.79,1.8495204151160964,0,1,0,1,0,0,0,2,71,11,30,18,terminal_customer_network_burst,0.18,0.007946949790750129,0.18
X000180571,2026-02-15 19:02:04,C001483,A0001483,M00691,T00755,Northeast,Northeast,884.71,USD,card_present,wallet_biometric,approved,APPROVE,259.43,3.4102069922522453,0,1,0,0,0,0,0,5,276,18,64,73,amount_vs_profile;customer_velocity;terminal_customer_network_burst,0.73,0.01993007410081476,0.73
X000220830,2026-02-15 19:02:46,C001800,A0001800,M00172,T00722,Northeast,Northeast,111.46,USD,mobile_wallet,3ds,approved,APPROVE,186.73,0.5969046216462272,0,1,0,0,0,1,0,5,378,13,108,43,customer_velocity;terminal_customer_network_burst,0.43,0.004091223166959573,0.43
X000084156,2026-02-15 19:02:50,C000704,A0000704,M00410,T00952,South,South,85.94,USD,ecommerce,wallet_biometric,approved,APPROVE,59.04,1.4556233062330624,0,1,0,1,0,0,0,0,183,15,15,18,terminal_customer_network_burst,0.18,0.012453689951315313,0.18
X000187049,2026-02-15 19:02:52,C001538,A0001538,M00342,T00483,Midwest,Midwest,35.73,USD,card_present,chip_pin,approved,APPROVE,53.88,0.6631403118040088,0,1,0,0,0,0,0,3,317,18,32,18,terminal_customer_network_burst,0.18,0.011562275326503594,0.18
X000160673,2026-02-15 19:03:16,C001326,A0001326,M00040,T00439,Northeast,Northeast,411.16,USD,mobile_wallet,chip_pin,approved,APPROVE,112.21,3.6642010515996795,0,1,0,0,0,1,0,2,306,15,47,48,amount_vs_profile;terminal_customer_network_burst,0.48,0.028782350451422863,0.48
X000125903,2026-02-15 19:03:20,C001037,A0001037,M00486,T00714,South,South,12.96,USD,ecommerce,3ds,approved,APPROVE,22.67,0.5716806352007058,0,1,0,1,0,0,0,1,303,19,26,18,terminal_customer_network_burst,0.18,0.012859989896231272,0.18
X000055053,2026-02-15 19:03:33,C000465,A0000465,M00392,T00760,Midwest,Midwest,37.38,USD,card_present,3ds,approved,APPROVE,44.58,0.838492597577389,0,1,0,0,0,0,0,0,86,9,28,18,terminal_customer_network_burst,0.18,0.004070508922318001,0.18
X000122983,2026-02-15 19:04:37,C001019,A0001019,M00365,T00324,South,South,106.31,USD,card_present,chip_pin,approved,APPROVE,167.99,0.6328352878147508,0,1,0,0,0,0,0,2,283,24,56,18,terminal_customer_network_burst,0.18,0.010943991563803697,0.18
X000211221,2026-02-15 19:04:38,C001722,A0001722,M00118,T00907,West,West,199.59,USD,ecommerce,magstripe,approved,APPROVE,151.59,1.3166435780724322,0,1,0,1,1,0,0,1,132,15,28,18,terminal_customer_network_burst,0.18,0.01681205073825701,0.18
X000238655,2026-02-15 19:04:58,C001947,A0001947,M00556,T00223,South,South,471.83,USD,card_present,magstripe,approved,APPROVE,198.0,2.382979797979798,0,1,0,0,1,0,0,3,275,15,33,18,terminal_customer_network_burst,0.18,0.028597145431599046,0.18
X000236148,2026-02-15 19:05:18,C001926,A0001926,M00153,T00753,South,South,30.95,USD,card_present,chip_pin,approved,APPROVE,47.03,0.6580905804805443,0,1,0,0,0,0,0,1,370,19,21,18,terminal_customer_network_burst,0.18,0.014397633796413489,0.18
X000240310,2026-02-15 19:05:18,C001960,A0001960,M00406,T00668,South,South,21.99,USD,ecommerce,chip_pin,approved,APPROVE,31.09,0.7073013830813766,0,1,0,1,0,0,0,2,261,16,30,18,terminal_customer_network_burst,0.18,0.010084258500956714,0.18
X000204640,2026-02-15 19:05:30,C001670,A0001670,M00282,T00583,South,South,57.65,USD,card_present,magstripe,approved,APPROVE,43.99,1.3105251193453056,0,1,0,0,1,0,0,1,394,21,24,18,terminal_customer_network_burst,0.18,0.03697525955009721,0.18
X000021265,2026-02-15 19:06:01,C000185,A0000185,M00470,T00025,South,South,220.82,USD,card_present,3ds,approved,APPROVE,90.81,2.431670520867746,0,1,0,0,0,0,0,0,187,12,26,18,terminal_customer_network_burst,0.18,0.010977511808993591,0.18
X000190596,2026-02-15 19:06:45,C001565,A0001565,M00163,T00029,West,Midwest,33.4,USD,ecommerce,3ds,approved,APPROVE,45.34,0.7366563740626377,0,1,0,1,0,0,1,2,83,11,0,45,new_customer_terminal_pair;terminal_customer_network_burst;home_region_mismatch,0.45,0.0681311502264165,0.45
X000056380,2026-02-15 19:07:10,C000476,A0000476,M00213,T00642,Northeast,Northeast,118.1,USD,ecommerce,3ds,approved,APPROVE,44.55,2.6509539842873178,0,1,0,1,0,0,0,1,104,13,14,18,terminal_customer_network_burst,0.18,0.015798245500848882,0.18
X000072949,2026-02-15 19:07:11,C000616,A0000616,M00345,T01138,South,South,33.22,USD,mobile_wallet,magstripe,approved,APPROVE,67.43,0.49265905383360514,0,1,0,0,1,1,0,0,209,16,28,18,terminal_customer_network_burst,0.18,0.01820301733907862,0.18
X000049430,2026-02-15 19:07:12,C000413,A0000413,M00689,T01179,Northeast,Northeast,74.4,USD,mobile_wallet,3ds,approved,APPROVE,97.53,0.7628422023992618,0,1,0,0,0,1,0,4,275,21,51,18,terminal_customer_network_burst,0.18,0.015405099963835099,0.18
X000192781,2026-02-15 19:07:25,C001583,A0001583,M00425,T00883,West,West,20.16,USD,card_present,3ds,approved,APPROVE,33.99,0.5931156222418358,0,1,0,0,0,0,0,1,92,6,16,0,,0.0,0.0038369970371319785,0.0038369970371319785
X000222182,2026-02-15 19:07:49,C001810,A0001810,M00320,T00150,West,West,151.95,USD,ecommerce,3ds,approved,APPROVE,203.81,0.7455473234875619,0,1,0,1,0,0,0,1,279,13,51,18,terminal_customer_network_burst,0.18,0.005766725839485466,0.18
X000021266,2026-02-15 19:07:51,C000185,A0000185,M00005,T01091,South,South,107.41,USD,mobile_wallet,chip_pin,approved,APPROVE,90.81,1.1827992511837904,0,1,0,0,0,1,0,1,260,19,20,18,terminal_customer_network_burst,0.18,0.02102018478989119,0.18
X000105556,2026-02-15 19:08:02,C000887,A0000887,M00661,T00141,Northeast,Northeast,84.1,USD,card_present,magstripe,approved,APPROVE,82.43,1.0202596142181244,0,1,0,0,1,0,0,2,157,17,34,18,terminal_customer_network_burst,0.18,0.015746012510135545,0.18
X000027069,2026-02-15 19:08:30,C000233,A0000233,M00345,T01138,South,South,94.25,USD,card_present,chip_pin,approved,APPROVE,52.79,1.7853760181852625,0,1,0,0,0,0,0,4,210,16,22,18,terminal_customer_network_burst,0.18,0.015743650127267687,0.18
X000032665,2026-02-15 19:08:45,C000276,A0000276,M00595,T00068,West,West,181.27,USD,card_present,wallet_biometric,approved,APPROVE,60.66,2.9882954170788003,0,1,0,0,0,0,0,0,85,10,35,18,terminal_customer_network_burst,0.18,0.008638525347919663,0.18
X000034817,2026-02-15 19:09:19,C000295,A0000295,M00717,T00614,South,South,58.93,USD,card_present,chip_pin,approved,APPROVE,54.15,1.0882733148661128,0,1,0,0,0,0,0,2,293,16,28,18,terminal_customer_network_burst,0.18,0.011373725204065783,0.18
X000006548,2026-02-15 19:10:26,C000058,A0000058,M00667,T00609,Northeast,Northeast,230.12,USD,card_present,wallet_biometric,approved,APPROVE,206.58,1.1139510117145899,0,1,0,0,0,0,0,4,386,24,26,18,terminal_customer_network_burst,0.18,0.026977616284122305,0.18
X000245491,2026-02-15 19:10:36,C001999,A0001999,M00265,T00269,West,West,66.64,USD,card_present,wallet_biometric,approved,APPROVE,131.76,0.5057680631451124,0,1,0,0,0,0,0,4,67,7,61,0,,0.0,0.002216311468454313,0.002216311468454313
X000021612,2026-02-15 19:10:42,C000186,A0000186,M00232,T00367,West,West,179.6,USD,card_present,chip_pin,approved,APPROVE,223.8,0.8025022341376228,0,1,0,0,0,0,0,7,291,13,114,43,customer_velocity;terminal_customer_network_burst,0.43,0.0027607940556592563,0.43
X000218320,2026-02-15 19:11:38,C001783,A0001783,M00070,T00004,Northeast,Northeast,155.16,USD,ecommerce,chip_pin,approved,APPROVE,68.92,2.2513058618688335,0,1,0,1,0,0,0,0,230,12,34,18,terminal_customer_network_burst,0.18,0.010704073086201062,0.18
X000242752,2026-02-15 19:12:03,C001980,A0001980,M00342,T00483,Midwest,Midwest,334.38,USD,card_present,chip_pin,approved,APPROVE,221.06,1.5126210078711662,0,1,0,0,0,0,0,10,318,18,102,63,customer_velocity;high_customer_velocity;terminal_customer_network_burst,0.63,0.007625027036465411,0.63
X000238085,2026-02-15 19:12:07,C001942,A0001942,M00585,T00052,Midwest,Midwest,161.65,USD,ecommerce,chip_pin,approved,APPROVE,103.71,1.558673223411436,0,1,0,1,0,0,0,1,240,17,47,18,terminal_customer_network_burst,0.18,0.010432099202630432,0.18
X000080917,2026-02-15 19:12:37,C000679,A0000679,M00613,T00852,South,South,69.54,USD,card_present,wallet_biometric,soft_decline,CHALLENGE,48.41,1.4364800661020454,0,1,1,0,0,0,0,2,231,20,40,26,terminal_customer_network_burst;authentication_soft_decline,0.26,0.05378404218970611,0.26
X000144689,2026-02-15 19:12:41,C001191,A0001191,M00701,T01094,West,West,27.6,USD,card_present,wallet_biometric,approved,APPROVE,15.18,1.8181818181818183,0,1,0,0,0,0,0,0,33,12,0,33,new_customer_terminal_pair;terminal_customer_network_burst,0.33,0.01038870544700089,0.33
X000110449,2026-02-15 19:12:42,C000922,A0000922,M00761,T01038,South,South,291.65,USD,card_present,wallet_biometric,approved,APPROVE,230.67,1.2643603416135605,0,1,0,0,0,0,0,5,280,16,52,43,customer_velocity;terminal_customer_network_burst,0.43,0.009558154068559078,0.43
X000187976,2026-02-15 19:12:49,C001543,A0001543,M00211,T00509,Midwest,Midwest,345.26,USD,card_present,chip_pin,approved,APPROVE,217.69,1.5860168128990766,0,1,0,0,0,0,0,6,281,19,94,43,customer_velocity;terminal_customer_network_burst,0.43,0.007312815216047418,0.43
X000215744,2026-02-15 19:13:02,C001762,A0001762,M00276,T01082,Northeast,Northeast,23.02,USD,card_present,chip_pin,approved,APPROVE,40.4,0.5698019801980199,0,1,0,0,0,0,0,2,270,19,28,18,terminal_customer_network_burst,0.18,0.011292352294481148,0.18
X000184714,2026-02-15 19:13:05,C001521,A0001521,M00587,T00374,South,South,598.85,USD,ecommerce,magstripe,approved,APPROVE,233.38,2.5659868026394723,0,1,0,1,1,0,0,5,229,10,44,43,customer_velocity;terminal_customer_network_burst,0.43,0.02055300835540302,0.43
X000226414,2026-02-15 19:13:27,C001844,A0001844,M00023,T00108,Midwest,Midwest,36.18,USD,card_present,chip_pin,approved,APPROVE,48.12,0.7518703241895263,0,1,0,0,0,0,0,2,281,13,44,18,terminal_customer_network_burst,0.18,0.006171372554266516,0.18
X000003349,2026-02-15 19:14:10,C000029,A0000029,M00409,T00444,Northeast,Northeast,39.5,USD,ecommerce,3ds,approved,APPROVE,52.55,0.7516650808753569,0,1,0,1,0,0,0,4,151,12,39,18,terminal_customer_network_burst,0.18,0.006231795714211349,0.18
X000242016,2026-02-15 19:14:12,C001975,A0001975,M00459,T00809,Northeast,Northeast,30.76,USD,ecommerce,3ds,approved,APPROVE,41.74,0.736942980354576,0,1,0,1,0,0,0,1,239,18,20,18,terminal_customer_network_burst,0.18,0.012645172497116044,0.18
X000013977,2026-02-15 19:14:34,C000118,A0000118,M00759,T00114,Northeast,Northeast,107.9,USD,ecommerce,chip_pin,approved,APPROVE,129.51,0.833140298046483,0,1,0,1,0,0,0,0,92,15,31,18,terminal_customer_network_burst,0.18,0.006704569357241976,0.18
X000172255,2026-02-15 19:14:39,C001420,A0001420,M00020,T00130,South,South,63.17,USD,card_present,chip_pin,approved,APPROVE,88.1,0.7170261066969353,0,1,0,0,0,0,0,4,315,21,48,18,terminal_customer_network_burst,0.18,0.011995800492702411,0.18
X000211110,2026-02-15 19:14:52,C001721,A0001721,M00567,T01019,Northeast,Northeast,31.31,USD,ecommerce,magstripe,approved,APPROVE,43.08,0.7267873723305478,0,1,0,1,1,0,0,3,277,18,32,18,terminal_customer_network_burst,0.18,0.02191746689629779,0.18
X000036836,2026-02-15 19:14:53,C000315,A0000315,M00200,T00734,Midwest,Midwest,200.5,USD,card_present,3ds,approved,APPROVE,260.77,0.7688767879740769,0,1,0,0,0,0,0,3,131,15,60,18,terminal_customer_network_burst,0.18,0.004670106250006499,0.18
X000150506,2026-02-15 19:15:13,C001238,A0001238,M00791,T00304,South,South,35.78,USD,ecommerce,3ds,approved,APPROVE,130.71,0.2737357508989366,0,1,0,1,0,0,0,2,362,19,51,18,terminal_customer_network_burst,0.18,0.008999979100927988,0.18
X000092693,2026-02-15 19:15:49,C000776,A0000776,M00110,T00096,South,South,157.06,USD,ecommerce,magstripe,approved,APPROVE,87.14,1.8023869635070002,0,1,0,1,1,0,0,3,309,17,34,18,terminal_customer_network_burst,0.18,0.030606713403142777,0.18
X000245298,2026-02-15 19:16:03,C001998,A0001998,M00675,T00110,Midwest,Midwest,60.48,USD,card_present,wallet_biometric,approved,APPROVE,71.97,0.8403501458941225,0,1,0,0,0,0,0,1,200,13,20,18,terminal_customer_network_burst,0.18,0.007779652006341213,0.18
X000158850,2026-02-15 19:16:07,C001306,A0001306,M00594,T00498,Northeast,Northeast,43.23,USD,card_present,3ds,approved,APPROVE,33.73,1.2816483842276905,0,1,0,0,0,0,0,1,103,12,24,18,terminal_customer_network_burst,0.18,0.006876246625938861,0.18
X000016745,2026-02-15 19:16:22,C000142,A0000142,M00379,T01176,South,South,18.94,USD,card_present,chip_pin,approved,APPROVE,36.61,0.5173449877082764,0,1,0,0,0,0,0,4,287,19,26,18,terminal_customer_network_burst,0.18,0.013024996207370134,0.18
X000192588,2026-02-15 19:16:48,C001581,A0001581,M00409,T01085,Northeast,Northeast,73.1,USD,ecommerce,chip_pin,approved,APPROVE,63.73,1.1470265181233328,0,1,0,1,0,0,0,1,164,15,29,18,terminal_customer_network_burst,0.18,0.009144270898104113,0.18
X000139052,2026-02-15 19:17:01,C001145,A0001145,M00203,T00186,Northeast,Northeast,43.82,USD,ecommerce,chip_pin,approved,APPROVE,35.44,1.2364559819413092,0,1,0,1,0,0,0,4,162,6,25,0,,0.0,0.006090969586506704,0.006090969586506704
X000209901,2026-02-15 19:17:22,C001712,A0001712,M00376,T00309,South,South,340.04,USD,ecommerce,chip_pin,approved,APPROVE,184.84,1.8396450984635362,0,1,0,1,0,0,0,4,412,17,63,18,terminal_customer_network_burst,0.18,0.013722903052020495,0.18
X000128022,2026-02-15 19:17:43,C001053,A0001053,M00074,T00967,South,South,38.07,USD,ecommerce,wallet_biometric,approved,APPROVE,55.94,0.6805505899177691,0,1,0,1,0,0,0,4,339,18,44,18,terminal_customer_network_burst,0.18,0.011616125468354072,0.18
X000231738,2026-02-15 19:17:54,C001890,A0001890,M00511,T00366,Midwest,Midwest,126.18,USD,ecommerce,chip_pin,approved,APPROVE,138.95,0.9080964375674704,0,1,0,1,0,0,0,2,119,13,30,18,terminal_customer_network_burst,0.18,0.007007131334735457,0.18
X000200716,2026-02-15 19:18:01,C001644,A0001644,M00327,T00251,South,South,65.87,USD,card_present,wallet_biometric,approved,APPROVE,30.8,2.1386363636363637,0,1,0,0,0,0,0,3,166,16,31,18,terminal_customer_network_burst,0.18,0.013811073242793452,0.18
X000131786,2026-02-15 19:18:05,C001084,A0001084,M00431,T00216,West,West,105.92,USD,ecommerce,magstripe,approved,APPROVE,71.94,1.472338059494023,0,1,0,1,1,0,0,0,95,10,17,18,terminal_customer_network_burst,0.18,0.013188950893125892,0.18
X000189863,2026-02-15 19:18:34,C001560,A0001560,M00294,T00471,South,South,36.4,USD,card_present,3ds,approved,APPROVE,24.45,1.4887525562372188,0,1,0,0,0,0,0,2,186,17,21,18,terminal_customer_network_burst,0.18,0.01339820621735268,0.18
X000132575,2026-02-15 19:19:10,C001092,A0001092,M00521,T00168,Northeast,Northeast,49.31,USD,ecommerce,3ds,approved,APPROVE,64.04,0.7699875078076202,0,1,0,1,0,0,0,3,174,12,37,18,terminal_customer_network_burst,0.18,0.006365001796839318,0.18
X000184396,2026-02-15 19:19:20,C001519,A0001519,M00690,T00361,Northeast,Northeast,48.37,USD,ecommerce,chip_pin,approved,APPROVE,98.44,0.4913652986590817,0,1,0,1,0,0,0,0,107,11,15,18,terminal_customer_network_burst,0.18,0.005809751172475794,0.18
X000183168,2026-02-15 19:19:22,C001506,A0001506,M00721,T00476,West,West,21.92,USD,mobile_wallet,chip_pin,approved,APPROVE,75.16,0.2916444917509314,0,1,0,0,0,1,0,4,54,11,44,18,terminal_customer_network_burst,0.18,0.004966130019342823,0.18
X000235860,2026-02-15 19:19:35,C001922,A0001922,M00042,T00546,Northeast,Northeast,142.37,USD,mobile_wallet,chip_pin,approved,APPROVE,79.85,1.782968065122104,0,1,0,0,0,1,0,3,258,13,47,18,terminal_customer_network_burst,0.18,0.012322367093547528,0.18
X000045113,2026-02-15 19:19:37,C000379,A0000379,M00699,T00248,Midwest,Midwest,303.64,USD,card_present,3ds,approved,APPROVE,300.48,1.0105165069222577,0,1,0,0,0,0,0,8,140,11,58,43,customer_velocity;terminal_customer_network_burst,0.43,0.005188168654873658,0.43
X000076738,2026-02-15 19:20:12,C000645,A0000645,M00634,T01016,Northeast,Northeast,22.98,USD,mobile_wallet,chip_pin,approved,APPROVE,32.93,0.6978439113270574,0,1,0,0,0,1,0,2,212,17,20,18,terminal_customer_network_burst,0.18,0.014930398767109606,0.18
X000151072,2026-02-15 19:20:15,C001241,A0001241,M00168,T00981,Northeast,Northeast,128.67,USD,mobile_wallet,chip_pin,approved,APPROVE,279.08,0.46105059481152355,0,1,0,0,0,1,0,2,314,16,59,18,terminal_customer_network_burst,0.18,0.00809565021103498,0.18
X000169671,2026-02-15 19:20:38,C001400,A0001400,M00378,T01196,South,South,201.6,USD,ecommerce,3ds,approved,APPROVE,210.06,0.9597257926306769,0,1,0,1,0,0,0,6,177,10,80,43,customer_velocity;terminal_customer_network_burst,0.43,0.0035272051852189594,0.43
X000022897,2026-02-15 19:20:44,C000196,A0000196,M00086,T00892,Midwest,Midwest,150.66,USD,card_present,3ds,approved,APPROVE,195.69,0.7698911543768204,0,1,0,0,0,0,0,4,76,4,73,0,,0.0,0.0016454441207858926,0.0016454441207858926
X000045665,2026-02-15 19:20:49,C000382,A0000382,M00618,T00042,Northeast,Northeast,649.91,USD,card_present,3ds,approved,APPROVE,572.35,1.1355114877260417,0,1,0,0,0,0,0,7,185,10,83,43,customer_velocity;terminal_customer_network_burst,0.43,0.0034651567064160325,0.43
X000201792,2026-02-15 19:20:49,C001650,A0001650,M00232,T00367,West,West,320.14,USD,card_present,chip_pin,approved,APPROVE,267.79,1.1954890025766458,0,1,0,0,0,0,0,6,292,13,96,43,customer_velocity;terminal_customer_network_burst,0.43,0.0040266999768083424,0.43
X000166149,2026-02-15 19:21:18,C001370,A0001370,M00169,T01098,Midwest,Midwest,159.35,USD,card_present,chip_pin,approved,APPROVE,44.69,3.565674647572164,0,1,0,0,0,0,0,0,106,17,0,63,amount_vs_profile;new_customer_terminal_pair;terminal_customer_network_burst,0.63,0.03141176692238036,0.63
X000185270,2026-02-15 19:21:50,C001524,A0001524,M00524,T00237,West,West,245.59,USD,ecommerce,chip_pin,approved,APPROVE,133.37,1.8414186098822822,0,1,0,1,0,0,0,5,273,15,77,43,customer_velocity;terminal_customer_network_burst,0.43,0.00811441601714399,0.43
X000003451,2026-02-15 19:21:58,C000030,A0000030,M00285,T00370,Midwest,Midwest,15.72,USD,card_present,magstripe,approved,APPROVE,26.86,0.5852568875651527,0,1,0,0,1,0,0,1,197,14,16,18,terminal_customer_network_burst,0.18,0.014444983300729037,0.18
X000058131,2026-02-15 19:22:06,C000493,A0000493,M00720,T00705,Northeast,Northeast,50.21,USD,ecommerce,chip_pin,approved,APPROVE,104.71,0.47951485053958554,0,1,0,1,0,0,0,4,264,18,44,18,terminal_customer_network_burst,0.18,0.009614417404766993,0.18
X000115323,2026-02-15 19:22:45,C000958,A0000958,M00019,T00745,Northeast,Northeast,163.74,USD,mobile_wallet,chip_pin,approved,APPROVE,118.32,1.383874239350913,0,1,0,0,0,1,0,3,185,16,38,18,terminal_customer_network_burst,0.18,0.013619463076490548,0.18
X000224242,2026-02-15 19:23:18,C001830,A0001830,M00129,T00930,West,West,41.72,USD,mobile_wallet,wallet_biometric,approved,APPROVE,48.32,0.8634105960264901,0,1,0,0,0,1,0,3,114,12,35,18,terminal_customer_network_burst,0.18,0.007905718909791996,0.18
X000044880,2026-02-15 19:23:30,C000378,A0000378,M00005,T00817,South,South,307.29,USD,ecommerce,wallet_biometric,approved,APPROVE,165.46,1.8571860268342801,0,1,0,1,0,0,0,5,366,19,46,43,customer_velocity;terminal_customer_network_burst,0.43,0.02040604716647581,0.43
X000238857,2026-02-15 19:23:49,C001948,A0001948,M00667,T00609,Northeast,Northeast,135.46,USD,card_present,chip_pin,approved,APPROVE,121.1,1.1185796862097441,0,1,0,0,0,0,0,7,387,24,57,43,customer_velocity;terminal_customer_network_burst,0.43,0.019579522932422613,0.43
X000187482,2026-02-15 19:24:08,C001541,A0001541,M00671,T00424,Midwest,Midwest,147.39,USD,ecommerce,magstripe,approved,APPROVE,126.44,1.165691236950332,0,1,0,1,1,0,0,3,178,9,65,18,terminal_customer_network_burst,0.18,0.006874376731607821,0.18
X000205987,2026-02-15 19:24:12,C001680,A0001680,M00398,T00528,South,South,743.36,USD,ecommerce,chip_pin,approved,APPROVE,155.53,4.779528065325017,0,1,0,1,0,0,0,2,195,13,24,48,amount_vs_profile;terminal_customer_network_burst,0.48,0.03531362318538218,0.48
X000046092,2026-02-15 19:25:22,C000386,A0000386,M00550,T00423,West,West,140.54,USD,mobile_wallet,3ds,approved,APPROVE,59.52,2.3612231182795695,0,1,0,0,0,1,0,0,122,13,18,18,terminal_customer_network_burst,0.18,0.016596659248429263,0.18
X000051724,2026-02-15 19:25:33,C000437,A0000437,M00266,T00421,Northeast,Northeast,8.06,USD,mobile_wallet,3ds,approved,APPROVE,21.49,0.3750581665891113,0,1,0,0,0,1,0,0,248,20,29,18,terminal_customer_network_burst,0.18,0.013647798282725816,0.18
X000119135,2026-02-15 19:25:56,C000986,A0000986,M00544,T00081,South,South,122.75,USD,card_present,wallet_biometric,approved,APPROVE,68.2,1.7998533724340176,0,1,0,0,0,0,0,2,155,15,21,18,terminal_customer_network_burst,0.18,0.01238008474158673,0.18
X000053364,2026-02-15 19:26:11,C000450,A0000450,M00154,T01001,South,South,145.76,USD,ecommerce,chip_pin,approved,APPROVE,92.33,1.578685151088487,0,1,0,1,0,0,0,2,342,17,16,18,terminal_customer_network_burst,0.18,0.02097608121905869,0.18
X000244838,2026-02-15 19:26:51,C001995,A0001995,M00338,T00600,Northeast,Northeast,326.41,USD,ecommerce,chip_pin,approved,APPROVE,400.21,0.8155968116738713,0,1,0,1,0,0,0,8,234,10,84,43,customer_velocity;terminal_customer_network_burst,0.43,0.0038121003948761,0.43
X000181673,2026-02-15 19:27:16,C001494,A0001494,M00387,T00438,Northeast,Northeast,54.95,USD,mobile_wallet,chip_pin,approved,APPROVE,41.44,1.3260135135135136,0,1,0,0,0,1,0,2,90,10,17,18,terminal_customer_network_burst,0.18,0.009818221348892911,0.18
X000239378,2026-02-15 19:28:52,C001952,A0001952,M00655,T00487,Midwest,Midwest,75.66,USD,card_present,3ds,approved,APPROVE,96.54,0.783716594157862,0,1,0,0,0,0,0,2,176,15,54,18,terminal_customer_network_burst,0.18,0.005249214985118777,0.18
X000245492,2026-02-15 19:29:24,C001999,A0001999,M00686,T00708,West,West,86.15,USD,card_present,chip_pin,approved,APPROVE,131.76,0.6538403157255617,0,1,0,0,0,0,0,5,90,11,0,58,customer_velocity;new_customer_terminal_pair;terminal_customer_network_burst,0.58,0.00894406145809668,0.58
X000130247,2026-02-15 19:30:04,C001070,A0001070,M00410,T00952,South,South,45.95,USD,card_present,3ds,approved,APPROVE,24.07,1.9090153718321563,0,1,0,0,0,0,0,2,184,15,19,18,terminal_customer_network_burst,0.18,0.013897636383179921,0.18
X000043238,2026-02-15 19:30:08,C000365,A0000365,M00442,T00105,West,West,39.32,USD,card_present,chip_pin,approved,APPROVE,21.43,1.8348110125991601,0,1,0,0,0,0,0,1,203,17,18,18,terminal_customer_network_burst,0.18,0.015518680570799607,0.18
X000080696,2026-02-15 19:30:10,C000677,A0000677,M00742,T00512,Northeast,Northeast,193.0,USD,ecommerce,3ds,approved,APPROVE,220.2,0.8764759309718438,0,1,0,1,0,0,0,3,119,16,49,18,terminal_customer_network_burst,0.18,0.006742776285617131,0.18
X000183169,2026-02-15 19:30:14,C001506,A0001506,M00721,T00476,West,West,86.19,USD,ecommerce,wallet_biometric,approved,APPROVE,75.16,1.1467535923363492,0,1,0,1,0,0,0,5,55,11,45,43,customer_velocity;terminal_customer_network_burst,0.43,0.005538706911181113,0.43
X000130458,2026-02-15 19:30:19,C001072,A0001072,M00588,T01164,West,West,19.31,USD,ecommerce,chip_pin,approved,APPROVE,26.9,0.7178438661710037,0,1,0,1,0,0,0,1,129,12,25,18,terminal_customer_network_burst,0.18,0.006330594539377682,0.18
X000168738,2026-02-15 19:30:25,C001395,A0001395,M00681,T00001,West,West,58.68,USD,card_present,chip_pin,approved,APPROVE,55.67,1.05406861864559,0,1,0,0,0,0,0,6,97,9,27,43,customer_velocity;terminal_customer_network_burst,0.43,0.006245258956037502,0.43
X000222725,2026-02-15 19:30:57,C001814,A0001814,M00380,T00989,Midwest,Midwest,40.87,USD,ecommerce,wallet_biometric,approved,APPROVE,50.89,0.8031047357044605,0,1,0,1,0,0,0,1,141,10,22,18,terminal_customer_network_burst,0.18,0.00602787588557955,0.18
X000013732,2026-02-15 19:31:19,C000116,A0000116,M00085,T00540,Northeast,Northeast,249.9,USD,card_present,chip_pin,approved,APPROVE,197.15,1.2675627694648746,0,1,0,0,0,0,0,7,184,10,74,43,customer_velocity;terminal_customer_network_burst,0.43,0.004185614897965694,0.43
X000219458,2026-02-15 19:31:31,C001792,A0001792,M00412,T00593,Northeast,Northeast,24.91,USD,card_present,chip_pin,approved,APPROVE,54.3,0.4587476979742173,0,1,0,0,0,0,0,2,213,14,34,18,terminal_customer_network_burst,0.18,0.006278042392720288,0.18
X000133233,2026-02-15 19:32:24,C001098,A0001098,M00674,T00232,Midwest,Midwest,64.63,USD,mobile_wallet,wallet_biometric,approved,APPROVE,53.75,1.2024186046511627,0,1,0,0,0,1,0,1,232,13,46,18,terminal_customer_network_burst,0.18,0.008754980101602403,0.18
X000140887,2026-02-15 19:33:02,C001160,A0001160,M00715,T00083,Midwest,Midwest,14.59,USD,card_present,3ds,approved,APPROVE,27.42,0.5320933625091174,0,1,0,0,0,0,0,1,203,13,23,18,terminal_customer_network_burst,0.18,0.0066576801124348765,0.18
X000054563,2026-02-15 19:33:06,C000461,A0000461,M00372,T00192,South,South,395.08,USD,mobile_wallet,3ds,approved,APPROVE,456.08,0.8662515348184529,0,1,0,0,0,1,0,3,312,19,67,18,terminal_customer_network_burst,0.18,0.01083026875464842,0.18
X000123255,2026-02-15 19:33:07,C001021,A0001021,M00530,T00217,West,West,30.5,USD,ecommerce,chip_pin,approved,APPROVE,27.09,1.1258767072720561,0,1,0,1,0,0,0,1,40,13,28,18,terminal_customer_network_burst,0.18,0.006577922008359049,0.18
X000029003,2026-02-15 19:33:37,C000249,A0000249,M00741,T00732,South,South,84.64,USD,ecommerce,chip_pin,approved,APPROVE,41.23,2.0528741207858356,0,1,0,1,0,0,0,1,180,12,28,18,terminal_customer_network_burst,0.18,0.010667097821607711,0.18
X000076124,2026-02-15 19:34:00,C000639,A0000639,M00271,T01087,Northeast,Northeast,58.7,USD,ecommerce,wallet_biometric,approved,APPROVE,45.73,1.2836212551935273,0,1,0,1,0,0,0,1,220,19,47,18,terminal_customer_network_burst,0.18,0.010577908132709368,0.18
X000101299,2026-02-15 19:34:20,C000851,A0000851,M00066,T00171,West,West,670.71,USD,ecommerce,chip_pin,approved,APPROVE,554.65,1.20924907599387,0,1,0,1,0,0,0,3,162,8,70,18,terminal_customer_network_burst,0.18,0.003261437617680161,0.18
X000111609,2026-02-15 19:34:26,C000931,A0000931,M00091,T00954,Midwest,Midwest,201.2,USD,card_present,chip_pin,approved,APPROVE,116.51,1.7268903956741908,0,1,0,0,0,0,0,4,345,14,43,18,terminal_customer_network_burst,0.18,0.011821214720222201,0.18
X000085226,2026-02-15 19:34:40,C000711,A0000711,M00205,T00934,South,South,67.0,USD,mobile_wallet,chip_pin,approved,APPROVE,40.81,1.6417544719431512,0,1,0,0,0,1,0,1,408,18,9,18,terminal_customer_network_burst,0.18,0.03421260595568185,0.18
X000171667,2026-02-15 19:35:31,C001415,A0001415,M00091,T00954,Midwest,Midwest,85.32,USD,ecommerce,chip_pin,approved,APPROVE,52.35,1.6297994269340972,0,1,0,1,0,0,0,0,346,14,23,18,terminal_customer_network_burst,0.18,0.013994517208668329,0.18
X000221406,2026-02-15 19:36:03,C001804,A0001804,M00154,T01001,South,South,244.58,USD,card_present,3ds,approved,APPROVE,206.37,1.1851528807481708,0,1,0,0,0,0,0,9,343,17,80,43,customer_velocity;terminal_customer_network_burst,0.43,0.00875314288068177,0.43
X000189279,2026-02-15 19:36:30,C001555,A0001555,M00701,T00740,West,West,35.74,USD,mobile_wallet,chip_pin,approved,APPROVE,28.35,1.2606701940035274,0,1,0,0,0,1,0,1,98,11,23,18,terminal_customer_network_burst,0.18,0.009016171532190118,0.18
X000071921,2026-02-15 19:37:03,C000609,A0000609,M00298,T00088,Northeast,Northeast,171.9,USD,card_present,chip_pin,approved,APPROVE,131.74,1.304842872324275,0,1,0,0,0,0,0,5,316,15,87,43,customer_velocity;terminal_customer_network_burst,0.43,0.00550494525037255,0.43
X000130248,2026-02-15 19:37:15,C001070,A0001070,M00345,T00208,South,South,19.3,USD,card_present,chip_pin,approved,APPROVE,24.07,0.8018280016618197,0,1,0,0,0,0,0,3,262,21,20,18,terminal_customer_network_burst,0.18,0.01675009797511429,0.18
X000006220,2026-02-15 19:38:20,C000056,A0000056,M00484,T00728,South,South,191.43,USD,card_present,chip_pin,approved,APPROVE,99.33,1.92721232256116,0,1,0,0,0,0,0,5,369,16,73,43,customer_velocity;terminal_customer_network_burst,0.43,0.010061989558280398,0.43
X000115619,2026-02-15 19:38:25,C000960,A0000960,M00743,T00220,South,South,79.41,USD,card_present,wallet_biometric,approved,APPROVE,37.6,2.111968085106383,0,1,0,0,0,0,0,0,179,17,19,18,terminal_customer_network_burst,0.18,0.015465494992530072,0.18
X000183170,2026-02-15 19:39:36,C001506,A0001506,M00721,T00476,West,West,90.25,USD,card_present,magstripe,approved,APPROVE,75.16,1.2007716870675893,0,1,0,0,1,0,0,6,56,11,46,43,customer_velocity;terminal_customer_network_burst,0.43,0.009521323474973552,0.43
X000094891,2026-02-15 19:39:55,C000792,A0000792,M00797,T00303,South,South,76.43,USD,card_present,3ds,approved,APPROVE,138.17,0.5531591517695593,0,1,0,0,0,0,0,3,236,19,50,18,terminal_customer_network_burst,0.18,0.007952663097241892,0.18
X000236149,2026-02-15 19:40:18,C001926,A0001926,M00791,T00739,South,South,76.2,USD,mobile_wallet,3ds,approved,APPROVE,47.03,1.6202423984690624,0,1,0,0,0,1,0,2,255,21,11,18,terminal_customer_network_burst,0.18,0.03406934487864866,0.18
X000231959,2026-02-15 19:40:56,C001892,A0001892,M00318,T00746,Midwest,Midwest,127.81,USD,card_present,wallet_biometric,approved,APPROVE,75.65,1.6894910773298082,0,1,0,0,0,0,0,1,354,25,25,18,terminal_customer_network_burst,0.18,0.029551817965796083,0.18
X000014123,2026-02-15 19:41:27,C000119,A0000119,M00430,T01143,South,South,60.73,USD,card_present,magstripe,approved,APPROVE,73.13,0.8304389443456858,0,1,0,0,1,0,0,2,276,17,31,18,terminal_customer_network_burst,0.18,0.01847094653099306,0.18
X000146576,2026-02-15 19:41:33,C001209,A0001209,M00009,T00774,South,South,42.06,USD,card_present,3ds,approved,APPROVE,43.25,0.972485549132948,0,1,0,0,0,0,0,1,231,15,25,18,terminal_customer_network_burst,0.18,0.009163263172536878,0.18
X000234439,2026-02-15 19:41:42,C001911,A0001911,M00454,T00284,West,West,29.09,USD,card_present,magstripe,approved,APPROVE,55.08,0.5281408859840232,0,1,0,0,1,0,0,1,147,16,25,18,terminal_customer_network_burst,0.18,0.013162372619843913,0.18
X000225419,2026-02-15 19:41:43,C001837,A0001837,M00528,T00301,Midwest,Midwest,11.9,USD,card_present,3ds,approved,APPROVE,31.4,0.37898089171974525,0,1,0,0,0,0,0,1,165,17,16,18,terminal_customer_network_burst,0.18,0.008867042924093498,0.18
X000173623,2026-02-15 19:43:01,C001431,A0001431,M00056,T01147,Midwest,Midwest,42.0,USD,card_present,wallet_biometric,approved,APPROVE,35.72,1.1758118701007838,0,1,0,0,0,0,0,5,373,16,35,43,customer_velocity;terminal_customer_network_burst,0.43,0.013925546718968203,0.43
X000068649,2026-02-15 19:44:12,C000582,A0000582,M00052,T00717,South,South,42.74,USD,card_present,3ds,approved,APPROVE,56.33,0.7587431208947275,0,1,0,0,0,0,0,3,179,18,15,18,terminal_customer_network_burst,0.18,0.01262956599043533,0.18
X000117201,2026-02-15 19:44:27,C000972,A0000972,M00302,T00325,Northeast,Northeast,97.81,USD,card_present,wallet_biometric,approved,APPROVE,68.08,1.4366921269095183,0,1,0,0,0,0,0,3,134,8,39,18,terminal_customer_network_burst,0.18,0.0050044708149831005,0.18
X000056691,2026-02-15 19:46:25,C000479,A0000479,M00746,T00565,West,West,81.58,USD,card_present,chip_pin,approved,APPROVE,108.27,0.7534866537360303,0,1,0,0,0,0,0,0,64,10,34,18,terminal_customer_network_burst,0.18,0.0037322939211157243,0.18
X000010901,2026-02-15 19:46:32,C000098,A0000098,M00130,T01074,South,South,66.9,USD,card_present,magstripe,approved,APPROVE,55.5,1.2054054054054055,0,1,0,0,1,0,0,5,218,15,54,43,customer_velocity;terminal_customer_network_burst,0.43,0.013704341270434798,0.43
X000222726,2026-02-15 19:46:40,C001814,A0001814,M00331,T00956,Midwest,Midwest,71.32,USD,mobile_wallet,3ds,approved,APPROVE,50.89,1.4014541167223422,0,1,0,0,0,1,0,2,143,14,14,18,terminal_customer_network_burst,0.18,0.015339741253677576,0.18
X000213553,2026-02-15 19:46:41,C001743,A0001743,M00716,T00578,West,West,59.6,USD,card_present,chip_pin,approved,APPROVE,29.38,2.0285908781484006,0,1,0,0,0,0,0,2,81,14,20,18,terminal_customer_network_burst,0.18,0.011346983516056144,0.18
X000088641,2026-02-15 19:47:05,C000744,A0000744,M00696,T00129,Midwest,Midwest,71.75,USD,ecommerce,3ds,approved,APPROVE,103.24,0.6949825648973267,0,1,0,1,0,0,0,3,186,13,50,18,terminal_customer_network_burst,0.18,0.005531824093805131,0.18
X000137957,2026-02-15 19:47:06,C001134,A0001134,M00015,T00330,South,South,51.09,USD,card_present,3ds,approved,APPROVE,96.9,0.5272445820433437,0,1,0,0,0,0,0,1,381,33,36,18,terminal_customer_network_burst,0.18,0.030299983804449135,0.18
X000138619,2026-02-15 19:47:15,C001141,A0001141,M00345,T00208,South,South,60.35,USD,card_present,wallet_biometric,approved,APPROVE,44.06,1.369723104857013,0,1,0,0,0,0,0,1,263,21,27,18,terminal_customer_network_burst,0.18,0.01667234669977457,0.18
X000123667,2026-02-15 19:47:17,C001023,A0001023,M00171,T00523,Northeast,Northeast,55.77,USD,card_present,3ds,approved,APPROVE,96.87,0.5757200371632084,0,1,0,0,0,0,0,6,233,17,99,43,customer_velocity;terminal_customer_network_burst,0.43,0.003737810233431351,0.43
X000015229,2026-02-15 19:47:21,C000129,A0000129,M00009,T00774,South,South,39.01,USD,card_present,chip_pin,approved,APPROVE,56.77,0.6871587105865773,0,1,0,0,0,0,0,1,232,15,13,18,terminal_customer_network_burst,0.18,0.009974614534655039,0.18
X000212023,2026-02-15 19:47:29,C001729,A0001729,M00524,T00085,West,West,48.15,USD,card_present,chip_pin,approved,APPROVE,24.3,1.9814814814814814,0,1,0,0,0,0,0,2,179,14,10,18,terminal_customer_network_burst,0.18,0.015154424026927182,0.18
X000213703,2026-02-15 19:47:41,C001744,A0001744,M00706,T00053,Northeast,Northeast,78.44,USD,card_present,3ds,approved,APPROVE,59.27,1.3234351273831617,0,1,0,0,0,0,0,1,215,16,47,18,terminal_customer_network_burst,0.18,0.0077469468182206624,0.18
X000105886,2026-02-15 19:47:57,C000889,A0000889,M00130,T00214,Northeast,South,114.45,USD,ecommerce,3ds,approved,APPROVE,134.65,0.8499814333457111,0,1,0,1,0,0,1,5,159,9,0,70,customer_velocity;new_customer_terminal_pair;terminal_customer_network_burst;home_region_mismatch,0.7,0.07989784017718361,0.7
X000145717,2026-02-15 19:48:07,C001200,A0001200,M00685,T00672,Northeast,Northeast,154.09,USD,ecommerce,chip_pin,approved,APPROVE,166.29,0.9266341932768056,0,1,0,1,0,0,0,3,234,15,31,18,terminal_customer_network_burst,0.18,0.010112121212158128,0.18
X000193084,2026-02-15 19:48:16,C001585,A0001585,M00345,T01160,South,South,42.02,USD,card_present,chip_pin,approved,APPROVE,38.48,1.0919958419958422,0,1,0,0,0,0,0,1,113,12,11,18,terminal_customer_network_burst,0.18,0.00798726662184649,0.18
X000194969,2026-02-15 19:48:17,C001602,A0001602,M00187,T00256,South,South,81.34,USD,ecommerce,3ds,approved,APPROVE,87.97,0.9246333977492327,0,1,0,1,0,0,0,3,263,23,72,18,terminal_customer_network_burst,0.18,0.009953888827366565,0.18
X000138620,2026-02-15 19:48:32,C001141,A0001141,M00020,T00254,South,South,46.68,USD,card_present,3ds,approved,APPROVE,44.06,1.0594643667725827,0,1,0,0,0,0,0,2,307,21,23,18,terminal_customer_network_burst,0.18,0.01785602916483771,0.18
X000087503,2026-02-15 19:48:51,C000734,A0000734,M00613,T00638,South,South,94.86,USD,card_present,3ds,approved,APPROVE,81.19,1.168370488976475,0,1,0,0,0,0,0,3,227,17,0,33,new_customer_terminal_pair;terminal_customer_network_burst,0.33,0.018542162735180757,0.33
X000209076,2026-02-15 19:49:03,C001705,A0001705,M00288,T01177,Northeast,Northeast,48.49,USD,ecommerce,chip_pin,approved,APPROVE,62.52,0.7755918106206015,0,1,0,1,0,0,0,4,268,16,36,18,terminal_customer_network_burst,0.18,0.010565959077796368,0.18
X000014559,2026-02-15 19:49:08,C000123,A0000123,M00296,T00252,South,South,160.28,USD,ecommerce,magstripe,approved,APPROVE,125.44,1.2777423469387756,0,1,0,1,1,0,0,5,261,19,54,43,customer_velocity;terminal_customer_network_burst,0.43,0.022144580031826254,0.43
X000200896,2026-02-15 19:49:13,C001645,A0001645,M00191,T00491,Midwest,Midwest,109.08,USD,card_present,chip_pin,approved,APPROVE,71.08,1.5346088913899831,0,1,0,0,0,0,0,4,85,9,33,18,terminal_customer_network_burst,0.18,0.005992953987707527,0.18
X000130814,2026-02-15 19:49:53,C001076,A0001076,M00187,T00256,South,South,68.76,USD,ecommerce,chip_pin,approved,APPROVE,53.17,1.293210457024638,0,1,0,1,0,0,0,1,264,23,23,18,terminal_customer_network_burst,0.18,0.0220332848332878,0.18
X000138171,2026-02-15 19:50:02,C001136,A0001136,M00254,T01162,West,West,25.93,USD,card_present,chip_pin,approved,APPROVE,22.87,1.1337997376475732,0,1,0,0,0,0,0,2,77,13,19,18,terminal_customer_network_burst,0.18,0.0076716421989787955,0.18
X000239945,2026-02-15 19:50:11,C001956,A0001956,M00750,T01142,South,South,26.01,USD,ecommerce,chip_pin,approved,APPROVE,44.53,0.5841006063328094,0,1,0,1,0,0,0,1,316,18,19,18,terminal_customer_network_burst,0.18,0.013671531197739029,0.18
X000225899,2026-02-15 19:50:32,C001840,A0001840,M00569,T00983,South,South,233.7,USD,card_present,3ds,approved,APPROVE,193.68,1.206629491945477,0,1,0,0,0,0,0,9,160,9,45,43,customer_velocity;terminal_customer_network_burst,0.43,0.006425920972922372,0.43
X000115324,2026-02-15 19:51:00,C000958,A0000958,M00019,T00745,Northeast,Northeast,187.28,USD,card_present,wallet_biometric,approved,APPROVE,118.32,1.5828262339418526,0,1,0,0,0,0,0,3,186,16,39,18,terminal_customer_network_burst,0.18,0.01025707184799242,0.18
X000043934,2026-02-15 19:51:08,C000373,A0000373,M00303,T00765,Northeast,Northeast,82.82,USD,ecommerce,chip_pin,approved,APPROVE,80.45,1.0294592914853946,0,1,0,1,0,0,0,3,225,11,31,18,terminal_customer_network_burst,0.18,0.0077387184089774365,0.18
X000195914,2026-02-15 19:51:11,C001609,A0001609,M00587,T00374,South,South,11.46,USD,card_present,chip_pin,approved,APPROVE,20.02,0.5724275724275725,0,1,0,0,0,0,0,0,230,10,24,18,terminal_customer_network_burst,0.18,0.005285236504303565,0.18
X000012807,2026-02-15 19:51:38,C000111,A0000111,M00378,T00730,South,South,21.13,USD,card_present,chip_pin,approved,APPROVE,69.27,0.3050382560993215,0,1,0,0,0,0,0,1,192,17,33,18,terminal_customer_network_burst,0.18,0.006890955339581029,0.18
X000211975,2026-02-15 19:52:19,C001728,A0001728,M00594,T00498,Northeast,Northeast,56.3,USD,card_present,wallet_biometric,approved,APPROVE,108.82,0.5173681308582981,0,1,0,0,0,0,0,0,104,12,17,18,terminal_customer_network_burst,0.18,0.005506038479447331,0.18
X000243189,2026-02-15 19:52:23,C001984,A0001984,M00172,T00722,Northeast,Northeast,89.38,USD,ecommerce,chip_pin,approved,APPROVE,39.31,2.2737216993131515,0,1,0,1,0,0,0,4,379,13,15,18,terminal_customer_network_burst,0.18,0.02411287777363846,0.18
X000211866,2026-02-15 19:52:36,C001727,A0001727,M00153,T00753,South,South,329.59,USD,mobile_wallet,wallet_biometric,approved,APPROVE,189.29,1.741190765492102,0,1,0,0,0,1,0,3,371,19,53,18,terminal_customer_network_burst,0.18,0.020283341170441636,0.18
X000118834,2026-02-15 19:52:49,C000984,A0000984,M00228,T00522,Northeast,Northeast,56.02,USD,card_present,chip_pin,approved,APPROVE,38.22,1.4657247514390372,0,1,0,0,0,0,0,2,189,17,17,18,terminal_customer_network_burst,0.18,0.014206335061062997,0.18
X000203741,2026-02-15 19:53:09,C001666,A0001666,M00585,T00119,Midwest,Midwest,195.0,USD,card_present,chip_pin,approved,APPROVE,309.93,0.6291743296873488,0,1,0,0,0,0,0,3,172,16,52,18,terminal_customer_network_burst,0.18,0.005766989951540611,0.18
X000159593,2026-02-15 19:53:33,C001315,A0001315,M00780,T01096,West,West,52.07,USD,card_present,chip_pin,approved,APPROVE,49.14,1.0596255596255597,0,1,0,0,0,0,0,1,122,9,16,18,terminal_customer_network_burst,0.18,0.005944213701363713,0.18
X000021148,2026-02-15 19:53:56,C000184,A0000184,M00499,T00391,Midwest,Northeast,181.38,USD,ecommerce,chip_pin,approved,APPROVE,126.84,1.4299905392620624,0,1,0,1,0,0,1,3,131,8,0,45,new_customer_terminal_pair;terminal_customer_network_burst;home_region_mismatch,0.45,0.07929712891437812,0.45
X000182818,2026-02-15 19:54:10,C001503,A0001503,M00227,T00504,Midwest,Midwest,245.49,USD,card_present,magstripe,approved,APPROVE,113.48,2.1632886852308775,0,1,0,0,1,0,0,5,293,14,49,43,customer_velocity;terminal_customer_network_burst,0.43,0.021894991406583058,0.43
X000132576,2026-02-15 19:54:53,C001092,A0001092,M00604,T00623,Northeast,Northeast,68.06,USD,card_present,chip_pin,approved,APPROVE,64.04,1.0627732667083072,0,1,0,0,0,0,0,4,183,19,28,18,terminal_customer_network_burst,0.18,0.013133556188211533,0.18
X000140072,2026-02-15 19:55:37,C001154,A0001154,M00556,T00223,South,South,138.08,USD,ecommerce,chip_pin,approved,APPROVE,200.38,0.6890907276175268,0,1,0,1,0,0,0,5,276,15,62,43,customer_velocity;terminal_customer_network_burst,0.43,0.006754939965745196,0.43
X000025425,2026-02-15 19:55:43,C000216,A0000216,M00587,T01174,South,South,43.73,USD,card_present,chip_pin,approved,APPROVE,46.32,0.9440846286701208,0,1,0,0,0,0,0,0,310,23,17,18,terminal_customer_network_burst,0.18,0.019657607055246336,0.18
X000105393,2026-02-15 19:55:52,C000886,A0000886,M00436,T01032,Midwest,Midwest,30.04,USD,mobile_wallet,chip_pin,approved,APPROVE,30.48,0.9855643044619422,0,1,0,0,0,1,0,2,110,9,25,18,terminal_customer_network_burst,0.18,0.007329328488696599,0.18
X000236227,2026-02-15 19:56:55,C001927,A0001927,M00194,T00803,Northeast,Northeast,100.0,USD,card_present,wallet_biometric,approved,APPROVE,68.16,1.4671361502347418,0,1,0,0,0,0,0,0,249,10,28,18,terminal_customer_network_burst,0.18,0.007103713338695498,0.18
X000209902,2026-02-15 19:57:47,C001712,A0001712,M00556,T00589,South,South,252.64,USD,card_present,chip_pin,approved,APPROVE,184.84,1.3668037221380653,0,1,0,0,0,0,0,5,362,19,69,43,customer_velocity;terminal_customer_network_burst,0.43,0.01073429723399671,0.43
X000238858,2026-02-15 19:57:50,C001948,A0001948,M00309,T01011,Northeast,Northeast,45.16,USD,card_present,chip_pin,approved,APPROVE,121.1,0.37291494632535094,0,1,0,0,0,0,0,8,224,18,49,43,customer_velocity;terminal_customer_network_burst,0.43,0.008970969484346782,0.43
X000148365,2026-02-15 19:59:32,C001224,A0001224,M00276,T00213,Northeast,Northeast,160.07,USD,card_present,chip_pin,approved,APPROVE,153.7,1.0414443721535458,0,1,0,0,0,0,0,4,159,11,58,18,terminal_customer_network_burst,0.18,0.0043777923014104644,0.18
X000124298,2026-02-15 19:59:40,C001028,A0001028,M00222,T00844,Midwest,South,247.67,USD,mobile_wallet,chip_pin,approved,APPROVE,71.83,3.4480022274815534,0,1,0,0,0,1,1,0,205,12,0,75,amount_vs_profile;new_customer_terminal_pair;terminal_customer_network_burst;home_region_mismatch,0.75,0.22987155044487978,0.75
X000233715,2026-02-15 19:59:59,C001905,A0001905,M00763,T00455,South,South,12.21,USD,ecommerce,chip_pin,approved,APPROVE,37.47,0.3258606885508407,0,1,0,1,0,0,0,4,209,10,42,18,terminal_customer_network_burst,0.18,0.004803517696095946,0.18
X000028665,2026-02-15 20:00:31,C000246,A0000246,M00703,T00135,Midwest,Midwest,85.87,USD,card_present,chip_pin,approved,APPROVE,86.58,0.9917994917994919,0,1,0,0,0,0,0,2,253,21,47,18,terminal_customer_network_burst,0.18,0.01103111492568362,0.18
X000061448,2026-02-15 20:02:02,C000524,A0000524,M00342,T00563,Midwest,Midwest,83.2,USD,card_present,wallet_biometric,approved,APPROVE,48.13,1.7286515686681903,0,1,0,0,0,0,0,1,146,13,30,18,terminal_customer_network_burst,0.18,0.00847805632231491,0.18
X000236876,2026-02-15 20:02:05,C001932,A0001932,M00739,T00701,South,South,44.44,USD,card_present,chip_pin,approved,APPROVE,46.32,0.9594127806563039,0,1,0,0,0,0,0,1,261,18,13,18,terminal_customer_network_burst,0.18,0.014325195315944275,0.18
X000096446,2026-02-15 20:02:20,C000806,A0000806,M00345,T00208,South,South,39.11,USD,ecommerce,wallet_biometric,approved,APPROVE,78.97,0.4952513612764341,0,1,0,1,0,0,0,3,264,21,52,18,terminal_customer_network_burst,0.18,0.010071281948491186,0.18
X000238086,2026-02-15 20:02:41,C001942,A0001942,M00123,T00579,Midwest,Midwest,337.36,USD,card_present,chip_pin,approved,APPROVE,103.71,3.2529167871950633,0,1,0,0,0,0,0,2,136,10,36,48,amount_vs_profile;terminal_customer_network_burst,0.48,0.011256541675461366,0.48
X000230804,2026-02-15 20:02:46,C001882,A0001882,M00383,T00570,Midwest,Midwest,59.99,USD,card_present,chip_pin,approved,APPROVE,37.32,1.607449088960343,0,1,0,0,0,0,0,1,75,9,16,18,terminal_customer_network_burst,0.18,0.006761415444653514,0.18
X000073890,2026-02-15 20:03:10,C000624,A0000624,M00127,T00810,South,South,80.4,USD,ecommerce,wallet_biometric,approved,APPROVE,94.14,0.8540471637985979,0,1,0,1,0,0,0,1,114,7,24,0,,0.0,0.004584114240988752,0.004584114240988752
X000164065,2026-02-15 20:03:18,C001352,A0001352,M00416,T00403,West,West,34.27,USD,ecommerce,chip_pin,approved,APPROVE,28.12,1.218705547652916,0,1,0,1,0,0,0,0,256,13,19,18,terminal_customer_network_burst,0.18,0.01037937613197468,0.18
X000102183,2026-02-15 20:03:22,C000859,A0000859,M00007,T00210,South,South,293.9,USD,ecommerce,chip_pin,approved,APPROVE,276.18,1.0641610543848214,0,1,0,1,0,0,0,7,242,12,78,43,customer_velocity;terminal_customer_network_burst,0.43,0.005105221881918499,0.43
X000186181,2026-02-15 20:03:23,C001530,A0001530,M00661,T00141,Northeast,Northeast,54.29,USD,card_present,magstripe,approved,APPROVE,44.61,1.216991705895539,0,1,0,0,1,0,0,2,158,17,12,18,terminal_customer_network_burst,0.18,0.02382080567970008,0.18
X000021613,2026-02-15 20:04:34,C000186,A0000186,M00724,T01129,West,West,134.07,USD,ecommerce,chip_pin,approved,APPROVE,223.8,0.5990616621983914,0,1,0,1,0,0,0,7,177,10,101,43,customer_velocity;terminal_customer_network_burst,0.43,0.0023375195053005277,0.43
X000054829,2026-02-15 20:05:20,C000463,A0000463,M00203,T00558,Northeast,Northeast,19.37,USD,card_present,chip_pin,approved,APPROVE,13.75,1.4087272727272728,0,1,0,0,0,0,0,2,120,10,28,18,terminal_customer_network_burst,0.18,0.006327020926266,0.18
X000093267,2026-02-15 20:06:06,C000781,A0000781,M00055,T01054,South,South,142.18,USD,ecommerce,3ds,approved,APPROVE,75.59,1.880936631829607,0,1,0,1,0,0,0,1,146,15,35,18,terminal_customer_network_burst,0.18,0.010595802534713789,0.18
X000123796,2026-02-15 20:06:07,C001024,A0001024,M00119,T00895,South,South,30.2,USD,mobile_wallet,3ds,approved,APPROVE,26.09,1.157531621310847,0,1,0,0,0,1,0,2,303,17,16,18,terminal_customer_network_burst,0.18,0.021577978338743913,0.18
X000154400,2026-02-15 20:06:34,C001271,A0001271,M00376,T00266,South,South,112.5,USD,ecommerce,chip_pin,approved,APPROVE,37.52,2.9984008528784645,0,1,0,1,0,0,0,1,127,11,31,18,terminal_customer_network_burst,0.18,0.01233055472286465,0.18
X000009096,2026-02-15 20:06:56,C000082,A0000082,M00134,T00440,Midwest,Midwest,99.8,USD,card_present,chip_pin,approved,APPROVE,58.14,1.7165462676298588,0,1,0,0,0,0,0,2,90,12,25,18,terminal_customer_network_burst,0.18,0.008203797426609646,0.18
X000132148,2026-02-15 20:07:06,C001088,A0001088,M00352,T00215,Midwest,Midwest,252.6,USD,card_present,wallet_biometric,approved,APPROVE,66.04,3.824954572986069,0,1,0,0,0,0,0,0,186,14,33,48,amount_vs_profile;terminal_customer_network_burst,0.48,0.01888421105566274,0.48
X000114379,2026-02-15 20:07:07,C000951,A0000951,M00687,T01115,Midwest,Midwest,289.03,USD,card_present,3ds,approved,APPROVE,90.52,3.192996022978347,0,1,0,0,0,0,0,1,185,9,58,48,amount_vs_profile;terminal_customer_network_burst,0.48,0.007423650369666268,0.48
X000022646,2026-02-15 20:08:09,C000195,A0000195,M00407,T00062,West,West,66.83,USD,ecommerce,chip_pin,approved,APPROVE,82.17,0.8133138615066325,0,1,0,1,0,0,0,2,82,12,44,18,terminal_customer_network_burst,0.18,0.00476679444904782,0.18
X000067771,2026-02-15 20:08:12,C000574,A0000574,M00401,T00536,South,South,47.02,USD,card_present,chip_pin,approved,APPROVE,46.19,1.017969257415025,0,1,0,0,0,0,0,4,301,21,36,18,terminal_customer_network_burst,0.18,0.015800379550186927,0.18
X000075728,2026-02-15 20:09:08,C000636,A0000636,M00476,T00071,South,Midwest,28.69,USD,mobile_wallet,wallet_biometric,approved,APPROVE,39.78,0.7212166918049271,0,1,0,0,0,1,1,1,148,13,0,45,new_customer_terminal_pair;terminal_customer_network_burst;home_region_mismatch,0.45,0.10149362021994526,0.45
X000031010,2026-02-15 20:09:35,C000262,A0000262,M00128,T00044,Northeast,Northeast,72.6,USD,card_present,wallet_biometric,approved,APPROVE,84.93,0.8548216178028963,0,1,0,0,0,0,0,4,155,19,49,18,terminal_customer_network_burst,0.18,0.008392892277557332,0.18
X000132577,2026-02-15 20:09:41,C001092,A0001092,M00604,T00623,Northeast,Northeast,47.87,USD,card_present,chip_pin,approved,APPROVE,64.04,0.7475015615240473,0,1,0,0,0,0,0,5,184,19,29,43,customer_velocity;terminal_customer_network_burst,0.43,0.012159556771735849,0.43
X000101008,2026-02-15 20:10:40,C000850,A0000850,M00706,T00409,Northeast,Northeast,213.18,USD,card_present,3ds,approved,APPROVE,158.88,1.3417673716012086,0,1,0,0,0,0,0,5,225,14,58,43,customer_velocity;terminal_customer_network_burst,0.43,0.007106985160456578,0.43
X000237692,2026-02-15 20:11:00,C001938,A0001938,M00753,T00413,South,South,95.68,USD,card_present,chip_pin,approved,APPROVE,111.49,0.8581935599605347,0,1,0,0,0,0,0,2,387,16,21,18,terminal_customer_network_burst,0.18,0.013477036084178698,0.18
X000078091,2026-02-15 20:11:05,C000656,A0000656,M00196,T00164,South,Midwest,103.29,USD,card_present,3ds,approved,APPROVE,64.59,1.5991639572689271,0,1,0,0,0,0,1,2,111,15,0,45,new_customer_terminal_pair;terminal_customer_network_burst;home_region_mismatch,0.45,0.11306894030778807,0.45
X000213458,2026-02-15 20:11:35,C001742,A0001742,M00676,T00051,Midwest,Midwest,37.06,USD,card_present,wallet_biometric,approved,APPROVE,28.4,1.3049295774647889,0,1,0,0,0,0,0,4,329,16,38,18,terminal_customer_network_burst,0.18,0.012357659696547611,0.18
X000228472,2026-02-15 20:12:04,C001860,A0001860,M00139,T00128,Northeast,Northeast,58.67,USD,ecommerce,3ds,approved,APPROVE,63.88,0.9184408265497809,0,1,0,1,0,0,0,5,76,14,37,43,customer_velocity;terminal_customer_network_burst,0.43,0.0074259170257017495,0.43
X000059308,2026-02-15 20:12:23,C000504,A0000504,M00110,T00096,South,South,58.9,USD,mobile_wallet,chip_pin,approved,APPROVE,99.25,0.5934508816120907,0,1,0,0,0,1,0,0,310,17,20,18,terminal_customer_network_burst,0.18,0.015049321773733637,0.18
X000132578,2026-02-15 20:12:47,C001092,A0001092,M00691,T00343,Northeast,Northeast,239.92,USD,card_present,wallet_biometric,approved,APPROVE,64.04,3.746408494690818,0,1,0,0,0,0,0,6,92,10,25,73,amount_vs_profile;customer_velocity;terminal_customer_network_burst,0.73,0.018420377304304097,0.73
X000220831,2026-02-15 20:13:24,C001800,A0001800,M00172,T00722,Northeast,Northeast,117.88,USD,card_present,3ds,approved,APPROVE,186.73,0.6312858137417662,0,1,0,0,0,0,0,4,380,13,109,18,terminal_customer_network_burst,0.18,0.0027482779055465587,0.18
X000006746,2026-02-15 20:14:06,C000060,A0000060,M00151,T00524,Midwest,Midwest,114.62,USD,ecommerce,chip_pin,approved,APPROVE,53.72,2.133655994043187,0,1,0,1,0,0,0,4,85,12,10,18,terminal_customer_network_burst,0.18,0.014708858863190583,0.18
X000012347,2026-02-15 20:14:07,C000107,A0000107,M00157,T00598,Northeast,Northeast,36.46,USD,card_present,chip_pin,approved,APPROVE,40.86,0.8923152227116985,0,1,0,0,0,0,0,0,85,12,9,18,terminal_customer_network_burst,0.18,0.006959370537556063,0.18
X000112195,2026-02-15 20:14:40,C000937,A0000937,M00239,T00747,South,South,82.42,USD,card_present,3ds,approved,APPROVE,41.34,1.9937106918238992,0,1,0,0,0,0,0,0,188,13,25,18,terminal_customer_network_burst,0.18,0.01023012136506831,0.18
X000237596,2026-02-15 20:14:43,C001937,A0001937,M00143,T00157,South,South,107.42,USD,ecommerce,3ds,approved,APPROVE,37.72,2.847826086956522,0,1,0,1,0,0,0,3,151,12,29,18,terminal_customer_network_burst,0.18,0.014909902501673261,0.18
X000050226,2026-02-15 20:14:52,C000420,A0000420,M00007,T00196,South,South,8.96,USD,ecommerce,chip_pin,approved,APPROVE,10.28,0.8715953307392997,0,1,0,1,0,0,0,2,209,20,22,18,terminal_customer_network_burst,0.18,0.01497431104393052,0.18
X000128916,2026-02-15 20:14:55,C001060,A0001060,M00679,T00587,Northeast,Northeast,49.79,USD,card_present,3ds,approved,APPROVE,203.81,0.2442961581865463,0,1,0,0,0,0,0,3,309,14,62,18,terminal_customer_network_burst,0.18,0.004567846168193426,0.18
X000002220,2026-02-15 20:15:12,C000020,A0000020,M00239,T00747,South,South,48.01,USD,card_present,chip_pin,approved,APPROVE,53.24,0.9017655897821186,0,1,0,0,0,0,0,3,189,13,22,18,terminal_customer_network_burst,0.18,0.00842070807358434,0.18
X000084349,2026-02-15 20:15:43,C000706,A0000706,M00023,T00839,Midwest,Midwest,10.75,USD,mobile_wallet,chip_pin,approved,APPROVE,26.91,0.39947974730583424,0,1,0,0,0,1,0,3,151,13,14,18,terminal_customer_network_burst,0.18,0.010551571403866995,0.18
X000046525,2026-02-15 20:16:07,C000390,A0000390,M00482,T00610,West,West,35.12,USD,ecommerce,wallet_biometric,approved,APPROVE,23.8,1.4756302521008402,0,1,0,1,0,0,0,1,229,15,22,18,terminal_customer_network_burst,0.18,0.012717749790960686,0.18
X000186432,2026-02-15 20:16:35,C001532,A0001532,M00615,T00560,Midwest,Midwest,81.32,USD,mobile_wallet,chip_pin,approved,APPROVE,163.74,0.4966410162452668,0,1,0,0,0,1,0,3,183,15,36,18,terminal_customer_network_burst,0.18,0.009415357870488581,0.18
X000108518,2026-02-15 20:16:46,C000909,A0000909,M00329,T00094,Midwest,Midwest,26.39,USD,mobile_wallet,chip_pin,approved,APPROVE,32.94,0.8011536126290225,0,1,0,0,0,1,0,1,122,14,12,18,terminal_customer_network_burst,0.18,0.011680917425906255,0.18
X000022898,2026-02-15 20:17:29,C000196,A0000196,M00086,T00892,Midwest,Midwest,210.1,USD,ecommerce,3ds,approved,APPROVE,195.69,1.073636874648679,0,1,0,1,0,0,0,5,77,4,74,25,customer_velocity,0.25,0.0021158625545109016,0.25
X000232065,2026-02-15 20:17:46,C001893,A0001893,M00169,T01098,South,Midwest,36.86,USD,ecommerce,chip_pin,approved,APPROVE,81.93,0.449896252898816,0,1,0,1,0,0,1,1,107,18,0,45,new_customer_terminal_pair;terminal_customer_network_burst;home_region_mismatch,0.45,0.09769856744799517,0.45
X000058549,2026-02-15 20:18:01,C000496,A0000496,M00372,T00192,South,South,34.57,USD,ecommerce,chip_pin,approved,APPROVE,48.44,0.7136663914120562,0,1,0,1,0,0,0,3,313,19,21,18,terminal_customer_network_burst,0.18,0.016501274399009308,0.18
X000223248,2026-02-15 20:18:35,C001819,A0001819,M00253,T00043,South,South,519.11,USD,ecommerce,chip_pin,approved,APPROVE,94.36,5.501377702416279,0,1,0,1,0,0,0,5,136,11,39,73,amount_vs_profile;customer_velocity;terminal_customer_network_burst,0.73,0.0336494100866594,0.73
X000160088,2026-02-15 20:18:55,C001320,A0001320,M00020,T00130,South,South,81.94,USD,ecommerce,wallet_biometric,approved,APPROVE,95.39,0.8589998951672083,0,1,0,1,0,0,0,1,316,21,20,18,terminal_customer_network_burst,0.18,0.018482746403209734,0.18
X000009732,2026-02-15 20:19:43,C000088,A0000088,M00127,T00278,South,South,174.55,USD,ecommerce,wallet_biometric,approved,APPROVE,73.3,2.3813096862210097,0,1,0,1,0,0,0,1,145,14,20,18,terminal_customer_network_burst,0.18,0.014930480611172086,0.18
X000066982,2026-02-15 20:19:51,C000568,A0000568,M00516,T00887,Northeast,Northeast,43.49,USD,card_present,3ds,approved,APPROVE,31.92,1.362468671679198,0,1,0,0,0,0,0,2,69,9,23,18,terminal_customer_network_burst,0.18,0.005780213512722289,0.18
X000163794,2026-02-15 20:20:40,C001349,A0001349,M00205,T00934,South,South,416.47,USD,card_present,chip_pin,approved,APPROVE,146.0,2.8525342465753427,0,1,0,0,0,0,0,2,409,18,58,18,terminal_customer_network_burst,0.18,0.01873017108844887,0.18
X000029944,2026-02-15 20:21:01,C000256,A0000256,M00112,T00586,West,West,45.05,USD,card_present,chip_pin,approved,APPROVE,25.82,1.7447714949651432,0,1,0,0,0,0,0,2,151,12,44,18,terminal_customer_network_burst,0.18,0.006760166145981494,0.18
X000168095,2026-02-15 20:22:44,C001389,A0001389,M00123,T00812,Midwest,Midwest,98.36,USD,ecommerce,3ds,approved,APPROVE,53.07,1.853401168268325,0,1,0,1,0,0,0,2,402,22,30,18,terminal_customer_network_burst,0.18,0.02925533090434982,0.18
X000225311,2026-02-15 20:23:06,C001836,A0001836,M00294,T00471,South,South,88.17,USD,card_present,3ds,approved,APPROVE,99.19,0.8889000907349531,0,1,0,0,0,0,0,9,187,17,51,43,customer_velocity;terminal_customer_network_burst,0.43,0.0097226717791,0.43
X000123354,2026-02-15 20:23:32,C001022,A0001022,M00339,T00123,West,West,239.63,USD,ecommerce,chip_pin,approved,APPROVE,96.78,2.476028104980368,0,1,0,1,0,0,0,0,73,5,24,0,,0.0,0.0064075210991947585,0.0064075210991947585
X000235278,2026-02-15 20:23:43,C001917,A0001917,M00394,T00597,South,South,76.61,USD,mobile_wallet,chip_pin,approved,APPROVE,143.14,0.5352102836383961,0,1,0,0,0,1,0,8,226,19,60,43,customer_velocity;terminal_customer_network_burst,0.43,0.012180570048223762,0.43
X000122163,2026-02-15 20:24:00,C001013,A0001013,M00225,T00294,Midwest,Midwest,10.47,USD,card_present,chip_pin,approved,APPROVE,27.75,0.37729729729729733,0,1,0,0,0,0,0,1,224,11,45,18,terminal_customer_network_burst,0.18,0.003971141898335927,0.18
X000123130,2026-02-15 20:25:04,C001020,A0001020,M00012,T00789,West,West,80.12,USD,card_present,wallet_biometric,approved,APPROVE,132.98,0.6024966160324862,0,1,0,0,0,0,0,3,113,13,33,18,terminal_customer_network_burst,0.18,0.005643492174608888,0.18
X000060036,2026-02-15 20:25:37,C000511,A0000511,M00282,T00583,South,South,25.45,USD,card_present,magstripe,approved,APPROVE,42.14,0.6039392501186521,0,1,0,0,1,0,0,2,395,21,13,18,terminal_customer_network_burst,0.18,0.03581205102317581,0.18
X000207420,2026-02-15 20:25:58,C001692,A0001692,M00516,T00435,Northeast,Northeast,27.56,USD,card_present,chip_pin,approved,APPROVE,67.58,0.40781296241491566,0,1,0,0,0,0,0,0,185,9,24,18,terminal_customer_network_burst,0.18,0.004312124359856478,0.18
X000164583,2026-02-15 20:26:02,C001356,A0001356,M00023,T00495,Midwest,Midwest,35.59,USD,ecommerce,3ds,approved,APPROVE,44.64,0.7972670250896058,0,1,0,1,0,0,0,3,55,7,16,0,,0.0,0.005162826023485564,0.005162826023485564
X000069083,2026-02-15 20:27:27,C000587,A0000587,M00216,T00671,West,West,26.47,USD,card_present,chip_pin,approved,APPROVE,48.72,0.5433087027914614,0,1,0,0,0,0,0,2,35,11,25,18,terminal_customer_network_burst,0.18,0.0045488725826535095,0.18
X000232754,2026-02-15 20:27:44,C001897,A0001897,M00064,T00120,Midwest,Midwest,272.54,USD,card_present,magstripe,approved,APPROVE,92.61,2.9428787387971065,0,1,0,0,1,0,0,7,164,11,75,43,customer_velocity;terminal_customer_network_burst,0.43,0.014241456614965956,0.43
X000174220,2026-02-15 20:27:58,C001435,A0001435,M00398,T00960,South,South,47.41,USD,mobile_wallet,magstripe,approved,APPROVE,143.1,0.3313067784765898,0,1,0,0,1,1,0,5,167,16,80,43,customer_velocity;terminal_customer_network_burst,0.43,0.00928113558658626,0.43
X000023376,2026-02-15 20:28:04,C000199,A0000199,M00259,T00535,Northeast,Northeast,55.85,USD,card_present,wallet_biometric,approved,APPROVE,54.35,1.0275988960441582,0,1,0,0,0,0,0,2,181,15,26,18,terminal_customer_network_burst,0.18,0.008980650901714321,0.18
X000075729,2026-02-15 20:28:40,C000636,A0000636,M00778,T01132,South,South,40.41,USD,mobile_wallet,wallet_biometric,approved,APPROVE,39.78,1.0158371040723981,0,1,0,0,0,1,0,2,255,20,24,18,terminal_customer_network_burst,0.18,0.02088839792593626,0.18
X000029415,2026-02-15 20:29:17,C000253,A0000253,M00160,T00039,South,South,479.62,USD,ecommerce,3ds,approved,APPROVE,203.2,2.3603346456692913,0,1,0,1,0,0,0,1,260,14,71,18,terminal_customer_network_burst,0.18,0.007967327179047311,0.18
X000187977,2026-02-15 20:29:35,C001543,A0001543,M00285,T01108,Midwest,Midwest,456.18,USD,ecommerce,3ds,approved,APPROVE,217.69,2.095548716064128,0,1,0,1,0,0,0,7,318,13,94,43,customer_velocity;terminal_customer_network_burst,0.43,0.0070212613117703205,0.43
X000234182,2026-02-15 20:29:42,C001909,A0001909,M00638,T00151,Northeast,Northeast,76.18,USD,ecommerce,wallet_biometric,approved,APPROVE,46.09,1.6528531134736386,0,1,0,1,0,0,0,1,185,18,20,18,terminal_customer_network_burst,0.18,0.016258354610800163,0.18
X000203099,2026-02-15 20:29:45,C001663,A0001663,M00406,T00668,South,South,31.13,USD,card_present,chip_pin,approved,APPROVE,36.68,0.8486913849509269,0,1,0,0,0,0,0,1,262,16,24,18,terminal_customer_network_burst,0.18,0.010034660135481339,0.18
X000003947,2026-02-15 20:30:19,C000034,A0000034,M00037,T00050,West,West,25.4,USD,card_present,3ds,approved,APPROVE,50.12,0.5067837190742218,0,1,0,0,0,0,0,2,151,12,17,18,terminal_customer_network_burst,0.18,0.00655261732353927,0.18
X000161881,2026-02-15 20:30:38,C001335,A0001335,M00445,T00698,Northeast,Northeast,91.21,USD,card_present,chip_pin,approved,APPROVE,42.95,2.123632130384167,0,1,0,0,0,0,0,1,89,11,14,18,terminal_customer_network_burst,0.18,0.00996881199919896,0.18
X000219072,2026-02-15 20:30:44,C001789,A0001789,M00786,T00776,Northeast,Northeast,46.68,USD,ecommerce,chip_pin,approved,APPROVE,97.43,0.47911320948373187,0,1,0,1,0,0,0,5,159,11,0,58,customer_velocity;new_customer_terminal_pair;terminal_customer_network_burst,0.58,0.01031034173690428,0.58
X000069877,2026-02-15 20:31:07,C000594,A0000594,M00789,T00886,Midwest,Midwest,25.32,USD,ecommerce,chip_pin,approved,APPROVE,27.81,0.9104638619201727,0,1,0,1,0,0,0,0,51,13,10,18,terminal_customer_network_burst,0.18,0.007780009784142847,0.18
X000051007,2026-02-15 20:31:47,C000428,A0000428,M00207,T00387,West,West,19.6,USD,card_present,chip_pin,approved,APPROVE,58.17,0.33694344163658246,0,1,0,0,0,0,0,2,83,19,32,18,terminal_customer_network_burst,0.18,0.00729841558540243,0.18
X000089907,2026-02-15 20:32:00,C000751,A0000751,M00793,T01052,South,South,81.34,USD,card_present,chip_pin,approved,APPROVE,94.87,0.8573837883419416,0,1,0,0,0,0,0,3,294,16,28,18,terminal_customer_network_burst,0.18,0.01103043275782823,0.18
X000034252,2026-02-15 20:32:25,C000290,A0000290,M00191,T00441,Midwest,Midwest,183.75,USD,ecommerce,chip_pin,approved,APPROVE,128.03,1.4352104975396391,0,1,0,1,0,0,0,2,223,15,34,18,terminal_customer_network_burst,0.18,0.010845878484410607,0.18
X000139053,2026-02-15 20:32:34,C001145,A0001145,M00641,T00525,Northeast,West,27.11,USD,card_present,chip_pin,approved,APPROVE,35.44,0.7649548532731377,0,1,0,0,0,0,1,5,76,14,0,70,customer_velocity;new_customer_terminal_pair;terminal_customer_network_burst;home_region_mismatch,0.7,0.08804181227470777,0.7
X000238087,2026-02-15 20:33:16,C001942,A0001942,M00392,T00577,Midwest,Midwest,82.78,USD,card_present,chip_pin,approved,APPROVE,103.71,0.7981872529167873,0,1,0,0,0,0,0,3,108,12,37,18,terminal_customer_network_burst,0.18,0.0052531312235095315,0.18
X000179546,2026-02-15 20:34:09,C001476,A0001476,M00667,T00182,Northeast,Northeast,1156.83,USD,ecommerce,3ds,approved,APPROVE,246.77,4.687887506585079,0,1,0,1,0,0,0,3,229,11,78,48,amount_vs_profile;terminal_customer_network_burst,0.48,0.014254102496591994,0.48
X000132021,2026-02-15 20:34:23,C001087,A0001087,M00022,T00194,South,South,46.12,USD,ecommerce,chip_pin,approved,APPROVE,67.4,0.6842729970326409,0,1,0,1,0,0,0,1,271,21,15,18,terminal_customer_network_burst,0.18,0.017499462627680856,0.18
X000146577,2026-02-15 20:35:51,C001209,A0001209,M00009,T00774,South,South,50.97,USD,ecommerce,chip_pin,approved,APPROVE,43.25,1.1784971098265895,0,1,0,1,0,0,0,2,233,15,26,18,terminal_customer_network_burst,0.18,0.011362085753363704,0.18
X000048597,2026-02-15 20:36:16,C000407,A0000407,M00191,T00591,Midwest,Midwest,127.12,USD,card_present,3ds,approved,APPROVE,47.82,2.658301965704726,0,1,0,0,0,0,0,1,98,13,14,18,terminal_customer_network_burst,0.18,0.014211768574154208,0.18
X000220139,2026-02-15 20:36:44,C001797,A0001797,M00659,T00047,Northeast,Northeast,378.22,USD,ecommerce,chip_pin,approved,APPROVE,161.59,2.3406151370753143,0,1,0,1,0,0,0,4,179,15,84,18,terminal_customer_network_burst,0.18,0.007167006665635039,0.18
X000033647,2026-02-15 20:36:48,C000286,A0000286,M00210,T01163,South,South,11.2,USD,card_present,chip_pin,approved,APPROVE,44.64,0.25089605734767023,0,1,0,0,0,0,0,2,139,11,26,18,terminal_customer_network_burst,0.18,0.004723371369807779,0.18
X000092055,2026-02-15 20:36:55,C000770,A0000770,M00190,T00615,West,West,83.96,USD,card_present,chip_pin,approved,APPROVE,107.53,0.7808053566446572,0,1,0,0,0,0,0,1,96,11,39,18,terminal_customer_network_burst,0.18,0.0041531767638492536,0.18
X000121902,2026-02-15 20:37:48,C001011,A0001011,M00170,T01059,Midwest,Midwest,394.07,USD,ecommerce,chip_pin,approved,APPROVE,167.1,2.358288450029922,0,1,0,1,0,0,0,2,168,14,56,18,terminal_customer_network_burst,0.18,0.009209331634681506,0.18
X000227224,2026-02-15 20:37:55,C001852,A0001852,M00130,T00214,South,South,56.14,USD,ecommerce,chip_pin,approved,APPROVE,160.6,0.3495641344956414,0,1,0,1,0,0,0,2,160,10,66,18,terminal_customer_network_burst,0.18,0.0027693500922532505,0.18
X000153772,2026-02-15 20:38:16,C001264,A0001264,M00070,T00169,Northeast,Northeast,119.68,USD,ecommerce,chip_pin,approved,APPROVE,202.11,0.5921527880856959,0,1,0,1,0,0,0,2,233,17,45,18,terminal_customer_network_burst,0.18,0.007872163891969316,0.18
X000138942,2026-02-15 20:38:17,C001144,A0001144,M00645,T00155,South,South,135.78,USD,card_present,3ds,approved,APPROVE,55.97,2.425942469179918,0,1,0,0,0,0,0,1,294,13,19,18,terminal_customer_network_burst,0.18,0.016312629348410653,0.18
X000029945,2026-02-15 20:38:28,C000256,A0000256,M00180,T01184,West,West,27.15,USD,card_present,3ds,approved,APPROVE,25.82,1.0515104570100697,0,1,0,0,0,0,0,3,89,11,25,18,terminal_customer_network_burst,0.18,0.006285368269463564,0.18
X000069570,2026-02-15 20:39:00,C000591,A0000591,M00172,T00722,Northeast,Northeast,55.7,USD,card_present,chip_pin,approved,APPROVE,42.51,1.3102799341331453,0,1,0,0,0,0,0,1,381,13,9,18,terminal_customer_network_burst,0.18,0.014502263134378156,0.18
X000061795,2026-02-15 20:39:19,C000526,A0000526,M00524,T00033,West,West,441.52,USD,mobile_wallet,wallet_biometric,approved,APPROVE,156.59,2.8195925665751322,0,1,0,0,0,1,0,6,107,10,77,43,customer_velocity;terminal_customer_network_burst,0.43,0.00839862218552225,0.43
X000101578,2026-02-15 20:39:20,C000854,A0000854,M00036,T01181,Northeast,Northeast,23.12,USD,card_present,magstripe,approved,APPROVE,47.91,0.482571488207055,0,1,0,0,1,0,0,1,148,13,22,18,terminal_customer_network_burst,0.18,0.010927492589886918,0.18
X000222727,2026-02-15 20:39:20,C001814,A0001814,M00331,T00956,Midwest,Midwest,61.41,USD,card_present,wallet_biometric,approved,APPROVE,50.89,1.2067203772843387,0,1,0,0,0,0,0,3,144,14,15,18,terminal_customer_network_burst,0.18,0.010543984783763307,0.18
X000158543,2026-02-15 20:40:20,C001304,A0001304,M00736,T00065,South,South,72.42,USD,card_present,3ds,approved,APPROVE,145.65,0.4972193614830072,0,1,0,0,0,0,0,2,303,17,35,18,terminal_customer_network_burst,0.18,0.008964974370787806,0.18
X000088642,2026-02-15 20:41:19,C000744,A0000744,M00696,T00129,Midwest,Midwest,173.04,USD,ecommerce,wallet_biometric,approved,APPROVE,103.24,1.6760945370011624,0,1,0,1,0,0,0,4,187,13,51,18,terminal_customer_network_burst,0.18,0.008245211198200942,0.18
X000188650,2026-02-15 20:41:21,C001549,A0001549,M00105,T00482,West,West,60.89,USD,ecommerce,chip_pin,approved,APPROVE,153.09,0.39773989156705203,0,1,0,1,0,0,0,6,137,10,62,43,customer_velocity;terminal_customer_network_burst,0.43,0.003577806591704734,0.43
X000095560,2026-02-15 20:41:23,C000798,A0000798,M00613,T00331,South,South,246.74,USD,ecommerce,3ds,approved,APPROVE,118.88,2.0755383580080755,0,1,0,1,0,0,0,2,305,16,34,18,terminal_customer_network_burst,0.18,0.016709716552024495,0.18
X000114193,2026-02-15 20:41:28,C000950,A0000950,M00587,T00374,South,South,29.05,USD,card_present,3ds,approved,APPROVE,33.08,0.878174123337364,0,1,0,0,0,0,0,0,231,10,22,18,terminal_customer_network_burst,0.18,0.00611314663380488,0.18
X000239566,2026-02-15 20:41:35,C001953,A0001953,M00394,T00922,South,South,50.32,USD,card_present,3ds,approved,APPROVE,191.95,0.26215160197968224,0,1,0,0,0,0,0,3,355,22,40,18,terminal_customer_network_burst,0.18,0.012490687978180988,0.18
X000203368,2026-02-15 20:41:41,C001664,A0001664,M00507,T01055,South,South,508.75,USD,ecommerce,chip_pin,approved,APPROVE,245.36,2.073483860449951,0,1,0,1,0,0,0,8,274,14,74,43,customer_velocity;terminal_customer_network_burst,0.43,0.010092626966151947,0.43
X000061449,2026-02-15 20:42:00,C000524,A0000524,M00683,T00986,Midwest,Midwest,66.09,USD,card_present,3ds,approved,APPROVE,48.13,1.3731560357365469,0,1,0,0,0,0,0,2,93,11,24,18,terminal_customer_network_burst,0.18,0.00686083057829099,0.18
X000229665,2026-02-15 20:42:24,C001871,A0001871,M00341,T01190,Midwest,Midwest,46.6,USD,card_present,3ds,approved,APPROVE,76.66,0.607878945995304,0,1,0,0,0,0,0,1,132,14,22,18,terminal_customer_network_burst,0.18,0.00670308204957453,0.18
X000015837,2026-02-15 20:42:34,C000134,A0000134,M00533,T01021,Northeast,Northeast,45.79,USD,card_present,wallet_biometric,approved,APPROVE,29.05,1.576247848537005,0,1,0,0,0,0,0,1,158,11,44,18,terminal_customer_network_burst,0.18,0.00566471542833647,0.18
X000113616,2026-02-15 20:42:51,C000946,A0000946,M00745,T00183,Northeast,Northeast,295.06,USD,mobile_wallet,magstripe,approved,APPROVE,163.27,1.807190543271881,0,1,0,0,1,1,0,3,185,14,58,18,terminal_customer_network_burst,0.18,0.01796719084728458,0.18
X000206837,2026-02-15 20:43:26,C001687,A0001687,M00172,T00722,Northeast,Northeast,174.1,USD,card_present,chip_pin,approved,APPROVE,226.33,0.7692307692307692,0,1,0,0,0,0,0,9,382,13,72,43,customer_velocity;terminal_customer_network_burst,0.43,0.006757794933934066,0.43
X000069571,2026-02-15 20:44:03,C000591,A0000591,M00172,T00722,Northeast,Northeast,88.49,USD,card_present,chip_pin,approved,APPROVE,42.51,2.081627852270054,0,1,0,0,0,0,0,2,383,13,10,18,terminal_customer_network_burst,0.18,0.01997517072602516,0.18
X000175192,2026-02-15 20:45:06,C001442,A0001442,M00012,T01105,West,West,79.78,USD,ecommerce,3ds,approved,APPROVE,79.02,1.0096178182738549,0,1,0,1,0,0,0,0,207,15,26,18,terminal_customer_network_burst,0.18,0.009240596101846717,0.18
X000092425,2026-02-15 20:45:22,C000773,A0000773,M00205,T00934,South,South,78.73,USD,card_present,chip_pin,approved,APPROVE,45.11,1.7452892928397252,0,1,0,0,0,0,0,7,410,18,58,43,customer_velocity;terminal_customer_network_burst,0.43,0.016263424300219542,0.43
X000007674,2026-02-15 20:45:57,C000070,A0000070,M00304,T00317,Midwest,Midwest,36.56,USD,ecommerce,chip_pin,approved,APPROVE,21.98,1.6633303002729756,0,1,0,1,0,0,0,2,79,11,15,18,terminal_customer_network_burst,0.18,0.00950578089343927,0.18
X000167107,2026-02-15 20:46:02,C001380,A0001380,M00289,T00362,South,South,118.88,USD,ecommerce,chip_pin,approved,APPROVE,95.77,1.2413072987365563,0,1,0,1,0,0,0,0,261,24,23,18,terminal_customer_network_burst,0.18,0.02196199787097744,0.18
X000036973,2026-02-15 20:46:15,C000316,A0000316,M00394,T00922,South,South,27.55,USD,card_present,wallet_biometric,approved,APPROVE,40.33,0.6831143069675181,0,1,0,0,0,0,0,2,356,22,34,18,terminal_customer_network_burst,0.18,0.015204059366083206,0.18
X000152460,2026-02-15 20:46:38,C001253,A0001253,M00475,T00965,Midwest,Midwest,64.01,USD,mobile_wallet,chip_pin,approved,APPROVE,45.07,1.4202351897049035,0,1,0,0,0,1,0,1,201,21,53,18,terminal_customer_network_burst,0.18,0.014489508428690175,0.18
X000056575,2026-02-15 20:46:42,C000478,A0000478,M00276,T00685,Northeast,Northeast,38.73,USD,card_present,chip_pin,approved,APPROVE,46.14,0.8394018205461637,0,1,0,0,0,0,0,0,64,10,7,18,terminal_customer_network_burst,0.18,0.005891655567484885,0.18
X000063794,2026-02-15 20:46:43,C000541,A0000541,M00494,T00136,South,West,82.64,USD,card_present,wallet_biometric,approved,APPROVE,96.59,0.8555751112951651,0,1,0,0,0,0,1,2,97,15,0,45,new_customer_terminal_pair;terminal_customer_network_burst;home_region_mismatch,0.45,0.08652536106814665,0.45
X000238174,2026-02-15 20:46:52,C001943,A0001943,M00222,T00844,South,South,93.13,USD,card_present,chip_pin,approved,APPROVE,59.57,1.5633708242403894,0,1,0,0,0,0,0,0,206,13,21,18,terminal_customer_network_burst,0.18,0.009563622282397634,0.18
X000100308,2026-02-15 20:47:16,C000844,A0000844,M00137,T00381,Midwest,Midwest,94.53,USD,card_present,chip_pin,approved,APPROVE,68.6,1.37798833819242,0,1,0,0,0,0,0,2,178,13,51,18,terminal_customer_network_burst,0.18,0.005935449311903154,0.18
X000188274,2026-02-15 20:47:54,C001546,A0001546,M00484,T00728,South,South,65.53,USD,ecommerce,chip_pin,approved,APPROVE,61.0,1.0742622950819671,0,1,0,1,0,0,0,2,370,16,26,18,terminal_customer_network_burst,0.18,0.01451562388924852,0.18
X000026347,2026-02-15 20:47:55,C000225,A0000225,M00507,T01055,South,South,23.28,USD,ecommerce,chip_pin,approved,APPROVE,31.9,0.7297805642633229,0,1,0,1,0,0,0,1,275,14,20,18,terminal_customer_network_burst,0.18,0.009968359090270008,0.18
X000229408,2026-02-15 20:48:31,C001868,A0001868,M00556,T00589,South,South,85.64,USD,ecommerce,chip_pin,approved,APPROVE,102.48,0.8356752537080405,0,1,0,1,0,0,0,3,363,19,24,18,terminal_customer_network_burst,0.18,0.01777335383071499,0.18
X000169079,2026-02-15 20:48:36,C001397,A0001397,M00743,T00220,South,South,60.28,USD,card_present,chip_pin,approved,APPROVE,55.89,1.0785471461799965,0,1,0,0,0,0,0,1,180,17,43,18,terminal_customer_network_burst,0.18,0.007682648930880692,0.18
X000010103,2026-02-15 20:48:39,C000091,A0000091,M00408,T00920,Northeast,Northeast,62.07,USD,ecommerce,3ds,approved,APPROVE,25.09,2.4738939816660026,0,1,0,1,0,0,0,1,130,14,17,18,terminal_customer_network_burst,0.18,0.01581350699487257,0.18
X000073056,2026-02-15 20:48:44,C000617,A0000617,M00393,T00239,Northeast,Northeast,14.7,USD,card_present,wallet_biometric,approved,APPROVE,36.33,0.4046242774566474,0,1,0,0,0,0,0,0,324,13,21,18,terminal_customer_network_burst,0.18,0.007499028759160349,0.18
X000096447,2026-02-15 20:50:18,C000806,A0000806,M00184,T00927,South,South,114.79,USD,mobile_wallet,chip_pin,approved,APPROVE,78.97,1.453589970875016,0,1,0,0,0,1,0,4,387,20,44,18,terminal_customer_network_burst,0.18,0.0243558940145046,0.18
X000186433,2026-02-15 20:50:19,C001532,A0001532,M00615,T00560,Midwest,Midwest,128.76,USD,card_present,magstripe,approved,APPROVE,163.74,0.7863686331989739,0,1,0,0,1,0,0,4,184,15,37,18,terminal_customer_network_burst,0.18,0.013810463595983535,0.18
X000018002,2026-02-15 20:50:30,C000153,A0000153,M00180,T00539,West,West,39.57,USD,card_present,3ds,approved,APPROVE,51.46,0.7689467547609794,0,1,0,0,0,0,0,2,134,8,17,18,terminal_customer_network_burst,0.18,0.005247830366642076,0.18
X000136435,2026-02-15 20:51:14,C001122,A0001122,M00038,T00519,South,South,24.69,USD,mobile_wallet,wallet_biometric,approved,APPROVE,29.22,0.8449691991786449,0,1,0,0,0,1,0,3,110,12,30,18,terminal_customer_network_burst,0.18,0.008440542957779441,0.18
X000080149,2026-02-15 20:51:37,C000674,A0000674,M00557,T00649,Midwest,Midwest,675.54,USD,ecommerce,3ds,approved,APPROVE,400.29,1.6876264708086635,0,1,0,1,0,0,0,2,216,19,45,18,terminal_customer_network_burst,0.18,0.013249102142704684,0.18
X000090894,2026-02-15 20:51:56,C000761,A0000761,M00318,T00746,Midwest,Midwest,299.19,USD,card_present,chip_pin,approved,APPROVE,202.51,1.4774085230358995,0,1,0,0,0,0,0,0,355,25,36,18,terminal_customer_network_burst,0.18,0.021980023175040494,0.18
X000214753,2026-02-15 20:52:03,C001753,A0001753,M00613,T00638,South,South,86.87,USD,ecommerce,chip_pin,approved,APPROVE,148.46,0.5851407786609187,0,1,0,1,0,0,0,4,228,18,37,18,terminal_customer_network_burst,0.18,0.01054929631416379,0.18
X000240677,2026-02-15 20:52:20,C001962,A0001962,M00052,T00843,South,South,26.73,USD,card_present,chip_pin,approved,APPROVE,36.41,0.7341389728096678,0,1,0,0,0,0,0,0,103,13,13,18,terminal_customer_network_burst,0.18,0.0068205358927482225,0.18
X000012464,2026-02-15 20:52:43,C000108,A0000108,M00231,T01111,South,South,45.96,USD,ecommerce,3ds,approved,APPROVE,37.77,1.216838760921366,0,1,0,1,0,0,0,3,210,18,31,18,terminal_customer_network_burst,0.18,0.013475375738056641,0.18
X000243675,2026-02-15 20:53:04,C001987,A0001987,M00470,T00025,South,South,127.14,USD,card_present,magstripe,approved,APPROVE,186.83,0.6805116951239094,0,1,0,0,1,0,0,4,188,12,72,18,terminal_customer_network_burst,0.18,0.006210979498532424,0.18
X000051008,2026-02-15 20:53:08,C000428,A0000428,M00633,T00292,West,West,75.3,USD,ecommerce,chip_pin,approved,APPROVE,58.17,1.2944816915936048,0,1,0,1,0,0,0,3,191,13,24,18,terminal_customer_network_burst,0.18,0.010447203291115759,0.18
X000034929,2026-02-15 20:53:43,C000296,A0000296,M00570,T00794,West,West,79.26,USD,card_present,magstripe,approved,APPROVE,35.18,2.252984650369528,0,1,0,0,1,0,0,0,136,12,26,18,terminal_customer_network_burst,0.18,0.016982432493763962,0.18
X000115325,2026-02-15 20:53:43,C000958,A0000958,M00369,T00207,Northeast,Northeast,197.15,USD,mobile_wallet,wallet_biometric,approved,APPROVE,118.32,1.6662440838404329,0,1,0,0,0,1,0,4,193,16,45,18,terminal_customer_network_burst,0.18,0.014438419344316987,0.18
X000109274,2026-02-15 20:54:14,C000914,A0000914,M00745,T00823,Northeast,Northeast,96.89,USD,ecommerce,wallet_biometric,approved,APPROVE,132.97,0.7286606001353689,0,1,0,1,0,0,0,8,334,12,67,43,customer_velocity;terminal_customer_network_burst,0.43,0.00651870517979727,0.43
X000227225,2026-02-15 20:54:29,C001852,A0001852,M00110,T00096,South,South,62.78,USD,card_present,chip_pin,approved,APPROVE,160.6,0.39090909090909093,0,1,0,0,0,0,0,3,311,17,54,18,terminal_customer_network_burst,0.18,0.006828452176045076,0.18
X000076125,2026-02-15 20:54:30,C000639,A0000639,M00271,T01087,Northeast,Northeast,44.25,USD,card_present,wallet_biometric,approved,APPROVE,45.73,0.9676361250820031,0,1,0,0,0,0,0,2,221,19,48,18,terminal_customer_network_burst,0.18,0.008858504618365473,0.18
X000127410,2026-02-15 20:55:07,C001050,A0001050,M00793,T01052,South,South,68.19,USD,card_present,magstripe,approved,APPROVE,62.75,1.0866932270916334,0,1,0,0,1,0,0,1,295,16,40,18,terminal_customer_network_burst,0.18,0.016029276781574182,0.18
X000175193,2026-02-15 20:55:07,C001442,A0001442,M00185,T00296,West,West,24.29,USD,card_present,chip_pin,approved,APPROVE,79.02,0.30739053404201466,0,1,0,0,0,0,0,1,71,8,33,18,terminal_customer_network_burst,0.18,0.002960367439531191,0.18
X000134710,2026-02-15 20:55:57,C001105,A0001105,M00351,T00802,West,West,17.57,USD,card_present,chip_pin,soft_decline,CHALLENGE,28.19,0.6232706633558,0,1,1,0,0,0,0,1,199,14,14,26,terminal_customer_network_burst;authentication_soft_decline,0.26,0.035533408579256485,0.26
X000073776,2026-02-15 20:55:58,C000623,A0000623,M00479,T00906,Midwest,Midwest,113.96,USD,card_present,3ds,approved,APPROVE,104.99,1.0854367082579293,0,1,0,0,0,0,0,0,150,9,57,18,terminal_customer_network_burst,0.18,0.0031181799807451878,0.18
X000229022,2026-02-15 20:56:01,C001865,A0001865,M00392,T00305,Midwest,Midwest,503.8,USD,card_present,wallet_biometric,approved,APPROVE,163.63,3.0788975126810487,0,1,0,0,0,0,0,5,168,11,53,73,amount_vs_profile;customer_velocity;terminal_customer_network_burst,0.73,0.010701299393095495,0.73
X000227226,2026-02-15 20:56:16,C001852,A0001852,M00257,T00772,South,South,86.1,USD,card_present,3ds,approved,APPROVE,160.6,0.5361145703611457,0,1,0,0,0,0,0,4,406,26,54,18,terminal_customer_network_burst,0.18,0.016891864457451236,0.18
X000214572,2026-02-15 20:57:17,C001752,A0001752,M00484,T00728,South,South,60.6,USD,ecommerce,3ds,approved,APPROVE,165.32,0.36656181950157274,0,1,0,1,0,0,0,7,371,16,37,43,customer_velocity;terminal_customer_network_burst,0.43,0.012277322039479786,0.43
X000204418,2026-02-15 20:57:23,C001668,A0001668,M00772,T00124,Midwest,Midwest,195.62,USD,card_present,chip_pin,approved,APPROVE,146.34,1.3367500341670084,0,1,0,0,0,0,0,5,194,13,74,43,customer_velocity;terminal_customer_network_burst,0.43,0.004887835814624382,0.43
X000213301,2026-02-15 20:58:01,C001741,A0001741,M00667,T00609,Northeast,Northeast,70.27,USD,ecommerce,chip_pin,approved,APPROVE,70.95,0.9904157857646229,0,1,0,1,0,0,0,2,388,24,32,18,terminal_customer_network_burst,0.18,0.023478898764694764,0.18
X000024592,2026-02-15 20:58:27,C000207,A0000207,M00119,T00895,South,South,121.08,USD,mobile_wallet,chip_pin,approved,APPROVE,77.4,1.5643410852713178,0,1,0,0,0,1,0,3,304,17,34,18,terminal_customer_network_burst,0.18,0.019961441401727616,0.18
X000003145,2026-02-15 20:58:32,C000028,A0000028,M00596,T01101,Midwest,Midwest,46.65,USD,mobile_wallet,3ds,approved,APPROVE,126.86,0.36772820431972253,0,1,0,0,0,1,0,5,213,13,77,43,customer_velocity;terminal_customer_network_burst,0.43,0.004742944227169935,0.43
X000204759,2026-02-15 20:58:35,C001671,A0001671,M00497,T00121,West,West,66.5,USD,ecommerce,wallet_biometric,approved,APPROVE,74.17,0.8965889173520291,0,1,0,1,0,0,0,2,96,14,36,18,terminal_customer_network_burst,0.18,0.0065923656714338705,0.18
X000134909,2026-02-15 20:58:38,C001107,A0001107,M00692,T00771,Northeast,Northeast,316.92,USD,ecommerce,chip_pin,approved,APPROVE,77.96,4.06516162134428,0,1,0,1,0,0,0,2,238,18,27,48,amount_vs_profile;terminal_customer_network_burst,0.48,0.0397325155840267,0.48
X000196257,2026-02-15 20:58:56,C001612,A0001612,M00303,T00765,Northeast,Northeast,145.88,USD,mobile_wallet,3ds,approved,APPROVE,157.68,0.9251648909183156,0,1,0,0,0,1,0,3,226,11,34,18,terminal_customer_network_burst,0.18,0.009078521667139386,0.18
X000195432,2026-02-15 20:58:57,C001605,A0001605,M00240,T00605,Midwest,Midwest,66.42,USD,card_present,chip_pin,approved,APPROVE,50.26,1.3215280541185834,0,1,0,0,0,0,0,0,229,15,18,18,terminal_customer_network_burst,0.18,0.010992388148031874,0.18
