Transaction_ID,Timestamp,Customer_ID,Account_ID,Merchant_ID,Terminal_ID,Customer_Region,Merchant_Region,Amount,Currency,Channel,Auth_Type,Auth_Result,Incumbent_Decision,Typical_Spend,Amount_To_Typical_Spend,Is_Night,Is_Weekend,Auth_Soft_Decline,Is_Ecommerce,Is_Magstripe,Is_Mobile_Wallet,Region_Mismatch,Tx_Count_Prior_24h,Terminal_Prior_Tx_Count,Terminal_Prior_Distinct_Customers,Customer_Terminal_Prior_Count,Rule_Score,Rule_Reasons,Rule_Risk,Model_Score,Hybrid_Score
X000196766,2026-01-23 19:33:59,C001616,A0001616,M00399,T01051,South,West,27.08,USD,card_present,3ds,approved,APPROVE,30.77,0.8800779980500487,0,0,0,0,0,0,1,4,41,7,0,27,new_customer_terminal_pair;home_region_mismatch,0.27,0.07090841579640052,0.27
X000210932,2026-01-23 19:34:07,C001720,A0001720,M00376,T00702,South,South,48.61,USD,ecommerce,magstripe,approved,APPROVE,45.82,1.0608904408555215,0,0,0,1,1,0,0,1,93,10,13,18,terminal_customer_network_burst,0.18,0.01780680611303836,0.18
X000232859,2026-01-23 19:34:10,C001898,A0001898,M00675,T00026,Midwest,Midwest,42.31,USD,ecommerce,chip_pin,approved,APPROVE,61.86,0.6839637892014226,0,0,0,1,0,0,0,5,57,9,11,43,customer_velocity;terminal_customer_network_burst,0.43,0.009718971678241076,0.43
X000046745,2026-01-23 19:34:22,C000393,A0000393,M00112,T00122,West,West,151.61,USD,card_present,wallet_biometric,approved,APPROVE,236.28,0.6416539698662604,0,0,0,0,0,0,0,9,101,6,18,25,customer_velocity,0.25,0.008232748370695694,0.25
X000194882,2026-01-23 19:34:22,C001602,A0001602,M00187,T00256,South,South,106.23,USD,ecommerce,wallet_biometric,approved,APPROVE,87.97,1.2075707627600318,0,0,0,1,0,0,0,4,126,11,48,18,terminal_customer_network_burst,0.18,0.008053087510680287,0.18
X000193591,2026-01-23 19:34:30,C001591,A0001591,M00070,T00169,Northeast,Northeast,54.66,USD,mobile_wallet,wallet_biometric,approved,APPROVE,65.42,0.8355243044940385,0,0,0,0,0,1,0,1,125,14,7,18,terminal_customer_network_burst,0.18,0.018031274174172378,0.18
X000150981,2026-01-23 19:35:44,C001241,A0001241,M00685,T00672,Northeast,Northeast,303.58,USD,ecommerce,wallet_biometric,approved,APPROVE,279.08,1.0877884477569155,0,0,0,1,0,0,0,3,124,8,34,18,terminal_customer_network_burst,0.18,0.0072960342308067555,0.18
X000005016,2026-01-23 19:36:11,C000046,A0000046,M00345,T01138,South,South,29.66,USD,ecommerce,chip_pin,approved,APPROVE,20.48,1.4482421875,0,0,0,1,0,0,0,0,119,11,9,18,terminal_customer_network_burst,0.18,0.012990180539377894,0.18
X000142585,2026-01-23 19:36:26,C001175,A0001175,M00335,T00138,South,South,82.68,USD,mobile_wallet,chip_pin,approved,APPROVE,49.84,1.658908507223114,0,0,0,0,0,1,0,1,157,10,17,18,terminal_customer_network_burst,0.18,0.01638447511922517,0.18
X000196088,2026-01-23 19:36:46,C001611,A0001611,M00245,T00626,West,West,41.26,USD,card_present,magstripe,approved,APPROVE,47.59,0.8669888632065559,0,0,0,0,1,0,0,1,49,7,6,0,,0.0,0.012603730596537915,0.012603730596537915
X000040752,2026-01-23 19:37:43,C000346,A0000346,M00692,T00191,Northeast,Northeast,59.71,USD,ecommerce,chip_pin,approved,APPROVE,74.92,0.7969834490122798,0,0,0,1,0,0,0,4,104,14,16,18,terminal_customer_network_burst,0.18,0.013742123445079564,0.18
X000237289,2026-01-23 19:37:48,C001935,A0001935,M00309,T00916,Northeast,Northeast,51.24,USD,mobile_wallet,chip_pin,approved,APPROVE,144.04,0.3557345181893919,0,0,0,0,0,1,0,0,98,11,19,18,terminal_customer_network_burst,0.18,0.009192006109279408,0.18
X000013298,2026-01-23 19:37:49,C000115,A0000115,M00163,T01133,Midwest,Midwest,118.52,USD,ecommerce,chip_pin,approved,APPROVE,73.53,1.611859105127159,0,0,0,1,0,0,0,8,68,8,39,43,customer_velocity;terminal_customer_network_burst,0.43,0.009749636655488137,0.43
X000133522,2026-01-23 19:38:09,C001100,A0001100,M00528,T00301,Midwest,Midwest,36.55,USD,ecommerce,chip_pin,approved,APPROVE,33.78,1.0820011841326227,0,0,0,1,0,0,0,10,74,11,46,63,customer_velocity;high_customer_velocity;terminal_customer_network_burst,0.63,0.010031884910562233,0.63
X000213935,2026-01-23 19:38:10,C001747,A0001747,M00323,T00655,South,South,10.54,USD,card_present,chip_pin,approved,APPROVE,30.67,0.3436582980110857,0,0,0,0,0,0,0,0,44,8,0,33,new_customer_terminal_pair;terminal_customer_network_burst,0.33,0.006463504372860571,0.33
X000058231,2026-01-23 19:38:49,C000494,A0000494,M00171,T00523,Northeast,Northeast,17.95,USD,ecommerce,chip_pin,approved,APPROVE,19.63,0.9144167091186959,0,0,0,1,0,0,0,0,112,13,22,18,terminal_customer_network_burst,0.18,0.009975960553792969,0.18
X000110075,2026-01-23 19:39:21,C000920,A0000920,M00781,T00629,Northeast,Northeast,333.36,USD,card_present,3ds,approved,APPROVE,172.94,1.9276049496935355,0,0,0,0,0,0,0,0,35,5,11,0,,0.0,0.007712690293940422,0.007712690293940422
X000161057,2026-01-23 19:39:25,C001330,A0001330,M00676,T00051,Midwest,Midwest,78.56,USD,card_present,wallet_biometric,approved,APPROVE,79.51,0.9880518173814614,0,0,0,0,0,0,0,3,170,14,23,18,terminal_customer_network_burst,0.18,0.012562372312336756,0.18
X000194566,2026-01-23 19:39:31,C001600,A0001600,M00219,T00193,Northeast,Northeast,51.15,USD,card_present,chip_pin,approved,APPROVE,28.69,1.782851167654235,0,0,0,0,0,0,0,0,128,6,8,0,,0.0,0.009517501380436643,0.009517501380436643
X000054995,2026-01-23 19:40:57,C000465,A0000465,M00675,T01030,Midwest,Midwest,148.38,USD,ecommerce,chip_pin,approved,APPROVE,44.58,3.328398384925976,0,0,0,1,0,0,0,2,86,7,29,30,amount_vs_profile,0.3,0.014917606360771876,0.3
X000223827,2026-01-23 19:41:09,C001826,A0001826,M00608,T00027,South,South,31.75,USD,card_present,chip_pin,approved,APPROVE,36.54,0.8689107827038862,0,0,0,0,0,0,0,3,168,17,7,18,terminal_customer_network_burst,0.18,0.019110988369540612,0.18
X000138894,2026-01-23 19:41:29,C001144,A0001144,M00410,T00952,South,South,23.3,USD,ecommerce,chip_pin,approved,APPROVE,55.97,0.41629444345184924,0,0,0,1,0,0,0,2,90,13,18,18,terminal_customer_network_burst,0.18,0.009498211973890325,0.18
X000196089,2026-01-23 19:42:03,C001611,A0001611,M00336,T00988,West,West,25.71,USD,card_present,chip_pin,approved,APPROVE,47.59,0.5402395461231351,0,0,0,0,0,0,0,2,54,6,4,0,,0.0,0.006361275914181613,0.006361275914181613
X000174648,2026-01-23 19:43:01,C001439,A0001439,M00305,T00675,Northeast,Northeast,269.13,USD,card_present,3ds,approved,APPROVE,141.68,1.8995623941276114,0,0,0,0,0,0,0,0,87,7,23,0,,0.0,0.007928431174815787,0.007928431174815787
X000011114,2026-01-23 19:43:20,C000100,A0000100,M00697,T00612,West,West,172.61,USD,card_present,wallet_biometric,approved,APPROVE,102.67,1.681211648972436,0,0,0,0,0,0,0,7,54,4,18,25,customer_velocity,0.25,0.008727462628054967,0.25
X000127634,2026-01-23 19:43:51,C001052,A0001052,M00282,T00583,South,South,179.23,USD,card_present,chip_pin,approved,APPROVE,146.14,1.2264267141097578,0,0,0,0,0,0,0,7,193,16,43,43,customer_velocity;terminal_customer_network_burst,0.43,0.014804204053666106,0.43
X000191888,2026-01-23 19:44:01,C001574,A0001574,M00598,T00688,West,West,113.48,USD,card_present,chip_pin,approved,APPROVE,131.58,0.8624411004711962,0,0,0,0,0,0,0,1,66,9,23,18,terminal_customer_network_burst,0.18,0.0063935602708608255,0.18
X000089394,2026-01-23 19:44:03,C000748,A0000748,M00295,T00163,South,South,218.92,USD,mobile_wallet,chip_pin,approved,APPROVE,224.36,0.9757532536994116,0,0,0,0,0,1,0,7,184,14,41,43,customer_velocity;terminal_customer_network_burst,0.43,0.016728764346634773,0.43
X000024023,2026-01-23 19:44:15,C000203,A0000203,M00157,T00598,Northeast,Northeast,261.08,USD,card_present,magstripe,approved,APPROVE,128.67,2.0290666044921117,0,0,0,0,1,0,0,3,47,9,15,18,terminal_customer_network_burst,0.18,0.021383870056705917,0.18
X000123866,2026-01-23 19:44:19,C001025,A0001025,M00328,T00351,Midwest,Midwest,139.37,USD,mobile_wallet,3ds,approved,APPROVE,79.76,1.7473671013039116,0,0,0,0,0,1,0,6,78,12,23,43,customer_velocity;terminal_customer_network_burst,0.43,0.02046394170171512,0.43
X000111383,2026-01-23 19:44:58,C000930,A0000930,M00338,T00600,Northeast,Northeast,207.24,USD,ecommerce,3ds,approved,APPROVE,107.43,1.92907009215303,0,0,0,1,0,0,0,3,109,8,13,18,terminal_customer_network_burst,0.18,0.013479563141688864,0.18
X000010397,2026-01-23 19:45:41,C000094,A0000094,M00556,T00589,South,South,27.51,USD,ecommerce,wallet_biometric,approved,APPROVE,30.46,0.9031516743269863,0,0,0,1,0,0,0,3,185,16,20,18,terminal_customer_network_burst,0.18,0.016671174944625104,0.18
X000132742,2026-01-23 19:45:55,C001094,A0001094,M00372,T00095,South,South,66.22,USD,card_present,3ds,approved,APPROVE,42.2,1.5691943127962085,0,0,0,0,0,0,0,2,152,14,12,18,terminal_customer_network_burst,0.18,0.017018265995731058,0.18
X000202968,2026-01-23 19:46:09,C001662,A0001662,M00761,T01038,South,South,34.38,USD,ecommerce,3ds,approved,APPROVE,24.16,1.4230132450331128,0,0,0,1,0,0,0,0,128,13,9,18,terminal_customer_network_burst,0.18,0.015085172291799403,0.18
X000142977,2026-01-23 19:46:36,C001178,A0001178,M00231,T01111,Midwest,South,240.7,USD,card_present,3ds,approved,APPROVE,78.42,3.0693700586585053,0,0,0,0,0,0,1,2,99,14,0,75,amount_vs_profile;new_customer_terminal_pair;terminal_customer_network_burst;home_region_mismatch,0.75,0.2203637220327094,0.75
X000244076,2026-01-23 19:46:58,C001990,A0001990,M00230,T00912,West,West,53.36,USD,ecommerce,chip_pin,approved,APPROVE,64.22,0.8308938025537216,0,0,0,1,0,0,0,2,32,7,17,0,,0.0,0.006633141309045827,0.006633141309045827
X000033713,2026-01-23 19:47:53,C000287,A0000287,M00275,T00496,Northeast,Northeast,48.99,USD,card_present,chip_pin,approved,APPROVE,30.67,1.5973263775676556,0,0,0,0,0,0,0,2,64,10,15,18,terminal_customer_network_burst,0.18,0.010726658532067595,0.18
X000229466,2026-01-23 19:47:55,C001869,A0001869,M00347,T00077,Midwest,Midwest,99.03,USD,ecommerce,wallet_biometric,approved,APPROVE,57.21,1.7309910854745674,0,0,0,1,0,0,0,2,48,8,9,18,terminal_customer_network_burst,0.18,0.011532866904974624,0.18
X000202718,2026-01-23 19:48:00,C001659,A0001659,M00199,T00748,South,Midwest,12.41,USD,card_present,3ds,approved,APPROVE,20.94,0.5926456542502387,0,0,0,0,0,0,1,2,40,10,0,45,new_customer_terminal_pair;terminal_customer_network_burst;home_region_mismatch,0.45,0.07134900673883642,0.45
X000122728,2026-01-23 19:48:01,C001018,A0001018,M00316,T00389,South,South,59.1,USD,card_present,3ds,approved,APPROVE,36.31,1.6276507849077388,0,0,0,0,0,0,0,4,178,15,11,18,terminal_customer_network_burst,0.18,0.021901347598937037,0.18
X000230435,2026-01-23 19:48:14,C001879,A0001879,M00243,T00806,South,South,58.87,USD,mobile_wallet,chip_pin,approved,APPROVE,83.45,0.7054523666866387,0,0,0,0,0,1,0,2,120,10,19,18,terminal_customer_network_burst,0.18,0.011160640920222854,0.18
X000219409,2026-01-23 19:49:23,C001792,A0001792,M00093,T01018,Northeast,Northeast,46.39,USD,ecommerce,chip_pin,approved,APPROVE,54.3,0.854327808471455,0,0,0,1,0,0,0,0,94,10,15,18,terminal_customer_network_burst,0.18,0.008513099724421998,0.18
X000074994,2026-01-23 19:49:28,C000631,A0000631,M00044,T01081,Northeast,Northeast,390.06,USD,ecommerce,3ds,approved,APPROVE,287.17,1.358289514921475,0,0,0,1,0,0,0,8,149,15,39,43,customer_velocity;terminal_customer_network_burst,0.43,0.01672295102593984,0.43
X000061686,2026-01-23 19:50:33,C000526,A0000526,M00769,T00996,West,West,174.62,USD,card_present,chip_pin,approved,APPROVE,156.59,1.1151414522000127,0,0,0,0,0,0,0,2,138,7,36,0,,0.0,0.005823392568750219,0.005823392568750219
X000032617,2026-01-23 19:50:57,C000276,A0000276,M00595,T00068,West,West,125.96,USD,mobile_wallet,3ds,approved,APPROVE,60.66,2.0764919221892515,0,0,0,0,0,1,0,0,40,8,16,18,terminal_customer_network_burst,0.18,0.013301195609553325,0.18
X000049752,2026-01-23 19:51:00,C000416,A0000416,M00408,T00920,Northeast,Northeast,56.1,USD,ecommerce,wallet_biometric,approved,APPROVE,29.19,1.921891058581706,0,0,0,1,0,0,0,0,67,8,10,18,terminal_customer_network_burst,0.18,0.011291363141556323,0.18
X000030434,2026-01-23 19:51:27,C000260,A0000260,M00056,T01147,Midwest,Midwest,80.99,USD,card_present,chip_pin,approved,APPROVE,214.67,0.37727675036101926,0,0,0,0,0,0,0,7,173,11,63,43,customer_velocity;terminal_customer_network_burst,0.43,0.005340740917078937,0.43
X000037346,2026-01-23 19:51:43,C000319,A0000319,M00184,T00927,South,South,58.29,USD,ecommerce,wallet_biometric,approved,APPROVE,48.86,1.1930004093327875,0,0,0,1,0,0,0,1,202,17,22,18,terminal_customer_network_burst,0.18,0.01785461440232565,0.18
X000034979,2026-01-23 19:51:46,C000297,A0000297,M00558,T00507,South,South,24.99,USD,mobile_wallet,3ds,approved,APPROVE,26.17,0.9549102025219716,0,0,0,0,0,1,0,2,35,5,7,0,,0.0,0.008997176158204799,0.008997176158204799
X000184039,2026-01-23 19:51:51,C001516,A0001516,M00374,T00569,South,South,203.45,USD,card_present,chip_pin,approved,APPROVE,98.31,2.0694741125012714,0,0,0,0,0,0,0,3,106,16,18,18,terminal_customer_network_burst,0.18,0.021089191934000318,0.18
X000064405,2026-01-23 19:51:56,C000547,A0000547,M00144,T00521,West,West,151.42,USD,ecommerce,wallet_biometric,approved,APPROVE,70.45,2.1493257629524485,0,0,0,1,0,0,0,1,57,7,20,0,,0.0,0.010126629150115531,0.010126629150115531
X000168152,2026-01-23 19:52:12,C001390,A0001390,M00557,T00649,Midwest,Midwest,69.74,USD,ecommerce,wallet_biometric,approved,APPROVE,129.37,0.5390739738733864,0,0,0,1,0,0,0,4,98,13,7,18,terminal_customer_network_burst,0.18,0.01326259576001265,0.18
X000088085,2026-01-23 19:52:26,C000740,A0000740,M00163,T00147,Midwest,Midwest,45.35,USD,ecommerce,chip_pin,approved,APPROVE,16.08,2.8202736318407964,0,0,0,1,0,0,0,4,51,7,18,0,,0.0,0.015473919170316272,0.015473919170316272
X000123514,2026-01-23 19:52:44,C001023,A0001023,M00042,T00546,Northeast,Northeast,105.68,USD,mobile_wallet,3ds,approved,APPROVE,96.87,1.0909466295034582,0,0,0,0,0,1,0,7,114,9,39,43,customer_velocity;terminal_customer_network_burst,0.43,0.01125213456526383,0.43
X000172642,2026-01-23 19:53:21,C001424,A0001424,M00625,T00763,Northeast,Northeast,83.62,USD,card_present,chip_pin,approved,APPROVE,44.21,1.8914272788961775,0,0,0,0,0,0,0,0,47,7,9,0,,0.0,0.009255258709880811,0.009255258709880811
X000196384,2026-01-23 19:54:18,C001613,A0001613,M00676,T00979,Midwest,Midwest,340.29,USD,card_present,3ds,approved,APPROVE,489.11,0.6957330661814316,0,0,0,0,0,0,0,5,21,3,19,25,customer_velocity,0.25,0.004754909421892732,0.25
X000026540,2026-01-23 19:54:25,C000228,A0000228,M00378,T00467,South,South,40.88,USD,ecommerce,chip_pin,approved,APPROVE,34.69,1.1784375900835977,0,0,0,1,0,0,0,0,123,11,0,33,new_customer_terminal_pair;terminal_customer_network_burst,0.33,0.01362887625076994,0.33
X000108404,2026-01-23 19:54:43,C000908,A0000908,M00650,T01097,Midwest,Midwest,62.2,USD,card_present,3ds,approved,APPROVE,119.5,0.5205020920502093,0,0,0,0,0,0,0,1,96,11,10,18,terminal_customer_network_burst,0.18,0.008380566541449485,0.18
X000234685,2026-01-23 19:54:56,C001914,A0001914,M00511,T00446,Midwest,Midwest,325.37,USD,ecommerce,chip_pin,approved,APPROVE,344.59,0.9442235700397574,0,0,0,1,0,0,0,4,42,6,29,0,,0.0,0.006006546935082056,0.006006546935082056
X000225243,2026-01-23 19:55:03,C001836,A0001836,M00294,T00471,South,South,195.5,USD,card_present,chip_pin,approved,APPROVE,99.19,1.9709648150015122,0,0,0,0,0,0,0,4,96,14,27,18,terminal_customer_network_burst,0.18,0.015889809916682776,0.18
X000100919,2026-01-23 19:55:33,C000850,A0000850,M00706,T00409,Northeast,Northeast,107.04,USD,ecommerce,chip_pin,approved,APPROVE,158.88,0.6737160120845922,0,0,0,1,0,0,0,3,119,11,30,18,terminal_customer_network_burst,0.18,0.008240168212629382,0.18
X000045257,2026-01-23 19:55:52,C000380,A0000380,M00439,T00933,West,West,30.38,USD,card_present,magstripe,approved,APPROVE,36.05,0.8427184466019418,0,0,0,0,1,0,0,1,49,3,30,0,,0.0,0.00641003116556523,0.00641003116556523
X000099207,2026-01-23 19:56:09,C000832,A0000832,M00388,T00170,Midwest,Midwest,29.68,USD,card_present,chip_pin,approved,APPROVE,28.61,1.0373995106606082,0,0,0,0,0,0,0,0,62,10,9,18,terminal_customer_network_burst,0.18,0.008615016004783562,0.18
X000008568,2026-01-23 19:56:19,C000078,A0000078,M00036,T01181,Northeast,Northeast,88.12,USD,ecommerce,chip_pin,approved,APPROVE,106.16,0.8300678221552374,0,0,0,1,0,0,0,4,78,10,26,18,terminal_customer_network_burst,0.18,0.008545861384364247,0.18
X000110903,2026-01-23 19:56:42,C000925,A0000925,M00094,T01093,South,South,25.01,USD,mobile_wallet,wallet_biometric,approved,APPROVE,49.37,0.5065829451083654,0,0,0,0,0,1,0,0,119,9,22,18,terminal_customer_network_burst,0.18,0.008276158391658942,0.18
X000025016,2026-01-23 19:57:04,C000212,A0000212,M00326,T00288,Northeast,Northeast,102.02,USD,ecommerce,chip_pin,approved,APPROVE,68.13,1.4974313811830324,0,0,0,1,0,0,0,1,104,13,11,18,terminal_customer_network_burst,0.18,0.015256836650917403,0.18
X000047399,2026-01-23 19:57:11,C000399,A0000399,M00080,T00396,Midwest,Midwest,15.98,USD,card_present,wallet_biometric,approved,APPROVE,31.32,0.5102171136653896,0,0,0,0,0,0,0,1,22,5,10,0,,0.0,0.00480475570144773,0.00480475570144773
X000090844,2026-01-23 19:58:27,C000761,A0000761,M00342,T00903,Midwest,Midwest,136.5,USD,card_present,wallet_biometric,approved,APPROVE,202.51,0.6740407881092292,0,0,0,0,0,0,0,3,49,5,21,0,,0.0,0.0049730192512691855,0.0049730192512691855
X000084127,2026-01-23 19:58:53,C000704,A0000704,M00051,T00286,South,South,98.64,USD,ecommerce,magstripe,approved,APPROVE,59.04,1.670731707317073,0,0,0,1,1,0,0,2,163,13,13,18,terminal_customer_network_burst,0.18,0.032229057728032376,0.18
X000237067,2026-01-23 19:59:01,C001934,A0001934,M00790,T00112,Northeast,Northeast,109.42,USD,card_present,3ds,approved,APPROVE,164.43,0.6654503436112631,0,0,0,0,0,0,0,6,122,16,31,43,customer_velocity;terminal_customer_network_burst,0.43,0.012379073901221204,0.43
X000200226,2026-01-23 19:59:47,C001640,A0001640,M00179,T00767,Midwest,Midwest,51.24,USD,card_present,chip_pin,approved,APPROVE,67.1,0.7636363636363638,0,0,0,0,0,0,0,1,66,10,11,18,terminal_customer_network_burst,0.18,0.008006893537750621,0.18
X000201648,2026-01-23 19:59:55,C001650,A0001650,M00131,T00897,West,West,292.61,USD,card_present,3ds,approved,APPROVE,267.79,1.0926845662646103,0,0,0,0,0,0,0,8,107,10,51,43,customer_velocity;terminal_customer_network_burst,0.43,0.007422556985744912,0.43
X000237664,2026-01-23 20:00:04,C001938,A0001938,M00318,T00923,South,Midwest,148.74,USD,ecommerce,chip_pin,approved,APPROVE,111.49,1.3341106825724283,0,0,0,1,0,0,1,0,53,8,0,45,new_customer_terminal_pair;terminal_customer_network_burst;home_region_mismatch,0.45,0.08140312620956443,0.45
X000176750,2026-01-23 20:01:20,C001457,A0001457,M00435,T00513,Midwest,Midwest,34.14,USD,ecommerce,3ds,approved,APPROVE,23.47,1.4546229228802727,0,0,0,1,0,0,0,2,77,10,13,18,terminal_customer_network_burst,0.18,0.011839677131504966,0.18
X000209249,2026-01-23 20:01:53,C001708,A0001708,M00428,T00264,West,West,35.7,USD,card_present,3ds,approved,APPROVE,49.28,0.7244318181818182,0,0,0,0,0,0,0,1,109,12,4,18,terminal_customer_network_burst,0.18,0.010885798989557268,0.18
X000188748,2026-01-23 20:02:15,C001550,A0001550,M00679,T01139,Northeast,Northeast,76.63,USD,ecommerce,magstripe,approved,APPROVE,138.42,0.5536049703800029,0,0,0,1,1,0,0,0,105,12,11,18,terminal_customer_network_burst,0.18,0.017062927200317587,0.18
X000075901,2026-01-23 20:02:22,C000638,A0000638,M00730,T00009,West,West,46.51,USD,ecommerce,wallet_biometric,approved,APPROVE,27.22,1.7086700955180014,0,0,0,1,0,0,0,1,39,5,16,0,,0.0,0.007711681680731502,0.007711681680731502
X000010065,2026-01-23 20:02:29,C000091,A0000091,M00452,T00329,Northeast,Northeast,11.35,USD,ecommerce,3ds,approved,APPROVE,25.09,0.452371462734157,0,0,0,1,0,0,0,1,175,12,15,18,terminal_customer_network_burst,0.18,0.010146507739189313,0.18
X000019740,2026-01-23 20:02:50,C000171,A0000171,M00513,T00695,Midwest,Midwest,31.15,USD,card_present,chip_pin,approved,APPROVE,43.72,0.7124885635864593,0,0,0,0,0,0,0,2,96,5,12,0,,0.0,0.005928836299899213,0.005928836299899213
X000131489,2026-01-23 20:03:45,C001082,A0001082,M00772,T00124,Midwest,Midwest,51.18,USD,mobile_wallet,chip_pin,approved,APPROVE,20.75,2.4665060240963856,0,0,0,0,0,1,0,1,98,12,20,18,terminal_customer_network_burst,0.18,0.022134446855401682,0.18
X000227728,2026-01-23 20:03:50,C001856,A0001856,M00270,T00356,South,South,210.92,USD,ecommerce,chip_pin,approved,APPROVE,120.97,1.743572786641316,0,0,0,1,0,0,0,1,96,10,25,18,terminal_customer_network_burst,0.18,0.010660457840912947,0.18
X000063696,2026-01-23 20:04:08,C000541,A0000541,M00117,T00472,South,South,78.64,USD,card_present,3ds,approved,APPROVE,96.59,0.8141629568278289,0,0,0,0,0,0,0,3,65,10,36,18,terminal_customer_network_burst,0.18,0.00611006275208255,0.18
X000183252,2026-01-23 20:04:30,C001507,A0001507,M00795,T00503,Northeast,Northeast,73.7,USD,ecommerce,chip_pin,approved,APPROVE,50.49,1.4596949891067539,0,0,0,1,0,0,0,2,82,8,20,18,terminal_customer_network_burst,0.18,0.009263417929766487,0.18
X000220287,2026-01-23 20:04:31,C001798,A0001798,M00411,T00744,West,West,31.34,USD,card_present,chip_pin,approved,APPROVE,56.99,0.5499210387787331,0,0,0,0,0,0,0,5,56,9,29,43,customer_velocity;terminal_customer_network_burst,0.43,0.006302466399217342,0.43
X000004008,2026-01-23 20:04:37,C000035,A0000035,M00265,T00950,West,West,84.42,USD,ecommerce,chip_pin,approved,APPROVE,54.73,1.5424812716974239,0,0,0,1,0,0,0,3,61,8,14,18,terminal_customer_network_burst,0.18,0.01070125025402813,0.18
X000123218,2026-01-23 20:04:37,C001021,A0001021,M00075,T00297,West,West,79.72,USD,ecommerce,wallet_biometric,approved,APPROVE,27.09,2.9427833148763383,0,0,0,1,0,0,0,1,45,4,15,0,,0.0,0.011557708806559895,0.011557708806559895
X000077884,2026-01-23 20:04:39,C000655,A0000655,M00003,T00787,South,South,65.08,USD,card_present,3ds,approved,APPROVE,194.48,0.33463595228301113,0,0,0,0,0,0,0,2,139,13,24,18,terminal_customer_network_burst,0.18,0.008188912083618176,0.18
X000078309,2026-01-23 20:04:43,C000659,A0000659,M00087,T00594,South,South,22.99,USD,card_present,chip_pin,approved,APPROVE,31.77,0.723638652817123,0,0,0,0,0,0,0,2,74,8,27,18,terminal_customer_network_burst,0.18,0.0056592423243999115,0.18
X000028965,2026-01-23 20:04:45,C000249,A0000249,M00020,T00254,South,South,27.05,USD,card_present,chip_pin,approved,APPROVE,41.23,0.6560756730536018,0,0,0,0,0,0,0,2,161,16,16,18,terminal_customer_network_burst,0.18,0.013432217646117125,0.18
X000077296,2026-01-23 20:05:01,C000650,A0000650,M00790,T01171,Northeast,Northeast,90.88,USD,card_present,3ds,approved,APPROVE,38.26,2.3753267119707266,0,0,0,0,0,0,0,0,67,12,5,18,terminal_customer_network_burst,0.18,0.017423967965098305,0.18
X000239923,2026-01-23 20:05:28,C001956,A0001956,M00750,T01142,South,South,23.64,USD,card_present,chip_pin,approved,APPROVE,44.53,0.5308780597350101,0,0,0,0,0,0,0,0,161,13,9,18,terminal_customer_network_burst,0.18,0.010368648946057648,0.18
X000168565,2026-01-23 20:05:39,C001394,A0001394,M00082,T00557,Northeast,Northeast,35.46,USD,ecommerce,wallet_biometric,approved,APPROVE,52.48,0.6756859756097562,0,0,0,1,0,0,0,2,101,10,8,18,terminal_customer_network_burst,0.18,0.009988082599435328,0.18
X000162143,2026-01-23 20:05:48,C001339,A0001339,M00661,T00141,Northeast,Northeast,291.28,USD,ecommerce,3ds,approved,APPROVE,127.04,2.292821158690176,0,0,0,1,0,0,0,2,87,10,11,18,terminal_customer_network_burst,0.18,0.016841517999122525,0.18
X000130677,2026-01-23 20:05:58,C001075,A0001075,M00795,T00576,Northeast,Northeast,119.37,USD,card_present,wallet_biometric,approved,APPROVE,45.23,2.639177537032943,0,0,0,0,0,0,0,1,71,11,10,18,terminal_customer_network_burst,0.18,0.017497323416834885,0.18
X000051476,2026-01-23 20:06:11,C000435,A0000435,M00123,T00812,Midwest,Midwest,75.16,USD,ecommerce,chip_pin,approved,APPROVE,56.36,1.3335699077359828,0,0,0,1,0,0,0,1,199,15,12,18,terminal_customer_network_burst,0.18,0.018909839239199797,0.18
X000221682,2026-01-23 20:06:38,C001806,A0001806,M00798,T00402,Northeast,Northeast,167.71,USD,ecommerce,3ds,approved,APPROVE,336.93,0.49775917846436946,0,0,0,1,0,0,0,4,136,11,30,18,terminal_customer_network_burst,0.18,0.008357386720249932,0.18
X000132833,2026-01-23 20:06:54,C001095,A0001095,M00641,T00525,West,West,40.33,USD,ecommerce,chip_pin,approved,APPROVE,31.09,1.2972016725635251,0,0,0,1,0,0,0,1,43,8,4,18,terminal_customer_network_burst,0.18,0.010019213819701821,0.18
X000083474,2026-01-23 20:07:10,C000697,A0000697,M00494,T01020,West,West,9.56,USD,card_present,wallet_biometric,approved,APPROVE,18.65,0.5126005361930296,0,0,0,0,0,0,0,3,68,11,10,18,terminal_customer_network_burst,0.18,0.008888278009585835,0.18
X000059023,2026-01-23 20:07:34,C000501,A0000501,M00282,T01131,South,South,42.32,USD,card_present,magstripe,approved,APPROVE,42.14,1.0042714760322733,0,0,0,0,1,0,0,2,221,19,6,18,terminal_customer_network_burst,0.18,0.042787334688612996,0.18
X000216774,2026-01-23 20:07:41,C001772,A0001772,M00265,T00865,West,West,53.32,USD,ecommerce,wallet_biometric,approved,APPROVE,93.69,0.5691108976411571,0,0,0,1,0,0,0,4,99,6,25,0,,0.0,0.006085286607299645,0.006085286607299645
X000221283,2026-01-23 20:07:50,C001804,A0001804,M00645,T00155,South,South,268.94,USD,ecommerce,chip_pin,approved,APPROVE,206.37,1.3031932935988757,0,0,0,1,0,0,0,3,149,10,41,18,terminal_customer_network_burst,0.18,0.008508449570805359,0.18
X000210746,2026-01-23 20:07:52,C001718,A0001718,M00051,T01084,South,South,30.89,USD,card_present,3ds,approved,APPROVE,35.21,0.8773075830729906,0,0,0,0,0,0,0,1,130,13,9,18,terminal_customer_network_burst,0.18,0.01182505930162179,0.18
X000181726,2026-01-23 20:08:21,C001495,A0001495,M00387,T00289,Northeast,Northeast,36.55,USD,card_present,3ds,approved,APPROVE,43.33,0.8435264251096238,0,0,0,0,0,0,0,3,51,9,9,18,terminal_customer_network_burst,0.18,0.00858414343227947,0.18
X000207185,2026-01-23 20:08:24,C001690,A0001690,M00453,T00940,South,South,43.69,USD,card_present,magstripe,approved,APPROVE,40.07,1.090341901672074,0,0,0,0,1,0,0,3,206,17,13,18,terminal_customer_network_burst,0.18,0.03543427974086688,0.18
X000063305,2026-01-23 20:08:34,C000537,A0000537,M00767,T00313,South,South,44.65,USD,mobile_wallet,wallet_biometric,approved,APPROVE,39.48,1.130952380952381,0,0,0,0,0,1,0,1,142,16,12,18,terminal_customer_network_burst,0.18,0.022016313066542694,0.18
X000116077,2026-01-23 20:09:54,C000964,A0000964,M00700,T00679,Northeast,Northeast,85.9,USD,ecommerce,wallet_biometric,approved,APPROVE,86.5,0.993063583815029,0,0,0,1,0,0,0,1,117,11,19,18,terminal_customer_network_burst,0.18,0.009880322907928793,0.18
X000072343,2026-01-23 20:10:02,C000611,A0000611,M00094,T01093,South,South,27.31,USD,mobile_wallet,chip_pin,approved,APPROVE,23.9,1.1426778242677824,0,0,0,0,0,1,0,0,120,9,9,18,terminal_customer_network_burst,0.18,0.012824276884555355,0.18
X000063926,2026-01-23 20:10:22,C000542,A0000542,M00008,T01199,West,West,406.92,USD,ecommerce,3ds,approved,APPROVE,213.02,1.9102431696554314,0,0,0,1,0,0,0,3,35,5,20,0,,0.0,0.008609080153620448,0.008609080153620448
X000136274,2026-01-23 20:10:23,C001121,A0001121,M00367,T00335,South,South,47.78,USD,ecommerce,chip_pin,approved,APPROVE,103.73,0.4606189144895401,0,0,0,1,0,0,0,2,113,11,25,18,terminal_customer_network_burst,0.18,0.00774795366167864,0.18
X000142335,2026-01-23 20:11:01,C001173,A0001173,M00244,T00277,South,South,69.72,USD,card_present,chip_pin,approved,APPROVE,41.81,1.6675436498445346,0,0,0,0,0,0,0,0,152,11,6,18,terminal_customer_network_burst,0.18,0.014045168759468048,0.18
X000075238,2026-01-23 20:11:38,C000632,A0000632,M00169,T01098,Midwest,Midwest,191.29,USD,mobile_wallet,chip_pin,approved,APPROVE,125.48,1.524466050366592,0,0,0,0,0,1,0,1,47,8,15,18,terminal_customer_network_burst,0.18,0.011759864202093372,0.18
X000049169,2026-01-23 20:11:42,C000412,A0000412,M00657,T00743,South,South,118.21,USD,card_present,3ds,approved,APPROVE,53.08,2.2270158251695555,0,0,0,0,0,0,0,1,74,11,0,33,new_customer_terminal_pair;terminal_customer_network_burst,0.33,0.0176735607808737,0.33
X000195867,2026-01-23 20:12:08,C001609,A0001609,M00154,T01001,South,South,19.21,USD,ecommerce,chip_pin,approved,APPROVE,20.02,0.9595404595404596,0,0,0,1,0,0,0,2,163,11,15,18,terminal_customer_network_burst,0.18,0.011751737170340445,0.18
X000234873,2026-01-23 20:12:09,C001915,A0001915,M00564,T01141,Northeast,Northeast,52.2,USD,card_present,wallet_biometric,approved,APPROVE,57.8,0.9031141868512111,0,0,0,0,0,0,0,1,133,15,5,18,terminal_customer_network_burst,0.18,0.014756565496336513,0.18
X000008120,2026-01-23 20:12:15,C000074,A0000074,M00453,T00940,South,South,72.97,USD,card_present,3ds,approved,APPROVE,44.26,1.648666967916855,0,0,0,0,0,0,0,1,207,17,15,18,terminal_customer_network_burst,0.18,0.02143281250982771,0.18
X000188393,2026-01-23 20:13:01,C001548,A0001548,M00706,T00409,Northeast,Northeast,38.02,USD,ecommerce,wallet_biometric,approved,APPROVE,35.54,1.0697805289814295,0,0,0,1,0,0,0,1,120,11,8,18,terminal_customer_network_burst,0.18,0.01212486043723818,0.18
X000140963,2026-01-23 20:13:03,C001161,A0001161,M00644,T00681,West,West,49.18,USD,card_present,chip_pin,approved,APPROVE,68.85,0.7143064633260712,0,0,0,0,0,0,0,1,42,5,18,0,,0.0,0.004710978211612001,0.004710978211612001
X000016693,2026-01-23 20:13:36,C000142,A0000142,M00345,T00208,South,South,39.07,USD,ecommerce,chip_pin,approved,APPROVE,36.61,1.0671947555312757,0,0,0,1,0,0,0,2,126,16,11,18,terminal_customer_network_burst,0.18,0.017653775243214237,0.18
X000129828,2026-01-23 20:13:38,C001067,A0001067,M00696,T00129,Midwest,Midwest,212.49,USD,card_present,wallet_biometric,approved,APPROVE,153.89,1.3807914744297878,0,0,0,0,0,0,0,7,91,9,33,43,customer_velocity;terminal_customer_network_burst,0.43,0.00941628816321668,0.43
X000126567,2026-01-23 20:13:59,C001042,A0001042,M00601,T00458,South,South,32.14,USD,card_present,3ds,approved,APPROVE,16.47,1.9514268366727385,0,0,0,0,0,0,0,3,64,8,26,18,terminal_customer_network_burst,0.18,0.009367198612207889,0.18
X000166571,2026-01-23 20:14:31,C001375,A0001375,M00459,T00204,Northeast,Northeast,7.56,USD,ecommerce,3ds,approved,APPROVE,19.59,0.38591117917304746,0,0,0,1,0,0,0,2,182,11,22,18,terminal_customer_network_burst,0.18,0.008789442142197047,0.18
X000052433,2026-01-23 20:14:36,C000442,A0000442,M00321,T01046,Midwest,Midwest,236.72,USD,card_present,chip_pin,approved,APPROVE,204.56,1.1572154868987095,0,0,0,0,0,0,0,6,93,11,34,43,customer_velocity;terminal_customer_network_burst,0.43,0.009403206608362183,0.43
X000133319,2026-01-23 20:14:48,C001099,A0001099,M00547,T00162,Northeast,Northeast,144.03,USD,card_present,chip_pin,approved,APPROVE,103.35,1.393613933236575,0,0,0,0,0,0,0,3,61,7,11,0,,0.0,0.00893663727784081,0.00893663727784081
X000040891,2026-01-23 20:15:51,C000347,A0000347,M00093,T01018,Northeast,Northeast,177.59,USD,card_present,3ds,approved,APPROVE,153.65,1.1558086560364464,0,0,0,0,0,0,0,2,95,10,26,18,terminal_customer_network_burst,0.18,0.00805526943161598,0.18
X000083475,2026-01-23 20:16:36,C000697,A0000697,M00061,T00492,West,West,11.72,USD,card_present,chip_pin,approved,APPROVE,18.65,0.6284182305630027,0,0,0,0,0,0,0,4,43,8,16,18,terminal_customer_network_burst,0.18,0.006877911774706116,0.18
X000056235,2026-01-23 20:17:07,C000475,A0000475,M00679,T00947,Northeast,Northeast,129.15,USD,mobile_wallet,chip_pin,approved,APPROVE,177.62,0.7271140637315617,0,0,0,0,0,1,0,1,70,7,31,0,,0.0,0.006580466870490491,0.006580466870490491
X000112239,2026-01-23 20:17:22,C000938,A0000938,M00276,T01082,Northeast,Northeast,75.61,USD,mobile_wallet,chip_pin,approved,APPROVE,60.75,1.2446090534979424,0,0,0,0,0,1,0,0,127,14,9,18,terminal_customer_network_burst,0.18,0.01931357213666831,0.18
X000155717,2026-01-23 20:18:02,C001282,A0001282,M00552,T00602,Northeast,Northeast,70.6,USD,ecommerce,3ds,approved,APPROVE,101.36,0.6965272296764009,0,0,0,1,0,0,0,5,123,8,13,43,customer_velocity;terminal_customer_network_burst,0.43,0.009740841928898491,0.43
X000109616,2026-01-23 20:18:31,C000916,A0000916,M00513,T00695,Midwest,Midwest,252.35,USD,mobile_wallet,chip_pin,approved,APPROVE,125.73,2.0070786606219677,0,0,0,0,0,1,0,3,97,5,38,0,,0.0,0.00944272832233135,0.00944272832233135
X000154599,2026-01-23 20:18:57,C001274,A0001274,M00012,T01105,West,West,16.41,USD,ecommerce,chip_pin,approved,APPROVE,15.69,1.0458891013384322,0,0,0,1,0,0,0,0,102,10,0,33,new_customer_terminal_pair;terminal_customer_network_burst,0.33,0.011692098487335724,0.33
X000017514,2026-01-23 20:19:00,C000150,A0000150,M00518,T00379,South,South,600.12,USD,mobile_wallet,chip_pin,approved,APPROVE,224.61,2.671831174034994,0,0,0,0,0,1,0,3,112,12,17,18,terminal_customer_network_burst,0.18,0.028272849093171182,0.18
X000198624,2026-01-23 20:19:12,C001627,A0001627,M00608,T00027,South,South,238.14,USD,ecommerce,magstripe,approved,APPROVE,272.19,0.874903560013226,0,0,0,1,1,0,0,4,169,17,37,18,terminal_customer_network_burst,0.18,0.0249151563929405,0.18
X000167210,2026-01-23 20:19:25,C001381,A0001381,M00271,T01087,Northeast,Northeast,304.28,USD,card_present,3ds,approved,APPROVE,184.34,1.6506455462731906,0,0,0,0,0,0,0,5,120,14,30,43,customer_velocity;terminal_customer_network_burst,0.43,0.014747973101172785,0.43
X000138493,2026-01-23 20:19:32,C001140,A0001140,M00205,T00154,South,South,38.6,USD,mobile_wallet,3ds,approved,APPROVE,44.53,0.8668313496519201,0,0,0,0,0,1,0,1,67,8,5,18,terminal_customer_network_burst,0.18,0.011146286437140386,0.18
X000224513,2026-01-23 20:20:17,C001832,A0001832,M00403,T00159,South,Northeast,77.71,USD,ecommerce,3ds,approved,APPROVE,173.44,0.4480511992619926,0,0,0,1,0,0,1,9,65,9,0,70,customer_velocity;new_customer_terminal_pair;terminal_customer_network_burst;home_region_mismatch,0.7,0.1012871906970548,0.7
X000213645,2026-01-23 20:20:29,C001744,A0001744,M00706,T00053,Northeast,Northeast,93.06,USD,card_present,chip_pin,approved,APPROVE,59.27,1.5701029188459592,0,0,0,0,0,0,0,1,104,11,25,18,terminal_customer_network_burst,0.18,0.009857738263601047,0.18
X000003542,2026-01-23 20:20:43,C000031,A0000031,M00240,T00605,Midwest,Midwest,97.17,USD,ecommerce,wallet_biometric,approved,APPROVE,124.2,0.7823671497584541,0,0,0,1,0,0,0,3,117,11,25,18,terminal_customer_network_burst,0.18,0.00924576087662289,0.18
X000099208,2026-01-23 20:20:51,C000832,A0000832,M00639,T00245,Midwest,Midwest,80.02,USD,card_present,3ds,approved,APPROVE,28.61,2.7969241523942676,0,0,0,0,0,0,0,1,57,9,5,18,terminal_customer_network_burst,0.18,0.016966968751564122,0.18
X000218725,2026-01-23 20:20:53,C001787,A0001787,M00436,T01032,Midwest,Midwest,58.88,USD,ecommerce,chip_pin,approved,APPROVE,53.45,1.1015902712815715,0,0,0,1,0,0,0,1,53,7,7,0,,0.0,0.008401192814461706,0.008401192814461706
X000170490,2026-01-23 20:21:03,C001405,A0001405,M00604,T01180,Northeast,Northeast,49.59,USD,mobile_wallet,chip_pin,approved,APPROVE,111.64,0.4441956288068793,0,0,0,0,0,1,0,2,102,12,16,18,terminal_customer_network_burst,0.18,0.011956398460353289,0.18
X000190110,2026-01-23 20:21:20,C001562,A0001562,M00567,T01019,Northeast,Northeast,63.97,USD,card_present,chip_pin,approved,APPROVE,160.81,0.39779864436291273,0,0,0,0,0,0,0,5,136,12,37,43,customer_velocity;terminal_customer_network_burst,0.43,0.007403968021750661,0.43
X000030183,2026-01-23 20:21:28,C000259,A0000259,M00608,T00027,South,South,25.01,USD,card_present,magstripe,approved,APPROVE,66.02,0.37882459860648293,0,0,0,0,1,0,0,1,170,17,15,18,terminal_customer_network_burst,0.18,0.02273451994461733,0.18
X000146436,2026-01-23 20:21:29,C001208,A0001208,M00288,T01177,Northeast,Northeast,108.14,USD,card_present,wallet_biometric,approved,APPROVE,52.39,2.0641343767894638,0,0,0,0,0,0,0,2,136,13,14,18,terminal_customer_network_burst,0.18,0.017931531637781876,0.18
X000041913,2026-01-23 20:22:10,C000355,A0000355,M00001,T00955,South,South,14.76,USD,card_present,wallet_biometric,approved,APPROVE,34.49,0.4279501304726007,0,0,0,0,0,0,0,1,147,13,18,18,terminal_customer_network_burst,0.18,0.008943779100109989,0.18
X000064159,2026-01-23 20:22:12,C000544,A0000544,M00476,T00184,Midwest,Midwest,134.81,USD,ecommerce,chip_pin,approved,APPROVE,82.81,1.6279434850863421,0,0,0,1,0,0,0,1,83,8,15,18,terminal_customer_network_burst,0.18,0.010126675363745556,0.18
X000063383,2026-01-23 20:22:26,C000538,A0000538,M00301,T01109,South,South,98.42,USD,ecommerce,chip_pin,approved,APPROVE,46.77,2.1043403891383363,0,0,0,1,0,0,0,0,77,11,10,18,terminal_customer_network_burst,0.18,0.015235154906843159,0.18
X000091433,2026-01-23 20:22:58,C000767,A0000767,M00067,T00948,South,South,93.12,USD,card_present,magstripe,approved,APPROVE,94.13,0.9892701582917243,0,0,0,0,1,0,0,2,151,15,16,18,terminal_customer_network_burst,0.18,0.024738575083829515,0.18
X000174449,2026-01-23 20:23:35,C001437,A0001437,M00130,T00939,South,South,67.7,USD,card_present,chip_pin,approved,APPROVE,41.33,1.6380353254294702,0,0,0,0,0,0,0,2,137,13,6,18,terminal_customer_network_burst,0.18,0.01741607692444266,0.18
X000207050,2026-01-23 20:23:48,C001689,A0001689,M00788,T00404,South,South,110.94,USD,mobile_wallet,3ds,approved,APPROVE,82.33,1.34750394752824,0,0,0,0,0,1,0,3,92,8,22,18,terminal_customer_network_burst,0.18,0.011756351172590185,0.18
X000121363,2026-01-23 20:24:14,C001008,A0001008,M00039,T01145,Midwest,Midwest,209.55,USD,ecommerce,wallet_biometric,approved,APPROVE,287.67,0.7284388361664407,0,0,0,1,0,0,0,3,84,10,27,18,terminal_customer_network_burst,0.18,0.00776190217441074,0.18
X000092330,2026-01-23 20:24:19,C000773,A0000773,M00376,T00181,South,South,32.18,USD,card_present,wallet_biometric,approved,APPROVE,45.11,0.7133673243183329,0,0,0,0,0,0,0,2,201,13,31,18,terminal_customer_network_burst,0.18,0.009278567520724274,0.18
X000049855,2026-01-23 20:25:00,C000417,A0000417,M00343,T00030,West,West,23.32,USD,card_present,chip_pin,approved,APPROVE,41.49,0.562063147746445,0,0,0,0,0,0,0,1,53,9,13,18,terminal_customer_network_burst,0.18,0.006565283582248164,0.18
X000149183,2026-01-23 20:25:54,C001228,A0001228,M00365,T01114,South,South,63.49,USD,mobile_wallet,wallet_biometric,approved,APPROVE,55.14,1.1514327167210736,0,0,0,0,0,1,0,6,76,8,25,43,customer_velocity;terminal_customer_network_burst,0.43,0.011918223464468199,0.43
X000131238,2026-01-23 20:26:27,C001080,A0001080,M00737,T00804,Midwest,Midwest,64.86,USD,card_present,chip_pin,approved,APPROVE,51.38,1.262358894511483,0,0,0,0,0,0,0,0,117,13,16,18,terminal_customer_network_burst,0.18,0.01135219262832985,0.18
X000166821,2026-01-23 20:26:31,C001377,A0001377,M00108,T00481,Midwest,Midwest,18.39,USD,card_present,chip_pin,approved,APPROVE,53.56,0.3433532486930545,0,0,0,0,0,0,0,4,150,11,20,18,terminal_customer_network_burst,0.18,0.008540994088882594,0.18
X000195718,2026-01-23 20:27:09,C001607,A0001607,M00095,T00821,Northeast,Northeast,51.8,USD,ecommerce,magstripe,approved,APPROVE,27.54,1.8809005083514887,0,0,0,1,1,0,0,0,48,8,6,18,terminal_customer_network_burst,0.18,0.020513988038627463,0.18
X000164395,2026-01-23 20:27:14,C001355,A0001355,M00790,T00112,Northeast,Northeast,95.22,USD,ecommerce,chip_pin,approved,APPROVE,213.19,0.4466438388292134,0,0,0,1,0,0,0,3,123,16,25,18,terminal_customer_network_burst,0.18,0.011869963307707334,0.18
X000153475,2026-01-23 20:27:19,C001262,A0001262,M00657,T00743,South,South,23.13,USD,card_present,chip_pin,approved,APPROVE,22.27,1.03861697350696,0,0,0,0,0,0,0,4,75,12,10,18,terminal_customer_network_burst,0.18,0.012345084646232893,0.18
X000236919,2026-01-23 20:27:57,C001933,A0001933,M00745,T00344,Northeast,Northeast,79.85,USD,ecommerce,3ds,approved,APPROVE,36.56,2.184080962800875,0,0,0,1,0,0,0,1,48,7,8,0,,0.0,0.01220262215458448,0.01220262215458448
X000091434,2026-01-23 20:28:35,C000767,A0000767,M00007,T00210,South,South,49.77,USD,ecommerce,chip_pin,approved,APPROVE,94.13,0.528736853288006,0,0,0,1,0,0,0,3,122,9,14,18,terminal_customer_network_burst,0.18,0.00871923157905383,0.18
X000085513,2026-01-23 20:28:54,C000715,A0000715,M00212,T00443,Midwest,Midwest,13.78,USD,card_present,wallet_biometric,approved,APPROVE,20.07,0.6865969108121575,0,0,0,0,0,0,0,0,91,9,11,18,terminal_customer_network_burst,0.18,0.007136117029625233,0.18
X000241131,2026-01-23 20:29:25,C001968,A0001968,M00669,T00703,South,South,82.86,USD,mobile_wallet,chip_pin,approved,APPROVE,96.5,0.8586528497409326,0,0,0,0,0,1,0,4,124,8,22,18,terminal_customer_network_burst,0.18,0.010881274650801957,0.18
X000171869,2026-01-23 20:29:38,C001418,A0001418,M00150,T00526,South,South,25.55,USD,mobile_wallet,chip_pin,approved,APPROVE,33.02,0.7737734706238643,0,0,0,0,0,1,0,2,72,10,10,18,terminal_customer_network_burst,0.18,0.012233540005054437,0.18
X000220666,2026-01-23 20:29:44,C001800,A0001800,M00172,T00722,Northeast,Northeast,335.94,USD,mobile_wallet,chip_pin,approved,APPROVE,186.73,1.7990681732983453,0,0,0,0,0,1,0,6,189,12,54,43,customer_velocity;terminal_customer_network_burst,0.43,0.01526770991216197,0.43
X000208545,2026-01-23 20:30:31,C001702,A0001702,M00413,T00299,West,West,407.73,USD,ecommerce,3ds,approved,APPROVE,260.4,1.565783410138249,0,0,0,1,0,0,0,11,58,6,45,45,customer_velocity;high_customer_velocity,0.45,0.008693647979337882,0.45
X000195539,2026-01-23 20:31:07,C001606,A0001606,M00125,T00414,West,West,68.92,USD,card_present,3ds,approved,APPROVE,119.37,0.5773644969422803,0,0,0,0,0,0,0,7,68,8,21,43,customer_velocity;terminal_customer_network_burst,0.43,0.007593626867678436,0.43
X000236046,2026-01-23 20:31:23,C001925,A0001925,M00563,T00173,Midwest,Midwest,41.03,USD,card_present,chip_pin,approved,APPROVE,57.51,0.7134411406711877,0,0,0,0,0,0,0,2,40,6,7,0,,0.0,0.006329077854251497,0.006329077854251497
X000161754,2026-01-23 20:31:39,C001334,A0001334,M00775,T00581,West,West,86.38,USD,mobile_wallet,chip_pin,approved,APPROVE,61.91,1.3952511710547568,0,0,0,0,0,1,0,1,28,5,15,0,,0.0,0.008757056874286257,0.008757056874286257
X000156670,2026-01-23 20:32:11,C001289,A0001289,M00588,T01164,West,West,255.29,USD,card_present,wallet_biometric,approved,APPROVE,454.02,0.5622880049337033,0,0,0,0,0,0,0,4,66,7,34,0,,0.0,0.0048723562303604724,0.0048723562303604724
X000211783,2026-01-23 20:32:28,C001727,A0001727,M00607,T00470,South,South,135.0,USD,card_present,wallet_biometric,approved,APPROVE,189.29,0.7131913994400128,0,0,0,0,0,0,0,4,168,15,28,18,terminal_customer_network_burst,0.18,0.011868670784398431,0.18
X000103240,2026-01-23 20:32:57,C000868,A0000868,M00341,T01190,Midwest,Midwest,50.94,USD,card_present,chip_pin,approved,APPROVE,44.62,1.1416405199462125,0,0,0,0,0,0,0,0,58,6,10,0,,0.0,0.006541709144554015,0.006541709144554015
X000123219,2026-01-23 20:33:10,C001021,A0001021,M00530,T00217,West,West,8.92,USD,ecommerce,chip_pin,approved,APPROVE,27.09,0.3292727943890735,0,0,0,1,0,0,0,2,18,10,9,18,terminal_customer_network_burst,0.18,0.0076182950475464336,0.18
X000190345,2026-01-23 20:33:14,C001563,A0001563,M00154,T00515,South,South,167.55,USD,card_present,chip_pin,approved,APPROVE,256.53,0.653139983627646,0,0,0,0,0,0,0,4,47,7,24,0,,0.0,0.005725226913452422,0.005725226913452422
X000131826,2026-01-23 20:33:49,C001085,A0001085,M00573,T00212,Northeast,Northeast,44.01,USD,card_present,chip_pin,approved,APPROVE,30.1,1.462126245847176,0,0,0,0,0,0,0,0,79,12,11,18,terminal_customer_network_burst,0.18,0.011583076166702164,0.18
X000147273,2026-01-23 20:34:04,C001215,A0001215,M00517,T00541,Midwest,Midwest,49.29,USD,card_present,wallet_biometric,approved,APPROVE,54.14,0.9104174362763207,0,0,0,0,0,0,0,0,103,14,3,18,terminal_customer_network_burst,0.18,0.012869072890104348,0.18
X000051577,2026-01-23 20:34:30,C000436,A0000436,M00735,T00059,Midwest,Midwest,69.3,USD,mobile_wallet,chip_pin,approved,APPROVE,54.38,1.274365575579257,0,0,0,0,0,1,0,6,94,7,18,25,customer_velocity,0.25,0.013294932535473605,0.25
X000123515,2026-01-23 20:34:48,C001023,A0001023,M00171,T00523,Northeast,Northeast,75.11,USD,ecommerce,magstripe,approved,APPROVE,96.87,0.7753690513058739,0,0,0,1,1,0,0,8,113,13,46,43,customer_velocity;terminal_customer_network_burst,0.43,0.017712290273845306,0.43
X000225244,2026-01-23 20:35:29,C001836,A0001836,M00788,T00018,South,South,26.83,USD,ecommerce,chip_pin,approved,APPROVE,99.19,0.27049097691299523,0,0,0,1,0,0,0,5,141,16,24,43,customer_velocity;terminal_customer_network_burst,0.43,0.012902501079443915,0.43
X000072802,2026-01-23 20:35:33,C000615,A0000615,M00222,T00844,South,South,18.58,USD,ecommerce,chip_pin,approved,APPROVE,24.79,0.7494957644211375,0,0,0,1,0,0,0,2,109,12,13,18,terminal_customer_network_burst,0.18,0.011111206886220089,0.18
X000210747,2026-01-23 20:35:53,C001718,A0001718,M00446,T00838,South,South,37.4,USD,ecommerce,magstripe,approved,APPROVE,35.21,1.062198239136609,0,0,0,1,1,0,0,2,99,11,9,18,terminal_customer_network_burst,0.18,0.021652634387524808,0.18
X000005085,2026-01-23 20:35:57,C000047,A0000047,M00251,T00104,West,West,10.39,USD,ecommerce,3ds,approved,APPROVE,40.14,0.25884404583956155,0,0,0,1,0,0,0,0,55,5,12,0,,0.0,0.0046847840814947615,0.0046847840814947615
X000135630,2026-01-23 20:36:48,C001114,A0001114,M00055,T01054,South,South,91.23,USD,card_present,chip_pin,approved,APPROVE,63.2,1.4435126582278481,0,0,0,0,0,0,0,2,62,8,8,18,terminal_customer_network_burst,0.18,0.009750956008151781,0.18
X000100030,2026-01-23 20:37:05,C000842,A0000842,M00784,T00756,South,South,78.83,USD,ecommerce,chip_pin,approved,APPROVE,48.03,1.6412658754944824,0,0,0,1,0,0,0,1,169,15,6,18,terminal_customer_network_burst,0.18,0.022163135526942258,0.18
X000081952,2026-01-23 20:38:06,C000686,A0000686,M00745,T00344,Northeast,Northeast,17.75,USD,mobile_wallet,3ds,approved,APPROVE,23.16,0.7664075993091537,0,0,0,0,0,1,0,3,49,7,10,0,,0.0,0.009978105802239734,0.009978105802239734
X000130902,2026-01-23 20:38:48,C001077,A0001077,M00021,T00406,South,South,67.62,USD,ecommerce,magstripe,soft_decline,CHALLENGE,41.55,1.6274368231046934,0,0,1,1,1,0,0,1,95,12,21,26,terminal_customer_network_burst;authentication_soft_decline,0.26,0.0898076640840462,0.26
X000219410,2026-01-23 20:38:48,C001792,A0001792,M00093,T01018,Northeast,Northeast,64.79,USD,card_present,magstripe,approved,APPROVE,54.3,1.1931860036832413,0,0,0,0,1,0,0,1,96,10,16,18,terminal_customer_network_burst,0.18,0.016225432538966897,0.18
X000067362,2026-01-23 20:40:25,C000571,A0000571,M00094,T00737,South,South,51.43,USD,ecommerce,chip_pin,approved,APPROVE,119.82,0.4292271740944751,0,0,0,1,0,0,0,7,247,17,35,43,customer_velocity;terminal_customer_network_burst,0.43,0.016171636733468827,0.43
X000151883,2026-01-23 20:40:28,C001248,A0001248,M00414,T00189,Midwest,Midwest,64.85,USD,card_present,3ds,approved,APPROVE,51.53,1.258490199883563,0,0,0,0,0,0,0,0,181,17,11,18,terminal_customer_network_burst,0.18,0.01806152242852625,0.18
X000105106,2026-01-23 20:40:34,C000884,A0000884,M00738,T00899,South,South,44.92,USD,card_present,chip_pin,approved,APPROVE,29.77,1.5089015787705744,0,0,0,0,0,0,0,1,182,14,14,18,terminal_customer_network_burst,0.18,0.016040517769012278,0.18
X000177943,2026-01-23 20:41:13,C001464,A0001464,M00160,T00039,South,South,21.82,USD,ecommerce,chip_pin,approved,APPROVE,35.35,0.6172560113154172,0,0,0,1,0,0,0,2,121,11,11,18,terminal_customer_network_burst,0.18,0.010345868774758474,0.18
X000005851,2026-01-23 20:41:19,C000054,A0000054,M00544,T00846,South,South,48.67,USD,card_present,chip_pin,approved,APPROVE,33.85,1.4378138847858197,0,0,0,0,0,0,0,1,139,14,16,18,terminal_customer_network_burst,0.18,0.014184342036065872,0.18
X000074503,2026-01-23 20:41:53,C000629,A0000629,M00391,T01061,Northeast,Northeast,114.17,USD,card_present,chip_pin,approved,APPROVE,118.88,0.9603802153432033,0,0,0,0,0,0,0,4,97,12,42,18,terminal_customer_network_burst,0.18,0.007519360815408446,0.18
X000033450,2026-01-23 20:42:29,C000284,A0000284,M00676,T00051,Midwest,Midwest,41.74,USD,card_present,chip_pin,approved,APPROVE,48.91,0.8534042118176243,0,0,0,0,0,0,0,2,171,14,18,18,terminal_customer_network_burst,0.18,0.01229052258257839,0.18
X000234686,2026-01-23 20:42:35,C001914,A0001914,M00668,T00869,Midwest,Midwest,271.86,USD,card_present,chip_pin,soft_decline,CHALLENGE,344.59,0.7889375779912361,0,0,1,0,0,0,0,5,112,8,31,51,customer_velocity;terminal_customer_network_burst;authentication_soft_decline,0.51,0.028496509722405167,0.51
X000125407,2026-01-23 20:42:51,C001033,A0001033,M00365,T00324,South,South,12.15,USD,ecommerce,chip_pin,approved,APPROVE,19.63,0.6189505858380031,0,0,0,1,0,0,0,0,151,18,20,18,terminal_customer_network_burst,0.18,0.014102972322609614,0.18
X000206495,2026-01-23 20:43:34,C001686,A0001686,M00116,T00469,West,West,34.96,USD,mobile_wallet,magstripe,approved,APPROVE,109.29,0.3198828804099186,0,0,0,0,1,1,0,0,46,7,13,0,,0.0,0.012302974137518278,0.012302974137518278
X000096132,2026-01-23 20:43:42,C000803,A0000803,M00400,T00360,West,West,30.56,USD,card_present,chip_pin,approved,APPROVE,49.82,0.6134082697711762,0,0,0,0,0,0,0,1,54,8,9,18,terminal_customer_network_burst,0.18,0.006632920020495104,0.18
X000130066,2026-01-23 20:43:45,C001068,A0001068,M00044,T01081,Northeast,Northeast,23.74,USD,ecommerce,chip_pin,approved,APPROVE,35.88,0.6616499442586398,0,0,0,1,0,0,0,1,150,15,17,18,terminal_customer_network_burst,0.18,0.01270430313381502,0.18
X000205400,2026-01-23 20:43:50,C001678,A0001678,M00687,T01115,Midwest,Midwest,144.98,USD,ecommerce,wallet_biometric,approved,APPROVE,74.52,1.9455179817498658,0,0,0,1,0,0,0,4,85,4,30,0,,0.0,0.007891212645942398,0.007891212645942398
X000062715,2026-01-23 20:43:52,C000532,A0000532,M00494,T00034,West,West,47.93,USD,mobile_wallet,chip_pin,approved,APPROVE,33.01,1.4519842471978188,0,0,0,0,0,1,0,1,69,7,11,0,,0.0,0.01172697155268538,0.01172697155268538
X000126400,2026-01-23 20:44:05,C001041,A0001041,M00068,T00322,Northeast,Northeast,34.3,USD,card_present,magstripe,approved,APPROVE,55.9,0.6135957066189623,0,0,0,0,1,0,0,5,131,13,17,43,customer_velocity;terminal_customer_network_burst,0.43,0.020865600990210075,0.43
X000238023,2026-01-23 20:44:13,C001942,A0001942,M00585,T00052,Midwest,Midwest,59.59,USD,card_present,3ds,approved,APPROVE,103.71,0.5745829717481439,0,0,0,0,0,0,0,4,122,13,22,18,terminal_customer_network_burst,0.18,0.009982071655426836,0.18
X000017090,2026-01-23 20:44:31,C000146,A0000146,M00504,T00422,Northeast,Northeast,13.25,USD,card_present,magstripe,approved,APPROVE,39.66,0.33408976298537574,0,0,0,0,1,0,0,1,171,11,10,18,terminal_customer_network_burst,0.18,0.01570806816951057,0.18
X000043880,2026-01-23 20:44:31,C000373,A0000373,M00299,T01117,Northeast,Northeast,26.04,USD,mobile_wallet,3ds,approved,APPROVE,80.45,0.32367930391547545,0,0,0,0,0,1,0,1,58,8,17,18,terminal_customer_network_burst,0.18,0.00746353914437933,0.18
X000227953,2026-01-23 20:44:34,C001857,A0001857,M00412,T00974,Northeast,Northeast,52.89,USD,card_present,wallet_biometric,approved,APPROVE,94.68,0.5586185044359949,0,0,0,0,0,0,0,4,97,10,28,18,terminal_customer_network_burst,0.18,0.006984329307818772,0.18
X000098773,2026-01-23 20:44:36,C000828,A0000828,M00434,T00133,South,South,180.8,USD,mobile_wallet,chip_pin,approved,APPROVE,70.88,2.5507900677200905,0,0,0,0,0,1,0,2,137,11,12,18,terminal_customer_network_burst,0.18,0.026846117247247166,0.18
X000106961,2026-01-23 20:45:32,C000896,A0000896,M00798,T00402,Northeast,Northeast,101.05,USD,card_present,chip_pin,approved,APPROVE,147.7,0.6841570751523358,0,0,0,0,0,0,0,4,137,11,33,18,terminal_customer_network_burst,0.18,0.0077374759760869445,0.18
X000195204,2026-01-23 20:46:51,C001604,A0001604,M00528,T00475,Midwest,Midwest,242.14,USD,card_present,3ds,approved,APPROVE,138.09,1.7534940980519949,0,0,0,0,0,0,0,4,90,7,26,0,,0.0,0.008884697510875518,0.008884697510875518
X000025479,2026-01-23 20:47:19,C000217,A0000217,M00002,T00850,Northeast,Northeast,23.9,USD,mobile_wallet,wallet_biometric,approved,APPROVE,31.74,0.7529930686830498,0,0,0,0,0,1,0,3,85,11,11,18,terminal_customer_network_burst,0.18,0.013814463214407408,0.18
X000010066,2026-01-23 20:47:22,C000091,A0000091,M00596,T01101,Northeast,Midwest,19.99,USD,ecommerce,3ds,approved,APPROVE,25.09,0.7967317656436826,0,0,0,1,0,0,1,2,106,9,0,45,new_customer_terminal_pair;terminal_customer_network_burst;home_region_mismatch,0.45,0.08623149762876968,0.45
X000037948,2026-01-23 20:48:26,C000324,A0000324,M00689,T00395,Northeast,Northeast,18.68,USD,card_present,magstripe,approved,APPROVE,43.98,0.4247385175079582,0,0,0,0,1,0,0,5,76,7,20,25,customer_velocity,0.25,0.01106942850480198,0.25
X000071798,2026-01-23 20:48:41,C000609,A0000609,M00133,T00854,Northeast,Northeast,154.53,USD,mobile_wallet,3ds,approved,APPROVE,131.74,1.1729922574768483,0,0,0,0,0,1,0,6,123,14,33,43,customer_velocity;terminal_customer_network_burst,0.43,0.017599611288743492,0.43
X000237068,2026-01-23 20:48:46,C001934,A0001934,M00708,T00710,Northeast,West,189.24,USD,mobile_wallet,chip_pin,approved,APPROVE,164.43,1.150884875022806,0,0,0,0,0,1,1,7,13,4,0,52,customer_velocity;new_customer_terminal_pair;home_region_mismatch,0.52,0.09695441395928549,0.52
X000212184,2026-01-23 20:49:20,C001731,A0001731,M00495,T00738,Midwest,Midwest,36.53,USD,card_present,chip_pin,approved,APPROVE,41.15,0.8877278250303767,0,0,0,0,0,0,0,2,114,9,8,18,terminal_customer_network_burst,0.18,0.009267736581103287,0.18
X000079365,2026-01-23 20:49:23,C000668,A0000668,M00484,T00728,South,South,42.08,USD,mobile_wallet,magstripe,approved,APPROVE,54.33,0.77452604454261,0,0,0,0,1,1,0,4,190,12,15,18,terminal_customer_network_burst,0.18,0.03089978891481922,0.18
X000156056,2026-01-23 20:49:25,C001284,A0001284,M00732,T00420,West,West,62.36,USD,card_present,3ds,approved,APPROVE,43.59,1.4306033493920622,0,0,0,0,0,0,0,2,22,7,12,0,,0.0,0.007967719774540914,0.007967719774540914
X000149373,2026-01-23 20:49:41,C001229,A0001229,M00111,T01015,Midwest,Midwest,73.77,USD,card_present,3ds,approved,APPROVE,28.61,2.578469066759874,0,0,0,0,0,0,0,1,141,12,10,18,terminal_customer_network_burst,0.18,0.020470493759008224,0.18
X000067635,2026-01-23 20:50:16,C000573,A0000573,M00264,T01070,Midwest,Midwest,37.4,USD,card_present,wallet_biometric,approved,APPROVE,41.13,0.9093119377583272,0,0,0,0,0,0,0,1,50,8,3,18,terminal_customer_network_burst,0.18,0.008074935851996493,0.18
X000037045,2026-01-23 20:50:22,C000317,A0000317,M00211,T01170,Midwest,Midwest,43.04,USD,ecommerce,chip_pin,approved,APPROVE,33.03,1.303057826218589,0,0,0,1,0,0,0,1,130,8,11,18,terminal_customer_network_burst,0.18,0.010289659854395202,0.18
X000178358,2026-01-23 20:50:55,C001468,A0001468,M00700,T00884,Northeast,Northeast,108.76,USD,ecommerce,chip_pin,soft_decline,CHALLENGE,56.59,1.9218943276197207,0,0,1,1,0,0,0,0,116,9,6,26,terminal_customer_network_burst;authentication_soft_decline,0.26,0.05740699261601798,0.26
X000038638,2026-01-23 20:51:13,C000330,A0000330,M00130,T01074,South,South,26.31,USD,card_present,wallet_biometric,approved,APPROVE,14.95,1.759866220735786,0,0,0,0,0,0,0,1,99,11,13,18,terminal_customer_network_burst,0.18,0.0126495413409844,0.18
X000097154,2026-01-23 20:51:13,C000813,A0000813,M00038,T00813,West,South,35.81,USD,mobile_wallet,3ds,approved,APPROVE,35.05,1.0216833095577749,0,0,0,0,0,1,1,1,138,9,0,45,new_customer_terminal_pair;terminal_customer_network_burst;home_region_mismatch,0.45,0.11558982222836682,0.45
X000237069,2026-01-23 20:51:39,C001934,A0001934,M00790,T00112,Northeast,Northeast,254.22,USD,card_present,wallet_biometric,approved,APPROVE,164.43,1.5460682357234081,0,0,0,0,0,0,0,8,124,16,32,43,customer_velocity;terminal_customer_network_burst,0.43,0.018703385868763453,0.43
X000191455,2026-01-23 20:52:04,C001571,A0001571,M00547,T00371,Northeast,Northeast,28.77,USD,card_present,chip_pin,approved,APPROVE,34.49,0.8341548274862278,0,0,0,0,0,0,0,3,146,12,26,18,terminal_customer_network_burst,0.18,0.009441661358381516,0.18
X000179850,2026-01-23 20:52:14,C001479,A0001479,M00797,T00997,South,South,298.29,USD,card_present,magstripe,approved,APPROVE,221.32,1.3477769745165373,0,0,0,0,1,0,0,1,94,10,28,18,terminal_customer_network_burst,0.18,0.014196961520337257,0.18
X000100782,2026-01-23 20:52:50,C000849,A0000849,M00693,T01048,South,South,39.32,USD,ecommerce,chip_pin,approved,APPROVE,37.79,1.0404869012966393,0,0,0,1,0,0,0,0,98,12,7,18,terminal_customer_network_burst,0.18,0.012021015442257903,0.18
X000210832,2026-01-23 20:54:37,C001719,A0001719,M00021,T00406,South,South,74.51,USD,card_present,chip_pin,approved,APPROVE,92.38,0.8065598614418706,0,0,0,0,0,0,0,2,96,12,17,18,terminal_customer_network_burst,0.18,0.00945417268997181,0.18
X000111526,2026-01-23 20:55:17,C000931,A0000931,M00676,T00051,Midwest,Midwest,96.75,USD,ecommerce,wallet_biometric,approved,APPROVE,116.51,0.8304008239636083,0,0,0,1,0,0,0,1,172,14,33,18,terminal_customer_network_burst,0.18,0.010122983331099048,0.18
X000021230,2026-01-23 20:55:35,C000185,A0000185,M00073,T00757,South,South,45.3,USD,card_present,chip_pin,approved,APPROVE,90.81,0.49884373967624707,0,0,0,0,0,0,0,3,149,16,12,18,terminal_customer_network_burst,0.18,0.013962801430489799,0.18
X000027332,2026-01-23 20:56:32,C000235,A0000235,M00038,T00874,South,South,21.11,USD,mobile_wallet,chip_pin,approved,APPROVE,26.78,0.7882748319641523,0,0,0,0,0,1,0,1,253,20,15,18,terminal_customer_network_burst,0.18,0.029275994333546784,0.18
X000242324,2026-01-23 20:56:32,C001979,A0001979,M00042,T00546,Northeast,Northeast,134.52,USD,card_present,chip_pin,approved,APPROVE,82.21,1.6362972874346189,0,0,0,0,0,0,0,2,115,9,14,18,terminal_customer_network_burst,0.18,0.011116903841175368,0.18
X000193385,2026-01-23 20:56:35,C001588,A0001588,M00355,T00664,Midwest,Midwest,57.23,USD,mobile_wallet,wallet_biometric,approved,APPROVE,48.62,1.1770876182640888,0,0,0,0,0,1,0,0,28,4,12,0,,0.0,0.007473928654930846,0.007473928654930846
X000097322,2026-01-23 20:56:37,C000815,A0000815,M00726,T00829,Northeast,Northeast,80.65,USD,mobile_wallet,wallet_biometric,approved,APPROVE,73.05,1.10403832991102,0,0,0,0,0,1,0,3,69,6,9,0,,0.0,0.01099891590051031,0.01099891590051031
X000210486,2026-01-23 20:57:15,C001716,A0001716,M00445,T00698,Northeast,Northeast,86.06,USD,mobile_wallet,wallet_biometric,approved,APPROVE,44.2,1.9470588235294117,0,0,0,0,0,1,0,2,45,10,12,18,terminal_customer_network_burst,0.18,0.01745380669462411,0.18
X000124023,2026-01-23 20:58:29,C001026,A0001026,M00600,T00407,South,South,79.62,USD,mobile_wallet,chip_pin,approved,APPROVE,125.32,0.6353335461219279,0,0,0,0,0,1,0,1,126,11,32,18,terminal_customer_network_burst,0.18,0.009141731408876686,0.18
X000107473,2026-01-23 20:59:14,C000900,A0000900,M00495,T00738,Midwest,Midwest,109.97,USD,mobile_wallet,3ds,approved,APPROVE,159.85,0.6879574601188615,0,0,0,0,0,1,0,9,115,9,59,43,customer_velocity;terminal_customer_network_burst,0.43,0.007892856665301986,0.43
X000060523,2026-01-23 20:59:20,C000515,A0000515,M00767,T00313,West,South,76.23,USD,ecommerce,3ds,approved,APPROVE,95.21,0.8006511921016701,0,0,0,1,0,0,1,0,143,16,0,45,new_customer_terminal_pair;terminal_customer_network_burst;home_region_mismatch,0.45,0.1309110281391064,0.45
X000039791,2026-01-23 20:59:38,C000338,A0000338,M00552,T00463,Northeast,Northeast,183.72,USD,ecommerce,chip_pin,approved,APPROVE,96.33,1.9071940205543445,0,0,0,1,0,0,0,2,104,11,24,18,terminal_customer_network_burst,0.18,0.013186851990482761,0.18
X000212884,2026-01-23 20:59:43,C001738,A0001738,M00434,T00808,South,South,18.27,USD,card_present,chip_pin,approved,APPROVE,50.26,0.3635097493036212,0,0,0,0,0,0,0,2,126,13,8,18,terminal_customer_network_burst,0.18,0.010422291870738669,0.18
X000035126,2026-01-23 21:00:09,C000298,A0000298,M00179,T00767,Midwest,Midwest,138.0,USD,ecommerce,magstripe,approved,APPROVE,164.22,0.8403361344537815,0,0,0,1,1,0,0,6,67,10,0,58,customer_velocity;new_customer_terminal_pair;terminal_customer_network_burst,0.58,0.025033355684666764,0.58
X000102855,2026-01-23 21:00:18,C000864,A0000864,M00712,T00650,South,South,18.29,USD,mobile_wallet,wallet_biometric,approved,APPROVE,31.31,0.5841584158415841,0,0,0,0,0,1,0,0,116,16,4,18,terminal_customer_network_burst,0.18,0.01865111760106188,0.18
X000225245,2026-01-23 21:00:26,C001836,A0001836,M00788,T00018,South,South,85.74,USD,card_present,chip_pin,approved,APPROVE,99.19,0.8644016533924791,0,0,0,0,0,0,0,6,142,16,25,43,customer_velocity;terminal_customer_network_burst,0.43,0.01507313990484851,0.43
X000081953,2026-01-23 21:00:37,C000686,A0000686,M00682,T00951,Northeast,Northeast,16.81,USD,card_present,chip_pin,approved,APPROVE,23.16,0.7258203799654577,0,0,0,0,0,0,0,4,78,9,13,18,terminal_customer_network_burst,0.18,0.008483706315556547,0.18
X000045795,2026-01-23 21:00:39,C000383,A0000383,M00036,T00993,Northeast,Northeast,32.99,USD,card_present,chip_pin,approved,APPROVE,34.56,0.9545717592592593,0,0,0,0,0,0,0,3,75,7,10,0,,0.0,0.007895460333277092,0.007895460333277092
X000109179,2026-01-23 21:00:52,C000914,A0000914,M00326,T01151,Northeast,Northeast,71.33,USD,card_present,3ds,approved,APPROVE,132.97,0.5364367902534406,0,0,0,0,0,0,0,6,101,9,28,43,customer_velocity;terminal_customer_network_burst,0.43,0.007198101944509578,0.43
X000059609,2026-01-23 21:00:55,C000507,A0000507,M00009,T00774,South,South,31.44,USD,ecommerce,wallet_biometric,approved,APPROVE,33.96,0.9257950530035336,0,0,0,1,0,0,0,0,108,12,13,18,terminal_customer_network_burst,0.18,0.010657690728324738,0.18
X000168256,2026-01-23 21:01:03,C001391,A0001391,M00619,T00624,West,West,41.21,USD,ecommerce,chip_pin,approved,APPROVE,73.89,0.5577209365272703,0,0,0,1,0,0,0,1,39,5,0,15,new_customer_terminal_pair,0.15,0.006493984023882362,0.15
X000070792,2026-01-23 21:01:07,C000601,A0000601,M00613,T00852,South,South,203.94,USD,ecommerce,3ds,approved,APPROVE,156.23,1.3053830890353966,0,0,0,1,0,0,0,3,116,15,14,18,terminal_customer_network_burst,0.18,0.01773383792666071,0.18
X000166968,2026-01-23 21:01:18,C001379,A0001379,M00173,T01167,South,South,36.42,USD,card_present,wallet_biometric,approved,APPROVE,44.46,0.8191632928475034,0,0,0,0,0,0,0,1,113,8,9,18,terminal_customer_network_burst,0.18,0.007836792121314069,0.18
X000136878,2026-01-23 21:01:44,C001126,A0001126,M00669,T00703,South,South,35.67,USD,ecommerce,chip_pin,approved,APPROVE,103.68,0.34403935185185186,0,0,0,1,0,0,0,3,125,8,25,18,terminal_customer_network_burst,0.18,0.006402975266766867,0.18
X000070041,2026-01-23 21:01:57,C000596,A0000596,M00231,T01111,South,South,122.89,USD,ecommerce,wallet_biometric,approved,APPROVE,186.24,0.6598475085910652,0,0,0,1,0,0,0,3,100,15,24,18,terminal_customer_network_burst,0.18,0.011700477999536173,0.18
X000054434,2026-01-23 21:02:30,C000461,A0000461,M00778,T01132,South,South,475.5,USD,card_present,chip_pin,approved,APPROVE,456.08,1.042580249079109,0,0,0,0,0,0,0,7,121,14,38,43,customer_velocity;terminal_customer_network_burst,0.43,0.011589795302806282,0.43
X000052740,2026-01-23 21:02:38,C000445,A0000445,M00413,T00003,West,West,65.77,USD,ecommerce,chip_pin,approved,APPROVE,54.81,1.1999635103083377,0,0,0,1,0,0,0,1,44,6,6,0,,0.0,0.008112411676100098,0.008112411676100098
X000228404,2026-01-23 21:03:09,C001860,A0001860,M00366,T00709,Northeast,Northeast,22.39,USD,card_present,magstripe,approved,APPROVE,63.88,0.3505009392611146,0,0,0,0,1,0,0,2,56,7,24,0,,0.0,0.008383733048008594,0.008383733048008594
X000180701,2026-01-23 21:03:23,C001484,A0001484,M00278,T01124,Northeast,Northeast,83.71,USD,ecommerce,3ds,approved,APPROVE,62.68,1.3355137204850032,0,0,0,1,0,0,0,2,122,13,11,18,terminal_customer_network_burst,0.18,0.015575523524237106,0.18
X000087954,2026-01-23 21:03:24,C000739,A0000739,M00686,T00708,West,West,27.59,USD,ecommerce,3ds,approved,APPROVE,42.99,0.6417771574784833,0,0,0,1,0,0,0,0,40,8,15,18,terminal_customer_network_burst,0.18,0.006259945348746853,0.18
X000125522,2026-01-23 21:04:11,C001034,A0001034,M00094,T00737,South,South,61.83,USD,ecommerce,wallet_biometric,approved,APPROVE,70.93,0.8717044973917946,0,0,0,1,0,0,0,0,248,17,21,18,terminal_customer_network_burst,0.18,0.01643253415419829,0.18
X000173781,2026-01-23 21:04:11,C001433,A0001433,M00286,T00067,West,West,29.02,USD,ecommerce,wallet_biometric,approved,APPROVE,36.05,0.80499306518724,0,0,0,1,0,0,0,1,60,10,10,18,terminal_customer_network_burst,0.18,0.00904181714758581,0.18
X000087314,2026-01-23 21:04:59,C000733,A0000733,M00137,T00707,Midwest,Midwest,171.58,USD,card_present,wallet_biometric,approved,APPROVE,190.79,0.8993133812044658,0,0,0,0,0,0,0,1,34,7,13,0,,0.0,0.0062365114152463956,0.0062365114152463956
X000054996,2026-01-23 21:05:24,C000465,A0000465,M00460,T00355,Midwest,Midwest,90.33,USD,card_present,wallet_biometric,approved,APPROVE,44.58,2.0262449528936743,0,0,0,0,0,0,0,3,88,10,25,18,terminal_customer_network_burst,0.18,0.011735938529656518,0.18
X000228258,2026-01-23 21:05:25,C001859,A0001859,M00211,T01050,Midwest,Midwest,188.83,USD,card_present,magstripe,approved,APPROVE,192.09,0.9830287885886825,0,0,0,0,1,0,0,2,113,8,12,18,terminal_customer_network_burst,0.18,0.01496494864752676,0.18
X000145667,2026-01-23 21:06:14,C001200,A0001200,M00109,T00548,Northeast,Northeast,36.25,USD,ecommerce,chip_pin,approved,APPROVE,166.29,0.2179926634193277,0,0,0,1,0,0,0,1,133,13,13,18,terminal_customer_network_burst,0.18,0.009684927109566487,0.18
X000186376,2026-01-23 21:06:25,C001532,A0001532,M00615,T00560,Midwest,Midwest,149.41,USD,ecommerce,chip_pin,approved,APPROVE,163.74,0.9124832050812263,0,0,0,1,0,0,0,5,93,10,18,43,customer_velocity;terminal_customer_network_burst,0.43,0.010766729780042412,0.43
X000117135,2026-01-23 21:06:41,C000972,A0000972,M00034,T00307,Northeast,Northeast,121.25,USD,card_present,wallet_biometric,approved,APPROVE,68.08,1.7809929494712105,0,0,0,0,0,0,0,2,123,9,19,18,terminal_customer_network_burst,0.18,0.010974489106363708,0.18
X000158065,2026-01-23 21:06:42,C001300,A0001300,M00657,T00743,South,South,230.51,USD,mobile_wallet,3ds,approved,APPROVE,160.21,1.438799076212471,0,0,0,0,0,1,0,2,76,12,14,18,terminal_customer_network_burst,0.18,0.01703789663097122,0.18
X000155860,2026-01-23 21:07:07,C001283,A0001283,M00448,T00142,Midwest,Midwest,210.47,USD,card_present,3ds,approved,APPROVE,278.26,0.7563789261841444,0,0,0,0,0,0,0,4,56,7,35,0,,0.0,0.00507257680481826,0.00507257680481826
X000071251,2026-01-23 21:07:35,C000605,A0000605,M00724,T00630,West,West,124.0,USD,ecommerce,chip_pin,approved,APPROVE,186.41,0.6652003647872968,0,0,0,1,0,0,0,1,58,7,11,0,,0.0,0.006773474073086742,0.006773474073086742
X000012653,2026-01-23 21:08:45,C000110,A0000110,M00335,T00070,South,South,37.77,USD,ecommerce,chip_pin,approved,APPROVE,31.37,1.2040165763468282,0,0,0,1,0,0,0,1,226,17,9,18,terminal_customer_network_burst,0.18,0.022742621941067322,0.18
X000132929,2026-01-23 21:08:45,C001096,A0001096,M00305,T00827,Northeast,Northeast,39.73,USD,card_present,magstripe,approved,APPROVE,37.28,1.0657188841201715,0,0,0,0,1,0,0,5,96,10,14,43,customer_velocity;terminal_customer_network_burst,0.43,0.01967164942679701,0.43
X000029329,2026-01-23 21:09:36,C000253,A0000253,M00160,T00039,South,South,315.09,USD,card_present,wallet_biometric,soft_decline,CHALLENGE,203.2,1.5506397637795275,0,0,1,0,0,0,0,3,122,11,34,26,terminal_customer_network_burst;authentication_soft_decline,0.26,0.040529895387938886,0.26
X000117327,2026-01-23 21:09:38,C000973,A0000973,M00171,T00643,Northeast,Northeast,514.15,USD,card_present,chip_pin,approved,APPROVE,257.81,1.9942981265272874,0,0,0,0,0,0,0,1,101,8,25,18,terminal_customer_network_burst,0.18,0.009214714175941488,0.18
X000049856,2026-01-23 21:09:54,C000417,A0000417,M00514,T00978,West,West,85.58,USD,card_present,chip_pin,approved,APPROVE,41.49,2.0626657025789346,0,0,0,0,0,0,0,2,49,5,25,0,,0.0,0.007385174585492347,0.007385174585492347
X000084976,2026-01-23 21:10:05,C000710,A0000710,M00265,T00865,West,West,96.82,USD,ecommerce,magstripe,approved,APPROVE,85.75,1.1290962099125363,0,0,0,1,1,0,0,8,100,6,33,25,customer_velocity,0.25,0.014574591320775461,0.25
X000005294,2026-01-23 21:10:25,C000049,A0000049,M00379,T01176,South,South,57.01,USD,card_present,chip_pin,approved,APPROVE,99.71,0.5717580984856083,0,0,0,0,0,0,0,5,131,13,25,43,customer_velocity;terminal_customer_network_burst,0.43,0.010166055067768914,0.43
X000212570,2026-01-23 21:10:43,C001734,A0001734,M00064,T00627,Midwest,Midwest,127.2,USD,ecommerce,3ds,approved,APPROVE,65.75,1.9346007604562738,0,0,0,1,0,0,0,1,90,12,18,18,terminal_customer_network_burst,0.18,0.01460794003561866,0.18
X000192443,2026-01-23 21:11:10,C001580,A0001580,M00365,T00733,South,South,56.47,USD,card_present,wallet_biometric,approved,APPROVE,30.98,1.8227888960619754,0,0,0,0,0,0,0,2,146,17,14,18,terminal_customer_network_burst,0.18,0.022249671331305745,0.18
X000072803,2026-01-23 21:12:14,C000615,A0000615,M00761,T01038,South,South,14.04,USD,card_present,chip_pin,approved,APPROVE,24.79,0.5663574021782977,0,0,0,0,0,0,0,3,129,13,9,18,terminal_customer_network_burst,0.18,0.011699217230136385,0.18
X000036299,2026-01-23 21:12:22,C000310,A0000310,M00004,T00199,Northeast,Northeast,101.13,USD,ecommerce,wallet_biometric,approved,APPROVE,36.53,2.7684095264166437,0,0,0,1,0,0,0,0,69,9,5,18,terminal_customer_network_burst,0.18,0.017927140318518643,0.18
X000062716,2026-01-23 21:12:22,C000532,A0000532,M00605,T00661,West,West,35.92,USD,ecommerce,chip_pin,approved,APPROVE,33.01,1.0881551045137838,0,0,0,1,0,0,0,2,29,7,11,0,,0.0,0.007973731436338794,0.007973731436338794
X000071381,2026-01-23 21:12:25,C000606,A0000606,M00473,T00408,Northeast,West,53.41,USD,card_present,chip_pin,approved,APPROVE,52.74,1.0127038301099733,0,0,0,0,0,0,1,0,42,9,0,45,new_customer_terminal_pair;terminal_customer_network_burst;home_region_mismatch,0.45,0.0699885762880358,0.45
X000099295,2026-01-23 21:12:30,C000833,A0000833,M00615,T01067,Midwest,Midwest,32.02,USD,card_present,chip_pin,approved,APPROVE,72.75,0.4401374570446736,0,0,0,0,0,0,0,1,110,12,10,18,terminal_customer_network_burst,0.18,0.00894305155875788,0.18
X000216189,2026-01-23 21:12:42,C001766,A0001766,M00641,T00246,West,West,16.2,USD,ecommerce,magstripe,approved,APPROVE,30.82,0.5256327060350422,0,0,0,1,1,0,0,4,14,7,8,0,,0.0,0.013203748343520161,0.013203748343520161
X000067363,2026-01-23 21:14:20,C000571,A0000571,M00372,T00095,South,South,282.57,USD,card_present,chip_pin,approved,APPROVE,119.82,2.3582874311467203,0,0,0,0,0,0,0,8,153,14,31,43,customer_velocity;terminal_customer_network_burst,0.43,0.023077858772031997,0.43
X000035127,2026-01-23 21:15:07,C000298,A0000298,M00162,T00759,Midwest,Midwest,163.96,USD,mobile_wallet,chip_pin,approved,APPROVE,164.22,0.9984167580075509,0,0,0,0,0,1,0,7,100,9,31,43,customer_velocity;terminal_customer_network_burst,0.43,0.012063413481134402,0.43
X000143345,2026-01-23 21:15:30,C001181,A0001181,M00624,T00925,West,West,19.99,USD,card_present,3ds,approved,APPROVE,47.7,0.41907756813417185,0,0,0,0,0,0,0,7,21,5,17,25,customer_velocity,0.25,0.005698762294115648,0.25
X000032957,2026-01-23 21:15:33,C000279,A0000279,M00365,T00324,South,South,87.12,USD,card_present,3ds,approved,APPROVE,70.8,1.2305084745762713,0,0,0,0,0,0,0,2,152,18,11,18,terminal_customer_network_burst,0.18,0.020393846852839476,0.18
X000141089,2026-01-23 21:16:22,C001162,A0001162,M00123,T00812,Midwest,Midwest,304.64,USD,card_present,chip_pin,approved,APPROVE,135.54,2.247602183857164,0,0,0,0,0,0,0,2,200,15,24,18,terminal_customer_network_burst,0.18,0.020903767365805896,0.18
X000227140,2026-01-23 21:16:49,C001852,A0001852,M00130,T00214,South,South,151.89,USD,ecommerce,chip_pin,approved,APPROVE,160.6,0.9457658779576588,0,0,0,1,0,0,0,6,83,6,34,25,customer_velocity,0.25,0.006576135295556272,0.25
X000019112,2026-01-23 21:16:55,C000165,A0000165,M00800,T00613,West,West,31.38,USD,ecommerce,magstripe,approved,APPROVE,43.52,0.721047794117647,0,0,0,1,1,0,0,2,72,9,15,18,terminal_customer_network_burst,0.18,0.014473106313760592,0.18
X000129380,2026-01-23 21:17:06,C001064,A0001064,M00552,T00463,Northeast,Northeast,103.7,USD,card_present,chip_pin,approved,APPROVE,157.04,0.6603413143148243,0,0,0,0,0,0,0,5,105,11,27,43,customer_velocity;terminal_customer_network_burst,0.43,0.008452916268245224,0.43
X000083476,2026-01-23 21:17:36,C000697,A0000697,M00061,T00492,West,West,38.46,USD,ecommerce,chip_pin,approved,APPROVE,18.65,2.0621983914209117,0,0,0,1,0,0,0,5,44,8,17,43,customer_velocity;terminal_customer_network_burst,0.43,0.013356513550806241,0.43
X000089395,2026-01-23 21:17:38,C000748,A0000748,M00067,T00948,South,South,215.05,USD,card_present,magstripe,approved,APPROVE,224.36,0.9585041896951328,0,0,0,0,1,0,0,7,152,15,27,43,customer_velocity;terminal_customer_network_burst,0.43,0.02676584493252573,0.43
X000167816,2026-01-23 21:17:42,C001387,A0001387,M00446,T00838,South,South,33.01,USD,mobile_wallet,chip_pin,approved,APPROVE,37.98,0.8691416535018431,0,0,0,0,0,1,0,0,100,11,12,18,terminal_customer_network_burst,0.18,0.012415080992896501,0.18
X000220667,2026-01-23 21:17:43,C001800,A0001800,M00213,T00320,Northeast,Northeast,271.27,USD,card_present,chip_pin,approved,APPROVE,186.73,1.4527392491833129,0,0,0,0,0,0,0,6,94,7,53,25,customer_velocity,0.25,0.005819811617164443,0.25
X000232471,2026-01-23 21:18:03,C001896,A0001896,M00227,T00504,Midwest,Midwest,90.5,USD,mobile_wallet,chip_pin,approved,APPROVE,46.29,1.9550658889608987,0,0,0,0,0,1,0,0,158,11,12,18,terminal_customer_network_burst,0.18,0.020152011012907402,0.18
X000049753,2026-01-23 21:18:40,C000416,A0000416,M00700,T00679,Northeast,Northeast,24.32,USD,ecommerce,wallet_biometric,approved,APPROVE,29.19,0.8331620417951353,0,0,0,1,0,0,0,1,118,11,10,18,terminal_customer_network_burst,0.18,0.010743823344922849,0.18
X000226078,2026-01-23 21:18:41,C001842,A0001842,M00460,T00677,Midwest,Midwest,30.07,USD,mobile_wallet,3ds,approved,APPROVE,46.36,0.6486194995685937,0,0,0,0,0,1,0,0,139,15,8,18,terminal_customer_network_burst,0.18,0.017291628582050016,0.18
X000082023,2026-01-23 21:18:55,C000687,A0000687,M00180,T01184,West,West,82.55,USD,mobile_wallet,chip_pin,approved,APPROVE,39.26,2.1026490066225167,0,0,0,0,0,1,0,2,44,9,8,18,terminal_customer_network_burst,0.18,0.018256729191412628,0.18
X000234270,2026-01-23 21:18:57,C001910,A0001910,M00549,T00456,South,South,68.03,USD,card_present,chip_pin,approved,APPROVE,94.05,0.7233386496544392,0,0,0,0,0,0,0,4,199,20,22,18,terminal_customer_network_burst,0.18,0.01969288289766627,0.18
X000185150,2026-01-23 21:19:00,C001524,A0001524,M00524,T00237,West,West,178.56,USD,card_present,3ds,approved,APPROVE,133.37,1.3388318212491566,0,0,0,0,0,0,0,2,125,13,35,18,terminal_customer_network_burst,0.18,0.00974963254618849,0.18
X000125647,2026-01-23 21:19:04,C001035,A0001035,M00680,T00949,West,Midwest,76.24,USD,mobile_wallet,3ds,approved,APPROVE,47.5,1.6050526315789473,0,0,0,0,0,1,1,3,98,10,0,45,new_customer_terminal_pair;terminal_customer_network_burst;home_region_mismatch,0.45,0.1542224990649765,0.45
X000198866,2026-01-23 21:19:08,C001628,A0001628,M00586,T00036,Northeast,Northeast,55.3,USD,ecommerce,chip_pin,approved,APPROVE,36.56,1.5125820568927788,0,0,0,1,0,0,0,2,89,11,9,18,terminal_customer_network_burst,0.18,0.014097954465037766,0.18
X000158215,2026-01-23 21:19:21,C001301,A0001301,M00427,T01200,South,South,27.47,USD,mobile_wallet,magstripe,approved,APPROVE,38.75,0.7089032258064516,0,0,0,0,1,1,0,0,126,13,17,18,terminal_customer_network_burst,0.18,0.023218117988532874,0.18
X000224783,2026-01-23 21:19:23,C001833,A0001833,M00325,T00368,Northeast,Northeast,10.17,USD,ecommerce,chip_pin,approved,APPROVE,18.15,0.5603305785123968,0,0,0,1,0,0,0,1,65,9,17,18,terminal_customer_network_burst,0.18,0.006938151889925445,0.18
X000173897,2026-01-23 21:19:35,C001434,A0001434,M00598,T00149,West,West,65.55,USD,mobile_wallet,wallet_biometric,approved,APPROVE,80.7,0.812267657992565,0,0,0,0,0,1,0,2,64,9,13,18,terminal_customer_network_burst,0.18,0.010874663936368753,0.18
X000203241,2026-01-23 21:19:36,C001664,A0001664,M00453,T00940,South,South,153.93,USD,ecommerce,chip_pin,approved,APPROVE,245.36,0.6273638734920117,0,0,0,1,0,0,0,5,208,17,39,43,customer_velocity;terminal_customer_network_burst,0.43,0.013862242907386663,0.43
X000132834,2026-01-23 21:20:37,C001095,A0001095,M00337,T00357,West,West,68.83,USD,ecommerce,chip_pin,approved,APPROVE,31.09,2.21389514313284,0,0,0,1,0,0,0,2,23,3,13,0,,0.0,0.008647632757536557,0.008647632757536557
X000179851,2026-01-23 21:20:38,C001479,A0001479,M00205,T00154,South,South,274.7,USD,ecommerce,chip_pin,approved,APPROVE,221.32,1.2411892282667631,0,0,0,1,0,0,0,2,68,8,21,18,terminal_customer_network_burst,0.18,0.00823688608232744,0.18
X000033240,2026-01-23 21:20:43,C000282,A0000282,M00077,T00723,South,South,127.41,USD,ecommerce,chip_pin,approved,APPROVE,125.72,1.0134425707922368,0,0,0,1,0,0,0,2,208,18,14,18,terminal_customer_network_burst,0.18,0.02163187333504146,0.18
X000196385,2026-01-23 21:21:31,C001613,A0001613,M00782,T00464,Midwest,Midwest,322.98,USD,card_present,chip_pin,approved,APPROVE,489.11,0.660342254298624,0,0,0,0,0,0,0,6,80,9,36,43,customer_velocity;terminal_customer_network_burst,0.43,0.006432006418912598,0.43
X000098169,2026-01-23 21:21:32,C000822,A0000822,M00192,T00126,South,South,32.13,USD,ecommerce,chip_pin,approved,APPROVE,57.95,0.5544434857635894,0,0,0,1,0,0,0,1,159,11,15,18,terminal_customer_network_burst,0.18,0.009555532215602161,0.18
X000238024,2026-01-23 21:21:32,C001942,A0001942,M00585,T00052,Midwest,Midwest,119.62,USD,card_present,wallet_biometric,approved,APPROVE,103.71,1.1534085430527434,0,0,0,0,0,0,0,5,123,13,23,43,customer_velocity;terminal_customer_network_burst,0.43,0.012818030583201943,0.43
X000167211,2026-01-23 21:21:44,C001381,A0001381,M00068,T00322,Northeast,Northeast,174.94,USD,mobile_wallet,chip_pin,approved,APPROVE,184.34,0.9490072691765216,0,0,0,0,0,1,0,6,132,13,18,43,customer_velocity;terminal_customer_network_burst,0.43,0.01931519501196286,0.43
X000232630,2026-01-23 21:22:30,C001897,A0001897,M00064,T00120,Midwest,Midwest,49.89,USD,mobile_wallet,wallet_biometric,approved,APPROVE,92.61,0.5387107223841918,0,0,0,0,0,1,0,3,71,6,33,0,,0.0,0.006153847596646994,0.006153847596646994
X000153824,2026-01-23 21:22:35,C001265,A0001265,M00737,T00804,Midwest,Midwest,46.65,USD,card_present,chip_pin,approved,APPROVE,71.91,0.6487275761368377,0,0,0,0,0,0,0,1,118,13,4,18,terminal_customer_network_burst,0.18,0.011545131608055597,0.18
X000121812,2026-01-23 21:22:36,C001011,A0001011,M00170,T01059,Midwest,Midwest,163.4,USD,card_present,chip_pin,approved,APPROVE,167.1,0.9778575703171755,0,0,0,0,0,0,0,3,71,6,27,0,,0.0,0.00563330284586062,0.00563330284586062
X000055696,2026-01-23 21:23:27,C000471,A0000471,M00038,T00874,South,South,133.97,USD,ecommerce,wallet_biometric,approved,APPROVE,136.92,0.9784545720128544,0,0,0,1,0,0,0,3,254,20,56,18,terminal_customer_network_burst,0.18,0.014525525952578973,0.18
X000041515,2026-01-23 21:23:45,C000351,A0000351,M00461,T00574,West,West,29.0,USD,ecommerce,chip_pin,approved,APPROVE,48.43,0.5988023952095809,0,0,0,1,0,0,0,1,46,2,11,0,,0.0,0.004502378869689408,0.004502378869689408
X000060250,2026-01-23 21:23:54,C000513,A0000513,M00592,T00596,South,South,102.4,USD,ecommerce,chip_pin,approved,APPROVE,115.4,0.8873483535528596,0,0,0,1,0,0,0,4,117,12,25,18,terminal_customer_network_burst,0.18,0.010889201272314665,0.18
X000064406,2026-01-23 21:24:57,C000547,A0000547,M00144,T00521,West,West,75.26,USD,mobile_wallet,chip_pin,approved,APPROVE,70.45,1.0682753726046843,0,0,0,0,0,1,0,2,58,7,21,0,,0.0,0.009027477231969458,0.009027477231969458
X000230876,2026-01-23 21:25:12,C001883,A0001883,M00240,T00605,Midwest,Midwest,153.8,USD,card_present,3ds,approved,APPROVE,63.6,2.418238993710692,0,0,0,0,0,0,0,4,118,11,18,18,terminal_customer_network_burst,0.18,0.01790837987273496,0.18
X000214505,2026-01-23 21:25:13,C001752,A0001752,M00013,T00686,South,South,361.08,USD,card_present,3ds,approved,APPROVE,165.32,2.1841277522380835,0,0,0,0,0,0,0,5,174,17,21,43,customer_velocity;terminal_customer_network_burst,0.43,0.027719562344433717,0.43
X000087110,2026-01-23 21:25:37,C000730,A0000730,M00341,T01190,Midwest,Midwest,141.65,USD,card_present,magstripe,approved,APPROVE,45.4,3.1200440528634363,0,0,0,0,1,0,0,0,59,6,4,30,amount_vs_profile,0.3,0.026435048581877903,0.3
X000090977,2026-01-23 21:26:06,C000762,A0000762,M00262,T00060,South,South,64.01,USD,mobile_wallet,chip_pin,approved,APPROVE,32.91,1.9450015192950474,0,0,0,0,0,1,0,0,164,12,15,18,terminal_customer_network_burst,0.18,0.02078694479098983,0.18
X000022045,2026-01-23 21:26:33,C000190,A0000190,M00382,T00436,South,Midwest,25.11,USD,card_present,magstripe,approved,APPROVE,26.82,0.936241610738255,0,0,0,0,1,0,1,1,40,9,0,45,new_customer_terminal_pair;terminal_customer_network_burst;home_region_mismatch,0.45,0.12159430512290939,0.45
X000064218,2026-01-23 21:26:36,C000545,A0000545,M00447,T00749,South,South,139.56,USD,card_present,3ds,approved,APPROVE,50.07,2.787297783103655,0,0,0,0,0,0,0,1,118,14,4,18,terminal_customer_network_burst,0.18,0.02699475268101792,0.18
X000214209,2026-01-23 21:27:33,C001749,A0001749,M00639,T00245,Midwest,Midwest,50.81,USD,card_present,chip_pin,approved,APPROVE,63.07,0.8056128111622007,0,0,0,0,0,0,0,3,58,9,11,18,terminal_customer_network_burst,0.18,0.008293315985892015,0.18
X000015607,2026-01-23 21:27:38,C000133,A0000133,M00077,T00306,Northeast,South,42.79,USD,mobile_wallet,3ds,approved,APPROVE,51.04,0.8383620689655172,0,0,0,0,0,1,1,5,142,15,0,70,customer_velocity;new_customer_terminal_pair;terminal_customer_network_burst;home_region_mismatch,0.7,0.1909401102067996,0.7
X000007847,2026-01-23 21:27:42,C000072,A0000072,M00494,T00136,West,West,108.05,USD,card_present,chip_pin,approved,APPROVE,127.28,0.8489157762413576,0,0,0,0,0,0,0,5,56,9,28,43,customer_velocity;terminal_customer_network_burst,0.43,0.007146211228873507,0.43
X000066079,2026-01-23 21:27:45,C000560,A0000560,M00185,T00490,West,West,36.73,USD,ecommerce,magstripe,approved,APPROVE,39.07,0.9401074993601227,0,0,0,1,1,0,0,1,51,8,5,18,terminal_customer_network_burst,0.18,0.01566124205270845,0.18
X000032441,2026-01-23 21:27:54,C000275,A0000275,M00130,T01074,South,South,37.43,USD,ecommerce,wallet_biometric,approved,APPROVE,60.84,0.6152202498356344,0,0,0,1,0,0,0,3,100,11,23,18,terminal_customer_network_burst,0.18,0.008740454789847382,0.18
X000206124,2026-01-23 21:27:55,C001682,A0001682,M00386,T00008,Northeast,Northeast,40.68,USD,mobile_wallet,3ds,approved,APPROVE,64.09,0.6347324075518801,0,0,0,0,0,1,0,4,103,10,15,18,terminal_customer_network_burst,0.18,0.012521597446674687,0.18
X000221519,2026-01-23 21:28:24,C001805,A0001805,M00365,T00733,South,South,113.66,USD,card_present,chip_pin,approved,APPROVE,89.08,1.2759317467444993,0,0,0,0,0,0,0,2,147,17,17,18,terminal_customer_network_burst,0.18,0.017442749216707527,0.18
X000173572,2026-01-23 21:28:57,C001431,A0001431,M00382,T01062,Midwest,Midwest,97.73,USD,card_present,wallet_biometric,approved,APPROVE,35.72,2.7360022396416577,0,0,0,0,0,0,0,1,37,6,18,0,,0.0,0.01057060096572932,0.01057060096572932
X000070262,2026-01-23 21:29:29,C000597,A0000597,M00592,T00719,South,South,204.23,USD,mobile_wallet,3ds,approved,APPROVE,149.87,1.3627143524387801,0,0,0,0,0,1,0,3,146,12,38,18,terminal_customer_network_burst,0.18,0.013375389416374207,0.18
X000063927,2026-01-23 21:30:10,C000542,A0000542,M00606,T00224,West,West,131.87,USD,card_present,chip_pin,approved,APPROVE,213.02,0.6190498544737584,0,0,0,0,0,0,0,4,57,9,27,18,terminal_customer_network_burst,0.18,0.006339202798392227,0.18
X000150303,2026-01-23 21:30:38,C001237,A0001237,M00365,T01114,South,South,27.11,USD,ecommerce,chip_pin,approved,APPROVE,35.77,0.757897679619793,0,0,0,1,0,0,0,2,77,8,11,18,terminal_customer_network_burst,0.18,0.008181599806100634,0.18
X000095229,2026-01-23 21:30:55,C000795,A0000795,M00685,T00672,Northeast,Northeast,116.73,USD,ecommerce,3ds,approved,APPROVE,80.12,1.4569395906140787,0,0,0,1,0,0,0,3,125,8,19,18,terminal_customer_network_burst,0.18,0.01058434033024674,0.18
X000064698,2026-01-23 21:30:57,C000549,A0000549,M00585,T00119,Midwest,Midwest,150.77,USD,ecommerce,chip_pin,approved,APPROVE,77.83,1.9371707567775924,0,0,0,1,0,0,0,1,82,11,9,18,terminal_customer_network_burst,0.18,0.01545619442411835,0.18
X000228405,2026-01-23 21:31:28,C001860,A0001860,M00481,T00265,Northeast,Northeast,71.39,USD,ecommerce,chip_pin,approved,APPROVE,63.88,1.1175641828428302,0,0,0,1,0,0,0,3,133,11,17,18,terminal_customer_network_burst,0.18,0.012142421818213489,0.18
X000006349,2026-01-23 21:31:35,C000057,A0000057,M00524,T00085,West,West,94.91,USD,card_present,3ds,approved,APPROVE,238.78,0.3974788508250272,0,0,0,0,0,0,0,2,92,8,16,18,terminal_customer_network_burst,0.18,0.006134974346550942,0.18
X000119807,2026-01-23 21:31:56,C000995,A0000995,M00553,T00398,West,West,66.48,USD,mobile_wallet,chip_pin,approved,APPROVE,167.73,0.3963512788409945,0,0,0,0,0,1,0,2,49,10,7,18,terminal_customer_network_burst,0.18,0.010778713407317007,0.18
X000241531,2026-01-23 21:32:02,C001971,A0001971,M00125,T00855,West,West,82.95,USD,card_present,chip_pin,approved,APPROVE,150.08,0.552705223880597,0,0,0,0,0,0,0,1,49,7,17,0,,0.0,0.005276098145809838,0.005276098145809838
X000226357,2026-01-23 21:32:49,C001844,A0001844,M00517,T00541,Midwest,Midwest,21.11,USD,ecommerce,wallet_biometric,approved,APPROVE,48.12,0.4386949293433084,0,0,0,1,0,0,0,2,104,14,12,18,terminal_customer_network_burst,0.18,0.011558869463346137,0.18
X000116239,2026-01-23 21:33:01,C000965,A0000965,M00112,T00122,West,West,173.74,USD,ecommerce,wallet_biometric,approved,APPROVE,147.52,1.177738611713666,0,0,0,1,0,0,0,3,102,6,26,0,,0.0,0.007142403738022258,0.007142403738022258
X000090845,2026-01-23 21:33:06,C000761,A0000761,M00342,T00903,Midwest,Midwest,226.02,USD,ecommerce,3ds,approved,APPROVE,202.51,1.1160930324428424,0,0,0,1,0,0,0,4,50,5,22,0,,0.0,0.006722021962664832,0.006722021962664832
X000100711,2026-01-23 21:33:31,C000848,A0000848,M00763,T00455,South,South,51.53,USD,mobile_wallet,chip_pin,approved,APPROVE,85.3,0.6041031652989449,0,0,0,0,0,1,0,0,98,5,5,0,,0.0,0.008099469468440068,0.008099469468440068
X000108957,2026-01-23 21:33:43,C000913,A0000913,M00386,T00008,Northeast,Northeast,176.16,USD,card_present,3ds,approved,APPROVE,132.83,1.326206429270496,0,0,0,0,0,0,0,2,104,10,36,18,terminal_customer_network_burst,0.18,0.007433040525326892,0.18
X000012135,2026-01-23 21:34:47,C000106,A0000106,M00457,T00634,Midwest,Midwest,33.21,USD,mobile_wallet,3ds,approved,APPROVE,56.26,0.5902950586562389,0,0,0,0,0,1,0,6,80,7,37,25,customer_velocity,0.25,0.007521784090317523,0.25
X000242325,2026-01-23 21:35:33,C001979,A0001979,M00082,T00557,Northeast,Northeast,92.7,USD,card_present,magstripe,approved,APPROVE,82.21,1.1276000486558815,0,0,0,0,1,0,0,3,102,10,13,18,terminal_customer_network_burst,0.18,0.018587763524349273,0.18
X000218820,2026-01-23 21:36:39,C001788,A0001788,M00108,T00481,Midwest,Midwest,210.54,USD,mobile_wallet,chip_pin,approved,APPROVE,148.33,1.419402683206364,0,0,0,0,0,1,0,3,151,11,13,18,terminal_customer_network_burst,0.18,0.018884772550535358,0.18
X000199550,2026-01-23 21:36:48,C001636,A0001636,M00084,T00910,Midwest,Midwest,67.33,USD,card_present,chip_pin,approved,APPROVE,52.67,1.2783368141256881,0,0,0,0,0,0,0,1,93,11,6,18,terminal_customer_network_burst,0.18,0.011724041751967213,0.18
X000060957,2026-01-23 21:37:38,C000519,A0000519,M00040,T01012,Northeast,Northeast,71.06,USD,mobile_wallet,chip_pin,approved,APPROVE,98.05,0.7247322794492607,0,0,0,0,0,1,0,0,86,15,12,18,terminal_customer_network_burst,0.18,0.015403315705086434,0.18
X000219811,2026-01-23 21:37:45,C001796,A0001796,M00478,T00667,Midwest,Midwest,39.62,USD,mobile_wallet,chip_pin,approved,APPROVE,29.05,1.363855421686747,0,0,0,0,0,1,0,0,129,13,25,18,terminal_customer_network_burst,0.18,0.014677650225565579,0.18
X000228259,2026-01-23 21:37:54,C001859,A0001859,M00433,T00174,Midwest,Midwest,142.52,USD,ecommerce,chip_pin,approved,APPROVE,192.09,0.7419438804726951,0,0,0,1,0,0,0,3,108,14,12,18,terminal_customer_network_burst,0.18,0.013690379597955852,0.18
X000113910,2026-01-23 21:38:00,C000948,A0000948,M00642,T00253,Midwest,Midwest,91.9,USD,card_present,magstripe,approved,APPROVE,62.39,1.4729924667414651,0,0,0,0,1,0,0,1,67,11,23,18,terminal_customer_network_burst,0.18,0.016568207140883362,0.18
X000229266,2026-01-23 21:38:03,C001867,A0001867,M00766,T00816,West,West,35.27,USD,card_present,chip_pin,soft_decline,CHALLENGE,55.1,0.6401088929219602,0,0,1,0,0,0,0,1,53,7,11,8,authentication_soft_decline,0.08,0.025457955095696653,0.08
X000241858,2026-01-23 21:38:15,C001974,A0001974,M00056,T01147,Midwest,Midwest,134.83,USD,ecommerce,3ds,approved,APPROVE,141.77,0.9510474712562602,0,0,0,1,0,0,0,2,174,11,13,18,terminal_customer_network_burst,0.18,0.012293258203631157,0.18
X000103881,2026-01-23 21:39:50,C000874,A0000874,M00507,T01055,South,South,56.3,USD,card_present,chip_pin,approved,APPROVE,75.59,0.7448075142214577,0,0,0,0,0,0,0,2,130,12,11,18,terminal_customer_network_burst,0.18,0.010698698354879167,0.18
X000238232,2026-01-23 21:40:06,C001944,A0001944,M00247,T01144,South,South,93.05,USD,card_present,3ds,approved,APPROVE,93.15,0.9989264626945785,0,0,0,0,0,0,0,1,233,21,12,18,terminal_customer_network_burst,0.18,0.024606361050232735,0.18
X000026736,2026-01-23 21:40:31,C000230,A0000230,M00712,T00650,South,South,125.23,USD,mobile_wallet,3ds,approved,APPROVE,79.41,1.577005414935147,0,0,0,0,0,1,0,1,117,16,7,18,terminal_customer_network_burst,0.18,0.026897618662693842,0.18
X000145216,2026-01-23 21:40:54,C001195,A0001195,M00396,T00828,West,West,19.38,USD,card_present,chip_pin,approved,APPROVE,24.02,0.806827643630308,0,0,0,0,0,0,0,0,35,5,10,0,,0.0,0.0051879309310550025,0.0051879309310550025
X000189356,2026-01-23 21:41:16,C001556,A0001556,M00377,T00901,Midwest,Midwest,66.47,USD,mobile_wallet,chip_pin,approved,APPROVE,74.51,0.8920950208025767,0,0,0,0,0,1,0,3,104,7,24,0,,0.0,0.009134260057657514,0.009134260057657514
X000168824,2026-01-23 21:41:19,C001396,A0001396,M00771,T00411,South,South,161.23,USD,ecommerce,chip_pin,approved,APPROVE,40.17,4.013691809808314,0,0,0,1,0,0,0,5,66,12,17,73,amount_vs_profile;customer_velocity;terminal_customer_network_burst,0.73,0.0372651379439761,0.73
X000050476,2026-01-23 21:41:29,C000423,A0000423,M00153,T00753,South,South,37.75,USD,card_present,chip_pin,approved,APPROVE,41.14,0.9175984443364122,0,0,0,0,0,0,0,5,188,15,18,43,customer_velocity;terminal_customer_network_burst,0.43,0.01623694570657217,0.43
X000062484,2026-01-23 21:41:49,C000531,A0000531,M00318,T00746,Midwest,Midwest,175.62,USD,ecommerce,wallet_biometric,approved,APPROVE,214.99,0.816875203497837,0,0,0,1,0,0,0,5,181,18,43,43,customer_velocity;terminal_customer_network_burst,0.43,0.014396713448029941,0.43
X000183797,2026-01-23 21:41:57,C001513,A0001513,M00302,T00011,Northeast,Northeast,63.22,USD,card_present,wallet_biometric,approved,APPROVE,76.81,0.8230699127717744,0,0,0,0,0,0,0,1,116,14,6,18,terminal_customer_network_burst,0.18,0.012785336974773954,0.18
X000049351,2026-01-23 21:42:22,C000413,A0000413,M00692,T00771,Northeast,Northeast,36.83,USD,card_present,3ds,approved,APPROVE,97.53,0.37762739669845174,0,0,0,0,0,0,0,3,122,15,29,18,terminal_customer_network_burst,0.18,0.00913507509118656,0.18
X000146437,2026-01-23 21:42:37,C001208,A0001208,M00288,T01177,Northeast,Northeast,52.59,USD,ecommerce,wallet_biometric,approved,APPROVE,52.39,1.0038175224279444,0,0,0,1,0,0,0,3,137,13,15,18,terminal_customer_network_burst,0.18,0.013979040224615318,0.18
X000162066,2026-01-23 21:42:43,C001338,A0001338,M00040,T01012,Northeast,Northeast,51.07,USD,card_present,chip_pin,approved,APPROVE,56.51,0.9037338524155017,0,0,0,0,0,0,0,1,87,15,7,18,terminal_customer_network_burst,0.18,0.013331694781249527,0.18
X000138895,2026-01-23 21:42:57,C001144,A0001144,M00693,T00687,South,South,36.11,USD,card_present,3ds,approved,APPROVE,55.97,0.6451670537788101,0,0,0,0,0,0,0,2,59,11,10,18,terminal_customer_network_burst,0.18,0.008732372976593173,0.18
X000018877,2026-01-23 21:43:11,C000162,A0000162,M00454,T00284,West,West,51.95,USD,mobile_wallet,wallet_biometric,approved,APPROVE,36.01,1.4426548181060819,0,0,0,0,0,1,0,0,65,10,11,18,terminal_customer_network_burst,0.18,0.013704880873410675,0.18
X000040417,2026-01-23 21:43:14,C000343,A0000343,M00645,T00905,South,South,15.6,USD,ecommerce,chip_pin,approved,APPROVE,51.15,0.30498533724340177,0,0,0,1,0,0,0,1,193,17,9,18,terminal_customer_network_burst,0.18,0.015601379156938221,0.18
X000064160,2026-01-23 21:43:22,C000544,A0000544,M00687,T00937,Midwest,Midwest,86.15,USD,card_present,chip_pin,approved,APPROVE,82.81,1.0403332930805458,0,0,0,0,0,0,0,2,61,9,10,18,terminal_customer_network_burst,0.18,0.008753339578439354,0.18
X000098385,2026-01-23 21:43:25,C000824,A0000824,M00329,T00094,Midwest,Midwest,47.43,USD,mobile_wallet,chip_pin,approved,APPROVE,32.74,1.4486866218692729,0,0,0,0,0,1,0,1,64,9,14,18,terminal_customer_network_burst,0.18,0.012824031222704448,0.18
X000129829,2026-01-23 21:43:29,C001067,A0001067,M00211,T01170,Midwest,Midwest,75.01,USD,card_present,3ds,approved,APPROVE,153.89,0.4874260835661837,0,0,0,0,0,0,0,8,131,8,44,43,customer_velocity;terminal_customer_network_burst,0.43,0.005947735140510774,0.43
X000081867,2026-01-23 21:43:57,C000685,A0000685,M00476,T00071,Midwest,Midwest,64.29,USD,ecommerce,chip_pin,approved,APPROVE,59.21,1.0857963181894952,0,0,0,1,0,0,0,5,72,7,13,25,customer_velocity,0.25,0.009656614619134772,0.25
X000008947,2026-01-23 21:44:18,C000081,A0000081,M00403,T00159,Northeast,Northeast,45.13,USD,mobile_wallet,wallet_biometric,approved,APPROVE,43.2,1.044675925925926,0,0,0,0,0,1,0,4,66,10,16,18,terminal_customer_network_burst,0.18,0.013528329364192966,0.18
X000177054,2026-01-23 21:44:29,C001459,A0001459,M00376,T00702,South,South,247.42,USD,card_present,chip_pin,approved,APPROVE,151.37,1.6345378872960294,0,0,0,0,0,0,0,6,94,10,23,43,customer_velocity;terminal_customer_network_burst,0.43,0.01238776845432719,0.43
X000034644,2026-01-23 21:45:34,C000294,A0000294,M00666,T00992,South,South,52.25,USD,mobile_wallet,chip_pin,approved,APPROVE,55.07,0.9487924459778464,0,0,0,0,0,1,0,1,78,13,14,18,terminal_customer_network_burst,0.18,0.014588344225628118,0.18
X000081193,2026-01-23 21:45:35,C000681,A0000681,M00054,T00295,West,West,251.7,USD,card_present,3ds,approved,APPROVE,189.01,1.33167557272102,0,0,0,0,0,0,0,5,114,11,56,43,customer_velocity;terminal_customer_network_burst,0.43,0.0069589975512198655,0.43
X000158066,2026-01-23 21:45:35,C001300,A0001300,M00134,T00440,South,Midwest,344.31,USD,card_present,3ds,approved,APPROVE,160.21,2.1491167842207104,0,0,0,0,0,0,1,3,43,6,0,27,new_customer_terminal_pair;home_region_mismatch,0.27,0.09740959794451697,0.27
X000027464,2026-01-23 21:45:51,C000236,A0000236,M00176,T00556,Midwest,Midwest,40.65,USD,ecommerce,wallet_biometric,approved,APPROVE,99.34,0.40920072478357156,0,0,0,1,0,0,0,2,49,5,18,0,,0.0,0.004959658473931959,0.004959658473931959
X000091730,2026-01-23 21:46:09,C000769,A0000769,M00077,T00530,South,South,168.52,USD,card_present,chip_pin,approved,APPROVE,268.43,0.6277986812204299,0,0,0,0,0,0,0,5,111,14,33,43,customer_velocity;terminal_customer_network_burst,0.43,0.00954768103805141,0.43
X000067364,2026-01-23 21:46:41,C000571,A0000571,M00372,T00095,South,South,147.04,USD,ecommerce,3ds,approved,APPROVE,119.82,1.227174094475046,0,0,0,1,0,0,0,9,154,14,32,43,customer_velocity;terminal_customer_network_burst,0.43,0.01755408540450362,0.43
X000183112,2026-01-23 21:46:51,C001506,A0001506,M00255,T00006,West,West,97.23,USD,card_present,chip_pin,approved,APPROVE,75.16,1.2936402341671103,0,0,0,0,0,0,0,3,38,6,24,0,,0.0,0.00630274271675439,0.00630274271675439
X000163040,2026-01-23 21:47:23,C001345,A0001345,M00695,T00203,Midwest,Midwest,180.46,USD,card_present,chip_pin,approved,APPROVE,169.46,1.064912073645698,0,0,0,0,0,0,0,4,94,10,30,18,terminal_customer_network_burst,0.18,0.008114537254335715,0.18
X000098386,2026-01-23 21:47:55,C000824,A0000824,M00311,T01079,Midwest,Midwest,83.39,USD,card_present,magstripe,approved,APPROVE,32.74,2.5470372632864997,0,0,0,0,1,0,0,2,78,11,6,18,terminal_customer_network_burst,0.18,0.03398820106831067,0.18
X000155861,2026-01-23 21:48:11,C001283,A0001283,M00148,T01086,Midwest,Midwest,315.01,USD,ecommerce,3ds,approved,APPROVE,278.26,1.1320707252210163,0,0,0,1,0,0,0,5,129,11,21,43,customer_velocity;terminal_customer_network_burst,0.43,0.01265340690751747,0.43
X000129381,2026-01-23 21:49:19,C001064,A0001064,M00552,T00463,Northeast,Northeast,193.0,USD,ecommerce,chip_pin,approved,APPROVE,157.04,1.228986245542537,0,0,0,1,0,0,0,6,106,11,28,43,customer_velocity;terminal_customer_network_burst,0.43,0.011952712018715379,0.43
X000090846,2026-01-23 21:49:41,C000761,A0000761,M00517,T00531,Midwest,Midwest,114.37,USD,ecommerce,wallet_biometric,approved,APPROVE,202.51,0.5647622339637549,0,0,0,1,0,0,0,5,86,8,20,43,customer_velocity;terminal_customer_network_burst,0.43,0.007855325229885282,0.43
X000147869,2026-01-23 21:49:43,C001221,A0001221,M00563,T00283,Midwest,Midwest,69.06,USD,mobile_wallet,chip_pin,approved,APPROVE,130.45,0.529398236872365,0,0,0,0,0,1,0,3,20,4,17,0,,0.0,0.006297154243282254,0.006297154243282254
X000035326,2026-01-23 21:50:18,C000299,A0000299,M00020,T00254,South,South,26.32,USD,ecommerce,wallet_biometric,approved,APPROVE,73.28,0.35917030567685587,0,0,0,1,0,0,0,0,162,16,16,18,terminal_customer_network_burst,0.18,0.012009891639231905,0.18
X000041914,2026-01-23 21:50:39,C000355,A0000355,M00029,T00167,South,South,45.51,USD,ecommerce,magstripe,approved,APPROVE,34.49,1.3195129022905188,0,0,0,1,1,0,0,2,139,16,3,18,terminal_customer_network_burst,0.18,0.039508493303215174,0.18
X000076697,2026-01-23 21:51:44,C000645,A0000645,M00612,T01028,Northeast,West,41.34,USD,ecommerce,3ds,approved,APPROVE,32.93,1.2553902216823567,0,0,0,1,0,0,1,0,10,5,0,27,new_customer_terminal_pair;home_region_mismatch,0.27,0.06065597357072064,0.27
X000026317,2026-01-23 21:51:46,C000225,A0000225,M00507,T01055,South,South,33.21,USD,card_present,chip_pin,approved,APPROVE,31.9,1.0410658307210032,0,0,0,0,0,0,0,1,131,12,8,18,terminal_customer_network_burst,0.18,0.011877745646172564,0.18
X000198625,2026-01-23 21:52:04,C001627,A0001627,M00779,T00146,South,South,431.32,USD,mobile_wallet,magstripe,approved,APPROVE,272.19,1.5846283845842977,0,0,0,0,1,1,0,5,220,16,35,43,customer_velocity;terminal_customer_network_burst,0.43,0.044430303800801645,0.43
X000027779,2026-01-23 21:52:10,C000239,A0000239,M00535,T00761,West,West,18.29,USD,card_present,chip_pin,approved,APPROVE,19.76,0.9256072874493926,0,0,0,0,0,0,0,0,58,10,20,18,terminal_customer_network_burst,0.18,0.006915030103336022,0.18
X000135166,2026-01-23 21:53:06,C001110,A0001110,M00270,T00935,South,South,245.47,USD,ecommerce,magstripe,approved,APPROVE,129.57,1.8944971829898898,0,0,0,1,1,0,0,0,72,7,18,0,,0.0,0.016516448015742303,0.016516448015742303
X000104161,2026-01-23 21:53:19,C000877,A0000877,M00596,T01101,Midwest,Midwest,168.6,USD,card_present,wallet_biometric,approved,APPROVE,141.12,1.1947278911564625,0,0,0,0,0,0,0,2,107,10,10,18,terminal_customer_network_burst,0.18,0.010694322874092242,0.18
X000029816,2026-01-23 21:53:47,C000255,A0000255,M00404,T00936,Northeast,Northeast,45.15,USD,card_present,wallet_biometric,approved,APPROVE,31.53,1.4319695528068506,0,0,0,0,0,0,0,0,17,5,5,0,,0.0,0.00686949404985566,0.00686949404985566
X000136879,2026-01-23 21:54:01,C001126,A0001126,M00090,T00822,South,South,85.65,USD,card_present,chip_pin,approved,APPROVE,103.68,0.8260995370370371,0,0,0,0,0,0,0,4,132,11,22,18,terminal_customer_network_burst,0.18,0.00961054947050909,0.18
X000228668,2026-01-23 21:54:04,C001862,A0001862,M00098,T00432,West,West,88.16,USD,ecommerce,magstripe,approved,APPROVE,85.76,1.0279850746268655,0,0,0,1,1,0,0,0,24,4,14,0,,0.0,0.009570666225626462,0.009570666225626462
X000244417,2026-01-23 21:55:07,C001992,A0001992,M00111,T01015,Midwest,Midwest,32.99,USD,card_present,wallet_biometric,soft_decline,CHALLENGE,41.57,0.793601154678855,0,0,1,0,0,0,0,3,142,12,9,26,terminal_customer_network_burst;authentication_soft_decline,0.26,0.04998750609513094,0.26
X000094575,2026-01-23 21:55:15,C000790,A0000790,M00249,T00554,South,South,217.34,USD,card_present,magstripe,approved,APPROVE,153.21,1.4185758109783957,0,0,0,0,1,0,0,2,114,13,6,18,terminal_customer_network_burst,0.18,0.027601823649315477,0.18
X000098460,2026-01-23 21:55:44,C000825,A0000825,M00148,T00038,Midwest,Midwest,40.86,USD,card_present,chip_pin,approved,APPROVE,42.75,0.9557894736842105,0,0,0,0,0,0,0,1,45,10,7,18,terminal_customer_network_burst,0.18,0.00885632680051169,0.18
X000066610,2026-01-23 21:56:41,C000565,A0000565,M00478,T00667,Midwest,Midwest,22.1,USD,card_present,chip_pin,approved,APPROVE,24.38,0.9064807219031994,0,0,0,0,0,0,0,3,130,13,11,18,terminal_customer_network_burst,0.18,0.012860835834879332,0.18
X000048239,2026-01-23 21:56:44,C000405,A0000405,M00659,T00047,Northeast,Northeast,45.76,USD,card_present,chip_pin,approved,APPROVE,61.46,0.7445493003579563,0,0,0,0,0,0,0,2,98,10,16,18,terminal_customer_network_burst,0.18,0.008139888134653914,0.18
X000138805,2026-01-23 21:56:59,C001143,A0001143,M00550,T00423,West,West,172.35,USD,card_present,chip_pin,approved,APPROVE,75.56,2.280968766543144,0,0,0,0,0,0,0,1,59,6,0,15,new_customer_terminal_pair,0.15,0.012265001904024546,0.15
X000050194,2026-01-23 21:57:35,C000420,A0000420,M00205,T00871,South,South,33.79,USD,card_present,3ds,approved,APPROVE,10.28,3.2869649805447474,0,0,0,0,0,0,0,2,84,8,15,48,amount_vs_profile;terminal_customer_network_burst,0.48,0.017729764335711152,0.48
X000100433,2026-01-23 21:58:40,C000845,A0000845,M00596,T00100,Midwest,Midwest,123.64,USD,mobile_wallet,chip_pin,approved,APPROVE,175.06,0.7062721352679081,0,0,0,0,0,1,0,3,41,4,27,0,,0.0,0.005932944689423686,0.005932944689423686
X000234483,2026-01-23 21:58:50,C001912,A0001912,M00379,T01176,South,South,111.98,USD,card_present,chip_pin,approved,APPROVE,53.95,2.075625579240037,0,0,0,0,0,0,0,0,132,13,7,18,terminal_customer_network_burst,0.18,0.017982044067084913,0.18
X000020209,2026-01-23 21:59:55,C000175,A0000175,M00119,T00895,South,South,62.63,USD,card_present,3ds,approved,APPROVE,39.71,1.5771845882649207,0,0,0,0,0,0,0,1,150,14,5,18,terminal_customer_network_burst,0.18,0.01800911792930236,0.18
X000041915,2026-01-23 21:59:59,C000355,A0000355,M00001,T00955,South,South,46.16,USD,ecommerce,chip_pin,approved,APPROVE,34.49,1.3383589446216293,0,0,0,1,0,0,0,3,148,13,19,18,terminal_customer_network_burst,0.18,0.015091753416168405,0.18
X000156513,2026-01-23 22:00:40,C001288,A0001288,M00050,T01119,Midwest,Midwest,270.67,USD,ecommerce,3ds,approved,APPROVE,179.13,1.5110255121978453,0,0,0,1,0,0,0,2,130,12,10,18,terminal_customer_network_burst,0.18,0.015881186873806845,0.18
X000018790,2026-01-23 22:00:43,C000161,A0000161,M00038,T00874,South,South,125.55,USD,card_present,chip_pin,approved,APPROVE,66.62,1.884569198438907,0,0,0,0,0,0,0,2,255,20,15,18,terminal_customer_network_burst,0.18,0.03274375170784489,0.18
X000223414,2026-01-23 22:01:05,C001821,A0001821,M00243,T00806,South,South,57.93,USD,card_present,3ds,approved,APPROVE,61.57,0.940880298846841,0,0,0,0,0,0,0,0,121,10,8,18,terminal_customer_network_burst,0.18,0.009251426127247523,0.18
X000041023,2026-01-23 22:01:09,C000348,A0000348,M00122,T00125,South,South,23.63,USD,ecommerce,chip_pin,approved,APPROVE,38.38,0.6156852527357999,0,0,0,1,0,0,0,0,94,10,9,18,terminal_customer_network_burst,0.18,0.008568332889902055,0.18
X000148589,2026-01-23 22:01:49,C001225,A0001225,M00507,T00488,South,South,129.95,USD,card_present,magstripe,approved,APPROVE,171.02,0.7598526488130042,0,0,0,0,1,0,0,13,134,10,53,63,customer_velocity;high_customer_velocity;terminal_customer_network_burst,0.63,0.015427625953706246,0.63
X000039137,2026-01-23 22:02:00,C000333,A0000333,M00513,T00308,Midwest,Midwest,234.42,USD,card_present,3ds,approved,APPROVE,85.49,2.742075096502515,0,0,0,0,0,0,0,5,95,7,20,25,customer_velocity,0.25,0.014876416389081293,0.25
X000099605,2026-01-23 22:02:00,C000837,A0000837,M00159,T00555,Northeast,Northeast,35.11,USD,card_present,3ds,approved,APPROVE,44.81,0.7835304619504574,0,0,0,0,0,0,0,0,59,7,17,0,,0.0,0.00553460006942648,0.00553460006942648
X000177286,2026-01-23 22:02:40,C001460,A0001460,M00739,T00701,Midwest,South,291.45,USD,ecommerce,wallet_biometric,approved,APPROVE,140.53,2.0739343912331885,0,0,0,1,0,0,1,4,130,15,0,45,new_customer_terminal_pair;terminal_customer_network_burst;home_region_mismatch,0.45,0.21355318272446894,0.45
X000033979,2026-01-23 22:02:49,C000289,A0000289,M00780,T00700,West,West,164.51,USD,mobile_wallet,3ds,approved,APPROVE,157.83,1.0423240195146675,0,0,0,0,0,1,0,2,42,6,31,0,,0.0,0.006932935914697366,0.006932935914697366
X000233324,2026-01-23 22:03:15,C001902,A0001902,M00122,T00125,South,South,85.68,USD,ecommerce,chip_pin,approved,APPROVE,144.3,0.5937629937629938,0,0,0,1,0,0,0,2,95,10,25,18,terminal_customer_network_burst,0.18,0.00735666004212912,0.18
X000004844,2026-01-23 22:03:27,C000044,A0000044,M00791,T00304,South,South,21.63,USD,ecommerce,chip_pin,approved,APPROVE,23.35,0.9263383297644538,0,0,0,1,0,0,0,1,171,12,6,18,terminal_customer_network_burst,0.18,0.013803829818397144,0.18
X000150587,2026-01-23 22:03:58,C001239,A0001239,M00596,T01101,Midwest,Midwest,167.24,USD,card_present,chip_pin,approved,APPROVE,63.27,2.6432748538011697,0,0,0,0,0,0,0,1,108,10,19,18,terminal_customer_network_burst,0.18,0.014997959608936162,0.18
X000218726,2026-01-23 22:04:48,C001787,A0001787,M00347,T00680,Midwest,Midwest,15.26,USD,mobile_wallet,chip_pin,approved,APPROVE,53.45,0.2855004677268475,0,0,0,0,0,1,0,2,52,6,13,0,,0.0,0.007071960660071732,0.007071960660071732
X000167370,2026-01-23 22:04:59,C001382,A0001382,M00628,T01005,West,West,53.92,USD,card_present,3ds,approved,APPROVE,27.18,1.9838116261957321,0,0,0,0,0,0,0,1,45,7,8,0,,0.0,0.010216813342800328,0.010216813342800328
X000133320,2026-01-23 22:05:02,C001099,A0001099,M00139,T00632,Northeast,Northeast,86.19,USD,ecommerce,chip_pin,approved,APPROVE,103.35,0.8339622641509434,0,0,0,1,0,0,0,3,101,7,18,0,,0.0,0.007665111597721598,0.007665111597721598
X000219523,2026-01-23 22:05:27,C001793,A0001793,M00159,T01088,Northeast,Northeast,13.35,USD,mobile_wallet,chip_pin,approved,APPROVE,36.29,0.36786993662165884,0,0,0,0,0,1,0,1,26,4,7,0,,0.0,0.006308507941952652,0.006308507941952652
X000035678,2026-01-23 22:05:33,C000303,A0000303,M00304,T00684,Midwest,Midwest,57.31,USD,ecommerce,wallet_biometric,approved,APPROVE,55.72,1.0285355348169418,0,0,0,1,0,0,0,0,97,13,9,18,terminal_customer_network_burst,0.18,0.012454762765090955,0.18
X000139959,2026-01-23 22:06:02,C001154,A0001154,M00556,T00223,South,South,170.43,USD,card_present,wallet_biometric,approved,APPROVE,200.38,0.8505339854276874,0,0,0,0,0,0,0,2,121,9,27,18,terminal_customer_network_burst,0.18,0.006859924818629462,0.18
X000045012,2026-01-23 22:06:13,C000379,A0000379,M00212,T00443,Midwest,Midwest,163.17,USD,card_present,3ds,approved,APPROVE,300.48,0.5430311501597443,0,0,0,0,0,0,0,4,92,9,33,18,terminal_customer_network_burst,0.18,0.005921838406963156,0.18
X000126909,2026-01-23 22:06:16,C001045,A0001045,M00067,T00654,South,South,25.43,USD,card_present,chip_pin,approved,APPROVE,24.63,1.0324807145757207,0,0,0,0,0,0,0,2,68,8,17,18,terminal_customer_network_burst,0.18,0.007349842431147582,0.18
X000030003,2026-01-23 22:07:06,C000257,A0000257,M00766,T00445,West,West,16.15,USD,card_present,wallet_biometric,approved,APPROVE,21.9,0.7374429223744292,0,0,0,0,0,0,0,0,67,11,10,18,terminal_customer_network_burst,0.18,0.008234341081311658,0.18
X000173782,2026-01-23 22:07:33,C001433,A0001433,M00258,T00527,West,West,44.1,USD,ecommerce,chip_pin,approved,APPROVE,36.05,1.2233009708737865,0,0,0,1,0,0,0,2,76,7,12,0,,0.0,0.008869518494981337,0.008869518494981337
X000060837,2026-01-23 22:07:39,C000518,A0000518,M00302,T01118,Northeast,Northeast,39.79,USD,ecommerce,wallet_biometric,approved,APPROVE,50.22,0.7923138191955397,0,0,0,1,0,0,0,3,72,9,11,18,terminal_customer_network_burst,0.18,0.009319440865199471,0.18
X000125961,2026-01-23 22:08:00,C001038,A0001038,M00585,T00052,Midwest,Midwest,28.1,USD,ecommerce,magstripe,approved,APPROVE,44.44,0.6323132313231323,0,0,0,1,1,0,0,2,124,13,6,18,terminal_customer_network_burst,0.18,0.023281188208627002,0.18
X000088086,2026-01-23 22:08:45,C000740,A0000740,M00163,T00147,Midwest,Midwest,14.02,USD,card_present,chip_pin,approved,APPROVE,16.08,0.8718905472636816,0,0,0,0,0,0,0,5,52,7,19,25,customer_velocity,0.25,0.0071291882727753985,0.25
X000118924,2026-01-23 22:08:45,C000985,A0000985,M00013,T00686,South,South,122.54,USD,card_present,magstripe,approved,APPROVE,65.16,1.8806015960712095,0,0,0,0,1,0,0,3,175,17,22,18,terminal_customer_network_burst,0.18,0.03909023105037625,0.18
X000136880,2026-01-23 22:09:07,C001126,A0001126,M00090,T00822,South,South,136.34,USD,ecommerce,chip_pin,approved,APPROVE,103.68,1.3150077160493827,0,0,0,1,0,0,0,5,133,11,23,43,customer_velocity;terminal_customer_network_burst,0.43,0.013193224816122576,0.43
X000063460,2026-01-23 22:09:23,C000539,A0000539,M00217,T00815,South,South,29.79,USD,card_present,3ds,approved,APPROVE,38.14,0.781069743051914,0,0,0,0,0,0,0,1,94,13,9,18,terminal_customer_network_burst,0.18,0.010800575189879084,0.18
X000029592,2026-01-23 22:09:52,C000254,A0000254,M00298,T00088,Northeast,Northeast,107.5,USD,card_present,3ds,approved,APPROVE,244.89,0.4389725999428315,0,0,0,0,0,0,0,5,156,10,34,43,customer_velocity;terminal_customer_network_burst,0.43,0.007023259159908789,0.43
X000138896,2026-01-23 22:10:06,C001144,A0001144,M00410,T00952,South,South,67.99,USD,card_present,chip_pin,approved,APPROVE,55.97,1.2147579060210827,0,0,0,0,0,0,0,3,91,13,19,18,terminal_customer_network_burst,0.18,0.01196546354403196,0.18
X000117328,2026-01-23 22:10:19,C000973,A0000973,M00172,T00722,Northeast,Northeast,185.68,USD,ecommerce,chip_pin,approved,APPROVE,257.81,0.7202203172879252,0,0,0,1,0,0,0,2,190,12,28,18,terminal_customer_network_burst,0.18,0.009848427450831946,0.18
X000031961,2026-01-23 22:10:24,C000271,A0000271,M00524,T00237,West,West,101.28,USD,mobile_wallet,3ds,approved,APPROVE,190.23,0.5324081375177417,0,0,0,0,0,1,0,4,126,13,13,18,terminal_customer_network_burst,0.18,0.01602112013501226,0.18
X000113030,2026-01-23 22:10:38,C000944,A0000944,M00450,T00640,Northeast,Northeast,183.16,USD,card_present,3ds,approved,APPROVE,227.5,0.805098901098901,0,0,0,0,0,0,0,8,183,9,53,43,customer_velocity;terminal_customer_network_burst,0.43,0.006766011013447903,0.43
X000104566,2026-01-23 22:11:00,C000880,A0000880,M00183,T00617,South,South,298.95,USD,mobile_wallet,wallet_biometric,approved,APPROVE,74.29,4.024094763763628,0,0,0,0,0,1,0,3,93,11,7,48,amount_vs_profile;terminal_customer_network_burst,0.48,0.04826613052572623,0.48
X000019113,2026-01-23 22:11:14,C000165,A0000165,M00800,T00613,West,West,49.09,USD,ecommerce,magstripe,approved,APPROVE,43.52,1.1279871323529411,0,0,0,1,1,0,0,2,73,9,16,18,terminal_customer_network_burst,0.18,0.016552951065922458,0.18
X000176421,2026-01-23 22:11:32,C001454,A0001454,M00267,T00878,West,West,32.4,USD,card_present,wallet_biometric,approved,APPROVE,29.3,1.10580204778157,0,0,0,0,0,0,0,0,58,7,12,0,,0.0,0.006730224988922186,0.006730224988922186
X000206125,2026-01-23 22:11:39,C001682,A0001682,M00386,T00008,Northeast,Northeast,71.27,USD,mobile_wallet,chip_pin,approved,APPROVE,64.09,1.1120299578717427,0,0,0,0,0,1,0,5,105,10,16,43,customer_velocity;terminal_customer_network_burst,0.43,0.015507606918360589,0.43
X000022802,2026-01-23 22:11:41,C000196,A0000196,M00269,T01178,Midwest,West,220.83,USD,card_present,wallet_biometric,approved,APPROVE,195.69,1.1284684960907558,0,0,0,0,0,0,1,7,4,4,0,52,customer_velocity;new_customer_terminal_pair;home_region_mismatch,0.52,0.06912767552343563,0.52
X000116677,2026-01-23 22:12:19,C000968,A0000968,M00645,T00905,South,South,38.38,USD,ecommerce,wallet_biometric,approved,APPROVE,34.2,1.1222222222222222,0,0,0,1,0,0,0,0,194,17,9,18,terminal_customer_network_burst,0.18,0.01996685828833266,0.18
X000142978,2026-01-23 22:12:23,C001178,A0001178,M00770,T01186,Midwest,Midwest,67.2,USD,mobile_wallet,chip_pin,approved,APPROVE,78.42,0.8569242540168325,0,0,0,0,0,1,0,3,53,9,4,18,terminal_customer_network_burst,0.18,0.01318029584933324,0.18
X000152628,2026-01-23 22:12:49,C001255,A0001255,M00160,T00039,South,South,57.29,USD,ecommerce,wallet_biometric,approved,APPROVE,41.83,1.369591202486254,0,0,0,1,0,0,0,5,123,11,17,43,customer_velocity;terminal_customer_network_burst,0.43,0.014553435356944084,0.43
X000112600,2026-01-23 22:12:54,C000942,A0000942,M00387,T00209,Northeast,Northeast,30.79,USD,ecommerce,wallet_biometric,approved,APPROVE,66.3,0.46440422322775265,0,0,0,1,0,0,0,1,96,11,7,18,terminal_customer_network_burst,0.18,0.009509222703168905,0.18
X000227371,2026-01-23 22:13:00,C001853,A0001853,M00684,T01008,West,West,204.6,USD,ecommerce,chip_pin,approved,APPROVE,242.76,0.842807711319822,0,0,0,1,0,0,0,1,71,8,32,18,terminal_customer_network_burst,0.18,0.005706108721937858,0.18
X000009202,2026-01-23 22:13:29,C000084,A0000084,M00621,T00832,West,West,24.51,USD,card_present,magstripe,approved,APPROVE,30.98,0.7911555842479019,0,0,0,0,1,0,0,1,22,5,4,0,,0.0,0.010492689311722129,0.010492689311722129
X000232472,2026-01-23 22:13:51,C001896,A0001896,M00227,T00504,Midwest,Midwest,69.39,USD,ecommerce,3ds,approved,APPROVE,46.29,1.4990278677900195,0,0,0,1,0,0,0,1,159,11,13,18,terminal_customer_network_burst,0.18,0.013929055354260898,0.18
X000106647,2026-01-23 22:14:20,C000894,A0000894,M00423,T00106,South,South,498.57,USD,card_present,magstripe,approved,APPROVE,442.56,1.1265591106290673,0,0,0,0,1,0,0,4,101,14,39,18,terminal_customer_network_burst,0.18,0.017418779379622776,0.18
X000232368,2026-01-23 22:14:36,C001895,A0001895,M00257,T00772,South,South,26.7,USD,mobile_wallet,chip_pin,approved,APPROVE,63.18,0.4226020892687559,0,0,0,0,0,1,0,0,190,17,13,18,terminal_customer_network_burst,0.18,0.018406859446230356,0.18
X000099209,2026-01-23 22:14:55,C000832,A0000832,M00639,T00245,Midwest,Midwest,24.29,USD,card_present,chip_pin,approved,APPROVE,28.61,0.8490038448095072,0,0,0,0,0,0,0,2,59,9,6,18,terminal_customer_network_burst,0.18,0.00866101253009712,0.18
X000095795,2026-01-23 22:15:16,C000800,A0000800,M00393,T00751,Northeast,Northeast,96.89,USD,card_present,chip_pin,approved,APPROVE,46.67,2.0760659952860507,0,0,0,0,0,0,0,2,86,9,16,18,terminal_customer_network_burst,0.18,0.012103582690518897,0.18
X000040517,2026-01-23 22:16:06,C000344,A0000344,M00460,T00355,Midwest,Midwest,97.09,USD,card_present,wallet_biometric,approved,APPROVE,46.73,2.0776802910335976,0,0,0,0,0,0,0,1,89,10,19,18,terminal_customer_network_burst,0.18,0.011848070905461638,0.18
X000236473,2026-01-23 22:16:54,C001929,A0001929,M00790,T00112,Northeast,Northeast,156.6,USD,ecommerce,chip_pin,approved,APPROVE,150.31,1.0418468498436564,0,0,0,1,0,0,0,3,125,16,25,18,terminal_customer_network_burst,0.18,0.014797907180585547,0.18
X000075902,2026-01-23 22:17:29,C000638,A0000638,M00144,T00521,West,West,23.06,USD,card_present,3ds,approved,APPROVE,27.22,0.8471711976487877,0,0,0,0,0,0,0,2,59,7,17,0,,0.0,0.006294330665266702,0.006294330665266702
X000060106,2026-01-23 22:17:37,C000512,A0000512,M00436,T01032,Midwest,Midwest,43.1,USD,card_present,3ds,approved,APPROVE,77.47,0.5563443913773074,0,0,0,0,0,0,0,1,54,7,18,0,,0.0,0.005241150695988979,0.005241150695988979
X000061324,2026-01-23 22:17:39,C000523,A0000523,M00608,T00027,South,South,62.55,USD,card_present,chip_pin,approved,APPROVE,46.64,1.341123499142367,0,0,0,0,0,0,0,0,171,17,8,18,terminal_customer_network_burst,0.18,0.01920317660515323,0.18
X000112322,2026-01-23 22:17:42,C000939,A0000939,M00084,T00910,Midwest,Midwest,58.18,USD,ecommerce,chip_pin,approved,APPROVE,62.85,0.9256961018297534,0,0,0,1,0,0,0,2,94,11,9,18,terminal_customer_network_burst,0.18,0.011464203712207452,0.18
X000045978,2026-01-23 22:17:53,C000385,A0000385,M00533,T00261,Northeast,Northeast,73.29,USD,ecommerce,wallet_biometric,approved,APPROVE,56.78,1.2907713983797113,0,0,0,1,0,0,0,3,129,11,10,18,terminal_customer_network_burst,0.18,0.014339845555983787,0.18
X000211951,2026-01-23 22:18:30,C001728,A0001728,M00594,T00498,Northeast,Northeast,64.73,USD,card_present,chip_pin,approved,APPROVE,108.82,0.5948355081786437,0,0,0,0,0,0,0,2,52,7,11,0,,0.0,0.006235552009417798,0.006235552009417798
X000109617,2026-01-23 22:18:47,C000916,A0000916,M00315,T01023,Midwest,Midwest,216.21,USD,card_present,chip_pin,approved,APPROVE,125.73,1.7196373180625149,0,0,0,0,0,0,0,4,90,8,38,18,terminal_customer_network_burst,0.18,0.007819605974023954,0.18
X000091435,2026-01-23 22:18:59,C000767,A0000767,M00067,T00948,South,South,167.43,USD,ecommerce,wallet_biometric,approved,APPROVE,94.13,1.7787102942738766,0,0,0,1,0,0,0,3,153,15,17,18,terminal_customer_network_burst,0.18,0.02126880427392237,0.18
X000083676,2026-01-23 22:19:31,C000699,A0000699,M00010,T00620,Northeast,Northeast,122.18,USD,card_present,wallet_biometric,approved,APPROVE,60.63,2.0151740062675243,0,0,0,0,0,0,0,2,57,12,11,18,terminal_customer_network_burst,0.18,0.015213504347580214,0.18
X000201649,2026-01-23 22:19:40,C001650,A0001650,M00131,T00897,West,West,529.8,USD,ecommerce,chip_pin,approved,APPROVE,267.79,1.9784159229246794,0,0,0,1,0,0,0,9,108,10,52,43,customer_velocity;terminal_customer_network_burst,0.43,0.011792587851213888,0.43
X000148117,2026-01-23 22:19:48,C001223,A0001223,M00184,T00927,South,South,73.96,USD,ecommerce,chip_pin,approved,APPROVE,42.23,1.7513615912858158,0,0,0,1,0,0,0,2,203,17,14,18,terminal_customer_network_burst,0.18,0.026088431107440753,0.18
X000078201,2026-01-23 22:19:59,C000658,A0000658,M00292,T00447,South,South,14.25,USD,ecommerce,magstripe,approved,APPROVE,28.9,0.4930795847750865,0,0,0,1,1,0,0,0,59,9,4,18,terminal_customer_network_burst,0.18,0.013960997228475857,0.18
X000184040,2026-01-23 22:20:16,C001516,A0001516,M00600,T00588,South,South,66.88,USD,ecommerce,chip_pin,approved,APPROVE,98.31,0.680297019631777,0,0,0,1,0,0,0,4,93,13,14,18,terminal_customer_network_burst,0.18,0.012423869764243641,0.18
X000197267,2026-01-23 22:20:21,C001620,A0001620,M00205,T00154,South,South,44.24,USD,mobile_wallet,chip_pin,approved,APPROVE,46.96,0.9420783645655878,0,0,0,0,0,1,0,2,69,8,7,18,terminal_customer_network_burst,0.18,0.011737317503701392,0.18
X000130304,2026-01-23 22:20:49,C001071,A0001071,M00365,T00733,South,South,47.72,USD,card_present,wallet_biometric,approved,APPROVE,47.75,0.9993717277486911,0,0,0,0,0,0,0,1,148,17,15,18,terminal_customer_network_burst,0.18,0.015468640639712388,0.18
X000146091,2026-01-23 22:21:54,C001205,A0001205,M00330,T01113,West,West,37.22,USD,ecommerce,3ds,approved,APPROVE,69.5,0.5355395683453237,0,0,0,1,0,0,0,4,86,12,19,18,terminal_customer_network_burst,0.18,0.010024442698628008,0.18
X000042264,2026-01-23 22:22:25,C000358,A0000358,M00392,T00305,Midwest,Midwest,84.3,USD,card_present,chip_pin,approved,APPROVE,158.82,0.5307895731016244,0,0,0,0,0,0,0,0,81,10,13,18,terminal_customer_network_burst,0.18,0.0069172268682573075,0.18
X000168999,2026-01-23 22:22:35,C001397,A0001397,M00743,T00220,South,South,58.83,USD,card_present,chip_pin,approved,APPROVE,55.89,1.0526033279656468,0,0,0,0,0,0,0,5,84,12,19,43,customer_velocity;terminal_customer_network_burst,0.43,0.011517935105992232,0.43
X000199704,2026-01-23 22:23:18,C001637,A0001637,M00247,T01144,South,South,229.95,USD,card_present,chip_pin,approved,APPROVE,150.55,1.527399535038193,0,0,0,0,0,0,0,6,234,21,44,43,customer_velocity;terminal_customer_network_burst,0.43,0.02356848768728723,0.43
X000095931,2026-01-23 22:24:36,C000801,A0000801,M00184,T00927,South,South,19.74,USD,card_present,3ds,approved,APPROVE,34.12,0.5785463071512309,0,0,0,0,0,0,0,2,204,17,20,18,terminal_customer_network_burst,0.18,0.014089975896271045,0.18
X000027173,2026-01-23 22:25:01,C000234,A0000234,M00442,T00713,West,West,73.11,USD,ecommerce,magstripe,approved,APPROVE,126.7,0.5770323599052881,0,0,0,1,1,0,0,2,74,9,21,18,terminal_customer_network_burst,0.18,0.012543319135640123,0.18
X000158973,2026-01-23 22:25:36,C001308,A0001308,M00787,T00660,South,South,17.04,USD,card_present,chip_pin,approved,APPROVE,55.99,0.3043400607251295,0,0,0,0,0,0,0,1,75,12,11,18,terminal_customer_network_burst,0.18,0.00793542918987926,0.18
X000120289,2026-01-23 22:25:49,C000999,A0000999,M00351,T00802,West,West,31.96,USD,ecommerce,3ds,approved,APPROVE,28.63,1.1163115612993364,0,0,0,1,0,0,0,3,97,11,6,18,terminal_customer_network_burst,0.18,0.013634605879493758,0.18
X000083255,2026-01-23 22:26:07,C000696,A0000696,M00706,T00409,Northeast,Northeast,50.21,USD,card_present,wallet_biometric,approved,APPROVE,156.98,0.31984966237737295,0,0,0,0,0,0,0,3,121,11,28,18,terminal_customer_network_burst,0.18,0.006776201489042038,0.18
X000079471,2026-01-23 22:26:13,C000669,A0000669,M00416,T00451,West,West,19.96,USD,mobile_wallet,3ds,approved,APPROVE,24.18,0.8254755996691481,0,0,0,0,0,1,0,1,48,7,11,0,,0.0,0.009025175205187058,0.009025175205187058
X000075685,2026-01-23 22:26:36,C000636,A0000636,M00192,T00798,South,South,78.35,USD,card_present,chip_pin,approved,APPROVE,39.78,1.9695827048768224,0,0,0,0,0,0,0,0,124,11,11,18,terminal_customer_network_burst,0.18,0.013896040530825068,0.18
X000186994,2026-01-23 22:27:20,C001538,A0001538,M00574,T00190,Midwest,Midwest,25.76,USD,ecommerce,wallet_biometric,approved,APPROVE,53.88,0.47809948032665184,0,0,0,1,0,0,0,1,174,15,17,18,terminal_customer_network_burst,0.18,0.012326274184151427,0.18
X000081714,2026-01-23 22:27:44,C000684,A0000684,M00037,T00050,West,West,111.88,USD,mobile_wallet,chip_pin,approved,APPROVE,87.94,1.272231066636343,0,0,0,0,0,1,0,1,81,8,20,18,terminal_customer_network_burst,0.18,0.01044909041938332,0.18
X000068611,2026-01-23 22:28:01,C000582,A0000582,M00666,T00992,South,South,106.83,USD,ecommerce,wallet_biometric,approved,APPROVE,56.33,1.8965027516421091,0,0,0,1,0,0,0,0,79,13,5,18,terminal_customer_network_burst,0.18,0.017695439054199864,0.18
X000133321,2026-01-23 22:28:49,C001099,A0001099,M00139,T00632,Northeast,Northeast,121.84,USD,ecommerce,3ds,approved,APPROVE,103.35,1.1789066279632319,0,0,0,1,0,0,0,4,102,7,19,0,,0.0,0.009039886289409667,0.009039886289409667
X000044357,2026-01-23 22:28:52,C000376,A0000376,M00265,T01076,West,West,423.15,USD,ecommerce,chip_pin,approved,APPROVE,189.71,2.2305097253703017,0,0,0,1,0,0,0,4,75,6,43,0,,0.0,0.008140648410383325,0.008140648410383325
X000222381,2026-01-23 22:29:09,C001812,A0001812,M00318,T00746,Midwest,Midwest,24.11,USD,card_present,wallet_biometric,approved,APPROVE,40.91,0.5893424590564654,0,0,0,0,0,0,0,0,182,18,10,18,terminal_customer_network_burst,0.18,0.015480195239026657,0.18
X000150429,2026-01-23 22:29:26,C001238,A0001238,M00335,T00070,South,South,78.2,USD,card_present,chip_pin,approved,APPROVE,130.71,0.598270981562237,0,0,0,0,0,0,0,0,227,17,21,18,terminal_customer_network_burst,0.18,0.013039490633560668,0.18
X000215344,2026-01-23 22:29:52,C001758,A0001758,M00742,T00512,Northeast,Northeast,36.74,USD,mobile_wallet,wallet_biometric,approved,APPROVE,40.57,0.9055952674389943,0,0,0,0,0,1,0,1,61,10,14,18,terminal_customer_network_burst,0.18,0.011253614172165303,0.18
X000187226,2026-01-23 22:29:57,C001540,A0001540,M00769,T00996,West,West,62.93,USD,card_present,magstripe,approved,APPROVE,48.39,1.3004753048150444,0,0,0,0,1,0,0,0,139,7,9,0,,0.0,0.015354401051444094,0.015354401051444094
X000020210,2026-01-23 22:30:09,C000175,A0000175,M00090,T00822,South,South,14.0,USD,card_present,chip_pin,approved,APPROVE,39.71,0.35255603122639134,0,0,0,0,0,0,0,2,134,11,10,18,terminal_customer_network_burst,0.18,0.008805542469288613,0.18
X000098894,2026-01-23 22:30:29,C000829,A0000829,M00367,T00335,South,South,34.85,USD,mobile_wallet,chip_pin,approved,APPROVE,31.11,1.1202185792349728,0,0,0,0,0,1,0,0,114,11,16,18,terminal_customer_network_burst,0.18,0.013062527029259535,0.18
X000241532,2026-01-23 22:30:50,C001971,A0001971,M00684,T01008,West,West,179.04,USD,ecommerce,wallet_biometric,approved,APPROVE,150.08,1.192963752665245,0,0,0,1,0,0,0,2,72,8,16,18,terminal_customer_network_burst,0.18,0.008806357526164415,0.18
X000138577,2026-01-23 22:30:53,C001141,A0001141,M00345,T00208,South,South,37.29,USD,card_present,magstripe,approved,APPROVE,44.06,0.8463458919655015,0,0,0,0,1,0,0,1,127,16,10,18,terminal_customer_network_burst,0.18,0.025353138121751346,0.18
X000156427,2026-01-23 22:31:21,C001287,A0001287,M00798,T01060,Northeast,Northeast,32.7,USD,card_present,chip_pin,soft_decline,CHALLENGE,23.67,1.3814955640050697,0,0,1,0,0,0,0,3,139,10,11,26,terminal_customer_network_burst;authentication_soft_decline,0.26,0.05164464742295105,0.26
X000191304,2026-01-23 22:31:55,C001570,A0001570,M00438,T00385,Midwest,Midwest,59.35,USD,ecommerce,3ds,approved,APPROVE,48.92,1.2132052330335241,0,0,0,1,0,0,0,1,66,8,9,18,terminal_customer_network_burst,0.18,0.00930801936347025,0.18
X000063697,2026-01-23 22:32:01,C000541,A0000541,M00184,T00927,South,South,155.08,USD,card_present,chip_pin,approved,APPROVE,96.59,1.605549228698623,0,0,0,0,0,0,0,4,205,17,36,18,terminal_customer_network_burst,0.18,0.017749234483557193,0.18
X000035327,2026-01-23 22:32:15,C000299,A0000299,M00247,T01144,South,South,64.75,USD,ecommerce,3ds,approved,APPROVE,73.28,0.8835971615720524,0,0,0,1,0,0,0,1,235,21,20,18,terminal_customer_network_burst,0.18,0.023088128854300876,0.18
X000092768,2026-01-23 22:32:25,C000777,A0000777,M00199,T00748,Midwest,Midwest,13.72,USD,mobile_wallet,wallet_biometric,approved,APPROVE,41.53,0.3303635925836745,0,0,0,0,0,1,0,0,41,11,17,18,terminal_customer_network_burst,0.18,0.008605796122298233,0.18
X000086383,2026-01-23 22:33:35,C000725,A0000725,M00459,T00795,Northeast,Northeast,98.1,USD,card_present,wallet_biometric,approved,APPROVE,82.78,1.1850688572118868,0,0,0,0,0,0,0,3,131,10,18,18,terminal_customer_network_burst,0.18,0.010281488216577579,0.18
X000243070,2026-01-23 22:34:19,C001983,A0001983,M00171,T00468,Northeast,Northeast,16.49,USD,ecommerce,wallet_biometric,approved,APPROVE,16.42,1.0042630937880632,0,0,0,1,0,0,0,0,59,7,5,0,,0.0,0.008010721716629188,0.008010721716629188
X000020696,2026-01-23 22:35:03,C000180,A0000180,M00542,T00201,South,South,100.52,USD,card_present,wallet_biometric,approved,APPROVE,39.47,2.5467443628071953,0,0,0,0,0,0,0,0,103,10,11,18,terminal_customer_network_burst,0.18,0.015448411909824943,0.18
X000084042,2026-01-23 22:35:03,C000703,A0000703,M00019,T00745,Northeast,Northeast,28.92,USD,card_present,chip_pin,approved,APPROVE,34.84,0.8300803673938002,0,0,0,0,0,0,0,1,92,11,9,18,terminal_customer_network_burst,0.18,0.009478164099196319,0.18
X000077434,2026-01-23 22:35:05,C000652,A0000652,M00378,T01196,South,South,46.4,USD,card_present,chip_pin,approved,APPROVE,50.82,0.9130263675718221,0,0,0,0,0,0,0,0,83,7,8,0,,0.0,0.00693922901566195,0.00693922901566195
X000129008,2026-01-23 22:36:26,C001061,A0001061,M00408,T00920,South,Northeast,43.07,USD,ecommerce,chip_pin,approved,APPROVE,35.4,1.2166666666666668,0,0,0,1,0,0,1,1,68,8,0,45,new_customer_terminal_pair;terminal_customer_network_burst;home_region_mismatch,0.45,0.08388897018005678,0.45
X000171713,2026-01-23 22:36:59,C001416,A0001416,M00493,T00917,West,West,29.63,USD,ecommerce,3ds,approved,APPROVE,52.88,0.5603252647503781,0,0,0,1,0,0,0,0,57,11,13,18,terminal_customer_network_burst,0.18,0.008010864350154152,0.18
X000209348,2026-01-23 22:37:06,C001709,A0001709,M00640,T00037,Midwest,Midwest,63.5,USD,ecommerce,magstripe,approved,APPROVE,57.15,1.1111111111111112,0,0,0,1,1,0,0,2,138,10,21,18,terminal_customer_network_burst,0.18,0.018072240497152985,0.18
X000009827,2026-01-23 22:37:28,C000089,A0000089,M00190,T01150,West,West,144.84,USD,mobile_wallet,chip_pin,approved,APPROVE,166.7,0.8688662267546492,0,0,0,0,0,1,0,0,68,10,20,18,terminal_customer_network_burst,0.18,0.009696661002054153,0.18
X000003414,2026-01-23 22:37:35,C000030,A0000030,M00615,T00560,Midwest,Midwest,19.36,USD,ecommerce,wallet_biometric,approved,APPROVE,26.86,0.7207743857036485,0,0,0,1,0,0,0,1,94,10,9,18,terminal_customer_network_burst,0.18,0.00938458952175291,0.18
X000135316,2026-01-23 22:37:41,C001111,A0001111,M00082,T00557,Northeast,Northeast,143.27,USD,card_present,3ds,approved,APPROVE,130.9,1.0944996180290298,0,0,0,0,0,0,0,3,103,10,20,18,terminal_customer_network_burst,0.18,0.009232006906074876,0.18
X000106648,2026-01-23 22:38:01,C000894,A0000894,M00423,T00106,South,South,518.38,USD,card_present,3ds,approved,APPROVE,442.56,1.17132140274765,0,0,0,0,0,0,0,4,102,14,40,18,terminal_customer_network_burst,0.18,0.00977345362277414,0.18
X000163041,2026-01-23 22:38:29,C001345,A0001345,M00668,T00166,Midwest,Midwest,108.41,USD,ecommerce,chip_pin,approved,APPROVE,169.46,0.6397379912663755,0,0,0,1,0,0,0,5,61,10,42,43,customer_velocity;terminal_customer_network_burst,0.43,0.006364157741367221,0.43
X000115864,2026-01-23 22:38:31,C000962,A0000962,M00549,T00456,South,South,43.65,USD,ecommerce,3ds,approved,APPROVE,54.04,0.8077350111028867,0,0,0,1,0,0,0,2,200,20,17,18,terminal_customer_network_burst,0.18,0.021864699610110002,0.18
X000043087,2026-01-23 22:38:32,C000364,A0000364,M00056,T01147,Midwest,Midwest,67.96,USD,ecommerce,wallet_biometric,approved,APPROVE,55.3,1.2289330922242314,0,0,0,1,0,0,0,4,175,11,21,18,terminal_customer_network_burst,0.18,0.013353161089078872,0.18
X000117780,2026-01-23 22:38:43,C000976,A0000976,M00397,T00349,Midwest,Midwest,126.13,USD,card_present,magstripe,approved,APPROVE,245.46,0.5138515440397621,0,0,0,0,1,0,0,2,68,5,21,0,,0.0,0.008215851255027828,0.008215851255027828
X000194025,2026-01-23 22:38:45,C001595,A0001595,M00457,T00242,Midwest,Midwest,23.02,USD,card_present,chip_pin,approved,APPROVE,70.55,0.326293408929837,0,0,0,0,0,0,0,0,67,10,16,18,terminal_customer_network_burst,0.18,0.005989617295252663,0.18
X000242326,2026-01-23 22:38:45,C001979,A0001979,M00042,T00546,Northeast,Northeast,102.66,USD,ecommerce,wallet_biometric,approved,APPROVE,82.21,1.248753193042209,0,0,0,1,0,0,0,4,116,9,15,18,terminal_customer_network_burst,0.18,0.011668031627847537,0.18
X000002667,2026-01-23 22:39:17,C000026,A0000026,M00644,T00200,West,West,113.53,USD,card_present,magstripe,approved,APPROVE,73.2,1.5509562841530053,0,0,0,0,1,0,0,0,24,6,8,0,,0.0,0.013323291338118515,0.013323291338118515
X000003284,2026-01-23 22:39:29,C000029,A0000029,M00342,T00483,Northeast,Midwest,54.18,USD,ecommerce,3ds,approved,APPROVE,52.55,1.0310180780209326,0,0,0,1,0,0,1,4,165,14,0,45,new_customer_terminal_pair;terminal_customer_network_burst;home_region_mismatch,0.45,0.15333093723254623,0.45
X000096212,2026-01-23 22:39:31,C000804,A0000804,M00239,T00791,South,South,10.11,USD,card_present,wallet_biometric,approved,APPROVE,31.4,0.3219745222929936,0,0,0,0,0,0,0,2,94,8,10,18,terminal_customer_network_burst,0.18,0.006577050448132924,0.18
X000017176,2026-01-23 22:40:24,C000147,A0000147,M00459,T00795,Northeast,Northeast,31.27,USD,card_present,chip_pin,approved,APPROVE,45.44,0.6881602112676056,0,0,0,0,0,0,0,2,132,10,9,18,terminal_customer_network_burst,0.18,0.00937688214396826,0.18
X000172854,2026-01-23 22:40:28,C001426,A0001426,M00068,T00322,Northeast,Northeast,210.51,USD,ecommerce,wallet_biometric,approved,APPROVE,120.88,1.7414791528788882,0,0,0,1,0,0,0,2,133,13,17,18,terminal_customer_network_burst,0.18,0.01672771133110567,0.18
X000080443,2026-01-23 22:40:49,C000676,A0000676,M00205,T00934,South,South,108.42,USD,card_present,wallet_biometric,approved,APPROVE,122.96,0.8817501626545219,0,0,0,0,0,0,0,2,211,16,28,18,terminal_customer_network_burst,0.18,0.013061511299305785,0.18
X000115439,2026-01-23 22:41:00,C000959,A0000959,M00604,T01134,Northeast,Northeast,196.12,USD,ecommerce,3ds,approved,APPROVE,188.1,1.0426368952684744,0,0,0,1,0,0,0,2,207,15,20,18,terminal_customer_network_burst,0.18,0.016019626943566158,0.18
X000234874,2026-01-23 22:41:35,C001915,A0001915,M00459,T00809,Northeast,Northeast,97.7,USD,ecommerce,3ds,approved,APPROVE,57.8,1.6903114186851211,0,0,0,1,0,0,0,2,127,14,9,18,terminal_customer_network_burst,0.18,0.019798944947876478,0.18
X000201421,2026-01-23 22:41:41,C001649,A0001649,M00176,T00556,Midwest,Midwest,21.82,USD,card_present,magstripe,approved,APPROVE,31.27,0.6977934122161816,0,0,0,0,1,0,0,0,50,5,11,0,,0.0,0.009003494471517347,0.009003494471517347
X000063698,2026-01-23 22:41:43,C000541,A0000541,M00117,T00472,South,South,75.84,USD,mobile_wallet,magstripe,approved,APPROVE,96.59,0.7851744487006936,0,0,0,0,1,1,0,5,66,10,37,43,customer_velocity;terminal_customer_network_burst,0.43,0.01668263211974126,0.43
X000109966,2026-01-23 22:42:07,C000919,A0000919,M00239,T00791,South,South,17.69,USD,ecommerce,chip_pin,approved,APPROVE,27.13,0.6520457058606709,0,0,0,1,0,0,0,0,95,8,14,18,terminal_customer_network_burst,0.18,0.006949672557191426,0.18
X000137132,2026-01-23 22:42:38,C001127,A0001127,M00268,T00608,West,West,628.28,USD,ecommerce,chip_pin,approved,APPROVE,244.62,2.5683917913498484,0,0,0,1,0,0,0,3,94,5,30,0,,0.0,0.010262600783727411,0.010262600783727411
X000088816,2026-01-23 22:43:22,C000745,A0000745,M00128,T00172,Northeast,Northeast,307.0,USD,ecommerce,chip_pin,approved,APPROVE,273.0,1.1245421245421245,0,0,0,1,0,0,0,7,87,12,35,43,customer_velocity;terminal_customer_network_burst,0.43,0.011348286445536803,0.43
X000007226,2026-01-23 22:43:40,C000067,A0000067,M00020,T00130,South,South,60.98,USD,mobile_wallet,chip_pin,approved,APPROVE,43.8,1.3922374429223745,0,0,0,0,0,1,0,3,152,14,10,18,terminal_customer_network_burst,0.18,0.02434123960911681,0.18
X000047973,2026-01-23 22:44:04,C000404,A0000404,M00328,T00351,Midwest,Midwest,57.91,USD,card_present,chip_pin,approved,APPROVE,227.96,0.254035795753641,0,0,0,0,0,0,0,11,79,12,0,78,customer_velocity;high_customer_velocity;new_customer_terminal_pair;terminal_customer_network_burst,0.78,0.01570801107860474,0.78
X000210933,2026-01-23 22:44:32,C001720,A0001720,M00376,T00702,South,South,29.57,USD,card_present,3ds,approved,APPROVE,45.82,0.6453513749454387,0,0,0,0,0,0,0,2,95,10,14,18,terminal_customer_network_burst,0.18,0.008061392697591018,0.18
X000219524,2026-01-23 22:45:07,C001793,A0001793,M00305,T00345,Northeast,Northeast,63.66,USD,ecommerce,chip_pin,approved,APPROVE,36.29,1.7542022595756406,0,0,0,1,0,0,0,2,42,4,8,0,,0.0,0.008750640400167594,0.008750640400167594
X000052992,2026-01-23 22:45:23,C000447,A0000447,M00289,T00362,South,South,22.47,USD,card_present,chip_pin,approved,APPROVE,31.58,0.7115262824572515,0,0,0,0,0,0,0,2,107,16,13,18,terminal_customer_network_burst,0.18,0.013220633097941569,0.18
X000089396,2026-01-23 22:45:25,C000748,A0000748,M00791,T00304,South,South,279.99,USD,card_present,3ds,approved,APPROVE,224.36,1.247949723658406,0,0,0,0,0,0,0,8,172,12,39,43,customer_velocity;terminal_customer_network_burst,0.43,0.012123202597197345,0.43
X000019114,2026-01-23 22:45:26,C000165,A0000165,M00123,T00812,West,Midwest,20.73,USD,ecommerce,magstripe,approved,APPROVE,43.52,0.4763327205882353,0,0,0,1,1,0,1,3,201,15,0,45,new_customer_terminal_pair;terminal_customer_network_burst;home_region_mismatch,0.45,0.22278771105797812,0.45
X000011272,2026-01-23 22:45:55,C000101,A0000101,M00536,T00537,West,West,72.17,USD,ecommerce,chip_pin,approved,APPROVE,65.68,1.0988124238733252,0,0,0,1,0,0,0,1,31,9,14,18,terminal_customer_network_burst,0.18,0.008409786045159252,0.18
X000030770,2026-01-23 22:46:02,C000261,A0000261,M00726,T00829,Northeast,Northeast,45.41,USD,card_present,wallet_biometric,approved,APPROVE,75.95,0.5978933508887425,0,0,0,0,0,0,0,3,70,6,13,0,,0.0,0.006094384060216714,0.006094384060216714
X000099372,2026-01-23 22:46:07,C000834,A0000834,M00276,T01082,Northeast,Northeast,67.91,USD,card_present,chip_pin,approved,APPROVE,47.15,1.4402969247083774,0,0,0,0,0,0,0,0,128,14,6,18,terminal_customer_network_burst,0.18,0.015483938065088793,0.18
X000168825,2026-01-23 22:46:09,C001396,A0001396,M00613,T00331,South,South,37.37,USD,card_present,3ds,approved,APPROVE,40.17,0.9302962409758525,0,0,0,0,0,0,0,6,155,11,16,43,customer_velocity;terminal_customer_network_burst,0.43,0.012615059222367801,0.43
X000148014,2026-01-23 22:46:21,C001222,A0001222,M00133,T00854,Northeast,Northeast,58.77,USD,card_present,3ds,approved,APPROVE,66.25,0.8870943396226415,0,0,0,0,0,0,0,0,124,14,16,18,terminal_customer_network_burst,0.18,0.010756201456220159,0.18
X000128540,2026-01-23 22:46:24,C001058,A0001058,M00675,T00834,Midwest,Midwest,30.86,USD,mobile_wallet,chip_pin,approved,APPROVE,41.97,0.7352871098403622,0,0,0,0,0,1,0,3,69,7,24,0,,0.0,0.008170106458176576,0.008170106458176576
X000023673,2026-01-23 22:46:50,C000201,A0000201,M00594,T01188,Northeast,Northeast,552.83,USD,card_present,magstripe,approved,APPROVE,309.26,1.7875897303239994,0,0,0,0,1,0,0,4,205,15,36,18,terminal_customer_network_burst,0.18,0.029166166168405214,0.18
X000176515,2026-01-23 22:47:17,C001455,A0001455,M00476,T00028,Midwest,Midwest,98.02,USD,card_present,wallet_biometric,approved,APPROVE,52.23,1.8766992150105304,0,0,0,0,0,0,0,2,126,11,18,18,terminal_customer_network_burst,0.18,0.013409857860601632,0.18
X000002187,2026-01-23 22:47:49,C000020,A0000020,M00239,T00747,South,South,29.52,USD,card_present,3ds,approved,APPROVE,53.24,0.5544703230653644,0,0,0,0,0,0,0,1,93,9,9,18,terminal_customer_network_burst,0.18,0.007415917665205573,0.18
X000074504,2026-01-23 22:48:03,C000629,A0000629,M00036,T00993,Northeast,Northeast,298.77,USD,card_present,3ds,approved,APPROVE,118.88,2.513206594885599,0,0,0,0,0,0,0,5,76,7,44,25,customer_velocity,0.25,0.009132572935199802,0.25
X000027659,2026-01-23 22:48:22,C000238,A0000238,M00265,T00950,West,West,55.28,USD,ecommerce,3ds,approved,APPROVE,57.91,0.9545847003971681,0,0,0,1,0,0,0,0,62,8,13,18,terminal_customer_network_burst,0.18,0.0074975915314486104,0.18
X000130212,2026-01-23 22:49:06,C001070,A0001070,M00791,T00304,South,South,31.0,USD,card_present,chip_pin,approved,APPROVE,24.07,1.2879102617366016,0,0,0,0,0,0,0,1,173,12,8,18,terminal_customer_network_burst,0.18,0.01386545198924193,0.18
X000166217,2026-01-23 22:49:11,C001371,A0001371,M00574,T00190,Midwest,Midwest,384.12,USD,card_present,wallet_biometric,approved,APPROVE,149.32,2.572461826948835,0,0,0,0,0,0,0,1,175,15,17,18,terminal_customer_network_burst,0.18,0.023948660253247378,0.18
X000094330,2026-01-23 22:49:37,C000789,A0000789,M00459,T00204,Northeast,Northeast,144.0,USD,card_present,chip_pin,approved,APPROVE,111.23,1.2946147622044413,0,0,0,0,0,0,0,5,183,11,51,43,customer_velocity;terminal_customer_network_burst,0.43,0.008260239366287251,0.43
X000180999,2026-01-23 22:49:58,C001488,A0001488,M00769,T00996,West,West,57.33,USD,card_present,3ds,approved,APPROVE,63.55,0.9021243115656963,0,0,0,0,0,0,0,1,140,7,4,0,,0.0,0.00846966569236134,0.00846966569236134
X000134456,2026-01-23 22:50:00,C001104,A0001104,M00482,T00610,West,West,241.95,USD,mobile_wallet,magstripe,soft_decline,CHALLENGE,231.6,1.0446891191709844,0,0,1,0,1,1,0,2,108,10,40,26,terminal_customer_network_burst;authentication_soft_decline,0.26,0.06534996834838679,0.26
X000027898,2026-01-23 22:50:15,C000240,A0000240,M00566,T00359,West,West,69.2,USD,card_present,magstripe,approved,APPROVE,32.71,2.115560990522776,0,0,0,0,1,0,0,2,85,7,16,0,,0.0,0.01892729847974939,0.01892729847974939
X000191456,2026-01-23 22:50:27,C001571,A0001571,M00720,T00705,Northeast,Northeast,17.49,USD,mobile_wallet,3ds,approved,APPROVE,34.49,0.5071035082632647,0,0,0,0,0,1,0,3,130,14,25,18,terminal_customer_network_burst,0.18,0.013519729690267705,0.18
X000053220,2026-01-23 22:51:19,C000449,A0000449,M00299,T00384,Northeast,Northeast,46.38,USD,card_present,wallet_biometric,approved,APPROVE,67.69,0.6851824494016842,0,0,0,0,0,0,0,3,55,8,0,33,new_customer_terminal_pair;terminal_customer_network_burst,0.33,0.008724994175098678,0.33
X000014690,2026-01-23 22:51:38,C000125,A0000125,M00091,T00954,Midwest,Midwest,20.61,USD,card_present,chip_pin,approved,APPROVE,36.25,0.568551724137931,0,0,0,0,0,0,0,2,172,11,14,18,terminal_customer_network_burst,0.18,0.00949293804148393,0.18
X000104282,2026-01-23 22:52:00,C000878,A0000878,M00372,T00095,South,South,49.85,USD,card_present,3ds,approved,APPROVE,146.02,0.3413915901931242,0,0,0,0,0,0,0,2,155,14,25,18,terminal_customer_network_burst,0.18,0.008909651725529552,0.18
X000053221,2026-01-23 22:52:36,C000449,A0000449,M00351,T00966,Northeast,West,103.19,USD,ecommerce,wallet_biometric,approved,APPROVE,67.69,1.5244496971487664,0,0,0,1,0,0,1,4,58,9,0,45,new_customer_terminal_pair;terminal_customer_network_burst;home_region_mismatch,0.45,0.11304248820825596,0.45
X000044358,2026-01-23 22:52:53,C000376,A0000376,M00439,T00144,West,West,80.77,USD,card_present,chip_pin,approved,APPROVE,189.71,0.4257550998893047,0,0,0,0,0,0,0,5,88,7,45,25,customer_velocity,0.25,0.004249953685268891,0.25
X000114693,2026-01-23 22:53:31,C000954,A0000954,M00123,T00812,Midwest,Midwest,131.58,USD,ecommerce,3ds,approved,APPROVE,30.99,4.245885769603098,0,0,0,1,0,0,0,0,202,16,12,48,amount_vs_profile;terminal_customer_network_burst,0.48,0.05490519839504663,0.48
X000216027,2026-01-23 22:53:33,C001765,A0001765,M00257,T00772,South,South,63.71,USD,mobile_wallet,3ds,approved,APPROVE,57.88,1.1007256392536282,0,0,0,0,0,1,0,5,191,17,38,43,customer_velocity;terminal_customer_network_burst,0.43,0.02074388011591181,0.43
X000110353,2026-01-23 22:53:39,C000922,A0000922,M00761,T01038,South,South,128.08,USD,card_present,chip_pin,approved,APPROVE,230.67,0.5552520917327786,0,0,0,0,0,0,0,3,130,13,18,18,terminal_customer_network_burst,0.18,0.0101376168850362,0.18
X000003285,2026-01-23 22:53:50,C000029,A0000029,M00573,T00212,Northeast,Northeast,34.23,USD,ecommerce,chip_pin,approved,APPROVE,52.55,0.6513796384395814,0,0,0,1,0,0,0,5,80,12,23,43,customer_velocity;terminal_customer_network_burst,0.43,0.010257505946964068,0.43
X000058614,2026-01-23 22:54:33,C000497,A0000497,M00032,T00431,West,West,71.39,USD,card_present,chip_pin,approved,APPROVE,55.66,1.282608695652174,0,0,0,0,0,0,0,1,31,9,14,18,terminal_customer_network_burst,0.18,0.008140761401691995,0.18
X000066499,2026-01-23 22:54:33,C000564,A0000564,M00094,T00206,South,South,35.29,USD,mobile_wallet,magstripe,approved,APPROVE,64.67,0.5456935209525282,0,0,0,0,1,1,0,1,108,16,10,18,terminal_customer_network_burst,0.18,0.030956966057026615,0.18
X000216278,2026-01-23 22:54:52,C001767,A0001767,M00567,T00161,Northeast,Northeast,22.39,USD,card_present,3ds,approved,APPROVE,37.23,0.6013967230727908,0,0,0,0,0,0,0,1,118,15,7,18,terminal_customer_network_burst,0.18,0.012519656121460151,0.18
X000030184,2026-01-23 22:55:05,C000259,A0000259,M00003,T00787,South,South,23.53,USD,card_present,3ds,approved,APPROVE,66.02,0.3564071493486823,0,0,0,0,0,0,0,2,140,13,19,18,terminal_customer_network_burst,0.18,0.008941376898072628,0.18
X000140259,2026-01-23 22:55:34,C001155,A0001155,M00038,T00813,South,South,465.76,USD,card_present,3ds,approved,APPROVE,293.03,1.5894618298467735,0,0,0,0,0,0,0,5,139,10,44,43,customer_velocity;terminal_customer_network_burst,0.43,0.008922987980024923,0.43
X000080444,2026-01-23 22:56:15,C000676,A0000676,M00244,T00277,South,South,50.41,USD,mobile_wallet,chip_pin,approved,APPROVE,122.96,0.4099707221860768,0,0,0,0,0,1,0,2,153,11,30,18,terminal_customer_network_burst,0.18,0.009540889332445854,0.18
X000144747,2026-01-23 22:56:27,C001192,A0001192,M00497,T00779,West,West,104.9,USD,ecommerce,chip_pin,approved,APPROVE,62.56,1.6767902813299234,0,0,0,1,0,0,0,0,43,7,16,0,,0.0,0.008419109914611507,0.008419109914611507
X000063227,2026-01-23 22:56:30,C000536,A0000536,M00018,T00234,South,South,117.1,USD,card_present,wallet_biometric,approved,APPROVE,59.86,1.9562312061476779,0,0,0,0,0,0,0,0,72,8,10,18,terminal_customer_network_burst,0.18,0.010428931986381134,0.18
X000120860,2026-01-23 22:56:58,C001004,A0001004,M00022,T00194,South,South,36.21,USD,card_present,chip_pin,approved,APPROVE,131.79,0.27475529251081265,0,0,0,0,0,0,0,1,133,16,19,18,terminal_customer_network_burst,0.18,0.010134120293206296,0.18
X000145863,2026-01-23 22:57:29,C001202,A0001202,M00693,T00687,South,South,8.97,USD,card_present,chip_pin,approved,APPROVE,35.16,0.2551194539249147,0,0,0,0,0,0,0,0,60,11,7,18,terminal_customer_network_burst,0.18,0.007152027208861969,0.18
X000234687,2026-01-23 22:57:32,C001914,A0001914,M00668,T00869,Midwest,Midwest,241.33,USD,card_present,chip_pin,approved,APPROVE,344.59,0.7003395339388839,0,0,0,0,0,0,0,6,113,8,32,43,customer_velocity;terminal_customer_network_burst,0.43,0.006799441838800802,0.43
X000176644,2026-01-23 22:57:35,C001456,A0001456,M00796,T00571,South,West,16.57,USD,ecommerce,3ds,approved,APPROVE,28.56,0.5801820728291317,0,0,0,1,0,0,1,1,74,7,0,27,new_customer_terminal_pair;home_region_mismatch,0.27,0.0635420713221385,0.27
X000105225,2026-01-23 22:57:39,C000885,A0000885,M00295,T00425,South,South,154.33,USD,mobile_wallet,3ds,approved,APPROVE,100.49,1.535774703950642,0,0,0,0,0,1,0,1,243,18,15,18,terminal_customer_network_burst,0.18,0.032700822764865065,0.18
X000243570,2026-01-23 22:57:47,C001987,A0001987,M00470,T00025,South,South,106.03,USD,mobile_wallet,chip_pin,approved,APPROVE,186.83,0.5675212760263341,0,0,0,0,0,1,0,3,80,9,31,18,terminal_customer_network_burst,0.18,0.00810006964229292,0.18
X000028871,2026-01-23 22:58:08,C000248,A0000248,M00055,T01044,South,South,188.57,USD,mobile_wallet,wallet_biometric,approved,APPROVE,55.67,3.387282198670738,0,0,0,0,0,1,0,0,203,17,5,48,amount_vs_profile;terminal_customer_network_burst,0.48,0.06109488962970928,0.48
X000124024,2026-01-23 22:58:10,C001026,A0001026,M00600,T00407,South,South,81.15,USD,card_present,wallet_biometric,approved,APPROVE,125.32,0.6475422917331631,0,0,0,0,0,0,0,2,127,11,33,18,terminal_customer_network_burst,0.18,0.006767272832051813,0.18
X000194676,2026-01-23 22:58:30,C001601,A0001601,M00253,T00291,South,South,106.43,USD,card_present,magstripe,approved,APPROVE,129.9,0.8193225558121632,0,0,0,0,1,0,0,3,127,11,21,18,terminal_customer_network_burst,0.18,0.016387876480261552,0.18
X000190849,2026-01-23 22:58:31,C001567,A0001567,M00608,T00219,South,South,100.76,USD,card_present,chip_pin,approved,APPROVE,209.18,0.4816904101730567,0,0,0,0,0,0,0,6,201,15,27,43,customer_velocity;terminal_customer_network_burst,0.43,0.012937551196174735,0.43
X000118800,2026-01-23 22:58:51,C000984,A0000984,M00682,T00951,Northeast,Northeast,25.43,USD,card_present,wallet_biometric,approved,APPROVE,38.22,0.6653584510727368,0,0,0,0,0,0,0,0,79,9,6,18,terminal_customer_network_burst,0.18,0.007517971961978856,0.18
X000141924,2026-01-23 22:58:53,C001170,A0001170,M00077,T00723,South,South,96.95,USD,card_present,wallet_biometric,approved,APPROVE,87.17,1.1121945623494323,0,0,0,0,0,0,0,0,209,18,7,18,terminal_customer_network_burst,0.18,0.020440395439860003,0.18
X000134876,2026-01-23 22:59:21,C001107,A0001107,M00280,T00178,Northeast,Northeast,245.18,USD,mobile_wallet,chip_pin,approved,APPROVE,77.96,3.144946126218574,0,0,0,0,0,1,0,1,85,9,19,48,amount_vs_profile;terminal_customer_network_burst,0.48,0.022709940540756587,0.48
X000100031,2026-01-23 22:59:29,C000842,A0000842,M00005,T00817,South,South,95.7,USD,card_present,magstripe,approved,APPROVE,48.03,1.9925046845721424,0,0,0,0,1,0,0,1,168,14,10,18,terminal_customer_network_burst,0.18,0.03529597321277316,0.18
X000102064,2026-01-23 23:00:03,C000859,A0000859,M00587,T00725,South,South,866.77,USD,card_present,magstripe,approved,APPROVE,276.18,3.138424216090955,1,0,0,0,1,0,0,4,75,10,36,56,amount_vs_profile;terminal_customer_network_burst;night_activity,0.56,0.0356329343720855,0.56
X000180044,2026-01-23 23:01:49,C001480,A0001480,M00393,T00751,Northeast,Northeast,33.71,USD,mobile_wallet,chip_pin,approved,APPROVE,107.72,0.31294095803936134,1,0,0,0,0,1,0,3,87,9,22,26,terminal_customer_network_burst;night_activity,0.26,0.011294015455756468,0.26
X000151512,2026-01-23 23:02:14,C001244,A0001244,M00445,T00086,West,Northeast,81.34,USD,ecommerce,3ds,approved,APPROVE,57.21,1.4217794091941969,1,0,0,1,0,0,1,2,149,12,0,53,new_customer_terminal_pair;terminal_customer_network_burst;night_activity;home_region_mismatch,0.53,0.17291618380686044,0.53
X000088279,2026-01-23 23:02:21,C000742,A0000742,M00507,T01055,South,South,16.09,USD,ecommerce,chip_pin,approved,APPROVE,33.9,0.4746312684365782,1,0,0,1,0,0,0,2,132,12,5,26,terminal_customer_network_burst;night_activity,0.26,0.015498111256297726,0.26
X000087955,2026-01-23 23:02:31,C000739,A0000739,M00251,T00619,West,West,99.62,USD,mobile_wallet,wallet_biometric,approved,APPROVE,42.99,2.3172830890904863,1,0,0,0,0,1,0,1,41,7,11,8,night_activity,0.08,0.020219903902775612,0.08
X000240449,2026-01-23 23:02:51,C001961,A0001961,M00453,T00831,South,South,79.61,USD,card_present,3ds,approved,APPROVE,100.48,0.792296974522293,1,0,0,0,0,0,0,3,176,16,35,26,terminal_customer_network_burst;night_activity,0.26,0.014867388260043784,0.26
X000241859,2026-01-23 23:03:13,C001974,A0001974,M00056,T01147,Midwest,Midwest,223.37,USD,card_present,3ds,approved,APPROVE,141.77,1.5755801650560766,1,0,0,0,0,0,0,3,176,11,14,26,terminal_customer_network_burst;night_activity,0.26,0.019094568173296408,0.26
X000102392,2026-01-23 23:03:30,C000861,A0000861,M00712,T00650,South,South,271.82,USD,card_present,3ds,approved,APPROVE,192.95,1.4087587457890647,1,0,0,0,0,0,0,1,118,16,4,26,terminal_customer_network_burst;night_activity,0.26,0.02480971868264097,0.26
X000112406,2026-01-23 23:03:33,C000940,A0000940,M00153,T00753,South,South,49.68,USD,card_present,3ds,approved,APPROVE,79.58,0.6242774566473989,1,0,0,0,0,0,0,2,189,15,7,26,terminal_customer_network_burst;night_activity,0.26,0.019468761810392792,0.26
X000015119,2026-01-23 23:03:45,C000128,A0000128,M00253,T00291,South,South,27.93,USD,ecommerce,wallet_biometric,approved,APPROVE,50.82,0.5495867768595041,1,0,0,1,0,0,0,2,128,11,11,26,terminal_customer_network_burst;night_activity,0.26,0.013410100182591578,0.26
X000174107,2026-01-23 23:03:48,C001435,A0001435,M00001,T00955,South,South,103.45,USD,card_present,chip_pin,approved,APPROVE,143.1,0.722921034241789,1,0,0,0,0,0,0,10,149,13,40,71,customer_velocity;high_customer_velocity;terminal_customer_network_burst;night_activity,0.71,0.014914432678627769,0.71
X000168826,2026-01-23 23:04:50,C001396,A0001396,M00771,T00411,South,South,29.64,USD,card_present,3ds,approved,APPROVE,40.17,0.7378640776699029,1,0,0,0,0,0,0,7,67,12,18,51,customer_velocity;terminal_customer_network_burst;night_activity,0.51,0.014819060220594359,0.51
X000212991,2026-01-23 23:06:34,C001739,A0001739,M00443,T00564,South,South,34.42,USD,card_present,chip_pin,approved,APPROVE,40.84,0.8428011753183153,1,0,0,0,0,0,0,2,105,10,10,26,terminal_customer_network_burst;night_activity,0.26,0.012321620864649437,0.26
X000040063,2026-01-23 23:06:40,C000340,A0000340,M00500,T00780,Midwest,Midwest,33.04,USD,mobile_wallet,chip_pin,approved,APPROVE,71.81,0.4601030497145244,1,0,0,0,0,1,0,3,75,10,22,26,terminal_customer_network_burst;night_activity,0.26,0.012581843701487091,0.26
X000213238,2026-01-23 23:07:42,C001741,A0001741,M00667,T00609,Northeast,Northeast,193.88,USD,ecommerce,magstripe,approved,APPROVE,70.95,2.732628611698379,1,0,0,1,1,0,0,1,191,20,9,46,terminal_customer_network_burst;ecommerce_authentication_shift;night_activity,0.46,0.10302570604878375,0.46
X000180459,2026-01-23 23:09:15,C001483,A0001483,M00691,T00755,Northeast,Northeast,225.05,USD,ecommerce,wallet_biometric,approved,APPROVE,259.43,0.8674787033111051,1,0,0,1,0,0,0,0,128,15,29,26,terminal_customer_network_burst;night_activity,0.26,0.01369351242022722,0.26
X000176645,2026-01-23 23:09:59,C001456,A0001456,M00345,T01160,South,South,29.25,USD,ecommerce,chip_pin,approved,APPROVE,28.56,1.0241596638655464,1,0,0,1,0,0,0,2,64,11,9,26,terminal_customer_network_burst;night_activity,0.26,0.014912000949306774,0.26
X000095510,2026-01-23 23:10:00,C000798,A0000798,M00487,T00270,South,South,166.13,USD,ecommerce,chip_pin,approved,APPROVE,118.88,1.3974596231493943,1,0,0,1,0,0,0,1,119,12,0,41,new_customer_terminal_pair;terminal_customer_network_burst;night_activity,0.41,0.021797743078882034,0.41
X000137133,2026-01-23 23:10:25,C001127,A0001127,M00698,T00153,West,West,603.13,USD,card_present,3ds,approved,APPROVE,244.62,2.465579265800016,1,0,0,0,0,0,0,4,120,9,43,26,terminal_customer_network_burst;night_activity,0.26,0.014072832662372864,0.26
X000005930,2026-01-23 23:10:28,C000055,A0000055,M00345,T01165,South,South,18.94,USD,mobile_wallet,chip_pin,soft_decline,CHALLENGE,34.23,0.5533158048495472,1,0,1,0,0,1,0,0,35,10,11,34,terminal_customer_network_burst;night_activity;authentication_soft_decline,0.34,0.05143963859885707,0.34
X000030771,2026-01-23 23:10:42,C000261,A0000261,M00798,T00402,Northeast,Northeast,46.7,USD,card_present,chip_pin,approved,APPROVE,75.95,0.6148782093482554,1,0,0,0,0,0,0,4,138,11,10,26,terminal_customer_network_burst;night_activity,0.26,0.0142353933401738,0.26
X000029330,2026-01-23 23:11:52,C000253,A0000253,M00160,T00039,South,South,189.71,USD,card_present,3ds,approved,APPROVE,203.2,0.9336122047244095,1,0,0,0,0,0,0,4,124,11,35,26,terminal_customer_network_burst;night_activity,0.26,0.010594713324070623,0.26
X000216775,2026-01-23 23:11:59,C001772,A0001772,M00437,T00139,West,West,279.89,USD,card_present,wallet_biometric,approved,APPROVE,93.69,2.9874052727078664,1,0,0,0,0,0,0,5,93,12,35,51,customer_velocity;terminal_customer_network_burst;night_activity,0.51,0.024166333716905814,0.51
X000228260,2026-01-23 23:12:09,C001859,A0001859,M00433,T00174,Midwest,Midwest,106.95,USD,card_present,3ds,approved,APPROVE,192.09,0.5567702639387787,1,0,0,0,0,0,0,4,109,14,13,26,terminal_customer_network_burst;night_activity,0.26,0.01580801803771927,0.26
X000088362,2026-01-23 23:12:34,C000743,A0000743,M00793,T01052,South,South,361.64,USD,card_present,3ds,approved,APPROVE,191.15,1.8919173424012554,1,0,0,0,0,0,0,1,140,11,14,26,terminal_customer_network_burst;night_activity,0.26,0.018273854605394855,0.26
X000125099,2026-01-23 23:13:14,C001032,A0001032,M00394,T00922,South,South,367.82,USD,card_present,3ds,approved,APPROVE,220.63,1.6671350224357522,1,0,0,0,0,0,0,9,164,13,49,51,customer_velocity;terminal_customer_network_burst;night_activity,0.51,0.017762577964136304,0.51
X000025480,2026-01-23 23:13:21,C000217,A0000217,M00795,T00503,Northeast,Northeast,9.79,USD,card_present,chip_pin,approved,APPROVE,31.74,0.3084436042848141,1,0,0,0,0,0,0,3,83,8,16,26,terminal_customer_network_burst;night_activity,0.26,0.008122446904402985,0.26
X000045013,2026-01-23 23:13:33,C000379,A0000379,M00212,T00443,Midwest,Midwest,134.38,USD,mobile_wallet,magstripe,approved,APPROVE,300.48,0.4472177848775292,1,0,0,0,1,1,0,4,93,9,34,26,terminal_customer_network_burst;night_activity,0.26,0.018670930465927566,0.26
X000242163,2026-01-23 23:13:33,C001977,A0001977,M00689,T01179,Northeast,Northeast,65.72,USD,mobile_wallet,magstripe,approved,APPROVE,38.63,1.701268444214341,1,0,0,0,1,1,0,2,143,16,9,26,terminal_customer_network_burst;night_activity,0.26,0.06811162415299066,0.26
X000092492,2026-01-23 23:13:35,C000774,A0000774,M00350,T01102,Midwest,Midwest,128.58,USD,card_present,magstripe,approved,APPROVE,72.34,1.7774398672933371,1,0,0,0,1,0,0,0,59,9,8,26,terminal_customer_network_burst;night_activity,0.26,0.024858661406632374,0.26
X000135450,2026-01-23 23:13:59,C001112,A0001112,M00771,T00411,South,South,50.73,USD,ecommerce,chip_pin,approved,APPROVE,28.64,1.771298882681564,1,0,0,1,0,0,0,3,68,12,18,26,terminal_customer_network_burst;night_activity,0.26,0.019385485843976532,0.26
X000146726,2026-01-23 23:14:15,C001210,A0001210,M00561,T00275,Midwest,Midwest,150.53,USD,card_present,3ds,approved,APPROVE,138.79,1.0845882268174942,1,0,0,0,0,0,0,6,54,7,41,33,customer_velocity;night_activity,0.33,0.00759388549802958,0.33
X000079094,2026-01-23 23:14:24,C000666,A0000666,M00037,T00364,West,West,20.94,USD,ecommerce,chip_pin,approved,APPROVE,32.91,0.6362807657247038,1,0,0,1,0,0,0,1,46,8,12,26,terminal_customer_network_burst;night_activity,0.26,0.009166647512376804,0.26
X000001580,2026-01-23 23:14:29,C000015,A0000015,M00784,T00354,South,South,168.11,USD,card_present,chip_pin,approved,APPROVE,115.21,1.4591615311170907,1,0,0,0,0,0,0,3,147,10,50,26,terminal_customer_network_burst;night_activity,0.26,0.009285560881565026,0.26
X000123867,2026-01-23 23:15:14,C001025,A0001025,M00204,T00165,Midwest,Midwest,98.52,USD,card_present,magstripe,approved,APPROVE,79.76,1.2352056168505516,1,0,0,0,1,0,0,6,38,6,16,33,customer_velocity;night_activity,0.33,0.019223336631815913,0.33
X000049754,2026-01-23 23:15:18,C000416,A0000416,M00040,T01012,Northeast,Northeast,36.55,USD,mobile_wallet,chip_pin,approved,APPROVE,29.19,1.252141144227475,1,0,0,0,0,1,0,2,88,15,4,26,terminal_customer_network_burst;night_activity,0.26,0.03075968605392051,0.26
X000031842,2026-01-23 23:17:21,C000270,A0000270,M00420,T00023,West,West,53.27,USD,card_present,3ds,approved,APPROVE,48.23,1.1044992743105952,1,0,0,0,0,0,0,1,27,9,8,26,terminal_customer_network_burst;night_activity,0.26,0.01095096166415242,0.26
X000131239,2026-01-23 23:17:31,C001080,A0001080,M00517,T00541,Midwest,Midwest,52.43,USD,ecommerce,wallet_biometric,approved,APPROVE,51.38,1.0204359673024523,1,0,0,1,0,0,0,1,105,14,21,26,terminal_customer_network_burst;night_activity,0.26,0.015515037098660792,0.26
X000070793,2026-01-23 23:17:53,C000601,A0000601,M00613,T00852,South,South,143.42,USD,card_present,chip_pin,approved,APPROVE,156.23,0.9180055047046022,1,0,0,0,0,0,0,4,117,15,15,26,terminal_customer_network_burst;night_activity,0.26,0.01901618819949786,0.26
X000212571,2026-01-23 23:18:55,C001734,A0001734,M00382,T00976,Midwest,Midwest,35.84,USD,ecommerce,chip_pin,approved,APPROVE,65.75,0.5450950570342206,1,0,0,1,0,0,0,2,43,5,13,8,night_activity,0.08,0.007356753792025373,0.08
X000214050,2026-01-23 23:18:58,C001748,A0001748,M00459,T00795,Northeast,Northeast,65.81,USD,ecommerce,chip_pin,approved,APPROVE,62.7,1.0496012759170654,1,0,0,1,0,0,0,3,133,10,24,26,terminal_customer_network_burst;night_activity,0.26,0.012977508210664969,0.26
X000162527,2026-01-23 23:19:05,C001342,A0001342,M00372,T00192,South,South,151.8,USD,ecommerce,3ds,approved,APPROVE,177.7,0.8542487338210468,1,0,0,1,0,0,0,0,162,17,31,26,terminal_customer_network_burst;night_activity,0.26,0.01608473868013026,0.26
X000141484,2026-01-23 23:19:36,C001165,A0001165,M00008,T00319,West,West,104.97,USD,card_present,wallet_biometric,approved,APPROVE,51.53,2.0370657869202407,1,0,0,0,0,0,0,1,23,8,4,26,terminal_customer_network_burst;night_activity,0.26,0.015148707749486135,0.26
X000195994,2026-01-23 23:19:47,C001610,A0001610,M00433,T00174,Midwest,Midwest,42.04,USD,card_present,chip_pin,approved,APPROVE,44.09,0.9535041959628032,1,0,0,0,0,0,0,2,110,14,11,26,terminal_customer_network_burst;night_activity,0.26,0.017004916655381716,0.26
X000055697,2026-01-23 23:20:35,C000471,A0000471,M00038,T00874,South,South,115.97,USD,mobile_wallet,chip_pin,approved,APPROVE,136.92,0.8469909436167106,1,0,0,0,0,1,0,4,256,20,57,26,terminal_customer_network_burst;night_activity,0.26,0.024045331643630635,0.26
X000011273,2026-01-23 23:21:15,C000101,A0000101,M00439,T00933,West,West,49.41,USD,card_present,chip_pin,approved,APPROVE,65.68,0.7522838002436052,1,0,0,0,0,0,0,2,50,3,18,8,night_activity,0.08,0.005800419649363535,0.08
X000199705,2026-01-23 23:21:16,C001637,A0001637,M00398,T00528,South,South,182.19,USD,ecommerce,chip_pin,approved,APPROVE,150.55,1.210162736632348,1,0,0,1,0,0,0,7,100,8,29,51,customer_velocity;terminal_customer_network_burst;night_activity,0.51,0.01289729090798015,0.51
X000092331,2026-01-23 23:21:45,C000773,A0000773,M00376,T00181,South,South,28.92,USD,card_present,wallet_biometric,approved,APPROVE,45.11,0.6410995344712924,1,0,0,0,0,0,0,3,202,13,32,26,terminal_customer_network_burst;night_activity,0.26,0.012344324737999162,0.26
X000097901,2026-01-23 23:21:47,C000820,A0000820,M00217,T00041,South,South,211.74,USD,card_present,wallet_biometric,approved,APPROVE,146.86,1.441781288301784,1,0,0,0,0,0,0,4,55,12,25,26,terminal_customer_network_burst;night_activity,0.26,0.01442243267536052,0.26
X000123868,2026-01-23 23:21:50,C001025,A0001025,M00204,T00165,Midwest,Midwest,20.61,USD,card_present,3ds,approved,APPROVE,79.76,0.2584002006018054,1,0,0,0,0,0,0,7,39,6,17,33,customer_velocity;night_activity,0.33,0.007821006871996269,0.33
X000078542,2026-01-23 23:21:51,C000661,A0000661,M00305,T01095,Northeast,Northeast,45.87,USD,mobile_wallet,wallet_biometric,approved,APPROVE,47.46,0.9664981036662452,1,0,0,0,0,1,0,3,60,11,11,26,terminal_customer_network_burst;night_activity,0.26,0.01886633018247754,0.26
X000177788,2026-01-23 23:22:22,C001462,A0001462,M00642,T00253,West,Midwest,71.82,USD,card_present,chip_pin,approved,APPROVE,36.28,1.9796030871003305,1,0,0,0,0,0,1,1,68,11,0,53,new_customer_terminal_pair;terminal_customer_network_burst;night_activity;home_region_mismatch,0.53,0.1529166175346377,0.53
X000030185,2026-01-23 23:22:28,C000259,A0000259,M00600,T00407,South,South,47.86,USD,ecommerce,wallet_biometric,approved,APPROVE,66.02,0.7249318388367162,1,0,0,1,0,0,0,3,128,11,9,26,terminal_customer_network_burst;night_activity,0.26,0.015538114890609467,0.26
X000176892,2026-01-23 23:23:22,C001458,A0001458,M00692,T00191,Northeast,Northeast,78.68,USD,card_present,chip_pin,approved,APPROVE,89.01,0.8839456240871812,1,0,0,0,0,0,0,3,105,14,19,26,terminal_customer_network_burst;night_activity,0.26,0.015304315940745203,0.26
X000125772,2026-01-23 23:23:26,C001036,A0001036,M00430,T01143,South,South,41.73,USD,ecommerce,chip_pin,approved,APPROVE,47.21,0.883922897691167,1,0,0,1,0,0,0,1,146,13,17,26,terminal_customer_network_burst;night_activity,0.26,0.01556147727401984,0.26
X000047974,2026-01-23 23:23:43,C000404,A0000404,M00017,T00257,Midwest,Midwest,271.85,USD,card_present,3ds,approved,APPROVE,227.96,1.1925337778557643,1,0,0,0,0,0,0,12,80,5,51,53,customer_velocity;high_customer_velocity;night_activity,0.53,0.008326655494148521,0.53
X000150982,2026-01-23 23:24:44,C001241,A0001241,M00302,T00011,Northeast,Northeast,379.47,USD,card_present,wallet_biometric,approved,APPROVE,279.08,1.3597176436863982,1,0,0,0,0,0,0,4,117,14,35,26,terminal_customer_network_burst;night_activity,0.26,0.015225376745622616,0.26
X000151660,2026-01-23 23:24:46,C001246,A0001246,M00616,T01002,West,West,27.96,USD,ecommerce,chip_pin,approved,APPROVE,34.47,0.8111401218450828,1,0,0,1,0,0,0,0,50,8,12,26,terminal_customer_network_burst;night_activity,0.26,0.009331923891528761,0.26
X000179664,2026-01-23 23:24:50,C001477,A0001477,M00205,T00049,South,South,51.56,USD,card_present,chip_pin,approved,APPROVE,42.81,1.2043914973137118,1,0,0,0,0,0,0,2,114,8,14,26,terminal_customer_network_burst;night_activity,0.26,0.01158538939300972,0.26
X000125100,2026-01-23 23:25:13,C001032,A0001032,M00051,T00286,South,South,372.35,USD,card_present,chip_pin,approved,APPROVE,220.63,1.687667135022436,1,0,0,0,0,0,0,10,164,13,54,71,customer_velocity;high_customer_velocity;terminal_customer_network_burst;night_activity,0.71,0.017442098374375187,0.71
X000020106,2026-01-23 23:25:24,C000174,A0000174,M00588,T00221,West,West,19.44,USD,ecommerce,wallet_biometric,approved,APPROVE,20.52,0.9473684210526316,1,0,0,1,0,0,0,3,46,5,13,8,night_activity,0.08,0.009028910956380354,0.08
X000207476,2026-01-23 23:25:25,C001693,A0001693,M00434,T00133,South,South,31.39,USD,card_present,3ds,approved,APPROVE,110.59,0.28384121529975587,1,0,0,0,0,0,0,1,138,11,10,26,terminal_customer_network_burst;night_activity,0.26,0.010782583634522547,0.26
X000002668,2026-01-23 23:26:59,C000026,A0000026,M00494,T00034,West,West,79.11,USD,ecommerce,3ds,approved,APPROVE,73.2,1.0807377049180327,1,0,0,1,0,0,0,1,70,7,12,8,night_activity,0.08,0.01040942372462408,0.08
X000135451,2026-01-23 23:27:11,C001112,A0001112,M00378,T01130,South,South,29.85,USD,card_present,3ds,approved,APPROVE,28.64,1.0422486033519553,1,0,0,0,0,0,0,4,150,12,15,26,terminal_customer_network_burst;night_activity,0.26,0.01685065441157499,0.26
X000069553,2026-01-23 23:27:53,C000591,A0000591,M00387,T00289,Northeast,Northeast,33.28,USD,card_present,3ds,approved,APPROVE,42.51,0.7828746177370032,1,0,0,0,0,0,0,0,52,9,8,26,terminal_customer_network_burst;night_activity,0.26,0.009599672065058577,0.26
X000191035,2026-01-23 23:27:56,C001568,A0001568,M00434,T00133,South,South,108.85,USD,mobile_wallet,chip_pin,approved,APPROVE,122.57,0.8880639634494575,1,0,0,0,0,1,0,3,139,11,18,26,terminal_customer_network_burst;night_activity,0.26,0.018558842876390296,0.26
X000210748,2026-01-23 23:28:01,C001718,A0001718,M00613,T00449,South,South,28.55,USD,ecommerce,chip_pin,approved,APPROVE,35.21,0.8108491905708606,1,0,0,1,0,0,0,2,120,12,11,26,terminal_customer_network_burst;night_activity,0.26,0.01566560512652271,0.26
X000049649,2026-01-23 23:28:07,C000415,A0000415,M00394,T00922,South,South,13.93,USD,ecommerce,3ds,approved,APPROVE,42.93,0.32448171441882134,1,0,0,1,0,0,0,0,165,13,0,41,new_customer_terminal_pair;terminal_customer_network_burst;night_activity,0.41,0.01615986397975266,0.41
X000170491,2026-01-23 23:28:12,C001405,A0001405,M00070,T00004,Northeast,Northeast,192.73,USD,card_present,3ds,approved,APPROVE,111.64,1.7263525618058042,1,0,0,0,0,0,0,2,121,12,18,26,terminal_customer_network_burst;night_activity,0.26,0.017783542406427457,0.26
X000035609,2026-01-23 23:28:51,C000302,A0000302,M00454,T00284,West,West,36.36,USD,card_present,wallet_biometric,approved,APPROVE,37.04,0.9816414686825055,1,0,0,0,0,0,0,1,66,10,9,26,terminal_customer_network_burst;night_activity,0.26,0.011769361795788358,0.26
X000124613,2026-01-23 23:29:23,C001030,A0001030,M00619,T00982,Northeast,West,180.44,USD,card_present,wallet_biometric,approved,APPROVE,208.04,0.8673332051528553,1,0,0,0,0,0,1,1,77,10,0,53,new_customer_terminal_pair;terminal_customer_network_burst;night_activity;home_region_mismatch,0.53,0.10127662481817959,0.53
X000108958,2026-01-23 23:29:50,C000913,A0000913,M00224,T01197,Northeast,Northeast,260.51,USD,card_present,chip_pin,approved,APPROVE,132.83,1.9612286381088606,1,0,0,0,0,0,0,3,71,9,29,26,terminal_customer_network_burst;night_activity,0.26,0.012819644086315304,0.26
X000193301,2026-01-23 23:29:57,C001587,A0001587,M00305,T01095,Northeast,Northeast,29.83,USD,card_present,wallet_biometric,approved,APPROVE,27.78,1.073794096472282,1,0,0,0,0,0,0,0,61,11,12,26,terminal_customer_network_burst;night_activity,0.26,0.011763178236929182,0.26
X000079225,2026-01-23 23:30:20,C000667,A0000667,M00228,T00522,Northeast,Northeast,68.24,USD,card_present,chip_pin,approved,APPROVE,68.9,0.9904208998548619,1,0,0,0,0,0,0,3,97,14,25,26,terminal_customer_network_burst;night_activity,0.26,0.014314034608865154,0.26
X000141803,2026-01-23 23:30:35,C001169,A0001169,M00679,T00947,Northeast,Northeast,179.85,USD,ecommerce,3ds,approved,APPROVE,104.26,1.7250143871091501,1,0,0,1,0,0,0,1,71,7,11,8,night_activity,0.08,0.013403862452434684,0.08
X000197428,2026-01-23 23:30:35,C001621,A0001621,M00269,T00339,West,West,163.5,USD,ecommerce,chip_pin,approved,APPROVE,173.71,0.9412238788785907,1,0,0,1,0,0,0,7,81,6,43,33,customer_velocity;night_activity,0.33,0.00788244309147674,0.33
X000044009,2026-01-23 23:30:56,C000374,A0000374,M00447,T00749,South,South,565.41,USD,ecommerce,chip_pin,approved,APPROVE,251.37,2.249313760591956,1,0,0,1,0,0,0,4,119,14,9,26,terminal_customer_network_burst;night_activity,0.26,0.034718737430628976,0.26
X000188394,2026-01-23 23:31:02,C001548,A0001548,M00404,T00936,Northeast,Northeast,31.54,USD,card_present,chip_pin,approved,APPROVE,35.54,0.887450759707372,1,0,0,0,0,0,0,1,18,5,9,8,night_activity,0.08,0.007337229287802725,0.08
X000232369,2026-01-23 23:31:33,C001895,A0001895,M00453,T00940,South,South,69.73,USD,card_present,chip_pin,approved,APPROVE,63.18,1.1036720481164926,1,0,0,0,0,0,0,1,209,17,10,26,terminal_customer_network_burst;night_activity,0.26,0.02498763821949928,0.26
X000083256,2026-01-23 23:31:37,C000696,A0000696,M00691,T01123,Northeast,Northeast,379.52,USD,card_present,wallet_biometric,approved,APPROVE,156.98,2.4176328194674483,1,0,0,0,0,0,0,4,81,9,32,26,terminal_customer_network_burst;night_activity,0.26,0.01546069111701687,0.26
X000006350,2026-01-23 23:31:42,C000057,A0000057,M00345,T01160,West,South,416.92,USD,card_present,chip_pin,approved,APPROVE,238.78,1.7460423821090545,1,0,0,0,0,0,1,3,65,11,0,53,new_customer_terminal_pair;terminal_customer_network_burst;night_activity;home_region_mismatch,0.53,0.15483157729369018,0.53
X000066611,2026-01-23 23:31:43,C000565,A0000565,M00277,T00518,Midwest,Midwest,31.5,USD,ecommerce,chip_pin,approved,APPROVE,24.38,1.2920426579163249,1,0,0,1,0,0,0,4,95,8,20,26,terminal_customer_network_burst;night_activity,0.26,0.012974755996086537,0.26
X000087956,2026-01-23 23:32:42,C000739,A0000739,M00294,T00731,West,South,114.26,USD,card_present,magstripe,approved,APPROVE,42.99,2.6578274017213306,1,0,0,0,1,0,1,2,122,12,0,53,new_customer_terminal_pair;terminal_customer_network_burst;night_activity;home_region_mismatch,0.53,0.340190717568558,0.53
X000114791,2026-01-23 23:34:46,C000955,A0000955,M00460,T00478,Midwest,Midwest,31.63,USD,card_present,3ds,approved,APPROVE,63.4,0.49889589905362774,1,0,0,0,0,0,0,0,35,8,18,26,terminal_customer_network_burst;night_activity,0.26,0.006695823333116509,0.26
X000176751,2026-01-23 23:35:38,C001457,A0001457,M00023,T00720,Midwest,Midwest,21.4,USD,mobile_wallet,chip_pin,approved,APPROVE,23.47,0.911802300809544,1,0,0,0,0,1,0,3,141,11,18,26,terminal_customer_network_burst;night_activity,0.26,0.01877684586459965,0.26
X000191036,2026-01-23 23:35:58,C001568,A0001568,M00513,T00882,South,Midwest,163.4,USD,mobile_wallet,3ds,approved,APPROVE,122.57,1.333115770580077,1,0,0,0,0,1,1,4,22,8,0,53,new_customer_terminal_pair;terminal_customer_network_burst;night_activity;home_region_mismatch,0.53,0.14954221595863232,0.53
X000090847,2026-01-23 23:36:08,C000761,A0000761,M00318,T00746,Midwest,Midwest,173.89,USD,mobile_wallet,wallet_biometric,approved,APPROVE,202.51,0.8586736457458891,1,0,0,0,0,1,0,6,183,18,19,51,customer_velocity;terminal_customer_network_burst;night_activity,0.51,0.037215048965402675,0.51
X000041024,2026-01-23 23:36:34,C000348,A0000348,M00778,T01132,South,South,40.51,USD,mobile_wallet,chip_pin,approved,APPROVE,38.38,1.0554976550286606,1,0,0,0,0,1,0,1,122,14,12,26,terminal_customer_network_burst;night_activity,0.26,0.023589801018559942,0.26
X000067831,2026-01-23 23:37:17,C000575,A0000575,M00318,T00746,Midwest,Midwest,67.93,USD,card_present,wallet_biometric,approved,APPROVE,61.13,1.1112383445116965,1,0,0,0,0,0,0,1,184,18,14,26,terminal_customer_network_burst;night_activity,0.26,0.024365158614287185,0.26
X000162528,2026-01-23 23:38:23,C001342,A0001342,M00549,T00456,South,South,270.28,USD,card_present,3ds,approved,APPROVE,177.7,1.5209904333145752,1,0,0,0,0,0,0,1,201,20,26,26,terminal_customer_network_burst;night_activity,0.26,0.02779948714993571,0.26
X000196662,2026-01-23 23:38:49,C001615,A0001615,M00706,T00053,Northeast,Northeast,55.74,USD,card_present,3ds,approved,APPROVE,49.67,1.1222065633178981,1,0,0,0,0,0,0,1,105,11,15,26,terminal_customer_network_burst;night_activity,0.26,0.01288076756885715,0.26
X000123313,2026-01-23 23:39:21,C001022,A0001022,M00553,T00398,West,West,160.54,USD,card_present,3ds,approved,APPROVE,96.78,1.6588138045050629,1,0,0,0,0,0,0,1,50,10,13,26,terminal_customer_network_burst;night_activity,0.26,0.013817721948394961,0.26
X000223050,2026-01-23 23:39:27,C001818,A0001818,M00675,T00026,Midwest,Midwest,31.45,USD,ecommerce,magstripe,approved,APPROVE,44.9,0.700445434298441,1,0,0,1,1,0,0,1,58,9,5,46,terminal_customer_network_burst;ecommerce_authentication_shift;night_activity,0.46,0.020463444701032257,0.46
X000080063,2026-01-23 23:39:38,C000674,A0000674,M00341,T00572,Midwest,Midwest,347.91,USD,ecommerce,3ds,approved,APPROVE,400.29,0.8691448699692723,1,0,0,1,0,0,0,4,115,10,25,26,terminal_customer_network_burst;night_activity,0.26,0.012258707106069128,0.26
X000214906,2026-01-23 23:40:07,C001755,A0001755,M00459,T00809,Northeast,Northeast,24.81,USD,ecommerce,chip_pin,approved,APPROVE,25.97,0.9553330766268772,1,0,0,1,0,0,0,1,128,14,23,26,terminal_customer_network_burst;night_activity,0.26,0.01521367000459492,0.26
X000158358,2026-01-23 23:40:09,C001303,A0001303,M00330,T01113,West,West,395.33,USD,card_present,wallet_biometric,approved,APPROVE,179.56,2.201659612385832,1,0,0,0,0,0,0,1,87,12,7,26,terminal_customer_network_burst;night_activity,0.26,0.02258742745256458,0.26
X000048560,2026-01-23 23:40:27,C000407,A0000407,M00640,T01025,Midwest,Midwest,61.43,USD,card_present,chip_pin,approved,APPROVE,47.82,1.2846089502300293,1,0,0,0,0,0,0,2,125,10,14,26,terminal_customer_network_burst;night_activity,0.26,0.014028070165845778,0.26
X000196663,2026-01-23 23:40:58,C001615,A0001615,M00706,T00053,Northeast,Northeast,78.76,USD,card_present,3ds,approved,APPROVE,49.67,1.5856653915844574,1,0,0,0,0,0,0,2,106,11,16,26,terminal_customer_network_burst;night_activity,0.26,0.015846541522921857,0.26
X000001581,2026-01-23 23:41:13,C000015,A0000015,M00074,T01036,South,South,45.54,USD,ecommerce,3ds,approved,APPROVE,115.21,0.3952781876573214,1,0,0,1,0,0,0,4,204,20,50,26,terminal_customer_network_burst;night_activity,0.26,0.016521063328331042,0.26
X000115584,2026-01-23 23:41:14,C000960,A0000960,M00743,T00220,South,South,147.64,USD,card_present,chip_pin,approved,APPROVE,37.6,3.9265957446808506,1,0,0,0,0,0,0,2,85,12,11,56,amount_vs_profile;terminal_customer_network_burst;night_activity,0.56,0.041390844120464655,0.56
X000135697,2026-01-23 23:41:17,C001115,A0001115,M00401,T00536,South,South,81.17,USD,card_present,chip_pin,approved,APPROVE,73.67,1.1018053481742907,1,0,0,0,0,0,0,0,150,20,11,26,terminal_customer_network_burst;night_activity,0.26,0.02647149338977031,0.26
X000084404,2026-01-23 23:42:00,C000707,A0000707,M00433,T00174,Midwest,Midwest,24.48,USD,card_present,wallet_biometric,approved,APPROVE,28.18,0.8687012065294535,1,0,0,0,0,0,0,2,111,14,8,26,terminal_customer_network_burst;night_activity,0.26,0.017301554676517814,0.26
X000046268,2026-01-23 23:42:12,C000388,A0000388,M00518,T00379,South,South,122.96,USD,card_present,wallet_biometric,approved,APPROVE,83.44,1.473633748801534,1,0,0,0,0,0,0,4,113,12,7,26,terminal_customer_network_burst;night_activity,0.26,0.02108691867137664,0.26
X000067365,2026-01-23 23:43:31,C000571,A0000571,M00608,T00219,South,South,71.34,USD,mobile_wallet,chip_pin,approved,APPROVE,119.82,0.5953930896344517,1,0,0,0,0,1,0,9,202,15,33,51,customer_velocity;terminal_customer_network_burst;night_activity,0.51,0.02649217780200181,0.51
X000147680,2026-01-23 23:43:46,C001220,A0001220,M00560,T00369,West,West,308.05,USD,ecommerce,wallet_biometric,approved,APPROVE,107.29,2.871190232081275,1,0,0,1,0,0,0,4,44,9,14,26,terminal_customer_network_burst;night_activity,0.26,0.02513200908389544,0.26
X000080623,2026-01-23 23:44:56,C000677,A0000677,M00288,T00279,Northeast,Northeast,223.47,USD,card_present,chip_pin,approved,APPROVE,220.2,1.0148501362397822,1,0,0,0,0,0,0,3,86,8,11,26,terminal_customer_network_burst;night_activity,0.26,0.01143299506361961,0.26
X000099111,2026-01-23 23:45:14,C000831,A0000831,M00698,T00516,South,West,21.6,USD,card_present,3ds,approved,APPROVE,25.5,0.8470588235294119,1,0,0,0,0,0,1,1,52,9,0,53,new_customer_terminal_pair;terminal_customer_network_burst;night_activity;home_region_mismatch,0.53,0.09087285602306326,0.53
X000060107,2026-01-23 23:46:08,C000512,A0000512,M00436,T01032,Midwest,Midwest,43.9,USD,card_present,chip_pin,approved,APPROVE,77.47,0.5666709694075126,1,0,0,0,0,0,0,2,55,7,19,8,night_activity,0.08,0.007197511540226951,0.08
X000024164,2026-01-23 23:46:19,C000204,A0000204,M00692,T00771,Northeast,Northeast,27.7,USD,card_present,chip_pin,approved,APPROVE,33.64,0.8234244946492271,1,0,0,0,0,0,0,2,123,15,13,26,terminal_customer_network_burst;night_activity,0.26,0.017239649788543206,0.26
X000067942,2026-01-23 23:46:19,C000576,A0000576,M00400,T00241,West,West,34.16,USD,card_present,wallet_biometric,approved,APPROVE,69.4,0.4922190201729106,1,0,0,0,0,0,0,0,108,10,12,26,terminal_customer_network_burst;night_activity,0.26,0.009503315920535554,0.26
X000209794,2026-01-23 23:46:26,C001712,A0001712,M00556,T00589,South,South,199.66,USD,card_present,chip_pin,approved,APPROVE,184.84,1.080177450768232,1,0,0,0,0,0,0,1,186,16,34,26,terminal_customer_network_burst;night_activity,0.26,0.015345009337570317,0.26
X000181727,2026-01-23 23:47:06,C001495,A0001495,M00667,T00609,Northeast,Northeast,93.46,USD,card_present,chip_pin,approved,APPROVE,43.33,2.1569351488576043,1,0,0,0,0,0,0,3,192,20,7,26,terminal_customer_network_burst;night_activity,0.26,0.05083928623969482,0.26
X000170065,2026-01-23 23:47:36,C001402,A0001402,M00148,T00103,Midwest,Midwest,284.06,USD,ecommerce,magstripe,approved,APPROVE,250.08,1.1358765195137555,1,0,0,1,1,0,0,2,40,6,8,28,ecommerce_authentication_shift;night_activity,0.28,0.018886426154641915,0.28
X000056880,2026-01-23 23:47:57,C000481,A0000481,M00393,T00239,Northeast,Northeast,54.89,USD,card_present,chip_pin,approved,APPROVE,78.62,0.6981684049860086,1,0,0,0,0,0,0,1,163,12,17,26,terminal_customer_network_burst;night_activity,0.26,0.012568888409302722,0.26
X000021446,2026-01-23 23:48:07,C000186,A0000186,M00442,T00105,West,West,597.68,USD,card_present,3ds,approved,APPROVE,223.8,2.670598748882931,1,0,0,0,0,0,0,7,110,11,47,51,customer_velocity;terminal_customer_network_burst;night_activity,0.51,0.018955548857657267,0.51
X000126910,2026-01-23 23:48:08,C001045,A0001045,M00767,T00313,South,South,38.85,USD,card_present,wallet_biometric,approved,APPROVE,24.63,1.577344701583435,1,0,0,0,0,0,0,3,144,17,17,26,terminal_customer_network_burst;night_activity,0.26,0.02673366024618098,0.26
X000159308,2026-01-23 23:48:18,C001312,A0001312,M00481,T00265,Northeast,Northeast,38.77,USD,card_present,chip_pin,approved,APPROVE,35.7,1.0859943977591036,1,0,0,0,0,0,0,2,134,11,13,26,terminal_customer_network_burst;night_activity,0.26,0.014446034609537048,0.26
X000019025,2026-01-23 23:48:44,C000164,A0000164,M00684,T00007,West,West,33.12,USD,card_present,3ds,approved,APPROVE,40.49,0.8179797480859471,1,0,0,0,0,0,0,0,9,1,9,8,night_activity,0.08,0.0049964385309950125,0.08
X000043797,2026-01-23 23:50:32,C000372,A0000372,M00481,T00116,Northeast,Northeast,69.33,USD,card_present,wallet_biometric,approved,APPROVE,34.26,2.0236427320490367,1,0,0,0,0,0,0,0,75,8,7,26,terminal_customer_network_burst;night_activity,0.26,0.01478922083280496,0.26
X000158476,2026-01-23 23:51:55,C001304,A0001304,M00020,T00130,South,South,153.08,USD,card_present,3ds,approved,APPROVE,145.65,1.0510127016821147,1,0,0,0,0,0,0,3,153,14,24,26,terminal_customer_network_burst;night_activity,0.26,0.01619547989322005,0.26
X000205933,2026-01-23 23:51:55,C001680,A0001680,M00153,T00753,South,South,119.62,USD,card_present,3ds,approved,APPROVE,155.53,0.769112068411239,1,0,0,0,0,0,0,3,190,15,19,26,terminal_customer_network_burst;night_activity,0.26,0.017969982392149877,0.26
X000061260,2026-01-23 23:51:56,C000522,A0000522,M00264,T01070,South,Midwest,33.46,USD,card_present,3ds,approved,APPROVE,51.45,0.6503401360544218,1,0,0,0,0,0,1,0,51,8,0,53,new_customer_terminal_pair;terminal_customer_network_burst;night_activity;home_region_mismatch,0.53,0.07559182500364788,0.53
X000178293,2026-01-23 23:52:29,C001467,A0001467,M00521,T00168,Northeast,Northeast,26.6,USD,ecommerce,3ds,approved,APPROVE,43.16,0.6163113994439297,1,0,0,1,0,0,0,2,99,9,5,26,terminal_customer_network_burst;night_activity,0.26,0.0124833678158525,0.26
X000168388,2026-01-23 23:52:38,C001392,A0001392,M00335,T00070,South,South,389.81,USD,ecommerce,3ds,approved,APPROVE,122.23,3.189151599443672,1,0,0,1,0,0,0,2,228,17,9,56,amount_vs_profile;terminal_customer_network_burst;night_activity,0.56,0.06339034699728806,0.56
X000215696,2026-01-23 23:53:38,C001762,A0001762,M00099,T00891,Northeast,South,45.82,USD,ecommerce,3ds,approved,APPROVE,40.4,1.1341584158415843,1,0,0,1,0,0,1,1,60,7,0,35,new_customer_terminal_pair;night_activity;home_region_mismatch,0.35,0.09704931373407048,0.35
X000213408,2026-01-23 23:54:12,C001742,A0001742,M00086,T00198,Midwest,Midwest,15.09,USD,ecommerce,chip_pin,approved,APPROVE,28.4,0.5313380281690141,1,0,0,1,0,0,0,2,68,7,14,8,night_activity,0.08,0.008664924308356465,0.08
X000159576,2026-01-23 23:55:10,C001315,A0001315,M00553,T00625,West,West,64.42,USD,card_present,3ds,approved,APPROVE,49.14,1.3109483109483109,1,0,0,0,0,0,0,1,42,5,7,8,night_activity,0.08,0.009178364523270931,0.08
X000187133,2026-01-23 23:55:24,C001539,A0001539,M00130,T00939,South,South,41.13,USD,card_present,wallet_biometric,approved,APPROVE,50.48,0.8147781299524565,1,0,0,0,0,0,0,2,138,13,7,26,terminal_customer_network_burst;night_activity,0.26,0.016706349098729686,0.26
X000205225,2026-01-23 23:55:40,C001677,A0001677,M00690,T00363,Northeast,Northeast,96.15,USD,ecommerce,3ds,approved,APPROVE,57.72,1.6658004158004158,1,0,0,1,0,0,0,3,103,10,0,41,new_customer_terminal_pair;terminal_customer_network_burst;night_activity,0.41,0.02251901628482738,0.41
X000148590,2026-01-23 23:56:36,C001225,A0001225,M00507,T00488,South,South,187.1,USD,card_present,chip_pin,approved,APPROVE,171.02,1.09402409074962,1,0,0,0,0,0,0,11,135,10,54,71,customer_velocity;high_customer_velocity;terminal_customer_network_burst;night_activity,0.71,0.011388410395669887,0.71
X000212384,2026-01-23 23:57:08,C001733,A0001733,M00567,T00161,Northeast,Northeast,137.35,USD,card_present,chip_pin,approved,APPROVE,162.51,0.8451787582302628,1,0,0,0,0,0,0,4,119,15,27,26,terminal_customer_network_burst;night_activity,0.26,0.015415662176265348,0.26
X000079579,2026-01-23 23:57:29,C000670,A0000670,M00730,T01027,West,West,21.96,USD,ecommerce,3ds,approved,APPROVE,36.5,0.6016438356164384,1,0,0,1,0,0,0,3,86,7,10,8,night_activity,0.08,0.010256157027818142,0.08
X000191457,2026-01-23 23:57:43,C001571,A0001571,M00283,T01004,Northeast,Northeast,38.83,USD,card_present,chip_pin,approved,APPROVE,34.49,1.1258335749492605,1,0,0,0,0,0,0,4,95,9,27,26,terminal_customer_network_burst;night_activity,0.26,0.01065280298029862,0.26
X000001582,2026-01-23 23:57:47,C000015,A0000015,M00763,T00455,South,South,63.21,USD,ecommerce,3ds,approved,APPROVE,115.21,0.5486502907733704,1,0,0,1,0,0,0,5,99,5,43,33,customer_velocity;night_activity,0.33,0.0058710621673805025,0.33
X000204509,2026-01-23 23:58:02,C001669,A0001669,M00244,T00336,South,South,9.21,USD,ecommerce,3ds,approved,APPROVE,18.02,0.5110987791342952,1,0,0,1,0,0,0,2,148,12,5,26,terminal_customer_network_burst;night_activity,0.26,0.016095093604543205,0.26
X000061178,2026-01-23 23:58:03,C000521,A0000521,M00738,T00002,South,South,39.98,USD,card_present,wallet_biometric,approved,APPROVE,43.88,0.9111212397447583,1,0,0,0,0,0,0,0,92,10,14,26,terminal_customer_network_burst;night_activity,0.26,0.010477183575541152,0.26
X000124614,2026-01-23 23:58:43,C001030,A0001030,M00604,T01134,Northeast,Northeast,154.15,USD,mobile_wallet,3ds,approved,APPROVE,208.04,0.7409632762930206,1,0,0,0,0,1,0,2,208,15,37,26,terminal_customer_network_burst;night_activity,0.26,0.018442209592802756,0.26
X000080445,2026-01-23 23:59:07,C000676,A0000676,M00738,T00002,South,South,100.03,USD,card_present,chip_pin,approved,APPROVE,122.96,0.8135165907612232,1,0,0,0,0,0,0,3,93,10,0,41,new_customer_terminal_pair;terminal_customer_network_burst;night_activity,0.41,0.01473771740448212,0.41
X000192892,2026-01-23 23:59:12,C001584,A0001584,M00675,T00110,Midwest,Midwest,551.45,USD,card_present,wallet_biometric,approved,APPROVE,230.45,2.3929268821870258,1,0,0,0,0,0,0,2,95,8,32,26,terminal_customer_network_burst;night_activity,0.26,0.01311818024590764,0.26
X000010674,2026-01-23 23:59:44,C000097,A0000097,M00051,T01084,South,South,99.43,USD,card_present,3ds,approved,APPROVE,38.21,2.6021983773881185,1,0,0,0,0,0,0,5,131,13,12,51,customer_velocity;terminal_customer_network_burst;night_activity,0.51,0.03407066562020816,0.51
X000082867,2026-01-24 00:00:05,C000694,A0000694,M00507,T01055,South,South,625.44,USD,card_present,3ds,approved,APPROVE,291.15,2.1481710458526537,1,1,0,0,0,0,0,6,133,12,38,51,customer_velocity;terminal_customer_network_burst;night_activity,0.51,0.013581096512716523,0.51
X000006939,2026-01-24 00:00:09,C000063,A0000063,M00645,T00428,South,South,45.81,USD,mobile_wallet,chip_pin,approved,APPROVE,104.29,0.43925592098954835,1,1,0,0,0,1,0,0,67,8,8,26,terminal_customer_network_burst;night_activity,0.26,0.008069643156511288,0.26
X000035746,2026-01-24 00:00:13,C000304,A0000304,M00594,T01188,Northeast,Northeast,69.99,USD,card_present,chip_pin,approved,APPROVE,56.66,1.2352629721143664,1,1,0,0,0,0,0,1,206,15,13,26,terminal_customer_network_burst;night_activity,0.26,0.01538913229932587,0.26
X000162529,2026-01-24 00:00:22,C001342,A0001342,M00549,T00456,South,South,249.24,USD,mobile_wallet,wallet_biometric,approved,APPROVE,177.7,1.4025886325267305,1,1,0,0,0,1,0,2,202,20,27,26,terminal_customer_network_burst;night_activity,0.26,0.027718805235722233,0.26
X000182246,2026-01-24 00:00:50,C001500,A0001500,M00800,T00613,South,West,50.54,USD,card_present,wallet_biometric,approved,APPROVE,130.54,0.3871610234410909,1,1,0,0,0,0,1,6,74,9,0,78,customer_velocity;new_customer_terminal_pair;terminal_customer_network_burst;night_activity;home_region_mismatch,0.78,0.07456542033052997,0.78
X000101174,2026-01-24 00:01:46,C000851,A0000851,M00066,T00171,West,West,411.97,USD,ecommerce,3ds,approved,APPROVE,554.65,0.7427566934102589,1,1,0,1,0,0,0,4,77,6,28,8,night_activity,0.08,0.005592901404079436,0.08
X000082458,2026-01-24 00:01:53,C000691,A0000691,M00050,T01119,Midwest,Midwest,35.43,USD,ecommerce,wallet_biometric,approved,APPROVE,39.53,0.8962813053377181,1,1,0,1,0,0,0,1,131,12,5,26,terminal_customer_network_burst;night_activity,0.26,0.012201006727682866,0.26
X000036191,2026-01-24 00:01:54,C000309,A0000309,M00402,T00179,South,South,168.93,USD,ecommerce,chip_pin,approved,APPROVE,56.14,3.0090844317776986,1,1,0,1,0,0,0,0,102,10,11,56,amount_vs_profile;terminal_customer_network_burst;night_activity,0.56,0.018858623687476685,0.56
X000064699,2026-01-24 00:02:15,C000549,A0000549,M00585,T00119,Midwest,Midwest,93.04,USD,mobile_wallet,magstripe,approved,APPROVE,77.83,1.1954259283052808,1,1,0,0,1,1,0,2,83,11,10,26,terminal_customer_network_burst;night_activity,0.26,0.025980058850055637,0.26
X000004923,2026-01-24 00:02:23,C000045,A0000045,M00454,T00240,West,West,29.01,USD,ecommerce,chip_pin,approved,APPROVE,25.21,1.1507338357794525,1,1,0,1,0,0,0,2,16,3,14,8,night_activity,0.08,0.005327547491703299,0.08
X000095349,2026-01-24 00:02:23,C000796,A0000796,M00064,T00120,Midwest,Midwest,22.84,USD,ecommerce,3ds,approved,APPROVE,38.69,0.5903334194882399,1,1,0,1,0,0,0,0,72,6,12,8,night_activity,0.08,0.005466907709871921,0.08
X000164396,2026-01-24 00:02:27,C001355,A0001355,M00085,T00540,Northeast,Northeast,163.43,USD,ecommerce,magstripe,approved,APPROVE,213.19,0.7665931797926733,1,1,0,1,1,0,0,3,85,7,16,28,ecommerce_authentication_shift;night_activity,0.28,0.012603044601269877,0.28
X000041516,2026-01-24 00:02:46,C000351,A0000351,M00461,T00574,West,West,111.69,USD,card_present,magstripe,approved,APPROVE,48.43,2.3062151558951065,1,1,0,0,1,0,0,2,47,2,12,8,night_activity,0.08,0.013277961580259174,0.08
X000123516,2026-01-24 00:03:16,C001023,A0001023,M00171,T00523,Northeast,Northeast,338.31,USD,card_present,chip_pin,approved,APPROVE,96.87,3.4924125116135025,1,1,0,0,0,0,0,8,114,13,47,81,amount_vs_profile;customer_velocity;terminal_customer_network_burst;night_activity,0.81,0.02230600287895436,0.81
X000036928,2026-01-24 00:03:45,C000316,A0000316,M00394,T00922,South,South,45.33,USD,card_present,3ds,approved,APPROVE,40.33,1.1239771881973717,1,1,0,0,0,0,0,1,166,14,17,26,terminal_customer_network_burst;night_activity,0.26,0.012143209664493015,0.26
X000114076,2026-01-24 00:04:09,C000949,A0000949,M00615,T01067,Midwest,Midwest,37.82,USD,ecommerce,3ds,approved,APPROVE,66.62,0.5676973881717202,1,1,0,1,0,0,0,1,111,12,7,26,terminal_customer_network_burst;night_activity,0.26,0.010167449026167298,0.26
X000049857,2026-01-24 00:04:15,C000417,A0000417,M00343,T00030,West,West,35.46,USD,card_present,chip_pin,approved,APPROVE,41.49,0.8546637744034707,1,1,0,0,0,0,0,3,54,9,14,26,terminal_customer_network_burst;night_activity,0.26,0.007487877657903511,0.26
X000169859,2026-01-24 00:05:00,C001401,A0001401,M00040,T00635,Northeast,Northeast,216.03,USD,mobile_wallet,chip_pin,approved,APPROVE,92.55,2.33419773095624,1,1,0,0,0,1,0,6,81,7,30,33,customer_velocity;night_activity,0.33,0.014889459033260912,0.33
X000185151,2026-01-24 00:05:01,C001524,A0001524,M00532,T00040,West,West,171.94,USD,card_present,chip_pin,approved,APPROVE,133.37,1.2891954712454075,1,1,0,0,0,0,0,3,82,10,32,26,terminal_customer_network_burst;night_activity,0.26,0.007438501426266847,0.26
X000086862,2026-01-24 00:05:23,C000728,A0000728,M00645,T00155,South,South,130.39,USD,card_present,chip_pin,approved,APPROVE,159.7,0.8164683782091421,1,1,0,0,0,0,0,3,150,10,37,26,terminal_customer_network_burst;night_activity,0.26,0.006420467501469215,0.26
X000190668,2026-01-24 00:05:36,C001566,A0001566,M00147,T00338,South,South,132.92,USD,card_present,chip_pin,approved,APPROVE,151.95,0.8747614346824614,1,1,0,0,0,0,0,3,165,11,20,26,terminal_customer_network_burst;night_activity,0.26,0.009427669510585024,0.26
X000204308,2026-01-24 00:06:27,C001668,A0001668,M00640,T01025,Midwest,Midwest,111.69,USD,card_present,wallet_biometric,approved,APPROVE,146.34,0.7632226322263223,1,1,0,0,0,0,0,5,126,10,33,51,customer_velocity;terminal_customer_network_burst;night_activity,0.51,0.007176001123863088,0.51
X000127351,2026-01-24 00:06:48,C001050,A0001050,M00367,T00335,South,South,72.41,USD,card_present,wallet_biometric,approved,APPROVE,62.75,1.1539442231075696,1,1,0,0,0,0,0,2,115,11,15,26,terminal_customer_network_burst;night_activity,0.26,0.009922511340916039,0.26
X000100434,2026-01-24 00:07:15,C000845,A0000845,M00478,T00667,Midwest,Midwest,365.35,USD,card_present,chip_pin,approved,APPROVE,175.06,2.0869987432880155,1,1,0,0,0,0,0,4,131,13,29,26,terminal_customer_network_burst;night_activity,0.26,0.014756354091811445,0.26
X000017261,2026-01-24 00:07:32,C000148,A0000148,M00608,T00219,South,South,158.55,USD,ecommerce,chip_pin,approved,APPROVE,72.66,2.1820809248554918,1,1,0,1,0,0,0,1,203,15,15,26,terminal_customer_network_burst;night_activity,0.26,0.02312224236817304,0.26
X000125773,2026-01-24 00:07:36,C001036,A0001036,M00430,T01143,South,South,51.67,USD,card_present,3ds,approved,APPROVE,47.21,1.0944715102732472,1,1,0,0,0,0,0,2,147,13,18,26,terminal_customer_network_burst;night_activity,0.26,0.011254796498264672,0.26
X000002276,2026-01-24 00:07:45,C000021,A0000021,M00285,T00370,Midwest,Midwest,131.31,USD,card_present,3ds,approved,APPROVE,43.71,3.0041180507892933,1,1,0,0,0,0,0,1,103,11,9,56,amount_vs_profile;terminal_customer_network_burst;night_activity,0.56,0.019941238543371126,0.56
X000100435,2026-01-24 00:08:41,C000845,A0000845,M00478,T00667,Midwest,Midwest,303.58,USD,ecommerce,chip_pin,approved,APPROVE,175.06,1.7341482920141664,1,1,0,1,0,0,0,5,132,13,30,51,customer_velocity;terminal_customer_network_burst;night_activity,0.51,0.014885840286173225,0.51
X000093079,2026-01-24 00:08:45,C000780,A0000780,M00009,T00774,South,South,53.25,USD,mobile_wallet,chip_pin,approved,APPROVE,66.83,0.7967978452790663,1,1,0,0,0,1,0,1,109,12,15,26,terminal_customer_network_burst;night_activity,0.26,0.012399466050893702,0.26
X000174649,2026-01-24 00:09:25,C001439,A0001439,M00298,T00941,Northeast,Northeast,101.79,USD,ecommerce,chip_pin,approved,APPROVE,141.68,0.7184500282326369,1,1,0,1,0,0,0,1,80,9,18,26,terminal_customer_network_burst;night_activity,0.26,0.006928455933542824,0.26
X000199461,2026-01-24 00:10:08,C001635,A0001635,M00316,T00389,South,South,101.46,USD,mobile_wallet,chip_pin,approved,APPROVE,67.8,1.4964601769911503,1,1,0,0,0,1,0,2,179,15,13,26,terminal_customer_network_burst;night_activity,0.26,0.024017209330668945,0.26
X000217068,2026-01-24 00:10:19,C001773,A0001773,M00335,T00138,South,South,420.38,USD,ecommerce,chip_pin,approved,APPROVE,311.99,1.347414981249399,1,1,0,1,0,0,0,2,158,10,49,26,terminal_customer_network_burst;night_activity,0.26,0.0068635006776686675,0.26
X000119430,2026-01-24 00:10:28,C000990,A0000990,M00148,T00250,Midwest,Midwest,31.84,USD,ecommerce,chip_pin,approved,APPROVE,30.63,1.039503754489063,1,1,0,1,0,0,0,0,99,7,7,8,night_activity,0.08,0.007823842026288282,0.08
X000139522,2026-01-24 00:10:35,C001150,A0001150,M00181,T00177,South,South,58.97,USD,ecommerce,3ds,soft_decline,CHALLENGE,54.96,1.072962154294032,1,1,1,1,0,0,0,2,70,13,15,34,terminal_customer_network_burst;night_activity;authentication_soft_decline,0.34,0.04768381714851719,0.34
X000003543,2026-01-24 00:11:00,C000031,A0000031,M00475,T00965,Midwest,Midwest,92.2,USD,card_present,wallet_biometric,approved,APPROVE,124.2,0.7423510466988728,1,1,0,0,0,0,0,3,88,11,20,26,terminal_customer_network_burst;night_activity,0.26,0.007974521258789797,0.26
X000124025,2026-01-24 00:11:04,C001026,A0001026,M00600,T00407,South,South,175.86,USD,card_present,chip_pin,approved,APPROVE,125.32,1.4032875837855092,1,1,0,0,0,0,0,3,129,11,34,26,terminal_customer_network_burst;night_activity,0.26,0.008694216258894412,0.26
X000154779,2026-01-24 00:11:05,C001276,A0001276,M00547,T00371,Northeast,Northeast,48.96,USD,card_present,magstripe,approved,APPROVE,41.03,1.193273214720936,1,1,0,0,1,0,0,1,147,12,20,26,terminal_customer_network_burst;night_activity,0.26,0.01782533199142604,0.26
X000223697,2026-01-24 00:11:39,C001824,A0001824,M00556,T00223,South,South,56.21,USD,mobile_wallet,3ds,approved,APPROVE,48.08,1.1690931780366056,1,1,0,0,0,1,0,1,122,9,8,26,terminal_customer_network_burst;night_activity,0.26,0.013004562535850158,0.26
X000121572,2026-01-24 00:12:17,C001009,A0001009,M00205,T00934,South,South,12.12,USD,ecommerce,chip_pin,approved,APPROVE,14.28,0.8487394957983193,1,1,0,1,0,0,0,2,212,16,17,26,terminal_customer_network_burst;night_activity,0.26,0.015854141032490478,0.26
X000182610,2026-01-24 00:13:36,C001502,A0001502,M00689,T01179,Northeast,Northeast,38.38,USD,ecommerce,chip_pin,approved,APPROVE,43.84,0.8754562043795621,1,1,0,1,0,0,0,1,144,16,13,26,terminal_customer_network_burst;night_activity,0.26,0.014572059490110253,0.26
X000168046,2026-01-24 00:13:39,C001389,A0001389,M00511,T00366,Midwest,Midwest,48.12,USD,ecommerce,3ds,soft_decline,CHALLENGE,53.07,0.9067269643866591,1,1,1,1,0,0,0,3,64,11,16,34,terminal_customer_network_burst;night_activity;authentication_soft_decline,0.34,0.04011563907463704,0.34
X000136275,2026-01-24 00:14:07,C001121,A0001121,M00376,T00702,South,South,252.19,USD,card_present,3ds,approved,APPROVE,103.73,2.431215656030078,1,1,0,0,0,0,0,3,96,10,20,26,terminal_customer_network_burst;night_activity,0.26,0.013934469190846469,0.26
X000172855,2026-01-24 00:14:16,C001426,A0001426,M00790,T00840,Northeast,Northeast,82.37,USD,mobile_wallet,wallet_biometric,approved,APPROVE,120.88,0.6814195896757115,1,1,0,0,0,1,0,3,67,8,19,26,terminal_customer_network_burst;night_activity,0.26,0.008688222192349108,0.26
X000166218,2026-01-24 00:14:31,C001371,A0001371,M00615,T01067,Midwest,Midwest,254.6,USD,card_present,chip_pin,approved,APPROVE,149.32,1.7050629520492901,1,1,0,0,0,0,0,2,112,12,16,26,terminal_customer_network_burst;night_activity,0.26,0.012793279233920157,0.26
X000173265,2026-01-24 00:14:31,C001429,A0001429,M00674,T00232,Midwest,Midwest,40.23,USD,mobile_wallet,3ds,approved,APPROVE,67.28,0.59794887039239,1,1,0,0,0,1,0,3,130,10,27,26,terminal_customer_network_burst;night_activity,0.26,0.009476574247557174,0.26
X000216776,2026-01-24 00:14:38,C001772,A0001772,M00265,T00865,West,West,225.59,USD,ecommerce,3ds,approved,APPROVE,93.69,2.4078343473156156,1,1,0,1,0,0,0,6,101,6,26,33,customer_velocity;night_activity,0.33,0.012255292229587482,0.33
X000136515,2026-01-24 00:15:05,C001123,A0001123,M00513,T00882,West,Midwest,27.58,USD,card_present,wallet_biometric,approved,APPROVE,38.74,0.711925658234383,1,1,0,0,0,0,1,1,23,9,0,53,new_customer_terminal_pair;terminal_customer_network_burst;night_activity;home_region_mismatch,0.53,0.06052088792497921,0.53
X000191889,2026-01-24 00:15:08,C001574,A0001574,M00598,T00688,West,West,128.22,USD,mobile_wallet,chip_pin,approved,APPROVE,131.58,0.9744642042863656,1,1,0,0,0,1,0,2,67,9,24,26,terminal_customer_network_burst;night_activity,0.26,0.009129564644985466,0.26
X000114917,2026-01-24 00:15:44,C000956,A0000956,M00566,T00310,West,West,161.94,USD,mobile_wallet,3ds,approved,APPROVE,222.07,0.7292295222227225,1,1,0,0,0,1,0,1,33,5,19,8,night_activity,0.08,0.0060683591043845225,0.08
X000008847,2026-01-24 00:15:49,C000080,A0000080,M00770,T00870,Midwest,Midwest,29.48,USD,card_present,chip_pin,approved,APPROVE,37.97,0.7764024229654991,1,1,0,0,0,0,0,1,83,7,16,8,night_activity,0.08,0.00573613109825797,0.08
X000047975,2026-01-24 00:16:41,C000404,A0000404,M00017,T00257,Midwest,Midwest,359.68,USD,ecommerce,magstripe,approved,APPROVE,227.96,1.5778206702930337,1,1,0,1,1,0,0,13,81,5,52,73,customer_velocity;high_customer_velocity;ecommerce_authentication_shift;night_activity,0.73,0.014007843059529828,0.73
X000195785,2026-01-24 00:17:26,C001608,A0001608,M00213,T01006,South,Northeast,46.55,USD,card_present,chip_pin,approved,APPROVE,43.27,1.075803096833834,1,1,0,0,0,0,1,0,85,16,0,53,new_customer_terminal_pair;terminal_customer_network_burst;night_activity;home_region_mismatch,0.53,0.11408819168245828,0.53
X000035128,2026-01-24 00:17:42,C000298,A0000298,M00675,T00405,Midwest,Midwest,89.68,USD,card_present,wallet_biometric,approved,APPROVE,164.22,0.546096699549385,1,1,0,0,0,0,0,7,48,3,32,33,customer_velocity;night_activity,0.33,0.003972600331766906,0.33
X000092577,2026-01-24 00:17:58,C000775,A0000775,M00326,T01151,Northeast,Northeast,13.19,USD,ecommerce,wallet_biometric,approved,APPROVE,34.29,0.3846602508019831,1,1,0,1,0,0,0,1,102,9,9,26,terminal_customer_network_burst;night_activity,0.26,0.007302635086605877,0.26
X000243571,2026-01-24 00:18:17,C001987,A0001987,M00470,T00025,South,South,76.68,USD,ecommerce,wallet_biometric,approved,APPROVE,186.83,0.41042659101857304,1,1,0,1,0,0,0,4,81,9,32,26,terminal_customer_network_burst;night_activity,0.26,0.005822286219767161,0.26
X000100098,2026-01-24 00:18:18,C000843,A0000843,M00515,T00300,Midwest,Northeast,135.27,USD,card_present,chip_pin,approved,APPROVE,64.05,2.1119437939110073,1,1,0,0,0,0,1,0,54,6,0,35,new_customer_terminal_pair;night_activity;home_region_mismatch,0.35,0.07949602446198242,0.35
X000125648,2026-01-24 00:18:18,C001035,A0001035,M00336,T00988,West,West,66.61,USD,ecommerce,chip_pin,approved,APPROVE,47.5,1.4023157894736842,1,1,0,1,0,0,0,4,55,6,16,8,night_activity,0.08,0.008317724155301404,0.08
X000201650,2026-01-24 00:18:21,C001650,A0001650,M00131,T00897,West,West,189.68,USD,card_present,3ds,approved,APPROVE,267.79,0.7083162179319615,1,1,0,0,0,0,0,10,109,10,53,71,customer_velocity;high_customer_velocity;terminal_customer_network_burst;night_activity,0.71,0.00650787309863844,0.71
X000228842,2026-01-24 00:18:35,C001864,A0001864,M00545,T00484,South,South,56.94,USD,card_present,chip_pin,approved,APPROVE,38.74,1.4697986577181206,1,1,0,0,0,0,0,4,32,6,7,8,night_activity,0.08,0.008574429548420902,0.08
X000232473,2026-01-24 00:19:29,C001896,A0001896,M00227,T00504,Midwest,Midwest,56.74,USD,mobile_wallet,magstripe,approved,APPROVE,46.29,1.225750702095485,1,1,0,0,1,1,0,2,160,11,14,26,terminal_customer_network_burst;night_activity,0.26,0.02775288188606837,0.26
X000148591,2026-01-24 00:19:31,C001225,A0001225,M00247,T01144,South,South,127.44,USD,ecommerce,3ds,approved,APPROVE,171.02,0.7451760028066892,1,1,0,1,0,0,0,12,236,21,57,71,customer_velocity;high_customer_velocity;terminal_customer_network_burst;night_activity,0.71,0.020530013200466806,0.71
X000044656,2026-01-24 00:19:32,C000377,A0000377,M00077,T00723,South,South,152.02,USD,mobile_wallet,magstripe,approved,APPROVE,121.39,1.25232720981959,1,1,0,0,1,1,0,1,210,18,18,26,terminal_customer_network_burst;night_activity,0.26,0.044346634648000115,0.26
X000115440,2026-01-24 00:19:49,C000959,A0000959,M00604,T01134,Northeast,Northeast,263.3,USD,card_present,magstripe,approved,APPROVE,188.1,1.3997873471557682,1,1,0,0,1,0,0,3,209,15,21,26,terminal_customer_network_burst;night_activity,0.26,0.028589379647390174,0.26
X000026737,2026-01-24 00:19:59,C000230,A0000230,M00693,T01048,South,South,57.4,USD,ecommerce,chip_pin,approved,APPROVE,79.41,0.7228308777232086,1,1,0,1,0,0,0,2,99,12,7,26,terminal_customer_network_burst;night_activity,0.26,0.011132654843054758,0.26
X000003912,2026-01-24 00:20:11,C000034,A0000034,M00214,T00316,West,West,65.75,USD,ecommerce,chip_pin,approved,APPROVE,50.12,1.3118515562649642,1,1,0,1,0,0,0,3,29,7,14,8,night_activity,0.08,0.008140094734201849,0.08
X000126911,2026-01-24 00:20:18,C001045,A0001045,M00767,T00313,South,South,12.3,USD,card_present,wallet_biometric,approved,APPROVE,24.63,0.4993909866017053,1,1,0,0,0,0,0,4,145,17,18,26,terminal_customer_network_burst;night_activity,0.26,0.013396768085086821,0.26
X000148592,2026-01-24 00:20:25,C001225,A0001225,M00507,T00488,South,South,212.78,USD,mobile_wallet,chip_pin,approved,APPROVE,171.02,1.244181967021401,1,1,0,0,0,1,0,13,136,10,55,71,customer_velocity;high_customer_velocity;terminal_customer_network_burst;night_activity,0.71,0.013198539131934552,0.71
X000072634,2026-01-24 00:20:38,C000614,A0000614,M00067,T00948,South,South,1426.3,USD,card_present,chip_pin,approved,APPROVE,325.59,4.380662796768942,1,1,0,0,0,0,0,5,154,15,19,81,amount_vs_profile;customer_velocity;terminal_customer_network_burst;night_activity,0.81,0.04934271843262924,0.81
X000172743,2026-01-24 00:20:44,C001425,A0001425,M00310,T00621,West,West,8.53,USD,card_present,chip_pin,approved,APPROVE,15.72,0.542620865139949,1,1,0,0,0,0,0,0,24,5,14,8,night_activity,0.08,0.0040626007872613164,0.08
X000175262,2026-01-24 00:21:34,C001443,A0001443,M00533,T00261,Northeast,Northeast,57.01,USD,card_present,chip_pin,approved,APPROVE,40.18,1.418865107018417,1,1,0,0,0,0,0,0,130,11,18,26,terminal_customer_network_burst;night_activity,0.26,0.009614420393207642,0.26
X000098774,2026-01-24 00:21:41,C000828,A0000828,M00262,T00998,South,South,36.42,USD,ecommerce,chip_pin,approved,APPROVE,70.88,0.5138261851015802,1,1,0,1,0,0,0,3,125,10,23,26,terminal_customer_network_burst;night_activity,0.26,0.007610401409292808,0.26
X000094331,2026-01-24 00:21:58,C000789,A0000789,M00313,T00777,Northeast,Northeast,207.3,USD,card_present,3ds,approved,APPROVE,111.23,1.8637058347568103,1,1,0,0,0,0,0,6,165,12,53,51,customer_velocity;terminal_customer_network_burst;night_activity,0.51,0.01017038522358657,0.51
X000037161,2026-01-24 00:22:24,C000318,A0000318,M00450,T00640,Northeast,Northeast,81.21,USD,card_present,chip_pin,approved,APPROVE,87.26,0.9306669722667887,1,1,0,0,0,0,0,1,184,9,21,26,terminal_customer_network_burst;night_activity,0.26,0.0075923943209809195,0.26
X000166117,2026-01-24 00:22:38,C001370,A0001370,M00196,T00164,Midwest,Midwest,17.22,USD,card_present,chip_pin,approved,APPROVE,44.69,0.3853211009174312,1,1,0,0,0,0,0,0,61,12,13,26,terminal_customer_network_burst;night_activity,0.26,0.006879679652330078,0.26
X000149585,2026-01-24 00:24:16,C001231,A0001231,M00292,T00447,South,South,29.39,USD,ecommerce,chip_pin,approved,APPROVE,101.36,0.289956590370955,1,1,0,1,0,0,0,2,60,9,9,26,terminal_customer_network_burst;night_activity,0.26,0.006966155645353189,0.26
X000164798,2026-01-24 00:24:17,C001359,A0001359,M00130,T01074,South,South,87.53,USD,ecommerce,magstripe,approved,APPROVE,56.51,1.5489293930277828,1,1,0,1,1,0,0,0,101,11,10,46,terminal_customer_network_burst;ecommerce_authentication_shift;night_activity,0.46,0.02152937967354613,0.46
X000241860,2026-01-24 00:24:22,C001974,A0001974,M00676,T00282,Midwest,Midwest,282.45,USD,mobile_wallet,3ds,approved,APPROVE,141.77,1.9923114904422654,1,1,0,0,0,1,0,4,43,6,19,8,night_activity,0.08,0.0123312218211066,0.08
X000008404,2026-01-24 00:25:22,C000077,A0000077,M00452,T00329,Northeast,Northeast,77.66,USD,mobile_wallet,3ds,approved,APPROVE,79.97,0.9711141678129298,1,1,0,0,0,1,0,0,176,12,8,26,terminal_customer_network_burst;night_activity,0.26,0.015503580751353782,0.26
X000195540,2026-01-24 00:25:23,C001606,A0001606,M00125,T00414,West,West,104.69,USD,card_present,chip_pin,approved,APPROVE,119.37,0.8770210270587249,1,1,0,0,0,0,0,6,69,8,22,51,customer_velocity;terminal_customer_network_burst;night_activity,0.51,0.007416920900002663,0.51
X000165813,2026-01-24 00:25:37,C001368,A0001368,M00524,T00237,West,West,254.82,USD,card_present,magstripe,approved,APPROVE,257.01,0.9914789307809034,1,1,0,0,1,0,0,4,127,13,29,26,terminal_customer_network_burst;night_activity,0.26,0.017549417237217965,0.26
X000007506,2026-01-24 00:26:26,C000069,A0000069,M00380,T00989,Midwest,Midwest,45.53,USD,mobile_wallet,chip_pin,approved,APPROVE,40.89,1.1134751773049645,1,1,0,0,0,1,0,3,63,7,19,8,night_activity,0.08,0.009407112045662917,0.08
X000191458,2026-01-24 00:27:01,C001571,A0001571,M00547,T00371,Northeast,Northeast,65.17,USD,card_present,3ds,approved,APPROVE,34.49,1.889533198028414,1,1,0,0,0,0,0,5,148,12,27,51,customer_velocity;terminal_customer_network_burst;night_activity,0.51,0.014247830366647559,0.51
X000047976,2026-01-24 00:27:13,C000404,A0000404,M00760,T00148,Midwest,Midwest,153.85,USD,ecommerce,chip_pin,approved,APPROVE,227.96,0.6748991051061589,1,1,0,1,0,0,0,13,86,9,47,71,customer_velocity;high_customer_velocity;terminal_customer_network_burst;night_activity,0.71,0.008199629693524195,0.71
X000044141,2026-01-24 00:27:38,C000375,A0000375,M00080,T00590,Midwest,Midwest,27.29,USD,card_present,chip_pin,approved,APPROVE,28.75,0.9492173913043478,1,1,0,0,0,0,0,2,89,6,13,8,night_activity,0.08,0.006336669965397677,0.08
X000226358,2026-01-24 00:28:05,C001844,A0001844,M00023,T00108,Midwest,Midwest,89.05,USD,card_present,chip_pin,approved,APPROVE,48.12,1.8505818786367416,1,1,0,0,0,0,0,3,136,10,23,26,terminal_customer_network_burst;night_activity,0.26,0.011436242976746688,0.26
X000160593,2026-01-24 00:29:30,C001326,A0001326,M00758,T00582,Northeast,Northeast,227.44,USD,card_present,3ds,approved,APPROVE,112.21,2.026913822297478,1,1,0,0,0,0,0,1,150,10,22,26,terminal_customer_network_burst;night_activity,0.26,0.011402810830018338,0.26
X000243572,2026-01-24 00:29:50,C001987,A0001987,M00470,T00025,South,South,125.61,USD,ecommerce,3ds,approved,APPROVE,186.83,0.6723224321575764,1,1,0,1,0,0,0,5,82,9,33,51,customer_velocity;terminal_customer_network_burst;night_activity,0.51,0.0066622625718869765,0.51
X000075544,2026-01-24 00:30:02,C000635,A0000635,M00393,T00239,Northeast,Northeast,122.95,USD,ecommerce,3ds,approved,APPROVE,92.24,1.3329358196010408,1,1,0,1,0,0,0,2,164,12,24,26,terminal_customer_network_burst;night_activity,0.26,0.011792396810051483,0.26
X000148258,2026-01-24 00:30:06,C001224,A0001224,M00276,T00213,Northeast,Northeast,245.95,USD,card_present,magstripe,approved,APPROVE,153.7,1.600195185426155,1,1,0,0,1,0,0,2,67,7,26,8,night_activity,0.08,0.012219665010745864,0.08
X000104924,2026-01-24 00:30:31,C000883,A0000883,M00223,T00651,South,South,11.95,USD,card_present,magstripe,approved,APPROVE,48.23,0.2477710968277006,1,1,0,0,1,0,0,2,142,13,25,26,terminal_customer_network_burst;night_activity,0.26,0.013130775368276535,0.26
X000036625,2026-01-24 00:30:46,C000314,A0000314,M00343,T00426,West,West,51.07,USD,ecommerce,wallet_biometric,approved,APPROVE,58.0,0.8805172413793103,1,1,0,1,0,0,0,3,33,5,6,8,night_activity,0.08,0.006849445448631986,0.08
X000088817,2026-01-24 00:30:50,C000745,A0000745,M00690,T00363,Northeast,Northeast,370.58,USD,ecommerce,3ds,approved,APPROVE,273.0,1.3574358974358973,1,1,0,1,0,0,0,7,104,11,38,51,customer_velocity;terminal_customer_network_burst;night_activity,0.51,0.010529397512124599,0.51
X000240450,2026-01-24 00:30:55,C001961,A0001961,M00077,T00723,South,South,171.66,USD,ecommerce,chip_pin,approved,APPROVE,100.48,1.7083996815286624,1,1,0,1,0,0,0,3,211,18,38,26,terminal_customer_network_burst;night_activity,0.26,0.019006201390718125,0.26
X000172550,2026-01-24 00:31:29,C001423,A0001423,M00414,T00189,Midwest,Midwest,43.02,USD,card_present,3ds,approved,APPROVE,40.02,1.0749625187406298,1,1,0,0,0,0,0,1,182,17,2,26,terminal_customer_network_burst;night_activity,0.26,0.019182443285743044,0.26
X000089397,2026-01-24 00:31:41,C000748,A0000748,M00791,T00304,South,South,194.75,USD,card_present,wallet_biometric,approved,APPROVE,224.36,0.8680246033160991,1,1,0,0,0,0,0,9,174,12,40,51,customer_velocity;terminal_customer_network_burst;night_activity,0.51,0.010268713731045225,0.51
X000224915,2026-01-24 00:31:57,C001834,A0001834,M00037,T00364,West,West,30.7,USD,mobile_wallet,3ds,approved,APPROVE,34.04,0.9018801410105758,1,1,0,0,0,1,0,1,47,8,12,26,terminal_customer_network_burst;night_activity,0.26,0.0091778267737876,0.26
X000006940,2026-01-24 00:32:05,C000063,A0000063,M00645,T00428,South,South,138.36,USD,mobile_wallet,chip_pin,approved,APPROVE,104.29,1.3266852047176143,1,1,0,0,0,1,0,1,68,8,9,26,terminal_customer_network_burst;night_activity,0.26,0.01160810798657648,0.26
X000232860,2026-01-24 00:32:33,C001898,A0001898,M00770,T00715,Midwest,Midwest,155.22,USD,card_present,wallet_biometric,soft_decline,CHALLENGE,61.86,2.50921435499515,1,1,1,0,0,0,0,3,51,7,14,16,night_activity;authentication_soft_decline,0.16,0.04902169936708374,0.16
X000120460,2026-01-24 00:32:50,C001001,A0001001,M00179,T00056,Midwest,Midwest,26.13,USD,card_present,wallet_biometric,approved,APPROVE,38.51,0.6785250584263828,1,1,0,0,0,0,0,2,49,8,21,26,terminal_customer_network_burst;night_activity,0.26,0.0055026035931535445,0.26
X000220436,2026-01-24 00:33:25,C001799,A0001799,M00150,T00526,South,South,64.26,USD,card_present,3ds,approved,APPROVE,62.89,1.0217840674193037,1,1,0,0,0,0,0,0,73,10,11,26,terminal_customer_network_burst;night_activity,0.26,0.00789692948439062,0.26
X000062197,2026-01-24 00:33:35,C000529,A0000529,M00094,T00737,South,South,35.69,USD,card_present,chip_pin,approved,APPROVE,60.13,0.5935473141526691,1,1,0,0,0,0,0,0,249,17,13,26,terminal_customer_network_burst;night_activity,0.26,0.014271062582746309,0.26
X000161431,2026-01-24 00:33:44,C001332,A0001332,M00558,T00507,South,South,92.36,USD,mobile_wallet,3ds,approved,APPROVE,91.66,1.007636919048658,1,1,0,0,0,1,0,1,36,5,5,8,night_activity,0.08,0.008413187569237606,0.08
X000071799,2026-01-24 00:33:45,C000609,A0000609,M00133,T00854,Northeast,Northeast,142.75,USD,ecommerce,chip_pin,approved,APPROVE,131.74,1.0835737057841202,1,1,0,1,0,0,0,6,125,14,34,51,customer_velocity;terminal_customer_network_burst;night_activity,0.51,0.012359361641078669,0.51
X000053222,2026-01-24 00:34:17,C000449,A0000449,M00171,T00468,Northeast,Northeast,56.59,USD,ecommerce,chip_pin,approved,APPROVE,67.69,0.8360171369478506,1,1,0,1,0,0,0,4,60,7,21,8,night_activity,0.08,0.006770236249859681,0.08
X000070663,2026-01-24 00:34:46,C000600,A0000600,M00148,T00250,Midwest,Midwest,26.0,USD,mobile_wallet,3ds,approved,APPROVE,29.61,0.8780817291455589,1,1,0,0,0,1,0,2,100,7,14,8,night_activity,0.08,0.009375356149999571,0.08
X000173074,2026-01-24 00:34:46,C001428,A0001428,M00070,T00004,Northeast,Northeast,72.56,USD,card_present,3ds,approved,APPROVE,130.67,0.5552919568378358,1,1,0,0,0,0,0,2,122,12,16,26,terminal_customer_network_burst;night_activity,0.26,0.00852651776097512,0.26
X000052198,2026-01-24 00:35:08,C000441,A0000441,M00023,T00720,Midwest,Midwest,249.49,USD,mobile_wallet,chip_pin,approved,APPROVE,94.35,2.644303126656068,1,1,0,0,0,1,0,1,142,11,25,26,terminal_customer_network_burst;night_activity,0.26,0.020353235530903003,0.26
X000001583,2026-01-24 00:35:13,C000015,A0000015,M00074,T01036,South,South,93.85,USD,ecommerce,magstripe,approved,APPROVE,115.21,0.8145994271330613,1,1,0,1,1,0,0,6,205,20,51,71,customer_velocity;terminal_customer_network_burst;ecommerce_authentication_shift;night_activity,0.71,0.026704312275337403,0.71
X000215593,2026-01-24 00:36:22,C001761,A0001761,M00248,T00017,South,South,179.85,USD,card_present,chip_pin,approved,APPROVE,67.82,2.6518726039516367,1,1,0,0,0,0,0,0,121,11,16,26,terminal_customer_network_burst;night_activity,0.26,0.015355767002307842,0.26
X000234688,2026-01-24 00:36:35,C001914,A0001914,M00668,T00869,Midwest,Midwest,1434.77,USD,card_present,chip_pin,approved,APPROVE,344.59,4.163701790533678,1,1,0,0,0,0,0,7,114,8,33,81,amount_vs_profile;customer_velocity;terminal_customer_network_burst;night_activity,0.81,0.023411113961945354,0.81
X000119808,2026-01-24 00:36:53,C000995,A0000995,M00343,T00792,West,West,366.67,USD,card_present,chip_pin,approved,APPROVE,167.73,2.1860728551839266,1,1,0,0,0,0,0,3,38,7,12,8,night_activity,0.08,0.010619819622547698,0.08
X000216503,2026-01-24 00:37:19,C001770,A0001770,M00433,T01191,Midwest,Midwest,268.2,USD,card_present,3ds,approved,APPROVE,144.7,1.85348997926745,1,1,0,0,0,0,0,1,34,6,14,8,night_activity,0.08,0.007579946514425442,0.08
X000001584,2026-01-24 00:38:08,C000015,A0000015,M00074,T01036,South,South,151.19,USD,ecommerce,wallet_biometric,approved,APPROVE,115.21,1.3122992795764257,1,1,0,1,0,0,0,7,206,20,52,51,customer_velocity;terminal_customer_network_burst;night_activity,0.51,0.01868984105963858,0.51
X000196194,2026-01-24 00:38:25,C001612,A0001612,M00798,T01060,Northeast,Northeast,99.71,USD,card_present,3ds,approved,APPROVE,157.68,0.6323566717402334,1,1,0,0,0,0,0,1,140,10,19,26,terminal_customer_network_burst;night_activity,0.26,0.0070560367134406355,0.26
X000024748,2026-01-24 00:39:24,C000209,A0000209,M00623,T00969,Midwest,Midwest,48.53,USD,card_present,chip_pin,approved,APPROVE,66.94,0.7249775918733194,1,1,0,0,0,0,0,1,94,9,10,26,terminal_customer_network_burst;night_activity,0.26,0.007280156378451007,0.26
X000096655,2026-01-24 00:39:54,C000809,A0000809,M00779,T00146,South,South,41.0,USD,card_present,chip_pin,approved,APPROVE,35.12,1.1674259681093395,1,1,0,0,0,0,0,3,221,16,24,26,terminal_customer_network_burst;night_activity,0.26,0.0154444535144927,0.26
X000232631,2026-01-24 00:39:59,C001897,A0001897,M00255,T01045,Midwest,West,136.28,USD,ecommerce,3ds,approved,APPROVE,92.61,1.4715473490983695,1,1,0,1,0,0,1,4,44,9,0,53,new_customer_terminal_pair;terminal_customer_network_burst;night_activity;home_region_mismatch,0.53,0.10257974272762493,0.53
X000178078,2026-01-24 00:40:19,C001465,A0001465,M00406,T00057,South,South,91.29,USD,card_present,chip_pin,approved,APPROVE,80.93,1.128011862103052,1,1,0,0,0,0,0,3,133,15,15,26,terminal_customer_network_burst;night_activity,0.26,0.014235289713799767,0.26
X000235471,2026-01-24 00:40:52,C001919,A0001919,M00488,T00046,Northeast,Northeast,80.74,USD,card_present,chip_pin,approved,APPROVE,41.19,1.9601845108035931,1,1,0,0,0,0,0,2,57,11,12,26,terminal_customer_network_burst;night_activity,0.26,0.012775459773157848,0.26
X000084732,2026-01-24 00:41:44,C000709,A0000709,M00417,T00117,South,South,180.47,USD,card_present,3ds,approved,APPROVE,116.1,1.5544358311800173,1,1,0,0,0,0,0,4,135,9,27,26,terminal_customer_network_burst;night_activity,0.26,0.009429307911856952,0.26
X000046909,2026-01-24 00:42:15,C000394,A0000394,M00754,T00696,West,West,36.19,USD,card_present,chip_pin,approved,APPROVE,54.01,0.670061099796334,1,1,0,0,0,0,0,1,74,12,9,26,terminal_customer_network_burst;night_activity,0.26,0.008745062688835771,0.26
X000084977,2026-01-24 00:42:15,C000710,A0000710,M00265,T00865,West,West,89.19,USD,mobile_wallet,wallet_biometric,approved,APPROVE,85.75,1.0401166180758017,1,1,0,0,0,1,0,7,102,6,34,33,customer_velocity;night_activity,0.33,0.00881661609254554,0.33
X000229730,2026-01-24 00:42:41,C001872,A0001872,M00768,T00457,South,South,32.24,USD,card_present,chip_pin,approved,APPROVE,79.78,0.40411130609175233,1,1,0,0,0,0,0,0,169,16,16,26,terminal_customer_network_burst;night_activity,0.26,0.010449384258378375,0.26
X000016231,2026-01-24 00:42:50,C000137,A0000137,M00736,T00065,South,South,129.27,USD,ecommerce,chip_pin,approved,APPROVE,145.83,0.886443118699856,1,1,0,1,0,0,0,4,141,15,21,26,terminal_customer_network_burst;night_activity,0.26,0.013983591157555314,0.26
X000090727,2026-01-24 00:43:17,C000760,A0000760,M00569,T00983,South,South,47.89,USD,mobile_wallet,wallet_biometric,approved,APPROVE,41.22,1.1618146530810287,1,1,0,0,0,1,0,0,81,7,12,8,night_activity,0.08,0.009386903359581932,0.08
X000129134,2026-01-24 00:43:18,C001062,A0001062,M00712,T01100,South,South,113.29,USD,card_present,chip_pin,approved,APPROVE,207.72,0.5453976506836126,1,1,0,0,0,0,0,3,53,10,21,26,terminal_customer_network_burst;night_activity,0.26,0.006430968751392531,0.26
X000141804,2026-01-24 00:43:22,C001169,A0001169,M00679,T00947,Northeast,Northeast,107.55,USD,card_present,wallet_biometric,approved,APPROVE,104.26,1.0315557260694417,1,1,0,0,0,0,0,2,72,7,12,8,night_activity,0.08,0.006952149523797542,0.08
X000221857,2026-01-24 00:43:23,C001807,A0001807,M00731,T00964,Northeast,Northeast,31.5,USD,mobile_wallet,chip_pin,approved,APPROVE,44.02,0.7155838255338483,1,1,0,0,0,1,0,0,104,8,7,26,terminal_customer_network_burst;night_activity,0.26,0.009604675193245524,0.26
X000004207,2026-01-24 00:43:40,C000037,A0000037,M00614,T00113,South,South,51.24,USD,ecommerce,3ds,approved,APPROVE,41.05,1.2482338611449453,1,1,0,1,0,0,0,0,73,11,8,26,terminal_customer_network_burst;night_activity,0.26,0.010689055292633197,0.26
X000150430,2026-01-24 00:43:47,C001238,A0001238,M00335,T00070,South,South,105.53,USD,ecommerce,chip_pin,approved,APPROVE,130.71,0.807359804146584,1,1,0,1,0,0,0,1,229,17,22,26,terminal_customer_network_burst;night_activity,0.26,0.015132179109773552,0.26
X000019421,2026-01-24 00:44:05,C000168,A0000168,M00295,T00163,South,South,129.19,USD,ecommerce,wallet_biometric,approved,APPROVE,54.6,2.366117216117216,1,1,0,1,0,0,0,1,185,14,21,26,terminal_customer_network_burst;night_activity,0.26,0.020396057224820456,0.26
X000034645,2026-01-24 00:44:11,C000294,A0000294,M00666,T00992,South,South,27.98,USD,ecommerce,chip_pin,approved,APPROVE,55.07,0.5080806246595242,1,1,0,1,0,0,0,2,80,13,15,26,terminal_customer_network_burst;night_activity,0.26,0.0094828573686847,0.26
X000170821,2026-01-24 00:44:42,C001408,A0001408,M00750,T01142,South,South,64.23,USD,ecommerce,3ds,approved,APPROVE,56.96,1.1276334269662922,1,1,0,1,0,0,0,2,162,13,10,26,terminal_customer_network_burst;night_activity,0.26,0.014590076117804801,0.26
X000159485,2026-01-24 00:46:21,C001314,A0001314,M00745,T00823,Northeast,Northeast,32.9,USD,ecommerce,chip_pin,approved,APPROVE,28.25,1.1646017699115043,1,1,0,1,0,0,0,1,179,8,20,26,terminal_customer_network_burst;night_activity,0.26,0.008568740337782129,0.26
X000001360,2026-01-24 00:47:03,C000014,A0000014,M00345,T00208,South,South,222.51,USD,ecommerce,chip_pin,approved,APPROVE,189.61,1.1735140551658667,1,1,0,1,0,0,0,3,128,16,15,26,terminal_customer_network_burst;night_activity,0.26,0.017051396776821978,0.26
X000115585,2026-01-24 00:47:06,C000960,A0000960,M00015,T00330,South,South,84.68,USD,ecommerce,chip_pin,approved,APPROVE,37.6,2.252127659574468,1,1,0,1,0,0,0,3,166,22,5,26,terminal_customer_network_burst;night_activity,0.26,0.047567179468254124,0.26
X000154600,2026-01-24 00:47:37,C001274,A0001274,M00560,T00369,West,West,16.34,USD,card_present,3ds,approved,APPROVE,15.69,1.041427660930529,1,1,0,0,0,0,0,1,45,9,10,26,terminal_customer_network_burst;night_activity,0.26,0.007581594081512016,0.26
X000114918,2026-01-24 00:47:49,C000956,A0000956,M00144,T00521,West,West,151.77,USD,card_present,chip_pin,approved,APPROVE,222.07,0.6834331517089207,1,1,0,0,0,0,0,2,60,7,16,8,night_activity,0.08,0.00563832845243379,0.08
X000033613,2026-01-24 00:48:13,C000286,A0000286,M00210,T01163,South,South,65.85,USD,ecommerce,chip_pin,approved,APPROVE,44.64,1.4751344086021503,1,1,0,1,0,0,0,3,70,9,14,26,terminal_customer_network_burst;night_activity,0.26,0.01064937821818979,0.26
X000153007,2026-01-24 00:48:23,C001258,A0001258,M00094,T00737,South,South,171.8,USD,mobile_wallet,chip_pin,approved,APPROVE,82.17,2.0907873919922113,1,1,0,0,0,1,0,0,250,17,21,26,terminal_customer_network_burst;night_activity,0.26,0.030486668941903574,0.26
X000063228,2026-01-24 00:48:51,C000536,A0000536,M00018,T00234,South,South,87.06,USD,card_present,magstripe,approved,APPROVE,59.86,1.4543935850317409,1,1,0,0,1,0,0,1,73,8,11,26,terminal_customer_network_burst;night_activity,0.26,0.015078050480115228,0.26
X000120861,2026-01-24 00:48:57,C001004,A0001004,M00022,T00194,South,South,500.85,USD,ecommerce,wallet_biometric,approved,APPROVE,131.79,3.8003642157978605,1,1,0,1,0,0,0,2,134,16,20,56,amount_vs_profile;terminal_customer_network_burst;night_activity,0.56,0.03899441509747296,0.56
X000090280,2026-01-24 00:49:10,C000755,A0000755,M00604,T00623,Northeast,Northeast,73.73,USD,ecommerce,wallet_biometric,approved,APPROVE,44.35,1.6624577226606538,1,1,0,1,0,0,0,0,90,12,9,26,terminal_customer_network_burst;night_activity,0.26,0.013515421830657667,0.26
X000015496,2026-01-24 00:49:12,C000132,A0000132,M00087,T00594,South,South,41.74,USD,card_present,chip_pin,approved,APPROVE,48.3,0.8641821946169773,1,1,0,0,0,0,0,2,75,8,10,26,terminal_customer_network_burst;night_activity,0.26,0.007290194639500991,0.26
X000024749,2026-01-24 00:49:43,C000209,A0000209,M00623,T00969,Midwest,Midwest,28.4,USD,ecommerce,chip_pin,approved,APPROVE,66.94,0.4242605318195399,1,1,0,1,0,0,0,2,95,9,11,26,terminal_customer_network_burst;night_activity,0.26,0.00748657164391578,0.26
X000063928,2026-01-24 00:49:43,C000542,A0000542,M00049,T01047,West,West,167.48,USD,card_present,3ds,approved,APPROVE,213.02,0.7862172565956247,1,1,0,0,0,0,0,4,45,8,28,26,terminal_customer_network_burst;night_activity,0.26,0.005662486379460407,0.26
X000192060,2026-01-24 00:50:05,C001576,A0001576,M00023,T00108,Midwest,Midwest,44.53,USD,ecommerce,chip_pin,approved,APPROVE,52.06,0.855359200922013,1,1,0,1,0,0,0,2,137,10,12,26,terminal_customer_network_burst;night_activity,0.26,0.009907570403692475,0.26
X000162067,2026-01-24 00:50:41,C001338,A0001338,M00040,T01012,Northeast,Northeast,26.17,USD,card_present,3ds,approved,APPROVE,56.51,0.46310387542027964,1,1,0,0,0,0,0,2,89,15,8,26,terminal_customer_network_burst;night_activity,0.26,0.01104625646400759,0.26
X000006615,2026-01-24 00:50:52,C000059,A0000059,M00638,T01099,Northeast,Northeast,36.03,USD,card_present,3ds,approved,APPROVE,45.46,0.7925648922129345,1,1,0,0,0,0,0,1,89,10,14,26,terminal_customer_network_burst;night_activity,0.26,0.007481489582514207,0.26
X000072918,2026-01-24 00:50:54,C000616,A0000616,M00365,T00733,South,South,93.01,USD,card_present,wallet_biometric,approved,APPROVE,67.43,1.3793563695684412,1,1,0,0,0,0,0,3,149,17,9,26,terminal_customer_network_burst;night_activity,0.26,0.020274427639301693,0.26
X000177055,2026-01-24 00:51:17,C001459,A0001459,M00239,T00747,South,South,165.36,USD,card_present,chip_pin,approved,APPROVE,151.37,1.0924225407940809,1,1,0,0,0,0,0,7,94,9,34,51,customer_velocity;terminal_customer_network_burst;night_activity,0.51,0.00783554789096385,0.51
X000046484,2026-01-24 00:51:33,C000390,A0000390,M00477,T00694,West,West,19.23,USD,card_present,3ds,approved,APPROVE,23.8,0.8079831932773109,1,1,0,0,0,0,0,1,105,12,17,26,terminal_customer_network_burst;night_activity,0.26,0.008512593331198545,0.26
X000160594,2026-01-24 00:51:59,C001326,A0001326,M00758,T00582,Northeast,Northeast,423.14,USD,ecommerce,3ds,approved,APPROVE,112.21,3.7709651546208005,1,1,0,1,0,0,0,2,151,10,23,56,amount_vs_profile;terminal_customer_network_burst;night_activity,0.56,0.024666376780012038,0.56
X000041424,2026-01-24 00:52:02,C000350,A0000350,M00504,T00422,Northeast,Northeast,84.28,USD,card_present,3ds,approved,APPROVE,48.26,1.7463738085370908,1,1,0,0,0,0,0,0,172,11,8,26,terminal_customer_network_burst;night_activity,0.26,0.013518049670923729,0.26
X000015042,2026-01-24 00:52:11,C000127,A0000127,M00038,T00321,South,South,63.7,USD,ecommerce,magstripe,approved,APPROVE,52.26,1.218905472636816,1,1,0,1,1,0,0,0,105,12,4,46,terminal_customer_network_burst;ecommerce_authentication_shift;night_activity,0.46,0.022661545440471675,0.46
X000067636,2026-01-24 00:52:12,C000573,A0000573,M00211,T00509,Midwest,Midwest,15.09,USD,ecommerce,chip_pin,approved,APPROVE,41.13,0.36688548504741064,1,1,0,1,0,0,0,1,154,15,3,26,terminal_customer_network_burst;night_activity,0.26,0.01335988442940716,0.26
X000152719,2026-01-24 00:52:12,C001256,A0001256,M00700,T00884,Northeast,Northeast,71.62,USD,ecommerce,chip_pin,approved,APPROVE,54.39,1.3167861739290312,1,1,0,1,0,0,0,1,117,9,18,26,terminal_customer_network_burst;night_activity,0.26,0.009138420389249013,0.26
X000172744,2026-01-24 00:52:53,C001425,A0001425,M00482,T00610,West,West,29.99,USD,mobile_wallet,3ds,approved,APPROVE,15.72,1.9077608142493636,1,1,0,0,0,1,0,1,109,10,15,26,terminal_customer_network_burst;night_activity,0.26,0.01608980882720878,0.26
X000186879,2026-01-24 00:54:41,C001537,A0001537,M00368,T01069,West,West,26.29,USD,ecommerce,3ds,approved,APPROVE,33.62,0.7819750148721,1,1,0,1,0,0,0,1,36,10,9,26,terminal_customer_network_burst;night_activity,0.26,0.008208403600247206,0.26
X000224305,2026-01-24 00:55:25,C001831,A0001831,M00294,T00471,South,South,37.87,USD,card_present,magstripe,approved,APPROVE,24.6,1.539430894308943,1,1,0,0,1,0,0,1,97,14,16,26,terminal_customer_network_burst;night_activity,0.26,0.0230084285196213,0.26
X000115441,2026-01-24 00:55:41,C000959,A0000959,M00745,T00823,Northeast,Northeast,480.09,USD,card_present,chip_pin,approved,APPROVE,188.1,2.5523125996810205,1,1,0,0,0,0,0,4,180,8,26,26,terminal_customer_network_burst;night_activity,0.26,0.013752249427124408,0.26
X000143931,2026-01-24 00:55:46,C001186,A0001186,M00154,T01001,South,South,140.08,USD,ecommerce,chip_pin,approved,APPROVE,248.53,0.5636341689132097,1,1,0,1,0,0,0,3,164,11,40,26,terminal_customer_network_burst;night_activity,0.26,0.006781521921962081,0.26
X000223322,2026-01-24 00:55:47,C001820,A0001820,M00319,T00631,West,West,85.59,USD,card_present,chip_pin,approved,APPROVE,133.75,0.6399252336448599,1,1,0,0,0,0,0,2,17,5,13,8,night_activity,0.08,0.0047018314581458035,0.08
X000197429,2026-01-24 00:56:27,C001621,A0001621,M00154,T01001,West,South,85.73,USD,ecommerce,wallet_biometric,approved,APPROVE,173.71,0.4935236889067987,1,1,0,1,0,0,1,7,165,11,0,78,customer_velocity;new_customer_terminal_pair;terminal_customer_network_burst;night_activity;home_region_mismatch,0.78,0.11538661647322682,0.78
X000139097,2026-01-24 00:56:52,C001146,A0001146,M00210,T01163,South,South,25.41,USD,ecommerce,3ds,approved,APPROVE,45.52,0.5582161687170474,1,1,0,1,0,0,0,1,71,9,11,26,terminal_customer_network_burst;night_activity,0.26,0.007190230233615625,0.26
X000158067,2026-01-24 00:56:53,C001300,A0001300,M00055,T01044,South,South,133.99,USD,card_present,3ds,approved,APPROVE,160.21,0.8363398040072405,1,1,0,0,0,0,0,4,204,17,17,26,terminal_customer_network_burst;night_activity,0.26,0.01684219408932139,0.26
X000029593,2026-01-24 00:57:00,C000254,A0000254,M00139,T00632,Northeast,Northeast,162.93,USD,card_present,magstripe,approved,APPROVE,244.89,0.6653191228714934,1,1,0,0,1,0,0,5,103,7,42,33,customer_velocity;night_activity,0.33,0.00835371234411623,0.33
X000123517,2026-01-24 00:57:59,C001023,A0001023,M00171,T00523,Northeast,Northeast,223.36,USD,ecommerce,wallet_biometric,approved,APPROVE,96.87,2.3057706204191186,1,1,0,1,0,0,0,9,115,13,48,51,customer_velocity;terminal_customer_network_burst;night_activity,0.51,0.01662437015489664,0.51
X000084546,2026-01-24 00:58:43,C000708,A0000708,M00019,T00826,Northeast,Northeast,53.73,USD,ecommerce,magstripe,approved,APPROVE,46.63,1.152262491957967,1,1,0,1,1,0,0,2,64,6,20,28,ecommerce_authentication_shift;night_activity,0.28,0.011650340025411649,0.28
X000196386,2026-01-24 00:59:06,C001613,A0001613,M00687,T01156,Midwest,Midwest,339.44,USD,ecommerce,magstripe,approved,APPROVE,489.11,0.6939952158001267,1,1,0,1,1,0,0,7,92,11,35,71,customer_velocity;terminal_customer_network_burst;ecommerce_authentication_shift;night_activity,0.71,0.015188841826565876,0.71
X000034324,2026-01-24 00:59:12,C000291,A0000291,M00323,T00655,South,South,120.29,USD,card_present,3ds,approved,APPROVE,109.29,1.1006496477262329,1,1,0,0,0,0,0,0,45,9,12,26,terminal_customer_network_burst;night_activity,0.26,0.007124698878388589,0.26
X000001585,2026-01-24 01:00:04,C000015,A0000015,M00074,T01036,South,South,112.5,USD,card_present,chip_pin,approved,APPROVE,115.21,0.9764777363076123,1,1,0,0,0,0,0,8,207,20,53,51,customer_velocity;terminal_customer_network_burst;night_activity,0.51,0.015559878042471066,0.51
X000093080,2026-01-24 01:00:20,C000780,A0000780,M00051,T01084,South,South,38.76,USD,ecommerce,wallet_biometric,approved,APPROVE,66.83,0.5799790513242555,1,1,0,1,0,0,0,2,132,13,17,26,terminal_customer_network_burst;night_activity,0.26,0.010223291275925039,0.26
X000195064,2026-01-24 01:00:48,C001603,A0001603,M00621,T00832,West,West,83.54,USD,card_present,chip_pin,approved,APPROVE,64.9,1.287211093990755,1,1,0,0,0,0,0,0,23,5,8,8,night_activity,0.08,0.0058646728702909795,0.08
X000092183,2026-01-24 01:01:10,C000772,A0000772,M00517,T00647,Midwest,Midwest,17.49,USD,ecommerce,wallet_biometric,approved,APPROVE,25.89,0.675550405561993,1,1,0,1,0,0,0,2,130,11,13,26,terminal_customer_network_burst;night_activity,0.26,0.009715416691946975,0.26
X000106649,2026-01-24 01:02:41,C000894,A0000894,M00613,T00331,South,South,387.44,USD,ecommerce,magstripe,approved,APPROVE,442.56,0.8754519161243673,1,1,0,1,1,0,0,4,156,11,37,46,terminal_customer_network_burst;ecommerce_authentication_shift;night_activity,0.46,0.014839984581566025,0.46
X000110219,2026-01-24 01:02:41,C000921,A0000921,M00095,T00821,Northeast,Northeast,136.54,USD,ecommerce,wallet_biometric,approved,APPROVE,132.49,1.030568344780738,1,1,0,1,0,0,0,2,49,8,20,26,terminal_customer_network_burst;night_activity,0.26,0.007033113686894938,0.26
X000111164,2026-01-24 01:03:14,C000927,A0000927,M00767,T00313,South,South,56.29,USD,ecommerce,chip_pin,approved,APPROVE,58.94,0.9550390227349848,1,1,0,1,0,0,0,1,146,17,10,26,terminal_customer_network_burst;night_activity,0.26,0.016948548355284077,0.26
X000076276,2026-01-24 01:03:27,C000641,A0000641,M00447,T00749,South,South,240.32,USD,mobile_wallet,3ds,approved,APPROVE,169.2,1.4203309692671395,1,1,0,0,0,1,0,1,120,14,7,26,terminal_customer_network_burst;night_activity,0.26,0.020709615358413827,0.26
X000205934,2026-01-24 01:03:50,C001680,A0001680,M00153,T00753,South,South,270.45,USD,card_present,3ds,approved,APPROVE,155.53,1.7388928181058316,1,1,0,0,0,0,0,3,191,15,20,26,terminal_customer_network_burst;night_activity,0.26,0.017980251091869397,0.26
X000061062,2026-01-24 01:04:14,C000520,A0000520,M00020,T00254,South,South,23.03,USD,card_present,wallet_biometric,approved,APPROVE,29.58,0.7785665990534145,1,1,0,0,0,0,0,1,163,16,18,26,terminal_customer_network_burst;night_activity,0.26,0.012126812253099131,0.26
X000013616,2026-01-24 01:04:47,C000116,A0000116,M00504,T00422,Northeast,Northeast,524.35,USD,card_present,chip_pin,approved,APPROVE,197.15,2.6596500126807,1,1,0,0,0,0,0,5,173,11,30,51,customer_velocity;terminal_customer_network_burst;night_activity,0.51,0.01740005117566325,0.51
X000118169,2026-01-24 01:04:53,C000978,A0000978,M00412,T00928,Northeast,Northeast,193.83,USD,ecommerce,magstripe,approved,APPROVE,240.92,0.8045409264486137,1,1,0,1,1,0,0,3,157,12,40,46,terminal_customer_network_burst;ecommerce_authentication_shift;night_activity,0.46,0.014104813721400523,0.46
X000106075,2026-01-24 01:05:40,C000891,A0000891,M00372,T00095,South,South,54.98,USD,card_present,wallet_biometric,approved,APPROVE,55.54,0.9899171768095066,1,1,0,0,0,0,0,5,156,14,25,51,customer_velocity;terminal_customer_network_burst;night_activity,0.51,0.012385465536363854,0.51
X000137134,2026-01-24 01:05:56,C001127,A0001127,M00268,T00608,West,West,87.95,USD,ecommerce,3ds,approved,APPROVE,244.62,0.3595372414356962,1,1,0,1,0,0,0,5,95,5,31,33,customer_velocity;night_activity,0.33,0.004667327059765472,0.33
X000042156,2026-01-24 01:06:00,C000357,A0000357,M00271,T01087,Northeast,Northeast,50.82,USD,card_present,chip_pin,approved,APPROVE,60.26,0.8433455028211085,1,1,0,0,0,0,0,1,121,14,8,26,terminal_customer_network_burst;night_activity,0.26,0.011769573821139245,0.26
X000119567,2026-01-24 01:07:07,C000992,A0000992,M00184,T01155,South,South,53.99,USD,card_present,chip_pin,approved,APPROVE,20.57,2.624696159455518,1,1,0,0,0,0,0,1,149,14,10,26,terminal_customer_network_burst;night_activity,0.26,0.022775601572747745,0.26
X000228152,2026-01-24 01:07:26,C001858,A0001858,M00663,T00862,West,West,82.88,USD,card_present,chip_pin,approved,APPROVE,63.67,1.3017119522538085,1,1,0,0,0,0,0,0,69,12,3,26,terminal_customer_network_burst;night_activity,0.26,0.011401996516741411,0.26
X000038521,2026-01-24 01:07:48,C000329,A0000329,M00394,T00980,Midwest,South,104.79,USD,ecommerce,3ds,approved,APPROVE,45.79,2.288490936885783,1,1,0,1,0,0,1,3,73,6,0,35,new_customer_terminal_pair;night_activity;home_region_mismatch,0.35,0.10961169581798796,0.35
X000096938,2026-01-24 01:08:00,C000811,A0000811,M00038,T00874,South,South,100.82,USD,card_present,3ds,approved,APPROVE,134.11,0.7517709343076577,1,1,0,0,0,0,0,5,257,20,13,51,customer_velocity;terminal_customer_network_burst;night_activity,0.51,0.024624665653931493,0.51
X000088818,2026-01-24 01:08:16,C000745,A0000745,M00128,T00172,Northeast,Northeast,133.92,USD,mobile_wallet,3ds,approved,APPROVE,273.0,0.4905494505494505,1,1,0,0,0,1,0,8,88,12,36,51,customer_velocity;terminal_customer_network_burst;night_activity,0.51,0.011148183824730014,0.51
X000124615,2026-01-24 01:08:16,C001030,A0001030,M00338,T00847,Northeast,Northeast,61.72,USD,ecommerce,magstripe,soft_decline,CHALLENGE,208.04,0.2966737165929629,1,1,1,1,1,0,0,3,140,12,36,54,terminal_customer_network_burst;ecommerce_authentication_shift;night_activity;authentication_soft_decline,0.54,0.05033752075714536,0.54
X000034204,2026-01-24 01:08:50,C000290,A0000290,M00111,T01015,Midwest,Midwest,47.99,USD,ecommerce,chip_pin,approved,APPROVE,128.03,0.37483402327579474,1,1,0,1,0,0,0,0,143,12,21,26,terminal_customer_network_burst;night_activity,0.26,0.007583305560876402,0.26
X000151597,2026-01-24 01:08:56,C001245,A0001245,M00029,T00167,South,South,93.67,USD,card_present,magstripe,approved,APPROVE,81.6,1.1479166666666667,1,1,0,0,1,0,0,0,140,16,10,26,terminal_customer_network_burst;night_activity,0.26,0.025638195589173796,0.26
X000154780,2026-01-24 01:09:13,C001276,A0001276,M00573,T00460,Northeast,Northeast,51.57,USD,card_present,chip_pin,approved,APPROVE,41.03,1.256885205946868,1,1,0,0,0,0,0,2,88,9,19,26,terminal_customer_network_burst;night_activity,0.26,0.008025197139835046,0.26
X000068696,2026-01-24 01:09:20,C000583,A0000583,M00270,T00473,South,South,33.71,USD,card_present,3ds,approved,APPROVE,32.49,1.0375500153893504,1,1,0,0,0,0,0,2,147,14,8,26,terminal_customer_network_burst;night_activity,0.26,0.01385547743102081,0.26
X000045014,2026-01-24 01:09:21,C000379,A0000379,M00699,T00248,Midwest,Midwest,420.6,USD,ecommerce,chip_pin,approved,APPROVE,300.48,1.3997603833865815,1,1,0,1,0,0,0,5,64,5,26,33,customer_velocity;night_activity,0.33,0.0070572001059066415,0.33
X000112407,2026-01-24 01:09:43,C000940,A0000940,M00005,T00817,South,South,58.52,USD,ecommerce,chip_pin,approved,APPROVE,79.58,0.7353606433777331,1,1,0,1,0,0,0,3,169,14,3,26,terminal_customer_network_burst;night_activity,0.26,0.016143658493545706,0.26
X000103778,2026-01-24 01:10:09,C000873,A0000873,M00282,T01131,South,South,90.89,USD,card_present,chip_pin,approved,APPROVE,95.2,0.9547268907563025,1,1,0,0,0,0,0,1,222,19,12,26,terminal_customer_network_burst;night_activity,0.26,0.019307413363088714,0.26
X000137899,2026-01-24 01:10:20,C001134,A0001134,M00518,T00379,South,South,289.5,USD,card_present,3ds,approved,APPROVE,96.9,2.9876160990712073,1,1,0,0,0,0,0,1,114,12,13,26,terminal_customer_network_burst;night_activity,0.26,0.02036096751289391,0.26
X000020211,2026-01-24 01:11:11,C000175,A0000175,M00119,T00895,South,South,120.87,USD,card_present,chip_pin,approved,APPROVE,39.71,3.043817678166709,1,1,0,0,0,0,0,3,151,14,6,56,amount_vs_profile;terminal_customer_network_burst;night_activity,0.56,0.03131969017899067,0.56
X000098461,2026-01-24 01:11:12,C000825,A0000825,M00148,T00038,Midwest,Midwest,57.69,USD,card_present,chip_pin,approved,APPROVE,42.75,1.3494736842105262,1,1,0,0,0,0,0,2,46,10,8,26,terminal_customer_network_burst;night_activity,0.26,0.00994384384013683,0.26
X000116078,2026-01-24 01:11:29,C000964,A0000964,M00706,T00409,Northeast,Northeast,91.23,USD,ecommerce,chip_pin,approved,APPROVE,86.5,1.0546820809248556,1,1,0,1,0,0,0,1,122,11,23,26,terminal_customer_network_burst;night_activity,0.26,0.008947379663427305,0.26
X000031843,2026-01-24 01:11:43,C000270,A0000270,M00420,T00023,West,West,33.88,USD,ecommerce,chip_pin,approved,APPROVE,48.23,0.702467343976778,1,1,0,1,0,0,0,2,28,9,9,26,terminal_customer_network_burst;night_activity,0.26,0.007715281178291785,0.26
X000212385,2026-01-24 01:11:55,C001733,A0001733,M00391,T00267,Northeast,Northeast,152.57,USD,card_present,wallet_biometric,approved,APPROVE,162.51,0.9388345332594917,1,1,0,0,0,0,0,5,103,11,32,51,customer_velocity;terminal_customer_network_burst;night_activity,0.51,0.008071551082008558,0.51
X000149586,2026-01-24 01:12:06,C001231,A0001231,M00073,T00757,South,South,60.24,USD,card_present,chip_pin,approved,APPROVE,101.36,0.5943172849250198,1,1,0,0,0,0,0,3,150,16,8,26,terminal_customer_network_burst;night_activity,0.26,0.014419715362618954,0.26
X000120354,2026-01-24 01:12:10,C001000,A0001000,M00613,T00852,South,South,27.73,USD,ecommerce,3ds,approved,APPROVE,20.16,1.3754960317460319,1,1,0,1,0,0,0,0,118,15,12,26,terminal_customer_network_burst;night_activity,0.26,0.015069015808851257,0.26
X000242598,2026-01-24 01:12:19,C001980,A0001980,M00191,T00568,Midwest,Midwest,106.6,USD,mobile_wallet,3ds,approved,APPROVE,221.06,0.4822220211707228,1,1,0,0,0,1,0,6,108,8,46,51,customer_velocity;terminal_customer_network_burst;night_activity,0.51,0.006593147333016303,0.51
X000046910,2026-01-24 01:12:50,C000394,A0000394,M00754,T00696,West,West,67.07,USD,card_present,chip_pin,approved,APPROVE,54.01,1.241807072764303,1,1,0,0,0,0,0,2,75,12,10,26,terminal_customer_network_burst;night_activity,0.26,0.011204496889192046,0.26
X000180460,2026-01-24 01:13:38,C001483,A0001483,M00691,T00755,Northeast,Northeast,199.21,USD,ecommerce,3ds,approved,APPROVE,259.43,0.7678757275565663,1,1,0,1,0,0,0,1,129,15,30,26,terminal_customer_network_burst;night_activity,0.26,0.009762423334505775,0.26
X000120989,2026-01-24 01:13:41,C001005,A0001005,M00539,T00648,Midwest,Midwest,67.36,USD,mobile_wallet,chip_pin,approved,APPROVE,40.22,1.6747886623570363,1,1,0,0,0,1,0,1,49,6,12,8,night_activity,0.08,0.010565970075904681,0.08
X000232195,2026-01-24 01:13:41,C001894,A0001894,M00040,T00439,Northeast,Northeast,593.39,USD,mobile_wallet,chip_pin,approved,APPROVE,590.99,1.0040609824193303,1,1,0,0,0,1,0,1,156,13,27,26,terminal_customer_network_burst;night_activity,0.26,0.012818245934405885,0.26
X000159055,2026-01-24 01:13:58,C001309,A0001309,M00109,T00641,South,Northeast,23.93,USD,mobile_wallet,chip_pin,approved,APPROVE,46.76,0.5117621899059025,1,1,0,0,0,1,1,1,74,8,0,53,new_customer_terminal_pair;terminal_customer_network_burst;night_activity;home_region_mismatch,0.53,0.07840551439691235,0.53
X000150588,2026-01-24 01:14:16,C001239,A0001239,M00170,T01059,Midwest,Midwest,57.98,USD,card_present,chip_pin,approved,APPROVE,63.27,0.916390074284811,1,1,0,0,0,0,0,1,72,6,15,8,night_activity,0.08,0.005606559499147612,0.08
X000116441,2026-01-24 01:14:53,C000966,A0000966,M00262,T01103,South,South,42.6,USD,card_present,chip_pin,approved,APPROVE,110.51,0.3854854764274726,1,1,0,0,0,0,0,1,59,4,30,8,night_activity,0.08,0.003082007660190169,0.08
X000143737,2026-01-24 01:14:58,C001185,A0001185,M00667,T00609,Northeast,Northeast,105.66,USD,ecommerce,wallet_biometric,approved,APPROVE,70.94,1.4894276853679165,1,1,0,1,0,0,0,2,193,20,11,26,terminal_customer_network_burst;night_activity,0.26,0.028417008815231914,0.26
X000195995,2026-01-24 01:15:05,C001610,A0001610,M00433,T00174,Midwest,Midwest,67.07,USD,mobile_wallet,wallet_biometric,soft_decline,CHALLENGE,44.09,1.521206622816965,1,1,1,0,0,1,0,3,112,14,12,34,terminal_customer_network_burst;night_activity;authentication_soft_decline,0.34,0.08757104262778935,0.34
X000088819,2026-01-24 01:15:23,C000745,A0000745,M00128,T00172,Northeast,Northeast,180.5,USD,ecommerce,chip_pin,approved,APPROVE,273.0,0.6611721611721612,1,1,0,1,0,0,0,9,89,12,37,51,customer_velocity;terminal_customer_network_burst;night_activity,0.51,0.009670556698771548,0.51
X000184195,2026-01-24 01:15:29,C001517,A0001517,M00459,T00809,Northeast,Northeast,29.72,USD,card_present,chip_pin,approved,APPROVE,72.94,0.4074581848094324,1,1,0,0,0,0,0,4,129,14,9,26,terminal_customer_network_burst;night_activity,0.26,0.011700465029496681,0.26
X000055204,2026-01-24 01:15:38,C000467,A0000467,M00532,T00040,West,West,242.81,USD,card_present,chip_pin,approved,APPROVE,238.71,1.0171756524653346,1,1,0,0,0,0,0,1,83,10,23,26,terminal_customer_network_burst;night_activity,0.26,0.006989718797786988,0.26
X000079226,2026-01-24 01:15:44,C000667,A0000667,M00228,T00522,Northeast,Northeast,61.74,USD,card_present,3ds,approved,APPROVE,68.9,0.8960812772133526,1,1,0,0,0,0,0,4,98,14,26,26,terminal_customer_network_burst;night_activity,0.26,0.01022635352598089,0.26
X000175760,2026-01-24 01:16:05,C001448,A0001448,M00675,T01030,Midwest,Midwest,74.42,USD,card_present,wallet_biometric,approved,APPROVE,55.08,1.351125635439361,1,1,0,0,0,0,0,0,87,7,9,8,night_activity,0.08,0.0075510490131627155,0.08
X000208337,2026-01-24 01:16:11,C001701,A0001701,M00038,T00813,South,South,125.3,USD,ecommerce,3ds,approved,APPROVE,79.94,1.5674255691768826,1,1,0,1,0,0,0,1,140,10,25,26,terminal_customer_network_burst;night_activity,0.26,0.010004221086011827,0.26
X000185446,2026-01-24 01:17:10,C001525,A0001525,M00304,T00087,Midwest,Midwest,389.57,USD,ecommerce,chip_pin,approved,APPROVE,133.44,2.919439448441247,1,1,0,1,0,0,0,2,107,11,34,26,terminal_customer_network_burst;night_activity,0.26,0.015345573420314994,0.26
X000050477,2026-01-24 01:17:37,C000423,A0000423,M00646,T00690,South,South,62.33,USD,card_present,chip_pin,approved,APPROVE,41.14,1.5150704910063197,1,1,0,0,0,0,0,6,62,11,22,51,customer_velocity;terminal_customer_network_burst;night_activity,0.51,0.01153473372481784,0.51
X000041606,2026-01-24 01:18:01,C000352,A0000352,M00434,T00808,South,South,50.1,USD,card_present,3ds,approved,APPROVE,46.87,1.0689140174951997,1,1,0,0,0,0,0,2,127,13,8,26,terminal_customer_network_burst;night_activity,0.26,0.012640495072134422,0.26
X000081194,2026-01-24 01:18:05,C000681,A0000681,M00663,T00502,West,West,106.47,USD,card_present,chip_pin,approved,APPROVE,189.01,0.5633035289138141,1,1,0,0,0,0,0,5,131,8,49,51,customer_velocity;terminal_customer_network_burst;night_activity,0.51,0.004514329275994994,0.51
X000087315,2026-01-24 01:18:34,C000733,A0000733,M00563,T00173,Midwest,Midwest,140.36,USD,card_present,chip_pin,approved,APPROVE,190.79,0.7356779705435297,1,1,0,0,0,0,0,2,41,6,16,8,night_activity,0.08,0.005187854506693727,0.08
X000057858,2026-01-24 01:19:07,C000491,A0000491,M00610,T00995,Midwest,Midwest,39.58,USD,mobile_wallet,wallet_biometric,approved,APPROVE,85.5,0.4629239766081871,1,1,0,0,0,1,0,1,105,11,11,26,terminal_customer_network_burst;night_activity,0.26,0.010796392543726416,0.26
X000188749,2026-01-24 01:19:10,C001550,A0001550,M00679,T01139,Northeast,Northeast,111.75,USD,ecommerce,wallet_biometric,approved,APPROVE,138.42,0.8073255309926312,1,1,0,1,0,0,0,1,106,12,12,26,terminal_customer_network_burst;night_activity,0.26,0.010186287015012875,0.26
X000226717,2026-01-24 01:19:20,C001848,A0001848,M00130,T00939,South,South,24.89,USD,card_present,chip_pin,approved,APPROVE,31.99,0.7780556423882464,1,1,0,0,0,0,0,1,139,13,11,26,terminal_customer_network_burst;night_activity,0.26,0.010482931485549024,0.26
X000078310,2026-01-24 01:19:38,C000659,A0000659,M00434,T00133,South,South,17.87,USD,ecommerce,chip_pin,approved,APPROVE,31.77,0.5624803273528486,1,1,0,1,0,0,0,2,140,11,25,26,terminal_customer_network_burst;night_activity,0.26,0.007842735737649872,0.26
X000225671,2026-01-24 01:19:40,C001839,A0001839,M00244,T00277,South,South,53.32,USD,mobile_wallet,wallet_biometric,approved,APPROVE,134.66,0.3959601960493094,1,1,0,0,0,1,0,1,154,11,14,26,terminal_customer_network_burst;night_activity,0.26,0.010839705975909062,0.26
X000028750,2026-01-24 01:19:42,C000247,A0000247,M00715,T00083,Midwest,Midwest,42.98,USD,card_present,chip_pin,approved,APPROVE,34.2,1.2567251461988302,1,1,0,0,0,0,0,0,98,11,9,26,terminal_customer_network_burst;night_activity,0.26,0.009928536383013125,0.26
X000204309,2026-01-24 01:19:48,C001668,A0001668,M00640,T01025,Midwest,Midwest,41.49,USD,ecommerce,wallet_biometric,approved,APPROVE,146.34,0.2835178351783518,1,1,0,1,0,0,0,6,127,10,34,51,customer_velocity;terminal_customer_network_burst;night_activity,0.51,0.006909659218852306,0.51
X000232196,2026-01-24 01:19:51,C001894,A0001894,M00040,T00439,Northeast,Northeast,495.33,USD,ecommerce,chip_pin,approved,APPROVE,590.99,0.8381360090695273,1,1,0,1,0,0,0,2,157,13,28,26,terminal_customer_network_burst;night_activity,0.26,0.009831827708027723,0.26
X000197815,2026-01-24 01:20:28,C001623,A0001623,M00192,T00798,South,South,292.32,USD,card_present,chip_pin,approved,APPROVE,107.7,2.7142061281337044,1,1,0,0,0,0,0,3,125,11,35,26,terminal_customer_network_burst;night_activity,0.26,0.01374645972734473,0.26
X000169000,2026-01-24 01:20:53,C001397,A0001397,M00743,T00220,South,South,44.3,USD,mobile_wallet,wallet_biometric,approved,APPROVE,55.89,0.7926283771694399,1,1,0,0,0,1,0,5,86,12,20,51,customer_velocity;terminal_customer_network_burst;night_activity,0.51,0.01362208923068734,0.51
X000068223,2026-01-24 01:21:03,C000578,A0000578,M00120,T00900,South,Midwest,30.21,USD,card_present,chip_pin,approved,APPROVE,43.34,0.6970466082141209,1,1,0,0,0,0,1,1,32,5,0,35,new_customer_terminal_pair;night_activity;home_region_mismatch,0.35,0.04618629828526744,0.35
X000147342,2026-01-24 01:21:11,C001216,A0001216,M00490,T00340,South,South,19.56,USD,ecommerce,wallet_biometric,approved,APPROVE,43.69,0.44769970244907303,1,1,0,1,0,0,0,0,76,8,14,26,terminal_customer_network_burst;night_activity,0.26,0.005853875650933878,0.26
X000117136,2026-01-24 01:22:27,C000972,A0000972,M00034,T00307,Northeast,Northeast,43.59,USD,card_present,wallet_biometric,approved,APPROVE,68.08,0.6402761457109284,1,1,0,0,0,0,0,2,124,9,20,26,terminal_customer_network_burst;night_activity,0.26,0.006658752386413184,0.26
X000024546,2026-01-24 01:22:51,C000207,A0000207,M00119,T00895,South,South,56.7,USD,ecommerce,chip_pin,approved,APPROVE,77.4,0.7325581395348837,1,1,0,1,0,0,0,1,152,14,13,26,terminal_customer_network_burst;night_activity,0.26,0.012111794225195642,0.26
X000237539,2026-01-24 01:22:51,C001937,A0001937,M00767,T00313,South,South,72.37,USD,mobile_wallet,chip_pin,approved,APPROVE,37.72,1.9186108165429483,1,1,0,0,0,1,0,2,147,17,18,26,terminal_customer_network_burst;night_activity,0.26,0.028462583724114764,0.26
X000217069,2026-01-24 01:22:54,C001773,A0001773,M00183,T01168,South,South,235.44,USD,card_present,magstripe,approved,APPROVE,311.99,0.7546395717811468,1,1,0,0,1,0,0,3,126,8,51,26,terminal_customer_network_burst;night_activity,0.26,0.007521499991664528,0.26
X000058055,2026-01-24 01:22:55,C000493,A0000493,M00720,T00705,Northeast,Northeast,136.99,USD,mobile_wallet,chip_pin,approved,APPROVE,104.71,1.3082800114602235,1,1,0,0,0,1,0,3,131,14,18,26,terminal_customer_network_burst;night_activity,0.26,0.018915712332055263,0.26
X000177056,2026-01-24 01:23:20,C001459,A0001459,M00376,T00702,South,South,162.47,USD,card_present,wallet_biometric,approved,APPROVE,151.37,1.0733302503798638,1,1,0,0,0,0,0,8,97,10,24,51,customer_velocity;terminal_customer_network_burst;night_activity,0.51,0.010362889565728589,0.51
X000153179,2026-01-24 01:23:47,C001259,A0001259,M00397,T00682,Midwest,Midwest,92.54,USD,card_present,chip_pin,approved,APPROVE,57.1,1.6206654991243434,1,1,0,0,0,0,0,3,46,6,21,8,night_activity,0.08,0.007054675481142085,0.08
X000088820,2026-01-24 01:24:00,C000745,A0000745,M00128,T00172,Northeast,Northeast,330.71,USD,card_present,chip_pin,approved,APPROVE,273.0,1.2113919413919414,1,1,0,0,0,0,0,10,90,12,38,71,customer_velocity;high_customer_velocity;terminal_customer_network_burst;night_activity,0.71,0.011124369143964025,0.71
X000207832,2026-01-24 01:24:20,C001696,A0001696,M00623,T00969,Midwest,Midwest,37.04,USD,ecommerce,chip_pin,approved,APPROVE,43.27,0.8560203374162236,1,1,0,1,0,0,0,0,96,9,19,26,terminal_customer_network_burst;night_activity,0.26,0.006977479868108693,0.26
X000138578,2026-01-24 01:24:28,C001141,A0001141,M00020,T00254,South,South,47.62,USD,card_present,chip_pin,approved,APPROVE,44.06,1.0807989105764866,1,1,0,0,0,0,0,2,164,16,12,26,terminal_customer_network_burst;night_activity,0.26,0.01568996074868863,0.26
X000000202,2026-01-24 01:24:44,C000002,A0000002,M00061,T00492,West,West,43.62,USD,ecommerce,wallet_biometric,approved,APPROVE,97.15,0.44899639732372615,1,1,0,1,0,0,0,1,45,8,7,26,terminal_customer_network_burst;night_activity,0.26,0.006567974442000958,0.26
X000211290,2026-01-24 01:24:52,C001723,A0001723,M00552,T00602,Northeast,Northeast,63.74,USD,card_present,chip_pin,approved,APPROVE,53.66,1.1878494222884832,1,1,0,0,0,0,0,4,124,8,14,26,terminal_customer_network_burst;night_activity,0.26,0.009237230240334154,0.26
X000135452,2026-01-24 01:25:07,C001112,A0001112,M00184,T01155,South,South,21.31,USD,mobile_wallet,wallet_biometric,approved,APPROVE,28.64,0.7440642458100558,1,1,0,0,0,1,0,5,150,14,9,51,customer_velocity;terminal_customer_network_burst;night_activity,0.51,0.020236534294503908,0.51
X000009828,2026-01-24 01:25:11,C000089,A0000089,M00631,T00542,West,West,139.48,USD,card_present,chip_pin,approved,APPROVE,166.7,0.8367126574685063,1,1,0,0,0,0,0,1,72,13,23,26,terminal_customer_network_burst;night_activity,0.26,0.008004113790486357,0.26
X000044359,2026-01-24 01:25:50,C000376,A0000376,M00439,T00144,West,West,93.72,USD,ecommerce,3ds,approved,APPROVE,189.71,0.4940171841231353,1,1,0,1,0,0,0,5,89,7,46,33,customer_velocity;night_activity,0.33,0.004441863268317634,0.33
X000194147,2026-01-24 01:26:03,C001596,A0001596,M00309,T00916,Northeast,Northeast,131.72,USD,ecommerce,wallet_biometric,approved,APPROVE,43.85,3.0038768529076396,1,1,0,1,0,0,0,3,99,11,9,56,amount_vs_profile;terminal_customer_network_burst;night_activity,0.56,0.02425729833833525,0.56
X000244717,2026-01-24 01:26:23,C001995,A0001995,M00338,T00600,Northeast,Northeast,282.81,USD,ecommerce,chip_pin,approved,APPROVE,400.21,0.7066540066465106,1,1,0,1,0,0,0,4,110,8,43,26,terminal_customer_network_burst;night_activity,0.26,0.0053100456407094935,0.26
X000188395,2026-01-24 01:26:46,C001548,A0001548,M00305,T00675,Northeast,Northeast,24.85,USD,card_present,chip_pin,approved,APPROVE,35.54,0.6992121553179517,1,1,0,0,0,0,0,2,88,7,6,8,night_activity,0.08,0.006929682885562891,0.08
X000175141,2026-01-24 01:27:17,C001442,A0001442,M00185,T00296,West,West,77.22,USD,ecommerce,3ds,approved,APPROVE,79.02,0.9772209567198178,1,1,0,1,0,0,0,2,31,7,15,8,night_activity,0.08,0.0067444544163453475,0.08
X000198626,2026-01-24 01:27:33,C001627,A0001627,M00608,T00027,South,South,212.9,USD,ecommerce,chip_pin,approved,APPROVE,272.19,0.782174216539917,1,1,0,1,0,0,0,5,172,17,38,51,customer_velocity;terminal_customer_network_burst;night_activity,0.51,0.0131899856076324,0.51
X000199902,2026-01-24 01:27:39,C001638,A0001638,M00255,T00573,West,West,136.67,USD,mobile_wallet,chip_pin,approved,APPROVE,61.14,2.2353614654890412,1,1,0,0,0,1,0,0,62,7,14,8,night_activity,0.08,0.013089071079793178,0.08
X000050755,2026-01-24 01:28:18,C000426,A0000426,M00706,T00053,Northeast,Northeast,119.25,USD,card_present,magstripe,approved,APPROVE,59.64,1.9994969818913482,1,1,0,0,1,0,0,1,107,11,5,26,terminal_customer_network_burst;night_activity,0.26,0.026357404188218806,0.26
X000087885,2026-01-24 01:28:30,C000738,A0000738,M00292,T00447,South,South,18.51,USD,card_present,chip_pin,approved,APPROVE,42.09,0.4397719173200285,1,1,0,0,0,0,0,1,61,9,5,26,terminal_customer_network_burst;night_activity,0.26,0.006738318297735387,0.26
X000218474,2026-01-24 01:29:33,C001785,A0001785,M00486,T00714,South,South,86.3,USD,card_present,3ds,approved,APPROVE,44.84,1.9246208742194466,1,1,0,0,0,0,0,0,132,15,4,26,terminal_customer_network_burst;night_activity,0.26,0.019280251781218234,0.26
X000089873,2026-01-24 01:30:16,C000751,A0000751,M00793,T01052,South,South,77.66,USD,ecommerce,chip_pin,approved,APPROVE,94.87,0.8185938652893432,1,1,0,1,0,0,0,1,141,11,13,26,terminal_customer_network_burst;night_activity,0.26,0.009881853806465326,0.26
X000245409,2026-01-24 01:30:32,C001999,A0001999,M00265,T00269,West,West,103.95,USD,mobile_wallet,wallet_biometric,approved,APPROVE,131.76,0.7889344262295083,1,1,0,0,0,1,0,4,31,5,27,8,night_activity,0.08,0.006385491940011324,0.08
X000077177,2026-01-24 01:30:33,C000649,A0000649,M00048,T01172,Northeast,Northeast,66.44,USD,card_present,chip_pin,approved,APPROVE,66.26,1.00271657108361,1,1,0,0,0,0,0,3,76,10,14,26,terminal_customer_network_burst;night_activity,0.26,0.00879778210686867,0.26
X000178514,2026-01-24 01:30:43,C001470,A0001470,M00585,T00119,Midwest,Midwest,434.23,USD,card_present,chip_pin,approved,APPROVE,151.7,2.8624258404746215,1,1,0,0,0,0,0,2,84,11,15,26,terminal_customer_network_burst;night_activity,0.26,0.017657303798417526,0.26
X000223764,2026-01-24 01:31:02,C001825,A0001825,M00640,T00037,Midwest,Midwest,54.79,USD,card_present,chip_pin,approved,APPROVE,65.27,0.8394361881415658,1,1,0,0,0,0,0,0,139,10,7,26,terminal_customer_network_burst;night_activity,0.26,0.008706980978374492,0.26
X000209795,2026-01-24 01:31:44,C001712,A0001712,M00556,T00589,South,South,166.49,USD,ecommerce,chip_pin,approved,APPROVE,184.84,0.9007249513092405,1,1,0,1,0,0,0,2,187,16,35,26,terminal_customer_network_burst;night_activity,0.26,0.011744012657982403,0.26
X000055205,2026-01-24 01:32:06,C000467,A0000467,M00258,T00943,West,West,104.82,USD,card_present,3ds,approved,APPROVE,238.71,0.43911021741862505,1,1,0,0,0,0,0,2,72,7,19,8,night_activity,0.08,0.005007945237492189,0.08
X000077435,2026-01-24 01:32:14,C000652,A0000652,M00345,T01165,South,South,20.67,USD,ecommerce,wallet_biometric,approved,APPROVE,50.82,0.4067296340023613,1,1,0,1,0,0,0,1,36,10,7,26,terminal_customer_network_burst;night_activity,0.26,0.007379516966421035,0.26
X000192444,2026-01-24 01:32:15,C001580,A0001580,M00119,T00895,South,South,44.04,USD,ecommerce,3ds,approved,APPROVE,30.98,1.4215622982569398,1,1,0,1,0,0,0,3,153,14,13,26,terminal_customer_network_burst;night_activity,0.26,0.017311090443540292,0.26
X000103614,2026-01-24 01:32:47,C000872,A0000872,M00378,T01130,South,South,75.45,USD,ecommerce,chip_pin,approved,APPROVE,65.88,1.1452641165755921,1,1,0,1,0,0,0,3,151,12,33,26,terminal_customer_network_burst;night_activity,0.26,0.009877994802545293,0.26
X000031562,2026-01-24 01:33:18,C000267,A0000267,M00342,T00483,Midwest,Midwest,94.42,USD,ecommerce,3ds,approved,APPROVE,99.17,0.9521024503378037,1,1,0,1,0,0,0,2,166,15,17,26,terminal_customer_network_burst;night_activity,0.26,0.014270805553246824,0.26
X000059121,2026-01-24 01:33:24,C000502,A0000502,M00541,T00575,South,South,17.15,USD,card_present,wallet_biometric,approved,APPROVE,44.15,0.3884484711211778,1,1,0,0,0,0,0,0,89,8,7,26,terminal_customer_network_burst;night_activity,0.26,0.005901515008521981,0.26
X000103397,2026-01-24 01:34:04,C000870,A0000870,M00640,T01025,Midwest,Midwest,49.55,USD,card_present,wallet_biometric,approved,APPROVE,49.0,1.0112244897959184,1,1,0,0,0,0,0,0,128,10,12,26,terminal_customer_network_burst;night_activity,0.26,0.008430220518558218,0.26
X000099210,2026-01-24 01:34:05,C000832,A0000832,M00388,T00170,Midwest,Midwest,41.85,USD,ecommerce,chip_pin,approved,APPROVE,28.61,1.4627752534078995,1,1,0,1,0,0,0,3,63,10,10,26,terminal_customer_network_burst;night_activity,0.26,0.012005776034301656,0.26
X000041517,2026-01-24 01:34:12,C000351,A0000351,M00553,T01122,West,West,42.93,USD,ecommerce,chip_pin,approved,APPROVE,48.43,0.8864340284947346,1,1,0,1,0,0,0,3,47,4,20,8,night_activity,0.08,0.0052327795862486,0.08
X000160135,2026-01-24 01:34:13,C001321,A0001321,M00038,T00874,South,South,22.56,USD,ecommerce,3ds,approved,APPROVE,48.21,0.46795270690728064,1,1,0,1,0,0,0,1,258,20,10,26,terminal_customer_network_burst;night_activity,0.26,0.02091810333339274,0.26
X000200824,2026-01-24 01:35:12,C001645,A0001645,M00191,T00491,Midwest,Midwest,125.36,USD,card_present,chip_pin,approved,APPROVE,71.08,1.7636465953854812,1,1,0,0,0,0,0,3,34,4,13,8,night_activity,0.08,0.007151713389691898,0.08
X000136630,2026-01-24 01:35:54,C001124,A0001124,M00030,T00879,West,West,51.24,USD,card_present,wallet_biometric,soft_decline,CHALLENGE,39.79,1.2877607439055039,1,1,1,0,0,0,0,0,47,11,10,34,terminal_customer_network_burst;night_activity;authentication_soft_decline,0.34,0.03822945483087404,0.34
X000104283,2026-01-24 01:36:11,C000878,A0000878,M00094,T00737,South,South,100.73,USD,card_present,wallet_biometric,approved,APPROVE,146.02,0.6898370086289549,1,1,0,0,0,0,0,2,251,17,23,26,terminal_customer_network_burst;night_activity,0.26,0.014082243842942065,0.26
X000090452,2026-01-24 01:36:18,C000757,A0000757,M00779,T00146,South,South,19.74,USD,card_present,wallet_biometric,approved,APPROVE,41.63,0.47417727600288245,1,1,0,0,0,0,0,2,222,16,11,26,terminal_customer_network_burst;night_activity,0.26,0.013961521229816832,0.26
X000071510,2026-01-24 01:37:37,C000607,A0000607,M00730,T00009,West,West,293.55,USD,card_present,3ds,approved,APPROVE,158.41,1.8531027081623637,1,1,0,0,0,0,0,0,40,5,20,8,night_activity,0.08,0.006140362034332417,0.08
X000001586,2026-01-24 01:37:52,C000015,A0000015,M00784,T00354,South,South,61.81,USD,card_present,chip_pin,approved,APPROVE,115.21,0.5364985678326535,1,1,0,0,0,0,0,9,148,10,51,51,customer_velocity;terminal_customer_network_burst;night_activity,0.51,0.006353277124696728,0.51
X000122532,2026-01-24 01:38:03,C001016,A0001016,M00326,T00288,Northeast,Northeast,38.9,USD,card_present,chip_pin,approved,APPROVE,27.66,1.4063629790310919,1,1,0,0,0,0,0,1,105,13,18,26,terminal_customer_network_burst;night_activity,0.26,0.011223287572933163,0.26
X000233660,2026-01-24 01:38:18,C001905,A0001905,M00763,T00455,South,South,33.31,USD,ecommerce,3ds,approved,APPROVE,37.47,0.8889778489458234,1,1,0,1,0,0,0,0,100,5,23,8,night_activity,0.08,0.004982494455495731,0.08
X000163042,2026-01-24 01:38:25,C001345,A0001345,M00695,T00203,Midwest,Midwest,129.11,USD,mobile_wallet,3ds,approved,APPROVE,169.46,0.7618907116723711,1,1,0,0,0,1,0,6,95,10,31,51,customer_velocity;terminal_customer_network_burst;night_activity,0.51,0.010480663340797095,0.51
X000044142,2026-01-24 01:38:33,C000375,A0000375,M00196,T00915,Midwest,Midwest,34.02,USD,card_present,3ds,approved,APPROVE,28.75,1.183304347826087,1,1,0,0,0,0,0,3,72,16,15,26,terminal_customer_network_burst;night_activity,0.26,0.014221408823241844,0.26
X000110656,2026-01-24 01:38:46,C000924,A0000924,M00258,T00943,West,West,724.95,USD,ecommerce,3ds,approved,APPROVE,329.64,2.199217327994176,1,1,0,1,0,0,0,3,73,7,27,8,night_activity,0.08,0.009840595551018365,0.08
X000159641,2026-01-24 01:38:53,C001316,A0001316,M00798,T01060,Northeast,Northeast,96.2,USD,card_present,wallet_biometric,approved,APPROVE,78.19,1.2303363601483566,1,1,0,0,0,0,0,3,141,10,15,26,terminal_customer_network_burst;night_activity,0.26,0.010407159710990462,0.26
X000039138,2026-01-24 01:38:57,C000333,A0000333,M00615,T00560,Midwest,Midwest,30.61,USD,mobile_wallet,magstripe,approved,APPROVE,85.49,0.3580535735173705,1,1,0,0,1,1,0,6,95,10,0,66,customer_velocity;new_customer_terminal_pair;terminal_customer_network_burst;night_activity,0.66,0.026106685863954777,0.66
X000100920,2026-01-24 01:39:15,C000850,A0000850,M00706,T00409,Northeast,Northeast,224.15,USD,ecommerce,3ds,approved,APPROVE,158.88,1.410813192346425,1,1,0,1,0,0,0,4,123,11,31,26,terminal_customer_network_burst;night_activity,0.26,0.010542432802193457,0.26
X000111165,2026-01-24 01:39:35,C000927,A0000927,M00544,T00846,South,South,31.97,USD,ecommerce,chip_pin,approved,APPROVE,58.94,0.5424160162877503,1,1,0,1,0,0,0,2,140,14,9,26,terminal_customer_network_burst;night_activity,0.26,0.012440324217082762,0.26
X000189133,2026-01-24 01:39:46,C001554,A0001554,M00222,T00844,South,South,48.5,USD,card_present,3ds,approved,APPROVE,54.64,0.887628111273792,1,1,0,0,0,0,0,0,110,12,14,26,terminal_customer_network_burst;night_activity,0.26,0.008785035927748219,0.26
X000064974,2026-01-24 01:40:01,C000551,A0000551,M00445,T00021,Northeast,Northeast,554.76,USD,mobile_wallet,3ds,approved,APPROVE,293.22,1.8919582565991404,1,1,0,0,0,1,0,3,132,9,26,26,terminal_customer_network_burst;night_activity,0.26,0.014415019866522816,0.26
X000116597,2026-01-24 01:40:25,C000967,A0000967,M00483,T00465,West,West,40.11,USD,card_present,chip_pin,approved,APPROVE,46.01,0.8717670071723539,1,1,0,0,0,0,0,0,48,6,10,8,night_activity,0.08,0.00545400864708003,0.08
X000042414,2026-01-24 01:41:21,C000359,A0000359,M00377,T00901,Northeast,Midwest,39.02,USD,card_present,wallet_biometric,approved,APPROVE,55.06,0.7086814384308028,1,1,0,0,0,0,1,3,105,7,0,35,new_customer_terminal_pair;night_activity;home_region_mismatch,0.35,0.06555608397696328,0.35
X000073115,2026-01-24 01:41:36,C000618,A0000618,M00745,T00255,Northeast,Northeast,54.15,USD,ecommerce,chip_pin,approved,APPROVE,59.7,0.907035175879397,1,1,0,1,0,0,0,0,25,7,4,8,night_activity,0.08,0.006967484545257959,0.08
X000001956,2026-01-24 01:42:16,C000017,A0000017,M00111,T01015,Midwest,Midwest,21.54,USD,card_present,chip_pin,approved,APPROVE,41.92,0.5138358778625953,1,1,0,0,0,0,0,0,144,12,9,26,terminal_customer_network_burst;night_activity,0.26,0.00872950961029421,0.26
X000042533,2026-01-24 01:43:20,C000360,A0000360,M00445,T00086,Northeast,Northeast,42.14,USD,card_present,wallet_biometric,approved,APPROVE,42.92,0.9818266542404473,1,1,0,0,0,0,0,2,150,13,14,26,terminal_customer_network_burst;night_activity,0.26,0.01155026219212093,0.26
X000155862,2026-01-24 01:43:28,C001283,A0001283,M00148,T01086,Midwest,Midwest,118.5,USD,card_present,3ds,approved,APPROVE,278.26,0.4258607058147057,1,1,0,0,0,0,0,5,130,11,22,51,customer_velocity;terminal_customer_network_burst;night_activity,0.51,0.008153938239006795,0.51
X000220668,2026-01-24 01:43:35,C001800,A0001800,M00168,T00981,Northeast,Northeast,107.99,USD,mobile_wallet,wallet_biometric,approved,APPROVE,186.73,0.578321640871847,1,1,0,0,0,1,0,6,153,12,54,51,customer_velocity;terminal_customer_network_burst;night_activity,0.51,0.008645535385257041,0.51
X000210934,2026-01-24 01:43:59,C001720,A0001720,M00556,T00223,South,South,24.86,USD,card_present,magstripe,approved,APPROVE,45.82,0.5425578350065473,1,1,0,0,1,0,0,3,123,9,15,26,terminal_customer_network_burst;night_activity,0.26,0.013087086506814548,0.26
X000214391,2026-01-24 01:44:24,C001751,A0001751,M00524,T00477,South,West,92.01,USD,card_present,3ds,approved,APPROVE,69.61,1.3217928458554806,1,1,0,0,0,0,1,0,63,9,0,53,new_customer_terminal_pair;terminal_customer_network_burst;night_activity;home_region_mismatch,0.53,0.07535227444760326,0.53
X000060524,2026-01-24 01:44:53,C000515,A0000515,M00708,T00710,West,West,119.3,USD,mobile_wallet,3ds,approved,APPROVE,95.21,1.2530196407940344,1,1,0,0,0,1,0,1,14,5,10,8,night_activity,0.08,0.008227873436988112,0.08
X000159642,2026-01-24 01:44:57,C001316,A0001316,M00798,T01060,Northeast,Northeast,222.77,USD,ecommerce,chip_pin,approved,APPROVE,78.19,2.8490855608134034,1,1,0,1,0,0,0,4,142,10,16,26,terminal_customer_network_burst;night_activity,0.26,0.02153944102523938,0.26
X000158477,2026-01-24 01:45:06,C001304,A0001304,M00778,T01132,South,South,156.47,USD,card_present,chip_pin,approved,APPROVE,145.65,1.0742876759354616,1,1,0,0,0,0,0,4,123,14,0,41,new_customer_terminal_pair;terminal_customer_network_burst;night_activity,0.41,0.017013986941038537,0.41
X000244718,2026-01-24 01:45:18,C001995,A0001995,M00338,T00600,Northeast,Northeast,735.59,USD,card_present,3ds,approved,APPROVE,400.21,1.8380100447265189,1,1,0,0,0,0,0,4,111,8,44,26,terminal_customer_network_burst;night_activity,0.26,0.007181031537781731,0.26
X000122900,2026-01-24 01:45:28,C001019,A0001019,M00365,T00324,South,South,82.74,USD,card_present,3ds,approved,APPROVE,167.99,0.49252931722126314,1,1,0,0,0,0,0,4,153,18,28,26,terminal_customer_network_burst;night_activity,0.26,0.012444433404308166,0.26
X000113031,2026-01-24 01:45:50,C000944,A0000944,M00109,T00548,Northeast,Northeast,428.54,USD,card_present,chip_pin,approved,APPROVE,227.5,1.8836923076923078,1,1,0,0,0,0,0,6,134,13,50,51,customer_velocity;terminal_customer_network_burst;night_activity,0.51,0.011008842725233458,0.51
X000174450,2026-01-24 01:45:52,C001437,A0001437,M00289,T00362,South,South,35.12,USD,card_present,magstripe,approved,APPROVE,41.33,0.8497459472538108,1,1,0,0,1,0,0,3,108,16,13,26,terminal_customer_network_burst;night_activity,0.26,0.02444552491906928,0.26
X000117508,2026-01-24 01:46:07,C000974,A0000974,M00040,T00656,Northeast,Northeast,23.62,USD,card_present,magstripe,approved,APPROVE,34.46,0.685432385374347,1,1,0,0,1,0,0,1,69,8,14,26,terminal_customer_network_burst;night_activity,0.26,0.010797018948099051,0.26
X000019422,2026-01-24 01:47:15,C000168,A0000168,M00394,T00922,South,South,68.73,USD,card_present,chip_pin,approved,APPROVE,54.6,1.2587912087912088,1,1,0,0,0,0,0,2,167,14,17,26,terminal_customer_network_burst;night_activity,0.26,0.013461237937343417,0.26
X000129830,2026-01-24 01:47:16,C001067,A0001067,M00414,T00189,Midwest,Midwest,196.06,USD,card_present,3ds,approved,APPROVE,153.89,1.2740269023328352,1,1,0,0,0,0,0,7,183,17,39,51,customer_velocity;terminal_customer_network_burst;night_activity,0.51,0.015881027770231367,0.51
X000092184,2026-01-24 01:47:35,C000772,A0000772,M00517,T00647,Midwest,Midwest,31.63,USD,mobile_wallet,chip_pin,approved,APPROVE,25.89,1.2217072228659713,1,1,0,0,0,1,0,3,131,11,14,26,terminal_customer_network_burst;night_activity,0.26,0.0157052176271461,0.26
X000042534,2026-01-24 01:47:42,C000360,A0000360,M00445,T00086,Northeast,Northeast,25.49,USD,ecommerce,3ds,approved,APPROVE,42.92,0.5938956197576887,1,1,0,1,0,0,0,3,151,13,15,26,terminal_customer_network_burst;night_activity,0.26,0.011503343752760466,0.26
X000210616,2026-01-24 01:48:12,C001717,A0001717,M00285,T01108,Midwest,Midwest,171.73,USD,ecommerce,3ds,approved,APPROVE,95.87,1.7912798581412328,1,1,0,1,0,0,0,0,149,9,13,26,terminal_customer_network_burst;night_activity,0.26,0.011721952146489353,0.26
X000091731,2026-01-24 01:48:33,C000769,A0000769,M00738,T00002,South,South,408.03,USD,mobile_wallet,magstripe,approved,APPROVE,268.43,1.5200610960026821,1,1,0,0,1,1,0,4,94,11,48,26,terminal_customer_network_burst;night_activity,0.26,0.018311086565643515,0.26
X000000429,2026-01-24 01:48:38,C000005,A0000005,M00457,T00242,Midwest,Midwest,189.63,USD,ecommerce,chip_pin,approved,APPROVE,75.98,2.4957883653593047,1,1,0,1,0,0,0,0,68,10,11,26,terminal_customer_network_burst;night_activity,0.26,0.014851733236609125,0.26
X000234398,2026-01-24 01:48:43,C001911,A0001911,M00454,T00284,West,West,79.91,USD,ecommerce,chip_pin,approved,APPROVE,55.08,1.45079883805374,1,1,0,1,0,0,0,0,67,10,10,26,terminal_customer_network_burst;night_activity,0.26,0.010279707367334153,0.26
X000137510,2026-01-24 01:48:50,C001130,A0001130,M00168,T00944,Northeast,Northeast,45.81,USD,card_present,chip_pin,approved,APPROVE,59.28,0.7727732793522267,1,1,0,0,0,0,0,2,135,11,10,26,terminal_customer_network_burst;night_activity,0.26,0.009623322313101933,0.26
X000021718,2026-01-24 01:48:54,C000187,A0000187,M00087,T00078,South,South,113.63,USD,card_present,magstripe,approved,APPROVE,55.31,2.0544205387814136,1,1,0,0,1,0,0,0,190,12,9,26,terminal_customer_network_burst;night_activity,0.26,0.029242626461863187,0.26
X000229860,2026-01-24 01:49:01,C001873,A0001873,M00243,T00806,South,South,159.14,USD,ecommerce,3ds,soft_decline,CHALLENGE,203.78,0.7809402296594365,1,1,1,1,0,0,0,1,122,10,18,34,terminal_customer_network_burst;night_activity;authentication_soft_decline,0.34,0.03414893198445838,0.34
X000146438,2026-01-24 01:49:06,C001208,A0001208,M00288,T01177,Northeast,Northeast,66.17,USD,card_present,chip_pin,approved,APPROVE,52.39,1.2630272952853598,1,1,0,0,0,0,0,4,138,13,16,26,terminal_customer_network_burst;night_activity,0.26,0.013522326489813476,0.26
X000174650,2026-01-24 01:49:14,C001439,A0001439,M00305,T00675,Northeast,Northeast,72.89,USD,ecommerce,3ds,approved,APPROVE,141.68,0.5144692264257481,1,1,0,1,0,0,0,2,89,7,24,8,night_activity,0.08,0.005401918390796734,0.08
X000199551,2026-01-24 01:50:20,C001636,A0001636,M00321,T01046,Midwest,Midwest,39.27,USD,mobile_wallet,chip_pin,approved,APPROVE,52.67,0.7455857224226315,1,1,0,0,0,1,0,2,94,11,11,26,terminal_customer_network_burst;night_activity,0.26,0.012403972155690729,0.26
X000043088,2026-01-24 01:50:21,C000364,A0000364,M00457,T00242,Midwest,Midwest,25.21,USD,mobile_wallet,chip_pin,approved,APPROVE,55.3,0.45587703435804705,1,1,0,0,0,1,0,4,69,10,17,26,terminal_customer_network_burst;night_activity,0.26,0.010091440874499565,0.26
X000236690,2026-01-24 01:50:29,C001930,A0001930,M00301,T01109,South,South,27.81,USD,ecommerce,chip_pin,approved,APPROVE,32.14,0.8652769135034225,1,1,0,1,0,0,0,1,78,11,7,26,terminal_customer_network_burst;night_activity,0.26,0.010020625141666083,0.26
X000131906,2026-01-24 01:50:35,C001086,A0001086,M00669,T00703,South,South,61.98,USD,ecommerce,wallet_biometric,approved,APPROVE,83.33,0.7437897515900636,1,1,0,1,0,0,0,1,126,8,16,26,terminal_customer_network_burst;night_activity,0.26,0.007202815904049453,0.26
X000189921,2026-01-24 01:50:56,C001561,A0001561,M00544,T00081,South,South,84.64,USD,card_present,chip_pin,soft_decline,CHALLENGE,142.2,0.5952180028129396,1,1,1,0,0,0,0,1,80,11,12,34,terminal_customer_network_burst;night_activity;authentication_soft_decline,0.34,0.03201937883802299,0.34
X000003703,2026-01-24 01:51:15,C000032,A0000032,M00295,T00163,South,South,42.1,USD,mobile_wallet,chip_pin,approved,APPROVE,40.96,1.02783203125,1,1,0,0,0,1,0,0,186,14,10,26,terminal_customer_network_burst;night_activity,0.26,0.01800130907363259,0.26
X000173266,2026-01-24 01:51:18,C001429,A0001429,M00674,T00232,Midwest,Midwest,28.23,USD,mobile_wallet,chip_pin,approved,APPROVE,67.28,0.41958977407847803,1,1,0,0,0,1,0,4,131,10,28,26,terminal_customer_network_burst;night_activity,0.26,0.00922316956071846,0.26
X000152862,2026-01-24 01:52:24,C001257,A0001257,M00696,T00898,Midwest,Midwest,98.94,USD,ecommerce,chip_pin,approved,APPROVE,93.65,1.0564869193806727,1,1,0,1,0,0,0,1,69,7,26,8,night_activity,0.08,0.005878186718711151,0.08
X000046485,2026-01-24 01:53:38,C000390,A0000390,M00428,T00264,West,West,14.98,USD,card_present,chip_pin,approved,APPROVE,23.8,0.6294117647058823,1,1,0,0,0,0,0,2,110,12,15,26,terminal_customer_network_burst;night_activity,0.26,0.008736756409843635,0.26
X000174651,2026-01-24 01:53:44,C001439,A0001439,M00305,T00675,Northeast,Northeast,94.44,USD,card_present,3ds,approved,APPROVE,141.68,0.6665725578769056,1,1,0,0,0,0,0,3,90,7,25,8,night_activity,0.08,0.005370571217888851,0.08
X000157643,2026-01-24 01:54:04,C001296,A0001296,M00615,T00704,Midwest,Midwest,213.34,USD,ecommerce,chip_pin,approved,APPROVE,115.44,1.8480595980595982,1,1,0,1,0,0,0,2,65,4,43,8,night_activity,0.08,0.005065940144816597,0.08
X000044360,2026-01-24 01:54:36,C000376,A0000376,M00494,T01020,West,West,175.38,USD,card_present,3ds,approved,APPROVE,189.71,0.9244636550524484,1,1,0,0,0,0,0,6,69,11,42,51,customer_velocity;terminal_customer_network_burst;night_activity,0.51,0.006862953574777023,0.51
X000159393,2026-01-24 01:54:56,C001313,A0001313,M00682,T00517,Northeast,Northeast,55.58,USD,ecommerce,3ds,approved,APPROVE,49.53,1.1221481930143347,1,1,0,1,0,0,0,2,80,15,7,26,terminal_customer_network_burst;night_activity,0.26,0.015550775710317162,0.26
X000208127,2026-01-24 01:56:43,C001699,A0001699,M00635,T00849,Midwest,Midwest,131.56,USD,card_present,chip_pin,approved,APPROVE,131.03,1.0040448752194153,1,1,0,0,0,0,0,4,67,9,21,26,terminal_customer_network_burst;night_activity,0.26,0.007621153680858933,0.26
X000046158,2026-01-24 01:56:44,C000387,A0000387,M00414,T00189,Midwest,Midwest,9.26,USD,card_present,3ds,soft_decline,CHALLENGE,36.39,0.254465512503435,1,1,1,0,0,0,0,0,184,17,16,34,terminal_customer_network_burst;night_activity;authentication_soft_decline,0.34,0.04528778542662352,0.34
X000189482,2026-01-24 01:57:10,C001557,A0001557,M00253,T01072,South,South,110.75,USD,mobile_wallet,chip_pin,approved,APPROVE,156.55,0.7074417119131268,1,1,0,0,0,1,0,1,110,10,17,26,terminal_customer_network_burst;night_activity,0.26,0.010073316940885556,0.26
X000028427,2026-01-24 01:57:16,C000245,A0000245,M00040,T01012,Northeast,Northeast,77.83,USD,ecommerce,chip_pin,approved,APPROVE,51.2,1.5201171875,1,1,0,1,0,0,0,0,90,15,12,26,terminal_customer_network_burst;night_activity,0.26,0.015217467156559935,0.26
X000182053,2026-01-24 01:57:26,C001499,A0001499,M00391,T00211,Northeast,Northeast,46.69,USD,card_present,wallet_biometric,approved,APPROVE,23.65,1.9742071881606766,1,1,0,0,0,0,0,2,18,2,0,23,new_customer_terminal_pair;night_activity,0.23,0.007580681626121878,0.23
X000032090,2026-01-24 01:57:43,C000272,A0000272,M00619,T00982,West,West,40.68,USD,ecommerce,chip_pin,approved,APPROVE,36.14,1.125622578859989,1,1,0,1,0,0,0,0,78,11,5,26,terminal_customer_network_burst;night_activity,0.26,0.010793462942000029,0.26
X000001587,2026-01-24 01:57:51,C000015,A0000015,M00074,T01036,South,South,86.76,USD,card_present,chip_pin,approved,APPROVE,115.21,0.7530596302404307,1,1,0,0,0,0,0,10,208,20,54,71,customer_velocity;high_customer_velocity;terminal_customer_network_burst;night_activity,0.71,0.01569646170217856,0.71
X000114919,2026-01-24 01:58:01,C000956,A0000956,M00144,T00521,West,West,178.0,USD,ecommerce,magstripe,approved,APPROVE,222.07,0.8015490611068582,1,1,0,1,1,0,0,3,61,7,17,28,ecommerce_authentication_shift;night_activity,0.28,0.012112156003647082,0.28
X000045557,2026-01-24 01:58:17,C000382,A0000382,M00618,T00042,Northeast,Northeast,489.64,USD,card_present,chip_pin,approved,APPROVE,572.35,0.8554905215340263,1,1,0,0,0,0,0,2,94,7,41,8,night_activity,0.08,0.00427298092966178,0.08
X000211952,2026-01-24 01:59:41,C001728,A0001728,M00661,T00141,Northeast,Northeast,64.09,USD,ecommerce,chip_pin,approved,APPROVE,108.82,0.5889542363536115,1,1,0,1,0,0,0,3,88,10,17,26,terminal_customer_network_burst;night_activity,0.26,0.008118031040383658,0.26
X000030923,2026-01-24 01:59:54,C000262,A0000262,M00168,T00020,Northeast,Northeast,35.89,USD,card_present,magstripe,approved,APPROVE,84.93,0.4225833038973272,1,1,0,0,1,0,0,1,72,8,32,26,terminal_customer_network_burst;night_activity,0.26,0.0074294447127194055,0.26
X000117509,2026-01-24 02:00:01,C000974,A0000974,M00297,T00721,Northeast,Northeast,125.45,USD,ecommerce,wallet_biometric,approved,APPROVE,34.46,3.6404526987811954,1,1,0,1,0,0,0,2,124,13,11,56,amount_vs_profile;terminal_customer_network_burst;night_activity,0.56,0.0336507572763768,0.56
X000158359,2026-01-24 02:00:51,C001303,A0001303,M00448,T00142,West,Midwest,121.17,USD,card_present,3ds,approved,APPROVE,179.56,0.6748162174203609,1,1,0,0,0,0,1,1,57,7,0,35,new_customer_terminal_pair;night_activity;home_region_mismatch,0.35,0.05467468600249599,0.35
X000212885,2026-01-24 02:01:38,C001738,A0001738,M00376,T00181,South,South,77.64,USD,ecommerce,chip_pin,approved,APPROVE,50.26,1.5447672105053722,1,1,0,1,0,0,0,3,203,13,17,26,terminal_customer_network_burst;night_activity,0.26,0.017086322727196037,0.26
X000128673,2026-01-24 02:01:49,C001059,A0001059,M00068,T00683,Northeast,Northeast,120.89,USD,ecommerce,chip_pin,approved,APPROVE,58.72,2.0587534059945503,1,1,0,1,0,0,0,3,82,10,13,26,terminal_customer_network_burst;night_activity,0.26,0.014664811660100007,0.26
X000134100,2026-01-24 02:02:01,C001103,A0001103,M00484,T00090,South,South,504.08,USD,ecommerce,chip_pin,approved,APPROVE,279.87,1.8011219494765427,1,1,0,1,0,0,0,1,72,6,46,8,night_activity,0.08,0.005272356980247385,0.08
X000056236,2026-01-24 02:02:08,C000475,A0000475,M00297,T00721,Northeast,Northeast,244.14,USD,card_present,chip_pin,approved,APPROVE,177.62,1.3745073752955748,1,1,0,0,0,0,0,1,125,13,22,26,terminal_customer_network_burst;night_activity,0.26,0.01074637864854534,0.26
X000097155,2026-01-24 02:02:15,C000813,A0000813,M00413,T01078,West,West,45.79,USD,card_present,magstripe,approved,APPROVE,35.05,1.3064194008559202,1,1,0,0,1,0,0,2,74,14,12,26,terminal_customer_network_burst;night_activity,0.26,0.022876302544084442,0.26
X000167212,2026-01-24 02:02:23,C001381,A0001381,M00128,T00044,Northeast,Northeast,332.65,USD,ecommerce,3ds,approved,APPROVE,184.34,1.804545947705327,1,1,0,1,0,0,0,6,74,14,22,51,customer_velocity;terminal_customer_network_burst;night_activity,0.51,0.017921419039170904,0.51
X000019569,2026-01-24 02:02:27,C000169,A0000169,M00393,T00239,Northeast,Northeast,50.55,USD,card_present,chip_pin,approved,APPROVE,40.53,1.247224278312361,1,1,0,0,0,0,0,0,165,12,11,26,terminal_customer_network_burst;night_activity,0.26,0.01143324151725246,0.26
X000179386,2026-01-24 02:02:32,C001476,A0001476,M00667,T00182,Northeast,Northeast,288.85,USD,card_present,magstripe,approved,APPROVE,246.77,1.1705231592170848,1,1,0,0,1,0,0,6,121,8,39,51,customer_velocity;terminal_customer_network_burst;night_activity,0.51,0.012275555612624268,0.51
X000001588,2026-01-24 02:02:55,C000015,A0000015,M00763,T00455,South,South,124.08,USD,mobile_wallet,chip_pin,approved,APPROVE,115.21,1.0769898446315425,1,1,0,0,0,1,0,11,101,5,44,53,customer_velocity;high_customer_velocity;night_activity,0.53,0.00874849055831292,0.53
X000098539,2026-01-24 02:02:56,C000826,A0000826,M00030,T00879,West,West,55.48,USD,ecommerce,chip_pin,approved,APPROVE,29.66,1.870532703978422,1,1,0,1,0,0,0,2,48,11,18,26,terminal_customer_network_burst;night_activity,0.26,0.01226568322079397,0.26
X000129831,2026-01-24 02:03:02,C001067,A0001067,M00211,T01170,Midwest,Midwest,92.9,USD,card_present,magstripe,approved,APPROVE,153.89,0.6036779517837417,1,1,0,0,1,0,0,8,132,8,45,51,customer_velocity;terminal_customer_network_burst;night_activity,0.51,0.010256535132626556,0.51
X000110526,2026-01-24 02:03:42,C000923,A0000923,M00191,T00441,Midwest,Midwest,31.39,USD,card_present,3ds,approved,APPROVE,36.26,0.8656922228350801,1,1,0,0,0,0,0,0,111,11,6,26,terminal_customer_network_burst;night_activity,0.26,0.00919872236980179,0.26
X000040064,2026-01-24 02:03:49,C000340,A0000340,M00565,T01035,Midwest,Midwest,23.53,USD,card_present,chip_pin,approved,APPROVE,71.81,0.3276702409135218,1,1,0,0,0,0,0,4,68,6,29,8,night_activity,0.08,0.004214747047244268,0.08
X000144871,2026-01-24 02:04:21,C001193,A0001193,M00326,T00288,Northeast,Northeast,45.64,USD,card_present,magstripe,approved,APPROVE,50.77,0.8989560764230845,1,1,0,0,1,0,0,3,106,13,14,26,terminal_customer_network_burst;night_activity,0.26,0.019690593560286095,0.26
X000187381,2026-01-24 02:05:21,C001541,A0001541,M00471,T00670,Midwest,Midwest,143.18,USD,card_present,chip_pin,approved,APPROVE,126.44,1.1323948117684277,1,1,0,0,0,0,0,3,167,16,37,26,terminal_customer_network_burst;night_activity,0.26,0.011458573518452751,0.26
X000223913,2026-01-24 02:05:27,C001827,A0001827,M00657,T00743,South,South,42.61,USD,ecommerce,3ds,approved,APPROVE,22.77,1.8713219148001756,1,1,0,1,0,0,0,3,77,12,18,26,terminal_customer_network_burst;night_activity,0.26,0.01453185863455969,0.26
X000000064,2026-01-24 02:05:35,C000001,A0000001,M00556,T00589,South,South,610.61,USD,card_present,chip_pin,approved,APPROVE,215.65,2.831486204498029,1,1,0,0,0,0,0,3,188,16,17,26,terminal_customer_network_burst;night_activity,0.26,0.029897179787549202,0.26
X000171317,2026-01-24 02:05:53,C001412,A0001412,M00240,T00605,Midwest,Midwest,91.03,USD,card_present,magstripe,approved,APPROVE,62.79,1.4497531454053194,1,1,0,0,1,0,0,3,119,11,22,26,terminal_customer_network_burst;night_activity,0.26,0.01876057088130885,0.26
X000056237,2026-01-24 02:05:57,C000475,A0000475,M00297,T00721,Northeast,Northeast,141.44,USD,card_present,3ds,approved,APPROVE,177.62,0.7963067222159667,1,1,0,0,0,0,0,2,126,13,23,26,terminal_customer_network_burst;night_activity,0.26,0.009033389738544461,0.26
X000149184,2026-01-24 02:06:05,C001228,A0001228,M00282,T01131,South,South,127.49,USD,card_present,chip_pin,approved,APPROVE,55.14,2.3121146173376856,1,1,0,0,0,0,0,6,223,19,32,51,customer_velocity;terminal_customer_network_burst;night_activity,0.51,0.030021505959812983,0.51
X000219682,2026-01-24 02:06:51,C001795,A0001795,M00770,T01186,Midwest,Midwest,25.34,USD,ecommerce,chip_pin,approved,APPROVE,69.86,0.3627254509018036,1,1,0,1,0,0,0,1,54,9,13,26,terminal_customer_network_burst;night_activity,0.26,0.006316444133470354,0.26
X000108959,2026-01-24 02:07:12,C000913,A0000913,M00224,T01197,Northeast,Northeast,458.31,USD,ecommerce,chip_pin,approved,APPROVE,132.83,3.4503500715199875,1,1,0,1,0,0,0,3,72,9,30,56,amount_vs_profile;terminal_customer_network_burst;night_activity,0.56,0.01712024531192307,0.56
X000204510,2026-01-24 02:07:39,C001669,A0001669,M00037,T00050,South,West,11.79,USD,card_present,chip_pin,approved,APPROVE,18.02,0.6542730299667037,1,1,0,0,0,0,1,3,82,8,0,53,new_customer_terminal_pair;terminal_customer_network_burst;night_activity;home_region_mismatch,0.53,0.06663925876457491,0.53
X000076608,2026-01-24 02:08:27,C000644,A0000644,M00276,T00665,Northeast,Northeast,48.73,USD,card_present,3ds,approved,APPROVE,41.47,1.1750663129973475,1,1,0,0,0,0,0,1,70,8,9,26,terminal_customer_network_burst;night_activity,0.26,0.00781614744208059,0.26
X000075792,2026-01-24 02:09:33,C000637,A0000637,M00761,T00945,South,South,99.04,USD,card_present,chip_pin,approved,APPROVE,51.12,1.937402190923318,1,1,0,0,0,0,0,1,84,7,11,8,night_activity,0.08,0.009519608571598278,0.08
X000062717,2026-01-24 02:09:45,C000532,A0000532,M00494,T00034,West,West,25.19,USD,card_present,chip_pin,approved,APPROVE,33.01,0.7631020902756741,1,1,0,0,0,0,0,3,71,7,12,8,night_activity,0.08,0.0066284011618025105,0.08
X000154950,2026-01-24 02:09:46,C001277,A0001277,M00123,T00812,Midwest,Midwest,325.2,USD,mobile_wallet,wallet_biometric,approved,APPROVE,129.22,2.5166382912861787,1,1,0,0,0,1,0,2,203,16,18,26,terminal_customer_network_burst;night_activity,0.26,0.035734865963153964,0.26
X000185447,2026-01-24 02:10:32,C001525,A0001525,M00342,T00375,Midwest,Midwest,177.33,USD,card_present,wallet_biometric,approved,APPROVE,133.44,1.3289118705035972,1,1,0,0,0,0,0,3,161,14,35,26,terminal_customer_network_burst;night_activity,0.26,0.01088484851226669,0.26
X000001261,2026-01-24 02:10:38,C000013,A0000013,M00230,T01120,West,West,19.51,USD,card_present,3ds,approved,APPROVE,27.94,0.6982820329277022,1,1,0,0,0,0,0,4,24,8,12,26,terminal_customer_network_burst;night_activity,0.26,0.006823845470136883,0.26
X000242599,2026-01-24 02:10:38,C001980,A0001980,M00782,T00669,Midwest,Midwest,225.75,USD,mobile_wallet,chip_pin,approved,APPROVE,221.06,1.0212159594680177,1,1,0,0,0,1,0,6,98,9,54,51,customer_velocity;terminal_customer_network_burst;night_activity,0.51,0.007508758710455237,0.51
X000227141,2026-01-24 02:11:25,C001852,A0001852,M00130,T00214,South,South,332.6,USD,mobile_wallet,wallet_biometric,approved,APPROVE,160.6,2.0709838107098384,1,1,0,0,0,1,0,5,84,6,35,33,customer_velocity;night_activity,0.33,0.011092592321092765,0.33
X000239673,2026-01-24 02:11:42,C001954,A0001954,M00055,T01044,South,South,183.62,USD,card_present,wallet_biometric,approved,APPROVE,112.96,1.6255311614730878,1,1,0,0,0,0,0,3,205,17,20,26,terminal_customer_network_burst;night_activity,0.26,0.02036153102445305,0.26
X000178294,2026-01-24 02:12:21,C001467,A0001467,M00213,T01006,Northeast,Northeast,39.6,USD,card_present,chip_pin,approved,APPROVE,43.16,0.9175162187210381,1,1,0,0,0,0,0,3,86,17,6,26,terminal_customer_network_burst;night_activity,0.26,0.01631051533611764,0.26
X000180461,2026-01-24 02:12:41,C001483,A0001483,M00393,T00239,Northeast,Northeast,156.45,USD,card_present,chip_pin,approved,APPROVE,259.43,0.6030528466252939,1,1,0,0,0,0,0,2,166,12,33,26,terminal_customer_network_burst;night_activity,0.26,0.007113492845216338,0.26
X000031686,2026-01-24 02:13:05,C000268,A0000268,M00402,T00179,South,South,37.26,USD,card_present,chip_pin,approved,APPROVE,67.99,0.5480217679070452,1,1,0,0,0,0,0,1,103,10,8,26,terminal_customer_network_burst;night_activity,0.26,0.007678029875046649,0.26
X000100653,2026-01-24 02:13:49,C000847,A0000847,M00023,T00099,Midwest,Midwest,29.16,USD,mobile_wallet,wallet_biometric,approved,APPROVE,28.04,1.0399429386590586,1,1,0,0,0,1,0,0,9,3,7,8,night_activity,0.08,0.006489333553933388,0.08
X000172184,2026-01-24 02:14:33,C001420,A0001420,M00020,T00130,South,South,82.67,USD,card_present,chip_pin,approved,APPROVE,88.1,0.9383654937570943,1,1,0,0,0,0,0,0,154,14,24,26,terminal_customer_network_burst;night_activity,0.26,0.009473438864775077,0.26
X000015298,2026-01-24 02:14:42,C000130,A0000130,M00480,T00012,West,West,36.68,USD,card_present,chip_pin,approved,APPROVE,22.53,1.628051486906347,1,1,0,0,0,0,0,1,86,6,18,8,night_activity,0.08,0.007100973835179877,0.08
X000045558,2026-01-24 02:14:50,C000382,A0000382,M00679,T00587,Northeast,Northeast,907.86,USD,card_present,3ds,approved,APPROVE,572.35,1.5861972569232112,1,1,0,0,0,0,0,3,166,10,32,26,terminal_customer_network_burst;night_activity,0.26,0.009443563430492088,0.26
X000168669,2026-01-24 02:14:53,C001395,A0001395,M00681,T00001,West,West,45.99,USD,ecommerce,chip_pin,approved,APPROVE,55.67,0.8261181965151787,1,1,0,1,0,0,0,1,46,6,12,8,night_activity,0.08,0.006036783772604164,0.08
X000048412,2026-01-24 02:15:03,C000406,A0000406,M00650,T01097,Midwest,Midwest,57.59,USD,ecommerce,chip_pin,approved,APPROVE,126.82,0.45410818482889137,1,1,0,1,0,0,0,3,97,11,25,26,terminal_customer_network_burst;night_activity,0.26,0.0074325885393908,0.26
X000115442,2026-01-24 02:15:27,C000959,A0000959,M00604,T01134,Northeast,Northeast,284.56,USD,ecommerce,chip_pin,approved,APPROVE,188.1,1.5128123338649655,1,1,0,1,0,0,0,5,210,15,22,51,customer_velocity;terminal_customer_network_burst;night_activity,0.51,0.02024453497401999,0.51
X000153564,2026-01-24 02:15:30,C001263,A0001263,M00273,T00611,West,West,19.82,USD,ecommerce,chip_pin,approved,APPROVE,46.94,0.4222411589262889,1,1,0,1,0,0,0,1,28,8,8,26,terminal_customer_network_burst;night_activity,0.26,0.006236162077123946,0.26
X000225521,2026-01-24 02:16:17,C001838,A0001838,M00579,T01107,West,West,215.5,USD,mobile_wallet,chip_pin,approved,APPROVE,168.06,1.2822801380459359,1,1,0,0,0,1,0,6,54,8,26,51,customer_velocity;terminal_customer_network_burst;night_activity,0.51,0.011131417819035311,0.51
X000003002,2026-01-24 02:16:24,C000028,A0000028,M00596,T01101,Midwest,Midwest,410.03,USD,ecommerce,chip_pin,approved,APPROVE,126.86,3.2321456723947657,1,1,0,1,0,0,0,3,109,10,31,56,amount_vs_profile;terminal_customer_network_burst;night_activity,0.56,0.017710424624986582,0.56
X000219812,2026-01-24 02:16:27,C001796,A0001796,M00056,T01161,Midwest,Midwest,13.93,USD,mobile_wallet,chip_pin,approved,APPROVE,29.05,0.4795180722891566,1,1,0,0,0,1,0,1,48,6,16,8,night_activity,0.08,0.006389103066100935,0.08
X000134681,2026-01-24 02:16:33,C001105,A0001105,M00030,T00879,West,West,23.41,USD,card_present,chip_pin,approved,APPROVE,28.19,0.8304363249379212,1,1,0,0,0,0,0,1,49,11,9,26,terminal_customer_network_burst;night_activity,0.26,0.008297124875885778,0.26
X000003003,2026-01-24 02:16:58,C000028,A0000028,M00675,T00836,Midwest,Midwest,396.72,USD,ecommerce,3ds,approved,APPROVE,126.86,3.127226864259814,1,1,0,1,0,0,0,4,51,5,32,38,amount_vs_profile;night_activity,0.38,0.011260005001927833,0.38
X000121573,2026-01-24 02:17:24,C001009,A0001009,M00613,T00449,South,South,20.04,USD,card_present,chip_pin,approved,APPROVE,14.28,1.403361344537815,1,1,0,0,0,0,0,2,121,12,7,26,terminal_customer_network_burst;night_activity,0.26,0.013369227982568174,0.26
X000177602,2026-01-24 02:18:09,C001461,A0001461,M00297,T00721,Northeast,Northeast,62.05,USD,ecommerce,chip_pin,approved,APPROVE,251.98,0.24624970235732996,1,1,0,1,0,0,0,2,127,13,28,26,terminal_customer_network_burst;night_activity,0.26,0.007554373793543877,0.26
X000189012,2026-01-24 02:18:15,C001553,A0001553,M00315,T01023,Midwest,Midwest,105.63,USD,mobile_wallet,3ds,approved,APPROVE,52.2,2.0235632183908043,1,1,0,0,0,1,0,0,91,8,10,26,terminal_customer_network_burst;night_activity,0.26,0.01449517349292081,0.26
X000133523,2026-01-24 02:19:08,C001100,A0001100,M00528,T00301,Midwest,Midwest,18.46,USD,card_present,wallet_biometric,approved,APPROVE,33.78,0.5464772054470101,1,1,0,0,0,0,0,8,75,11,47,51,customer_velocity;terminal_customer_network_burst;night_activity,0.51,0.006190505066609207,0.51
X000203959,2026-01-24 02:19:41,C001667,A0001667,M00645,T00905,South,South,176.85,USD,card_present,3ds,approved,APPROVE,187.97,0.9408416236633506,1,1,0,0,0,0,0,3,195,17,43,26,terminal_customer_network_burst;night_activity,0.26,0.01091983570692827,0.26
X000116240,2026-01-24 02:19:49,C000965,A0000965,M00193,T01039,West,West,104.45,USD,ecommerce,3ds,soft_decline,CHALLENGE,147.52,0.7080395878524945,1,1,1,1,0,0,0,4,106,11,23,34,terminal_customer_network_burst;night_activity;authentication_soft_decline,0.34,0.03765241923361754,0.34
X000140260,2026-01-24 02:20:13,C001155,A0001155,M00038,T00813,South,South,195.45,USD,ecommerce,3ds,approved,APPROVE,293.03,0.666996553253933,1,1,0,1,0,0,0,5,141,10,45,51,customer_velocity;terminal_customer_network_burst;night_activity,0.51,0.006489954119917394,0.51
X000217777,2026-01-24 02:20:56,C001778,A0001778,M00700,T00679,Northeast,Northeast,34.15,USD,mobile_wallet,wallet_biometric,approved,APPROVE,38.95,0.876765083440308,1,1,0,0,0,1,0,0,119,11,12,26,terminal_customer_network_burst;night_activity,0.26,0.011992221232032932,0.26
X000226483,2026-01-24 02:21:16,C001845,A0001845,M00302,T00325,Northeast,Northeast,29.31,USD,card_present,wallet_biometric,approved,APPROVE,40.69,0.7203244040304744,1,1,0,0,0,0,0,0,65,7,10,8,night_activity,0.08,0.005697304057653543,0.08
X000227954,2026-01-24 02:21:21,C001857,A0001857,M00354,T00072,Northeast,Northeast,77.47,USD,ecommerce,wallet_biometric,approved,APPROVE,94.68,0.8182298267849598,1,1,0,1,0,0,0,3,80,10,38,26,terminal_customer_network_burst;night_activity,0.26,0.006273584354419725,0.26
X000007507,2026-01-24 02:21:30,C000069,A0000069,M00211,T01170,Midwest,Midwest,40.75,USD,card_present,3ds,approved,APPROVE,40.89,0.9965761799951088,1,1,0,0,0,0,0,3,133,8,27,26,terminal_customer_network_burst;night_activity,0.26,0.006756423191926818,0.26
X000229997,2026-01-24 02:21:54,C001874,A0001874,M00109,T00641,Northeast,Northeast,98.36,USD,ecommerce,3ds,approved,APPROVE,91.3,1.077327491785323,1,1,0,1,0,0,0,0,75,9,6,26,terminal_customer_network_burst;night_activity,0.26,0.008983922497058565,0.26
X000162728,2026-01-24 02:22:09,C001343,A0001343,M00594,T01188,Northeast,Northeast,90.01,USD,card_present,chip_pin,approved,APPROVE,77.13,1.1669907947620901,1,1,0,0,0,0,0,1,207,15,18,26,terminal_customer_network_burst;night_activity,0.26,0.013907073520933587,0.26
X000043881,2026-01-24 02:23:03,C000373,A0000373,M00795,T00576,Northeast,Northeast,51.51,USD,card_present,chip_pin,approved,APPROVE,80.45,0.6402734617775016,1,1,0,0,0,0,0,2,72,11,14,26,terminal_customer_network_burst;night_activity,0.26,0.007812066312165036,0.26
X000040753,2026-01-24 02:23:18,C000346,A0000346,M00219,T00102,Northeast,Northeast,61.93,USD,card_present,chip_pin,approved,APPROVE,74.92,0.8266150560597971,1,1,0,0,0,0,0,4,83,13,0,41,new_customer_terminal_pair;terminal_customer_network_burst;night_activity,0.41,0.013600065679752343,0.41
X000076474,2026-01-24 02:23:19,C000643,A0000643,M00283,T01004,Northeast,Northeast,71.53,USD,card_present,chip_pin,approved,APPROVE,44.49,1.6077770285457407,1,1,0,0,0,0,0,2,96,9,25,26,terminal_customer_network_burst;night_activity,0.26,0.00841214864406976,0.26
X000097902,2026-01-24 02:23:32,C000820,A0000820,M00626,T01083,South,South,143.43,USD,ecommerce,chip_pin,approved,APPROVE,146.86,0.9766444232602478,1,1,0,1,0,0,0,5,104,13,21,51,customer_velocity;terminal_customer_network_burst;night_activity,0.51,0.012443395773937932,0.51
X000082537,2026-01-24 02:23:35,C000692,A0000692,M00007,T00196,South,South,138.92,USD,ecommerce,3ds,approved,APPROVE,71.28,1.9489337822671153,1,1,0,1,0,0,0,0,107,15,9,26,terminal_customer_network_burst;night_activity,0.26,0.019126876106039904,0.26
X000212386,2026-01-24 02:23:55,C001733,A0001733,M00567,T00161,Northeast,Northeast,373.58,USD,mobile_wallet,chip_pin,approved,APPROVE,162.51,2.2988123807765675,1,1,0,0,0,1,0,6,120,15,28,51,customer_velocity;terminal_customer_network_burst;night_activity,0.51,0.028609800066864706,0.51
X000223169,2026-01-24 02:24:03,C001819,A0001819,M00600,T00407,South,South,68.26,USD,mobile_wallet,wallet_biometric,approved,APPROVE,94.36,0.7233997456549386,1,1,0,0,0,1,0,1,130,11,25,26,terminal_customer_network_burst;night_activity,0.26,0.009915412196386314,0.26
X000072635,2026-01-24 02:24:24,C000614,A0000614,M00507,T00639,South,South,478.19,USD,ecommerce,3ds,approved,APPROVE,325.59,1.4686876132559354,1,1,0,1,0,0,0,6,74,9,27,51,customer_velocity;terminal_customer_network_burst;night_activity,0.51,0.010206327583970005,0.51
X000227142,2026-01-24 02:24:45,C001852,A0001852,M00257,T00772,South,South,187.88,USD,card_present,wallet_biometric,approved,APPROVE,160.6,1.16986301369863,1,1,0,0,0,0,0,6,192,17,28,51,customer_velocity;terminal_customer_network_burst;night_activity,0.51,0.017460898332819413,0.51
X000220026,2026-01-24 02:25:09,C001797,A0001797,M00167,T00818,Northeast,Northeast,183.7,USD,ecommerce,3ds,approved,APPROVE,161.59,1.1368277739959154,1,1,0,1,0,0,0,4,93,11,28,26,terminal_customer_network_burst;night_activity,0.26,0.009542286366312375,0.26
X000003704,2026-01-24 02:25:25,C000032,A0000032,M00788,T00018,South,South,16.19,USD,ecommerce,3ds,approved,APPROVE,40.96,0.395263671875,1,1,0,1,0,0,0,1,143,16,6,26,terminal_customer_network_burst;night_activity,0.26,0.013618566223254741,0.26
X000075545,2026-01-24 02:25:25,C000635,A0000635,M00450,T00640,Northeast,Northeast,50.4,USD,card_present,chip_pin,soft_decline,CHALLENGE,92.24,0.546400693842151,1,1,1,0,0,0,0,3,185,9,15,34,terminal_customer_network_burst;night_activity;authentication_soft_decline,0.34,0.03382706393364139,0.34
X000053223,2026-01-24 02:25:33,C000449,A0000449,M00171,T00468,Northeast,Northeast,55.12,USD,ecommerce,chip_pin,approved,APPROVE,67.69,0.8143004875166199,1,1,0,1,0,0,0,5,61,7,22,33,customer_velocity;night_activity,0.33,0.006979313985372245,0.33
X000183542,2026-01-24 02:25:52,C001510,A0001510,M00003,T00787,South,South,86.6,USD,card_present,magstripe,approved,APPROVE,47.26,1.832416419805332,1,1,0,0,1,0,0,1,141,13,9,26,terminal_customer_network_burst;night_activity,0.26,0.02834662002485932,0.26
X000220669,2026-01-24 02:26:22,C001800,A0001800,M00213,T00320,Northeast,Northeast,348.63,USD,ecommerce,chip_pin,approved,APPROVE,186.73,1.8670272586086865,1,1,0,1,0,0,0,6,95,7,54,33,customer_velocity;night_activity,0.33,0.006907597283542535,0.33
X000166118,2026-01-24 02:27:08,C001370,A0001370,M00111,T01015,Midwest,Midwest,65.75,USD,ecommerce,chip_pin,approved,APPROVE,44.69,1.4712463638397852,1,1,0,1,0,0,0,1,145,12,8,26,terminal_customer_network_burst;night_activity,0.26,0.014675903776277973,0.26
X000174108,2026-01-24 02:27:16,C001435,A0001435,M00001,T00955,South,South,246.83,USD,ecommerce,chip_pin,approved,APPROVE,143.1,1.724877707896576,1,1,0,1,0,0,0,8,150,13,41,51,customer_velocity;terminal_customer_network_burst;night_activity,0.51,0.01502468013624622,0.51
X000038075,2026-01-24 02:27:17,C000325,A0000325,M00800,T00448,West,West,53.38,USD,ecommerce,wallet_biometric,approved,APPROVE,28.62,1.86512928022362,1,1,0,1,0,0,0,1,45,6,8,8,night_activity,0.08,0.009400681473536931,0.08
X000015608,2026-01-24 02:27:34,C000133,A0000133,M00299,T01117,Northeast,Northeast,49.96,USD,ecommerce,3ds,approved,APPROVE,51.04,0.9788401253918496,1,1,0,1,0,0,0,4,59,8,18,26,terminal_customer_network_burst;night_activity,0.26,0.008032498230020647,0.26
X000189829,2026-01-24 02:28:58,C001560,A0001560,M00292,T00447,South,South,55.83,USD,ecommerce,chip_pin,approved,APPROVE,24.45,2.283435582822086,1,1,0,1,0,0,0,2,62,9,7,26,terminal_customer_network_burst;night_activity,0.26,0.01496398880066131,0.26
X000239924,2026-01-24 02:29:25,C001956,A0001956,M00791,T00304,South,South,38.14,USD,card_present,chip_pin,approved,APPROVE,44.53,0.8565012351223894,1,1,0,0,0,0,0,1,175,12,0,41,new_customer_terminal_pair;terminal_customer_network_burst;night_activity,0.41,0.012592640460731448,0.41
X000069305,2026-01-24 02:29:32,C000589,A0000589,M00173,T01167,South,South,148.48,USD,mobile_wallet,3ds,approved,APPROVE,211.98,0.7004434380601944,1,1,0,0,0,1,0,2,114,8,34,26,terminal_customer_network_burst;night_activity,0.26,0.0070550035334016005,0.26
X000222507,2026-01-24 02:30:03,C001813,A0001813,M00135,T00646,Midwest,Midwest,408.87,USD,card_present,chip_pin,approved,APPROVE,190.87,2.1421386283858124,1,1,0,0,0,0,0,0,92,10,31,26,terminal_customer_network_burst;night_activity,0.26,0.008966433248285955,0.26
X000202882,2026-01-24 02:30:45,C001661,A0001661,M00146,T00711,Northeast,Northeast,37.69,USD,card_present,3ds,approved,APPROVE,38.15,0.9879423328964613,1,1,0,0,0,0,0,0,52,11,8,26,terminal_customer_network_burst;night_activity,0.26,0.00851269163906921,0.26
X000013299,2026-01-24 02:31:13,C000115,A0000115,M00615,T01067,Midwest,Midwest,39.03,USD,mobile_wallet,chip_pin,approved,APPROVE,73.53,0.5308037535699714,1,1,0,0,0,1,0,4,113,12,34,26,terminal_customer_network_burst;night_activity,0.26,0.00983906903322591,0.26
X000139523,2026-01-24 02:31:29,C001150,A0001150,M00461,T00958,South,West,84.45,USD,card_present,chip_pin,approved,APPROVE,54.96,1.5365720524017468,1,1,0,0,0,0,1,3,53,8,0,53,new_customer_terminal_pair;terminal_customer_network_burst;night_activity;home_region_mismatch,0.53,0.08642957261369545,0.53
X000231818,2026-01-24 02:32:31,C001891,A0001891,M00604,T01134,Northeast,Northeast,139.17,USD,card_present,3ds,approved,APPROVE,85.63,1.6252481606913465,1,1,0,0,0,0,0,0,211,15,15,26,terminal_customer_network_burst;night_activity,0.26,0.016447805453979808,0.26
X000162530,2026-01-24 02:34:37,C001342,A0001342,M00549,T00456,South,South,172.0,USD,ecommerce,wallet_biometric,approved,APPROVE,177.7,0.9679234665166011,1,1,0,1,0,0,0,3,203,20,28,26,terminal_customer_network_burst;night_activity,0.26,0.019354610379489993,0.26
X000183443,2026-01-24 02:34:37,C001509,A0001509,M00011,T01040,West,West,6.08,USD,ecommerce,wallet_biometric,approved,APPROVE,25.62,0.23731459797033566,1,1,0,1,0,0,0,3,42,7,16,8,night_activity,0.08,0.005421571092371646,0.08
X000099820,2026-01-24 02:35:10,C000839,A0000839,M00570,T01153,South,West,21.26,USD,mobile_wallet,3ds,approved,APPROVE,27.92,0.7614613180515759,1,1,0,0,0,1,1,0,15,6,0,35,new_customer_terminal_pair;night_activity;home_region_mismatch,0.35,0.0651616359862614,0.35
X000201651,2026-01-24 02:35:19,C001650,A0001650,M00566,T00559,West,West,385.32,USD,ecommerce,chip_pin,approved,APPROVE,267.79,1.4388886814294781,1,1,0,1,0,0,0,10,71,8,56,71,customer_velocity;high_customer_velocity;terminal_customer_network_burst;night_activity,0.71,0.007314866305460388,0.71
X000131023,2026-01-24 02:35:58,C001078,A0001078,M00002,T00312,Northeast,Northeast,41.37,USD,card_present,magstripe,approved,APPROVE,48.16,0.8590116279069767,1,1,0,0,1,0,0,2,75,10,13,26,terminal_customer_network_burst;night_activity,0.26,0.014367238983848106,0.26
X000232966,2026-01-24 02:35:58,C001899,A0001899,M00296,T00758,South,South,51.97,USD,card_present,3ds,approved,APPROVE,33.97,1.5298793052693553,1,1,0,0,0,0,0,3,40,7,11,8,night_activity,0.08,0.008506855158100587,0.08
X000211371,2026-01-24 02:36:20,C001724,A0001724,M00086,T00198,Northeast,Midwest,234.41,USD,card_present,chip_pin,approved,APPROVE,61.45,3.8146460537021967,1,1,0,0,0,0,1,0,69,7,0,65,amount_vs_profile;new_customer_terminal_pair;night_activity;home_region_mismatch,0.65,0.15160312412434454,0.65
X000168566,2026-01-24 02:36:45,C001394,A0001394,M00082,T00557,Northeast,Northeast,47.61,USD,mobile_wallet,3ds,approved,APPROVE,52.48,0.907202743902439,1,1,0,0,0,1,0,3,104,10,9,26,terminal_customer_network_burst;night_activity,0.26,0.013508786977994647,0.26
X000196990,2026-01-24 02:37:03,C001618,A0001618,M00756,T00999,West,West,45.87,USD,card_present,chip_pin,approved,APPROVE,140.56,0.3263375071143995,1,1,0,0,0,0,0,2,111,8,32,26,terminal_customer_network_burst;night_activity,0.26,0.004474838676270454,0.26
X000145217,2026-01-24 02:37:27,C001195,A0001195,M00251,T00619,West,West,39.87,USD,ecommerce,chip_pin,approved,APPROVE,24.02,1.6598667776852623,1,1,0,1,0,0,0,1,42,7,10,8,night_activity,0.08,0.00904628184368797,0.08
X000017262,2026-01-24 02:37:39,C000148,A0000148,M00608,T00219,South,South,44.32,USD,card_present,3ds,approved,APPROVE,72.66,0.6099642169006331,1,1,0,0,0,0,0,1,204,15,16,26,terminal_customer_network_burst;night_activity,0.26,0.011651517520665596,0.26
X000108045,2026-01-24 02:37:53,C000904,A0000904,M00615,T01067,Midwest,Midwest,123.22,USD,ecommerce,3ds,approved,APPROVE,182.31,0.6758817398935878,1,1,0,1,0,0,0,1,114,12,28,26,terminal_customer_network_burst;night_activity,0.26,0.007647908169834611,0.26
X000043450,2026-01-24 02:38:33,C000368,A0000368,M00782,T00669,Midwest,Midwest,31.71,USD,card_present,chip_pin,approved,APPROVE,48.53,0.6534102616937977,1,1,0,0,0,0,0,3,99,9,11,26,terminal_customer_network_burst;night_activity,0.26,0.007814101254460299,0.26
X000207186,2026-01-24 02:38:45,C001690,A0001690,M00453,T00940,South,South,56.04,USD,card_present,wallet_biometric,approved,APPROVE,40.07,1.3985525330671325,1,1,0,0,0,0,0,2,210,17,14,26,terminal_customer_network_burst;night_activity,0.26,0.019688581892794835,0.26
X000197816,2026-01-24 02:38:53,C001623,A0001623,M00453,T00831,South,South,83.16,USD,card_present,magstripe,approved,APPROVE,107.7,0.7721448467966573,1,1,0,0,1,0,0,4,177,16,21,26,terminal_customer_network_burst;night_activity,0.26,0.02456757652994323,0.26
