Transaction_ID,Timestamp,Customer_ID,Account_ID,Merchant_ID,Terminal_ID,Customer_Region,Merchant_Region,Amount,Currency,Channel,Auth_Type,Auth_Result,Incumbent_Decision,Typical_Spend,Amount_To_Typical_Spend,Is_Night,Is_Weekend,Auth_Soft_Decline,Is_Ecommerce,Is_Magstripe,Is_Mobile_Wallet,Region_Mismatch,Tx_Count_Prior_24h,Terminal_Prior_Tx_Count,Terminal_Prior_Distinct_Customers,Customer_Terminal_Prior_Count,Rule_Score,Rule_Reasons,Rule_Risk,Model_Score,Hybrid_Score
X000069300,2026-01-22 21:34:01,C000589,A0000589,M00087,T00716,South,South,75.02,USD,card_present,chip_pin,approved,APPROVE,211.98,0.3539013114444759,0,0,0,0,0,0,0,5,170,12,30,43,customer_velocity;terminal_customer_network_burst,0.43,0.00856928511264215,0.43
X000037044,2026-01-22 21:35:22,C000317,A0000317,M00682,T00517,Midwest,Northeast,18.2,USD,card_present,chip_pin,approved,APPROVE,33.03,0.5510142294883439,0,0,0,0,0,0,1,4,78,14,0,45,new_customer_terminal_pair;terminal_customer_network_burst;home_region_mismatch,0.45,0.10691668553384126,0.45
X000054785,2026-01-22 21:35:25,C000463,A0000463,M00288,T00279,Northeast,Northeast,12.79,USD,card_present,chip_pin,approved,APPROVE,13.75,0.9301818181818181,0,0,0,0,0,0,0,2,83,8,10,18,terminal_customer_network_burst,0.18,0.008085631270347136,0.18
X000154022,2026-01-22 21:36:44,C001267,A0001267,M00231,T00811,South,South,124.08,USD,ecommerce,wallet_biometric,approved,APPROVE,58.36,2.1261137765592872,0,0,0,1,0,0,0,4,106,12,15,18,terminal_customer_network_burst,0.18,0.019656551086752166,0.18
X000054059,2026-01-22 21:37:01,C000458,A0000458,M00168,T00020,Northeast,Northeast,59.84,USD,card_present,wallet_biometric,approved,APPROVE,49.08,1.219233903830481,0,0,0,0,0,0,0,3,70,8,8,18,terminal_customer_network_burst,0.18,0.009581971815038958,0.18
X000087034,2026-01-22 21:37:41,C000729,A0000729,M00726,T00968,Northeast,Northeast,42.34,USD,ecommerce,chip_pin,approved,APPROVE,47.28,0.8955160744500846,0,0,0,1,0,0,0,3,72,12,10,18,terminal_customer_network_burst,0.18,0.012226896850154571,0.18
X000101168,2026-01-22 21:37:42,C000851,A0000851,M00066,T00171,West,West,759.02,USD,mobile_wallet,chip_pin,approved,APPROVE,554.65,1.368466600558911,0,0,0,0,0,1,0,2,71,5,25,0,,0.0,0.008348645647258061,0.008348645647258061
X000104763,2026-01-22 21:37:52,C000882,A0000882,M00070,T00004,Northeast,Northeast,35.34,USD,ecommerce,wallet_biometric,approved,APPROVE,26.23,1.3473122378955396,0,0,0,1,0,0,0,2,118,12,15,18,terminal_customer_network_burst,0.18,0.013587243432412082,0.18
X000033167,2026-01-22 21:38:14,C000281,A0000281,M00123,T00812,Northeast,Midwest,63.82,USD,card_present,chip_pin,approved,APPROVE,47.09,1.3552771289021022,0,0,0,0,0,0,1,0,194,14,0,45,new_customer_terminal_pair;terminal_customer_network_burst;home_region_mismatch,0.45,0.13516603542519778,0.45
X000217597,2026-01-22 21:38:26,C001777,A0001777,M00198,T00247,Midwest,Midwest,124.86,USD,card_present,3ds,approved,APPROVE,197.68,0.6316268717118575,0,0,0,0,0,0,0,4,96,9,26,18,terminal_customer_network_burst,0.18,0.0068715216618262034,0.18
X000053216,2026-01-22 21:38:46,C000449,A0000449,M00594,T00841,Northeast,Northeast,75.19,USD,ecommerce,chip_pin,approved,APPROVE,67.69,1.1107992317919928,0,0,0,1,0,0,0,4,25,10,16,18,terminal_customer_network_burst,0.18,0.010209294189545286,0.18
X000172183,2026-01-22 21:38:49,C001420,A0001420,M00768,T00929,South,South,74.52,USD,ecommerce,3ds,approved,APPROVE,88.1,0.8458569807037457,0,0,0,1,0,0,0,4,45,10,23,18,terminal_customer_network_burst,0.18,0.008562079720232499,0.18
X000208534,2026-01-22 21:39:20,C001702,A0001702,M00560,T00180,West,West,236.27,USD,ecommerce,wallet_biometric,approved,APPROVE,260.4,0.9073348694316438,0,0,0,1,0,0,0,8,31,7,0,40,customer_velocity;new_customer_terminal_pair,0.4,0.012176492062206971,0.4
X000237061,2026-01-22 21:40:34,C001934,A0001934,M00790,T00112,Northeast,Northeast,214.2,USD,ecommerce,3ds,approved,APPROVE,164.43,1.3026819923371646,0,0,0,1,0,0,0,3,116,14,30,18,terminal_customer_network_burst,0.18,0.012845401297142576,0.18
X000066606,2026-01-22 21:41:04,C000565,A0000565,M00696,T00129,Midwest,Midwest,39.93,USD,card_present,wallet_biometric,approved,APPROVE,24.38,1.6378178835110746,0,0,0,0,0,0,0,1,82,9,17,18,terminal_customer_network_burst,0.18,0.009572340363822266,0.18
X000082536,2026-01-22 21:41:36,C000692,A0000692,M00007,T00196,South,South,35.94,USD,ecommerce,chip_pin,approved,APPROVE,71.28,0.5042087542087542,0,0,0,1,0,0,0,1,103,15,8,18,terminal_customer_network_burst,0.18,0.012841223472868233,0.18
X000190105,2026-01-22 21:41:37,C001562,A0001562,M00229,T00718,Northeast,Northeast,60.93,USD,ecommerce,wallet_biometric,approved,APPROVE,160.81,0.37889434736645733,0,0,0,1,0,0,0,4,47,5,33,0,,0.0,0.004290306464988464,0.004290306464988464
X000145063,2026-01-22 21:42:56,C001194,A0001194,M00567,T01019,Northeast,Northeast,143.94,USD,card_present,3ds,approved,APPROVE,102.24,1.4078638497652582,0,0,0,0,0,0,0,3,130,11,22,18,terminal_customer_network_burst,0.18,0.01125178115231232,0.18
X000050056,2026-01-22 21:43:11,C000419,A0000419,M00586,T00036,Northeast,Northeast,293.2,USD,card_present,magstripe,approved,APPROVE,131.33,2.232543973197289,0,0,0,0,1,0,0,2,84,11,18,18,terminal_customer_network_burst,0.18,0.02548212009075977,0.18
X000115255,2026-01-22 21:43:47,C000958,A0000958,M00019,T00745,Northeast,Northeast,187.92,USD,ecommerce,chip_pin,approved,APPROVE,118.32,1.588235294117647,0,0,0,1,0,0,0,4,89,11,18,18,terminal_customer_network_burst,0.18,0.013980954258583448,0.18
X000079361,2026-01-22 21:43:51,C000668,A0000668,M00600,T00588,South,South,124.39,USD,card_present,3ds,approved,APPROVE,54.33,2.289526964844469,0,0,0,0,0,0,0,4,88,12,14,18,terminal_customer_network_burst,0.18,0.018669332307839653,0.18
X000213236,2026-01-22 21:44:51,C001741,A0001741,M00679,T00587,Northeast,Northeast,46.16,USD,ecommerce,chip_pin,approved,APPROVE,70.95,0.650599013389711,0,0,0,1,0,0,0,2,160,10,16,18,terminal_customer_network_burst,0.18,0.00956283527121433,0.18
X000045554,2026-01-22 21:45:44,C000382,A0000382,M00618,T00042,Northeast,Northeast,534.82,USD,ecommerce,3ds,approved,APPROVE,572.35,0.9344282344719141,0,0,0,1,0,0,0,4,86,7,39,0,,0.0,0.00588972688249799,0.00588972688249799
X000141563,2026-01-22 21:45:50,C001166,A0001166,M00086,T00198,Midwest,Midwest,126.76,USD,ecommerce,wallet_biometric,approved,APPROVE,52.38,2.420007636502482,0,0,0,1,0,0,0,1,67,7,6,0,,0.0,0.014128960739507193,0.014128960739507193
X000069552,2026-01-22 21:46:03,C000591,A0000591,M00305,T01095,Northeast,Northeast,28.83,USD,ecommerce,3ds,approved,APPROVE,42.51,0.6781933662667607,0,0,0,1,0,0,0,0,57,10,4,18,terminal_customer_network_burst,0.18,0.008955643279438713,0.18
X000219521,2026-01-22 21:46:10,C001793,A0001793,M00305,T00827,Northeast,Northeast,20.21,USD,ecommerce,chip_pin,approved,APPROVE,36.29,0.5569027280242491,0,0,0,1,0,0,0,0,90,9,13,18,terminal_customer_network_burst,0.18,0.007276579581339404,0.18
X000117133,2026-01-22 21:46:14,C000972,A0000972,M00594,T01188,Northeast,Northeast,42.0,USD,ecommerce,3ds,approved,APPROVE,68.08,0.6169212690951822,0,0,0,1,0,0,0,0,199,15,14,18,terminal_customer_network_burst,0.18,0.013402695474120731,0.18
X000175261,2026-01-22 21:46:40,C001443,A0001443,M00533,T00261,Northeast,Northeast,38.34,USD,card_present,wallet_biometric,approved,APPROVE,40.18,0.9542060726729718,0,0,0,0,0,0,0,2,120,10,17,18,terminal_customer_network_burst,0.18,0.008953082442784359,0.18
X000030427,2026-01-22 21:46:42,C000260,A0000260,M00500,T00274,Midwest,Midwest,381.61,USD,card_present,wallet_biometric,approved,APPROVE,214.67,1.7776587320072672,0,0,0,0,0,0,0,5,80,5,53,25,customer_velocity,0.25,0.005261538227467321,0.25
X000097437,2026-01-22 21:46:50,C000816,A0000816,M00397,T00682,Midwest,Midwest,89.99,USD,card_present,chip_pin,approved,APPROVE,65.77,1.368253002888855,0,0,0,0,0,0,0,4,44,6,16,0,,0.0,0.00781326768183252,0.00781326768183252
X000196987,2026-01-22 21:47:32,C001618,A0001618,M00351,T00802,West,West,277.17,USD,ecommerce,chip_pin,approved,APPROVE,140.56,1.9718981217985203,0,0,0,1,0,0,0,3,95,11,32,18,terminal_customer_network_burst,0.18,0.012384083542920478,0.18
X000085601,2026-01-22 21:47:33,C000716,A0000716,M00258,T00943,West,West,34.28,USD,card_present,3ds,approved,APPROVE,32.26,1.0626162430254187,0,0,0,0,0,0,0,1,68,7,8,0,,0.0,0.00754979982159639,0.00754979982159639
X000095432,2026-01-22 21:47:54,C000797,A0000797,M00367,T00335,South,South,27.99,USD,card_present,3ds,approved,APPROVE,26.27,1.0654739246288543,0,0,0,0,0,0,0,1,108,10,10,18,terminal_customer_network_burst,0.18,0.00969408040015082,0.18
X000131386,2026-01-22 21:48:03,C001081,A0001081,M00247,T01144,South,South,104.21,USD,card_present,chip_pin,approved,APPROVE,42.79,2.435382098621173,0,0,0,0,0,0,0,2,219,21,8,18,terminal_customer_network_burst,0.18,0.045056826078466734,0.18
X000227134,2026-01-22 21:48:22,C001852,A0001852,M00130,T00214,South,South,236.62,USD,ecommerce,chip_pin,approved,APPROVE,160.6,1.4733499377334995,0,0,0,1,0,0,0,4,81,6,32,0,,0.0,0.007393448653661456,0.007393448653661456
X000220020,2026-01-22 21:48:37,C001797,A0001797,M00732,T00420,Northeast,West,127.28,USD,card_present,wallet_biometric,approved,APPROVE,161.59,0.7876725044866638,0,0,0,0,0,0,1,6,17,5,0,52,customer_velocity;new_customer_terminal_pair;home_region_mismatch,0.52,0.063833340962128,0.52
X000132925,2026-01-22 21:48:59,C001096,A0001096,M00305,T00827,Northeast,Northeast,48.65,USD,card_present,chip_pin,approved,APPROVE,37.28,1.304989270386266,0,0,0,0,0,0,0,2,91,9,13,18,terminal_customer_network_burst,0.18,0.00963858023108358,0.18
X000160207,2026-01-22 21:49:06,C001322,A0001322,M00251,T00069,West,West,70.69,USD,ecommerce,chip_pin,approved,APPROVE,56.36,1.2542583392476934,0,0,0,1,0,0,0,1,61,8,12,18,terminal_customer_network_burst,0.18,0.008946164229063806,0.18
X000028425,2026-01-22 21:49:12,C000245,A0000245,M00677,T00293,Northeast,Northeast,64.75,USD,card_present,magstripe,approved,APPROVE,51.2,1.2646484375,0,0,0,0,1,0,0,2,52,9,11,18,terminal_customer_network_burst,0.18,0.016490137945398126,0.18
X000164392,2026-01-22 21:49:26,C001355,A0001355,M00459,T00795,Northeast,Northeast,184.7,USD,mobile_wallet,chip_pin,approved,APPROVE,213.19,0.8663633378676298,0,0,0,0,0,1,0,1,124,10,23,18,terminal_customer_network_burst,0.18,0.010618240250616133,0.18
X000018683,2026-01-22 21:49:28,C000160,A0000160,M00397,T00349,Midwest,Midwest,69.81,USD,ecommerce,wallet_biometric,approved,APPROVE,47.76,1.4616834170854272,0,0,0,1,0,0,0,1,65,5,6,0,,0.0,0.008576348467243278,0.008576348467243278
X000137128,2026-01-22 21:49:28,C001127,A0001127,M00560,T00180,West,West,107.27,USD,card_present,chip_pin,approved,APPROVE,244.62,0.4385168833292453,0,0,0,0,0,0,0,4,32,8,25,18,terminal_customer_network_burst,0.18,0.0054740372056055805,0.18
X000003539,2026-01-22 21:50:16,C000031,A0000031,M00240,T00605,Midwest,Midwest,134.73,USD,card_present,chip_pin,approved,APPROVE,124.2,1.084782608695652,0,0,0,0,0,0,0,2,112,11,24,18,terminal_customer_network_burst,0.18,0.008941545217398083,0.18
X000116595,2026-01-22 21:50:50,C000967,A0000967,M00510,T00280,West,West,32.25,USD,ecommerce,3ds,approved,APPROVE,46.01,0.7009345794392524,0,0,0,1,0,0,0,1,46,9,5,18,terminal_customer_network_burst,0.18,0.008564247735759777,0.18
X000180918,2026-01-22 21:51:04,C001487,A0001487,M00797,T00418,South,South,136.03,USD,card_present,3ds,approved,APPROVE,70.38,1.9327934072179598,0,0,0,0,0,0,0,1,110,9,11,18,terminal_customer_network_burst,0.18,0.012229212279414947,0.18
X000216613,2026-01-22 21:51:04,C001771,A0001771,M00365,T00733,South,South,18.89,USD,mobile_wallet,chip_pin,approved,APPROVE,27.71,0.6817033561891014,0,0,0,0,0,1,0,1,137,17,6,18,terminal_customer_network_burst,0.18,0.021893195707451678,0.18
X000156956,2026-01-22 21:51:42,C001291,A0001291,M00295,T00926,South,South,218.8,USD,mobile_wallet,wallet_biometric,approved,APPROVE,200.77,1.0898042536235493,0,0,0,0,0,1,0,5,64,9,14,43,customer_velocity;terminal_customer_network_burst,0.43,0.01386118608343595,0.43
X000177941,2026-01-22 21:51:47,C001464,A0001464,M00248,T00017,South,South,60.84,USD,card_present,wallet_biometric,approved,APPROVE,35.35,1.721074964639321,0,0,0,0,0,0,0,1,117,11,10,18,terminal_customer_network_burst,0.18,0.013435661708639713,0.18
X000127628,2026-01-22 21:51:48,C001052,A0001052,M00335,T00070,South,South,91.72,USD,card_present,3ds,approved,APPROVE,146.14,0.627617353222937,0,0,0,0,0,0,0,7,219,17,41,43,customer_velocity;terminal_customer_network_burst,0.43,0.01373446462973361,0.43
X000196192,2026-01-22 21:51:48,C001612,A0001612,M00798,T01060,Northeast,Northeast,232.89,USD,card_present,chip_pin,approved,APPROVE,157.68,1.4769786910197868,0,0,0,0,0,0,0,3,134,10,18,18,terminal_customer_network_burst,0.18,0.01149423980704534,0.18
X000043446,2026-01-22 21:52:23,C000368,A0000368,M00676,T00051,Midwest,Midwest,16.58,USD,card_present,wallet_biometric,approved,APPROVE,48.53,0.34164434370492475,0,0,0,0,0,0,0,3,163,14,15,18,terminal_customer_network_burst,0.18,0.01111696851391292,0.18
X000196660,2026-01-22 21:52:53,C001615,A0001615,M00219,T00102,Northeast,Northeast,29.85,USD,card_present,magstripe,approved,APPROVE,49.67,0.6009663780954299,0,0,0,0,1,0,0,2,82,13,11,18,terminal_customer_network_burst,0.18,0.01810313850257444,0.18
X000223167,2026-01-22 21:54:03,C001819,A0001819,M00253,T00043,South,South,118.18,USD,card_present,3ds,approved,APPROVE,94.36,1.2524374735057229,0,0,0,0,0,0,0,3,63,7,22,0,,0.0,0.007162696577930827,0.007162696577930827
X000052739,2026-01-22 21:54:42,C000445,A0000445,M00144,T00486,West,West,25.71,USD,ecommerce,chip_pin,approved,APPROVE,54.81,0.4690749863163656,0,0,0,1,0,0,0,0,16,4,7,0,,0.0,0.004791756133490277,0.004791756133490277
X000017663,2026-01-22 21:54:47,C000151,A0000151,M00763,T00601,South,South,58.82,USD,card_present,wallet_biometric,approved,APPROVE,26.79,2.1955953714072414,0,0,0,0,0,0,0,1,153,15,10,18,terminal_customer_network_burst,0.18,0.02251768891499682,0.18
X000227950,2026-01-22 21:54:56,C001857,A0001857,M00354,T00072,Northeast,Northeast,121.19,USD,ecommerce,3ds,approved,APPROVE,94.68,1.2799957752429234,0,0,0,1,0,0,0,3,74,10,35,18,terminal_customer_network_burst,0.18,0.008255295535466757,0.18
X000041022,2026-01-22 21:55:04,C000348,A0000348,M00778,T01132,South,South,74.35,USD,card_present,chip_pin,approved,APPROVE,38.38,1.9372068785825949,0,0,0,0,0,0,0,0,117,14,11,18,terminal_customer_network_burst,0.18,0.01688041919340346,0.18
X000139956,2026-01-22 21:55:09,C001154,A0001154,M00031,T00031,South,South,152.23,USD,card_present,3ds,approved,APPROVE,200.38,0.7597065575406727,0,0,0,0,0,0,0,4,129,17,25,18,terminal_customer_network_burst,0.18,0.013775510570960197,0.18
X000234482,2026-01-22 21:55:22,C001912,A0001912,M00379,T01176,South,South,65.08,USD,card_present,wallet_biometric,approved,APPROVE,53.95,1.2063021316033364,0,0,0,0,0,0,0,1,127,13,6,18,terminal_customer_network_burst,0.18,0.013910659368648656,0.18
X000028963,2026-01-22 21:56:20,C000249,A0000249,M00741,T00732,South,South,99.96,USD,card_present,chip_pin,approved,APPROVE,41.23,2.4244482173174875,0,0,0,0,0,0,0,2,94,10,14,18,terminal_customer_network_burst,0.18,0.015435120338854781,0.18
X000123507,2026-01-22 21:56:45,C001023,A0001023,M00499,T00391,Northeast,Northeast,63.9,USD,mobile_wallet,chip_pin,approved,APPROVE,96.87,0.6596469495199752,0,0,0,0,0,1,0,3,62,4,44,0,,0.0,0.004611251817574839,0.004611251817574839
X000184619,2026-01-22 21:57:31,C001521,A0001521,M00587,T00374,South,South,196.56,USD,ecommerce,3ds,approved,APPROVE,233.38,0.8422315536892622,0,0,0,1,0,0,0,8,104,8,20,43,customer_velocity;terminal_customer_network_burst,0.43,0.010465044230313757,0.43
X000030766,2026-01-22 21:57:38,C000261,A0000261,M00720,T00311,Northeast,Northeast,118.78,USD,card_present,3ds,approved,APPROVE,75.95,1.563923633969717,0,0,0,0,0,0,0,0,84,9,14,18,terminal_customer_network_burst,0.18,0.009294570199257932,0.18
X000040748,2026-01-22 21:57:43,C000346,A0000346,M00692,T00191,Northeast,Northeast,52.5,USD,mobile_wallet,chip_pin,approved,APPROVE,74.92,0.700747463961559,0,0,0,0,0,1,0,4,98,13,15,18,terminal_customer_network_burst,0.18,0.015819226902154447,0.18
X000217437,2026-01-22 21:57:47,C001776,A0001776,M00330,T01113,West,West,202.74,USD,card_present,chip_pin,approved,APPROVE,51.93,3.904101675332178,0,0,0,0,0,0,0,2,79,12,11,48,amount_vs_profile;terminal_customer_network_burst,0.48,0.031166003637253966,0.48
X000069918,2026-01-22 21:57:53,C000595,A0000595,M00434,T00133,South,South,23.72,USD,card_present,3ds,approved,APPROVE,30.54,0.776686313032089,0,0,0,0,0,0,0,1,129,11,9,18,terminal_customer_network_burst,0.18,0.009839939819367373,0.18
X000181632,2026-01-22 21:58:08,C001494,A0001494,M00326,T01151,Northeast,Northeast,22.8,USD,card_present,chip_pin,approved,APPROVE,41.44,0.5501930501930502,0,0,0,0,0,0,0,2,93,9,7,18,terminal_customer_network_burst,0.18,0.008052180736705912,0.18
X000186371,2026-01-22 21:58:53,C001532,A0001532,M00523,T00390,Midwest,Midwest,203.5,USD,ecommerce,3ds,approved,APPROVE,163.74,1.2428239892512518,0,0,0,1,0,0,0,2,49,5,21,0,,0.0,0.006430248317057543,0.006430248317057543
X000021072,2026-01-22 21:59:44,C000184,A0000184,M00212,T00443,Midwest,Midwest,46.93,USD,card_present,wallet_biometric,approved,APPROVE,126.84,0.36999369284137495,0,0,0,0,0,0,0,2,89,9,26,18,terminal_customer_network_burst,0.18,0.005557378662818231,0.18
X000191452,2026-01-22 21:59:59,C001571,A0001571,M00299,T00392,Northeast,Northeast,21.99,USD,ecommerce,3ds,approved,APPROVE,34.49,0.6375761090171064,0,0,0,1,0,0,0,3,56,6,0,15,new_customer_terminal_pair,0.15,0.008202985276148296,0.15
X000238019,2026-01-22 22:00:34,C001942,A0001942,M00585,T00052,Midwest,Midwest,96.32,USD,mobile_wallet,chip_pin,approved,APPROVE,103.71,0.928743611994986,0,0,0,0,0,1,0,2,118,13,21,18,terminal_customer_network_burst,0.18,0.014546464944882362,0.18
X000035607,2026-01-22 22:01:00,C000302,A0000302,M00454,T00284,West,West,50.89,USD,ecommerce,3ds,approved,APPROVE,37.04,1.3739200863930885,0,0,0,1,0,0,0,2,63,10,8,18,terminal_customer_network_burst,0.18,0.012164414086253943,0.18
X000028570,2026-01-22 22:01:13,C000246,A0000246,M00696,T00898,Midwest,Midwest,109.37,USD,card_present,magstripe,approved,APPROVE,86.58,1.2632247632247633,0,0,0,0,1,0,0,3,65,7,35,0,,0.0,0.01053810694654331,0.01053810694654331
X000160208,2026-01-22 22:01:14,C001322,A0001322,M00251,T00069,West,West,44.4,USD,card_present,wallet_biometric,approved,APPROVE,56.36,0.7877927608232789,0,0,0,0,0,0,0,2,62,8,13,18,terminal_customer_network_burst,0.18,0.007087048216039094,0.18
X000130137,2026-01-22 22:01:49,C001069,A0001069,M00556,T00589,South,South,34.7,USD,ecommerce,magstripe,approved,APPROVE,51.8,0.66988416988417,0,0,0,1,1,0,0,1,178,16,4,18,terminal_customer_network_burst,0.18,0.031085593428947636,0.18
X000083965,2026-01-22 22:02:01,C000702,A0000702,M00068,T00322,Northeast,Northeast,23.75,USD,mobile_wallet,magstripe,approved,APPROVE,33.84,0.7018321513002364,0,0,0,0,1,1,0,0,120,13,10,18,terminal_customer_network_burst,0.18,0.02556548364208017,0.18
X000106957,2026-01-22 22:02:18,C000896,A0000896,M00685,T00672,Northeast,Northeast,57.79,USD,card_present,chip_pin,approved,APPROVE,147.7,0.39126607989167234,0,0,0,0,0,0,0,4,118,8,14,18,terminal_customer_network_burst,0.18,0.007304232465222575,0.18
X000223909,2026-01-22 22:02:18,C001827,A0001827,M00657,T00743,South,South,11.75,USD,card_present,chip_pin,approved,APPROVE,22.77,0.5160298638559508,0,0,0,0,0,0,0,1,68,11,16,18,terminal_customer_network_burst,0.18,0.007292983760618139,0.18
X000151509,2026-01-22 22:02:23,C001244,A0001244,M00265,T01076,West,West,57.88,USD,card_present,3ds,approved,APPROVE,57.21,1.01171123929383,0,0,0,0,0,0,0,1,73,6,8,0,,0.0,0.00694196434066803,0.00694196434066803
X000183350,2026-01-22 22:04:20,C001508,A0001508,M00055,T01044,South,South,60.65,USD,card_present,3ds,approved,APPROVE,37.12,1.6338900862068966,0,0,0,0,0,0,0,5,194,17,12,43,customer_velocity;terminal_customer_network_burst,0.43,0.026915534524229203,0.43
X000175138,2026-01-22 22:05:33,C001442,A0001442,M00012,T01105,West,West,141.61,USD,card_present,magstripe,approved,APPROVE,79.02,1.7920779549481147,0,0,0,0,1,0,0,2,96,9,6,18,terminal_customer_network_burst,0.18,0.023076638673751582,0.18
X000058051,2026-01-22 22:05:46,C000493,A0000493,M00309,T00916,Northeast,Northeast,64.61,USD,card_present,3ds,approved,APPROVE,104.71,0.6170375322318785,0,0,0,0,0,0,0,1,93,11,17,18,terminal_customer_network_burst,0.18,0.007744244817991656,0.18
X000198300,2026-01-22 22:06:17,C001626,A0001626,M00680,T00949,Midwest,Midwest,134.34,USD,ecommerce,3ds,approved,APPROVE,262.11,0.5125329060318187,0,0,0,1,0,0,0,12,91,10,39,63,customer_velocity;high_customer_velocity;terminal_customer_network_burst,0.63,0.009629712543024077,0.63
X000192291,2026-01-22 22:06:27,C001578,A0001578,M00555,T00877,Midwest,Midwest,46.52,USD,card_present,wallet_biometric,approved,APPROVE,45.1,1.0314855875831486,0,0,0,0,0,0,0,0,37,9,6,18,terminal_customer_network_burst,0.18,0.008059967241681718,0.18
X000025476,2026-01-22 22:06:42,C000217,A0000217,M00795,T00503,Northeast,Northeast,39.74,USD,card_present,3ds,approved,APPROVE,31.74,1.2520478890989288,0,0,0,0,0,0,0,1,77,8,13,18,terminal_customer_network_burst,0.18,0.008161846949644318,0.18
X000019110,2026-01-22 22:06:48,C000165,A0000165,M00800,T00613,West,West,59.22,USD,card_present,3ds,approved,APPROVE,43.52,1.360753676470588,0,0,0,0,0,0,0,1,69,9,13,18,terminal_customer_network_burst,0.18,0.009023898897225545,0.18
X000008243,2026-01-22 22:06:53,C000075,A0000075,M00790,T00112,Northeast,Northeast,42.42,USD,mobile_wallet,wallet_biometric,approved,APPROVE,31.46,1.3483788938334393,0,0,0,0,0,1,0,5,117,14,13,43,customer_velocity;terminal_customer_network_burst,0.43,0.02405067193184436,0.43
X000112319,2026-01-22 22:07:06,C000939,A0000939,M00734,T01137,Midwest,Midwest,35.59,USD,card_present,chip_pin,approved,APPROVE,62.85,0.5662688941925219,0,0,0,0,0,0,0,0,33,5,14,0,,0.0,0.004444550199845006,0.004444550199845006
X000002369,2026-01-22 22:07:12,C000022,A0000022,M00022,T00194,South,South,31.82,USD,ecommerce,3ds,approved,APPROVE,29.61,1.0746369469773724,0,0,0,1,0,0,0,1,126,16,10,18,terminal_customer_network_burst,0.18,0.017067793101341232,0.18
X000198995,2026-01-22 22:07:47,C001630,A0001630,M00396,T00828,West,West,27.9,USD,card_present,3ds,approved,APPROVE,86.33,0.32317850110042856,0,0,0,0,0,0,0,0,31,5,9,0,,0.0,0.004382825674351256,0.004382825674351256
X000190569,2026-01-22 22:08:14,C001565,A0001565,M00416,T00403,West,West,50.27,USD,card_present,3ds,approved,APPROVE,45.34,1.1087340097044551,0,0,0,0,0,0,0,2,125,11,6,18,terminal_customer_network_burst,0.18,0.012195979123207587,0.18
X000078660,2026-01-22 22:08:42,C000662,A0000662,M00365,T00324,South,South,241.83,USD,ecommerce,chip_pin,approved,APPROVE,91.02,2.6568885959129864,0,0,0,1,0,0,0,1,149,18,18,18,terminal_customer_network_burst,0.18,0.031942719707380565,0.18
X000242590,2026-01-22 22:08:52,C001980,A0001980,M00342,T00483,Midwest,Midwest,231.2,USD,ecommerce,wallet_biometric,approved,APPROVE,221.06,1.045869899574776,0,0,0,1,0,0,0,8,161,14,50,43,customer_velocity;terminal_customer_network_burst,0.43,0.011908976608482022,0.43
X000051687,2026-01-22 22:09:04,C000437,A0000437,M00726,T00829,Northeast,Northeast,14.92,USD,ecommerce,chip_pin,approved,APPROVE,21.49,0.6942764076314566,0,0,0,1,0,0,0,0,62,6,9,0,,0.0,0.006269683611440594,0.006269683611440594
X000206700,2026-01-22 22:09:14,C001687,A0001687,M00661,T00801,Northeast,Northeast,257.09,USD,card_present,wallet_biometric,approved,APPROVE,226.33,1.1359077453276187,0,0,0,0,0,0,0,4,70,11,33,18,terminal_customer_network_burst,0.18,0.00823601191648337,0.18
X000207831,2026-01-22 22:09:14,C001696,A0001696,M00395,T00889,Midwest,Midwest,19.97,USD,mobile_wallet,chip_pin,approved,APPROVE,43.27,0.46152068407672747,0,0,0,0,0,1,0,2,77,11,16,18,terminal_customer_network_burst,0.18,0.010766980230137935,0.18
X000163708,2026-01-22 22:09:24,C001349,A0001349,M00205,T00934,South,South,134.6,USD,mobile_wallet,wallet_biometric,approved,APPROVE,146.0,0.921917808219178,0,0,0,0,0,1,0,3,201,15,32,18,terminal_customer_network_burst,0.18,0.016904681126082108,0.18
X000118367,2026-01-22 22:10:11,C000979,A0000979,M00667,T00182,Northeast,Northeast,23.05,USD,mobile_wallet,3ds,approved,APPROVE,67.03,0.34387587647322093,0,0,0,0,0,1,0,0,115,8,9,18,terminal_customer_network_burst,0.18,0.008832250140851912,0.18
X000157192,2026-01-22 22:10:13,C001293,A0001293,M00423,T00628,South,South,219.25,USD,mobile_wallet,3ds,approved,APPROVE,103.07,2.1271951101193367,0,0,0,0,0,1,0,2,45,10,17,18,terminal_customer_network_burst,0.18,0.01724293372173922,0.18
X000143338,2026-01-22 22:10:41,C001181,A0001181,M00652,T00561,West,West,21.27,USD,ecommerce,chip_pin,approved,APPROVE,47.7,0.44591194968553455,0,0,0,1,0,0,0,3,21,6,4,0,,0.0,0.006802174337099405,0.006802174337099405
X000053974,2026-01-22 22:11:36,C000457,A0000457,M00416,T01140,West,West,40.42,USD,ecommerce,3ds,approved,APPROVE,58.8,0.6874149659863946,0,0,0,1,0,0,0,2,51,8,11,18,terminal_customer_network_burst,0.18,0.0076588015705090365,0.18
X000065527,2026-01-22 22:11:44,C000555,A0000555,M00687,T00937,Midwest,Midwest,48.76,USD,ecommerce,3ds,approved,APPROVE,92.42,0.5275914304263146,0,0,0,1,0,0,0,3,58,9,20,18,terminal_customer_network_burst,0.18,0.007186296656727603,0.18
X000185921,2026-01-22 22:11:47,C001528,A0001528,M00179,T00767,Midwest,Midwest,31.38,USD,card_present,3ds,approved,APPROVE,24.88,1.2612540192926045,0,0,0,0,0,0,0,4,61,10,18,18,terminal_customer_network_burst,0.18,0.010002091557538615,0.18
X000153707,2026-01-22 22:12:26,C001264,A0001264,M00578,T01104,Northeast,Northeast,246.56,USD,ecommerce,3ds,approved,APPROVE,202.11,1.2199297412300232,0,0,0,1,0,0,0,3,92,10,24,18,terminal_customer_network_burst,0.18,0.009864345436748072,0.18
X000134953,2026-01-22 22:12:30,C001108,A0001108,M00286,T00067,West,West,74.66,USD,card_present,3ds,approved,APPROVE,97.95,0.7622256253190403,0,0,0,0,0,0,0,0,58,10,9,18,terminal_customer_network_burst,0.18,0.0077392237452840636,0.18
X000076041,2026-01-22 22:12:56,C000639,A0000639,M00488,T00046,Northeast,Northeast,20.99,USD,mobile_wallet,magstripe,approved,APPROVE,45.73,0.4589984692761863,0,0,0,0,1,1,0,4,55,11,19,18,terminal_customer_network_burst,0.18,0.019660812163475105,0.18
X000076471,2026-01-22 22:13:31,C000643,A0000643,M00445,T00021,Northeast,Northeast,38.84,USD,card_present,wallet_biometric,approved,APPROVE,44.49,0.8730051697010565,0,0,0,0,0,0,0,3,124,9,22,18,terminal_customer_network_burst,0.18,0.007921531587582718,0.18
X000189353,2026-01-22 22:14:19,C001556,A0001556,M00377,T00901,Midwest,Midwest,50.07,USD,card_present,wallet_biometric,approved,APPROVE,74.51,0.6719903368675345,0,0,0,0,0,0,0,1,99,7,22,0,,0.0,0.005506247895051917,0.005506247895051917
X000176210,2026-01-22 22:14:28,C001452,A0001452,M00286,T00067,West,West,45.01,USD,card_present,3ds,approved,APPROVE,57.59,0.7815592984893209,0,0,0,0,0,0,0,1,59,10,8,18,terminal_customer_network_burst,0.18,0.008357172502676055,0.18
X000100029,2026-01-22 22:14:47,C000842,A0000842,M00005,T00817,South,South,72.07,USD,ecommerce,chip_pin,approved,APPROVE,48.03,1.5005205080158233,0,0,0,1,0,0,0,2,163,14,9,18,terminal_customer_network_burst,0.18,0.019524798845729004,0.18
X000077059,2026-01-22 22:14:49,C000648,A0000648,M00602,T00692,Northeast,Northeast,37.8,USD,card_present,chip_pin,approved,APPROVE,27.92,1.3538681948424067,0,0,0,0,0,0,0,0,88,6,11,0,,0.0,0.007292797675127968,0.007292797675127968
X000014076,2026-01-22 22:15:38,C000119,A0000119,M00430,T01143,South,South,60.97,USD,mobile_wallet,chip_pin,approved,APPROVE,73.13,0.8337207712293176,0,0,0,0,0,1,0,1,139,12,18,18,terminal_customer_network_burst,0.18,0.013423721916749157,0.18
X000084968,2026-01-22 22:15:42,C000710,A0000710,M00535,T00606,West,West,114.84,USD,card_present,chip_pin,approved,APPROVE,85.75,1.3392419825072888,0,0,0,0,0,0,0,3,159,11,49,18,terminal_customer_network_burst,0.18,0.00751688707562578,0.18
X000069301,2026-01-22 22:15:49,C000589,A0000589,M00087,T00716,South,South,556.31,USD,ecommerce,chip_pin,approved,APPROVE,211.98,2.6243513539013112,0,0,0,1,0,0,0,6,171,12,31,43,customer_velocity;terminal_customer_network_burst,0.43,0.022510259146551533,0.43
X000074986,2026-01-22 22:16:02,C000631,A0000631,M00044,T01081,Northeast,Northeast,326.75,USD,card_present,chip_pin,approved,APPROVE,287.17,1.1378277675244628,0,0,0,0,0,0,0,7,146,15,36,43,customer_velocity;terminal_customer_network_burst,0.43,0.013834006189069152,0.43
X000168667,2026-01-22 22:16:12,C001395,A0001395,M00681,T00001,West,West,70.79,USD,card_present,chip_pin,approved,APPROVE,55.67,1.2716005029638944,0,0,0,0,0,0,0,2,45,6,11,0,,0.0,0.007354260014251803,0.007354260014251803
X000168993,2026-01-22 22:16:28,C001397,A0001397,M00743,T00220,South,South,59.4,USD,ecommerce,magstripe,approved,APPROVE,55.89,1.0628019323671498,0,0,0,1,1,0,0,5,79,12,17,43,customer_velocity;terminal_customer_network_burst,0.43,0.023296377843843218,0.43
X000035120,2026-01-22 22:16:34,C000298,A0000298,M00610,T00995,Midwest,Midwest,204.31,USD,mobile_wallet,chip_pin,approved,APPROVE,164.22,1.2441237364511022,0,0,0,0,0,1,0,5,98,11,28,43,customer_velocity;terminal_customer_network_burst,0.43,0.014357371064606701,0.43
X000133512,2026-01-22 22:17:00,C001100,A0001100,M00380,T01026,Midwest,Midwest,78.56,USD,ecommerce,3ds,approved,APPROVE,33.78,2.325636471284784,0,0,0,1,0,0,0,4,102,12,35,18,terminal_customer_network_burst,0.18,0.01539697597575777,0.18
X000160053,2026-01-22 22:17:01,C001320,A0001320,M00020,T00130,South,South,268.68,USD,mobile_wallet,wallet_biometric,approved,APPROVE,95.39,2.816647447321522,0,0,0,0,0,1,0,2,146,14,8,18,terminal_customer_network_burst,0.18,0.03938093424485533,0.18
X000183439,2026-01-22 22:17:16,C001509,A0001509,M00399,T00567,West,West,46.5,USD,card_present,chip_pin,approved,APPROVE,25.62,1.8149882903981265,0,0,0,0,0,0,0,4,52,6,13,0,,0.0,0.009767927985098956,0.009767927985098956
X000143339,2026-01-22 22:17:21,C001181,A0001181,M00624,T00925,West,West,21.92,USD,card_present,3ds,approved,APPROVE,47.7,0.459538784067086,0,0,0,0,0,0,0,4,17,4,14,0,,0.0,0.004783206413644503,0.004783206413644503
X000150586,2026-01-22 22:17:56,C001239,A0001239,M00596,T01101,Midwest,Midwest,51.67,USD,ecommerce,chip_pin,approved,APPROVE,63.27,0.8166587640271851,0,0,0,1,0,0,0,2,101,9,18,18,terminal_customer_network_burst,0.18,0.008361418219844888,0.18
X000236470,2026-01-22 22:17:58,C001929,A0001929,M00452,T00101,Northeast,Northeast,154.59,USD,card_present,magstripe,approved,APPROVE,150.31,1.0284744860621382,0,0,0,0,1,0,0,5,135,10,46,43,customer_velocity;terminal_customer_network_burst,0.43,0.012521275275312854,0.43
X000073696,2026-01-22 22:18:05,C000623,A0000623,M00227,T00504,Midwest,Midwest,78.35,USD,card_present,wallet_biometric,approved,APPROVE,104.99,0.7462615487189256,0,0,0,0,0,0,0,6,149,11,29,43,customer_velocity;terminal_customer_network_burst,0.43,0.009535357471047059,0.43
X000238435,2026-01-22 22:18:28,C001946,A0001946,M00013,T00686,South,South,117.87,USD,ecommerce,chip_pin,approved,APPROVE,45.22,2.606590004422822,0,0,0,1,0,0,0,0,168,17,24,18,terminal_customer_network_burst,0.18,0.026041919331637898,0.18
X000120717,2026-01-22 22:18:48,C001003,A0001003,M00382,T00976,Midwest,Midwest,93.93,USD,mobile_wallet,chip_pin,approved,APPROVE,103.03,0.9116762108123848,0,0,0,0,0,1,0,2,42,5,14,0,,0.0,0.008021403705610134,0.008021403705610134
X000031329,2026-01-22 22:19:28,C000265,A0000265,M00782,T00669,Midwest,Midwest,32.54,USD,ecommerce,chip_pin,approved,APPROVE,31.53,1.032032984459245,0,0,0,1,0,0,0,2,92,9,17,18,terminal_customer_network_burst,0.18,0.009065231060583517,0.18
X000133027,2026-01-22 22:19:43,C001097,A0001097,M00557,T00649,Northeast,Midwest,20.4,USD,card_present,3ds,approved,APPROVE,49.17,0.41488712629652225,0,0,0,0,0,0,1,0,92,11,0,45,new_customer_terminal_pair;terminal_customer_network_burst;home_region_mismatch,0.45,0.0702168032922527,0.45
X000155712,2026-01-22 22:19:43,C001282,A0001282,M00412,T00974,Northeast,Northeast,37.36,USD,ecommerce,chip_pin,approved,APPROVE,101.36,0.3685872138910813,0,0,0,1,0,0,0,1,90,10,13,18,terminal_customer_network_burst,0.18,0.007697780422735951,0.18
X000041815,2026-01-22 22:20:02,C000354,A0000354,M00446,T00838,South,South,74.04,USD,ecommerce,wallet_biometric,approved,APPROVE,67.53,1.0964015992892049,0,0,0,1,0,0,0,2,96,10,14,18,terminal_customer_network_burst,0.18,0.01052698449383958,0.18
X000093786,2026-01-22 22:20:05,C000786,A0000786,M00789,T00365,Midwest,Midwest,183.86,USD,card_present,chip_pin,approved,APPROVE,167.98,1.0945350636980595,0,0,0,0,0,0,0,5,65,8,21,43,customer_velocity;terminal_customer_network_burst,0.43,0.008228530489463051,0.43
X000139006,2026-01-22 22:20:27,C001145,A0001145,M00706,T00053,Northeast,Northeast,10.84,USD,card_present,3ds,approved,APPROVE,35.44,0.3058690744920993,0,0,0,0,0,0,0,3,100,11,10,18,terminal_customer_network_burst,0.18,0.008655958745755678,0.18
X000029587,2026-01-22 22:20:41,C000254,A0000254,M00139,T00632,Northeast,Northeast,442.89,USD,mobile_wallet,3ds,approved,APPROVE,244.89,1.8085262771040058,0,0,0,0,0,1,0,6,98,7,40,25,customer_velocity,0.25,0.011533969335729057,0.25
X000016814,2026-01-22 22:20:49,C000143,A0000143,M00461,T00258,West,West,22.85,USD,card_present,3ds,approved,APPROVE,40.51,0.5640582572204395,0,0,0,0,0,0,0,2,29,7,10,0,,0.0,0.006044074453885224,0.006044074453885224
X000104279,2026-01-22 22:20:57,C000878,A0000878,M00784,T00354,South,South,212.9,USD,ecommerce,wallet_biometric,approved,APPROVE,146.02,1.4580194493904943,0,0,0,1,0,0,0,5,140,10,28,43,customer_velocity;terminal_customer_network_burst,0.43,0.01208686800775599,0.43
X000192889,2026-01-22 22:20:59,C001584,A0001584,M00680,T00949,Midwest,Midwest,128.61,USD,card_present,magstripe,approved,APPROVE,230.45,0.558082013451942,0,0,0,0,1,0,0,7,92,10,25,43,customer_velocity;terminal_customer_network_burst,0.43,0.015203228845433093,0.43
X000057222,2026-01-22 22:21:07,C000484,A0000484,M00049,T00970,West,West,52.09,USD,card_present,chip_pin,approved,APPROVE,92.9,0.5607104413347686,0,0,0,0,0,0,0,4,17,3,15,0,,0.0,0.004542631714036666,0.004542631714036666
X000006106,2026-01-22 22:21:30,C000056,A0000056,M00074,T00967,South,South,90.99,USD,ecommerce,wallet_biometric,approved,APPROVE,99.33,0.9160374509211718,0,0,0,1,0,0,0,5,150,13,32,43,customer_velocity;terminal_customer_network_burst,0.43,0.011758871760915328,0.43
X000110349,2026-01-22 22:22:07,C000922,A0000922,M00184,T00058,South,South,183.89,USD,ecommerce,wallet_biometric,approved,APPROVE,230.67,0.7971994624355139,0,0,0,1,0,0,0,7,136,15,22,43,customer_velocity;terminal_customer_network_burst,0.43,0.01652551669364695,0.43
X000031330,2026-01-22 22:22:21,C000265,A0000265,M00687,T01115,Midwest,Midwest,40.97,USD,card_present,magstripe,approved,APPROVE,31.53,1.2993973993022518,0,0,0,0,1,0,0,3,80,4,18,0,,0.0,0.011462892692458138,0.011462892692458138
X000148576,2026-01-22 22:22:42,C001225,A0001225,M00376,T00309,South,South,267.04,USD,ecommerce,3ds,approved,APPROVE,171.02,1.5614548006081161,0,0,0,1,0,0,0,5,205,14,50,43,customer_velocity;terminal_customer_network_burst,0.43,0.013152609983416967,0.43
X000175992,2026-01-22 22:22:49,C001450,A0001450,M00575,T00637,West,West,104.74,USD,ecommerce,magstripe,approved,APPROVE,119.11,0.8793552178658383,0,0,0,1,1,0,0,2,40,9,20,18,terminal_customer_network_burst,0.18,0.013504421118402731,0.18
X000210484,2026-01-22 22:22:56,C001716,A0001716,M00333,T00400,Northeast,Midwest,25.46,USD,card_present,wallet_biometric,approved,APPROVE,44.2,0.5760180995475113,0,0,0,0,0,0,1,1,42,9,0,45,new_customer_terminal_pair;terminal_customer_network_burst;home_region_mismatch,0.45,0.06323367333641611,0.45
X000000673,2026-01-22 22:22:58,C000008,A0000008,M00526,T00055,South,South,142.75,USD,card_present,chip_pin,approved,APPROVE,124.57,1.145942040619732,0,0,0,0,0,0,0,3,76,9,14,18,terminal_customer_network_burst,0.18,0.009217320700781186,0.18
X000103129,2026-01-22 22:23:03,C000867,A0000867,M00712,T00064,South,South,45.09,USD,ecommerce,chip_pin,soft_decline,CHALLENGE,56.05,0.8044603033006246,0,0,1,1,0,0,0,2,153,15,8,26,terminal_customer_network_burst;authentication_soft_decline,0.26,0.06664615838346032,0.26
X000234975,2026-01-22 22:23:21,C001916,A0001916,M00662,T00510,Midwest,Midwest,152.16,USD,card_present,3ds,approved,APPROVE,62.11,2.4498470455643213,0,0,0,0,0,0,0,1,46,9,17,18,terminal_customer_network_burst,0.18,0.012192110036303034,0.18
X000129375,2026-01-22 22:25:24,C001064,A0001064,M00758,T00582,Northeast,Northeast,81.64,USD,card_present,3ds,approved,APPROVE,157.04,0.5198675496688742,0,0,0,0,0,0,0,5,147,10,31,43,customer_velocity;terminal_customer_network_burst,0.43,0.007479277574242407,0.43
X000078847,2026-01-22 22:25:46,C000664,A0000664,M00562,T01175,West,West,33.72,USD,ecommerce,chip_pin,approved,APPROVE,35.11,0.9604101395613786,0,0,0,1,0,0,0,1,98,10,10,18,terminal_customer_network_burst,0.18,0.010149446565291629,0.18
X000184036,2026-01-22 22:26:11,C001516,A0001516,M00600,T00588,South,South,146.63,USD,mobile_wallet,wallet_biometric,approved,APPROVE,98.31,1.4915064591598006,0,0,0,0,0,1,0,1,89,12,13,18,terminal_customer_network_burst,0.18,0.01708212316331061,0.18
X000033168,2026-01-22 22:26:17,C000281,A0000281,M00171,T01187,Northeast,Northeast,34.7,USD,mobile_wallet,chip_pin,approved,APPROVE,47.09,0.7368868124867276,0,0,0,0,0,1,0,1,52,9,4,18,terminal_customer_network_burst,0.18,0.011344736948602087,0.18
X000089228,2026-01-22 22:26:50,C000747,A0000747,M00422,T00691,Midwest,Midwest,94.26,USD,card_present,chip_pin,approved,APPROVE,51.44,1.8324261275272165,0,0,0,0,0,0,0,2,49,8,18,18,terminal_customer_network_burst,0.18,0.00942459705245359,0.18
X000073552,2026-01-22 22:27:14,C000622,A0000622,M00477,T00694,West,West,51.67,USD,ecommerce,chip_pin,approved,APPROVE,65.2,0.7924846625766871,0,0,0,1,0,0,0,3,100,12,10,18,terminal_customer_network_burst,0.18,0.012292791060808116,0.18
X000086522,2026-01-22 22:27:18,C000726,A0000726,M00094,T01093,South,South,95.19,USD,ecommerce,3ds,approved,APPROVE,88.57,1.0747431410184036,0,0,0,1,0,0,0,4,110,9,14,18,terminal_customer_network_burst,0.18,0.01101840702403836,0.18
X000065268,2026-01-22 22:27:30,C000553,A0000553,M00745,T00823,Northeast,Northeast,90.58,USD,card_present,3ds,approved,APPROVE,69.68,1.299942594718714,0,0,0,0,0,0,0,2,167,8,15,18,terminal_customer_network_burst,0.18,0.009747197804576604,0.18
X000239027,2026-01-22 22:27:34,C001950,A0001950,M00285,T01108,Midwest,Midwest,36.79,USD,ecommerce,wallet_biometric,approved,APPROVE,26.66,1.3799699924981246,0,0,0,1,0,0,0,3,141,8,11,18,terminal_customer_network_burst,0.18,0.011951858643748321,0.18
X000126095,2026-01-22 22:27:39,C001039,A0001039,M00168,T00944,Northeast,Northeast,111.05,USD,ecommerce,magstripe,approved,APPROVE,168.88,0.6575675035528186,0,0,0,1,1,0,0,6,127,11,27,43,customer_velocity;terminal_customer_network_burst,0.43,0.0181662723055103,0.43
X000119285,2026-01-22 22:27:44,C000988,A0000988,M00278,T01124,Northeast,Northeast,10.67,USD,card_present,chip_pin,approved,APPROVE,18.06,0.5908084163898117,0,0,0,0,0,0,0,0,112,12,0,33,new_customer_terminal_pair;terminal_customer_network_burst,0.33,0.010520827514093103,0.33
X000187587,2026-01-22 22:27:52,C001542,A0001542,M00266,T00421,Northeast,Northeast,52.05,USD,card_present,3ds,approved,APPROVE,46.1,1.1290672451193058,0,0,0,0,0,0,0,2,118,15,14,18,terminal_customer_network_burst,0.18,0.01433968519869869,0.18
X000127941,2026-01-22 22:28:04,C001053,A0001053,M00301,T00666,South,South,32.55,USD,mobile_wallet,chip_pin,approved,APPROVE,55.94,0.5818734358240972,0,0,0,0,0,1,0,6,78,12,22,43,customer_velocity;terminal_customer_network_burst,0.43,0.013599347641955056,0.43
X000202881,2026-01-22 22:28:07,C001661,A0001661,M00338,T00600,Northeast,Northeast,22.78,USD,card_present,chip_pin,approved,APPROVE,38.15,0.5971166448230669,0,0,0,0,0,0,0,1,105,8,13,18,terminal_customer_network_burst,0.18,0.006699852291080286,0.18
X000242882,2026-01-22 22:28:12,C001981,A0001981,M00793,T01052,South,South,58.94,USD,ecommerce,3ds,soft_decline,CHALLENGE,34.63,1.7019924920589082,0,0,1,1,0,0,0,0,133,10,0,41,new_customer_terminal_pair;terminal_customer_network_burst;authentication_soft_decline,0.41,0.0638606350377735,0.41
X000038775,2026-01-22 22:28:42,C000331,A0000331,M00168,T00981,Northeast,Northeast,113.54,USD,mobile_wallet,wallet_biometric,approved,APPROVE,98.47,1.1530415354930437,0,0,0,0,0,1,0,6,146,12,22,43,customer_velocity;terminal_customer_network_burst,0.43,0.01858266357161723,0.43
X000099905,2026-01-22 22:29:03,C000840,A0000840,M00341,T00741,Midwest,Midwest,118.1,USD,ecommerce,3ds,approved,APPROVE,44.93,2.6285332739817493,0,0,0,1,0,0,0,1,43,8,10,18,terminal_customer_network_burst,0.18,0.01484380482106816,0.18
X000210745,2026-01-22 22:29:17,C001718,A0001718,M00613,T00449,South,South,26.75,USD,card_present,3ds,soft_decline,CHALLENGE,35.21,0.7597273501846066,0,0,1,0,0,0,0,1,114,12,10,26,terminal_customer_network_burst;authentication_soft_decline,0.26,0.042189891391685726,0.26
X000238020,2026-01-22 22:29:40,C001942,A0001942,M00392,T00577,Midwest,Midwest,188.7,USD,card_present,wallet_biometric,approved,APPROVE,103.71,1.8194966734162568,0,0,0,0,0,0,0,3,50,8,18,18,terminal_customer_network_burst,0.18,0.009899965966987537,0.18
X000047782,2026-01-22 22:29:43,C000403,A0000403,M00555,T00877,Midwest,Midwest,40.92,USD,ecommerce,3ds,approved,APPROVE,58.43,0.7003251754235839,0,0,0,1,0,0,0,0,38,9,3,18,terminal_customer_network_burst,0.18,0.008280536716201794,0.18
X000166817,2026-01-22 22:30:12,C001377,A0001377,M00080,T00590,Midwest,Midwest,50.72,USD,ecommerce,chip_pin,approved,APPROVE,53.56,0.946975354742345,0,0,0,1,0,0,0,2,85,6,8,0,,0.0,0.00804400310986434,0.00804400310986434
X000165605,2026-01-22 22:30:19,C001367,A0001367,M00090,T00822,South,South,151.54,USD,card_present,chip_pin,approved,APPROVE,154.49,0.9809049129393487,0,0,0,0,0,0,0,3,127,11,26,18,terminal_customer_network_burst,0.18,0.00899657822132708,0.18
X000224782,2026-01-22 22:31:01,C001833,A0001833,M00369,T00207,Northeast,Northeast,28.27,USD,mobile_wallet,3ds,approved,APPROVE,18.15,1.5575757575757576,0,0,0,0,0,1,0,2,89,12,13,18,terminal_customer_network_burst,0.18,0.01843100776704946,0.18
X000134097,2026-01-22 22:31:04,C001103,A0001103,M00453,T00940,South,South,180.84,USD,card_present,magstripe,approved,APPROVE,279.87,0.646157144388466,0,0,0,0,1,0,0,7,194,17,34,43,customer_velocity;terminal_customer_network_burst,0.43,0.0264048534073672,0.43
X000217883,2026-01-22 22:31:11,C001779,A0001779,M00304,T00684,Midwest,Midwest,49.44,USD,card_present,magstripe,approved,APPROVE,50.21,0.9846644094801832,0,0,0,0,1,0,0,5,96,13,7,43,customer_velocity;terminal_customer_network_burst,0.43,0.026401469275094475,0.43
X000106643,2026-01-22 22:31:20,C000894,A0000894,M00613,T00331,South,South,588.63,USD,mobile_wallet,3ds,approved,APPROVE,442.56,1.3300569414316703,0,0,0,0,0,1,0,5,146,11,35,43,customer_velocity;terminal_customer_network_burst,0.43,0.014298737049344055,0.43
X000067355,2026-01-22 22:31:26,C000571,A0000571,M00608,T00219,South,South,119.38,USD,card_present,chip_pin,approved,APPROVE,119.82,0.9963278250709398,0,0,0,0,0,0,0,2,186,15,27,18,terminal_customer_network_burst,0.18,0.012381260880146988,0.18
X000015602,2026-01-22 22:31:50,C000133,A0000133,M00299,T01117,Northeast,Northeast,13.96,USD,card_present,3ds,approved,APPROVE,51.04,0.27351097178683387,0,0,0,0,0,0,0,1,56,7,17,0,,0.0,0.004812407428338146,0.004812407428338146
X000233482,2026-01-22 22:32:25,C001903,A0001903,M00125,T00855,West,West,36.7,USD,card_present,wallet_biometric,approved,APPROVE,28.9,1.2698961937716264,0,0,0,0,0,0,0,3,45,7,13,0,,0.0,0.008074471803039896,0.008074471803039896
X000079705,2026-01-22 22:32:41,C000671,A0000671,M00557,T00649,Midwest,Midwest,142.1,USD,mobile_wallet,chip_pin,approved,APPROVE,68.34,2.079309335674568,0,0,0,0,0,1,0,2,93,12,20,18,terminal_customer_network_burst,0.18,0.020105885672122834,0.18
X000024020,2026-01-22 22:32:43,C000203,A0000203,M00726,T00968,Northeast,Northeast,152.87,USD,ecommerce,chip_pin,approved,APPROVE,128.67,1.1880780290666046,0,0,0,1,0,0,0,1,73,12,16,18,terminal_customer_network_burst,0.18,0.011176996147985155,0.18
X000180919,2026-01-22 22:33:22,C001487,A0001487,M00797,T00418,South,South,120.65,USD,ecommerce,magstripe,approved,APPROVE,70.38,1.7142654163114524,0,0,0,1,1,0,0,2,111,9,12,18,terminal_customer_network_burst,0.18,0.02308793377964349,0.18
X000081484,2026-01-22 22:33:28,C000682,A0000682,M00376,T00309,South,South,225.85,USD,ecommerce,3ds,approved,APPROVE,203.35,1.1106466683058767,0,0,0,1,0,0,0,2,206,14,14,18,terminal_customer_network_burst,0.18,0.016744533359280674,0.18
X000117615,2026-01-22 22:34:18,C000975,A0000975,M00211,T01050,Midwest,Midwest,94.36,USD,ecommerce,3ds,approved,APPROVE,46.6,2.024892703862661,0,0,0,1,0,0,0,4,108,8,13,18,terminal_customer_network_burst,0.18,0.014684394760944918,0.18
X000173261,2026-01-22 22:35:32,C001429,A0001429,M00561,T00399,Midwest,Midwest,128.52,USD,card_present,3ds,approved,APPROVE,67.28,1.9102259215219977,0,0,0,0,0,0,0,3,66,6,22,0,,0.0,0.008518151978044721,0.008518151978044721
X000208030,2026-01-22 22:36:24,C001698,A0001698,M00736,T00065,South,South,7.29,USD,mobile_wallet,chip_pin,approved,APPROVE,32.96,0.22117718446601942,0,0,0,0,0,1,0,0,140,15,5,18,terminal_customer_network_burst,0.18,0.01552998549246263,0.18
X000218282,2026-01-22 22:36:25,C001783,A0001783,M00305,T00827,Northeast,Northeast,52.39,USD,ecommerce,chip_pin,approved,APPROVE,68.92,0.76015670342426,0,0,0,1,0,0,0,1,92,9,16,18,terminal_customer_network_burst,0.18,0.007907914695112258,0.18
X000227135,2026-01-22 22:36:26,C001852,A0001852,M00110,T00096,South,South,243.56,USD,card_present,chip_pin,approved,APPROVE,160.6,1.5165628891656289,0,0,0,0,0,0,0,5,154,14,32,43,customer_velocity;terminal_customer_network_burst,0.43,0.014341866103840818,0.43
X000026316,2026-01-22 22:36:41,C000225,A0000225,M00335,T00070,South,South,13.72,USD,card_present,3ds,approved,APPROVE,31.9,0.4300940438871474,0,0,0,0,0,0,0,1,220,17,11,18,terminal_customer_network_burst,0.18,0.014938299807346681,0.18
X000018588,2026-01-22 22:36:46,C000159,A0000159,M00171,T00754,Northeast,Northeast,140.51,USD,card_present,chip_pin,approved,APPROVE,81.09,1.7327660623998025,0,0,0,0,0,0,0,0,33,6,7,0,,0.0,0.008197828229268176,0.008197828229268176
X000124394,2026-01-22 22:36:46,C001029,A0001029,M00786,T00092,Northeast,Northeast,23.84,USD,ecommerce,chip_pin,approved,APPROVE,24.49,0.9734585545120458,0,0,0,1,0,0,0,0,81,9,21,18,terminal_customer_network_burst,0.18,0.007376267563583738,0.18
X000237062,2026-01-22 22:36:57,C001934,A0001934,M00786,T00776,Northeast,Northeast,751.6,USD,ecommerce,3ds,approved,APPROVE,164.43,4.5709420422064095,0,0,0,1,0,0,0,4,71,9,30,48,amount_vs_profile;terminal_customer_network_burst,0.48,0.028844374814353556,0.48
X000155856,2026-01-22 22:37:00,C001283,A0001283,M00448,T00142,Midwest,Midwest,219.13,USD,card_present,chip_pin,approved,APPROVE,278.26,0.7875008984403077,0,0,0,0,0,0,0,5,53,7,33,25,customer_velocity,0.25,0.005555306389056894,0.25
X000035436,2026-01-22 22:37:11,C000300,A0000300,M00795,T00576,Northeast,Northeast,30.0,USD,card_present,chip_pin,approved,APPROVE,48.83,0.6143764079459348,0,0,0,0,0,0,0,1,68,11,7,18,terminal_customer_network_burst,0.18,0.00870750795664133,0.18
X000244710,2026-01-22 22:38:06,C001995,A0001995,M00243,T00806,Northeast,South,900.34,USD,card_present,chip_pin,approved,APPROVE,400.21,2.249668923814997,0,0,0,0,0,0,1,3,115,9,0,45,new_customer_terminal_pair;terminal_customer_network_burst;home_region_mismatch,0.45,0.13510043166119937,0.45
X000036469,2026-01-22 22:38:10,C000312,A0000312,M00066,T00171,West,West,23.11,USD,card_present,3ds,approved,APPROVE,30.78,0.7508122157244964,0,0,0,0,0,0,0,2,72,5,6,0,,0.0,0.0063666970036267015,0.0063666970036267015
X000178666,2026-01-22 22:38:12,C001472,A0001472,M00031,T00031,South,South,36.3,USD,card_present,chip_pin,approved,APPROVE,48.86,0.7429390094146541,0,0,0,0,0,0,0,1,130,17,15,18,terminal_customer_network_burst,0.18,0.013703680573161021,0.18
X000228951,2026-01-22 22:39:39,C001865,A0001865,M00583,T00327,Midwest,Midwest,372.87,USD,card_present,magstripe,approved,APPROVE,163.63,2.278738617612907,0,0,0,0,1,0,0,4,56,9,20,18,terminal_customer_network_burst,0.18,0.02313038973040993,0.18
X000198996,2026-01-22 22:39:58,C001630,A0001630,M00524,T00500,West,West,34.44,USD,card_present,chip_pin,approved,APPROVE,86.33,0.39893432178848603,0,0,0,0,0,0,0,1,40,7,12,0,,0.0,0.0053188937165228435,0.0053188937165228435
X000188535,2026-01-22 22:41:24,C001549,A0001549,M00105,T00482,West,West,129.93,USD,ecommerce,chip_pin,approved,APPROVE,153.09,0.8487164413090339,0,0,0,1,0,0,0,2,61,6,30,0,,0.0,0.005291708039506436,0.005291708039506436
X000010286,2026-01-22 22:41:37,C000093,A0000093,M00213,T01006,Northeast,Northeast,36.45,USD,mobile_wallet,3ds,approved,APPROVE,44.96,0.8107206405693951,0,0,0,0,0,1,0,2,79,15,14,18,terminal_customer_network_burst,0.18,0.016914937426284905,0.18
X000158813,2026-01-22 22:41:59,C001306,A0001306,M00594,T00498,Northeast,Northeast,122.09,USD,card_present,wallet_biometric,approved,APPROVE,33.73,3.6196264453009195,0,0,0,0,0,0,0,0,49,7,11,30,amount_vs_profile,0.3,0.016922616323104767,0.3
X000220282,2026-01-22 22:42:21,C001798,A0001798,M00258,T00401,West,West,75.42,USD,card_present,3ds,approved,APPROVE,56.99,1.3233900684330584,0,0,0,0,0,0,0,3,10,3,0,15,new_customer_terminal_pair,0.15,0.0071460160685819,0.15
X000144867,2026-01-22 22:42:34,C001193,A0001193,M00445,T00086,Northeast,Northeast,56.71,USD,card_present,wallet_biometric,approved,APPROVE,50.77,1.1169982272995864,0,0,0,0,0,0,0,3,142,12,24,18,terminal_customer_network_burst,0.18,0.010739380547301348,0.18
X000231464,2026-01-22 22:43:12,C001889,A0001889,M00717,T00614,South,South,340.82,USD,card_present,chip_pin,approved,APPROVE,324.26,1.0510701289089002,0,0,0,0,0,0,0,5,125,12,27,43,customer_velocity;terminal_customer_network_burst,0.43,0.010819782287857438,0.43
X000028426,2026-01-22 22:43:54,C000245,A0000245,M00040,T01012,Northeast,Northeast,55.85,USD,card_present,wallet_biometric,approved,APPROVE,51.2,1.0908203125,0,0,0,0,0,0,0,3,83,15,11,18,terminal_customer_network_burst,0.18,0.014794915472688628,0.18
X000174348,2026-01-22 22:44:01,C001436,A0001436,M00023,T00720,Midwest,Midwest,50.41,USD,mobile_wallet,3ds,approved,APPROVE,36.21,1.392156862745098,0,0,0,0,0,1,0,2,137,11,12,18,terminal_customer_network_burst,0.18,0.01764816072771926,0.18
X000099743,2026-01-22 22:44:19,C000838,A0000838,M00668,T00869,Midwest,Midwest,21.17,USD,card_present,3ds,approved,APPROVE,40.51,0.5225870155517157,0,0,0,0,0,0,0,4,111,8,9,18,terminal_customer_network_burst,0.18,0.008201507590927313,0.18
X000095633,2026-01-22 22:44:34,C000799,A0000799,M00205,T00049,South,South,111.26,USD,ecommerce,chip_pin,approved,APPROVE,51.04,2.179858934169279,0,0,0,1,0,0,0,2,109,8,16,18,terminal_customer_network_burst,0.18,0.013380014941917049,0.18
X000080441,2026-01-22 22:44:44,C000676,A0000676,M00244,T00277,South,South,75.61,USD,mobile_wallet,3ds,approved,APPROVE,122.96,0.6149154196486663,0,0,0,0,0,1,0,5,147,11,29,43,customer_velocity;terminal_customer_network_burst,0.43,0.01211058579604207,0.43
X000069849,2026-01-22 22:45:02,C000594,A0000594,M00655,T00487,Midwest,Midwest,20.78,USD,mobile_wallet,chip_pin,approved,APPROVE,27.81,0.747213232650126,0,0,0,0,0,1,0,1,77,10,11,18,terminal_customer_network_burst,0.18,0.011407141980670095,0.18
X000122725,2026-01-22 22:45:17,C001018,A0001018,M00262,T00060,South,South,34.5,USD,ecommerce,chip_pin,approved,APPROVE,36.31,0.9501514734232993,0,0,0,1,0,0,0,1,160,12,19,18,terminal_customer_network_burst,0.18,0.011175972177949606,0.18
X000028297,2026-01-22 22:45:41,C000244,A0000244,M00731,T00964,Northeast,Northeast,175.15,USD,card_present,wallet_biometric,approved,APPROVE,68.72,2.5487485448195577,0,0,0,0,0,0,0,3,100,8,21,18,terminal_customer_network_burst,0.18,0.013321939657929806,0.18
X000243365,2026-01-22 22:47:00,C001986,A0001986,M00409,T00971,Northeast,Northeast,92.83,USD,card_present,wallet_biometric,approved,APPROVE,74.42,1.2473797366299382,0,0,0,0,0,0,0,1,67,9,10,18,terminal_customer_network_burst,0.18,0.009044937972438395,0.18
X000194509,2026-01-22 22:47:45,C001599,A0001599,M00368,T00442,West,West,36.63,USD,card_present,chip_pin,approved,APPROVE,58.37,0.6275483981497345,0,0,0,0,0,0,0,0,72,11,7,18,terminal_customer_network_burst,0.18,0.008353879928679841,0.18
X000190106,2026-01-22 22:48:41,C001562,A0001562,M00229,T00718,Northeast,Northeast,371.88,USD,card_present,3ds,approved,APPROVE,160.81,2.312542752316398,0,0,0,0,0,0,0,5,48,5,34,25,customer_velocity,0.25,0.008215643020397791,0.25
X000027462,2026-01-22 22:49:32,C000236,A0000236,M00148,T00250,Midwest,Midwest,73.61,USD,card_present,magstripe,approved,APPROVE,99.34,0.7409905375478155,0,0,0,0,1,0,0,2,94,7,15,0,,0.0,0.011808531363895574,0.011808531363895574
X000017017,2026-01-22 22:49:53,C000145,A0000145,M00067,T00948,South,South,52.6,USD,card_present,3ds,approved,APPROVE,55.71,0.9441751929635613,0,0,0,0,0,0,0,1,145,15,18,18,terminal_customer_network_burst,0.18,0.012457974082734202,0.18
X000241127,2026-01-22 22:50:05,C001968,A0001968,M00620,T00551,South,South,96.84,USD,card_present,chip_pin,approved,APPROVE,96.5,1.0035233160621762,0,0,0,0,0,0,0,3,92,13,18,18,terminal_customer_network_burst,0.18,0.01126729117356123,0.18
X000045008,2026-01-22 22:50:12,C000379,A0000379,M00699,T00248,Midwest,Midwest,162.7,USD,card_present,chip_pin,approved,APPROVE,300.48,0.5414669861554845,0,0,0,0,0,0,0,2,62,5,25,0,,0.0,0.004304658048704541,0.004304658048704541
X000148912,2026-01-22 22:50:45,C001226,A0001226,M00068,T01154,Northeast,Northeast,286.34,USD,mobile_wallet,chip_pin,approved,APPROVE,148.88,1.923293927995701,0,0,0,0,0,1,0,3,27,5,16,0,,0.0,0.011599082831233698,0.011599082831233698
X000058511,2026-01-22 22:51:26,C000496,A0000496,M00143,T00157,South,South,34.17,USD,card_present,3ds,soft_decline,CHALLENGE,48.44,0.7054087530966144,0,0,1,0,0,0,0,0,67,7,8,8,authentication_soft_decline,0.08,0.026481683255451527,0.08
X000107464,2026-01-22 22:52:11,C000900,A0000900,M00495,T00738,Midwest,Midwest,220.07,USD,mobile_wallet,chip_pin,approved,APPROVE,159.85,1.3767281826712543,0,0,0,0,0,1,0,6,108,9,56,43,customer_velocity;terminal_customer_network_burst,0.43,0.00900325019898071,0.43
X000111243,2026-01-22 22:52:34,C000928,A0000928,M00227,T00504,Midwest,Midwest,81.82,USD,ecommerce,chip_pin,approved,APPROVE,42.63,1.9193056532958008,0,0,0,1,0,0,0,0,150,11,8,18,terminal_customer_network_burst,0.18,0.0164304920858355,0.18
X000185922,2026-01-22 22:52:44,C001528,A0001528,M00179,T00767,Midwest,Midwest,31.11,USD,ecommerce,chip_pin,approved,APPROVE,24.88,1.2504019292604502,0,0,0,1,0,0,0,5,62,10,19,43,customer_velocity;terminal_customer_network_burst,0.43,0.011436518044582516,0.43
X000235155,2026-01-22 22:53:39,C001917,A0001917,M00608,T00027,South,South,140.63,USD,card_present,chip_pin,approved,APPROVE,143.14,0.9824647198546878,0,0,0,0,0,0,0,1,159,16,28,18,terminal_customer_network_burst,0.18,0.011873398284720069,0.18
X000203953,2026-01-22 22:53:40,C001667,A0001667,M00038,T00321,South,South,72.63,USD,ecommerce,chip_pin,approved,APPROVE,187.97,0.3863914454434218,0,0,0,1,0,0,0,9,100,11,48,43,customer_velocity;terminal_customer_network_burst,0.43,0.007439590592173423,0.43
X000178667,2026-01-22 22:53:45,C001472,A0001472,M00031,T00031,South,South,64.26,USD,ecommerce,3ds,approved,APPROVE,48.86,1.3151862464183381,0,0,0,1,0,0,0,2,131,17,16,18,terminal_customer_network_burst,0.18,0.019360379884429207,0.18
X000212724,2026-01-22 22:53:56,C001736,A0001736,M00747,T00259,West,West,97.32,USD,card_present,chip_pin,approved,APPROVE,52.72,1.84597875569044,0,0,0,0,0,0,0,1,43,4,6,0,,0.0,0.008030647485286438,0.008030647485286438
X000071123,2026-01-22 22:54:42,C000604,A0000604,M00166,T00022,South,Northeast,143.83,USD,card_present,wallet_biometric,approved,APPROVE,137.88,1.0431534667827098,0,0,0,0,0,0,1,2,105,14,0,45,new_customer_terminal_pair;terminal_customer_network_burst;home_region_mismatch,0.45,0.1187559810310029,0.45
X000119193,2026-01-22 22:54:43,C000987,A0000987,M00595,T00068,West,West,56.41,USD,card_present,chip_pin,approved,APPROVE,52.63,1.0718221546646398,0,0,0,0,0,0,0,0,39,8,6,18,terminal_customer_network_burst,0.18,0.007628579685116846,0.18
X000076042,2026-01-22 22:56:03,C000639,A0000639,M00271,T01087,Northeast,Northeast,24.83,USD,ecommerce,chip_pin,approved,APPROVE,45.73,0.5429696041985568,0,0,0,1,0,0,0,4,110,14,19,18,terminal_customer_network_burst,0.18,0.012061833516440428,0.18
X000101169,2026-01-22 22:56:28,C000851,A0000851,M00754,T01077,West,West,590.22,USD,ecommerce,chip_pin,approved,APPROVE,554.65,1.0641305327684125,0,0,0,1,0,0,0,3,69,6,38,0,,0.0,0.0053906677362650065,0.0053906677362650065
X000223763,2026-01-22 22:56:43,C001825,A0001825,M00392,T00305,Midwest,Midwest,51.34,USD,card_present,chip_pin,approved,APPROVE,65.27,0.78657882641336,0,0,0,0,0,0,0,1,77,10,6,18,terminal_customer_network_burst,0.18,0.008882522277125857,0.18
X000012537,2026-01-22 22:56:47,C000109,A0000109,M00701,T00494,West,West,62.16,USD,card_present,3ds,approved,APPROVE,95.02,0.6541780677752053,0,0,0,0,0,0,0,3,19,4,7,0,,0.0,0.005459457939016004,0.005459457939016004
X000066172,2026-01-22 22:56:47,C000561,A0000561,M00243,T00806,South,South,143.06,USD,card_present,chip_pin,approved,APPROVE,56.65,2.5253309796999117,0,0,0,0,0,0,0,0,116,10,11,18,terminal_customer_network_burst,0.18,0.015636725393357427,0.18
X000093787,2026-01-22 22:57:01,C000786,A0000786,M00511,T00501,Midwest,Midwest,253.65,USD,card_present,chip_pin,approved,APPROVE,167.98,1.510001190617931,0,0,0,0,0,0,0,6,76,10,28,43,customer_velocity;terminal_customer_network_burst,0.43,0.010647250191141919,0.43
X000161933,2026-01-22 22:57:08,C001336,A0001336,M00496,T00236,Midwest,Midwest,81.82,USD,ecommerce,wallet_biometric,approved,APPROVE,75.96,1.0771458662453923,0,0,0,1,0,0,0,2,55,8,12,18,terminal_customer_network_burst,0.18,0.008753345964538565,0.18
X000090609,2026-01-22 22:57:45,C000759,A0000759,M00618,T00042,Northeast,Northeast,45.12,USD,card_present,3ds,approved,APPROVE,40.5,1.114074074074074,0,0,0,0,0,0,0,2,87,7,9,0,,0.0,0.00822003511218065,0.00822003511218065
X000162526,2026-01-22 22:57:52,C001342,A0001342,M00372,T00192,South,South,329.32,USD,card_present,3ds,approved,APPROVE,177.7,1.8532357906584132,0,0,0,0,0,0,0,4,156,17,30,18,terminal_customer_network_burst,0.18,0.019777751500992608,0.18
X000072914,2026-01-22 22:58:13,C000616,A0000616,M00345,T01138,South,South,75.26,USD,card_present,chip_pin,approved,APPROVE,67.43,1.1161204211775173,0,0,0,0,0,0,0,3,113,11,15,18,terminal_customer_network_burst,0.18,0.01099023848198318,0.18
X000237410,2026-01-22 22:58:53,C001936,A0001936,M00309,T01011,Northeast,Northeast,22.57,USD,mobile_wallet,3ds,approved,APPROVE,53.89,0.41881610688439413,0,0,0,0,0,1,0,0,116,12,7,18,terminal_customer_network_burst,0.18,0.012547496700840283,0.18
X000209519,2026-01-22 22:58:59,C001710,A0001710,M00264,T00659,Midwest,Midwest,97.4,USD,ecommerce,3ds,approved,APPROVE,109.77,0.8873098296438008,0,0,0,1,0,0,0,2,42,4,29,0,,0.0,0.004574107981258823,0.004574107981258823
X000034519,2026-01-22 22:59:06,C000293,A0000293,M00125,T00778,West,West,55.01,USD,mobile_wallet,chip_pin,approved,APPROVE,39.87,1.379734135941811,0,0,0,0,0,1,0,1,45,9,10,18,terminal_customer_network_burst,0.18,0.01292754206329598,0.18
X000155713,2026-01-22 22:59:09,C001282,A0001282,M00412,T00974,Northeast,Northeast,137.24,USD,card_present,chip_pin,approved,APPROVE,101.36,1.3539857932123127,0,0,0,0,0,0,0,2,91,10,14,18,terminal_customer_network_burst,0.18,0.010389846146927048,0.18
X000148577,2026-01-22 22:59:24,C001225,A0001225,M00507,T00488,South,South,112.83,USD,card_present,chip_pin,approved,APPROVE,171.02,0.6597473979651503,0,0,0,0,0,0,0,6,128,9,50,43,customer_velocity;terminal_customer_network_burst,0.43,0.005558401164265827,0.43
X000024021,2026-01-22 22:59:38,C000203,A0000203,M00726,T00968,Northeast,Northeast,180.85,USD,ecommerce,3ds,approved,APPROVE,128.67,1.4055335354006373,0,0,0,1,0,0,0,2,74,12,17,18,terminal_customer_network_burst,0.18,0.012573670604388016,0.18
X000240080,2026-01-22 22:59:49,C001958,A0001958,M00493,T00281,West,West,226.8,USD,card_present,chip_pin,approved,APPROVE,101.3,2.2388943731490625,0,0,0,0,0,0,0,1,36,7,14,0,,0.0,0.010071765410727861,0.010071765410727861
X000220661,2026-01-22 23:00:05,C001800,A0001800,M00172,T00722,Northeast,Northeast,148.67,USD,ecommerce,chip_pin,approved,APPROVE,186.73,0.7961762973276924,1,0,0,1,0,0,0,13,182,12,53,71,customer_velocity;high_customer_velocity;terminal_customer_network_burst;night_activity,0.71,0.01580705013561168,0.71
X000188106,2026-01-22 23:00:12,C001544,A0001544,M00261,T00549,Northeast,Northeast,67.77,USD,mobile_wallet,chip_pin,approved,APPROVE,46.83,1.447149263292761,1,0,0,0,0,1,0,0,29,8,6,26,terminal_customer_network_burst;night_activity,0.26,0.015956260854840365,0.26
X000013293,2026-01-22 23:00:52,C000115,A0000115,M00163,T01133,Midwest,Midwest,52.28,USD,ecommerce,chip_pin,approved,APPROVE,73.53,0.7110023119815041,1,0,0,1,0,0,0,7,65,8,37,51,customer_velocity;terminal_customer_network_burst;night_activity,0.51,0.008982152846101476,0.51
X000053877,2026-01-22 23:01:34,C000456,A0000456,M00482,T01158,West,West,21.7,USD,card_present,wallet_biometric,approved,APPROVE,30.16,0.7194960212201591,1,0,0,0,0,0,0,3,47,7,13,8,night_activity,0.08,0.008706887716629252,0.08
X000046055,2026-01-22 23:01:46,C000386,A0000386,M00550,T00423,West,West,37.42,USD,card_present,3ds,approved,APPROVE,59.52,0.6286962365591398,1,0,0,0,0,0,0,1,57,6,7,8,night_activity,0.08,0.007865255482693212,0.08
X000019738,2026-01-22 23:02:01,C000171,A0000171,M00696,T00853,Midwest,Midwest,16.18,USD,ecommerce,chip_pin,approved,APPROVE,43.72,0.37008234217749314,1,0,0,1,0,0,0,0,34,9,5,26,terminal_customer_network_burst;night_activity,0.26,0.009294903977500537,0.26
X000203954,2026-01-22 23:02:23,C001667,A0001667,M00294,T00904,South,South,236.98,USD,card_present,3ds,approved,APPROVE,187.97,1.2607330957067617,1,0,0,0,0,0,0,10,122,9,47,71,customer_velocity;high_customer_velocity;terminal_customer_network_burst;night_activity,0.71,0.011681940361622596,0.71
X000070659,2026-01-22 23:02:29,C000600,A0000600,M00148,T00250,Midwest,Midwest,64.64,USD,card_present,chip_pin,approved,APPROVE,29.61,2.1830462681526512,1,0,0,0,0,0,0,2,95,7,13,8,night_activity,0.08,0.01519714725376,0.08
X000197653,2026-01-22 23:02:33,C001622,A0001622,M00247,T01144,South,South,95.19,USD,ecommerce,chip_pin,approved,APPROVE,57.93,1.6431900569653028,1,0,0,1,0,0,0,2,220,21,8,26,terminal_customer_network_burst;night_activity,0.26,0.04889617674416161,0.26
X000008564,2026-01-22 23:03:10,C000078,A0000078,M00278,T01124,Northeast,Northeast,79.99,USD,card_present,chip_pin,soft_decline,CHALLENGE,106.16,0.7534853051996986,1,0,1,0,0,0,0,0,113,13,23,34,terminal_customer_network_burst;night_activity;authentication_soft_decline,0.34,0.04588588649638888,0.34
X000127348,2026-01-22 23:03:10,C001050,A0001050,M00367,T00335,South,South,59.8,USD,mobile_wallet,chip_pin,approved,APPROVE,62.75,0.9529880478087649,1,0,0,0,0,1,0,4,109,10,14,26,terminal_customer_network_burst;night_activity,0.26,0.01892687522306494,0.26
X000141482,2026-01-22 23:03:21,C001165,A0001165,M00033,T00919,West,West,9.89,USD,mobile_wallet,chip_pin,approved,APPROVE,51.53,0.19192703279642928,1,0,0,0,0,1,0,1,11,4,8,8,night_activity,0.08,0.007486504801805856,0.08
X000232855,2026-01-22 23:04:26,C001898,A0001898,M00623,T00969,Midwest,Midwest,31.36,USD,card_present,wallet_biometric,approved,APPROVE,61.86,0.5069511800840608,1,0,0,0,0,0,0,2,88,9,10,26,terminal_customer_network_burst;night_activity,0.26,0.009870629531024024,0.26
X000043209,2026-01-22 23:04:32,C000365,A0000365,M00442,T00105,West,West,16.24,USD,card_present,3ds,approved,APPROVE,21.43,0.7578161455902939,1,0,0,0,0,0,0,1,106,11,7,26,terminal_customer_network_burst;night_activity,0.26,0.012793977145271099,0.26
X000180458,2026-01-22 23:05:12,C001483,A0001483,M00393,T00239,Northeast,Northeast,266.06,USD,card_present,chip_pin,approved,APPROVE,259.43,1.025556026673862,1,0,0,0,0,0,0,3,158,12,32,26,terminal_customer_network_burst;night_activity,0.26,0.0123485233310909,0.26
X000168819,2026-01-22 23:05:43,C001396,A0001396,M00613,T00331,South,South,29.46,USD,card_present,chip_pin,approved,APPROVE,40.17,0.7333831217326363,1,0,0,0,0,0,0,1,147,11,12,26,terminal_customer_network_burst;night_activity,0.26,0.012490900134662645,0.26
X000214687,2026-01-22 23:05:45,C001753,A0001753,M00110,T00096,South,South,109.87,USD,ecommerce,chip_pin,approved,APPROVE,148.46,0.7400646638825272,1,0,0,1,0,0,0,2,155,14,22,26,terminal_customer_network_burst;night_activity,0.26,0.01568618798692803,0.26
X000195532,2026-01-22 23:05:49,C001606,A0001606,M00037,T00050,West,West,56.89,USD,mobile_wallet,chip_pin,approved,APPROVE,119.37,0.476585406718606,1,0,0,0,0,1,0,2,75,8,30,26,terminal_customer_network_burst;night_activity,0.26,0.009165393745996335,0.26
X000007223,2026-01-22 23:05:50,C000067,A0000067,M00788,T00018,South,South,47.36,USD,ecommerce,chip_pin,approved,APPROVE,43.8,1.0812785388127855,1,0,0,1,0,0,0,1,137,16,12,26,terminal_customer_network_burst;night_activity,0.26,0.022124174190765577,0.26
X000170327,2026-01-22 23:07:29,C001404,A0001404,M00258,T00527,West,West,33.93,USD,card_present,wallet_biometric,approved,APPROVE,133.01,0.2550936019848132,1,0,0,0,0,0,0,1,74,7,18,8,night_activity,0.08,0.006370608877499329,0.08
X000080266,2026-01-22 23:07:36,C000675,A0000675,M00067,T00948,South,South,98.42,USD,card_present,chip_pin,approved,APPROVE,48.77,2.018043879434078,1,0,0,0,0,0,0,2,146,15,18,26,terminal_customer_network_burst;night_activity,0.26,0.025476596501251343,0.26
X000088081,2026-01-22 23:08:20,C000740,A0000740,M00083,T00781,Midwest,Midwest,13.76,USD,card_present,3ds,approved,APPROVE,16.08,0.855721393034826,1,0,0,0,0,0,0,2,15,3,13,8,night_activity,0.08,0.006174447537098866,0.08
X000083674,2026-01-22 23:08:58,C000699,A0000699,M00412,T00593,Northeast,Northeast,83.26,USD,card_present,3ds,approved,APPROVE,60.63,1.3732475672109516,1,0,0,0,0,0,0,1,95,10,14,26,terminal_customer_network_burst;night_activity,0.26,0.013133508413995812,0.26
X000243158,2026-01-22 23:09:31,C001984,A0001984,M00276,T01082,Northeast,Northeast,23.53,USD,ecommerce,chip_pin,approved,APPROVE,39.31,0.598575426100229,1,0,0,1,0,0,0,0,125,14,5,26,terminal_customer_network_burst;night_activity,0.26,0.016703478585095893,0.26
X000019419,2026-01-22 23:09:37,C000168,A0000168,M00778,T00222,South,South,59.32,USD,ecommerce,wallet_biometric,approved,APPROVE,54.6,1.0864468864468864,1,0,0,1,0,0,0,2,63,7,15,8,night_activity,0.08,0.01037553650831006,0.08
X000148578,2026-01-22 23:09:41,C001225,A0001225,M00247,T01144,South,South,184.06,USD,card_present,wallet_biometric,approved,APPROVE,171.02,1.0762483920009356,1,0,0,0,0,0,0,7,221,21,52,51,customer_velocity;terminal_customer_network_burst;night_activity,0.51,0.023936529923060227,0.51
X000190107,2026-01-22 23:10:03,C001562,A0001562,M00229,T00718,Northeast,Northeast,118.73,USD,mobile_wallet,3ds,approved,APPROVE,160.81,0.7383247310490642,1,0,0,0,0,1,0,6,49,5,35,33,customer_velocity;night_activity,0.33,0.008884412496081486,0.33
X000177942,2026-01-22 23:10:05,C001464,A0001464,M00542,T01166,South,South,21.53,USD,card_present,3ds,approved,APPROVE,35.35,0.609052333804809,1,0,0,0,0,0,0,2,68,8,10,26,terminal_customer_network_burst;night_activity,0.26,0.009238509781303212,0.26
X000001147,2026-01-22 23:10:32,C000012,A0000012,M00387,T00209,Northeast,Northeast,128.28,USD,card_present,magstripe,approved,APPROVE,90.27,1.42107012296444,1,0,0,0,1,0,0,1,93,11,12,26,terminal_customer_network_burst;night_activity,0.26,0.02629512926545551,0.26
X000229637,2026-01-22 23:10:36,C001871,A0001871,M00341,T01190,Midwest,Midwest,89.36,USD,mobile_wallet,chip_pin,approved,APPROVE,76.66,1.165666579702583,1,0,0,0,0,1,0,5,56,6,18,33,customer_velocity;night_activity,0.33,0.013979284563822988,0.33
X000091725,2026-01-22 23:10:58,C000769,A0000769,M00738,T00002,South,South,366.87,USD,card_present,chip_pin,approved,APPROVE,268.43,1.3667250307342695,1,0,0,0,0,0,0,2,90,10,46,26,terminal_customer_network_burst;night_activity,0.26,0.008304827935996056,0.26
X000228767,2026-01-22 23:11:01,C001863,A0001863,M00160,T00039,South,South,31.86,USD,ecommerce,chip_pin,approved,APPROVE,35.21,0.9048565748366941,1,0,0,1,0,0,0,0,114,11,1,26,terminal_customer_network_burst;night_activity,0.26,0.015731135272782578,0.26
X000231465,2026-01-22 23:11:02,C001889,A0001889,M00717,T00614,South,South,1009.87,USD,card_present,3ds,approved,APPROVE,324.26,3.114383519398014,1,0,0,0,0,0,0,6,126,12,28,81,amount_vs_profile;customer_velocity;terminal_customer_network_burst;night_activity,0.81,0.031177845457113423,0.81
X000027023,2026-01-22 23:11:09,C000233,A0000233,M00345,T01138,South,South,64.29,USD,card_present,3ds,approved,APPROVE,52.79,1.2178442886910401,1,0,0,0,0,0,0,1,114,11,13,26,terminal_customer_network_burst;night_activity,0.26,0.01395280232004955,0.26
X000233142,2026-01-22 23:11:10,C001901,A0001901,M00585,T00119,Midwest,Midwest,51.8,USD,card_present,wallet_biometric,approved,APPROVE,28.05,1.8467023172905523,1,0,0,0,0,0,0,5,80,11,16,51,customer_velocity;terminal_customer_network_burst;night_activity,0.51,0.019571498710378686,0.51
X000048557,2026-01-22 23:11:12,C000407,A0000407,M00640,T01025,Midwest,Midwest,14.22,USD,ecommerce,chip_pin,approved,APPROVE,47.82,0.2973651191969887,1,0,0,1,0,0,0,1,120,10,12,26,terminal_customer_network_burst;night_activity,0.26,0.010495271464242504,0.26
X000156274,2026-01-22 23:11:18,C001286,A0001286,M00299,T00392,Northeast,Northeast,256.82,USD,ecommerce,chip_pin,approved,APPROVE,240.04,1.0699050158306949,1,0,0,1,0,0,0,3,57,7,20,8,night_activity,0.08,0.009957017116205459,0.08
X000203955,2026-01-22 23:11:45,C001667,A0001667,M00645,T00905,South,South,149.3,USD,card_present,3ds,approved,APPROVE,187.97,0.7942756822897271,1,0,0,0,0,0,0,11,186,17,41,71,customer_velocity;high_customer_velocity;terminal_customer_network_burst;night_activity,0.71,0.02241532975526076,0.71
X000119194,2026-01-22 23:11:59,C000987,A0000987,M00255,T00819,West,West,70.1,USD,mobile_wallet,3ds,approved,APPROVE,52.63,1.3319399581987459,1,0,0,0,0,1,0,1,70,8,15,26,terminal_customer_network_burst;night_activity,0.26,0.014919904954433955,0.26
X000209792,2026-01-22 23:12:01,C001712,A0001712,M00376,T00309,South,South,382.15,USD,card_present,wallet_biometric,approved,APPROVE,184.84,2.067463752434538,1,0,0,0,0,0,0,4,207,14,36,26,terminal_customer_network_burst;night_activity,0.26,0.022244008618589106,0.26
X000070660,2026-01-22 23:12:07,C000600,A0000600,M00415,T00857,Midwest,Midwest,13.04,USD,card_present,chip_pin,approved,APPROVE,29.61,0.4403917595406957,1,0,0,0,0,0,0,3,17,3,15,8,night_activity,0.08,0.005429431265601338,0.08
X000240717,2026-01-22 23:12:10,C001963,A0001963,M00645,T00155,South,South,20.15,USD,card_present,chip_pin,approved,APPROVE,48.08,0.4190931780366056,1,0,0,0,0,0,0,0,144,10,6,26,terminal_customer_network_burst;night_activity,0.26,0.010742573615374994,0.26
X000239303,2026-01-22 23:13:06,C001952,A0001952,M00615,T00560,Midwest,Midwest,113.75,USD,card_present,chip_pin,approved,APPROVE,96.54,1.1782680754091568,1,0,0,0,0,0,0,5,88,10,25,51,customer_velocity;terminal_customer_network_burst;night_activity,0.51,0.012558968972687547,0.51
X000149906,2026-01-22 23:13:30,C001235,A0001235,M00687,T00302,Midwest,Midwest,70.38,USD,card_present,3ds,approved,APPROVE,100.16,0.7026757188498403,1,0,0,0,0,0,0,2,52,10,6,26,terminal_customer_network_burst;night_activity,0.26,0.011485431743800983,0.26
X000062306,2026-01-22 23:13:45,C000530,A0000530,M00203,T00186,Northeast,Northeast,90.94,USD,ecommerce,wallet_biometric,approved,APPROVE,97.65,0.9312852022529441,1,0,0,1,0,0,0,4,85,4,11,8,night_activity,0.08,0.00963708086839075,0.08
X000080619,2026-01-22 23:15:05,C000677,A0000677,M00489,T01009,Northeast,Northeast,601.82,USD,card_present,3ds,approved,APPROVE,220.2,2.733060853769301,1,0,0,0,0,0,0,1,71,7,12,8,night_activity,0.08,0.01725589248708942,0.08
X000011476,2026-01-22 23:15:25,C000102,A0000102,M00560,T00636,West,West,374.31,USD,mobile_wallet,3ds,approved,APPROVE,246.43,1.518930325041594,1,0,0,0,0,1,0,1,73,5,50,8,night_activity,0.08,0.007465548901709989,0.08
X000000060,2026-01-22 23:15:33,C000001,A0000001,M00556,T00589,South,South,732.26,USD,ecommerce,chip_pin,approved,APPROVE,215.65,3.3955947136563873,1,0,0,1,0,0,0,2,179,16,15,56,amount_vs_profile;terminal_customer_network_burst;night_activity,0.56,0.054107742013749155,0.56
X000197180,2026-01-22 23:15:38,C001619,A0001619,M00497,T00382,West,West,71.22,USD,card_present,3ds,approved,APPROVE,45.97,1.54927126386774,1,0,0,0,0,0,0,1,35,9,16,26,terminal_customer_network_burst;night_activity,0.26,0.011512934017333132,0.26
X000104471,2026-01-22 23:15:44,C000879,A0000879,M00278,T01124,Northeast,Northeast,32.33,USD,card_present,chip_pin,approved,APPROVE,22.68,1.4254850088183422,1,0,0,0,0,0,0,1,114,13,18,26,terminal_customer_network_burst;night_activity,0.26,0.01609155776420485,0.26
X000148255,2026-01-22 23:15:46,C001224,A0001224,M00661,T00337,Northeast,Northeast,185.21,USD,card_present,chip_pin,approved,APPROVE,153.7,1.2050097592713078,1,0,0,0,0,0,0,3,138,13,28,26,terminal_customer_network_burst;night_activity,0.26,0.014632567772656885,0.26
X000167205,2026-01-22 23:15:48,C001381,A0001381,M00271,T01087,Northeast,Northeast,229.26,USD,card_present,chip_pin,approved,APPROVE,184.34,1.2436801562330475,1,0,0,0,0,0,0,1,111,14,26,26,terminal_customer_network_burst;night_activity,0.26,0.014228144197320818,0.26
X000195533,2026-01-22 23:17:07,C001606,A0001606,M00037,T00050,West,West,102.42,USD,ecommerce,3ds,approved,APPROVE,119.37,0.8580045237496858,1,0,0,1,0,0,0,3,76,8,31,26,terminal_customer_network_burst;night_activity,0.26,0.008587992984979417,0.26
X000058708,2026-01-22 23:17:20,C000498,A0000498,M00401,T00536,South,South,41.37,USD,card_present,wallet_biometric,approved,APPROVE,40.99,1.0092705537936082,1,0,0,0,0,0,0,3,145,20,8,26,terminal_customer_network_burst;night_activity,0.26,0.03104712259158407,0.26
X000056988,2026-01-22 23:17:30,C000482,A0000482,M00559,T00805,Midwest,Midwest,26.24,USD,mobile_wallet,chip_pin,approved,APPROVE,22.0,1.1927272727272726,1,0,0,0,0,1,0,0,53,8,5,26,terminal_customer_network_burst;night_activity,0.26,0.015324881063625067,0.26
X000195784,2026-01-22 23:17:56,C001608,A0001608,M00753,T00413,South,South,55.9,USD,ecommerce,magstripe,approved,APPROVE,43.27,1.2918881442107695,1,0,0,1,1,0,0,0,169,15,5,46,terminal_customer_network_burst;ecommerce_authentication_shift;night_activity,0.46,0.04357456560111751,0.46
X000080774,2026-01-22 23:18:25,C000678,A0000678,M00420,T00678,West,West,32.34,USD,ecommerce,magstripe,approved,APPROVE,21.45,1.5076923076923079,1,0,0,1,1,0,0,0,79,10,8,46,terminal_customer_network_burst;ecommerce_authentication_shift;night_activity,0.46,0.027550617874311185,0.46
X000088809,2026-01-22 23:18:25,C000745,A0000745,M00690,T00363,Northeast,Northeast,535.17,USD,ecommerce,3ds,approved,APPROVE,273.0,1.9603296703296702,1,0,0,1,0,0,0,3,95,10,36,26,terminal_customer_network_burst;night_activity,0.26,0.014157993966066436,0.26
X000237739,2026-01-22 23:18:38,C001939,A0001939,M00271,T00227,Northeast,Northeast,36.42,USD,card_present,chip_pin,approved,APPROVE,45.16,0.8064658990256866,1,0,0,0,0,0,0,0,46,9,13,26,terminal_customer_network_burst;night_activity,0.26,0.008871167658790544,0.26
X000086163,2026-01-22 23:18:51,C000723,A0000723,M00372,T00095,South,South,64.89,USD,card_present,3ds,approved,APPROVE,62.35,1.0407377706495589,1,0,0,0,0,0,0,1,141,14,5,26,terminal_customer_network_burst;night_activity,0.26,0.01917822739843742,0.26
X000086164,2026-01-22 23:19:28,C000723,A0000723,M00074,T01036,South,South,40.3,USD,card_present,3ds,approved,APPROVE,62.35,0.6463512429831595,1,0,0,0,0,0,0,2,196,20,6,26,terminal_customer_network_burst;night_activity,0.26,0.02883319908545346,0.26
X000041217,2026-01-22 23:19:40,C000349,A0000349,M00352,T00215,Midwest,Midwest,97.16,USD,ecommerce,chip_pin,approved,APPROVE,285.86,0.33988665780451965,1,0,0,1,0,0,0,2,93,8,40,26,terminal_customer_network_burst;night_activity,0.26,0.006003978941077648,0.26
X000037159,2026-01-22 23:20:21,C000318,A0000318,M00450,T00640,Northeast,Northeast,83.36,USD,mobile_wallet,wallet_biometric,approved,APPROVE,87.26,0.9553059821223928,1,0,0,0,0,1,0,5,179,9,20,51,customer_velocity;terminal_customer_network_burst;night_activity,0.51,0.018822793734982263,0.51
X000179849,2026-01-22 23:21:07,C001479,A0001479,M00020,T00254,South,South,206.48,USD,mobile_wallet,3ds,approved,APPROVE,221.32,0.9329477679378275,1,0,0,0,0,1,0,3,158,16,36,26,terminal_customer_network_burst;night_activity,0.26,0.021061151835564177,0.26
X000061177,2026-01-22 23:21:26,C000521,A0000521,M00601,T00769,South,South,20.72,USD,card_present,magstripe,approved,APPROVE,43.88,0.4721969006381039,1,0,0,0,1,0,0,0,150,18,17,26,terminal_customer_network_burst;night_activity,0.26,0.029546025606805814,0.26
X000058512,2026-01-22 23:21:43,C000496,A0000496,M00143,T00157,South,South,30.83,USD,ecommerce,chip_pin,approved,APPROVE,48.44,0.6364574731626754,1,0,0,1,0,0,0,1,68,7,9,8,night_activity,0.08,0.00924189940384486,0.08
X000223695,2026-01-22 23:21:59,C001824,A0001824,M00434,T00808,South,South,30.92,USD,card_present,wallet_biometric,approved,APPROVE,48.08,0.6430948419301166,1,0,0,0,0,0,0,5,120,12,0,66,customer_velocity;new_customer_terminal_pair;terminal_customer_network_burst;night_activity,0.66,0.018510218423201663,0.66
X000193159,2026-01-22 23:22:15,C001586,A0001586,M00634,T01016,Northeast,Northeast,107.81,USD,ecommerce,wallet_biometric,approved,APPROVE,130.24,0.827779484029484,1,0,0,1,0,0,0,5,106,14,20,51,customer_velocity;terminal_customer_network_burst;night_activity,0.51,0.01811762071216372,0.51
X000031756,2026-01-22 23:22:18,C000269,A0000269,M00534,T00729,West,West,28.22,USD,ecommerce,chip_pin,approved,APPROVE,20.69,1.3639439342677622,1,0,0,1,0,0,0,0,28,6,9,8,night_activity,0.08,0.010010203326535372,0.08
X000077173,2026-01-22 23:22:40,C000649,A0000649,M00048,T01172,Northeast,Northeast,35.44,USD,card_present,chip_pin,approved,APPROVE,66.26,0.5348626622396618,1,0,0,0,0,0,0,0,73,10,13,26,terminal_customer_network_burst;night_activity,0.26,0.00900377342679325,0.26
X000217598,2026-01-22 23:23:16,C001777,A0001777,M00198,T00247,Midwest,Midwest,388.32,USD,mobile_wallet,chip_pin,approved,APPROVE,197.68,1.9643868878996358,1,0,0,0,0,1,0,5,97,9,27,51,customer_velocity;terminal_customer_network_burst;night_activity,0.51,0.02148983206762851,0.51
X000138330,2026-01-22 23:23:30,C001138,A0001138,M00587,T01174,South,South,53.85,USD,mobile_wallet,magstripe,approved,APPROVE,79.55,0.6769327467001885,1,0,0,0,1,1,0,3,153,14,18,26,terminal_customer_network_burst;night_activity,0.26,0.038566794049737355,0.26
X000052196,2026-01-22 23:23:36,C000441,A0000441,M00277,T00518,Midwest,Midwest,164.99,USD,mobile_wallet,chip_pin,approved,APPROVE,94.35,1.74870164281929,1,0,0,0,0,1,0,2,90,8,24,26,terminal_customer_network_burst;night_activity,0.26,0.016399032481399782,0.26
X000181723,2026-01-22 23:24:13,C001495,A0001495,M00661,T00801,Northeast,Northeast,44.33,USD,ecommerce,magstripe,approved,APPROVE,43.33,1.0230786983614124,1,0,0,1,1,0,0,1,71,11,10,46,terminal_customer_network_burst;ecommerce_authentication_shift;night_activity,0.46,0.025066127726310984,0.46
X000098987,2026-01-22 23:24:47,C000830,A0000830,M00508,T01195,Northeast,Northeast,100.4,USD,card_present,3ds,approved,APPROVE,65.44,1.5342298288508558,1,0,0,0,0,0,0,0,67,12,11,26,terminal_customer_network_burst;night_activity,0.26,0.015339433521687162,0.26
X000186597,2026-01-22 23:25:12,C001534,A0001534,M00068,T00322,Northeast,Northeast,384.99,USD,card_present,3ds,approved,APPROVE,208.41,1.847272203828991,1,0,0,0,0,0,0,2,121,13,20,26,terminal_customer_network_burst;night_activity,0.26,0.01936163043201405,0.26
X000143927,2026-01-22 23:25:37,C001186,A0001186,M00029,T00167,South,South,104.84,USD,ecommerce,magstripe,approved,APPROVE,248.53,0.42184042167947533,1,0,0,1,1,0,0,3,135,16,48,46,terminal_customer_network_burst;ecommerce_authentication_shift;night_activity,0.46,0.019621285272905298,0.46
X000160591,2026-01-22 23:25:41,C001326,A0001326,M00758,T00582,Northeast,Northeast,112.22,USD,card_present,3ds,approved,APPROVE,112.21,1.0000891186168792,1,0,0,0,0,0,0,1,148,10,21,26,terminal_customer_network_burst;night_activity,0.26,0.011143625044106096,0.26
X000218970,2026-01-22 23:25:51,C001789,A0001789,M00602,T00692,Northeast,Northeast,197.63,USD,ecommerce,3ds,approved,APPROVE,97.43,2.0284306681720206,1,0,0,1,0,0,0,4,89,6,28,8,night_activity,0.08,0.012844729951333993,0.08
X000053217,2026-01-22 23:26:26,C000449,A0000449,M00594,T00841,Northeast,Northeast,55.21,USD,card_present,3ds,approved,APPROVE,67.69,0.8156300782981238,1,0,0,0,0,0,0,5,26,10,17,51,customer_velocity;terminal_customer_network_burst;night_activity,0.51,0.011329632434169765,0.51
X000040224,2026-01-22 23:26:32,C000341,A0000341,M00712,T00064,South,South,122.61,USD,card_present,wallet_biometric,approved,APPROVE,147.38,0.8319310625593703,1,0,0,0,0,0,0,3,154,15,16,26,terminal_customer_network_burst;night_activity,0.26,0.01823038543937095,0.26
X000105669,2026-01-22 23:26:42,C000888,A0000888,M00652,T00786,West,West,56.15,USD,mobile_wallet,magstripe,approved,APPROVE,86.91,0.6460706477965712,1,0,0,0,1,1,0,3,49,5,25,8,night_activity,0.08,0.01534672314822911,0.08
X000027171,2026-01-22 23:26:46,C000234,A0000234,M00626,T01083,West,South,272.66,USD,ecommerce,chip_pin,approved,APPROVE,126.7,2.152012628255722,1,0,0,1,0,0,1,4,100,11,0,53,new_customer_terminal_pair;terminal_customer_network_burst;night_activity;home_region_mismatch,0.53,0.20772340707840226,0.53
X000143442,2026-01-22 23:26:47,C001182,A0001182,M00676,T00051,Midwest,Midwest,13.34,USD,card_present,wallet_biometric,approved,APPROVE,40.93,0.3259223063767408,1,0,0,0,0,0,0,1,164,14,15,26,terminal_customer_network_burst;night_activity,0.26,0.013105556117625506,0.26
X000156957,2026-01-22 23:26:48,C001291,A0001291,M00484,T00479,South,South,200.82,USD,ecommerce,3ds,approved,APPROVE,200.77,1.000249041191413,1,0,0,1,0,0,0,4,129,14,13,26,terminal_customer_network_burst;night_activity,0.26,0.021140671057220936,0.26
X000152623,2026-01-22 23:26:58,C001255,A0001255,M00293,T00835,South,South,73.65,USD,card_present,wallet_biometric,approved,APPROVE,41.83,1.7606980635907246,1,0,0,0,0,0,0,0,71,6,7,8,night_activity,0.08,0.01154954260116051,0.08
X000017018,2026-01-22 23:27:27,C000145,A0000145,M00365,T00733,South,South,54.91,USD,mobile_wallet,wallet_biometric,approved,APPROVE,55.71,0.9856399210195655,1,0,0,0,0,1,0,2,138,17,4,26,terminal_customer_network_burst;night_activity,0.26,0.034751530957317915,0.26
X000232856,2026-01-22 23:27:39,C001898,A0001898,M00623,T00969,Midwest,Midwest,111.65,USD,card_present,magstripe,approved,APPROVE,61.86,1.8048819915939218,1,0,0,0,1,0,0,3,89,9,11,26,terminal_customer_network_burst;night_activity,0.26,0.029278086229981317,0.26
X000223824,2026-01-22 23:28:32,C001826,A0001826,M00750,T01142,South,South,33.22,USD,card_present,chip_pin,approved,APPROVE,36.54,0.9091406677613574,1,0,0,0,0,0,0,2,153,12,10,26,terminal_customer_network_burst;night_activity,0.26,0.01570789059909698,0.26
X000244711,2026-01-22 23:29:26,C001995,A0001995,M00338,T00600,Northeast,Northeast,346.32,USD,card_present,3ds,approved,APPROVE,400.21,0.8653456935109068,1,0,0,0,0,0,0,4,106,8,41,26,terminal_customer_network_burst;night_activity,0.26,0.007352322147198494,0.26
X000220021,2026-01-22 23:29:27,C001797,A0001797,M00700,T00884,Northeast,Northeast,218.5,USD,card_present,wallet_biometric,approved,APPROVE,161.59,1.352187635373476,1,0,0,0,0,0,0,7,109,9,26,51,customer_velocity;terminal_customer_network_burst;night_activity,0.51,0.014048706645728826,0.51
X000223825,2026-01-22 23:29:39,C001826,A0001826,M00750,T01142,South,South,95.35,USD,mobile_wallet,chip_pin,approved,APPROVE,36.54,2.609469074986316,1,0,0,0,0,1,0,3,154,12,11,26,terminal_customer_network_burst;night_activity,0.26,0.04215438614315085,0.26
X000066394,2026-01-22 23:30:14,C000563,A0000563,M00259,T00535,Northeast,Northeast,99.62,USD,card_present,3ds,approved,APPROVE,25.27,3.9422239810051445,1,0,0,0,0,0,0,1,93,13,11,56,amount_vs_profile;terminal_customer_network_burst;night_activity,0.56,0.04295827502410779,0.56
X000139806,2026-01-22 23:30:23,C001153,A0001153,M00338,T00847,Northeast,Northeast,45.61,USD,card_present,magstripe,approved,APPROVE,40.35,1.130359355638166,1,0,0,0,1,0,0,0,136,12,13,26,terminal_customer_network_burst;night_activity,0.26,0.025390756812169506,0.26
X000208535,2026-01-22 23:30:37,C001702,A0001702,M00477,T00694,West,West,289.35,USD,ecommerce,chip_pin,approved,APPROVE,260.4,1.1111751152073734,1,0,0,1,0,0,0,8,101,12,38,51,customer_velocity;terminal_customer_network_burst;night_activity,0.51,0.01524306974812086,0.51
X000044138,2026-01-22 23:30:43,C000375,A0000375,M00080,T00590,Midwest,Midwest,23.61,USD,ecommerce,chip_pin,approved,APPROVE,28.75,0.8212173913043478,1,0,0,1,0,0,0,1,86,6,12,8,night_activity,0.08,0.009020167358528048,0.08
X000206942,2026-01-22 23:31:22,C001688,A0001688,M00715,T00083,Midwest,Midwest,82.41,USD,mobile_wallet,wallet_biometric,approved,APPROVE,94.31,0.8738203795991941,1,0,0,0,0,1,0,0,96,11,6,26,terminal_customer_network_burst;night_activity,0.26,0.017822574070014446,0.26
X000044353,2026-01-22 23:31:46,C000376,A0000376,M00439,T00144,West,West,167.27,USD,ecommerce,chip_pin,approved,APPROVE,189.71,0.8817141953507986,1,0,0,1,0,0,0,6,83,7,41,33,customer_velocity;night_activity,0.33,0.008146961534902521,0.33
X000054240,2026-01-22 23:31:48,C000460,A0000460,M00320,T00150,West,West,26.26,USD,card_present,magstripe,approved,APPROVE,78.75,0.33346031746031746,1,0,0,0,1,0,0,0,116,9,14,26,terminal_customer_network_burst;night_activity,0.26,0.0146285347724223,0.26
X000078848,2026-01-22 23:33:16,C000664,A0000664,M00131,T00897,West,West,22.4,USD,mobile_wallet,chip_pin,approved,APPROVE,35.11,0.6379948732554828,1,0,0,0,0,1,0,2,102,10,18,26,terminal_customer_network_burst;night_activity,0.26,0.014138148033721404,0.26
X000084125,2026-01-22 23:33:28,C000704,A0000704,M00051,T00286,South,South,20.22,USD,card_present,chip_pin,approved,APPROVE,59.04,0.34247967479674796,1,0,0,0,0,0,0,3,154,13,11,26,terminal_customer_network_burst;night_activity,0.26,0.014267905626368824,0.26
X000114471,2026-01-22 23:33:38,C000952,A0000952,M00531,T01106,Midwest,Midwest,272.21,USD,card_present,chip_pin,approved,APPROVE,180.81,1.5055030142138155,1,0,0,0,0,0,0,3,26,7,11,8,night_activity,0.08,0.011600934002002376,0.08
X000199079,2026-01-22 23:34:17,C001631,A0001631,M00294,T00904,South,South,37.94,USD,mobile_wallet,wallet_biometric,approved,APPROVE,74.76,0.5074906367041198,1,0,0,0,0,1,0,2,123,9,6,26,terminal_customer_network_burst;night_activity,0.26,0.015611302085855887,0.26
X000152716,2026-01-22 23:34:29,C001256,A0001256,M00366,T00709,Northeast,Northeast,58.07,USD,card_present,chip_pin,approved,APPROVE,54.39,1.0676594962309247,1,0,0,0,0,0,0,2,54,7,11,8,night_activity,0.08,0.00979134870775599,0.08
X000208536,2026-01-22 23:34:58,C001702,A0001702,M00092,T00788,West,West,328.11,USD,ecommerce,wallet_biometric,approved,APPROVE,260.4,1.2600230414746545,1,0,0,1,0,0,0,9,132,11,28,51,customer_velocity;terminal_customer_network_burst;night_activity,0.51,0.019314705276695533,0.51
X000156666,2026-01-22 23:35:04,C001289,A0001289,M00588,T01164,West,West,597.01,USD,card_present,magstripe,approved,APPROVE,454.02,1.31494207303643,1,0,0,0,1,0,0,5,62,7,31,33,customer_velocity;night_activity,0.33,0.016594755023445755,0.33
X000028571,2026-01-22 23:35:10,C000246,A0000246,M00696,T00898,Midwest,Midwest,102.42,USD,mobile_wallet,3ds,approved,APPROVE,86.58,1.182952182952183,1,0,0,0,0,1,0,3,66,7,36,8,night_activity,0.08,0.010445608123934014,0.08
X000076043,2026-01-22 23:35:24,C000639,A0000639,M00271,T01087,Northeast,Northeast,29.22,USD,card_present,3ds,approved,APPROVE,45.73,0.6389678547999126,1,0,0,0,0,0,0,5,112,14,20,51,customer_velocity;terminal_customer_network_burst;night_activity,0.51,0.015459346748280397,0.51
X000014856,2026-01-22 23:35:51,C000126,A0000126,M00282,T01131,South,South,160.84,USD,ecommerce,3ds,approved,APPROVE,131.27,1.2252609126228384,1,0,0,1,0,0,0,4,211,18,38,26,terminal_customer_network_burst;night_activity,0.26,0.023532115141547284,0.26
X000215163,2026-01-22 23:36:40,C001757,A0001757,M00737,T00804,Midwest,Midwest,122.7,USD,card_present,wallet_biometric,approved,APPROVE,178.56,0.6871639784946236,1,0,0,0,0,0,0,1,109,13,17,26,terminal_customer_network_burst;night_activity,0.26,0.012388534369905837,0.26
X000198301,2026-01-22 23:37:37,C001626,A0001626,M00137,T00381,Midwest,Midwest,217.94,USD,ecommerce,3ds,approved,APPROVE,262.11,0.8314829651672961,1,0,0,1,0,0,0,11,90,10,42,71,customer_velocity;high_customer_velocity;terminal_customer_network_burst;night_activity,0.71,0.012863839557983994,0.71
X000074987,2026-01-22 23:37:39,C000631,A0000631,M00690,T00361,Northeast,Northeast,315.58,USD,card_present,chip_pin,approved,APPROVE,287.17,1.0989309468259219,1,0,0,0,0,0,0,7,48,8,35,51,customer_velocity;terminal_customer_network_burst;night_activity,0.51,0.009419108325433202,0.51
X000179662,2026-01-22 23:37:46,C001477,A0001477,M00607,T00470,South,South,26.81,USD,card_present,3ds,approved,APPROVE,42.81,0.6262555477692128,1,0,0,0,0,0,0,3,161,15,12,26,terminal_customer_network_burst;night_activity,0.26,0.018194639611236265,0.26
X000089634,2026-01-22 23:38:55,C000749,A0000749,M00064,T00627,Midwest,Midwest,99.99,USD,card_present,3ds,approved,APPROVE,63.34,1.5786233028102303,1,0,0,0,0,0,0,2,88,12,16,26,terminal_customer_network_burst;night_activity,0.26,0.016529081947354564,0.26
X000128195,2026-01-22 23:39:55,C001055,A0001055,M00620,T00585,South,South,59.28,USD,card_present,3ds,approved,APPROVE,152.46,0.388823297914207,1,0,0,0,0,0,0,0,113,12,22,26,terminal_customer_network_burst;night_activity,0.26,0.00911942396031535,0.26
X000186993,2026-01-22 23:40:02,C001538,A0001538,M00574,T00190,Midwest,Midwest,83.22,USD,mobile_wallet,magstripe,approved,APPROVE,53.88,1.5445434298440979,1,0,0,0,1,1,0,4,168,15,16,26,terminal_customer_network_burst;night_activity,0.26,0.062181858456906415,0.26
X000116596,2026-01-22 23:40:34,C000967,A0000967,M00567,T01019,West,Northeast,51.07,USD,mobile_wallet,chip_pin,approved,APPROVE,46.01,1.1099760921538797,1,0,0,0,0,1,1,2,131,11,0,53,new_customer_terminal_pair;terminal_customer_network_burst;night_activity;home_region_mismatch,0.53,0.17704229517903092,0.53
X000161753,2026-01-22 23:40:43,C001334,A0001334,M00775,T00581,West,West,31.11,USD,card_present,3ds,approved,APPROVE,61.91,0.5025036343078663,1,0,0,0,0,0,0,1,27,5,14,8,night_activity,0.08,0.005970292766759322,0.08
X000222871,2026-01-22 23:40:43,C001816,A0001816,M00652,T00786,West,West,52.54,USD,card_present,wallet_biometric,approved,APPROVE,94.91,0.553577073016542,1,0,0,0,0,0,0,1,50,5,18,8,night_activity,0.08,0.00591984420973388,0.08
X000159741,2026-01-22 23:41:14,C001317,A0001317,M00005,T01091,South,South,17.56,USD,ecommerce,3ds,approved,APPROVE,37.63,0.46664895030560716,1,0,0,1,0,0,0,0,110,13,12,26,terminal_customer_network_burst;night_activity,0.26,0.012975442001411664,0.26
X000205928,2026-01-22 23:42:05,C001680,A0001680,M00761,T01038,South,South,670.11,USD,card_present,3ds,approved,APPROVE,155.53,4.308557834501382,1,0,0,0,0,0,0,1,119,13,21,56,amount_vs_profile;terminal_customer_network_burst;night_activity,0.56,0.04370325720760167,0.56
X000239669,2026-01-22 23:42:11,C001954,A0001954,M00055,T01044,South,South,311.04,USD,card_present,chip_pin,approved,APPROVE,112.96,2.7535410764872523,1,0,0,0,0,0,0,4,195,17,18,26,terminal_customer_network_burst;night_activity,0.26,0.045527239463565405,0.26
X000091317,2026-01-22 23:42:25,C000766,A0000766,M00702,T00341,Midwest,Midwest,82.24,USD,card_present,magstripe,approved,APPROVE,57.94,1.4193993786675871,1,0,0,0,1,0,0,1,56,10,10,26,terminal_customer_network_burst;night_activity,0.26,0.023850774475011792,0.26
X000141483,2026-01-22 23:42:28,C001165,A0001165,M00230,T01120,West,West,69.26,USD,mobile_wallet,3ds,approved,APPROVE,51.53,1.3440714147098778,1,0,0,0,0,1,0,2,23,8,5,26,terminal_customer_network_burst;night_activity,0.26,0.017163322412158694,0.26
X000163709,2026-01-22 23:42:45,C001349,A0001349,M00205,T00934,South,South,248.57,USD,ecommerce,chip_pin,approved,APPROVE,146.0,1.7025342465753424,1,0,0,1,0,0,0,4,202,15,33,26,terminal_customer_network_burst;night_activity,0.26,0.024025541581452006,0.26
X000114591,2026-01-22 23:42:47,C000953,A0000953,M00368,T01069,West,West,40.74,USD,card_present,magstripe,approved,APPROVE,62.54,0.6514230892228974,1,0,0,0,1,0,0,1,33,10,12,26,terminal_customer_network_burst;night_activity,0.26,0.016898227646251294,0.26
X000042530,2026-01-22 23:43:17,C000360,A0000360,M00758,T00785,Northeast,Northeast,52.44,USD,mobile_wallet,3ds,approved,APPROVE,42.92,1.2218080149114632,1,0,0,0,0,1,0,1,121,11,15,26,terminal_customer_network_burst;night_activity,0.26,0.01924722700539651,0.26
X000043535,2026-01-22 23:44:01,C000369,A0000369,M00012,T00789,West,West,95.67,USD,ecommerce,magstripe,approved,APPROVE,83.11,1.151125015040308,1,0,0,1,1,0,0,2,57,12,11,46,terminal_customer_network_burst;ecommerce_authentication_shift;night_activity,0.46,0.028618985533999962,0.46
X000004270,2026-01-22 23:44:03,C000038,A0000038,M00007,T00210,South,South,20.84,USD,card_present,chip_pin,approved,APPROVE,35.46,0.5877044557247603,1,0,0,0,0,0,0,1,118,9,12,26,terminal_customer_network_burst;night_activity,0.26,0.009793216692102587,0.26
X000207183,2026-01-22 23:44:17,C001690,A0001690,M00453,T00940,South,South,134.75,USD,ecommerce,wallet_biometric,approved,APPROVE,40.07,3.3628649862740203,1,0,0,1,0,0,0,2,195,17,11,56,amount_vs_profile;terminal_customer_network_burst;night_activity,0.56,0.06229028554003995,0.56
X000211184,2026-01-22 23:44:19,C001722,A0001722,M00497,T00121,West,West,353.59,USD,card_present,3ds,approved,APPROVE,151.59,2.332541724388152,1,0,0,0,0,0,0,0,45,8,0,41,new_customer_terminal_pair;terminal_customer_network_burst;night_activity,0.41,0.017625397014529257,0.41
X000151596,2026-01-22 23:44:37,C001245,A0001245,M00074,T01036,South,South,95.89,USD,card_present,chip_pin,approved,APPROVE,81.6,1.175122549019608,1,0,0,0,0,0,0,1,197,20,3,26,terminal_customer_network_burst;night_activity,0.26,0.034717955407248105,0.26
X000182748,2026-01-22 23:44:43,C001503,A0001503,M00227,T00504,Midwest,Midwest,65.16,USD,ecommerce,chip_pin,approved,APPROVE,113.48,0.5741980965808953,1,0,0,1,0,0,0,5,151,11,22,51,customer_velocity;terminal_customer_network_burst;night_activity,0.51,0.013809442433224309,0.51
X000115862,2026-01-22 23:45:12,C000962,A0000962,M00430,T00230,South,South,33.16,USD,card_present,wallet_biometric,soft_decline,CHALLENGE,54.04,0.613619541080681,1,0,1,0,0,0,0,1,46,7,6,16,night_activity;authentication_soft_decline,0.16,0.0352326972253196,0.16
X000180186,2026-01-22 23:45:41,C001481,A0001481,M00564,T01141,Northeast,Northeast,24.2,USD,mobile_wallet,chip_pin,approved,APPROVE,18.39,1.315932572050027,1,0,0,0,0,1,0,2,126,14,12,26,terminal_customer_network_burst;night_activity,0.26,0.02745099803284514,0.26
X000171313,2026-01-22 23:45:48,C001412,A0001412,M00240,T00605,Midwest,Midwest,76.2,USD,card_present,chip_pin,soft_decline,CHALLENGE,62.79,1.2135690396559962,1,0,1,0,0,0,0,2,113,11,21,34,terminal_customer_network_burst;night_activity;authentication_soft_decline,0.34,0.0534624204618147,0.34
X000130901,2026-01-22 23:46:06,C001077,A0001077,M00021,T00406,South,South,46.11,USD,mobile_wallet,chip_pin,approved,APPROVE,41.55,1.1097472924187726,1,0,0,0,0,1,0,3,89,12,20,26,terminal_customer_network_burst;night_activity,0.26,0.019417516307783246,0.26
X000205929,2026-01-22 23:46:09,C001680,A0001680,M00761,T01038,South,South,389.67,USD,card_present,3ds,approved,APPROVE,155.53,2.5054330354272487,1,0,0,0,0,0,0,2,120,13,22,26,terminal_customer_network_burst;night_activity,0.26,0.023789055807763835,0.26
X000095348,2026-01-22 23:46:29,C000796,A0000796,M00723,T01112,Midwest,Midwest,82.26,USD,card_present,3ds,approved,APPROVE,38.69,2.1261307831481004,1,0,0,0,0,0,0,2,28,7,0,23,new_customer_terminal_pair;night_activity,0.23,0.016445016774441785,0.23
X000174097,2026-01-22 23:46:32,C001435,A0001435,M00001,T00955,South,South,184.84,USD,card_present,chip_pin,approved,APPROVE,143.1,1.291684136967156,1,0,0,0,0,0,0,5,142,13,36,51,customer_velocity;terminal_customer_network_burst;night_activity,0.51,0.014889445534861259,0.51
X000215814,2026-01-22 23:46:51,C001763,A0001763,M00746,T00565,West,West,31.47,USD,card_present,magstripe,approved,APPROVE,46.8,0.6724358974358975,1,0,0,0,1,0,0,4,23,3,10,8,night_activity,0.08,0.012184572193136326,0.08
X000024544,2026-01-22 23:47:19,C000207,A0000207,M00119,T00895,South,South,114.44,USD,card_present,magstripe,approved,APPROVE,77.4,1.4785529715762273,1,0,0,0,1,0,0,0,145,14,12,26,terminal_customer_network_burst;night_activity,0.26,0.034159235617131016,0.26
X000091726,2026-01-22 23:47:20,C000769,A0000769,M00077,T00530,South,South,496.86,USD,mobile_wallet,3ds,approved,APPROVE,268.43,1.8509853593115524,1,0,0,0,0,1,0,3,104,13,30,26,terminal_customer_network_burst;night_activity,0.26,0.023919453116992423,0.26
X000181564,2026-01-22 23:48:08,C001493,A0001493,M00365,T00733,South,South,37.02,USD,card_present,magstripe,approved,APPROVE,38.63,0.9583225472430753,1,0,0,0,1,0,0,1,139,17,10,26,terminal_customer_network_burst;night_activity,0.26,0.037728499925659444,0.26
X000110350,2026-01-22 23:48:24,C000922,A0000922,M00761,T01038,South,South,164.68,USD,card_present,chip_pin,approved,APPROVE,230.67,0.7139203190705338,1,0,0,0,0,0,0,8,121,13,17,51,customer_velocity;terminal_customer_network_burst;night_activity,0.51,0.018351724094082845,0.51
X000186056,2026-01-22 23:48:30,C001529,A0001529,M00268,T00608,West,West,36.06,USD,mobile_wallet,3ds,approved,APPROVE,86.48,0.4169750231267345,1,0,0,0,0,1,0,1,91,5,9,8,night_activity,0.08,0.009740861851740433,0.08
X000022576,2026-01-22 23:49:32,C000195,A0000195,M00260,T00534,West,West,105.31,USD,card_present,magstripe,approved,APPROVE,82.17,1.2816112936594863,1,0,0,0,1,0,0,1,37,6,21,8,night_activity,0.08,0.013922343739237033,0.08
X000041423,2026-01-22 23:49:55,C000350,A0000350,M00504,T00422,Northeast,Northeast,40.79,USD,card_present,chip_pin,approved,APPROVE,48.26,0.8452134272689599,1,0,0,0,0,0,0,0,163,11,7,26,terminal_customer_network_burst;night_activity,0.26,0.01368397767499031,0.26
X000121360,2026-01-22 23:50:04,C001008,A0001008,M00529,T00187,Midwest,Midwest,623.84,USD,card_present,3ds,approved,APPROVE,287.67,2.168595960649355,1,0,0,0,0,0,0,2,48,5,17,8,night_activity,0.08,0.011429606887755125,0.08
X000147676,2026-01-22 23:50:23,C001220,A0001220,M00437,T00139,West,West,61.35,USD,card_present,chip_pin,approved,APPROVE,107.29,0.5718147078012862,1,0,0,0,0,0,0,4,89,12,32,26,terminal_customer_network_burst;night_activity,0.26,0.00991015739592915,0.26
X000006612,2026-01-22 23:50:44,C000059,A0000059,M00002,T00850,Northeast,Northeast,42.37,USD,card_present,chip_pin,approved,APPROVE,45.46,0.9320281566212054,1,0,0,0,0,0,0,3,82,11,9,26,terminal_customer_network_burst;night_activity,0.26,0.014139322724158816,0.26
X000080059,2026-01-22 23:50:59,C000674,A0000674,M00424,T01128,Midwest,Midwest,954.25,USD,ecommerce,chip_pin,approved,APPROVE,400.29,2.3838966749106896,1,0,0,1,0,0,0,2,43,9,0,41,new_customer_terminal_pair;terminal_customer_network_burst;night_activity,0.41,0.02355475669900982,0.41
X000071792,2026-01-22 23:51:18,C000609,A0000609,M00133,T00854,Northeast,Northeast,127.83,USD,ecommerce,chip_pin,approved,APPROVE,131.74,0.9703203279186275,1,0,0,1,0,0,0,4,120,14,30,26,terminal_customer_network_burst;night_activity,0.26,0.015843077362584203,0.26
X000156054,2026-01-22 23:53:08,C001284,A0001284,M00092,T00788,West,West,69.89,USD,card_present,3ds,approved,APPROVE,43.59,1.6033493920623996,1,0,0,0,0,0,0,2,133,11,12,26,terminal_customer_network_burst;night_activity,0.26,0.017688075557090475,0.26
X000030767,2026-01-22 23:53:18,C000261,A0000261,M00720,T00311,Northeast,Northeast,54.9,USD,card_present,chip_pin,approved,APPROVE,75.95,0.7228439763001975,1,0,0,0,0,0,0,1,85,9,15,26,terminal_customer_network_burst;night_activity,0.26,0.009331416638007047,0.26
X000002998,2026-01-22 23:53:22,C000028,A0000028,M00596,T01101,Midwest,Midwest,87.53,USD,mobile_wallet,magstripe,approved,APPROVE,126.86,0.6899731988018288,1,0,0,0,1,1,0,4,102,9,30,26,terminal_customer_network_burst;night_activity,0.26,0.021992231193806385,0.26
X000173895,2026-01-22 23:53:32,C001434,A0001434,M00112,T00122,West,West,87.05,USD,card_present,chip_pin,approved,APPROVE,80.7,1.0786864931846343,1,0,0,0,0,0,0,0,97,6,16,8,night_activity,0.08,0.008132013858672162,0.08
X000051767,2026-01-22 23:54:06,C000438,A0000438,M00524,T00607,West,West,26.17,USD,card_present,wallet_biometric,approved,APPROVE,39.47,0.6630352166202179,1,0,0,0,0,0,0,0,17,5,10,8,night_activity,0.08,0.00630061429631662,0.08
X000083574,2026-01-22 23:54:44,C000698,A0000698,M00171,T00468,Northeast,Northeast,64.11,USD,ecommerce,chip_pin,approved,APPROVE,41.27,1.5534286406590743,1,0,0,1,0,0,0,3,57,7,2,8,night_activity,0.08,0.015736733325080167,0.08
X000103972,2026-01-22 23:55:38,C000875,A0000875,M00231,T00811,South,South,60.88,USD,mobile_wallet,chip_pin,approved,APPROVE,68.19,0.89279953072298,1,0,0,0,0,1,0,1,107,12,13,26,terminal_customer_network_burst;night_activity,0.26,0.01853424912233496,0.26
X000040225,2026-01-22 23:55:40,C000341,A0000341,M00077,T00723,South,South,110.38,USD,card_present,3ds,approved,APPROVE,147.38,0.7489482969195277,1,0,0,0,0,0,0,4,201,18,22,26,terminal_customer_network_burst;night_activity,0.26,0.02263608420372279,0.26
X000235156,2026-01-22 23:56:15,C001917,A0001917,M00394,T00597,South,South,116.08,USD,card_present,3ds,approved,APPROVE,143.14,0.8109543104652788,1,0,0,0,0,0,0,2,107,14,33,26,terminal_customer_network_burst;night_activity,0.26,0.011403480243959912,0.26
X000083252,2026-01-22 23:57:14,C000696,A0000696,M00145,T00673,Northeast,Northeast,164.62,USD,mobile_wallet,wallet_biometric,approved,APPROVE,156.98,1.0486686202063957,1,0,0,0,0,1,0,5,56,7,32,33,customer_velocity;night_activity,0.33,0.01157496017672862,0.33
X000081949,2026-01-22 23:58:17,C000686,A0000686,M00682,T00951,Northeast,Northeast,41.3,USD,card_present,chip_pin,approved,APPROVE,23.16,1.7832469775474955,1,0,0,0,0,0,0,1,74,8,11,26,terminal_customer_network_burst;night_activity,0.26,0.013389223680680497,0.26
X000080060,2026-01-22 23:58:59,C000674,A0000674,M00557,T00649,Midwest,Midwest,903.41,USD,card_present,chip_pin,approved,APPROVE,400.29,2.256888755652152,1,0,0,0,0,0,0,3,94,12,20,26,terminal_customer_network_burst;night_activity,0.26,0.021126494884038546,0.26
X000159742,2026-01-22 23:59:03,C001317,A0001317,M00365,T01114,South,South,35.2,USD,card_present,chip_pin,approved,APPROVE,37.63,0.9354238639383471,1,0,0,0,0,0,0,1,70,8,9,26,terminal_customer_network_burst;night_activity,0.26,0.01006800770706285,0.26
X000129821,2026-01-22 23:59:05,C001067,A0001067,M00696,T00129,Midwest,Midwest,236.63,USD,mobile_wallet,3ds,approved,APPROVE,153.89,1.537656767821171,1,0,0,0,0,1,0,6,83,9,31,51,customer_velocity;terminal_customer_network_burst;night_activity,0.51,0.01783616281029068,0.51
X000182472,2026-01-23 00:00:04,C001501,A0001501,M00731,T00584,Northeast,Northeast,58.01,USD,mobile_wallet,3ds,approved,APPROVE,47.12,1.2311120543293719,1,0,0,0,0,1,0,3,88,8,21,26,terminal_customer_network_burst;night_activity,0.26,0.0149444151449743,0.26
X000179725,2026-01-23 00:00:05,C001478,A0001478,M00057,T00959,West,West,69.69,USD,ecommerce,3ds,approved,APPROVE,45.51,1.5313117996044825,1,0,0,1,0,0,0,0,20,6,2,8,night_activity,0.08,0.011728757400896435,0.08
X000102675,2026-01-23 00:00:26,C000863,A0000863,M00111,T01015,Midwest,Midwest,197.22,USD,ecommerce,3ds,approved,APPROVE,164.58,1.1983230040102077,1,0,0,1,0,0,0,4,135,12,20,26,terminal_customer_network_burst;night_activity,0.26,0.01780736539413954,0.26
X000016929,2026-01-23 00:00:59,C000144,A0000144,M00312,T00115,Northeast,Northeast,19.69,USD,mobile_wallet,chip_pin,approved,APPROVE,35.96,0.5475528364849833,1,0,0,0,0,1,0,0,26,3,11,8,night_activity,0.08,0.007347765968484332,0.08
X000020103,2026-01-23 00:01:04,C000174,A0000174,M00241,T01148,West,West,7.26,USD,card_present,chip_pin,approved,APPROVE,20.52,0.3538011695906433,1,0,0,0,0,0,0,2,17,2,16,8,night_activity,0.08,0.004565070137263854,0.08
X000022353,2026-01-23 00:01:25,C000193,A0000193,M00262,T00998,South,South,11.67,USD,card_present,3ds,approved,APPROVE,30.04,0.3884820239680426,1,0,0,0,0,0,0,1,121,10,10,26,terminal_customer_network_burst;night_activity,0.26,0.010148855157632848,0.26
X000008943,2026-01-23 00:01:35,C000081,A0000081,M00706,T00409,Northeast,Northeast,70.67,USD,card_present,chip_pin,approved,APPROVE,43.2,1.6358796296296296,1,0,0,0,0,0,0,2,115,10,15,26,terminal_customer_network_burst;night_activity,0.26,0.015460113316950052,0.26
X000111307,2026-01-23 00:01:41,C000929,A0000929,M00345,T01138,South,South,30.26,USD,card_present,chip_pin,approved,APPROVE,42.45,0.7128386336866902,1,0,0,0,0,0,0,2,115,11,6,26,terminal_customer_network_burst;night_activity,0.26,0.013656122065982936,0.26
X000170987,2026-01-23 00:02:02,C001410,A0001410,M00341,T00741,Midwest,Midwest,128.09,USD,card_present,wallet_biometric,approved,APPROVE,101.46,1.262467967671989,1,0,0,0,0,0,0,0,44,8,11,26,terminal_customer_network_burst;night_activity,0.26,0.010028780132037386,0.26
X000211370,2026-01-23 00:02:56,C001724,A0001724,M00297,T00721,Northeast,Northeast,22.25,USD,card_present,3ds,soft_decline,CHALLENGE,61.45,0.36208299430431246,1,0,1,0,0,0,0,1,118,13,13,34,terminal_customer_network_burst;night_activity;authentication_soft_decline,0.34,0.04923281468579617,0.34
X000225800,2026-01-23 00:03:50,C001840,A0001840,M00005,T01091,South,South,116.16,USD,ecommerce,3ds,approved,APPROVE,193.68,0.5997521685254027,1,0,0,1,0,0,0,4,111,13,24,26,terminal_customer_network_burst;night_activity,0.26,0.013941291341736899,0.26
X000226559,2026-01-23 00:03:50,C001846,A0001846,M00184,T00058,South,South,56.69,USD,card_present,magstripe,approved,APPROVE,154.77,0.3662854558376946,1,0,0,0,1,0,0,1,137,15,11,26,terminal_customer_network_burst;night_activity,0.26,0.025984279375584726,0.26
X000218971,2026-01-23 00:04:07,C001789,A0001789,M00689,T01179,Northeast,Northeast,75.53,USD,ecommerce,3ds,approved,APPROVE,97.43,0.7752232371959356,1,0,0,1,0,0,0,5,138,16,30,51,customer_velocity;terminal_customer_network_burst;night_activity,0.51,0.018462764333624246,0.51
X000099819,2026-01-23 00:04:56,C000839,A0000839,M00385,T00962,South,South,66.49,USD,card_present,wallet_biometric,approved,APPROVE,27.92,2.3814469914040113,1,0,0,0,0,0,0,1,71,8,10,26,terminal_customer_network_burst;night_activity,0.26,0.016836176486348876,0.26
X000164144,2026-01-23 00:05:11,C001353,A0001353,M00368,T00442,West,West,204.77,USD,mobile_wallet,chip_pin,approved,APPROVE,94.56,2.165503384094755,1,0,0,0,0,1,0,1,73,11,11,26,terminal_customer_network_burst;night_activity,0.26,0.026776473571145556,0.26
X000030428,2026-01-23 00:05:22,C000260,A0000260,M00056,T01147,Midwest,Midwest,192.92,USD,ecommerce,chip_pin,approved,APPROVE,214.67,0.8986816974891694,1,0,0,1,0,0,0,5,163,10,60,51,customer_velocity;terminal_customer_network_burst;night_activity,0.51,0.00813037099312682,0.51
X000064970,2026-01-23 00:05:39,C000551,A0000551,M00445,T00021,Northeast,Northeast,112.95,USD,ecommerce,chip_pin,approved,APPROVE,293.22,0.3852056476365868,1,0,0,1,0,0,0,1,125,9,23,26,terminal_customer_network_burst;night_activity,0.26,0.008548770451159213,0.26
X000093212,2026-01-23 00:05:57,C000781,A0000781,M00761,T01038,South,South,27.33,USD,card_present,chip_pin,approved,APPROVE,75.59,0.3615557613440931,1,0,0,0,0,0,0,1,122,13,15,26,terminal_customer_network_burst;night_activity,0.26,0.011575801726682142,0.26
X000073859,2026-01-23 00:05:59,C000624,A0000624,M00127,T00810,South,South,96.32,USD,card_present,chip_pin,approved,APPROVE,94.14,1.0231570002124495,1,0,0,0,0,0,0,3,54,7,11,8,night_activity,0.08,0.01015108081851717,0.08
X000194301,2026-01-23 00:06:25,C001597,A0001597,M00387,T00932,Northeast,Northeast,612.42,USD,card_present,chip_pin,approved,APPROVE,141.04,4.34217243335224,1,0,0,0,0,0,0,4,96,8,25,56,amount_vs_profile;terminal_customer_network_burst;night_activity,0.56,0.03289697734817924,0.56
X000218178,2026-01-23 00:06:32,C001782,A0001782,M00166,T00474,Northeast,Northeast,58.32,USD,ecommerce,chip_pin,approved,APPROVE,46.59,1.2517707662588538,1,0,0,1,0,0,0,2,57,9,8,26,terminal_customer_network_burst;night_activity,0.26,0.014086275094091924,0.26
X000235157,2026-01-23 00:07:28,C001917,A0001917,M00223,T00651,South,South,283.45,USD,mobile_wallet,chip_pin,approved,APPROVE,143.14,1.9802291462903452,1,0,0,0,0,1,0,3,134,13,27,26,terminal_customer_network_burst;night_activity,0.26,0.027467900904718942,0.26
X000240446,2026-01-23 00:07:38,C001961,A0001961,M00077,T00723,South,South,55.91,USD,ecommerce,chip_pin,approved,APPROVE,100.48,0.5564291401273885,1,0,0,1,0,0,0,4,202,18,36,26,terminal_customer_network_burst;night_activity,0.26,0.018788408926029516,0.26
X000214688,2026-01-23 00:08:12,C001753,A0001753,M00110,T00096,South,South,92.13,USD,card_present,chip_pin,approved,APPROVE,148.46,0.6205711976289909,1,0,0,0,0,0,0,3,156,14,23,26,terminal_customer_network_burst;night_activity,0.26,0.01412540945531085,0.26
X000015603,2026-01-23 00:08:15,C000133,A0000133,M00172,T00722,Northeast,Northeast,20.02,USD,card_present,3ds,approved,APPROVE,51.04,0.3922413793103448,1,0,0,0,0,0,0,2,183,12,24,26,terminal_customer_network_burst;night_activity,0.26,0.010946227225367262,0.26
X000136066,2026-01-23 00:08:48,C001119,A0001119,M00225,T00294,Midwest,Midwest,102.02,USD,card_present,chip_pin,approved,APPROVE,78.7,1.2963151207115629,1,0,0,0,0,0,0,2,106,9,10,26,terminal_customer_network_burst;night_activity,0.26,0.01354563396193512,0.26
X000078539,2026-01-23 00:09:39,C000661,A0000661,M00731,T00461,Northeast,Northeast,59.65,USD,ecommerce,3ds,approved,APPROVE,47.46,1.2568478718921197,1,0,0,1,0,0,0,0,42,4,19,8,night_activity,0.08,0.00726769788170726,0.08
X000051203,2026-01-23 00:09:46,C000431,A0000431,M00171,T00061,Northeast,Northeast,50.57,USD,ecommerce,3ds,approved,APPROVE,55.24,0.91545981173063,1,0,0,1,0,0,0,1,29,4,11,8,night_activity,0.08,0.007508164029270545,0.08
X000054427,2026-01-23 00:10:04,C000461,A0000461,M00244,T00277,South,South,750.77,USD,card_present,3ds,approved,APPROVE,456.08,1.646136642694264,1,0,0,0,0,0,0,1,148,11,35,26,terminal_customer_network_burst;night_activity,0.26,0.012195845894493244,0.26
X000156958,2026-01-23 00:10:53,C001291,A0001291,M00295,T00926,South,South,254.64,USD,mobile_wallet,chip_pin,approved,APPROVE,200.77,1.2683169796284304,1,0,0,0,0,1,0,5,65,9,15,51,customer_velocity;terminal_customer_network_burst;night_activity,0.51,0.019148410971674166,0.51
X000108043,2026-01-23 00:10:57,C000904,A0000904,M00615,T01067,Midwest,Midwest,426.34,USD,card_present,3ds,approved,APPROVE,182.31,2.338544237836652,1,0,0,0,0,0,0,1,106,12,26,26,terminal_customer_network_burst;night_activity,0.26,0.018205319558512064,0.26
X000187808,2026-01-23 00:11:00,C001543,A0001543,M00211,T00509,Midwest,Midwest,175.38,USD,card_present,chip_pin,approved,APPROVE,217.69,0.8056410491984014,1,0,0,0,0,0,0,6,145,14,48,51,customer_velocity;terminal_customer_network_burst;night_activity,0.51,0.011766387674997662,0.51
X000018589,2026-01-23 00:11:01,C000159,A0000159,M00280,T00178,Northeast,Northeast,55.79,USD,ecommerce,3ds,approved,APPROVE,81.09,0.6880009865581452,1,0,0,1,0,0,0,1,79,9,12,26,terminal_customer_network_burst;night_activity,0.26,0.010571366694049948,0.26
X000064217,2026-01-23 00:11:14,C000545,A0000545,M00486,T00714,South,South,75.19,USD,ecommerce,chip_pin,approved,APPROVE,50.07,1.5016976233273416,1,0,0,1,0,0,0,0,124,15,7,26,terminal_customer_network_burst;night_activity,0.26,0.024111236372389357,0.26
X000197421,2026-01-23 00:11:54,C001621,A0001621,M00269,T00339,West,West,182.91,USD,mobile_wallet,wallet_biometric,approved,APPROVE,173.71,1.0529618329399573,1,0,0,0,0,1,0,6,79,6,41,33,customer_velocity;night_activity,0.33,0.010223976486474483,0.33
X000156055,2026-01-23 00:12:04,C001284,A0001284,M00732,T00420,West,West,62.31,USD,ecommerce,chip_pin,approved,APPROVE,43.59,1.4294562973158982,1,0,0,1,0,0,0,3,18,6,11,8,night_activity,0.08,0.011449767366872789,0.08
X000002787,2026-01-23 00:12:11,C000027,A0000027,M00354,T00796,Northeast,Northeast,89.02,USD,ecommerce,chip_pin,approved,APPROVE,100.97,0.8816480142616618,1,0,0,1,0,0,0,2,27,4,20,8,night_activity,0.08,0.006764816147544061,0.08
X000235158,2026-01-23 00:12:29,C001917,A0001917,M00394,T00597,South,South,182.83,USD,card_present,chip_pin,approved,APPROVE,143.14,1.2772809836523684,1,0,0,0,0,0,0,4,108,14,34,26,terminal_customer_network_burst;night_activity,0.26,0.014800793202504593,0.26
X000022577,2026-01-23 00:12:34,C000195,A0000195,M00724,T01129,West,West,36.37,USD,mobile_wallet,chip_pin,approved,APPROVE,82.17,0.4426189606912498,1,0,0,0,0,1,0,2,87,7,17,8,night_activity,0.08,0.010508976397196524,0.08
X000208877,2026-01-23 00:12:35,C001704,A0001704,M00737,T00466,Midwest,Midwest,96.46,USD,card_present,chip_pin,approved,APPROVE,82.48,1.1694956353055286,1,0,0,0,0,0,0,3,74,9,12,26,terminal_customer_network_burst;night_activity,0.26,0.012573533438443096,0.26
X000010984,2026-01-23 00:12:42,C000099,A0000099,M00700,T00679,Northeast,Northeast,186.98,USD,ecommerce,chip_pin,approved,APPROVE,61.42,3.044285249104526,1,0,0,1,0,0,0,2,113,11,7,56,amount_vs_profile;terminal_customer_network_burst;night_activity,0.56,0.034393890470211845,0.56
X000055931,2026-01-23 00:13:18,C000472,A0000472,M00262,T00998,South,South,37.86,USD,mobile_wallet,chip_pin,approved,APPROVE,26.64,1.4211711711711712,1,0,0,0,0,1,0,1,122,10,16,26,terminal_customer_network_burst;night_activity,0.26,0.018985807161577595,0.26
X000018286,2026-01-23 00:13:41,C000156,A0000156,M00051,T00286,South,South,113.62,USD,card_present,3ds,approved,APPROVE,107.47,1.0572252721689774,1,0,0,0,0,0,0,3,155,13,19,26,terminal_customer_network_burst;night_activity,0.26,0.016371317332161676,0.26
X000135313,2026-01-23 00:13:49,C001111,A0001111,M00082,T00557,Northeast,Northeast,113.24,USD,ecommerce,chip_pin,approved,APPROVE,130.9,0.8650878533231474,1,0,0,1,0,0,0,6,91,10,17,51,customer_velocity;terminal_customer_network_burst;night_activity,0.51,0.014836425491640303,0.51
X000035516,2026-01-23 00:14:12,C000301,A0000301,M00271,T00227,Northeast,Northeast,75.57,USD,card_present,wallet_biometric,approved,APPROVE,69.87,1.0815800772863888,1,0,0,0,0,0,0,1,47,9,7,26,terminal_customer_network_burst;night_activity,0.26,0.011375406609567689,0.26
X000192173,2026-01-23 00:14:26,C001577,A0001577,M00402,T00179,South,South,284.44,USD,card_present,chip_pin,approved,APPROVE,271.97,1.04585064529176,1,0,0,0,0,0,0,3,99,10,11,26,terminal_customer_network_burst;night_activity,0.26,0.01363927080969993,0.26
X000169506,2026-01-23 00:14:27,C001400,A0001400,M00282,T00583,South,South,371.57,USD,card_present,chip_pin,approved,APPROVE,210.06,1.768875559363991,1,0,0,0,0,0,0,4,184,16,36,26,terminal_customer_network_burst;night_activity,0.26,0.022258054227758343,0.26
X000129376,2026-01-23 00:14:36,C001064,A0001064,M00552,T00463,Northeast,Northeast,410.29,USD,mobile_wallet,chip_pin,approved,APPROVE,157.04,2.6126464595007644,1,0,0,0,0,1,0,6,100,11,25,51,customer_velocity;terminal_customer_network_burst;night_activity,0.51,0.03414823794675478,0.51
X000116439,2026-01-23 00:14:43,C000966,A0000966,M00154,T00860,South,South,432.65,USD,card_present,magstripe,approved,APPROVE,110.51,3.9150303139987326,1,0,0,0,1,0,0,3,124,13,24,56,amount_vs_profile;terminal_customer_network_burst;night_activity,0.56,0.07062116002241864,0.56
X000128537,2026-01-23 00:15:18,C001058,A0001058,M00475,T00965,Midwest,Midwest,25.66,USD,card_present,chip_pin,approved,APPROVE,41.97,0.611389087443412,1,0,0,0,0,0,0,1,81,11,9,26,terminal_customer_network_burst;night_activity,0.26,0.011310594691839945,0.26
X000074988,2026-01-23 00:15:21,C000631,A0000631,M00044,T01081,Northeast,Northeast,253.13,USD,ecommerce,wallet_biometric,approved,APPROVE,287.17,0.8814639412194867,1,0,0,1,0,0,0,8,147,15,37,51,customer_velocity;terminal_customer_network_burst;night_activity,0.51,0.01897577898220068,0.51
X000092328,2026-01-23 00:15:22,C000773,A0000773,M00376,T00181,South,South,52.51,USD,ecommerce,chip_pin,approved,APPROVE,45.11,1.164043449346043,1,0,0,1,0,0,0,2,195,13,30,26,terminal_customer_network_burst;night_activity,0.26,0.015985961857681367,0.26
X000181565,2026-01-23 00:15:51,C001493,A0001493,M00087,T00716,South,South,39.82,USD,card_present,chip_pin,approved,APPROVE,38.63,1.0308050737768573,1,0,0,0,0,0,0,2,172,12,14,26,terminal_customer_network_burst;night_activity,0.26,0.015884632519019736,0.26
X000151204,2026-01-23 00:16:07,C001242,A0001242,M00005,T00817,South,South,77.28,USD,card_present,chip_pin,approved,APPROVE,122.13,0.632768361581921,1,0,0,0,0,0,0,2,164,14,22,26,terminal_customer_network_burst;night_activity,0.26,0.013847658300462874,0.26
X000181200,2026-01-23 00:16:25,C001490,A0001490,M00211,T00509,West,Midwest,78.23,USD,ecommerce,wallet_biometric,approved,APPROVE,140.67,0.5561242624582357,1,0,0,1,0,0,1,2,146,14,0,53,new_customer_terminal_pair;terminal_customer_network_burst;night_activity;home_region_mismatch,0.53,0.14890211499099637,0.53
X000011663,2026-01-23 00:17:04,C000103,A0000103,M00163,T01133,Midwest,Midwest,16.54,USD,mobile_wallet,3ds,approved,APPROVE,21.68,0.7629151291512914,1,0,0,0,0,1,0,0,66,8,6,26,terminal_customer_network_burst;night_activity,0.26,0.013157533016132867,0.26
X000152624,2026-01-23 00:17:07,C001255,A0001255,M00160,T00039,South,South,37.89,USD,ecommerce,chip_pin,approved,APPROVE,41.83,0.9058092278269185,1,0,0,1,0,0,0,1,115,11,13,26,terminal_customer_network_burst;night_activity,0.26,0.013773296446757913,0.26
X000207604,2026-01-23 00:17:08,C001694,A0001694,M00005,T00817,South,South,8.35,USD,mobile_wallet,wallet_biometric,approved,APPROVE,51.94,0.1607624181748171,1,0,0,0,0,1,0,0,165,14,8,26,terminal_customer_network_burst;night_activity,0.26,0.018396533632340787,0.26
X000103973,2026-01-23 00:17:42,C000875,A0000875,M00732,T00420,South,West,161.1,USD,card_present,chip_pin,approved,APPROVE,68.19,2.3625164980202378,1,0,0,0,0,0,1,2,19,6,0,35,new_customer_terminal_pair;night_activity;home_region_mismatch,0.35,0.12336469418302305,0.35
X000047962,2026-01-23 00:17:55,C000404,A0000404,M00513,T00695,Midwest,Midwest,329.42,USD,card_present,3ds,approved,APPROVE,227.96,1.445078083874364,1,0,0,0,0,0,0,2,94,5,34,8,night_activity,0.08,0.007209932074925517,0.08
X000209028,2026-01-23 00:18:02,C001705,A0001705,M00288,T01177,Northeast,Northeast,33.5,USD,ecommerce,3ds,approved,APPROVE,62.52,0.535828534868842,1,0,0,1,0,0,0,3,133,13,20,26,terminal_customer_network_burst;night_activity,0.26,0.01423158074523082,0.26
X000082265,2026-01-23 00:19:31,C000689,A0000689,M00316,T00389,West,South,49.64,USD,mobile_wallet,chip_pin,approved,APPROVE,50.73,0.9785136999802879,1,0,0,0,0,1,1,0,172,14,0,53,new_customer_terminal_pair;terminal_customer_network_burst;night_activity;home_region_mismatch,0.53,0.1967488154385335,0.53
X000135912,2026-01-23 00:19:35,C001117,A0001117,M00119,T00895,South,South,50.25,USD,mobile_wallet,chip_pin,approved,APPROVE,44.49,1.129467296021578,1,0,0,0,0,1,0,2,146,14,9,26,terminal_customer_network_burst;night_activity,0.26,0.027706729082443014,0.26
X000218584,2026-01-23 00:19:38,C001786,A0001786,M00048,T00107,Northeast,Northeast,9.45,USD,ecommerce,wallet_biometric,approved,APPROVE,19.86,0.47583081570996977,1,0,0,1,0,0,0,2,118,10,12,26,terminal_customer_network_burst;night_activity,0.26,0.011769423520504417,0.26
X000081188,2026-01-23 00:19:53,C000681,A0000681,M00769,T00996,West,West,88.74,USD,mobile_wallet,3ds,approved,APPROVE,189.01,0.4694989683085551,1,0,0,0,0,1,0,5,133,7,43,33,customer_velocity;night_activity,0.33,0.00887388889982648,0.33
X000165196,2026-01-23 00:20:50,C001363,A0001363,M00737,T00466,Midwest,Midwest,69.16,USD,ecommerce,chip_pin,approved,APPROVE,62.14,1.112970711297071,1,0,0,1,0,0,0,2,75,9,11,26,terminal_customer_network_burst;night_activity,0.26,0.013136165922560724,0.26
X000006107,2026-01-23 00:21:22,C000056,A0000056,M00484,T00728,South,South,112.99,USD,card_present,chip_pin,approved,APPROVE,99.33,1.1375213933353467,1,0,0,0,0,0,0,6,181,12,36,51,customer_velocity;terminal_customer_network_burst;night_activity,0.51,0.014643092399300265,0.51
X000183109,2026-01-23 00:22:30,C001506,A0001506,M00255,T00006,West,West,72.86,USD,card_present,3ds,approved,APPROVE,75.16,0.9693986162852581,1,0,0,0,0,0,0,4,36,5,23,8,night_activity,0.08,0.007306414602008614,0.08
X000029326,2026-01-23 00:22:35,C000253,A0000253,M00160,T00039,South,South,272.86,USD,card_present,3ds,approved,APPROVE,203.2,1.3428149606299213,1,0,0,0,0,0,0,2,116,11,32,26,terminal_customer_network_burst;night_activity,0.26,0.011474026292338891,0.26
X000135913,2026-01-23 00:22:48,C001117,A0001117,M00406,T00057,South,South,63.44,USD,mobile_wallet,wallet_biometric,approved,APPROVE,44.49,1.4259384131265451,1,0,0,0,0,1,0,3,127,15,10,26,terminal_customer_network_burst;night_activity,0.26,0.033335965743316584,0.26
X000069713,2026-01-23 00:23:17,C000593,A0000593,M00738,T00899,South,South,949.04,USD,card_present,chip_pin,approved,APPROVE,191.3,4.961003659174072,1,0,0,0,0,0,0,4,174,14,18,56,amount_vs_profile;terminal_customer_network_burst;night_activity,0.56,0.07735435871710596,0.56
X000131020,2026-01-23 00:24:29,C001078,A0001078,M00002,T00312,Northeast,Northeast,30.79,USD,mobile_wallet,wallet_biometric,approved,APPROVE,48.16,0.639327242524917,1,0,0,0,0,1,0,0,68,10,10,26,terminal_customer_network_burst;night_activity,0.26,0.013701963982644427,0.26
X000093604,2026-01-23 00:24:31,C000784,A0000784,M00481,T00265,Northeast,Northeast,38.07,USD,ecommerce,chip_pin,approved,APPROVE,63.34,0.6010419955794126,1,0,0,1,0,0,0,1,128,11,9,26,terminal_customer_network_burst;night_activity,0.26,0.013380366596123742,0.26
X000023669,2026-01-23 00:24:45,C000201,A0000201,M00594,T01188,Northeast,Northeast,295.87,USD,card_present,chip_pin,approved,APPROVE,309.26,0.9567030977171312,1,0,0,0,0,0,0,3,200,15,35,26,terminal_customer_network_burst;night_activity,0.26,0.015233929391930948,0.26
X000121570,2026-01-23 00:25:00,C001009,A0001009,M00693,T00687,South,South,16.29,USD,card_present,magstripe,approved,APPROVE,14.28,1.1407563025210083,1,0,0,0,1,0,0,2,56,10,14,26,terminal_customer_network_burst;night_activity,0.26,0.021346937245771,0.26
X000092125,2026-01-23 00:25:29,C000771,A0000771,M00068,T00322,Northeast,Northeast,24.43,USD,card_present,wallet_biometric,approved,APPROVE,30.82,0.7926670992861778,1,0,0,0,0,0,0,0,122,13,5,26,terminal_customer_network_burst;night_activity,0.26,0.015032075897792178,0.26
X000201227,2026-01-23 00:25:29,C001648,A0001648,M00430,T01143,South,South,268.99,USD,card_present,chip_pin,soft_decline,CHALLENGE,190.18,1.4143968871595332,1,0,1,0,0,0,0,6,140,12,28,59,customer_velocity;terminal_customer_network_burst;night_activity;authentication_soft_decline,0.59,0.07024193476719888,0.59
X000109400,2026-01-23 00:25:38,C000915,A0000915,M00354,T00770,Northeast,Northeast,122.92,USD,card_present,3ds,approved,APPROVE,81.31,1.511745172795474,1,0,0,0,0,0,0,1,36,7,23,8,night_activity,0.08,0.00881290562839468,0.08
X000184037,2026-01-23 00:25:49,C001516,A0001516,M00038,T00874,South,South,55.07,USD,card_present,magstripe,approved,APPROVE,98.31,0.5601668192452446,1,0,0,0,1,0,0,2,242,19,18,26,terminal_customer_network_burst;night_activity,0.26,0.04099121808997625,0.26
X000081862,2026-01-23 00:26:05,C000685,A0000685,M00476,T00071,Midwest,Midwest,107.15,USD,ecommerce,3ds,approved,APPROVE,59.21,1.809660530315825,1,0,0,1,0,0,0,0,68,7,11,8,night_activity,0.08,0.01306107874819565,0.08
X000023463,2026-01-23 00:26:29,C000200,A0000200,M00531,T00724,Midwest,Midwest,24.49,USD,ecommerce,chip_pin,approved,APPROVE,41.87,0.5849056603773585,1,0,0,1,0,0,0,0,61,6,26,8,night_activity,0.08,0.006060506023473442,0.08
X000158299,2026-01-23 00:26:57,C001302,A0001302,M00398,T00726,South,South,18.69,USD,ecommerce,chip_pin,approved,APPROVE,24.26,0.77040395713108,1,0,0,1,0,0,0,1,84,8,6,26,terminal_customer_network_burst;night_activity,0.26,0.01121397082523334,0.26
X000047963,2026-01-23 00:27:22,C000404,A0000404,M00017,T00257,Midwest,Midwest,375.35,USD,card_present,3ds,approved,APPROVE,227.96,1.6465608001403755,1,0,0,0,0,0,0,3,74,5,45,8,night_activity,0.08,0.006675579074770676,0.08
X000105105,2026-01-23 00:27:23,C000884,A0000884,M00761,T01038,South,South,29.92,USD,card_present,chip_pin,approved,APPROVE,29.77,1.005038629492778,1,0,0,0,0,0,0,2,123,13,15,26,terminal_customer_network_burst;night_activity,0.26,0.015450856490429586,0.26
X000093477,2026-01-23 00:27:28,C000783,A0000783,M00193,T01039,West,West,275.59,USD,card_present,chip_pin,approved,APPROVE,111.36,2.4747665229885056,1,0,0,0,0,0,0,4,101,11,17,26,terminal_customer_network_burst;night_activity,0.26,0.023719225834198096,0.26
X000213644,2026-01-23 00:27:37,C001744,A0001744,M00706,T00856,Northeast,Northeast,38.44,USD,mobile_wallet,3ds,approved,APPROVE,59.27,0.6485574489623755,1,0,0,0,0,1,0,1,60,8,19,26,terminal_customer_network_burst;night_activity,0.26,0.010752524161383295,0.26
X000165809,2026-01-23 00:27:39,C001368,A0001368,M00524,T00237,West,West,219.28,USD,ecommerce,3ds,approved,APPROVE,257.01,0.8531963736819579,1,0,0,1,0,0,0,3,119,13,26,26,terminal_customer_network_burst;night_activity,0.26,0.014243212239766793,0.26
X000060246,2026-01-23 00:28:39,C000513,A0000513,M00592,T00596,South,South,152.87,USD,ecommerce,chip_pin,approved,APPROVE,115.4,1.3246967071057192,1,0,0,1,0,0,0,5,113,12,22,51,customer_velocity;terminal_customer_network_burst;night_activity,0.51,0.018408910782978568,0.51
X000129822,2026-01-23 00:29:04,C001067,A0001067,M00414,T00189,Midwest,Midwest,129.95,USD,ecommerce,3ds,approved,APPROVE,153.89,0.844434336214179,1,0,0,1,0,0,0,7,175,17,37,51,customer_velocity;terminal_customer_network_burst;night_activity,0.51,0.021425737367060983,0.51
X000207047,2026-01-23 00:29:05,C001689,A0001689,M00282,T00583,South,South,106.19,USD,card_present,chip_pin,approved,APPROVE,82.33,1.2898093040204057,1,0,0,0,0,0,0,2,185,16,23,26,terminal_customer_network_burst;night_activity,0.26,0.020661103786915973,0.26
X000148579,2026-01-23 00:29:28,C001225,A0001225,M00247,T01144,South,South,137.6,USD,ecommerce,3ds,approved,APPROVE,171.02,0.8045842591509764,1,0,0,1,0,0,0,7,222,21,53,51,customer_velocity;terminal_customer_network_burst;night_activity,0.51,0.023611684652498494,0.51
X000094573,2026-01-23 00:30:03,C000790,A0000790,M00257,T00772,South,South,132.25,USD,ecommerce,3ds,approved,APPROVE,153.21,0.8631943084655048,1,0,0,1,0,0,0,1,182,17,9,26,terminal_customer_network_burst;night_activity,0.26,0.02463888937534297,0.26
X000008119,2026-01-23 00:30:05,C000074,A0000074,M00196,T00915,South,Midwest,23.46,USD,ecommerce,chip_pin,approved,APPROVE,44.26,0.5300497062810665,1,0,0,1,0,0,1,1,67,15,0,53,new_customer_terminal_pair;terminal_customer_network_burst;night_activity;home_region_mismatch,0.53,0.13525389800953852,0.53
X000108955,2026-01-23 00:30:05,C000913,A0000913,M00386,T00008,Northeast,Northeast,162.28,USD,card_present,wallet_biometric,approved,APPROVE,132.83,1.2217119626590378,1,0,0,0,0,0,0,7,98,10,34,51,customer_velocity;terminal_customer_network_burst;night_activity,0.51,0.01249944906028726,0.51
X000242322,2026-01-23 00:30:10,C001979,A0001979,M00299,T00392,Northeast,Northeast,46.32,USD,card_present,3ds,approved,APPROVE,82.21,0.5634351052183433,1,0,0,0,0,0,0,3,58,7,25,8,night_activity,0.08,0.006927745143653699,0.08
X000177282,2026-01-23 00:30:39,C001460,A0001460,M00023,T00720,Midwest,Midwest,85.66,USD,card_present,wallet_biometric,approved,APPROVE,140.53,0.609549562371024,1,0,0,0,0,0,0,1,138,11,25,26,terminal_customer_network_burst;night_activity,0.26,0.009607393044026252,0.26
X000104764,2026-01-23 00:30:56,C000882,A0000882,M00481,T00116,Northeast,Northeast,21.37,USD,ecommerce,wallet_biometric,approved,APPROVE,26.23,0.8147159740754861,1,0,0,1,0,0,0,2,71,7,24,8,night_activity,0.08,0.008257805151273489,0.08
X000225394,2026-01-23 00:31:00,C001837,A0001837,M00191,T01127,Midwest,Midwest,36.77,USD,card_present,chip_pin,approved,APPROVE,31.4,1.171019108280255,1,0,0,0,0,0,0,1,73,7,5,8,night_activity,0.08,0.01091504435419112,0.08
X000141700,2026-01-23 00:31:05,C001168,A0001168,M00205,T00871,South,South,141.16,USD,mobile_wallet,3ds,approved,APPROVE,130.37,1.0827644396717035,1,0,0,0,0,1,0,0,80,8,5,26,terminal_customer_network_burst;night_activity,0.26,0.015344800814453144,0.26
X000153006,2026-01-23 00:31:07,C001258,A0001258,M00607,T00470,South,South,38.95,USD,card_present,chip_pin,approved,APPROVE,82.17,0.4740172812461969,1,0,0,0,0,0,0,6,162,15,24,51,customer_velocity;terminal_customer_network_burst;night_activity,0.51,0.016724168663494184,0.51
X000057766,2026-01-23 00:31:31,C000490,A0000490,M00503,T00931,West,West,93.57,USD,ecommerce,wallet_biometric,approved,APPROVE,37.56,2.491214057507987,1,0,0,1,0,0,0,3,42,7,7,8,night_activity,0.08,0.020013141430445806,0.08
X000128843,2026-01-23 00:32:14,C001060,A0001060,M00679,T00587,Northeast,Northeast,336.38,USD,mobile_wallet,3ds,approved,APPROVE,203.81,1.6504587606103724,1,0,0,0,0,1,0,3,161,10,35,26,terminal_customer_network_burst;night_activity,0.26,0.0180946705804918,0.26
X000006613,2026-01-23 00:32:37,C000059,A0000059,M00002,T00850,Northeast,Northeast,175.82,USD,ecommerce,chip_pin,approved,APPROVE,45.46,3.8675758908930926,1,0,0,1,0,0,0,4,83,11,10,56,amount_vs_profile;terminal_customer_network_burst;night_activity,0.56,0.04660130278294842,0.56
X000106644,2026-01-23 00:33:05,C000894,A0000894,M00005,T00817,South,South,504.19,USD,card_present,chip_pin,approved,APPROVE,442.56,1.1392579537237888,1,0,0,0,0,0,0,6,166,14,35,51,customer_velocity;terminal_customer_network_burst;night_activity,0.51,0.016807912120237713,0.51
X000122895,2026-01-23 00:34:11,C001019,A0001019,M00378,T01130,South,South,167.98,USD,card_present,3ds,approved,APPROVE,167.99,0.9999404726471812,1,0,0,0,0,0,0,2,141,12,29,26,terminal_customer_network_burst;night_activity,0.26,0.011853327290525373,0.26
X000206120,2026-01-23 00:35:54,C001682,A0001682,M00682,T00951,Northeast,Northeast,41.78,USD,card_present,chip_pin,approved,APPROVE,64.09,0.6518957715712279,1,0,0,0,0,0,0,2,75,8,11,26,terminal_customer_network_burst;night_activity,0.26,0.00933922632314757,0.26
X000203482,2026-01-23 00:36:19,C001665,A0001665,M00295,T00425,South,South,85.27,USD,ecommerce,wallet_biometric,soft_decline,CHALLENGE,58.12,1.467136958017894,1,0,1,1,0,0,0,3,236,17,13,34,terminal_customer_network_burst;night_activity;authentication_soft_decline,0.34,0.13384550208367,0.34
X000224505,2026-01-23 00:36:27,C001832,A0001832,M00791,T00304,South,South,91.81,USD,card_present,chip_pin,approved,APPROVE,173.44,0.5293473247232473,1,0,0,0,0,0,0,6,164,12,45,51,customer_velocity;terminal_customer_network_burst;night_activity,0.51,0.00992307914093085,0.51
X000079576,2026-01-23 00:36:33,C000670,A0000670,M00766,T00816,West,West,46.83,USD,card_present,magstripe,approved,APPROVE,36.5,1.283013698630137,1,0,0,0,1,0,0,0,49,7,10,8,night_activity,0.08,0.01718202626430114,0.08
X000033977,2026-01-23 00:37:12,C000289,A0000289,M00096,T00202,West,West,160.88,USD,ecommerce,wallet_biometric,approved,APPROVE,157.83,1.0193245897484635,1,0,0,1,0,0,0,3,101,12,36,26,terminal_customer_network_burst;night_activity,0.26,0.011713390518881565,0.26
X000164655,2026-01-23 00:38:14,C001357,A0001357,M00193,T00346,West,West,26.12,USD,ecommerce,3ds,approved,APPROVE,40.93,0.6381627168336184,1,0,0,1,0,0,0,3,81,10,14,26,terminal_customer_network_burst;night_activity,0.26,0.012049469074838753,0.26
X000121361,2026-01-23 00:39:11,C001008,A0001008,M00574,T00190,Midwest,Midwest,204.31,USD,card_present,wallet_biometric,approved,APPROVE,287.67,0.7102235200055619,1,0,0,0,0,0,0,3,169,15,32,26,terminal_customer_network_burst;night_activity,0.26,0.013912752252087894,0.26
X000168994,2026-01-23 00:39:32,C001397,A0001397,M00738,T00899,South,South,71.83,USD,ecommerce,magstripe,approved,APPROVE,55.89,1.2852030774736087,1,0,0,1,1,0,0,6,175,14,21,71,customer_velocity;terminal_customer_network_burst;ecommerce_authentication_shift;night_activity,0.71,0.04348793024459485,0.71
X000152717,2026-01-23 00:39:43,C001256,A0001256,M00700,T00884,Northeast,Northeast,19.15,USD,ecommerce,wallet_biometric,approved,APPROVE,54.39,0.3520867806582092,1,0,0,1,0,0,0,3,110,9,17,26,terminal_customer_network_burst;night_activity,0.26,0.010067834431079345,0.26
X000058829,2026-01-23 00:39:45,C000499,A0000499,M00255,T00819,West,West,218.65,USD,card_present,3ds,approved,APPROVE,206.75,1.0575574365175333,1,0,0,0,0,0,0,1,71,8,25,26,terminal_customer_network_burst;night_activity,0.26,0.00820744601467104,0.26
X000063459,2026-01-23 00:40:38,C000539,A0000539,M00378,T01130,South,South,50.08,USD,ecommerce,chip_pin,approved,APPROVE,38.14,1.3130571578395385,1,0,0,1,0,0,0,0,142,12,11,26,terminal_customer_network_burst;night_activity,0.26,0.017529467044829848,0.26
X000024162,2026-01-23 00:41:01,C000204,A0000204,M00679,T00947,Northeast,Northeast,54.69,USD,card_present,chip_pin,approved,APPROVE,33.64,1.625743162901308,1,0,0,0,0,0,0,2,68,6,0,23,new_customer_terminal_pair;night_activity,0.23,0.0135515477007371,0.23
X000067634,2026-01-23 00:41:03,C000573,A0000573,M00668,T00166,Midwest,Midwest,124.06,USD,ecommerce,chip_pin,approved,APPROVE,41.13,3.0162898127887185,1,0,0,1,0,0,0,1,58,10,10,56,amount_vs_profile;terminal_customer_network_burst;night_activity,0.56,0.026476035742750786,0.56
X000154947,2026-01-23 00:41:05,C001277,A0001277,M00123,T00812,Midwest,Midwest,116.31,USD,ecommerce,chip_pin,approved,APPROVE,129.22,0.9000928648815973,1,0,0,1,0,0,0,1,195,15,17,26,terminal_customer_network_burst;night_activity,0.26,0.01949239598014517,0.26
X000118164,2026-01-23 00:41:35,C000978,A0000978,M00578,T01104,Northeast,Northeast,125.72,USD,card_present,3ds,approved,APPROVE,240.92,0.5218329736011954,1,0,0,0,0,0,0,7,93,10,23,51,customer_velocity;terminal_customer_network_burst;night_activity,0.51,0.011402683799674055,0.51
X000064547,2026-01-23 00:41:55,C000548,A0000548,M00585,T00052,Midwest,Midwest,52.43,USD,ecommerce,3ds,approved,APPROVE,36.4,1.4403846153846154,1,0,0,1,0,0,0,2,119,13,17,26,terminal_customer_network_burst;night_activity,0.26,0.019257837131313075,0.26
X000068043,2026-01-23 00:41:59,C000577,A0000577,M00378,T00730,Northeast,South,190.47,USD,ecommerce,chip_pin,approved,APPROVE,168.98,1.127174813587407,1,0,0,1,0,0,1,3,84,11,0,53,new_customer_terminal_pair;terminal_customer_network_burst;night_activity;home_region_mismatch,0.53,0.142351627126495,0.53
X000191731,2026-01-23 00:42:12,C001573,A0001573,M00125,T00414,West,West,199.6,USD,ecommerce,3ds,approved,APPROVE,95.09,2.0990640445893365,1,0,0,1,0,0,0,1,65,8,16,26,terminal_customer_network_burst;night_activity,0.26,0.015140024091368859,0.26
X000084969,2026-01-23 00:42:14,C000710,A0000710,M00265,T00865,West,West,52.88,USD,card_present,magstripe,approved,APPROVE,85.75,0.6166763848396501,1,0,0,0,1,0,0,4,94,6,30,8,night_activity,0.08,0.012114032407318474,0.08
X000195865,2026-01-23 00:42:29,C001609,A0001609,M00154,T01001,South,South,34.92,USD,ecommerce,chip_pin,approved,APPROVE,20.02,1.7442557442557445,1,0,0,1,0,0,0,3,159,11,13,26,terminal_customer_network_burst;night_activity,0.26,0.02217290213849071,0.26
X000186726,2026-01-23 00:42:40,C001535,A0001535,M00500,T00780,West,Midwest,29.23,USD,ecommerce,wallet_biometric,approved,APPROVE,41.18,0.7098105876639146,1,0,0,1,0,0,1,1,73,9,0,53,new_customer_terminal_pair;terminal_customer_network_burst;night_activity;home_region_mismatch,0.53,0.09794024355910845,0.53
X000235159,2026-01-23 00:42:45,C001917,A0001917,M00189,T00768,South,West,205.44,USD,card_present,chip_pin,approved,APPROVE,143.14,1.4352382283079503,1,0,0,0,0,0,1,5,14,8,0,78,customer_velocity;new_customer_terminal_pair;terminal_customer_network_burst;night_activity;home_region_mismatch,0.78,0.1185477268455113,0.78
X000140836,2026-01-23 00:42:50,C001160,A0001160,M00715,T00083,Midwest,Midwest,32.86,USD,card_present,chip_pin,approved,APPROVE,27.42,1.198395331874544,1,0,0,0,0,0,0,1,97,11,8,26,terminal_customer_network_burst;night_activity,0.26,0.014591293384237035,0.26
X000030081,2026-01-23 00:43:00,C000258,A0000258,M00690,T00363,Northeast,Northeast,29.64,USD,card_present,wallet_biometric,approved,APPROVE,38.56,0.7686721991701244,1,0,0,0,0,0,0,2,96,10,5,26,terminal_customer_network_burst;night_activity,0.26,0.012787734080553084,0.26
X000017512,2026-01-23 00:43:04,C000150,A0000150,M00138,T00350,South,South,329.27,USD,card_present,chip_pin,approved,APPROVE,224.61,1.4659632251458081,1,0,0,0,0,0,0,4,53,3,22,8,night_activity,0.08,0.007903164188691147,0.08
X000113022,2026-01-23 00:43:43,C000944,A0000944,M00533,T00261,Northeast,Northeast,598.13,USD,card_present,3ds,approved,APPROVE,227.5,2.629142857142857,1,0,0,0,0,0,0,3,121,10,44,26,terminal_customer_network_burst;night_activity,0.26,0.015031317686317899,0.26
X000119646,2026-01-23 00:45:02,C000993,A0000993,M00184,T00058,South,South,63.96,USD,card_present,magstripe,approved,APPROVE,91.2,0.7013157894736842,1,0,0,0,1,0,0,1,138,15,7,26,terminal_customer_network_burst;night_activity,0.26,0.031215787245577994,0.26
X000144661,2026-01-23 00:45:18,C001191,A0001191,M00400,T00241,West,West,40.6,USD,ecommerce,wallet_biometric,approved,APPROVE,15.18,2.674571805006588,1,0,0,1,0,0,0,0,105,10,11,26,terminal_customer_network_burst;night_activity,0.26,0.023505098603429073,0.26
X000063923,2026-01-23 00:45:46,C000542,A0000542,M00606,T00224,West,West,142.39,USD,card_present,chip_pin,approved,APPROVE,213.02,0.668434888742841,1,0,0,0,0,0,0,4,56,9,26,26,terminal_customer_network_burst;night_activity,0.26,0.00861642063667891,0.26
X000156424,2026-01-23 00:46:04,C001287,A0001287,M00790,T00840,Northeast,Northeast,16.61,USD,card_present,chip_pin,approved,APPROVE,23.67,0.7017321504013518,1,0,0,0,0,0,0,1,64,7,14,8,night_activity,0.08,0.007871077827435458,0.08
X000205930,2026-01-23 00:46:05,C001680,A0001680,M00761,T01038,South,South,366.14,USD,ecommerce,chip_pin,approved,APPROVE,155.53,2.3541438950684754,1,0,0,1,0,0,0,3,124,13,23,26,terminal_customer_network_burst;night_activity,0.26,0.025924443004956017,0.26
X000028154,2026-01-23 00:46:09,C000243,A0000243,M00191,T00441,Midwest,Midwest,68.23,USD,mobile_wallet,magstripe,approved,APPROVE,160.27,0.42571909902040306,1,0,0,0,1,1,0,1,107,11,15,26,terminal_customer_network_burst;night_activity,0.26,0.025099428215822502,0.26
X000051063,2026-01-23 00:47:03,C000429,A0000429,M00701,T00494,West,West,18.83,USD,card_present,3ds,approved,APPROVE,42.22,0.4459971577451445,1,0,0,0,0,0,0,0,20,4,10,8,night_activity,0.08,0.0054322902079080625,0.08
X000113352,2026-01-23 00:47:44,C000945,A0000945,M00763,T00601,South,South,36.02,USD,ecommerce,wallet_biometric,approved,APPROVE,24.33,1.480476777640773,1,0,0,1,0,0,0,2,154,15,21,26,terminal_customer_network_burst;night_activity,0.26,0.02237151666931277,0.26
X000147176,2026-01-23 00:47:50,C001214,A0001214,M00122,T00125,South,South,19.19,USD,ecommerce,3ds,approved,APPROVE,24.85,0.7722334004024145,1,0,0,1,0,0,0,4,91,10,14,26,terminal_customer_network_burst;night_activity,0.26,0.01353966374182992,0.26
X000032204,2026-01-23 00:47:54,C000273,A0000273,M00127,T00699,South,South,15.44,USD,card_present,wallet_biometric,approved,APPROVE,31.83,0.4850769714106189,1,0,0,0,0,0,0,0,70,9,11,26,terminal_customer_network_burst;night_activity,0.26,0.008442217811544958,0.26
X000104280,2026-01-23 00:48:10,C000878,A0000878,M00784,T00354,South,South,78.65,USD,card_present,magstripe,approved,APPROVE,146.02,0.5386248459115189,1,0,0,0,1,0,0,6,141,10,29,51,customer_velocity;terminal_customer_network_burst;night_activity,0.51,0.019052017902115033,0.51
X000132740,2026-01-23 00:48:19,C001094,A0001094,M00592,T00719,South,South,73.89,USD,card_present,wallet_biometric,approved,APPROVE,42.2,1.750947867298578,1,0,0,0,0,0,0,0,138,12,8,26,terminal_customer_network_burst;night_activity,0.26,0.019384512315313893,0.26
X000158895,2026-01-23 00:48:31,C001307,A0001307,M00645,T00155,South,South,57.57,USD,ecommerce,chip_pin,approved,APPROVE,29.77,1.9338259993281828,1,0,0,1,0,0,0,1,145,10,7,26,terminal_customer_network_burst;night_activity,0.26,0.021404036543964423,0.26
X000160209,2026-01-23 00:50:16,C001322,A0001322,M00343,T00030,West,West,111.45,USD,card_present,wallet_biometric,approved,APPROVE,56.36,1.9774662881476226,1,0,0,0,0,0,0,2,51,9,9,26,terminal_customer_network_burst;night_activity,0.26,0.016211290463749507,0.26
X000117326,2026-01-23 00:50:45,C000973,A0000973,M00172,T00722,Northeast,Northeast,278.54,USD,ecommerce,3ds,approved,APPROVE,257.81,1.0804080524417208,1,0,0,1,0,0,0,6,184,12,27,51,customer_velocity;terminal_customer_network_burst;night_activity,0.51,0.01829983348673655,0.51
X000175865,2026-01-23 00:50:59,C001449,A0001449,M00636,T00750,West,West,323.87,USD,card_present,chip_pin,approved,APPROVE,171.74,1.8858157680214276,1,0,0,0,0,0,0,2,22,5,18,8,night_activity,0.08,0.009746917147088311,0.08
X000050560,2026-01-23 00:51:00,C000424,A0000424,M00761,T01038,South,South,27.54,USD,card_present,chip_pin,approved,APPROVE,51.58,0.5339278790228771,1,0,0,0,0,0,0,1,125,13,6,26,terminal_customer_network_burst;night_activity,0.26,0.014253110383832854,0.26
X000206701,2026-01-23 00:51:13,C001687,A0001687,M00172,T00722,Northeast,Northeast,372.51,USD,ecommerce,wallet_biometric,approved,APPROVE,226.33,1.645871073211682,1,0,0,1,0,0,0,5,185,12,30,51,customer_velocity;terminal_customer_network_burst;night_activity,0.51,0.020394864378526025,0.51
X000210830,2026-01-23 00:51:17,C001719,A0001719,M00021,T00406,South,South,124.55,USD,ecommerce,3ds,approved,APPROVE,92.38,1.348235548820091,1,0,0,1,0,0,0,4,90,12,15,26,terminal_customer_network_burst;night_activity,0.26,0.01897136865376643,0.26
X000141240,2026-01-23 00:51:47,C001163,A0001163,M00406,T00057,South,South,33.29,USD,ecommerce,chip_pin,approved,APPROVE,40.17,0.8287279063978092,1,0,0,1,0,0,0,1,128,15,13,26,terminal_customer_network_burst;night_activity,0.26,0.018244019046802243,0.26
X000036074,2026-01-23 00:51:59,C000308,A0000308,M00288,T00279,Northeast,Northeast,114.81,USD,card_present,chip_pin,approved,APPROVE,150.47,0.7630092377218051,1,0,0,0,0,0,0,1,84,8,8,26,terminal_customer_network_burst;night_activity,0.26,0.00980998600487617,0.26
X000237063,2026-01-23 00:52:36,C001934,A0001934,M00786,T00776,Northeast,Northeast,267.72,USD,card_present,chip_pin,approved,APPROVE,164.43,1.6281700419631455,1,0,0,0,0,0,0,5,72,9,31,51,customer_velocity;terminal_customer_network_burst;night_activity,0.51,0.01223200208069507,0.51
X000136875,2026-01-23 00:53:10,C001126,A0001126,M00022,T00830,South,South,108.71,USD,ecommerce,chip_pin,approved,APPROVE,103.68,1.0485146604938271,1,0,0,1,0,0,0,4,123,13,26,26,terminal_customer_network_burst;night_activity,0.26,0.016211607097092694,0.26
X000085348,2026-01-23 00:53:15,C000713,A0000713,M00074,T01036,South,South,75.57,USD,card_present,3ds,approved,APPROVE,87.02,0.8684210526315789,1,0,0,0,0,0,0,0,198,20,5,26,terminal_customer_network_burst;night_activity,0.26,0.028701656101228604,0.26
X000164033,2026-01-23 00:53:21,C001352,A0001352,M00416,T00403,West,West,32.87,USD,card_present,3ds,approved,APPROVE,28.12,1.1689189189189189,1,0,0,0,0,0,0,3,126,11,11,26,terminal_customer_network_burst;night_activity,0.26,0.0159848432271118,0.26
X000198620,2026-01-23 00:53:21,C001627,A0001627,M00608,T00027,South,South,336.89,USD,card_present,chip_pin,approved,APPROVE,272.19,1.2377016054961607,1,0,0,0,0,0,0,4,160,16,35,26,terminal_customer_network_burst;night_activity,0.26,0.017973602663922488,0.26
X000191980,2026-01-23 00:53:51,C001575,A0001575,M00394,T00597,South,South,40.88,USD,card_present,magstripe,approved,APPROVE,33.83,1.208394915755247,1,0,0,0,1,0,0,2,109,14,4,26,terminal_customer_network_burst;night_activity,0.26,0.03676732094892679,0.26
X000096932,2026-01-23 00:54:13,C000811,A0000811,M00038,T00874,South,South,184.84,USD,ecommerce,chip_pin,approved,APPROVE,134.11,1.3782715681157258,1,0,0,1,0,0,0,5,243,19,12,51,customer_velocity;terminal_customer_network_burst;night_activity,0.51,0.04387042444267196,0.51
X000230872,2026-01-23 00:54:16,C001883,A0001883,M00151,T00524,Midwest,Midwest,54.83,USD,ecommerce,chip_pin,approved,APPROVE,63.6,0.8621069182389937,1,0,0,1,0,0,0,1,47,7,13,8,night_activity,0.08,0.009129068696188368,0.08
X000137731,2026-01-23 00:54:18,C001132,A0001132,M00709,T01049,Northeast,Northeast,65.01,USD,ecommerce,3ds,approved,APPROVE,30.53,2.129380936783492,1,0,0,1,0,0,0,2,39,10,5,26,terminal_customer_network_burst;night_activity,0.26,0.021235913488775026,0.26
X000213868,2026-01-23 00:54:18,C001746,A0001746,M00066,T00171,West,West,35.56,USD,ecommerce,magstripe,approved,APPROVE,38.93,0.9134343693809402,1,0,0,1,1,0,0,1,73,5,0,43,new_customer_terminal_pair;ecommerce_authentication_shift;night_activity,0.43,0.018322268542899842,0.43
X000011945,2026-01-23 00:54:49,C000105,A0000105,M00302,T01118,Northeast,Northeast,174.68,USD,card_present,magstripe,approved,APPROVE,136.02,1.284222908395824,1,0,0,0,1,0,0,2,69,9,11,26,terminal_customer_network_burst;night_activity,0.26,0.022357481311675812,0.26
X000208537,2026-01-23 00:55:30,C001702,A0001702,M00413,T00299,West,West,545.76,USD,card_present,wallet_biometric,approved,APPROVE,260.4,2.095852534562212,1,0,0,0,0,0,0,10,56,6,43,53,customer_velocity;high_customer_velocity;night_activity,0.53,0.012263759588644087,0.53
X000118165,2026-01-23 00:55:45,C000978,A0000978,M00412,T00928,Northeast,Northeast,315.1,USD,card_present,wallet_biometric,approved,APPROVE,240.92,1.3079030383529804,1,0,0,0,0,0,0,8,152,11,39,51,customer_velocity;terminal_customer_network_burst;night_activity,0.51,0.014684288075073182,0.51
X000178075,2026-01-23 00:55:52,C001465,A0001465,M00417,T00117,South,South,90.58,USD,card_present,wallet_biometric,approved,APPROVE,80.93,1.1192388483874953,1,0,0,0,0,0,0,2,128,9,25,26,terminal_customer_network_burst;night_activity,0.26,0.01038950481989977,0.26
X000055475,2026-01-23 00:55:53,C000470,A0000470,M00667,T00182,Northeast,Northeast,37.45,USD,ecommerce,wallet_biometric,approved,APPROVE,81.02,0.46223154776598374,1,0,0,1,0,0,0,1,116,8,15,26,terminal_customer_network_burst;night_activity,0.26,0.009140283229408417,0.26
X000209520,2026-01-23 00:56:06,C001710,A0001710,M00264,T00659,Midwest,Midwest,111.21,USD,mobile_wallet,wallet_biometric,approved,APPROVE,109.77,1.0131183383438098,1,0,0,0,0,1,0,3,43,4,30,8,night_activity,0.08,0.008364663620716577,0.08
X000073442,2026-01-23 00:56:13,C000621,A0000621,M00649,T00134,Midwest,Midwest,100.56,USD,ecommerce,chip_pin,approved,APPROVE,44.7,2.2496644295302013,1,0,0,1,0,0,0,0,90,14,8,26,terminal_customer_network_burst;night_activity,0.26,0.027491295570481886,0.26
X000123861,2026-01-23 00:56:19,C001025,A0001025,M00328,T00351,Midwest,Midwest,452.2,USD,ecommerce,3ds,approved,APPROVE,79.76,5.669508525576729,1,0,0,1,0,0,0,3,77,12,22,56,amount_vs_profile;terminal_customer_network_burst;night_activity,0.56,0.0737906220044353,0.56
X000193160,2026-01-23 00:57:08,C001586,A0001586,M00302,T00011,Northeast,Northeast,211.83,USD,ecommerce,chip_pin,approved,APPROVE,130.24,1.626458845208845,1,0,0,1,0,0,0,6,111,13,13,51,customer_velocity;terminal_customer_network_burst;night_activity,0.51,0.026621610302606756,0.51
X000104159,2026-01-23 00:57:15,C000877,A0000877,M00583,T00327,Midwest,Midwest,68.32,USD,card_present,wallet_biometric,approved,APPROVE,141.12,0.4841269841269841,1,0,0,0,0,0,0,0,57,9,7,26,terminal_customer_network_burst;night_activity,0.26,0.008806877467295084,0.26
X000102391,2026-01-23 00:57:21,C000861,A0000861,M00270,T00473,South,South,369.21,USD,card_present,chip_pin,approved,APPROVE,192.95,1.9135009069707178,1,0,0,0,0,0,0,1,140,14,9,26,terminal_customer_network_burst;night_activity,0.26,0.024690457203840315,0.26
X000092977,2026-01-23 00:58:13,C000779,A0000779,M00661,T00337,Northeast,Northeast,44.69,USD,card_present,chip_pin,approved,APPROVE,43.44,1.0287753222836096,1,0,0,0,0,0,0,2,139,13,11,26,terminal_customer_network_burst;night_activity,0.26,0.01699679444835352,0.26
X000216770,2026-01-23 00:58:16,C001772,A0001772,M00265,T00865,West,West,19.49,USD,card_present,chip_pin,approved,APPROVE,93.69,0.20802647027430887,1,0,0,0,0,0,0,3,95,6,24,8,night_activity,0.08,0.0060783822823524195,0.08
X000242591,2026-01-23 00:58:32,C001980,A0001980,M00782,T00669,Midwest,Midwest,851.65,USD,card_present,wallet_biometric,approved,APPROVE,221.06,3.8525739618203203,1,0,0,0,0,0,0,8,93,9,50,81,amount_vs_profile;customer_velocity;terminal_customer_network_burst;night_activity,0.81,0.024676186537349896,0.81
X000224304,2026-01-23 00:59:05,C001831,A0001831,M00601,T00769,South,South,19.5,USD,ecommerce,3ds,approved,APPROVE,24.6,0.7926829268292682,1,0,0,1,0,0,0,3,151,18,10,26,terminal_customer_network_burst;night_activity,0.26,0.02687487070631302,0.26
X000221517,2026-01-23 00:59:14,C001805,A0001805,M00434,T00808,South,South,187.62,USD,card_present,chip_pin,approved,APPROVE,89.08,2.10619667714414,1,0,0,0,0,0,0,2,121,13,18,26,terminal_customer_network_burst;night_activity,0.26,0.02193607764520176,0.26
X000086523,2026-01-23 01:00:09,C000726,A0000726,M00094,T01093,South,South,145.9,USD,card_present,magstripe,approved,APPROVE,88.57,1.647284633623123,1,0,0,0,1,0,0,5,111,9,15,51,customer_velocity;terminal_customer_network_burst;night_activity,0.51,0.029808427772492912,0.51
X000088277,2026-01-23 01:00:47,C000742,A0000742,M00507,T01055,South,South,11.84,USD,card_present,3ds,approved,APPROVE,33.9,0.34926253687315634,1,0,0,0,0,0,0,0,126,12,4,26,terminal_customer_network_burst;night_activity,0.26,0.012152290346700671,0.26
X000016594,2026-01-23 01:00:50,C000141,A0000141,M00225,T00294,Midwest,Midwest,49.03,USD,card_present,chip_pin,approved,APPROVE,64.74,0.7573370404695706,1,0,0,0,0,0,0,3,107,9,9,26,terminal_customer_network_burst;night_activity,0.26,0.011923085479230707,0.26
X000153471,2026-01-23 01:00:55,C001262,A0001262,M00657,T00743,South,South,38.66,USD,mobile_wallet,wallet_biometric,approved,APPROVE,22.27,1.7359676695105521,1,0,0,0,0,1,0,2,69,11,7,26,terminal_customer_network_burst;night_activity,0.26,0.02552700693152743,0.26
X000203483,2026-01-23 01:00:58,C001665,A0001665,M00077,T00530,South,South,35.07,USD,card_present,3ds,approved,APPROVE,58.12,0.6034067446662079,1,0,0,0,0,0,0,4,105,13,8,26,terminal_customer_network_burst;night_activity,0.26,0.01606840936112619,0.26
X000197654,2026-01-23 01:01:50,C001622,A0001622,M00247,T01144,South,South,43.77,USD,card_present,chip_pin,approved,APPROVE,57.93,0.7555670636975661,1,0,0,0,0,0,0,3,223,21,9,26,terminal_customer_network_burst;night_activity,0.26,0.03371411749851278,0.26
X000174098,2026-01-23 01:02:27,C001435,A0001435,M00001,T00955,South,South,319.8,USD,card_present,3ds,approved,APPROVE,143.1,2.2348008385744236,1,0,0,0,0,0,0,6,143,13,37,51,customer_velocity;terminal_customer_network_burst;night_activity,0.51,0.021789024363366705,0.51
X000185443,2026-01-23 01:02:54,C001525,A0001525,M00304,T00087,Midwest,Midwest,75.54,USD,ecommerce,chip_pin,approved,APPROVE,133.44,0.5660971223021584,1,0,0,1,0,0,0,4,103,11,32,26,terminal_customer_network_burst;night_activity,0.26,0.010382177868610757,0.26
X000225043,2026-01-23 01:02:57,C001835,A0001835,M00461,T00958,West,West,48.61,USD,ecommerce,chip_pin,approved,APPROVE,95.26,0.5102876338442158,1,0,0,1,0,0,0,2,48,8,18,26,terminal_customer_network_burst;night_activity,0.26,0.008422039854333613,0.26
X000037721,2026-01-23 01:03:21,C000322,A0000322,M00601,T00769,South,South,84.27,USD,ecommerce,wallet_biometric,approved,APPROVE,40.9,2.0603911980440097,1,0,0,1,0,0,0,0,152,18,10,26,terminal_customer_network_burst;night_activity,0.26,0.03636012851389744,0.26
X000140837,2026-01-23 01:03:21,C001160,A0001160,M00457,T00242,Midwest,Midwest,28.36,USD,card_present,3ds,approved,APPROVE,27.42,1.034281546316557,1,0,0,0,0,0,0,2,64,10,16,26,terminal_customer_network_burst;night_activity,0.26,0.011297657470642155,0.26
X000074989,2026-01-23 01:03:23,C000631,A0000631,M00690,T00361,Northeast,Northeast,381.25,USD,mobile_wallet,chip_pin,approved,APPROVE,287.17,1.3276108228575407,1,0,0,0,0,1,0,8,49,8,36,51,customer_velocity;terminal_customer_network_burst;night_activity,0.51,0.014980578004070405,0.51
X000208121,2026-01-23 01:04:24,C001699,A0001699,M00668,T00417,Midwest,Midwest,261.22,USD,card_present,magstripe,approved,APPROVE,131.03,1.9935892543692286,1,0,0,0,1,0,0,3,41,7,8,8,night_activity,0.08,0.02645240239595674,0.08
X000206702,2026-01-23 01:05:05,C001687,A0001687,M00745,T00823,Northeast,Northeast,129.11,USD,ecommerce,chip_pin,approved,APPROVE,226.33,0.5704502275438519,1,0,0,1,0,0,0,6,168,8,41,51,customer_velocity;terminal_customer_network_burst;night_activity,0.51,0.00891235100411439,0.51
X000013921,2026-01-23 01:05:25,C000118,A0000118,M00790,T01171,Northeast,Northeast,192.12,USD,ecommerce,wallet_biometric,approved,APPROVE,129.51,1.4834375723882327,1,0,0,1,0,0,0,2,65,12,21,26,terminal_customer_network_burst;night_activity,0.26,0.015747010833383597,0.26
X000069302,2026-01-23 01:06:13,C000589,A0000589,M00173,T01167,South,South,403.29,USD,card_present,wallet_biometric,approved,APPROVE,211.98,1.9024908010189643,1,0,0,0,0,0,0,7,109,8,33,51,customer_velocity;terminal_customer_network_burst;night_activity,0.51,0.014322069837911016,0.51
X000189132,2026-01-23 01:06:13,C001554,A0001554,M00022,T00194,South,South,22.21,USD,mobile_wallet,wallet_biometric,approved,APPROVE,54.64,0.4064787701317716,1,0,0,0,0,1,0,1,127,16,18,26,terminal_customer_network_burst;night_activity,0.26,0.019773820658527366,0.26
X000130065,2026-01-23 01:06:59,C001068,A0001068,M00564,T01141,Northeast,Northeast,29.88,USD,card_present,chip_pin,approved,APPROVE,35.88,0.8327759197324414,1,0,0,0,0,0,0,1,127,14,5,26,terminal_customer_network_burst;night_activity,0.26,0.017405881606317244,0.26
X000098285,2026-01-23 01:07:10,C000823,A0000823,M00185,T00296,South,West,20.6,USD,ecommerce,wallet_biometric,approved,APPROVE,37.97,0.5425335791414275,1,0,0,1,0,0,1,3,29,6,0,35,new_customer_terminal_pair;night_activity;home_region_mismatch,0.35,0.07832289300412014,0.35
X000009276,2026-01-23 01:07:39,C000085,A0000085,M00770,T00715,Midwest,Midwest,164.23,USD,mobile_wallet,3ds,approved,APPROVE,141.88,1.1575274880180433,1,0,0,0,0,1,0,0,50,7,17,8,night_activity,0.08,0.01161534154677693,0.08
X000003280,2026-01-23 01:08:33,C000029,A0000029,M00409,T00444,Northeast,Northeast,78.63,USD,card_present,3ds,approved,APPROVE,52.55,1.496289248334919,1,0,0,0,0,0,0,2,72,10,16,26,terminal_customer_network_burst;night_activity,0.26,0.01354203055101709,0.26
X000166384,2026-01-23 01:08:38,C001373,A0001373,M00289,T00362,South,South,22.53,USD,card_present,3ds,approved,APPROVE,37.26,0.604669887278583,1,0,0,0,0,0,0,2,98,16,4,26,terminal_customer_network_burst;night_activity,0.26,0.018941774372876412,0.26
X000061684,2026-01-23 01:08:53,C000526,A0000526,M00416,T01140,West,West,183.06,USD,card_present,wallet_biometric,approved,APPROVE,156.59,1.1690401685931413,1,0,0,0,0,0,0,4,52,8,34,26,terminal_customer_network_burst;night_activity,0.26,0.008439839925222972,0.26
X000244712,2026-01-23 01:10:09,C001995,A0001995,M00338,T00600,Northeast,Northeast,387.92,USD,ecommerce,3ds,approved,APPROVE,400.21,0.9692911221608657,1,0,0,1,0,0,0,5,107,8,42,51,customer_velocity;terminal_customer_network_burst;night_activity,0.51,0.0087718489757128,0.51
X000095634,2026-01-23 01:10:30,C000799,A0000799,M00205,T00049,South,South,65.35,USD,card_present,chip_pin,approved,APPROVE,51.04,1.2803683385579936,1,0,0,0,0,0,0,3,110,8,17,26,terminal_customer_network_burst;night_activity,0.26,0.01190321947466126,0.26
X000167655,2026-01-23 01:11:01,C001385,A0001385,M00377,T00663,Midwest,Midwest,65.61,USD,card_present,3ds,approved,APPROVE,49.85,1.316148445336008,1,0,0,0,0,0,0,1,60,9,8,26,terminal_customer_network_burst;night_activity,0.26,0.012448777935386703,0.26
X000016815,2026-01-23 01:11:14,C000143,A0000143,M00754,T00229,West,West,50.9,USD,card_present,3ds,approved,APPROVE,40.51,1.256479881510738,1,0,0,0,0,0,0,3,38,5,12,8,night_activity,0.08,0.009181961605042505,0.08
X000022795,2026-01-23 01:11:56,C000196,A0000196,M00352,T01169,Midwest,Midwest,199.25,USD,card_present,chip_pin,approved,APPROVE,195.69,1.0181920384281262,1,0,0,0,0,0,0,1,69,4,33,8,night_activity,0.08,0.005311323460104959,0.08
X000176748,2026-01-23 01:12:34,C001457,A0001457,M00435,T00513,Midwest,Midwest,26.79,USD,ecommerce,chip_pin,approved,APPROVE,23.47,1.1414571793779293,1,0,0,1,0,0,0,1,70,10,12,26,terminal_customer_network_burst;night_activity,0.26,0.013234027623148856,0.26
X000133513,2026-01-23 01:12:59,C001100,A0001100,M00342,T00563,Midwest,Midwest,48.93,USD,mobile_wallet,chip_pin,approved,APPROVE,33.78,1.4484902309058614,1,0,0,0,0,1,0,4,68,11,30,26,terminal_customer_network_burst;night_activity,0.26,0.0178465769129404,0.26
X000230433,2026-01-23 01:13:06,C001879,A0001879,M00243,T00806,South,South,55.33,USD,ecommerce,chip_pin,approved,APPROVE,83.45,0.6630317555422408,1,0,0,1,0,0,0,1,117,10,18,26,terminal_customer_network_burst;night_activity,0.26,0.010873960474832389,0.26
X000218179,2026-01-23 01:13:10,C001782,A0001782,M00213,T00876,Northeast,Northeast,28.79,USD,ecommerce,3ds,approved,APPROVE,46.59,0.6179437647563855,1,0,0,1,0,0,0,3,91,7,16,8,night_activity,0.08,0.009465284822829987,0.08
X000137616,2026-01-23 01:14:22,C001131,A0001131,M00573,T00460,Northeast,Northeast,84.82,USD,card_present,wallet_biometric,approved,APPROVE,58.84,1.4415363698164512,1,0,0,0,0,0,0,2,85,9,17,26,terminal_customer_network_burst;night_activity,0.26,0.012399109091436405,0.26
X000204986,2026-01-23 01:15:10,C001674,A0001674,M00270,T00562,South,South,34.94,USD,card_present,wallet_biometric,approved,APPROVE,33.84,1.0325059101654845,1,0,0,0,0,0,0,0,111,11,12,26,terminal_customer_network_burst;night_activity,0.26,0.012512835539321828,0.26
X000171867,2026-01-23 01:15:41,C001418,A0001418,M00282,T01131,South,South,23.77,USD,card_present,3ds,approved,APPROVE,33.02,0.7198667474258025,1,0,0,0,0,0,0,1,212,18,11,26,terminal_customer_network_burst;night_activity,0.26,0.023117017467464845,0.26
X000031684,2026-01-23 01:16:04,C000268,A0000268,M00173,T01167,South,South,190.1,USD,card_present,chip_pin,approved,APPROVE,67.99,2.795999411678188,1,0,0,0,0,0,0,2,110,8,8,26,terminal_customer_network_burst;night_activity,0.26,0.02256464637693211,0.26
X000038518,2026-01-23 01:16:46,C000329,A0000329,M00475,T00965,Midwest,Midwest,16.99,USD,ecommerce,chip_pin,approved,APPROVE,45.79,0.371041712164228,1,0,0,1,0,0,0,4,82,11,16,26,terminal_customer_network_burst;night_activity,0.26,0.01201926248505422,0.26
X000052990,2026-01-23 01:16:55,C000447,A0000447,M00289,T00362,South,South,57.99,USD,card_present,chip_pin,approved,APPROVE,31.58,1.8362887903736544,1,0,0,0,0,0,0,1,99,16,12,26,terminal_customer_network_burst;night_activity,0.26,0.024863121541465968,0.26
X000113731,2026-01-23 01:16:58,C000947,A0000947,M00295,T00926,South,South,53.48,USD,ecommerce,chip_pin,soft_decline,CHALLENGE,64.03,0.8352334843042323,1,0,1,1,0,0,0,3,66,9,14,34,terminal_customer_network_burst;night_activity;authentication_soft_decline,0.34,0.048818323062586814,0.34
X000066285,2026-01-23 01:17:16,C000562,A0000562,M00273,T00611,West,West,88.34,USD,card_present,chip_pin,approved,APPROVE,77.8,1.1354755784061699,1,0,0,0,0,0,0,2,27,8,13,26,terminal_customer_network_burst;night_activity,0.26,0.010036188562273096,0.26
X000093962,2026-01-23 01:18:44,C000787,A0000787,M00294,T00731,South,South,56.38,USD,ecommerce,chip_pin,approved,APPROVE,42.71,1.3200655584172325,1,0,0,1,0,0,0,0,117,12,13,26,terminal_customer_network_burst;night_activity,0.26,0.016396979628522785,0.26
X000126096,2026-01-23 01:18:44,C001039,A0001039,M00168,T00944,Northeast,Northeast,165.83,USD,card_present,3ds,approved,APPROVE,168.88,0.9819398389388916,1,0,0,0,0,0,0,6,128,11,28,51,customer_velocity;terminal_customer_network_burst;night_activity,0.51,0.013438199075897429,0.51
X000070789,2026-01-23 01:19:02,C000601,A0000601,M00471,T00670,South,Midwest,109.07,USD,ecommerce,magstripe,approved,APPROVE,156.23,0.6981373615822826,1,0,0,1,1,0,1,1,160,15,0,73,new_customer_terminal_pair;terminal_customer_network_burst;ecommerce_authentication_shift;night_activity;home_region_mismatch,0.73,0.25724010772721334,0.73
X000046908,2026-01-23 01:20:15,C000394,A0000394,M00054,T00545,West,West,71.79,USD,ecommerce,3ds,approved,APPROVE,54.01,1.3291982966117388,1,0,0,1,0,0,0,2,79,8,19,26,terminal_customer_network_burst;night_activity,0.26,0.011740915198622952,0.26
X000013294,2026-01-23 01:20:17,C000115,A0000115,M00615,T01067,Midwest,Midwest,51.07,USD,ecommerce,3ds,approved,APPROVE,73.53,0.694546443628451,1,0,0,1,0,0,0,7,107,12,32,51,customer_velocity;terminal_customer_network_burst;night_activity,0.51,0.013772512084595241,0.51
X000207475,2026-01-23 01:21:03,C001693,A0001693,M00507,T01055,South,South,54.82,USD,card_present,chip_pin,approved,APPROVE,110.59,0.4957048557735781,1,0,0,0,0,0,0,2,127,12,15,26,terminal_customer_network_burst;night_activity,0.26,0.01200536997217888,0.26
X000190341,2026-01-23 01:21:35,C001563,A0001563,M00154,T00515,South,South,168.19,USD,ecommerce,chip_pin,approved,APPROVE,256.53,0.655634818539742,1,0,0,1,0,0,0,2,43,7,21,8,night_activity,0.08,0.007819051454550892,0.08
X000163250,2026-01-23 01:23:13,C001346,A0001346,M00768,T00929,South,South,61.14,USD,mobile_wallet,wallet_biometric,approved,APPROVE,37.91,1.612767079926141,1,0,0,0,0,1,0,0,46,10,7,26,terminal_customer_network_burst;night_activity,0.26,0.01978422910528645,0.26
X000200669,2026-01-23 01:24:02,C001644,A0001644,M00327,T00251,South,South,26.67,USD,card_present,chip_pin,approved,APPROVE,30.8,0.865909090909091,1,0,0,0,0,0,0,0,66,13,11,26,terminal_customer_network_burst;night_activity,0.26,0.012902661921028975,0.26
X000167932,2026-01-23 01:24:26,C001388,A0001388,M00703,T00135,Midwest,Midwest,23.78,USD,card_present,wallet_biometric,approved,APPROVE,50.6,0.4699604743083004,1,0,0,0,0,0,0,4,126,12,16,26,terminal_customer_network_burst;night_activity,0.26,0.012978676349871,0.26
X000050471,2026-01-23 01:24:36,C000423,A0000423,M00153,T00753,South,South,21.69,USD,card_present,3ds,approved,APPROVE,41.14,0.5272241127856101,1,0,0,0,0,0,0,1,175,15,15,26,terminal_customer_network_burst;night_activity,0.26,0.01542224953753884,0.26
X000189592,2026-01-23 01:24:44,C001558,A0001558,M00082,T00557,Northeast,Northeast,30.16,USD,card_present,3ds,approved,APPROVE,36.33,0.830167905312414,1,0,0,0,0,0,0,1,92,10,11,26,terminal_customer_network_burst;night_activity,0.26,0.011232580024979025,0.26
X000236840,2026-01-23 01:24:55,C001932,A0001932,M00739,T00701,South,South,45.84,USD,ecommerce,chip_pin,approved,APPROVE,46.32,0.9896373056994819,1,0,0,1,0,0,0,0,122,14,7,26,terminal_customer_network_burst;night_activity,0.26,0.018581680830246514,0.26
X000084319,2026-01-23 01:25:58,C000706,A0000706,M00433,T00174,Midwest,Midwest,17.33,USD,ecommerce,3ds,approved,APPROVE,26.91,0.6439985135637308,1,0,0,1,0,0,0,0,104,14,7,26,terminal_customer_network_burst;night_activity,0.26,0.015941087497695124,0.26
X000093213,2026-01-23 01:26:12,C000781,A0000781,M00055,T01054,South,South,72.5,USD,ecommerce,chip_pin,approved,APPROVE,75.59,0.959121576928165,1,0,0,1,0,0,0,2,60,8,17,26,terminal_customer_network_burst;night_activity,0.26,0.010274012996533645,0.26
X000150084,2026-01-23 01:26:38,C001236,A0001236,M00232,T00156,West,West,123.37,USD,card_present,3ds,approved,APPROVE,94.07,1.311470181779526,1,0,0,0,0,0,0,6,57,4,46,33,customer_velocity;night_activity,0.33,0.00615909734181342,0.33
X000113023,2026-01-23 01:26:56,C000944,A0000944,M00533,T00261,Northeast,Northeast,164.16,USD,ecommerce,chip_pin,approved,APPROVE,227.5,0.7215824175824176,1,0,0,1,0,0,0,4,122,10,45,26,terminal_customer_network_burst;night_activity,0.26,0.00858496782330271,0.26
X000080868,2026-01-23 01:27:16,C000679,A0000679,M00613,T00852,South,South,72.94,USD,card_present,3ds,approved,APPROVE,48.41,1.5067134889485645,1,0,0,0,0,0,0,0,109,14,18,26,terminal_customer_network_burst;night_activity,0.26,0.01678433335103233,0.26
X000160210,2026-01-23 01:27:25,C001322,A0001322,M00343,T00030,West,West,103.63,USD,ecommerce,chip_pin,approved,APPROVE,56.36,1.8387154009936124,1,0,0,1,0,0,0,3,52,9,10,26,terminal_customer_network_burst;night_activity,0.26,0.017678302366387608,0.26
X000006867,2026-01-23 01:27:32,C000062,A0000062,M00745,T00183,Northeast,Northeast,39.63,USD,ecommerce,chip_pin,approved,APPROVE,23.3,1.7008583690987125,1,0,0,1,0,0,0,0,83,11,6,26,terminal_customer_network_burst;night_activity,0.26,0.01854383833168534,0.26
X000015772,2026-01-23 01:28:35,C000134,A0000134,M00533,T01021,Northeast,Northeast,37.89,USD,mobile_wallet,chip_pin,approved,APPROVE,29.05,1.304302925989673,1,0,0,0,0,1,0,2,79,7,25,8,night_activity,0.08,0.012555990698698305,0.08
X000143443,2026-01-23 01:28:39,C001182,A0001182,M00603,T01192,Midwest,Midwest,78.82,USD,card_present,3ds,approved,APPROVE,40.93,1.9257268507207426,1,0,0,0,0,0,0,2,66,9,16,26,terminal_customer_network_burst;night_activity,0.26,0.014597765783348841,0.26
X000211286,2026-01-23 01:29:06,C001723,A0001723,M00634,T01016,Northeast,Northeast,71.73,USD,card_present,chip_pin,approved,APPROVE,53.66,1.3367499068207231,1,0,0,0,0,0,0,0,107,14,5,26,terminal_customer_network_burst;night_activity,0.26,0.019248671791017948,0.26
X000007503,2026-01-23 01:30:42,C000069,A0000069,M00380,T00989,Midwest,Midwest,85.31,USD,ecommerce,wallet_biometric,approved,APPROVE,40.89,2.086329175837613,1,0,0,1,0,0,0,4,59,7,18,8,night_activity,0.08,0.015741866602913206,0.08
X000244713,2026-01-23 01:30:43,C001995,A0001995,M00082,T00557,Northeast,Northeast,392.51,USD,card_present,chip_pin,approved,APPROVE,400.21,0.9807601009470028,1,0,0,0,0,0,0,6,93,10,32,51,customer_velocity;terminal_customer_network_burst;night_activity,0.51,0.011120673502647638,0.51
X000230873,2026-01-23 01:31:06,C001883,A0001883,M00151,T00524,Midwest,Midwest,91.0,USD,ecommerce,wallet_biometric,approved,APPROVE,63.6,1.430817610062893,1,0,0,1,0,0,0,2,48,7,14,8,night_activity,0.08,0.0116822455881738,0.08
X000133755,2026-01-23 01:31:23,C001101,A0001101,M00524,T00237,West,West,195.46,USD,card_present,wallet_biometric,approved,APPROVE,98.69,1.9805451413517074,1,0,0,0,0,0,0,2,120,13,10,26,terminal_customer_network_burst;night_activity,0.26,0.023683022383070094,0.26
X000157640,2026-01-23 01:31:33,C001296,A0001296,M00615,T00704,Midwest,Midwest,50.95,USD,card_present,3ds,soft_decline,CHALLENGE,115.44,0.4413548163548164,1,0,1,0,0,0,0,2,63,4,41,16,night_activity;authentication_soft_decline,0.16,0.01682159655029713,0.16
X000085839,2026-01-23 01:31:57,C000719,A0000719,M00618,T00042,Northeast,Northeast,68.19,USD,ecommerce,chip_pin,approved,APPROVE,107.92,0.6318569310600445,1,0,0,1,0,0,0,1,88,7,7,8,night_activity,0.08,0.009817956276999436,0.08
X000126395,2026-01-23 01:32:21,C001041,A0001041,M00068,T00322,Northeast,Northeast,35.5,USD,card_present,3ds,approved,APPROVE,55.9,0.6350626118067979,1,0,0,0,0,0,0,2,123,13,16,26,terminal_customer_network_burst;night_activity,0.26,0.013291032226572668,0.26
X000161934,2026-01-23 01:32:37,C001336,A0001336,M00377,T00663,Midwest,Midwest,38.65,USD,card_present,chip_pin,approved,APPROVE,75.96,0.5088204318062138,1,0,0,0,0,0,0,3,61,9,10,26,terminal_customer_network_burst;night_activity,0.26,0.009984500185782747,0.26
X000148256,2026-01-23 01:32:58,C001224,A0001224,M00276,T00213,Northeast,Northeast,84.37,USD,card_present,chip_pin,approved,APPROVE,153.7,0.5489264801561484,1,0,0,0,0,0,0,3,64,7,24,8,night_activity,0.08,0.007065151636608171,0.08
X000218283,2026-01-23 01:33:19,C001783,A0001783,M00369,T00207,Northeast,Northeast,110.4,USD,mobile_wallet,magstripe,approved,APPROVE,68.92,1.6018572257690076,1,0,0,0,1,1,0,2,90,12,7,26,terminal_customer_network_burst;night_activity,0.26,0.047530548322782265,0.26
X000094325,2026-01-23 01:33:38,C000789,A0000789,M00445,T00086,Northeast,Northeast,115.5,USD,ecommerce,magstripe,approved,APPROVE,111.23,1.038388923851479,1,0,0,1,1,0,0,9,143,12,41,71,customer_velocity;terminal_customer_network_burst;ecommerce_authentication_shift;night_activity,0.71,0.028293845896452036,0.71
X000153383,2026-01-23 01:34:13,C001261,A0001261,M00380,T00989,Midwest,Midwest,15.16,USD,card_present,3ds,approved,APPROVE,54.96,0.27583697234352256,1,0,0,0,0,0,0,0,60,7,9,8,night_activity,0.08,0.006865168880105336,0.08
X000070790,2026-01-23 01:34:31,C000601,A0000601,M00613,T00852,South,South,183.91,USD,card_present,wallet_biometric,approved,APPROVE,156.23,1.17717467835883,1,0,0,0,0,0,0,2,110,14,13,26,terminal_customer_network_burst;night_activity,0.26,0.017881854058847166,0.26
X000113024,2026-01-23 01:35:11,C000944,A0000944,M00533,T00261,Northeast,Northeast,221.42,USD,ecommerce,wallet_biometric,approved,APPROVE,227.5,0.9732747252747252,1,0,0,1,0,0,0,5,123,10,46,51,customer_velocity;terminal_customer_network_burst;night_activity,0.51,0.009782919895716278,0.51
X000224506,2026-01-23 01:35:26,C001832,A0001832,M00791,T00304,South,South,128.51,USD,card_present,chip_pin,approved,APPROVE,173.44,0.7409478782287823,1,0,0,0,0,0,0,7,165,12,46,51,customer_velocity;terminal_customer_network_burst;night_activity,0.51,0.011140930971092054,0.51
X000134098,2026-01-23 01:35:39,C001103,A0001103,M00484,T00090,South,South,347.21,USD,card_present,wallet_biometric,approved,APPROVE,279.87,1.240611712580841,1,0,0,0,0,0,0,8,69,6,45,33,customer_velocity;night_activity,0.33,0.00798179159244135,0.33
X000016691,2026-01-23 01:35:59,C000142,A0000142,M00768,T00457,South,South,28.68,USD,card_present,wallet_biometric,approved,APPROVE,36.61,0.7833925157060913,1,0,0,0,0,0,0,2,165,16,17,26,terminal_customer_network_burst;night_activity,0.26,0.018300537297972572,0.26
X000032730,2026-01-23 01:36:04,C000277,A0000277,M00127,T00699,South,South,12.87,USD,card_present,3ds,approved,APPROVE,36.98,0.3480259599783667,1,0,0,0,0,0,0,1,71,9,7,26,terminal_customer_network_burst;night_activity,0.26,0.009021796928921374,0.26
X000038258,2026-01-23 01:37:21,C000327,A0000327,M00365,T00733,South,South,84.38,USD,ecommerce,magstripe,approved,APPROVE,139.35,0.6055256548259778,1,0,0,1,1,0,0,3,140,17,21,46,terminal_customer_network_burst;ecommerce_authentication_shift;night_activity,0.46,0.03438387513573963,0.46
X000095071,2026-01-23 01:37:31,C000794,A0000794,M00437,T00139,West,West,109.61,USD,card_present,magstripe,approved,APPROVE,72.89,1.5037728083413362,1,0,0,0,1,0,0,1,90,12,13,26,terminal_customer_network_burst;night_activity,0.26,0.0285231134889211,0.26
X000122276,2026-01-23 01:37:34,C001014,A0001014,M00545,T00484,South,South,26.57,USD,card_present,wallet_biometric,approved,APPROVE,79.82,0.33287396642445505,1,0,0,0,0,0,0,4,30,5,0,23,new_customer_terminal_pair;night_activity,0.23,0.008219479212164413,0.23
X000215501,2026-01-23 01:37:44,C001760,A0001760,M00071,T00437,West,West,117.65,USD,ecommerce,chip_pin,approved,APPROVE,50.61,2.324639399328196,1,0,0,1,0,0,0,2,58,10,6,26,terminal_customer_network_burst;night_activity,0.26,0.02309993590078883,0.26
X000126907,2026-01-23 01:38:02,C001045,A0001045,M00767,T00313,South,South,53.25,USD,ecommerce,chip_pin,approved,APPROVE,24.63,2.161997563946407,1,0,0,1,0,0,0,4,132,16,15,26,terminal_customer_network_burst;night_activity,0.26,0.0360853379317852,0.26
X000059788,2026-01-23 01:38:31,C000509,A0000509,M00255,T00819,West,West,89.79,USD,ecommerce,magstripe,approved,APPROVE,61.15,1.4683565004088308,1,0,0,1,1,0,0,1,72,8,15,46,terminal_customer_network_burst;ecommerce_authentication_shift;night_activity,0.46,0.022010520769137544,0.46
X000166569,2026-01-23 01:38:54,C001375,A0001375,M00547,T00371,Northeast,Northeast,16.15,USD,ecommerce,magstripe,approved,APPROVE,19.59,0.8244002041858091,1,0,0,1,1,0,0,3,141,12,22,46,terminal_customer_network_burst;ecommerce_authentication_shift;night_activity,0.46,0.025684527308491002,0.46
X000118368,2026-01-23 01:39:08,C000979,A0000979,M00019,T00745,Northeast,Northeast,28.56,USD,card_present,chip_pin,approved,APPROVE,67.03,0.42607787557809934,1,0,0,0,0,0,0,1,90,11,14,26,terminal_customer_network_burst;night_activity,0.26,0.009909704919469178,0.26
X000126564,2026-01-23 01:39:14,C001042,A0001042,M00052,T00843,South,South,37.09,USD,ecommerce,3ds,approved,APPROVE,16.47,2.2519732847601706,1,0,0,1,0,0,0,1,51,10,25,26,terminal_customer_network_burst;night_activity,0.26,0.01574032032199545,0.26
X000098988,2026-01-23 01:40:04,C000830,A0000830,M00670,T00842,Northeast,Northeast,23.95,USD,ecommerce,chip_pin,approved,APPROVE,65.44,0.3659841075794621,1,0,0,1,0,0,0,1,67,10,10,26,terminal_customer_network_burst;night_activity,0.26,0.010234021989296752,0.26
X000201640,2026-01-23 01:40:37,C001650,A0001650,M00131,T00897,West,West,196.73,USD,ecommerce,chip_pin,approved,APPROVE,267.79,0.7346428171328279,1,0,0,1,0,0,0,2,103,10,48,26,terminal_customer_network_burst;night_activity,0.26,0.007195156598602314,0.26
X000043083,2026-01-23 01:41:37,C000364,A0000364,M00457,T00242,Midwest,Midwest,25.17,USD,card_present,wallet_biometric,approved,APPROVE,55.3,0.4551537070524413,1,0,0,0,0,0,0,2,65,10,15,26,terminal_customer_network_burst;night_activity,0.26,0.009296202018020224,0.26
X000217438,2026-01-23 01:41:38,C001776,A0001776,M00330,T01113,West,West,68.22,USD,ecommerce,wallet_biometric,approved,APPROVE,51.93,1.3136915077989602,1,0,0,1,0,0,0,2,80,12,12,26,terminal_customer_network_burst;night_activity,0.26,0.017422312519432267,0.26
X000230874,2026-01-23 01:42:15,C001883,A0001883,M00479,T00906,Midwest,Midwest,144.02,USD,card_present,chip_pin,approved,APPROVE,63.6,2.2644654088050316,1,0,0,0,0,0,0,3,78,6,17,8,night_activity,0.08,0.014043327745522848,0.08
X000152718,2026-01-23 01:42:29,C001256,A0001256,M00638,T00151,Northeast,Northeast,36.63,USD,card_present,3ds,approved,APPROVE,54.39,0.6734693877551021,1,0,0,0,0,0,0,4,94,13,16,26,terminal_customer_network_burst;night_activity,0.26,0.014310188683598818,0.26
X000143213,2026-01-23 01:43:01,C001180,A0001180,M00797,T00303,South,South,168.37,USD,ecommerce,wallet_biometric,approved,APPROVE,87.75,1.9187464387464388,1,0,0,1,0,0,0,1,121,15,14,26,terminal_customer_network_burst;night_activity,0.26,0.02637232915554666,0.26
X000056461,2026-01-23 01:43:16,C000477,A0000477,M00785,T00861,Midwest,West,28.85,USD,card_present,3ds,approved,APPROVE,27.84,1.0362787356321839,1,0,0,0,0,0,1,2,4,4,0,35,new_customer_terminal_pair;night_activity;home_region_mismatch,0.35,0.06772279488824651,0.35
X000123508,2026-01-23 01:43:24,C001023,A0001023,M00042,T00546,Northeast,Northeast,86.84,USD,card_present,wallet_biometric,approved,APPROVE,96.87,0.8964591720863012,1,0,0,0,0,0,0,3,110,9,36,26,terminal_customer_network_burst;night_activity,0.26,0.008260336597465915,0.26
X000126396,2026-01-23 01:44:51,C001041,A0001041,M00504,T00422,Northeast,Northeast,55.77,USD,card_present,3ds,approved,APPROVE,55.9,0.9976744186046512,1,0,0,0,0,0,0,3,164,11,19,26,terminal_customer_network_burst;night_activity,0.26,0.014053537899715437,0.26
X000069714,2026-01-23 01:45:01,C000593,A0000593,M00738,T00899,South,South,139.38,USD,card_present,chip_pin,approved,APPROVE,191.3,0.7285938316779926,1,0,0,0,0,0,0,5,176,14,19,51,customer_velocity;terminal_customer_network_burst;night_activity,0.51,0.017891788402206187,0.51
X000025477,2026-01-23 01:45:11,C000217,A0000217,M00795,T00503,Northeast,Northeast,14.65,USD,card_present,wallet_biometric,approved,APPROVE,31.74,0.4615626969124134,1,0,0,0,0,0,0,2,78,8,14,26,terminal_customer_network_burst;night_activity,0.26,0.00834786132354991,0.26
X000228838,2026-01-23 01:46:03,C001864,A0001864,M00545,T00484,South,South,34.79,USD,card_present,wallet_biometric,approved,APPROVE,38.74,0.8980382034073309,1,0,0,0,0,0,0,1,31,6,6,8,night_activity,0.08,0.00847302872156397,0.08
X000071793,2026-01-23 01:46:11,C000609,A0000609,M00298,T00088,Northeast,Northeast,359.54,USD,ecommerce,wallet_biometric,approved,APPROVE,131.74,2.7291635038712614,1,0,0,1,0,0,0,5,149,10,45,51,customer_velocity;terminal_customer_network_burst;night_activity,0.51,0.01962710239958894,0.51
X000224180,2026-01-23 01:46:17,C001830,A0001830,M00796,T00571,West,West,80.17,USD,ecommerce,wallet_biometric,approved,APPROVE,48.32,1.6591473509933774,1,0,0,1,0,0,0,3,69,7,15,8,night_activity,0.08,0.013605012699650629,0.08
X000143340,2026-01-23 01:46:41,C001181,A0001181,M00624,T00925,West,West,60.01,USD,card_present,chip_pin,approved,APPROVE,47.7,1.2580712788259958,1,0,0,0,0,0,0,5,18,4,15,33,customer_velocity;night_activity,0.33,0.008776063294036943,0.33
X000074499,2026-01-23 01:46:51,C000629,A0000629,M00391,T01061,Northeast,Northeast,160.08,USD,ecommerce,magstripe,approved,APPROVE,118.88,1.3465679676985196,1,0,0,1,1,0,0,5,94,12,41,71,customer_velocity;terminal_customer_network_burst;ecommerce_authentication_shift;night_activity,0.71,0.02388643606606817,0.71
X000222101,2026-01-23 01:47:08,C001810,A0001810,M00295,T00425,West,South,133.7,USD,mobile_wallet,chip_pin,approved,APPROVE,203.81,0.656003140179579,1,0,0,0,0,1,1,4,237,17,0,53,new_customer_terminal_pair;terminal_customer_network_burst;night_activity;home_region_mismatch,0.53,0.2703552774570731,0.53
X000233028,2026-01-23 01:47:16,C001900,A0001900,M00481,T00116,South,Northeast,36.19,USD,ecommerce,chip_pin,approved,APPROVE,44.08,0.8210072595281307,1,0,0,1,0,0,1,0,72,7,0,35,new_customer_terminal_pair;night_activity;home_region_mismatch,0.35,0.0846632973650764,0.35
X000045393,2026-01-23 01:47:34,C000381,A0000381,M00612,T01028,West,West,33.48,USD,card_present,magstripe,approved,APPROVE,74.88,0.4471153846153846,1,0,0,0,1,0,0,0,8,5,4,8,night_activity,0.08,0.011296339055485695,0.08
X000027024,2026-01-23 01:47:39,C000233,A0000233,M00345,T01138,South,South,135.36,USD,card_present,chip_pin,approved,APPROVE,52.79,2.564121992801667,1,0,0,0,0,0,0,2,116,11,14,26,terminal_customer_network_burst;night_activity,0.26,0.023673401940569102,0.26
X000132199,2026-01-23 01:48:31,C001089,A0001089,M00414,T00189,Midwest,Midwest,18.06,USD,ecommerce,3ds,approved,APPROVE,33.72,0.5355871886120996,1,0,0,1,0,0,0,0,176,17,3,26,terminal_customer_network_burst;night_activity,0.26,0.022595534764322345,0.26
X000047964,2026-01-23 01:48:54,C000404,A0000404,M00017,T00257,Midwest,Midwest,349.72,USD,ecommerce,chip_pin,approved,APPROVE,227.96,1.5341287945253554,1,0,0,1,0,0,0,4,75,5,46,8,night_activity,0.08,0.0073568718790105615,0.08
X000052427,2026-01-23 01:48:54,C000442,A0000442,M00321,T01046,Midwest,Midwest,247.27,USD,card_present,chip_pin,approved,APPROVE,204.56,1.2087895971842002,1,0,0,0,0,0,0,1,91,11,32,26,terminal_customer_network_burst;night_activity,0.26,0.009975756406317779,0.26
X000213514,2026-01-23 01:49:17,C001743,A0001743,M00708,T00914,West,West,97.01,USD,card_present,chip_pin,approved,APPROVE,29.38,3.301906058543227,1,0,0,0,0,0,0,0,29,4,14,38,amount_vs_profile;night_activity,0.38,0.014745023651048132,0.38
X000158357,2026-01-23 01:49:20,C001303,A0001303,M00330,T01113,West,West,340.57,USD,ecommerce,3ds,approved,APPROVE,179.56,1.896691913566496,1,0,0,1,0,0,0,0,81,12,6,26,terminal_customer_network_burst;night_activity,0.26,0.02133098231343687,0.26
X000163446,2026-01-23 01:49:21,C001348,A0001348,M00099,T00459,South,South,47.06,USD,ecommerce,chip_pin,approved,APPROVE,58.02,0.8110996208204068,1,0,0,1,0,0,0,7,86,9,33,51,customer_velocity;terminal_customer_network_burst;night_activity,0.51,0.011019317609074418,0.51
X000187809,2026-01-23 01:49:35,C001543,A0001543,M00619,T00644,Midwest,West,236.85,USD,card_present,wallet_biometric,approved,APPROVE,217.69,1.0880150672975333,1,0,0,0,0,0,1,6,18,5,0,60,customer_velocity;new_customer_terminal_pair;night_activity;home_region_mismatch,0.6,0.09144597301433363,0.6
X000140254,2026-01-23 01:50:11,C001155,A0001155,M00038,T00813,South,South,232.25,USD,card_present,chip_pin,approved,APPROVE,293.03,0.7925809644063748,1,0,0,0,0,0,0,6,131,8,41,51,customer_velocity;terminal_customer_network_burst;night_activity,0.51,0.008264006315122613,0.51
X000242592,2026-01-23 01:50:33,C001980,A0001980,M00191,T00568,Midwest,Midwest,106.29,USD,mobile_wallet,3ds,approved,APPROVE,221.06,0.4808196869628156,1,0,0,0,0,1,0,9,104,8,43,51,customer_velocity;terminal_customer_network_burst;night_activity,0.51,0.011300802895634001,0.51
X000162141,2026-01-23 01:51:02,C001339,A0001339,M00278,T01124,Northeast,Northeast,138.45,USD,card_present,chip_pin,approved,APPROVE,127.04,1.089814231738035,1,0,0,0,0,0,0,4,115,13,18,26,terminal_customer_network_burst;night_activity,0.26,0.016672453735244615,0.26
X000093356,2026-01-23 01:51:09,C000782,A0000782,M00031,T00031,South,South,88.28,USD,ecommerce,chip_pin,approved,APPROVE,41.2,2.1427184466019416,1,0,0,1,0,0,0,3,132,17,13,26,terminal_customer_network_burst;night_activity,0.26,0.03768560839836843,0.26
X000044139,2026-01-23 01:51:17,C000375,A0000375,M00196,T00915,Midwest,Midwest,104.87,USD,mobile_wallet,magstripe,approved,APPROVE,28.75,3.6476521739130434,1,0,0,0,1,1,0,2,68,16,14,56,amount_vs_profile;terminal_customer_network_burst;night_activity,0.56,0.10994041395610094,0.56
X000098671,2026-01-23 01:51:46,C000827,A0000827,M00007,T00210,South,South,97.95,USD,ecommerce,chip_pin,approved,APPROVE,114.83,0.8530000870852565,1,0,0,1,0,0,0,1,119,9,14,26,terminal_customer_network_burst;night_activity,0.26,0.011575036680607163,0.26
X000208122,2026-01-23 01:51:58,C001699,A0001699,M00475,T00015,Midwest,Midwest,162.31,USD,card_present,chip_pin,approved,APPROVE,131.03,1.238723956345875,1,0,0,0,0,0,0,4,29,4,12,8,night_activity,0.08,0.008815054264018934,0.08
X000176513,2026-01-23 01:52:04,C001455,A0001455,M00395,T00889,Midwest,Midwest,46.19,USD,ecommerce,3ds,approved,APPROVE,52.23,0.8843576488608079,1,0,0,1,0,0,0,2,78,11,19,26,terminal_customer_network_burst;night_activity,0.26,0.012387175564488848,0.26
X000090093,2026-01-23 01:52:31,C000753,A0000753,M00492,T00550,West,West,83.65,USD,card_present,magstripe,approved,APPROVE,60.36,1.3858515573227304,1,0,0,0,1,0,0,1,60,7,8,8,night_activity,0.08,0.019707878741404877,0.08
X000014335,2026-01-23 01:52:34,C000122,A0000122,M00055,T01044,South,South,34.96,USD,ecommerce,chip_pin,approved,APPROVE,63.73,0.548564255452691,1,0,0,1,0,0,0,2,196,17,7,26,terminal_customer_network_burst;night_activity,0.26,0.024396406890228293,0.26
X000108565,2026-01-23 01:53:06,C000910,A0000910,M00784,T00354,South,South,44.68,USD,mobile_wallet,chip_pin,approved,APPROVE,32.0,1.39625,1,0,0,0,0,1,0,1,142,10,11,26,terminal_customer_network_burst;night_activity,0.26,0.020960359489996385,0.26
X000111887,2026-01-23 01:53:29,C000934,A0000934,M00227,T00238,Midwest,Midwest,156.95,USD,ecommerce,chip_pin,approved,APPROVE,114.46,1.371221387384239,1,0,0,1,0,0,0,2,40,9,26,26,terminal_customer_network_burst;night_activity,0.26,0.010823029009954849,0.26
X000215436,2026-01-23 01:53:32,C001759,A0001759,M00788,T00018,South,South,128.23,USD,card_present,wallet_biometric,approved,APPROVE,45.81,2.799170486793276,1,0,0,0,0,0,0,1,138,16,10,26,terminal_customer_network_burst;night_activity,0.26,0.038403937842397075,0.26
X000096210,2026-01-23 01:53:40,C000804,A0000804,M00094,T00206,South,South,34.37,USD,mobile_wallet,wallet_biometric,approved,APPROVE,31.4,1.0945859872611465,1,0,0,0,0,1,0,2,105,15,8,26,terminal_customer_network_burst;night_activity,0.26,0.02804737219533666,0.26
X000191184,2026-01-23 01:53:41,C001569,A0001569,M00473,T01017,Midwest,West,249.98,USD,card_present,chip_pin,approved,APPROVE,91.86,2.7213150446331373,1,0,0,0,0,0,1,2,38,7,0,35,new_customer_terminal_pair;night_activity;home_region_mismatch,0.35,0.1512195488757614,0.35
X000017260,2026-01-23 01:54:09,C000148,A0000148,M00608,T00219,South,South,49.57,USD,ecommerce,3ds,approved,APPROVE,72.66,0.6822185521607488,1,0,0,1,0,0,0,4,187,15,14,26,terminal_customer_network_burst;night_activity,0.26,0.021775278889924372,0.26
X000210831,2026-01-23 01:55:07,C001719,A0001719,M00021,T00406,South,South,61.2,USD,ecommerce,3ds,approved,APPROVE,92.38,0.6624810565057372,1,0,0,1,0,0,0,5,91,12,16,51,customer_velocity;terminal_customer_network_burst;night_activity,0.51,0.015354762989272614,0.51
X000150085,2026-01-23 01:55:09,C001236,A0001236,M00054,T00545,West,West,318.23,USD,card_present,chip_pin,approved,APPROVE,94.07,3.382906346337834,1,0,0,0,0,0,0,7,80,8,29,81,amount_vs_profile;customer_velocity;terminal_customer_network_burst;night_activity,0.81,0.02495495164732762,0.81
X000035121,2026-01-23 01:55:33,C000298,A0000298,M00162,T00759,Midwest,Midwest,182.53,USD,card_present,chip_pin,approved,APPROVE,164.22,1.1114967726220923,1,0,0,0,0,0,0,6,95,9,29,51,customer_velocity;terminal_customer_network_burst;night_activity,0.51,0.011404084531420312,0.51
X000192373,2026-01-23 01:55:46,C001579,A0001579,M00166,T00022,Northeast,Northeast,96.25,USD,ecommerce,chip_pin,approved,APPROVE,39.62,2.429328621908127,1,0,0,1,0,0,0,0,106,15,4,26,terminal_customer_network_burst;night_activity,0.26,0.034294621838578135,0.26
X000132521,2026-01-23 01:56:23,C001092,A0001092,M00521,T00168,Northeast,Northeast,51.33,USD,mobile_wallet,chip_pin,approved,APPROVE,64.04,0.8015302935665208,1,0,0,0,0,1,0,1,93,9,17,26,terminal_customer_network_burst;night_activity,0.26,0.013272418932055994,0.26
X000190108,2026-01-23 01:56:46,C001562,A0001562,M00700,T00679,Northeast,Northeast,110.24,USD,mobile_wallet,chip_pin,approved,APPROVE,160.81,0.6855295068714632,1,0,0,0,0,1,0,7,114,11,26,51,customer_velocity;terminal_customer_network_burst;night_activity,0.51,0.018043323207541408,0.51
X000216022,2026-01-23 01:57:10,C001765,A0001765,M00257,T00772,South,South,52.86,USD,card_present,3ds,approved,APPROVE,57.88,0.9132688320663441,1,0,0,0,0,0,0,4,183,17,36,26,terminal_customer_network_burst;night_activity,0.26,0.017509702347680466,0.26
X000127629,2026-01-23 01:57:23,C001052,A0001052,M00335,T00070,South,South,88.91,USD,card_present,chip_pin,approved,APPROVE,146.14,0.6083892158204461,1,0,0,0,0,0,0,8,221,17,42,51,customer_velocity;terminal_customer_network_burst;night_activity,0.51,0.018628866885805,0.51
X000048666,2026-01-23 01:57:55,C000408,A0000408,M00586,T00036,Northeast,Northeast,36.71,USD,ecommerce,chip_pin,approved,APPROVE,71.27,0.5150834853374492,1,0,0,1,0,0,0,0,85,11,13,26,terminal_customer_network_burst;night_activity,0.26,0.01082081836236826,0.26
X000055476,2026-01-23 01:58:42,C000470,A0000470,M00667,T00182,Northeast,Northeast,71.47,USD,card_present,3ds,approved,APPROVE,81.02,0.8821278696618119,1,0,0,0,0,0,0,2,117,8,16,26,terminal_customer_network_burst;night_activity,0.26,0.010024950167488373,0.26
X000161545,2026-01-23 01:58:49,C001333,A0001333,M00689,T00395,Northeast,Northeast,215.67,USD,ecommerce,3ds,approved,APPROVE,151.48,1.4237523105360443,1,0,0,1,0,0,0,2,73,7,32,8,night_activity,0.08,0.009137178520825677,0.08
X000225986,2026-01-23 01:59:04,C001841,A0001841,M00215,T00873,South,South,16.56,USD,card_present,wallet_biometric,approved,APPROVE,36.24,0.4569536423841059,1,0,0,0,0,0,0,1,64,8,12,26,terminal_customer_network_burst;night_activity,0.26,0.007985098388081601,0.26
X000026735,2026-01-23 01:59:15,C000230,A0000230,M00712,T00650,South,South,52.42,USD,card_present,chip_pin,approved,APPROVE,79.41,0.6601183730008815,1,0,0,0,0,0,0,0,112,16,6,26,terminal_customer_network_burst;night_activity,0.26,0.017252373061301614,0.26
X000150740,2026-01-23 01:59:54,C001240,A0001240,M00461,T00574,West,West,257.26,USD,ecommerce,chip_pin,approved,APPROVE,285.64,0.9006441674835457,1,0,0,1,0,0,0,2,44,2,34,8,night_activity,0.08,0.004849298909108066,0.08
X000077174,2026-01-23 02:00:11,C000649,A0000649,M00573,T00212,Northeast,Northeast,31.52,USD,card_present,chip_pin,approved,APPROVE,66.26,0.47570178086326587,1,0,0,0,0,0,0,1,75,12,13,26,terminal_customer_network_burst;night_activity,0.26,0.010772139329427432,0.26
X000053661,2026-01-23 02:00:21,C000454,A0000454,M00739,T00701,South,South,30.46,USD,card_present,chip_pin,approved,APPROVE,44.67,0.6818894112379673,1,0,0,0,0,0,0,0,123,14,7,26,terminal_customer_network_burst;night_activity,0.26,0.015067885455054351,0.26
X000154023,2026-01-23 02:02:30,C001267,A0001267,M00215,T00873,South,South,24.42,USD,card_present,wallet_biometric,approved,APPROVE,58.36,0.4184372858122002,1,0,0,0,0,0,0,4,65,8,8,26,terminal_customer_network_burst;night_activity,0.26,0.009825825085211504,0.26
X000095635,2026-01-23 02:02:36,C000799,A0000799,M00205,T00049,South,South,47.73,USD,ecommerce,wallet_biometric,approved,APPROVE,51.04,0.9351489028213166,1,0,0,1,0,0,0,4,111,8,18,26,terminal_customer_network_burst;night_activity,0.26,0.012041533883263726,0.26
X000012961,2026-01-23 02:03:38,C000113,A0000113,M00309,T01075,Northeast,Northeast,84.48,USD,card_present,wallet_biometric,approved,APPROVE,59.23,1.4263042377173731,1,0,0,0,0,0,0,0,76,9,8,26,terminal_customer_network_burst;night_activity,0.26,0.012606656623571164,0.26
X000030768,2026-01-23 02:04:05,C000261,A0000261,M00726,T00829,Northeast,Northeast,51.03,USD,card_present,3ds,approved,APPROVE,75.95,0.6718894009216589,1,0,0,0,0,0,0,2,63,6,12,8,night_activity,0.08,0.007858968449677303,0.08
X000074990,2026-01-23 02:04:19,C000631,A0000631,M00044,T01081,Northeast,Northeast,377.53,USD,card_present,chip_pin,approved,APPROVE,287.17,1.314656823484347,1,0,0,0,0,0,0,7,148,15,38,51,customer_velocity;terminal_customer_network_burst;night_activity,0.51,0.01883416587036338,0.51
X000185772,2026-01-23 02:04:28,C001527,A0001527,M00641,T00175,West,West,18.79,USD,ecommerce,chip_pin,approved,APPROVE,28.9,0.6501730103806228,1,0,0,1,0,0,0,1,49,7,23,8,night_activity,0.08,0.007242183168285523,0.08
X000174099,2026-01-23 02:04:51,C001435,A0001435,M00398,T00960,South,South,107.66,USD,card_present,3ds,approved,APPROVE,143.1,0.7523410202655486,1,0,0,0,0,0,0,6,83,10,40,51,customer_velocity;terminal_customer_network_burst;night_activity,0.51,0.008885853591275066,0.51
X000037943,2026-01-23 02:04:54,C000324,A0000324,M00298,T00088,Northeast,Northeast,70.57,USD,card_present,3ds,approved,APPROVE,43.98,1.6045929968167347,1,0,0,0,0,0,0,2,150,10,14,26,terminal_customer_network_burst;night_activity,0.26,0.016379562364226198,0.26
X000061061,2026-01-23 02:06:34,C000520,A0000520,M00020,T00254,South,South,35.04,USD,card_present,chip_pin,approved,APPROVE,29.58,1.184584178498986,1,0,0,0,0,0,0,3,159,16,17,26,terminal_customer_network_burst;night_activity,0.26,0.02209060767615596,0.26
X000141701,2026-01-23 02:08:23,C001168,A0001168,M00205,T00871,South,South,94.5,USD,card_present,magstripe,approved,APPROVE,130.37,0.7248600138068574,1,0,0,0,1,0,0,1,81,8,6,26,terminal_customer_network_burst;night_activity,0.26,0.01774545887475485,0.26
X000083866,2026-01-23 02:08:39,C000701,A0000701,M00756,T00999,West,West,190.55,USD,ecommerce,chip_pin,approved,APPROVE,55.81,3.4142626769396167,1,0,0,1,0,0,0,4,109,8,11,56,amount_vs_profile;terminal_customer_network_burst;night_activity,0.56,0.032862343366908985,0.56
X000172949,2026-01-23 02:08:50,C001427,A0001427,M00763,T00601,South,South,20.56,USD,ecommerce,chip_pin,approved,APPROVE,28.02,0.7337615988579586,1,0,0,1,0,0,0,1,155,15,13,26,terminal_customer_network_burst;night_activity,0.26,0.018367486926717056,0.26
X000109613,2026-01-23 02:09:18,C000916,A0000916,M00080,T00347,Midwest,Midwest,171.57,USD,card_present,3ds,approved,APPROVE,125.73,1.3645907897876401,1,0,0,0,0,0,0,5,61,6,31,33,customer_velocity;night_activity,0.33,0.008779259226977785,0.33
X000127630,2026-01-23 02:09:19,C001052,A0001052,M00282,T00583,South,South,116.74,USD,ecommerce,magstripe,approved,APPROVE,146.14,0.7988230463938689,1,0,0,1,1,0,0,9,186,16,40,71,customer_velocity;terminal_customer_network_burst;ecommerce_authentication_shift;night_activity,0.71,0.03738430649223101,0.71
X000216185,2026-01-23 02:09:30,C001766,A0001766,M00641,T00246,West,West,26.2,USD,ecommerce,chip_pin,approved,APPROVE,30.82,0.8500973393900064,1,0,0,1,0,0,0,1,12,6,7,8,night_activity,0.08,0.008795613855972105,0.08
X000053975,2026-01-23 02:09:38,C000457,A0000457,M00416,T01140,West,West,22.23,USD,card_present,chip_pin,approved,APPROVE,58.8,0.37806122448979596,1,0,0,0,0,0,0,2,53,8,12,26,terminal_customer_network_burst;night_activity,0.26,0.008037492489081153,0.26
X000118558,2026-01-23 02:09:41,C000981,A0000981,M00055,T01044,South,South,51.18,USD,card_present,chip_pin,approved,APPROVE,55.33,0.9249954816555215,1,0,0,0,0,0,0,2,197,17,13,26,terminal_customer_network_burst;night_activity,0.26,0.02312597547701507,0.26
X000139274,2026-01-23 02:10:43,C001148,A0001148,M00780,T00990,Midwest,West,76.37,USD,ecommerce,magstripe,approved,APPROVE,81.06,0.9421416234887737,1,0,0,1,1,0,1,2,1,1,0,55,new_customer_terminal_pair;ecommerce_authentication_shift;night_activity;home_region_mismatch,0.55,0.1003429951005152,0.55
X000084402,2026-01-23 02:11:02,C000707,A0000707,M00531,T01106,Midwest,Midwest,30.58,USD,card_present,wallet_biometric,approved,APPROVE,28.18,1.085166784953868,1,0,0,0,0,0,0,0,27,7,10,8,night_activity,0.08,0.00864590396090282,0.08
X000001257,2026-01-23 02:11:07,C000013,A0000013,M00267,T00878,West,West,11.11,USD,card_present,3ds,approved,APPROVE,27.94,0.3976377952755905,1,0,0,0,0,0,0,1,55,7,13,8,night_activity,0.08,0.007051601030647205,0.08
X000135314,2026-01-23 02:12:07,C001111,A0001111,M00082,T00557,Northeast,Northeast,78.73,USD,ecommerce,chip_pin,approved,APPROVE,130.9,0.6014514896867839,1,0,0,1,0,0,0,5,94,10,18,51,customer_velocity;terminal_customer_network_burst;night_activity,0.51,0.012649930662562557,0.51
X000037345,2026-01-23 02:12:30,C000319,A0000319,M00607,T00470,South,South,46.33,USD,card_present,chip_pin,approved,APPROVE,48.86,0.9482194023741302,1,0,0,0,0,0,0,1,163,15,20,26,terminal_customer_network_burst;night_activity,0.26,0.016329956742256253,0.26
X000220662,2026-01-23 02:12:48,C001800,A0001800,M00213,T00320,Northeast,Northeast,230.31,USD,card_present,chip_pin,approved,APPROVE,186.73,1.2333851014834254,1,0,0,0,0,0,0,12,88,7,50,53,customer_velocity;high_customer_velocity;night_activity,0.53,0.010055059939209203,0.53
X000180847,2026-01-23 02:13:00,C001486,A0001486,M00788,T00018,South,South,19.73,USD,card_present,3ds,approved,APPROVE,28.31,0.6969268809607913,1,0,0,0,0,0,0,1,139,16,6,26,terminal_customer_network_burst;night_activity,0.26,0.019192919935615893,0.26
X000090450,2026-01-23 02:13:03,C000757,A0000757,M00077,T00306,South,South,54.1,USD,card_present,wallet_biometric,approved,APPROVE,41.63,1.2995435983665626,1,0,0,0,0,0,0,1,139,15,13,26,terminal_customer_network_burst;night_activity,0.26,0.01993932618196916,0.26
X000223574,2026-01-23 02:13:30,C001823,A0001823,M00378,T00467,South,South,28.15,USD,card_present,wallet_biometric,approved,APPROVE,33.66,0.8363042186571599,1,0,0,0,0,0,0,1,120,11,13,26,terminal_customer_network_burst;night_activity,0.26,0.01224978345267678,0.26
X000010669,2026-01-23 02:15:01,C000097,A0000097,M00051,T01084,South,South,36.68,USD,card_present,3ds,approved,APPROVE,38.21,0.9599581261449882,1,0,0,0,0,0,0,1,123,13,9,26,terminal_customer_network_burst;night_activity,0.26,0.015839801629547522,0.26
X000001258,2026-01-23 02:16:04,C000013,A0000013,M00267,T00878,West,West,33.95,USD,ecommerce,wallet_biometric,approved,APPROVE,27.94,1.2151037938439513,1,0,0,1,0,0,0,2,56,7,14,8,night_activity,0.08,0.010929131774850685,0.08
X000147866,2026-01-23 02:16:11,C001221,A0001221,M00699,T00493,Midwest,Midwest,148.49,USD,card_present,3ds,approved,APPROVE,130.45,1.1382905327711768,1,0,0,0,0,0,0,4,110,11,26,26,terminal_customer_network_burst;night_activity,0.26,0.012862676710368948,0.26
X000153295,2026-01-23 02:16:28,C001260,A0001260,M00486,T00714,South,South,19.31,USD,card_present,wallet_biometric,approved,APPROVE,54.93,0.351538321500091,1,0,0,0,0,0,0,1,125,15,8,26,terminal_customer_network_burst;night_activity,0.26,0.014941080164954644,0.26
X000133514,2026-01-23 02:16:52,C001100,A0001100,M00342,T00563,Midwest,Midwest,23.98,USD,card_present,magstripe,approved,APPROVE,33.78,0.7098875074008288,1,0,0,0,1,0,0,5,69,11,31,51,customer_velocity;terminal_customer_network_burst;night_activity,0.51,0.017967377342606655,0.51
X000107894,2026-01-23 02:18:26,C000903,A0000903,M00791,T00739,South,South,383.27,USD,mobile_wallet,wallet_biometric,approved,APPROVE,143.84,2.6645578420467184,1,0,0,0,0,1,0,3,133,16,10,26,terminal_customer_network_burst;night_activity,0.26,0.05594146243511467,0.26
X000116890,2026-01-23 02:19:22,C000970,A0000970,M00192,T00798,South,South,29.94,USD,ecommerce,3ds,approved,APPROVE,32.99,0.9075477417399211,1,0,0,1,0,0,0,0,120,11,13,26,terminal_customer_network_burst;night_activity,0.26,0.013181826459188806,0.26
X000217599,2026-01-23 02:19:46,C001777,A0001777,M00198,T00247,Midwest,Midwest,109.71,USD,ecommerce,wallet_biometric,approved,APPROVE,197.68,0.5549878591663294,1,0,0,1,0,0,0,6,98,9,28,51,customer_velocity;terminal_customer_network_burst;night_activity,0.51,0.010487590781175709,0.51
X000016227,2026-01-23 02:20:18,C000137,A0000137,M00038,T00874,South,South,163.71,USD,card_present,3ds,approved,APPROVE,145.83,1.1226085167660975,1,0,0,0,0,0,0,4,244,19,21,26,terminal_customer_network_burst;night_activity,0.26,0.030155500292718528,0.26
X000062714,2026-01-23 02:20:50,C000532,A0000532,M00494,T00034,West,West,12.75,USD,ecommerce,3ds,approved,APPROVE,33.01,0.3862465919418358,1,0,0,1,0,0,0,0,65,6,10,8,night_activity,0.08,0.007287867605910449,0.08
X000018788,2026-01-23 02:21:24,C000161,A0000161,M00560,T00369,South,West,50.64,USD,card_present,chip_pin,approved,APPROVE,66.62,0.7601320924647252,1,0,0,0,0,0,1,1,41,8,0,53,new_customer_terminal_pair;terminal_customer_network_burst;night_activity;home_region_mismatch,0.53,0.0812256090073226,0.53
X000213515,2026-01-23 02:21:31,C001743,A0001743,M00054,T00295,West,West,111.2,USD,ecommerce,chip_pin,approved,APPROVE,29.38,3.784887678692989,1,0,0,1,0,0,0,1,113,11,6,56,amount_vs_profile;terminal_customer_network_burst;night_activity,0.56,0.043196760153988545,0.56
X000014235,2026-01-23 02:21:55,C000121,A0000121,M00077,T00723,South,South,16.21,USD,ecommerce,3ds,approved,APPROVE,58.02,0.27938641847638745,1,0,0,1,0,0,0,0,203,18,9,26,terminal_customer_network_burst;night_activity,0.26,0.02101380858751331,0.26
X000163316,2026-01-23 02:22:06,C001347,A0001347,M00372,T00095,South,South,25.51,USD,ecommerce,chip_pin,approved,APPROVE,42.9,0.5946386946386947,1,0,0,1,0,0,0,2,142,14,9,26,terminal_customer_network_burst;night_activity,0.26,0.017850773015092497,0.26
X000008339,2026-01-23 02:22:12,C000076,A0000076,M00546,T00452,West,West,31.58,USD,card_present,3ds,approved,APPROVE,33.05,0.9555219364599092,1,0,0,0,0,0,0,0,31,11,2,26,terminal_customer_network_burst;night_activity,0.26,0.012575867914385582,0.26
X000095636,2026-01-23 02:22:20,C000799,A0000799,M00015,T00330,South,South,45.29,USD,card_present,wallet_biometric,approved,APPROVE,51.04,0.8873432601880877,1,0,0,0,0,0,0,5,162,21,12,51,customer_velocity;terminal_customer_network_burst;night_activity,0.51,0.03411516594405049,0.51
X000062951,2026-01-23 02:22:57,C000534,A0000534,M00171,T00643,Northeast,Northeast,176.31,USD,card_present,wallet_biometric,approved,APPROVE,169.77,1.0385227071920833,1,0,0,0,0,0,0,1,95,8,40,26,terminal_customer_network_burst;night_activity,0.26,0.00668408974215734,0.26
X000139807,2026-01-23 02:23:00,C001153,A0001153,M00338,T00847,Northeast,Northeast,29.52,USD,ecommerce,wallet_biometric,approved,APPROVE,40.35,0.7315985130111524,1,0,0,1,0,0,0,1,137,12,14,26,terminal_customer_network_burst;night_activity,0.26,0.014150916356048449,0.26
X000208123,2026-01-23 02:23:40,C001699,A0001699,M00475,T00015,Midwest,Midwest,69.62,USD,card_present,3ds,approved,APPROVE,131.03,0.5313287033503779,1,0,0,0,0,0,0,5,30,4,13,33,customer_velocity;night_activity,0.33,0.00706413139767653,0.33
X000020483,2026-01-23 02:24:06,C000178,A0000178,M00683,T00603,Midwest,Midwest,35.69,USD,card_present,chip_pin,approved,APPROVE,110.87,0.3219085415351312,1,0,0,0,0,0,0,0,65,5,22,8,night_activity,0.08,0.004956542082121841,0.08
X000242883,2026-01-23 02:24:17,C001981,A0001981,M00406,T00668,South,South,42.1,USD,ecommerce,chip_pin,approved,APPROVE,34.63,1.2157089228992204,1,0,0,1,0,0,0,1,116,15,9,26,terminal_customer_network_burst;night_activity,0.26,0.021930744770269257,0.26
X000203484,2026-01-23 02:24:56,C001665,A0001665,M00007,T00210,South,South,37.45,USD,mobile_wallet,chip_pin,approved,APPROVE,58.12,0.644356503785272,1,0,0,0,0,1,0,5,120,9,10,51,customer_velocity;terminal_customer_network_burst;night_activity,0.51,0.017941785834466522,0.51
X000089872,2026-01-23 02:24:58,C000751,A0000751,M00793,T01052,South,South,221.41,USD,ecommerce,chip_pin,approved,APPROVE,94.87,2.333825234531464,1,0,0,1,0,0,0,0,134,11,12,26,terminal_customer_network_burst;night_activity,0.26,0.0229757176684093,0.26
X000203236,2026-01-23 02:25:36,C001664,A0001664,M00051,T01084,South,South,237.29,USD,card_present,chip_pin,approved,APPROVE,245.36,0.9671095533094228,1,0,0,0,0,0,0,6,124,13,27,51,customer_velocity;terminal_customer_network_burst;night_activity,0.51,0.015595481681859518,0.51
X000202789,2026-01-23 02:25:44,C001660,A0001660,M00618,T00042,Northeast,Northeast,16.92,USD,ecommerce,wallet_biometric,approved,APPROVE,42.17,0.4012331041024425,1,0,0,1,0,0,0,2,89,7,14,8,night_activity,0.08,0.008532996233935209,0.08
X000009201,2026-01-23 02:26:48,C000084,A0000084,M00092,T00788,West,West,55.42,USD,ecommerce,wallet_biometric,approved,APPROVE,30.98,1.7888960619754681,1,0,0,1,0,0,0,0,134,11,9,26,terminal_customer_network_burst;night_activity,0.26,0.019755664959454376,0.26
X000046391,2026-01-23 02:27:05,C000389,A0000389,M00409,T01085,Northeast,Northeast,34.89,USD,card_present,wallet_biometric,approved,APPROVE,56.05,0.6224799286351472,1,0,0,0,0,0,0,0,74,12,7,26,terminal_customer_network_burst;night_activity,0.26,0.011829717329274094,0.26
X000066607,2026-01-23 02:27:28,C000565,A0000565,M00696,T00129,Midwest,Midwest,51.31,USD,card_present,3ds,approved,APPROVE,24.38,2.1045939294503695,1,0,0,0,0,0,0,2,84,9,18,26,terminal_customer_network_burst;night_activity,0.26,0.01552627266426444,0.26
X000053878,2026-01-23 02:27:57,C000456,A0000456,M00482,T01158,West,West,26.85,USD,ecommerce,3ds,approved,APPROVE,30.16,0.8902519893899205,1,0,0,1,0,0,0,4,48,7,14,8,night_activity,0.08,0.010642484468148132,0.08
X000193686,2026-01-23 02:28:01,C001592,A0001592,M00712,T00064,South,South,233.34,USD,ecommerce,3ds,approved,APPROVE,183.44,1.2720235499345836,1,0,0,1,0,0,0,0,155,15,17,26,terminal_customer_network_burst;night_activity,0.26,0.01992715742363479,0.26
X000084544,2026-01-23 02:28:17,C000708,A0000708,M00533,T01021,Northeast,Northeast,38.27,USD,ecommerce,wallet_biometric,approved,APPROVE,46.63,0.8207162770748445,1,0,0,1,0,0,0,3,80,7,15,8,night_activity,0.08,0.010182363779963927,0.08
X000015397,2026-01-23 02:28:19,C000131,A0000131,M00391,T01061,Northeast,Northeast,66.09,USD,mobile_wallet,3ds,approved,APPROVE,59.87,1.1038917654918992,1,0,0,0,0,1,0,1,95,12,8,26,terminal_customer_network_burst;night_activity,0.26,0.02122937454225779,0.26
X000093214,2026-01-23 02:28:21,C000781,A0000781,M00789,T00268,South,Midwest,55.44,USD,mobile_wallet,3ds,approved,APPROVE,75.59,0.7334303479296203,1,0,0,0,0,1,1,3,78,10,0,53,new_customer_terminal_pair;terminal_customer_network_burst;night_activity;home_region_mismatch,0.53,0.1444308638045517,0.53
X000193590,2026-01-23 02:30:44,C001591,A0001591,M00070,T00169,Northeast,Northeast,36.79,USD,ecommerce,3ds,approved,APPROVE,65.42,0.5623662488535616,1,0,0,1,0,0,0,0,122,14,6,26,terminal_customer_network_burst;night_activity,0.26,0.016155977841396926,0.26
X000105963,2026-01-23 02:30:46,C000890,A0000890,M00392,T00760,Midwest,Midwest,45.01,USD,card_present,chip_pin,approved,APPROVE,41.95,1.0729439809296781,1,0,0,0,0,0,0,0,39,8,9,26,terminal_customer_network_burst;night_activity,0.26,0.009579202844747097,0.26
X000089388,2026-01-23 02:30:47,C000748,A0000748,M00791,T00304,South,South,264.98,USD,card_present,wallet_biometric,approved,APPROVE,224.36,1.1810483152077018,1,0,0,0,0,0,0,6,166,12,36,51,customer_velocity;terminal_customer_network_burst;night_activity,0.51,0.014539074147701217,0.51
X000173072,2026-01-23 02:31:04,C001428,A0001428,M00731,T00584,Northeast,Northeast,119.36,USD,card_present,chip_pin,approved,APPROVE,130.67,0.9134460855590419,1,0,0,0,0,0,0,4,89,8,28,26,terminal_customer_network_burst;night_activity,0.26,0.008937876956924802,0.26
X000225239,2026-01-23 02:32:10,C001836,A0001836,M00788,T00018,South,South,93.07,USD,mobile_wallet,chip_pin,approved,APPROVE,99.19,0.9383002318782134,1,0,0,0,0,1,0,4,140,16,23,26,terminal_customer_network_burst;night_activity,0.26,0.026426110555111293,0.26
X000084970,2026-01-23 02:32:43,C000710,A0000710,M00265,T00865,West,West,103.41,USD,ecommerce,chip_pin,approved,APPROVE,85.75,1.2059475218658893,1,0,0,1,0,0,0,5,96,6,31,33,customer_velocity;night_activity,0.33,0.009660770237763745,0.33
X000041514,2026-01-23 02:33:02,C000351,A0000351,M00461,T00574,West,West,35.95,USD,ecommerce,3ds,approved,APPROVE,48.43,0.7423084864753253,1,0,0,1,0,0,0,0,45,2,10,8,night_activity,0.08,0.006014780347719348,0.08
X000218585,2026-01-23 02:33:23,C001786,A0001786,M00048,T00107,Northeast,Northeast,4.45,USD,ecommerce,magstripe,approved,APPROVE,19.86,0.22406847935548843,1,0,0,1,1,0,0,3,119,10,13,81,terminal_customer_network_burst;low_value_testing_velocity;ecommerce_authentication_shift;night_activity,0.81,0.019898781373054456,0.81
X000225395,2026-01-23 02:33:34,C001837,A0001837,M00191,T01127,Midwest,Midwest,35.87,USD,card_present,chip_pin,approved,APPROVE,31.4,1.142356687898089,1,0,0,0,0,0,0,2,74,7,6,8,night_activity,0.08,0.011222105924762542,0.08
X000180699,2026-01-23 02:33:53,C001484,A0001484,M00278,T01124,Northeast,Northeast,31.11,USD,ecommerce,3ds,approved,APPROVE,62.68,0.4963305679642629,1,0,0,1,0,0,0,2,116,13,10,26,terminal_customer_network_burst;night_activity,0.26,0.015159483755356874,0.26
X000165399,2026-01-23 02:34:47,C001365,A0001365,M00205,T00049,South,South,185.94,USD,card_present,magstripe,approved,APPROVE,90.72,2.0496031746031744,1,0,0,0,1,0,0,1,112,8,15,26,terminal_customer_network_burst;night_activity,0.26,0.02615079279647397,0.26
X000084545,2026-01-23 02:35:55,C000708,A0000708,M00489,T01009,Northeast,Northeast,45.12,USD,ecommerce,3ds,approved,APPROVE,46.63,0.9676174136821788,1,0,0,1,0,0,0,4,72,7,17,8,night_activity,0.08,0.010839723362001695,0.08
X000202790,2026-01-23 02:36:15,C001660,A0001660,M00412,T00974,Northeast,Northeast,49.76,USD,mobile_wallet,chip_pin,approved,APPROVE,42.17,1.179985771875741,1,0,0,0,0,1,0,3,92,10,5,26,terminal_customer_network_burst;night_activity,0.26,0.02185731519299418,0.26
X000137732,2026-01-23 02:36:29,C001132,A0001132,M00040,T00439,Northeast,Northeast,36.95,USD,card_present,chip_pin,approved,APPROVE,30.53,1.2102849656075991,1,0,0,0,0,0,0,3,154,13,14,26,terminal_customer_network_burst;night_activity,0.26,0.018677833970873622,0.26
X000236918,2026-01-23 02:36:48,C001933,A0001933,M00452,T00101,Northeast,Northeast,62.96,USD,card_present,3ds,approved,APPROVE,36.56,1.7221006564551422,1,0,0,0,0,0,0,1,136,10,7,26,terminal_customer_network_burst;night_activity,0.26,0.017710240124742812,0.26
X000085840,2026-01-23 02:37:24,C000719,A0000719,M00070,T00658,Northeast,Northeast,62.6,USD,mobile_wallet,3ds,approved,APPROVE,107.92,0.5800593031875463,1,0,0,0,0,1,0,2,69,6,9,8,night_activity,0.08,0.011327782295232415,0.08
X000041604,2026-01-23 02:37:26,C000352,A0000352,M00192,T00798,South,South,56.12,USD,card_present,3ds,approved,APPROVE,46.87,1.1973543844676766,1,0,0,0,0,0,0,1,121,11,12,26,terminal_customer_network_burst;night_activity,0.26,0.01421832850106056,0.26
X000234266,2026-01-23 02:37:52,C001910,A0001910,M00094,T00737,South,South,71.03,USD,mobile_wallet,chip_pin,approved,APPROVE,94.05,0.7552365762892079,1,0,0,0,0,1,0,4,240,17,20,26,terminal_customer_network_burst;night_activity,0.26,0.03236361950076639,0.26
X000064067,2026-01-23 02:38:16,C000543,A0000543,M00641,T00246,Northeast,West,31.33,USD,ecommerce,3ds,approved,APPROVE,37.53,0.8347988276045829,1,0,0,1,0,0,1,1,13,6,0,35,new_customer_terminal_pair;night_activity;home_region_mismatch,0.35,0.07671042123592216,0.35
X000101170,2026-01-23 02:38:39,C000851,A0000851,M00754,T01077,West,West,1566.04,USD,card_present,3ds,approved,APPROVE,554.65,2.8234742630487695,1,0,0,0,0,0,0,4,70,6,39,8,night_activity,0.08,0.012718520095385998,0.08
X000023904,2026-01-23 02:39:15,C000202,A0000202,M00712,T00650,South,South,29.5,USD,ecommerce,chip_pin,approved,APPROVE,62.37,0.47298380631713965,1,0,0,1,0,0,0,1,113,16,6,26,terminal_customer_network_burst;night_activity,0.26,0.018773071054462367,0.26
X000137898,2026-01-23 02:39:19,C001134,A0001134,M00669,T00703,South,South,205.98,USD,card_present,3ds,approved,APPROVE,96.9,2.1256965944272443,1,0,0,0,0,0,0,1,120,7,0,23,new_customer_terminal_pair;night_activity,0.23,0.01796794637204489,0.23
X000226810,2026-01-23 02:40:49,C001849,A0001849,M00517,T00647,Midwest,Midwest,35.78,USD,ecommerce,chip_pin,approved,APPROVE,44.91,0.796704520151414,1,0,0,1,0,0,0,1,126,10,21,26,terminal_customer_network_burst;night_activity,0.26,0.011048054696961313,0.26
X000107895,2026-01-23 02:41:53,C000903,A0000903,M00791,T00739,South,South,137.98,USD,mobile_wallet,magstripe,approved,APPROVE,143.84,0.9592602892102335,1,0,0,0,1,1,0,4,134,16,11,26,terminal_customer_network_burst;night_activity,0.26,0.055696470924690496,0.26
X000227136,2026-01-23 02:41:54,C001852,A0001852,M00257,T00772,South,South,102.4,USD,mobile_wallet,chip_pin,approved,APPROVE,160.6,0.6376089663760898,1,0,0,0,0,1,0,6,184,17,26,51,customer_velocity;terminal_customer_network_burst;night_activity,0.51,0.02881690684307799,0.51
X000218071,2026-01-23 02:42:40,C001781,A0001781,M00695,T00010,Midwest,Midwest,39.1,USD,mobile_wallet,wallet_biometric,approved,APPROVE,63.39,0.6168165325761161,1,0,0,0,0,1,0,3,41,8,11,26,terminal_customer_network_burst;night_activity,0.26,0.012986061929450435,0.26
X000166035,2026-01-23 02:44:41,C001369,A0001369,M00343,T00377,West,West,24.96,USD,mobile_wallet,chip_pin,approved,APPROVE,29.13,0.8568486096807416,1,0,0,0,0,1,0,1,42,6,12,8,night_activity,0.08,0.010889382535525346,0.08
X000217964,2026-01-23 02:44:42,C001780,A0001780,M00341,T00741,Midwest,Midwest,35.41,USD,mobile_wallet,3ds,approved,APPROVE,40.17,0.8815036096589494,1,0,0,0,0,1,0,0,45,8,6,26,terminal_customer_network_burst;night_activity,0.26,0.013303919640926988,0.26
X000082021,2026-01-23 02:45:03,C000687,A0000687,M00112,T00586,West,West,20.95,USD,card_present,3ds,approved,APPROVE,39.26,0.533622007131941,1,0,0,0,0,0,0,2,76,9,3,26,terminal_customer_network_burst;night_activity,0.26,0.010917571531533466,0.26
X000046392,2026-01-23 02:45:44,C000389,A0000389,M00409,T01085,Northeast,Northeast,102.53,USD,ecommerce,chip_pin,approved,APPROVE,56.05,1.8292595896520965,1,0,0,1,0,0,0,1,75,12,8,26,terminal_customer_network_burst;night_activity,0.26,0.021061208880324957,0.26
X000206703,2026-01-23 02:45:46,C001687,A0001687,M00745,T00823,Northeast,Northeast,321.16,USD,ecommerce,wallet_biometric,approved,APPROVE,226.33,1.4189899703972078,1,0,0,1,0,0,0,7,169,8,42,51,customer_velocity;terminal_customer_network_burst;night_activity,0.51,0.012634705368246176,0.51
X000181825,2026-01-23 02:45:50,C001496,A0001496,M00480,T00433,West,West,42.2,USD,card_present,3ds,approved,APPROVE,48.28,0.8740679370339686,1,0,0,0,0,0,0,2,26,4,4,8,night_activity,0.08,0.007833751640302929,0.08
X000067162,2026-01-23 02:45:54,C000570,A0000570,M00693,T00687,South,South,69.96,USD,card_present,3ds,approved,APPROVE,39.87,1.7547027840481564,1,0,0,0,0,0,0,1,57,10,19,26,terminal_customer_network_burst;night_activity,0.26,0.013172544456187435,0.26
X000222102,2026-01-23 02:45:58,C001810,A0001810,M00255,T00573,West,West,119.83,USD,ecommerce,3ds,approved,APPROVE,203.81,0.587949560865512,1,0,0,1,0,0,0,5,61,7,26,33,customer_velocity;night_activity,0.33,0.00848714757408961,0.33
X000129007,2026-01-23 02:46:13,C001061,A0001061,M00712,T00064,South,South,14.05,USD,card_present,chip_pin,approved,APPROVE,35.4,0.3968926553672317,1,0,0,0,0,0,0,3,156,15,12,26,terminal_customer_network_burst;night_activity,0.26,0.01661078512558092,0.26
X000156667,2026-01-23 02:47:21,C001289,A0001289,M00588,T01164,West,West,555.45,USD,ecommerce,3ds,approved,APPROVE,454.02,1.223404255319149,1,0,0,1,0,0,0,5,63,7,32,33,customer_velocity;night_activity,0.33,0.009783765804604277,0.33
X000193472,2026-01-23 02:47:33,C001589,A0001589,M00795,T00503,Northeast,Northeast,155.15,USD,mobile_wallet,chip_pin,approved,APPROVE,71.67,2.164783033347286,1,0,0,0,0,1,0,3,79,8,9,26,terminal_customer_network_burst;night_activity,0.26,0.024915778910125225,0.26
X000228768,2026-01-23 02:48:15,C001863,A0001863,M00184,T00058,South,South,13.83,USD,ecommerce,chip_pin,approved,APPROVE,35.21,0.39278614030105086,1,0,0,1,0,0,0,1,139,15,7,26,terminal_customer_network_burst;night_activity,0.26,0.01738009563798096,0.26
X000168995,2026-01-23 02:48:39,C001397,A0001397,M00738,T00899,South,South,80.64,USD,ecommerce,wallet_biometric,approved,APPROVE,55.89,1.4428341384863124,1,0,0,1,0,0,0,6,177,14,22,51,customer_velocity;terminal_customer_network_burst;night_activity,0.51,0.025753292951728717,0.51
X000190665,2026-01-23 02:48:58,C001566,A0001566,M00147,T00338,South,South,293.78,USD,card_present,wallet_biometric,approved,APPROVE,151.95,1.9333991444554128,1,0,0,0,0,0,0,1,159,11,19,26,terminal_customer_network_burst;night_activity,0.26,0.017671640783204396,0.26
X000058830,2026-01-23 02:48:59,C000499,A0000499,M00566,T00359,West,West,221.56,USD,card_present,wallet_biometric,approved,APPROVE,206.75,1.071632406287787,1,0,0,0,0,0,0,2,82,7,15,8,night_activity,0.08,0.009616554610249494,0.08
X000012962,2026-01-23 02:49:28,C000113,A0000113,M00682,T00517,Northeast,Northeast,60.67,USD,ecommerce,magstripe,approved,APPROVE,59.23,1.0243120040520008,1,0,0,1,1,0,0,1,79,15,11,46,terminal_customer_network_burst;ecommerce_authentication_shift;night_activity,0.46,0.03325255339567588,0.46
X000014236,2026-01-23 02:50:07,C000121,A0000121,M00541,T00575,South,South,95.28,USD,mobile_wallet,chip_pin,approved,APPROVE,58.02,1.6421923474663909,1,0,0,0,0,1,0,1,87,8,16,26,terminal_customer_network_burst;night_activity,0.26,0.016881198859372226,0.26
X000115962,2026-01-23 02:50:09,C000963,A0000963,M00265,T00865,West,West,104.27,USD,card_present,chip_pin,approved,APPROVE,67.46,1.5456566854432257,1,0,0,0,0,0,0,4,97,6,16,8,night_activity,0.08,0.011899963318632965,0.08
X000162065,2026-01-23 02:50:44,C001338,A0001338,M00040,T01012,Northeast,Northeast,72.43,USD,ecommerce,3ds,approved,APPROVE,56.51,1.2817200495487526,1,0,0,1,0,0,0,1,84,15,6,26,terminal_customer_network_burst;night_activity,0.26,0.02240894530455988,0.26
X000124395,2026-01-23 02:50:57,C001029,A0001029,M00786,T00092,Northeast,Northeast,17.38,USD,card_present,wallet_biometric,approved,APPROVE,24.49,0.7096774193548387,1,0,0,0,0,0,0,1,82,9,22,26,terminal_customer_network_burst;night_activity,0.26,0.008283192015272212,0.26
X000163710,2026-01-23 02:51:05,C001349,A0001349,M00249,T00554,South,South,112.86,USD,mobile_wallet,chip_pin,approved,APPROVE,146.0,0.773013698630137,1,0,0,0,0,1,0,4,110,13,19,26,terminal_customer_network_burst;night_activity,0.26,0.020397788261040165,0.26
X000163711,2026-01-23 02:51:15,C001349,A0001349,M00761,T00945,South,South,53.29,USD,ecommerce,chip_pin,approved,APPROVE,146.0,0.365,1,0,0,1,0,0,0,5,79,7,28,33,customer_velocity;night_activity,0.33,0.007792167260332704,0.33
X000111686,2026-01-23 02:51:16,C000932,A0000932,M00695,T00203,Midwest,Midwest,21.11,USD,card_present,chip_pin,approved,APPROVE,31.07,0.6794335371741229,1,0,0,0,0,0,0,2,91,10,11,26,terminal_customer_network_burst;night_activity,0.26,0.011183412967483677,0.26
X000079222,2026-01-23 02:51:18,C000667,A0000667,M00228,T00522,Northeast,Northeast,51.72,USD,card_present,wallet_biometric,approved,APPROVE,68.9,0.7506531204644411,1,0,0,0,0,0,0,3,95,14,24,26,terminal_customer_network_burst;night_activity,0.26,0.013279623588821152,0.26
X000018071,2026-01-23 02:51:20,C000154,A0000154,M00453,T00940,South,South,118.62,USD,card_present,3ds,approved,APPROVE,64.05,1.8519906323185014,1,0,0,0,0,0,0,1,196,17,13,26,terminal_customer_network_burst;night_activity,0.26,0.030628249930821232,0.26
X000098080,2026-01-23 02:52:10,C000821,A0000821,M00191,T00188,South,Midwest,121.41,USD,ecommerce,wallet_biometric,approved,APPROVE,44.2,2.74683257918552,1,0,0,1,0,0,1,1,75,8,0,53,new_customer_terminal_pair;terminal_customer_network_burst;night_activity;home_region_mismatch,0.53,0.1770238139993964,0.53
X000171515,2026-01-23 02:53:00,C001414,A0001414,M00588,T00145,West,West,66.32,USD,card_present,wallet_biometric,approved,APPROVE,21.35,3.1063231850117092,1,0,0,0,0,0,0,1,71,6,18,38,amount_vs_profile;night_activity,0.38,0.016751532002102706,0.38
X000212725,2026-01-23 02:53:21,C001736,A0001736,M00546,T00452,West,West,100.42,USD,card_present,chip_pin,approved,APPROVE,52.72,1.9047799696509864,1,0,0,0,0,0,0,2,32,11,6,26,terminal_customer_network_burst;night_activity,0.26,0.01856427682457852,0.26
X000226894,2026-01-23 02:54:29,C001850,A0001850,M00231,T01111,South,South,39.89,USD,card_present,3ds,approved,APPROVE,35.81,1.1139346551242668,1,0,0,0,0,0,0,1,97,14,6,26,terminal_customer_network_burst;night_activity,0.26,0.018131359250009773,0.26
X000004921,2026-01-23 02:55:20,C000045,A0000045,M00454,T00240,West,West,17.25,USD,card_present,wallet_biometric,approved,APPROVE,25.21,0.6842522808409361,1,0,0,0,0,0,0,1,14,3,12,8,night_activity,0.08,0.005578285126948149,0.08
X000101629,2026-01-23 02:55:56,C000855,A0000855,M00196,T00164,Midwest,Midwest,52.1,USD,ecommerce,chip_pin,approved,APPROVE,49.93,1.0434608451832565,1,0,0,1,0,0,0,1,56,10,9,26,terminal_customer_network_burst;night_activity,0.26,0.01309585980839641,0.26
X000106070,2026-01-23 02:55:59,C000891,A0000891,M00372,T00095,South,South,88.36,USD,ecommerce,3ds,approved,APPROVE,55.54,1.590925459128556,1,0,0,1,0,0,0,2,143,14,21,26,terminal_customer_network_burst;night_activity,0.26,0.021309465375745656,0.26
X000047584,2026-01-23 02:56:06,C000401,A0000401,M00054,T00545,West,West,35.18,USD,card_present,3ds,approved,APPROVE,47.83,0.7355216391386159,1,0,0,0,0,0,0,2,81,8,12,26,terminal_customer_network_burst;night_activity,0.26,0.009568501346083358,0.26
X000076825,2026-01-23 02:56:07,C000646,A0000646,M00347,T00077,Midwest,Midwest,211.07,USD,card_present,wallet_biometric,approved,APPROVE,116.37,1.813783621208215,1,0,0,0,0,0,0,2,45,8,14,26,terminal_customer_network_burst;night_activity,0.26,0.013019882738599317,0.26
X000112498,2026-01-23 02:56:17,C000941,A0000941,M00580,T00415,South,South,58.02,USD,card_present,3ds,approved,APPROVE,52.11,1.113413932066782,1,0,0,0,0,0,0,0,169,19,17,26,terminal_customer_network_burst;night_activity,0.26,0.02321794845678066,0.26
X000081588,2026-01-23 02:57:28,C000683,A0000683,M00294,T00904,South,South,95.51,USD,ecommerce,3ds,approved,APPROVE,73.2,1.3047814207650272,1,0,0,1,0,0,0,2,124,9,11,26,terminal_customer_network_burst;night_activity,0.26,0.015188789588863601,0.26
X000148580,2026-01-23 02:58:03,C001225,A0001225,M00247,T01144,South,South,282.63,USD,ecommerce,3ds,approved,APPROVE,171.02,1.6526137293883756,1,0,0,1,0,0,0,8,224,21,54,51,customer_velocity;terminal_customer_network_burst;night_activity,0.51,0.03331133234507457,0.51
X000159054,2026-01-23 02:58:44,C001309,A0001309,M00394,T00597,South,South,72.11,USD,ecommerce,magstripe,approved,APPROVE,46.76,1.5421300256629598,1,0,0,1,1,0,0,2,110,14,10,46,terminal_customer_network_burst;ecommerce_authentication_shift;night_activity,0.46,0.04170116352146005,0.46
X000080061,2026-01-23 02:58:50,C000674,A0000674,M00341,T00572,Midwest,Midwest,344.69,USD,ecommerce,3ds,approved,APPROVE,400.29,0.8611007019910565,1,0,0,1,0,0,0,4,109,10,24,26,terminal_customer_network_burst;night_activity,0.26,0.012301083779857506,0.26
X000237740,2026-01-23 02:59:47,C001939,A0001939,M00145,T00673,Northeast,Northeast,62.19,USD,mobile_wallet,wallet_biometric,approved,APPROVE,45.16,1.3771036315323295,1,0,0,0,0,1,0,1,57,7,6,8,night_activity,0.08,0.015910522672271922,0.08
X000016228,2026-01-23 03:00:58,C000137,A0000137,M00038,T00874,South,South,196.54,USD,ecommerce,3ds,approved,APPROVE,145.83,1.3477336624837137,1,0,0,1,0,0,0,5,245,19,22,51,customer_velocity;terminal_customer_network_burst;night_activity,0.51,0.037400684322161704,0.51
X000000061,2026-01-23 03:01:06,C000001,A0000001,M00372,T00095,South,South,115.8,USD,ecommerce,chip_pin,approved,APPROVE,215.65,0.5369812195687457,1,0,0,1,0,0,0,3,144,14,22,26,terminal_customer_network_burst;night_activity,0.26,0.015089617732599711,0.26
X000022264,2026-01-23 03:01:51,C000192,A0000192,M00002,T00312,Northeast,Northeast,56.27,USD,card_present,wallet_biometric,approved,APPROVE,33.17,1.6964124208622249,1,0,0,0,0,0,0,0,69,10,11,26,terminal_customer_network_burst;night_activity,0.26,0.014123437306952712,0.26
X000144868,2026-01-23 03:01:54,C001193,A0001193,M00682,T00951,Northeast,Northeast,55.4,USD,ecommerce,chip_pin,approved,APPROVE,50.77,1.0911955879456372,1,0,0,1,0,0,0,4,76,8,0,41,new_customer_terminal_pair;terminal_customer_network_burst;night_activity,0.41,0.015994226622018878,0.41
X000225801,2026-01-23 03:02:14,C001840,A0001840,M00077,T00783,South,South,101.47,USD,card_present,3ds,approved,APPROVE,193.68,0.5239054109871953,1,0,0,0,0,0,0,4,120,15,22,26,terminal_customer_network_burst;night_activity,0.26,0.01484472738208871,0.26
X000236471,2026-01-23 03:03:00,C001929,A0001929,M00452,T00101,Northeast,Northeast,154.91,USD,ecommerce,chip_pin,approved,APPROVE,150.31,1.0306034195994944,1,0,0,1,0,0,0,6,137,10,47,51,customer_velocity;terminal_customer_network_burst;night_activity,0.51,0.01059033885770914,0.51
X000075900,2026-01-23 03:03:06,C000638,A0000638,M00400,T00241,West,West,18.99,USD,card_present,chip_pin,approved,APPROVE,27.22,0.6976487876561351,1,0,0,0,0,0,0,2,106,10,15,26,terminal_customer_network_burst;night_activity,0.26,0.010822689493193876,0.26
X000196661,2026-01-23 03:03:28,C001615,A0001615,M00338,T00847,Northeast,Northeast,35.77,USD,card_present,3ds,approved,APPROVE,49.67,0.7201530098651098,1,0,0,0,0,0,0,3,138,12,14,26,terminal_customer_network_burst;night_activity,0.26,0.014183533008286685,0.26
X000120458,2026-01-23 03:03:54,C001001,A0001001,M00635,T01013,Midwest,Midwest,32.08,USD,card_present,wallet_biometric,approved,APPROVE,38.51,0.833030381719034,1,0,0,0,0,0,0,1,131,15,19,26,terminal_customer_network_burst;night_activity,0.26,0.015143478056810112,0.26
X000133164,2026-01-23 03:05:14,C001098,A0001098,M00108,T00481,Midwest,Midwest,28.25,USD,ecommerce,wallet_biometric,approved,APPROVE,53.75,0.5255813953488372,1,0,0,1,0,0,0,3,140,11,21,26,terminal_customer_network_burst;night_activity,0.26,0.012204866463285481,0.26
X000059199,2026-01-23 03:05:22,C000503,A0000503,M00772,T00124,South,Midwest,179.01,USD,card_present,chip_pin,approved,APPROVE,101.75,1.7593120393120392,1,0,0,0,0,0,1,1,95,11,0,53,new_customer_terminal_pair;terminal_customer_network_burst;night_activity;home_region_mismatch,0.53,0.14786719299803833,0.53
X000232627,2026-01-23 03:05:49,C001897,A0001897,M00108,T00481,Midwest,Midwest,79.33,USD,card_present,wallet_biometric,approved,APPROVE,92.61,0.856602958643775,1,0,0,0,0,0,0,4,141,11,25,26,terminal_customer_network_burst;night_activity,0.26,0.012361962692190403,0.26
X000071794,2026-01-23 03:06:01,C000609,A0000609,M00133,T00854,Northeast,Northeast,77.71,USD,card_present,magstripe,approved,APPROVE,131.74,0.5898739942310611,1,0,0,0,1,0,0,6,121,14,31,51,customer_velocity;terminal_customer_network_burst;night_activity,0.51,0.024335635684601977,0.51
X000036754,2026-01-23 03:06:29,C000315,A0000315,M00613,T00852,Midwest,South,254.78,USD,card_present,3ds,approved,APPROVE,260.77,0.9770295662844654,1,0,0,0,0,0,1,0,111,14,0,53,new_customer_terminal_pair;terminal_customer_network_burst;night_activity;home_region_mismatch,0.53,0.13604178675834297,0.53
X000083783,2026-01-23 03:06:31,C000700,A0000700,M00354,T00072,Northeast,Northeast,44.41,USD,mobile_wallet,chip_pin,approved,APPROVE,52.12,0.8520721412125863,1,0,0,0,0,1,0,0,75,10,14,26,terminal_customer_network_burst;night_activity,0.26,0.014063449725692604,0.26
X000106958,2026-01-23 03:07:10,C000896,A0000896,M00685,T00672,Northeast,Northeast,97.59,USD,card_present,3ds,approved,APPROVE,147.7,0.6607312119160461,1,0,0,0,0,0,0,5,119,8,15,51,customer_velocity;terminal_customer_network_burst;night_activity,0.51,0.011020888321886654,0.51
X000086165,2026-01-23 03:07:44,C000723,A0000723,M00372,T00095,South,South,44.46,USD,card_present,3ds,approved,APPROVE,62.35,0.7130713712910987,1,0,0,0,0,0,0,2,145,14,6,26,terminal_customer_network_burst;night_activity,0.26,0.017765434515017872,0.26
X000043084,2026-01-23 03:08:10,C000364,A0000364,M00056,T01147,Midwest,Midwest,68.26,USD,ecommerce,3ds,approved,APPROVE,55.3,1.234358047016275,1,0,0,1,0,0,0,3,164,10,19,26,terminal_customer_network_burst;night_activity,0.26,0.01573852093574362,0.26
X000071637,2026-01-23 03:08:12,C000608,A0000608,M00583,T00327,Midwest,Midwest,88.15,USD,card_present,3ds,approved,APPROVE,130.3,0.6765157329240215,1,0,0,0,0,0,0,1,58,9,6,26,terminal_customer_network_burst;night_activity,0.26,0.010131987907680379,0.26
X000225044,2026-01-23 03:08:41,C001835,A0001835,M00461,T00958,West,West,43.02,USD,card_present,3ds,approved,APPROVE,95.26,0.4516061305899643,1,0,0,0,0,0,0,3,49,8,19,26,terminal_customer_network_burst;night_activity,0.26,0.007749677719037215,0.26
X000076275,2026-01-23 03:08:59,C000641,A0000641,M00446,T00838,South,South,107.57,USD,ecommerce,magstripe,approved,APPROVE,169.2,0.6357565011820331,1,0,0,1,1,0,0,1,97,10,7,46,terminal_customer_network_burst;ecommerce_authentication_shift;night_activity,0.46,0.022100278029613642,0.46
X000096024,2026-01-23 03:09:18,C000802,A0000802,M00739,T00701,South,South,251.68,USD,card_present,chip_pin,approved,APPROVE,92.76,2.713238464855541,1,0,0,0,0,0,0,1,124,14,9,26,terminal_customer_network_burst;night_activity,0.26,0.032133383013783205,0.26
X000055932,2026-01-23 03:09:42,C000472,A0000472,M00052,T00717,South,South,40.44,USD,card_present,chip_pin,approved,APPROVE,26.64,1.5180180180180178,1,0,0,0,0,0,0,1,86,12,15,26,terminal_customer_network_burst;night_activity,0.26,0.015540827222378088,0.26
X000051571,2026-01-23 03:10:20,C000436,A0000436,M00435,T00513,Midwest,Midwest,17.05,USD,mobile_wallet,wallet_biometric,approved,APPROVE,54.38,0.3135343876425156,1,0,0,0,0,1,0,2,71,10,13,26,terminal_customer_network_burst;night_activity,0.26,0.012945904218785541,0.26
X000135914,2026-01-23 03:10:55,C001117,A0001117,M00119,T00895,South,South,18.59,USD,ecommerce,wallet_biometric,approved,APPROVE,44.49,0.41784670712519667,1,0,0,1,0,0,0,3,147,14,10,26,terminal_customer_network_burst;night_activity,0.26,0.017493967225257506,0.26
X000183351,2026-01-23 03:11:01,C001508,A0001508,M00184,T00927,South,South,16.76,USD,ecommerce,chip_pin,approved,APPROVE,37.12,0.45150862068965525,1,0,0,1,0,0,0,4,197,17,11,26,terminal_customer_network_burst;night_activity,0.26,0.024592903073483427,0.26
X000028059,2026-01-23 03:11:08,C000242,A0000242,M00057,T00959,West,West,23.44,USD,mobile_wallet,chip_pin,approved,APPROVE,21.51,1.089725708972571,1,0,0,0,0,1,0,0,21,6,6,8,night_activity,0.08,0.011967105281576036,0.08
X000166323,2026-01-23 03:11:17,C001372,A0001372,M00282,T00583,South,South,24.51,USD,card_present,chip_pin,approved,APPROVE,52.16,0.46990030674846633,1,0,0,0,0,0,0,1,187,16,6,26,terminal_customer_network_burst;night_activity,0.26,0.019018091768396708,0.26
X000090610,2026-01-23 03:12:19,C000759,A0000759,M00618,T00042,Northeast,Northeast,58.88,USD,card_present,chip_pin,approved,APPROVE,40.5,1.4538271604938273,1,0,0,0,0,0,0,2,90,7,10,8,night_activity,0.08,0.012108997714227427,0.08
X000159575,2026-01-23 03:12:31,C001315,A0001315,M00553,T00625,West,West,50.2,USD,ecommerce,3ds,approved,APPROVE,49.14,1.0215710215710216,1,0,0,1,0,0,0,0,39,5,6,8,night_activity,0.08,0.008751306711775098,0.08
X000088810,2026-01-23 03:12:59,C000745,A0000745,M00690,T00363,Northeast,Northeast,890.54,USD,ecommerce,3ds,soft_decline,CHALLENGE,273.0,3.262051282051282,1,0,1,1,0,0,0,3,97,10,37,64,amount_vs_profile;terminal_customer_network_burst;night_activity;authentication_soft_decline,0.64,0.09003945708490793,0.64
X000209346,2026-01-23 03:13:03,C001709,A0001709,M00696,T00853,Midwest,Midwest,40.15,USD,card_present,3ds,approved,APPROVE,57.15,0.7025371828521435,1,0,0,0,0,0,0,1,35,9,17,26,terminal_customer_network_burst;night_activity,0.26,0.008309970364107435,0.26
X000207270,2026-01-23 03:13:06,C001691,A0001691,M00038,T00321,South,South,39.68,USD,ecommerce,3ds,approved,APPROVE,50.85,0.7803343166175024,1,0,0,1,0,0,0,1,101,11,8,26,terminal_customer_network_burst;night_activity,0.26,0.013920959408976965,0.26
X000176211,2026-01-23 03:13:26,C001452,A0001452,M00764,T01031,West,West,38.85,USD,card_present,chip_pin,approved,APPROVE,57.59,0.6745962840770967,1,0,0,0,0,0,0,2,48,7,12,8,night_activity,0.08,0.008267938186343955,0.08
X000120859,2026-01-23 03:13:33,C001004,A0001004,M00345,T01138,South,South,37.28,USD,mobile_wallet,chip_pin,approved,APPROVE,131.79,0.282874269671447,1,0,0,0,0,1,0,5,117,11,15,51,customer_velocity;terminal_customer_network_burst;night_activity,0.51,0.01673992843496083,0.51
X000189593,2026-01-23 03:13:52,C001558,A0001558,M00082,T00557,Northeast,Northeast,21.8,USD,card_present,magstripe,approved,APPROVE,36.33,0.600055050922103,1,0,0,0,1,0,0,2,95,10,12,26,terminal_customer_network_burst;night_activity,0.26,0.01920675067823993,0.26
X000084728,2026-01-23 03:14:13,C000709,A0000709,M00778,T00222,South,South,97.24,USD,ecommerce,wallet_biometric,approved,APPROVE,116.1,0.8375538329026702,1,0,0,1,0,0,0,4,64,7,26,8,night_activity,0.08,0.00886684079949645,0.08
X000154671,2026-01-23 03:15:00,C001275,A0001275,M00645,T00905,South,South,63.72,USD,mobile_wallet,wallet_biometric,approved,APPROVE,166.44,0.3828406633020908,1,0,0,0,0,1,0,4,187,17,12,26,terminal_customer_network_burst;night_activity,0.26,0.029549803864595627,0.26
X000075542,2026-01-23 03:15:01,C000635,A0000635,M00393,T00239,Northeast,Northeast,258.72,USD,card_present,wallet_biometric,approved,APPROVE,92.24,2.8048568950563753,1,0,0,0,0,0,0,2,159,12,22,26,terminal_customer_network_burst;night_activity,0.26,0.02617571895404986,0.26
X000036075,2026-01-23 03:15:12,C000308,A0000308,M00740,T00262,Northeast,Northeast,183.36,USD,mobile_wallet,chip_pin,approved,APPROVE,150.47,1.218581777098425,1,0,0,0,0,1,0,2,34,9,6,26,terminal_customer_network_burst;night_activity,0.26,0.017648065565835765,0.26
X000125090,2026-01-23 03:15:54,C001032,A0001032,M00316,T00389,South,South,173.65,USD,ecommerce,chip_pin,approved,APPROVE,220.63,0.787064315822871,1,0,0,1,0,0,0,6,173,15,53,51,customer_velocity;terminal_customer_network_burst;night_activity,0.51,0.013403939814917838,0.51
X000054428,2026-01-23 03:16:38,C000461,A0000461,M00778,T01132,South,South,839.53,USD,card_present,3ds,approved,APPROVE,456.08,1.8407516225223646,1,0,0,0,0,0,0,2,118,14,35,26,terminal_customer_network_burst;night_activity,0.26,0.01637221060939263,0.26
X000157338,2026-01-23 03:16:41,C001294,A0001294,M00326,T01151,Northeast,Northeast,101.24,USD,card_present,3ds,approved,APPROVE,73.61,1.3753566091563645,1,0,0,0,0,0,0,4,94,9,6,26,terminal_customer_network_burst;night_activity,0.26,0.016168437340590577,0.26
X000042032,2026-01-23 03:16:46,C000356,A0000356,M00764,T01031,West,West,513.78,USD,ecommerce,magstripe,approved,APPROVE,126.06,4.0756782484531175,1,0,0,1,1,0,0,1,49,7,15,58,amount_vs_profile;ecommerce_authentication_shift;night_activity,0.58,0.050301999169830504,0.58
X000155714,2026-01-23 03:17:07,C001282,A0001282,M00412,T00974,Northeast,Northeast,44.65,USD,card_present,chip_pin,approved,APPROVE,101.36,0.4405090765588003,1,0,0,0,0,0,0,3,93,10,15,26,terminal_customer_network_burst;night_activity,0.26,0.010173619219537503,0.26
X000208233,2026-01-23 03:17:48,C001700,A0001700,M00493,T00281,West,West,39.73,USD,card_present,chip_pin,approved,APPROVE,36.08,1.1011640798226163,1,0,0,0,0,0,0,2,37,7,7,8,night_activity,0.08,0.010279892284916404,0.08
X000146434,2026-01-23 03:17:58,C001208,A0001208,M00312,T00115,Northeast,Northeast,35.35,USD,card_present,chip_pin,approved,APPROVE,52.39,0.6747470891391487,1,0,0,0,0,0,0,0,27,3,14,8,night_activity,0.08,0.005214399874808863,0.08
X000139007,2026-01-23 03:17:59,C001145,A0001145,M00706,T00053,Northeast,Northeast,69.53,USD,card_present,3ds,approved,APPROVE,35.44,1.9619074492099324,1,0,0,0,0,0,0,4,101,11,11,26,terminal_customer_network_burst;night_activity,0.26,0.021616398876287857,0.26
X000001900,2026-01-23 03:18:08,C000016,A0000016,M00641,T00175,West,West,41.11,USD,card_present,magstripe,soft_decline,CHALLENGE,33.48,1.2278972520908005,1,0,1,0,1,0,0,1,50,7,8,16,night_activity;authentication_soft_decline,0.16,0.07446992028484961,0.16
X000184620,2026-01-23 03:18:19,C001521,A0001521,M00074,T00967,South,South,359.28,USD,mobile_wallet,chip_pin,approved,APPROVE,233.38,1.5394635358642557,1,0,0,0,0,1,0,9,151,13,26,51,customer_velocity;terminal_customer_network_burst;night_activity,0.51,0.033237735343327746,0.51
X000170328,2026-01-23 03:18:26,C001404,A0001404,M00644,T00681,West,West,182.23,USD,mobile_wallet,wallet_biometric,approved,APPROVE,133.01,1.370047364859785,1,0,0,0,0,1,0,2,39,5,18,8,night_activity,0.08,0.011668267720563038,0.08
X000125091,2026-01-23 03:18:42,C001032,A0001032,M00051,T00286,South,South,448.64,USD,card_present,3ds,approved,APPROVE,220.63,2.0334496668630737,1,0,0,0,0,0,0,7,156,13,50,51,customer_velocity;terminal_customer_network_burst;night_activity,0.51,0.01778880732507067,0.51
X000024163,2026-01-23 03:19:21,C000204,A0000204,M00462,T01033,Northeast,Northeast,16.65,USD,card_present,chip_pin,approved,APPROVE,33.64,0.49494649227110576,1,0,0,0,0,0,0,3,27,2,12,8,night_activity,0.08,0.005482081906676513,0.08
X000016517,2026-01-23 03:19:34,C000140,A0000140,M00497,T00121,Midwest,West,68.84,USD,mobile_wallet,chip_pin,approved,APPROVE,38.22,1.8011512297226584,1,0,0,0,0,1,1,2,46,9,0,53,new_customer_terminal_pair;terminal_customer_network_burst;night_activity;home_region_mismatch,0.53,0.17365601672350903,0.53
X000067356,2026-01-23 03:19:44,C000571,A0000571,M00608,T00219,South,South,85.97,USD,card_present,magstripe,approved,APPROVE,119.82,0.7174929060257053,1,0,0,0,1,0,0,2,188,15,28,26,terminal_customer_network_burst;night_activity,0.26,0.02582102589284868,0.26
X000076044,2026-01-23 03:19:49,C000639,A0000639,M00271,T01087,Northeast,Northeast,89.29,USD,card_present,chip_pin,approved,APPROVE,45.73,1.9525475617756398,1,0,0,0,0,0,0,5,113,14,21,51,customer_velocity;terminal_customer_network_burst;night_activity,0.51,0.024555412405534507,0.51
X000232628,2026-01-23 03:19:59,C001897,A0001897,M00108,T00481,Midwest,Midwest,77.43,USD,mobile_wallet,wallet_biometric,approved,APPROVE,92.61,0.8360868156786525,1,0,0,0,0,1,0,5,142,11,26,51,customer_velocity;terminal_customer_network_burst;night_activity,0.51,0.017928124026622742,0.51
X000053976,2026-01-23 03:20:23,C000457,A0000457,M00193,T00346,West,West,49.05,USD,card_present,chip_pin,approved,APPROVE,58.8,0.8341836734693877,1,0,0,0,0,0,0,3,82,10,5,26,terminal_customer_network_burst;night_activity,0.26,0.013506036327682016,0.26
X000157884,2026-01-23 03:20:47,C001298,A0001298,M00354,T00072,Northeast,Northeast,151.17,USD,card_present,3ds,approved,APPROVE,132.64,1.1397014475271412,1,0,0,0,0,0,0,0,76,10,4,26,terminal_customer_network_burst;night_activity,0.26,0.012993748383948314,0.26
X000015937,2026-01-23 03:22:10,C000135,A0000135,M00378,T01130,South,South,39.99,USD,card_present,3ds,approved,APPROVE,91.86,0.4353363814500327,1,0,0,0,0,0,0,2,143,12,14,26,terminal_customer_network_burst;night_activity,0.26,0.012225189533190824,0.26
X000021786,2026-01-23 03:22:10,C000188,A0000188,M00669,T00703,South,South,36.75,USD,card_present,3ds,approved,APPROVE,45.35,0.8103638368246968,1,0,0,0,0,0,0,2,121,8,19,26,terminal_customer_network_burst;night_activity,0.26,0.00937422227545148,0.26
X000159947,2026-01-23 03:22:15,C001319,A0001319,M00683,T00603,Midwest,Midwest,171.08,USD,card_present,chip_pin,approved,APPROVE,92.22,1.8551290392539581,1,0,0,0,0,0,0,3,66,5,11,8,night_activity,0.08,0.01212491781447838,0.08
X000054672,2026-01-23 03:22:33,C000462,A0000462,M00029,T00167,South,South,39.63,USD,card_present,chip_pin,approved,APPROVE,35.57,1.1141411301658701,1,0,0,0,0,0,0,3,136,16,17,26,terminal_customer_network_burst;night_activity,0.26,0.020792737531429635,0.26
X000219522,2026-01-23 03:22:44,C001793,A0001793,M00305,T00345,Northeast,Northeast,35.29,USD,card_present,wallet_biometric,approved,APPROVE,36.29,0.9724441995039956,1,0,0,0,0,0,0,1,41,4,7,8,night_activity,0.08,0.007524523347560322,0.08
X000168668,2026-01-23 03:24:37,C001395,A0001395,M00125,T00778,West,West,147.13,USD,ecommerce,chip_pin,approved,APPROVE,55.67,2.6428956349919166,1,0,0,1,0,0,0,2,46,9,19,26,terminal_customer_network_burst;night_activity,0.26,0.019370494377914927,0.26
X000191032,2026-01-23 03:25:13,C001568,A0001568,M00038,T00874,South,South,229.51,USD,mobile_wallet,magstripe,approved,APPROVE,122.57,1.8724810312474505,1,0,0,0,1,1,0,1,246,19,29,26,terminal_customer_network_burst;night_activity,0.26,0.07303112568604714,0.26
X000036755,2026-01-23 03:25:40,C000315,A0000315,M00162,T00759,Midwest,Midwest,194.46,USD,card_present,magstripe,approved,APPROVE,260.77,0.745714614411167,1,0,0,0,1,0,0,1,96,9,25,26,terminal_customer_network_burst;night_activity,0.26,0.014635465241991111,0.26
X000091727,2026-01-23 03:25:50,C000769,A0000769,M00738,T00002,South,South,525.54,USD,card_present,wallet_biometric,approved,APPROVE,268.43,1.9578288566851691,1,0,0,0,0,0,0,4,91,10,47,26,terminal_customer_network_burst;night_activity,0.26,0.011293337049601337,0.26
X000062479,2026-01-23 03:26:08,C000531,A0000531,M00583,T00599,Midwest,Midwest,316.67,USD,ecommerce,wallet_biometric,approved,APPROVE,214.99,1.4729522303362947,1,0,0,1,0,0,0,4,48,5,44,8,night_activity,0.08,0.007119404259751443,0.08
X000047695,2026-01-23 03:27:01,C000402,A0000402,M00329,T00094,Midwest,Midwest,19.43,USD,ecommerce,chip_pin,approved,APPROVE,23.82,0.8157010915197312,1,0,0,1,0,0,0,1,62,9,18,26,terminal_customer_network_burst;night_activity,0.26,0.009824242279072864,0.26
X000095793,2026-01-23 03:27:29,C000800,A0000800,M00720,T00705,Northeast,Northeast,57.37,USD,card_present,chip_pin,approved,APPROVE,46.67,1.2292693379044353,1,0,0,0,0,0,0,1,122,14,16,26,terminal_customer_network_burst;night_activity,0.26,0.016818528623235955,0.26
X000101171,2026-01-23 03:28:39,C000851,A0000851,M00066,T00171,West,West,833.46,USD,card_present,3ds,approved,APPROVE,554.65,1.5026773641034887,1,0,0,0,0,0,0,5,74,6,26,33,customer_velocity;night_activity,0.33,0.010189628016588428,0.33
X000189594,2026-01-23 03:28:59,C001558,A0001558,M00171,T00643,Northeast,Northeast,54.63,USD,card_present,chip_pin,approved,APPROVE,36.33,1.5037159372419489,1,0,0,0,0,0,0,3,96,8,13,26,terminal_customer_network_burst;night_activity,0.26,0.01345519929240269,0.26
X000131990,2026-01-23 03:29:39,C001087,A0001087,M00797,T00303,South,South,238.74,USD,card_present,wallet_biometric,approved,APPROVE,67.4,3.5421364985163204,1,0,0,0,0,0,0,1,122,15,14,56,amount_vs_profile;terminal_customer_network_burst;night_activity,0.56,0.04281782449292915,0.56
X000033448,2026-01-23 03:30:00,C000284,A0000284,M00311,T01079,Midwest,Midwest,26.08,USD,card_present,chip_pin,approved,APPROVE,48.91,0.5332242895113474,1,0,0,0,0,0,0,4,76,11,11,26,terminal_customer_network_burst;night_activity,0.26,0.012367678266273257,0.26
X000156425,2026-01-23 03:31:14,C001287,A0001287,M00679,T00587,Northeast,Northeast,7.14,USD,ecommerce,3ds,approved,APPROVE,23.67,0.3016476552598225,1,0,0,1,0,0,0,2,162,10,16,26,terminal_customer_network_burst;night_activity,0.26,0.011100021422602876,0.26
X000027988,2026-01-23 03:31:15,C000241,A0000241,M00159,T00555,Northeast,Northeast,27.12,USD,mobile_wallet,3ds,approved,APPROVE,38.62,0.7022268254790265,1,0,0,0,0,1,0,0,56,7,5,8,night_activity,0.08,0.011971026840321987,0.08
X000113353,2026-01-23 03:31:24,C000945,A0000945,M00763,T00601,South,South,12.06,USD,ecommerce,wallet_biometric,approved,APPROVE,24.33,0.49568434032059194,1,0,0,1,0,0,0,3,156,15,22,26,terminal_customer_network_burst;night_activity,0.26,0.016275803661188346,0.26
X000144518,2026-01-23 03:31:25,C001190,A0001190,M00784,T00756,South,South,366.69,USD,ecommerce,3ds,approved,APPROVE,253.9,1.4442300118156755,1,0,0,1,0,0,0,7,167,15,17,51,customer_velocity;terminal_customer_network_burst;night_activity,0.51,0.030987518636673723,0.51
X000237900,2026-01-23 03:32:56,C001941,A0001941,M00791,T00739,South,South,135.18,USD,card_present,chip_pin,approved,APPROVE,77.96,1.7339661364802466,1,0,0,0,0,0,0,0,135,16,4,26,terminal_customer_network_burst;night_activity,0.26,0.027186507510905625,0.26
X000173442,2026-01-23 03:33:13,C001430,A0001430,M00227,T00504,Midwest,Midwest,34.7,USD,ecommerce,chip_pin,approved,APPROVE,113.63,0.30537710111766264,1,0,0,1,0,0,0,4,152,11,16,26,terminal_customer_network_burst;night_activity,0.26,0.01306706558708869,0.26
X000123773,2026-01-23 03:33:20,C001024,A0001024,M00051,T00286,South,South,24.56,USD,mobile_wallet,wallet_biometric,approved,APPROVE,26.09,0.9413568417018015,1,0,0,0,0,1,0,3,157,13,10,26,terminal_customer_network_burst;night_activity,0.26,0.0254099958151985,0.26
X000239990,2026-01-23 03:33:29,C001957,A0001957,M00448,T00142,Midwest,Midwest,28.49,USD,card_present,magstripe,approved,APPROVE,49.97,0.5701420852511506,1,0,0,0,1,0,0,1,54,7,10,8,night_activity,0.08,0.01406713729211676,0.08
X000057945,2026-01-23 03:34:12,C000492,A0000492,M00588,T01157,South,West,106.37,USD,card_present,chip_pin,approved,APPROVE,38.22,2.783097854526426,1,0,0,0,0,0,1,5,24,7,0,60,customer_velocity;new_customer_terminal_pair;night_activity;home_region_mismatch,0.6,0.17289690756576423,0.6
X000221280,2026-01-23 03:34:24,C001804,A0001804,M00587,T00374,South,South,162.27,USD,card_present,3ds,approved,APPROVE,206.37,0.7863061491495857,1,0,0,0,0,0,0,1,105,8,25,26,terminal_customer_network_burst;night_activity,0.26,0.007829761891388549,0.26
X000129823,2026-01-23 03:34:26,C001067,A0001067,M00414,T00189,Midwest,Midwest,205.84,USD,card_present,chip_pin,approved,APPROVE,153.89,1.3375787900448373,1,0,0,0,0,0,0,8,177,17,38,51,customer_velocity;terminal_customer_network_burst;night_activity,0.51,0.02413752817598709,0.51
X000231322,2026-01-23 03:34:35,C001888,A0001888,M00258,T00401,West,West,40.28,USD,ecommerce,chip_pin,approved,APPROVE,34.21,1.1774334989769073,1,0,0,1,0,0,0,1,11,4,8,8,night_activity,0.08,0.008427122526507375,0.08
X000165291,2026-01-23 03:35:01,C001364,A0001364,M00070,T00658,Northeast,Northeast,188.43,USD,ecommerce,chip_pin,approved,APPROVE,58.11,3.242643262777491,1,0,0,1,0,0,0,1,70,6,12,38,amount_vs_profile;night_activity,0.38,0.02129446329341165,0.38
X000033978,2026-01-23 03:35:04,C000289,A0000289,M00125,T00414,West,West,163.81,USD,card_present,wallet_biometric,approved,APPROVE,157.83,1.0378888677691187,1,0,0,0,0,0,0,3,66,8,24,26,terminal_customer_network_burst;night_activity,0.26,0.009122121604459441,0.26
X000143444,2026-01-23 03:35:04,C001182,A0001182,M00675,T00834,Midwest,Midwest,27.84,USD,card_present,magstripe,approved,APPROVE,40.93,0.6801856828731981,1,0,0,0,1,0,0,3,66,7,20,8,night_activity,0.08,0.014166582538150162,0.08
X000011271,2026-01-23 03:36:19,C000101,A0000101,M00267,T00249,West,West,200.61,USD,mobile_wallet,chip_pin,approved,APPROVE,65.68,3.0543544457978076,1,0,0,0,0,1,0,1,43,5,16,38,amount_vs_profile;night_activity,0.38,0.021233175694286604,0.38
X000169507,2026-01-23 03:36:24,C001400,A0001400,M00743,T00089,South,South,126.62,USD,ecommerce,3ds,soft_decline,CHALLENGE,210.06,0.6027801580500809,1,0,1,1,0,0,0,5,65,9,44,59,customer_velocity;terminal_customer_network_burst;night_activity;authentication_soft_decline,0.59,0.03150248606511262,0.59
X000188536,2026-01-23 03:36:26,C001549,A0001549,M00716,T00866,West,West,155.45,USD,ecommerce,3ds,approved,APPROVE,153.09,1.015415768502188,1,0,0,1,0,0,0,2,47,7,0,23,new_customer_terminal_pair;night_activity,0.23,0.01246956329894783,0.23
X000195534,2026-01-23 03:36:28,C001606,A0001606,M00037,T00050,West,West,78.13,USD,ecommerce,wallet_biometric,approved,APPROVE,119.37,0.6545195610287341,1,0,0,1,0,0,0,3,77,8,32,26,terminal_customer_network_burst;night_activity,0.26,0.007857922456401005,0.26
X000090611,2026-01-23 03:37:03,C000759,A0000759,M00145,T00673,Northeast,Northeast,28.55,USD,card_present,wallet_biometric,approved,APPROVE,40.5,0.7049382716049383,1,0,0,0,0,0,0,3,58,7,14,8,night_activity,0.08,0.008671759602996413,0.08
X000054142,2026-01-23 03:37:30,C000459,A0000459,M00335,T00138,South,South,35.97,USD,ecommerce,magstripe,approved,APPROVE,44.53,0.8077700426678643,1,0,0,1,1,0,0,0,148,10,16,46,terminal_customer_network_burst;ecommerce_authentication_shift;night_activity,0.46,0.021000738505071982,0.46
X000224507,2026-01-23 03:38:17,C001832,A0001832,M00557,T00649,South,Midwest,90.04,USD,card_present,wallet_biometric,approved,APPROVE,173.44,0.5191420664206643,1,0,0,0,0,0,1,8,95,12,0,78,customer_velocity;new_customer_terminal_pair;terminal_customer_network_burst;night_activity;home_region_mismatch,0.78,0.14596637465137954,0.78
X000050472,2026-01-23 03:38:34,C000423,A0000423,M00153,T00753,South,South,50.71,USD,mobile_wallet,wallet_biometric,approved,APPROVE,41.14,1.232620320855615,1,0,0,0,0,1,0,2,176,15,16,26,terminal_customer_network_burst;night_activity,0.26,0.029020894044091017,0.26
X000072915,2026-01-23 03:39:54,C000616,A0000616,M00365,T00733,South,South,20.41,USD,card_present,3ds,approved,APPROVE,67.43,0.30268426516387364,1,0,0,0,0,0,0,3,141,17,8,26,terminal_customer_network_burst;night_activity,0.26,0.019284936676471118,0.26
X000130303,2026-01-23 03:42:35,C001071,A0001071,M00231,T00811,South,South,68.3,USD,card_present,chip_pin,approved,APPROVE,47.75,1.4303664921465968,1,0,0,0,0,0,0,1,108,12,10,26,terminal_customer_network_burst;night_activity,0.26,0.016827435760337198,0.26
X000086272,2026-01-23 03:42:48,C000724,A0000724,M00123,T00579,Midwest,Midwest,59.0,USD,card_present,3ds,approved,APPROVE,51.03,1.156182637664119,1,0,0,0,0,0,0,1,60,8,11,26,terminal_customer_network_burst;night_activity,0.26,0.010418083011505003,0.26
X000070566,2026-01-23 03:43:18,C000599,A0000599,M00264,T01070,Midwest,Midwest,92.93,USD,ecommerce,chip_pin,approved,APPROVE,81.27,1.1434723760305157,1,0,0,1,0,0,0,1,49,8,21,26,terminal_customer_network_burst;night_activity,0.26,0.009633303147858421,0.26
X000037812,2026-01-23 03:43:26,C000323,A0000323,M00447,T00749,South,South,207.35,USD,card_present,chip_pin,approved,APPROVE,179.55,1.1548315232525759,1,0,0,0,0,0,0,2,113,13,12,26,terminal_customer_network_burst;night_activity,0.26,0.016836879177644516,0.26
X000073022,2026-01-23 03:44:48,C000617,A0000617,M00459,T00809,Northeast,Northeast,25.81,USD,card_present,3ds,approved,APPROVE,36.33,0.7104321497385081,1,0,0,0,0,0,0,3,123,14,19,26,terminal_customer_network_burst;night_activity,0.26,0.014768041214484582,0.26
X000015494,2026-01-23 03:45:04,C000132,A0000132,M00613,T00449,South,South,71.33,USD,ecommerce,magstripe,approved,APPROVE,48.3,1.4768115942028985,1,0,0,1,1,0,0,1,115,12,4,46,terminal_customer_network_burst;ecommerce_authentication_shift;night_activity,0.46,0.0371098257550021,0.46
X000208124,2026-01-23 03:45:06,C001699,A0001699,M00668,T00417,Midwest,Midwest,236.74,USD,card_present,3ds,approved,APPROVE,131.03,1.8067618102724567,1,0,0,0,0,0,0,6,42,7,9,33,customer_velocity;night_activity,0.33,0.016013121491336022,0.33
X000176889,2026-01-23 03:45:48,C001458,A0001458,M00692,T00191,Northeast,Northeast,62.49,USD,ecommerce,chip_pin,approved,APPROVE,89.01,0.7020559487698012,1,0,0,1,0,0,0,0,99,13,18,26,terminal_customer_network_burst;night_activity,0.26,0.01266111185799116,0.26
X000014857,2026-01-23 03:46:12,C000126,A0000126,M00282,T01131,South,South,233.63,USD,card_present,chip_pin,approved,APPROVE,131.27,1.779766892663975,1,0,0,0,0,0,0,5,213,18,39,51,customer_velocity;terminal_customer_network_burst;night_activity,0.51,0.027095682877392963,0.51
X000072800,2026-01-23 03:46:32,C000615,A0000615,M00222,T00844,South,South,20.47,USD,ecommerce,wallet_biometric,approved,APPROVE,24.79,0.8257361839451391,1,0,0,1,0,0,0,1,108,12,12,26,terminal_customer_network_burst;night_activity,0.26,0.014451595994551963,0.26
X000223320,2026-01-23 03:46:43,C001820,A0001820,M00319,T00631,West,West,309.49,USD,ecommerce,chip_pin,approved,APPROVE,133.75,2.313943925233645,1,0,0,1,0,0,0,0,15,5,11,8,night_activity,0.08,0.012520782655510126,0.08
X000054241,2026-01-23 03:47:04,C000460,A0000460,M00454,T00977,West,West,153.26,USD,ecommerce,chip_pin,approved,APPROVE,78.75,1.94615873015873,1,0,0,1,0,0,0,1,46,8,9,26,terminal_customer_network_burst;night_activity,0.26,0.015509681132143694,0.26
X000064835,2026-01-23 03:47:09,C000550,A0000550,M00262,T01103,South,South,61.59,USD,mobile_wallet,3ds,approved,APPROVE,79.69,0.772869870749153,1,0,0,0,0,1,0,0,57,4,19,8,night_activity,0.08,0.007944315079445912,0.08
X000111764,2026-01-23 03:47:34,C000933,A0000933,M00763,T00601,South,South,68.95,USD,mobile_wallet,wallet_biometric,approved,APPROVE,62.09,1.1104847801578355,1,0,0,0,0,1,0,1,157,15,14,26,terminal_customer_network_burst;night_activity,0.26,0.026432557113496766,0.26
X000148581,2026-01-23 03:48:18,C001225,A0001225,M00247,T01144,South,South,404.25,USD,mobile_wallet,3ds,approved,APPROVE,171.02,2.3637586247222546,1,0,0,0,0,1,0,9,225,21,55,51,customer_velocity;terminal_customer_network_burst;night_activity,0.51,0.05622329406926089,0.51
X000218180,2026-01-23 03:48:30,C001782,A0001782,M00213,T00876,Northeast,Northeast,58.9,USD,mobile_wallet,chip_pin,approved,APPROVE,46.59,1.2642197896544323,1,0,0,0,0,1,0,4,92,7,17,8,night_activity,0.08,0.015871889866634428,0.08
X000113025,2026-01-23 03:48:54,C000944,A0000944,M00533,T00261,Northeast,Northeast,238.77,USD,card_present,chip_pin,approved,APPROVE,227.5,1.0495384615384615,1,0,0,0,0,0,0,5,124,10,47,51,customer_velocity;terminal_customer_network_burst;night_activity,0.51,0.008976488079867298,0.51
X000236472,2026-01-23 03:49:32,C001929,A0001929,M00452,T00101,Northeast,Northeast,88.35,USD,card_present,chip_pin,approved,APPROVE,150.31,0.5877852438294191,1,0,0,0,0,0,0,6,138,10,48,51,customer_velocity;terminal_customer_network_burst;night_activity,0.51,0.008032769202605374,0.51
X000237537,2026-01-23 03:49:32,C001937,A0001937,M00143,T00157,South,South,45.53,USD,ecommerce,3ds,approved,APPROVE,37.72,1.2070519618239661,1,0,0,1,0,0,0,3,69,7,11,8,night_activity,0.08,0.012276312131900847,0.08
X000004456,2026-01-23 03:50:10,C000040,A0000040,M00558,T00507,South,South,21.37,USD,ecommerce,chip_pin,approved,APPROVE,36.27,0.5891921698373311,1,0,0,1,0,0,0,2,33,5,9,8,night_activity,0.08,0.007839171177006207,0.08
X000082861,2026-01-23 03:50:10,C000694,A0000694,M00376,T00048,South,South,206.28,USD,card_present,3ds,approved,APPROVE,291.15,0.7085007727975271,1,0,0,0,0,0,0,2,75,8,24,26,terminal_customer_network_burst;night_activity,0.26,0.007777365170791915,0.26
X000113026,2026-01-23 03:50:12,C000944,A0000944,M00533,T00261,Northeast,Northeast,159.47,USD,card_present,chip_pin,approved,APPROVE,227.5,0.700967032967033,1,0,0,0,0,0,0,6,125,10,48,51,customer_velocity;terminal_customer_network_burst;night_activity,0.51,0.008207237390950929,0.51
X000228256,2026-01-23 03:50:37,C001859,A0001859,M00438,T00385,Midwest,Midwest,173.24,USD,card_present,wallet_biometric,approved,APPROVE,192.09,0.9018689156124734,1,0,0,0,0,0,0,2,63,8,14,26,terminal_customer_network_burst;night_activity,0.26,0.009586907629532633,0.26
X000118166,2026-01-23 03:50:47,C000978,A0000978,M00594,T01188,Northeast,Northeast,133.12,USD,card_present,chip_pin,approved,APPROVE,240.92,0.5525485638386187,1,0,0,0,0,0,0,9,201,15,44,51,customer_velocity;terminal_customer_network_burst;night_activity,0.51,0.015646843106959452,0.51
X000048409,2026-01-23 03:51:24,C000406,A0000406,M00650,T01097,Midwest,Midwest,129.35,USD,card_present,3ds,approved,APPROVE,126.82,1.019949534773695,1,0,0,0,0,0,0,4,92,11,23,26,terminal_customer_network_burst;night_activity,0.26,0.012556615231914073,0.26
X000122726,2026-01-23 03:51:45,C001018,A0001018,M00094,T01093,South,South,25.71,USD,ecommerce,chip_pin,approved,APPROVE,36.31,0.7080694023684935,1,0,0,1,0,0,0,2,112,9,15,26,terminal_customer_network_burst;night_activity,0.26,0.011265294914081096,0.26
X000175866,2026-01-23 03:52:03,C001449,A0001449,M00537,T00054,West,West,458.05,USD,ecommerce,chip_pin,approved,APPROVE,171.74,2.6671130779084664,1,0,0,1,0,0,0,3,29,7,0,23,new_customer_terminal_pair;night_activity,0.23,0.023302914794042097,0.23
X000082862,2026-01-23 03:52:07,C000694,A0000694,M00376,T00048,South,South,412.93,USD,card_present,chip_pin,approved,APPROVE,291.15,1.4182723681950886,1,0,0,0,0,0,0,3,76,8,25,26,terminal_customer_network_burst;night_activity,0.26,0.010484409956879185,0.26
X000182051,2026-01-23 03:52:35,C001499,A0001499,M00547,T00371,Northeast,Northeast,34.92,USD,ecommerce,magstripe,approved,APPROVE,23.65,1.4765327695560255,1,0,0,1,1,0,0,2,142,12,12,46,terminal_customer_network_burst;ecommerce_authentication_shift;night_activity,0.46,0.03599553331621249,0.46
X000081950,2026-01-23 03:53:01,C000686,A0000686,M00387,T00932,Northeast,Northeast,55.69,USD,card_present,3ds,approved,APPROVE,23.16,2.4045768566493955,1,0,0,0,0,0,0,2,97,8,8,26,terminal_customer_network_burst;night_activity,0.26,0.019195887095186825,0.26
X000207048,2026-01-23 03:53:44,C001689,A0001689,M00335,T00070,South,South,66.32,USD,ecommerce,chip_pin,approved,APPROVE,82.33,0.805538685776752,1,0,0,1,0,0,0,3,222,17,19,26,terminal_customer_network_burst;night_activity,0.26,0.024367558175914447,0.26
X000108823,2026-01-23 03:53:56,C000912,A0000912,M00452,T00101,Northeast,Northeast,35.86,USD,card_present,3ds,approved,APPROVE,30.26,1.185062789160608,1,0,0,0,0,0,0,1,139,10,17,26,terminal_customer_network_burst;night_activity,0.26,0.0125181858692824,0.26
X000049526,2026-01-23 03:53:57,C000414,A0000414,M00753,T00413,South,South,19.32,USD,card_present,chip_pin,approved,APPROVE,22.81,0.8469969311705393,1,0,0,0,0,0,0,3,170,15,8,26,terminal_customer_network_burst;night_activity,0.26,0.02126281468004885,0.26
X000076472,2026-01-23 03:54:25,C000643,A0000643,M00510,T00280,Northeast,West,41.04,USD,ecommerce,magstripe,approved,APPROVE,44.49,0.9224544841537423,1,0,0,1,1,0,1,3,47,9,0,73,new_customer_terminal_pair;terminal_customer_network_burst;ecommerce_authentication_shift;night_activity;home_region_mismatch,0.73,0.18417789126770462,0.73
X000022796,2026-01-23 03:55:04,C000196,A0000196,M00086,T00892,Midwest,Midwest,275.53,USD,card_present,chip_pin,approved,APPROVE,195.69,1.4079922326128058,1,0,0,0,0,0,0,2,39,3,37,8,night_activity,0.08,0.005384674340312385,0.08
X000039132,2026-01-23 03:55:25,C000333,A0000333,M00513,T00308,Midwest,Midwest,57.3,USD,card_present,chip_pin,approved,APPROVE,85.49,0.6702538308574102,1,0,0,0,0,0,0,3,92,7,17,8,night_activity,0.08,0.008608798693233704,0.08
X000101808,2026-01-23 03:55:25,C000857,A0000857,M00550,T01034,West,West,51.3,USD,card_present,chip_pin,approved,APPROVE,58.75,0.8731914893617021,1,0,0,0,0,0,0,1,44,7,7,8,night_activity,0.08,0.009070240453380356,0.08
X000147089,2026-01-23 03:56:05,C001213,A0001213,M00668,T00417,Midwest,Midwest,50.06,USD,mobile_wallet,3ds,approved,APPROVE,53.29,0.9393882529555264,1,0,0,0,0,1,0,1,43,7,7,8,night_activity,0.08,0.013068855173633733,0.08
X000083966,2026-01-23 03:56:16,C000702,A0000702,M00709,T00393,Northeast,Northeast,23.81,USD,card_present,magstripe,approved,APPROVE,33.84,0.7036052009456264,1,0,0,0,1,0,0,1,51,7,9,8,night_activity,0.08,0.014932042693322926,0.08
X000151510,2026-01-23 03:56:19,C001244,A0001244,M00510,T00280,West,West,52.92,USD,card_present,wallet_biometric,approved,APPROVE,57.21,0.9250131095962244,1,0,0,0,0,0,0,1,48,10,8,26,terminal_customer_network_burst;night_activity,0.26,0.011389766225746214,0.26
X000006614,2026-01-23 03:56:23,C000059,A0000059,M00733,T00848,Northeast,Northeast,59.07,USD,ecommerce,3ds,approved,APPROVE,45.46,1.2993840739111306,1,0,0,1,0,0,0,5,88,12,8,51,customer_velocity;terminal_customer_network_burst;night_activity,0.51,0.021811253868894223,0.51
X000148913,2026-01-23 03:57:10,C001226,A0001226,M00068,T01154,Northeast,Northeast,69.84,USD,card_present,chip_pin,approved,APPROVE,148.88,0.4691026329930145,1,0,0,0,0,0,0,4,28,5,17,8,night_activity,0.08,0.006597429476510814,0.08
X000235768,2026-01-23 03:57:54,C001922,A0001922,M00093,T01018,Northeast,Northeast,82.95,USD,card_present,3ds,approved,APPROVE,79.85,1.038822792736381,1,0,0,0,0,0,0,1,90,10,20,26,terminal_customer_network_burst;night_activity,0.26,0.01050016968274101,0.26
X000091198,2026-01-23 03:58:20,C000765,A0000765,M00780,T01096,West,West,21.66,USD,ecommerce,magstripe,approved,APPROVE,53.85,0.4022284122562674,1,0,0,1,1,0,0,1,57,6,8,28,ecommerce_authentication_shift;night_activity,0.28,0.014087483488041157,0.28
X000100916,2026-01-23 03:59:23,C000850,A0000850,M00366,T00195,Northeast,Northeast,123.96,USD,card_present,3ds,approved,APPROVE,158.88,0.7802114803625377,1,0,0,0,0,0,0,1,80,10,26,26,terminal_customer_network_burst;night_activity,0.26,0.008560778130567628,0.26
X000218817,2026-01-23 04:00:33,C001788,A0001788,M00137,T00381,Midwest,Midwest,55.33,USD,ecommerce,chip_pin,approved,APPROVE,148.33,0.3730196184183914,1,0,0,1,0,0,0,0,91,10,15,26,terminal_customer_network_burst;night_activity,0.26,0.009342813290103124,0.26
X000165292,2026-01-23 04:00:42,C001364,A0001364,M00070,T00658,Northeast,Northeast,20.97,USD,ecommerce,magstripe,approved,APPROVE,58.11,0.3608673205988642,1,0,0,1,1,0,0,2,71,6,13,28,ecommerce_authentication_shift;night_activity,0.28,0.01381709809935512,0.28
X000047965,2026-01-23 04:00:43,C000404,A0000404,M00017,T00257,Midwest,Midwest,296.51,USD,ecommerce,magstripe,approved,APPROVE,227.96,1.300710650991402,1,0,0,1,1,0,0,5,76,5,47,53,customer_velocity;ecommerce_authentication_shift;night_activity,0.53,0.012560824729645731,0.53
X000109173,2026-01-23 04:01:24,C000914,A0000914,M00745,T00823,Northeast,Northeast,76.54,USD,card_present,chip_pin,approved,APPROVE,132.97,0.575618560577574,1,0,0,0,0,0,0,1,170,8,33,26,terminal_customer_network_burst;night_activity,0.26,0.007066725096246295,0.26
X000186057,2026-01-23 04:01:24,C001529,A0001529,M00268,T00608,West,West,87.57,USD,mobile_wallet,wallet_biometric,approved,APPROVE,86.48,1.0126040703052728,1,0,0,0,0,1,0,2,92,5,10,8,night_activity,0.08,0.012586227585175622,0.08
X000187810,2026-01-23 04:01:31,C001543,A0001543,M00285,T01108,Midwest,Midwest,71.74,USD,mobile_wallet,3ds,approved,APPROVE,217.69,0.3295511966557949,1,0,0,0,0,1,0,7,142,8,41,51,customer_velocity;terminal_customer_network_burst;night_activity,0.51,0.010533746457906031,0.51
X000010522,2026-01-23 04:01:43,C000095,A0000095,M00077,T00306,South,South,38.55,USD,ecommerce,3ds,approved,APPROVE,30.37,1.2693447481066842,1,0,0,1,0,0,0,0,140,15,9,26,terminal_customer_network_burst;night_activity,0.26,0.022022993992114923,0.26
X000131021,2026-01-23 04:01:53,C001078,A0001078,M00002,T00312,Northeast,Northeast,57.09,USD,card_present,3ds,approved,APPROVE,48.16,1.1854235880398674,1,0,0,0,0,0,0,1,70,10,11,26,terminal_customer_network_burst;night_activity,0.26,0.012365818700663944,0.26
X000183110,2026-01-23 04:02:11,C001506,A0001506,M00721,T00476,West,West,35.73,USD,ecommerce,3ds,approved,APPROVE,75.16,0.47538584353379454,1,0,0,1,0,0,0,5,25,7,19,33,customer_velocity;night_activity,0.33,0.008597002606469454,0.33
X000010985,2026-01-23 04:02:20,C000099,A0000099,M00271,T01087,Northeast,Northeast,81.16,USD,ecommerce,3ds,approved,APPROVE,61.42,1.321393682839466,1,0,0,1,0,0,0,2,114,14,16,26,terminal_customer_network_burst;night_activity,0.26,0.01997838304460001,0.26
X000104563,2026-01-23 04:02:41,C000880,A0000880,M00055,T01044,South,South,133.14,USD,ecommerce,chip_pin,approved,APPROVE,74.29,1.7921658365863504,1,0,0,1,0,0,0,0,198,17,10,26,terminal_customer_network_burst;night_activity,0.26,0.032976594561789474,0.26
X000103611,2026-01-23 04:02:48,C000872,A0000872,M00378,T01130,South,South,60.73,USD,card_present,chip_pin,approved,APPROVE,65.88,0.9218275652701883,1,0,0,0,0,0,0,2,144,12,31,26,terminal_customer_network_burst;night_activity,0.26,0.01121650201757091,0.26
X000048237,2026-01-23 04:02:59,C000405,A0000405,M00659,T00047,Northeast,Northeast,46.27,USD,ecommerce,chip_pin,approved,APPROVE,61.46,0.7528473804100229,1,0,0,1,0,0,0,1,93,10,14,26,terminal_customer_network_burst;night_activity,0.26,0.011528733711786329,0.26
X000234872,2026-01-23 04:03:11,C001915,A0001915,M00459,T00809,Northeast,Northeast,106.02,USD,ecommerce,wallet_biometric,approved,APPROVE,57.8,1.8342560553633218,1,0,0,1,0,0,0,1,124,14,8,26,terminal_customer_network_burst;night_activity,0.26,0.02623832837122823,0.26
X000070946,2026-01-23 04:03:12,C000602,A0000602,M00523,T00109,Midwest,Midwest,129.85,USD,ecommerce,3ds,approved,APPROVE,193.59,0.6707474559636345,1,0,0,1,0,0,0,2,45,6,21,8,night_activity,0.08,0.0073321878688147905,0.08
X000047278,2026-01-23 04:03:17,C000398,A0000398,M00406,T00057,South,South,23.22,USD,mobile_wallet,wallet_biometric,approved,APPROVE,36.42,0.6375617792421746,1,0,0,0,0,1,0,0,129,15,22,26,terminal_customer_network_burst;night_activity,0.26,0.017908358377374412,0.26
X000234681,2026-01-23 04:03:36,C001914,A0001914,M00511,T00446,Midwest,Midwest,1034.26,USD,card_present,wallet_biometric,approved,APPROVE,344.59,3.001421979744044,1,0,0,0,0,0,0,2,40,6,27,38,amount_vs_profile;night_activity,0.38,0.014079861208497997,0.38
X000004364,2026-01-23 04:03:37,C000039,A0000039,M00409,T00444,Northeast,Northeast,108.87,USD,card_present,3ds,approved,APPROVE,36.66,2.9697217675941086,1,0,0,0,0,0,0,1,73,10,9,26,terminal_customer_network_burst;night_activity,0.26,0.024516576739561462,0.26
X000203237,2026-01-23 04:03:45,C001664,A0001664,M00051,T01084,South,South,262.57,USD,ecommerce,3ds,approved,APPROVE,245.36,1.0701418324095207,1,0,0,1,0,0,0,6,125,13,28,51,customer_velocity;terminal_customer_network_burst;night_activity,0.51,0.01763029038309308,0.51
X000120459,2026-01-23 04:03:50,C001001,A0001001,M00179,T00056,Midwest,Midwest,23.05,USD,card_present,3ds,approved,APPROVE,38.51,0.5985458322513634,1,0,0,0,0,0,0,2,47,8,20,26,terminal_customer_network_burst;night_activity,0.26,0.007616655385441135,0.26
X000011477,2026-01-23 04:04:28,C000102,A0000102,M00255,T01045,West,West,272.06,USD,card_present,chip_pin,approved,APPROVE,246.43,1.1040051941727873,1,0,0,0,0,0,0,1,40,8,21,26,terminal_customer_network_burst;night_activity,0.26,0.008473622461878662,0.26
X000197812,2026-01-23 04:05:43,C001623,A0001623,M00192,T00798,South,South,141.49,USD,mobile_wallet,chip_pin,approved,APPROVE,107.7,1.3137418755803156,1,0,0,0,0,1,0,3,122,11,34,26,terminal_customer_network_burst;night_activity,0.26,0.016464836305011037,0.26
X000213779,2026-01-23 04:05:59,C001745,A0001745,M00056,T01147,Midwest,Midwest,79.19,USD,card_present,wallet_biometric,approved,APPROVE,52.25,1.5155980861244018,1,0,0,0,0,0,0,3,165,10,6,26,terminal_customer_network_burst;night_activity,0.26,0.019352313062830296,0.26
X000051572,2026-01-23 04:06:22,C000436,A0000436,M00435,T00513,Midwest,Midwest,27.29,USD,card_present,chip_pin,approved,APPROVE,54.38,0.5018389113644722,1,0,0,0,0,0,0,3,72,10,14,26,terminal_customer_network_burst;night_activity,0.26,0.010232468278045586,0.26
X000182473,2026-01-23 04:06:25,C001501,A0001501,M00731,T00584,Northeast,Northeast,117.89,USD,mobile_wallet,chip_pin,approved,APPROVE,47.12,2.501910016977929,1,0,0,0,0,1,0,4,90,8,22,26,terminal_customer_network_burst;night_activity,0.26,0.02465714620210478,0.26
X000097319,2026-01-23 04:06:40,C000815,A0000815,M00726,T00829,Northeast,Northeast,99.07,USD,card_present,3ds,approved,APPROVE,73.05,1.3561943874058864,1,0,0,0,0,0,0,2,64,6,8,8,night_activity,0.08,0.010770670963878376,0.08
X000051297,2026-01-23 04:06:45,C000432,A0000432,M00251,T00104,West,West,15.22,USD,card_present,chip_pin,approved,APPROVE,43.84,0.3471715328467153,1,0,0,0,0,0,0,2,52,5,13,8,night_activity,0.08,0.006275349331823676,0.08
X000046264,2026-01-23 04:07:13,C000388,A0000388,M00544,T00846,South,South,197.47,USD,card_present,chip_pin,approved,APPROVE,83.44,2.3666107382550337,1,0,0,0,0,0,0,0,134,14,15,26,terminal_customer_network_burst;night_activity,0.26,0.0249472663070759,0.26
X000122090,2026-01-23 04:07:49,C001013,A0001013,M00008,T00319,Midwest,West,20.05,USD,card_present,chip_pin,approved,APPROVE,27.75,0.7225225225225226,1,0,0,0,0,0,1,3,21,7,0,35,new_customer_terminal_pair;night_activity;home_region_mismatch,0.35,0.0802826686756484,0.35
X000153384,2026-01-23 04:08:01,C001261,A0001261,M00380,T00989,Midwest,Midwest,39.89,USD,card_present,3ds,approved,APPROVE,54.96,0.7258005822416302,1,0,0,0,0,0,0,1,61,7,10,8,night_activity,0.08,0.008415938075784996,0.08
X000089094,2026-01-23 04:08:39,C000746,A0000746,M00318,T00746,South,Midwest,16.07,USD,ecommerce,magstripe,approved,APPROVE,57.74,0.27831659161759614,1,0,0,1,1,0,1,1,175,17,0,73,new_customer_terminal_pair;terminal_customer_network_burst;ecommerce_authentication_shift;night_activity;home_region_mismatch,0.73,0.2601000326787863,0.73
X000120051,2026-01-23 04:09:02,C000997,A0000997,M00445,T00021,Northeast,Northeast,41.96,USD,ecommerce,wallet_biometric,approved,APPROVE,51.04,0.8221003134796239,1,0,0,1,0,0,0,3,126,9,38,26,terminal_customer_network_burst;night_activity,0.26,0.008823990206887697,0.26
X000187811,2026-01-23 04:09:31,C001543,A0001543,M00211,T01068,Midwest,Midwest,314.04,USD,card_present,3ds,approved,APPROVE,217.69,1.4426018650374386,1,0,0,0,0,0,0,8,103,7,56,33,customer_velocity;night_activity,0.33,0.00820059717614706,0.33
X000107465,2026-01-23 04:09:35,C000900,A0000900,M00495,T00738,Midwest,Midwest,131.16,USD,ecommerce,chip_pin,approved,APPROVE,159.85,0.8205192367844855,1,0,0,1,0,0,0,6,109,9,57,51,customer_velocity;terminal_customer_network_burst;night_activity,0.51,0.007464485625983492,0.51
X000107255,2026-01-23 04:09:45,C000899,A0000899,M00409,T00444,Northeast,Northeast,73.51,USD,card_present,3ds,approved,APPROVE,38.17,1.925858003667802,1,0,0,0,0,0,0,0,74,10,7,26,terminal_customer_network_burst;night_activity,0.26,0.01646790940819018,0.26
X000080062,2026-01-23 04:10:20,C000674,A0000674,M00023,T00839,Midwest,Midwest,406.57,USD,ecommerce,magstripe,approved,APPROVE,400.29,1.0156886257463338,1,0,0,1,1,0,0,5,75,9,23,71,customer_velocity;terminal_customer_network_burst;ecommerce_authentication_shift;night_activity,0.71,0.021919850741376066,0.71
X000051573,2026-01-23 04:10:27,C000436,A0000436,M00735,T00059,Midwest,Midwest,68.15,USD,ecommerce,chip_pin,approved,APPROVE,54.38,1.2532180948878264,1,0,0,1,0,0,0,4,91,7,16,8,night_activity,0.08,0.012585638807018377,0.08
X000008565,2026-01-23 04:10:34,C000078,A0000078,M00278,T01124,Northeast,Northeast,60.9,USD,card_present,chip_pin,approved,APPROVE,106.16,0.5736623963828184,1,0,0,0,0,0,0,1,117,13,24,26,terminal_customer_network_burst;night_activity,0.26,0.010785012146458495,0.26
X000035880,2026-01-23 04:10:47,C000306,A0000306,M00732,T00420,West,West,348.89,USD,card_present,3ds,approved,APPROVE,86.77,4.020859744151204,1,0,0,0,0,0,0,0,20,7,3,38,amount_vs_profile;night_activity,0.38,0.02777397491871451,0.38
X000148914,2026-01-23 04:11:07,C001226,A0001226,M00068,T01154,Northeast,Northeast,200.23,USD,card_present,chip_pin,approved,APPROVE,148.88,1.344908651262762,1,0,0,0,0,0,0,5,29,5,18,33,customer_velocity;night_activity,0.33,0.009456135624587483,0.33
X000051574,2026-01-23 04:12:09,C000436,A0000436,M00435,T00513,Midwest,Midwest,49.49,USD,ecommerce,chip_pin,soft_decline,CHALLENGE,54.38,0.9100772342773078,1,0,1,1,0,0,0,5,73,10,15,59,customer_velocity;terminal_customer_network_burst;night_activity;authentication_soft_decline,0.59,0.059106671865655096,0.59
X000008725,2026-01-23 04:12:14,C000079,A0000079,M00265,T00950,West,West,46.26,USD,ecommerce,chip_pin,approved,APPROVE,80.47,0.5748726233378899,1,0,0,1,0,0,0,2,57,7,9,8,night_activity,0.08,0.009361693516665342,0.08
X000143735,2026-01-23 04:12:38,C001185,A0001185,M00679,T01139,Northeast,Northeast,76.47,USD,mobile_wallet,chip_pin,approved,APPROVE,70.94,1.0779531998872287,1,0,0,0,0,1,0,1,103,12,7,26,terminal_customer_network_burst;night_activity,0.26,0.02162059560481267,0.26
X000169853,2026-01-23 04:12:51,C001401,A0001401,M00504,T00422,Northeast,Northeast,68.71,USD,ecommerce,chip_pin,approved,APPROVE,92.55,0.7424095083738519,1,0,0,1,0,0,0,3,165,11,35,26,terminal_customer_network_burst;night_activity,0.26,0.011032568320642394,0.26
X000229464,2026-01-23 04:12:57,C001869,A0001869,M00285,T00370,Midwest,Midwest,68.18,USD,ecommerce,chip_pin,approved,APPROVE,57.21,1.1917496941094214,1,0,0,1,0,0,0,0,99,11,9,26,terminal_customer_network_burst;night_activity,0.26,0.015069672244013621,0.26
X000009526,2026-01-23 04:13:24,C000087,A0000087,M00793,T01052,South,South,92.56,USD,mobile_wallet,chip_pin,approved,APPROVE,68.99,1.3416437164806494,1,0,0,0,0,1,0,4,135,11,30,26,terminal_customer_network_burst;night_activity,0.26,0.019017328616410076,0.26
X000061685,2026-01-23 04:13:35,C000526,A0000526,M00769,T00996,West,West,94.8,USD,mobile_wallet,magstripe,approved,APPROVE,156.59,0.6054026438469889,1,0,0,0,1,1,0,5,134,7,35,33,customer_velocity;night_activity,0.33,0.018901430648416293,0.33
X000172852,2026-01-23 04:13:46,C001426,A0001426,M00068,T00322,Northeast,Northeast,67.9,USD,card_present,3ds,approved,APPROVE,120.88,0.5617140966247519,1,0,0,0,0,0,0,2,124,13,16,26,terminal_customer_network_burst;night_activity,0.26,0.01295951357307635,0.26
X000016692,2026-01-23 04:13:54,C000142,A0000142,M00726,T00968,South,Northeast,19.83,USD,ecommerce,chip_pin,approved,APPROVE,36.61,0.5416552854411363,1,0,0,1,0,0,1,2,75,12,0,53,new_customer_terminal_pair;terminal_customer_network_burst;night_activity;home_region_mismatch,0.53,0.11856627582071172,0.53
X000025478,2026-01-23 04:13:55,C000217,A0000217,M00795,T00503,Northeast,Northeast,80.76,USD,card_present,3ds,approved,APPROVE,31.74,2.5444234404536865,1,0,0,0,0,0,0,2,80,8,15,26,terminal_customer_network_burst;night_activity,0.26,0.017652951702496294,0.26
X000180041,2026-01-23 04:14:01,C001480,A0001480,M00393,T00751,Northeast,Northeast,171.15,USD,card_present,magstripe,approved,APPROVE,107.72,1.588841440772373,1,0,0,0,1,0,0,2,81,9,20,26,terminal_customer_network_burst;night_activity,0.26,0.022121473051998086,0.26
X000006347,2026-01-23 04:14:28,C000057,A0000057,M00524,T00085,West,West,307.07,USD,mobile_wallet,chip_pin,approved,APPROVE,238.78,1.2859954770081246,1,0,0,0,0,1,0,0,90,8,15,26,terminal_customer_network_burst;night_activity,0.26,0.014360307995473593,0.26
X000228257,2026-01-23 04:14:46,C001859,A0001859,M00438,T00385,Midwest,Midwest,193.99,USD,ecommerce,chip_pin,approved,APPROVE,192.09,1.009891196834817,1,0,0,1,0,0,0,3,64,8,15,26,terminal_customer_network_burst;night_activity,0.26,0.011449970299264103,0.26
X000242884,2026-01-23 04:14:50,C001981,A0001981,M00401,T00536,South,South,21.19,USD,card_present,chip_pin,approved,APPROVE,34.63,0.6118971989604389,1,0,0,0,0,0,0,2,146,20,11,26,terminal_customer_network_burst;night_activity,0.26,0.024444538699581853,0.26
X000237901,2026-01-23 04:14:51,C001941,A0001941,M00791,T00739,South,South,86.96,USD,ecommerce,wallet_biometric,approved,APPROVE,77.96,1.1154438173422268,1,0,0,1,0,0,0,1,136,16,5,26,terminal_customer_network_burst;night_activity,0.26,0.024917577271638052,0.26
X000040749,2026-01-23 04:15:17,C000346,A0000346,M00481,T00116,Northeast,Northeast,61.42,USD,card_present,3ds,approved,APPROVE,74.92,0.8198077949813134,1,0,0,0,0,0,0,4,73,8,15,26,terminal_customer_network_burst;night_activity,0.26,0.010328047125766683,0.26
X000072916,2026-01-23 04:16:25,C000616,A0000616,M00376,T00702,South,South,77.09,USD,card_present,3ds,approved,APPROVE,67.43,1.1432596767017646,1,0,0,0,0,0,0,4,86,10,11,26,terminal_customer_network_burst;night_activity,0.26,0.014595677031164543,0.26
X000142584,2026-01-23 04:16:27,C001175,A0001175,M00335,T00138,South,South,24.99,USD,ecommerce,chip_pin,approved,APPROVE,49.84,0.5014044943820224,1,0,0,1,0,0,0,3,149,10,16,26,terminal_customer_network_burst;night_activity,0.26,0.012333605861322419,0.26
X000079362,2026-01-23 04:17:13,C000668,A0000668,M00484,T00728,South,South,38.63,USD,mobile_wallet,wallet_biometric,approved,APPROVE,54.33,0.711025216270937,1,0,0,0,0,1,0,5,182,12,13,51,customer_velocity;terminal_customer_network_burst;night_activity,0.51,0.02393218954217914,0.51
X000057080,2026-01-23 04:18:44,C000483,A0000483,M00452,T00329,Northeast,Northeast,102.39,USD,ecommerce,chip_pin,approved,APPROVE,101.51,1.008669096640725,1,0,0,1,0,0,0,2,171,12,23,26,terminal_customer_network_burst;night_activity,0.26,0.015103431110516222,0.26
X000008566,2026-01-23 04:18:48,C000078,A0000078,M00036,T01181,Northeast,Northeast,53.23,USD,card_present,chip_pin,approved,APPROVE,106.16,0.5014129615674453,1,0,0,0,0,0,0,2,77,10,25,26,terminal_customer_network_burst;night_activity,0.26,0.008234845216998353,0.26
X000202071,2026-01-23 04:18:58,C001653,A0001653,M00277,T00518,Midwest,Midwest,15.24,USD,card_present,3ds,approved,APPROVE,33.27,0.45807033363390437,1,0,0,0,0,0,0,0,91,8,6,26,terminal_customer_network_burst;night_activity,0.26,0.008682040630247986,0.26
X000194510,2026-01-23 04:19:26,C001599,A0001599,M00652,T00786,West,West,42.44,USD,card_present,chip_pin,approved,APPROVE,58.37,0.7270858317628919,1,0,0,0,0,0,0,1,51,5,4,8,night_activity,0.08,0.00787326995098549,0.08
X000183621,2026-01-23 04:19:33,C001511,A0001511,M00791,T00739,South,South,21.0,USD,card_present,chip_pin,approved,APPROVE,28.99,0.724387719903415,1,0,0,0,0,0,0,2,137,16,12,26,terminal_customer_network_burst;night_activity,0.26,0.01854699816982385,0.26
X000076473,2026-01-23 04:19:42,C000643,A0000643,M00283,T01004,Northeast,Northeast,35.96,USD,card_present,chip_pin,approved,APPROVE,44.49,0.8082715216902675,1,0,0,0,0,0,0,4,93,9,24,26,terminal_customer_network_burst;night_activity,0.26,0.009907978032833805,0.26
X000186598,2026-01-23 04:20:58,C001534,A0001534,M00068,T00322,Northeast,Northeast,72.64,USD,card_present,3ds,approved,APPROVE,208.41,0.3485437359051869,1,0,0,0,0,0,0,3,125,13,21,26,terminal_customer_network_burst;night_activity,0.26,0.01170033368553297,0.26
X000143578,2026-01-23 04:21:33,C001183,A0001183,M00800,T00448,West,West,49.34,USD,card_present,wallet_biometric,soft_decline,CHALLENGE,47.72,1.0339480301760269,1,0,1,0,0,0,0,1,44,6,9,16,night_activity;authentication_soft_decline,0.16,0.0363214771844813,0.16
X000203642,2026-01-23 04:21:44,C001666,A0001666,M00674,T00232,Midwest,Midwest,375.0,USD,card_present,chip_pin,approved,APPROVE,309.93,1.2099506340141322,1,0,0,0,0,0,0,3,127,10,36,26,terminal_customer_network_burst;night_activity,0.26,0.010231483660923862,0.26
X000174100,2026-01-23 04:21:47,C001435,A0001435,M00147,T00338,South,South,70.43,USD,card_present,3ds,approved,APPROVE,143.1,0.49217330538085263,1,0,0,0,0,0,0,6,160,11,40,51,customer_velocity;terminal_customer_network_burst;night_activity,0.51,0.009782385199282083,0.51
X000011108,2026-01-23 04:22:09,C000100,A0000100,M00315,T01023,West,Midwest,200.92,USD,mobile_wallet,chip_pin,approved,APPROVE,102.67,1.9569494496931916,1,0,0,0,0,1,1,4,87,7,0,35,new_customer_terminal_pair;night_activity;home_region_mismatch,0.35,0.18549010607754393,0.35
X000196762,2026-01-23 04:22:22,C001616,A0001616,M00183,T01168,South,South,29.22,USD,card_present,3ds,approved,APPROVE,30.77,0.9496262593435164,1,0,0,0,0,0,0,1,122,7,0,23,new_customer_terminal_pair;night_activity,0.23,0.01173617980884877,0.23
X000109892,2026-01-23 04:22:33,C000918,A0000918,M00270,T00473,South,South,81.12,USD,ecommerce,chip_pin,approved,APPROVE,48.21,1.6826384567517114,1,0,0,1,0,0,0,0,141,14,14,26,terminal_customer_network_burst;night_activity,0.26,0.022066292680210015,0.26
X000040889,2026-01-23 04:22:51,C000347,A0000347,M00093,T01018,Northeast,Northeast,222.85,USD,card_present,3ds,approved,APPROVE,153.65,1.450374227139603,1,0,0,0,0,0,0,1,91,10,25,26,terminal_customer_network_burst;night_activity,0.26,0.011307047982820966,0.26
X000110653,2026-01-23 04:23:05,C000924,A0000924,M00258,T00943,West,West,127.62,USD,ecommerce,chip_pin,approved,APPROVE,329.64,0.3871496177648344,1,0,0,1,0,0,0,3,69,7,26,8,night_activity,0.08,0.007186101983824095,0.08
X000206049,2026-01-23 04:23:14,C001681,A0001681,M00588,T00221,West,West,49.63,USD,mobile_wallet,chip_pin,approved,APPROVE,58.0,0.8556896551724138,1,0,0,0,0,1,0,3,44,5,7,8,night_activity,0.08,0.01218929238353631,0.08
X000055477,2026-01-23 04:23:38,C000470,A0000470,M00670,T00842,Northeast,Northeast,55.95,USD,mobile_wallet,magstripe,approved,APPROVE,81.02,0.690570229572945,1,0,0,0,1,1,0,3,68,10,15,26,terminal_customer_network_burst;night_activity,0.26,0.02686227884431757,0.26
X000001056,2026-01-23 04:24:56,C000011,A0000011,M00738,T00899,South,South,58.2,USD,ecommerce,chip_pin,approved,APPROVE,85.4,0.6814988290398126,1,0,0,1,0,0,0,1,178,14,17,26,terminal_customer_network_burst;night_activity,0.26,0.016319970633359777,0.26
X000033238,2026-01-23 04:25:29,C000282,A0000282,M00487,T00332,South,South,104.44,USD,card_present,3ds,approved,APPROVE,125.72,0.8307349665924276,1,0,0,0,0,0,0,0,87,9,9,26,terminal_customer_network_burst;night_activity,0.26,0.010150825900700102,0.26
X000138433,2026-01-23 04:25:48,C001139,A0001139,M00430,T00230,South,South,124.53,USD,card_present,chip_pin,approved,APPROVE,64.11,1.9424426766495086,1,0,0,0,0,0,0,1,47,7,8,8,night_activity,0.08,0.013268883323849729,0.08
X000044655,2026-01-23 04:26:01,C000377,A0000377,M00712,T00650,South,South,90.73,USD,ecommerce,chip_pin,approved,APPROVE,121.39,0.7474256528544362,1,0,0,1,0,0,0,1,114,16,17,26,terminal_customer_network_burst;night_activity,0.26,0.017512951118925698,0.26
X000126097,2026-01-23 04:26:04,C001039,A0001039,M00168,T00944,Northeast,Northeast,249.83,USD,mobile_wallet,wallet_biometric,approved,APPROVE,168.88,1.479334438654666,1,0,0,0,0,1,0,7,129,11,29,51,customer_velocity;terminal_customer_network_burst;night_activity,0.51,0.023499207024962797,0.51
X000178588,2026-01-23 04:26:24,C001471,A0001471,M00633,T00292,West,West,72.39,USD,card_present,3ds,approved,APPROVE,53.22,1.3602029312288613,1,0,0,0,0,0,0,0,90,12,6,26,terminal_customer_network_burst;night_activity,0.26,0.016120053892785674,0.26
X000146541,2026-01-23 04:27:06,C001209,A0001209,M00009,T00774,South,South,34.15,USD,card_present,chip_pin,approved,APPROVE,43.25,0.7895953757225433,1,0,0,0,0,0,0,2,106,11,10,26,terminal_customer_network_burst;night_activity,0.26,0.013013700782561498,0.26
X000201076,2026-01-23 04:27:21,C001647,A0001647,M00121,T00867,West,West,56.12,USD,ecommerce,chip_pin,approved,APPROVE,140.11,0.40054243094711295,1,0,0,1,0,0,0,4,43,5,19,8,night_activity,0.08,0.007052549931352094,0.08
X000232629,2026-01-23 04:27:24,C001897,A0001897,M00108,T00481,Midwest,Midwest,151.92,USD,card_present,chip_pin,approved,APPROVE,92.61,1.640427599611273,1,0,0,0,0,0,0,6,143,11,27,51,customer_velocity;terminal_customer_network_burst;night_activity,0.51,0.01775433797529403,0.51
X000080442,2026-01-23 04:28:17,C000676,A0000676,M00403,T00159,South,Northeast,158.59,USD,ecommerce,chip_pin,approved,APPROVE,122.96,1.2897690305790501,1,0,0,1,0,0,1,5,61,8,0,78,customer_velocity;new_customer_terminal_pair;terminal_customer_network_burst;night_activity;home_region_mismatch,0.78,0.13168637665260643,0.78
X000218181,2026-01-23 04:28:35,C001782,A0001782,M00213,T00876,Northeast,Northeast,44.0,USD,mobile_wallet,chip_pin,approved,APPROVE,46.59,0.94440867138871,1,0,0,0,0,1,0,5,93,7,18,33,customer_velocity;night_activity,0.33,0.014673521984690964,0.33
X000040645,2026-01-23 04:28:55,C000345,A0000345,M00447,T00749,South,South,39.6,USD,ecommerce,chip_pin,approved,APPROVE,84.45,0.4689165186500888,1,0,0,1,0,0,0,2,114,13,0,41,new_customer_terminal_pair;terminal_customer_network_burst;night_activity,0.41,0.017480906355174523,0.41
X000180187,2026-01-23 04:29:47,C001481,A0001481,M00564,T01141,Northeast,Northeast,49.7,USD,ecommerce,3ds,approved,APPROVE,18.39,2.7025557368134856,1,0,0,1,0,0,0,3,128,14,13,26,terminal_customer_network_burst;night_activity,0.26,0.036986569428708246,0.26
X000097320,2026-01-23 04:32:07,C000815,A0000815,M00731,T00461,Northeast,Northeast,240.81,USD,card_present,3ds,approved,APPROVE,73.05,3.2965092402464067,1,0,0,0,0,0,0,3,43,4,10,38,amount_vs_profile;night_activity,0.38,0.018702721747802672,0.38
X000092661,2026-01-23 04:32:30,C000776,A0000776,M00110,T00096,South,South,47.46,USD,card_present,chip_pin,approved,APPROVE,87.14,0.5446408078953409,1,0,0,0,0,0,0,2,157,14,14,26,terminal_customer_network_burst;night_activity,0.26,0.015027533632489456,0.26
X000038776,2026-01-23 04:33:20,C000331,A0000331,M00168,T00981,Northeast,Northeast,157.78,USD,ecommerce,wallet_biometric,approved,APPROVE,98.47,1.6023154260180765,1,0,0,1,0,0,0,7,147,12,23,51,customer_velocity;terminal_customer_network_burst;night_activity,0.51,0.023416329359438364,0.51
X000070471,2026-01-23 04:33:38,C000598,A0000598,M00094,T01093,South,South,8.79,USD,card_present,3ds,approved,APPROVE,31.05,0.2830917874396135,1,0,0,0,0,0,0,1,113,9,10,26,terminal_customer_network_burst;night_activity,0.26,0.008967455667614248,0.26
X000066395,2026-01-23 04:34:33,C000563,A0000563,M00638,T01099,Northeast,Northeast,24.61,USD,ecommerce,3ds,approved,APPROVE,25.27,0.9738820736050653,1,0,0,1,0,0,0,2,85,10,20,26,terminal_customer_network_burst;night_activity,0.26,0.011845493607521884,0.26
X000186372,2026-01-23 04:34:42,C001532,A0001532,M00460,T00677,Midwest,Midwest,163.29,USD,card_present,chip_pin,approved,APPROVE,163.74,0.9972517405643092,1,0,0,0,0,0,0,2,134,15,14,26,terminal_customer_network_burst;night_activity,0.26,0.018388032078193974,0.26
X000014077,2026-01-23 04:34:47,C000119,A0000119,M00244,T00336,South,South,72.6,USD,card_present,3ds,approved,APPROVE,73.13,0.9927526322986462,1,0,0,0,0,0,0,2,141,12,18,26,terminal_customer_network_burst;night_activity,0.26,0.014036349303569735,0.26
X000147448,2026-01-23 04:35:58,C001217,A0001217,M00471,T00670,Midwest,Midwest,8.85,USD,card_present,chip_pin,approved,APPROVE,31.3,0.2827476038338658,1,0,0,0,0,0,0,0,161,16,10,26,terminal_customer_network_burst;night_activity,0.26,0.015231059594434609,0.26
X000149178,2026-01-23 04:36:28,C001228,A0001228,M00282,T01131,South,South,42.43,USD,ecommerce,3ds,approved,APPROVE,55.14,0.7694958287994197,1,0,0,1,0,0,0,3,214,18,30,26,terminal_customer_network_burst;night_activity,0.26,0.02154029616488085,0.26
X000186496,2026-01-23 04:36:34,C001533,A0001533,M00213,T01006,Northeast,Northeast,86.8,USD,mobile_wallet,magstripe,approved,APPROVE,43.38,2.0009220839096358,1,0,0,0,1,1,0,0,80,15,7,26,terminal_customer_network_burst;night_activity,0.26,0.06003578665854688,0.26
X000041218,2026-01-23 04:36:54,C000349,A0000349,M00352,T00215,Midwest,Midwest,161.62,USD,ecommerce,wallet_biometric,approved,APPROVE,285.86,0.5653816553557686,1,0,0,1,0,0,0,3,94,8,41,26,terminal_customer_network_burst;night_activity,0.26,0.006778660134776157,0.26
X000066078,2026-01-23 04:37:00,C000560,A0000560,M00698,T00153,West,West,21.22,USD,card_present,chip_pin,approved,APPROVE,39.07,0.5431277194778602,1,0,0,0,0,0,0,2,117,9,17,26,terminal_customer_network_burst;night_activity,0.26,0.009373831358351388,0.26
X000171516,2026-01-23 04:37:12,C001414,A0001414,M00254,T00820,West,West,33.45,USD,ecommerce,chip_pin,approved,APPROVE,21.35,1.5667447306791569,1,0,0,1,0,0,0,2,30,4,18,8,night_activity,0.08,0.009019225981221686,0.08
X000157885,2026-01-23 04:37:13,C001298,A0001298,M00019,T00826,Northeast,Northeast,119.54,USD,ecommerce,chip_pin,approved,APPROVE,132.64,0.901236429433052,1,0,0,1,0,0,0,1,62,6,5,8,night_activity,0.08,0.009988393410057932,0.08
X000214047,2026-01-23 04:37:24,C001748,A0001748,M00309,T01011,Northeast,Northeast,38.18,USD,ecommerce,chip_pin,approved,APPROVE,62.7,0.6089314194577352,1,0,0,1,0,0,0,3,117,12,18,26,terminal_customer_network_burst;night_activity,0.26,0.013685113541110197,0.26
X000114299,2026-01-23 04:37:33,C000951,A0000951,M00635,T01013,Midwest,Midwest,103.33,USD,ecommerce,chip_pin,approved,APPROVE,90.52,1.1415156871409633,1,0,0,1,0,0,0,5,132,15,28,51,customer_velocity;terminal_customer_network_burst;night_activity,0.51,0.0200558064053492,0.51
X000212078,2026-01-23 04:37:49,C001730,A0001730,M00797,T00418,South,South,32.8,USD,mobile_wallet,magstripe,approved,APPROVE,65.58,0.5001524855138761,1,0,0,0,1,1,0,2,112,9,20,26,terminal_customer_network_burst;night_activity,0.26,0.021939930125987262,0.26
X000157438,2026-01-23 04:37:56,C001295,A0001295,M00782,T00464,Midwest,Midwest,134.26,USD,card_present,wallet_biometric,approved,APPROVE,77.06,1.7422787438359717,1,0,0,0,0,0,0,2,76,9,20,26,terminal_customer_network_burst;night_activity,0.26,0.013025102892085985,0.26
X000001259,2026-01-23 04:38:00,C000013,A0000013,M00343,T00426,West,West,19.44,USD,card_present,chip_pin,approved,APPROVE,27.94,0.6957766642806013,1,0,0,0,0,0,0,3,32,5,8,8,night_activity,0.08,0.007884461731125066,0.08
X000205679,2026-01-23 04:38:08,C001679,A0001679,M00342,T00375,Midwest,Midwest,495.72,USD,ecommerce,chip_pin,approved,APPROVE,208.94,2.3725471427203986,1,0,0,1,0,0,0,4,157,14,42,26,terminal_customer_network_burst;night_activity,0.26,0.023154968435541008,0.26
X000172853,2026-01-23 04:38:43,C001426,A0001426,M00790,T00840,Northeast,Northeast,82.54,USD,ecommerce,chip_pin,approved,APPROVE,120.88,0.6828259430840504,1,0,0,1,0,0,0,3,65,7,18,8,night_activity,0.08,0.009025049536926004,0.08
X000128670,2026-01-23 04:38:46,C001059,A0001059,M00691,T00755,Northeast,Northeast,29.81,USD,mobile_wallet,chip_pin,approved,APPROVE,58.72,0.5076634877384196,1,0,0,0,0,1,0,0,124,14,15,26,terminal_customer_network_burst;night_activity,0.26,0.01758272917675037,0.26
X000210931,2026-01-23 04:38:58,C001720,A0001720,M00376,T00702,South,South,87.25,USD,ecommerce,chip_pin,approved,APPROVE,45.82,1.904190309908337,1,0,0,1,0,0,0,1,87,10,12,26,terminal_customer_network_burst;night_activity,0.26,0.0179361715179461,0.26
X000199698,2026-01-23 04:39:14,C001637,A0001637,M00398,T00528,South,South,232.45,USD,ecommerce,3ds,approved,APPROVE,150.55,1.5440053138492194,1,0,0,1,0,0,0,0,94,8,26,26,terminal_customer_network_burst;night_activity,0.26,0.010492873928933838,0.26
X000025199,2026-01-23 04:40:08,C000214,A0000214,M00195,T00595,South,South,83.37,USD,ecommerce,chip_pin,approved,APPROVE,38.02,2.192793266701736,1,0,0,1,0,0,0,1,114,11,11,26,terminal_customer_network_burst;night_activity,0.26,0.02265008600324105,0.26
X000142975,2026-01-23 04:40:16,C001178,A0001178,M00277,T00518,Midwest,Midwest,71.61,USD,card_present,chip_pin,approved,APPROVE,78.42,0.913159908186687,1,0,0,0,0,0,0,1,92,8,6,26,terminal_customer_network_burst;night_activity,0.26,0.010826836586028473,0.26
X000104922,2026-01-23 04:41:09,C000883,A0000883,M00223,T00651,South,South,140.63,USD,card_present,3ds,approved,APPROVE,48.23,2.9158200290275764,1,0,0,0,0,0,0,2,135,13,23,26,terminal_customer_network_burst;night_activity,0.26,0.027787140953478652,0.26
X000012129,2026-01-23 04:41:32,C000106,A0000106,M00211,T00509,Midwest,Midwest,50.78,USD,card_present,magstripe,approved,APPROVE,56.26,0.9025950942054747,1,0,0,0,1,0,0,3,147,15,36,26,terminal_customer_network_burst;night_activity,0.26,0.024144309547575255,0.26
X000192890,2026-01-23 04:41:55,C001584,A0001584,M00675,T00110,Midwest,Midwest,253.1,USD,ecommerce,3ds,approved,APPROVE,230.45,1.098285962247776,1,0,0,1,0,0,0,7,93,8,31,51,customer_velocity;terminal_customer_network_burst;night_activity,0.51,0.011871328108046848,0.51
X000201990,2026-01-23 04:42:01,C001652,A0001652,M00458,T00358,West,West,24.17,USD,mobile_wallet,chip_pin,approved,APPROVE,36.64,0.6596615720524018,1,0,0,0,0,1,0,1,36,9,5,26,terminal_customer_network_burst;night_activity,0.26,0.01392266897842789,0.26
X000099110,2026-01-23 04:42:36,C000831,A0000831,M00367,T00335,South,South,17.16,USD,card_present,chip_pin,approved,APPROVE,25.5,0.6729411764705883,1,0,0,0,0,0,0,2,110,10,11,26,terminal_customer_network_burst;night_activity,0.26,0.011487889060555409,0.26
X000022044,2026-01-23 04:42:54,C000190,A0000190,M00487,T00332,South,South,13.26,USD,card_present,wallet_biometric,approved,APPROVE,26.82,0.494407158836689,1,0,0,0,0,0,0,3,88,9,13,26,terminal_customer_network_burst;night_activity,0.26,0.009878875896927292,0.26
X000136876,2026-01-23 04:43:37,C001126,A0001126,M00022,T00830,South,South,211.77,USD,ecommerce,3ds,approved,APPROVE,103.68,2.0425347222222223,1,0,0,1,0,0,0,5,124,13,27,51,customer_velocity;terminal_customer_network_burst;night_activity,0.51,0.024149212158171833,0.51
X000125092,2026-01-23 04:43:57,C001032,A0001032,M00051,T00286,South,South,319.56,USD,ecommerce,chip_pin,approved,APPROVE,220.63,1.4483977700222093,1,0,0,1,0,0,0,7,158,13,51,51,customer_velocity;terminal_customer_network_burst;night_activity,0.51,0.01567814074434291,0.51
X000085208,2026-01-23 04:44:09,C000711,A0000711,M00791,T00739,South,South,27.46,USD,card_present,chip_pin,approved,APPROVE,40.81,0.6728742955158049,1,0,0,0,0,0,0,0,138,16,5,26,terminal_customer_network_burst;night_activity,0.26,0.018317660571637563,0.26
X000045975,2026-01-23 04:44:22,C000385,A0000385,M00171,T00643,Northeast,Northeast,21.9,USD,ecommerce,3ds,soft_decline,CHALLENGE,56.78,0.38569918985558294,1,0,1,1,0,0,0,1,97,8,10,34,terminal_customer_network_burst;night_activity;authentication_soft_decline,0.34,0.03902159197235136,0.34
X000063693,2026-01-23 04:44:30,C000541,A0000541,M00434,T00808,South,South,116.18,USD,mobile_wallet,chip_pin,approved,APPROVE,96.59,1.2028160265037788,1,0,0,0,0,1,0,3,122,13,31,26,terminal_customer_network_burst;night_activity,0.26,0.019141246087234783,0.26
X000149583,2026-01-23 04:44:46,C001231,A0001231,M00073,T00757,South,South,43.46,USD,mobile_wallet,magstripe,approved,APPROVE,101.36,0.4287687450670876,1,0,0,0,1,1,0,1,148,16,7,26,terminal_customer_network_burst;night_activity,0.26,0.04308137693334666,0.26
X000240447,2026-01-23 04:44:48,C001961,A0001961,M00077,T00723,South,South,60.04,USD,ecommerce,chip_pin,approved,APPROVE,100.48,0.597531847133758,1,0,0,1,0,0,0,4,204,18,37,26,terminal_customer_network_burst;night_activity,0.26,0.018834881036396658,0.26
X000018498,2026-01-23 04:45:44,C000158,A0000158,M00085,T00540,Northeast,Northeast,18.96,USD,card_present,3ds,approved,APPROVE,26.2,0.7236641221374046,1,0,0,0,0,0,0,0,82,7,8,8,night_activity,0.08,0.008504839611088178,0.08
X000047966,2026-01-23 04:45:54,C000404,A0000404,M00760,T00148,Midwest,Midwest,195.81,USD,ecommerce,chip_pin,approved,APPROVE,227.96,0.8589664853483067,1,0,0,1,0,0,0,6,81,9,45,51,customer_velocity;terminal_customer_network_burst;night_activity,0.51,0.008751581815961381,0.51
X000063694,2026-01-23 04:46:05,C000541,A0000541,M00117,T00472,South,South,67.45,USD,ecommerce,magstripe,approved,APPROVE,96.59,0.6983124547054561,1,0,0,1,1,0,0,4,63,9,35,46,terminal_customer_network_burst;ecommerce_authentication_shift;night_activity,0.46,0.015112520028241531,0.46
X000175675,2026-01-23 04:46:16,C001447,A0001447,M00382,T01062,Midwest,Midwest,20.07,USD,ecommerce,chip_pin,approved,APPROVE,30.34,0.6615029663810151,1,0,0,1,0,0,0,1,36,6,14,8,night_activity,0.08,0.0076315928090938895,0.08
X000075543,2026-01-23 04:46:23,C000635,A0000635,M00393,T00239,Northeast,Northeast,120.87,USD,card_present,3ds,approved,APPROVE,92.24,1.3103859496964443,1,0,0,0,0,0,0,3,160,12,23,26,terminal_customer_network_burst;night_activity,0.26,0.01581351922087842,0.26
X000223049,2026-01-23 04:47:10,C001818,A0001818,M00311,T01079,Midwest,Midwest,70.14,USD,card_present,chip_pin,approved,APPROVE,44.9,1.5621380846325168,1,0,0,0,0,0,0,0,77,11,7,26,terminal_customer_network_burst;night_activity,0.26,0.015577615098951563,0.26
X000212182,2026-01-23 04:47:25,C001731,A0001731,M00495,T00738,Midwest,Midwest,20.47,USD,ecommerce,3ds,approved,APPROVE,41.15,0.4974483596597813,1,0,0,1,0,0,0,3,110,9,7,26,terminal_customer_network_burst;night_activity,0.26,0.01241474664145165,0.26
X000144205,2026-01-23 04:48:34,C001187,A0001187,M00786,T00092,Northeast,Northeast,49.62,USD,ecommerce,wallet_biometric,approved,APPROVE,65.0,0.7633846153846153,1,0,0,1,0,0,0,1,83,9,10,26,terminal_customer_network_burst;night_activity,0.26,0.011281708128000749,0.26
X000039944,2026-01-23 04:48:58,C000339,A0000339,M00524,T00477,West,West,42.82,USD,card_present,chip_pin,approved,APPROVE,89.3,0.47950727883538635,1,0,0,0,0,0,0,2,61,9,6,26,terminal_customer_network_burst;night_activity,0.26,0.009979287061729649,0.26
X000188537,2026-01-23 04:49:44,C001549,A0001549,M00038,T00813,West,South,219.32,USD,card_present,3ds,approved,APPROVE,153.09,1.4326213338559017,1,0,0,0,0,0,1,3,132,8,0,53,new_customer_terminal_pair;terminal_customer_network_burst;night_activity;home_region_mismatch,0.53,0.1268173930138169,0.53
X000240186,2026-01-23 04:50:11,C001959,A0001959,M00289,T00362,South,South,129.77,USD,card_present,chip_pin,approved,APPROVE,72.77,1.7832898172323761,1,0,0,0,0,0,0,0,100,16,10,26,terminal_customer_network_burst;night_activity,0.26,0.023926484832203578,0.26
X000022265,2026-01-23 04:51:11,C000192,A0000192,M00002,T00312,Northeast,Northeast,30.84,USD,ecommerce,chip_pin,approved,APPROVE,33.17,0.9297558034368405,1,0,0,1,0,0,0,1,71,10,12,26,terminal_customer_network_burst;night_activity,0.26,0.012267582606578975,0.26
X000015117,2026-01-23 04:51:35,C000128,A0000128,M00253,T00291,South,South,22.59,USD,ecommerce,chip_pin,approved,APPROVE,50.82,0.4445100354191263,1,0,0,1,0,0,0,3,123,11,10,26,terminal_customer_network_burst;night_activity,0.26,0.013704969901147945,0.26
X000238021,2026-01-23 04:51:40,C001942,A0001942,M00123,T00579,Midwest,Midwest,283.83,USD,card_present,magstripe,approved,APPROVE,103.71,2.7367659820653745,1,0,0,0,1,0,0,3,61,8,17,26,terminal_customer_network_burst;night_activity,0.26,0.03330513839293416,0.26
X000223991,2026-01-23 04:52:12,C001828,A0001828,M00798,T01060,Northeast,Northeast,93.79,USD,mobile_wallet,chip_pin,approved,APPROVE,49.66,1.888642770841724,1,0,0,0,0,1,0,0,135,10,6,26,terminal_customer_network_burst;night_activity,0.26,0.02542102131932869,0.26
X000127134,2026-01-23 04:52:25,C001047,A0001047,M00786,T00092,South,Northeast,40.8,USD,mobile_wallet,chip_pin,approved,APPROVE,32.88,1.240875912408759,1,0,0,0,0,1,1,2,84,9,0,53,new_customer_terminal_pair;terminal_customer_network_burst;night_activity;home_region_mismatch,0.53,0.15339879765818698,0.53
X000181201,2026-01-23 04:52:48,C001490,A0001490,M00780,T01096,West,West,157.3,USD,ecommerce,chip_pin,approved,APPROVE,140.67,1.1182199473946117,1,0,0,1,0,0,0,3,58,6,22,8,night_activity,0.08,0.009147026904933802,0.08
X000033239,2026-01-23 04:53:06,C000282,A0000282,M00077,T00723,South,South,114.35,USD,card_present,wallet_biometric,approved,APPROVE,125.72,0.9095609290486796,1,0,0,0,0,0,0,1,205,18,13,26,terminal_customer_network_burst;night_activity,0.26,0.023750981073945347,0.26
X000008944,2026-01-23 04:53:25,C000081,A0000081,M00403,T00159,Northeast,Northeast,172.81,USD,card_present,chip_pin,approved,APPROVE,43.2,4.000231481481482,1,0,0,0,0,0,0,2,62,9,14,56,amount_vs_profile;terminal_customer_network_burst;night_activity,0.56,0.03171130641643078,0.56
X000014858,2026-01-23 04:53:40,C000126,A0000126,M00183,T01168,South,South,44.47,USD,ecommerce,3ds,approved,APPROVE,131.27,0.33876742591605086,1,0,0,1,0,0,0,6,123,8,29,51,customer_velocity;terminal_customer_network_burst;night_activity,0.51,0.009217011156268284,0.51
X000167441,2026-01-23 04:53:42,C001383,A0001383,M00385,T00962,South,South,16.33,USD,card_present,3ds,approved,APPROVE,29.52,0.5531842818428184,1,0,0,0,0,0,0,1,72,8,12,26,terminal_customer_network_burst;night_activity,0.26,0.008375056796147303,0.26
X000235379,2026-01-23 04:53:50,C001918,A0001918,M00187,T00256,South,South,63.31,USD,ecommerce,chip_pin,approved,APPROVE,32.71,1.935493732803424,1,0,0,1,0,0,0,1,122,11,4,26,terminal_customer_network_burst;night_activity,0.26,0.023275518133479816,0.26
X000135447,2026-01-23 04:55:00,C001112,A0001112,M00771,T00411,South,South,22.35,USD,card_present,chip_pin,approved,APPROVE,28.64,0.7803770949720671,1,0,0,0,0,0,0,2,61,11,16,26,terminal_customer_network_burst;night_activity,0.26,0.011019924325979983,0.26
X000216186,2026-01-23 04:55:09,C001766,A0001766,M00663,T00862,West,West,22.02,USD,ecommerce,chip_pin,approved,APPROVE,30.82,0.7144711226476314,1,0,0,1,0,0,0,2,66,12,13,26,terminal_customer_network_burst;night_activity,0.26,0.013495055066650073,0.26
X000243797,2026-01-23 04:55:09,C001988,A0001988,M00205,T00871,South,South,64.09,USD,card_present,wallet_biometric,approved,APPROVE,86.5,0.7409248554913295,1,0,0,0,0,0,0,0,82,8,26,26,terminal_customer_network_burst;night_activity,0.26,0.006941381679129136,0.26
X000088811,2026-01-23 04:55:52,C000745,A0000745,M00048,T00107,Northeast,Northeast,434.35,USD,card_present,3ds,approved,APPROVE,273.0,1.5910256410256411,1,0,0,0,0,0,0,2,120,10,0,41,new_customer_terminal_pair;terminal_customer_network_burst;night_activity,0.41,0.0193489817424773,0.41
X000198864,2026-01-23 04:56:01,C001628,A0001628,M00010,T00620,Northeast,Northeast,31.1,USD,mobile_wallet,3ds,approved,APPROVE,36.56,0.850656455142232,1,0,0,0,0,1,0,0,56,12,9,26,terminal_customer_network_burst;night_activity,0.26,0.01705543809495616,0.26
X000039789,2026-01-23 04:57:04,C000338,A0000338,M00637,T00508,Northeast,Northeast,192.95,USD,mobile_wallet,chip_pin,approved,APPROVE,96.33,2.003010484791861,1,0,0,0,0,1,0,2,47,5,22,8,night_activity,0.08,0.013985801966452263,0.08
X000021073,2026-01-23 04:57:25,C000184,A0000184,M00531,T00724,Midwest,Midwest,82.32,USD,ecommerce,wallet_biometric,approved,APPROVE,126.84,0.6490066225165563,1,0,0,1,0,0,0,3,62,6,16,8,night_activity,0.08,0.008511913831252542,0.08
X000215343,2026-01-23 04:57:47,C001758,A0001758,M00166,T00022,Northeast,Northeast,27.75,USD,card_present,wallet_biometric,soft_decline,CHALLENGE,40.57,0.6840029578506286,1,0,1,0,0,0,0,1,107,15,16,34,terminal_customer_network_burst;night_activity;authentication_soft_decline,0.34,0.05957363780201573,0.34
X000017778,2026-01-23 04:59:30,C000152,A0000152,M00303,T00765,Northeast,Northeast,191.76,USD,card_present,3ds,approved,APPROVE,210.9,0.9092460881934565,1,0,0,0,0,0,0,3,116,10,33,26,terminal_customer_network_burst;night_activity,0.26,0.009442895883626994,0.26
X000021439,2026-01-23 04:59:39,C000186,A0000186,M00442,T00105,West,West,264.05,USD,card_present,wallet_biometric,approved,APPROVE,223.8,1.1798480786416443,1,0,0,0,0,0,0,4,107,11,45,26,terminal_customer_network_burst;night_activity,0.26,0.009658970138026059,0.26
X000085602,2026-01-23 05:00:05,C000716,A0000716,M00216,T00994,West,West,69.6,USD,mobile_wallet,chip_pin,approved,APPROVE,32.26,2.157470551766894,0,0,0,0,0,1,0,2,57,9,10,18,terminal_customer_network_burst,0.18,0.018417058583919035,0.18
X000117778,2026-01-23 05:00:06,C000976,A0000976,M00321,T00416,Midwest,Midwest,148.05,USD,card_present,chip_pin,approved,APPROVE,245.46,0.6031532632608164,0,0,0,0,0,0,0,5,103,5,27,25,customer_velocity,0.25,0.005325228097094764,0.25
X000137347,2026-01-23 05:00:07,C001128,A0001128,M00191,T00441,Midwest,Midwest,272.38,USD,ecommerce,chip_pin,approved,APPROVE,144.34,1.8870721906609393,0,0,0,1,0,0,0,2,108,11,12,18,terminal_customer_network_burst,0.18,0.015878886582307905,0.18
X000168820,2026-01-23 05:00:22,C001396,A0001396,M00771,T00411,South,South,12.56,USD,ecommerce,wallet_biometric,approved,APPROVE,40.17,0.31267114762260395,0,0,0,1,0,0,0,1,62,11,16,18,terminal_customer_network_burst,0.18,0.007411233373073389,0.18
X000090357,2026-01-23 05:00:26,C000756,A0000756,M00198,T00247,Midwest,Midwest,21.09,USD,ecommerce,3ds,approved,APPROVE,26.53,0.7949491142103279,0,0,0,1,0,0,0,1,99,9,9,18,terminal_customer_network_burst,0.18,0.009035614978424141,0.18
X000134680,2026-01-23 05:00:32,C001105,A0001105,M00621,T00383,West,West,13.49,USD,ecommerce,chip_pin,approved,APPROVE,28.19,0.4785384888258247,0,0,0,1,0,0,0,0,23,6,7,0,,0.0,0.005626181059058303,0.005626181059058303
X000161430,2026-01-23 05:01:05,C001332,A0001332,M00558,T00507,South,South,90.61,USD,card_present,chip_pin,approved,APPROVE,91.66,0.9885446214270129,0,0,0,0,0,0,0,0,34,5,4,0,,0.0,0.0060860822436258274,0.0060860822436258274
X000138223,2026-01-23 05:02:06,C001137,A0001137,M00787,T00660,South,South,38.94,USD,mobile_wallet,3ds,approved,APPROVE,38.38,1.0145909327774882,0,0,0,0,0,1,0,2,71,12,8,18,terminal_customer_network_burst,0.18,0.015905111408908358,0.18
X000095226,2026-01-23 05:02:16,C000795,A0000795,M00309,T01011,Northeast,Northeast,119.27,USD,card_present,3ds,approved,APPROVE,80.12,1.488642036944583,0,0,0,0,0,0,0,3,118,12,27,18,terminal_customer_network_burst,0.18,0.011314920460050441,0.18
X000025661,2026-01-23 05:02:35,C000219,A0000219,M00170,T01059,Midwest,Midwest,108.29,USD,card_present,wallet_biometric,approved,APPROVE,76.75,1.4109446254071663,0,0,0,0,0,0,0,1,69,6,5,0,,0.0,0.008374012098448787,0.008374012098448787
X000171636,2026-01-23 05:02:36,C001415,A0001415,M00091,T00954,Midwest,Midwest,53.23,USD,card_present,3ds,approved,APPROVE,52.35,1.0168099331423113,0,0,0,0,0,0,0,1,165,11,8,18,terminal_customer_network_burst,0.18,0.011535927908065255,0.18
X000178860,2026-01-23 05:02:44,C001473,A0001473,M00767,T00313,South,South,139.75,USD,card_present,chip_pin,approved,APPROVE,57.26,2.4406217254628015,0,0,0,0,0,0,0,3,133,16,34,18,terminal_customer_network_burst,0.18,0.01962306150226802,0.18
