Transaction_ID,Timestamp,Customer_ID,Account_ID,Merchant_ID,Terminal_ID,Customer_Region,Merchant_Region,Amount,Currency,Channel,Auth_Type,Auth_Result,Incumbent_Decision,Typical_Spend,Amount_To_Typical_Spend,Is_Night,Is_Weekend,Auth_Soft_Decline,Is_Ecommerce,Is_Magstripe,Is_Mobile_Wallet,Region_Mismatch,Tx_Count_Prior_24h,Terminal_Prior_Tx_Count,Terminal_Prior_Distinct_Customers,Customer_Terminal_Prior_Count,Rule_Score,Rule_Reasons,Rule_Risk,Model_Score,Hybrid_Score
X000166521,2026-01-07 19:23:16,C001375,A0001375,M00309,T01075,Northeast,Northeast,19.27,USD,mobile_wallet,wallet_biometric,approved,APPROVE,19.59,0.9836651352730985,0,0,0,0,0,1,0,3,33,6,8,0,,0.0,0.01085319279090487,0.01085319279090487
X000007453,2026-01-07 19:23:32,C000069,A0000069,M00211,T01170,Midwest,Midwest,62.92,USD,card_present,wallet_biometric,approved,APPROVE,40.89,1.5387625336268036,0,0,0,0,0,0,0,3,38,6,5,0,,0.0,0.010085512748508977,0.010085512748508977
X000060607,2026-01-07 19:23:58,C000516,A0000516,M00171,T01187,Northeast,Northeast,87.69,USD,mobile_wallet,wallet_biometric,approved,APPROVE,46.26,1.8955901426718547,0,0,0,0,0,1,0,2,19,6,5,0,,0.0,0.014826894706955921,0.014826894706955921
X000174790,2026-01-07 19:24:08,C001440,A0001440,M00431,T00216,West,West,47.54,USD,card_present,3ds,approved,APPROVE,39.9,1.1914786967418547,0,0,0,0,0,0,0,1,15,4,3,0,,0.0,0.005504456214624768,0.005504456214624768
X000200777,2026-01-07 19:25:32,C001645,A0001645,M00247,T01144,Midwest,South,59.13,USD,ecommerce,3ds,approved,APPROVE,71.08,0.8318795723128869,0,0,0,1,0,0,1,3,86,16,0,45,new_customer_terminal_pair;terminal_customer_network_burst;home_region_mismatch,0.45,0.27694797186594394,0.45
X000101995,2026-01-07 19:25:33,C000859,A0000859,M00007,T00210,South,South,358.75,USD,ecommerce,3ds,approved,APPROVE,276.18,1.2989716851328843,0,0,0,1,0,0,0,11,42,8,13,63,customer_velocity;high_customer_velocity;terminal_customer_network_burst,0.63,0.024164431775042065,0.63
X000160265,2026-01-07 19:25:58,C001323,A0001323,M00342,T00483,Midwest,Midwest,26.79,USD,card_present,chip_pin,approved,APPROVE,37.38,0.7166934189406099,0,0,0,0,0,0,0,1,56,10,4,18,terminal_customer_network_burst,0.18,0.00991612417216851,0.18
X000077034,2026-01-07 19:26:21,C000648,A0000648,M00259,T00535,Northeast,Northeast,32.27,USD,ecommerce,3ds,approved,APPROVE,27.92,1.1558022922636104,0,0,0,1,0,0,0,3,27,11,4,18,terminal_customer_network_burst,0.18,0.016460696438784794,0.18
X000161414,2026-01-07 19:26:37,C001332,A0001332,M00434,T00808,South,South,54.54,USD,card_present,3ds,approved,APPROVE,91.66,0.595025092734017,0,0,0,0,0,0,0,1,36,10,3,18,terminal_customer_network_burst,0.18,0.009262749683538402,0.18
X000185725,2026-01-07 19:26:50,C001527,A0001527,M00431,T00547,West,West,20.56,USD,mobile_wallet,chip_pin,approved,APPROVE,28.9,0.7114186851211073,0,0,0,0,0,1,0,4,5,2,4,0,,0.0,0.007220310262910666,0.007220310262910666
X000000353,2026-01-07 19:27:20,C000004,A0000004,M00573,T00212,Northeast,Northeast,32.95,USD,card_present,wallet_biometric,approved,APPROVE,29.55,1.1150592216582065,0,0,0,0,0,0,0,0,27,9,3,18,terminal_customer_network_burst,0.18,0.008834894289236908,0.18
X000238725,2026-01-07 19:27:29,C001948,A0001948,M00639,T00245,Northeast,Midwest,155.96,USD,ecommerce,chip_pin,approved,APPROVE,121.1,1.2878612716763007,0,0,0,1,0,0,1,4,15,5,0,27,new_customer_terminal_pair;home_region_mismatch,0.27,0.10460207486140817,0.27
X000227063,2026-01-07 19:27:42,C001852,A0001852,M00130,T00214,South,South,152.8,USD,ecommerce,chip_pin,approved,APPROVE,160.6,0.9514321295143214,0,0,0,1,0,0,0,4,28,4,9,0,,0.0,0.006378831354846046,0.006378831354846046
X000188474,2026-01-07 19:28:13,C001549,A0001549,M00400,T00241,West,West,140.2,USD,card_present,chip_pin,approved,APPROVE,153.09,0.9158011627147429,0,0,0,0,0,0,0,7,33,7,11,25,customer_velocity,0.25,0.011451861020042038,0.25
X000169427,2026-01-07 19:28:17,C001400,A0001400,M00743,T00089,South,South,149.12,USD,mobile_wallet,chip_pin,approved,APPROVE,210.06,0.7098924116918975,0,0,0,0,0,1,0,6,20,4,16,25,customer_velocity,0.25,0.008147630006077112,0.25
X000192829,2026-01-07 19:28:27,C001584,A0001584,M00675,T00110,Midwest,Midwest,228.06,USD,card_present,chip_pin,approved,APPROVE,230.45,0.989628986765025,0,0,0,0,0,0,0,3,30,8,11,18,terminal_customer_network_burst,0.18,0.008254015073394246,0.18
X000139898,2026-01-07 19:28:37,C001154,A0001154,M00556,T00223,South,South,180.6,USD,ecommerce,3ds,approved,APPROVE,200.38,0.9012875536480687,0,0,0,1,0,0,0,3,38,8,6,18,terminal_customer_network_burst,0.18,0.010073938143898958,0.18
X000160186,2026-01-07 19:28:44,C001322,A0001322,M00343,T00030,West,West,63.42,USD,card_present,chip_pin,approved,APPROVE,56.36,1.125266146202981,0,0,0,0,0,0,0,3,16,7,3,0,,0.0,0.00967715154435681,0.00967715154435681
X000029509,2026-01-07 19:28:50,C000254,A0000254,M00139,T00632,Northeast,Northeast,148.81,USD,ecommerce,wallet_biometric,approved,APPROVE,244.89,0.6076605823022582,0,0,0,1,0,0,0,7,29,5,13,25,customer_velocity,0.25,0.007819032924280553,0.25
X000188373,2026-01-07 19:29:26,C001548,A0001548,M00706,T00409,Northeast,Northeast,22.36,USD,ecommerce,chip_pin,approved,APPROVE,35.54,0.6291502532357907,0,0,0,1,0,0,0,0,38,8,1,18,terminal_customer_network_burst,0.18,0.007463063516039867,0.18
X000201974,2026-01-07 19:29:43,C001652,A0001652,M00633,T00292,West,West,45.75,USD,card_present,chip_pin,approved,APPROVE,36.64,1.2486353711790392,0,0,0,0,0,0,0,0,29,9,2,18,terminal_customer_network_burst,0.18,0.009680545204167895,0.18
X000040485,2026-01-07 19:30:15,C000344,A0000344,M00460,T00355,Midwest,Midwest,39.66,USD,mobile_wallet,magstripe,approved,APPROVE,46.73,0.8487053284827734,0,0,0,0,1,1,0,1,28,7,4,0,,0.0,0.02209287726020753,0.02209287726020753
X000157577,2026-01-07 19:30:44,C001296,A0001296,M00476,T00071,Midwest,Midwest,170.88,USD,card_present,wallet_biometric,approved,APPROVE,115.44,1.4802494802494803,0,0,0,0,0,0,0,6,25,6,14,25,customer_velocity,0.25,0.01012423297074307,0.25
X000112670,2026-01-07 19:30:46,C000943,A0000943,M00434,T00133,South,South,97.0,USD,card_present,3ds,approved,APPROVE,211.71,0.4581739171508195,0,0,0,0,0,0,0,4,40,10,8,18,terminal_customer_network_burst,0.18,0.010701541529252885,0.18
X000236984,2026-01-07 19:30:50,C001934,A0001934,M00146,T00711,Northeast,Northeast,157.74,USD,card_present,3ds,approved,APPROVE,164.43,0.9593139937967524,0,0,0,0,0,0,0,1,10,7,0,15,new_customer_terminal_pair,0.15,0.007767428975037079,0.15
X000233255,2026-01-07 19:30:55,C001902,A0001902,M00607,T00470,South,South,32.98,USD,ecommerce,3ds,approved,APPROVE,144.3,0.2285516285516285,0,0,0,1,0,0,0,4,49,11,5,18,terminal_customer_network_burst,0.18,0.013038106340801933,0.18
X000083836,2026-01-07 19:31:13,C000701,A0000701,M00730,T01027,West,West,62.86,USD,mobile_wallet,3ds,approved,APPROVE,55.81,1.126321447769217,0,0,0,0,0,1,0,1,25,6,5,0,,0.0,0.00982249313546277,0.00982249313546277
X000177208,2026-01-07 19:31:13,C001460,A0001460,M00148,T00250,Midwest,Midwest,108.34,USD,mobile_wallet,chip_pin,approved,APPROVE,140.53,0.7709385896249912,0,0,0,0,0,1,0,5,34,7,12,25,customer_velocity,0.25,0.012470654823326616,0.25
X000148198,2026-01-07 19:31:35,C001224,A0001224,M00276,T00213,Northeast,Northeast,254.5,USD,ecommerce,chip_pin,approved,APPROVE,153.7,1.6558230318802865,0,0,0,1,0,0,0,3,26,5,12,0,,0.0,0.007672884042200125,0.007672884042200125
X000118417,2026-01-07 19:32:09,C000980,A0000980,M00615,T01067,Midwest,Midwest,112.58,USD,mobile_wallet,chip_pin,approved,APPROVE,172.02,0.6544587838623416,0,0,0,0,0,1,0,0,30,6,2,0,,0.0,0.008053655775163232,0.008053655775163232
X000157398,2026-01-07 19:32:11,C001295,A0001295,M00782,T00464,Midwest,Midwest,125.69,USD,card_present,3ds,approved,APPROVE,77.06,1.6310667012717361,0,0,0,0,0,0,0,4,22,5,7,0,,0.0,0.009414044437475962,0.009414044437475962
X000124524,2026-01-07 19:32:49,C001030,A0001030,M00338,T00847,Northeast,Northeast,161.82,USD,card_present,3ds,approved,APPROVE,208.04,0.7778311863103249,0,0,0,0,0,0,0,4,46,10,11,18,terminal_customer_network_burst,0.18,0.011227706660319081,0.18
X000216160,2026-01-07 19:32:49,C001766,A0001766,M00641,T00246,West,West,45.21,USD,ecommerce,3ds,approved,APPROVE,30.82,1.4669046073977936,0,0,0,1,0,0,0,1,2,2,1,0,,0.0,0.005289931510666678,0.005289931510666678
X000189887,2026-01-07 19:33:17,C001561,A0001561,M00544,T00081,South,South,470.34,USD,ecommerce,wallet_biometric,approved,APPROVE,142.2,3.307594936708861,0,0,0,1,0,0,0,3,25,7,2,30,amount_vs_profile,0.3,0.02590873165743819,0.3
X000007297,2026-01-07 19:33:42,C000068,A0000068,M00123,T00812,Midwest,Midwest,40.62,USD,ecommerce,chip_pin,approved,APPROVE,170.95,0.2376133372331091,0,0,0,1,0,0,0,2,68,13,5,18,terminal_customer_network_burst,0.18,0.013760128982230035,0.18
X000048638,2026-01-07 19:34:45,C000408,A0000408,M00586,T00036,Northeast,Northeast,81.5,USD,card_present,chip_pin,approved,APPROVE,71.27,1.1435386558159113,0,0,0,0,0,0,0,3,28,7,4,0,,0.0,0.009734073991087524,0.009734073991087524
X000178030,2026-01-07 19:34:45,C001465,A0001465,M00587,T01174,South,South,74.41,USD,ecommerce,chip_pin,approved,APPROVE,80.93,0.9194365501050289,0,0,0,1,0,0,0,3,45,10,6,18,terminal_customer_network_burst,0.18,0.01306991175633478,0.18
X000164534,2026-01-07 19:36:02,C001356,A0001356,M00683,T00986,Midwest,Midwest,51.93,USD,card_present,chip_pin,approved,APPROVE,44.64,1.1633064516129032,0,0,0,0,0,0,0,3,11,3,5,0,,0.0,0.005672227935359508,0.005672227935359508
X000230545,2026-01-07 19:36:18,C001880,A0001880,M00395,T00889,Midwest,Midwest,26.63,USD,card_present,wallet_biometric,approved,APPROVE,59.61,0.44673712464351617,0,0,0,0,0,0,0,1,24,4,6,0,,0.0,0.00377602669721321,0.00377602669721321
X000100626,2026-01-07 19:36:24,C000847,A0000847,M00615,T00704,Midwest,Midwest,24.11,USD,ecommerce,3ds,approved,APPROVE,28.04,0.8598430813124108,0,0,0,1,0,0,0,0,16,4,1,0,,0.0,0.0048272126904172425,0.0048272126904172425
X000137864,2026-01-07 19:36:56,C001134,A0001134,M00295,T00425,South,South,118.29,USD,ecommerce,magstripe,approved,APPROVE,96.9,1.2207430340557275,0,0,0,1,1,0,0,3,63,16,2,18,terminal_customer_network_burst,0.18,0.07353306642404754,0.18
X000052803,2026-01-07 19:38:06,C000446,A0000446,M00253,T01072,South,South,67.43,USD,mobile_wallet,chip_pin,approved,APPROVE,77.56,0.8693914388860238,0,0,0,0,0,1,0,2,27,6,6,0,,0.0,0.00968416235060339,0.00968416235060339
X000141313,2026-01-07 19:38:38,C001164,A0001164,M00494,T00034,West,West,100.55,USD,card_present,3ds,approved,APPROVE,140.47,0.7158112052395529,0,0,0,0,0,0,0,1,15,5,4,0,,0.0,0.004944133796777612,0.004944133796777612
X000072038,2026-01-07 19:38:41,C000610,A0000610,M00441,T01043,West,West,61.51,USD,card_present,magstripe,approved,APPROVE,97.14,0.6332098002882437,0,0,0,0,1,0,0,7,33,6,21,25,customer_velocity,0.25,0.014196442757607413,0.25
X000127892,2026-01-07 19:39:14,C001053,A0001053,M00301,T00666,South,South,105.27,USD,card_present,chip_pin,approved,APPROVE,55.94,1.8818376832320343,0,0,0,0,0,0,0,2,19,7,6,0,,0.0,0.0106976352909961,0.0106976352909961
X000196146,2026-01-07 19:39:31,C001612,A0001612,M00133,T00854,Northeast,Northeast,50.38,USD,ecommerce,3ds,approved,APPROVE,157.68,0.31950786402841197,0,0,0,1,0,0,0,1,37,11,6,18,terminal_customer_network_burst,0.18,0.008949793935807604,0.18
X000091174,2026-01-07 19:39:34,C000765,A0000765,M00268,T00608,West,West,32.79,USD,ecommerce,chip_pin,approved,APPROVE,53.85,0.6089136490250696,0,0,0,1,0,0,0,5,26,5,7,25,customer_velocity,0.25,0.007454388136439845,0.25
X000212640,2026-01-07 19:39:37,C001735,A0001735,M00390,T00066,Northeast,Northeast,65.63,USD,card_present,magstripe,approved,APPROVE,63.23,1.0379566661394908,0,0,0,0,1,0,0,1,13,5,3,0,,0.0,0.012513491648306226,0.012513491648306226
X000141314,2026-01-07 19:40:07,C001164,A0001164,M00054,T00295,West,West,192.36,USD,ecommerce,chip_pin,approved,APPROVE,140.47,1.3694027194418739,0,0,0,1,0,0,0,2,39,9,3,18,terminal_customer_network_burst,0.18,0.013448785669151208,0.18
X000007126,2026-01-07 19:40:08,C000066,A0000066,M00324,T00243,West,West,72.64,USD,ecommerce,chip_pin,approved,APPROVE,42.7,1.7011709601873535,0,0,0,1,0,0,0,1,15,5,4,0,,0.0,0.0077824049836406044,0.0077824049836406044
X000242046,2026-01-07 19:40:30,C001976,A0001976,M00372,T00192,South,South,26.5,USD,ecommerce,magstripe,approved,APPROVE,29.33,0.9035117627003069,0,0,0,1,1,0,0,4,47,14,5,18,terminal_customer_network_burst,0.18,0.05107555119369154,0.18
X000083837,2026-01-07 19:40:40,C000701,A0000701,M00730,T01027,West,West,77.95,USD,card_present,3ds,approved,APPROVE,55.81,1.3967030998029026,0,0,0,0,0,0,0,2,26,6,6,0,,0.0,0.00795413887043734,0.00795413887043734
X000154645,2026-01-07 19:41:48,C001275,A0001275,M00592,T00719,South,South,131.59,USD,card_present,wallet_biometric,approved,APPROVE,166.44,0.7906152367219419,0,0,0,0,0,0,0,2,42,10,4,18,terminal_customer_network_burst,0.18,0.011079112707904475,0.18
X000130999,2026-01-07 19:42:24,C001078,A0001078,M00488,T00046,Northeast,Northeast,60.81,USD,mobile_wallet,3ds,approved,APPROVE,48.16,1.2626661129568109,0,0,0,0,0,1,0,2,14,6,3,0,,0.0,0.012094457166704452,0.012094457166704452
X000156595,2026-01-07 19:42:37,C001289,A0001289,M00112,T00122,West,West,441.06,USD,mobile_wallet,chip_pin,approved,APPROVE,454.02,0.9714550019822916,0,0,0,0,0,1,0,5,32,5,14,25,customer_velocity,0.25,0.009971388155243762,0.25
X000039746,2026-01-07 19:43:51,C000338,A0000338,M00637,T00508,Northeast,Northeast,47.17,USD,card_present,wallet_biometric,approved,APPROVE,96.33,0.48967092286930347,0,0,0,0,0,0,0,4,16,2,9,0,,0.0,0.0038346228011861454,0.0038346228011861454
X000005719,2026-01-07 19:44:21,C000053,A0000053,M00243,T00806,South,South,18.19,USD,card_present,wallet_biometric,approved,APPROVE,45.19,0.40252268200929414,0,0,0,0,0,0,0,2,38,8,5,18,terminal_customer_network_burst,0.18,0.007168423007531998,0.18
X000014605,2026-01-07 19:44:21,C000124,A0000124,M00127,T00810,South,South,53.22,USD,ecommerce,chip_pin,approved,APPROVE,28.69,1.8550017427675147,0,0,0,1,0,0,0,1,16,5,5,0,,0.0,0.008040705775176085,0.008040705775176085
X000068929,2026-01-07 19:45:04,C000586,A0000586,M00440,T00334,West,West,89.04,USD,ecommerce,chip_pin,approved,APPROVE,80.13,1.111194309247473,0,0,0,1,0,0,0,3,10,5,4,0,,0.0,0.007645129040940216,0.007645129040940216
X000061379,2026-01-07 19:45:15,C000524,A0000524,M00342,T00563,Midwest,Midwest,109.32,USD,card_present,magstripe,approved,APPROVE,48.13,2.2713484313318095,0,0,0,0,1,0,0,2,27,10,7,18,terminal_customer_network_burst,0.18,0.03748596947936872,0.18
X000069234,2026-01-07 19:45:17,C000589,A0000589,M00087,T00716,South,South,76.53,USD,ecommerce,3ds,approved,APPROVE,211.98,0.36102462496461935,0,0,0,1,0,0,0,2,54,10,8,18,terminal_customer_network_burst,0.18,0.008904371589507855,0.18
X000050802,2026-01-07 19:46:11,C000427,A0000427,M00446,T00838,South,South,122.5,USD,card_present,chip_pin,approved,APPROVE,187.71,0.6526024186244739,0,0,0,0,0,0,0,2,23,7,5,0,,0.0,0.006784052040046299,0.006784052040046299
X000048210,2026-01-07 19:46:22,C000405,A0000405,M00659,T00047,Northeast,Northeast,31.07,USD,mobile_wallet,chip_pin,approved,APPROVE,61.46,0.5055320533680443,0,0,0,0,0,1,0,5,32,8,5,43,customer_velocity;terminal_customer_network_burst,0.43,0.01569147726130031,0.43
X000001463,2026-01-07 19:46:32,C000015,A0000015,M00784,T00354,South,South,84.68,USD,mobile_wallet,3ds,approved,APPROVE,115.21,0.7350056418713654,0,0,0,0,0,1,0,5,36,9,10,43,customer_velocity;terminal_customer_network_burst,0.43,0.016652605220888083,0.43
X000180904,2026-01-07 19:46:40,C001487,A0001487,M00292,T00447,South,South,68.63,USD,card_present,magstripe,approved,APPROVE,70.38,0.9751349815288434,0,0,0,0,1,0,0,3,15,7,2,0,,0.0,0.020185385691636096,0.020185385691636096
X000098964,2026-01-07 19:46:50,C000830,A0000830,M00508,T01195,Northeast,Northeast,12.25,USD,card_present,wallet_biometric,approved,APPROVE,65.44,0.18719437652811738,0,0,0,0,0,0,0,2,17,5,5,0,,0.0,0.004364286720337739,0.004364286720337739
X000155811,2026-01-07 19:46:54,C001283,A0001283,M00148,T01086,Midwest,Midwest,394.38,USD,card_present,magstripe,approved,APPROVE,278.26,1.4173075540861066,0,0,0,0,1,0,0,5,48,7,9,25,customer_velocity,0.25,0.026386095535926312,0.25
X000089199,2026-01-07 19:47:14,C000747,A0000747,M00422,T00691,Midwest,Midwest,37.61,USD,card_present,3ds,approved,APPROVE,51.44,0.7311430793157077,0,0,0,0,0,0,0,1,18,5,6,0,,0.0,0.004699292515557456,0.004699292515557456
X000218250,2026-01-07 19:47:43,C001783,A0001783,M00070,T00004,Northeast,Northeast,17.04,USD,card_present,3ds,approved,APPROVE,68.92,0.2472431804991294,0,0,0,0,0,0,0,5,31,10,7,43,customer_velocity;terminal_customer_network_burst,0.43,0.011145745634477604,0.43
X000107984,2026-01-07 19:47:56,C000904,A0000904,M00089,T00946,Midwest,Midwest,154.56,USD,ecommerce,3ds,approved,APPROVE,182.31,0.8477867368767484,0,0,0,1,0,0,0,3,16,6,4,0,,0.0,0.007851301569063218,0.007851301569063218
X000194128,2026-01-07 19:48:29,C001596,A0001596,M00706,T00856,Northeast,Northeast,62.7,USD,mobile_wallet,3ds,approved,APPROVE,43.85,1.4298745724059294,0,0,0,0,0,1,0,0,12,5,3,0,,0.0,0.009061078457251933,0.009061078457251933
X000171280,2026-01-07 19:49:41,C001412,A0001412,M00240,T00605,Midwest,Midwest,54.35,USD,ecommerce,chip_pin,approved,APPROVE,62.79,0.8655836916706482,0,0,0,1,0,0,0,2,44,8,5,18,terminal_customer_network_burst,0.18,0.009264402500680106,0.18
X000233626,2026-01-07 19:50:48,C001905,A0001905,M00003,T00787,South,South,85.67,USD,card_present,3ds,approved,APPROVE,37.47,2.286362423271951,0,0,0,0,0,0,0,5,48,11,6,43,customer_velocity;terminal_customer_network_burst,0.43,0.030561479904013415,0.43
X000175114,2026-01-07 19:51:54,C001442,A0001442,M00185,T00296,West,West,72.4,USD,card_present,chip_pin,approved,APPROVE,79.02,0.9162237408251077,0,0,0,0,0,0,0,3,7,3,5,0,,0.0,0.005077907580136837,0.005077907580136837
X000073527,2026-01-07 19:52:30,C000622,A0000622,M00494,T01189,West,West,62.07,USD,ecommerce,chip_pin,approved,APPROVE,65.2,0.9519938650306748,0,0,0,1,0,0,0,0,7,4,2,0,,0.0,0.004741010824466497,0.004741010824466497
X000043512,2026-01-07 19:52:42,C000369,A0000369,M00012,T00789,West,West,80.06,USD,ecommerce,chip_pin,approved,APPROVE,83.11,0.9633016484177597,0,0,0,1,0,0,0,2,13,4,3,0,,0.0,0.005922020925384784,0.005922020925384784
X000073313,2026-01-07 19:52:47,C000620,A0000620,M00735,T00059,Midwest,Midwest,17.56,USD,ecommerce,3ds,approved,APPROVE,16.5,1.0642424242424242,0,0,0,1,0,0,0,2,25,7,4,0,,0.0,0.00877895526367029,0.00877895526367029
X000192142,2026-01-07 19:53:06,C001577,A0001577,M00526,T00073,South,South,329.38,USD,card_present,chip_pin,approved,APPROVE,271.97,1.2110894583961465,0,0,0,0,0,0,0,2,9,2,0,15,new_customer_terminal_pair,0.15,0.005343699875468728,0.15
X000175510,2026-01-07 19:53:25,C001446,A0001446,M00294,T00471,South,South,50.68,USD,ecommerce,magstripe,approved,APPROVE,44.4,1.1414414414414416,0,0,0,1,1,0,0,2,21,8,4,18,terminal_customer_network_burst,0.18,0.021686242679585514,0.18
X000074769,2026-01-07 19:53:58,C000630,A0000630,M00494,T00034,West,West,313.88,USD,card_present,3ds,approved,APPROVE,249.77,1.2566761420506865,0,0,0,0,0,0,0,0,16,5,2,0,,0.0,0.005858441925632757,0.005858441925632757
X000150382,2026-01-07 19:54:05,C001238,A0001238,M00335,T00070,South,South,168.28,USD,card_present,3ds,approved,APPROVE,130.71,1.2874301889679443,0,0,0,0,0,0,0,3,66,16,4,18,terminal_customer_network_burst,0.18,0.032456059655532984,0.18
X000011391,2026-01-07 19:54:31,C000102,A0000102,M00255,T01045,West,West,190.21,USD,card_present,chip_pin,approved,APPROVE,246.43,0.7718621921032341,0,0,0,0,0,0,0,4,13,4,9,0,,0.0,0.0054083797099680345,0.0054083797099680345
X000159825,2026-01-07 19:54:39,C001318,A0001318,M00094,T00206,South,South,44.41,USD,ecommerce,chip_pin,approved,APPROVE,51.13,0.868570310972032,0,0,0,1,0,0,0,2,29,10,4,18,terminal_customer_network_burst,0.18,0.011665981058040842,0.18
X000097125,2026-01-07 19:55:09,C000813,A0000813,M00428,T00264,West,West,62.18,USD,mobile_wallet,wallet_biometric,approved,APPROVE,35.05,1.774037089871612,0,0,0,0,0,1,0,4,29,9,3,18,terminal_customer_network_burst,0.18,0.027590851827171914,0.18
X000015370,2026-01-07 19:55:35,C000131,A0000131,M00573,T00460,Northeast,Northeast,68.82,USD,card_present,wallet_biometric,approved,APPROVE,59.87,1.1494905628862535,0,0,0,0,0,0,0,0,25,8,4,18,terminal_customer_network_burst,0.18,0.007669975034310194,0.18
X000111025,2026-01-07 19:55:41,C000926,A0000926,M00038,T00813,South,South,67.52,USD,card_present,chip_pin,approved,APPROVE,23.01,2.934376358105171,0,0,0,0,0,0,0,0,34,6,3,0,,0.0,0.013182217229494165,0.013182217229494165
X000127238,2026-01-07 19:55:43,C001049,A0001049,M00359,T00592,Midwest,Midwest,66.34,USD,card_present,chip_pin,approved,APPROVE,32.83,2.0207127627170274,0,0,0,0,0,0,0,2,12,4,3,0,,0.0,0.008597941090625722,0.008597941090625722
X000179795,2026-01-07 19:56:07,C001479,A0001479,M00020,T00254,South,South,309.24,USD,mobile_wallet,wallet_biometric,approved,APPROVE,221.32,1.3972528465570215,0,0,0,0,0,1,0,4,48,11,14,18,terminal_customer_network_burst,0.18,0.022160554837253,0.18
X000238924,2026-01-07 19:57:11,C001949,A0001949,M00191,T00188,Midwest,Midwest,16.35,USD,card_present,chip_pin,approved,APPROVE,41.15,0.3973268529769138,0,0,0,0,0,0,0,4,27,6,5,0,,0.0,0.006941485136184637,0.006941485136184637
X000013211,2026-01-07 19:57:19,C000115,A0000115,M00615,T01067,Midwest,Midwest,36.51,USD,card_present,chip_pin,approved,APPROVE,73.53,0.496532027743778,0,0,0,0,0,0,0,4,31,6,12,0,,0.0,0.005823164632438823,0.005823164632438823
X000117731,2026-01-07 19:57:53,C000976,A0000976,M00321,T00416,Midwest,Midwest,322.65,USD,card_present,chip_pin,approved,APPROVE,245.46,1.31447078953801,0,0,0,0,0,0,0,3,42,5,13,0,,0.0,0.006387738958992059,0.006387738958992059
X000112291,2026-01-07 19:58:17,C000939,A0000939,M00734,T01137,Midwest,Midwest,106.47,USD,ecommerce,wallet_biometric,approved,APPROVE,62.85,1.694033412887828,0,0,0,1,0,0,0,3,12,3,3,0,,0.0,0.007938240559407695,0.007938240559407695
X000239966,2026-01-07 19:58:53,C001957,A0001957,M00448,T00142,Midwest,Midwest,105.25,USD,card_present,3ds,approved,APPROVE,49.97,2.106263758254953,0,0,0,0,0,0,0,1,21,6,3,0,,0.0,0.010256679021959791,0.010256679021959791
X000236163,2026-01-07 19:59:01,C001927,A0001927,M00303,T00765,Northeast,Northeast,187.01,USD,ecommerce,wallet_biometric,approved,APPROVE,68.16,2.7436913145539905,0,0,0,1,0,0,0,1,34,6,2,0,,0.0,0.014933933555217197,0.014933933555217197
X000014788,2026-01-07 19:59:06,C000126,A0000126,M00409,T00971,South,Northeast,320.81,USD,ecommerce,3ds,approved,APPROVE,131.27,2.4438942637312406,0,0,0,1,0,0,1,6,22,5,0,52,customer_velocity;new_customer_terminal_pair;home_region_mismatch,0.52,0.19455650956098108,0.52
X000079322,2026-01-07 19:59:17,C000668,A0000668,M00484,T00728,South,South,101.69,USD,card_present,wallet_biometric,approved,APPROVE,54.33,1.8717099208540402,0,0,0,0,0,0,0,1,50,11,4,18,terminal_customer_network_burst,0.18,0.01749408211070297,0.18
X000166790,2026-01-07 19:59:17,C001377,A0001377,M00196,T00164,Midwest,Midwest,32.78,USD,card_present,chip_pin,approved,APPROVE,53.56,0.6120238984316654,0,0,0,0,0,0,0,2,23,7,5,0,,0.0,0.006673246134272018,0.006673246134272018
X000179715,2026-01-07 19:59:30,C001478,A0001478,M00716,T00578,West,West,49.29,USD,mobile_wallet,chip_pin,approved,APPROVE,45.51,1.083058668424522,0,0,0,0,0,1,0,1,16,6,3,0,,0.0,0.010060021331775816,0.010060021331775816
X000119265,2026-01-07 19:59:35,C000988,A0000988,M00280,T00178,Northeast,Northeast,7.13,USD,card_present,chip_pin,approved,APPROVE,18.06,0.3947951273532669,0,0,0,0,0,0,0,2,29,7,5,0,,0.0,0.0062047270477732525,0.0062047270477732525
X000138413,2026-01-07 19:59:44,C001139,A0001139,M00526,T00073,South,South,39.8,USD,ecommerce,3ds,approved,APPROVE,64.11,0.6208079862735922,0,0,0,1,0,0,0,0,10,3,1,0,,0.0,0.0038311366359503525,0.0038311366359503525
X000146050,2026-01-07 19:59:45,C001205,A0001205,M00480,T00012,West,West,44.04,USD,card_present,chip_pin,approved,APPROVE,69.5,0.6336690647482014,0,0,0,0,0,0,0,2,22,5,8,0,,0.0,0.004810347286585137,0.004810347286585137
X000113481,2026-01-07 20:00:08,C000946,A0000946,M00745,T00183,Northeast,Northeast,110.82,USD,card_present,chip_pin,approved,APPROVE,163.27,0.6787529858516567,0,0,0,0,0,0,0,2,28,10,8,18,terminal_customer_network_burst,0.18,0.008982180176296494,0.18
X000116181,2026-01-07 20:00:21,C000965,A0000965,M00269,T00339,West,West,104.33,USD,card_present,chip_pin,approved,APPROVE,147.52,0.7072261388286334,0,0,0,0,0,0,0,3,27,4,9,0,,0.0,0.004856043227530864,0.004856043227530864
X000111841,2026-01-07 20:00:23,C000934,A0000934,M00227,T00238,Midwest,Midwest,122.47,USD,ecommerce,3ds,approved,APPROVE,114.46,1.06998077931155,0,0,0,1,0,0,0,1,15,5,9,0,,0.0,0.005124507457125939,0.005124507457125939
X000221011,2026-01-07 20:00:35,C001802,A0001802,M00303,T00765,Northeast,Northeast,63.18,USD,card_present,wallet_biometric,approved,APPROVE,67.33,0.938363285311154,0,0,0,0,0,0,0,1,35,6,6,0,,0.0,0.0060110512453010615,0.0060110512453010615
X000140804,2026-01-07 20:01:42,C001160,A0001160,M00737,T00804,Midwest,Midwest,76.93,USD,card_present,3ds,approved,APPROVE,27.42,2.8056163384390955,0,0,0,0,0,0,0,2,32,7,2,0,,0.0,0.01823720092515918,0.01823720092515918
X000201033,2026-01-07 20:01:44,C001647,A0001647,M00494,T00136,West,West,115.64,USD,mobile_wallet,3ds,approved,APPROVE,140.11,0.8253515095282278,0,0,0,0,0,1,0,2,14,5,5,0,,0.0,0.008446530917996969,0.008446530917996969
X000220545,2026-01-07 20:02:05,C001800,A0001800,M00168,T00981,Northeast,Northeast,161.14,USD,card_present,3ds,approved,APPROVE,186.73,0.8629572109462861,0,0,0,0,0,0,0,7,39,8,16,43,customer_velocity;terminal_customer_network_burst,0.43,0.010902009485746097,0.43
X000232832,2026-01-07 20:02:49,C001898,A0001898,M00770,T00715,Midwest,Midwest,38.88,USD,ecommerce,magstripe,approved,APPROVE,61.86,0.6285160038797285,0,0,0,1,1,0,0,4,16,6,4,0,,0.0,0.017403774137734987,0.017403774137734987
X000233627,2026-01-07 20:02:53,C001905,A0001905,M00001,T00955,South,South,27.43,USD,card_present,chip_pin,approved,APPROVE,37.47,0.7320523085134775,0,0,0,0,0,0,0,6,35,12,5,43,customer_velocity;terminal_customer_network_burst,0.43,0.02071198131176781,0.43
X000228135,2026-01-07 20:03:16,C001858,A0001858,M00524,T00477,West,West,18.88,USD,card_present,chip_pin,approved,APPROVE,63.67,0.2965289775404429,0,0,0,0,0,0,0,1,14,4,5,0,,0.0,0.0035758656535704266,0.0035758656535704266
X000158601,2026-01-07 20:04:25,C001305,A0001305,M00501,T01003,Northeast,Northeast,33.96,USD,card_present,chip_pin,approved,APPROVE,41.2,0.8242718446601941,0,0,0,0,0,0,0,4,26,7,5,0,,0.0,0.009262643464017893,0.009262643464017893
X000063872,2026-01-07 20:05:03,C000542,A0000542,M00049,T01047,West,West,169.47,USD,card_present,wallet_biometric,approved,APPROVE,213.02,0.7955591024316965,0,0,0,0,0,0,0,3,13,4,10,0,,0.0,0.004701145974987533,0.004701145974987533
X000173410,2026-01-07 20:05:52,C001430,A0001430,M00433,T00752,Midwest,Midwest,279.46,USD,card_present,3ds,approved,APPROVE,113.63,2.4593857256006335,0,0,0,0,0,0,0,3,24,6,5,0,,0.0,0.014112108753244017,0.014112108753244017
X000055161,2026-01-07 20:07:24,C000467,A0000467,M00532,T00040,West,West,166.07,USD,ecommerce,chip_pin,approved,APPROVE,238.71,0.6956977085166101,0,0,0,1,0,0,0,1,24,6,8,0,,0.0,0.0052367721141071836,0.0052367721141071836
X000168950,2026-01-07 20:07:27,C001397,A0001397,M00738,T00899,South,South,49.03,USD,ecommerce,3ds,approved,APPROVE,55.89,0.8772589014134908,0,0,0,1,0,0,0,3,48,11,10,18,terminal_customer_network_burst,0.18,0.012806517534266244,0.18
X000131442,2026-01-07 20:07:28,C001082,A0001082,M00414,T00189,Midwest,Midwest,13.57,USD,ecommerce,chip_pin,approved,APPROVE,20.75,0.6539759036144579,0,0,0,1,0,0,0,3,53,10,6,18,terminal_customer_network_burst,0.18,0.011984354289150996,0.18
X000136700,2026-01-07 20:07:28,C001125,A0001125,M00549,T00456,South,South,70.85,USD,card_present,chip_pin,approved,APPROVE,91.91,0.7708628005657708,0,0,0,0,0,0,0,3,56,18,2,18,terminal_customer_network_burst,0.18,0.03459629465512306,0.18
X000065951,2026-01-07 20:07:30,C000559,A0000559,M00608,T00027,South,South,164.75,USD,ecommerce,chip_pin,approved,APPROVE,89.82,1.8342240035626811,0,0,0,1,0,0,0,2,43,13,3,18,terminal_customer_network_burst,0.18,0.026102612100350007,0.18
X000186695,2026-01-07 20:07:37,C001535,A0001535,M00780,T01096,West,West,53.58,USD,card_present,chip_pin,approved,APPROVE,41.18,1.3011170471102476,0,0,0,0,0,0,0,1,20,4,6,0,,0.0,0.0052904855589079956,0.0052904855589079956
X000176294,2026-01-07 20:07:46,C001453,A0001453,M00509,T01064,West,West,21.31,USD,card_present,chip_pin,approved,APPROVE,19.12,1.1145397489539748,0,0,0,0,0,0,0,1,22,5,3,0,,0.0,0.006113705921554594,0.006113705921554594
X000116386,2026-01-07 20:08:24,C000966,A0000966,M00500,T00780,South,Midwest,170.88,USD,ecommerce,chip_pin,approved,APPROVE,110.51,1.5462854040358338,0,0,0,1,0,0,1,3,23,6,0,27,new_customer_terminal_pair;home_region_mismatch,0.27,0.11712671526662778,0.27
X000006035,2026-01-07 20:08:29,C000056,A0000056,M00205,T00934,South,South,90.92,USD,card_present,magstripe,approved,APPROVE,99.33,0.9153327292862177,0,0,0,0,1,0,0,6,57,10,9,43,customer_velocity;terminal_customer_network_burst,0.43,0.035054430191273245,0.43
X000162962,2026-01-07 20:08:36,C001345,A0001345,M00668,T00166,Midwest,Midwest,92.6,USD,card_present,chip_pin,approved,APPROVE,169.46,0.5464416381446948,0,0,0,0,0,0,0,1,18,3,12,0,,0.0,0.002831426025450374,0.002831426025450374
X000102461,2026-01-07 20:08:46,C000862,A0000862,M00588,T00145,West,West,25.78,USD,ecommerce,chip_pin,approved,APPROVE,51.02,0.5052920423363387,0,0,0,1,0,0,0,4,27,6,7,0,,0.0,0.007172607874686708,0.007172607874686708
X000047670,2026-01-07 20:09:14,C000402,A0000402,M00740,T00080,Midwest,Northeast,23.49,USD,card_present,wallet_biometric,approved,APPROVE,23.82,0.986146095717884,0,0,0,0,0,0,1,3,43,9,0,45,new_customer_terminal_pair;terminal_customer_network_burst;home_region_mismatch,0.45,0.13076437303733074,0.45
X000002735,2026-01-07 20:10:06,C000027,A0000027,M00758,T00785,Northeast,Northeast,57.32,USD,ecommerce,chip_pin,approved,APPROVE,100.97,0.567693374269585,0,0,0,1,0,0,0,2,32,7,6,0,,0.0,0.006851342960485939,0.006851342960485939
X000225374,2026-01-07 20:10:15,C001837,A0001837,M00585,T00052,Midwest,Midwest,70.27,USD,card_present,3ds,approved,APPROVE,31.4,2.2378980891719746,0,0,0,0,0,0,0,1,37,13,4,18,terminal_customer_network_burst,0.18,0.024740058999169656,0.18
X000085750,2026-01-07 20:10:40,C000718,A0000718,M00171,T01187,Northeast,Northeast,40.24,USD,ecommerce,chip_pin,approved,APPROVE,30.39,1.324119776242185,0,0,0,1,0,0,0,1,20,6,4,0,,0.0,0.007612869565717663,0.007612869565717663
X000059759,2026-01-07 20:11:08,C000509,A0000509,M00413,T01078,West,West,96.99,USD,card_present,3ds,approved,APPROVE,61.15,1.5860997547015534,0,0,0,0,0,0,0,3,22,8,0,33,new_customer_terminal_pair;terminal_customer_network_burst,0.33,0.014658546207566948,0.33
X000044766,2026-01-07 20:11:35,C000378,A0000378,M00005,T00817,South,South,257.0,USD,card_present,chip_pin,approved,APPROVE,165.46,1.5532454974011844,0,0,0,0,0,0,0,3,45,11,6,18,terminal_customer_network_burst,0.18,0.017981118183205375,0.18
X000030302,2026-01-07 20:12:36,C000260,A0000260,M00500,T00274,Midwest,Midwest,296.85,USD,card_present,chip_pin,approved,APPROVE,214.67,1.3828201425443707,0,0,0,0,0,0,0,7,22,4,11,25,customer_velocity,0.25,0.00944738672262174,0.25
X000053386,2026-01-07 20:13:02,C000451,A0000451,M00602,T01198,Northeast,Northeast,62.72,USD,ecommerce,3ds,approved,APPROVE,59.14,1.0605343253297261,0,0,0,1,0,0,0,1,5,3,3,0,,0.0,0.004768092250056001,0.004768092250056001
X000073528,2026-01-07 20:14:18,C000622,A0000622,M00477,T00694,West,West,67.01,USD,card_present,chip_pin,approved,APPROVE,65.2,1.027760736196319,0,0,0,0,0,0,0,1,30,7,1,0,,0.0,0.008138780292716336,0.008138780292716336
X000042224,2026-01-07 20:14:27,C000358,A0000358,M00478,T00667,Midwest,Midwest,391.24,USD,card_present,3ds,approved,APPROVE,158.82,2.463417705578643,0,0,0,0,0,0,0,1,46,8,4,18,terminal_customer_network_burst,0.18,0.01546383488456735,0.18
X000026379,2026-01-07 20:14:51,C000226,A0000226,M00393,T00751,Northeast,Northeast,27.89,USD,card_present,magstripe,approved,APPROVE,35.61,0.7832069643358608,0,0,0,0,1,0,0,1,31,7,6,0,,0.0,0.013577976654261997,0.013577976654261997
X000168221,2026-01-07 20:15:07,C001391,A0001391,M00711,T00893,West,West,102.15,USD,ecommerce,chip_pin,approved,APPROVE,73.89,1.3824604141291108,0,0,0,1,0,0,0,1,8,3,0,15,new_customer_terminal_pair,0.15,0.006034654789758841,0.15
X000076003,2026-01-07 20:15:27,C000639,A0000639,M00211,T00509,Northeast,Midwest,26.29,USD,ecommerce,chip_pin,approved,APPROVE,45.73,0.5748961294554997,0,0,0,1,0,0,1,4,47,8,0,45,new_customer_terminal_pair;terminal_customer_network_burst;home_region_mismatch,0.45,0.11931412114652494,0.45
X000223889,2026-01-07 20:15:36,C001827,A0001827,M00192,T00126,South,South,29.97,USD,card_present,chip_pin,approved,APPROVE,22.77,1.316205533596838,0,0,0,0,0,0,0,3,44,8,0,33,new_customer_terminal_pair;terminal_customer_network_burst,0.33,0.013905824078700401,0.33
X000095759,2026-01-07 20:15:45,C000800,A0000800,M00393,T00751,Northeast,Northeast,79.49,USD,ecommerce,3ds,approved,APPROVE,46.67,1.7032354831797727,0,0,0,1,0,0,0,3,32,7,5,0,,0.0,0.012593066787223672,0.012593066787223672
X000244646,2026-01-07 20:15:46,C001995,A0001995,M00276,T00665,Northeast,Northeast,367.21,USD,card_present,3ds,approved,APPROVE,400.21,0.9175432897728693,0,0,0,0,0,0,0,3,21,6,8,0,,0.0,0.006814987294478772,0.006814987294478772
X000029266,2026-01-07 20:16:06,C000253,A0000253,M00160,T00039,South,South,237.19,USD,card_present,chip_pin,approved,APPROVE,203.2,1.1672736220472442,0,0,0,0,0,0,0,3,40,10,10,18,terminal_customer_network_burst,0.18,0.011891829110370665,0.18
X000214640,2026-01-07 20:16:45,C001753,A0001753,M00316,T00389,South,South,275.54,USD,ecommerce,wallet_biometric,approved,APPROVE,148.46,1.85598814495487,0,0,0,1,0,0,0,1,52,10,9,18,terminal_customer_network_burst,0.18,0.013964817756152218,0.18
X000215023,2026-01-07 20:16:55,C001756,A0001756,M00692,T00191,Northeast,Northeast,22.37,USD,card_present,chip_pin,approved,APPROVE,74.2,0.3014824797843666,0,0,0,0,0,0,0,2,27,11,2,18,terminal_customer_network_burst,0.18,0.01049682385308804,0.18
X000033413,2026-01-07 20:17:10,C000284,A0000284,M00311,T01079,Midwest,Midwest,20.72,USD,ecommerce,chip_pin,approved,APPROVE,48.91,0.42363524841545697,0,0,0,1,0,0,0,0,18,9,2,18,terminal_customer_network_burst,0.18,0.007107515704720507,0.18
X000086352,2026-01-07 20:17:26,C000725,A0000725,M00758,T00582,Northeast,Northeast,60.57,USD,ecommerce,chip_pin,approved,APPROVE,82.78,0.731698477893211,0,0,0,1,0,0,0,3,57,9,6,18,terminal_customer_network_burst,0.18,0.011107480240863613,0.18
X000149354,2026-01-07 20:17:40,C001229,A0001229,M00111,T01015,Midwest,Midwest,36.89,USD,ecommerce,chip_pin,approved,APPROVE,28.61,1.2894092974484446,0,0,0,1,0,0,0,1,35,9,3,18,terminal_customer_network_burst,0.18,0.011471514383869029,0.18
X000047868,2026-01-07 20:17:53,C000404,A0000404,M00513,T00695,Midwest,Midwest,187.31,USD,ecommerce,chip_pin,approved,APPROVE,227.96,0.8216792419722758,0,0,0,1,0,0,0,9,26,5,12,25,customer_velocity,0.25,0.011040370229583606,0.25
X000044263,2026-01-07 20:18:38,C000376,A0000376,M00265,T01076,West,West,165.84,USD,card_present,wallet_biometric,approved,APPROVE,189.71,0.8741763744662906,0,0,0,0,0,0,0,5,23,4,13,25,customer_velocity,0.25,0.005715514349913949,0.25
X000109111,2026-01-07 20:19:33,C000914,A0000914,M00745,T00823,Northeast,Northeast,183.15,USD,ecommerce,3ds,approved,APPROVE,132.97,1.377378356020155,0,0,0,1,0,0,0,5,46,7,6,25,customer_velocity,0.25,0.01398855610359672,0.25
X000016349,2026-01-07 20:19:40,C000138,A0000138,M00372,T00192,South,South,17.8,USD,card_present,chip_pin,approved,APPROVE,46.62,0.38181038181038185,0,0,0,0,0,0,0,1,48,14,2,18,terminal_customer_network_burst,0.18,0.014482132467050941,0.18
X000055102,2026-01-07 20:19:46,C000466,A0000466,M00638,T01099,Northeast,Northeast,19.23,USD,ecommerce,wallet_biometric,approved,APPROVE,39.01,0.4929505255062805,0,0,0,1,0,0,0,0,31,6,2,0,,0.0,0.005301518363101114,0.005301518363101114
X000167713,2026-01-07 20:19:53,C001386,A0001386,M00281,T01194,West,West,29.6,USD,ecommerce,wallet_biometric,approved,APPROVE,22.1,1.339366515837104,0,0,0,1,0,0,0,1,12,7,2,0,,0.0,0.009007062128241141,0.009007062128241141
X000046976,2026-01-07 20:20:27,C000395,A0000395,M00338,T00600,Northeast,Northeast,20.62,USD,card_present,chip_pin,approved,APPROVE,33.86,0.6089781453041938,0,0,0,0,0,0,0,2,40,7,2,0,,0.0,0.007669967874142854,0.007669967874142854
X000153281,2026-01-07 20:21:18,C001260,A0001260,M00087,T00078,South,South,32.34,USD,card_present,chip_pin,approved,APPROVE,54.93,0.5887493173129438,0,0,0,0,0,0,0,1,56,10,3,18,terminal_customer_network_burst,0.18,0.009724055400917876,0.18
X000156925,2026-01-07 20:21:27,C001291,A0001291,M00007,T00196,South,South,372.06,USD,card_present,chip_pin,approved,APPROVE,200.77,1.8531653135428598,0,0,0,0,0,0,0,0,28,8,5,18,terminal_customer_network_burst,0.18,0.009951700298309548,0.18
X000166951,2026-01-07 20:21:27,C001379,A0001379,M00282,T00583,South,South,43.43,USD,ecommerce,chip_pin,approved,APPROVE,44.46,0.9768331084120557,0,0,0,1,0,0,0,0,65,12,5,18,terminal_customer_network_burst,0.18,0.012960335992508756,0.18
X000152110,2026-01-07 20:21:30,C001251,A0001251,M00377,T00663,Midwest,Midwest,83.26,USD,ecommerce,3ds,approved,APPROVE,65.21,1.2767980371108727,0,0,0,1,0,0,0,0,17,7,2,0,,0.0,0.007912490511674372,0.007912490511674372
X000015723,2026-01-07 20:22:24,C000134,A0000134,M00533,T01021,Northeast,Northeast,24.79,USD,card_present,3ds,approved,APPROVE,29.05,0.8533562822719448,0,0,0,0,0,0,0,3,20,6,5,0,,0.0,0.007296533150046187,0.007296533150046187
X000046695,2026-01-07 20:22:28,C000393,A0000393,M00547,T00162,West,Northeast,481.59,USD,mobile_wallet,chip_pin,approved,APPROVE,236.28,2.0382173692229557,0,0,0,0,0,1,1,2,12,4,0,27,new_customer_terminal_pair;home_region_mismatch,0.27,0.13637249909354648,0.27
X000207001,2026-01-07 20:23:15,C001689,A0001689,M00282,T00583,South,South,430.07,USD,mobile_wallet,chip_pin,approved,APPROVE,82.33,5.223733754403012,0,0,0,0,0,1,0,3,66,12,6,48,amount_vs_profile;terminal_customer_network_burst,0.48,0.12830740745806996,0.48
X000024275,2026-01-07 20:23:47,C000205,A0000205,M00736,T00065,South,South,33.94,USD,ecommerce,chip_pin,approved,APPROVE,29.25,1.1603418803418803,0,0,0,1,0,0,0,1,36,13,5,18,terminal_customer_network_burst,0.18,0.01637099899994102,0.18
X000041137,2026-01-07 20:24:11,C000349,A0000349,M00513,T00308,Midwest,Midwest,172.32,USD,card_present,chip_pin,approved,APPROVE,285.86,0.6028125655915483,0,0,0,0,0,0,0,8,22,3,12,25,customer_velocity,0.25,0.006661780248714425,0.25
X000145749,2026-01-07 20:24:20,C001201,A0001201,M00231,T00811,South,South,62.25,USD,ecommerce,3ds,approved,APPROVE,63.85,0.9749412685982772,0,0,0,1,0,0,0,2,29,10,4,18,terminal_customer_network_burst,0.18,0.012177869653938038,0.18
X000232148,2026-01-07 20:25:01,C001894,A0001894,M00758,T00582,Northeast,Northeast,309.27,USD,ecommerce,chip_pin,approved,APPROVE,590.99,0.5233083470109476,0,0,0,1,0,0,0,6,58,9,17,43,customer_velocity;terminal_customer_network_burst,0.43,0.010198780880505158,0.43
X000061151,2026-01-07 20:25:06,C000521,A0000521,M00185,T00490,South,West,64.36,USD,card_present,chip_pin,approved,APPROVE,43.88,1.4667274384685505,0,0,0,0,0,0,1,1,19,4,0,27,new_customer_terminal_pair;home_region_mismatch,0.27,0.06974523652932714,0.27
X000138550,2026-01-07 20:25:09,C001141,A0001141,M00453,T00940,South,South,48.35,USD,ecommerce,3ds,approved,APPROVE,44.06,1.0973672265093055,0,0,0,1,0,0,0,3,56,12,4,18,terminal_customer_network_burst,0.18,0.01945052795840338,0.18
X000108888,2026-01-07 20:25:22,C000913,A0000913,M00386,T00008,Northeast,Northeast,327.36,USD,card_present,magstripe,approved,APPROVE,132.83,2.4645035007151996,0,0,0,0,1,0,0,4,30,7,11,0,,0.0,0.03198941180489356,0.03198941180489356
X000095606,2026-01-07 20:25:29,C000799,A0000799,M00015,T00330,South,South,45.46,USD,card_present,chip_pin,approved,APPROVE,51.04,0.8906739811912227,0,0,0,0,0,0,0,1,52,16,6,18,terminal_customer_network_burst,0.18,0.01995348295359239,0.18
X000016996,2026-01-07 20:25:31,C000145,A0000145,M00365,T00733,South,South,28.34,USD,card_present,chip_pin,approved,APPROVE,55.71,0.5087057978818883,0,0,0,0,0,0,0,1,39,13,0,33,new_customer_terminal_pair;terminal_customer_network_burst,0.33,0.014125513751093112,0.33
X000074399,2026-01-07 20:25:58,C000629,A0000629,M00604,T01134,Northeast,Northeast,50.67,USD,ecommerce,magstripe,approved,APPROVE,118.88,0.42622812920592196,0,0,0,1,1,0,0,4,56,11,8,18,terminal_customer_network_burst,0.18,0.027970792548662332,0.18
X000140166,2026-01-07 20:26:03,C001155,A0001155,M00147,T00338,South,South,509.85,USD,card_present,chip_pin,approved,APPROVE,293.03,1.7399242398389245,0,0,0,0,0,0,0,4,51,8,13,18,terminal_customer_network_burst,0.18,0.012431319453496473,0.18
X000055445,2026-01-07 20:26:23,C000470,A0000470,M00670,T00842,Northeast,Northeast,107.79,USD,card_present,3ds,approved,APPROVE,81.02,1.3304122438903976,0,0,0,0,0,0,0,2,23,7,4,0,,0.0,0.009221902226719576,0.009221902226719576
X000203033,2026-01-07 20:26:23,C001663,A0001663,M00074,T01036,South,South,31.76,USD,ecommerce,3ds,approved,APPROVE,36.68,0.865866957470011,0,0,0,1,0,0,0,2,70,11,5,18,terminal_customer_network_burst,0.18,0.01408898382853225,0.18
X000064811,2026-01-07 20:26:26,C000550,A0000550,M00378,T01130,South,South,77.39,USD,ecommerce,3ds,approved,APPROVE,79.69,0.9711381603714394,0,0,0,1,0,0,0,2,44,10,2,18,terminal_customer_network_burst,0.18,0.01347081432674527,0.18
X000237882,2026-01-07 20:26:35,C001941,A0001941,M00077,T00530,South,South,127.41,USD,ecommerce,3ds,approved,APPROVE,77.96,1.6342996408414572,0,0,0,1,0,0,0,0,38,7,0,15,new_customer_terminal_pair,0.15,0.010292018039194956,0.15
X000234134,2026-01-07 20:27:49,C001909,A0001909,M00670,T00842,Northeast,Northeast,19.31,USD,mobile_wallet,magstripe,approved,APPROVE,46.09,0.41896289867650244,0,0,0,0,1,1,0,3,24,7,6,0,,0.0,0.02177262250039244,0.02177262250039244
X000050547,2026-01-07 20:28:30,C000424,A0000424,M00484,T00090,South,South,53.88,USD,ecommerce,3ds,approved,APPROVE,51.58,1.0445909267157814,0,0,0,1,0,0,0,0,22,3,0,15,new_customer_terminal_pair,0.15,0.004849091131473557,0.15
X000041138,2026-01-07 20:28:53,C000349,A0000349,M00352,T00215,Midwest,Midwest,348.02,USD,ecommerce,3ds,approved,APPROVE,285.86,1.217449100958511,0,0,0,1,0,0,0,9,33,7,15,25,customer_velocity,0.25,0.015142663475829238,0.25
X000035415,2026-01-07 20:28:54,C000300,A0000300,M00709,T00393,Northeast,Northeast,41.1,USD,ecommerce,3ds,approved,APPROVE,48.83,0.8416956788859309,0,0,0,1,0,0,0,2,15,6,3,0,,0.0,0.007176399216703799,0.007176399216703799
X000236670,2026-01-07 20:29:04,C001930,A0001930,M00378,T00730,South,South,19.62,USD,card_present,wallet_biometric,approved,APPROVE,32.14,0.6104542626011201,0,0,0,0,0,0,0,2,24,6,4,0,,0.0,0.006135902265740322,0.006135902265740322
X000133117,2026-01-07 20:29:50,C001098,A0001098,M00211,T00509,Midwest,Midwest,32.0,USD,mobile_wallet,3ds,approved,APPROVE,53.75,0.5953488372093023,0,0,0,0,0,1,0,7,48,9,7,43,customer_velocity;terminal_customer_network_burst,0.43,0.022513193910846104,0.43
X000027641,2026-01-07 20:30:34,C000238,A0000238,M00080,T00226,West,Midwest,99.81,USD,card_present,3ds,approved,APPROVE,57.91,1.7235365221896046,0,0,0,0,0,0,1,3,4,2,0,27,new_customer_terminal_pair;home_region_mismatch,0.27,0.07403603739617036,0.27
X000133432,2026-01-07 20:30:43,C001100,A0001100,M00380,T01026,Midwest,Midwest,38.79,USD,ecommerce,3ds,approved,APPROVE,33.78,1.1483126110124333,0,0,0,1,0,0,0,6,22,9,7,43,customer_velocity;terminal_customer_network_burst,0.43,0.016502844956391698,0.43
X000003492,2026-01-07 20:31:27,C000031,A0000031,M00353,T00378,Midwest,Midwest,98.17,USD,card_present,chip_pin,approved,APPROVE,124.2,0.7904186795491144,0,0,0,0,0,0,0,0,38,5,7,0,,0.0,0.00436258472528763,0.00436258472528763
X000186958,2026-01-07 20:32:36,C001538,A0001538,M00342,T00483,Midwest,Midwest,23.28,USD,card_present,chip_pin,approved,APPROVE,53.88,0.43207126948775054,0,0,0,0,0,0,0,3,57,10,5,18,terminal_customer_network_burst,0.18,0.010837644971127911,0.18
X000024387,2026-01-07 20:33:03,C000206,A0000206,M00709,T00393,Northeast,Northeast,172.76,USD,ecommerce,chip_pin,approved,APPROVE,114.32,1.5111966410076978,0,0,0,1,0,0,0,1,16,6,4,0,,0.0,0.00812893701827533,0.00812893701827533
X000187206,2026-01-07 20:33:40,C001540,A0001540,M00413,T00003,West,West,76.34,USD,ecommerce,3ds,approved,APPROVE,48.39,1.5775986774126887,0,0,0,1,0,0,0,0,11,4,2,0,,0.0,0.006176458762001937,0.006176458762001937
X000205334,2026-01-07 20:34:00,C001678,A0001678,M00108,T00481,Midwest,Midwest,169.81,USD,card_present,wallet_biometric,approved,APPROVE,74.52,2.2787171229200216,0,0,0,0,0,0,0,3,43,11,11,18,terminal_customer_network_burst,0.18,0.020399224537708257,0.18
X000052143,2026-01-07 20:34:44,C000441,A0000441,M00023,T00720,Midwest,Midwest,99.3,USD,card_present,wallet_biometric,approved,APPROVE,94.35,1.0524642289348172,0,0,0,0,0,0,0,3,48,9,12,18,terminal_customer_network_burst,0.18,0.00965865826289992,0.18
X000203034,2026-01-07 20:34:57,C001663,A0001663,M00074,T01036,South,South,46.9,USD,card_present,3ds,approved,APPROVE,36.68,1.2786259541984732,0,0,0,0,0,0,0,3,71,11,6,18,terminal_customer_network_burst,0.18,0.01720209946644953,0.18
X000155679,2026-01-07 20:34:59,C001282,A0001282,M00412,T00974,Northeast,Northeast,218.5,USD,card_present,3ds,approved,APPROVE,101.36,2.15568271507498,0,0,0,0,0,0,0,3,32,5,4,0,,0.0,0.011700258495263564,0.011700258495263564
X000113690,2026-01-07 20:36:04,C000947,A0000947,M00693,T01048,South,South,48.26,USD,ecommerce,wallet_biometric,approved,APPROVE,64.03,0.7537091988130563,0,0,0,1,0,0,0,3,34,9,9,18,terminal_customer_network_burst,0.18,0.009594565481461995,0.18
X000084885,2026-01-07 20:36:05,C000710,A0000710,M00400,T00360,West,West,85.97,USD,card_present,chip_pin,approved,APPROVE,85.75,1.0025655976676384,0,0,0,0,0,0,0,4,12,4,8,0,,0.0,0.006119234643105148,0.006119234643105148
X000216161,2026-01-07 20:36:14,C001766,A0001766,M00673,T01116,West,West,39.96,USD,ecommerce,wallet_biometric,approved,APPROVE,30.82,1.2965606748864373,0,0,0,1,0,0,0,2,4,3,1,0,,0.0,0.00627980997465027,0.00627980997465027
X000095607,2026-01-07 20:36:24,C000799,A0000799,M00712,T00650,South,South,54.7,USD,card_present,wallet_biometric,approved,APPROVE,51.04,1.0717084639498433,0,0,0,0,0,0,0,2,31,11,6,18,terminal_customer_network_burst,0.18,0.01272735915969064,0.18
X000243481,2026-01-07 20:37:06,C001987,A0001987,M00484,T00728,South,South,260.21,USD,card_present,chip_pin,approved,APPROVE,186.83,1.3927634748166782,0,0,0,0,0,0,0,8,51,11,12,43,customer_velocity;terminal_customer_network_burst,0.43,0.025198850683945204,0.43
X000218547,2026-01-07 20:37:48,C001786,A0001786,M00048,T00107,Northeast,Northeast,15.29,USD,card_present,3ds,approved,APPROVE,19.86,0.769889224572004,0,0,0,0,0,0,0,2,35,8,3,18,terminal_customer_network_burst,0.18,0.008806014480779275,0.18
X000075656,2026-01-07 20:38:04,C000636,A0000636,M00778,T01132,South,South,13.87,USD,ecommerce,chip_pin,approved,APPROVE,39.78,0.34866767219708394,0,0,0,1,0,0,0,1,31,8,1,18,terminal_customer_network_burst,0.18,0.007355267626938691,0.18
X000151638,2026-01-07 20:38:21,C001246,A0001246,M00616,T01002,West,West,15.84,USD,card_present,3ds,approved,APPROVE,34.47,0.4595300261096606,0,0,0,0,0,0,0,3,16,4,4,0,,0.0,0.005018200537568225,0.005018200537568225
X000235089,2026-01-07 20:38:21,C001917,A0001917,M00677,T00293,South,Northeast,342.77,USD,card_present,3ds,approved,APPROVE,143.14,2.394648595780355,0,0,0,0,0,0,1,4,18,6,0,27,new_customer_terminal_pair;home_region_mismatch,0.27,0.16491395896241817,0.27
X000043513,2026-01-07 20:39:13,C000369,A0000369,M00012,T00789,West,West,87.76,USD,ecommerce,chip_pin,approved,APPROVE,83.11,1.055949945854891,0,0,0,1,0,0,0,3,14,4,4,0,,0.0,0.006711421460704957,0.006711421460704957
X000040840,2026-01-07 20:39:17,C000347,A0000347,M00387,T00438,Northeast,Northeast,223.56,USD,mobile_wallet,chip_pin,approved,APPROVE,153.65,1.4549951187764398,0,0,0,0,0,1,0,1,3,1,3,0,,0.0,0.006271598228928076,0.006271598228928076
X000182171,2026-01-07 20:39:58,C001500,A0001500,M00788,T00018,South,South,112.24,USD,mobile_wallet,chip_pin,approved,APPROVE,130.54,0.8598130841121495,0,0,0,0,0,1,0,7,49,11,13,43,customer_velocity;terminal_customer_network_burst,0.43,0.026148291629376364,0.43
X000001029,2026-01-07 20:40:16,C000011,A0000011,M00015,T00330,South,South,107.67,USD,mobile_wallet,3ds,approved,APPROVE,85.4,1.2607728337236532,0,0,0,0,0,1,0,0,53,16,2,18,terminal_customer_network_burst,0.18,0.034995665328465854,0.18
X000203164,2026-01-07 20:40:35,C001664,A0001664,M00453,T00940,South,South,119.7,USD,card_present,chip_pin,approved,APPROVE,245.36,0.48785458102380175,0,0,0,0,0,0,0,3,57,12,12,18,terminal_customer_network_burst,0.18,0.011197630423724531,0.18
X000009475,2026-01-07 20:40:58,C000087,A0000087,M00768,T00457,South,South,337.72,USD,card_present,chip_pin,approved,APPROVE,68.99,4.895202203217859,0,0,0,0,0,0,0,4,42,14,6,48,amount_vs_profile;terminal_customer_network_burst,0.48,0.102689416686497,0.48
X000011071,2026-01-07 20:41:10,C000100,A0000100,M00697,T00612,West,West,127.04,USD,card_present,chip_pin,approved,APPROVE,102.67,1.237362423297945,0,0,0,0,0,0,0,3,16,3,6,0,,0.0,0.005732574737909207,0.005732574737909207
X000105190,2026-01-07 20:41:15,C000885,A0000885,M00222,T00844,South,South,147.75,USD,card_present,wallet_biometric,approved,APPROVE,100.49,1.4702955517961986,0,0,0,0,0,0,0,1,30,9,4,18,terminal_customer_network_burst,0.18,0.01118656366329621,0.18
X000190623,2026-01-07 20:41:15,C001566,A0001566,M00148,T01086,South,Midwest,80.23,USD,card_present,wallet_biometric,approved,APPROVE,151.95,0.5280026324448832,0,0,0,0,0,0,1,0,49,7,0,27,new_customer_terminal_pair;home_region_mismatch,0.27,0.06550594168135604,0.27
X000093728,2026-01-07 20:41:16,C000786,A0000786,M00615,T00560,Midwest,Midwest,136.55,USD,card_present,magstripe,approved,APPROVE,167.98,0.8128943921895465,0,0,0,0,1,0,0,4,32,9,8,18,terminal_customer_network_burst,0.18,0.023111960289384788,0.18
X000057336,2026-01-07 20:41:24,C000485,A0000485,M00459,T00795,Northeast,Northeast,46.39,USD,ecommerce,3ds,approved,APPROVE,54.45,0.8519742883379247,0,0,0,1,0,0,0,2,43,7,5,0,,0.0,0.008167727374090893,0.008167727374090893
X000211341,2026-01-07 20:41:28,C001724,A0001724,M00309,T01011,Northeast,Northeast,87.39,USD,card_present,3ds,approved,APPROVE,61.45,1.4221318144833197,0,0,0,0,0,0,0,1,29,7,3,0,,0.0,0.008929405513479491,0.008929405513479491
X000009476,2026-01-07 20:41:41,C000087,A0000087,M00768,T00457,South,South,189.79,USD,card_present,chip_pin,soft_decline,CHALLENGE,68.99,2.7509784026670534,0,0,1,0,0,0,0,5,43,14,7,51,customer_velocity;terminal_customer_network_burst;authentication_soft_decline,0.51,0.19832745015292172,0.51
X000136612,2026-01-07 20:41:50,C001124,A0001124,M00030,T00879,West,West,33.74,USD,mobile_wallet,magstripe,approved,APPROVE,39.79,0.8479517466700177,0,0,0,0,1,1,0,4,16,6,3,0,,0.0,0.02781865740536225,0.02781865740536225
X000120570,2026-01-07 20:42:24,C001002,A0001002,M00271,T00851,Northeast,Northeast,222.53,USD,mobile_wallet,3ds,approved,APPROVE,121.99,1.824165915238954,0,0,0,0,0,1,0,3,34,8,6,18,terminal_customer_network_burst,0.18,0.02056396499113537,0.18
X000157140,2026-01-07 20:42:40,C001293,A0001293,M00406,T00668,South,South,56.95,USD,mobile_wallet,3ds,approved,APPROVE,103.07,0.552537110701465,0,0,0,0,0,1,0,3,36,8,11,18,terminal_customer_network_burst,0.18,0.01055596388037354,0.18
X000190624,2026-01-07 20:42:54,C001566,A0001566,M00797,T00997,South,South,193.22,USD,ecommerce,chip_pin,approved,APPROVE,151.95,1.271602500822639,0,0,0,1,0,0,0,1,31,10,1,18,terminal_customer_network_burst,0.18,0.013520244593180051,0.18
X000150011,2026-01-07 20:42:58,C001236,A0001236,M00232,T00156,West,West,45.42,USD,card_present,wallet_biometric,approved,APPROVE,94.07,0.4828319336664187,0,0,0,0,0,0,0,6,24,3,21,25,customer_velocity,0.25,0.0037686106035113697,0.25
X000215024,2026-01-07 20:43:10,C001756,A0001756,M00786,T00776,Northeast,Northeast,26.08,USD,card_present,chip_pin,approved,APPROVE,74.2,0.35148247978436653,0,0,0,0,0,0,0,3,16,6,4,0,,0.0,0.006084583575686194,0.006084583575686194
X000182436,2026-01-07 20:43:54,C001501,A0001501,M00412,T00928,Northeast,Northeast,52.44,USD,card_present,3ds,approved,APPROVE,47.12,1.1129032258064517,0,0,0,0,0,0,0,4,49,10,8,18,terminal_customer_network_burst,0.18,0.014261008059968596,0.18
X000242967,2026-01-07 20:45:48,C001982,A0001982,M00601,T00769,South,South,60.76,USD,card_present,chip_pin,approved,APPROVE,37.95,1.6010540184453226,0,0,0,0,0,0,0,3,50,15,2,18,terminal_customer_network_burst,0.18,0.03350616570121293,0.18
X000235442,2026-01-07 20:46:09,C001919,A0001919,M00488,T00046,Northeast,Northeast,62.16,USD,card_present,chip_pin,approved,APPROVE,41.19,1.5091041514930807,0,0,0,0,0,0,0,1,15,6,3,0,,0.0,0.007931141726951132,0.007931141726951132
X000067288,2026-01-07 20:46:25,C000571,A0000571,M00608,T00219,South,South,112.06,USD,card_present,chip_pin,approved,APPROVE,119.82,0.9352361876147556,0,0,0,0,0,0,0,5,62,15,6,43,customer_velocity;terminal_customer_network_burst,0.43,0.029395688465168924,0.43
X000123754,2026-01-07 20:46:34,C001024,A0001024,M00119,T00895,South,South,44.21,USD,mobile_wallet,chip_pin,approved,APPROVE,26.09,1.6945189727865082,0,0,0,0,0,1,0,2,49,12,4,18,terminal_customer_network_burst,0.18,0.030624788548874134,0.18
X000223397,2026-01-07 20:46:43,C001821,A0001821,M00257,T00772,South,South,79.44,USD,card_present,3ds,approved,APPROVE,61.57,1.2902387526392722,0,0,0,0,0,0,0,0,61,11,1,18,terminal_customer_network_burst,0.18,0.013954891002607469,0.18
X000129316,2026-01-07 20:47:01,C001064,A0001064,M00758,T00582,Northeast,Northeast,155.75,USD,mobile_wallet,chip_pin,approved,APPROVE,157.04,0.9917855323484464,0,0,0,0,0,1,0,3,59,9,6,18,terminal_customer_network_burst,0.18,0.01763563066305901,0.18
X000226143,2026-01-07 20:47:08,C001843,A0001843,M00205,T00154,South,South,96.95,USD,ecommerce,chip_pin,approved,APPROVE,73.75,1.3145762711864408,0,0,0,1,0,0,0,6,19,6,7,25,customer_velocity,0.25,0.012318566479491236,0.25
X000072039,2026-01-07 20:47:56,C000610,A0000610,M00562,T01175,West,West,156.01,USD,ecommerce,3ds,approved,APPROVE,97.14,1.60603253036854,0,0,0,1,0,0,0,7,30,5,11,25,customer_velocity,0.25,0.012520357619914435,0.25
X000176721,2026-01-07 20:48:10,C001457,A0001457,M00435,T00513,Midwest,Midwest,19.63,USD,ecommerce,magstripe,approved,APPROVE,23.47,0.8363868768640818,0,0,0,1,1,0,0,0,20,5,7,0,,0.0,0.009690921634858782,0.009690921634858782
X000019086,2026-01-07 20:49:37,C000165,A0000165,M00800,T00613,West,West,64.73,USD,mobile_wallet,3ds,approved,APPROVE,43.52,1.4873621323529411,0,0,0,0,0,1,0,3,22,6,4,0,,0.0,0.014703040028161809,0.014703040028161809
X000015194,2026-01-07 20:49:57,C000129,A0000129,M00374,T00569,South,South,83.85,USD,card_present,3ds,approved,APPROVE,56.77,1.4770125066056015,0,0,0,0,0,0,0,0,28,11,0,33,new_customer_terminal_pair;terminal_customer_network_burst,0.33,0.014283985906599551,0.33
X000091294,2026-01-07 20:50:14,C000766,A0000766,M00642,T00253,Midwest,Midwest,47.22,USD,mobile_wallet,3ds,approved,APPROVE,57.94,0.8149810148429409,0,0,0,0,0,1,0,0,20,8,4,18,terminal_customer_network_burst,0.18,0.009942826621940138,0.18
X000146639,2026-01-07 20:50:21,C001210,A0001210,M00789,T00268,Midwest,Midwest,229.84,USD,ecommerce,chip_pin,approved,APPROVE,138.79,1.6560270912889978,0,0,0,1,0,0,0,6,23,6,14,25,customer_velocity,0.25,0.011406808882707765,0.25
X000186562,2026-01-07 20:52:37,C001534,A0001534,M00386,T00008,Northeast,Northeast,385.63,USD,card_present,chip_pin,approved,APPROVE,208.41,1.8503430737488604,0,0,0,0,0,0,0,4,31,7,5,0,,0.0,0.01419853143093891,0.01419853143093891
X000067538,2026-01-07 20:52:41,C000572,A0000572,M00283,T01004,Northeast,Northeast,41.25,USD,card_present,chip_pin,approved,APPROVE,49.96,0.8256605284227382,0,0,0,0,0,0,0,1,26,6,4,0,,0.0,0.005985783706414428,0.005985783706414428
X000067018,2026-01-07 20:52:57,C000569,A0000569,M00520,T00143,Midwest,Midwest,26.64,USD,card_present,chip_pin,approved,APPROVE,109.96,0.2422699163332121,0,0,0,0,0,0,0,2,13,4,4,0,,0.0,0.004053227182649188,0.004053227182649188
X000099180,2026-01-07 20:54:06,C000832,A0000832,M00639,T00245,Midwest,Midwest,16.23,USD,mobile_wallet,wallet_biometric,approved,APPROVE,28.61,0.5672841663753933,0,0,0,0,0,1,0,0,16,6,0,15,new_customer_terminal_pair,0.15,0.008000185079184152,0.15
X000090710,2026-01-07 20:55:05,C000760,A0000760,M00569,T00983,South,South,24.61,USD,ecommerce,wallet_biometric,approved,APPROVE,41.22,0.5970402717127608,0,0,0,1,0,0,0,1,30,7,4,0,,0.0,0.006544417182087677,0.006544417182087677
X000077719,2026-01-07 20:55:25,C000654,A0000654,M00736,T00065,South,South,58.89,USD,card_present,wallet_biometric,approved,APPROVE,57.79,1.0190344350233604,0,0,0,0,0,0,0,2,37,13,2,18,terminal_customer_network_burst,0.18,0.018177446432154083,0.18
X000193630,2026-01-07 20:55:28,C001592,A0001592,M00736,T00065,South,South,163.8,USD,card_present,chip_pin,approved,APPROVE,183.44,0.8929350196249456,0,0,0,0,0,0,0,2,38,13,3,18,terminal_customer_network_burst,0.18,0.01677922814601687,0.18
X000151639,2026-01-07 20:55:29,C001246,A0001246,M00118,T00907,West,West,43.39,USD,mobile_wallet,magstripe,approved,APPROVE,34.47,1.2587757470263998,0,0,0,0,1,1,0,4,24,6,3,0,,0.0,0.03339683502366936,0.03339683502366936
X000046454,2026-01-07 20:55:54,C000390,A0000390,M00477,T00694,West,West,26.14,USD,ecommerce,chip_pin,approved,APPROVE,23.8,1.0983193277310925,0,0,0,1,0,0,0,0,31,7,5,0,,0.0,0.006924661366311421,0.006924661366311421
X000079441,2026-01-07 20:56:01,C000669,A0000669,M00416,T00451,West,West,43.82,USD,card_present,3ds,approved,APPROVE,24.18,1.8122415219189414,0,0,0,0,0,0,0,2,14,5,4,0,,0.0,0.00865280089521283,0.00865280089521283
X000191851,2026-01-07 20:56:13,C001574,A0001574,M00598,T00688,West,West,44.11,USD,card_present,wallet_biometric,approved,APPROVE,131.58,0.3352333181334549,0,0,0,0,0,0,0,0,19,7,5,0,,0.0,0.004667751424664342,0.004667751424664342
X000105778,2026-01-07 20:56:21,C000889,A0000889,M00685,T00672,Northeast,Northeast,83.93,USD,card_present,magstripe,approved,APPROVE,134.65,0.6233197177868548,0,0,0,0,1,0,0,5,38,7,11,25,customer_velocity,0.25,0.017576690791664178,0.25
X000040183,2026-01-07 20:56:26,C000341,A0000341,M00712,T00064,South,South,111.81,USD,mobile_wallet,3ds,approved,APPROVE,147.38,0.7586511059845298,0,0,0,0,0,1,0,0,46,14,4,18,terminal_customer_network_burst,0.18,0.020977819111616884,0.18
X000086095,2026-01-07 20:57:00,C000722,A0000722,M00173,T01167,South,South,28.79,USD,ecommerce,chip_pin,approved,APPROVE,67.09,0.4291250558950663,0,0,0,1,0,0,0,0,36,7,0,15,new_customer_terminal_pair,0.15,0.006282913599096646,0.15
X000022531,2026-01-07 20:57:07,C000195,A0000195,M00260,T00534,West,West,101.4,USD,ecommerce,chip_pin,approved,APPROVE,82.17,1.2340270171595473,0,0,0,1,0,0,0,1,5,2,3,0,,0.0,0.004545344265808272,0.004545344265808272
X000175957,2026-01-07 20:57:09,C001450,A0001450,M00281,T01053,West,West,68.1,USD,ecommerce,3ds,approved,APPROVE,119.11,0.5717404080261942,0,0,0,1,0,0,0,2,11,7,5,0,,0.0,0.006716339826760348,0.006716339826760348
X000021336,2026-01-07 20:57:25,C000186,A0000186,M00442,T00105,West,West,199.1,USD,mobile_wallet,3ds,approved,APPROVE,223.8,0.889633601429848,0,0,0,0,0,1,0,6,34,7,17,25,customer_velocity,0.25,0.012518753066644524,0.25
X000110292,2026-01-07 20:57:55,C000922,A0000922,M00261,T00549,South,Northeast,406.21,USD,mobile_wallet,3ds,approved,APPROVE,230.67,1.761000563575671,0,0,0,0,0,1,1,2,8,4,0,27,new_customer_terminal_pair;home_region_mismatch,0.27,0.12245937050738225,0.27
X000206619,2026-01-07 20:57:59,C001687,A0001687,M00745,T00823,Northeast,Northeast,138.72,USD,card_present,chip_pin,approved,APPROVE,226.33,0.6129103521406795,0,0,0,0,0,0,0,9,47,7,11,25,customer_velocity,0.25,0.013259778711021396,0.25
X000077720,2026-01-07 20:58:02,C000654,A0000654,M00398,T00528,South,South,94.44,USD,ecommerce,3ds,approved,APPROVE,57.79,1.6341927669146912,0,0,0,1,0,0,0,3,31,7,4,0,,0.0,0.012614611328034622,0.012614611328034622
X000185371,2026-01-07 20:58:17,C001525,A0001525,M00649,T00134,Midwest,Midwest,265.87,USD,card_present,chip_pin,approved,APPROVE,133.44,1.9924310551558753,0,0,0,0,0,0,0,2,26,7,8,0,,0.0,0.010678737143524134,0.010678737143524134
X000212049,2026-01-07 20:58:39,C001730,A0001730,M00021,T00406,South,South,101.35,USD,card_present,3ds,approved,APPROVE,65.58,1.5454406831351022,0,0,0,0,0,0,0,3,28,7,3,0,,0.0,0.011825418520672471,0.011825418520672471
X000112917,2026-01-07 20:58:47,C000944,A0000944,M00450,T00640,Northeast,Northeast,238.4,USD,card_present,wallet_biometric,approved,APPROVE,227.5,1.047912087912088,0,0,0,0,0,0,0,6,56,6,11,25,customer_velocity,0.25,0.010133765199431117,0.25
X000226060,2026-01-07 20:59:10,C001842,A0001842,M00352,T01169,Midwest,Midwest,52.05,USD,card_present,wallet_biometric,soft_decline,CHALLENGE,46.36,1.122735116479724,0,0,1,0,0,0,0,0,22,3,3,8,authentication_soft_decline,0.08,0.020139500563562267,0.08
X000183840,2026-01-07 20:59:17,C001514,A0001514,M00790,T00112,Northeast,Northeast,25.3,USD,card_present,magstripe,approved,APPROVE,32.58,0.7765500306936771,0,0,0,0,1,0,0,0,30,9,2,18,terminal_customer_network_burst,0.18,0.017276936606203174,0.18
X000103371,2026-01-07 20:59:32,C000870,A0000870,M00270,T00562,Midwest,South,93.58,USD,card_present,chip_pin,approved,APPROVE,49.0,1.909795918367347,0,0,0,0,0,0,1,1,36,6,0,27,new_customer_terminal_pair;home_region_mismatch,0.27,0.1064253230377429,0.27
X000175115,2026-01-07 21:00:19,C001442,A0001442,M00185,T00296,West,West,90.55,USD,card_present,chip_pin,approved,APPROVE,79.02,1.1459124272336119,0,0,0,0,0,0,0,4,8,3,6,0,,0.0,0.006084876977639611,0.006084876977639611
X000221207,2026-01-07 21:00:27,C001804,A0001804,M00154,T01001,South,South,165.5,USD,card_present,chip_pin,approved,APPROVE,206.37,0.8019576488830741,0,0,0,0,0,0,0,5,44,10,11,43,customer_velocity;terminal_customer_network_burst,0.43,0.012674955509953125,0.43
X000222847,2026-01-07 21:01:59,C001816,A0001816,M00336,T00988,West,West,69.27,USD,ecommerce,chip_pin,approved,APPROVE,94.91,0.7298493309451058,0,0,0,1,0,0,0,1,13,6,1,0,,0.0,0.006473230019648553,0.006473230019648553
X000037298,2026-01-07 21:02:08,C000319,A0000319,M00184,T00927,South,South,72.27,USD,ecommerce,chip_pin,approved,APPROVE,48.86,1.4791240278346296,0,0,0,1,0,0,0,3,71,14,4,18,terminal_customer_network_burst,0.18,0.029666251758399775,0.18
X000226466,2026-01-07 21:02:19,C001845,A0001845,M00302,T00325,Northeast,Northeast,23.22,USD,ecommerce,chip_pin,approved,APPROVE,40.69,0.5706561808798231,0,0,0,1,0,0,0,2,21,5,7,0,,0.0,0.005096708107186961,0.005096708107186961
X000044264,2026-01-07 21:02:26,C000376,A0000376,M00787,T00660,West,South,151.41,USD,card_present,chip_pin,approved,APPROVE,189.71,0.798112909177165,0,0,0,0,0,0,1,6,19,7,0,52,customer_velocity;new_customer_terminal_pair;home_region_mismatch,0.52,0.12821136072262562,0.52
X000186144,2026-01-07 21:02:46,C001530,A0001530,M00002,T00850,Northeast,Northeast,29.94,USD,card_present,wallet_biometric,approved,APPROVE,44.61,0.6711499663752523,0,0,0,0,0,0,0,1,27,10,3,18,terminal_customer_network_burst,0.18,0.00933524346922392,0.18
X000164016,2026-01-07 21:03:47,C001352,A0001352,M00011,T01040,West,West,49.2,USD,card_present,chip_pin,approved,APPROVE,28.12,1.7496443812233287,0,0,0,0,0,0,0,1,14,4,0,15,new_customer_terminal_pair,0.15,0.007587515787538351,0.15
X000241239,2026-01-07 21:04:24,C001969,A0001969,M00038,T00874,South,South,25.42,USD,card_present,magstripe,approved,APPROVE,41.8,0.6081339712918661,0,0,0,0,1,0,0,0,82,15,3,18,terminal_customer_network_burst,0.18,0.035766217418643005,0.18
X000138983,2026-01-07 21:04:53,C001145,A0001145,M00203,T00186,Northeast,Northeast,44.55,USD,card_present,3ds,approved,APPROVE,35.44,1.2570541760722347,0,0,0,0,0,0,0,2,25,4,6,0,,0.0,0.005919169411741088,0.005919169411741088
X000000543,2026-01-07 21:04:54,C000007,A0000007,M00253,T00291,South,South,24.72,USD,ecommerce,chip_pin,approved,APPROVE,42.05,0.587871581450654,0,0,0,1,0,0,0,3,31,9,4,18,terminal_customer_network_burst,0.18,0.010458688695158529,0.18
X000224747,2026-01-07 21:04:56,C001833,A0001833,M00369,T00207,Northeast,Northeast,18.01,USD,ecommerce,wallet_biometric,approved,APPROVE,18.15,0.9922865013774106,0,0,0,1,0,0,0,2,37,10,6,18,terminal_customer_network_burst,0.18,0.011737174145780939,0.18
X000104054,2026-01-07 21:05:03,C000876,A0000876,M00255,T01045,West,West,40.19,USD,mobile_wallet,chip_pin,approved,APPROVE,29.33,1.3702693487896351,0,0,0,0,0,1,0,2,14,4,0,15,new_customer_terminal_pair,0.15,0.010995495906240648,0.15
X000152686,2026-01-07 21:05:07,C001256,A0001256,M00700,T00884,Northeast,Northeast,16.17,USD,card_present,magstripe,approved,APPROVE,54.39,0.2972972972972973,0,0,0,0,1,0,0,2,38,9,5,18,terminal_customer_network_burst,0.18,0.01666471093734753,0.18
X000071210,2026-01-07 21:06:28,C000605,A0000605,M00066,T00171,West,West,218.5,USD,card_present,chip_pin,approved,APPROVE,186.41,1.1721474169840673,0,0,0,0,0,0,0,2,23,5,9,0,,0.0,0.005811479614602005,0.005811479614602005
X000160341,2026-01-07 21:07:18,C001324,A0001324,M00003,T00787,South,South,38.62,USD,ecommerce,chip_pin,approved,APPROVE,44.34,0.870996842580063,0,0,0,1,0,0,0,3,49,11,5,18,terminal_customer_network_burst,0.18,0.015034242419822989,0.18
X000127450,2026-01-07 21:07:58,C001051,A0001051,M00231,T00176,South,South,27.8,USD,ecommerce,wallet_biometric,approved,APPROVE,56.17,0.4949261171443831,0,0,0,1,0,0,0,1,42,8,3,18,terminal_customer_network_burst,0.18,0.007525942458748477,0.18
X000065140,2026-01-07 21:08:23,C000552,A0000552,M00270,T00562,South,South,43.06,USD,card_present,3ds,approved,APPROVE,37.61,1.144908269077373,0,0,0,0,0,0,0,5,37,7,7,25,customer_velocity,0.25,0.011429219766614184,0.25
X000174428,2026-01-07 21:08:34,C001437,A0001437,M00130,T00939,South,South,55.86,USD,ecommerce,chip_pin,approved,APPROVE,41.33,1.3515606097265909,0,0,0,1,0,0,0,2,38,11,2,18,terminal_customer_network_burst,0.18,0.017382262516597267,0.18
X000018038,2026-01-07 21:08:50,C000154,A0000154,M00453,T00940,South,South,130.22,USD,ecommerce,3ds,approved,APPROVE,64.05,2.0330991412958626,0,0,0,1,0,0,0,3,58,12,3,18,terminal_customer_network_burst,0.18,0.029305722448500916,0.18
X000108794,2026-01-07 21:09:10,C000912,A0000912,M00515,T00300,Northeast,Northeast,25.85,USD,card_present,3ds,approved,APPROVE,30.26,0.8542630535360212,0,0,0,0,0,0,0,2,21,6,3,0,,0.0,0.006943032379134625,0.006943032379134625
X000128755,2026-01-07 21:09:33,C001060,A0001060,M00679,T00587,Northeast,Northeast,70.42,USD,ecommerce,wallet_biometric,approved,APPROVE,203.81,0.34551788430400865,0,0,0,1,0,0,0,3,37,9,4,18,terminal_customer_network_burst,0.18,0.009628615158949574,0.18
X000222678,2026-01-07 21:10:47,C001814,A0001814,M00675,T00834,Midwest,Midwest,22.22,USD,ecommerce,chip_pin,approved,APPROVE,50.89,0.43662802122224403,0,0,0,1,0,0,0,0,18,5,5,0,,0.0,0.004039689057560835,0.004039689057560835
X000203857,2026-01-07 21:11:25,C001667,A0001667,M00038,T00321,South,South,255.68,USD,card_present,wallet_biometric,approved,APPROVE,187.97,1.3602170559131777,0,0,0,0,0,0,0,7,34,7,20,25,customer_velocity,0.25,0.010286075714072598,0.25
X000193446,2026-01-07 21:11:43,C001589,A0001589,M00390,T00066,Northeast,Northeast,26.23,USD,card_present,magstripe,approved,APPROVE,71.67,0.36598297753592857,0,0,0,0,1,0,0,1,14,5,2,0,,0.0,0.009875158845404672,0.009875158845404672
X000018240,2026-01-07 21:12:17,C000156,A0000156,M00051,T00286,South,South,94.83,USD,card_present,chip_pin,approved,APPROVE,107.47,0.8823857820787196,0,0,0,0,0,0,0,2,47,11,5,18,terminal_customer_network_burst,0.18,0.012683126522889372,0.18
X000082443,2026-01-07 21:12:28,C000691,A0000691,M00050,T01119,Midwest,Midwest,34.61,USD,ecommerce,chip_pin,approved,APPROVE,39.53,0.8755375664052618,0,0,0,1,0,0,0,1,42,8,2,18,terminal_customer_network_burst,0.18,0.009068748796492797,0.18
X000202768,2026-01-07 21:12:32,C001660,A0001660,M00618,T00042,Northeast,Northeast,34.99,USD,card_present,3ds,approved,APPROVE,42.17,0.8297367797012094,0,0,0,0,0,0,0,2,33,5,4,0,,0.0,0.006098673130305631,0.006098673130305631
X000169215,2026-01-07 21:13:48,C001399,A0001399,M00639,T00245,Midwest,Midwest,46.4,USD,card_present,3ds,approved,APPROVE,96.42,0.48122796100394105,0,0,0,0,0,0,0,2,17,7,8,0,,0.0,0.005655522378585954,0.005655522378585954
X000064508,2026-01-07 21:14:33,C000548,A0000548,M00703,T00135,Midwest,Midwest,61.89,USD,mobile_wallet,chip_pin,approved,APPROVE,36.4,1.7002747252747255,0,0,0,0,0,1,0,3,46,9,6,18,terminal_customer_network_burst,0.18,0.022662406377155362,0.18
X000205885,2026-01-07 21:14:33,C001680,A0001680,M00761,T01038,South,South,78.07,USD,card_present,chip_pin,approved,APPROVE,155.53,0.5019610364559891,0,0,0,0,0,0,0,3,33,9,2,18,terminal_customer_network_burst,0.18,0.010265779870769673,0.18
X000041000,2026-01-07 21:14:41,C000348,A0000348,M00122,T00125,South,South,30.27,USD,card_present,magstripe,approved,APPROVE,38.38,0.7886920270974466,0,0,0,0,1,0,0,0,23,8,2,18,terminal_customer_network_burst,0.18,0.015171964037997317,0.18
X000204223,2026-01-07 21:14:43,C001668,A0001668,M00495,T00909,Midwest,Midwest,224.21,USD,ecommerce,chip_pin,approved,APPROVE,146.34,1.532116987836545,0,0,0,1,0,0,0,6,14,2,13,25,customer_velocity,0.25,0.006832401861605414,0.25
X000090517,2026-01-07 21:14:49,C000758,A0000758,M00772,T00124,Midwest,Midwest,64.46,USD,card_present,chip_pin,approved,APPROVE,51.91,1.241764592564053,0,0,0,0,0,0,0,1,32,7,3,0,,0.0,0.008364274451172065,0.008364274451172065
X000243228,2026-01-07 21:16:07,C001985,A0001985,M00372,T00192,South,South,43.82,USD,mobile_wallet,3ds,approved,APPROVE,35.73,1.2264203750349847,0,0,0,0,0,1,0,1,49,14,3,18,terminal_customer_network_burst,0.18,0.0294924487864108,0.18
X000184000,2026-01-07 21:16:19,C001516,A0001516,M00038,T00874,South,South,200.84,USD,ecommerce,chip_pin,approved,APPROVE,98.31,2.0429254399349,0,0,0,1,0,0,0,3,83,15,4,18,terminal_customer_network_burst,0.18,0.04280557132900872,0.18
X000156224,2026-01-07 21:17:02,C001286,A0001286,M00459,T00204,Northeast,Northeast,150.61,USD,mobile_wallet,chip_pin,approved,APPROVE,240.04,0.6274370938176971,0,0,0,0,0,1,0,1,48,8,4,18,terminal_customer_network_burst,0.18,0.011126458821706172,0.18
X000209468,2026-01-07 21:17:20,C001710,A0001710,M00497,T00382,Midwest,West,84.8,USD,card_present,chip_pin,approved,APPROVE,109.77,0.7725243691354651,0,0,0,0,0,0,1,0,6,4,0,27,new_customer_terminal_pair;home_region_mismatch,0.27,0.04627279157894968,0.27
X000095480,2026-01-07 21:17:54,C000798,A0000798,M00262,T00998,South,South,234.06,USD,card_present,3ds,approved,APPROVE,118.88,1.9688761776581427,0,0,0,0,0,0,0,3,36,7,3,0,,0.0,0.01431616006004315,0.01431616006004315
X000238999,2026-01-07 21:18:05,C001950,A0001950,M00596,T00100,Midwest,Midwest,15.38,USD,card_present,3ds,approved,APPROVE,26.66,0.576894223555889,0,0,0,0,0,0,0,0,11,2,4,0,,0.0,0.002881510897205411,0.002881510897205411
X000204872,2026-01-07 21:18:58,C001673,A0001673,M00378,T00467,South,South,27.89,USD,card_present,chip_pin,approved,APPROVE,27.33,1.0204903036955728,0,0,0,0,0,0,0,1,38,9,5,18,terminal_customer_network_burst,0.18,0.009217008418382073,0.18
X000011725,2026-01-07 21:19:00,C000104,A0000104,M00517,T00647,Midwest,Midwest,60.92,USD,ecommerce,3ds,approved,APPROVE,150.27,0.4054036068410195,0,0,0,1,0,0,0,1,27,7,4,0,,0.0,0.006008095141197477,0.006008095141197477
X000192352,2026-01-07 21:19:09,C001579,A0001579,M00533,T00376,Northeast,Northeast,21.47,USD,card_present,3ds,approved,APPROVE,39.62,0.5418980312973246,0,0,0,0,0,0,0,1,14,5,3,0,,0.0,0.004745913009875678,0.004745913009875678
X000123755,2026-01-07 21:19:21,C001024,A0001024,M00119,T00895,South,South,10.6,USD,ecommerce,chip_pin,approved,APPROVE,26.09,0.40628593330778073,0,0,0,1,0,0,0,3,50,12,5,18,terminal_customer_network_burst,0.18,0.01405509958432471,0.18
X000242484,2026-01-07 21:19:32,C001980,A0001980,M00782,T00669,Midwest,Midwest,311.99,USD,mobile_wallet,chip_pin,approved,APPROVE,221.06,1.4113362887903738,0,0,0,0,0,1,0,4,30,8,12,18,terminal_customer_network_burst,0.18,0.015991780329047054,0.18
X000243229,2026-01-07 21:19:48,C001985,A0001985,M00372,T00192,South,South,22.69,USD,card_present,wallet_biometric,approved,APPROVE,35.73,0.6350405821438568,0,0,0,0,0,0,0,2,50,14,4,18,terminal_customer_network_burst,0.18,0.01697898691585463,0.18
X000156390,2026-01-07 21:19:49,C001287,A0001287,M00679,T00587,Northeast,Northeast,51.06,USD,card_present,chip_pin,approved,APPROVE,23.67,2.1571609632446136,0,0,0,0,0,0,0,3,38,9,2,18,terminal_customer_network_burst,0.18,0.020244391579687496,0.18
X000170795,2026-01-07 21:20:14,C001408,A0001408,M00372,T00192,South,South,106.1,USD,card_present,wallet_biometric,approved,APPROVE,56.96,1.8627106741573032,0,0,0,0,0,0,0,0,51,14,2,18,terminal_customer_network_burst,0.18,0.023535018753703712,0.18
X000159450,2026-01-07 21:20:19,C001314,A0001314,M00745,T00823,Northeast,Northeast,26.36,USD,mobile_wallet,wallet_biometric,approved,APPROVE,28.25,0.9330973451327433,0,0,0,0,0,1,0,1,48,7,9,0,,0.0,0.009528271403108274,0.009528271403108274
X000217939,2026-01-07 21:21:36,C001780,A0001780,M00148,T00103,Midwest,Midwest,167.06,USD,ecommerce,chip_pin,approved,APPROVE,40.17,4.15882499377645,0,0,0,1,0,0,0,0,6,3,2,30,amount_vs_profile,0.3,0.015397554785418944,0.3
X000236266,2026-01-07 21:22:07,C001928,A0001928,M00711,T00893,Midwest,West,67.6,USD,card_present,chip_pin,approved,APPROVE,35.46,1.9063733784545964,0,0,0,0,0,0,1,1,9,4,0,27,new_customer_terminal_pair;home_region_mismatch,0.27,0.08040971630962608,0.27
X000099483,2026-01-07 21:22:18,C000836,A0000836,M00800,T00613,West,West,16.99,USD,mobile_wallet,chip_pin,approved,APPROVE,38.26,0.4440669106116048,0,0,0,0,0,1,0,1,23,6,2,0,,0.0,0.008166111069442355,0.008166111069442355
X000096324,2026-01-07 21:22:20,C000806,A0000806,M00345,T00208,South,South,131.94,USD,ecommerce,3ds,approved,APPROVE,78.97,1.6707610484994302,0,0,0,1,0,0,0,10,42,10,3,63,customer_velocity;high_customer_velocity;terminal_customer_network_burst,0.63,0.043050006634523276,0.63
X000166952,2026-01-07 21:22:22,C001379,A0001379,M00282,T00583,South,South,76.4,USD,ecommerce,chip_pin,approved,APPROVE,44.46,1.7183985605038237,0,0,0,1,0,0,0,1,67,12,6,18,terminal_customer_network_burst,0.18,0.019092719535073285,0.18
X000138301,2026-01-07 21:22:45,C001138,A0001138,M00154,T00515,South,South,136.28,USD,card_present,3ds,approved,APPROVE,79.55,1.7131363922061598,0,0,0,0,0,0,0,2,17,5,7,0,,0.0,0.007603627789692821,0.007603627789692821
X000072989,2026-01-07 21:24:13,C000617,A0000617,M00393,T00239,Northeast,Northeast,94.51,USD,mobile_wallet,chip_pin,approved,APPROVE,36.33,2.6014313239746767,0,0,0,0,0,1,0,2,42,10,2,18,terminal_customer_network_burst,0.18,0.03643098385162973,0.18
X000150903,2026-01-07 21:24:34,C001241,A0001241,M00685,T00672,Northeast,Northeast,226.12,USD,ecommerce,chip_pin,approved,APPROVE,279.08,0.8102336247670919,0,0,0,1,0,0,0,4,39,7,8,0,,0.0,0.009118550117081856,0.009118550117081856
X000083189,2026-01-07 21:25:27,C000696,A0000696,M00691,T01123,Northeast,Northeast,65.27,USD,ecommerce,chip_pin,approved,APPROVE,156.98,0.4157854503758441,0,0,0,1,0,0,0,2,20,7,9,0,,0.0,0.005669046489457215,0.005669046489457215
X000082096,2026-01-07 21:25:31,C000688,A0000688,M00578,T01104,Northeast,Northeast,61.6,USD,card_present,wallet_biometric,approved,APPROVE,48.53,1.2693179476612404,0,0,0,0,0,0,0,2,32,7,8,0,,0.0,0.00809222030852474,0.00809222030852474
X000174019,2026-01-07 21:25:34,C001435,A0001435,M00398,T00960,South,South,221.75,USD,card_present,chip_pin,approved,APPROVE,143.1,1.5496156533892385,0,0,0,0,0,0,0,4,32,7,19,0,,0.0,0.008034674223039587,0.008034674223039587
X000126862,2026-01-07 21:25:37,C001045,A0001045,M00394,T00922,South,South,28.61,USD,mobile_wallet,chip_pin,approved,APPROVE,24.63,1.1615915550142104,0,0,0,0,0,1,0,3,49,11,4,18,terminal_customer_network_burst,0.18,0.024758257395994732,0.18
X000087144,2026-01-07 21:25:45,C000731,A0000731,M00083,T00985,Midwest,Midwest,38.54,USD,mobile_wallet,3ds,approved,APPROVE,50.68,0.760457774269929,0,0,0,0,0,1,0,2,16,6,2,0,,0.0,0.010248240343828353,0.010248240343828353
X000180375,2026-01-07 21:25:48,C001483,A0001483,M00691,T00755,Northeast,Northeast,177.64,USD,mobile_wallet,chip_pin,approved,APPROVE,259.43,0.6847319122692055,0,0,0,0,0,1,0,2,39,11,9,18,terminal_customer_network_burst,0.18,0.015145279953981685,0.18
X000043262,2026-01-07 21:25:59,C000366,A0000366,M00712,T00064,South,South,41.89,USD,card_present,chip_pin,approved,APPROVE,28.9,1.4494809688581316,0,0,0,0,0,0,0,0,47,14,3,18,terminal_customer_network_burst,0.18,0.01913084704659853,0.18
X000212236,2026-01-07 21:26:06,C001732,A0001732,M00587,T00725,South,South,34.89,USD,card_present,chip_pin,approved,APPROVE,31.02,1.1247582205029014,0,0,0,0,0,0,0,0,23,6,0,15,new_customer_terminal_pair,0.15,0.006787738858032071,0.15
X000201517,2026-01-07 21:26:09,C001650,A0001650,M00068,T00683,West,Northeast,377.79,USD,ecommerce,chip_pin,approved,APPROVE,267.79,1.4107696329213189,0,0,0,1,0,0,1,3,26,6,0,27,new_customer_terminal_pair;home_region_mismatch,0.27,0.11229102392851201,0.27
X000065238,2026-01-07 21:26:41,C000553,A0000553,M00692,T00191,Northeast,Northeast,45.82,USD,card_present,chip_pin,approved,APPROVE,69.68,0.6575774971297359,0,0,0,0,0,0,0,0,28,11,3,18,terminal_customer_network_burst,0.18,0.009316536145943041,0.18
X000142875,2026-01-07 21:27:49,C001177,A0001177,M00476,T00184,Midwest,Midwest,81.15,USD,ecommerce,magstripe,approved,APPROVE,25.95,3.1271676300578037,0,0,0,1,1,0,0,1,23,8,3,48,amount_vs_profile;terminal_customer_network_burst,0.48,0.04401777394201576,0.48
X000039359,2026-01-07 21:27:52,C000335,A0000335,M00796,T00571,West,West,45.21,USD,card_present,chip_pin,approved,APPROVE,50.05,0.9032967032967034,0,0,0,0,0,0,0,0,26,4,8,0,,0.0,0.003808695072755192,0.003808695072755192
X000018757,2026-01-07 21:28:10,C000161,A0000161,M00038,T00874,South,South,102.09,USD,ecommerce,magstripe,approved,APPROVE,66.62,1.532422695887121,0,0,0,1,1,0,0,2,84,15,2,18,terminal_customer_network_burst,0.18,0.06984652048598962,0.18
X000066258,2026-01-07 21:28:57,C000562,A0000562,M00273,T00611,West,West,133.12,USD,card_present,wallet_biometric,approved,APPROVE,77.8,1.7110539845758357,0,0,0,0,0,0,0,1,10,4,4,0,,0.0,0.006497505604495969,0.006497505604495969
X000124975,2026-01-07 21:29:21,C001032,A0001032,M00316,T00389,South,South,119.12,USD,mobile_wallet,chip_pin,approved,APPROVE,220.63,0.5399084440012691,0,0,0,0,0,1,0,11,53,10,15,63,customer_velocity;high_customer_velocity;terminal_customer_network_burst,0.63,0.030774846148100242,0.63
X000240365,2026-01-07 21:30:07,C001961,A0001961,M00531,T01106,South,Midwest,132.17,USD,ecommerce,wallet_biometric,approved,APPROVE,100.48,1.315386146496815,0,0,0,1,0,0,1,6,6,4,0,52,customer_velocity;new_customer_terminal_pair;home_region_mismatch,0.52,0.11486138535089481,0.52
X000173861,2026-01-07 21:30:40,C001434,A0001434,M00255,T00742,West,West,44.49,USD,card_present,3ds,approved,APPROVE,80.7,0.5513011152416357,0,0,0,0,0,0,0,2,16,4,6,0,,0.0,0.004341365192019996,0.004341365192019996
X000080750,2026-01-07 21:31:06,C000678,A0000678,M00616,T01010,West,West,19.76,USD,card_present,chip_pin,approved,APPROVE,21.45,0.9212121212121214,0,0,0,0,0,0,0,0,13,5,3,0,,0.0,0.00491112914651591,0.00491112914651591
X000210457,2026-01-07 21:31:23,C001716,A0001716,M00403,T00159,Northeast,Northeast,49.5,USD,ecommerce,3ds,approved,APPROVE,44.2,1.1199095022624435,0,0,0,1,0,0,0,4,19,6,3,0,,0.0,0.010254534078458624,0.010254534078458624
X000164351,2026-01-07 21:31:37,C001355,A0001355,M00790,T00112,Northeast,Northeast,45.17,USD,card_present,chip_pin,approved,APPROVE,213.19,0.21187672967775226,0,0,0,0,0,0,0,4,31,9,3,18,terminal_customer_network_burst,0.18,0.009884870032814685,0.18
X000238297,2026-01-07 21:31:41,C001945,A0001945,M00556,T00223,South,South,8.97,USD,card_present,3ds,approved,APPROVE,13.96,0.6425501432664756,0,0,0,0,0,0,0,0,39,8,3,18,terminal_customer_network_burst,0.18,0.006684843973555519,0.18
X000099484,2026-01-07 21:31:50,C000836,A0000836,M00399,T01051,West,West,36.39,USD,card_present,3ds,approved,APPROVE,38.26,0.9511238891792996,0,0,0,0,0,0,0,2,9,4,1,0,,0.0,0.005897490491868579,0.005897490491868579
X000242047,2026-01-07 21:32:06,C001976,A0001976,M00592,T00596,South,South,19.82,USD,mobile_wallet,wallet_biometric,approved,APPROVE,29.33,0.6757586089328333,0,0,0,0,0,1,0,5,37,10,6,43,customer_velocity;terminal_customer_network_burst,0.43,0.02081638344215013,0.43
X000105191,2026-01-07 21:32:07,C000885,A0000885,M00779,T00146,South,South,189.1,USD,card_present,chip_pin,approved,APPROVE,100.49,1.8817792815205494,0,0,0,0,0,0,0,2,86,13,10,18,terminal_customer_network_burst,0.18,0.022523657507896522,0.18
X000081076,2026-01-07 21:32:57,C000681,A0000681,M00663,T00502,West,West,77.0,USD,ecommerce,magstripe,approved,APPROVE,189.01,0.4073858526003915,0,0,0,1,1,0,0,5,39,5,15,25,customer_velocity,0.25,0.0118539298638671,0.25
X000123976,2026-01-07 21:33:10,C001026,A0001026,M00376,T00266,South,South,64.48,USD,card_present,wallet_biometric,approved,APPROVE,125.32,0.5145228215767635,0,0,0,0,0,0,0,4,21,5,9,0,,0.0,0.005596944730722951,0.005596944730722951
X000229240,2026-01-07 21:33:29,C001867,A0001867,M00473,T01017,West,West,32.99,USD,card_present,chip_pin,approved,APPROVE,55.1,0.5987295825771325,0,0,0,0,0,0,0,0,11,3,4,0,,0.0,0.0032732918776171415,0.0032732918776171415
X000146932,2026-01-07 21:34:24,C001211,A0001211,M00023,T00839,Midwest,Midwest,36.28,USD,card_present,magstripe,approved,APPROVE,45.95,0.7895538628944505,0,0,0,0,1,0,0,1,27,6,3,0,,0.0,0.013193448155699982,0.013193448155699982
X000093329,2026-01-07 21:34:25,C000782,A0000782,M00741,T00732,South,South,51.08,USD,card_present,chip_pin,approved,APPROVE,41.2,1.2398058252427184,0,0,0,0,0,0,0,1,24,6,6,0,,0.0,0.006604619143022302,0.006604619143022302
X000047869,2026-01-07 21:35:08,C000404,A0000404,M00760,T00148,Midwest,Midwest,272.3,USD,card_present,3ds,approved,APPROVE,227.96,1.1945078083874363,0,0,0,0,0,0,0,8,27,7,12,25,customer_velocity,0.25,0.013731875783739644,0.25
X000009929,2026-01-07 21:35:09,C000090,A0000090,M00638,T00151,Northeast,Northeast,41.66,USD,ecommerce,wallet_biometric,approved,APPROVE,25.25,1.6499009900990098,0,0,0,1,0,0,0,2,32,9,4,18,terminal_customer_network_burst,0.18,0.014325103800378181,0.18
X000021027,2026-01-07 21:35:13,C000184,A0000184,M00604,T00623,Midwest,Northeast,52.89,USD,ecommerce,wallet_biometric,approved,APPROVE,126.84,0.4169820245979186,0,0,0,1,0,0,1,4,24,8,0,45,new_customer_terminal_pair;terminal_customer_network_burst;home_region_mismatch,0.45,0.10689674193589872,0.45
X000212537,2026-01-07 21:35:18,C001734,A0001734,M00163,T00147,Midwest,Midwest,114.44,USD,card_present,3ds,approved,APPROVE,65.75,1.7405323193916349,0,0,0,0,0,0,0,2,15,4,6,0,,0.0,0.007020349818786535,0.007020349818786535
X000109112,2026-01-07 21:35:57,C000914,A0000914,M00745,T00823,Northeast,Northeast,273.22,USD,card_present,chip_pin,approved,APPROVE,132.97,2.0547491915469656,0,0,0,0,0,0,0,6,49,7,7,25,customer_velocity,0.25,0.019089394871932563,0.25
X000074400,2026-01-07 21:36:11,C000629,A0000629,M00036,T00993,Northeast,Northeast,120.22,USD,card_present,chip_pin,approved,APPROVE,118.88,1.011271870794078,0,0,0,0,0,0,0,5,26,4,13,25,customer_velocity,0.25,0.0060895109189922705,0.25
X000179796,2026-01-07 21:37:32,C001479,A0001479,M00797,T00997,South,South,443.17,USD,card_present,chip_pin,approved,APPROVE,221.32,2.002394722573649,0,0,0,0,0,0,0,3,32,10,16,18,terminal_customer_network_burst,0.18,0.013459601089907616,0.18
X000215673,2026-01-07 21:37:45,C001762,A0001762,M00276,T01082,Northeast,Northeast,72.76,USD,card_present,chip_pin,approved,APPROVE,40.4,1.8009900990099013,0,0,0,0,0,0,0,1,39,11,2,18,terminal_customer_network_burst,0.18,0.017627833118758738,0.18
X000240366,2026-01-07 21:39:07,C001961,A0001961,M00122,T00225,South,South,78.13,USD,card_present,chip_pin,approved,APPROVE,100.48,0.7775676751592356,0,0,0,0,0,0,0,7,24,3,8,25,customer_velocity,0.25,0.007274759845799419,0.25
X000132815,2026-01-07 21:39:11,C001095,A0001095,M00255,T00573,West,West,83.8,USD,card_present,chip_pin,approved,APPROVE,31.09,2.6954004503055646,0,0,0,0,0,0,0,1,18,4,4,0,,0.0,0.009883284222441592,0.009883284222441592
X000047870,2026-01-07 21:39:32,C000404,A0000404,M00017,T00257,Midwest,Midwest,274.52,USD,card_present,3ds,approved,APPROVE,227.96,1.2042463590103525,0,0,0,0,0,0,0,9,20,2,12,25,customer_velocity,0.25,0.008450436367595097,0.25
X000220546,2026-01-07 21:39:45,C001800,A0001800,M00172,T00722,Northeast,Northeast,171.02,USD,card_present,chip_pin,approved,APPROVE,186.73,0.9158678305574895,0,0,0,0,0,0,0,8,58,9,16,43,customer_velocity;terminal_customer_network_burst,0.43,0.014770958259447147,0.43
X000000466,2026-01-07 21:40:40,C000006,A0000006,M00262,T00060,South,South,50.84,USD,ecommerce,3ds,approved,APPROVE,22.25,2.2849438202247194,0,0,0,1,0,0,0,0,35,10,2,18,terminal_customer_network_burst,0.18,0.017703512029739674,0.18
X000172313,2026-01-07 21:41:04,C001421,A0001421,M00278,T01124,Northeast,Northeast,178.32,USD,card_present,chip_pin,approved,APPROVE,270.74,0.6586392849228041,0,0,0,0,0,0,0,0,38,11,3,18,terminal_customer_network_burst,0.18,0.009561960914012372,0.18
X000017714,2026-01-07 21:41:19,C000152,A0000152,M00412,T00974,Northeast,Northeast,205.75,USD,card_present,chip_pin,approved,APPROVE,210.9,0.9755808440018966,0,0,0,0,0,0,0,6,33,5,11,25,customer_velocity,0.25,0.008247368671444797,0.25
X000109345,2026-01-07 21:41:24,C000915,A0000915,M00354,T00770,Northeast,Northeast,67.44,USD,ecommerce,chip_pin,approved,APPROVE,81.31,0.829418275734842,0,0,0,1,0,0,0,2,12,4,7,0,,0.0,0.004915119935769315,0.004915119935769315
X000168635,2026-01-07 21:41:48,C001395,A0001395,M00125,T00778,West,West,119.75,USD,card_present,magstripe,approved,APPROVE,55.67,2.1510687982755523,0,0,0,0,1,0,0,1,15,4,6,0,,0.0,0.015907746914317608,0.015907746914317608
X000206354,2026-01-07 21:42:13,C001685,A0001685,M00754,T01077,West,West,17.02,USD,ecommerce,chip_pin,approved,APPROVE,35.36,0.4813348416289593,0,0,0,1,0,0,0,2,25,5,3,0,,0.0,0.005651708482796305,0.005651708482796305
X000108540,2026-01-07 21:42:18,C000910,A0000910,M00784,T00354,South,South,48.21,USD,ecommerce,wallet_biometric,approved,APPROVE,32.0,1.5065625,0,0,0,1,0,0,0,0,37,9,3,18,terminal_customer_network_burst,0.18,0.011201134016199677,0.18
X000228527,2026-01-07 21:43:10,C001861,A0001861,M00608,T00219,South,South,65.3,USD,ecommerce,magstripe,approved,APPROVE,64.65,1.0100541376643464,0,0,0,1,1,0,0,2,63,15,5,18,terminal_customer_network_burst,0.18,0.049535503926758255,0.18
X000131879,2026-01-07 21:44:37,C001086,A0001086,M00335,T00070,South,South,51.49,USD,card_present,wallet_biometric,approved,APPROVE,83.33,0.6179047161886476,0,0,0,0,0,0,0,1,67,16,1,18,terminal_customer_network_burst,0.18,0.021789234090313653,0.18
X000245549,2026-01-07 21:44:54,C002000,A0002000,M00638,T00151,Northeast,Northeast,70.22,USD,card_present,magstripe,approved,APPROVE,38.0,1.8478947368421053,0,0,0,0,1,0,0,1,33,9,3,18,terminal_customer_network_burst,0.18,0.029029452049008104,0.18
X000204580,2026-01-07 21:45:11,C001670,A0001670,M00052,T00013,South,South,65.97,USD,mobile_wallet,wallet_biometric,approved,APPROVE,43.99,1.499659013412139,0,0,0,0,0,1,0,2,36,10,1,18,terminal_customer_network_burst,0.18,0.023931028785896268,0.18
X000184762,2026-01-07 21:45:18,C001522,A0001522,M00087,T00716,South,South,89.81,USD,card_present,magstripe,approved,APPROVE,75.5,1.1895364238410597,0,0,0,0,1,0,0,2,55,10,3,18,terminal_customer_network_burst,0.18,0.029735762126270337,0.18
X000132366,2026-01-07 21:46:17,C001091,A0001091,M00022,T00830,South,South,31.64,USD,card_present,chip_pin,approved,APPROVE,24.03,1.3166874739908447,0,0,0,0,0,0,0,3,42,8,6,18,terminal_customer_network_burst,0.18,0.011412756127143722,0.18
X000022725,2026-01-07 21:46:19,C000196,A0000196,M00086,T00892,Midwest,Midwest,110.42,USD,card_present,chip_pin,approved,APPROVE,195.69,0.5642597986611477,0,0,0,0,0,0,0,6,12,1,12,25,customer_velocity,0.25,0.0039891280564174425,0.25
X000075657,2026-01-07 21:46:28,C000636,A0000636,M00195,T00595,South,South,22.78,USD,ecommerce,chip_pin,approved,APPROVE,39.78,0.5726495726495726,0,0,0,1,0,0,0,2,37,9,2,18,terminal_customer_network_burst,0.18,0.01001597797115756,0.18
X000101605,2026-01-07 21:46:29,C000855,A0000855,M00196,T00164,Midwest,Midwest,112.35,USD,card_present,wallet_biometric,approved,APPROVE,49.93,2.250150210294412,0,0,0,0,0,0,0,0,24,7,1,0,,0.0,0.011693055981374462,0.011693055981374462
X000051453,2026-01-07 21:46:30,C000435,A0000435,M00123,T00812,Midwest,Midwest,39.83,USD,mobile_wallet,chip_pin,approved,APPROVE,56.36,0.7067068843151171,0,0,0,0,0,1,0,1,69,13,2,18,terminal_customer_network_burst,0.18,0.023184137598848964,0.18
X000063148,2026-01-07 21:46:59,C000535,A0000535,M00614,T00113,South,South,86.06,USD,card_present,wallet_biometric,approved,APPROVE,48.67,1.7682350523936716,0,0,0,0,0,0,0,0,15,5,0,15,new_customer_terminal_pair,0.15,0.007671682153453037,0.15
X000222957,2026-01-07 21:47:03,C001817,A0001817,M00313,T00777,Northeast,Northeast,98.51,USD,card_present,3ds,approved,APPROVE,68.51,1.4378922784994892,0,0,0,0,0,0,0,1,50,10,2,18,terminal_customer_network_burst,0.18,0.01393385084513635,0.18
X000100627,2026-01-07 21:47:27,C000847,A0000847,M00520,T00143,Midwest,Midwest,27.04,USD,ecommerce,wallet_biometric,approved,APPROVE,28.04,0.9643366619115549,0,0,0,1,0,0,0,1,14,4,2,0,,0.0,0.005455694597010706,0.005455694597010706
X000004242,2026-01-07 21:48:19,C000038,A0000038,M00645,T00905,South,South,71.64,USD,ecommerce,3ds,approved,APPROVE,35.46,2.020304568527919,0,0,0,1,0,0,0,1,57,15,2,18,terminal_customer_network_burst,0.18,0.033742095933494594,0.18
X000105943,2026-01-07 21:49:05,C000890,A0000890,M00460,T00355,Midwest,Midwest,54.36,USD,ecommerce,3ds,approved,APPROVE,41.95,1.2958283671036948,0,0,0,1,0,0,0,0,29,7,2,0,,0.0,0.008222583679884285,0.008222583679884285
X000062392,2026-01-07 21:49:35,C000531,A0000531,M00382,T00436,Midwest,Midwest,277.28,USD,ecommerce,chip_pin,approved,APPROVE,214.99,1.2897344062514533,0,0,0,1,0,0,0,6,9,3,0,40,customer_velocity;new_customer_terminal_pair,0.4,0.010462713579821007,0.4
X000239247,2026-01-07 21:50:19,C001952,A0001952,M00615,T00560,Midwest,Midwest,184.48,USD,card_present,wallet_biometric,approved,APPROVE,96.54,1.9109177542987361,0,0,0,0,0,0,0,3,33,9,9,18,terminal_customer_network_burst,0.18,0.01447713984940404,0.18
X000040612,2026-01-07 21:50:29,C000345,A0000345,M00130,T00939,South,South,120.2,USD,card_present,chip_pin,approved,APPROVE,84.45,1.4233274126702191,0,0,0,0,0,0,0,2,39,11,2,18,terminal_customer_network_burst,0.18,0.017010225276934122,0.18
X000116866,2026-01-07 21:50:35,C000970,A0000970,M00038,T00321,South,South,24.09,USD,ecommerce,chip_pin,approved,APPROVE,32.99,0.7302212791755077,0,0,0,1,0,0,0,0,35,7,0,15,new_customer_terminal_pair,0.15,0.0070813975604696955,0.15
X000097839,2026-01-07 21:50:47,C000820,A0000820,M00217,T00041,South,South,235.02,USD,ecommerce,3ds,approved,APPROVE,146.86,1.6002996050660492,0,0,0,1,0,0,0,5,14,6,7,25,customer_velocity,0.25,0.012147229984038114,0.25
X000131198,2026-01-07 21:52:00,C001080,A0001080,M00737,T00804,Midwest,Midwest,67.31,USD,card_present,3ds,approved,APPROVE,51.38,1.310042818217205,0,0,0,0,0,0,0,2,33,7,5,0,,0.0,0.00908559032089154,0.00908559032089154
X000084886,2026-01-07 21:52:16,C000710,A0000710,M00400,T00360,West,West,154.16,USD,card_present,wallet_biometric,approved,APPROVE,85.75,1.7977842565597668,0,0,0,0,0,0,0,5,13,4,9,25,customer_velocity,0.25,0.009219298790601672,0.25
X000038483,2026-01-07 21:52:31,C000329,A0000329,M00023,T00720,Midwest,Midwest,59.99,USD,card_present,chip_pin,approved,APPROVE,45.79,1.3101113780301377,0,0,0,0,0,0,0,3,49,9,8,18,terminal_customer_network_burst,0.18,0.012221604646491392,0.18
X000147628,2026-01-07 21:52:41,C001220,A0001220,M00560,T00369,West,West,113.31,USD,ecommerce,magstripe,approved,APPROVE,107.29,1.0561096094696616,0,0,0,1,1,0,0,4,11,5,4,0,,0.0,0.01815184759662393,0.01815184759662393
X000172619,2026-01-07 21:53:17,C001424,A0001424,M00398,T00528,Northeast,South,34.31,USD,mobile_wallet,3ds,approved,APPROVE,44.21,0.7760687627233658,0,0,0,0,0,1,1,1,32,7,0,27,new_customer_terminal_pair;home_region_mismatch,0.27,0.11195077326530867,0.27
X000195145,2026-01-07 21:54:03,C001604,A0001604,M00528,T00475,Midwest,Midwest,102.7,USD,mobile_wallet,chip_pin,approved,APPROVE,138.09,0.7437178651604026,0,0,0,0,0,1,0,7,24,7,8,25,customer_velocity,0.25,0.01724820829078783,0.25
X000237715,2026-01-07 21:54:22,C001939,A0001939,M00271,T00227,Northeast,Northeast,102.02,USD,card_present,magstripe,approved,APPROVE,45.16,2.259078830823738,0,0,0,0,1,0,0,0,18,7,3,0,,0.0,0.02327954405738896,0.02327954405738896
X000133118,2026-01-07 21:54:23,C001098,A0001098,M00674,T00232,Midwest,Midwest,68.44,USD,ecommerce,wallet_biometric,approved,APPROVE,53.75,1.2733023255813953,0,0,0,1,0,0,0,8,42,6,11,25,customer_velocity,0.25,0.014261853495929917,0.25
X000221012,2026-01-07 21:54:49,C001802,A0001802,M00354,T00072,Northeast,Northeast,94.12,USD,ecommerce,magstripe,approved,APPROVE,67.33,1.3978909847022132,0,0,0,1,1,0,0,2,28,7,3,0,,0.0,0.022472576806673243,0.022472576806673243
X000015264,2026-01-07 21:54:50,C000130,A0000130,M00480,T00014,West,West,17.61,USD,mobile_wallet,3ds,approved,APPROVE,22.53,0.7816245006657789,0,0,0,0,0,1,0,4,12,3,6,0,,0.0,0.007978875225322037,0.007978875225322037
X000013539,2026-01-07 21:55:16,C000116,A0000116,M00085,T00540,Northeast,Northeast,264.93,USD,card_present,chip_pin,approved,APPROVE,197.15,1.3437991377124017,0,0,0,0,0,0,0,4,28,5,9,0,,0.0,0.007978279985041836,0.007978279985041836
X000035718,2026-01-07 21:55:36,C000304,A0000304,M00740,T00080,Northeast,Northeast,38.2,USD,mobile_wallet,chip_pin,approved,APPROVE,56.66,0.674196964348747,0,0,0,0,0,1,0,0,44,10,1,18,terminal_customer_network_burst,0.18,0.013911884447733117,0.18
X000232833,2026-01-07 21:55:42,C001898,A0001898,M00675,T00026,Midwest,Midwest,74.46,USD,ecommerce,chip_pin,approved,APPROVE,61.86,1.20368574199806,0,0,0,1,0,0,0,4,17,4,5,0,,0.0,0.007816958776680191,0.007816958776680191
X000153131,2026-01-07 21:56:04,C001259,A0001259,M00397,T00682,Midwest,Midwest,55.15,USD,ecommerce,chip_pin,approved,APPROVE,57.1,0.9658493870402801,0,0,0,1,0,0,0,1,21,5,10,0,,0.0,0.004829541536822356,0.004829541536822356
X000122490,2026-01-07 21:56:05,C001016,A0001016,M00745,T00823,Northeast,Northeast,22.16,USD,card_present,chip_pin,approved,APPROVE,27.66,0.8011569052783803,0,0,0,0,0,0,0,2,50,7,7,0,,0.0,0.007238914391549431,0.007238914391549431
X000130657,2026-01-07 21:57:10,C001075,A0001075,M00171,T00523,Northeast,Northeast,88.73,USD,card_present,wallet_biometric,approved,APPROVE,45.23,1.9617510501879285,0,0,0,0,0,0,0,1,46,6,6,0,,0.0,0.009362931549143269,0.009362931549143269
X000060608,2026-01-07 21:57:26,C000516,A0000516,M00171,T01187,Northeast,Northeast,27.23,USD,card_present,chip_pin,approved,APPROVE,46.26,0.5886294855166451,0,0,0,0,0,0,0,2,21,6,6,0,,0.0,0.005657214985865965,0.005657214985865965
X000079177,2026-01-07 21:57:49,C000667,A0000667,M00228,T00522,Northeast,Northeast,162.4,USD,mobile_wallet,chip_pin,approved,APPROVE,68.9,2.3570391872278664,0,0,0,0,0,1,0,3,26,9,8,18,terminal_customer_network_burst,0.18,0.026276347902580863,0.18
X000208092,2026-01-07 21:58:01,C001699,A0001699,M00635,T00849,Midwest,Midwest,130.92,USD,card_present,chip_pin,approved,APPROVE,131.03,0.9991604975959703,0,0,0,0,0,0,0,3,21,8,6,18,terminal_customer_network_burst,0.18,0.009513402496858397,0.18
X000074401,2026-01-07 21:58:06,C000629,A0000629,M00604,T01134,Northeast,Northeast,125.01,USD,card_present,3ds,soft_decline,CHALLENGE,118.88,1.051564602960969,0,0,1,0,0,0,0,6,57,11,9,51,customer_velocity;terminal_customer_network_burst;authentication_soft_decline,0.51,0.08636249372908718,0.51
X000053725,2026-01-07 21:58:25,C000455,A0000455,M00265,T00865,West,West,78.34,USD,ecommerce,magstripe,approved,APPROVE,43.21,1.8130062485535756,0,0,0,1,1,0,0,3,34,4,6,0,,0.0,0.019378088356503072,0.019378088356503072
X000090579,2026-01-07 21:58:30,C000759,A0000759,M00387,T00209,Northeast,Northeast,40.21,USD,mobile_wallet,chip_pin,approved,APPROVE,40.5,0.9928395061728396,0,0,0,0,0,1,0,0,32,10,5,18,terminal_customer_network_burst,0.18,0.013494600865715342,0.18
X000010772,2026-01-07 21:59:16,C000098,A0000098,M00750,T01142,South,South,55.72,USD,card_present,chip_pin,approved,APPROVE,55.5,1.003963963963964,0,0,0,0,0,0,0,4,52,11,7,18,terminal_customer_network_burst,0.18,0.015966719104778374,0.18
X000146186,2026-01-07 21:59:47,C001206,A0001206,M00298,T00941,Northeast,Northeast,69.52,USD,ecommerce,magstripe,approved,APPROVE,56.59,1.2284855981622194,0,0,0,1,1,0,0,2,22,7,8,0,,0.0,0.017635496832244284,0.017635496832244284
X000081077,2026-01-07 22:00:29,C000681,A0000681,M00769,T00996,West,West,226.15,USD,card_present,3ds,approved,APPROVE,189.01,1.1964975398127085,0,0,0,0,0,0,0,6,37,6,9,25,customer_velocity,0.25,0.010932825010472796,0.25
X000196927,2026-01-07 22:00:43,C001618,A0001618,M00069,T00652,West,West,251.19,USD,ecommerce,chip_pin,approved,APPROVE,140.56,1.7870660216277745,0,0,0,1,0,0,0,7,22,4,7,25,customer_velocity,0.25,0.013342766490871953,0.25
X000241955,2026-01-07 22:00:52,C001975,A0001975,M00044,T01081,Northeast,Northeast,13.43,USD,card_present,magstripe,approved,APPROVE,41.74,0.3217537134643028,0,0,0,0,1,0,0,2,51,12,5,18,terminal_customer_network_burst,0.18,0.02466862186921835,0.18
X000176186,2026-01-07 22:01:57,C001452,A0001452,M00286,T00067,West,West,81.34,USD,card_present,chip_pin,approved,APPROVE,57.59,1.4123979857614168,0,0,0,0,0,0,0,1,13,7,1,0,,0.0,0.009106005225360769,0.009106005225360769
X000162047,2026-01-07 22:02:55,C001338,A0001338,M00168,T00981,Northeast,Northeast,148.45,USD,card_present,3ds,approved,APPROVE,56.51,2.6269686781100687,0,0,0,0,0,0,0,1,40,8,2,18,terminal_customer_network_burst,0.18,0.01733932318107734,0.18
X000158031,2026-01-07 22:02:56,C001300,A0001300,M00657,T00743,South,South,319.12,USD,ecommerce,wallet_biometric,approved,APPROVE,160.21,1.9918856500842643,0,0,0,1,0,0,0,4,22,6,3,0,,0.0,0.014691174845453719,0.014691174845453719
X000222447,2026-01-07 22:03:01,C001813,A0001813,M00017,T00257,Midwest,Midwest,221.52,USD,card_present,wallet_biometric,approved,APPROVE,190.87,1.1605804998166291,0,0,0,0,0,0,0,3,21,2,8,0,,0.0,0.004686820164803875,0.004686820164803875
X000045774,2026-01-07 22:03:36,C000383,A0000383,M00112,T00586,Northeast,West,5.95,USD,ecommerce,chip_pin,approved,APPROVE,34.56,0.17216435185185183,0,0,0,1,0,0,1,2,26,7,0,27,new_customer_terminal_pair;home_region_mismatch,0.27,0.07091722633184054,0.27
X000045483,2026-01-07 22:04:09,C000382,A0000382,M00679,T00587,Northeast,Northeast,250.8,USD,card_present,wallet_biometric,approved,APPROVE,572.35,0.43819341312134186,0,0,0,0,0,0,0,6,39,9,11,43,customer_velocity;terminal_customer_network_burst,0.43,0.010794703762285541,0.43
X000195964,2026-01-07 22:04:17,C001610,A0001610,M00735,T00059,Midwest,Midwest,86.68,USD,card_present,3ds,approved,APPROVE,44.09,1.965978679972783,0,0,0,0,0,0,0,3,26,7,5,0,,0.0,0.013073718520001094,0.013073718520001094
X000197333,2026-01-07 22:04:20,C001621,A0001621,M00416,T00403,West,West,214.0,USD,card_present,chip_pin,approved,APPROVE,173.71,1.2319382879511829,0,0,0,0,0,0,0,4,39,10,10,18,terminal_customer_network_burst,0.18,0.013679438358842215,0.18
X000047871,2026-01-07 22:04:54,C000404,A0000404,M00513,T00695,Midwest,Midwest,136.65,USD,card_present,magstripe,approved,APPROVE,227.96,0.5994472714511317,0,0,0,0,1,0,0,10,27,5,13,45,customer_velocity;high_customer_velocity,0.45,0.022434140206462068,0.45
X000109529,2026-01-07 22:05:06,C000916,A0000916,M00513,T00695,Midwest,Midwest,84.22,USD,card_present,chip_pin,approved,APPROVE,125.73,0.6698480871709218,0,0,0,0,0,0,0,2,28,5,9,0,,0.0,0.0047995841753210675,0.0047995841753210675
X000118083,2026-01-07 22:05:14,C000978,A0000978,M00594,T01188,Northeast,Northeast,172.17,USD,card_present,chip_pin,approved,APPROVE,240.92,0.7146355636725884,0,0,0,0,0,0,0,4,57,13,11,18,terminal_customer_network_burst,0.18,0.0160061864948342,0.18
X000155313,2026-01-07 22:05:36,C001280,A0001280,M00118,T00907,West,West,75.32,USD,card_present,chip_pin,approved,APPROVE,118.5,0.6356118143459915,0,0,0,0,0,0,0,2,25,6,13,0,,0.0,0.004645106482513406,0.004645106482513406
X000109872,2026-01-07 22:05:50,C000918,A0000918,M00791,T00739,South,South,44.16,USD,ecommerce,3ds,approved,APPROVE,48.21,0.9159925326695706,0,0,0,1,0,0,0,2,42,10,0,33,new_customer_terminal_pair;terminal_customer_network_burst,0.33,0.013976301047772317,0.33
X000105624,2026-01-07 22:06:31,C000888,A0000888,M00251,T00069,West,West,79.85,USD,card_present,chip_pin,approved,APPROVE,86.91,0.9187665400989529,0,0,0,0,0,0,0,2,17,7,6,0,,0.0,0.007205813125242644,0.007205813125242644
X000014206,2026-01-07 22:07:02,C000121,A0000121,M00541,T00575,South,South,133.8,USD,card_present,chip_pin,approved,APPROVE,58.02,2.3061013443640124,0,0,0,0,0,0,0,0,24,5,2,0,,0.0,0.009152209761447734,0.009152209761447734
X000076778,2026-01-07 22:07:40,C000646,A0000646,M00675,T01030,Midwest,Midwest,135.27,USD,mobile_wallet,chip_pin,approved,APPROVE,116.37,1.1624129930394431,0,0,0,0,0,1,0,1,29,6,3,0,,0.0,0.010738837081268469,0.010738837081268469
X000118084,2026-01-07 22:07:52,C000978,A0000978,M00594,T01188,Northeast,Northeast,371.19,USD,mobile_wallet,3ds,approved,APPROVE,240.92,1.5407189108417734,0,0,0,0,0,1,0,5,58,13,12,43,customer_velocity;terminal_customer_network_burst,0.43,0.036206669617808655,0.43
X000241494,2026-01-07 22:08:10,C001971,A0001971,M00075,T00297,West,West,145.59,USD,card_present,magstripe,approved,APPROVE,150.08,0.9700826226012793,0,0,0,0,1,0,0,2,14,3,6,0,,0.0,0.009844341302185863,0.009844341302185863
X000047671,2026-01-07 22:08:12,C000402,A0000402,M00383,T00570,Midwest,Midwest,17.23,USD,ecommerce,wallet_biometric,approved,APPROVE,23.82,0.7233417296389588,0,0,0,1,0,0,0,4,9,5,2,0,,0.0,0.007813911248519123,0.007813911248519123
X000179797,2026-01-07 22:08:13,C001479,A0001479,M00205,T00154,South,South,173.97,USD,card_present,3ds,approved,APPROVE,221.32,0.7860563889390927,0,0,0,0,0,0,0,3,20,6,5,0,,0.0,0.007100034421118194,0.007100034421118194
X000219944,2026-01-07 22:08:36,C001797,A0001797,M00700,T00884,Northeast,Northeast,112.27,USD,ecommerce,chip_pin,approved,APPROVE,161.59,0.6947830930131814,0,0,0,1,0,0,0,4,39,9,11,18,terminal_customer_network_burst,0.18,0.010000027935414976,0.18
X000021206,2026-01-07 22:09:09,C000185,A0000185,M00073,T00757,South,South,131.94,USD,card_present,chip_pin,approved,APPROVE,90.81,1.4529236868186322,0,0,0,0,0,0,0,3,50,14,7,18,terminal_customer_network_burst,0.18,0.024032218197103494,0.18
X000171768,2026-01-07 22:09:50,C001417,A0001417,M00282,T01071,South,South,155.58,USD,mobile_wallet,magstripe,approved,APPROVE,63.84,2.43703007518797,0,0,0,0,1,1,0,0,15,4,2,0,,0.0,0.026999026094797297,0.026999026094797297
X000049810,2026-01-07 22:10:51,C000417,A0000417,M00514,T00978,West,West,56.01,USD,ecommerce,chip_pin,approved,APPROVE,41.49,1.3499638467100505,0,0,0,1,0,0,0,2,14,2,6,0,,0.0,0.004976469749440188,0.004976469749440188
X000091175,2026-01-07 22:11:09,C000765,A0000765,M00216,T00994,West,West,195.93,USD,ecommerce,chip_pin,approved,APPROVE,53.85,3.638440111420613,0,0,0,1,0,0,0,5,16,6,8,55,amount_vs_profile;customer_velocity,0.55,0.026777739976687344,0.55
X000005241,2026-01-07 22:11:19,C000049,A0000049,M00379,T01176,South,South,137.26,USD,mobile_wallet,wallet_biometric,approved,APPROVE,99.71,1.376592117139705,0,0,0,0,0,1,0,3,41,11,6,18,terminal_customer_network_burst,0.18,0.02481017490196231,0.18
X000089317,2026-01-07 22:11:30,C000748,A0000748,M00067,T00948,South,South,156.38,USD,card_present,chip_pin,approved,APPROVE,224.36,0.6970048136922802,0,0,0,0,0,0,0,2,49,12,7,18,terminal_customer_network_burst,0.18,0.012476036050565601,0.18
X000165748,2026-01-07 22:11:31,C001368,A0001368,M00206,T00975,West,West,284.16,USD,mobile_wallet,wallet_biometric,approved,APPROVE,257.01,1.1056379129216762,0,0,0,0,0,1,0,3,10,4,7,0,,0.0,0.008772632136100467,0.008772632136100467
X000057833,2026-01-07 22:11:37,C000491,A0000491,M00610,T00995,Midwest,Midwest,139.76,USD,mobile_wallet,3ds,approved,APPROVE,85.5,1.6346198830409355,0,0,0,0,0,1,0,2,32,8,4,18,terminal_customer_network_burst,0.18,0.018003633681067808,0.18
X000203858,2026-01-07 22:11:40,C001667,A0001667,M00789,T00886,South,Midwest,68.73,USD,ecommerce,chip_pin,approved,APPROVE,187.97,0.36564345374261853,0,0,0,1,0,0,1,7,10,3,0,52,customer_velocity;new_customer_terminal_pair;home_region_mismatch,0.52,0.0816092777994526,0.52
X000162963,2026-01-07 22:11:52,C001345,A0001345,M00695,T00203,Midwest,Midwest,95.06,USD,card_present,chip_pin,approved,APPROVE,169.46,0.5609583382509147,0,0,0,0,0,0,0,2,30,6,8,0,,0.0,0.0053661342328607435,0.0053661342328607435
X000155089,2026-01-07 22:11:56,C001278,A0001278,M00217,T00815,South,South,40.71,USD,card_present,chip_pin,approved,APPROVE,50.36,0.8083796664019063,0,0,0,0,0,0,0,1,22,9,4,18,terminal_customer_network_burst,0.18,0.008384981280152044,0.18
X000163376,2026-01-07 22:12:34,C001348,A0001348,M00753,T00413,South,South,134.66,USD,card_present,3ds,approved,APPROVE,58.02,2.32092381937263,0,0,0,0,0,0,0,2,48,15,5,18,terminal_customer_network_burst,0.18,0.03596563699452769,0.18
X000024623,2026-01-07 22:12:43,C000208,A0000208,M00716,T00866,West,West,51.81,USD,card_present,chip_pin,approved,APPROVE,69.84,0.7418384879725086,0,0,0,0,0,0,0,1,10,5,4,0,,0.0,0.004932960905042922,0.004932960905042922
X000198104,2026-01-07 22:12:47,C001625,A0001625,M00001,T00955,South,South,39.49,USD,ecommerce,chip_pin,approved,APPROVE,37.18,1.0621301775147929,0,0,0,1,0,0,0,1,36,12,1,18,terminal_customer_network_burst,0.18,0.01591065039532214,0.18
X000112918,2026-01-07 22:13:24,C000944,A0000944,M00109,T00548,Northeast,Northeast,189.08,USD,ecommerce,chip_pin,approved,APPROVE,227.5,0.8311208791208792,0,0,0,1,0,0,0,7,36,9,16,43,customer_velocity;terminal_customer_network_burst,0.43,0.012670498145845295,0.43
X000100157,2026-01-07 22:13:26,C000844,A0000844,M00208,T00633,Midwest,Midwest,114.47,USD,card_present,3ds,approved,APPROVE,68.6,1.6686588921282801,0,0,0,0,0,0,0,1,26,5,8,0,,0.0,0.006580960552976227,0.006580960552976227
X000233256,2026-01-07 22:13:33,C001902,A0001902,M00074,T01036,South,South,130.66,USD,ecommerce,magstripe,approved,APPROVE,144.3,0.9054747054747054,0,0,0,1,1,0,0,5,72,11,8,43,customer_velocity;terminal_customer_network_burst,0.43,0.0394264475345303,0.43
X000162372,2026-01-07 22:14:24,C001341,A0001341,M00179,T00767,Midwest,Midwest,66.08,USD,mobile_wallet,3ds,approved,APPROVE,53.74,1.229624116114626,0,0,0,0,0,1,0,1,18,8,2,18,terminal_customer_network_burst,0.18,0.014013803596563557,0.18
X000133433,2026-01-07 22:14:32,C001100,A0001100,M00528,T00301,Midwest,Midwest,11.19,USD,card_present,chip_pin,approved,APPROVE,33.78,0.33126110124333924,0,0,0,0,0,0,0,6,22,5,14,25,customer_velocity,0.25,0.005603176423213957,0.25
X000198208,2026-01-07 22:14:53,C001626,A0001626,M00640,T00037,Midwest,Midwest,343.96,USD,card_present,chip_pin,approved,APPROVE,262.11,1.312273472969364,0,0,0,0,0,0,0,7,41,8,11,43,customer_velocity;terminal_customer_network_burst,0.43,0.01542094416811144,0.43
X000096745,2026-01-07 22:15:33,C000810,A0000810,M00003,T00787,South,South,175.3,USD,ecommerce,wallet_biometric,approved,APPROVE,132.67,1.3213235848345521,0,0,0,1,0,0,0,2,50,11,4,18,terminal_customer_network_burst,0.18,0.016606908528320058,0.18
X000236985,2026-01-07 22:16:21,C001934,A0001934,M00790,T00112,Northeast,Northeast,140.29,USD,ecommerce,chip_pin,approved,APPROVE,164.43,0.8531898072127956,0,0,0,1,0,0,0,2,32,9,7,18,terminal_customer_network_burst,0.18,0.009429822752126327,0.18
X000078631,2026-01-07 22:16:24,C000662,A0000662,M00365,T00324,South,South,104.2,USD,mobile_wallet,chip_pin,approved,APPROVE,91.02,1.1448033399252913,0,0,0,0,0,1,0,3,54,12,6,18,terminal_customer_network_burst,0.18,0.026247922241197798,0.18
X000241085,2026-01-07 22:17:12,C001968,A0001968,M00620,T00551,South,South,51.31,USD,card_present,wallet_biometric,approved,APPROVE,96.5,0.5317098445595855,0,0,0,0,0,0,0,4,32,8,5,18,terminal_customer_network_burst,0.18,0.009400442434500996,0.18
X000071352,2026-01-07 22:17:44,C000606,A0000606,M00689,T01179,Northeast,Northeast,87.01,USD,ecommerce,magstripe,approved,APPROVE,52.74,1.649791429654911,0,0,0,1,1,0,0,0,44,11,6,18,terminal_customer_network_burst,0.18,0.02970494862596358,0.18
X000037299,2026-01-07 22:17:54,C000319,A0000319,M00184,T00927,South,South,67.0,USD,card_present,3ds,approved,APPROVE,48.86,1.3712648383135488,0,0,0,0,0,0,0,4,72,14,5,18,terminal_customer_network_burst,0.18,0.029382161556752,0.18
X000105944,2026-01-07 22:18:18,C000890,A0000890,M00460,T00355,Midwest,Midwest,85.9,USD,mobile_wallet,chip_pin,approved,APPROVE,41.95,2.0476758045292014,0,0,0,0,0,1,0,1,30,7,3,0,,0.0,0.01729564621712123,0.01729564621712123
X000033414,2026-01-07 22:18:25,C000284,A0000284,M00311,T01079,Midwest,Midwest,51.11,USD,card_present,chip_pin,approved,APPROVE,48.91,1.0449805765692088,0,0,0,0,0,0,0,1,19,9,3,18,terminal_customer_network_burst,0.18,0.009457507686466271,0.18
X000036698,2026-01-07 22:18:26,C000315,A0000315,M00200,T00734,Midwest,Midwest,449.32,USD,card_present,chip_pin,approved,APPROVE,260.77,1.7230509644514325,0,0,0,0,0,0,0,3,12,4,5,0,,0.0,0.008032072119662725,0.008032072119662725
X000224748,2026-01-07 22:18:49,C001833,A0001833,M00731,T00584,Northeast,Northeast,48.06,USD,mobile_wallet,magstripe,approved,APPROVE,18.15,2.647933884297521,0,0,0,0,1,1,0,3,34,6,3,0,,0.0,0.05265321488041647,0.05265321488041647
X000166522,2026-01-07 22:19:19,C001375,A0001375,M00547,T00371,Northeast,Northeast,9.21,USD,card_present,wallet_biometric,approved,APPROVE,19.59,0.4701378254211333,0,0,0,0,0,0,0,4,50,11,7,18,terminal_customer_network_burst,0.18,0.012812624881713386,0.18
X000161210,2026-01-07 22:19:52,C001331,A0001331,M00321,T00416,Midwest,Midwest,13.03,USD,card_present,3ds,approved,APPROVE,34.02,0.3830099941211052,0,0,0,0,0,0,0,7,43,5,13,25,customer_velocity,0.25,0.007013296529177299,0.25
X000213910,2026-01-07 22:19:57,C001747,A0001747,M00608,T00027,South,South,20.83,USD,mobile_wallet,3ds,approved,APPROVE,30.67,0.6791653081186827,0,0,0,0,0,1,0,2,44,13,4,18,terminal_customer_network_burst,0.18,0.022672840695813466,0.18
X000153651,2026-01-07 22:20:09,C001264,A0001264,M00578,T01104,Northeast,Northeast,557.11,USD,card_present,3ds,approved,APPROVE,202.11,2.7564692494186334,0,0,0,0,0,0,0,5,33,7,7,25,customer_velocity,0.25,0.02162683205162498,0.25
X000164214,2026-01-07 22:20:41,C001354,A0001354,M00681,T01024,West,West,53.39,USD,ecommerce,chip_pin,approved,APPROVE,89.25,0.5982072829131653,0,0,0,1,0,0,0,2,14,6,6,0,,0.0,0.005885331106853757,0.005885331106853757
X000242485,2026-01-07 22:21:17,C001980,A0001980,M00191,T00568,Midwest,Midwest,243.42,USD,mobile_wallet,chip_pin,approved,APPROVE,221.06,1.1011490093187368,0,0,0,0,0,1,0,5,40,6,13,25,customer_velocity,0.25,0.012457517685908956,0.25
X000173530,2026-01-07 22:21:27,C001431,A0001431,M00056,T01147,Midwest,Midwest,56.44,USD,card_present,wallet_biometric,approved,APPROVE,35.72,1.58006718924972,0,0,0,0,0,0,0,0,52,10,4,18,terminal_customer_network_burst,0.18,0.012380100949532418,0.18
X000082444,2026-01-07 22:21:31,C000691,A0000691,M00416,T00403,Midwest,West,40.19,USD,card_present,chip_pin,approved,APPROVE,39.53,1.0166961801163672,0,0,0,0,0,0,1,2,40,10,0,45,new_customer_terminal_pair;terminal_customer_network_burst;home_region_mismatch,0.45,0.1314109528331589,0.45
X000079442,2026-01-07 22:21:35,C000669,A0000669,M00416,T00451,West,West,17.71,USD,card_present,3ds,approved,APPROVE,24.18,0.7324234904880067,0,0,0,0,0,0,0,3,15,5,5,0,,0.0,0.006094202352682247,0.006094202352682247
X000040841,2026-01-07 22:22:03,C000347,A0000347,M00093,T01018,Northeast,Northeast,409.79,USD,card_present,wallet_biometric,approved,APPROVE,153.65,2.6670354702245365,0,0,0,0,0,0,0,2,24,6,3,0,,0.0,0.01456249919249558,0.01456249919249558
X000079443,2026-01-07 22:22:25,C000669,A0000669,M00633,T00292,West,West,8.63,USD,ecommerce,chip_pin,approved,APPROVE,24.18,0.3569065343258892,0,0,0,1,0,0,0,4,30,9,2,18,terminal_customer_network_burst,0.18,0.011388472784868767,0.18
X000025731,2026-01-07 22:23:32,C000220,A0000220,M00285,T01108,Midwest,Midwest,234.76,USD,ecommerce,magstripe,approved,APPROVE,356.98,0.6576278783125105,0,0,0,1,1,0,0,4,51,8,14,18,terminal_customer_network_burst,0.18,0.01766095639737894,0.18
X000051665,2026-01-07 22:23:58,C000437,A0000437,M00412,T00593,Northeast,Northeast,33.42,USD,ecommerce,chip_pin,approved,APPROVE,21.49,1.5551419264774315,0,0,0,1,0,0,0,2,30,8,1,18,terminal_customer_network_burst,0.18,0.01343218172408268,0.18
X000006689,2026-01-07 22:23:59,C000060,A0000060,M00120,T00900,Midwest,Midwest,59.01,USD,ecommerce,chip_pin,approved,APPROVE,53.72,1.0984735666418466,0,0,0,1,0,0,0,0,4,1,0,15,new_customer_terminal_pair,0.15,0.0037342697510811653,0.15
X000193631,2026-01-07 22:24:03,C001592,A0001592,M00736,T00065,South,South,172.95,USD,card_present,chip_pin,approved,APPROVE,183.44,0.9428150894025293,0,0,0,0,0,0,0,3,39,13,4,18,terminal_customer_network_burst,0.18,0.018665454888590133,0.18
X000115673,2026-01-07 22:24:37,C000961,A0000961,M00484,T00479,South,South,213.87,USD,ecommerce,3ds,approved,APPROVE,148.91,1.4362366530118864,0,0,0,1,0,0,0,4,41,10,7,18,terminal_customer_network_burst,0.18,0.0173277639390471,0.18
X000147629,2026-01-07 22:24:42,C001220,A0001220,M00560,T00369,West,West,260.36,USD,ecommerce,chip_pin,approved,APPROVE,107.29,2.4266940068971947,0,0,0,1,0,0,0,5,12,5,5,25,customer_velocity,0.25,0.015987167572348658,0.25
X000230099,2026-01-07 22:25:18,C001876,A0001876,M00540,T01173,West,West,43.66,USD,mobile_wallet,wallet_biometric,approved,APPROVE,87.96,0.4963619827194179,0,0,0,0,0,1,0,2,13,3,1,0,,0.0,0.006624498713121066,0.006624498713121066
X000090800,2026-01-07 22:25:28,C000761,A0000761,M00342,T00903,Midwest,Midwest,170.25,USD,card_present,chip_pin,approved,APPROVE,202.51,0.840699224729643,0,0,0,0,0,0,0,3,17,3,8,0,,0.0,0.0045849765173888194,0.0045849765173888194
X000211342,2026-01-07 22:26:22,C001724,A0001724,M00309,T01011,Northeast,Northeast,168.43,USD,card_present,3ds,approved,APPROVE,61.45,2.740927583401139,0,0,0,0,0,0,0,2,30,7,4,0,,0.0,0.016585121585138165,0.016585121585138165
X000004704,2026-01-07 22:26:32,C000043,A0000043,M00709,T01049,Northeast,Northeast,102.84,USD,card_present,chip_pin,approved,APPROVE,66.24,1.552536231884058,0,0,0,0,0,0,0,1,12,6,3,0,,0.0,0.008010219436001458,0.008010219436001458
X000083445,2026-01-07 22:26:42,C000697,A0000697,M00701,T00740,West,West,34.12,USD,card_present,chip_pin,approved,APPROVE,18.65,1.829490616621984,0,0,0,0,0,0,0,1,15,4,3,0,,0.0,0.007132066837295494,0.007132066837295494
X000216963,2026-01-07 22:27:37,C001773,A0001773,M00335,T00138,South,South,1602.52,USD,ecommerce,chip_pin,approved,APPROVE,311.99,5.136446680983364,0,0,0,1,0,0,0,4,41,8,18,48,amount_vs_profile;terminal_customer_network_burst,0.48,0.04221797227574347,0.48
X000083190,2026-01-07 22:28:11,C000696,A0000696,M00145,T00673,Northeast,Northeast,182.93,USD,ecommerce,wallet_biometric,approved,APPROVE,156.98,1.1653076825073259,0,0,0,1,0,0,0,3,10,4,6,0,,0.0,0.006509899998552417,0.006509899998552417
X000059490,2026-01-07 22:28:17,C000506,A0000506,M00731,T00964,Northeast,Northeast,43.62,USD,mobile_wallet,3ds,soft_decline,CHALLENGE,38.27,1.1397961850013063,0,0,1,0,0,1,0,2,35,8,3,26,terminal_customer_network_burst;authentication_soft_decline,0.26,0.06901045587392178,0.26
X000130861,2026-01-07 22:28:19,C001077,A0001077,M00784,T00756,South,South,33.73,USD,mobile_wallet,chip_pin,approved,APPROVE,41.55,0.8117930204572804,0,0,0,0,0,1,0,3,54,12,8,18,terminal_customer_network_burst,0.18,0.02156933458876987,0.18
X000190985,2026-01-07 22:28:23,C001568,A0001568,M00038,T00874,South,South,95.46,USD,card_present,chip_pin,approved,APPROVE,122.57,0.7788202659704658,0,0,0,0,0,0,0,1,85,15,7,18,terminal_customer_network_burst,0.18,0.017877363861371995,0.18
X000111736,2026-01-07 22:29:09,C000933,A0000933,M00549,T00456,South,South,15.64,USD,card_present,wallet_biometric,approved,APPROVE,62.09,0.25189241423739733,0,0,0,0,0,0,0,0,57,18,3,18,terminal_customer_network_burst,0.18,0.01936326059407844,0.18
X000066823,2026-01-07 22:29:31,C000567,A0000567,M00737,T00466,Midwest,Midwest,45.21,USD,card_present,chip_pin,approved,APPROVE,38.16,1.184748427672956,0,0,0,0,0,0,0,0,27,8,2,18,terminal_customer_network_burst,0.18,0.008341560000109556,0.18
X000029510,2026-01-07 22:29:34,C000254,A0000254,M00452,T00329,Northeast,Northeast,554.75,USD,ecommerce,chip_pin,approved,APPROVE,244.89,2.2653027890073094,0,0,0,1,0,0,0,7,55,10,10,43,customer_velocity;terminal_customer_network_burst,0.43,0.032089620148778454,0.43
X000075199,2026-01-07 22:30:32,C000632,A0000632,M00169,T01098,Midwest,Midwest,166.56,USD,card_present,chip_pin,approved,APPROVE,125.48,1.3273828498565508,0,0,0,0,0,0,0,1,16,4,4,0,,0.0,0.005646312177640799,0.005646312177640799
X000202859,2026-01-07 22:30:45,C001661,A0001661,M00758,T00785,Northeast,Northeast,24.55,USD,card_present,3ds,approved,APPROVE,38.15,0.6435124508519005,0,0,0,0,0,0,0,0,33,7,1,0,,0.0,0.006241899174073416,0.006241899174073416
X000074402,2026-01-07 22:31:06,C000629,A0000629,M00391,T01061,Northeast,Northeast,63.35,USD,card_present,3ds,approved,APPROVE,118.88,0.5328903095558547,0,0,0,0,0,0,0,7,33,8,11,43,customer_velocity;terminal_customer_network_burst,0.43,0.011035039679918757,0.43
X000207362,2026-01-07 22:31:14,C001692,A0001692,M00679,T00587,Northeast,Northeast,55.31,USD,ecommerce,3ds,approved,APPROVE,67.58,0.8184374075170169,0,0,0,1,0,0,0,4,40,9,4,18,terminal_customer_network_burst,0.18,0.013198639108927442,0.18
X000240367,2026-01-07 22:31:15,C001961,A0001961,M00077,T00723,South,South,75.11,USD,card_present,chip_pin,approved,APPROVE,100.48,0.7475119426751592,0,0,0,0,0,0,0,8,58,15,13,43,customer_velocity;terminal_customer_network_burst,0.43,0.030539635276689254,0.43
X000135607,2026-01-07 22:31:16,C001114,A0001114,M00074,T01036,South,South,43.54,USD,card_present,magstripe,approved,APPROVE,63.2,0.6889240506329114,0,0,0,0,1,0,0,0,73,11,0,33,new_customer_terminal_pair;terminal_customer_network_burst,0.33,0.025018605166584697,0.33
X000067019,2026-01-07 22:31:37,C000569,A0000569,M00687,T00937,Midwest,Midwest,323.39,USD,card_present,chip_pin,approved,APPROVE,109.96,2.9409785376500546,0,0,0,0,0,0,0,3,11,5,1,0,,0.0,0.01675499052755312,0.01675499052755312
X000243339,2026-01-07 22:32:15,C001986,A0001986,M00433,T00174,Northeast,Midwest,89.52,USD,card_present,3ds,approved,APPROVE,74.42,1.2029024455791453,0,0,0,0,0,0,1,1,39,10,0,45,new_customer_terminal_pair;terminal_customer_network_burst;home_region_mismatch,0.45,0.1264127988232867,0.45
X000018241,2026-01-07 22:32:35,C000156,A0000156,M00051,T00286,South,South,153.25,USD,mobile_wallet,chip_pin,approved,APPROVE,107.47,1.4259793430724854,0,0,0,0,0,1,0,3,48,11,6,18,terminal_customer_network_burst,0.18,0.025752632181032332,0.18
X000240981,2026-01-07 22:32:38,C001967,A0001967,M00763,T00601,South,South,88.53,USD,card_present,chip_pin,approved,APPROVE,81.83,1.0818770622021263,0,0,0,0,0,0,0,1,42,11,5,18,terminal_customer_network_burst,0.18,0.01207903469412936,0.18
X000018402,2026-01-07 22:33:20,C000157,A0000157,M00147,T00338,South,South,32.66,USD,card_present,3ds,approved,APPROVE,57.73,0.5657370517928286,0,0,0,0,0,0,0,2,52,8,3,18,terminal_customer_network_burst,0.18,0.0084676249821388,0.18
X000006690,2026-01-07 22:33:27,C000060,A0000060,M00674,T00232,Midwest,Midwest,17.8,USD,card_present,3ds,approved,APPROVE,53.72,0.33134772896500375,0,0,0,0,0,0,0,1,43,6,5,0,,0.0,0.004952156261207791,0.004952156261207791
X000023000,2026-01-07 22:33:44,C000197,A0000197,M00753,T00413,South,South,91.82,USD,card_present,3ds,approved,APPROVE,131.98,0.695711471435066,0,0,0,0,0,0,0,2,49,15,3,18,terminal_customer_network_burst,0.18,0.02013468543880911,0.18
X000119987,2026-01-07 22:34:35,C000997,A0000997,M00445,T00021,Northeast,Northeast,34.45,USD,mobile_wallet,chip_pin,approved,APPROVE,51.04,0.674960815047022,0,0,0,0,0,1,0,3,43,9,17,18,terminal_customer_network_burst,0.18,0.010471794759221803,0.18
X000195474,2026-01-07 22:34:51,C001606,A0001606,M00037,T00050,West,West,176.71,USD,card_present,3ds,approved,APPROVE,119.37,1.4803551981234817,0,0,0,0,0,0,0,3,16,5,6,0,,0.0,0.00801293472050523,0.00801293472050523
X000196928,2026-01-07 22:35:27,C001618,A0001618,M00756,T00999,West,West,120.36,USD,card_present,chip_pin,approved,APPROVE,140.56,0.8562891291974957,0,0,0,0,0,0,0,7,42,4,15,25,customer_velocity,0.25,0.007060773864200516,0.25
X000022532,2026-01-07 22:35:28,C000195,A0000195,M00260,T00534,West,West,39.66,USD,ecommerce,3ds,approved,APPROVE,82.17,0.4826579043446513,0,0,0,1,0,0,0,2,6,2,4,0,,0.0,0.0036549175333553145,0.0036549175333553145
X000154444,2026-01-07 22:35:34,C001272,A0001272,M00352,T00215,Midwest,Midwest,58.94,USD,card_present,wallet_biometric,approved,APPROVE,37.0,1.592972972972973,0,0,0,0,0,0,0,1,34,7,0,15,new_customer_terminal_pair,0.15,0.010674583759744425,0.15
X000104218,2026-01-07 22:35:39,C000878,A0000878,M00784,T00354,South,South,177.91,USD,card_present,3ds,approved,APPROVE,146.02,1.218394740446514,0,0,0,0,0,0,0,2,38,9,6,18,terminal_customer_network_burst,0.18,0.010867052255634384,0.18
X000225184,2026-01-07 22:35:48,C001836,A0001836,M00788,T00018,South,South,137.54,USD,ecommerce,wallet_biometric,approved,APPROVE,99.19,1.3866317169069462,0,0,0,1,0,0,0,4,50,11,8,18,terminal_customer_network_burst,0.18,0.0189175081081051,0.18
X000014662,2026-01-07 22:35:55,C000125,A0000125,M00737,T00466,Midwest,Midwest,36.63,USD,card_present,3ds,approved,APPROVE,36.25,1.0104827586206897,0,0,0,0,0,0,0,3,28,8,3,18,terminal_customer_network_burst,0.18,0.010716141649736452,0.18
X000090801,2026-01-07 22:36:02,C000761,A0000761,M00517,T00531,Midwest,Midwest,507.17,USD,card_present,3ds,approved,APPROVE,202.51,2.504419534837786,0,0,0,0,0,0,0,4,25,5,5,0,,0.0,0.0143936932300846,0.0143936932300846
X000035805,2026-01-07 22:36:20,C000305,A0000305,M00422,T00197,Midwest,Midwest,51.08,USD,card_present,chip_pin,approved,APPROVE,55.57,0.9192010077379881,0,0,0,0,0,0,0,0,10,4,1,0,,0.0,0.004615069930348054,0.004615069930348054
X000206458,2026-01-07 22:36:22,C001686,A0001686,M00245,T00626,West,West,79.49,USD,card_present,chip_pin,approved,APPROVE,109.29,0.7273309543416597,0,0,0,0,0,0,0,3,15,5,6,0,,0.0,0.005888150727715421,0.005888150727715421
X000074908,2026-01-07 22:37:08,C000631,A0000631,M00219,T00193,Northeast,Northeast,272.75,USD,ecommerce,chip_pin,approved,APPROVE,287.17,0.9497858411393947,0,0,0,1,0,0,0,9,36,5,8,25,customer_velocity,0.25,0.013561755801081645,0.25
X000161726,2026-01-07 22:37:13,C001334,A0001334,M00503,T00131,West,West,311.84,USD,ecommerce,chip_pin,approved,APPROVE,61.91,5.036989177838798,0,0,0,1,0,0,0,3,23,9,3,48,amount_vs_profile;terminal_customer_network_burst,0.48,0.06179747831083874,0.48
X000115674,2026-01-07 22:37:30,C000961,A0000961,M00484,T00479,South,South,93.59,USD,ecommerce,3ds,approved,APPROVE,148.91,0.6285004365052717,0,0,0,1,0,0,0,5,42,10,8,43,customer_velocity;terminal_customer_network_burst,0.43,0.013654733038126459,0.43
X000008512,2026-01-07 22:38:13,C000078,A0000078,M00740,T00080,Northeast,Northeast,163.79,USD,ecommerce,3ds,approved,APPROVE,106.16,1.5428598342125095,0,0,0,1,0,0,0,1,45,10,0,33,new_customer_terminal_pair;terminal_customer_network_burst,0.33,0.016135621119571328,0.33
X000227303,2026-01-07 22:38:25,C001853,A0001853,M00553,T00807,West,West,317.88,USD,ecommerce,chip_pin,approved,APPROVE,242.76,1.3094414236282748,0,0,0,1,0,0,0,4,10,2,9,0,,0.0,0.005560624824007942,0.005560624824007942
X000190291,2026-01-07 22:39:07,C001563,A0001563,M00423,T00106,South,South,146.81,USD,card_present,magstripe,approved,APPROVE,256.53,0.5722917397575333,0,0,0,0,1,0,0,4,27,8,5,18,terminal_customer_network_burst,0.18,0.020300082422489443,0.18
X000023424,2026-01-07 22:39:15,C000200,A0000200,M00531,T00724,Midwest,Midwest,64.18,USD,ecommerce,chip_pin,approved,APPROVE,41.87,1.5328397420587536,0,0,0,1,0,0,0,2,16,5,7,0,,0.0,0.00743697432543367,0.00743697432543367
X000097722,2026-01-07 22:39:16,C000819,A0000819,M00013,T00686,South,South,37.11,USD,mobile_wallet,3ds,approved,APPROVE,37.28,0.9954399141630901,0,0,0,0,0,1,0,1,51,10,4,18,terminal_customer_network_burst,0.18,0.016443735117127368,0.18
X000020073,2026-01-07 22:39:59,C000174,A0000174,M00241,T01148,West,West,23.69,USD,mobile_wallet,chip_pin,approved,APPROVE,20.52,1.1544834307992204,0,0,0,0,0,1,0,0,7,2,6,0,,0.0,0.005094334938027443,0.005094334938027443
X000243482,2026-01-07 22:40:06,C001987,A0001987,M00784,T00756,South,South,776.67,USD,ecommerce,3ds,approved,APPROVE,186.83,4.157094685007761,0,0,0,1,0,0,0,7,55,12,15,73,amount_vs_profile;customer_velocity;terminal_customer_network_burst,0.73,0.07186692765193896,0.73
X000164923,2026-01-07 22:40:24,C001361,A0001361,M00166,T00474,Northeast,Northeast,88.75,USD,ecommerce,wallet_biometric,approved,APPROVE,54.12,1.6398743532889875,0,0,0,1,0,0,0,1,11,4,2,0,,0.0,0.0071224469350394315,0.0071224469350394315
X000086623,2026-01-07 22:40:42,C000727,A0000727,M00767,T00890,South,South,178.43,USD,card_present,chip_pin,approved,APPROVE,98.78,1.8063373152460012,0,0,0,0,0,0,0,2,47,7,10,0,,0.0,0.009798967275416213,0.009798967275416213
X000094227,2026-01-07 22:41:03,C000789,A0000789,M00459,T00204,Northeast,Northeast,65.01,USD,card_present,chip_pin,approved,APPROVE,111.23,0.5844646228535467,0,0,0,0,0,0,0,7,49,8,17,43,customer_velocity;terminal_customer_network_burst,0.43,0.009676414348275581,0.43
X000178192,2026-01-07 22:41:56,C001466,A0001466,M00508,T01195,Northeast,Northeast,27.15,USD,card_present,3ds,approved,APPROVE,48.39,0.5610663360198388,0,0,0,0,0,0,0,4,18,5,7,0,,0.0,0.006038128987061073,0.006038128987061073
X000125374,2026-01-07 22:42:04,C001033,A0001033,M00270,T00935,South,South,31.66,USD,card_present,wallet_biometric,approved,APPROVE,19.63,1.6128374936321956,0,0,0,0,0,0,0,1,21,6,3,0,,0.0,0.008399715192130565,0.008399715192130565
X000065141,2026-01-07 22:42:05,C000552,A0000552,M00335,T00138,South,South,97.69,USD,ecommerce,3ds,approved,APPROVE,37.61,2.5974474873703803,0,0,0,1,0,0,0,5,42,8,4,43,customer_velocity;terminal_customer_network_burst,0.43,0.02703391515921201,0.43
X000219376,2026-01-07 22:42:15,C001792,A0001792,M00093,T01018,Northeast,Northeast,86.08,USD,ecommerce,3ds,approved,APPROVE,54.3,1.585267034990792,0,0,0,1,0,0,0,0,25,6,4,0,,0.0,0.007624925997332538,0.007624925997332538
X000048211,2026-01-07 22:42:23,C000405,A0000405,M00516,T00435,Northeast,Northeast,37.2,USD,card_present,3ds,approved,APPROVE,61.46,0.6052717214448422,0,0,0,0,0,0,0,6,28,7,4,25,customer_velocity,0.25,0.011115614131800074,0.25
X000226778,2026-01-07 22:43:20,C001849,A0001849,M00517,T00647,Midwest,Midwest,95.74,USD,card_present,3ds,approved,APPROVE,44.91,2.1318191939434423,0,0,0,0,0,0,0,0,28,7,2,0,,0.0,0.010905287005024376,0.010905287005024376
X000107039,2026-01-07 22:44:08,C000897,A0000897,M00495,T00738,Midwest,Midwest,68.44,USD,ecommerce,chip_pin,approved,APPROVE,33.2,2.06144578313253,0,0,0,1,0,0,0,2,34,7,2,0,,0.0,0.01433149903056159,0.01433149903056159
X000079178,2026-01-07 22:44:09,C000667,A0000667,M00679,T00587,Northeast,Northeast,46.51,USD,card_present,wallet_biometric,approved,APPROVE,68.9,0.6750362844702467,0,0,0,0,0,0,0,4,41,9,2,18,terminal_customer_network_burst,0.18,0.01262665331096122,0.18
X000163656,2026-01-07 22:44:23,C001349,A0001349,M00249,T00554,South,South,531.27,USD,card_present,3ds,approved,APPROVE,146.0,3.638835616438356,0,0,0,0,0,0,0,5,40,10,5,73,amount_vs_profile;customer_velocity;terminal_customer_network_burst,0.73,0.046910750621321294,0.73
X000182703,2026-01-07 22:44:47,C001503,A0001503,M00695,T00203,Midwest,Midwest,112.86,USD,card_present,chip_pin,soft_decline,CHALLENGE,113.48,0.9945364821995065,0,0,1,0,0,0,0,5,31,6,9,33,customer_velocity;authentication_soft_decline,0.33,0.04061791284946753,0.33
X000119788,2026-01-07 22:44:52,C000995,A0000995,M00553,T00398,West,West,245.04,USD,mobile_wallet,3ds,approved,APPROVE,167.73,1.4609193346449652,0,0,0,0,0,1,0,1,17,7,3,0,,0.0,0.013214303539712612,0.013214303539712612
X000077035,2026-01-07 22:45:08,C000648,A0000648,M00409,T00971,Northeast,Northeast,43.05,USD,card_present,chip_pin,approved,APPROVE,27.92,1.5419054441260742,0,0,0,0,0,0,0,4,23,6,3,0,,0.0,0.011648056798029386,0.011648056798029386
X000012385,2026-01-07 22:45:30,C000108,A0000108,M00055,T01044,South,South,11.69,USD,card_present,chip_pin,approved,APPROVE,37.77,0.3095048980672491,0,0,0,0,0,0,0,3,59,14,3,18,terminal_customer_network_burst,0.18,0.0176729003603238,0.18
X000012067,2026-01-07 22:45:50,C000106,A0000106,M00270,T00562,Midwest,South,74.93,USD,ecommerce,chip_pin,approved,APPROVE,56.26,1.3318521151795237,0,0,0,1,0,0,1,4,38,7,0,27,new_customer_terminal_pair;home_region_mismatch,0.27,0.13801817534150476,0.27
X000064135,2026-01-07 22:45:55,C000544,A0000544,M00687,T00937,Midwest,Midwest,85.58,USD,ecommerce,3ds,approved,APPROVE,82.81,1.0334500664170994,0,0,0,1,0,0,0,0,12,5,3,0,,0.0,0.005409724492335935,0.005409724492335935
X000212538,2026-01-07 22:45:58,C001734,A0001734,M00064,T00627,Midwest,Midwest,71.41,USD,card_present,wallet_biometric,approved,APPROVE,65.75,1.086083650190114,0,0,0,0,0,0,0,2,28,9,4,18,terminal_customer_network_burst,0.18,0.01070878527006297,0.18
X000046696,2026-01-07 22:46:09,C000393,A0000393,M00647,T01037,West,West,322.08,USD,ecommerce,chip_pin,approved,APPROVE,236.28,1.3631284916201116,0,0,0,1,0,0,0,3,29,5,5,0,,0.0,0.008606888270885092,0.008606888270885092
X000089951,2026-01-07 22:46:51,C000752,A0000752,M00427,T01200,South,South,47.96,USD,mobile_wallet,3ds,approved,APPROVE,69.3,0.6920634920634922,0,0,0,0,0,1,0,0,34,9,2,18,terminal_customer_network_burst,0.18,0.011762652482481251,0.18
X000044112,2026-01-07 22:47:26,C000375,A0000375,M00196,T00915,Midwest,Midwest,26.51,USD,card_present,3ds,approved,APPROVE,28.75,0.9220869565217392,0,0,0,0,0,0,0,1,16,8,3,18,terminal_customer_network_burst,0.18,0.007936192981870335,0.18
X000151165,2026-01-07 22:47:34,C001242,A0001242,M00020,T00130,South,South,100.99,USD,card_present,chip_pin,approved,APPROVE,122.13,0.8269057561614673,0,0,0,0,0,0,0,3,43,12,12,18,terminal_customer_network_burst,0.18,0.012389930951174015,0.18
X000157930,2026-01-07 22:48:02,C001299,A0001299,M00723,T01112,Midwest,Midwest,38.98,USD,card_present,3ds,approved,APPROVE,66.29,0.5880223261427062,0,0,0,0,0,0,0,0,6,2,3,0,,0.0,0.002951771828385012,0.002951771828385012
X000056837,2026-01-07 22:48:05,C000481,A0000481,M00393,T00239,Northeast,Northeast,73.95,USD,ecommerce,magstripe,approved,APPROVE,78.62,0.9406003561434749,0,0,0,1,1,0,0,1,43,10,3,18,terminal_customer_network_burst,0.18,0.024554397349981036,0.18
X000039671,2026-01-07 22:48:17,C000337,A0000337,M00411,T00744,West,West,74.85,USD,ecommerce,wallet_biometric,approved,APPROVE,43.99,1.7015230734257785,0,0,0,1,0,0,0,1,19,5,3,0,,0.0,0.008121511422860208,0.008121511422860208
X000037623,2026-01-07 22:48:30,C000321,A0000321,M00797,T00303,South,South,35.17,USD,card_present,chip_pin,approved,APPROVE,33.78,1.0411486086441681,0,0,0,0,0,0,0,0,38,10,5,18,terminal_customer_network_burst,0.18,0.009303059843283518,0.18
X000108491,2026-01-07 22:48:51,C000909,A0000909,M00329,T00094,Midwest,Midwest,89.26,USD,card_present,wallet_biometric,approved,APPROVE,32.94,2.709775349119612,0,0,0,0,0,0,0,3,16,5,2,0,,0.0,0.014975625142707694,0.014975625142707694
X000066570,2026-01-07 22:49:05,C000565,A0000565,M00696,T00129,Midwest,Midwest,8.24,USD,ecommerce,3ds,approved,APPROVE,24.38,0.33798195242001644,0,0,0,1,0,0,0,3,17,4,3,0,,0.0,0.0052186043971093445,0.0052186043971093445
X000193632,2026-01-07 22:49:14,C001592,A0001592,M00712,T00064,South,South,343.94,USD,ecommerce,3ds,approved,APPROVE,183.44,1.874945486262538,0,0,0,1,0,0,0,4,48,14,5,18,terminal_customer_network_burst,0.18,0.03557842475560793,0.18
X000228900,2026-01-07 22:49:23,C001865,A0001865,M00770,T00870,Midwest,Midwest,270.87,USD,mobile_wallet,wallet_biometric,approved,APPROVE,163.63,1.655381042596101,0,0,0,0,0,1,0,2,23,4,8,0,,0.0,0.009759885507573535,0.009759885507573535
X000142965,2026-01-07 22:50:06,C001178,A0001178,M00770,T01186,Midwest,Midwest,96.27,USD,card_present,3ds,approved,APPROVE,78.42,1.227620504973221,0,0,0,0,0,0,0,0,10,4,1,0,,0.0,0.005231627855178779,0.005231627855178779
X000238726,2026-01-07 22:50:10,C001948,A0001948,M00309,T01011,Northeast,Northeast,178.36,USD,mobile_wallet,3ds,approved,APPROVE,121.1,1.4728323699421968,0,0,0,0,0,1,0,5,31,7,9,25,customer_velocity,0.25,0.018070776271872674,0.25
X000119988,2026-01-07 22:50:21,C000997,A0000997,M00445,T00021,Northeast,Northeast,51.29,USD,card_present,3ds,approved,APPROVE,51.04,1.004898119122257,0,0,0,0,0,0,0,4,44,9,18,18,terminal_customer_network_burst,0.18,0.008688081690173476,0.18
X000178274,2026-01-07 22:50:50,C001467,A0001467,M00213,T01006,Northeast,Northeast,38.33,USD,ecommerce,wallet_biometric,approved,APPROVE,43.16,0.8880908248378129,0,0,0,1,0,0,0,0,22,11,0,33,new_customer_terminal_pair;terminal_customer_network_burst,0.33,0.011699694613721836,0.33
X000135680,2026-01-07 22:51:06,C001115,A0001115,M00788,T00018,South,South,137.42,USD,card_present,chip_pin,approved,APPROVE,73.67,1.8653454594814711,0,0,0,0,0,0,0,1,51,11,2,18,terminal_customer_network_burst,0.18,0.018647537401825683,0.18
X000235645,2026-01-07 22:51:23,C001921,A0001921,M00213,T00320,Northeast,Northeast,129.02,USD,mobile_wallet,chip_pin,approved,APPROVE,85.31,1.5123666627593484,0,0,0,0,0,1,0,0,23,5,0,15,new_customer_terminal_pair,0.15,0.010613114438544907,0.15
X000039267,2026-01-07 22:53:08,C000334,A0000334,M00478,T00667,Midwest,Midwest,18.43,USD,ecommerce,wallet_biometric,approved,APPROVE,35.82,0.5145170295924064,0,0,0,1,0,0,0,3,47,8,6,18,terminal_customer_network_burst,0.18,0.008814773771845653,0.18
X000168222,2026-01-07 22:53:57,C001391,A0001391,M00769,T00996,West,West,53.8,USD,ecommerce,wallet_biometric,approved,APPROVE,73.89,0.7281093517390715,0,0,0,1,0,0,0,2,38,6,7,0,,0.0,0.006388300876186673,0.006388300876186673
X000090424,2026-01-07 22:54:07,C000757,A0000757,M00077,T00306,South,South,52.94,USD,ecommerce,chip_pin,approved,APPROVE,41.63,1.2716790775882776,0,0,0,1,0,0,0,1,38,11,0,33,new_customer_terminal_pair;terminal_customer_network_burst,0.33,0.015978920090032808,0.33
X000091534,2026-01-07 22:54:11,C000768,A0000768,M00437,T00942,West,West,49.75,USD,card_present,chip_pin,approved,APPROVE,66.84,0.7443147815679234,0,0,0,0,0,0,0,0,10,3,1,0,,0.0,0.0038179707862388214,0.0038179707862388214
X000057740,2026-01-07 22:55:07,C000490,A0000490,M00302,T00325,West,Northeast,24.78,USD,ecommerce,chip_pin,approved,APPROVE,37.56,0.6597444089456869,0,0,0,1,0,0,1,2,22,5,0,27,new_customer_terminal_pair;home_region_mismatch,0.27,0.06775487624865072,0.27
X000127893,2026-01-07 22:55:12,C001053,A0001053,M00077,T00723,South,South,41.72,USD,card_present,chip_pin,approved,APPROVE,55.94,0.7457990704326064,0,0,0,0,0,0,0,3,59,15,6,18,terminal_customer_network_burst,0.18,0.021494191249813863,0.18
X000031290,2026-01-07 22:56:05,C000265,A0000265,M00687,T01115,Midwest,Midwest,21.96,USD,ecommerce,3ds,approved,APPROVE,31.53,0.6964795432921027,0,0,0,1,0,0,0,3,27,4,6,0,,0.0,0.00562122592455721,0.00562122592455721
X000145300,2026-01-07 22:56:22,C001196,A0001196,M00430,T00430,South,South,225.36,USD,card_present,3ds,approved,APPROVE,146.0,1.5435616438356166,0,0,0,0,0,0,0,1,19,6,6,0,,0.0,0.007375726313727396,0.007375726313727396
X000220547,2026-01-07 22:56:27,C001800,A0001800,M00172,T00722,Northeast,Northeast,164.72,USD,card_present,magstripe,approved,APPROVE,186.73,0.8821292775665399,0,0,0,0,1,0,0,9,59,9,17,43,customer_velocity;terminal_customer_network_burst,0.43,0.03393893323977686,0.43
X000034861,2026-01-07 22:56:41,C000296,A0000296,M00747,T00259,West,West,42.6,USD,ecommerce,wallet_biometric,approved,APPROVE,35.18,1.2109152927799887,0,0,0,1,0,0,0,2,14,3,7,0,,0.0,0.005125297618911084,0.005125297618911084
X000218358,2026-01-07 22:57:05,C001784,A0001784,M00433,T00752,Midwest,Midwest,33.78,USD,card_present,3ds,approved,APPROVE,55.21,0.6118456801304112,0,0,0,0,0,0,0,1,25,6,5,0,,0.0,0.005299498586842439,0.005299498586842439
X000103950,2026-01-07 22:57:14,C000875,A0000875,M00541,T00575,South,South,83.25,USD,ecommerce,3ds,approved,APPROVE,68.19,1.2208534975802905,0,0,0,1,0,0,0,0,25,5,6,0,,0.0,0.005477741555750826,0.005477741555750826
X000208450,2026-01-07 22:57:33,C001702,A0001702,M00092,T00788,West,West,58.09,USD,mobile_wallet,3ds,approved,APPROVE,260.4,0.2230798771121352,0,0,0,0,0,1,0,3,50,8,9,18,terminal_customer_network_burst,0.18,0.010212520310538984,0.18
X000178478,2026-01-07 22:58:02,C001470,A0001470,M00392,T00577,Midwest,Midwest,108.63,USD,card_present,3ds,approved,APPROVE,151.7,0.7160843770599868,0,0,0,0,0,0,0,0,17,3,9,0,,0.0,0.0029651618740414052,0.0029651618740414052
X000054954,2026-01-07 22:58:07,C000465,A0000465,M00532,T00040,Midwest,West,72.68,USD,ecommerce,wallet_biometric,approved,APPROVE,44.58,1.6303275011215794,0,0,0,1,0,0,1,6,25,6,0,52,customer_velocity;new_customer_terminal_pair;home_region_mismatch,0.52,0.1643265059765347,0.52
X000056180,2026-01-07 22:58:18,C000475,A0000475,M00297,T00721,Northeast,Northeast,161.36,USD,card_present,chip_pin,approved,APPROVE,177.62,0.9084562549262472,0,0,0,0,0,0,0,1,37,9,7,18,terminal_customer_network_burst,0.18,0.00823700960859727,0.18
X000210136,2026-01-07 22:58:58,C001714,A0001714,M00486,T00218,South,South,87.75,USD,card_present,wallet_biometric,approved,APPROVE,80.25,1.0934579439252337,0,0,0,0,0,0,0,6,34,5,9,25,customer_velocity,0.25,0.009250442840071304,0.25
X000037300,2026-01-07 22:59:27,C000319,A0000319,M00184,T00927,South,South,54.52,USD,ecommerce,chip_pin,approved,APPROVE,48.86,1.1158411788784282,0,0,0,1,0,0,0,5,73,14,6,43,customer_velocity;terminal_customer_network_burst,0.43,0.03047452798907826,0.43
X000167624,2026-01-07 22:59:38,C001385,A0001385,M00377,T00663,Midwest,Midwest,74.2,USD,ecommerce,wallet_biometric,approved,APPROVE,49.85,1.4884653961885657,0,0,0,1,0,0,0,3,18,7,2,0,,0.0,0.012269879076956279,0.012269879076956279
X000162964,2026-01-07 22:59:57,C001345,A0001345,M00695,T00203,Midwest,Midwest,164.65,USD,ecommerce,3ds,approved,APPROVE,169.46,0.9716157205240175,0,0,0,1,0,0,0,3,32,6,9,0,,0.0,0.0073192139767635465,0.0073192139767635465
X000037301,2026-01-07 23:00:20,C000319,A0000319,M00262,T00060,South,South,54.8,USD,ecommerce,chip_pin,approved,APPROVE,48.86,1.121571837904216,1,0,0,1,0,0,0,6,36,10,4,51,customer_velocity;terminal_customer_network_burst;night_activity,0.51,0.029346854323154797,0.51
X000059994,2026-01-07 23:00:35,C000511,A0000511,M00569,T00983,South,South,37.47,USD,ecommerce,chip_pin,approved,APPROVE,42.14,0.8891789273849074,1,0,0,1,0,0,0,2,31,7,2,8,night_activity,0.08,0.012486868812639187,0.08
X000181334,2026-01-07 23:00:58,C001491,A0001491,M00567,T01019,Northeast,Northeast,45.45,USD,card_present,chip_pin,approved,APPROVE,43.9,1.0353075170842825,1,0,0,0,0,0,0,3,43,9,2,26,terminal_customer_network_burst;night_activity,0.26,0.018382067769537873,0.26
X000119166,2026-01-07 23:01:02,C000987,A0000987,M00193,T01056,West,West,36.01,USD,ecommerce,magstripe,approved,APPROVE,52.63,0.6842105263157894,1,0,0,1,1,0,0,1,14,5,1,28,ecommerce_authentication_shift;night_activity,0.28,0.01722050972741147,0.28
X000013886,2026-01-07 23:01:26,C000118,A0000118,M00790,T01171,Northeast,Northeast,272.77,USD,ecommerce,chip_pin,approved,APPROVE,129.51,2.10616940776774,1,0,0,1,0,0,0,4,15,5,6,8,night_activity,0.08,0.01718230564000445,0.08
X000007298,2026-01-07 23:01:41,C000068,A0000068,M00597,T00544,Midwest,Midwest,130.11,USD,mobile_wallet,3ds,approved,APPROVE,170.95,0.7610997367651361,1,0,0,0,0,1,0,3,7,4,3,8,night_activity,0.08,0.012144345100975038,0.08
X000210137,2026-01-07 23:01:44,C001714,A0001714,M00127,T00699,South,South,74.13,USD,ecommerce,chip_pin,approved,APPROVE,80.25,0.9237383177570093,1,0,0,1,0,0,0,7,29,7,15,33,customer_velocity;night_activity,0.33,0.014857546784174076,0.33
X000184565,2026-01-07 23:01:48,C001521,A0001521,M00295,T00425,South,South,388.41,USD,ecommerce,magstripe,approved,APPROVE,233.38,1.6642814294284,1,0,0,1,1,0,0,3,64,16,6,46,terminal_customer_network_burst;ecommerce_authentication_shift;night_activity,0.46,0.10594307305909921,0.46
X000101606,2026-01-07 23:01:52,C000855,A0000855,M00635,T00849,Midwest,Midwest,89.85,USD,mobile_wallet,chip_pin,approved,APPROVE,49.93,1.7995193270578809,1,0,0,0,0,1,0,1,22,8,2,26,terminal_customer_network_burst;night_activity,0.26,0.02500486733717304,0.26
X000176400,2026-01-07 23:03:17,C001454,A0001454,M00267,T00878,West,West,23.63,USD,ecommerce,3ds,approved,APPROVE,29.3,0.8064846416382252,1,0,0,1,0,0,0,0,14,4,3,8,night_activity,0.08,0.006220932369050166,0.08
X000007971,2026-01-07 23:03:42,C000073,A0000073,M00069,T00652,West,West,346.17,USD,card_present,3ds,approved,APPROVE,150.97,2.2929721136649666,1,0,0,0,0,0,0,3,23,4,7,8,night_activity,0.08,0.013748604991222027,0.08
X000238925,2026-01-07 23:04:10,C001949,A0001949,M00191,T00188,Midwest,Midwest,22.17,USD,mobile_wallet,wallet_biometric,approved,APPROVE,41.15,0.538760631834751,1,0,0,0,0,1,0,5,28,6,6,33,customer_velocity;night_activity,0.33,0.016974247720711717,0.33
X000176401,2026-01-07 23:04:11,C001454,A0001454,M00032,T00431,West,West,29.99,USD,card_present,chip_pin,approved,APPROVE,29.3,1.0235494880546074,1,0,0,0,0,0,0,1,7,5,2,8,night_activity,0.08,0.008265160879603049,0.08
X000013212,2026-01-07 23:04:14,C000115,A0000115,M00050,T01119,Midwest,Midwest,101.89,USD,card_present,wallet_biometric,approved,APPROVE,73.53,1.3856929144566843,1,0,0,0,0,0,0,5,43,8,9,51,customer_velocity;terminal_customer_network_burst;night_activity,0.51,0.018979246538369476,0.51
X000144646,2026-01-07 23:04:36,C001191,A0001191,M00400,T00241,West,West,13.99,USD,card_present,chip_pin,soft_decline,CHALLENGE,15.18,0.9216073781291173,1,0,1,0,0,0,0,2,34,7,5,16,night_activity;authentication_soft_decline,0.16,0.05011263920627018,0.16
X000063873,2026-01-07 23:04:40,C000542,A0000542,M00008,T01199,West,West,94.97,USD,card_present,chip_pin,approved,APPROVE,213.02,0.44582668294056893,1,0,0,0,0,0,0,4,9,3,5,8,night_activity,0.08,0.0066946920301364015,0.08
X000000931,2026-01-07 23:05:12,C000010,A0000010,M00634,T01016,Northeast,Northeast,28.3,USD,card_present,chip_pin,approved,APPROVE,31.54,0.897273303741281,1,0,0,0,0,0,0,0,36,8,3,26,terminal_customer_network_burst;night_activity,0.26,0.010376173689061356,0.26
X000004893,2026-01-07 23:05:15,C000045,A0000045,M00207,T00387,West,West,56.82,USD,card_present,chip_pin,approved,APPROVE,25.21,2.2538675128917096,1,0,0,0,0,0,0,1,13,8,4,26,terminal_customer_network_burst;night_activity,0.26,0.018389475711249385,0.26
X000235090,2026-01-07 23:05:22,C001917,A0001917,M00223,T00651,South,South,187.38,USD,ecommerce,3ds,approved,APPROVE,143.14,1.3090680452703647,1,0,0,1,0,0,0,5,38,10,4,51,customer_velocity;terminal_customer_network_burst;night_activity,0.51,0.02833188115928615,0.51
X000033904,2026-01-07 23:05:24,C000289,A0000289,M00125,T00414,West,West,189.59,USD,card_present,chip_pin,approved,APPROVE,157.83,1.2012291706266236,1,0,0,0,0,0,0,3,23,5,7,8,night_activity,0.08,0.009950924138541262,0.08
X000132060,2026-01-07 23:05:26,C001088,A0001088,M00333,T00400,Midwest,Midwest,39.46,USD,ecommerce,magstripe,approved,APPROVE,66.04,0.5975166565717747,1,0,0,1,1,0,0,1,17,7,4,28,ecommerce_authentication_shift;night_activity,0.28,0.019234603458334564,0.28
X000207363,2026-01-07 23:06:09,C001692,A0001692,M00679,T00587,Northeast,Northeast,95.41,USD,card_present,chip_pin,approved,APPROVE,67.58,1.4118082272861794,1,0,0,0,0,0,0,4,42,9,5,26,terminal_customer_network_burst;night_activity,0.26,0.021750460260946236,0.26
X000127031,2026-01-07 23:07:04,C001046,A0001046,M00120,T00900,Northeast,Midwest,21.75,USD,card_present,chip_pin,approved,APPROVE,61.16,0.35562459123610207,1,0,0,0,0,0,1,0,5,2,0,35,new_customer_terminal_pair;night_activity;home_region_mismatch,0.35,0.04353880690398338,0.35
X000205597,2026-01-07 23:07:06,C001679,A0001679,M00342,T00375,Midwest,Midwest,421.72,USD,card_present,3ds,approved,APPROVE,208.94,2.0183784818608212,1,0,0,0,0,0,0,4,59,11,18,26,terminal_customer_network_burst;night_activity,0.26,0.024143628063995635,0.26
X000225185,2026-01-07 23:07:15,C001836,A0001836,M00524,T00500,South,West,89.28,USD,card_present,chip_pin,approved,APPROVE,99.19,0.9000907349531203,1,0,0,0,0,0,1,5,15,6,0,60,customer_velocity;new_customer_terminal_pair;night_activity;home_region_mismatch,0.6,0.1448681300207987,0.6
X000068828,2026-01-07 23:07:55,C000585,A0000585,M00787,T00660,South,South,37.41,USD,card_present,chip_pin,approved,APPROVE,42.72,0.8757022471910112,1,0,0,0,0,0,0,1,20,8,0,41,new_customer_terminal_pair;terminal_customer_network_burst;night_activity,0.41,0.01222042940631089,0.41
X000072040,2026-01-07 23:07:57,C000610,A0000610,M00441,T01043,West,West,178.19,USD,ecommerce,3ds,approved,APPROVE,97.14,1.8343627753757463,1,0,0,1,0,0,0,7,34,6,22,33,customer_velocity;night_activity,0.33,0.015429647546114384,0.33
X000118340,2026-01-07 23:08:08,C000979,A0000979,M00393,T00239,Northeast,Northeast,85.81,USD,ecommerce,wallet_biometric,approved,APPROVE,67.03,1.2801730568402208,1,0,0,1,0,0,0,0,44,10,1,26,terminal_customer_network_burst;night_activity,0.26,0.017569856934374718,0.26
X000046697,2026-01-07 23:08:11,C000393,A0000393,M00509,T01064,West,West,199.09,USD,card_present,3ds,approved,APPROVE,236.28,0.8426019976299306,1,0,0,0,0,0,0,4,23,5,6,8,night_activity,0.08,0.009990479757184383,0.08
X000087868,2026-01-07 23:08:11,C000738,A0000738,M00316,T00389,South,South,47.24,USD,card_present,chip_pin,approved,APPROVE,42.09,1.1223568543597053,1,0,0,0,0,0,0,0,54,10,4,26,terminal_customer_network_burst;night_activity,0.26,0.014571692353367104,0.26
X000074909,2026-01-07 23:08:14,C000631,A0000631,M00044,T01081,Northeast,Northeast,311.5,USD,card_present,chip_pin,approved,APPROVE,287.17,1.0847233346101612,1,0,0,0,0,0,0,10,52,12,13,71,customer_velocity;high_customer_velocity;terminal_customer_network_burst;night_activity,0.71,0.04272959217611989,0.71
X000076420,2026-01-07 23:08:43,C000643,A0000643,M00445,T00021,Northeast,Northeast,64.58,USD,ecommerce,3ds,approved,APPROVE,44.49,1.4515621487974826,1,0,0,1,0,0,0,3,45,9,7,26,terminal_customer_network_burst;night_activity,0.26,0.019622082456270253,0.26
X000228136,2026-01-07 23:09:57,C001858,A0001858,M00524,T00477,West,West,47.19,USD,ecommerce,chip_pin,approved,APPROVE,63.67,0.7411653840113083,1,0,0,1,0,0,0,2,15,4,6,8,night_activity,0.08,0.006969334592392141,0.08
X000122491,2026-01-07 23:10:02,C001016,A0001016,M00326,T00288,Northeast,Northeast,30.3,USD,ecommerce,wallet_biometric,approved,APPROVE,27.66,1.0954446854663775,1,0,0,1,0,0,0,3,21,7,5,8,night_activity,0.08,0.013498251281408781,0.08
X000051454,2026-01-07 23:10:55,C000435,A0000435,M00056,T01147,Midwest,Midwest,98.21,USD,ecommerce,3ds,approved,APPROVE,56.36,1.7425479063165366,1,0,0,1,0,0,0,2,53,10,2,26,terminal_customer_network_burst;night_activity,0.26,0.02638586794996044,0.26
X000188374,2026-01-07 23:11:09,C001548,A0001548,M00404,T00936,Northeast,Northeast,34.3,USD,card_present,chip_pin,approved,APPROVE,35.54,0.9651097355092852,1,0,0,0,0,0,0,1,7,5,3,8,night_activity,0.08,0.007815450198562774,0.08
X000243054,2026-01-07 23:11:13,C001983,A0001983,M00604,T00623,Northeast,Northeast,4.91,USD,ecommerce,chip_pin,approved,APPROVE,16.42,0.2990255785627284,1,0,0,1,0,0,0,1,25,9,2,26,terminal_customer_network_burst;night_activity,0.26,0.010908585048640979,0.26
X000077721,2026-01-07 23:12:06,C000654,A0000654,M00736,T00065,South,South,32.27,USD,card_present,chip_pin,approved,APPROVE,57.79,0.5584011074580378,1,0,0,0,0,0,0,4,40,13,3,26,terminal_customer_network_burst;night_activity,0.26,0.026106318980228697,0.26
X000070196,2026-01-07 23:12:33,C000597,A0000597,M00592,T00719,South,South,192.64,USD,ecommerce,chip_pin,approved,APPROVE,149.87,1.2853806632414757,1,0,0,1,0,0,0,8,43,10,15,51,customer_velocity;terminal_customer_network_burst;night_activity,0.51,0.028318773065316827,0.51
X000149002,2026-01-07 23:13:08,C001227,A0001227,M00619,T00982,West,West,52.29,USD,mobile_wallet,chip_pin,approved,APPROVE,37.27,1.403005097933995,1,0,0,0,0,1,0,3,25,7,4,8,night_activity,0.08,0.02262982866518755,0.08
X000029267,2026-01-07 23:13:30,C000253,A0000253,M00626,T01083,South,South,649.01,USD,card_present,magstripe,approved,APPROVE,203.2,3.1939468503937007,1,0,0,0,1,0,0,4,36,6,8,38,amount_vs_profile;night_activity,0.38,0.05893184178933467,0.38
X000156110,2026-01-07 23:13:44,C001285,A0001285,M00706,T00856,South,Northeast,30.86,USD,ecommerce,chip_pin,approved,APPROVE,43.38,0.7113877362840018,1,0,0,1,0,0,1,1,13,5,0,35,new_customer_terminal_pair;night_activity;home_region_mismatch,0.35,0.08357121172753204,0.35
X000018242,2026-01-07 23:14:14,C000156,A0000156,M00549,T00456,South,South,161.5,USD,mobile_wallet,chip_pin,approved,APPROVE,107.47,1.50274495207965,1,0,0,0,0,1,0,4,58,18,7,26,terminal_customer_network_burst;night_activity,0.26,0.0902386216571755,0.26
X000001464,2026-01-07 23:14:16,C000015,A0000015,M00763,T00455,South,South,121.26,USD,ecommerce,chip_pin,approved,APPROVE,115.21,1.0525128027080983,1,0,0,1,0,0,0,6,29,5,5,33,customer_velocity;night_activity,0.33,0.01518182741172407,0.33
X000046237,2026-01-07 23:14:20,C000388,A0000388,M00544,T00846,South,South,92.25,USD,mobile_wallet,chip_pin,approved,APPROVE,83.44,1.1055848513902204,1,0,0,0,0,1,0,0,50,12,5,26,terminal_customer_network_burst;night_activity,0.26,0.02622728737703587,0.26
X000008379,2026-01-07 23:14:21,C000077,A0000077,M00393,T00239,Northeast,Northeast,131.32,USD,card_present,3ds,approved,APPROVE,79.97,1.6421157934225334,1,0,0,0,0,0,0,2,45,10,3,26,terminal_customer_network_burst;night_activity,0.26,0.022836027345401876,0.26
X000143819,2026-01-07 23:14:27,C001186,A0001186,M00029,T00167,South,South,253.71,USD,ecommerce,3ds,approved,APPROVE,248.53,1.0208425542188067,1,0,0,1,0,0,0,5,37,13,9,51,customer_velocity;terminal_customer_network_burst;night_activity,0.51,0.030438778564495887,0.51
X000091936,2026-01-07 23:14:30,C000770,A0000770,M00190,T00615,West,West,264.51,USD,ecommerce,wallet_biometric,approved,APPROVE,107.53,2.459871663721752,1,0,0,1,0,0,0,1,13,4,6,8,night_activity,0.08,0.012368167440858996,0.08
X000130658,2026-01-07 23:14:31,C001075,A0001075,M00795,T00576,Northeast,Northeast,23.99,USD,ecommerce,chip_pin,approved,APPROVE,45.23,0.5304001768737564,1,0,0,1,0,0,0,2,24,8,3,26,terminal_customer_network_burst;night_activity,0.26,0.011558093195682349,0.26
X000177769,2026-01-07 23:14:33,C001462,A0001462,M00281,T00497,West,West,52.97,USD,ecommerce,chip_pin,approved,APPROVE,36.28,1.4600330760749725,1,0,0,1,0,0,0,0,9,3,3,8,night_activity,0.08,0.00711487815019359,0.08
X000026995,2026-01-07 23:14:44,C000233,A0000233,M00345,T01138,South,South,63.53,USD,mobile_wallet,3ds,approved,APPROVE,52.79,1.203447622655806,1,0,0,0,0,1,0,2,36,9,4,26,terminal_customer_network_burst;night_activity,0.26,0.024154275131009588,0.26
X000139899,2026-01-07 23:15:06,C001154,A0001154,M00556,T00223,South,South,466.61,USD,card_present,chip_pin,approved,APPROVE,200.38,2.328625611338457,1,0,0,0,0,0,0,4,40,8,7,26,terminal_customer_network_burst;night_activity,0.26,0.02606643823097467,0.26
X000229330,2026-01-07 23:15:27,C001868,A0001868,M00294,T00904,South,South,68.45,USD,mobile_wallet,chip_pin,approved,APPROVE,102.48,0.6679352068696331,1,0,0,0,0,1,0,2,34,8,3,26,terminal_customer_network_burst;night_activity,0.26,0.017823764760654198,0.26
X000169216,2026-01-07 23:15:37,C001399,A0001399,M00628,T01005,Midwest,West,84.84,USD,ecommerce,chip_pin,approved,APPROVE,96.42,0.8799004355942751,1,0,0,1,0,0,1,2,15,4,0,35,new_customer_terminal_pair;night_activity;home_region_mismatch,0.35,0.08934086475677876,0.35
X000119713,2026-01-07 23:15:49,C000994,A0000994,M00366,T00195,Northeast,Northeast,90.04,USD,card_present,wallet_biometric,approved,APPROVE,87.42,1.0299702585220774,1,0,0,0,0,0,0,0,28,9,5,26,terminal_customer_network_burst;night_activity,0.26,0.011313956795062722,0.26
X000097597,2026-01-07 23:15:54,C000818,A0000818,M00205,T00049,South,South,42.23,USD,ecommerce,3ds,approved,APPROVE,65.44,0.6453239608801956,1,0,0,1,0,0,0,2,34,8,3,26,terminal_customer_network_burst;night_activity,0.26,0.01241972107020958,0.26
X000092728,2026-01-07 23:16:17,C000777,A0000777,M00764,T01031,Midwest,West,19.4,USD,card_present,3ds,approved,APPROVE,41.53,0.46713219359499153,1,0,0,0,0,0,1,2,12,5,0,35,new_customer_terminal_pair;night_activity;home_region_mismatch,0.35,0.08068543151034907,0.35
X000093582,2026-01-07 23:16:38,C000784,A0000784,M00604,T00623,Northeast,Northeast,72.97,USD,ecommerce,chip_pin,approved,APPROVE,63.34,1.1520366277233975,1,0,0,1,0,0,0,0,26,9,4,26,terminal_customer_network_burst;night_activity,0.26,0.012879087400874623,0.26
X000002513,2026-01-07 23:17:18,C000024,A0000024,M00266,T01058,Northeast,Northeast,35.53,USD,ecommerce,wallet_biometric,approved,APPROVE,59.16,0.6005747126436782,1,0,0,1,0,0,0,1,12,4,4,8,night_activity,0.08,0.006197463893067166,0.08
X000148469,2026-01-07 23:17:31,C001225,A0001225,M00524,T00477,South,West,237.95,USD,card_present,magstripe,approved,APPROVE,171.02,1.391357735937317,1,0,0,0,1,0,1,8,16,4,0,60,customer_velocity;new_customer_terminal_pair;night_activity;home_region_mismatch,0.6,0.3365443706546072,0.6
X000016194,2026-01-07 23:17:43,C000137,A0000137,M00736,T00065,South,South,684.02,USD,card_present,chip_pin,approved,APPROVE,145.83,4.690530069258726,1,0,0,0,0,0,0,2,41,13,7,56,amount_vs_profile;terminal_customer_network_burst;night_activity,0.56,0.09159268157156261,0.56
X000124976,2026-01-07 23:17:48,C001032,A0001032,M00051,T00286,South,South,213.43,USD,card_present,3ds,approved,APPROVE,220.63,0.9673661786701718,1,0,0,0,0,0,0,12,49,11,14,71,customer_velocity;high_customer_velocity;terminal_customer_network_burst;night_activity,0.71,0.04392566425143335,0.71
X000069668,2026-01-07 23:17:50,C000593,A0000593,M00738,T00899,South,South,46.09,USD,ecommerce,wallet_biometric,approved,APPROVE,191.3,0.24093047569262938,1,0,0,1,0,0,0,2,49,11,4,26,terminal_customer_network_burst;night_activity,0.26,0.01509560640114055,0.26
X000112671,2026-01-07 23:17:52,C000943,A0000943,M00433,T00174,South,Midwest,110.78,USD,card_present,chip_pin,approved,APPROVE,211.71,0.523262954040905,1,0,0,0,0,0,1,5,40,11,0,78,customer_velocity;new_customer_terminal_pair;terminal_customer_network_burst;night_activity;home_region_mismatch,0.78,0.21924122635115698,0.78
X000014207,2026-01-07 23:18:07,C000121,A0000121,M00376,T00048,South,South,66.11,USD,ecommerce,wallet_biometric,approved,APPROVE,58.02,1.1394346776973456,1,0,0,1,0,0,0,1,28,7,2,8,night_activity,0.08,0.01220028818200509,0.08
X000074770,2026-01-07 23:19:03,C000630,A0000630,M00216,T00994,West,West,59.73,USD,card_present,3ds,approved,APPROVE,249.77,0.23914000880810343,1,0,0,0,0,0,0,1,17,6,2,8,night_activity,0.08,0.0069424453791590195,0.08
X000160442,2026-01-07 23:19:04,C001325,A0001325,M00594,T01188,Northeast,Northeast,37.3,USD,card_present,wallet_biometric,approved,APPROVE,53.67,0.6949878889509967,1,0,0,0,0,0,0,1,59,13,1,26,terminal_customer_network_burst;night_activity,0.26,0.0218115247331593,0.26
X000168787,2026-01-07 23:19:07,C001396,A0001396,M00073,T00757,South,South,48.98,USD,card_present,wallet_biometric,approved,APPROVE,40.17,1.2193178989295492,1,0,0,0,0,0,0,1,51,14,1,26,terminal_customer_network_burst;night_activity,0.26,0.029577108947275742,0.26
X000204581,2026-01-07 23:19:12,C001670,A0001670,M00007,T00210,South,South,37.9,USD,card_present,3ds,approved,APPROVE,43.99,0.8615594453284837,1,0,0,0,0,0,0,2,43,8,5,26,terminal_customer_network_burst;night_activity,0.26,0.01232953961847791,0.26
X000085249,2026-01-07 23:19:37,C000712,A0000712,M00433,T00752,Midwest,Midwest,31.17,USD,card_present,magstripe,approved,APPROVE,43.3,0.7198614318706699,1,0,0,0,1,0,0,2,26,6,0,23,new_customer_terminal_pair;night_activity,0.23,0.022244437706446366,0.23
X000175339,2026-01-07 23:20:02,C001444,A0001444,M00599,T00736,West,West,32.69,USD,ecommerce,3ds,approved,APPROVE,31.66,1.0325331648768161,1,0,0,1,0,0,0,4,4,1,4,8,night_activity,0.08,0.007214818983612,0.08
X000157141,2026-01-07 23:20:13,C001293,A0001293,M00160,T00039,South,South,41.69,USD,ecommerce,wallet_biometric,approved,APPROVE,103.07,0.40448239060832447,1,0,0,1,0,0,0,4,41,10,4,26,terminal_customer_network_burst;night_activity,0.26,0.017725017500746794,0.26
X000042225,2026-01-07 23:20:53,C000358,A0000358,M00045,T00921,Midwest,Midwest,127.68,USD,card_present,chip_pin,approved,APPROVE,158.82,0.8039289761994711,1,0,0,0,0,0,0,2,21,5,5,8,night_activity,0.08,0.00799785951973059,0.08
X000101996,2026-01-07 23:21:30,C000859,A0000859,M00587,T00725,South,South,679.18,USD,mobile_wallet,chip_pin,approved,APPROVE,276.18,2.4591932797450937,1,0,0,0,0,1,0,8,24,7,12,33,customer_velocity;night_activity,0.33,0.047121939921575276,0.33
X000078245,2026-01-07 23:21:48,C000659,A0000659,M00253,T01072,South,South,24.3,USD,ecommerce,3ds,approved,APPROVE,31.77,0.764872521246459,1,0,0,1,0,0,0,3,28,6,6,8,night_activity,0.08,0.010352964631874698,0.08
X000004995,2026-01-07 23:21:49,C000046,A0000046,M00345,T01138,South,South,34.85,USD,card_present,magstripe,approved,APPROVE,20.48,1.70166015625,1,0,0,0,1,0,0,3,37,9,2,26,terminal_customer_network_burst;night_activity,0.26,0.050030532106938266,0.26
X000031918,2026-01-07 23:22:02,C000271,A0000271,M00524,T00237,West,West,279.38,USD,card_present,3ds,approved,APPROVE,190.23,1.4686432213636125,1,0,0,0,0,0,0,3,36,8,5,26,terminal_customer_network_burst;night_activity,0.26,0.017372115457246144,0.26
X000143036,2026-01-07 23:22:25,C001179,A0001179,M00267,T00249,West,West,23.69,USD,mobile_wallet,chip_pin,approved,APPROVE,45.31,0.5228426395939086,1,0,0,0,0,1,0,2,15,3,6,8,night_activity,0.08,0.00808279307998385,0.08
X000173210,2026-01-07 23:22:29,C001429,A0001429,M00342,T00375,Midwest,Midwest,111.38,USD,card_present,chip_pin,approved,APPROVE,67.28,1.6554696789536265,1,0,0,0,0,0,0,2,60,11,6,26,terminal_customer_network_burst;night_activity,0.26,0.02434578090877005,0.26
X000191692,2026-01-07 23:22:50,C001573,A0001573,M00514,T00978,West,West,131.08,USD,mobile_wallet,chip_pin,approved,APPROVE,95.09,1.3784835419076664,1,0,0,0,0,1,0,1,15,2,8,8,night_activity,0.08,0.008473407339683998,0.08
X000229517,2026-01-07 23:23:21,C001870,A0001870,M00524,T00500,West,West,157.13,USD,card_present,chip_pin,approved,APPROVE,69.2,2.270664739884393,1,0,0,0,0,0,0,0,16,7,4,8,night_activity,0.08,0.014777309340835538,0.08
X000121747,2026-01-07 23:24:08,C001011,A0001011,M00170,T01059,Midwest,Midwest,106.66,USD,card_present,wallet_biometric,approved,APPROVE,167.1,0.6383004189108319,1,0,0,0,0,0,0,2,21,5,7,8,night_activity,0.08,0.007010790495699226,0.08
X000010040,2026-01-07 23:24:36,C000091,A0000091,M00408,T00920,Northeast,Northeast,21.01,USD,card_present,3ds,approved,APPROVE,25.09,0.8373854125149462,1,0,0,0,0,0,0,1,27,6,3,8,night_activity,0.08,0.008789160567490038,0.08
X000162461,2026-01-07 23:24:38,C001342,A0001342,M00549,T00456,South,South,81.68,USD,card_present,chip_pin,approved,APPROVE,177.7,0.4596510973550929,1,0,0,0,0,0,0,0,59,18,4,26,terminal_customer_network_burst;night_activity,0.26,0.02874191692068046,0.26
X000024120,2026-01-07 23:24:43,C000204,A0000204,M00675,T00026,Northeast,Midwest,54.76,USD,mobile_wallet,wallet_biometric,approved,APPROVE,33.64,1.6278240190249702,1,0,0,0,0,1,1,0,18,4,0,35,new_customer_terminal_pair;night_activity;home_region_mismatch,0.35,0.13159744088715936,0.35
X000033905,2026-01-07 23:24:58,C000289,A0000289,M00125,T00414,West,West,70.73,USD,card_present,chip_pin,approved,APPROVE,157.83,0.4481404042324019,1,0,0,0,0,0,0,4,24,5,8,8,night_activity,0.08,0.008004491614978316,0.08
X000109873,2026-01-07 23:25:03,C000918,A0000918,M00270,T00473,South,South,108.81,USD,card_present,chip_pin,approved,APPROVE,48.21,2.257000622277536,1,0,0,0,0,0,0,3,45,12,3,26,terminal_customer_network_burst;night_activity,0.26,0.0411242344162868,0.26
X000245350,2026-01-07 23:25:11,C001999,A0001999,M00594,T00841,West,Northeast,210.27,USD,ecommerce,chip_pin,approved,APPROVE,131.76,1.5958561020036433,1,0,0,1,0,0,1,2,7,3,0,35,new_customer_terminal_pair;night_activity;home_region_mismatch,0.35,0.10258859743169502,0.35
X000227304,2026-01-07 23:26:07,C001853,A0001853,M00708,T00618,West,West,263.07,USD,card_present,chip_pin,approved,APPROVE,242.76,1.0836628769154721,1,0,0,0,0,0,0,5,15,4,7,33,customer_velocity;night_activity,0.33,0.010439102452267332,0.33
X000099558,2026-01-07 23:26:35,C000837,A0000837,M00758,T00785,Northeast,Northeast,28.33,USD,card_present,3ds,approved,APPROVE,44.81,0.6322249497879937,1,0,0,0,0,0,0,1,34,7,2,8,night_activity,0.08,0.009568286211154258,0.08
X000206204,2026-01-07 23:26:38,C001683,A0001683,M00511,T00501,Midwest,Midwest,165.84,USD,card_present,wallet_biometric,approved,APPROVE,55.91,2.966195671615096,1,0,0,0,0,0,0,1,23,6,3,8,night_activity,0.08,0.020513646125063744,0.08
X000219945,2026-01-07 23:27:12,C001797,A0001797,M00700,T00884,Northeast,Northeast,214.69,USD,ecommerce,wallet_biometric,approved,APPROVE,161.59,1.3286094436536915,1,0,0,1,0,0,0,5,40,9,12,51,customer_velocity;terminal_customer_network_burst;night_activity,0.51,0.019820640384989423,0.51
X000107362,2026-01-07 23:27:45,C000900,A0000900,M00191,T00397,Midwest,Midwest,54.55,USD,card_present,magstripe,approved,APPROVE,159.85,0.3412574288395371,1,0,0,0,1,0,0,6,41,6,15,33,customer_velocity;night_activity,0.33,0.0195522828665217,0.33
X000166953,2026-01-07 23:28:04,C001379,A0001379,M00592,T00596,South,South,28.85,USD,card_present,chip_pin,approved,APPROVE,44.46,0.6488978857399911,1,0,0,0,0,0,0,2,38,10,1,26,terminal_customer_network_burst;night_activity,0.26,0.016061259865553557,0.26
X000156844,2026-01-07 23:28:09,C001290,A0001290,M00054,T00545,South,West,105.06,USD,card_present,wallet_biometric,approved,APPROVE,83.05,1.2650210716435883,1,0,0,0,0,0,1,0,28,5,0,35,new_customer_terminal_pair;night_activity;home_region_mismatch,0.35,0.09097495713196946,0.35
X000049284,2026-01-07 23:28:14,C000413,A0000413,M00194,T00803,Northeast,Northeast,43.83,USD,ecommerce,3ds,approved,APPROVE,97.53,0.4494001845585973,1,0,0,1,0,0,0,5,29,6,9,33,customer_velocity;night_activity,0.33,0.010478141953990404,0.33
X000083191,2026-01-07 23:28:30,C000696,A0000696,M00691,T01123,Northeast,Northeast,148.36,USD,mobile_wallet,chip_pin,approved,APPROVE,156.98,0.9450885463116322,1,0,0,0,0,1,0,4,21,7,10,8,night_activity,0.08,0.017290759304964466,0.08
X000090248,2026-01-07 23:28:48,C000755,A0000755,M00604,T00623,Northeast,Northeast,177.36,USD,ecommerce,wallet_biometric,approved,APPROVE,44.35,3.9990980834272833,1,0,0,1,0,0,0,0,27,9,1,56,amount_vs_profile;terminal_customer_network_burst;night_activity,0.56,0.044117571800529276,0.56
X000203859,2026-01-07 23:29:18,C001667,A0001667,M00645,T00905,South,South,158.85,USD,card_present,chip_pin,approved,APPROVE,187.97,0.8450816619673351,1,0,0,0,0,0,0,7,58,15,14,51,customer_velocity;terminal_customer_network_burst;night_activity,0.51,0.038371117081889616,0.51
X000077825,2026-01-07 23:29:28,C000655,A0000655,M00557,T00649,South,Midwest,361.98,USD,card_present,chip_pin,approved,APPROVE,194.48,1.8612710818593174,1,0,0,0,0,0,1,2,27,8,0,53,new_customer_terminal_pair;terminal_customer_network_burst;night_activity;home_region_mismatch,0.53,0.18726716647991837,0.53
X000244391,2026-01-07 23:30:10,C001992,A0001992,M00790,T00112,Midwest,Northeast,43.89,USD,ecommerce,3ds,approved,APPROVE,41.57,1.0558094779889344,1,0,0,1,0,0,1,2,33,9,0,53,new_customer_terminal_pair;terminal_customer_network_burst;night_activity;home_region_mismatch,0.53,0.16678258773040533,0.53
X000080587,2026-01-07 23:30:35,C000677,A0000677,M00489,T01009,Northeast,Northeast,208.34,USD,card_present,wallet_biometric,soft_decline,CHALLENGE,220.2,0.9461398728428702,1,0,1,0,0,0,0,2,22,5,4,16,night_activity;authentication_soft_decline,0.16,0.040372017502583735,0.16
X000119549,2026-01-07 23:31:11,C000992,A0000992,M00077,T00783,South,South,4.26,USD,mobile_wallet,chip_pin,approved,APPROVE,20.57,0.2070977151191055,1,0,0,0,0,1,0,2,30,11,2,61,terminal_customer_network_burst;low_value_testing_velocity;night_activity,0.61,0.02148935389328359,0.61
X000121748,2026-01-07 23:31:16,C001011,A0001011,M00435,T00513,Midwest,Midwest,99.67,USD,card_present,chip_pin,approved,APPROVE,167.1,0.5964691801316577,1,0,0,0,0,0,0,3,21,5,5,8,night_activity,0.08,0.008266016681835069,0.08
X000160540,2026-01-07 23:31:21,C001326,A0001326,M00040,T00439,Northeast,Northeast,72.25,USD,card_present,chip_pin,approved,APPROVE,112.21,0.6438820069512522,1,0,0,0,0,0,0,1,50,10,10,26,terminal_customer_network_burst;night_activity,0.26,0.011020244362511436,0.26
X000194433,2026-01-07 23:31:25,C001598,A0001598,M00434,T00133,South,South,208.74,USD,card_present,chip_pin,approved,APPROVE,77.14,2.705989110707804,1,0,0,0,0,0,0,2,41,10,2,26,terminal_customer_network_burst;night_activity,0.26,0.03559047481669549,0.26
X000092475,2026-01-07 23:31:51,C000774,A0000774,M00347,T00680,Midwest,Midwest,107.38,USD,ecommerce,wallet_biometric,approved,APPROVE,72.34,1.4843793198783521,1,0,0,1,0,0,0,1,14,3,0,23,new_customer_terminal_pair;night_activity,0.23,0.009013385431588673,0.23
X000073923,2026-01-07 23:33:03,C000625,A0000625,M00756,T00999,West,West,24.14,USD,card_present,3ds,approved,APPROVE,38.54,0.6263622210690192,1,0,0,0,0,0,0,1,43,4,4,8,night_activity,0.08,0.00642730846227886,0.08
X000097049,2026-01-07 23:33:31,C000812,A0000812,M00402,T00179,South,South,134.17,USD,ecommerce,chip_pin,approved,APPROVE,81.23,1.6517296565308381,1,0,0,1,0,0,0,0,38,8,3,26,terminal_customer_network_burst;night_activity,0.26,0.01491335114961973,0.26
X000215310,2026-01-07 23:33:49,C001758,A0001758,M00085,T00540,Northeast,Northeast,55.18,USD,card_present,3ds,approved,APPROVE,40.57,1.3601183140251416,1,0,0,0,0,0,0,1,29,5,7,8,night_activity,0.08,0.008529084026612063,0.08
X000241311,2026-01-07 23:35:12,C001970,A0001970,M00412,T00928,Northeast,Northeast,217.05,USD,card_present,chip_pin,approved,APPROVE,103.71,2.0928550766560603,1,0,0,0,0,0,0,0,50,10,8,26,terminal_customer_network_burst;night_activity,0.26,0.01874542090338232,0.26
X000236394,2026-01-07 23:35:52,C001929,A0001929,M00790,T00112,Northeast,Northeast,460.71,USD,card_present,chip_pin,soft_decline,CHALLENGE,150.31,3.0650655312354464,1,0,1,0,0,0,0,1,34,10,5,64,amount_vs_profile;terminal_customer_network_burst;night_activity;authentication_soft_decline,0.64,0.13854303012105496,0.64
X000186696,2026-01-07 23:36:07,C001535,A0001535,M00281,T00858,West,West,61.21,USD,mobile_wallet,3ds,approved,APPROVE,41.18,1.4864011656143759,1,0,0,0,0,1,0,2,15,5,5,8,night_activity,0.08,0.015584364478884767,0.08
X000105625,2026-01-07 23:36:13,C000888,A0000888,M00652,T00786,West,West,97.38,USD,card_present,3ds,approved,APPROVE,86.91,1.1204694511563686,1,0,0,0,0,0,0,3,16,4,6,8,night_activity,0.08,0.008683685696393849,0.08
X000212539,2026-01-07 23:36:17,C001734,A0001734,M00382,T00976,Midwest,Midwest,108.28,USD,card_present,wallet_biometric,approved,APPROVE,65.75,1.6468441064638784,1,0,0,0,0,0,0,3,15,3,5,8,night_activity,0.08,0.009838823170185966,0.08
X000213207,2026-01-07 23:36:34,C001741,A0001741,M00679,T00587,Northeast,Northeast,35.37,USD,card_present,3ds,approved,APPROVE,70.95,0.49852008456659613,1,0,0,0,0,0,0,2,43,9,7,26,terminal_customer_network_burst;night_activity,0.26,0.011231087051992336,0.26
X000036900,2026-01-07 23:36:56,C000316,A0000316,M00005,T01091,South,South,22.51,USD,card_present,3ds,approved,APPROVE,40.33,0.5581453012645674,1,0,0,0,0,0,0,3,30,10,5,26,terminal_customer_network_burst;night_activity,0.26,0.01499452158958165,0.26
X000230622,2026-01-07 23:37:10,C001881,A0001881,M00553,T01122,West,West,98.76,USD,ecommerce,chip_pin,approved,APPROVE,70.14,1.4080410607356715,1,0,0,1,0,0,0,1,15,3,3,8,night_activity,0.08,0.007953430865791864,0.08
X000163657,2026-01-07 23:37:21,C001349,A0001349,M00761,T00945,South,South,452.13,USD,card_present,3ds,approved,APPROVE,146.0,3.0967808219178083,1,0,0,0,0,0,0,6,36,6,12,63,amount_vs_profile;customer_velocity;night_activity,0.63,0.02983870708383372,0.63
X000218909,2026-01-07 23:37:26,C001789,A0001789,M00602,T00692,Northeast,Northeast,104.76,USD,mobile_wallet,wallet_biometric,approved,APPROVE,97.43,1.075233500975059,1,0,0,0,0,1,0,5,26,6,8,33,customer_velocity;night_activity,0.33,0.01964769067028833,0.33
X000064262,2026-01-07 23:37:58,C000546,A0000546,M00193,T01039,West,West,120.9,USD,card_present,chip_pin,approved,APPROVE,59.16,2.043610547667343,1,0,0,0,0,0,0,0,26,8,1,26,terminal_customer_network_burst;night_activity,0.26,0.017120510794054352,0.26
X000162048,2026-01-07 23:38:14,C001338,A0001338,M00168,T00981,Northeast,Northeast,76.55,USD,card_present,3ds,approved,APPROVE,56.51,1.3546274995576004,1,0,0,0,0,0,0,2,41,8,3,26,terminal_customer_network_burst;night_activity,0.26,0.015953263902422573,0.26
X000082507,2026-01-07 23:38:50,C000692,A0000692,M00645,T00905,South,South,47.32,USD,ecommerce,chip_pin,approved,APPROVE,71.28,0.6638608305274972,1,0,0,1,0,0,0,1,59,15,7,26,terminal_customer_network_burst;night_activity,0.26,0.023676925634247552,0.26
X000190986,2026-01-07 23:39:27,C001568,A0001568,M00443,T00564,South,South,220.69,USD,card_present,magstripe,approved,APPROVE,122.57,1.800522150607816,1,0,0,0,1,0,0,2,32,9,5,26,terminal_customer_network_burst;night_activity,0.26,0.04181073771931946,0.26
X000227881,2026-01-07 23:39:42,C001857,A0001857,M00354,T00072,Northeast,Northeast,56.82,USD,card_present,wallet_biometric,approved,APPROVE,94.68,0.600126742712294,1,0,0,0,0,0,0,3,29,7,12,8,night_activity,0.08,0.008535859383878106,0.08
X000096495,2026-01-07 23:39:51,C000807,A0000807,M00733,T00848,Northeast,Northeast,38.49,USD,ecommerce,3ds,approved,APPROVE,53.15,0.7241768579492004,1,0,0,1,0,0,0,0,25,8,1,26,terminal_customer_network_burst;night_activity,0.26,0.010581910051881749,0.26
X000072990,2026-01-07 23:39:53,C000617,A0000617,M00786,T00776,Northeast,Northeast,81.04,USD,mobile_wallet,3ds,approved,APPROVE,36.33,2.230663363611341,1,0,0,0,0,1,0,3,17,6,1,8,night_activity,0.08,0.03019357667903915,0.08
X000228359,2026-01-07 23:39:55,C001860,A0001860,M00366,T00709,Northeast,Northeast,71.3,USD,ecommerce,chip_pin,approved,APPROVE,63.88,1.1161552911709454,1,0,0,1,0,0,0,2,19,5,7,8,night_activity,0.08,0.008930870048074588,0.08
X000148093,2026-01-07 23:40:24,C001223,A0001223,M00184,T00927,South,South,45.3,USD,card_present,chip_pin,approved,APPROVE,42.23,1.0726971347383376,1,0,0,0,0,0,0,2,74,14,6,26,terminal_customer_network_burst;night_activity,0.26,0.02830894247275823,0.26
X000064509,2026-01-07 23:40:33,C000548,A0000548,M00585,T00052,Midwest,Midwest,38.96,USD,mobile_wallet,magstripe,approved,APPROVE,36.4,1.0703296703296703,1,0,0,0,1,1,0,3,38,13,5,26,terminal_customer_network_burst;night_activity,0.26,0.08245052680982227,0.26
X000174020,2026-01-07 23:40:36,C001435,A0001435,M00398,T00960,South,South,122.92,USD,card_present,chip_pin,approved,APPROVE,143.1,0.8589797344514326,1,0,0,0,0,0,0,4,33,7,20,8,night_activity,0.08,0.008317977331135935,0.08
X000181890,2026-01-07 23:40:47,C001497,A0001497,M00682,T00517,Northeast,Northeast,46.2,USD,ecommerce,chip_pin,approved,APPROVE,35.5,1.3014084507042254,1,0,0,1,0,0,0,1,17,6,3,8,night_activity,0.08,0.01090344315068777,0.08
X000111026,2026-01-07 23:40:49,C000926,A0000926,M00181,T00177,South,South,26.98,USD,ecommerce,3ds,approved,APPROVE,23.01,1.1725336810082572,1,0,0,1,0,0,0,1,25,8,5,26,terminal_customer_network_burst;night_activity,0.26,0.012532033187053608,0.26
X000061607,2026-01-07 23:40:57,C000526,A0000526,M00524,T00033,West,West,260.35,USD,card_present,3ds,approved,APPROVE,156.59,1.6626221342359029,1,0,0,0,0,0,0,5,15,2,11,33,customer_velocity;night_activity,0.33,0.009165100045133679,0.33
X000054955,2026-01-07 23:41:10,C000465,A0000465,M00460,T00355,Midwest,Midwest,30.74,USD,card_present,wallet_biometric,approved,APPROVE,44.58,0.6895468820098699,1,0,0,0,0,0,0,7,31,7,11,33,customer_velocity;night_activity,0.33,0.0146489333413114,0.33
X000190475,2026-01-07 23:41:17,C001564,A0001564,M00239,T00747,South,South,67.48,USD,ecommerce,3ds,approved,APPROVE,41.62,1.6213358962037483,1,0,0,1,0,0,0,1,32,7,6,8,night_activity,0.08,0.013165700778395963,0.08
X000171063,2026-01-07 23:41:26,C001411,A0001411,M00096,T00202,West,West,62.74,USD,card_present,chip_pin,approved,APPROVE,135.24,0.4639160011830819,1,0,0,0,0,0,0,1,28,7,6,8,night_activity,0.08,0.007736537277766549,0.08
X000185372,2026-01-07 23:41:32,C001525,A0001525,M00304,T00087,Midwest,Midwest,144.45,USD,card_present,chip_pin,approved,APPROVE,133.44,1.0825089928057554,1,0,0,0,0,0,0,3,41,8,13,26,terminal_customer_network_burst;night_activity,0.26,0.011653762272173754,0.26
X000034295,2026-01-07 23:41:52,C000291,A0000291,M00282,T01071,South,South,140.2,USD,ecommerce,3ds,approved,APPROVE,109.29,1.2828255101107144,1,0,0,1,0,0,0,3,16,4,5,8,night_activity,0.08,0.010102578212644518,0.08
X000231299,2026-01-07 23:42:40,C001888,A0001888,M00663,T00502,West,West,10.49,USD,card_present,chip_pin,approved,APPROVE,34.21,0.3066354866997954,1,0,0,0,0,0,0,3,40,5,6,8,night_activity,0.08,0.007471234539321755,0.08
X000169132,2026-01-07 23:42:48,C001398,A0001398,M00738,T00002,South,South,7.96,USD,ecommerce,chip_pin,approved,APPROVE,19.97,0.3985978968452679,1,0,0,1,0,0,0,0,25,6,3,8,night_activity,0.08,0.0068682924378246114,0.08
X000185891,2026-01-07 23:42:49,C001528,A0001528,M00179,T00767,Midwest,Midwest,21.31,USD,ecommerce,magstripe,approved,APPROVE,24.88,0.8565112540192926,1,0,0,1,1,0,0,1,19,8,4,46,terminal_customer_network_burst;ecommerce_authentication_shift;night_activity,0.46,0.024087368504428636,0.46
X000103106,2026-01-07 23:43:16,C000867,A0000867,M00005,T00817,South,South,203.51,USD,ecommerce,chip_pin,approved,APPROVE,56.05,3.630865298840321,1,0,0,1,0,0,0,0,46,11,5,56,amount_vs_profile;terminal_customer_network_burst;night_activity,0.56,0.044388769339101665,0.56
X000059995,2026-01-07 23:43:27,C000511,A0000511,M00282,T00583,South,South,29.47,USD,card_present,chip_pin,approved,APPROVE,42.14,0.6993355481727574,1,0,0,0,0,0,0,3,68,12,3,26,terminal_customer_network_burst;night_activity,0.26,0.02351723667249162,0.26
X000095760,2026-01-07 23:43:44,C000800,A0000800,M00393,T00751,Northeast,Northeast,17.71,USD,mobile_wallet,wallet_biometric,approved,APPROVE,46.67,0.37947289479322904,1,0,0,0,0,1,0,4,33,7,6,8,night_activity,0.08,0.016140153335262152,0.08
X000105433,2026-01-07 23:43:48,C000887,A0000887,M00146,T00938,Northeast,Northeast,64.09,USD,ecommerce,chip_pin,approved,APPROVE,82.43,0.7775081887662258,1,0,0,1,0,0,0,0,12,1,12,8,night_activity,0.08,0.00320396101839393,0.08
X000058350,2026-01-07 23:43:54,C000495,A0000495,M00767,T00890,South,South,86.64,USD,ecommerce,wallet_biometric,approved,APPROVE,84.94,1.020014127619496,1,0,0,1,0,0,0,1,48,7,6,8,night_activity,0.08,0.010758186421683674,0.08
X000057923,2026-01-07 23:43:56,C000492,A0000492,M00613,T00449,South,South,45.48,USD,card_present,wallet_biometric,approved,APPROVE,38.22,1.1899529042386185,1,0,0,0,0,0,0,1,40,10,0,41,new_customer_terminal_pair;terminal_customer_network_burst;night_activity,0.41,0.01844371794676444,0.41
X000148470,2026-01-07 23:45:07,C001225,A0001225,M00376,T00309,South,South,244.4,USD,mobile_wallet,magstripe,approved,APPROVE,171.02,1.4290726230850193,1,0,0,0,1,1,0,8,63,11,17,51,customer_velocity;terminal_customer_network_burst;night_activity,0.51,0.09652045327074556,0.51
X000241240,2026-01-07 23:45:09,C001969,A0001969,M00231,T00811,South,South,69.64,USD,ecommerce,wallet_biometric,approved,APPROVE,41.8,1.6660287081339715,1,0,0,1,0,0,0,1,30,10,3,26,terminal_customer_network_burst;night_activity,0.26,0.02084933103245382,0.26
X000011392,2026-01-07 23:45:35,C000102,A0000102,M00560,T00636,West,West,255.04,USD,mobile_wallet,3ds,approved,APPROVE,246.43,1.034938927890273,1,0,0,0,0,1,0,3,18,3,14,8,night_activity,0.08,0.00870521740821509,0.08
X000132488,2026-01-07 23:45:46,C001092,A0001092,M00691,T00343,Northeast,Northeast,113.57,USD,card_present,3ds,approved,APPROVE,64.04,1.7734228607120548,1,0,0,0,0,0,0,1,14,4,4,8,night_activity,0.08,0.009499723321145846,0.08
X000237259,2026-01-07 23:45:48,C001935,A0001935,M00795,T00503,Northeast,Northeast,121.93,USD,mobile_wallet,3ds,approved,APPROVE,144.04,0.8465009719522356,1,0,0,0,0,1,0,1,25,6,4,8,night_activity,0.08,0.012768098122192118,0.08
X000028037,2026-01-07 23:46:11,C000242,A0000242,M00553,T00625,West,West,54.06,USD,ecommerce,3ds,approved,APPROVE,21.51,2.513249651324965,1,0,0,1,0,0,0,0,15,4,6,8,night_activity,0.08,0.011304056601998192,0.08
X000086792,2026-01-07 23:46:36,C000728,A0000728,M00122,T00225,South,South,47.75,USD,card_present,wallet_biometric,approved,APPROVE,159.7,0.29899812147777083,1,0,0,0,0,0,0,10,25,3,13,53,customer_velocity;high_customer_velocity;night_activity,0.53,0.010246632769252105,0.53
X000082657,2026-01-07 23:46:53,C000693,A0000693,M00343,T00030,West,West,158.68,USD,card_present,3ds,approved,APPROVE,100.52,1.578591325109431,1,0,0,0,0,0,0,2,17,7,4,8,night_activity,0.08,0.01414796598893713,0.08
X000242048,2026-01-07 23:48:05,C001976,A0001976,M00051,T01084,South,South,8.8,USD,ecommerce,chip_pin,approved,APPROVE,29.33,0.3000340947834982,1,0,0,1,0,0,0,5,34,10,2,51,customer_velocity;terminal_customer_network_burst;night_activity,0.51,0.019985067141316527,0.51
X000184161,2026-01-07 23:48:42,C001517,A0001517,M00601,T00769,Northeast,South,184.9,USD,card_present,chip_pin,approved,APPROVE,72.94,2.5349602412942147,1,0,0,0,0,0,1,0,51,15,0,53,new_customer_terminal_pair;terminal_customer_network_burst;night_activity;home_region_mismatch,0.53,0.36958264408947045,0.53
X000133434,2026-01-07 23:48:58,C001100,A0001100,M00380,T01026,Midwest,Midwest,21.8,USD,card_present,3ds,approved,APPROVE,33.78,0.6453522794552989,1,0,0,0,0,0,0,5,23,9,8,51,customer_velocity;terminal_customer_network_burst;night_activity,0.51,0.01555195464964183,0.51
X000156596,2026-01-07 23:49:16,C001289,A0001289,M00112,T00122,West,West,293.6,USD,card_present,magstripe,approved,APPROVE,454.02,0.6466675476851241,1,0,0,0,1,0,0,2,33,5,15,8,night_activity,0.08,0.012106979158667364,0.08
X000127117,2026-01-07 23:49:25,C001047,A0001047,M00012,T00789,South,West,30.15,USD,ecommerce,chip_pin,approved,APPROVE,32.88,0.9169708029197079,1,0,0,1,0,0,1,0,15,4,0,35,new_customer_terminal_pair;night_activity;home_region_mismatch,0.35,0.07292581782512172,0.35
X000244647,2026-01-07 23:49:49,C001995,A0001995,M00082,T00557,Northeast,Northeast,311.63,USD,card_present,chip_pin,approved,APPROVE,400.21,0.7786662002448714,1,0,0,0,0,0,0,4,31,7,14,8,night_activity,0.08,0.009719765231209439,0.08
X000038712,2026-01-07 23:50:00,C000331,A0000331,M00450,T00640,Northeast,Northeast,152.36,USD,card_present,chip_pin,approved,APPROVE,98.47,1.5472732812023968,1,0,0,0,0,0,0,2,57,6,7,8,night_activity,0.08,0.012493331125636265,0.08
X000059760,2026-01-07 23:50:17,C000509,A0000509,M00255,T00819,West,West,72.65,USD,card_present,3ds,approved,APPROVE,61.15,1.188062142273099,1,0,0,0,0,0,0,4,27,5,5,8,night_activity,0.08,0.011984504398019458,0.08
X000005242,2026-01-07 23:50:50,C000049,A0000049,M00750,T01142,South,South,64.28,USD,card_present,magstripe,approved,APPROVE,99.71,0.6446695416708456,1,0,0,0,1,0,0,4,53,11,4,26,terminal_customer_network_burst;night_activity,0.26,0.04549956558696811,0.26
X000060191,2026-01-07 23:51:33,C000513,A0000513,M00608,T00027,South,South,143.07,USD,ecommerce,wallet_biometric,approved,APPROVE,115.4,1.2397746967071055,1,0,0,1,0,0,0,3,45,13,5,26,terminal_customer_network_burst;night_activity,0.26,0.030561999453104546,0.26
X000081078,2026-01-07 23:51:34,C000681,A0000681,M00769,T00996,West,West,286.28,USD,card_present,magstripe,approved,APPROVE,189.01,1.514628855616105,1,0,0,0,1,0,0,7,39,6,10,33,customer_velocity;night_activity,0.33,0.040697714878524714,0.33
X000161415,2026-01-07 23:51:39,C001332,A0001332,M00434,T00808,South,South,43.87,USD,ecommerce,chip_pin,approved,APPROVE,91.66,0.47861662666375737,1,0,0,1,0,0,0,1,37,10,4,26,terminal_customer_network_burst;night_activity,0.26,0.012755290096277095,0.26
X000021337,2026-01-07 23:52:13,C000186,A0000186,M00724,T01129,West,West,306.41,USD,card_present,magstripe,approved,APPROVE,223.8,1.369124218051832,1,0,0,0,1,0,0,6,26,5,12,33,customer_velocity;night_activity,0.33,0.027785633834304272,0.33
X000172929,2026-01-07 23:52:31,C001427,A0001427,M00542,T01166,South,South,26.19,USD,ecommerce,chip_pin,approved,APPROVE,28.02,0.9346895074946467,1,0,0,1,0,0,0,0,27,7,1,8,night_activity,0.08,0.010294998504349872,0.08
X000106560,2026-01-07 23:52:34,C000894,A0000894,M00423,T00106,South,South,439.18,USD,card_present,3ds,approved,APPROVE,442.56,0.9923626174981923,1,0,0,0,0,0,0,3,28,8,10,26,terminal_customer_network_burst;night_activity,0.26,0.011970946545003122,0.26
X000162815,2026-01-07 23:52:41,C001344,A0001344,M00711,T00893,West,West,68.86,USD,mobile_wallet,magstripe,approved,APPROVE,110.89,0.6209757417260348,1,0,0,0,1,1,0,1,10,5,6,8,night_activity,0.08,0.02012300105957718,0.08
X000111737,2026-01-07 23:52:44,C000933,A0000933,M00549,T00456,South,South,105.35,USD,mobile_wallet,3ds,approved,APPROVE,62.09,1.6967305524239007,1,0,0,0,0,1,0,1,60,18,4,26,terminal_customer_network_burst;night_activity,0.26,0.07707448503575379,0.26
X000103951,2026-01-07 23:52:46,C000875,A0000875,M00231,T00811,South,South,68.16,USD,card_present,chip_pin,approved,APPROVE,68.19,0.9995600527936648,1,0,0,0,0,0,0,1,31,10,2,26,terminal_customer_network_burst;night_activity,0.26,0.015665790484329156,0.26
X000027305,2026-01-07 23:53:04,C000235,A0000235,M00038,T00874,South,South,21.37,USD,card_present,chip_pin,approved,APPROVE,26.78,0.79798356982823,1,0,0,0,0,0,0,1,86,15,2,26,terminal_customer_network_burst;night_activity,0.26,0.029710453406165564,0.26
X000007454,2026-01-07 23:53:44,C000069,A0000069,M00610,T00995,Midwest,Midwest,71.93,USD,card_present,wallet_biometric,approved,APPROVE,40.89,1.7591098067987285,1,0,0,0,0,0,0,4,33,8,7,26,terminal_customer_network_burst;night_activity,0.26,0.02040298093580516,0.26
X000239109,2026-01-07 23:53:49,C001951,A0001951,M00198,T00247,Midwest,Midwest,37.01,USD,card_present,chip_pin,approved,APPROVE,46.06,0.8035171515414675,1,0,0,0,0,0,0,0,26,7,4,8,night_activity,0.08,0.008380673041977605,0.08
X000098251,2026-01-07 23:54:15,C000823,A0000823,M00797,T00997,South,South,49.44,USD,card_present,chip_pin,approved,APPROVE,37.97,1.3020805899394259,1,0,0,0,0,0,0,3,33,10,2,26,terminal_customer_network_burst;night_activity,0.26,0.022407645528224784,0.26
X000103459,2026-01-07 23:54:43,C000871,A0000871,M00240,T00605,Midwest,Midwest,17.38,USD,card_present,chip_pin,approved,APPROVE,73.59,0.23617339312406574,1,0,0,0,0,0,0,1,45,8,5,26,terminal_customer_network_burst;night_activity,0.26,0.008562836743609357,0.26
X000146933,2026-01-07 23:54:58,C001211,A0001211,M00675,T00110,Midwest,Midwest,150.66,USD,mobile_wallet,chip_pin,soft_decline,CHALLENGE,45.95,3.2787812840043524,1,0,1,0,0,1,0,2,31,8,2,64,amount_vs_profile;terminal_customer_network_burst;night_activity;authentication_soft_decline,0.64,0.20443887214038475,0.64
X000029980,2026-01-07 23:55:35,C000257,A0000257,M00766,T00445,West,West,15.21,USD,ecommerce,chip_pin,approved,APPROVE,21.9,0.6945205479452056,1,0,0,1,0,0,0,0,20,8,2,26,terminal_customer_network_burst;night_activity,0.26,0.009996054003980286,0.26
X000144301,2026-01-07 23:55:52,C001188,A0001188,M00261,T00549,Northeast,Northeast,49.63,USD,mobile_wallet,3ds,approved,APPROVE,25.41,1.953168044077135,1,0,0,0,0,1,0,1,9,5,4,8,night_activity,0.08,0.01702254244913235,0.08
X000110836,2026-01-07 23:56:21,C000925,A0000925,M00094,T01093,South,South,51.25,USD,card_present,3ds,approved,APPROVE,49.37,1.0380798055499292,1,0,0,0,0,0,0,4,32,9,5,26,terminal_customer_network_burst;night_activity,0.26,0.018259438814184622,0.26
X000240368,2026-01-07 23:56:29,C001961,A0001961,M00122,T00225,South,South,94.6,USD,ecommerce,chip_pin,approved,APPROVE,100.48,0.9414808917197451,1,0,0,1,0,0,0,8,26,3,9,33,customer_velocity;night_activity,0.33,0.012649137387166142,0.33
X000244194,2026-01-07 23:56:50,C001991,A0001991,M00647,T01037,West,West,209.75,USD,card_present,wallet_biometric,approved,APPROVE,128.63,1.6306460390266657,1,0,0,0,0,0,0,4,30,5,13,8,night_activity,0.08,0.01116563056840215,0.08
X000022019,2026-01-07 23:56:52,C000190,A0000190,M00487,T00332,South,South,40.22,USD,card_present,3ds,approved,APPROVE,26.82,1.4996271439224458,1,0,0,0,0,0,0,3,33,7,5,8,night_activity,0.08,0.01552889294245773,0.08
X000177919,2026-01-07 23:56:56,C001464,A0001464,M00248,T00017,South,South,33.7,USD,mobile_wallet,chip_pin,approved,APPROVE,35.35,0.9533239038189534,1,0,0,0,0,1,0,3,42,10,4,26,terminal_customer_network_burst;night_activity,0.26,0.027961049982457867,0.26
X000102906,2026-01-07 23:56:59,C000865,A0000865,M00301,T01109,South,South,66.56,USD,card_present,chip_pin,approved,APPROVE,77.13,0.8629586412550241,1,0,0,0,0,0,0,1,28,6,6,8,night_activity,0.08,0.008082448788319225,0.08
X000173211,2026-01-07 23:57:01,C001429,A0001429,M00674,T00232,Midwest,Midwest,48.67,USD,ecommerce,3ds,approved,APPROVE,67.28,0.7233947681331748,1,0,0,1,0,0,0,3,44,6,9,8,night_activity,0.08,0.009629149146327483,0.08
X000119405,2026-01-07 23:57:25,C000990,A0000990,M00767,T00890,Midwest,South,41.17,USD,card_present,wallet_biometric,approved,APPROVE,30.63,1.3441070845576233,1,0,0,0,0,0,1,2,49,7,0,35,new_customer_terminal_pair;night_activity;home_region_mismatch,0.35,0.14914424623729242,0.35
X000172314,2026-01-07 23:57:33,C001421,A0001421,M00602,T00692,Northeast,Northeast,104.47,USD,mobile_wallet,3ds,approved,APPROVE,270.74,0.3858683607889488,1,0,0,0,0,1,0,1,27,6,5,8,night_activity,0.08,0.010317717936647694,0.08
X000196075,2026-01-07 23:57:36,C001611,A0001611,M00351,T00802,West,West,62.4,USD,mobile_wallet,3ds,approved,APPROVE,47.59,1.3111998318974574,1,0,0,0,0,1,0,0,30,8,2,26,terminal_customer_network_burst;night_activity,0.26,0.018702063200795354,0.26
X000122839,2026-01-07 23:57:41,C001019,A0001019,M00378,T01130,South,South,108.1,USD,mobile_wallet,chip_pin,approved,APPROVE,167.99,0.6434906839692838,1,0,0,0,0,1,0,3,45,10,11,26,terminal_customer_network_burst;night_activity,0.26,0.01993604059582157,0.26
X000047766,2026-01-07 23:57:59,C000403,A0000403,M00585,T00052,Midwest,Midwest,57.96,USD,mobile_wallet,chip_pin,approved,APPROVE,58.43,0.9919561868902961,1,0,0,0,0,1,0,2,39,13,3,26,terminal_customer_network_burst;night_activity,0.26,0.036643888371697436,0.26
X000005243,2026-01-07 23:58:04,C000049,A0000049,M00750,T01142,South,South,214.36,USD,ecommerce,wallet_biometric,approved,APPROVE,99.71,2.1498345201083144,1,0,0,1,0,0,0,5,54,11,5,51,customer_velocity;terminal_customer_network_burst;night_activity,0.51,0.044626790696202345,0.51
X000099073,2026-01-07 23:59:00,C000831,A0000831,M00367,T00335,South,South,21.55,USD,ecommerce,chip_pin,approved,APPROVE,25.5,0.8450980392156863,1,0,0,1,0,0,0,1,30,6,2,8,night_activity,0.08,0.009678994821517482,0.08
X000083054,2026-01-07 23:59:08,C000695,A0000695,M00604,T01180,Northeast,Northeast,28.12,USD,card_present,3ds,approved,APPROVE,56.36,0.49893541518807666,1,0,0,0,0,0,0,1,39,9,5,26,terminal_customer_network_burst;night_activity,0.26,0.010551282242934772,0.26
X000058684,2026-01-07 23:59:26,C000498,A0000498,M00147,T00410,South,South,29.04,USD,card_present,wallet_biometric,approved,APPROVE,40.99,0.7084654793852159,1,0,0,0,0,0,0,2,20,7,2,8,night_activity,0.08,0.010700944727346345,0.08
X000080379,2026-01-07 23:59:28,C000676,A0000676,M00205,T00934,South,South,210.9,USD,card_present,chip_pin,approved,APPROVE,122.96,1.715191932335719,1,0,0,0,0,0,0,2,58,10,6,26,terminal_customer_network_burst;night_activity,0.26,0.022086295022599643,0.26
X000172930,2026-01-07 23:59:41,C001427,A0001427,M00378,T01130,South,South,23.43,USD,card_present,chip_pin,approved,APPROVE,28.02,0.8361884368308351,1,0,0,0,0,0,0,1,46,10,2,26,terminal_customer_network_burst;night_activity,0.26,0.015239417259295226,0.26
X000043194,2026-01-07 23:59:53,C000365,A0000365,M00624,T00793,West,West,28.7,USD,card_present,magstripe,approved,APPROVE,21.43,1.3392440503966403,1,0,0,0,1,0,0,1,7,4,1,8,night_activity,0.08,0.018567685918210647,0.08
X000184423,2026-01-08 00:00:05,C001520,A0001520,M00595,T00231,West,West,194.71,USD,card_present,3ds,approved,APPROVE,198.06,0.9830859335554882,1,0,0,0,0,0,0,0,6,2,3,8,night_activity,0.08,0.004898500536858102,0.08
X000210801,2026-01-08 00:00:08,C001719,A0001719,M00292,T00447,South,South,46.34,USD,ecommerce,3ds,approved,APPROVE,92.38,0.501623728079671,1,0,0,1,0,0,0,0,16,7,0,23,new_customer_terminal_pair;night_activity,0.23,0.008675257537384943,0.23
X000148471,2026-01-08 00:00:27,C001225,A0001225,M00376,T00309,South,South,101.24,USD,mobile_wallet,3ds,approved,APPROVE,171.02,0.591977546485791,1,0,0,0,0,1,0,9,64,11,18,51,customer_velocity;terminal_customer_network_burst;night_activity,0.51,0.03669576768644671,0.51
X000062876,2026-01-08 00:00:57,C000534,A0000534,M00085,T00814,Northeast,Northeast,168.05,USD,card_present,chip_pin,approved,APPROVE,169.77,0.9898686458149261,1,0,0,0,0,0,0,2,30,4,9,8,night_activity,0.08,0.006892617337396103,0.08
X000048751,2026-01-08 00:01:18,C000409,A0000409,M00091,T00954,Midwest,Midwest,65.16,USD,ecommerce,chip_pin,soft_decline,CHALLENGE,44.57,1.461969934933812,1,0,1,1,0,0,0,1,52,9,4,34,terminal_customer_network_burst;night_activity;authentication_soft_decline,0.34,0.07809719761553852,0.34
X000050251,2026-01-08 00:01:24,C000421,A0000421,M00646,T00690,South,South,20.43,USD,card_present,chip_pin,approved,APPROVE,23.99,0.8516048353480618,1,0,0,0,0,0,0,0,23,7,2,8,night_activity,0.08,0.009044945844466669,0.08
X000245082,2026-01-08 00:02:37,C001997,A0001997,M00580,T00415,South,South,351.45,USD,card_present,3ds,approved,APPROVE,191.59,1.834385928284357,1,0,0,0,0,0,0,4,59,13,7,26,terminal_customer_network_burst;night_activity,0.26,0.03997065218757847,0.26
X000057179,2026-01-08 00:02:39,C000484,A0000484,M00049,T00970,West,West,190.15,USD,card_present,3ds,approved,APPROVE,92.9,2.0468245425188374,1,0,0,0,0,0,0,0,3,1,3,8,night_activity,0.08,0.006653164404461647,0.08
X000240369,2026-01-08 00:02:45,C001961,A0001961,M00298,T00088,South,Northeast,74.39,USD,mobile_wallet,3ds,approved,APPROVE,100.48,0.7403463375796178,1,0,0,0,0,1,1,9,40,6,0,60,customer_velocity;new_customer_terminal_pair;night_activity;home_region_mismatch,0.6,0.29055459954117147,0.6
X000038938,2026-01-08 00:03:32,C000332,A0000332,M00460,T00677,Midwest,Midwest,68.65,USD,card_present,chip_pin,approved,APPROVE,48.16,1.4254568106312295,1,0,0,0,0,0,0,1,44,13,12,26,terminal_customer_network_burst;night_activity,0.26,0.01981547923192704,0.26
X000222366,2026-01-08 00:03:36,C001812,A0001812,M00342,T00375,Midwest,Midwest,60.48,USD,card_present,chip_pin,approved,APPROVE,40.91,1.4783671473967246,1,0,0,0,0,0,0,1,61,11,2,26,terminal_customer_network_burst;night_activity,0.26,0.023012122460347142,0.26
X000224274,2026-01-08 00:03:43,C001831,A0001831,M00601,T00769,South,South,10.64,USD,card_present,3ds,approved,APPROVE,24.6,0.432520325203252,1,0,0,0,0,0,0,0,52,16,1,26,terminal_customer_network_burst;night_activity,0.26,0.024370009441838203,0.26
X000053726,2026-01-08 00:04:02,C000455,A0000455,M00742,T00512,West,Northeast,30.2,USD,card_present,chip_pin,approved,APPROVE,43.21,0.6989122888220319,1,0,0,0,0,0,1,4,20,6,0,35,new_customer_terminal_pair;night_activity;home_region_mismatch,0.35,0.12317127527600365,0.35
X000083947,2026-01-08 00:05:21,C000702,A0000702,M00068,T00322,Northeast,Northeast,11.23,USD,card_present,chip_pin,approved,APPROVE,33.84,0.3318557919621749,1,0,0,0,0,0,0,1,32,10,2,26,terminal_customer_network_burst;night_activity,0.26,0.012000695881221383,0.26
X000188727,2026-01-08 00:05:33,C001550,A0001550,M00745,T00183,Northeast,Northeast,83.75,USD,card_present,chip_pin,approved,APPROVE,138.42,0.6050426238982807,1,0,0,0,0,0,0,1,29,10,2,26,terminal_customer_network_burst;night_activity,0.26,0.013296844067115586,0.26
X000131973,2026-01-08 00:06:19,C001087,A0001087,M00022,T00194,South,South,64.28,USD,card_present,wallet_biometric,approved,APPROVE,67.4,0.9537091988130563,1,0,0,0,0,0,0,1,49,12,1,26,terminal_customer_network_burst;night_activity,0.26,0.02099354272509082,0.26
X000159034,2026-01-08 00:06:26,C001309,A0001309,M00217,T00815,South,South,43.11,USD,card_present,chip_pin,approved,APPROVE,46.76,0.9219418306244653,1,0,0,0,0,0,0,2,23,9,1,26,terminal_customer_network_burst;night_activity,0.26,0.015348517225865192,0.26
X000142966,2026-01-08 00:07:13,C001178,A0001178,M00277,T00518,Midwest,Midwest,24.4,USD,card_present,3ds,approved,APPROVE,78.42,0.31114511604182604,1,0,0,0,0,0,0,1,28,8,2,26,terminal_customer_network_burst;night_activity,0.26,0.0093090887876457,0.26
X000176722,2026-01-08 00:07:18,C001457,A0001457,M00023,T00720,Midwest,Midwest,10.79,USD,card_present,chip_pin,approved,APPROVE,23.47,0.45973583297827014,1,0,0,0,0,0,0,1,50,9,5,26,terminal_customer_network_burst;night_activity,0.26,0.010681327211607203,0.26
X000059342,2026-01-08 00:07:48,C000505,A0000505,M00046,T00132,Northeast,Northeast,148.91,USD,card_present,wallet_biometric,approved,APPROVE,119.19,1.2493497776659115,1,0,0,0,0,0,0,1,32,8,10,26,terminal_customer_network_burst;night_activity,0.26,0.010624303042671701,0.26
X000096188,2026-01-08 00:07:57,C000804,A0000804,M00374,T00569,South,South,31.15,USD,ecommerce,chip_pin,approved,APPROVE,31.4,0.9920382165605095,1,0,0,1,0,0,0,1,29,12,3,26,terminal_customer_network_burst;night_activity,0.26,0.020047082350015837,0.26
X000169792,2026-01-08 00:08:45,C001401,A0001401,M00445,T00086,Northeast,Northeast,72.17,USD,card_present,chip_pin,approved,APPROVE,92.55,0.7797947055645598,1,0,0,0,0,0,0,3,45,8,11,26,terminal_customer_network_burst;night_activity,0.26,0.011110228084322379,0.26
X000022533,2026-01-08 00:09:18,C000195,A0000195,M00407,T00062,West,West,95.78,USD,card_present,chip_pin,approved,APPROVE,82.17,1.1656322258731897,1,0,0,0,0,0,0,2,10,4,6,8,night_activity,0.08,0.007747263768722413,0.08
X000158951,2026-01-08 00:09:48,C001308,A0001308,M00787,T00660,South,South,45.13,USD,ecommerce,3ds,soft_decline,CHALLENGE,55.99,0.8060367922843366,1,0,1,1,0,0,0,1,21,9,4,34,terminal_customer_network_burst;night_activity;authentication_soft_decline,0.34,0.05643806651399319,0.34
X000019381,2026-01-08 00:09:54,C000168,A0000168,M00394,T00922,South,South,71.98,USD,card_present,wallet_biometric,approved,APPROVE,54.6,1.3183150183150183,1,0,0,0,0,0,0,3,50,11,6,26,terminal_customer_network_burst;night_activity,0.26,0.023286773458477593,0.26
X000168951,2026-01-08 00:09:56,C001397,A0001397,M00743,T00220,South,South,44.2,USD,card_present,3ds,approved,APPROVE,55.89,0.790839148327071,1,0,0,0,0,0,0,4,24,7,3,8,night_activity,0.08,0.013664750648160336,0.08
X000055595,2026-01-08 00:10:05,C000471,A0000471,M00580,T00415,South,South,174.55,USD,ecommerce,magstripe,approved,APPROVE,136.92,1.2748320186970497,1,0,0,1,1,0,0,6,60,13,11,71,customer_velocity;terminal_customer_network_burst;ecommerce_authentication_shift;night_activity,0.71,0.07815046733386422,0.71
X000050803,2026-01-08 00:10:09,C000427,A0000427,M00039,T01145,South,Midwest,348.52,USD,mobile_wallet,wallet_biometric,approved,APPROVE,187.71,1.856693836236748,1,0,0,0,0,1,1,3,37,7,0,35,new_customer_terminal_pair;night_activity;home_region_mismatch,0.35,0.26241666003894487,0.35
X000216474,2026-01-08 00:11:50,C001770,A0001770,M00576,T00152,Midwest,Midwest,88.95,USD,card_present,magstripe,approved,APPROVE,144.7,0.6147201105736007,1,0,0,0,1,0,0,5,16,7,4,33,customer_velocity;night_activity,0.33,0.02905615354586796,0.33
X000231400,2026-01-08 00:12:38,C001889,A0001889,M00717,T00614,South,South,413.15,USD,card_present,wallet_biometric,approved,APPROVE,324.26,1.2741318694874484,1,0,0,0,0,0,0,5,38,9,9,51,customer_velocity;terminal_customer_network_burst;night_activity,0.51,0.02013836616436548,0.51
X000070759,2026-01-08 00:13:08,C000601,A0000601,M00600,T00407,South,South,382.8,USD,card_present,wallet_biometric,approved,APPROVE,156.23,2.450233629904628,1,0,0,0,0,0,0,3,41,9,4,26,terminal_customer_network_burst;night_activity,0.26,0.030180339973039823,0.26
X000232558,2026-01-08 00:13:10,C001897,A0001897,M00285,T00604,Midwest,Midwest,74.03,USD,card_present,3ds,approved,APPROVE,92.61,0.7993737177410647,1,0,0,0,0,0,0,4,17,3,8,8,night_activity,0.08,0.0071591124571753414,0.08
X000152600,2026-01-08 00:13:35,C001255,A0001255,M00712,T00650,South,South,35.06,USD,ecommerce,wallet_biometric,approved,APPROVE,41.83,0.8381544346163041,1,0,0,1,0,0,0,1,32,11,1,26,terminal_customer_network_burst;night_activity,0.26,0.018013459522184205,0.26
X000184287,2026-01-08 00:13:47,C001518,A0001518,M00382,T00499,Midwest,Midwest,77.48,USD,ecommerce,chip_pin,approved,APPROVE,74.25,1.0435016835016835,1,0,0,1,0,0,0,1,31,10,2,26,terminal_customer_network_burst;night_activity,0.26,0.016813548043456118,0.26
X000196147,2026-01-08 00:13:47,C001612,A0001612,M00095,T00821,Northeast,Northeast,159.28,USD,mobile_wallet,magstripe,approved,APPROVE,157.68,1.0101471334348047,1,0,0,0,1,1,0,2,15,6,0,23,new_customer_terminal_pair;night_activity,0.23,0.03620975029397751,0.23
X000236267,2026-01-08 00:13:55,C001928,A0001928,M00225,T00294,Midwest,Midwest,52.5,USD,card_present,wallet_biometric,approved,APPROVE,35.46,1.4805414551607445,1,0,0,0,0,0,0,2,27,8,1,26,terminal_customer_network_burst;night_activity,0.26,0.017264954417880955,0.26
X000148472,2026-01-08 00:14:03,C001225,A0001225,M00507,T00488,South,South,176.41,USD,ecommerce,chip_pin,approved,APPROVE,171.02,1.0315167816629633,1,0,0,1,0,0,0,10,39,9,14,71,customer_velocity;high_customer_velocity;terminal_customer_network_burst;night_activity,0.71,0.029313466431554944,0.71
X000224144,2026-01-08 00:14:41,C001830,A0001830,M00619,T00644,West,West,27.64,USD,card_present,chip_pin,approved,APPROVE,48.32,0.5720198675496689,1,0,0,0,0,0,0,2,5,2,4,8,night_activity,0.08,0.005061858386629022,0.08
X000206089,2026-01-08 00:14:47,C001682,A0001682,M00386,T00008,Northeast,Northeast,47.04,USD,card_present,wallet_biometric,approved,APPROVE,64.09,0.7339678577001092,1,0,0,0,0,0,0,0,32,7,2,8,night_activity,0.08,0.008825080626236053,0.08
X000242142,2026-01-08 00:15:26,C001977,A0001977,M00309,T01011,Northeast,Northeast,68.35,USD,mobile_wallet,chip_pin,approved,APPROVE,38.63,1.7693502459228576,1,0,0,0,0,1,0,0,32,7,2,8,night_activity,0.08,0.02009786150153534,0.08
X000067798,2026-01-08 00:15:52,C000575,A0000575,M00163,T01133,Midwest,Midwest,44.46,USD,ecommerce,wallet_biometric,approved,APPROVE,61.13,0.7273024701455914,1,0,0,1,0,0,0,3,23,7,0,23,new_customer_terminal_pair;night_activity,0.23,0.013731364140277277,0.23
X000097723,2026-01-08 00:15:55,C000819,A0000819,M00447,T00749,South,South,26.92,USD,ecommerce,3ds,approved,APPROVE,37.28,0.7221030042918455,1,0,0,1,0,0,0,2,25,10,4,26,terminal_customer_network_burst;night_activity,0.26,0.015330637546397012,0.26
X000178031,2026-01-08 00:16:17,C001465,A0001465,M00417,T00117,South,South,74.42,USD,mobile_wallet,chip_pin,approved,APPROVE,80.93,0.9195601136784876,1,0,0,0,0,1,0,3,39,8,8,26,terminal_customer_network_burst;night_activity,0.26,0.019112428426891974,0.26
X000068009,2026-01-08 00:17:04,C000577,A0000577,M00048,T00107,Northeast,Northeast,353.1,USD,ecommerce,3ds,approved,APPROVE,168.98,2.0895964019410584,1,0,0,1,0,0,0,2,36,8,7,26,terminal_customer_network_burst;night_activity,0.26,0.01963149769867145,0.26
X000239449,2026-01-08 00:17:59,C001953,A0001953,M00394,T00922,South,South,139.83,USD,card_present,chip_pin,approved,APPROVE,191.95,0.7284709559781194,1,0,0,0,0,0,0,3,51,11,6,26,terminal_customer_network_burst;night_activity,0.26,0.018438090559947044,0.26
X000176473,2026-01-08 00:18:30,C001455,A0001455,M00433,T00174,Midwest,Midwest,53.55,USD,ecommerce,3ds,approved,APPROVE,52.23,1.025272831705916,1,0,0,1,0,0,0,5,41,12,6,51,customer_velocity;terminal_customer_network_burst;night_activity,0.51,0.030167004205728286,0.51
X000227677,2026-01-08 00:19:00,C001856,A0001856,M00580,T00415,South,South,75.69,USD,mobile_wallet,3ds,approved,APPROVE,120.97,0.625692320410019,1,0,0,0,0,1,0,4,61,13,9,26,terminal_customer_network_burst;night_activity,0.26,0.03485310012539425,0.26
X000001465,2026-01-08 00:19:49,C000015,A0000015,M00763,T00455,South,South,63.03,USD,ecommerce,chip_pin,approved,APPROVE,115.21,0.5470879263952783,1,0,0,1,0,0,0,7,30,5,6,33,customer_velocity;night_activity,0.33,0.01350906501290444,0.33
X000069985,2026-01-08 00:19:51,C000596,A0000596,M00022,T00830,South,South,41.91,USD,card_present,chip_pin,approved,APPROVE,186.24,0.22503221649484534,1,0,0,0,0,0,0,1,43,8,7,26,terminal_customer_network_burst;night_activity,0.26,0.007950925364022619,0.26
X000110594,2026-01-08 00:20:12,C000924,A0000924,M00399,T01051,West,West,363.76,USD,ecommerce,wallet_biometric,approved,APPROVE,329.64,1.1035068559640822,1,0,0,1,0,0,0,1,10,4,5,8,night_activity,0.08,0.007321480397191522,0.08
X000065239,2026-01-08 00:20:25,C000553,A0000553,M00552,T00463,Northeast,Northeast,106.36,USD,ecommerce,wallet_biometric,approved,APPROVE,69.68,1.5264064293915038,1,0,0,1,0,0,0,1,31,8,2,26,terminal_customer_network_burst;night_activity,0.26,0.016155416013161467,0.26
X000127546,2026-01-08 00:21:21,C001052,A0001052,M00282,T00583,South,South,91.9,USD,card_present,3ds,approved,APPROVE,146.14,0.6288490488572602,1,0,0,0,0,0,0,5,69,12,15,51,customer_velocity;terminal_customer_network_burst;night_activity,0.51,0.01971074731110422,0.51
X000032586,2026-01-08 00:22:02,C000276,A0000276,M00579,T01107,West,West,67.84,USD,card_present,chip_pin,approved,APPROVE,60.66,1.1183646554566438,1,0,0,0,0,0,0,1,10,5,3,8,night_activity,0.08,0.008380396061907472,0.08
X000012068,2026-01-08 00:22:09,C000106,A0000106,M00211,T00509,Midwest,Midwest,50.36,USD,card_present,chip_pin,approved,APPROVE,56.26,0.8951297547102738,1,0,0,0,0,0,0,5,49,9,12,51,customer_velocity;terminal_customer_network_burst;night_activity,0.51,0.016161839385243477,0.51
X000007632,2026-01-08 00:22:22,C000070,A0000070,M00304,T00317,Midwest,Midwest,21.56,USD,ecommerce,wallet_biometric,approved,APPROVE,21.98,0.9808917197452228,1,0,0,1,0,0,0,0,13,6,4,8,night_activity,0.08,0.008166347080141322,0.08
X000100628,2026-01-08 00:22:51,C000847,A0000847,M00520,T00143,Midwest,Midwest,14.94,USD,card_present,3ds,approved,APPROVE,28.04,0.5328102710413695,1,0,0,0,0,0,0,2,15,4,3,8,night_activity,0.08,0.006688044124725225,0.08
X000033680,2026-01-08 00:22:52,C000287,A0000287,M00604,T01134,Northeast,Northeast,27.45,USD,card_present,magstripe,approved,APPROVE,30.67,0.8950114118030648,1,0,0,0,1,0,0,0,58,11,3,26,terminal_customer_network_burst;night_activity,0.26,0.03331630428634316,0.26
X000215967,2026-01-08 00:24:21,C001765,A0001765,M00779,T00146,South,South,43.71,USD,card_present,3ds,approved,APPROVE,57.88,0.7551831375259157,1,0,0,0,0,0,0,4,87,13,5,26,terminal_customer_network_burst;night_activity,0.26,0.029816210288107353,0.26
X000218789,2026-01-08 00:24:21,C001788,A0001788,M00108,T00481,Midwest,Midwest,116.3,USD,mobile_wallet,3ds,approved,APPROVE,148.33,0.7840625632036674,1,0,0,0,0,1,0,0,44,11,3,26,terminal_customer_network_burst;night_activity,0.26,0.021559496435147353,0.26
X000202769,2026-01-08 00:24:27,C001660,A0001660,M00745,T00183,Northeast,Northeast,69.57,USD,ecommerce,chip_pin,approved,APPROVE,42.17,1.649751007825468,1,0,0,1,0,0,0,3,30,10,2,26,terminal_customer_network_burst;night_activity,0.26,0.026923466523738702,0.26
X000209469,2026-01-08 00:24:36,C001710,A0001710,M00655,T00487,Midwest,Midwest,125.46,USD,card_present,3ds,approved,APPROVE,109.77,1.1429352282044274,1,0,0,0,0,0,0,1,20,6,6,8,night_activity,0.08,0.008869709021530453,0.08
X000048358,2026-01-08 00:25:21,C000406,A0000406,M00380,T01026,Midwest,Midwest,104.66,USD,mobile_wallet,chip_pin,approved,APPROVE,126.82,0.8252641539189403,1,0,0,0,0,1,0,3,24,9,4,26,terminal_customer_network_burst;night_activity,0.26,0.02261366024536876,0.26
X000022234,2026-01-08 00:26:02,C000192,A0000192,M00670,T00842,Northeast,Northeast,41.47,USD,ecommerce,chip_pin,approved,APPROVE,33.17,1.2502261079288512,1,0,0,1,0,0,0,0,25,7,1,8,night_activity,0.08,0.011635521752814333,0.08
X000197144,2026-01-08 00:26:09,C001619,A0001619,M00420,T00678,West,West,75.31,USD,mobile_wallet,chip_pin,approved,APPROVE,45.97,1.6382423319556234,1,0,0,0,0,1,0,2,24,8,3,26,terminal_customer_network_burst;night_activity,0.26,0.025615643234692464,0.26
X000137983,2026-01-08 00:26:18,C001135,A0001135,M00023,T00495,Midwest,Midwest,35.69,USD,card_present,wallet_biometric,approved,APPROVE,39.91,0.8942620897018292,1,0,0,0,0,0,0,0,5,4,1,8,night_activity,0.08,0.006369537326313865,0.08
X000015085,2026-01-08 00:26:23,C000128,A0000128,M00122,T00125,South,South,30.65,USD,ecommerce,chip_pin,approved,APPROVE,50.82,0.6031090121999213,1,0,0,1,0,0,0,1,24,8,3,26,terminal_customer_network_burst;night_activity,0.26,0.010591556418057372,0.26
X000018403,2026-01-08 00:27:17,C000157,A0000157,M00372,T00192,South,South,59.4,USD,mobile_wallet,chip_pin,approved,APPROVE,57.73,1.028927767192101,1,0,0,0,0,1,0,3,52,14,4,26,terminal_customer_network_burst;night_activity,0.26,0.046705329244112734,0.26
X000140933,2026-01-08 00:27:32,C001161,A0001161,M00454,T00566,West,West,65.98,USD,mobile_wallet,chip_pin,approved,APPROVE,68.85,0.9583151779230212,1,0,0,0,0,1,0,0,3,2,2,8,night_activity,0.08,0.0074812589781400925,0.08
X000220548,2026-01-08 00:28:02,C001800,A0001800,M00213,T00320,Northeast,Northeast,70.28,USD,card_present,chip_pin,approved,APPROVE,186.73,0.37637230225459223,1,0,0,0,0,0,0,9,24,6,15,33,customer_velocity;night_activity,0.33,0.01252190659980864,0.33
X000210002,2026-01-08 00:29:43,C001713,A0001713,M00690,T00363,Northeast,Northeast,75.84,USD,card_present,chip_pin,approved,APPROVE,40.41,1.8767631774313291,1,0,0,0,0,0,0,0,25,6,3,8,night_activity,0.08,0.011845247990342058,0.08
X000078246,2026-01-08 00:29:54,C000659,A0000659,M00253,T01072,South,South,27.61,USD,card_present,chip_pin,approved,APPROVE,31.77,0.869058860560277,1,0,0,0,0,0,0,3,29,6,7,8,night_activity,0.08,0.00993835189075665,0.08
X000097407,2026-01-08 00:30:09,C000816,A0000816,M00083,T00024,Midwest,Midwest,89.32,USD,ecommerce,3ds,approved,APPROVE,65.77,1.3580659875323096,1,0,0,1,0,0,0,2,24,6,2,8,night_activity,0.08,0.013177794970902146,0.08
X000196549,2026-01-08 00:30:14,C001614,A0001614,M00316,T00389,South,South,9.73,USD,card_present,chip_pin,approved,APPROVE,45.32,0.2146954986760812,1,0,0,0,0,0,0,0,55,10,2,26,terminal_customer_network_burst;night_activity,0.26,0.010801346266488609,0.26
X000190292,2026-01-08 00:30:21,C001563,A0001563,M00601,T00769,South,South,283.96,USD,ecommerce,wallet_biometric,approved,APPROVE,256.53,1.1069270650606167,1,0,0,1,0,0,0,5,53,16,7,51,customer_velocity;terminal_customer_network_burst;night_activity,0.51,0.04913760468211223,0.51
X000138666,2026-01-08 00:30:27,C001142,A0001142,M00325,T00244,Northeast,Northeast,484.0,USD,card_present,chip_pin,approved,APPROVE,318.46,1.5198141053821517,1,0,0,0,0,0,0,0,10,3,4,8,night_activity,0.08,0.006707088053025611,0.08
X000048639,2026-01-08 00:30:37,C000408,A0000408,M00547,T00371,Northeast,Northeast,17.88,USD,card_present,3ds,approved,APPROVE,71.27,0.2508769468219447,1,0,0,0,0,0,0,4,51,11,0,41,new_customer_terminal_pair;terminal_customer_network_burst;night_activity,0.41,0.02069978811724083,0.41
X000242486,2026-01-08 00:30:49,C001980,A0001980,M00342,T00483,Midwest,Midwest,122.24,USD,card_present,3ds,approved,APPROVE,221.06,0.5529720437890165,1,0,0,0,0,0,0,5,58,10,16,51,customer_velocity;terminal_customer_network_burst;night_activity,0.51,0.014251890554623286,0.51
X000077722,2026-01-08 00:31:44,C000654,A0000654,M00736,T00065,South,South,179.47,USD,mobile_wallet,chip_pin,approved,APPROVE,57.79,3.1055545942204534,1,0,0,0,0,1,0,5,42,13,4,81,amount_vs_profile;customer_velocity;terminal_customer_network_burst;night_activity,0.81,0.11141861818026283,0.81
X000231401,2026-01-08 00:32:02,C001889,A0001889,M00717,T00614,South,South,391.76,USD,card_present,3ds,approved,APPROVE,324.26,1.2081662863134521,1,0,0,0,0,0,0,6,39,9,10,51,customer_velocity;terminal_customer_network_burst;night_activity,0.51,0.021380488231795555,0.51
X000147630,2026-01-08 00:32:11,C001220,A0001220,M00437,T00139,West,West,136.87,USD,ecommerce,3ds,soft_decline,CHALLENGE,107.29,1.2757013701183708,1,0,1,1,0,0,0,5,31,5,12,41,customer_velocity;night_activity;authentication_soft_decline,0.41,0.05402643418936795,0.41
X000120338,2026-01-08 00:32:21,C001000,A0001000,M00613,T00852,South,South,15.09,USD,card_present,3ds,approved,APPROVE,20.16,0.7485119047619048,1,0,0,0,0,0,0,2,37,8,5,26,terminal_customer_network_burst;night_activity,0.26,0.01160060078241337,0.26
X000120571,2026-01-08 00:32:28,C001002,A0001002,M00790,T01171,Northeast,Northeast,28.76,USD,card_present,chip_pin,approved,APPROVE,121.99,0.23575702926469386,1,0,0,0,0,0,0,4,16,5,4,8,night_activity,0.08,0.008186449524289482,0.08
X000094550,2026-01-08 00:32:41,C000790,A0000790,M00231,T00811,South,South,525.98,USD,card_present,wallet_biometric,approved,APPROVE,153.21,3.433065726780236,1,0,0,0,0,0,0,1,32,10,2,56,amount_vs_profile;terminal_customer_network_burst;night_activity,0.56,0.041343618674289095,0.56
X000030864,2026-01-08 00:33:01,C000262,A0000262,M00502,T00353,Northeast,Northeast,78.62,USD,card_present,3ds,approved,APPROVE,84.93,0.9257035205463322,1,0,0,0,0,0,0,6,20,5,8,33,customer_velocity;night_activity,0.33,0.012141738780552476,0.33
X000177538,2026-01-08 00:33:10,C001461,A0001461,M00034,T00307,Northeast,Northeast,427.61,USD,mobile_wallet,chip_pin,approved,APPROVE,251.98,1.696999761885864,1,0,0,0,0,1,0,1,38,9,9,26,terminal_customer_network_burst;night_activity,0.26,0.02247437164975089,0.26
X000137489,2026-01-08 00:33:30,C001130,A0001130,M00720,T00705,Northeast,Northeast,56.81,USD,ecommerce,chip_pin,approved,APPROVE,59.28,0.9583333333333334,1,0,0,1,0,0,0,1,35,10,1,26,terminal_customer_network_burst;night_activity,0.26,0.016947147738890424,0.26
X000239248,2026-01-08 00:34:09,C001952,A0001952,M00655,T00487,Midwest,Midwest,77.36,USD,ecommerce,3ds,approved,APPROVE,96.54,0.801325875284856,1,0,0,1,0,0,0,4,21,6,7,8,night_activity,0.08,0.0112312433490453,0.08
X000160812,2026-01-08 00:34:17,C001328,A0001328,M00528,T00475,Midwest,Midwest,96.93,USD,ecommerce,chip_pin,approved,APPROVE,36.79,2.63468333786355,1,0,0,1,0,0,0,0,25,7,3,8,night_activity,0.08,0.019051620554966387,0.08
X000233900,2026-01-08 00:34:40,C001907,A0001907,M00540,T01173,West,West,112.1,USD,card_present,chip_pin,approved,APPROVE,168.05,0.6670633739958345,1,0,0,0,0,0,0,2,14,3,11,8,night_activity,0.08,0.004832323155053243,0.08
X000121305,2026-01-08 00:35:08,C001008,A0001008,M00529,T00187,Midwest,Midwest,293.23,USD,mobile_wallet,3ds,approved,APPROVE,287.67,1.019327701880627,1,0,0,0,0,1,0,5,17,4,4,33,customer_velocity;night_activity,0.33,0.016892572062735423,0.33
X000149825,2026-01-08 00:35:08,C001234,A0001234,M00271,T00227,Northeast,Northeast,43.02,USD,card_present,chip_pin,approved,APPROVE,62.77,0.6853592480484308,1,0,0,0,0,0,0,0,19,7,2,8,night_activity,0.08,0.008369847287048753,0.08
X000135122,2026-01-08 00:35:44,C001110,A0001110,M00270,T00935,South,South,119.67,USD,mobile_wallet,chip_pin,approved,APPROVE,129.57,0.9235934244037972,1,0,0,0,0,1,0,0,22,6,6,8,night_activity,0.08,0.010908333066078529,0.08
X000066145,2026-01-08 00:35:45,C000561,A0000561,M00282,T01131,South,South,35.89,USD,card_present,chip_pin,approved,APPROVE,56.65,0.6335392762577229,1,0,0,0,0,0,0,3,75,16,3,26,terminal_customer_network_burst;night_activity,0.26,0.036996834398595274,0.26
X000171281,2026-01-08 00:35:56,C001412,A0001412,M00603,T01192,Midwest,Midwest,77.28,USD,card_present,chip_pin,approved,APPROVE,62.79,1.2307692307692308,1,0,0,0,0,0,0,2,17,6,3,8,night_activity,0.08,0.01129004031482608,0.08
X000237379,2026-01-08 00:36:01,C001936,A0001936,M00309,T01011,Northeast,Northeast,36.48,USD,ecommerce,chip_pin,approved,APPROVE,53.89,0.6769344961959547,1,0,0,1,0,0,0,0,33,7,0,23,new_customer_terminal_pair;night_activity,0.23,0.00972723112774692,0.23
X000049055,2026-01-08 00:36:31,C000411,A0000411,M00193,T01039,West,West,50.37,USD,card_present,magstripe,approved,APPROVE,29.09,1.7315228600893777,1,0,0,0,1,0,0,0,27,8,4,26,terminal_customer_network_burst;night_activity,0.26,0.029441972774972878,0.26
X000150904,2026-01-08 00:36:32,C001241,A0001241,M00168,T00981,Northeast,Northeast,279.55,USD,ecommerce,wallet_biometric,approved,APPROVE,279.08,1.0016841049161531,1,0,0,1,0,0,0,4,42,8,8,26,terminal_customer_network_burst;night_activity,0.26,0.01573044940938095,0.26
X000224145,2026-01-08 00:37:48,C001830,A0001830,M00796,T00571,West,West,44.77,USD,mobile_wallet,chip_pin,approved,APPROVE,48.32,0.9265314569536425,1,0,0,0,0,1,0,3,27,4,4,8,night_activity,0.08,0.013229725041677097,0.08
X000037302,2026-01-08 00:37:49,C000319,A0000319,M00607,T00470,South,South,41.07,USD,ecommerce,wallet_biometric,approved,APPROVE,48.86,0.8405648792468277,1,0,0,1,0,0,0,7,50,11,6,51,customer_velocity;terminal_customer_network_burst;night_activity,0.51,0.032122936935595044,0.51
X000054359,2026-01-08 00:38:00,C000461,A0000461,M00372,T00192,South,South,433.45,USD,mobile_wallet,chip_pin,approved,APPROVE,456.08,0.9503815120154359,1,0,0,0,0,1,0,4,53,14,12,26,terminal_customer_network_burst;night_activity,0.26,0.03962959300400757,0.26
X000073651,2026-01-08 00:38:18,C000623,A0000623,M00479,T00906,Midwest,Midwest,87.08,USD,mobile_wallet,chip_pin,approved,APPROVE,104.99,0.8294123249833317,1,0,0,0,0,1,0,3,26,3,10,8,night_activity,0.08,0.009300698331038911,0.08
X000180376,2026-01-08 00:38:20,C001483,A0001483,M00691,T00755,Northeast,Northeast,715.48,USD,ecommerce,3ds,approved,APPROVE,259.43,2.757892302355163,1,0,0,1,0,0,0,3,40,11,10,26,terminal_customer_network_burst;night_activity,0.26,0.037323024835461314,0.26
X000190476,2026-01-08 00:38:44,C001564,A0001564,M00544,T00846,South,South,16.95,USD,card_present,chip_pin,approved,APPROVE,41.62,0.40725612686208557,1,0,0,0,0,0,0,2,51,12,1,26,terminal_customer_network_burst;night_activity,0.26,0.01903200068384297,0.26
X000186030,2026-01-08 00:38:46,C001529,A0001529,M00560,T00868,West,West,120.53,USD,card_present,3ds,approved,APPROVE,86.48,1.3937326549491211,1,0,0,0,0,0,0,2,20,4,0,23,new_customer_terminal_pair;night_activity,0.23,0.01057648422443859,0.23
X000170606,2026-01-08 00:40:31,C001406,A0001406,M00764,T00111,West,West,58.75,USD,card_present,3ds,approved,APPROVE,34.62,1.696995956094743,1,0,0,0,0,0,0,1,6,4,1,8,night_activity,0.08,0.00993939999430342,0.08
X000048752,2026-01-08 00:41:04,C000409,A0000409,M00091,T00954,Midwest,Midwest,17.35,USD,ecommerce,3ds,approved,APPROVE,44.57,0.3892752972851694,1,0,0,1,0,0,0,2,53,9,5,26,terminal_customer_network_burst;night_activity,0.26,0.012399386422318633,0.26
X000187302,2026-01-08 00:41:21,C001541,A0001541,M00471,T00670,Midwest,Midwest,96.43,USD,ecommerce,chip_pin,approved,APPROVE,126.44,0.7626542233470421,1,0,0,1,0,0,0,0,60,12,10,26,terminal_customer_network_burst;night_activity,0.26,0.014080479773914738,0.26
X000129240,2026-01-08 00:41:29,C001063,A0001063,M00100,T00272,Northeast,Northeast,40.52,USD,card_present,wallet_biometric,approved,APPROVE,32.18,1.2591671845866999,1,0,0,0,0,0,0,3,21,6,2,8,night_activity,0.08,0.013386725461887607,0.08
X000149117,2026-01-08 00:41:40,C001228,A0001228,M00244,T00336,South,South,55.66,USD,mobile_wallet,3ds,approved,APPROVE,55.14,1.00943054044251,1,0,0,0,0,1,0,5,43,10,10,51,customer_velocity;terminal_customer_network_burst;night_activity,0.51,0.029823397084675046,0.51
X000029511,2026-01-08 00:41:56,C000254,A0000254,M00452,T00329,Northeast,Northeast,349.87,USD,card_present,3ds,approved,APPROVE,244.89,1.4286822655069624,1,0,0,0,0,0,0,8,56,10,11,51,customer_velocity;terminal_customer_network_burst;night_activity,0.51,0.033335770669314424,0.51
X000157055,2026-01-08 00:42:04,C001292,A0001292,M00484,T00479,South,South,110.73,USD,card_present,3ds,approved,APPROVE,56.18,1.9709861160555358,1,0,0,0,0,0,0,2,43,10,1,26,terminal_customer_network_burst;night_activity,0.26,0.027597025059571616,0.26
X000060498,2026-01-08 00:42:17,C000515,A0000515,M00724,T00630,West,West,77.26,USD,ecommerce,3ds,approved,APPROVE,95.21,0.8114693834681233,1,0,0,1,0,0,0,2,20,6,3,8,night_activity,0.08,0.010129363727786634,0.08
X000200292,2026-01-08 00:42:23,C001641,A0001641,M00378,T00730,South,South,64.61,USD,mobile_wallet,chip_pin,approved,APPROVE,69.77,0.9260427117672353,1,0,0,0,0,1,0,0,25,6,5,8,night_activity,0.08,0.01136269350527848,0.08
X000215870,2026-01-08 00:42:29,C001764,A0001764,M00500,T00780,Midwest,Midwest,33.24,USD,card_present,3ds,approved,APPROVE,40.69,0.8169083312853281,1,0,0,0,0,0,0,1,24,7,7,8,night_activity,0.08,0.008554924412316528,0.08
X000076965,2026-01-08 00:42:31,C000647,A0000647,M00550,T01034,West,West,47.83,USD,ecommerce,chip_pin,approved,APPROVE,58.76,0.8139891082368959,1,0,0,1,0,0,0,3,12,5,4,8,night_activity,0.08,0.009610705510782126,0.08
X000059343,2026-01-08 00:42:37,C000505,A0000505,M00521,T00168,Northeast,Northeast,181.23,USD,ecommerce,3ds,approved,APPROVE,119.19,1.5205134658947899,1,0,0,1,0,0,0,2,22,6,3,8,night_activity,0.08,0.0135561112789516,0.08
X000234943,2026-01-08 00:43:00,C001916,A0001916,M00045,T00921,Midwest,Midwest,34.93,USD,card_present,chip_pin,approved,APPROVE,62.11,0.5623893092899694,1,0,0,0,0,0,0,3,22,5,9,8,night_activity,0.08,0.007183672410440884,0.08
X000211728,2026-01-08 00:43:29,C001727,A0001727,M00607,T00470,South,South,97.1,USD,card_present,chip_pin,approved,APPROVE,189.29,0.512969517671298,1,0,0,0,0,0,0,5,51,11,12,51,customer_velocity;terminal_customer_network_burst;night_activity,0.51,0.017603728470130194,0.51
X000118085,2026-01-08 00:43:55,C000978,A0000978,M00594,T01188,Northeast,Northeast,213.17,USD,card_present,chip_pin,approved,APPROVE,240.92,0.884816536609663,1,0,0,0,0,0,0,4,60,13,13,26,terminal_customer_network_burst;night_activity,0.26,0.02276840460314788,0.26
X000079444,2026-01-08 00:44:30,C000669,A0000669,M00403,T01126,West,Northeast,33.86,USD,card_present,wallet_biometric,approved,APPROVE,24.18,1.4003308519437552,1,0,0,0,0,0,1,5,20,8,0,78,customer_velocity;new_customer_terminal_pair;terminal_customer_network_burst;night_activity;home_region_mismatch,0.78,0.2107802866054781,0.78
X000072495,2026-01-08 00:44:31,C000613,A0000613,M00676,T00979,Northeast,Midwest,19.16,USD,card_present,chip_pin,soft_decline,CHALLENGE,35.98,0.5325180655919955,1,0,1,0,0,0,1,1,6,1,0,43,new_customer_terminal_pair;night_activity;authentication_soft_decline;home_region_mismatch,0.43,0.1889670784997582,0.43
X000159826,2026-01-08 00:44:40,C001318,A0001318,M00295,T00163,South,South,44.09,USD,card_present,3ds,approved,APPROVE,51.13,0.8623117543516526,1,0,0,0,0,0,0,3,63,12,2,26,terminal_customer_network_burst;night_activity,0.26,0.025580300712425195,0.26
X000181540,2026-01-08 00:45:13,C001493,A0001493,M00087,T00716,South,South,23.25,USD,ecommerce,chip_pin,approved,APPROVE,38.63,0.6018638363965829,1,0,0,1,0,0,0,1,56,10,4,26,terminal_customer_network_burst;night_activity,0.26,0.014069660471165887,0.26
X000039360,2026-01-08 00:45:26,C000335,A0000335,M00349,T00076,West,West,28.29,USD,mobile_wallet,chip_pin,approved,APPROVE,50.05,0.5652347652347652,1,0,0,0,0,1,0,1,16,4,1,8,night_activity,0.08,0.009694560887281359,0.08
X000054215,2026-01-08 00:45:55,C000460,A0000460,M00553,T01122,West,West,100.66,USD,card_present,chip_pin,approved,APPROVE,78.75,1.2782222222222221,1,0,0,0,0,0,0,0,16,3,3,8,night_activity,0.08,0.006377639659282754,0.08
X000089318,2026-01-08 00:46:30,C000748,A0000748,M00067,T00948,South,South,260.34,USD,ecommerce,chip_pin,approved,APPROVE,224.36,1.160367266892494,1,0,0,1,0,0,0,3,50,12,8,26,terminal_customer_network_burst;night_activity,0.26,0.024292006716159463,0.26
X000041488,2026-01-08 00:46:49,C000351,A0000351,M00553,T01122,West,West,80.59,USD,card_present,3ds,approved,APPROVE,48.43,1.6640512079289698,1,0,0,0,0,0,0,2,17,3,9,8,night_activity,0.08,0.007787313308387044,0.08
X000163377,2026-01-08 00:46:56,C001348,A0001348,M00753,T00413,South,South,39.66,USD,ecommerce,3ds,approved,APPROVE,58.02,0.6835573940020682,1,0,0,1,0,0,0,3,50,15,6,26,terminal_customer_network_burst;night_activity,0.26,0.030297351901675557,0.26
X000208989,2026-01-08 00:46:58,C001705,A0001705,M00733,T00848,Northeast,Northeast,46.87,USD,card_present,wallet_biometric,approved,APPROVE,62.52,0.7496801023672424,1,0,0,0,0,0,0,2,26,8,9,26,terminal_customer_network_burst;night_activity,0.26,0.009921893989340574,0.26
X000090580,2026-01-08 00:47:10,C000759,A0000759,M00387,T00209,Northeast,Northeast,51.33,USD,ecommerce,wallet_biometric,approved,APPROVE,40.5,1.2674074074074073,1,0,0,1,0,0,0,1,33,10,6,26,terminal_customer_network_burst;night_activity,0.26,0.01626955491516922,0.26
X000193120,2026-01-08 00:47:39,C001586,A0001586,M00302,T00011,Northeast,Northeast,170.19,USD,ecommerce,magstripe,approved,APPROVE,130.24,1.3067414004914004,1,0,0,1,1,0,0,1,34,8,1,46,terminal_customer_network_burst;ecommerce_authentication_shift;night_activity,0.46,0.03288064442727826,0.46
X000047872,2026-01-08 00:48:53,C000404,A0000404,M00513,T00695,Midwest,Midwest,333.11,USD,mobile_wallet,wallet_biometric,approved,APPROVE,227.96,1.4612651342340761,1,0,0,0,0,1,0,8,29,5,14,33,customer_velocity;night_activity,0.33,0.02402064609719135,0.33
X000186563,2026-01-08 00:48:57,C001534,A0001534,M00386,T00008,Northeast,Northeast,287.89,USD,card_present,chip_pin,approved,APPROVE,208.41,1.381363658173792,1,0,0,0,0,0,0,5,33,7,6,33,customer_velocity;night_activity,0.33,0.018088627256567125,0.33
X000239110,2026-01-08 00:49:26,C001951,A0001951,M00557,T00649,Midwest,Midwest,106.47,USD,ecommerce,chip_pin,approved,APPROVE,46.06,2.3115501519756836,1,0,0,1,0,0,0,1,28,9,2,26,terminal_customer_network_burst;night_activity,0.26,0.024669520446478705,0.26
X000122689,2026-01-08 00:49:47,C001018,A0001018,M00316,T00389,South,South,38.93,USD,card_present,3ds,approved,APPROVE,36.31,1.0721564307353346,1,0,0,0,0,0,0,2,56,10,1,26,terminal_customer_network_burst;night_activity,0.26,0.019923151217215877,0.26
X000186564,2026-01-08 00:49:51,C001534,A0001534,M00068,T00322,Northeast,Northeast,194.86,USD,card_present,3ds,approved,APPROVE,208.41,0.9349839259152632,1,0,0,0,0,0,0,6,33,10,7,51,customer_velocity;terminal_customer_network_burst;night_activity,0.51,0.023333589663883828,0.51
X000151856,2026-01-08 00:49:52,C001248,A0001248,M00017,T00257,Midwest,Midwest,13.3,USD,ecommerce,3ds,approved,APPROVE,51.53,0.2581020764603144,1,0,0,1,0,0,0,0,22,2,0,23,new_customer_terminal_pair;night_activity,0.23,0.004419318597022195,0.23
X000184879,2026-01-08 00:50:11,C001523,A0001523,M00087,T00078,South,South,180.14,USD,card_present,wallet_biometric,approved,APPROVE,127.72,1.4104290635765737,1,0,0,0,0,0,0,4,57,10,5,26,terminal_customer_network_burst;night_activity,0.26,0.025356991450403543,0.26
X000042619,2026-01-08 00:50:54,C000361,A0000361,M00167,T00818,Northeast,Northeast,47.02,USD,card_present,chip_pin,approved,APPROVE,43.71,1.0757263784031115,1,0,0,0,0,0,0,1,32,9,6,26,terminal_customer_network_burst;night_activity,0.26,0.012669254475322866,0.26
X000186332,2026-01-08 00:52:13,C001532,A0001532,M00523,T00390,Midwest,Midwest,335.94,USD,card_present,chip_pin,approved,APPROVE,163.74,2.0516672773909854,1,0,0,0,0,0,0,4,15,3,4,8,night_activity,0.08,0.01344527061091235,0.08
X000156597,2026-01-08 00:52:20,C001289,A0001289,M00351,T00802,West,West,340.73,USD,ecommerce,3ds,approved,APPROVE,454.02,0.7504735474208185,1,0,0,1,0,0,0,3,31,8,11,26,terminal_customer_network_burst;night_activity,0.26,0.011174090052510119,0.26
X000122690,2026-01-08 00:52:23,C001018,A0001018,M00094,T01093,South,South,34.01,USD,mobile_wallet,3ds,approved,APPROVE,36.31,0.9366565684384466,1,0,0,0,0,1,0,3,33,9,6,26,terminal_customer_network_burst;night_activity,0.26,0.022695636748757755,0.26
X000128074,2026-01-08 00:52:29,C001054,A0001054,M00399,T01051,Midwest,West,117.5,USD,card_present,wallet_biometric,approved,APPROVE,91.58,1.2830312295260975,1,0,0,0,0,0,1,1,11,4,0,35,new_customer_terminal_pair;night_activity;home_region_mismatch,0.35,0.08792358138937834,0.35
X000134665,2026-01-08 00:52:51,C001105,A0001105,M00030,T00879,West,West,19.72,USD,card_present,chip_pin,approved,APPROVE,28.19,0.6995388435615466,1,0,0,0,0,0,0,0,17,6,4,8,night_activity,0.08,0.006977366101315967,0.08
X000016408,2026-01-08 00:53:18,C000139,A0000139,M00484,T00728,South,South,59.05,USD,card_present,chip_pin,approved,APPROVE,73.83,0.7998103751862387,1,0,0,0,0,0,0,1,52,11,2,26,terminal_customer_network_burst;night_activity,0.26,0.017141977925386475,0.26
X000139900,2026-01-08 00:53:22,C001154,A0001154,M00406,T00668,South,South,299.1,USD,ecommerce,chip_pin,approved,APPROVE,200.38,1.4926639385168181,1,0,0,1,0,0,0,5,37,8,11,51,customer_velocity;terminal_customer_network_burst;night_activity,0.51,0.019300087059199163,0.51
X000122048,2026-01-08 00:53:56,C001013,A0001013,M00225,T00294,Midwest,Midwest,16.62,USD,ecommerce,3ds,approved,APPROVE,27.75,0.5989189189189189,1,0,0,1,0,0,0,2,28,8,7,26,terminal_customer_network_burst;night_activity,0.26,0.010555340412775529,0.26
X000008922,2026-01-08 00:54:44,C000081,A0000081,M00706,T00409,Northeast,Northeast,53.6,USD,ecommerce,chip_pin,approved,APPROVE,43.2,1.2407407407407407,1,0,0,1,0,0,0,3,39,8,6,26,terminal_customer_network_burst;night_activity,0.26,0.01631307867596882,0.26
X000029114,2026-01-08 00:54:49,C000251,A0000251,M00712,T00064,South,South,34.49,USD,ecommerce,3ds,approved,APPROVE,44.67,0.7721065592119991,1,0,0,1,0,0,0,2,49,14,5,26,terminal_customer_network_burst;night_activity,0.26,0.025661295470650474,0.26
X000089319,2026-01-08 00:54:50,C000748,A0000748,M00791,T00304,South,South,127.09,USD,ecommerce,magstripe,approved,APPROVE,224.36,0.5664556962025317,1,0,0,1,1,0,0,4,44,8,11,46,terminal_customer_network_burst;ecommerce_authentication_shift;night_activity,0.46,0.025849520222932545,0.46
X000232559,2026-01-08 00:54:59,C001897,A0001897,M00064,T00120,Midwest,Midwest,176.35,USD,mobile_wallet,3ds,approved,APPROVE,92.61,1.9042220062628226,1,0,0,0,0,1,0,5,21,4,11,33,customer_velocity;night_activity,0.33,0.01946229130757709,0.33
X000117266,2026-01-08 00:55:39,C000973,A0000973,M00172,T00722,Northeast,Northeast,143.15,USD,card_present,chip_pin,approved,APPROVE,257.81,0.5552538691284279,1,0,0,0,0,0,0,3,60,9,10,26,terminal_customer_network_burst;night_activity,0.26,0.012245673642410262,0.26
X000053174,2026-01-08 00:55:51,C000449,A0000449,M00594,T00841,Northeast,Northeast,157.51,USD,mobile_wallet,3ds,approved,APPROVE,67.69,2.326931599940907,1,0,0,0,0,1,0,1,8,4,5,8,night_activity,0.08,0.017000079635970045,0.08
X000032795,2026-01-08 00:56:16,C000278,A0000278,M00623,T00969,Midwest,Midwest,234.24,USD,ecommerce,wallet_biometric,approved,APPROVE,149.67,1.5650430948085792,1,0,0,1,0,0,0,1,25,7,6,8,night_activity,0.08,0.012642618687624618,0.08
X000207788,2026-01-08 00:56:54,C001696,A0001696,M00395,T00889,Midwest,Midwest,116.01,USD,card_present,3ds,approved,APPROVE,43.27,2.6810723364917957,1,0,0,0,0,0,0,1,25,4,2,8,night_activity,0.08,0.015028643384329656,0.08
X000130281,2026-01-08 00:56:58,C001071,A0001071,M00620,T00551,South,South,27.18,USD,mobile_wallet,magstripe,approved,APPROVE,47.75,0.5692146596858638,1,0,0,0,1,1,0,1,33,8,5,26,terminal_customer_network_burst;night_activity,0.26,0.030532511574795473,0.26
X000067113,2026-01-08 00:57:21,C000570,A0000570,M00087,T00716,South,South,25.49,USD,ecommerce,wallet_biometric,approved,APPROVE,39.87,0.6393278154000501,1,0,0,1,0,0,0,2,57,10,9,26,terminal_customer_network_burst;night_activity,0.26,0.013703917936381616,0.26
X000139901,2026-01-08 00:57:22,C001154,A0001154,M00556,T00223,South,South,204.86,USD,ecommerce,chip_pin,approved,APPROVE,200.38,1.02235752071065,1,0,0,1,0,0,0,6,41,8,8,51,customer_velocity;terminal_customer_network_burst;night_activity,0.51,0.019949329248677546,0.51
X000210802,2026-01-08 00:57:48,C001719,A0001719,M00345,T01165,South,South,96.82,USD,ecommerce,3ds,soft_decline,CHALLENGE,92.38,1.0480623511582594,1,0,1,1,0,0,0,1,9,3,0,31,new_customer_terminal_pair;night_activity;authentication_soft_decline,0.31,0.03448169069736037,0.31
X000052804,2026-01-08 00:57:52,C000446,A0000446,M00181,T01063,South,South,23.12,USD,mobile_wallet,wallet_biometric,approved,APPROVE,77.56,0.298091799896854,1,0,0,0,0,1,0,3,36,8,6,26,terminal_customer_network_burst;night_activity,0.26,0.01575463774934999,0.26
X000175236,2026-01-08 00:58:22,C001443,A0001443,M00309,T00916,Northeast,Northeast,20.08,USD,ecommerce,chip_pin,approved,APPROVE,40.18,0.4997511199601792,1,0,0,1,0,0,0,2,32,8,3,26,terminal_customer_network_burst;night_activity,0.26,0.011651344088210417,0.26
X000019276,2026-01-08 00:58:26,C000167,A0000167,M00553,T00807,Northeast,West,25.87,USD,card_present,chip_pin,approved,APPROVE,36.23,0.7140491305547889,1,0,0,0,0,0,1,0,11,2,0,35,new_customer_terminal_pair;night_activity;home_region_mismatch,0.35,0.0508034438722518,0.35
X000030153,2026-01-08 00:58:40,C000259,A0000259,M00608,T00027,South,South,40.64,USD,ecommerce,chip_pin,approved,APPROVE,66.02,0.615571039079067,1,0,0,1,0,0,0,0,46,13,3,26,terminal_customer_network_burst;night_activity,0.26,0.018014260209890432,0.26
X000041992,2026-01-08 00:58:51,C000356,A0000356,M00588,T00221,West,West,147.29,USD,card_present,chip_pin,approved,APPROVE,126.06,1.1684118673647468,1,0,0,0,0,0,0,6,16,4,9,33,customer_velocity;night_activity,0.33,0.011412981067169845,0.33
X000040716,2026-01-08 00:58:53,C000346,A0000346,M00692,T00191,Northeast,Northeast,71.89,USD,mobile_wallet,chip_pin,approved,APPROVE,74.92,0.9595568606513615,1,0,0,0,0,1,0,0,29,11,3,26,terminal_customer_network_burst;night_activity,0.26,0.02226629325018127,0.26
X000059344,2026-01-08 00:59:15,C000505,A0000505,M00521,T00168,Northeast,Northeast,96.29,USD,ecommerce,3ds,approved,APPROVE,119.19,0.8078697877338703,1,0,0,1,0,0,0,3,23,6,4,8,night_activity,0.08,0.011092073806459376,0.08
X000101378,2026-01-08 00:59:38,C000852,A0000852,M00661,T00141,Northeast,Northeast,80.11,USD,mobile_wallet,magstripe,approved,APPROVE,91.49,0.8756148212919446,1,0,0,0,1,1,0,1,29,6,3,8,night_activity,0.08,0.028861742774802093,0.08
X000218044,2026-01-08 01:00:38,C001781,A0001781,M00328,T00351,Midwest,Midwest,125.13,USD,card_present,chip_pin,approved,APPROVE,63.39,1.9739706578324656,1,0,0,0,0,0,0,1,20,9,9,26,terminal_customer_network_burst;night_activity,0.26,0.016026336601587407,0.26
X000013540,2026-01-08 01:00:54,C000116,A0000116,M00564,T01141,Northeast,Northeast,229.61,USD,ecommerce,chip_pin,approved,APPROVE,197.15,1.1646462084707077,1,0,0,1,0,0,0,4,38,9,8,26,terminal_customer_network_burst;night_activity,0.26,0.0186864856476869,0.26
X000104864,2026-01-08 01:01:19,C000883,A0000883,M00223,T00651,South,South,61.69,USD,mobile_wallet,wallet_biometric,approved,APPROVE,48.23,1.2790794111548829,1,0,0,0,0,1,0,0,39,10,4,26,terminal_customer_network_burst;night_activity,0.26,0.022373047216247662,0.26
X000036053,2026-01-08 01:01:49,C000308,A0000308,M00171,T00061,Northeast,Northeast,203.26,USD,card_present,chip_pin,approved,APPROVE,150.47,1.350834053299661,1,0,0,0,0,0,0,2,5,3,1,8,night_activity,0.08,0.008609723005434054,0.08
X000135123,2026-01-08 01:01:56,C001110,A0001110,M00270,T00935,South,South,139.22,USD,mobile_wallet,3ds,approved,APPROVE,129.57,1.0744771166165008,1,0,0,0,0,1,0,1,23,6,7,8,night_activity,0.08,0.012647861830982786,0.08
X000003976,2026-01-08 01:02:30,C000035,A0000035,M00566,T00310,West,West,75.96,USD,card_present,3ds,approved,APPROVE,54.73,1.387904257262927,1,0,0,0,0,0,0,0,8,3,2,8,night_activity,0.08,0.006747082758989618,0.08
X000192418,2026-01-08 01:02:56,C001580,A0001580,M00365,T00733,South,South,25.53,USD,card_present,chip_pin,approved,APPROVE,30.98,0.8240800516462234,1,0,0,0,0,0,0,0,40,14,4,26,terminal_customer_network_burst;night_activity,0.26,0.019914387703768133,0.26
X000032177,2026-01-08 01:04:00,C000273,A0000273,M00270,T00356,South,South,13.27,USD,ecommerce,chip_pin,approved,APPROVE,31.83,0.4169022934338674,1,0,0,1,0,0,0,3,38,9,5,26,terminal_customer_network_burst;night_activity,0.26,0.013558993345234738,0.26
X000194249,2026-01-08 01:04:10,C001597,A0001597,M00211,T01068,Northeast,Midwest,59.37,USD,ecommerce,wallet_biometric,approved,APPROVE,141.04,0.4209444129325014,1,0,0,1,0,0,1,4,34,4,0,35,new_customer_terminal_pair;night_activity;home_region_mismatch,0.35,0.09760234127174766,0.35
X000206928,2026-01-08 01:04:14,C001688,A0001688,M00715,T00083,Midwest,Midwest,66.29,USD,card_present,3ds,approved,APPROVE,94.31,0.7028947089386067,1,0,0,0,0,0,0,1,27,5,0,23,new_customer_terminal_pair;night_activity,0.23,0.00814846294907752,0.23
X000021028,2026-01-08 01:04:18,C000184,A0000184,M00476,T00028,Midwest,Midwest,109.94,USD,ecommerce,wallet_biometric,approved,APPROVE,126.84,0.8667612740460422,1,0,0,1,0,0,0,4,39,8,10,26,terminal_customer_network_burst;night_activity,0.26,0.013867832623678033,0.26
X000221478,2026-01-08 01:04:23,C001805,A0001805,M00376,T00181,South,South,49.89,USD,card_present,wallet_biometric,approved,APPROVE,89.08,0.5600583744948361,1,0,0,0,0,0,0,2,55,9,2,26,terminal_customer_network_burst;night_activity,0.26,0.013938826556198007,0.26
X000006036,2026-01-08 01:04:45,C000056,A0000056,M00205,T00934,South,South,78.99,USD,card_present,chip_pin,approved,APPROVE,99.33,0.7952280277861673,1,0,0,0,0,0,0,7,59,10,10,51,customer_velocity;terminal_customer_network_burst;night_activity,0.51,0.024038050739089007,0.51
X000050740,2026-01-08 01:04:46,C000426,A0000426,M00706,T00053,Northeast,Northeast,45.73,USD,mobile_wallet,magstripe,approved,APPROVE,59.64,0.766767270288397,1,0,0,0,1,1,0,3,38,10,1,26,terminal_customer_network_burst;night_activity,0.26,0.05950717222639853,0.26
X000108362,2026-01-08 01:07:23,C000908,A0000908,M00091,T00954,Midwest,Midwest,190.28,USD,mobile_wallet,3ds,approved,APPROVE,119.5,1.5923012552301254,1,0,0,0,0,1,0,1,54,9,5,26,terminal_customer_network_burst;night_activity,0.26,0.025480484676980213,0.26
X000099559,2026-01-08 01:07:48,C000837,A0000837,M00002,T00850,Northeast,Northeast,38.85,USD,card_present,3ds,approved,APPROVE,44.81,0.8669939745592502,1,0,0,0,0,0,0,2,28,10,8,26,terminal_customer_network_burst;night_activity,0.26,0.01366017576278082,0.26
X000028117,2026-01-08 01:08:06,C000243,A0000243,M00500,T00274,Midwest,Midwest,67.05,USD,card_present,wallet_biometric,approved,APPROVE,160.27,0.41835652336681844,1,0,0,0,0,0,0,1,23,4,7,8,night_activity,0.08,0.005092209882493332,0.08
X000204224,2026-01-08 01:08:37,C001668,A0001668,M00640,T01025,Midwest,Midwest,81.25,USD,card_present,chip_pin,approved,APPROVE,146.34,0.5552138854721881,1,0,0,0,0,0,0,6,42,8,9,51,customer_velocity;terminal_customer_network_burst;night_activity,0.51,0.015230085469680448,0.51
X000120416,2026-01-08 01:08:47,C001001,A0001001,M00179,T00056,Midwest,Midwest,73.1,USD,card_present,magstripe,approved,APPROVE,38.51,1.8982082575954298,1,0,0,0,1,0,0,0,14,4,3,8,night_activity,0.08,0.01975890195727817,0.08
X000025286,2026-01-08 01:08:51,C000215,A0000215,M00251,T00782,West,West,82.16,USD,card_present,chip_pin,approved,APPROVE,44.1,1.8630385487528343,1,0,0,0,0,0,0,1,8,2,0,23,new_customer_terminal_pair;night_activity,0.23,0.00871775753847421,0.23
X000182437,2026-01-08 01:09:05,C001501,A0001501,M00731,T00584,Northeast,Northeast,54.08,USD,card_present,3ds,approved,APPROVE,47.12,1.1477079796264855,1,0,0,0,0,0,0,5,35,6,11,33,customer_velocity;night_activity,0.33,0.012541547677788561,0.33
X000218910,2026-01-08 01:09:36,C001789,A0001789,M00689,T01179,Northeast,Northeast,153.81,USD,ecommerce,chip_pin,approved,APPROVE,97.43,1.5786718669814224,1,0,0,1,0,0,0,6,45,11,12,51,customer_velocity;terminal_customer_network_burst;night_activity,0.51,0.031370535362590206,0.51
X000090952,2026-01-08 01:09:44,C000762,A0000762,M00262,T00060,South,South,19.91,USD,card_present,3ds,approved,APPROVE,32.91,0.604983287754482,1,0,0,0,0,0,0,4,37,10,3,26,terminal_customer_network_burst;night_activity,0.26,0.01862051541089762,0.26
X000002244,2026-01-08 01:09:48,C000021,A0000021,M00285,T00370,Midwest,Midwest,32.29,USD,card_present,3ds,approved,APPROVE,43.71,0.7387325554792953,1,0,0,0,0,0,0,4,39,9,1,26,terminal_customer_network_burst;night_activity,0.26,0.018728693041718005,0.26
X000175744,2026-01-08 01:10:26,C001448,A0001448,M00675,T01030,Midwest,Midwest,61.34,USD,mobile_wallet,3ds,approved,APPROVE,55.08,1.1136528685548295,1,0,0,0,0,1,0,1,30,6,4,8,night_activity,0.08,0.014401829375795467,0.08
X000168441,2026-01-08 01:11:09,C001393,A0001393,M00335,T00070,South,South,73.96,USD,card_present,chip_pin,approved,APPROVE,56.24,1.3150782361308675,1,0,0,0,0,0,0,1,68,16,5,26,terminal_customer_network_burst;night_activity,0.26,0.03557453609390159,0.26
X000147138,2026-01-08 01:11:41,C001214,A0001214,M00316,T00389,South,South,19.72,USD,card_present,3ds,approved,APPROVE,24.85,0.7935613682092555,1,0,0,0,0,0,0,4,57,10,6,26,terminal_customer_network_burst;night_activity,0.26,0.019197687168317327,0.26
X000000019,2026-01-08 01:11:48,C000001,A0000001,M00372,T00095,South,South,89.92,USD,mobile_wallet,chip_pin,approved,APPROVE,215.65,0.41697194528170645,1,0,0,0,0,1,0,1,42,9,6,26,terminal_customer_network_burst;night_activity,0.26,0.014953356898667766,0.26
X000007455,2026-01-08 01:11:56,C000069,A0000069,M00211,T01170,Midwest,Midwest,48.78,USD,card_present,3ds,approved,APPROVE,40.89,1.1929567131327954,1,0,0,0,0,0,0,5,39,6,6,33,customer_velocity;night_activity,0.33,0.015147432769498382,0.33
X000051666,2026-01-08 01:11:59,C000437,A0000437,M00266,T00421,Northeast,Northeast,43.54,USD,mobile_wallet,3ds,approved,APPROVE,21.49,2.026058631921824,1,0,0,0,0,1,0,3,42,11,3,26,terminal_customer_network_burst;night_activity,0.26,0.04932193533459088,0.26
X000231906,2026-01-08 01:12:10,C001892,A0001892,M00318,T00746,Midwest,Midwest,94.61,USD,card_present,3ds,approved,APPROVE,75.65,1.2506278916060805,1,0,0,0,0,0,0,2,55,10,3,26,terminal_customer_network_burst;night_activity,0.26,0.020026784900749127,0.26
X000071353,2026-01-08 01:12:48,C000606,A0000606,M00128,T00172,Northeast,Northeast,37.03,USD,ecommerce,wallet_biometric,approved,APPROVE,52.74,0.7021236253318165,1,0,0,1,0,0,0,1,29,9,2,26,terminal_customer_network_burst;night_activity,0.26,0.01296808329123136,0.26
X000000635,2026-01-08 01:12:56,C000008,A0000008,M00015,T00330,South,South,45.77,USD,card_present,magstripe,approved,APPROVE,124.57,0.36742393834791687,1,0,0,0,1,0,0,2,54,16,10,26,terminal_customer_network_burst;night_activity,0.26,0.04785325954583323,0.26
X000158878,2026-01-08 01:13:35,C001307,A0001307,M00518,T00379,South,South,57.15,USD,card_present,3ds,approved,APPROVE,29.77,1.9197178367484045,1,0,0,0,0,0,0,1,32,10,2,26,terminal_customer_network_burst;night_activity,0.26,0.022710770475240828,0.26
X000009930,2026-01-08 01:13:56,C000090,A0000090,M00109,T00548,Northeast,Northeast,22.3,USD,mobile_wallet,3ds,approved,APPROVE,25.25,0.8831683168316832,1,0,0,0,0,1,0,3,37,9,3,26,terminal_customer_network_burst;night_activity,0.26,0.02468448567860951,0.26
X000034747,2026-01-08 01:13:59,C000295,A0000295,M00542,T01166,South,South,56.98,USD,card_present,chip_pin,approved,APPROVE,54.15,1.0522622345337027,1,0,0,0,0,0,0,4,28,7,4,8,night_activity,0.08,0.014853428121674893,0.08
X000028933,2026-01-08 01:14:35,C000249,A0000249,M00712,T01100,South,South,29.28,USD,mobile_wallet,chip_pin,approved,APPROVE,41.23,0.7101625030317731,1,0,0,0,0,1,0,0,13,6,2,8,night_activity,0.08,0.011122408317871566,0.08
X000212540,2026-01-08 01:14:56,C001734,A0001734,M00064,T00627,Midwest,Midwest,68.4,USD,ecommerce,magstripe,approved,APPROVE,65.75,1.0403041825095058,1,0,0,1,1,0,0,4,29,9,5,46,terminal_customer_network_burst;ecommerce_authentication_shift;night_activity,0.46,0.040687214755790894,0.46
X000059000,2026-01-08 01:14:57,C000501,A0000501,M00295,T00425,South,South,34.74,USD,card_present,chip_pin,approved,APPROVE,42.14,0.8243948742287613,1,0,0,0,0,0,0,2,65,16,2,26,terminal_customer_network_burst;night_activity,0.26,0.03582761721321044,0.26
X000071625,2026-01-08 01:15:04,C000608,A0000608,M00200,T00734,Midwest,Midwest,68.91,USD,card_present,3ds,approved,APPROVE,130.3,0.5288564850345356,1,0,0,0,0,0,0,0,13,4,1,8,night_activity,0.08,0.005604949608368738,0.08
X000238566,2026-01-08 01:15:29,C001947,A0001947,M00119,T00895,South,South,142.22,USD,card_present,wallet_biometric,approved,APPROVE,198.0,0.7182828282828283,1,0,0,0,0,0,0,0,51,12,8,26,terminal_customer_network_burst;night_activity,0.26,0.01366682911573276,0.26
X000181805,2026-01-08 01:15:31,C001496,A0001496,M00621,T00383,West,West,49.9,USD,ecommerce,3ds,approved,APPROVE,48.28,1.0335542667771334,1,0,0,1,0,0,0,0,5,3,3,8,night_activity,0.08,0.005922801258016913,0.08
X000009012,2026-01-08 01:15:36,C000082,A0000082,M00561,T00399,Midwest,Midwest,39.17,USD,ecommerce,3ds,approved,APPROVE,58.14,0.673718610251118,1,0,0,1,0,0,0,2,16,4,2,8,night_activity,0.08,0.007735819610660566,0.08
X000166097,2026-01-08 01:15:41,C001370,A0001370,M00111,T01015,Midwest,Midwest,89.38,USD,card_present,wallet_biometric,approved,APPROVE,44.69,2.0,1,0,0,0,0,0,0,1,36,9,3,26,terminal_customer_network_burst;night_activity,0.26,0.0204263766176188,0.26
X000233257,2026-01-08 01:15:45,C001902,A0001902,M00122,T00125,South,South,130.38,USD,card_present,3ds,approved,APPROVE,144.3,0.9035343035343034,1,0,0,0,0,0,0,6,25,8,5,51,customer_velocity;terminal_customer_network_burst;night_activity,0.51,0.019065703557572304,0.51
X000016409,2026-01-08 01:15:54,C000139,A0000139,M00669,T00703,South,South,158.76,USD,ecommerce,wallet_biometric,approved,APPROVE,73.83,2.1503453880536365,1,0,0,1,0,0,0,2,38,7,4,8,night_activity,0.08,0.01979767633848014,0.08
X000145920,2026-01-08 01:16:09,C001203,A0001203,M00032,T00431,West,West,101.33,USD,card_present,3ds,approved,APPROVE,73.73,1.374338803743388,1,0,0,0,0,0,0,0,8,5,1,8,night_activity,0.08,0.008775392951468298,0.08
X000107871,2026-01-08 01:16:16,C000903,A0000903,M00791,T00739,South,South,103.89,USD,card_present,3ds,approved,APPROVE,143.84,0.7222608453837597,1,0,0,0,0,0,0,1,43,11,4,26,terminal_customer_network_burst;night_activity,0.26,0.015233628600707028,0.26
X000169217,2026-01-08 01:17:00,C001399,A0001399,M00163,T00029,Midwest,Midwest,59.71,USD,card_present,3ds,approved,APPROVE,96.42,0.6192698610246836,1,0,0,0,0,0,0,3,9,5,2,8,night_activity,0.08,0.008912060434295724,0.08
X000017217,2026-01-08 01:17:17,C000148,A0000148,M00470,T00025,South,South,65.55,USD,ecommerce,chip_pin,approved,APPROVE,72.66,0.9021469859620148,1,0,0,1,0,0,0,3,23,8,5,26,terminal_customer_network_burst;night_activity,0.26,0.014112696693005257,0.26
X000149566,2026-01-08 01:17:39,C001231,A0001231,M00503,T00131,South,West,221.68,USD,card_present,chip_pin,approved,APPROVE,101.36,2.1870560378847674,1,0,0,0,0,0,1,0,24,9,0,53,new_customer_terminal_pair;terminal_customer_network_burst;night_activity;home_region_mismatch,0.53,0.18853229150833795,0.53
X000201518,2026-01-08 01:17:59,C001650,A0001650,M00131,T00897,West,West,632.52,USD,card_present,chip_pin,approved,APPROVE,267.79,2.3620000746853878,1,0,0,0,0,0,0,4,25,6,9,8,night_activity,0.08,0.01891446605682817,0.08
X000146405,2026-01-08 01:18:07,C001208,A0001208,M00690,T00363,Northeast,Northeast,64.13,USD,ecommerce,3ds,approved,APPROVE,52.39,1.2240885665203283,1,0,0,1,0,0,0,2,26,6,3,8,night_activity,0.08,0.01215173778898517,0.08
X000172400,2026-01-08 01:18:21,C001422,A0001422,M00772,T00124,Midwest,Midwest,90.44,USD,ecommerce,3ds,approved,APPROVE,41.11,2.1999513500364873,1,0,0,1,0,0,0,2,33,7,6,8,night_activity,0.08,0.018708728788926557,0.08
X000030303,2026-01-08 01:18:32,C000260,A0000260,M00353,T00378,Midwest,Midwest,208.24,USD,ecommerce,chip_pin,approved,APPROVE,214.67,0.9700470489588672,1,0,0,1,0,0,0,5,39,5,17,33,customer_velocity;night_activity,0.33,0.009116422433934832,0.33
X000096746,2026-01-08 01:19:00,C000810,A0000810,M00003,T00787,South,South,243.6,USD,mobile_wallet,wallet_biometric,approved,APPROVE,132.67,1.8361347704831539,1,0,0,0,0,1,0,3,51,11,5,26,terminal_customer_network_burst;night_activity,0.26,0.04401477993537999,0.26
X000214009,2026-01-08 01:19:10,C001748,A0001748,M00168,T00944,Northeast,Northeast,50.3,USD,card_present,chip_pin,approved,APPROVE,62.7,0.8022328548644337,1,0,0,0,0,0,0,5,43,9,8,51,customer_velocity;terminal_customer_network_burst;night_activity,0.51,0.01742682232035074,0.51
X000107040,2026-01-08 01:19:26,C000897,A0000897,M00789,T00886,Midwest,Midwest,39.6,USD,card_present,chip_pin,approved,APPROVE,33.2,1.1927710843373494,1,0,0,0,0,0,0,3,11,4,8,8,night_activity,0.08,0.008276704560048816,0.08
X000240370,2026-01-08 01:20:05,C001961,A0001961,M00453,T00831,South,South,127.93,USD,ecommerce,chip_pin,approved,APPROVE,100.48,1.273188694267516,1,0,0,1,0,0,0,10,52,13,8,71,customer_velocity;high_customer_velocity;terminal_customer_network_burst;night_activity,0.71,0.06316796515036024,0.71
X000170684,2026-01-08 01:20:37,C001407,A0001407,M00733,T00848,Northeast,Northeast,50.85,USD,card_present,3ds,approved,APPROVE,65.08,0.7813460356484327,1,0,0,0,0,0,0,2,27,8,2,26,terminal_customer_network_burst;night_activity,0.26,0.012618868341553286,0.26
X000143402,2026-01-08 01:20:40,C001182,A0001182,M00676,T00051,Midwest,Midwest,46.13,USD,card_present,3ds,approved,APPROVE,40.93,1.1270461763987296,1,0,0,0,0,0,0,2,55,11,3,26,terminal_customer_network_burst;night_activity,0.26,0.021415436171063635,0.26
X000215968,2026-01-08 01:20:57,C001765,A0001765,M00243,T00806,South,South,80.86,USD,ecommerce,3ds,approved,APPROVE,57.88,1.3970283344851415,1,0,0,1,0,0,0,5,39,8,9,51,customer_velocity;terminal_customer_network_burst;night_activity,0.51,0.019898263647619516,0.51
X000102907,2026-01-08 01:21:11,C000865,A0000865,M00301,T01109,South,South,113.97,USD,card_present,chip_pin,approved,APPROVE,77.13,1.4776351614157917,1,0,0,0,0,0,0,2,29,6,7,8,night_activity,0.08,0.011309641218400864,0.08
X000007456,2026-01-08 01:21:20,C000069,A0000069,M00610,T00995,Midwest,Midwest,86.71,USD,card_present,3ds,approved,APPROVE,40.89,2.1205673758865244,1,0,0,0,0,0,0,6,34,8,8,51,customer_velocity;terminal_customer_network_burst;night_activity,0.51,0.02881311958624278,0.51
X000208451,2026-01-08 01:21:20,C001702,A0001702,M00477,T00694,West,West,317.97,USD,card_present,chip_pin,approved,APPROVE,260.4,1.221082949308756,1,0,0,0,0,0,0,4,32,7,13,8,night_activity,0.08,0.012033452863081376,0.08
X000080015,2026-01-08 01:21:40,C000674,A0000674,M00557,T00649,Midwest,Midwest,131.51,USD,ecommerce,3ds,approved,APPROVE,400.29,0.32853681081216113,1,0,0,1,0,0,0,4,29,9,10,26,terminal_customer_network_burst;night_activity,0.26,0.012236850394606499,0.26
X000209123,2026-01-08 01:21:54,C001706,A0001706,M00626,T01083,South,South,126.99,USD,card_present,3ds,approved,APPROVE,138.2,0.9188856729377713,1,0,0,0,0,0,0,0,37,6,5,8,night_activity,0.08,0.007772571661500968,0.08
X000161494,2026-01-08 01:22:05,C001333,A0001333,M00604,T01134,Northeast,Northeast,373.56,USD,card_present,3ds,approved,APPROVE,151.48,2.466068127805651,1,0,0,0,0,0,0,1,59,11,4,26,terminal_customer_network_burst;night_activity,0.26,0.031826776811847764,0.26
X000087145,2026-01-08 01:22:31,C000731,A0000731,M00083,T00985,Midwest,Midwest,39.83,USD,card_present,3ds,approved,APPROVE,50.68,0.7859116022099447,1,0,0,0,0,0,0,3,17,6,3,8,night_activity,0.08,0.010600177946208171,0.08
X000097408,2026-01-08 01:22:58,C000816,A0000816,M00397,T00682,Midwest,Midwest,68.52,USD,card_present,3ds,approved,APPROVE,65.77,1.0418123764634333,1,0,0,0,0,0,0,3,22,5,8,8,night_activity,0.08,0.009010367671853266,0.08
X000161495,2026-01-08 01:23:22,C001333,A0001333,M00036,T01181,Northeast,Northeast,238.25,USD,card_present,chip_pin,approved,APPROVE,151.48,1.5728148930551888,1,0,0,0,0,0,0,2,26,6,5,8,night_activity,0.08,0.012437341503606836,0.08
X000198976,2026-01-08 01:23:45,C001630,A0001630,M00493,T00917,West,West,78.07,USD,mobile_wallet,wallet_biometric,approved,APPROVE,86.33,0.9043206301401598,1,0,0,0,0,1,0,3,16,4,2,8,night_activity,0.08,0.013594549519150772,0.08
X000205598,2026-01-08 01:23:47,C001679,A0001679,M00191,T01127,Midwest,Midwest,83.47,USD,card_present,chip_pin,approved,APPROVE,208.94,0.3994926773236336,1,0,0,0,0,0,0,4,20,4,14,8,night_activity,0.08,0.005686224126587238,0.08
X000150905,2026-01-08 01:23:57,C001241,A0001241,M00685,T00672,Northeast,Northeast,220.99,USD,mobile_wallet,3ds,approved,APPROVE,279.08,0.7918517987673787,1,0,0,0,0,1,0,5,40,7,9,33,customer_velocity;night_activity,0.33,0.019778856362858567,0.33
X000146406,2026-01-08 01:24:16,C001208,A0001208,M00312,T00115,Northeast,Northeast,50.45,USD,card_present,magstripe,approved,APPROVE,52.39,0.9629700324489406,1,0,0,0,1,0,0,3,8,2,3,8,night_activity,0.08,0.014984056765347479,0.08
X000161416,2026-01-08 01:24:32,C001332,A0001332,M00434,T00808,South,South,84.48,USD,ecommerce,3ds,approved,APPROVE,91.66,0.9216670303294786,1,0,0,1,0,0,0,2,38,10,5,26,terminal_customer_network_burst;night_activity,0.26,0.016628384360728627,0.26
X000132617,2026-01-08 01:24:53,C001093,A0001093,M00095,T00821,Northeast,Northeast,25.89,USD,ecommerce,magstripe,approved,APPROVE,25.97,0.9969195225259916,1,0,0,1,1,0,0,2,16,7,2,28,ecommerce_authentication_shift;night_activity,0.28,0.02691059521836923,0.28
X000112672,2026-01-08 01:25:06,C000943,A0000943,M00184,T01155,South,South,396.1,USD,ecommerce,chip_pin,approved,APPROVE,211.71,1.870955552406594,1,0,0,1,0,0,0,6,50,9,10,51,customer_velocity;terminal_customer_network_burst;night_activity,0.51,0.030162076345952634,0.51
X000021338,2026-01-08 01:25:46,C000186,A0000186,M00232,T00367,West,West,395.53,USD,ecommerce,3ds,approved,APPROVE,223.8,1.7673369079535297,1,0,0,1,0,0,0,7,39,5,14,33,customer_velocity;night_activity,0.33,0.017478248905574006,0.33
X000097409,2026-01-08 01:26:14,C000816,A0000816,M00083,T00024,Midwest,Midwest,53.16,USD,card_present,3ds,approved,APPROVE,65.77,0.8082712482894937,1,0,0,0,0,0,0,4,25,6,3,8,night_activity,0.08,0.012267898878380295,0.08
X000151342,2026-01-08 01:26:58,C001243,A0001243,M00583,T00327,Midwest,Midwest,78.38,USD,card_present,3ds,approved,APPROVE,57.59,1.361000173641257,1,0,0,0,0,0,0,3,17,5,7,8,night_activity,0.08,0.010453614576734322,0.08
X000179639,2026-01-08 01:27:28,C001477,A0001477,M00607,T00470,South,South,31.91,USD,ecommerce,3ds,approved,APPROVE,42.81,0.7453865919177762,1,0,0,1,0,0,0,3,52,11,4,26,terminal_customer_network_burst;night_activity,0.26,0.02091258185108555,0.26
X000219265,2026-01-08 01:27:33,C001791,A0001791,M00298,T00941,Northeast,Northeast,29.31,USD,mobile_wallet,chip_pin,approved,APPROVE,31.83,0.9208294062205467,1,0,0,0,0,1,0,0,23,7,3,8,night_activity,0.08,0.01352914517785089,0.08
X000153652,2026-01-08 01:27:58,C001264,A0001264,M00578,T01104,Northeast,Northeast,407.02,USD,ecommerce,3ds,approved,APPROVE,202.11,2.0138538419672454,1,0,0,1,0,0,0,6,34,7,8,33,customer_velocity;night_activity,0.33,0.025923908105377882,0.33
X000100703,2026-01-08 01:27:59,C000848,A0000848,M00484,T00479,South,South,104.61,USD,mobile_wallet,magstripe,approved,APPROVE,85.3,1.226377491207503,1,0,0,0,1,1,0,2,44,10,5,26,terminal_customer_network_burst;night_activity,0.26,0.05704746891325412,0.26
X000233757,2026-01-08 01:28:04,C001906,A0001906,M00158,T01121,Midwest,Midwest,68.21,USD,ecommerce,wallet_biometric,approved,APPROVE,45.33,1.5047429958085152,1,0,0,1,0,0,0,0,5,3,3,8,night_activity,0.08,0.007171198293770554,0.08
X000214280,2026-01-08 01:28:09,C001750,A0001750,M00159,T00555,Northeast,Northeast,89.15,USD,ecommerce,chip_pin,approved,APPROVE,66.13,1.3481022228942994,1,0,0,1,0,0,0,1,14,4,1,8,night_activity,0.08,0.009292235073014117,0.08
X000227580,2026-01-08 01:28:19,C001855,A0001855,M00574,T00190,Northeast,Midwest,90.2,USD,mobile_wallet,wallet_biometric,approved,APPROVE,41.15,2.1919805589307413,1,0,0,0,0,1,1,2,52,13,0,53,new_customer_terminal_pair;terminal_customer_network_burst;night_activity;home_region_mismatch,0.53,0.4348657338307335,0.53
X000070197,2026-01-08 01:29:31,C000597,A0000597,M00718,T00580,South,South,174.95,USD,card_present,3ds,approved,APPROVE,149.87,1.1673450323613797,1,0,0,0,0,0,0,8,17,5,9,33,customer_velocity;night_activity,0.33,0.016232100002143313,0.33
X000192516,2026-01-08 01:30:38,C001581,A0001581,M00409,T01085,Northeast,Northeast,45.48,USD,card_present,3ds,approved,APPROVE,63.73,0.7136356504001256,1,0,0,0,0,0,0,0,23,8,2,26,terminal_customer_network_burst;night_activity,0.26,0.009623452462026753,0.26
X000026519,2026-01-08 01:30:42,C000228,A0000228,M00645,T00155,South,South,38.96,USD,card_present,3ds,approved,APPROVE,34.69,1.1230902277313348,1,0,0,0,0,0,0,1,46,10,1,26,terminal_customer_network_burst;night_activity,0.26,0.017657707008677526,0.26
X000233101,2026-01-08 01:30:55,C001901,A0001901,M00517,T00531,Midwest,Midwest,23.89,USD,ecommerce,wallet_biometric,soft_decline,CHALLENGE,28.05,0.8516934046345811,1,0,1,1,0,0,0,1,26,5,7,16,night_activity;authentication_soft_decline,0.16,0.03362330181372875,0.16
X000189673,2026-01-08 01:31:03,C001559,A0001559,M00184,T01155,South,South,61.64,USD,card_present,chip_pin,approved,APPROVE,46.73,1.3190669805264286,1,0,0,0,0,0,0,2,51,9,5,26,terminal_customer_network_burst;night_activity,0.26,0.017009697118740664,0.26
X000116387,2026-01-08 01:31:05,C000966,A0000966,M00262,T01103,South,South,96.21,USD,card_present,3ds,approved,APPROVE,110.51,0.8705999457062709,1,0,0,0,0,0,0,3,25,3,13,8,night_activity,0.08,0.005691600123246398,0.08
X000098856,2026-01-08 01:31:43,C000829,A0000829,M00367,T00335,South,South,7.22,USD,ecommerce,wallet_biometric,approved,APPROVE,31.11,0.23207971713275474,1,0,0,1,0,0,0,1,31,6,2,8,night_activity,0.08,0.0075700363433641995,0.08
X000203165,2026-01-08 01:31:50,C001664,A0001664,M00051,T01084,South,South,329.11,USD,ecommerce,chip_pin,approved,APPROVE,245.36,1.3413351809585914,1,0,0,1,0,0,0,4,35,10,8,26,terminal_customer_network_burst;night_activity,0.26,0.022363862284295738,0.26
X000016074,2026-01-08 01:31:55,C000136,A0000136,M00768,T00457,South,South,95.85,USD,card_present,wallet_biometric,approved,APPROVE,44.6,2.1491031390134525,1,0,0,0,0,0,0,2,44,14,3,26,terminal_customer_network_burst;night_activity,0.26,0.04411074134446676,0.26
X000174021,2026-01-08 01:31:55,C001435,A0001435,M00001,T00955,South,South,164.88,USD,ecommerce,wallet_biometric,approved,APPROVE,143.1,1.1522012578616352,1,0,0,1,0,0,0,5,37,12,7,51,customer_velocity;terminal_customer_network_burst;night_activity,0.51,0.03043178799426102,0.51
X000141548,2026-01-08 01:32:03,C001166,A0001166,M00710,T01065,Midwest,Midwest,39.62,USD,card_present,chip_pin,approved,APPROVE,52.38,0.7563955708285605,1,0,0,0,0,0,0,0,9,4,3,8,night_activity,0.08,0.005703887492120507,0.08
X000018039,2026-01-08 01:32:22,C000154,A0000154,M00453,T00940,South,South,76.3,USD,ecommerce,3ds,approved,APPROVE,64.05,1.1912568306010929,1,0,0,1,0,0,0,4,59,12,4,26,terminal_customer_network_burst;night_activity,0.26,0.03201360344722241,0.26
X000043849,2026-01-08 01:32:40,C000373,A0000373,M00299,T01117,Northeast,Northeast,58.66,USD,ecommerce,3ds,approved,APPROVE,80.45,0.7291485394655065,1,0,0,1,0,0,0,3,17,4,4,8,night_activity,0.08,0.008359767181322968,0.08
X000044618,2026-01-08 01:32:41,C000377,A0000377,M00038,T00813,South,South,66.76,USD,mobile_wallet,chip_pin,approved,APPROVE,121.39,0.5499629294011039,1,0,0,0,0,1,0,5,35,6,6,33,customer_velocity;night_activity,0.33,0.017356321303845124,0.33
X000147631,2026-01-08 01:32:43,C001220,A0001220,M00437,T00139,West,West,159.48,USD,card_present,3ds,approved,APPROVE,107.29,1.486438624289309,1,0,0,0,0,0,0,6,32,5,13,33,customer_velocity;night_activity,0.33,0.01336822151359209,0.33
X000051393,2026-01-08 01:33:12,C000434,A0000434,M00597,T00544,Midwest,Midwest,23.94,USD,card_present,wallet_biometric,approved,APPROVE,35.51,0.6741762883694734,1,0,0,0,0,0,0,1,8,4,2,8,night_activity,0.08,0.006390537310871059,0.08
X000127547,2026-01-08 01:33:36,C001052,A0001052,M00282,T00583,South,South,63.17,USD,ecommerce,3ds,approved,APPROVE,146.14,0.4322567401122212,1,0,0,1,0,0,0,5,70,12,16,51,customer_velocity;terminal_customer_network_burst;night_activity,0.51,0.018650963503099097,0.51
X000063149,2026-01-08 01:34:18,C000535,A0000535,M00434,T00808,South,South,51.2,USD,card_present,chip_pin,approved,APPROVE,48.67,1.051982740908157,1,0,0,0,0,0,0,1,39,10,4,26,terminal_customer_network_burst;night_activity,0.26,0.015315448353981827,0.26
X000118707,2026-01-08 01:34:35,C000983,A0000983,M00620,T00585,South,South,38.01,USD,ecommerce,3ds,approved,APPROVE,38.23,0.9942453570494376,1,0,0,1,0,0,0,0,33,10,3,26,terminal_customer_network_burst;night_activity,0.26,0.01428563457935148,0.26
X000084887,2026-01-08 01:34:36,C000710,A0000710,M00535,T00606,West,West,93.55,USD,ecommerce,magstripe,approved,APPROVE,85.75,1.0909620991253643,1,0,0,1,1,0,0,6,48,9,21,71,customer_velocity;terminal_customer_network_burst;ecommerce_authentication_shift;night_activity,0.71,0.033089586934730526,0.71
X000005244,2026-01-08 01:35:49,C000049,A0000049,M00750,T01142,South,South,169.39,USD,ecommerce,wallet_biometric,approved,APPROVE,99.71,1.6988265971316818,1,0,0,1,0,0,0,6,55,11,6,51,customer_velocity;terminal_customer_network_burst;night_activity,0.51,0.04070025825293048,0.51
X000022726,2026-01-08 01:37:29,C000196,A0000196,M00352,T01169,Midwest,Midwest,276.81,USD,ecommerce,chip_pin,approved,APPROVE,195.69,1.414533190249885,1,0,0,1,0,0,0,6,23,3,11,33,customer_velocity;night_activity,0.33,0.01128454630221086,0.33
X000014789,2026-01-08 01:37:51,C000126,A0000126,M00378,T00730,South,South,124.32,USD,mobile_wallet,chip_pin,approved,APPROVE,131.27,0.9470556867524947,1,0,0,0,0,1,0,7,26,6,8,33,customer_velocity;night_activity,0.33,0.02351557129112176,0.33
X000222448,2026-01-08 01:37:59,C001813,A0001813,M00529,T00863,Midwest,Midwest,279.7,USD,ecommerce,3ds,approved,APPROVE,190.87,1.4653952952271179,1,0,0,1,0,0,0,4,20,3,12,8,night_activity,0.08,0.008762388753470886,0.08
X000238567,2026-01-08 01:38:11,C001947,A0001947,M00676,T00979,South,Midwest,195.12,USD,card_present,chip_pin,approved,APPROVE,198.0,0.9854545454545455,1,0,0,0,0,0,1,1,7,2,0,35,new_customer_terminal_pair;night_activity;home_region_mismatch,0.35,0.06244012070173785,0.35
X000132816,2026-01-08 01:38:17,C001095,A0001095,M00255,T00573,West,West,13.02,USD,card_present,3ds,approved,APPROVE,31.09,0.4187841749758765,1,0,0,0,0,0,0,1,19,4,5,8,night_activity,0.08,0.005378007387967379,0.08
X000152601,2026-01-08 01:38:26,C001255,A0001255,M00293,T00835,South,South,60.61,USD,card_present,wallet_biometric,approved,APPROVE,41.83,1.4489600765001196,1,0,0,0,0,0,0,2,17,4,0,23,new_customer_terminal_pair;night_activity,0.23,0.010732702774504,0.23
X000122230,2026-01-08 01:39:02,C001014,A0001014,M00052,T00013,South,South,190.1,USD,card_present,chip_pin,approved,APPROVE,79.82,2.381608619393636,1,0,0,0,0,0,0,2,37,10,6,26,terminal_customer_network_burst;night_activity,0.26,0.02732120724869809,0.26
X000161727,2026-01-08 01:39:04,C001334,A0001334,M00503,T00131,West,West,106.11,USD,ecommerce,wallet_biometric,approved,APPROVE,61.91,1.713939589727023,1,0,0,1,0,0,0,3,25,10,4,26,terminal_customer_network_burst;night_activity,0.26,0.02560096259616772,0.26
X000049500,2026-01-08 01:39:53,C000414,A0000414,M00153,T00753,South,South,17.87,USD,ecommerce,chip_pin,approved,APPROVE,22.81,0.7834283209118809,1,0,0,1,0,0,0,3,51,13,6,26,terminal_customer_network_burst;night_activity,0.26,0.02507601668734347,0.26
X000137585,2026-01-08 01:40:09,C001131,A0001131,M00661,T00337,Northeast,Northeast,70.67,USD,ecommerce,3ds,approved,APPROVE,58.84,1.2010537049626104,1,0,0,1,0,0,0,5,43,8,5,51,customer_velocity;terminal_customer_network_burst;night_activity,0.51,0.021109850687090346,0.51
X000055446,2026-01-08 01:40:15,C000470,A0000470,M00670,T00842,Northeast,Northeast,51.7,USD,ecommerce,magstripe,approved,APPROVE,81.02,0.6381140459145891,1,0,0,1,1,0,0,3,26,7,5,28,ecommerce_authentication_shift;night_activity,0.28,0.024404140191948795,0.28
X000098857,2026-01-08 01:40:18,C000829,A0000829,M00367,T00335,South,South,39.41,USD,card_present,chip_pin,approved,APPROVE,31.11,1.2667952426872386,1,0,0,0,0,0,0,2,32,6,3,8,night_activity,0.08,0.011902455942244811,0.08
X000081659,2026-01-08 01:40:26,C000684,A0000684,M00185,T00490,West,West,42.35,USD,mobile_wallet,magstripe,approved,APPROVE,87.94,0.48157834887423245,1,0,0,0,1,1,0,1,20,5,8,8,night_activity,0.08,0.018311440070667064,0.08
X000225186,2026-01-08 01:40:34,C001836,A0001836,M00788,T00018,South,South,353.73,USD,ecommerce,3ds,approved,APPROVE,99.19,3.5661861074705112,1,0,0,1,0,0,0,5,52,11,9,81,amount_vs_profile;customer_velocity;terminal_customer_network_burst;night_activity,0.81,0.06784185923296124,0.81
X000192143,2026-01-08 01:41:40,C001577,A0001577,M00402,T00179,South,South,722.24,USD,card_present,chip_pin,approved,APPROVE,271.97,2.6555870132735224,1,0,0,0,0,0,0,2,39,8,6,26,terminal_customer_network_burst;night_activity,0.26,0.024287879448142174,0.26
X000184763,2026-01-08 01:41:50,C001522,A0001522,M00020,T00130,South,South,69.74,USD,card_present,chip_pin,approved,APPROVE,75.5,0.9237086092715231,1,0,0,0,0,0,0,2,44,12,1,26,terminal_customer_network_burst;night_activity,0.26,0.022989153317863345,0.26
X000063441,2026-01-08 01:41:51,C000539,A0000539,M00217,T00815,South,South,31.81,USD,card_present,chip_pin,approved,APPROVE,38.14,0.8340325117986366,1,0,0,0,0,0,0,0,24,9,0,41,new_customer_terminal_pair;terminal_customer_network_burst;night_activity,0.41,0.012151093019313058,0.41
X000040012,2026-01-08 01:41:57,C000340,A0000340,M00134,T00440,Midwest,Midwest,44.11,USD,ecommerce,chip_pin,approved,APPROVE,71.81,0.6142598523882468,1,0,0,1,0,0,0,2,15,4,7,8,night_activity,0.08,0.006409042335503029,0.08
X000235091,2026-01-08 01:42:15,C001917,A0001917,M00223,T00651,South,South,204.99,USD,ecommerce,magstripe,approved,APPROVE,143.14,1.4320944529830937,1,0,0,1,1,0,0,5,40,10,5,71,customer_velocity;terminal_customer_network_burst;ecommerce_authentication_shift;night_activity,0.71,0.06094740189141248,0.71
X000135891,2026-01-08 01:42:16,C001117,A0001117,M00406,T00057,South,South,61.41,USD,ecommerce,chip_pin,approved,APPROVE,44.49,1.380310182063385,1,0,0,1,0,0,0,2,47,10,4,26,terminal_customer_network_burst;night_activity,0.26,0.021108908081114035,0.26
X000196148,2026-01-08 01:42:47,C001612,A0001612,M00303,T00765,Northeast,Northeast,131.59,USD,ecommerce,chip_pin,approved,APPROVE,157.68,0.8345383054287163,1,0,0,1,0,0,0,2,36,6,4,8,night_activity,0.08,0.010313573742709187,0.08
X000164924,2026-01-08 01:42:51,C001361,A0001361,M00798,T00402,Northeast,Northeast,83.91,USD,card_present,magstripe,approved,APPROVE,54.12,1.5504434589800444,1,0,0,0,1,0,0,2,36,10,2,26,terminal_customer_network_burst;night_activity,0.26,0.04710060280166816,0.26
X000216701,2026-01-08 01:43:24,C001772,A0001772,M00265,T00865,West,West,63.22,USD,card_present,chip_pin,approved,APPROVE,93.69,0.6747785249226171,1,0,0,0,0,0,0,4,35,4,6,8,night_activity,0.08,0.008555186197348828,0.08
X000008212,2026-01-08 01:43:39,C000075,A0000075,M00070,T00169,Northeast,Northeast,31.54,USD,ecommerce,chip_pin,approved,APPROVE,31.46,1.0025429116338207,1,0,0,1,0,0,0,3,34,9,4,26,terminal_customer_network_burst;night_activity,0.26,0.01754002237799644,0.26
X000036160,2026-01-08 01:43:57,C000309,A0000309,M00484,T00090,South,South,23.96,USD,ecommerce,magstripe,approved,APPROVE,56.14,0.4267901674385465,1,0,0,1,1,0,0,1,23,4,4,28,ecommerce_authentication_shift;night_activity,0.28,0.01283391128104457,0.28
X000041577,2026-01-08 01:45:06,C000352,A0000352,M00005,T01091,South,South,100.61,USD,card_present,wallet_biometric,approved,APPROVE,46.87,2.1465756347343716,1,0,0,0,0,0,0,1,31,10,3,26,terminal_customer_network_burst;night_activity,0.26,0.024024646223870943,0.26
X000075658,2026-01-08 01:45:22,C000636,A0000636,M00778,T01132,South,South,21.64,USD,ecommerce,chip_pin,approved,APPROVE,39.78,0.5439919557566616,1,0,0,1,0,0,0,3,32,8,2,26,terminal_customer_network_burst;night_activity,0.26,0.013761794481175775,0.26
X000234944,2026-01-08 01:45:36,C001916,A0001916,M00045,T00921,Midwest,Midwest,51.02,USD,card_present,wallet_biometric,approved,APPROVE,62.11,0.821445821928836,1,0,0,0,0,0,0,3,23,5,10,8,night_activity,0.08,0.007745791573254232,0.08
X000031919,2026-01-08 01:45:40,C000271,A0000271,M00131,T00706,West,West,192.06,USD,ecommerce,chip_pin,approved,APPROVE,190.23,1.0096199337643905,1,0,0,1,0,0,0,3,26,5,8,8,night_activity,0.08,0.009478207468285933,0.08
X000169793,2026-01-08 01:45:56,C001401,A0001401,M00040,T00635,Northeast,Northeast,171.64,USD,ecommerce,chip_pin,approved,APPROVE,92.55,1.854565099945975,1,0,0,1,0,0,0,3,30,6,14,8,night_activity,0.08,0.012494891312675746,0.08
X000164352,2026-01-08 01:46:02,C001355,A0001355,M00790,T00112,Northeast,Northeast,270.51,USD,card_present,wallet_biometric,approved,APPROVE,213.19,1.2688681457854496,1,0,0,0,0,0,0,3,35,10,4,26,terminal_customer_network_burst;night_activity,0.26,0.020853849130035722,0.26
X000201519,2026-01-08 01:47:38,C001650,A0001650,M00566,T00559,West,West,291.66,USD,ecommerce,chip_pin,approved,APPROVE,267.79,1.0891370103439262,1,0,0,1,0,0,0,5,25,5,19,33,customer_velocity;night_activity,0.33,0.008653943440209524,0.33
X000198209,2026-01-08 01:47:41,C001626,A0001626,M00680,T00949,Midwest,Midwest,711.75,USD,mobile_wallet,magstripe,approved,APPROVE,262.11,2.7154629735607188,1,0,0,0,1,1,0,7,27,6,13,33,customer_velocity;night_activity,0.33,0.08420595019651893,0.33
X000099560,2026-01-08 01:48:06,C000837,A0000837,M00159,T00555,Northeast,Northeast,34.04,USD,ecommerce,3ds,approved,APPROVE,44.81,0.7596518634233429,1,0,0,1,0,0,0,3,15,4,5,8,night_activity,0.08,0.008153247568217862,0.08
X000108363,2026-01-08 01:48:23,C000908,A0000908,M00091,T00954,Midwest,Midwest,143.12,USD,card_present,3ds,approved,APPROVE,119.5,1.1976569037656903,1,0,0,0,0,0,0,2,55,9,6,26,terminal_customer_network_burst;night_activity,0.26,0.015849858091862533,0.26
X000240048,2026-01-08 01:48:46,C001958,A0001958,M00716,T00263,West,West,89.53,USD,ecommerce,chip_pin,approved,APPROVE,101.3,0.8838104639684107,1,0,0,1,0,0,0,1,5,4,2,8,night_activity,0.08,0.007284472527032144,0.08
X000240803,2026-01-08 01:48:52,C001965,A0001965,M00191,T00188,Midwest,Midwest,76.44,USD,ecommerce,3ds,approved,APPROVE,74.7,1.023293172690763,1,0,0,1,0,0,0,1,29,6,3,8,night_activity,0.08,0.010047157221476114,0.08
X000012839,2026-01-08 01:49:17,C000112,A0000112,M00789,T00268,Midwest,Midwest,104.75,USD,mobile_wallet,3ds,approved,APPROVE,120.92,0.8662752232881243,1,0,0,0,0,1,0,0,24,6,0,23,new_customer_terminal_pair;night_activity,0.23,0.012991526747153282,0.23
X000101857,2026-01-08 01:49:37,C000858,A0000858,M00613,T00331,South,South,179.99,USD,card_present,magstripe,approved,APPROVE,117.42,1.5328734457502982,1,0,0,0,1,0,0,0,44,10,1,26,terminal_customer_network_burst;night_activity,0.26,0.039269163493450374,0.26
X000153356,2026-01-08 01:49:41,C001261,A0001261,M00304,T00087,Midwest,Midwest,85.36,USD,card_present,3ds,approved,APPROVE,54.96,1.5531295487627366,1,0,0,0,0,0,0,1,42,8,9,26,terminal_customer_network_burst;night_activity,0.26,0.012723840816237416,0.26
X000124525,2026-01-08 01:49:49,C001030,A0001030,M00452,T00101,Northeast,Northeast,198.77,USD,ecommerce,chip_pin,approved,APPROVE,208.04,0.9554412612959047,1,0,0,1,0,0,0,5,41,5,10,33,customer_velocity;night_activity,0.33,0.011411384401360483,0.33
X000099485,2026-01-08 01:49:58,C000836,A0000836,M00399,T01051,West,West,31.71,USD,mobile_wallet,3ds,approved,APPROVE,38.26,0.8288029273392578,1,0,0,0,0,1,0,3,12,5,2,8,night_activity,0.08,0.014677875403523872,0.08
X000035497,2026-01-08 01:50:09,C000301,A0000301,M00271,T00227,Northeast,Northeast,85.4,USD,card_present,wallet_biometric,approved,APPROVE,69.87,1.2222699298697581,1,0,0,0,0,0,0,1,20,7,2,8,night_activity,0.08,0.011719106054019063,0.08
X000064652,2026-01-08 01:50:45,C000549,A0000549,M00137,T01183,Midwest,Midwest,69.8,USD,card_present,3ds,approved,APPROVE,77.83,0.8968264165488886,1,0,0,0,0,0,0,1,10,4,3,8,night_activity,0.08,0.006807402003748261,0.08
X000201171,2026-01-08 01:51:35,C001648,A0001648,M00717,T00614,South,South,291.2,USD,card_present,3ds,approved,APPROVE,190.18,1.5311809864339045,1,0,0,0,0,0,0,2,40,9,5,26,terminal_customer_network_burst;night_activity,0.26,0.01801189458569151,0.26
X000192267,2026-01-08 01:52:36,C001578,A0001578,M00430,T00230,Midwest,South,18.12,USD,ecommerce,wallet_biometric,approved,APPROVE,45.1,0.4017738359201774,1,0,0,1,0,0,1,0,16,4,0,35,new_customer_terminal_pair;night_activity;home_region_mismatch,0.35,0.06005784403009233,0.35
X000200778,2026-01-08 01:53:34,C001645,A0001645,M00191,T00491,Midwest,Midwest,62.55,USD,card_present,wallet_biometric,approved,APPROVE,71.08,0.8799943725379854,1,0,0,0,0,0,0,2,15,4,6,8,night_activity,0.08,0.00698877225611212,0.08
X000195475,2026-01-08 01:53:48,C001606,A0001606,M00442,T00553,West,West,336.82,USD,card_present,chip_pin,approved,APPROVE,119.37,2.821646979978219,1,0,0,0,0,0,0,2,18,3,12,8,night_activity,0.08,0.011323879692844954,0.08
X000209716,2026-01-08 01:53:54,C001712,A0001712,M00173,T01167,South,South,847.96,USD,card_present,wallet_biometric,approved,APPROVE,184.84,4.587535165548583,1,0,0,0,0,0,0,4,37,8,13,56,amount_vs_profile;terminal_customer_network_burst;night_activity,0.56,0.05212286049645962,0.56
X000047248,2026-01-08 01:53:59,C000398,A0000398,M00184,T00058,South,South,56.85,USD,card_present,wallet_biometric,approved,APPROVE,36.42,1.5609555189456343,1,0,0,0,0,0,0,0,37,13,1,26,terminal_customer_network_burst;night_activity,0.26,0.025976261596549515,0.26
X000109530,2026-01-08 01:54:25,C000916,A0000916,M00315,T01023,Midwest,Midwest,118.19,USD,card_present,chip_pin,approved,APPROVE,125.73,0.9400302234947904,1,0,0,0,0,0,0,3,27,5,11,8,night_activity,0.08,0.007950216114897643,0.08
X000005825,2026-01-08 01:54:55,C000054,A0000054,M00544,T00846,South,South,26.39,USD,card_present,3ds,approved,APPROVE,33.85,0.779615952732644,1,0,0,0,0,0,0,3,52,12,8,26,terminal_customer_network_burst;night_activity,0.26,0.019892100594299897,0.26
X000217743,2026-01-08 01:55:16,C001778,A0001778,M00048,T00107,Northeast,Northeast,19.41,USD,card_present,magstripe,approved,APPROVE,38.95,0.49833119383825414,1,0,0,0,1,0,0,0,37,8,6,26,terminal_customer_network_burst;night_activity,0.26,0.017317975912518702,0.26
X000067909,2026-01-08 01:55:31,C000576,A0000576,M00400,T00241,West,West,16.74,USD,card_present,chip_pin,approved,APPROVE,69.4,0.2412103746397694,1,0,0,0,0,0,0,4,35,7,1,8,night_activity,0.08,0.01200560368227626,0.08
X000145301,2026-01-08 01:55:37,C001196,A0001196,M00376,T00048,South,South,103.84,USD,ecommerce,chip_pin,approved,APPROVE,146.0,0.7112328767123288,1,0,0,1,0,0,0,1,29,7,4,8,night_activity,0.08,0.009646757232047958,0.08
X000093433,2026-01-08 01:55:54,C000783,A0000783,M00482,T01158,West,West,174.56,USD,card_present,chip_pin,approved,APPROVE,111.36,1.5675287356321839,1,0,0,0,0,0,0,0,10,4,2,8,night_activity,0.08,0.008208297779813857,0.08
X000184764,2026-01-08 01:56:23,C001522,A0001522,M00020,T00130,South,South,143.53,USD,mobile_wallet,chip_pin,approved,APPROVE,75.5,1.9010596026490065,1,0,0,0,0,1,0,3,45,12,2,26,terminal_customer_network_burst;night_activity,0.26,0.05464726085937783,0.26
X000060401,2026-01-08 01:56:56,C000514,A0000514,M00002,T00850,Northeast,Northeast,35.12,USD,card_present,chip_pin,approved,APPROVE,44.39,0.791169182248254,1,0,0,0,0,0,0,1,29,10,2,26,terminal_customer_network_burst;night_activity,0.26,0.014332430520296245,0.26
X000022328,2026-01-08 01:57:11,C000193,A0000193,M00592,T00719,South,South,37.4,USD,card_present,3ds,approved,APPROVE,30.04,1.245006657789614,1,0,0,0,0,0,0,2,44,10,1,26,terminal_customer_network_burst;night_activity,0.26,0.02071217605153252,0.26
X000071710,2026-01-08 01:57:14,C000609,A0000609,M00194,T00803,Northeast,Northeast,80.49,USD,card_present,chip_pin,approved,APPROVE,131.74,0.6109761651738271,1,0,0,0,0,0,0,6,30,6,7,33,customer_velocity;night_activity,0.33,0.012739941494962057,0.33
X000223125,2026-01-08 01:57:28,C001819,A0001819,M00253,T00043,South,South,73.71,USD,card_present,wallet_biometric,approved,APPROVE,94.36,0.7811572700296735,1,0,0,0,0,0,0,3,18,6,7,8,night_activity,0.08,0.009325083005027863,0.08
X000034748,2026-01-08 01:57:44,C000295,A0000295,M00717,T00614,South,South,35.98,USD,ecommerce,chip_pin,approved,APPROVE,54.15,0.6644506001846722,1,0,0,1,0,0,0,5,41,9,5,51,customer_velocity;terminal_customer_network_burst;night_activity,0.51,0.01903724660006792,0.51
X000053957,2026-01-08 01:57:44,C000457,A0000457,M00454,T00284,West,West,110.51,USD,card_present,3ds,approved,APPROVE,58.8,1.8794217687074832,1,0,0,0,0,0,0,2,17,6,4,8,night_activity,0.08,0.014203326520193751,0.08
X000086245,2026-01-08 01:57:50,C000724,A0000724,M00255,T00573,Midwest,West,25.26,USD,card_present,chip_pin,approved,APPROVE,51.03,0.49500293944738394,1,0,0,0,0,0,1,1,20,4,0,35,new_customer_terminal_pair;night_activity;home_region_mismatch,0.35,0.0667326916081438,0.35
X000155573,2026-01-08 01:58:13,C001281,A0001281,M00403,T01126,Northeast,Northeast,52.9,USD,card_present,chip_pin,approved,APPROVE,45.06,1.1739902352418996,1,0,0,0,0,0,0,1,21,9,2,26,terminal_customer_network_burst;night_activity,0.26,0.014571837418436392,0.26
X000084888,2026-01-08 01:58:15,C000710,A0000710,M00535,T00606,West,West,57.73,USD,ecommerce,chip_pin,approved,APPROVE,85.75,0.6732361516034985,1,0,0,1,0,0,0,7,49,9,22,51,customer_velocity;terminal_customer_network_burst;night_activity,0.51,0.01427666568527625,0.51
X000226965,2026-01-08 01:58:46,C001851,A0001851,M00770,T00870,Midwest,Midwest,26.8,USD,card_present,3ds,approved,APPROVE,27.97,0.9581694672863783,1,0,0,0,0,0,0,2,24,4,0,23,new_customer_terminal_pair;night_activity,0.23,0.008958736926705416,0.23
X000020584,2026-01-08 01:59:04,C000179,A0000179,M00046,T00132,Northeast,Northeast,72.1,USD,mobile_wallet,3ds,approved,APPROVE,52.04,1.3854727132974634,1,0,0,0,0,1,0,0,33,8,1,26,terminal_customer_network_burst;night_activity,0.26,0.020043006847075308,0.26
X000169218,2026-01-08 01:59:38,C001399,A0001399,M00163,T00029,Midwest,Midwest,79.5,USD,card_present,magstripe,approved,APPROVE,96.42,0.8245177349097698,1,0,0,0,1,0,0,3,10,5,3,8,night_activity,0.08,0.020228661310791225,0.08
X000014036,2026-01-08 02:00:04,C000119,A0000119,M00430,T01143,South,South,116.07,USD,ecommerce,3ds,approved,APPROVE,73.13,1.5871735265964722,1,0,0,1,0,0,0,3,38,9,5,26,terminal_customer_network_burst;night_activity,0.26,0.021691594214558796,0.26
X000055897,2026-01-08 02:00:52,C000472,A0000472,M00128,T00044,South,Northeast,13.87,USD,ecommerce,3ds,approved,APPROVE,26.64,0.5206456456456456,1,0,0,1,0,0,1,0,18,8,0,53,new_customer_terminal_pair;terminal_customer_network_burst;night_activity;home_region_mismatch,0.53,0.09788341172537585,0.53
X000242487,2026-01-08 02:01:57,C001980,A0001980,M00782,T00669,Midwest,Midwest,512.1,USD,card_present,magstripe,approved,APPROVE,221.06,2.316565638288248,1,0,0,0,1,0,0,6,31,8,13,51,customer_velocity;terminal_customer_network_burst;night_activity,0.51,0.05568733953480977,0.51
X000024519,2026-01-08 02:02:00,C000207,A0000207,M00345,T01138,South,South,121.99,USD,card_present,3ds,approved,APPROVE,77.4,1.57609819121447,1,0,0,0,0,0,0,1,38,9,4,26,terminal_customer_network_burst;night_activity,0.26,0.016776639843879202,0.26
X000027434,2026-01-08 02:02:01,C000236,A0000236,M00089,T00946,Midwest,Midwest,287.73,USD,ecommerce,chip_pin,approved,APPROVE,99.34,2.8964163478961145,1,0,0,1,0,0,0,4,17,6,2,8,night_activity,0.08,0.030193909696244834,0.08
X000049144,2026-01-08 02:02:11,C000412,A0000412,M00797,T00418,South,South,51.89,USD,card_present,wallet_biometric,approved,APPROVE,53.08,0.9775810097965336,1,0,0,0,0,0,0,0,45,6,4,8,night_activity,0.08,0.00839079205250013,0.08
X000065365,2026-01-08 02:03:03,C000554,A0000554,M00607,T00470,South,South,143.17,USD,ecommerce,chip_pin,approved,APPROVE,61.94,2.3114304165321276,1,0,0,1,0,0,0,1,53,11,3,26,terminal_customer_network_burst;night_activity,0.26,0.03206704401915326,0.26
X000040184,2026-01-08 02:03:53,C000341,A0000341,M00797,T00418,South,South,183.05,USD,ecommerce,magstripe,approved,APPROVE,147.38,1.242027412131904,1,0,0,1,1,0,0,1,46,6,6,28,ecommerce_authentication_shift;night_activity,0.28,0.022369840635783757,0.28
X000056739,2026-01-08 02:04:03,C000480,A0000480,M00037,T00364,West,West,27.94,USD,mobile_wallet,chip_pin,approved,APPROVE,66.47,0.4203400030088762,1,0,0,0,0,1,0,1,14,5,3,8,night_activity,0.08,0.009594681781338541,0.08
X000202139,2026-01-08 02:04:04,C001654,A0001654,M00233,T00645,West,West,180.73,USD,card_present,chip_pin,approved,APPROVE,195.33,0.9252546971791327,1,0,0,0,0,0,0,0,10,4,3,8,night_activity,0.08,0.006124514219183021,0.08
X000145013,2026-01-08 02:04:09,C001194,A0001194,M00567,T01019,Northeast,Northeast,66.71,USD,card_present,wallet_biometric,approved,APPROVE,102.24,0.6524843505477308,1,0,0,0,0,0,0,3,44,9,4,26,terminal_customer_network_burst;night_activity,0.26,0.01482206848872015,0.26
X000071711,2026-01-08 02:04:12,C000609,A0000609,M00194,T00803,Northeast,Northeast,82.13,USD,card_present,chip_pin,approved,APPROVE,131.74,0.6234249278882646,1,0,0,0,0,0,0,7,31,6,8,33,customer_velocity;night_activity,0.33,0.0139664521557764,0.33
X000032932,2026-01-08 02:04:57,C000279,A0000279,M00556,T00589,South,South,68.44,USD,ecommerce,3ds,approved,APPROVE,70.8,0.9666666666666667,1,0,0,1,0,0,0,2,56,11,0,41,new_customer_terminal_pair;terminal_customer_network_burst;night_activity,0.41,0.023351715871317093,0.41
X000010139,2026-01-08 02:05:15,C000092,A0000092,M00077,T00783,South,South,53.47,USD,card_present,wallet_biometric,approved,APPROVE,36.18,1.4778883360972912,1,0,0,0,0,0,0,2,31,11,3,26,terminal_customer_network_burst;night_activity,0.26,0.023189229675563593,0.26
X000036054,2026-01-08 02:05:39,C000308,A0000308,M00171,T00061,Northeast,Northeast,161.16,USD,ecommerce,magstripe,approved,APPROVE,150.47,1.071044061939257,1,0,0,1,1,0,0,3,6,3,2,28,ecommerce_authentication_shift;night_activity,0.28,0.019053199133642073,0.28
X000196929,2026-01-08 02:06:03,C001618,A0001618,M00756,T00999,West,West,55.46,USD,ecommerce,chip_pin,approved,APPROVE,140.56,0.3945645987478657,1,0,0,1,0,0,0,6,44,4,16,33,customer_velocity;night_activity,0.33,0.007546016775721884,0.33
X000112009,2026-01-08 02:06:05,C000935,A0000935,M00191,T00441,Midwest,Midwest,45.91,USD,ecommerce,chip_pin,approved,APPROVE,37.9,1.2113456464379946,1,0,0,1,0,0,0,2,37,9,5,26,terminal_customer_network_burst;night_activity,0.26,0.016576521497945303,0.26
X000017218,2026-01-08 02:06:10,C000148,A0000148,M00736,T00065,South,South,109.21,USD,card_present,wallet_biometric,approved,APPROVE,72.66,1.5030278007156619,1,0,0,0,0,0,0,4,43,13,3,26,terminal_customer_network_burst;night_activity,0.26,0.038220203657529275,0.26
X000161728,2026-01-08 02:06:31,C001334,A0001334,M00503,T00131,West,West,30.91,USD,ecommerce,chip_pin,approved,APPROVE,61.91,0.49927313842674853,1,0,0,1,0,0,0,4,26,10,5,26,terminal_customer_network_burst;night_activity,0.26,0.017167670069229073,0.26
X000010773,2026-01-08 02:07:20,C000098,A0000098,M00087,T00078,South,South,43.12,USD,card_present,chip_pin,approved,APPROVE,55.5,0.7769369369369369,1,0,0,0,0,0,0,4,58,10,9,26,terminal_customer_network_burst;night_activity,0.26,0.017372196129049177,0.26
X000105626,2026-01-08 02:07:35,C000888,A0000888,M00716,T00866,West,West,95.49,USD,ecommerce,3ds,approved,APPROVE,86.91,1.0987228167069383,1,0,0,1,0,0,0,4,11,5,3,8,night_activity,0.08,0.012481738212831061,0.08
X000095481,2026-01-08 02:07:41,C000798,A0000798,M00094,T01093,South,South,131.96,USD,card_present,3ds,approved,APPROVE,118.88,1.1100269179004039,1,0,0,0,0,0,0,4,34,9,3,26,terminal_customer_network_burst;night_activity,0.26,0.020133318805854596,0.26
X000190040,2026-01-08 02:08:16,C001562,A0001562,M00229,T00718,Northeast,Northeast,239.07,USD,card_present,chip_pin,approved,APPROVE,160.81,1.4866612772837509,1,0,0,0,0,0,0,4,18,2,11,8,night_activity,0.08,0.007650466240936634,0.08
X000059001,2026-01-08 02:08:17,C000501,A0000501,M00295,T00425,South,South,21.41,USD,card_present,3ds,soft_decline,CHALLENGE,42.14,0.5080683436165163,1,0,1,0,0,0,0,3,66,16,3,34,terminal_customer_network_burst;night_activity;authentication_soft_decline,0.34,0.14494759739867177,0.34
X000244465,2026-01-08 02:08:47,C001993,A0001993,M00021,T00406,South,South,61.1,USD,mobile_wallet,magstripe,approved,APPROVE,38.36,1.5928050052137643,1,0,0,0,1,1,0,1,29,7,0,23,new_customer_terminal_pair;night_activity,0.23,0.04713759212608342,0.23
X000073180,2026-01-08 02:09:30,C000619,A0000619,M00428,T00264,West,West,63.29,USD,card_present,chip_pin,approved,APPROVE,125.67,0.5036205936182064,1,0,0,0,0,0,0,0,30,9,3,26,terminal_customer_network_burst;night_activity,0.26,0.00980325341715506,0.26
X000109935,2026-01-08 02:10:11,C000919,A0000919,M00239,T00791,South,South,18.55,USD,card_present,3ds,approved,APPROVE,27.13,0.6837449318098047,1,0,0,0,0,0,0,1,24,7,2,8,night_activity,0.08,0.00952322881722131,0.08
X000036901,2026-01-08 02:10:31,C000316,A0000316,M00394,T00922,South,South,33.85,USD,ecommerce,3ds,approved,APPROVE,40.33,0.8393255640962064,1,0,0,1,0,0,0,4,52,11,7,26,terminal_customer_network_burst;night_activity,0.26,0.02215166953646583,0.26
X000011726,2026-01-08 02:10:59,C000104,A0000104,M00382,T00436,Midwest,Midwest,202.98,USD,mobile_wallet,magstripe,approved,APPROVE,150.27,1.3507686164903172,1,0,0,0,1,1,0,2,10,4,5,8,night_activity,0.08,0.027765604127039666,0.08
X000072991,2026-01-08 02:11:04,C000617,A0000617,M00459,T00809,Northeast,Northeast,38.04,USD,ecommerce,chip_pin,approved,APPROVE,36.33,1.0470685383980183,1,0,0,1,0,0,0,4,46,12,5,26,terminal_customer_network_burst;night_activity,0.26,0.028358691937447066,0.26
X000208290,2026-01-08 02:11:06,C001701,A0001701,M00791,T00304,South,South,112.51,USD,mobile_wallet,3ds,approved,APPROVE,79.94,1.4074305729296974,1,0,0,0,0,1,0,1,45,8,2,26,terminal_customer_network_burst;night_activity,0.26,0.02266103853670547,0.26
X000099486,2026-01-08 02:12:22,C000836,A0000836,M00800,T00613,West,West,40.03,USD,card_present,chip_pin,approved,APPROVE,38.26,1.0462624150548876,1,0,0,0,0,0,0,4,24,6,3,8,night_activity,0.08,0.013469480195320554,0.08
X000204582,2026-01-08 02:12:22,C001670,A0001670,M00282,T00583,South,South,84.29,USD,ecommerce,chip_pin,approved,APPROVE,43.99,1.916117299386224,1,0,0,1,0,0,0,3,71,12,4,26,terminal_customer_network_burst;night_activity,0.26,0.03916851021193328,0.26
X000147421,2026-01-08 02:12:27,C001217,A0001217,M00496,T00236,Midwest,Midwest,14.14,USD,card_present,chip_pin,approved,APPROVE,31.3,0.4517571884984026,1,0,0,0,0,0,0,0,16,7,4,8,night_activity,0.08,0.007082995395855137,0.08
X000222042,2026-01-08 02:13:15,C001810,A0001810,M00351,T00966,West,West,202.3,USD,card_present,3ds,approved,APPROVE,203.81,0.9925911388057505,1,0,0,0,0,0,0,2,13,5,6,8,night_activity,0.08,0.008189800178614636,0.08
X000050252,2026-01-08 02:13:22,C000421,A0000421,M00153,T00753,South,South,24.71,USD,ecommerce,wallet_biometric,approved,APPROVE,23.99,1.0300125052105045,1,0,0,1,0,0,0,1,52,13,2,26,terminal_customer_network_burst;night_activity,0.26,0.02501238959003767,0.26
X000115563,2026-01-08 02:13:56,C000960,A0000960,M00015,T00330,South,South,119.06,USD,card_present,chip_pin,approved,APPROVE,37.6,3.1664893617021277,1,0,0,0,0,0,0,1,55,16,1,56,amount_vs_profile;terminal_customer_network_burst;night_activity,0.56,0.07966426550059154,0.56
X000078632,2026-01-08 02:14:01,C000662,A0000662,M00569,T00983,South,South,260.52,USD,card_present,3ds,approved,APPROVE,91.02,2.8622280817402768,1,0,0,0,0,0,0,3,32,7,7,8,night_activity,0.08,0.025079804931024345,0.08
X000122397,2026-01-08 02:14:30,C001015,A0001015,M00391,T00267,Northeast,Northeast,36.67,USD,mobile_wallet,chip_pin,approved,APPROVE,37.99,0.9652540142142669,1,0,0,0,0,1,0,0,32,7,2,8,night_activity,0.08,0.014551832172473233,0.08
X000203585,2026-01-08 02:14:35,C001666,A0001666,M00056,T01147,Midwest,Midwest,138.95,USD,card_present,chip_pin,approved,APPROVE,309.93,0.4483270415900364,1,0,0,0,0,0,0,2,54,10,10,26,terminal_customer_network_burst;night_activity,0.26,0.0115608775491729,0.26
X000060192,2026-01-08 02:14:56,C000513,A0000513,M00608,T00027,South,South,48.5,USD,mobile_wallet,chip_pin,approved,APPROVE,115.4,0.4202772963604853,1,0,0,0,0,1,0,4,47,13,6,26,terminal_customer_network_burst;night_activity,0.26,0.034103977709439105,0.26
X000194129,2026-01-08 02:15:32,C001596,A0001596,M00706,T00856,Northeast,Northeast,76.2,USD,mobile_wallet,3ds,approved,APPROVE,43.85,1.7377423033067274,1,0,0,0,0,1,0,1,14,6,4,8,night_activity,0.08,0.017771877091893405,0.08
X000051542,2026-01-08 02:15:48,C000436,A0000436,M00735,T00059,Midwest,Midwest,46.83,USD,card_present,wallet_biometric,approved,APPROVE,54.38,0.8611621919823463,1,0,0,0,0,0,0,2,27,7,5,8,night_activity,0.08,0.010521350400671592,0.08
X000052144,2026-01-08 02:15:59,C000441,A0000441,M00392,T00305,Midwest,Midwest,106.73,USD,card_present,3ds,approved,APPROVE,94.35,1.1312135665076843,1,0,0,0,0,0,0,4,25,6,5,8,night_activity,0.08,0.013105623614068845,0.08
X000076421,2026-01-08 02:16:04,C000643,A0000643,M00305,T00345,Northeast,Northeast,28.56,USD,ecommerce,chip_pin,approved,APPROVE,44.49,0.6419420094403236,1,0,0,1,0,0,0,3,14,3,5,8,night_activity,0.08,0.006889927233692433,0.08
X000222239,2026-01-08 02:16:19,C001811,A0001811,M00720,T00311,Northeast,Northeast,151.25,USD,ecommerce,chip_pin,approved,APPROVE,63.03,2.399650959860384,1,0,0,1,0,0,0,3,25,6,6,8,night_activity,0.08,0.019842698949080043,0.08
X000164215,2026-01-08 02:16:25,C001354,A0001354,M00681,T01024,West,West,75.58,USD,mobile_wallet,chip_pin,approved,APPROVE,89.25,0.8468347338935575,1,0,0,0,0,1,0,3,15,6,7,8,night_activity,0.08,0.014270681226333152,0.08
X000168442,2026-01-08 02:16:25,C001393,A0001393,M00262,T00060,South,South,31.9,USD,mobile_wallet,3ds,approved,APPROVE,56.24,0.5672119487908961,1,0,0,0,0,1,0,2,38,10,2,26,terminal_customer_network_burst;night_activity,0.26,0.022540625320134705,0.26
X000040013,2026-01-08 02:16:26,C000340,A0000340,M00134,T00440,Midwest,Midwest,65.05,USD,card_present,chip_pin,approved,APPROVE,71.81,0.9058626932182147,1,0,0,0,0,0,0,3,16,4,8,8,night_activity,0.08,0.007462922275320491,0.08
X000028852,2026-01-08 02:16:33,C000248,A0000248,M00331,T00956,South,Midwest,46.56,USD,card_present,wallet_biometric,approved,APPROVE,55.67,0.8363571043650081,1,0,0,0,0,0,1,0,15,5,0,35,new_customer_terminal_pair;night_activity;home_region_mismatch,0.35,0.07512578218613204,0.35
X000007972,2026-01-08 02:16:50,C000073,A0000073,M00553,T00398,West,West,296.21,USD,card_present,3ds,approved,APPROVE,150.97,1.9620454394912896,1,0,0,0,0,0,0,4,18,7,4,8,night_activity,0.08,0.02086383720855439,0.08
X000099561,2026-01-08 02:17:06,C000837,A0000837,M00159,T00555,Northeast,Northeast,62.23,USD,card_present,3ds,approved,APPROVE,44.81,1.3887525106003122,1,0,0,0,0,0,0,4,16,4,6,8,night_activity,0.08,0.01087926347672813,0.08
X000107363,2026-01-08 02:17:19,C000900,A0000900,M00414,T00189,Midwest,Midwest,446.5,USD,ecommerce,3ds,approved,APPROVE,159.85,2.793243665936816,1,0,0,1,0,0,0,6,54,10,17,51,customer_velocity;terminal_customer_network_burst;night_activity,0.51,0.03946447126904323,0.51
X000113854,2026-01-08 02:18:04,C000948,A0000948,M00642,T00253,Midwest,Midwest,46.72,USD,mobile_wallet,wallet_biometric,approved,APPROVE,62.39,0.7488379548004488,1,0,0,0,0,1,0,1,21,8,6,26,terminal_customer_network_burst;night_activity,0.26,0.014409910045391387,0.26
X000240371,2026-01-08 02:18:17,C001961,A0001961,M00453,T00831,South,South,99.11,USD,card_present,chip_pin,approved,APPROVE,100.48,0.9863654458598725,1,0,0,0,0,0,0,11,53,13,9,71,customer_velocity;high_customer_velocity;terminal_customer_network_burst;night_activity,0.71,0.05842866314979514,0.71
X000190041,2026-01-08 02:18:26,C001562,A0001562,M00229,T00718,Northeast,Northeast,185.68,USD,ecommerce,chip_pin,approved,APPROVE,160.81,1.1546545612835022,1,0,0,1,0,0,0,5,19,2,12,33,customer_velocity;night_activity,0.33,0.007698741672123299,0.33
X000114868,2026-01-08 02:19:05,C000956,A0000956,M00494,T01193,West,West,176.26,USD,card_present,wallet_biometric,approved,APPROVE,222.07,0.793713693880308,1,0,0,0,0,0,0,2,20,4,11,8,night_activity,0.08,0.0058155096969413405,0.08
X000167151,2026-01-08 02:19:12,C001381,A0001381,M00271,T01087,Northeast,Northeast,272.57,USD,ecommerce,3ds,approved,APPROVE,184.34,1.478626451122925,1,0,0,1,0,0,0,0,32,9,6,26,terminal_customer_network_burst;night_activity,0.26,0.013990272657195251,0.26
X000155812,2026-01-08 02:19:13,C001283,A0001283,M00148,T01086,Midwest,Midwest,1027.68,USD,ecommerce,chip_pin,approved,APPROVE,278.26,3.6932365413641923,1,0,0,1,0,0,0,5,50,8,10,81,amount_vs_profile;customer_velocity;terminal_customer_network_burst;night_activity,0.81,0.04912771140441164,0.81
X000230100,2026-01-08 02:19:38,C001876,A0001876,M00540,T01173,West,West,63.85,USD,card_present,3ds,approved,APPROVE,87.96,0.7258981355161438,1,0,0,0,0,0,0,3,15,3,2,8,night_activity,0.08,0.007463440131727011,0.08
X000033906,2026-01-08 02:19:48,C000289,A0000289,M00096,T00202,West,West,336.4,USD,ecommerce,chip_pin,approved,APPROVE,157.83,2.131407210289552,1,0,0,1,0,0,0,5,29,7,6,33,customer_velocity;night_activity,0.33,0.02547704601210303,0.33
X000230403,2026-01-08 02:20:22,C001879,A0001879,M00243,T00806,South,South,62.03,USD,card_present,3ds,approved,APPROVE,83.45,0.7433193529059317,1,0,0,0,0,0,0,1,40,8,6,26,terminal_customer_network_burst;night_activity,0.26,0.010051380573299941,0.26
X000129317,2026-01-08 02:20:24,C001064,A0001064,M00758,T00582,Northeast,Northeast,231.09,USD,card_present,magstripe,approved,APPROVE,157.04,1.4715359144167093,1,0,0,0,1,0,0,4,60,9,7,26,terminal_customer_network_burst;night_activity,0.26,0.04639563677071727,0.26
X000047873,2026-01-08 02:20:34,C000404,A0000404,M00168,T00981,Midwest,Northeast,400.71,USD,card_present,chip_pin,approved,APPROVE,227.96,1.7578083874363921,1,0,0,0,0,0,1,9,43,8,0,78,customer_velocity;new_customer_terminal_pair;terminal_customer_network_burst;night_activity;home_region_mismatch,0.78,0.3446279698713411,0.78
X000078814,2026-01-08 02:20:41,C000664,A0000664,M00320,T00150,West,West,8.46,USD,ecommerce,chip_pin,approved,APPROVE,35.11,0.24095699230988324,1,0,0,1,0,0,0,2,38,9,1,26,terminal_customer_network_burst;night_activity,0.26,0.012781839552707324,0.26
X000167152,2026-01-08 02:21:30,C001381,A0001381,M00116,T00469,Northeast,West,48.61,USD,card_present,chip_pin,approved,APPROVE,184.34,0.26369751546056197,1,0,0,0,0,0,1,1,15,3,0,35,new_customer_terminal_pair;night_activity;home_region_mismatch,0.35,0.053943504787222527,0.35
X000171411,2026-01-08 02:22:27,C001413,A0001413,M00416,T00451,West,West,31.44,USD,ecommerce,chip_pin,approved,APPROVE,27.46,1.144938091769847,1,0,0,1,0,0,0,1,16,5,1,8,night_activity,0.08,0.009678391982404977,0.08
X000185373,2026-01-08 02:22:28,C001525,A0001525,M00304,T00087,Midwest,Midwest,173.65,USD,ecommerce,chip_pin,approved,APPROVE,133.44,1.301333932853717,1,0,0,1,0,0,0,4,43,8,14,26,terminal_customer_network_burst;night_activity,0.26,0.014680833310273162,0.26
X000180377,2026-01-08 02:22:32,C001483,A0001483,M00393,T00239,Northeast,Northeast,300.02,USD,ecommerce,chip_pin,approved,APPROVE,259.43,1.156458389546313,1,0,0,1,0,0,0,4,46,10,6,26,terminal_customer_network_burst;night_activity,0.26,0.022758694062902294,0.26
X000053855,2026-01-08 02:23:01,C000456,A0000456,M00396,T00828,West,West,14.47,USD,card_present,wallet_biometric,approved,APPROVE,30.16,0.4797745358090186,1,0,0,0,0,0,0,2,13,3,3,8,night_activity,0.08,0.005786014159243318,0.08
X000017219,2026-01-08 02:23:22,C000148,A0000148,M00608,T00219,South,South,193.95,USD,card_present,chip_pin,approved,APPROVE,72.66,2.6692815854665564,1,0,0,0,0,0,0,5,64,15,3,51,customer_velocity;terminal_customer_network_burst;night_activity,0.51,0.08796200611904163,0.51
X000158787,2026-01-08 02:23:24,C001306,A0001306,M00594,T01188,Northeast,Northeast,24.18,USD,card_present,chip_pin,soft_decline,CHALLENGE,33.73,0.7168692558553217,1,0,1,0,0,0,0,0,61,13,4,34,terminal_customer_network_burst;night_activity;authentication_soft_decline,0.34,0.07974563910025778,0.34
X000177539,2026-01-08 02:24:07,C001461,A0001461,M00034,T00307,Northeast,Northeast,201.68,USD,ecommerce,chip_pin,approved,APPROVE,251.98,0.8003809826176681,1,0,0,1,0,0,0,2,39,9,10,26,terminal_customer_network_burst;night_activity,0.26,0.012028024676284324,0.26
X000149892,2026-01-08 02:24:28,C001235,A0001235,M00687,T00302,Midwest,Midwest,89.68,USD,ecommerce,chip_pin,approved,APPROVE,100.16,0.8953674121405751,1,0,0,1,0,0,0,0,16,8,3,26,terminal_customer_network_burst;night_activity,0.26,0.010391670723089007,0.26
X000118341,2026-01-08 02:25:07,C000979,A0000979,M00019,T00745,Northeast,Northeast,87.51,USD,card_present,wallet_biometric,approved,APPROVE,67.03,1.305534835148441,1,0,0,0,0,0,0,1,30,7,5,8,night_activity,0.08,0.011290070528181751,0.08
X000019723,2026-01-08 02:25:50,C000171,A0000171,M00513,T00695,Midwest,Midwest,51.14,USD,ecommerce,magstripe,approved,APPROVE,43.72,1.1697163769441903,1,0,0,1,1,0,0,2,30,5,2,28,ecommerce_authentication_shift;night_activity,0.28,0.023680975271292475,0.28
X000070546,2026-01-08 02:25:57,C000599,A0000599,M00264,T01070,Midwest,Midwest,38.03,USD,card_present,chip_pin,approved,APPROVE,81.27,0.46794635166728193,1,0,0,0,0,0,0,0,16,6,8,8,night_activity,0.08,0.00556665756126917,0.08
X000243913,2026-01-08 02:26:47,C001989,A0001989,M00552,T00602,Northeast,Northeast,59.56,USD,ecommerce,wallet_biometric,approved,APPROVE,45.7,1.3032822757111597,1,0,0,1,0,0,0,2,39,7,4,8,night_activity,0.08,0.014123253415523432,0.08
X000119494,2026-01-08 02:27:42,C000991,A0000991,M00661,T00801,Northeast,Northeast,86.42,USD,ecommerce,chip_pin,approved,APPROVE,63.0,1.3717460317460317,1,0,0,1,0,0,0,1,18,8,0,41,new_customer_terminal_pair;terminal_customer_network_burst;night_activity,0.41,0.015659102187484085,0.41
X000110595,2026-01-08 02:27:57,C000924,A0000924,M00769,T00996,West,West,375.16,USD,card_present,3ds,approved,APPROVE,329.64,1.1380900376167942,1,0,0,0,0,0,0,2,40,6,4,8,night_activity,0.08,0.011167764221405432,0.08
X000165749,2026-01-08 02:28:00,C001368,A0001368,M00206,T00975,West,West,817.24,USD,mobile_wallet,chip_pin,approved,APPROVE,257.01,3.1797984514221236,1,0,0,0,0,1,0,3,11,4,8,38,amount_vs_profile;night_activity,0.38,0.027579409509465625,0.38
X000132903,2026-01-08 02:28:35,C001096,A0001096,M00691,T00755,Northeast,Northeast,37.36,USD,card_present,chip_pin,approved,APPROVE,37.28,1.002145922746781,1,0,0,0,0,0,0,2,41,11,5,26,terminal_customer_network_burst;night_activity,0.26,0.0184473570842198,0.26
X000159035,2026-01-08 02:28:52,C001309,A0001309,M00486,T00218,South,South,129.54,USD,ecommerce,magstripe,approved,APPROVE,46.76,2.770316509837468,1,0,0,1,1,0,0,3,35,5,2,28,ecommerce_authentication_shift;night_activity,0.28,0.05048777601302079,0.28
X000189888,2026-01-08 02:29:16,C001561,A0001561,M00542,T01166,South,South,110.57,USD,card_present,3ds,approved,APPROVE,142.2,0.7775668073136428,1,0,0,0,0,0,0,4,29,7,8,8,night_activity,0.08,0.011724231251385808,0.08
X000203166,2026-01-08 02:29:27,C001664,A0001664,M00507,T01055,South,South,282.91,USD,card_present,chip_pin,approved,APPROVE,245.36,1.1530404303880013,1,0,0,0,0,0,0,5,32,7,8,33,customer_velocity;night_activity,0.33,0.015441521078670483,0.33
X000103853,2026-01-08 02:29:35,C000874,A0000874,M00181,T01063,South,South,231.97,USD,card_present,magstripe,approved,APPROVE,75.59,3.068792168276227,1,0,0,0,1,0,0,1,37,8,9,56,amount_vs_profile;terminal_customer_network_burst;night_activity,0.56,0.04889977427593898,0.56
X000165256,2026-01-08 02:30:12,C001364,A0001364,M00661,T00141,Northeast,Northeast,26.49,USD,card_present,chip_pin,approved,APPROVE,58.11,0.45585957666494575,1,0,0,0,0,0,0,2,30,6,7,8,night_activity,0.08,0.007497763169324279,0.08
X000175958,2026-01-08 02:30:27,C001450,A0001450,M00281,T01053,West,West,91.95,USD,card_present,chip_pin,approved,APPROVE,119.11,0.7719754848459408,1,0,0,0,0,0,0,1,12,7,6,8,night_activity,0.08,0.008413473145396382,0.08
X000014425,2026-01-08 02:30:40,C000123,A0000123,M00296,T00252,South,South,95.47,USD,mobile_wallet,chip_pin,approved,APPROVE,125.44,0.7610809948979592,1,0,0,0,0,1,0,5,36,9,6,51,customer_velocity;terminal_customer_network_burst;night_activity,0.51,0.02684169213618376,0.51
X000086624,2026-01-08 02:31:11,C000727,A0000727,M00767,T00890,South,South,159.59,USD,ecommerce,chip_pin,approved,APPROVE,98.78,1.6156104474589998,1,0,0,1,0,0,0,3,50,8,11,26,terminal_customer_network_burst;night_activity,0.26,0.01661998210882566,0.26
X000154172,2026-01-08 02:31:31,C001269,A0001269,M00516,T00887,Northeast,Northeast,67.92,USD,ecommerce,wallet_biometric,approved,APPROVE,38.68,1.7559462254395037,1,0,0,1,0,0,0,1,10,3,3,8,night_activity,0.08,0.009040794321848804,0.08
X000055596,2026-01-08 02:31:33,C000471,A0000471,M00038,T00874,South,South,282.95,USD,ecommerce,wallet_biometric,approved,APPROVE,136.92,2.0665352030382707,1,0,0,1,0,0,0,6,87,15,16,51,customer_velocity;terminal_customer_network_burst;night_activity,0.51,0.058605582749585175,0.51
X000176087,2026-01-08 02:31:52,C001451,A0001451,M00403,T01126,Northeast,Northeast,18.58,USD,card_present,chip_pin,approved,APPROVE,40.14,0.46287992027902336,1,0,0,0,0,0,0,2,22,9,2,26,terminal_customer_network_burst;night_activity,0.26,0.012322395023012288,0.26
X000070912,2026-01-08 02:31:53,C000602,A0000602,M00695,T00203,Midwest,Midwest,401.26,USD,ecommerce,chip_pin,approved,APPROVE,193.59,2.072731029495325,1,0,0,1,0,0,0,3,33,6,8,8,night_activity,0.08,0.016661655699060016,0.08
X000014037,2026-01-08 02:32:09,C000119,A0000119,M00148,T00038,South,Midwest,46.52,USD,ecommerce,wallet_biometric,approved,APPROVE,73.13,0.6361274442773145,1,0,0,1,0,0,1,4,12,5,0,35,new_customer_terminal_pair;night_activity;home_region_mismatch,0.35,0.11164218142581493,0.35
X000013887,2026-01-08 02:32:15,C000118,A0000118,M00709,T01049,Northeast,Northeast,92.56,USD,ecommerce,chip_pin,approved,APPROVE,129.51,0.7146938460350553,1,0,0,1,0,0,0,4,13,6,5,8,night_activity,0.08,0.011331583772914149,0.08
X000216964,2026-01-08 02:32:38,C001773,A0001773,M00335,T00138,South,South,176.47,USD,ecommerce,3ds,approved,APPROVE,311.99,0.5656271034328023,1,0,0,1,0,0,0,4,43,8,19,26,terminal_customer_network_burst;night_activity,0.26,0.009288624614039457,0.26
X000137058,2026-01-08 02:32:42,C001127,A0001127,M00698,T00153,West,West,591.45,USD,card_present,chip_pin,approved,APPROVE,244.62,2.417831739023792,1,0,0,0,0,0,0,2,43,5,12,8,night_activity,0.08,0.012970787104706089,0.08
X000077036,2026-01-08 02:32:55,C000648,A0000648,M00409,T00971,Northeast,Northeast,26.91,USD,card_present,chip_pin,approved,APPROVE,27.92,0.9638252148997134,1,0,0,0,0,0,0,4,24,6,4,8,night_activity,0.08,0.012617499504078783,0.08
X000012386,2026-01-08 02:33:04,C000108,A0000108,M00055,T01044,South,South,30.4,USD,card_present,chip_pin,approved,APPROVE,37.77,0.8048715912099549,1,0,0,0,0,0,0,3,60,14,4,26,terminal_customer_network_burst;night_activity,0.26,0.029358567389760004,0.26
X000057624,2026-01-08 02:33:11,C000488,A0000488,M00311,T01079,Midwest,Midwest,41.75,USD,card_present,3ds,approved,APPROVE,49.29,0.8470277946845202,1,0,0,0,0,0,0,1,20,9,2,26,terminal_customer_network_burst;night_activity,0.26,0.01274035566738478,0.26
X000192618,2026-01-08 02:34:10,C001582,A0001582,M00517,T01092,Midwest,Midwest,32.19,USD,card_present,3ds,approved,APPROVE,32.55,0.9889400921658986,1,0,0,0,0,0,0,1,24,7,2,8,night_activity,0.08,0.010774343125573068,0.08
X000008698,2026-01-08 02:34:46,C000079,A0000079,M00754,T00696,West,West,110.21,USD,mobile_wallet,3ds,approved,APPROVE,80.47,1.3695787249906797,1,0,0,0,0,1,0,1,25,8,4,26,terminal_customer_network_burst;night_activity,0.26,0.019911825509511427,0.26
X000043850,2026-01-08 02:35:01,C000373,A0000373,M00303,T00765,Northeast,Northeast,106.73,USD,card_present,chip_pin,approved,APPROVE,80.45,1.3266625233064016,1,0,0,0,0,0,0,4,37,6,6,8,night_activity,0.08,0.014158117365432144,0.08
X000168443,2026-01-08 02:35:05,C001393,A0001393,M00262,T00060,South,South,67.58,USD,mobile_wallet,wallet_biometric,approved,APPROVE,56.24,1.2016358463726884,1,0,0,0,0,1,0,3,39,10,3,26,terminal_customer_network_burst;night_activity,0.26,0.031604239790206747,0.26
X000201520,2026-01-08 02:35:17,C001650,A0001650,M00232,T00367,West,West,201.85,USD,card_present,3ds,approved,APPROVE,267.79,0.7537622764106202,1,0,0,0,0,0,0,5,40,5,12,33,customer_velocity;night_activity,0.33,0.009325675018732207,0.33
X000015724,2026-01-08 02:35:42,C000134,A0000134,M00533,T01021,Northeast,Northeast,31.42,USD,ecommerce,3ds,approved,APPROVE,29.05,1.0815834767641996,1,0,0,1,0,0,0,4,21,6,6,8,night_activity,0.08,0.012987056479312118,0.08
X000008513,2026-01-08 02:36:03,C000078,A0000078,M00278,T01124,Northeast,Northeast,136.36,USD,card_present,3ds,approved,APPROVE,106.16,1.2844762622456671,1,0,0,0,0,0,0,2,39,11,8,26,terminal_customer_network_burst;night_activity,0.26,0.01867735174272614,0.26
X000127548,2026-01-08 02:36:17,C001052,A0001052,M00738,T00899,South,South,83.05,USD,card_present,chip_pin,approved,APPROVE,146.14,0.5682906801697003,1,0,0,0,0,0,0,6,50,11,9,51,customer_velocity;terminal_customer_network_burst;night_activity,0.51,0.0221768226229637,0.51
X000103310,2026-01-08 02:36:20,C000869,A0000869,M00508,T01195,Northeast,Northeast,58.7,USD,ecommerce,chip_pin,approved,APPROVE,50.98,1.151431934091801,1,0,0,1,0,0,0,1,19,5,2,8,night_activity,0.08,0.00946861958587936,0.08
