Transaction_ID,Timestamp,Customer_ID,Account_ID,Merchant_ID,Terminal_ID,Customer_Region,Merchant_Region,Amount,Currency,Channel,Auth_Type,Auth_Result,Incumbent_Decision,Typical_Spend,Amount_To_Typical_Spend,Is_Night,Is_Weekend,Auth_Soft_Decline,Is_Ecommerce,Is_Magstripe,Is_Mobile_Wallet,Region_Mismatch,Tx_Count_Prior_24h,Terminal_Prior_Tx_Count,Terminal_Prior_Distinct_Customers,Customer_Terminal_Prior_Count,Rule_Score,Rule_Reasons,Rule_Risk,Model_Score,Hybrid_Score
X000064892,2026-02-17 19:41:28,C000550,A0000550,M00015,T00330,South,South,101.66,USD,ecommerce,3ds,approved,APPROVE,79.69,1.2756933115823816,0,0,0,1,0,0,0,0,406,35,27,18,terminal_customer_network_burst,0.18,0.21249251055520443,0.21249251055520443
X000246238,2026-02-17 19:42:04,C001458,A0001458,M00376,T00181,Northeast,South,437.1,USD,ecommerce,3ds,approved,APPROVE,89.01,4.910684192787327,0,0,0,1,0,0,1,5,404,19,7,85,amount_vs_profile;customer_velocity;terminal_customer_network_burst;home_region_mismatch,0.85,0.8691032421527961,0.8691032421527961
X000049011,2026-02-17 19:42:13,C000410,A0000410,M00475,T00015,Midwest,Midwest,83.22,USD,ecommerce,chip_pin,soft_decline,CHALLENGE,64.04,1.2995003123048094,0,0,1,1,0,0,0,2,72,8,36,26,terminal_customer_network_burst;authentication_soft_decline,0.26,0.020393074887637818,0.26
X000110010,2026-02-17 19:42:13,C000919,A0000919,M00353,T00378,South,Midwest,47.98,USD,card_present,chip_pin,approved,APPROVE,27.13,1.7685219314412088,0,0,0,0,0,0,1,0,255,12,0,45,new_customer_terminal_pair;terminal_customer_network_burst;home_region_mismatch,0.45,0.2641638042708085,0.45
X000078098,2026-02-17 19:42:22,C000656,A0000656,M00649,T00134,South,Midwest,42.54,USD,ecommerce,wallet_biometric,approved,APPROVE,64.59,0.6586158848118904,0,0,0,1,0,0,1,1,204,22,0,45,new_customer_terminal_pair;terminal_customer_network_burst;home_region_mismatch,0.45,0.43828439580667444,0.45
X000185540,2026-02-17 19:42:29,C001525,A0001525,M00342,T00375,Midwest,Midwest,275.74,USD,ecommerce,chip_pin,approved,APPROVE,133.44,2.066396882494005,0,0,0,1,0,0,0,1,301,20,54,18,terminal_customer_network_burst,0.18,0.021831039148468744,0.18
X000006412,2026-02-17 19:42:48,C000057,A0000057,M00524,T00085,West,West,465.37,USD,ecommerce,3ds,approved,APPROVE,238.78,1.9489488231845213,0,0,0,1,0,0,0,5,187,14,38,43,customer_velocity;terminal_customer_network_burst,0.43,0.020513604787662225,0.43
X000032142,2026-02-17 19:43:08,C000272,A0000272,M00619,T00982,West,West,25.47,USD,card_present,3ds,approved,APPROVE,36.14,0.7047592695074709,0,0,0,0,0,0,0,3,175,20,26,18,terminal_customer_network_burst,0.18,0.026824896308636006,0.18
X000064105,2026-02-17 19:43:46,C000543,A0000543,M00758,T00582,Northeast,Northeast,119.05,USD,mobile_wallet,chip_pin,approved,APPROVE,37.53,3.1721289634958696,0,0,0,0,0,1,0,1,332,17,23,48,amount_vs_profile;terminal_customer_network_burst,0.48,0.0943447511045087,0.48
X000175800,2026-02-17 19:43:54,C001448,A0001448,M00668,T00417,Midwest,Midwest,192.85,USD,ecommerce,3ds,approved,APPROVE,55.08,3.501270878721859,0,0,0,1,0,0,0,2,98,14,22,48,amount_vs_profile;terminal_customer_network_burst,0.48,0.03573863993267349,0.48
X000141866,2026-02-17 19:44:05,C001169,A0001169,M00040,T00439,Northeast,Northeast,63.43,USD,card_present,chip_pin,approved,APPROVE,104.26,0.6083828889315174,0,0,0,0,0,0,0,5,319,15,42,43,customer_velocity;terminal_customer_network_burst,0.43,0.015704803617804623,0.43
X000121465,2026-02-17 19:44:08,C001008,A0001008,M00574,T00190,Midwest,Midwest,189.75,USD,ecommerce,wallet_biometric,approved,APPROVE,287.67,0.6596099697570132,0,0,0,1,0,0,0,4,393,20,70,18,terminal_customer_network_burst,0.18,0.013308535925210679,0.18
X000159006,2026-02-17 19:44:08,C001308,A0001308,M00295,T00163,South,South,48.54,USD,mobile_wallet,magstripe,approved,APPROVE,55.99,0.8669405250937667,0,0,0,0,1,1,0,0,363,18,13,18,terminal_customer_network_burst,0.18,0.11710734254323855,0.18
X000172977,2026-02-17 19:44:24,C001427,A0001427,M00378,T01130,South,South,50.03,USD,ecommerce,3ds,approved,APPROVE,28.02,1.7855103497501785,0,0,0,1,0,0,0,3,315,17,11,18,terminal_customer_network_burst,0.18,0.06892392644156894,0.18
X000076236,2026-02-17 19:44:33,C000640,A0000640,M00734,T01137,Midwest,Midwest,56.61,USD,card_present,3ds,approved,APPROVE,45.4,1.2469162995594714,0,0,0,0,0,0,0,2,62,8,26,18,terminal_customer_network_burst,0.18,0.0054488656656287845,0.18
X000035374,2026-02-17 19:44:59,C000299,A0000299,M00020,T00254,South,South,269.81,USD,ecommerce,chip_pin,approved,APPROVE,73.28,3.681905021834061,0,0,0,1,0,0,0,1,318,22,31,48,amount_vs_profile;terminal_customer_network_burst,0.48,0.10789065567018846,0.48
X000229931,2026-02-17 19:44:59,C001873,A0001873,M00376,T00309,South,South,460.56,USD,card_present,3ds,approved,APPROVE,203.78,2.260084404750221,0,0,0,0,0,0,0,3,432,17,45,18,terminal_customer_network_burst,0.18,0.03671826495985734,0.18
X000230506,2026-02-17 19:45:05,C001879,A0001879,M00507,T00639,South,South,82.83,USD,card_present,chip_pin,approved,APPROVE,83.45,0.9925704014379868,0,0,0,0,0,0,0,3,143,12,31,18,terminal_customer_network_burst,0.18,0.009280790327822877,0.18
X000052300,2026-02-17 19:46:44,C000441,A0000441,M00023,T00720,Midwest,Midwest,102.94,USD,ecommerce,3ds,approved,APPROVE,94.35,1.0910439851616323,0,0,0,1,0,0,0,4,337,17,59,18,terminal_customer_network_burst,0.18,0.013743437876903613,0.18
X000040566,2026-02-17 19:47:10,C000344,A0000344,M00460,T00355,Midwest,Midwest,62.04,USD,card_present,3ds,approved,APPROVE,46.73,1.3276267922105713,0,0,0,0,0,0,0,2,186,16,36,18,terminal_customer_network_burst,0.18,0.01438056533543652,0.18
X000212928,2026-02-17 19:47:35,C001738,A0001738,M00074,T01036,South,South,46.26,USD,card_present,3ds,approved,APPROVE,50.26,0.9204138479904497,0,0,0,0,0,0,0,0,414,24,32,18,terminal_customer_network_burst,0.18,0.04929005769065819,0.18
X000034930,2026-02-17 19:47:36,C000296,A0000296,M00416,T00403,West,West,23.09,USD,card_present,chip_pin,approved,APPROVE,35.18,0.6563388288800455,0,0,0,0,0,0,0,0,276,15,24,18,terminal_customer_network_burst,0.18,0.014286683252885029,0.18
X000178961,2026-02-17 19:47:49,C001473,A0001473,M00613,T00638,South,South,102.47,USD,card_present,magstripe,approved,APPROVE,57.26,1.7895564093608103,0,0,0,0,1,0,0,3,237,18,41,18,terminal_customer_network_burst,0.18,0.050381852894961714,0.18
X000220846,2026-02-17 19:47:56,C001800,A0001800,M00172,T00722,Northeast,Northeast,215.71,USD,card_present,chip_pin,approved,APPROVE,186.73,1.1551973437583678,0,0,0,0,0,0,0,9,408,15,113,43,customer_velocity;terminal_customer_network_burst,0.43,0.00398264161480839,0.43
X000241691,2026-02-17 19:48:05,C001972,A0001972,M00147,T00410,South,South,61.83,USD,ecommerce,3ds,approved,APPROVE,28.9,2.139446366782007,0,0,0,1,0,0,0,1,143,12,0,33,new_customer_terminal_pair;terminal_customer_network_burst,0.33,0.033060318547802926,0.33
X000119524,2026-02-17 19:48:21,C000991,A0000991,M00770,T00870,Northeast,Midwest,50.11,USD,card_present,chip_pin,approved,APPROVE,63.0,0.7953968253968254,0,0,0,0,0,0,1,0,144,10,0,45,new_customer_terminal_pair;terminal_customer_network_burst;home_region_mismatch,0.45,0.12493522507802153,0.45
X000060152,2026-02-17 19:49:02,C000512,A0000512,M00436,T01032,Midwest,Midwest,62.76,USD,mobile_wallet,magstripe,approved,APPROVE,77.47,0.8101200464696011,0,0,0,0,1,1,0,2,117,9,33,18,terminal_customer_network_burst,0.18,0.015316404240910271,0.18
X000246305,2026-02-17 19:49:27,C001903,A0001903,M00594,T00498,West,Northeast,376.83,USD,mobile_wallet,magstripe,approved,APPROVE,28.9,13.039100346020762,0,0,0,0,1,1,1,0,112,13,4,85,amount_vs_profile;extreme_amount_vs_profile;terminal_customer_network_burst;home_region_mismatch,0.85,0.8717738949020343,0.8717738949020343
X000079283,2026-02-17 19:49:44,C000667,A0000667,M00271,T00851,Northeast,Northeast,148.35,USD,mobile_wallet,chip_pin,approved,APPROVE,68.9,2.1531204644412187,0,0,0,0,0,1,0,2,204,13,37,18,terminal_customer_network_burst,0.18,0.021423551010655358,0.18
X000197561,2026-02-17 19:49:44,C001621,A0001621,M00294,T00904,West,South,208.11,USD,mobile_wallet,3ds,approved,APPROVE,173.71,1.1980312014276668,0,0,0,0,0,1,1,8,270,14,0,70,customer_velocity;new_customer_terminal_pair;terminal_customer_network_burst;home_region_mismatch,0.7,0.5925754277463768,0.7
X000005126,2026-02-17 19:49:53,C000047,A0000047,M00340,T01159,West,West,45.79,USD,card_present,magstripe,approved,APPROVE,40.14,1.1407573492775287,0,0,0,0,1,0,0,2,58,7,17,0,,0.0,0.013261019759490778,0.013261019759490778
X000209408,2026-02-17 19:50:00,C001709,A0001709,M00341,T00572,Midwest,Midwest,68.92,USD,card_present,wallet_biometric,approved,APPROVE,57.15,1.2059492563429572,0,0,0,0,0,0,0,4,248,15,32,18,terminal_customer_network_burst,0.18,0.020434485934076718,0.18
X000170568,2026-02-17 19:50:13,C001405,A0001405,M00586,T00314,Northeast,Northeast,90.09,USD,card_present,magstripe,approved,APPROVE,111.64,0.8069688283769259,0,0,0,0,1,0,0,3,119,9,44,18,terminal_customer_network_burst,0.18,0.0080766573211895,0.18
X000167112,2026-02-17 19:50:21,C001380,A0001380,M00791,T00304,South,South,59.6,USD,ecommerce,chip_pin,approved,APPROVE,95.77,0.6223243186801712,0,0,0,1,0,0,0,2,381,19,23,18,terminal_customer_network_burst,0.18,0.039979447022679075,0.18
X000013447,2026-02-17 19:51:03,C000115,A0000115,M00050,T01119,Midwest,Midwest,90.45,USD,ecommerce,wallet_biometric,approved,APPROVE,73.53,1.2301101591187271,0,0,0,1,0,0,0,9,255,15,79,43,customer_velocity;terminal_customer_network_burst,0.43,0.008779554862614555,0.43
X000000250,2026-02-17 19:51:50,C000002,A0000002,M00535,T00761,West,West,230.58,USD,card_present,3ds,approved,APPROVE,97.15,2.3734431291816778,0,0,0,0,0,0,0,1,131,19,28,18,terminal_customer_network_burst,0.18,0.030976733725270107,0.18
X000088654,2026-02-17 19:52:24,C000744,A0000744,M00517,T00541,Midwest,Midwest,94.62,USD,card_present,wallet_biometric,approved,APPROVE,103.24,0.9165052305308021,0,0,0,0,0,0,0,4,238,17,61,18,terminal_customer_network_burst,0.18,0.0088433300931989,0.18
X000111715,2026-02-17 19:52:40,C000932,A0000932,M00559,T00805,Midwest,Midwest,62.78,USD,card_present,chip_pin,approved,APPROVE,31.07,2.020598648213711,0,0,0,0,0,0,0,1,130,14,22,18,terminal_customer_network_burst,0.18,0.018173868729911585,0.18
X000225906,2026-02-17 19:52:41,C001840,A0001840,M00005,T01091,South,South,393.14,USD,mobile_wallet,chip_pin,approved,APPROVE,193.68,2.0298430400660883,0,0,0,0,0,1,0,4,271,19,60,18,terminal_customer_network_burst,0.18,0.029389625778362672,0.18
X000179692,2026-02-17 19:53:24,C001477,A0001477,M00717,T00614,South,South,33.57,USD,card_present,chip_pin,approved,APPROVE,42.81,0.7841625788367204,0,0,0,0,0,0,0,0,316,16,18,18,terminal_customer_network_burst,0.18,0.022654981757954034,0.18
X000173829,2026-02-17 19:53:35,C001433,A0001433,M00258,T00527,West,West,85.59,USD,card_present,wallet_biometric,approved,APPROVE,36.05,2.374202496532594,0,0,0,0,0,0,0,4,172,11,30,18,terminal_customer_network_burst,0.18,0.017994633774474324,0.18
X000154294,2026-02-17 19:53:39,C001270,A0001270,M00288,T01177,Northeast,Northeast,8.73,USD,card_present,3ds,approved,APPROVE,28.36,0.3078279266572638,0,0,0,0,0,0,0,0,284,17,19,18,terminal_customer_network_burst,0.18,0.018793668124736963,0.18
X000089688,2026-02-17 19:53:43,C000749,A0000749,M00064,T00627,Midwest,Midwest,72.39,USD,ecommerce,chip_pin,approved,APPROVE,63.34,1.1428796968740131,0,0,0,1,0,0,0,0,164,17,27,18,terminal_customer_network_burst,0.18,0.01582635025241802,0.18
X000141742,2026-02-17 19:53:59,C001168,A0001168,M00205,T00871,South,South,230.4,USD,ecommerce,magstripe,approved,APPROVE,130.37,1.7672777479481476,0,0,0,1,1,0,0,0,169,11,20,18,terminal_customer_network_burst,0.18,0.02736084914706092,0.18
X000084806,2026-02-17 19:54:02,C000709,A0000709,M00613,T00852,South,South,133.0,USD,card_present,chip_pin,approved,APPROVE,116.1,1.145564168819983,0,0,0,0,0,0,0,5,239,21,54,43,customer_velocity;terminal_customer_network_burst,0.43,0.02184800438223079,0.43
X000221415,2026-02-17 19:54:04,C001804,A0001804,M00587,T00374,South,South,207.82,USD,card_present,magstripe,approved,APPROVE,206.37,1.007026215050637,0,0,0,0,1,0,0,5,238,10,66,43,customer_velocity;terminal_customer_network_burst,0.43,0.008307675947942532,0.43
X000178559,2026-02-17 19:54:07,C001470,A0001470,M00585,T00119,Midwest,Midwest,139.09,USD,ecommerce,wallet_biometric,approved,APPROVE,151.7,0.9168754119973633,0,0,0,1,0,0,0,1,181,20,28,18,terminal_customer_network_burst,0.18,0.023288515805743926,0.18
X000178138,2026-02-17 19:56:17,C001465,A0001465,M00587,T01174,South,South,63.36,USD,card_present,chip_pin,approved,APPROVE,80.93,0.7828988014333373,0,0,0,0,0,0,0,3,326,23,40,18,terminal_customer_network_burst,0.18,0.03668742710975155,0.18
X000130544,2026-02-17 19:56:24,C001073,A0001073,M00326,T00288,Northeast,Northeast,140.89,USD,ecommerce,wallet_biometric,soft_decline,CHALLENGE,70.69,1.993068326495968,0,0,1,1,0,0,0,0,232,16,15,26,terminal_customer_network_burst;authentication_soft_decline,0.26,0.1446795372017948,0.26
X000051517,2026-02-17 19:57:15,C000435,A0000435,M00123,T00812,Midwest,Midwest,102.57,USD,mobile_wallet,chip_pin,approved,APPROVE,56.36,1.8199077359829665,0,0,0,0,0,1,0,1,423,22,27,18,terminal_customer_network_burst,0.18,0.10768588989078064,0.18
X000002862,2026-02-17 19:57:52,C000027,A0000027,M00354,T00796,Northeast,Northeast,59.0,USD,mobile_wallet,chip_pin,soft_decline,CHALLENGE,100.97,0.5843319797959791,0,0,1,0,0,1,0,7,63,7,44,33,customer_velocity;authentication_soft_decline,0.33,0.026110394723213307,0.33
X000133372,2026-02-17 19:58:15,C001099,A0001099,M00691,T01123,Northeast,Northeast,64.98,USD,card_present,wallet_biometric,approved,APPROVE,103.35,0.6287373004354138,0,0,0,0,0,0,0,1,178,12,33,18,terminal_customer_network_burst,0.18,0.00649725162412221,0.18
X000043482,2026-02-17 19:58:23,C000368,A0000368,M00676,T00051,Midwest,Midwest,74.0,USD,card_present,wallet_biometric,approved,APPROVE,48.53,1.524830002060581,0,0,0,0,0,0,0,0,349,16,22,18,terminal_customer_network_burst,0.18,0.02912125822944731,0.18
X000243683,2026-02-17 19:58:28,C001987,A0001987,M00470,T00025,South,South,115.92,USD,mobile_wallet,wallet_biometric,approved,APPROVE,186.83,0.6204571000374672,0,0,0,0,0,1,0,5,193,12,74,43,customer_velocity;terminal_customer_network_burst,0.43,0.0043015488716111935,0.43
X000072248,2026-02-17 19:58:35,C000610,A0000610,M00562,T01175,West,West,158.52,USD,card_present,chip_pin,approved,APPROVE,97.14,1.631871525633107,0,0,0,0,0,0,0,3,202,15,68,18,terminal_customer_network_burst,0.18,0.006039140413234405,0.18
X000068308,2026-02-17 19:58:43,C000578,A0000578,M00195,T00595,South,South,30.07,USD,ecommerce,chip_pin,approved,APPROVE,43.34,0.6938163359483156,0,0,0,1,0,0,0,2,241,15,54,18,terminal_customer_network_burst,0.18,0.0067274516388231235,0.18
X000121466,2026-02-17 19:59:17,C001008,A0001008,M00529,T00187,Midwest,Midwest,128.11,USD,card_present,chip_pin,approved,APPROVE,287.67,0.4453366704904926,0,0,0,0,0,0,0,5,113,8,49,43,customer_velocity;terminal_customer_network_burst,0.43,0.0030283304857714895,0.43
X000089533,2026-02-17 19:59:28,C000748,A0000748,M00295,T00163,South,South,244.76,USD,ecommerce,3ds,approved,APPROVE,224.36,1.0909252986272062,0,0,0,1,0,0,0,3,364,18,82,18,terminal_customer_network_burst,0.18,0.007028151649922296,0.18
X000183825,2026-02-17 20:00:05,C001513,A0001513,M00302,T00011,Northeast,Northeast,66.29,USD,ecommerce,chip_pin,approved,APPROVE,76.81,0.8630386668402552,0,0,0,1,0,0,0,1,238,17,14,18,terminal_customer_network_burst,0.18,0.028955244731701125,0.18
X000187991,2026-02-17 20:00:26,C001543,A0001543,M00285,T01108,Midwest,Midwest,339.76,USD,card_present,chip_pin,approved,APPROVE,217.69,1.5607515274013506,0,0,0,0,0,0,0,6,330,13,99,43,customer_velocity;terminal_customer_network_burst,0.43,0.003354432310091366,0.43
X000176815,2026-02-17 20:00:50,C001457,A0001457,M00642,T00253,Midwest,Midwest,14.14,USD,card_present,chip_pin,approved,APPROVE,23.47,0.6024712398806988,0,0,0,0,0,0,0,3,135,14,24,18,terminal_customer_network_burst,0.18,0.012309936116387376,0.18
X000091584,2026-02-17 20:00:59,C000768,A0000768,M00437,T00942,West,West,137.39,USD,mobile_wallet,wallet_biometric,approved,APPROVE,66.84,2.055505685218432,0,0,0,0,0,1,0,0,104,10,14,18,terminal_customer_network_burst,0.18,0.018623727255145765,0.18
X000140777,2026-02-17 20:01:00,C001159,A0001159,M00700,T00884,Northeast,Northeast,106.09,USD,mobile_wallet,3ds,approved,APPROVE,63.67,1.6662478404272028,0,0,0,0,0,1,0,0,238,11,28,18,terminal_customer_network_burst,0.18,0.016079607652922982,0.18
X000212466,2026-02-17 20:01:49,C001733,A0001733,M00564,T01141,Northeast,Northeast,203.68,USD,card_present,magstripe,approved,APPROVE,162.51,1.2533382561073165,0,0,0,0,1,0,0,4,273,16,61,18,terminal_customer_network_burst,0.18,0.02118761907643824,0.18
X000153235,2026-02-17 20:02:03,C001259,A0001259,M00045,T00921,Midwest,Midwest,53.03,USD,ecommerce,wallet_biometric,approved,APPROVE,57.1,0.9287215411558669,0,0,0,1,0,0,0,2,148,10,37,18,terminal_customer_network_burst,0.18,0.005592059671731953,0.18
X000139430,2026-02-17 20:02:05,C001149,A0001149,M00520,T00143,Midwest,Midwest,50.86,USD,card_present,chip_pin,approved,APPROVE,106.79,0.47626182226800257,0,0,0,0,0,0,0,1,107,13,23,18,terminal_customer_network_burst,0.18,0.007913253537813436,0.18
X000199112,2026-02-17 20:03:13,C001631,A0001631,M00294,T00904,South,South,82.18,USD,card_present,3ds,approved,APPROVE,74.76,1.099250936329588,0,0,0,0,0,0,0,2,271,15,17,18,terminal_customer_network_burst,0.18,0.02653766016646553,0.18
X000192005,2026-02-17 20:03:34,C001575,A0001575,M00270,T00356,South,South,61.93,USD,card_present,3ds,approved,APPROVE,33.83,1.83062370676914,0,0,0,0,0,0,0,0,171,11,14,18,terminal_customer_network_burst,0.18,0.015128996225264858,0.18
X000098006,2026-02-17 20:04:09,C000820,A0000820,M00192,T00126,South,South,111.73,USD,card_present,chip_pin,approved,APPROVE,146.86,0.7607925915838213,0,0,0,0,0,0,0,3,288,15,65,18,terminal_customer_network_burst,0.18,0.005824962568715299,0.18
X000158000,2026-02-17 20:04:26,C001299,A0001299,M00163,T01133,Midwest,Midwest,59.1,USD,mobile_wallet,3ds,approved,APPROVE,66.29,0.8915371850957912,0,0,0,0,0,1,0,4,153,8,20,18,terminal_customer_network_burst,0.18,0.01372677105974365,0.18
X000045126,2026-02-17 20:05:23,C000379,A0000379,M00699,T00248,Midwest,Midwest,194.24,USD,card_present,wallet_biometric,approved,APPROVE,300.48,0.6464323748668797,0,0,0,0,0,0,0,9,148,11,62,43,customer_velocity;terminal_customer_network_burst,0.43,0.005388583013375266,0.43
X000144088,2026-02-17 20:06:07,C001186,A0001186,M00323,T01185,South,South,344.05,USD,ecommerce,3ds,approved,APPROVE,248.53,1.384339918722086,0,0,0,1,0,0,0,9,325,17,105,43,customer_velocity;terminal_customer_network_burst,0.43,0.006117513796621354,0.43
X000146023,2026-02-17 20:06:27,C001204,A0001204,M00631,T00542,West,West,15.82,USD,card_present,chip_pin,approved,APPROVE,29.91,0.5289200936141759,0,0,0,0,0,0,0,5,147,14,10,43,customer_velocity;terminal_customer_network_burst,0.43,0.024299668432599886,0.43
X000191241,2026-02-17 20:06:40,C001569,A0001569,M00476,T00184,Midwest,Midwest,67.54,USD,ecommerce,3ds,approved,APPROVE,91.86,0.7352492924014806,0,0,0,1,0,0,0,2,160,13,36,18,terminal_customer_network_burst,0.18,0.00784899808689431,0.18
X000095388,2026-02-17 20:06:53,C000796,A0000796,M00511,T00501,Midwest,Midwest,33.65,USD,mobile_wallet,3ds,approved,APPROVE,38.69,0.8697337813388473,0,0,0,0,0,1,0,4,194,16,23,18,terminal_customer_network_burst,0.18,0.0347705945801717,0.18
X000079146,2026-02-17 20:07:45,C000666,A0000666,M00060,T00662,West,West,45.2,USD,card_present,3ds,approved,APPROVE,32.91,1.3734427225767247,0,0,0,0,0,0,0,2,83,10,36,18,terminal_customer_network_burst,0.18,0.005550544383307568,0.18
X000174740,2026-02-17 20:08:59,C001439,A0001439,M00679,T00775,Northeast,Northeast,221.31,USD,mobile_wallet,magstripe,approved,APPROVE,141.68,1.5620412196499152,0,0,0,0,1,1,0,3,174,16,54,18,terminal_customer_network_burst,0.18,0.031029027618673103,0.18
X000120638,2026-02-17 20:11:09,C001002,A0001002,M00325,T00368,Northeast,Northeast,52.63,USD,card_present,3ds,approved,APPROVE,121.99,0.43142880563980657,0,0,0,0,0,0,0,1,157,15,26,18,terminal_customer_network_burst,0.18,0.0101490722725606,0.18
X000129961,2026-02-17 20:11:29,C001067,A0001067,M00414,T00189,Midwest,Midwest,150.53,USD,card_present,chip_pin,approved,APPROVE,153.89,0.9781662226265515,0,0,0,0,0,0,0,4,390,22,89,18,terminal_customer_network_burst,0.18,0.009781046724012461,0.18
X000077779,2026-02-17 20:12:11,C000654,A0000654,M00398,T00528,South,South,44.36,USD,card_present,3ds,soft_decline,CHALLENGE,57.79,0.7676068523966084,0,0,1,0,0,0,0,0,205,13,20,26,terminal_customer_network_burst;authentication_soft_decline,0.26,0.05113728302184718,0.26
X000042826,2026-02-17 20:12:30,C000362,A0000362,M00304,T00684,Midwest,Midwest,32.25,USD,card_present,chip_pin,approved,APPROVE,53.22,0.6059751972942503,0,0,0,0,0,0,0,2,173,14,29,18,terminal_customer_network_burst,0.18,0.010291863927383954,0.18
X000160002,2026-02-17 20:12:45,C001319,A0001319,M00699,T00493,Midwest,Midwest,63.27,USD,ecommerce,wallet_biometric,approved,APPROVE,92.22,0.6860767729342876,0,0,0,1,0,0,0,2,248,14,26,18,terminal_customer_network_burst,0.18,0.014946432013466121,0.18
X000058743,2026-02-17 20:12:47,C000498,A0000498,M00147,T00410,South,South,71.86,USD,ecommerce,wallet_biometric,approved,APPROVE,40.99,1.7531105147596975,0,0,0,1,0,0,0,3,144,13,19,18,terminal_customer_network_burst,0.18,0.02200967082028203,0.18
X000001291,2026-02-17 20:12:53,C000013,A0000013,M00230,T01120,West,West,27.06,USD,mobile_wallet,chip_pin,approved,APPROVE,27.94,0.968503937007874,0,0,0,0,0,1,0,1,50,14,22,18,terminal_customer_network_burst,0.18,0.014565733255191959,0.18
X000193087,2026-02-17 20:13:36,C001585,A0001585,M00345,T01160,South,South,116.94,USD,card_present,wallet_biometric,approved,APPROVE,38.48,3.0389812889812893,0,0,0,0,0,0,0,1,116,12,12,48,amount_vs_profile;terminal_customer_network_burst,0.48,0.028688290866138527,0.48
X000214417,2026-02-17 20:13:44,C001751,A0001751,M00376,T00309,South,South,69.39,USD,card_present,chip_pin,approved,APPROVE,69.61,0.9968395345496337,0,0,0,0,0,0,0,1,433,17,15,18,terminal_customer_network_burst,0.18,0.045608312077989634,0.18
X000155024,2026-02-17 20:13:59,C001277,A0001277,M00123,T00812,Midwest,Midwest,69.07,USD,ecommerce,chip_pin,soft_decline,CHALLENGE,129.22,0.5345147809936542,0,0,1,1,0,0,0,4,424,22,42,26,terminal_customer_network_burst;authentication_soft_decline,0.26,0.17227826253650522,0.26
X000233406,2026-02-17 20:14:56,C001902,A0001902,M00074,T01036,South,South,143.67,USD,card_present,wallet_biometric,approved,APPROVE,144.3,0.9956340956340954,0,0,0,0,0,0,0,5,415,24,53,43,customer_velocity;terminal_customer_network_burst,0.43,0.04657155546662848,0.43
X000229932,2026-02-17 20:15:17,C001873,A0001873,M00130,T00939,South,South,133.72,USD,card_present,magstripe,approved,APPROVE,203.78,0.656197860437727,0,0,0,0,1,0,0,4,319,18,42,18,terminal_customer_network_burst,0.18,0.04301169855317741,0.18
X000180959,2026-02-17 20:15:22,C001487,A0001487,M00292,T00447,South,South,131.14,USD,ecommerce,3ds,approved,APPROVE,70.38,1.8633134413185564,0,0,0,1,0,0,0,2,146,12,16,18,terminal_customer_network_burst,0.18,0.0201691300558082,0.18
X000110134,2026-02-17 20:15:43,C000920,A0000920,M00781,T00629,Northeast,Northeast,392.46,USD,card_present,magstripe,approved,APPROVE,172.94,2.2693419683127094,0,0,0,0,1,0,0,2,94,9,34,18,terminal_customer_network_burst,0.18,0.016782476632859943,0.18
X000236581,2026-02-17 20:16:00,C001929,A0001929,M00452,T00101,Northeast,Northeast,148.55,USD,card_present,wallet_biometric,approved,APPROVE,150.31,0.9882908655445414,0,0,0,0,0,0,0,4,268,10,76,18,terminal_customer_network_burst,0.18,0.002643675375269584,0.18
X000011189,2026-02-17 20:16:24,C000100,A0000100,M00368,T00442,West,West,91.43,USD,card_present,chip_pin,soft_decline,CHALLENGE,102.67,0.8905230349663973,0,0,1,0,0,0,0,3,187,22,57,26,terminal_customer_network_burst;authentication_soft_decline,0.26,0.06322684712024267,0.26
X000119007,2026-02-17 20:16:43,C000985,A0000985,M00064,T00120,South,Midwest,66.87,USD,card_present,wallet_biometric,approved,APPROVE,65.16,1.0262430939226521,0,0,0,0,0,0,1,1,170,11,0,45,new_customer_terminal_pair;terminal_customer_network_burst;home_region_mismatch,0.45,0.17536161459561722,0.45
X000050126,2026-02-17 20:16:49,C000419,A0000419,M00720,T00705,Northeast,Northeast,120.61,USD,mobile_wallet,chip_pin,approved,APPROVE,131.33,0.9183735627807812,0,0,0,0,0,1,0,1,276,19,38,18,terminal_customer_network_burst,0.18,0.02719765279093032,0.18
X000063801,2026-02-17 20:17:06,C000541,A0000541,M00117,T00472,South,South,132.54,USD,ecommerce,magstripe,approved,APPROVE,96.59,1.3721917382751836,0,0,0,1,1,0,0,5,126,13,67,43,customer_velocity;terminal_customer_network_burst,0.43,0.010519852152320569,0.43
X000087659,2026-02-17 20:17:12,C000735,A0000735,M00394,T00980,South,South,41.21,USD,card_present,wallet_biometric,approved,APPROVE,65.82,0.6261014889091462,0,0,0,0,0,0,0,3,147,9,36,18,terminal_customer_network_burst,0.18,0.004823779735121057,0.18
X000239723,2026-02-17 20:18:17,C001954,A0001954,M00793,T01052,South,South,97.51,USD,card_present,chip_pin,approved,APPROVE,112.96,0.8632259206798868,0,0,0,0,0,0,0,3,304,16,29,18,terminal_customer_network_burst,0.18,0.022602322616705434,0.18
X000002068,2026-02-17 20:18:24,C000018,A0000018,M00507,T00488,South,South,7.55,USD,ecommerce,chip_pin,approved,APPROVE,17.43,0.43316121629374643,0,0,0,1,0,0,0,1,269,14,18,18,terminal_customer_network_burst,0.18,0.016379957893101975,0.18
X000106312,2026-02-17 20:19:22,C000892,A0000892,M00094,T00737,South,South,223.83,USD,card_present,magstripe,approved,APPROVE,190.06,1.1776807324002947,0,0,0,0,1,0,0,2,533,22,53,18,terminal_customer_network_burst,0.18,0.07909159705995256,0.18
X000246306,2026-02-17 20:19:27,C001903,A0001903,M00594,T00498,West,Northeast,538.01,USD,mobile_wallet,chip_pin,soft_decline,APPROVE,28.9,18.616262975778547,0,0,1,0,0,1,1,1,113,13,5,93,amount_vs_profile;extreme_amount_vs_profile;terminal_customer_network_burst;authentication_soft_decline;home_region_mismatch,0.93,0.9419409617296151,0.9419409617296151
X000009337,2026-02-17 20:19:51,C000085,A0000085,M00770,T00715,Midwest,Midwest,74.16,USD,card_present,chip_pin,approved,APPROVE,141.88,0.5226952354102058,0,0,0,0,0,0,0,2,104,9,31,18,terminal_customer_network_burst,0.18,0.0043292527370159106,0.18
X000057394,2026-02-17 20:19:56,C000485,A0000485,M00690,T00363,Northeast,Northeast,70.59,USD,card_present,wallet_biometric,approved,APPROVE,54.45,1.296418732782369,0,0,0,0,0,0,0,0,237,18,24,18,terminal_customer_network_burst,0.18,0.023745388566754438,0.18
X000212821,2026-02-17 20:20:02,C001737,A0001737,M00475,T00965,Midwest,Midwest,17.5,USD,card_present,chip_pin,approved,APPROVE,33.76,0.5183649289099527,0,0,0,0,0,0,0,5,213,21,13,43,customer_velocity;terminal_customer_network_burst,0.43,0.05778422570161624,0.43
X000087516,2026-02-17 20:20:40,C000734,A0000734,M00249,T00554,South,South,79.0,USD,ecommerce,magstripe,approved,APPROVE,81.19,0.9730262347579751,0,0,0,1,1,0,0,6,269,16,43,43,customer_velocity;terminal_customer_network_burst,0.43,0.04383786274134629,0.43
X000056697,2026-02-17 20:21:11,C000479,A0000479,M00535,T00606,West,West,113.18,USD,card_present,chip_pin,approved,APPROVE,108.27,1.045349588990487,0,0,0,0,0,0,0,4,329,13,38,18,terminal_customer_network_burst,0.18,0.015376248753699463,0.18
X000198769,2026-02-17 20:21:27,C001627,A0001627,M00613,T00852,South,South,306.1,USD,ecommerce,wallet_biometric,approved,APPROVE,272.19,1.1245820933906463,0,0,0,1,0,0,0,7,240,21,0,58,customer_velocity;new_customer_terminal_pair;terminal_customer_network_burst,0.58,0.14661667992309968,0.58
X000222009,2026-02-17 20:21:29,C001809,A0001809,M00304,T00684,Midwest,Midwest,37.75,USD,card_present,magstripe,approved,APPROVE,40.93,0.922306376740777,0,0,0,0,1,0,0,1,174,14,22,18,terminal_customer_network_burst,0.18,0.027995285336309007,0.18
X000086064,2026-02-17 20:21:54,C000721,A0000721,M00104,T00520,West,West,112.45,USD,card_present,chip_pin,approved,APPROVE,55.97,2.0091120242987315,0,0,0,0,0,0,0,3,99,9,26,18,terminal_customer_network_burst,0.18,0.010323264416883061,0.18
X000200993,2026-02-17 20:22:47,C001646,A0001646,M00379,T01176,South,South,32.24,USD,card_present,wallet_biometric,approved,APPROVE,34.04,0.9471210340775559,0,0,0,0,0,0,0,1,305,19,23,18,terminal_customer_network_burst,0.18,0.03186030766112729,0.18
X000013741,2026-02-17 20:23:03,C000116,A0000116,M00511,T00446,Northeast,Midwest,205.88,USD,card_present,3ds,approved,APPROVE,197.15,1.0442810043114379,0,0,0,0,0,0,1,5,95,11,0,70,customer_velocity;new_customer_terminal_pair;terminal_customer_network_burst;home_region_mismatch,0.7,0.22058016748642476,0.7
X000011323,2026-02-17 20:23:20,C000101,A0000101,M00439,T00933,West,West,42.55,USD,ecommerce,magstripe,approved,APPROVE,65.68,0.6478380024360535,0,0,0,1,1,0,0,0,82,5,33,0,,0.0,0.004544007941030189,0.004544007941030189
X000015337,2026-02-17 20:23:37,C000130,A0000130,M00480,T00014,West,West,17.8,USD,card_present,3ds,approved,APPROVE,22.53,0.79005770084332,0,0,0,0,0,0,0,3,60,8,31,18,terminal_customer_network_burst,0.18,0.004306514226584846,0.18
X000217828,2026-02-17 20:23:37,C001778,A0001778,M00219,T00102,Northeast,Northeast,27.88,USD,ecommerce,3ds,approved,APPROVE,38.95,0.7157894736842104,0,0,0,1,0,0,0,2,157,18,28,18,terminal_customer_network_burst,0.18,0.017981949398888145,0.18
X000078591,2026-02-17 20:23:47,C000661,A0000661,M00610,T00045,Northeast,Midwest,55.63,USD,card_present,chip_pin,approved,APPROVE,47.46,1.1721449641803625,0,0,0,0,0,0,1,2,108,12,0,45,new_customer_terminal_pair;terminal_customer_network_burst;home_region_mismatch,0.45,0.19598600756438886,0.45
X000170942,2026-02-17 20:24:16,C001409,A0001409,M00507,T00488,South,South,25.03,USD,card_present,wallet_biometric,approved,APPROVE,33.94,0.7374779021803183,0,0,0,0,0,0,0,4,270,14,17,18,terminal_customer_network_burst,0.18,0.02569030337494155,0.18
X000064464,2026-02-17 20:24:22,C000547,A0000547,M00144,T00521,West,West,90.55,USD,ecommerce,chip_pin,approved,APPROVE,70.45,1.2853087295954577,0,0,0,1,0,0,0,5,132,10,44,43,customer_velocity;terminal_customer_network_burst,0.43,0.007033407969451672,0.43
X000133238,2026-02-17 20:24:29,C001098,A0001098,M00108,T00481,Midwest,Midwest,54.69,USD,card_present,3ds,approved,APPROVE,53.75,1.0174883720930232,0,0,0,0,0,0,0,3,310,16,45,18,terminal_customer_network_burst,0.18,0.01464819061376353,0.18
X000228316,2026-02-17 20:24:49,C001859,A0001859,M00438,T00385,Midwest,Midwest,266.79,USD,card_present,magstripe,approved,APPROVE,192.09,1.3888802124004374,0,0,0,0,1,0,0,1,144,12,35,18,terminal_customer_network_burst,0.18,0.016385526660182954,0.18
X000075732,2026-02-17 20:24:53,C000636,A0000636,M00195,T00595,South,South,53.43,USD,ecommerce,chip_pin,approved,APPROVE,39.78,1.3431372549019607,0,0,0,1,0,0,0,1,242,15,30,18,terminal_customer_network_burst,0.18,0.016883351047965622,0.18
X000075733,2026-02-17 20:24:58,C000636,A0000636,M00195,T00595,South,South,35.02,USD,card_present,chip_pin,approved,APPROVE,39.78,0.8803418803418804,0,0,0,0,0,0,0,2,243,15,31,18,terminal_customer_network_burst,0.18,0.014495207803528268,0.18
X000065588,2026-02-17 20:25:04,C000555,A0000555,M00517,T00647,Midwest,Midwest,115.4,USD,card_present,chip_pin,approved,APPROVE,92.42,1.248647478900671,0,0,0,0,0,0,0,3,255,13,36,18,terminal_customer_network_burst,0.18,0.013120428481685016,0.18
X000006233,2026-02-17 20:25:16,C000056,A0000056,M00074,T00967,South,South,78.75,USD,ecommerce,3ds,approved,APPROVE,99.33,0.7928118393234672,0,0,0,1,0,0,0,6,347,18,73,43,customer_velocity;terminal_customer_network_burst,0.43,0.011320822362716459,0.43
X000066533,2026-02-17 20:25:46,C000564,A0000564,M00430,T00230,South,South,51.63,USD,ecommerce,chip_pin,approved,APPROVE,64.67,0.798360909231483,0,0,0,1,0,0,0,0,108,12,20,18,terminal_customer_network_burst,0.18,0.008304930510952652,0.18
X000041325,2026-02-17 20:26:06,C000349,A0000349,M00135,T00646,Midwest,Midwest,424.76,USD,mobile_wallet,chip_pin,approved,APPROVE,285.86,1.4859021898831595,0,0,0,0,0,1,0,5,184,15,0,58,customer_velocity;new_customer_terminal_pair;terminal_customer_network_burst,0.58,0.08702002876912787,0.58
X000112361,2026-02-17 20:26:34,C000939,A0000939,M00734,T01137,Midwest,Midwest,160.84,USD,card_present,3ds,approved,APPROVE,62.85,2.559108989657916,0,0,0,0,0,0,0,2,63,8,30,18,terminal_customer_network_burst,0.18,0.008176732718359728,0.18
X000037870,2026-02-17 20:26:55,C000323,A0000323,M00447,T00749,South,South,309.09,USD,ecommerce,chip_pin,approved,APPROVE,179.55,1.7214703425229738,0,0,0,1,0,0,0,3,267,22,31,18,terminal_customer_network_burst,0.18,0.05683415094215529,0.18
X000117544,2026-02-17 20:27:08,C000974,A0000974,M00297,T00721,Northeast,Northeast,27.32,USD,ecommerce,chip_pin,approved,APPROVE,34.46,0.7928032501450958,0,0,0,1,0,0,0,2,277,19,21,18,terminal_customer_network_burst,0.18,0.03514910919692826,0.18
X000159007,2026-02-17 20:27:08,C001308,A0001308,M00192,T00126,South,South,61.24,USD,card_present,wallet_biometric,approved,APPROVE,55.99,1.0937667440614396,0,0,0,0,0,0,0,1,289,15,25,18,terminal_customer_network_burst,0.18,0.019147310318580524,0.18
X000231579,2026-02-17 20:27:10,C001889,A0001889,M00717,T00614,South,South,376.55,USD,mobile_wallet,chip_pin,approved,APPROVE,324.26,1.161259483130821,0,0,0,0,0,1,0,7,317,16,70,43,customer_velocity;terminal_customer_network_burst,0.43,0.016932197123803353,0.43
X000081360,2026-02-17 20:27:17,C000681,A0000681,M00663,T00502,West,West,184.84,USD,card_present,magstripe,approved,APPROVE,189.01,0.9779376752552775,0,0,0,0,1,0,0,10,261,11,107,63,customer_velocity;high_customer_velocity;terminal_customer_network_burst,0.63,0.0046829112458517275,0.63
X000222624,2026-02-17 20:27:31,C001813,A0001813,M00135,T00646,Midwest,Midwest,236.43,USD,card_present,chip_pin,approved,APPROVE,190.87,1.2386964949965946,0,0,0,0,0,0,0,5,185,16,64,43,customer_velocity;terminal_customer_network_burst,0.43,0.007979265611282598,0.43
X000142640,2026-02-17 20:27:38,C001175,A0001175,M00600,T00407,South,South,56.91,USD,ecommerce,3ds,approved,APPROVE,49.84,1.1418539325842696,0,0,0,1,0,0,0,1,273,15,27,18,terminal_customer_network_burst,0.18,0.018541209527457938,0.18
X000146484,2026-02-17 20:27:45,C001208,A0001208,M00690,T00363,Northeast,Northeast,38.82,USD,card_present,chip_pin,approved,APPROVE,52.39,0.7409811032639817,0,0,0,0,0,0,0,2,238,18,30,18,terminal_customer_network_burst,0.18,0.019844129818457422,0.18
X000197928,2026-02-17 20:27:59,C001623,A0001623,M00453,T00831,South,South,595.01,USD,card_present,wallet_biometric,approved,APPROVE,107.7,5.5246982358402965,0,0,0,0,0,0,0,2,416,20,56,48,amount_vs_profile;terminal_customer_network_burst,0.48,0.10973872873299122,0.48
X000163159,2026-02-17 20:28:28,C001345,A0001345,M00668,T00166,Midwest,Midwest,267.6,USD,ecommerce,wallet_biometric,approved,APPROVE,169.46,1.5791337188717103,0,0,0,1,0,0,0,5,123,17,84,43,customer_velocity;terminal_customer_network_burst,0.43,0.004861973114781141,0.43
X000184107,2026-02-17 20:28:44,C001516,A0001516,M00038,T00874,South,South,124.42,USD,ecommerce,chip_pin,approved,APPROVE,98.31,1.2655884447156953,0,0,0,1,0,0,0,1,493,29,44,18,terminal_customer_network_burst,0.18,0.09638244937967923,0.18
X000044708,2026-02-17 20:28:47,C000377,A0000377,M00712,T00650,South,South,90.72,USD,ecommerce,chip_pin,approved,APPROVE,121.39,0.747343273745778,0,0,0,1,0,0,0,1,295,17,34,18,terminal_customer_network_burst,0.18,0.016903418266661155,0.18
X000122660,2026-02-17 20:29:02,C001017,A0001017,M00782,T00669,Midwest,Midwest,50.93,USD,card_present,magstripe,approved,APPROVE,60.44,0.8426538716082065,0,0,0,0,1,0,0,0,213,12,15,18,terminal_customer_network_burst,0.18,0.026404808138783053,0.18
X000153853,2026-02-17 20:29:16,C001265,A0001265,M00196,T00164,Midwest,Midwest,47.2,USD,card_present,chip_pin,approved,APPROVE,71.91,0.65637602558754,0,0,0,0,0,0,0,0,115,16,16,18,terminal_customer_network_burst,0.18,0.013781848624526891,0.18
X000226675,2026-02-17 20:29:31,C001847,A0001847,M00529,T00187,Midwest,Midwest,24.3,USD,card_present,3ds,approved,APPROVE,24.3,1.0,0,0,0,0,0,0,0,0,114,8,20,18,terminal_customer_network_burst,0.18,0.005408177921703732,0.18
X000199029,2026-02-17 20:29:34,C001630,A0001630,M00493,T00917,West,West,86.67,USD,ecommerce,magstripe,approved,APPROVE,86.33,1.0039383759990734,0,0,0,1,1,0,0,0,104,16,18,18,terminal_customer_network_burst,0.18,0.0325848019835853,0.18
X000076913,2026-02-17 20:30:18,C000646,A0000646,M00649,T00134,Midwest,Midwest,83.7,USD,ecommerce,chip_pin,approved,APPROVE,116.37,0.7192575406032482,0,0,0,1,0,0,0,7,205,23,48,43,customer_velocity;terminal_customer_network_burst,0.43,0.034206819505407944,0.43
X000144959,2026-02-17 20:30:35,C001193,A0001193,M00326,T00288,Northeast,Northeast,60.2,USD,card_present,3ds,approved,APPROVE,50.77,1.185739610005909,0,0,0,0,0,0,0,3,233,16,46,18,terminal_customer_network_burst,0.18,0.012477874916170703,0.18
X000045127,2026-02-17 20:30:36,C000379,A0000379,M00080,T00347,Midwest,Midwest,349.44,USD,card_present,3ds,approved,APPROVE,300.48,1.1629392971246006,0,0,0,0,0,0,0,10,138,11,50,63,customer_velocity;high_customer_velocity;terminal_customer_network_burst,0.63,0.010723185118905494,0.63
X000160003,2026-02-17 20:30:56,C001319,A0001319,M00683,T00603,Midwest,Midwest,214.53,USD,ecommerce,chip_pin,approved,APPROVE,92.22,2.326284970722186,0,0,0,1,0,0,0,3,141,11,31,18,terminal_customer_network_burst,0.18,0.014836045081294102,0.18
X000109728,2026-02-17 20:31:06,C000916,A0000916,M00080,T00347,Midwest,Midwest,185.19,USD,ecommerce,chip_pin,approved,APPROVE,125.73,1.472918157957528,0,0,0,1,0,0,0,5,139,11,66,43,customer_velocity;terminal_customer_network_burst,0.43,0.004270086114571702,0.43
X000056311,2026-02-17 20:31:08,C000475,A0000475,M00275,T00496,Northeast,Northeast,195.48,USD,card_present,chip_pin,approved,APPROVE,177.62,1.1005517396689561,0,0,0,0,0,0,0,1,144,16,40,18,terminal_customer_network_burst,0.18,0.009223796312449007,0.18
X000226756,2026-02-17 20:31:46,C001848,A0001848,M00031,T00031,South,South,16.41,USD,ecommerce,chip_pin,approved,APPROVE,31.99,0.5129728040012504,0,0,0,1,0,0,0,3,298,21,17,18,terminal_customer_network_burst,0.18,0.052825677658426336,0.18
X000053535,2026-02-17 20:31:51,C000452,A0000452,M00700,T00884,Northeast,Northeast,44.74,USD,card_present,wallet_biometric,approved,APPROVE,36.97,1.2101704084392753,0,0,0,0,0,0,0,1,239,11,36,18,terminal_customer_network_burst,0.18,0.007757270724456224,0.18
X000231211,2026-02-17 20:32:28,C001886,A0001886,M00227,T01146,Midwest,Midwest,51.89,USD,mobile_wallet,chip_pin,approved,APPROVE,59.34,0.8744523087293562,0,0,0,0,0,1,0,1,59,11,30,18,terminal_customer_network_burst,0.18,0.007793489161889652,0.18
X000227231,2026-02-17 20:33:19,C001852,A0001852,M00110,T00096,South,South,91.82,USD,ecommerce,wallet_biometric,approved,APPROVE,160.6,0.5717310087173101,0,0,0,1,0,0,0,1,324,17,56,18,terminal_customer_network_burst,0.18,0.008362732331436374,0.18
X000097787,2026-02-17 20:33:26,C000819,A0000819,M00013,T00686,South,South,97.75,USD,card_present,chip_pin,approved,APPROVE,37.28,2.622049356223176,0,0,0,0,0,0,0,2,368,20,31,18,terminal_customer_network_burst,0.18,0.06976914560411057,0.18
X000001999,2026-02-17 20:33:43,C000017,A0000017,M00111,T01015,Midwest,Midwest,36.75,USD,card_present,wallet_biometric,approved,APPROVE,41.92,0.8766698473282443,0,0,0,0,0,0,0,4,332,14,21,18,terminal_customer_network_burst,0.18,0.02795582480625082,0.18
X000133645,2026-02-17 20:33:51,C001100,A0001100,M00528,T00301,Midwest,Midwest,53.26,USD,ecommerce,3ds,approved,APPROVE,33.78,1.5766725873297809,0,0,0,1,0,0,0,2,181,17,92,18,terminal_customer_network_burst,0.18,0.0030579990831406945,0.18
X000119765,2026-02-17 20:35:03,C000994,A0000994,M00366,T00195,Northeast,Northeast,144.89,USD,mobile_wallet,3ds,approved,APPROVE,87.42,1.657401052390757,0,0,0,0,0,1,0,1,189,12,24,18,terminal_customer_network_burst,0.18,0.020291579597255093,0.18
X000097103,2026-02-17 20:35:50,C000812,A0000812,M00487,T00270,South,South,111.89,USD,card_present,chip_pin,approved,APPROVE,81.23,1.3774467561245844,0,0,0,0,0,0,0,0,240,17,20,18,terminal_customer_network_burst,0.18,0.024980875097164096,0.18
X000126455,2026-02-17 20:35:53,C001041,A0001041,M00504,T00422,Northeast,Northeast,55.97,USD,mobile_wallet,chip_pin,approved,APPROVE,55.9,1.001252236135957,0,0,0,0,0,1,0,1,353,14,45,18,terminal_customer_network_burst,0.18,0.015264747617484642,0.18
X000232765,2026-02-17 20:35:53,C001897,A0001897,M00285,T00604,Midwest,Midwest,154.58,USD,mobile_wallet,chip_pin,approved,APPROVE,92.61,1.6691501997624447,0,0,0,0,0,1,0,5,161,7,80,25,customer_velocity,0.25,0.0027634711272555993,0.25
X000135592,2026-02-17 20:35:57,C001113,A0001113,M00624,T00793,West,West,39.7,USD,ecommerce,chip_pin,approved,APPROVE,90.26,0.43984046089076,0,0,0,1,0,0,0,2,68,12,25,18,terminal_customer_network_burst,0.18,0.006971700150434813,0.18
X000242932,2026-02-17 20:36:31,C001981,A0001981,M00401,T00536,South,South,117.32,USD,mobile_wallet,chip_pin,approved,APPROVE,34.63,3.3878140340745015,0,0,0,0,0,1,0,4,316,21,26,48,amount_vs_profile;terminal_customer_network_burst,0.48,0.18503533296534116,0.48
X000168315,2026-02-17 20:37:59,C001391,A0001391,M00193,T00346,West,West,31.6,USD,ecommerce,chip_pin,approved,APPROVE,73.89,0.42766274191365544,0,0,0,1,0,0,0,1,174,15,40,18,terminal_customer_network_burst,0.18,0.007109277562995785,0.18
X000162624,2026-02-17 20:38:01,C001342,A0001342,M00372,T00192,South,South,225.7,USD,card_present,3ds,approved,APPROVE,177.7,1.2701181767023073,0,0,0,0,0,0,0,8,326,19,62,43,customer_velocity;terminal_customer_network_burst,0.43,0.02484085538512718,0.43
X000232408,2026-02-17 20:38:41,C001895,A0001895,M00257,T00772,South,South,62.21,USD,card_present,3ds,approved,APPROVE,63.18,0.9846470402025957,0,0,0,0,0,0,0,0,428,26,28,18,terminal_customer_network_burst,0.18,0.07384288190383609,0.18
X000183826,2026-02-17 20:39:04,C001513,A0001513,M00302,T00011,Northeast,Northeast,68.64,USD,ecommerce,3ds,approved,APPROVE,76.81,0.8936336414529358,0,0,0,1,0,0,0,2,239,17,15,18,terminal_customer_network_burst,0.18,0.03192105749392229,0.18
X000125908,2026-02-17 20:39:40,C001037,A0001037,M00486,T00714,South,South,23.44,USD,ecommerce,3ds,approved,APPROVE,22.67,1.0339655932951037,0,0,0,1,0,0,0,1,323,19,29,18,terminal_customer_network_burst,0.18,0.030082132923919494,0.18
X000020029,2026-02-17 20:40:31,C000173,A0000173,M00359,T00984,Midwest,Midwest,68.86,USD,card_present,chip_pin,approved,APPROVE,96.15,0.7161726469058762,0,0,0,0,0,0,0,3,121,6,43,0,,0.0,0.0026141532700058824,0.0026141532700058824
X000239580,2026-02-17 20:40:40,C001953,A0001953,M00425,T00883,South,West,72.12,USD,card_present,chip_pin,approved,APPROVE,191.95,0.3757228444907528,0,0,0,0,0,0,1,7,94,6,0,52,customer_velocity;new_customer_terminal_pair;home_region_mismatch,0.52,0.13047464935641062,0.52
X000141280,2026-02-17 20:40:44,C001163,A0001163,M00406,T00057,South,South,29.72,USD,ecommerce,chip_pin,approved,APPROVE,40.17,0.7398556136420213,0,0,0,1,0,0,0,1,258,17,22,18,terminal_customer_network_burst,0.18,0.022499629599504547,0.18
X000122169,2026-02-17 20:40:46,C001013,A0001013,M00225,T00294,Midwest,Midwest,22.78,USD,mobile_wallet,chip_pin,approved,APPROVE,27.75,0.820900900900901,0,0,0,0,0,1,0,6,231,11,47,43,customer_velocity;terminal_customer_network_burst,0.43,0.012281504211097973,0.43
X000103181,2026-02-17 20:40:59,C000867,A0000867,M00376,T00309,South,South,42.31,USD,ecommerce,wallet_biometric,approved,APPROVE,56.05,0.7548617305976807,0,0,0,1,0,0,0,1,434,17,28,18,terminal_customer_network_burst,0.18,0.029137910064420496,0.18
X000039207,2026-02-17 20:42:20,C000333,A0000333,M00513,T00308,Midwest,Midwest,58.04,USD,ecommerce,chip_pin,approved,APPROVE,85.49,0.678909814013335,0,0,0,1,0,0,0,2,174,10,42,18,terminal_customer_network_burst,0.18,0.0045941814927883936,0.18
X000174741,2026-02-17 20:42:29,C001439,A0001439,M00305,T00675,Northeast,Northeast,291.29,USD,card_present,chip_pin,approved,APPROVE,141.68,2.0559712027103334,0,0,0,0,0,0,0,4,195,10,54,18,terminal_customer_network_burst,0.18,0.0068975818973895245,0.18
X000213308,2026-02-17 20:44:14,C001741,A0001741,M00679,T00587,Northeast,Northeast,72.77,USD,card_present,magstripe,approved,APPROVE,70.95,1.0256518675123325,0,0,0,0,1,0,0,2,325,14,37,18,terminal_customer_network_burst,0.18,0.02973907462745937,0.18
X000090218,2026-02-17 20:45:47,C000754,A0000754,M00219,T00102,Northeast,Northeast,24.22,USD,ecommerce,chip_pin,approved,APPROVE,47.26,0.5124841303427846,0,0,0,1,0,0,0,0,158,18,14,18,terminal_customer_network_burst,0.18,0.020604223672026283,0.18
X000192390,2026-02-17 20:45:55,C001579,A0001579,M00166,T00022,Northeast,Northeast,40.03,USD,ecommerce,wallet_biometric,approved,APPROVE,39.62,1.0103483089348815,0,0,0,1,0,0,0,1,220,24,10,18,terminal_customer_network_burst,0.18,0.0733630234552592,0.18
X000220475,2026-02-17 20:46:04,C001799,A0001799,M00150,T00526,South,South,45.53,USD,card_present,chip_pin,approved,APPROVE,62.89,0.7239624741612339,0,0,0,0,0,0,0,1,146,13,25,18,terminal_customer_network_burst,0.18,0.009063201976141555,0.18
X000192006,2026-02-17 20:46:38,C001575,A0001575,M00745,T00255,South,Northeast,25.69,USD,card_present,chip_pin,approved,APPROVE,33.83,0.7593851610996158,0,0,0,0,0,0,1,1,62,13,0,45,new_customer_terminal_pair;terminal_customer_network_burst;home_region_mismatch,0.45,0.15472220190461755,0.45
X000188659,2026-02-17 20:46:39,C001549,A0001549,M00400,T00241,West,West,58.78,USD,card_present,3ds,approved,APPROVE,153.09,0.38395714938924813,0,0,0,0,0,0,0,11,220,15,76,63,customer_velocity;high_customer_velocity;terminal_customer_network_burst,0.63,0.0075179582665260486,0.63
X000077230,2026-02-17 20:47:42,C000649,A0000649,M00048,T01172,Northeast,Northeast,95.02,USD,mobile_wallet,chip_pin,approved,APPROVE,66.26,1.4340476909145787,0,0,0,0,0,1,0,1,154,17,34,18,terminal_customer_network_burst,0.18,0.022115267878534337,0.18
X000223256,2026-02-17 20:48:27,C001819,A0001819,M00253,T00043,South,South,96.07,USD,ecommerce,chip_pin,approved,APPROVE,94.36,1.018122085629504,0,0,0,1,0,0,0,3,144,12,43,18,terminal_customer_network_burst,0.18,0.006734101208680497,0.18
X000041326,2026-02-17 20:49:19,C000349,A0000349,M00471,T00670,Midwest,Midwest,164.93,USD,card_present,chip_pin,approved,APPROVE,285.86,0.576960750017491,0,0,0,0,0,0,0,6,353,23,60,43,customer_velocity;terminal_customer_network_burst,0.43,0.027151606140824115,0.43
X000246307,2026-02-17 20:49:27,C001903,A0001903,M00594,T00498,West,Northeast,793.99,USD,ecommerce,chip_pin,soft_decline,APPROVE,28.9,27.47370242214533,0,0,1,1,0,0,1,2,114,13,6,93,amount_vs_profile;extreme_amount_vs_profile;terminal_customer_network_burst;authentication_soft_decline;home_region_mismatch,0.93,0.9253291400830409,0.93
X000209910,2026-02-17 20:50:40,C001712,A0001712,M00556,T00589,South,South,162.42,USD,ecommerce,wallet_biometric,approved,APPROVE,184.84,0.8787059078121617,0,0,0,1,0,0,0,3,377,21,72,18,terminal_customer_network_burst,0.18,0.013101453493260988,0.18
X000240853,2026-02-17 20:52:32,C001965,A0001965,M00557,T00649,Midwest,Midwest,145.75,USD,card_present,3ds,approved,APPROVE,74.7,1.9511378848728245,0,0,0,0,0,0,0,0,222,20,13,18,terminal_customer_network_burst,0.18,0.05255549671648299,0.18
X000228479,2026-02-17 20:53:21,C001860,A0001860,M00481,T00265,Northeast,Northeast,76.09,USD,card_present,wallet_biometric,approved,APPROVE,63.88,1.1911396368190357,0,0,0,0,0,0,0,2,273,17,38,18,terminal_customer_network_burst,0.18,0.017904205860269213,0.18
X000137261,2026-02-17 20:53:28,C001127,A0001127,M00560,T00180,West,West,116.67,USD,card_present,magstripe,approved,APPROVE,244.62,0.476943831248467,0,0,0,0,1,0,0,3,78,11,68,18,terminal_customer_network_burst,0.18,0.0037063695734788488,0.18
X000030630,2026-02-17 20:54:13,C000260,A0000260,M00500,T00274,Midwest,Midwest,192.88,USD,ecommerce,wallet_biometric,approved,APPROVE,214.67,0.8984953649788047,0,0,0,1,0,0,0,5,176,12,116,43,customer_velocity;terminal_customer_network_burst,0.43,0.0008259138680959461,0.43
X000153236,2026-02-17 20:54:49,C001259,A0001259,M00397,T00682,Midwest,Midwest,53.85,USD,mobile_wallet,chip_pin,approved,APPROVE,57.1,0.9430823117338003,0,0,0,0,0,1,0,3,97,11,43,18,terminal_customer_network_burst,0.18,0.007338422494908265,0.18
X000024228,2026-02-17 20:55:03,C000204,A0000204,M00462,T01033,Northeast,Northeast,29.96,USD,card_present,magstripe,approved,APPROVE,33.64,0.8906064209274673,0,0,0,0,1,0,0,3,67,8,31,18,terminal_customer_network_burst,0.18,0.009884067393632807,0.18
X000106740,2026-02-17 20:55:04,C000894,A0000894,M00613,T00331,South,South,306.57,USD,card_present,chip_pin,approved,APPROVE,442.56,0.6927196312364425,0,0,0,0,0,0,0,1,318,17,66,18,terminal_customer_network_burst,0.18,0.0059359711350777345,0.18
X000073600,2026-02-17 20:57:00,C000622,A0000622,M00477,T00694,West,West,124.62,USD,ecommerce,wallet_biometric,approved,APPROVE,65.2,1.9113496932515337,0,0,0,1,0,0,0,4,201,15,22,18,terminal_customer_network_burst,0.18,0.034761606819906185,0.18
X000105151,2026-02-17 20:57:21,C000884,A0000884,M00231,T01111,South,South,39.89,USD,mobile_wallet,3ds,approved,APPROVE,29.77,1.3399395364460867,0,0,0,0,0,1,0,2,219,18,0,33,new_customer_terminal_pair;terminal_customer_network_burst,0.33,0.08972144258498486,0.33
X000086572,2026-02-17 20:57:29,C000726,A0000726,M00295,T00425,South,South,51.16,USD,card_present,3ds,approved,APPROVE,88.57,0.5776222197132211,0,0,0,0,0,0,0,3,479,20,21,18,terminal_customer_network_burst,0.18,0.06322369856278615,0.18
X000012694,2026-02-17 20:57:42,C000110,A0000110,M00038,T00519,South,South,32.37,USD,card_present,3ds,approved,APPROVE,31.37,1.0318775900541919,0,0,0,0,0,0,0,2,118,14,25,18,terminal_customer_network_burst,0.18,0.012081353723123717,0.18
X000042466,2026-02-17 20:58:35,C000359,A0000359,M00048,T01172,Northeast,Northeast,26.58,USD,ecommerce,3ds,approved,APPROVE,55.06,0.4827460951689066,0,0,0,1,0,0,0,2,155,17,27,18,terminal_customer_network_burst,0.18,0.014963682541536367,0.18
X000180104,2026-02-17 20:58:45,C001480,A0001480,M00393,T00751,Northeast,Northeast,158.02,USD,card_present,3ds,approved,APPROVE,107.72,1.4669513553657632,0,0,0,0,0,0,0,3,167,13,43,18,terminal_customer_network_burst,0.18,0.009139038056336205,0.18
X000059552,2026-02-17 20:59:23,C000506,A0000506,M00338,T00600,Northeast,Northeast,20.95,USD,mobile_wallet,wallet_biometric,approved,APPROVE,38.27,0.5474261823882937,0,0,0,0,0,1,0,5,246,10,24,43,customer_velocity;terminal_customer_network_burst,0.43,0.018904562219252522,0.43
X000142096,2026-02-17 20:59:36,C001171,A0001171,M00074,T01036,South,South,133.42,USD,ecommerce,3ds,approved,APPROVE,107.06,1.2462170745376424,0,0,0,1,0,0,0,3,416,24,35,18,terminal_customer_network_burst,0.18,0.07510359448384864,0.18
X000062832,2026-02-17 21:00:19,C000533,A0000533,M00635,T00849,Midwest,Midwest,25.03,USD,ecommerce,3ds,approved,APPROVE,24.76,1.0109046849757672,0,0,0,1,0,0,0,4,140,12,17,18,terminal_customer_network_burst,0.18,0.01723392594423709,0.18
X000059159,2026-02-17 21:00:50,C000502,A0000502,M00345,T01165,South,South,25.46,USD,card_present,magstripe,approved,APPROVE,44.15,0.5766704416761043,0,0,0,0,1,0,0,4,85,11,25,18,terminal_customer_network_burst,0.18,0.017659027564718273,0.18
X000113419,2026-02-17 21:00:54,C000945,A0000945,M00147,T00489,South,South,15.13,USD,card_present,magstripe,approved,APPROVE,24.33,0.6218660090423347,0,0,0,0,1,0,0,4,157,10,33,18,terminal_customer_network_burst,0.18,0.014869182935861973,0.18
X000235867,2026-02-17 21:01:29,C001922,A0001922,M00781,T00629,Northeast,Northeast,110.0,USD,mobile_wallet,wallet_biometric,approved,APPROVE,79.85,1.3775829680651221,0,0,0,0,0,1,0,4,95,9,53,18,terminal_customer_network_burst,0.18,0.005596420475500836,0.18
X000245822,2026-02-17 21:01:40,C001271,A0001271,M00524,T00085,South,West,517.9,USD,card_present,chip_pin,soft_decline,APPROVE,37.52,13.80330490405117,0,0,1,0,0,0,1,4,188,14,3,93,amount_vs_profile;extreme_amount_vs_profile;terminal_customer_network_burst;authentication_soft_decline;home_region_mismatch,0.93,0.957169342499037,0.957169342499037
X000241455,2026-02-17 21:01:44,C001970,A0001970,M00412,T00928,Northeast,Northeast,162.04,USD,mobile_wallet,magstripe,approved,APPROVE,103.71,1.5624337093819305,0,0,0,0,1,1,0,6,334,23,56,43,customer_velocity;terminal_customer_network_burst,0.43,0.12938230069626752,0.43
X000031156,2026-02-17 21:02:07,C000263,A0000263,M00400,T00360,West,West,166.37,USD,ecommerce,magstripe,approved,APPROVE,149.88,1.1100213504136642,0,0,0,1,1,0,0,2,121,12,0,33,new_customer_terminal_pair;terminal_customer_network_burst,0.33,0.049363036999138785,0.33
X000094005,2026-02-17 21:02:16,C000787,A0000787,M00294,T00731,South,South,62.35,USD,card_present,chip_pin,approved,APPROVE,42.71,1.4598454694450949,0,0,0,0,0,0,0,1,225,17,26,18,terminal_customer_network_burst,0.18,0.02305551854163351,0.18
X000204428,2026-02-17 21:02:18,C001668,A0001668,M00772,T00124,Midwest,Midwest,56.23,USD,ecommerce,chip_pin,approved,APPROVE,146.34,0.38424217575509084,0,0,0,1,0,0,0,7,205,13,79,43,customer_velocity;terminal_customer_network_burst,0.43,0.0034184924905853896,0.43
X000004963,2026-02-17 21:02:22,C000045,A0000045,M00018,T00234,West,South,57.33,USD,card_present,wallet_biometric,approved,APPROVE,25.21,2.2740975803252677,0,0,0,0,0,0,1,3,147,15,0,45,new_customer_terminal_pair;terminal_customer_network_burst;home_region_mismatch,0.45,0.4047336268517528,0.45
X000199250,2026-02-17 21:02:40,C001632,A0001632,M00094,T00206,South,South,25.84,USD,card_present,chip_pin,approved,APPROVE,39.6,0.6525252525252525,0,0,0,0,0,0,0,2,220,17,40,18,terminal_customer_network_burst,0.18,0.011813937143239963,0.18
X000143694,2026-02-17 21:03:02,C001184,A0001184,M00789,T00268,Midwest,Midwest,290.51,USD,ecommerce,wallet_biometric,approved,APPROVE,116.35,2.49686291362269,0,0,0,1,0,0,0,3,157,16,18,18,terminal_customer_network_burst,0.18,0.04448104548427049,0.18
X000120387,2026-02-17 21:03:28,C001000,A0001000,M00791,T00739,South,South,45.14,USD,ecommerce,wallet_biometric,approved,APPROVE,20.16,2.2390873015873014,0,0,0,1,0,0,0,0,269,21,17,18,terminal_customer_network_burst,0.18,0.06848922075483575,0.18
X000172495,2026-02-17 21:03:39,C001422,A0001422,M00353,T00378,Midwest,Midwest,74.87,USD,card_present,3ds,approved,APPROVE,41.11,1.821211384091462,0,0,0,0,0,0,0,2,256,13,38,18,terminal_customer_network_burst,0.18,0.013831009123524186,0.18
X000047642,2026-02-17 21:03:57,C000401,A0000401,M00098,T01066,West,West,7.81,USD,ecommerce,chip_pin,approved,APPROVE,47.83,0.16328664018398495,0,0,0,1,0,0,0,2,71,14,33,18,terminal_customer_network_burst,0.18,0.006142117217652497,0.18
X000199805,2026-02-17 21:04:03,C001637,A0001637,M00398,T00528,South,South,185.05,USD,mobile_wallet,wallet_biometric,approved,APPROVE,150.55,1.229159747592162,0,0,0,0,0,1,0,5,206,13,60,43,customer_velocity;terminal_customer_network_burst,0.43,0.010071376344878586,0.43
X000210986,2026-02-17 21:04:15,C001720,A0001720,M00262,T00998,South,South,24.73,USD,card_present,magstripe,approved,APPROVE,45.82,0.5397206460061109,0,0,0,0,1,0,0,2,269,16,28,18,terminal_customer_network_burst,0.18,0.03565335727491557,0.18
X000234022,2026-02-17 21:04:50,C001907,A0001907,M00698,T00153,West,West,115.53,USD,card_present,chip_pin,approved,APPROVE,168.05,0.6874739660815233,0,0,0,0,0,0,0,6,249,13,48,43,customer_velocity;terminal_customer_network_burst,0.43,0.009938198179930344,0.43
X000231112,2026-02-17 21:05:03,C001885,A0001885,M00244,T00277,South,South,88.48,USD,ecommerce,3ds,approved,APPROVE,53.72,1.647058823529412,0,0,0,1,0,0,0,0,350,21,37,18,terminal_customer_network_burst,0.18,0.03579949776909185,0.18
X000084275,2026-02-17 21:05:32,C000705,A0000705,M00121,T00867,West,West,55.84,USD,card_present,chip_pin,approved,APPROVE,43.56,1.2819100091827365,0,0,0,0,0,0,0,3,91,8,28,18,terminal_customer_network_burst,0.18,0.006275845646429029,0.18
X000080157,2026-02-17 21:05:56,C000674,A0000674,M00341,T00572,Midwest,Midwest,282.61,USD,card_present,chip_pin,approved,APPROVE,400.29,0.706013140473157,0,0,0,0,0,0,0,4,249,15,57,18,terminal_customer_network_burst,0.18,0.007505160415578802,0.18
X000038334,2026-02-17 21:06:06,C000327,A0000327,M00365,T00733,South,South,128.61,USD,mobile_wallet,chip_pin,approved,APPROVE,139.35,0.9229278794402584,0,0,0,0,0,1,0,2,315,21,47,18,terminal_customer_network_burst,0.18,0.03194446759730342,0.18
X000011855,2026-02-17 21:06:36,C000104,A0000104,M00517,T00647,Midwest,Midwest,79.72,USD,card_present,chip_pin,approved,APPROVE,150.27,0.5305117455247221,0,0,0,0,0,0,0,3,256,13,38,18,terminal_customer_network_burst,0.18,0.009227843276442169,0.18
X000155504,2026-02-17 21:06:53,C001280,A0001280,M00118,T00907,West,West,191.64,USD,card_present,3ds,approved,APPROVE,118.5,1.6172151898734175,0,0,0,0,0,0,0,5,144,15,68,43,customer_velocity;terminal_customer_network_burst,0.43,0.0065408298593117855,0.43
X000056000,2026-02-17 21:08:40,C000472,A0000472,M00262,T00998,South,South,22.81,USD,ecommerce,magstripe,approved,APPROVE,26.64,0.8562312312312311,0,0,0,1,1,0,0,3,270,16,41,18,terminal_customer_network_burst,0.18,0.03178176368066766,0.18
X000172978,2026-02-17 21:09:08,C001427,A0001427,M00378,T01130,South,South,27.56,USD,mobile_wallet,chip_pin,approved,APPROVE,28.02,0.9835831548893648,0,0,0,0,0,1,0,4,316,17,12,18,terminal_customer_network_burst,0.18,0.07688639769531451,0.18
X000070603,2026-02-17 21:09:53,C000599,A0000599,M00350,T01102,Midwest,Midwest,40.52,USD,card_present,wallet_biometric,approved,APPROVE,81.27,0.49858496370124283,0,0,0,0,0,0,0,0,122,11,14,18,terminal_customer_network_burst,0.18,0.007793478080995457,0.18
X000091143,2026-02-17 21:10:09,C000764,A0000764,M00012,T01105,West,West,30.59,USD,card_present,3ds,approved,APPROVE,50.25,0.6087562189054726,0,0,0,0,0,0,0,2,214,16,26,18,terminal_customer_network_burst,0.18,0.01592828894238971,0.18
X000113621,2026-02-17 21:10:33,C000946,A0000946,M00019,T00826,Northeast,Northeast,206.67,USD,ecommerce,chip_pin,approved,APPROVE,163.27,1.2658173577509646,0,0,0,1,0,0,0,5,131,12,44,43,customer_velocity;terminal_customer_network_burst,0.43,0.00881308614617332,0.43
X000213309,2026-02-17 21:10:49,C001741,A0001741,M00547,T00371,Northeast,Northeast,102.08,USD,card_present,chip_pin,approved,APPROVE,70.95,1.4387596899224806,0,0,0,0,0,0,0,3,298,16,41,18,terminal_customer_network_burst,0.18,0.0191250382259964,0.18
X000185284,2026-02-17 21:11:16,C001524,A0001524,M00033,T00919,West,West,63.5,USD,card_present,chip_pin,approved,APPROVE,133.37,0.47611906725650444,0,0,0,0,0,0,0,8,26,9,0,58,customer_velocity;new_customer_terminal_pair;terminal_customer_network_burst,0.58,0.01903726007747104,0.58
X000240576,2026-02-17 21:12:29,C001961,A0001961,M00122,T00225,South,South,290.69,USD,card_present,chip_pin,approved,APPROVE,100.48,2.893013535031847,0,0,0,0,0,0,0,8,170,10,71,43,customer_velocity;terminal_customer_network_burst,0.43,0.008383857296542093,0.43
X000017596,2026-02-17 21:12:34,C000150,A0000150,M00518,T00379,South,South,225.46,USD,card_present,magstripe,approved,APPROVE,224.61,1.0037843372957571,0,0,0,0,1,0,0,6,252,17,43,43,customer_velocity;terminal_customer_network_burst,0.43,0.04527298361358188,0.43
X000239384,2026-02-17 21:12:58,C001952,A0001952,M00655,T00487,Midwest,Midwest,127.2,USD,mobile_wallet,3ds,approved,APPROVE,96.54,1.317588564325668,0,0,0,0,0,1,0,3,184,15,57,18,terminal_customer_network_burst,0.18,0.010887914220709194,0.18
X000195921,2026-02-17 21:14:19,C001609,A0001609,M00427,T01200,South,South,30.75,USD,ecommerce,3ds,approved,APPROVE,20.02,1.535964035964036,0,0,0,1,0,0,0,3,245,18,32,18,terminal_customer_network_burst,0.18,0.030768019075462793,0.18
X000095850,2026-02-17 21:15:01,C000800,A0000800,M00393,T00751,Northeast,Northeast,50.21,USD,card_present,3ds,approved,APPROVE,46.67,1.0758517248767945,0,0,0,0,0,0,0,1,168,13,36,18,terminal_customer_network_burst,0.18,0.007755213482400747,0.18
X000168316,2026-02-17 21:15:11,C001391,A0001391,M00493,T00281,West,West,54.06,USD,ecommerce,magstripe,approved,APPROVE,73.89,0.7316280958181081,0,0,0,1,1,0,0,2,86,14,31,18,terminal_customer_network_burst,0.18,0.01846606176248149,0.18
X000163160,2026-02-17 21:15:40,C001345,A0001345,M00695,T00203,Midwest,Midwest,114.89,USD,ecommerce,3ds,approved,APPROVE,169.46,0.6779771037412958,0,0,0,1,0,0,0,6,186,12,74,43,customer_velocity;terminal_customer_network_burst,0.43,0.0034069657442287846,0.43
X000007267,2026-02-17 21:16:34,C000067,A0000067,M00696,T00853,South,Midwest,35.58,USD,mobile_wallet,3ds,approved,APPROVE,43.8,0.8123287671232877,0,0,0,0,0,1,1,0,79,14,0,45,new_customer_terminal_pair;terminal_customer_network_burst;home_region_mismatch,0.45,0.2279079108205532,0.45
X000170569,2026-02-17 21:16:34,C001405,A0001405,M00604,T01180,Northeast,Northeast,98.72,USD,mobile_wallet,chip_pin,approved,APPROVE,111.64,0.884270870655679,0,0,0,0,0,1,0,4,239,17,51,18,terminal_customer_network_burst,0.18,0.01810743600302003,0.18
X000038113,2026-02-17 21:16:40,C000325,A0000325,M00425,T00883,West,West,74.24,USD,card_present,magstripe,approved,APPROVE,28.62,2.5939902166317257,0,0,0,0,1,0,0,2,95,7,20,0,,0.0,0.02371009516291297,0.02371009516291297
X000213048,2026-02-17 21:16:49,C001739,A0001739,M00443,T00564,South,South,52.54,USD,card_present,chip_pin,approved,APPROVE,40.84,1.2864838393731635,0,0,0,0,0,0,0,7,228,14,28,43,customer_velocity;terminal_customer_network_burst,0.43,0.028652782739082144,0.43
X000228197,2026-02-17 21:16:55,C001858,A0001858,M00524,T00477,West,West,74.57,USD,ecommerce,magstripe,approved,APPROVE,63.67,1.17119522538087,0,0,0,1,1,0,0,1,131,15,33,18,terminal_customer_network_burst,0.18,0.023168586082874528,0.18
X000098606,2026-02-17 21:18:11,C000826,A0000826,M00030,T00879,West,West,13.8,USD,card_present,magstripe,approved,APPROVE,29.66,0.46527309507754555,0,0,0,0,1,0,0,4,106,16,41,18,terminal_customer_network_burst,0.18,0.019159924229204626,0.18
X000038874,2026-02-17 21:18:28,C000331,A0000331,M00450,T00640,Northeast,Northeast,48.89,USD,card_present,magstripe,approved,APPROVE,98.47,0.49649639484106833,0,0,0,0,1,0,0,2,395,11,53,18,terminal_customer_network_burst,0.18,0.012154649765841984,0.18
X000116003,2026-02-17 21:18:32,C000963,A0000963,M00407,T00062,West,West,59.89,USD,mobile_wallet,magstripe,approved,APPROVE,67.46,0.8877853542840203,0,0,0,0,1,1,0,3,86,13,30,18,terminal_customer_network_burst,0.18,0.028740124019619423,0.18
X000192783,2026-02-17 21:19:27,C001583,A0001583,M00193,T01039,West,West,24.74,USD,ecommerce,chip_pin,approved,APPROVE,33.99,0.7278611356281258,0,0,0,1,0,0,0,1,220,15,19,18,terminal_customer_network_burst,0.18,0.01772597840737967,0.18
X000246308,2026-02-17 21:19:27,C001903,A0001903,M00594,T00498,West,Northeast,433.66,USD,card_present,chip_pin,approved,APPROVE,28.9,15.005536332179933,0,0,0,0,0,0,1,3,115,13,7,85,amount_vs_profile;extreme_amount_vs_profile;terminal_customer_network_burst;home_region_mismatch,0.85,0.7295381258665699,0.85
X000123681,2026-02-17 21:20:37,C001023,A0001023,M00499,T00391,Northeast,Northeast,49.08,USD,ecommerce,chip_pin,approved,APPROVE,96.87,0.5066584081759058,0,0,0,1,0,0,0,8,136,9,97,43,customer_velocity;terminal_customer_network_burst,0.43,0.0011736698232809927,0.43
X000222730,2026-02-17 21:21:30,C001814,A0001814,M00675,T00834,Midwest,Midwest,34.15,USD,card_present,wallet_biometric,approved,APPROVE,50.89,0.671055217134997,0,0,0,0,0,0,0,1,135,14,18,18,terminal_customer_network_burst,0.18,0.012154430665415826,0.18
X000073894,2026-02-17 21:21:37,C000624,A0000624,M00401,T00536,South,South,151.03,USD,ecommerce,3ds,approved,APPROVE,94.14,1.6043127257276397,0,0,0,1,0,0,0,1,317,21,16,18,terminal_customer_network_burst,0.18,0.06945849055788221,0.18
X000245823,2026-02-17 21:21:40,C001271,A0001271,M00524,T00085,South,West,176.54,USD,card_present,magstripe,approved,APPROVE,37.52,4.705223880597014,0,0,0,0,1,0,1,5,189,14,4,85,amount_vs_profile;customer_velocity;terminal_customer_network_burst;home_region_mismatch,0.85,0.8146040507047612,0.85
X000113209,2026-02-17 21:22:19,C000944,A0000944,M00450,T00640,Northeast,Northeast,792.69,USD,card_present,3ds,approved,APPROVE,227.5,3.4843516483516486,0,0,0,0,0,0,0,9,396,11,111,73,amount_vs_profile;customer_velocity;terminal_customer_network_burst,0.73,0.006614128964530132,0.73
X000169688,2026-02-17 21:22:52,C001400,A0001400,M00743,T00089,South,South,198.09,USD,ecommerce,chip_pin,approved,APPROVE,210.06,0.9430162810625535,0,0,0,1,0,0,0,10,137,15,98,63,customer_velocity;high_customer_velocity;terminal_customer_network_burst,0.63,0.0035109435029052503,0.63
X000006750,2026-02-17 21:23:15,C000060,A0000060,M00151,T00524,Midwest,Midwest,59.13,USD,ecommerce,wallet_biometric,approved,APPROVE,53.72,1.1007073715562175,0,0,0,1,0,0,0,3,88,12,13,18,terminal_customer_network_burst,0.18,0.015844434477661644,0.18
X000169961,2026-02-17 21:24:05,C001401,A0001401,M00504,T00422,Northeast,Northeast,101.69,USD,card_present,wallet_biometric,approved,APPROVE,92.55,1.0987574284170718,0,0,0,0,0,0,0,1,354,14,67,18,terminal_customer_network_burst,0.18,0.005213303830847519,0.18
X000145150,2026-02-17 21:24:39,C001194,A0001194,M00276,T01082,Northeast,Northeast,164.72,USD,ecommerce,3ds,approved,APPROVE,102.24,1.6111111111111112,0,0,0,1,0,0,0,5,284,20,44,43,customer_velocity;terminal_customer_network_burst,0.43,0.03787041279199644,0.43
X000185541,2026-02-17 21:24:50,C001525,A0001525,M00342,T00375,Midwest,Midwest,217.79,USD,card_present,3ds,approved,APPROVE,133.44,1.632119304556355,0,0,0,0,0,0,0,2,302,20,55,18,terminal_customer_network_burst,0.18,0.018972054759835134,0.18
X000160089,2026-02-17 21:25:06,C001320,A0001320,M00376,T00048,South,South,170.54,USD,card_present,wallet_biometric,approved,APPROVE,95.39,1.7878184296047803,0,0,0,0,0,0,0,2,185,10,19,18,terminal_customer_network_burst,0.18,0.014733585248746262,0.18
X000104513,2026-02-17 21:25:07,C000879,A0000879,M00278,T01124,Northeast,Northeast,45.64,USD,card_present,chip_pin,approved,APPROVE,22.68,2.0123456790123457,0,0,0,0,0,0,0,1,239,15,32,18,terminal_customer_network_burst,0.18,0.01949938079744099,0.18
X000084165,2026-02-17 21:25:16,C000704,A0000704,M00410,T00952,South,South,97.73,USD,card_present,wallet_biometric,approved,APPROVE,59.04,1.6553184281842819,0,0,0,0,0,0,0,4,195,16,19,18,terminal_customer_network_burst,0.18,0.03621623491650077,0.18
X000029736,2026-02-17 21:26:16,C000254,A0000254,M00139,T00632,Northeast,Northeast,400.79,USD,ecommerce,chip_pin,approved,APPROVE,244.89,1.6366123565682553,0,0,0,1,0,0,0,7,211,10,100,43,customer_velocity;terminal_customer_network_burst,0.43,0.002050181733736611,0.43
X000075385,2026-02-17 21:26:55,C000633,A0000633,M00421,T00140,Midwest,Midwest,51.18,USD,mobile_wallet,wallet_biometric,approved,APPROVE,42.15,1.21423487544484,0,0,0,0,0,1,0,0,53,10,15,18,terminal_customer_network_burst,0.18,0.011290575817000397,0.18
X000215084,2026-02-17 21:27:26,C001756,A0001756,M00786,T00776,Northeast,Northeast,28.08,USD,ecommerce,3ds,approved,APPROVE,74.2,0.3784366576819407,0,0,0,1,0,0,0,2,167,12,26,18,terminal_customer_network_burst,0.18,0.008485000515349816,0.18
X000055811,2026-02-17 21:27:49,C000471,A0000471,M00038,T00874,South,South,101.7,USD,mobile_wallet,wallet_biometric,approved,APPROVE,136.92,0.7427695004382122,0,0,0,0,0,1,0,3,494,29,92,18,terminal_customer_network_burst,0.18,0.031778488503993924,0.18
X000062616,2026-02-17 21:27:50,C000531,A0000531,M00583,T00599,Midwest,Midwest,103.0,USD,card_present,chip_pin,approved,APPROVE,214.99,0.4790920507930601,0,0,0,0,0,0,0,3,97,9,89,18,terminal_customer_network_burst,0.18,0.0007152249342924324,0.18
X000044517,2026-02-17 21:28:17,C000376,A0000376,M00439,T00144,West,West,122.35,USD,card_present,chip_pin,approved,APPROVE,189.71,0.6449317379157661,0,0,0,0,0,0,0,11,186,13,102,63,customer_velocity;high_customer_velocity;terminal_customer_network_burst,0.63,0.0026054310751250217,0.63
X000040279,2026-02-17 21:28:28,C000341,A0000341,M00712,T00064,South,South,88.77,USD,ecommerce,3ds,approved,APPROVE,147.38,0.6023205319582032,0,0,0,1,0,0,0,0,316,16,31,18,terminal_customer_network_burst,0.18,0.014663363434618328,0.18
X000045430,2026-02-17 21:28:41,C000381,A0000381,M00190,T01150,West,West,68.46,USD,card_present,chip_pin,approved,APPROVE,74.88,0.9142628205128205,0,0,0,0,0,0,0,3,133,13,13,18,terminal_customer_network_burst,0.18,0.017568240368706488,0.18
X000136570,2026-02-17 21:29:26,C001123,A0001123,M00598,T00298,West,West,130.2,USD,mobile_wallet,chip_pin,approved,APPROVE,38.74,3.3608673205988637,0,0,0,0,0,1,0,3,40,5,36,30,amount_vs_profile,0.3,0.010429742364073239,0.3
X000084166,2026-02-17 21:29:35,C000704,A0000704,M00249,T00554,South,South,44.9,USD,card_present,magstripe,approved,APPROVE,59.04,0.7605013550135501,0,0,0,0,1,0,0,5,270,16,28,43,customer_velocity;terminal_customer_network_burst,0.43,0.05464115103737713,0.43
X000024229,2026-02-17 21:29:48,C000204,A0000204,M00692,T00771,Northeast,Northeast,36.01,USD,card_present,chip_pin,approved,APPROVE,33.64,1.070451843043995,0,0,0,0,0,0,0,4,252,18,33,18,terminal_customer_network_burst,0.18,0.026841838455519684,0.18
X000160675,2026-02-17 21:29:58,C001326,A0001326,M00386,T00008,Northeast,Northeast,74.57,USD,mobile_wallet,chip_pin,approved,APPROVE,112.21,0.6645575260671954,0,0,0,0,0,1,0,0,210,13,41,18,terminal_customer_network_burst,0.18,0.008322477298481231,0.18
X000055063,2026-02-17 21:30:17,C000465,A0000465,M00675,T01030,Midwest,Midwest,61.09,USD,card_present,3ds,approved,APPROVE,44.58,1.3703454463885152,0,0,0,0,0,0,0,10,178,15,45,63,customer_velocity;high_customer_velocity;terminal_customer_network_burst,0.63,0.024170943791561723,0.63
X000154621,2026-02-17 21:31:01,C001274,A0001274,M00800,T00613,West,West,2.37,USD,card_present,wallet_biometric,approved,APPROVE,15.69,0.15105162523900575,0,0,0,0,0,0,0,1,136,16,11,18,terminal_customer_network_burst,0.18,0.015640108819610057,0.18
X000006554,2026-02-17 21:32:44,C000058,A0000058,M00326,T01151,Northeast,Northeast,166.44,USD,ecommerce,chip_pin,approved,APPROVE,206.58,0.8056927098460644,0,0,0,1,0,0,0,1,214,12,37,18,terminal_customer_network_burst,0.18,0.007098197771828163,0.18
X000130545,2026-02-17 21:32:47,C001073,A0001073,M00278,T01124,Northeast,Northeast,72.97,USD,mobile_wallet,wallet_biometric,approved,APPROVE,70.69,1.0322535012024332,0,0,0,0,0,1,0,1,240,15,0,33,new_customer_terminal_pair;terminal_customer_network_burst,0.33,0.053991997273064356,0.33
X000045928,2026-02-17 21:33:12,C000384,A0000384,M00377,T00663,Midwest,Midwest,107.23,USD,card_present,3ds,approved,APPROVE,65.87,1.6279034461818733,0,0,0,0,0,0,0,1,147,12,18,18,terminal_customer_network_burst,0.18,0.014574401278389238,0.18
X000137676,2026-02-17 21:33:20,C001131,A0001131,M00573,T00460,Northeast,Northeast,38.34,USD,ecommerce,3ds,approved,APPROVE,58.84,0.6515975526852481,0,0,0,1,0,0,0,4,177,12,36,18,terminal_customer_network_burst,0.18,0.008900508853698667,0.18
X000242259,2026-02-17 21:33:26,C001978,A0001978,M00167,T00818,Northeast,Northeast,30.7,USD,mobile_wallet,chip_pin,approved,APPROVE,38.97,0.7877854760071851,0,0,0,0,0,1,0,3,195,16,19,18,terminal_customer_network_burst,0.18,0.034144301086807605,0.18
X000058139,2026-02-17 21:33:41,C000493,A0000493,M00459,T00795,Northeast,Northeast,177.08,USD,card_present,chip_pin,approved,APPROVE,104.71,1.6911469773660588,0,0,0,0,0,0,0,5,251,11,53,43,customer_velocity;terminal_customer_network_burst,0.43,0.008971715643783152,0.43
X000216868,2026-02-17 21:33:41,C001772,A0001772,M00698,T00693,West,West,152.78,USD,ecommerce,magstripe,approved,APPROVE,93.69,1.6306969794001496,0,0,0,1,1,0,0,5,142,11,75,43,customer_velocity;terminal_customer_network_burst,0.43,0.007427765843118129,0.43
X000140778,2026-02-17 21:34:35,C001159,A0001159,M00305,T00827,Northeast,Northeast,165.76,USD,card_present,chip_pin,approved,APPROVE,63.67,2.603423904507617,0,0,0,0,0,0,0,1,198,13,25,18,terminal_customer_network_burst,0.18,0.022047342557238888,0.18
X000106865,2026-02-17 21:34:58,C000895,A0000895,M00613,T00331,South,South,15.54,USD,ecommerce,3ds,approved,APPROVE,28.01,0.5548018564798286,0,0,0,1,0,0,0,1,319,17,26,18,terminal_customer_network_burst,0.18,0.021463109145250698,0.18
X000059070,2026-02-17 21:35:28,C000501,A0000501,M00295,T00425,South,South,24.0,USD,card_present,3ds,approved,APPROVE,42.14,0.5695301376364499,0,0,0,0,0,0,0,1,480,20,30,18,terminal_customer_network_burst,0.18,0.03822760997667218,0.18
X000224665,2026-02-17 21:35:55,C001832,A0001832,M00791,T00304,South,South,537.29,USD,ecommerce,3ds,approved,APPROVE,173.44,3.0978436346863467,0,0,0,1,0,0,0,5,382,19,98,73,amount_vs_profile;customer_velocity;terminal_customer_network_burst,0.73,0.014067845164395241,0.73
X000008169,2026-02-17 21:36:08,C000074,A0000074,M00005,T01091,South,South,27.89,USD,card_present,magstripe,approved,APPROVE,44.26,0.6301400813375508,0,0,0,0,1,0,0,2,272,19,21,18,terminal_customer_network_burst,0.18,0.06486376401171713,0.18
X000213556,2026-02-17 21:36:32,C001743,A0001743,M00716,T00578,West,West,46.06,USD,mobile_wallet,wallet_biometric,approved,APPROVE,29.38,1.5677331518039483,0,0,0,0,0,1,0,2,88,16,21,18,terminal_customer_network_burst,0.18,0.02979885396024175,0.18
X000127792,2026-02-17 21:36:49,C001052,A0001052,M00738,T00899,South,South,109.02,USD,card_present,magstripe,approved,APPROVE,146.14,0.7459969891884495,0,0,0,0,1,0,0,5,412,20,97,43,customer_velocity;terminal_customer_network_burst,0.43,0.013948209133963455,0.43
X000124913,2026-02-17 21:37:03,C001031,A0001031,M00706,T00856,Northeast,Northeast,98.02,USD,card_present,chip_pin,approved,APPROVE,63.58,1.5416797735136836,0,0,0,0,0,0,0,2,142,13,21,18,terminal_customer_network_burst,0.18,0.015944861826762018,0.18
X000016026,2026-02-17 21:37:06,C000135,A0000135,M00378,T01130,South,South,112.25,USD,ecommerce,wallet_biometric,approved,APPROVE,91.86,1.2219682124972784,0,0,0,1,0,0,0,4,317,17,41,18,terminal_customer_network_burst,0.18,0.024456736791875506,0.18
X000010213,2026-02-17 21:37:09,C000092,A0000092,M00040,T01012,South,Northeast,59.56,USD,mobile_wallet,chip_pin,approved,APPROVE,36.18,1.6462133775566612,0,0,0,0,0,1,1,4,196,18,0,45,new_customer_terminal_pair;terminal_customer_network_burst;home_region_mismatch,0.45,0.5915703751782216,0.5915703751782216
X000226852,2026-02-17 21:37:31,C001849,A0001849,M00359,T00657,Midwest,Midwest,34.44,USD,card_present,magstripe,approved,APPROVE,44.91,0.7668670674682699,0,0,0,0,1,0,0,2,58,11,21,18,terminal_customer_network_burst,0.18,0.016038090938634644,0.18
X000200368,2026-02-17 21:37:46,C001641,A0001641,M00487,T00270,South,South,132.47,USD,card_present,chip_pin,approved,APPROVE,69.77,1.8986670488748747,0,0,0,0,0,0,0,1,241,17,30,18,terminal_customer_network_burst,0.18,0.025184634915094175,0.18
X000119139,2026-02-17 21:38:00,C000986,A0000986,M00544,T00081,South,South,138.63,USD,card_present,3ds,approved,APPROVE,68.2,2.0326979472140763,0,0,0,0,0,0,0,2,163,15,22,18,terminal_customer_network_burst,0.18,0.025030112671170505,0.18
X000072372,2026-02-17 21:38:36,C000611,A0000611,M00094,T01093,South,South,29.86,USD,ecommerce,chip_pin,approved,APPROVE,23.9,1.2493723849372385,0,0,0,1,0,0,0,3,237,10,23,18,terminal_customer_network_burst,0.18,0.014109489038972177,0.18
X000170394,2026-02-17 21:39:10,C001404,A0001404,M00439,T00144,West,West,40.21,USD,mobile_wallet,3ds,approved,APPROVE,133.01,0.30230809713555373,0,0,0,0,0,1,0,4,187,13,38,18,terminal_customer_network_burst,0.18,0.011912286823389252,0.18
X000053697,2026-02-17 21:39:16,C000454,A0000454,M00244,T00277,South,South,28.65,USD,ecommerce,3ds,approved,APPROVE,44.67,0.641370047011417,0,0,0,1,0,0,0,2,351,21,18,18,terminal_customer_network_burst,0.18,0.05479841317733585,0.18
X000013448,2026-02-17 21:39:58,C000115,A0000115,M00050,T01119,Midwest,Midwest,50.25,USD,ecommerce,wallet_biometric,approved,APPROVE,73.53,0.6833945328437372,0,0,0,1,0,0,0,9,256,15,80,43,customer_velocity;terminal_customer_network_burst,0.43,0.006828278167937862,0.43
X000191098,2026-02-17 21:40:22,C001568,A0001568,M00443,T00564,South,South,178.39,USD,ecommerce,3ds,approved,APPROVE,122.57,1.4554132332544667,0,0,0,1,0,0,0,3,229,14,41,18,terminal_customer_network_burst,0.18,0.013482895167497205,0.18
X000108844,2026-02-17 21:40:24,C000912,A0000912,M00679,T01139,Northeast,Northeast,35.19,USD,card_present,chip_pin,approved,APPROVE,30.26,1.1629213483146066,0,0,0,0,0,0,0,3,215,16,15,18,terminal_customer_network_burst,0.18,0.031711924371138504,0.18
X000155505,2026-02-17 21:40:27,C001280,A0001280,M00118,T00907,West,West,95.97,USD,mobile_wallet,wallet_biometric,approved,APPROVE,118.5,0.809873417721519,0,0,0,0,0,1,0,6,145,15,69,43,customer_velocity;terminal_customer_network_burst,0.43,0.0077405762488536286,0.43
X000062617,2026-02-17 21:40:37,C000531,A0000531,M00211,T01050,Midwest,Midwest,205.87,USD,card_present,3ds,soft_decline,CHALLENGE,214.99,0.9575794222987115,0,0,1,0,0,0,0,4,239,8,83,26,terminal_customer_network_burst;authentication_soft_decline,0.26,0.007196188135670617,0.26
X000091014,2026-02-17 21:41:03,C000762,A0000762,M00262,T00060,South,South,23.62,USD,card_present,chip_pin,approved,APPROVE,32.91,0.7177149802491645,0,0,0,0,0,0,0,1,344,19,29,18,terminal_customer_network_burst,0.18,0.026540097800466414,0.18
X000073064,2026-02-17 21:41:22,C000617,A0000617,M00380,T00352,Northeast,Midwest,49.35,USD,card_present,chip_pin,approved,APPROVE,36.33,1.3583815028901736,0,0,0,0,0,0,1,3,117,12,0,45,new_customer_terminal_pair;terminal_customer_network_burst;home_region_mismatch,0.45,0.23250286037124174,0.45
X000095851,2026-02-17 21:41:37,C000800,A0000800,M00393,T00751,Northeast,Northeast,55.18,USD,ecommerce,chip_pin,approved,APPROVE,46.67,1.1823441182772658,0,0,0,1,0,0,0,2,169,13,37,18,terminal_customer_network_burst,0.18,0.009321171032239804,0.18
X000245824,2026-02-17 21:41:40,C001271,A0001271,M00524,T00085,South,West,603.66,USD,ecommerce,magstripe,approved,APPROVE,37.52,16.089019189765455,0,0,0,1,1,0,1,6,190,14,5,100,amount_vs_profile;extreme_amount_vs_profile;customer_velocity;terminal_customer_network_burst;home_region_mismatch,1.0,0.9279164638356457,1.0
X000063075,2026-02-17 21:41:58,C000534,A0000534,M00552,T00602,Northeast,Northeast,82.94,USD,mobile_wallet,chip_pin,approved,APPROVE,169.77,0.48854332331978556,0,0,0,0,0,1,0,8,224,12,0,58,customer_velocity;new_customer_terminal_pair;terminal_customer_network_burst,0.58,0.06552007163134224,0.58
X000182105,2026-02-17 21:42:17,C001499,A0001499,M00594,T01188,Northeast,Northeast,62.3,USD,card_present,chip_pin,approved,APPROVE,23.65,2.634249471458774,0,0,0,0,0,0,0,2,458,22,26,18,terminal_customer_network_burst,0.18,0.12429239471941769,0.18
X000196706,2026-02-17 21:42:18,C001615,A0001615,M00338,T00847,Northeast,Northeast,90.4,USD,mobile_wallet,3ds,approved,APPROVE,49.67,1.820012079726193,0,0,0,0,0,1,0,1,308,15,28,18,terminal_customer_network_burst,0.18,0.036381622147907654,0.18
X000240738,2026-02-17 21:42:21,C001963,A0001963,M00367,T00335,South,South,24.69,USD,mobile_wallet,chip_pin,approved,APPROVE,48.08,0.5135191347753745,0,0,0,0,0,1,0,1,230,17,13,18,terminal_customer_network_burst,0.18,0.036052390329448465,0.18
X000032534,2026-02-17 21:42:25,C000275,A0000275,M00110,T00096,South,South,82.76,USD,ecommerce,3ds,approved,APPROVE,60.84,1.3602892833662064,0,0,0,1,0,0,0,3,325,17,53,18,terminal_customer_network_burst,0.18,0.016028889241238208,0.18
X000215248,2026-02-17 21:42:31,C001757,A0001757,M00676,T00051,Midwest,Midwest,92.42,USD,ecommerce,wallet_biometric,approved,APPROVE,178.56,0.5175851254480287,0,0,0,1,0,0,0,7,350,16,46,43,customer_velocity;terminal_customer_network_burst,0.43,0.021536810609764697,0.43
X000164769,2026-02-17 21:42:54,C001358,A0001358,M00642,T00253,Midwest,Midwest,354.05,USD,ecommerce,wallet_biometric,approved,APPROVE,66.12,5.354658197217181,0,0,0,1,0,0,0,1,136,14,12,48,amount_vs_profile;terminal_customer_network_burst,0.48,0.09686484957554925,0.48
X000014974,2026-02-17 21:43:04,C000126,A0000126,M00183,T01168,South,South,129.81,USD,card_present,3ds,soft_decline,CHALLENGE,131.27,0.9888778852746247,0,0,1,0,0,0,0,2,259,14,70,26,terminal_customer_network_burst;authentication_soft_decline,0.26,0.018668360692142807,0.26
X000008170,2026-02-17 21:44:19,C000074,A0000074,M00453,T00940,South,South,31.8,USD,mobile_wallet,3ds,approved,APPROVE,44.26,0.718481699051062,0,0,0,0,0,1,0,3,431,23,30,18,terminal_customer_network_burst,0.18,0.09224232560979594,0.18
X000124776,2026-02-17 21:44:38,C001030,A0001030,M00338,T00847,Northeast,Northeast,32.56,USD,ecommerce,magstripe,approved,APPROVE,208.04,0.1565083637761969,0,0,0,1,1,0,0,11,309,15,81,63,customer_velocity;high_customer_velocity;terminal_customer_network_burst,0.63,0.016666956173217076,0.63
X000052638,2026-02-17 21:44:44,C000443,A0000443,M00257,T00772,South,South,97.29,USD,ecommerce,magstripe,approved,APPROVE,42.11,2.3103775825219666,0,0,0,1,1,0,0,2,429,26,29,18,terminal_customer_network_burst,0.18,0.2788509095097789,0.2788509095097789
X000013449,2026-02-17 21:45:01,C000115,A0000115,M00163,T01133,Midwest,Midwest,55.66,USD,mobile_wallet,3ds,approved,APPROVE,73.53,0.7569699442404461,0,0,0,0,0,1,0,10,154,8,90,63,customer_velocity;high_customer_velocity;terminal_customer_network_burst,0.63,0.0027443133400743376,0.63
X000083720,2026-02-17 21:45:01,C000699,A0000699,M00742,T00512,Northeast,Northeast,89.07,USD,ecommerce,chip_pin,approved,APPROVE,60.63,1.4690747154873822,0,0,0,1,0,0,0,1,125,16,32,18,terminal_customer_network_burst,0.18,0.013910797589976018,0.18
X000183675,2026-02-17 21:45:18,C001511,A0001511,M00608,T00219,South,South,33.33,USD,card_present,magstripe,approved,APPROVE,28.99,1.1497067954467057,0,0,0,0,1,0,0,3,450,20,41,18,terminal_customer_network_burst,0.18,0.08240746283832648,0.18
X000236151,2026-02-17 21:45:29,C001926,A0001926,M00153,T00753,South,South,73.3,USD,mobile_wallet,3ds,approved,APPROVE,47.03,1.5585796300233892,0,0,0,0,0,1,0,0,382,20,22,18,terminal_customer_network_burst,0.18,0.07443169934518262,0.18
X000090669,2026-02-17 21:46:08,C000759,A0000759,M00387,T00209,Northeast,Northeast,67.39,USD,card_present,3ds,soft_decline,CHALLENGE,40.5,1.6639506172839507,0,0,1,0,0,0,0,1,209,17,30,26,terminal_customer_network_burst;authentication_soft_decline,0.26,0.09316465441844307,0.26
X000204645,2026-02-17 21:46:42,C001670,A0001670,M00052,T00013,South,South,28.97,USD,card_present,3ds,approved,APPROVE,43.99,0.6585587633553079,0,0,0,0,0,0,0,2,280,16,21,18,terminal_customer_network_burst,0.18,0.02252698942460494,0.18
X000193422,2026-02-17 21:47:00,C001588,A0001588,M00555,T00877,Midwest,Midwest,23.55,USD,card_present,magstripe,approved,APPROVE,48.62,0.4843685726038668,0,0,0,0,1,0,0,5,85,12,23,43,customer_velocity;terminal_customer_network_burst,0.43,0.022878960109921746,0.43
X000168602,2026-02-17 21:47:13,C001394,A0001394,M00731,T00394,Northeast,Northeast,96.56,USD,mobile_wallet,3ds,approved,APPROVE,52.48,1.839939024390244,0,0,0,0,0,1,0,2,109,16,25,18,terminal_customer_network_burst,0.18,0.030837784646419494,0.18
X000178735,2026-02-17 21:47:30,C001472,A0001472,M00394,T00922,South,South,76.51,USD,ecommerce,3ds,approved,APPROVE,48.86,1.5659025787965617,0,0,0,1,0,0,0,2,388,26,34,18,terminal_customer_network_burst,0.18,0.09111756253806809,0.18
X000145265,2026-02-17 21:47:34,C001195,A0001195,M00251,T00619,West,West,31.61,USD,card_present,wallet_biometric,approved,APPROVE,24.02,1.3159866777685263,0,0,0,0,0,0,0,3,104,13,23,18,terminal_customer_network_burst,0.18,0.01392713477979656,0.18
X000235286,2026-02-17 21:47:40,C001917,A0001917,M00608,T00027,South,South,277.78,USD,card_present,wallet_biometric,approved,APPROVE,143.14,1.9406175771971497,0,0,0,0,0,0,0,2,353,17,75,18,terminal_customer_network_burst,0.18,0.00905597169957602,0.18
X000240314,2026-02-17 21:47:52,C001960,A0001960,M00270,T00473,South,South,74.03,USD,card_present,chip_pin,approved,APPROVE,31.09,2.3811514956577677,0,0,0,0,0,0,0,3,301,18,15,18,terminal_customer_network_burst,0.18,0.07862580348098791,0.18
X000056698,2026-02-17 21:48:07,C000479,A0000479,M00129,T00930,West,West,113.65,USD,ecommerce,chip_pin,approved,APPROVE,108.27,1.0496905883439551,0,0,0,1,0,0,0,5,120,12,31,43,customer_velocity;terminal_customer_network_burst,0.43,0.01193142368414637,0.43
X000246219,2026-02-17 21:48:15,C001785,A0001785,M00500,T00274,South,Midwest,4.55,USD,ecommerce,magstripe,approved,APPROVE,44.84,0.10147190008920605,0,0,0,1,1,0,1,0,177,12,2,30,terminal_customer_network_burst;home_region_mismatch,0.3,0.24217386337776242,0.3
X000225321,2026-02-17 21:48:22,C001836,A0001836,M00613,T00638,South,South,21.23,USD,mobile_wallet,chip_pin,approved,APPROVE,99.19,0.2140336727492691,0,0,0,0,0,1,0,6,238,18,45,43,customer_velocity;terminal_customer_network_burst,0.43,0.023672746669354452,0.43
X000179940,2026-02-17 21:48:47,C001479,A0001479,M00205,T00154,South,South,487.17,USD,ecommerce,3ds,approved,APPROVE,221.32,2.201201879631303,0,0,0,1,0,0,0,4,159,9,51,18,terminal_customer_network_burst,0.18,0.006890289423691886,0.18
X000054570,2026-02-17 21:48:55,C000461,A0000461,M00372,T00192,South,South,313.94,USD,card_present,chip_pin,approved,APPROVE,456.08,0.6883441501490967,0,0,0,0,0,0,0,2,327,19,70,18,terminal_customer_network_burst,0.18,0.007588567431753945,0.18
X000240953,2026-02-17 21:49:00,C001966,A0001966,M00099,T00459,South,South,93.56,USD,card_present,wallet_biometric,approved,APPROVE,45.88,2.039232781168265,0,0,0,0,0,0,0,1,214,19,32,18,terminal_customer_network_burst,0.18,0.0294427326884275,0.18
X000246220,2026-02-17 21:49:00,C001217,A0001217,M00500,T00274,Midwest,Midwest,1.0,USD,mobile_wallet,chip_pin,approved,APPROVE,31.3,0.03194888178913738,0,0,0,0,0,1,0,1,178,12,2,18,terminal_customer_network_burst,0.18,0.020753170212148897,0.18
X000147047,2026-02-17 21:49:04,C001212,A0001212,M00295,T00425,South,South,23.59,USD,card_present,chip_pin,approved,APPROVE,21.65,1.089607390300231,0,0,0,0,0,0,0,0,481,20,21,18,terminal_customer_network_burst,0.18,0.05543806505030746,0.18
X000015848,2026-02-17 21:49:14,C000134,A0000134,M00533,T01021,Northeast,Northeast,43.2,USD,ecommerce,3ds,approved,APPROVE,29.05,1.487091222030981,0,0,0,1,0,0,0,4,161,11,46,18,terminal_customer_network_burst,0.18,0.007715178247643183,0.18
X000002863,2026-02-17 21:49:21,C000027,A0000027,M00758,T00785,Northeast,Northeast,114.4,USD,mobile_wallet,3ds,approved,APPROVE,100.97,1.1330098048925423,0,0,0,0,0,1,0,8,241,11,49,43,customer_velocity;terminal_customer_network_burst,0.43,0.016906893552746237,0.43
X000189283,2026-02-17 21:49:25,C001555,A0001555,M00701,T00740,West,West,24.43,USD,card_present,wallet_biometric,approved,APPROVE,28.35,0.8617283950617284,0,0,0,0,0,0,0,2,104,11,26,18,terminal_customer_network_burst,0.18,0.007399026057045175,0.18
X000232910,2026-02-17 21:49:29,C001898,A0001898,M00623,T00969,Midwest,Midwest,17.3,USD,ecommerce,magstripe,approved,APPROVE,61.86,0.27966375687035244,0,0,0,1,1,0,0,1,190,15,24,18,terminal_customer_network_burst,0.18,0.025068237497160712,0.18
X000173150,2026-02-17 21:49:30,C001428,A0001428,M00731,T00584,Northeast,Northeast,328.96,USD,mobile_wallet,chip_pin,approved,APPROVE,130.67,2.517486798806153,0,0,0,0,0,1,0,2,197,12,48,18,terminal_customer_network_burst,0.18,0.015254552603086837,0.18
X000246221,2026-02-17 21:49:45,C000975,A0000975,M00500,T00274,Midwest,Midwest,2.23,USD,mobile_wallet,3ds,approved,APPROVE,46.6,0.047854077253218885,0,0,0,0,0,1,0,0,179,12,3,18,terminal_customer_network_burst,0.18,0.01806514154838933,0.18
X000203375,2026-02-17 21:49:49,C001664,A0001664,M00507,T01055,South,South,463.84,USD,ecommerce,wallet_biometric,approved,APPROVE,245.36,1.890446690577111,0,0,0,1,0,0,0,4,290,14,77,18,terminal_customer_network_burst,0.18,0.006624525749403054,0.18
X000155262,2026-02-17 21:50:05,C001279,A0001279,M00128,T00044,Northeast,Northeast,212.89,USD,card_present,chip_pin,approved,APPROVE,151.87,1.4017910054652003,0,0,0,0,0,0,0,4,161,20,24,18,terminal_customer_network_burst,0.18,0.04071773821977742,0.18
X000042716,2026-02-17 21:50:07,C000361,A0000361,M00758,T00785,Northeast,Northeast,41.34,USD,mobile_wallet,wallet_biometric,approved,APPROVE,43.71,0.9457789979409746,0,0,0,0,0,1,0,3,242,11,34,18,terminal_customer_network_burst,0.18,0.014215120837676044,0.18
X000246222,2026-02-17 21:50:30,C000249,A0000249,M00500,T00274,South,Midwest,2.38,USD,mobile_wallet,magstripe,approved,APPROVE,41.23,0.05772495755517827,0,0,0,0,1,1,1,3,180,12,5,65,terminal_customer_network_burst;low_value_testing_velocity;home_region_mismatch,0.65,0.3688954599649137,0.65
X000047643,2026-02-17 21:50:32,C000401,A0000401,M00619,T00624,West,West,34.41,USD,card_present,3ds,approved,APPROVE,47.83,0.7194229563035751,0,0,0,0,0,0,0,3,110,8,30,18,terminal_customer_network_burst,0.18,0.004914840200507829,0.18
X000194393,2026-02-17 21:50:48,C001597,A0001597,M00412,T00593,Northeast,Northeast,67.86,USD,ecommerce,wallet_biometric,approved,APPROVE,141.04,0.48114010209869545,0,0,0,1,0,0,0,3,223,14,60,18,terminal_customer_network_burst,0.18,0.004848396365220845,0.18
X000246223,2026-02-17 21:51:15,C000975,A0000975,M00500,T00274,Midwest,Midwest,1.44,USD,card_present,magstripe,approved,APPROVE,46.6,0.030901287553648068,0,0,0,0,1,0,0,1,181,12,4,18,terminal_customer_network_burst,0.18,0.02803222677893603,0.18
X000194974,2026-02-17 21:51:40,C001602,A0001602,M00779,T00146,South,South,182.93,USD,card_present,chip_pin,approved,APPROVE,87.97,2.079458906445379,0,0,0,0,0,0,0,1,460,19,53,18,terminal_customer_network_burst,0.18,0.028556751703559455,0.18
X000186531,2026-02-17 21:51:54,C001533,A0001533,M00586,T00314,Northeast,Northeast,37.21,USD,ecommerce,chip_pin,approved,APPROVE,43.38,0.8577685569386814,0,0,0,1,0,0,0,0,120,9,26,18,terminal_customer_network_burst,0.18,0.005070120913816516,0.18
X000246224,2026-02-17 21:52:00,C001217,A0001217,M00500,T00274,Midwest,Midwest,3.63,USD,mobile_wallet,chip_pin,soft_decline,APPROVE,31.3,0.11597444089456868,0,0,1,0,0,1,0,2,182,12,3,61,terminal_customer_network_burst;low_value_testing_velocity;authentication_soft_decline,0.61,0.10293762550814081,0.61
X000014129,2026-02-17 21:52:40,C000119,A0000119,M00244,T00336,South,South,28.26,USD,card_present,chip_pin,approved,APPROVE,73.13,0.3864351155476549,0,0,0,0,0,0,0,3,342,15,31,18,terminal_customer_network_burst,0.18,0.017165364224158763,0.18
X000132974,2026-02-17 21:52:42,C001096,A0001096,M00309,T00916,Northeast,Northeast,77.89,USD,ecommerce,chip_pin,approved,APPROVE,37.28,2.089324034334764,0,0,0,1,0,0,0,1,211,17,26,18,terminal_customer_network_burst,0.18,0.030132535887608978,0.18
X000246225,2026-02-17 21:52:45,C000975,A0000975,M00500,T00274,Midwest,Midwest,4.24,USD,card_present,chip_pin,approved,APPROVE,46.6,0.09098712446351931,0,0,0,0,0,0,0,2,183,12,5,53,terminal_customer_network_burst;low_value_testing_velocity,0.53,0.014657713002186048,0.53
X000004168,2026-02-17 21:53:11,C000036,A0000036,M00518,T00379,Northeast,South,112.16,USD,ecommerce,3ds,approved,APPROVE,88.98,1.2605079793211957,0,0,0,1,0,0,1,2,253,17,0,45,new_customer_terminal_pair;terminal_customer_network_burst;home_region_mismatch,0.45,0.41278667403442715,0.45
X000246226,2026-02-17 21:53:30,C001217,A0001217,M00500,T00274,Midwest,Midwest,1.76,USD,mobile_wallet,magstripe,approved,APPROVE,31.3,0.056230031948881785,0,0,0,0,1,1,0,3,184,12,4,53,terminal_customer_network_burst;low_value_testing_velocity,0.53,0.05312936619356833,0.53
X000091251,2026-02-17 21:53:39,C000765,A0000765,M00780,T01096,West,West,99.1,USD,ecommerce,wallet_biometric,approved,APPROVE,53.85,1.8402971216341688,0,0,0,1,0,0,0,2,128,9,27,18,terminal_customer_network_burst,0.18,0.009436348345757989,0.18
X000200994,2026-02-17 21:53:39,C001646,A0001646,M00015,T00330,South,South,13.01,USD,ecommerce,3ds,approved,APPROVE,34.04,0.38219741480611047,0,0,0,1,0,0,0,2,407,35,16,18,terminal_customer_network_burst,0.18,0.2537563938984867,0.2537563938984867
X000060757,2026-02-17 21:53:43,C000517,A0000517,M00020,T00254,South,South,240.3,USD,card_present,chip_pin,approved,APPROVE,74.15,3.240728253540121,0,0,0,0,0,0,0,0,319,22,24,48,amount_vs_profile;terminal_customer_network_burst,0.48,0.09670175052424279,0.48
X000053366,2026-02-17 21:54:14,C000450,A0000450,M00154,T01001,South,South,96.59,USD,ecommerce,chip_pin,approved,APPROVE,92.33,1.0461388497779704,0,0,0,1,0,0,0,0,367,18,17,18,terminal_customer_network_burst,0.18,0.03911257089709669,0.18
X000246227,2026-02-17 21:54:15,C000975,A0000975,M00500,T00274,Midwest,Midwest,2.1,USD,ecommerce,3ds,approved,APPROVE,46.6,0.045064377682403435,0,0,0,1,0,0,0,3,185,12,6,53,terminal_customer_network_burst;low_value_testing_velocity,0.53,0.016590217071356144,0.53
X000018444,2026-02-17 21:54:24,C000157,A0000157,M00372,T00192,South,South,88.79,USD,ecommerce,3ds,approved,APPROVE,57.73,1.5380218257405165,0,0,0,1,0,0,0,1,328,19,13,18,terminal_customer_network_burst,0.18,0.06099301839389999,0.18
X000093401,2026-02-17 21:54:44,C000782,A0000782,M00741,T00732,South,South,48.95,USD,ecommerce,3ds,approved,APPROVE,41.2,1.1881067961165048,0,0,0,1,0,0,0,0,187,12,33,18,terminal_customer_network_burst,0.18,0.00782815475345047,0.18
X000032026,2026-02-17 21:54:49,C000271,A0000271,M00524,T00237,West,West,78.63,USD,card_present,magstripe,approved,APPROVE,190.23,0.4133417442043842,0,0,0,0,1,0,0,7,289,15,30,43,customer_velocity;terminal_customer_network_burst,0.43,0.052573306158732465,0.43
X000246228,2026-02-17 21:55:00,C000249,A0000249,M00500,T00274,South,Midwest,1.98,USD,mobile_wallet,magstripe,approved,APPROVE,41.23,0.04802328401649285,0,0,0,0,1,1,1,4,186,12,6,65,terminal_customer_network_burst;low_value_testing_velocity;home_region_mismatch,0.65,0.39175494098854335,0.65
X000112628,2026-02-17 21:55:01,C000942,A0000942,M00387,T00209,Northeast,Northeast,76.33,USD,card_present,3ds,approved,APPROVE,66.3,1.1512820512820514,0,0,0,0,0,0,0,1,210,17,14,18,terminal_customer_network_burst,0.18,0.028719118415798706,0.18
X000246229,2026-02-17 21:55:45,C000249,A0000249,M00500,T00274,South,Midwest,4.24,USD,mobile_wallet,chip_pin,approved,APPROVE,41.23,0.1028377395100655,0,0,0,0,0,1,1,5,187,12,7,90,customer_velocity;terminal_customer_network_burst;low_value_testing_velocity;home_region_mismatch,0.9,0.24848077674137667,0.9
X000111954,2026-02-17 21:55:55,C000934,A0000934,M00318,T00746,Midwest,Midwest,29.85,USD,card_present,3ds,approved,APPROVE,114.46,0.26078979556176834,0,0,0,0,0,0,0,4,370,25,46,18,terminal_customer_network_burst,0.18,0.03890709164843942,0.18
X000228728,2026-02-17 21:56:16,C001862,A0001862,M00098,T00432,West,West,243.72,USD,card_present,chip_pin,approved,APPROVE,85.76,2.841884328358209,0,0,0,0,0,0,0,6,52,6,32,25,customer_velocity,0.25,0.01053972701150919,0.25
X000118603,2026-02-17 21:56:20,C000981,A0000981,M00223,T00651,South,South,148.33,USD,mobile_wallet,chip_pin,approved,APPROVE,55.33,2.6808241460328937,0,0,0,0,0,1,0,1,310,15,26,18,terminal_customer_network_burst,0.18,0.054438361988943994,0.18
X000246230,2026-02-17 21:56:30,C001785,A0001785,M00500,T00274,South,Midwest,1.64,USD,card_present,chip_pin,approved,APPROVE,44.84,0.036574487065120426,0,0,0,0,0,0,1,1,188,12,3,30,terminal_customer_network_burst;home_region_mismatch,0.3,0.13186106567744033,0.3
X000159800,2026-02-17 21:56:43,C001317,A0001317,M00365,T01114,South,South,53.66,USD,ecommerce,magstripe,approved,APPROVE,37.63,1.425989901674196,0,0,0,1,1,0,0,2,155,10,30,18,terminal_customer_network_burst,0.18,0.018805214863863617,0.18
X000031797,2026-02-17 21:56:50,C000269,A0000269,M00400,T00412,West,West,31.57,USD,ecommerce,chip_pin,approved,APPROVE,20.69,1.5258579023682939,0,0,0,1,0,0,0,1,69,12,17,18,terminal_customer_network_burst,0.18,0.012487958960733372,0.18
X000166273,2026-02-17 21:57:02,C001371,A0001371,M00380,T00352,Midwest,Midwest,121.68,USD,card_present,magstripe,approved,APPROVE,149.32,0.8148941869809805,0,0,0,0,1,0,0,3,118,13,36,18,terminal_customer_network_burst,0.18,0.01672441038269226,0.18
X000135003,2026-02-17 21:57:09,C001108,A0001108,M00286,T00067,West,West,71.0,USD,ecommerce,3ds,approved,APPROVE,97.95,0.7248596222562532,0,0,0,1,0,0,0,1,154,12,24,18,terminal_customer_network_burst,0.18,0.008960566362870532,0.18
X000060996,2026-02-17 21:57:47,C000519,A0000519,M00691,T00755,Northeast,Northeast,99.84,USD,card_present,3ds,approved,APPROVE,98.05,1.0182559918408975,0,0,0,0,0,0,0,2,296,19,22,18,terminal_customer_network_burst,0.18,0.03705300542542228,0.18
X000071933,2026-02-17 21:58:06,C000609,A0000609,M00133,T00854,Northeast,Northeast,201.43,USD,card_present,chip_pin,approved,APPROVE,131.74,1.5289965082738728,0,0,0,0,0,0,0,5,255,15,73,43,customer_velocity;terminal_customer_network_burst,0.43,0.007137497466021174,0.43
X000215085,2026-02-17 21:59:11,C001756,A0001756,M00224,T01197,Northeast,Northeast,128.21,USD,card_present,wallet_biometric,approved,APPROVE,74.2,1.7278975741239893,0,0,0,0,0,0,0,3,146,17,18,18,terminal_customer_network_burst,0.18,0.034067799860583434,0.18
X000028905,2026-02-17 22:00:10,C000248,A0000248,M00401,T01080,South,South,40.31,USD,ecommerce,wallet_biometric,approved,APPROVE,55.67,0.7240883779414407,0,0,0,1,0,0,0,1,136,12,24,18,terminal_customer_network_burst,0.18,0.00855451671516016,0.18
X000161356,2026-02-17 22:00:36,C001331,A0001331,M00318,T00923,Midwest,Midwest,12.47,USD,ecommerce,chip_pin,approved,APPROVE,34.02,0.366549088771311,0,0,0,1,0,0,0,6,93,12,63,43,customer_velocity;terminal_customer_network_burst,0.43,0.0033745771489640712,0.43
X000137838,2026-02-17 22:01:10,C001133,A0001133,M00038,T00874,South,South,30.76,USD,card_present,3ds,approved,APPROVE,38.62,0.7964785085447955,0,0,0,0,0,0,0,0,495,29,15,18,terminal_customer_network_burst,0.18,0.1606540103978805,0.18
X000232072,2026-02-17 22:01:44,C001893,A0001893,M00544,T00081,South,South,39.04,USD,ecommerce,chip_pin,approved,APPROVE,81.93,0.47650433296716704,0,0,0,1,0,0,0,2,164,15,26,18,terminal_customer_network_burst,0.18,0.01247159515963925,0.18
X000146851,2026-02-17 22:01:57,C001210,A0001210,M00561,T00275,Midwest,Midwest,55.82,USD,card_present,wallet_biometric,approved,APPROVE,138.79,0.40219035953598964,0,0,0,0,0,0,0,6,99,11,74,43,customer_velocity;terminal_customer_network_burst,0.43,0.0020483473290704565,0.43
X000021625,2026-02-17 22:02:13,C000186,A0000186,M00724,T01129,West,West,317.25,USD,card_present,chip_pin,approved,APPROVE,223.8,1.4175603217158177,0,0,0,0,0,0,0,7,184,10,104,43,customer_velocity;terminal_customer_network_burst,0.43,0.0014554454573358396,0.43
X000088655,2026-02-17 22:02:26,C000744,A0000744,M00517,T00541,Midwest,Midwest,62.82,USD,mobile_wallet,chip_pin,approved,APPROVE,103.24,0.6084850833010461,0,0,0,0,0,1,0,4,239,17,62,18,terminal_customer_network_burst,0.18,0.011389732458541014,0.18
X000042827,2026-02-17 22:02:42,C000362,A0000362,M00304,T00684,Midwest,Midwest,57.45,USD,mobile_wallet,magstripe,approved,APPROVE,53.22,1.0794813979706879,0,0,0,0,1,1,0,3,175,14,30,18,terminal_customer_network_burst,0.18,0.04338604287349215,0.18
X000104020,2026-02-17 22:02:54,C000875,A0000875,M00668,T00869,South,Midwest,26.75,USD,ecommerce,wallet_biometric,approved,APPROVE,68.19,0.3922862589822555,0,0,0,1,0,0,1,4,242,12,0,45,new_customer_terminal_pair;terminal_customer_network_burst;home_region_mismatch,0.45,0.2508033747186282,0.45
X000043576,2026-02-17 22:02:57,C000369,A0000369,M00012,T00789,West,West,391.04,USD,card_present,wallet_biometric,approved,APPROVE,83.11,4.705089640235832,0,0,0,0,0,0,0,2,122,13,23,48,amount_vs_profile;terminal_customer_network_burst,0.48,0.04989245673552407,0.48
X000220155,2026-02-17 22:03:01,C001797,A0001797,M00592,T00719,Northeast,South,525.49,USD,card_present,chip_pin,approved,APPROVE,161.59,3.2519957918188007,0,0,0,0,0,0,1,9,321,19,0,100,amount_vs_profile;customer_velocity;new_customer_terminal_pair;terminal_customer_network_burst;home_region_mismatch,1.0,0.8384666010483576,1.0
X000049438,2026-02-17 22:03:55,C000413,A0000413,M00692,T00771,Northeast,Northeast,56.58,USD,ecommerce,chip_pin,approved,APPROVE,97.53,0.5801291910181482,0,0,0,1,0,0,0,4,253,18,58,18,terminal_customer_network_burst,0.18,0.010482769884802854,0.18
X000197562,2026-02-17 22:04:16,C001621,A0001621,M00269,T00339,West,West,169.22,USD,card_present,chip_pin,approved,APPROVE,173.71,0.974152322836912,0,0,0,0,0,0,0,9,173,9,91,43,customer_velocity;terminal_customer_network_burst,0.43,0.00202393334435629,0.43
X000073389,2026-02-17 22:04:20,C000620,A0000620,M00675,T00110,Midwest,Midwest,16.75,USD,card_present,3ds,approved,APPROVE,16.5,1.0151515151515151,0,0,0,0,0,0,0,4,211,14,21,18,terminal_customer_network_burst,0.18,0.021783755488765863,0.18
X000062618,2026-02-17 22:04:23,C000531,A0000531,M00583,T00599,Midwest,Midwest,427.06,USD,mobile_wallet,wallet_biometric,approved,APPROVE,214.99,1.9864179729289733,0,0,0,0,0,1,0,5,98,9,90,43,customer_velocity;terminal_customer_network_burst,0.43,0.00245094151064115,0.43
X000096452,2026-02-17 22:04:38,C000806,A0000806,M00077,T00306,South,South,46.45,USD,card_present,magstripe,approved,APPROVE,78.97,0.5881980498923642,0,0,0,0,1,0,0,3,301,17,44,18,terminal_customer_network_burst,0.18,0.029927799934643187,0.18
X000160162,2026-02-17 22:04:53,C001321,A0001321,M00301,T00666,South,South,55.51,USD,card_present,wallet_biometric,approved,APPROVE,48.21,1.1514208670400332,0,0,0,0,0,0,0,1,169,18,13,18,terminal_customer_network_burst,0.18,0.030021338950366183,0.18
X000237935,2026-02-17 22:05:09,C001941,A0001941,M00717,T00614,South,South,35.86,USD,card_present,3ds,approved,APPROVE,77.96,0.45997947665469474,0,0,0,0,0,0,0,7,318,16,22,43,customer_velocity;terminal_customer_network_burst,0.43,0.03932611647166338,0.43
X000117056,2026-02-17 22:05:12,C000971,A0000971,M00270,T00562,South,South,48.91,USD,mobile_wallet,wallet_biometric,approved,APPROVE,63.31,0.772547780761333,0,0,0,0,0,1,0,1,209,17,31,18,terminal_customer_network_burst,0.18,0.02146050667008982,0.18
X000137407,2026-02-17 22:05:19,C001128,A0001128,M00794,T01041,Midwest,Midwest,64.79,USD,card_present,magstripe,approved,APPROVE,144.34,0.4488707219066094,0,0,0,0,1,0,0,4,34,9,26,18,terminal_customer_network_burst,0.18,0.011284269764426676,0.18
X000049110,2026-02-17 22:05:20,C000411,A0000411,M00193,T01039,West,West,14.29,USD,card_present,3ds,approved,APPROVE,29.09,0.4912341010656583,0,0,0,0,0,0,0,8,221,15,30,43,customer_velocity;terminal_customer_network_burst,0.43,0.024256652305749554,0.43
X000085129,2026-02-17 22:05:26,C000710,A0000710,M00265,T00865,West,West,53.61,USD,card_present,3ds,approved,APPROVE,85.75,0.6251895043731779,0,0,0,0,0,0,0,4,194,9,75,18,terminal_customer_network_burst,0.18,0.0017285146422015847,0.18
X000015849,2026-02-17 22:05:27,C000134,A0000134,M00271,T00851,Northeast,Northeast,44.19,USD,mobile_wallet,3ds,approved,APPROVE,29.05,1.521170395869191,0,0,0,0,0,1,0,2,205,13,39,18,terminal_customer_network_burst,0.18,0.015638217806539,0.18
X000208800,2026-02-17 22:05:33,C001703,A0001703,M00251,T00782,West,West,115.63,USD,card_present,wallet_biometric,approved,APPROVE,89.83,1.2872091728821107,0,0,0,0,0,0,0,3,80,10,35,18,terminal_customer_network_burst,0.18,0.006176944926662719,0.18
X000031017,2026-02-17 22:05:51,C000262,A0000262,M00128,T00044,Northeast,Northeast,109.44,USD,card_present,chip_pin,approved,APPROVE,84.93,1.2885906040268456,0,0,0,0,0,0,0,4,162,20,50,18,terminal_customer_network_burst,0.18,0.01714464557343076,0.18
X000124777,2026-02-17 22:05:59,C001030,A0001030,M00338,T00847,Northeast,Northeast,73.15,USD,card_present,magstripe,approved,APPROVE,208.04,0.35161507402422615,0,0,0,0,1,0,0,12,310,15,82,63,customer_velocity;high_customer_velocity;terminal_customer_network_burst,0.63,0.018639661776854624,0.63
X000001762,2026-02-17 22:06:14,C000015,A0000015,M00763,T00455,South,South,200.08,USD,card_present,chip_pin,approved,APPROVE,115.21,1.7366548042704628,0,0,0,0,0,0,0,1,216,10,99,18,terminal_customer_network_burst,0.18,0.0010441895180672896,0.18
X000058140,2026-02-17 22:06:44,C000493,A0000493,M00459,T00795,Northeast,Northeast,69.89,USD,ecommerce,chip_pin,approved,APPROVE,104.71,0.6674625155190527,0,0,0,1,0,0,0,6,252,11,54,43,customer_velocity;terminal_customer_network_burst,0.43,0.006820794137047846,0.43
X000083133,2026-02-17 22:06:48,C000695,A0000695,M00604,T01180,Northeast,Northeast,69.42,USD,ecommerce,chip_pin,approved,APPROVE,56.36,1.231724627395316,0,0,0,1,0,0,0,0,240,17,34,18,terminal_customer_network_burst,0.18,0.015901973130541515,0.18
X000187992,2026-02-17 22:07:30,C001543,A0001543,M00211,T00509,Midwest,Midwest,329.42,USD,card_present,3ds,approved,APPROVE,217.69,1.5132527906656255,0,0,0,0,0,0,0,6,294,19,99,43,customer_velocity;terminal_customer_network_burst,0.43,0.006103686212485537,0.43
X000055812,2026-02-17 22:07:44,C000471,A0000471,M00038,T00874,South,South,243.62,USD,ecommerce,chip_pin,approved,APPROVE,136.92,1.7792871749926966,0,0,0,1,0,0,0,4,496,29,93,18,terminal_customer_network_burst,0.18,0.03696890759875516,0.18
X000103700,2026-02-17 22:08:04,C000872,A0000872,M00147,T00489,South,South,54.81,USD,ecommerce,3ds,approved,APPROVE,65.88,0.8319672131147542,0,0,0,1,0,0,0,4,158,10,44,18,terminal_customer_network_burst,0.18,0.005562409365200792,0.18
X000124202,2026-02-17 22:08:22,C001027,A0001027,M00289,T00362,South,South,72.42,USD,card_present,chip_pin,approved,APPROVE,46.18,1.5682113469034213,0,0,0,0,0,0,0,1,282,25,19,18,terminal_customer_network_burst,0.18,0.08503538619468162,0.18
X000060467,2026-02-17 22:08:33,C000514,A0000514,M00266,T00421,Northeast,Northeast,64.49,USD,ecommerce,3ds,approved,APPROVE,44.39,1.4528046857400314,0,0,0,1,0,0,0,3,262,20,30,18,terminal_customer_network_burst,0.18,0.041599876468997536,0.18
X000129962,2026-02-17 22:08:46,C001067,A0001067,M00211,T01170,Midwest,Midwest,386.61,USD,mobile_wallet,chip_pin,approved,APPROVE,153.89,2.512249009032426,0,0,0,0,0,1,0,4,255,11,86,18,terminal_customer_network_burst,0.18,0.005831151454440286,0.18
X000112545,2026-02-17 22:10:10,C000941,A0000941,M00184,T00927,South,South,31.62,USD,ecommerce,chip_pin,approved,APPROVE,52.11,0.6067933218192286,0,0,0,1,0,0,0,2,404,20,30,18,terminal_customer_network_burst,0.18,0.03789651273055067,0.18
X000168100,2026-02-17 22:10:51,C001389,A0001389,M00511,T00366,Midwest,Midwest,121.66,USD,card_present,chip_pin,approved,APPROVE,53.07,2.2924439419634446,0,0,0,0,0,0,0,3,122,13,35,18,terminal_customer_network_burst,0.18,0.014705367820104176,0.18
X000170854,2026-02-17 22:11:01,C001408,A0001408,M00490,T00340,South,South,110.3,USD,card_present,chip_pin,approved,APPROVE,56.96,1.936446629213483,0,0,0,0,0,0,0,0,172,11,21,18,terminal_customer_network_burst,0.18,0.012645400011471733,0.18
X000228803,2026-02-17 22:11:26,C001863,A0001863,M00184,T00058,South,South,71.57,USD,card_present,wallet_biometric,approved,APPROVE,35.21,2.0326611758023287,0,0,0,0,0,0,0,0,314,23,19,18,terminal_customer_network_burst,0.18,0.07875675105032177,0.18
X000128925,2026-02-17 22:11:41,C001060,A0001060,M00544,T00846,Northeast,South,457.98,USD,ecommerce,chip_pin,approved,APPROVE,203.81,2.247092880624111,0,0,0,1,0,0,1,4,295,18,0,45,new_customer_terminal_pair;terminal_customer_network_burst;home_region_mismatch,0.45,0.6257558443414558,0.6257558443414558
X000052088,2026-02-17 22:12:16,C000440,A0000440,M00010,T00620,Northeast,Northeast,46.55,USD,card_present,magstripe,approved,APPROVE,46.14,1.0088859991330732,0,0,0,0,1,0,0,1,128,18,26,18,terminal_customer_network_burst,0.18,0.036090035487470556,0.18
X000133646,2026-02-17 22:12:17,C001100,A0001100,M00528,T00301,Midwest,Midwest,26.42,USD,card_present,wallet_biometric,approved,APPROVE,33.78,0.7821195973949082,0,0,0,0,0,0,0,3,182,17,93,18,terminal_customer_network_burst,0.18,0.002288840341689106,0.18
X000233407,2026-02-17 22:12:26,C001902,A0001902,M00122,T00125,South,South,75.89,USD,mobile_wallet,wallet_biometric,approved,APPROVE,144.3,0.5259182259182259,0,0,0,0,0,1,0,5,208,13,52,43,customer_velocity;terminal_customer_network_burst,0.43,0.009854484492396494,0.43
X000059229,2026-02-17 22:12:31,C000503,A0000503,M00544,T00846,South,South,124.14,USD,ecommerce,magstripe,approved,APPROVE,101.75,1.22004914004914,0,0,0,1,1,0,0,2,296,19,21,18,terminal_customer_network_burst,0.18,0.09017504256357996,0.18
X000098419,2026-02-17 22:13:07,C000824,A0000824,M00329,T00094,Midwest,Midwest,54.19,USD,ecommerce,wallet_biometric,approved,APPROVE,32.74,1.6551618814905313,0,0,0,1,0,0,0,0,131,14,25,18,terminal_customer_network_burst,0.18,0.013415715537381934,0.18
X000034084,2026-02-17 22:13:30,C000289,A0000289,M00780,T00700,West,West,435.38,USD,card_present,chip_pin,approved,APPROVE,157.83,2.758537667110182,0,0,0,0,0,0,0,4,97,8,73,18,terminal_customer_network_burst,0.18,0.003044304211723517,0.18
X000198770,2026-02-17 22:13:50,C001627,A0001627,M00087,T00078,South,South,174.13,USD,ecommerce,chip_pin,approved,APPROVE,272.19,0.6397369484551233,0,0,0,1,0,0,0,7,385,13,104,43,customer_velocity;terminal_customer_network_burst,0.43,0.0026803691531925786,0.43
X000239861,2026-02-17 22:14:24,C001955,A0001955,M00257,T00772,South,South,32.09,USD,card_present,wallet_biometric,approved,APPROVE,16.49,1.9460278956943606,0,0,0,0,0,0,0,1,430,26,18,18,terminal_customer_network_burst,0.18,0.15605242060612595,0.18
X000030631,2026-02-17 22:14:35,C000260,A0000260,M00353,T00378,Midwest,Midwest,315.9,USD,card_present,3ds,approved,APPROVE,214.67,1.4715610006055806,0,0,0,0,0,0,0,5,257,13,114,43,customer_velocity;terminal_customer_network_burst,0.43,0.0014643753973609603,0.43
X000087256,2026-02-17 22:14:42,C000732,A0000732,M00764,T00111,West,West,49.77,USD,card_present,3ds,approved,APPROVE,68.51,0.7264632900306525,0,0,0,0,0,0,0,1,54,10,11,18,terminal_customer_network_burst,0.18,0.007903958550291105,0.18
X000036243,2026-02-17 22:14:56,C000309,A0000309,M00055,T01044,South,South,66.57,USD,card_present,chip_pin,approved,APPROVE,56.14,1.1857855361596008,0,0,0,0,0,0,0,3,434,25,33,18,terminal_customer_network_burst,0.18,0.08635646465810091,0.18
X000052915,2026-02-17 22:15:31,C000446,A0000446,M00613,T00449,South,South,29.97,USD,card_present,chip_pin,approved,APPROVE,77.56,0.38641052088705513,0,0,0,0,0,0,0,3,286,17,38,18,terminal_customer_network_burst,0.18,0.015040147643718907,0.18
X000002565,2026-02-17 22:17:05,C000024,A0000024,M00288,T01177,Northeast,Northeast,70.14,USD,mobile_wallet,chip_pin,approved,APPROVE,59.16,1.1855983772819474,0,0,0,0,0,1,0,0,285,17,20,18,terminal_customer_network_burst,0.18,0.0385996667606584,0.18
X000121467,2026-02-17 22:18:51,C001008,A0001008,M00574,T00190,Midwest,Midwest,274.93,USD,card_present,magstripe,approved,APPROVE,287.67,0.9557131435325199,0,0,0,0,1,0,0,6,394,20,71,43,customer_velocity;terminal_customer_network_burst,0.43,0.037128263723498006,0.43
X000075121,2026-02-17 22:19:04,C000631,A0000631,M00044,T01081,Northeast,Northeast,328.11,USD,card_present,chip_pin,approved,APPROVE,287.17,1.1425636382630497,0,0,0,0,0,0,0,3,283,20,77,18,terminal_customer_network_burst,0.18,0.008226052804532842,0.18
X000216651,2026-02-17 22:19:10,C001771,A0001771,M00487,T00270,South,South,27.01,USD,ecommerce,chip_pin,approved,APPROVE,27.71,0.9747383616023096,0,0,0,1,0,0,0,0,242,17,19,18,terminal_customer_network_burst,0.18,0.023264612223450838,0.18
X000217677,2026-02-17 22:19:15,C001777,A0001777,M00198,T00247,Midwest,Midwest,66.01,USD,card_present,magstripe,approved,APPROVE,197.68,0.33392351274787535,0,0,0,0,1,0,0,2,200,17,56,18,terminal_customer_network_burst,0.18,0.012723510687798773,0.18
X000077649,2026-02-17 22:19:48,C000653,A0000653,M00697,T00612,West,West,124.51,USD,ecommerce,3ds,approved,APPROVE,208.69,0.5966265753030812,0,0,0,1,0,0,0,1,121,6,45,0,,0.0,0.0019456804022695503,0.0019456804022695503
X000087072,2026-02-17 22:20:41,C000729,A0000729,M00228,T00522,Northeast,Northeast,40.63,USD,ecommerce,3ds,approved,APPROVE,47.28,0.8593485617597293,0,0,0,1,0,0,0,5,197,17,22,43,customer_velocity;terminal_customer_network_burst,0.43,0.032043317836111265,0.43
X000120256,2026-02-17 22:20:47,C000998,A0000998,M00289,T00362,South,South,40.35,USD,card_present,wallet_biometric,approved,APPROVE,33.52,1.2037589498806682,0,0,0,0,0,0,0,0,283,25,13,18,terminal_customer_network_burst,0.18,0.07980316508955553,0.18
X000221416,2026-02-17 22:20:54,C001804,A0001804,M00154,T01001,South,South,245.63,USD,card_present,chip_pin,approved,APPROVE,206.37,1.1902408295779425,0,0,0,0,0,0,0,4,368,18,86,18,terminal_customer_network_burst,0.18,0.0069236244720351425,0.18
X000067477,2026-02-17 22:21:42,C000571,A0000571,M00372,T00095,South,South,233.95,USD,ecommerce,chip_pin,approved,APPROVE,119.82,1.9525121014855618,0,0,0,1,0,0,0,4,311,21,62,18,terminal_customer_network_burst,0.18,0.026332886134522733,0.18
X000003746,2026-02-17 22:21:58,C000032,A0000032,M00453,T00831,South,South,52.36,USD,card_present,3ds,approved,APPROVE,40.96,1.2783203125,0,0,0,0,0,0,0,2,417,20,30,18,terminal_customer_network_burst,0.18,0.048326310975341666,0.18
X000221155,2026-02-17 22:22:15,C001803,A0001803,M00484,T00479,South,South,66.06,USD,card_present,magstripe,approved,APPROVE,35.8,1.8452513966480448,0,0,0,0,1,0,0,0,280,20,17,18,terminal_customer_network_burst,0.18,0.10543329734604452,0.18
X000050784,2026-02-17 22:22:19,C000426,A0000426,M00638,T00151,Northeast,Northeast,49.09,USD,ecommerce,3ds,approved,APPROVE,59.64,0.8231052984574112,0,0,0,1,0,0,0,1,194,18,17,18,terminal_customer_network_burst,0.18,0.02605508797091975,0.18
X000160498,2026-02-17 22:22:25,C001325,A0001325,M00052,T00843,Northeast,South,49.67,USD,mobile_wallet,magstripe,approved,APPROVE,53.67,0.9254704676728154,0,0,0,0,1,1,1,0,106,13,0,45,new_customer_terminal_pair;terminal_customer_network_burst;home_region_mismatch,0.45,0.39033000024759495,0.45
X000002483,2026-02-17 22:22:35,C000023,A0000023,M00282,T01131,South,South,46.22,USD,card_present,wallet_biometric,approved,APPROVE,34.6,1.3358381502890173,0,0,0,0,0,0,0,5,462,22,23,43,customer_velocity;terminal_customer_network_burst,0.43,0.11701876561305212,0.43
X000212609,2026-02-17 22:23:30,C001734,A0001734,M00064,T00627,Midwest,Midwest,42.91,USD,card_present,magstripe,approved,APPROVE,65.75,0.6526235741444867,0,0,0,0,1,0,0,4,165,17,34,18,terminal_customer_network_burst,0.18,0.03356543946309907,0.18
X000055813,2026-02-17 22:23:35,C000471,A0000471,M00580,T00415,South,South,118.97,USD,mobile_wallet,chip_pin,approved,APPROVE,136.92,0.8689015483494011,0,0,0,0,0,1,0,5,347,21,73,43,customer_velocity;terminal_customer_network_burst,0.43,0.020994084424542984,0.43
X000028668,2026-02-17 22:24:21,C000246,A0000246,M00696,T00898,Midwest,Midwest,10.94,USD,card_present,chip_pin,approved,APPROVE,86.58,0.12635712635712634,0,0,0,0,0,0,0,0,118,11,72,18,terminal_customer_network_burst,0.18,0.0010114484456356983,0.18
X000187491,2026-02-17 22:24:55,C001541,A0001541,M00457,T00634,Midwest,Midwest,75.74,USD,mobile_wallet,chip_pin,approved,APPROVE,126.44,0.5990192976906042,0,0,0,0,0,1,0,5,163,10,71,43,customer_velocity;terminal_customer_network_burst,0.43,0.0034325472210815955,0.43
X000207220,2026-02-17 22:25:06,C001690,A0001690,M00138,T00350,South,South,53.0,USD,ecommerce,3ds,approved,APPROVE,40.07,1.3226853007237334,0,0,0,1,0,0,0,3,104,8,30,18,terminal_customer_network_burst,0.18,0.006524421746753269,0.18
X000151822,2026-02-17 22:25:08,C001247,A0001247,M00486,T00714,South,South,191.08,USD,card_present,chip_pin,approved,APPROVE,119.65,1.5969912244045132,0,0,0,0,0,0,0,2,324,19,44,18,terminal_customer_network_burst,0.18,0.02497963817519947,0.18
X000144432,2026-02-17 22:25:27,C001189,A0001189,M00159,T00555,Northeast,Northeast,48.55,USD,mobile_wallet,3ds,approved,APPROVE,48.86,0.9936553417928775,0,0,0,0,0,1,0,0,140,13,26,18,terminal_customer_network_burst,0.18,0.012883406193545865,0.18
X000199806,2026-02-17 22:26:01,C001637,A0001637,M00247,T01144,South,South,87.87,USD,ecommerce,3ds,approved,APPROVE,150.55,0.5836599136499502,0,0,0,1,0,0,0,5,445,27,82,43,customer_velocity;terminal_customer_network_burst,0.43,0.025522838468224503,0.43
X000096453,2026-02-17 22:26:16,C000806,A0000806,M00184,T00927,South,South,129.81,USD,card_present,magstripe,approved,APPROVE,78.97,1.643788780549576,0,0,0,0,1,0,0,4,405,20,47,18,terminal_customer_network_burst,0.18,0.08305867587648279,0.18
X000122456,2026-02-17 22:26:42,C001015,A0001015,M00326,T01151,Northeast,Northeast,75.05,USD,card_present,magstripe,approved,APPROVE,37.99,1.9755198736509607,0,0,0,0,1,0,0,1,215,12,16,18,terminal_customer_network_burst,0.18,0.04504832912872202,0.18
X000001763,2026-02-17 22:26:53,C000015,A0000015,M00784,T00354,South,South,192.59,USD,ecommerce,chip_pin,approved,APPROVE,115.21,1.671643086537627,0,0,0,1,0,0,0,2,334,14,113,18,terminal_customer_network_burst,0.18,0.0016704736010099475,0.18
X000223439,2026-02-17 22:27:09,C001821,A0001821,M00257,T00772,South,South,117.31,USD,card_present,chip_pin,approved,APPROVE,61.57,1.9053110280980998,0,0,0,0,0,0,0,2,431,26,15,18,terminal_customer_network_burst,0.18,0.18446691452537214,0.18446691452537214
X000108845,2026-02-17 22:27:17,C000912,A0000912,M00679,T01139,Northeast,Northeast,73.76,USD,ecommerce,chip_pin,approved,APPROVE,30.26,2.437541308658295,0,0,0,1,0,0,0,3,216,16,16,18,terminal_customer_network_burst,0.18,0.05345032312366462,0.18
X000122457,2026-02-17 22:27:25,C001015,A0001015,M00573,T00460,Northeast,Northeast,27.03,USD,ecommerce,chip_pin,approved,APPROVE,37.99,0.711503027112398,0,0,0,1,0,0,0,2,178,12,21,18,terminal_customer_network_burst,0.18,0.011729621396117901,0.18
X000196037,2026-02-17 22:27:26,C001610,A0001610,M00120,T00900,Midwest,Midwest,35.04,USD,mobile_wallet,wallet_biometric,approved,APPROVE,44.09,0.7947380358357904,0,0,0,0,0,1,0,2,64,13,24,18,terminal_customer_network_burst,0.18,0.0131869832162109,0.18
X000089263,2026-02-17 22:27:42,C000747,A0000747,M00350,T01102,Midwest,Midwest,38.4,USD,ecommerce,chip_pin,approved,APPROVE,51.44,0.7465007776049767,0,0,0,1,0,0,0,0,123,11,23,18,terminal_customer_network_burst,0.18,0.006816617521808164,0.18
X000056312,2026-02-17 22:27:50,C000475,A0000475,M00297,T00721,Northeast,Northeast,134.54,USD,card_present,3ds,approved,APPROVE,177.62,0.7574597455241526,0,0,0,0,0,0,0,2,278,19,47,18,terminal_customer_network_burst,0.18,0.014432482025805127,0.18
X000099670,2026-02-17 22:28:15,C000837,A0000837,M00159,T00555,Northeast,Northeast,18.38,USD,card_present,chip_pin,approved,APPROVE,44.81,0.4101762999330506,0,0,0,0,0,0,0,3,141,13,41,18,terminal_customer_network_burst,0.18,0.005941254146242664,0.18
X000075122,2026-02-17 22:28:31,C000631,A0000631,M00219,T00193,Northeast,Northeast,200.96,USD,mobile_wallet,magstripe,approved,APPROVE,287.17,0.6997945467841348,0,0,0,0,1,1,0,4,276,10,70,18,terminal_customer_network_burst,0.18,0.009505326578295368,0.18
X000197080,2026-02-17 22:29:07,C001618,A0001618,M00756,T00999,West,West,124.45,USD,ecommerce,magstripe,approved,APPROVE,140.56,0.8853870233352306,0,0,0,1,1,0,0,3,206,11,60,18,terminal_customer_network_burst,0.18,0.00830494233566044,0.18
X000037761,2026-02-17 22:29:25,C000322,A0000322,M00005,T00817,South,South,38.01,USD,mobile_wallet,chip_pin,approved,APPROVE,40.9,0.9293398533007334,0,0,0,0,0,1,0,2,382,19,13,18,terminal_customer_network_burst,0.18,0.08565769553134574,0.18
X000200260,2026-02-17 22:29:37,C001640,A0001640,M00649,T00134,Midwest,Midwest,68.96,USD,ecommerce,3ds,approved,APPROVE,67.1,1.027719821162444,0,0,0,1,0,0,0,0,206,23,17,18,terminal_customer_network_burst,0.18,0.04609717138582465,0.18
X000215086,2026-02-17 22:29:56,C001756,A0001756,M00692,T00191,Northeast,Northeast,49.25,USD,card_present,chip_pin,approved,APPROVE,74.2,0.6637466307277627,0,0,0,0,0,0,0,4,226,19,23,18,terminal_customer_network_burst,0.18,0.03293590222441955,0.18
X000064612,2026-02-17 22:29:59,C000548,A0000548,M00585,T00052,Midwest,Midwest,25.52,USD,card_present,chip_pin,approved,APPROVE,36.4,0.7010989010989012,0,0,0,0,0,0,0,0,246,17,37,18,terminal_customer_network_burst,0.18,0.011227662064266054,0.18
X000244855,2026-02-17 22:29:59,C001995,A0001995,M00338,T00600,Northeast,Northeast,359.65,USD,card_present,wallet_biometric,approved,APPROVE,400.21,0.8986532070662901,0,0,0,0,0,0,0,7,247,10,90,43,customer_velocity;terminal_customer_network_burst,0.43,0.0021826096085204054,0.43
X000178736,2026-02-17 22:30:17,C001472,A0001472,M00394,T00922,South,South,77.01,USD,card_present,3ds,approved,APPROVE,48.86,1.5761358984854688,0,0,0,0,0,0,0,3,389,26,35,18,terminal_customer_network_burst,0.18,0.09434248133600606,0.18
X000144960,2026-02-17 22:30:50,C001193,A0001193,M00326,T00288,Northeast,Northeast,53.0,USD,card_present,magstripe,approved,APPROVE,50.77,1.0439235769155013,0,0,0,0,1,0,0,4,234,16,47,18,terminal_customer_network_burst,0.18,0.02754899761804997,0.18
X000157854,2026-02-17 22:31:30,C001297,A0001297,M00378,T00467,South,South,53.98,USD,mobile_wallet,magstripe,approved,APPROVE,59.03,0.9144502795188886,0,0,0,0,1,1,0,2,238,15,19,18,terminal_customer_network_burst,0.18,0.06664752919904748,0.18
X000225322,2026-02-17 22:31:37,C001836,A0001836,M00613,T00638,South,South,181.03,USD,mobile_wallet,chip_pin,approved,APPROVE,99.19,1.825083173707027,0,0,0,0,0,1,0,7,239,18,46,43,customer_velocity;terminal_customer_network_burst,0.43,0.048653597250680344,0.43
X000117853,2026-02-17 22:31:48,C000976,A0000976,M00397,T00349,Midwest,Midwest,264.07,USD,mobile_wallet,chip_pin,approved,APPROVE,245.46,1.0758168336999918,0,0,0,0,0,1,0,0,149,11,39,18,terminal_customer_network_burst,0.18,0.00708446159148035,0.18
X000147388,2026-02-17 22:32:05,C001216,A0001216,M00549,T00456,South,South,41.08,USD,card_present,wallet_biometric,approved,APPROVE,43.69,0.9402609292744335,0,0,0,0,0,0,0,0,407,24,26,18,terminal_customer_network_burst,0.18,0.05872810180385602,0.18
X000171217,2026-02-17 22:33:09,C001411,A0001411,M00180,T00539,West,West,88.09,USD,mobile_wallet,chip_pin,approved,APPROVE,135.24,0.6513605442176871,0,0,0,0,0,1,0,6,141,8,51,43,customer_velocity;terminal_customer_network_burst,0.43,0.00561956418800508,0.43
X000217919,2026-02-17 22:33:17,C001779,A0001779,M00007,T00210,Midwest,South,51.79,USD,card_present,chip_pin,approved,APPROVE,50.21,1.031467835092611,0,0,0,0,0,0,1,3,251,12,0,45,new_customer_terminal_pair;terminal_customer_network_burst;home_region_mismatch,0.45,0.2725206468258908,0.45
X000006751,2026-02-17 22:33:22,C000060,A0000060,M00151,T00524,Midwest,Midwest,28.95,USD,card_present,chip_pin,approved,APPROVE,53.72,0.5389054355919582,0,0,0,0,0,0,0,4,89,12,14,18,terminal_customer_network_burst,0.18,0.01306903742464676,0.18
X000181865,2026-02-17 22:33:41,C001496,A0001496,M00621,T00383,West,West,31.32,USD,card_present,chip_pin,approved,APPROVE,48.28,0.6487158243579122,0,0,0,0,0,0,0,1,47,7,26,0,,0.0,0.0032462955663750993,0.0032462955663750993
X000066988,2026-02-17 22:33:49,C000568,A0000568,M00516,T00887,Northeast,Northeast,22.14,USD,ecommerce,chip_pin,approved,APPROVE,31.92,0.693609022556391,0,0,0,1,0,0,0,3,74,9,26,18,terminal_customer_network_burst,0.18,0.005993357614084765,0.18
X000136670,2026-02-17 22:33:50,C001124,A0001124,M00681,T01024,West,West,61.48,USD,ecommerce,chip_pin,approved,APPROVE,39.79,1.5451118371450112,0,0,0,1,0,0,0,1,57,16,17,18,terminal_customer_network_burst,0.18,0.01949853707214373,0.18
X000086442,2026-02-17 22:34:06,C000725,A0000725,M00459,T00795,Northeast,Northeast,79.23,USD,card_present,wallet_biometric,approved,APPROVE,82.78,0.957115245228316,0,0,0,0,0,0,0,1,253,11,33,18,terminal_customer_network_burst,0.18,0.007994128343984648,0.18
X000101312,2026-02-17 22:35:12,C000851,A0000851,M00116,T00469,West,West,1205.82,USD,ecommerce,chip_pin,approved,APPROVE,554.65,2.1740196520328134,0,0,0,1,0,0,0,4,91,10,0,33,new_customer_terminal_pair;terminal_customer_network_burst,0.33,0.03293330123154105,0.33
X000195641,2026-02-17 22:35:34,C001606,A0001606,M00442,T00553,West,West,122.64,USD,mobile_wallet,3ds,approved,APPROVE,119.37,1.027393817542096,0,0,0,0,0,1,0,2,93,8,62,18,terminal_customer_network_burst,0.18,0.002532675396834695,0.18
X000045128,2026-02-17 22:35:41,C000379,A0000379,M00080,T00347,Midwest,Midwest,163.51,USD,card_present,magstripe,approved,APPROVE,300.48,0.544162673056443,0,0,0,0,1,0,0,10,140,11,51,63,customer_velocity;high_customer_velocity;terminal_customer_network_burst,0.63,0.01750707607908089,0.63
X000206553,2026-02-17 22:35:48,C001686,A0001686,M00663,T00502,West,West,41.15,USD,card_present,3ds,approved,APPROVE,109.29,0.37652118217586233,0,0,0,0,0,0,0,1,262,11,37,18,terminal_customer_network_burst,0.18,0.005680053394955777,0.18
X000216869,2026-02-17 22:36:23,C001772,A0001772,M00265,T00865,West,West,79.41,USD,ecommerce,chip_pin,approved,APPROVE,93.69,0.8475824527697726,0,0,0,1,0,0,0,6,195,9,51,43,customer_velocity;terminal_customer_network_burst,0.43,0.0055145807658028186,0.43
X000041327,2026-02-17 22:36:41,C000349,A0000349,M00471,T00670,Midwest,Midwest,304.47,USD,ecommerce,wallet_biometric,approved,APPROVE,285.86,1.0651017980829778,0,0,0,1,0,0,0,7,354,23,61,43,customer_velocity;terminal_customer_network_burst,0.43,0.03778395793169407,0.43
X000240028,2026-02-17 22:36:52,C001957,A0001957,M00668,T00869,Midwest,Midwest,23.84,USD,card_present,magstripe,approved,APPROVE,49.97,0.4770862517510506,0,0,0,0,1,0,0,0,243,13,23,18,terminal_customer_network_burst,0.18,0.021444826969817195,0.18
X000195642,2026-02-17 22:37:33,C001606,A0001606,M00037,T00050,West,West,118.02,USD,ecommerce,3ds,approved,APPROVE,119.37,0.9886906257853731,0,0,0,1,0,0,0,3,158,12,67,18,terminal_customer_network_burst,0.18,0.0031719352498964706,0.18
X000082476,2026-02-17 22:37:37,C000691,A0000691,M00285,T00370,Midwest,Midwest,38.83,USD,ecommerce,chip_pin,approved,APPROVE,39.53,0.9822919301796104,0,0,0,1,0,0,0,1,205,15,17,18,terminal_customer_network_burst,0.18,0.02014276540427309,0.18
X000149280,2026-02-17 22:38:18,C001228,A0001228,M00282,T01131,South,South,68.58,USD,ecommerce,chip_pin,approved,APPROVE,55.14,1.2437431991294885,0,0,0,1,0,0,0,5,463,22,63,43,customer_velocity;terminal_customer_network_burst,0.43,0.03546851942904035,0.43
X000171378,2026-02-17 22:38:20,C001412,A0001412,M00699,T00493,Midwest,Midwest,47.48,USD,card_present,wallet_biometric,approved,APPROVE,62.79,0.756171364867017,0,0,0,0,0,0,0,0,249,14,42,18,terminal_customer_network_burst,0.18,0.006913732174215254,0.18
X000208660,2026-02-17 22:38:45,C001702,A0001702,M00413,T00299,West,West,268.99,USD,ecommerce,chip_pin,approved,APPROVE,260.4,1.0329877112135177,0,0,0,1,0,0,0,5,109,8,79,43,customer_velocity;terminal_customer_network_burst,0.43,0.001518233365238372,0.43
X000121161,2026-02-17 22:40:04,C001006,A0001006,M00326,T01151,Northeast,Northeast,32.45,USD,ecommerce,3ds,approved,APPROVE,37.46,0.8662573411639082,0,0,0,1,0,0,0,2,216,12,37,18,terminal_customer_network_burst,0.18,0.008220512643181707,0.18
X000113794,2026-02-17 22:40:20,C000947,A0000947,M00295,T00926,South,South,49.95,USD,ecommerce,3ds,approved,APPROVE,64.03,0.780103076682805,0,0,0,1,0,0,0,3,150,16,34,18,terminal_customer_network_burst,0.18,0.013293970088932124,0.18
X000212467,2026-02-17 22:40:41,C001733,A0001733,M00564,T01141,Northeast,Northeast,89.8,USD,card_present,chip_pin,approved,APPROVE,162.51,0.5525813796074088,0,0,0,0,0,0,0,5,274,16,62,43,customer_velocity;terminal_customer_network_burst,0.43,0.008094630417361897,0.43
X000108269,2026-02-17 22:41:05,C000906,A0000906,M00278,T01124,Northeast,Northeast,22.88,USD,card_present,chip_pin,approved,APPROVE,42.77,0.5349544072948328,0,0,0,0,0,0,0,2,241,16,16,18,terminal_customer_network_burst,0.18,0.022780002975599463,0.18
X000132153,2026-02-17 22:41:15,C001088,A0001088,M00352,T00215,Midwest,Midwest,42.99,USD,card_present,chip_pin,approved,APPROVE,66.04,0.6509691096305269,0,0,0,0,0,0,0,1,194,15,35,18,terminal_customer_network_burst,0.18,0.00912423472555919,0.18
X000086137,2026-02-17 22:41:44,C000722,A0000722,M00345,T01160,South,South,92.44,USD,mobile_wallet,3ds,approved,APPROVE,67.09,1.3778506483827693,0,0,0,0,0,1,0,3,117,12,19,18,terminal_customer_network_burst,0.18,0.022346121969063583,0.18
X000098607,2026-02-17 22:41:56,C000826,A0000826,M00310,T00621,West,West,34.27,USD,card_present,magstripe,approved,APPROVE,29.66,1.1554281861092381,0,0,0,0,1,0,0,5,56,9,24,43,customer_velocity;terminal_customer_network_burst,0.43,0.018993990353025174,0.43
X000054707,2026-02-17 22:42:22,C000462,A0000462,M00029,T00167,South,South,38.5,USD,ecommerce,wallet_biometric,approved,APPROVE,35.57,1.082372786055665,0,0,0,1,0,0,0,0,272,18,25,18,terminal_customer_network_burst,0.18,0.024315170145450208,0.18
X000236582,2026-02-17 22:42:32,C001929,A0001929,M00452,T00101,Northeast,Northeast,91.69,USD,ecommerce,chip_pin,approved,APPROVE,150.31,0.6100059876255738,0,0,0,1,0,0,0,5,269,10,77,43,customer_velocity;terminal_customer_network_burst,0.43,0.00261073978876844,0.43
X000032143,2026-02-17 22:42:46,C000272,A0000272,M00399,T00567,West,West,56.11,USD,ecommerce,magstripe,approved,APPROVE,36.14,1.5525733259546208,0,0,0,1,1,0,0,4,134,11,28,18,terminal_customer_network_burst,0.18,0.02827472291176016,0.18
X000113795,2026-02-17 22:42:51,C000947,A0000947,M00693,T01048,South,South,29.08,USD,card_present,3ds,approved,APPROVE,64.03,0.45416211151022956,0,0,0,0,0,0,0,4,197,13,44,18,terminal_customer_network_burst,0.18,0.007125749876527224,0.18
X000167284,2026-02-17 22:43:04,C001381,A0001381,M00068,T00322,Northeast,Northeast,90.63,USD,mobile_wallet,chip_pin,approved,APPROVE,184.34,0.4916458717587067,0,0,0,0,0,1,0,4,296,20,40,18,terminal_customer_network_burst,0.18,0.035852769182091626,0.18
X000076136,2026-02-17 22:43:06,C000639,A0000639,M00271,T01087,Northeast,Northeast,36.3,USD,ecommerce,wallet_biometric,approved,APPROVE,45.73,0.793789634813033,0,0,0,1,0,0,0,4,231,20,53,18,terminal_customer_network_burst,0.18,0.01604057824021293,0.18
X000119766,2026-02-17 22:43:09,C000994,A0000994,M00366,T00195,Northeast,Northeast,84.38,USD,ecommerce,chip_pin,approved,APPROVE,87.42,0.965225348890414,0,0,0,1,0,0,0,2,190,12,25,18,terminal_customer_network_burst,0.18,0.011782550631712936,0.18
X000100310,2026-02-17 22:43:15,C000844,A0000844,M00137,T00381,Midwest,Midwest,24.11,USD,ecommerce,wallet_biometric,approved,APPROVE,68.6,0.3514577259475219,0,0,0,1,0,0,0,1,185,14,53,18,terminal_customer_network_burst,0.18,0.004136733037471015,0.18
X000083804,2026-02-17 22:43:16,C000700,A0000700,M00354,T00072,Northeast,Northeast,121.38,USD,ecommerce,chip_pin,approved,APPROVE,52.12,2.3288564850345357,0,0,0,1,0,0,0,1,161,19,23,18,terminal_customer_network_burst,0.18,0.04041533886283401,0.18
X000052089,2026-02-17 22:43:38,C000440,A0000440,M00036,T00993,Northeast,Northeast,27.65,USD,card_present,chip_pin,approved,APPROVE,46.14,0.5992631122670135,0,0,0,0,0,0,0,2,174,13,29,18,terminal_customer_network_burst,0.18,0.009146729327631702,0.18
X000111955,2026-02-17 22:43:41,C000934,A0000934,M00318,T00746,Midwest,Midwest,48.57,USD,ecommerce,wallet_biometric,approved,APPROVE,114.46,0.4243403809190984,0,0,0,1,0,0,0,5,371,25,47,43,customer_velocity;terminal_customer_network_burst,0.43,0.04751272712343331,0.43
X000140080,2026-02-17 22:43:53,C001154,A0001154,M00556,T00223,South,South,165.22,USD,mobile_wallet,chip_pin,approved,APPROVE,200.38,0.8245333865655256,0,0,0,0,0,1,0,2,289,15,64,18,terminal_customer_network_burst,0.18,0.008283160743514265,0.18
X000139137,2026-02-17 22:43:55,C001146,A0001146,M00210,T01163,South,South,100.65,USD,card_present,magstripe,approved,APPROVE,45.52,2.211115992970123,0,0,0,0,1,0,0,1,145,11,22,18,terminal_customer_network_burst,0.18,0.030695497086935447,0.18
X000158739,2026-02-17 22:45:01,C001305,A0001305,M00100,T00272,Northeast,Northeast,37.06,USD,card_present,chip_pin,approved,APPROVE,41.2,0.8995145631067961,0,0,0,0,0,0,0,2,131,10,55,18,terminal_customer_network_burst,0.18,0.0027982934926923243,0.18
X000024786,2026-02-17 22:45:09,C000209,A0000209,M00576,T00152,Midwest,Midwest,91.06,USD,card_present,chip_pin,approved,APPROVE,66.94,1.360322677024201,0,0,0,0,0,0,0,2,125,19,29,18,terminal_customer_network_burst,0.18,0.02216135651968592,0.18
X000198771,2026-02-17 22:45:28,C001627,A0001627,M00779,T00146,South,South,284.34,USD,card_present,chip_pin,approved,APPROVE,272.19,1.0446379367353686,0,0,0,0,0,0,0,8,461,19,74,43,customer_velocity;terminal_customer_network_burst,0.43,0.021795950622467208,0.43
X000216559,2026-02-17 22:45:37,C001770,A0001770,M00576,T00152,Midwest,Midwest,58.94,USD,card_present,chip_pin,approved,APPROVE,144.7,0.4073255010366275,0,0,0,0,0,0,0,3,126,19,28,18,terminal_customer_network_burst,0.18,0.017580025416215936,0.18
X000228198,2026-02-17 22:45:56,C001858,A0001858,M00598,T00688,West,West,103.06,USD,card_present,wallet_biometric,approved,APPROVE,63.67,1.6186587089681168,0,0,0,0,0,0,0,2,131,13,20,18,terminal_customer_network_burst,0.18,0.01651281352497161,0.18
X000078401,2026-02-17 22:46:49,C000659,A0000659,M00087,T00594,South,South,31.83,USD,mobile_wallet,3ds,approved,APPROVE,31.77,1.0018885741265344,0,0,0,0,0,1,0,3,146,14,53,18,terminal_customer_network_burst,0.18,0.00879178190392286,0.18
X000059160,2026-02-17 22:46:56,C000502,A0000502,M00309,T00916,South,Northeast,47.8,USD,ecommerce,chip_pin,approved,APPROVE,44.15,1.0826727066817667,0,0,0,1,0,0,1,5,212,17,0,70,customer_velocity;new_customer_terminal_pair;terminal_customer_network_burst;home_region_mismatch,0.7,0.4558846388761967,0.7
X000216560,2026-02-17 22:47:13,C001770,A0001770,M00285,T01108,Midwest,Midwest,178.18,USD,ecommerce,chip_pin,approved,APPROVE,144.7,1.2313752591568765,0,0,0,1,0,0,0,4,331,13,29,18,terminal_customer_network_burst,0.18,0.0233930649096459,0.18
X000220847,2026-02-17 22:47:20,C001800,A0001800,M00168,T00981,Northeast,Northeast,382.16,USD,ecommerce,chip_pin,approved,APPROVE,186.73,2.04659133508274,0,0,0,1,0,0,0,8,330,16,124,43,customer_velocity;terminal_customer_network_burst,0.43,0.0034639907701618476,0.43
X000151077,2026-02-17 22:47:24,C001241,A0001241,M00168,T00981,Northeast,Northeast,536.58,USD,ecommerce,wallet_biometric,approved,APPROVE,279.08,1.9226745019349294,0,0,0,1,0,0,0,1,331,16,61,18,terminal_customer_network_burst,0.18,0.011128079202665165,0.18
X000201454,2026-02-17 22:47:31,C001649,A0001649,M00416,T01140,Midwest,West,14.3,USD,mobile_wallet,3ds,approved,APPROVE,31.27,0.45730732331307966,0,0,0,0,0,1,1,0,110,10,0,45,new_customer_terminal_pair;terminal_customer_network_burst;home_region_mismatch,0.45,0.14666512038618373,0.45
X000209601,2026-02-17 22:47:35,C001710,A0001710,M00285,T00370,Midwest,Midwest,44.04,USD,ecommerce,wallet_biometric,approved,APPROVE,109.77,0.40120251434818255,0,0,0,1,0,0,0,2,206,15,45,18,terminal_customer_network_burst,0.18,0.007303878752648598,0.18
X000209081,2026-02-17 22:47:36,C001705,A0001705,M00634,T01016,Northeast,Northeast,68.34,USD,card_present,chip_pin,approved,APPROVE,62.52,1.0930902111324377,0,0,0,0,0,0,0,1,219,17,28,18,terminal_customer_network_burst,0.18,0.01839862755626018,0.18
X000238861,2026-02-17 22:47:49,C001948,A0001948,M00266,T01058,Northeast,Northeast,67.98,USD,mobile_wallet,wallet_biometric,approved,APPROVE,121.1,0.5613542526837325,0,0,0,0,0,1,0,0,78,11,46,18,terminal_customer_network_burst,0.18,0.003819182244713329,0.18
X000066800,2026-02-17 22:47:56,C000566,A0000566,M00286,T00097,West,West,44.72,USD,card_present,3ds,approved,APPROVE,39.44,1.133874239350913,0,0,0,0,0,0,0,0,45,7,23,0,,0.0,0.003855579042817834,0.003855579042817834
X000078402,2026-02-17 22:48:00,C000659,A0000659,M00434,T00133,South,South,28.31,USD,card_present,3ds,approved,APPROVE,31.77,0.8910922253698458,0,0,0,0,0,0,0,4,325,16,56,18,terminal_customer_network_burst,0.18,0.011415128698732232,0.18
X000240577,2026-02-17 22:48:07,C001961,A0001961,M00453,T00831,South,South,40.58,USD,ecommerce,magstripe,soft_decline,CHALLENGE,100.48,0.40386146496815284,0,0,1,1,1,0,0,9,418,20,79,51,customer_velocity;terminal_customer_network_burst;authentication_soft_decline,0.51,0.15285947048430318,0.51
X000014286,2026-02-17 22:48:41,C000121,A0000121,M00541,T00575,South,South,27.68,USD,card_present,chip_pin,approved,APPROVE,58.02,0.4770768700448121,0,0,0,0,0,0,0,0,178,12,29,18,terminal_customer_network_burst,0.18,0.006183013090692136,0.18
X000115521,2026-02-17 22:48:59,C000959,A0000959,M00745,T00823,Northeast,Northeast,141.05,USD,ecommerce,wallet_biometric,approved,APPROVE,188.1,0.7498670919723552,0,0,0,1,0,0,0,1,347,13,57,18,terminal_customer_network_burst,0.18,0.005755964698238152,0.18
X000202571,2026-02-17 22:49:03,C001657,A0001657,M00147,T00410,South,South,76.86,USD,card_present,chip_pin,approved,APPROVE,57.93,1.326773692387364,0,0,0,0,0,0,0,2,145,13,24,18,terminal_customer_network_burst,0.18,0.013384606620759071,0.18
X000072727,2026-02-17 22:49:09,C000614,A0000614,M00507,T00639,South,South,318.46,USD,ecommerce,3ds,approved,APPROVE,325.59,0.9781012930372555,0,0,0,1,0,0,0,4,144,12,53,18,terminal_customer_network_burst,0.18,0.005392297471149406,0.18
X000226941,2026-02-17 22:49:34,C001850,A0001850,M00427,T01200,South,South,19.97,USD,ecommerce,3ds,approved,APPROVE,35.81,0.5576654565763752,0,0,0,1,0,0,0,0,246,18,18,18,terminal_customer_network_burst,0.18,0.02306982343771278,0.18
X000105152,2026-02-17 22:49:35,C000884,A0000884,M00147,T00338,South,South,43.79,USD,card_present,3ds,approved,APPROVE,29.77,1.4709439032583138,0,0,0,0,0,0,0,3,303,12,32,18,terminal_customer_network_burst,0.18,0.016390972218846618,0.18
X000023808,2026-02-17 22:50:56,C000201,A0000201,M00594,T01188,Northeast,Northeast,391.37,USD,mobile_wallet,wallet_biometric,approved,APPROVE,309.26,1.265504753282028,0,0,0,0,0,1,0,4,459,22,83,18,terminal_customer_network_burst,0.18,0.023767084012204273,0.18
X000203749,2026-02-17 22:51:02,C001666,A0001666,M00585,T00119,Midwest,Midwest,737.47,USD,card_present,3ds,approved,APPROVE,309.93,2.3794727841770724,0,0,0,0,0,0,0,4,182,20,53,18,terminal_customer_network_burst,0.18,0.02535751803949652,0.18
X000169689,2026-02-17 22:51:48,C001400,A0001400,M00378,T01196,South,South,157.32,USD,card_present,3ds,approved,APPROVE,210.06,0.7489288774635818,0,0,0,0,0,0,0,10,185,10,85,63,customer_velocity;high_customer_velocity;terminal_customer_network_burst,0.63,0.002930555058222691,0.63
X000079618,2026-02-17 22:52:24,C000670,A0000670,M00766,T00816,West,West,45.31,USD,card_present,3ds,approved,APPROVE,36.5,1.2413698630136987,0,0,0,0,0,0,0,0,113,10,27,18,terminal_customer_network_burst,0.18,0.0060110076643746235,0.18
X000175198,2026-02-17 22:54:07,C001442,A0001442,M00012,T01105,West,West,274.43,USD,card_present,wallet_biometric,approved,APPROVE,79.02,3.4729182485446723,0,0,0,0,0,0,0,1,215,16,28,48,amount_vs_profile;terminal_customer_network_burst,0.48,0.04173315944090603,0.48
X000085553,2026-02-17 22:54:12,C000715,A0000715,M00500,T00780,Midwest,Midwest,17.43,USD,ecommerce,3ds,approved,APPROVE,20.07,0.8684603886397608,0,0,0,1,0,0,0,1,153,14,30,18,terminal_customer_network_burst,0.18,0.009882493321526435,0.18
X000084807,2026-02-17 22:54:14,C000709,A0000709,M00778,T00222,South,South,152.98,USD,card_present,3ds,approved,APPROVE,116.1,1.3176571920757967,0,0,0,0,0,0,0,5,145,14,48,43,customer_velocity;terminal_customer_network_burst,0.43,0.009839666150564754,0.43
X000043315,2026-02-17 22:54:31,C000366,A0000366,M00712,T00064,South,South,23.57,USD,card_present,3ds,approved,APPROVE,28.9,0.8155709342560554,0,0,0,0,0,0,0,0,317,16,19,18,terminal_customer_network_burst,0.18,0.022279259405454648,0.18
X000089821,2026-02-17 22:54:45,C000750,A0000750,M00311,T01079,Midwest,Midwest,112.53,USD,card_present,chip_pin,approved,APPROVE,91.76,1.2263513513513513,0,0,0,0,0,0,0,0,169,17,31,18,terminal_customer_network_burst,0.18,0.013828189048908052,0.18
X000210286,2026-02-17 22:54:54,C001714,A0001714,M00486,T00218,South,South,73.5,USD,mobile_wallet,chip_pin,approved,APPROVE,80.25,0.9158878504672897,0,0,0,0,0,1,0,1,217,16,66,18,terminal_customer_network_burst,0.18,0.006707045294787308,0.18
X000179560,2026-02-17 22:55:43,C001476,A0001476,M00450,T00640,Northeast,Northeast,134.73,USD,card_present,magstripe,approved,APPROVE,246.77,0.5459739838716213,0,0,0,0,1,0,0,8,397,11,94,43,customer_velocity;terminal_customer_network_burst,0.43,0.006707663775258348,0.43
X000088971,2026-02-17 22:55:44,C000745,A0000745,M00690,T00363,Northeast,Northeast,345.73,USD,ecommerce,chip_pin,approved,APPROVE,273.0,1.2664102564102564,0,0,0,1,0,0,0,9,239,18,89,43,customer_velocity;terminal_customer_network_burst,0.43,0.008824573461773483,0.43
X000219884,2026-02-17 22:55:51,C001796,A0001796,M00478,T00667,Midwest,Midwest,48.78,USD,ecommerce,wallet_biometric,approved,APPROVE,29.05,1.6791738382099828,0,0,0,1,0,0,0,2,297,18,51,18,terminal_customer_network_burst,0.18,0.018106473743917585,0.18
X000169690,2026-02-17 22:56:04,C001400,A0001400,M00282,T00583,South,South,204.61,USD,card_present,wallet_biometric,approved,APPROVE,210.06,0.9740550318956489,0,0,0,0,0,0,0,11,422,22,97,63,customer_velocity;high_customer_velocity;terminal_customer_network_burst,0.63,0.018512337286457806,0.63
X000227456,2026-02-17 22:56:17,C001853,A0001853,M00684,T01008,West,West,169.58,USD,card_present,3ds,approved,APPROVE,242.76,0.6985500082385896,0,0,0,0,0,0,0,6,152,13,64,43,customer_velocity;terminal_customer_network_burst,0.43,0.004643514122395445,0.43
X000126640,2026-02-17 22:57:12,C001042,A0001042,M00052,T00843,South,South,10.07,USD,mobile_wallet,chip_pin,approved,APPROVE,16.47,0.6114146933819066,0,0,0,0,0,1,0,1,107,14,48,18,terminal_customer_network_burst,0.18,0.006313413637880238,0.18
X000246009,2026-02-17 22:57:14,C000071,A0000071,M00208,T00633,Northeast,Midwest,4.37,USD,card_present,3ds,approved,APPROVE,42.16,0.10365275142314992,0,0,0,0,0,0,1,2,182,15,1,65,terminal_customer_network_burst;low_value_testing_velocity;home_region_mismatch,0.65,0.2087018398791536,0.65
X000172681,2026-02-17 22:57:29,C001424,A0001424,M00667,T00609,Northeast,Northeast,14.75,USD,card_present,3ds,approved,APPROVE,44.21,0.3336349242252884,0,0,0,0,0,0,0,1,403,25,27,18,terminal_customer_network_burst,0.18,0.05582692500319864,0.18
X000246010,2026-02-17 22:57:59,C000767,A0000767,M00208,T00633,South,Midwest,1.01,USD,card_present,magstripe,approved,APPROVE,94.13,0.010729841708275789,0,0,0,0,1,0,1,1,183,15,5,30,terminal_customer_network_burst;home_region_mismatch,0.3,0.30174587076333115,0.30174587076333115
X000151293,2026-02-17 22:58:02,C001242,A0001242,M00052,T00717,South,South,325.28,USD,mobile_wallet,chip_pin,approved,APPROVE,122.13,2.6633914681077537,0,0,0,0,0,1,0,3,186,19,44,18,terminal_customer_network_burst,0.18,0.044979971200808905,0.18
X000238862,2026-02-17 22:58:41,C001948,A0001948,M00667,T00609,Northeast,Northeast,42.16,USD,ecommerce,chip_pin,approved,APPROVE,121.1,0.3481420313790256,0,0,0,1,0,0,0,1,404,25,60,18,terminal_customer_network_burst,0.18,0.021064690033104714,0.18
X000246011,2026-02-17 22:58:44,C000589,A0000589,M00208,T00633,South,Midwest,2.81,USD,ecommerce,3ds,approved,APPROVE,211.98,0.013255967544107936,0,0,0,1,0,0,1,8,184,15,2,90,customer_velocity;terminal_customer_network_burst;low_value_testing_velocity;home_region_mismatch,0.9,0.34636384442407153,0.9
X000178962,2026-02-17 22:58:57,C001473,A0001473,M00613,T00638,South,South,79.62,USD,card_present,chip_pin,approved,APPROVE,57.26,1.3904994760740483,0,0,0,0,0,0,0,4,240,18,42,18,terminal_customer_network_burst,0.18,0.022237212580266043,0.18
X000070374,2026-02-17 22:59:02,C000597,A0000597,M00718,T00580,South,South,94.97,USD,card_present,3ds,approved,APPROVE,149.87,0.6336825248548742,0,0,0,0,0,0,0,4,122,17,66,18,terminal_customer_network_burst,0.18,0.0049824331213304774,0.18
X000061803,2026-02-17 22:59:07,C000526,A0000526,M00524,T00033,West,West,122.9,USD,mobile_wallet,wallet_biometric,approved,APPROVE,156.59,0.7848521616961492,0,0,0,0,0,1,0,5,112,10,82,43,customer_velocity;terminal_customer_network_burst,0.43,0.0022727393973538956,0.43
X000246012,2026-02-17 22:59:29,C000767,A0000767,M00208,T00633,South,Midwest,0.98,USD,card_present,chip_pin,soft_decline,APPROVE,94.13,0.010411133538723043,0,0,1,0,0,0,1,2,185,15,6,73,terminal_customer_network_burst;low_value_testing_velocity;authentication_soft_decline;home_region_mismatch,0.73,0.5082994089709495,0.73
X000171821,2026-02-17 22:59:46,C001417,A0001417,M00282,T01071,South,South,16.88,USD,card_present,chip_pin,approved,APPROVE,63.84,0.26441102756892226,0,0,0,0,0,0,0,1,133,8,15,18,terminal_customer_network_burst,0.18,0.005567127764683892,0.18
X000217678,2026-02-17 22:59:51,C001777,A0001777,M00023,T00108,Midwest,Midwest,125.23,USD,card_present,3ds,approved,APPROVE,197.68,0.6334985835694051,0,0,0,0,0,0,0,3,302,13,58,18,terminal_customer_network_burst,0.18,0.005675657392814239,0.18
X000246013,2026-02-17 23:00:14,C000589,A0000589,M00208,T00633,South,Midwest,0.97,USD,card_present,chip_pin,soft_decline,APPROVE,211.98,0.004575903387111992,1,0,1,0,0,0,1,9,186,15,3,100,customer_velocity;terminal_customer_network_burst;low_value_testing_velocity;night_activity;authentication_soft_decline;home_region_mismatch,1.0,0.7865281218802752,1.0
X000246014,2026-02-17 23:00:59,C000457,A0000457,M00208,T00633,West,Midwest,1.68,USD,card_present,magstripe,approved,APPROVE,58.8,0.02857142857142857,1,0,0,0,1,0,1,1,187,15,4,38,terminal_customer_network_burst;night_activity;home_region_mismatch,0.38,0.3913126664186784,0.3913126664186784
X000142097,2026-02-17 23:01:04,C001171,A0001171,M00008,T00319,South,West,63.96,USD,card_present,wallet_biometric,approved,APPROVE,107.06,0.5974220063515785,1,0,0,0,0,0,1,4,66,15,0,53,new_customer_terminal_pair;terminal_customer_network_burst;night_activity;home_region_mismatch,0.53,0.3068526970191038,0.53
X000065327,2026-02-17 23:01:11,C000553,A0000553,M00692,T00191,Northeast,Northeast,59.73,USD,card_present,chip_pin,approved,APPROVE,69.68,0.8572043628013776,1,0,0,0,0,0,0,2,227,19,34,26,terminal_customer_network_burst;night_activity,0.26,0.028064351040223052,0.26
X000066686,2026-02-17 23:01:22,C000565,A0000565,M00277,T00518,Midwest,Midwest,58.57,USD,mobile_wallet,wallet_biometric,approved,APPROVE,24.38,2.4023789991796556,1,0,0,0,0,1,0,2,198,12,39,26,terminal_customer_network_burst;night_activity,0.26,0.02732651561512911,0.26
X000240854,2026-02-17 23:01:39,C001965,A0001965,M00191,T00188,Midwest,Midwest,34.21,USD,ecommerce,magstripe,approved,APPROVE,74.7,0.45796519410977243,1,0,0,1,1,0,0,1,161,14,21,46,terminal_customer_network_burst;ecommerce_authentication_shift;night_activity,0.46,0.034319983620565424,0.46
X000246015,2026-02-17 23:01:44,C000589,A0000589,M00208,T00633,South,Midwest,1.1,USD,mobile_wallet,3ds,approved,APPROVE,211.98,0.005189168789508445,1,0,0,0,0,1,1,10,188,15,4,100,customer_velocity;high_customer_velocity;terminal_customer_network_burst;low_value_testing_velocity;night_activity;home_region_mismatch,1.0,0.5615632669281825,1.0
X000204116,2026-02-17 23:02:06,C001667,A0001667,M00294,T00904,South,South,89.37,USD,card_present,wallet_biometric,approved,APPROVE,187.97,0.4754482098207161,1,0,0,0,0,0,0,8,272,15,103,51,customer_velocity;terminal_customer_network_burst;night_activity,0.51,0.0036975638216853795,0.51
X000099671,2026-02-17 23:02:08,C000837,A0000837,M00159,T00555,Northeast,Northeast,43.78,USD,card_present,chip_pin,approved,APPROVE,44.81,0.9770140593617496,1,0,0,0,0,0,0,4,142,13,42,26,terminal_customer_network_burst;night_activity,0.26,0.011507964897846936,0.26
X000246016,2026-02-17 23:02:29,C000071,A0000071,M00208,T00633,Northeast,Midwest,1.39,USD,mobile_wallet,chip_pin,approved,APPROVE,42.16,0.0329696394686907,1,0,0,0,0,1,1,2,189,15,2,73,terminal_customer_network_burst;low_value_testing_velocity;night_activity;home_region_mismatch,0.73,0.3503220268324375,0.73
X000113796,2026-02-17 23:02:52,C000947,A0000947,M00693,T01048,South,South,29.38,USD,ecommerce,3ds,approved,APPROVE,64.03,0.45884741527409023,1,0,0,1,0,0,0,5,198,13,45,51,customer_velocity;terminal_customer_network_burst;night_activity,0.51,0.011590379313219998,0.51
X000246017,2026-02-17 23:03:14,C000071,A0000071,M00208,T00633,Northeast,Midwest,1.29,USD,ecommerce,magstripe,soft_decline,APPROVE,42.16,0.030597722960151806,1,0,1,1,1,0,1,3,190,15,3,100,terminal_customer_network_burst;low_value_testing_velocity;ecommerce_authentication_shift;night_activity;authentication_soft_decline;home_region_mismatch,1.0,0.8097176838041649,1.0
X000155506,2026-02-17 23:03:56,C001280,A0001280,M00012,T01105,West,West,113.75,USD,card_present,chip_pin,approved,APPROVE,118.5,0.959915611814346,1,0,0,0,0,0,0,7,216,16,68,51,customer_velocity;terminal_customer_network_burst;night_activity,0.51,0.012083294044841082,0.51
X000246018,2026-02-17 23:03:59,C000457,A0000457,M00208,T00633,West,Midwest,3.61,USD,ecommerce,chip_pin,approved,APPROVE,58.8,0.061394557823129255,1,0,0,1,0,0,1,2,191,15,5,73,terminal_customer_network_burst;low_value_testing_velocity;night_activity;home_region_mismatch,0.73,0.25809187172629616,0.73
X000006827,2026-02-17 23:04:00,C000061,A0000061,M00259,T00535,Northeast,Northeast,17.48,USD,card_present,chip_pin,approved,APPROVE,24.76,0.7059773828756057,1,0,0,0,0,0,0,1,193,15,20,26,terminal_customer_network_burst;night_activity,0.26,0.021188870530158287,0.26
X000128722,2026-02-17 23:04:35,C001059,A0001059,M00068,T00683,Northeast,Northeast,71.95,USD,card_present,3ds,soft_decline,CHALLENGE,58.72,1.2253065395095368,1,0,1,0,0,0,0,0,174,12,28,34,terminal_customer_network_burst;night_activity;authentication_soft_decline,0.34,0.05489664527426068,0.34
X000072249,2026-02-17 23:04:43,C000610,A0000610,M00441,T01043,West,West,129.09,USD,mobile_wallet,chip_pin,approved,APPROVE,97.14,1.3289067325509574,1,0,0,0,0,1,0,4,202,10,98,26,terminal_customer_network_burst;night_activity,0.26,0.002674882034138272,0.26
X000158740,2026-02-17 23:04:43,C001305,A0001305,M00501,T01003,Northeast,Northeast,29.85,USD,ecommerce,chip_pin,approved,APPROVE,41.2,0.7245145631067961,1,0,0,1,0,0,0,3,220,18,47,26,terminal_customer_network_burst;night_activity,0.26,0.018219270688940862,0.26
X000246019,2026-02-17 23:04:44,C000589,A0000589,M00208,T00633,South,Midwest,1.81,USD,card_present,3ds,approved,APPROVE,211.98,0.00853854137182753,1,0,0,0,0,0,1,11,192,15,5,100,customer_velocity;high_customer_velocity;terminal_customer_network_burst;low_value_testing_velocity;night_activity;home_region_mismatch,1.0,0.4833264489890597,1.0
X000162332,2026-02-17 23:04:58,C001340,A0001340,M00052,T00843,South,South,169.03,USD,card_present,chip_pin,approved,APPROVE,94.89,1.7813257456001685,1,0,0,0,0,0,0,1,108,14,34,26,terminal_customer_network_burst;night_activity,0.26,0.014961574783451103,0.26
X000168184,2026-02-17 23:05:24,C001390,A0001390,M00341,T00572,Midwest,Midwest,90.86,USD,ecommerce,3ds,approved,APPROVE,129.37,0.702326659967535,1,0,0,1,0,0,0,0,250,15,19,26,terminal_customer_network_burst;night_activity,0.26,0.02368885435165549,0.26
X000246020,2026-02-17 23:05:29,C000767,A0000767,M00208,T00633,South,Midwest,2.17,USD,card_present,chip_pin,approved,APPROVE,94.13,0.02305322426431531,1,0,0,0,0,0,1,3,193,15,7,73,terminal_customer_network_burst;low_value_testing_velocity;night_activity;home_region_mismatch,0.73,0.255905093378736,0.73
X000062619,2026-02-17 23:06:39,C000531,A0000531,M00211,T01050,Midwest,Midwest,521.9,USD,ecommerce,3ds,approved,APPROVE,214.99,2.4275547699893014,1,0,0,1,0,0,0,6,240,8,84,51,customer_velocity;terminal_customer_network_burst;night_activity,0.51,0.005075504191104132,0.51
X000237694,2026-02-17 23:07:11,C001938,A0001938,M00154,T00860,South,South,75.26,USD,card_present,chip_pin,approved,APPROVE,111.49,0.6750381200107634,1,0,0,0,0,0,0,1,271,19,17,26,terminal_customer_network_burst;night_activity,0.26,0.04432955500297759,0.26
X000076544,2026-02-17 23:07:20,C000643,A0000643,M00445,T00021,Northeast,Northeast,55.3,USD,card_present,magstripe,approved,APPROVE,44.49,1.242975949651607,1,0,0,0,1,0,0,4,274,11,44,26,terminal_customer_network_burst;night_activity,0.26,0.028487304742916834,0.26
X000180105,2026-02-17 23:07:47,C001480,A0001480,M00393,T00751,Northeast,Northeast,92.34,USD,ecommerce,chip_pin,approved,APPROVE,107.72,0.857222428518381,1,0,0,1,0,0,0,4,170,13,44,26,terminal_customer_network_burst;night_activity,0.26,0.011647727235983426,0.26
X000071074,2026-02-17 23:08:00,C000603,A0000603,M00286,T00067,West,West,24.92,USD,card_present,wallet_biometric,approved,APPROVE,20.25,1.2306172839506173,1,0,0,0,0,0,0,3,155,12,14,26,terminal_customer_network_burst;night_activity,0.26,0.025523523575739657,0.26
X000044518,2026-02-17 23:08:20,C000376,A0000376,M00265,T01076,West,West,448.19,USD,ecommerce,3ds,approved,APPROVE,189.71,2.362500658900427,1,0,0,1,0,0,0,12,167,8,87,71,customer_velocity;high_customer_velocity;terminal_customer_network_burst;night_activity,0.71,0.0075190978764792344,0.71
X000123357,2026-02-17 23:08:26,C001022,A0001022,M00337,T00318,West,West,79.74,USD,card_present,3ds,approved,APPROVE,96.78,0.82393056416615,1,0,0,0,0,0,0,2,126,13,16,26,terminal_customer_network_burst;night_activity,0.26,0.018938520660309172,0.26
X000244131,2026-02-17 23:08:52,C001990,A0001990,M00230,T00912,West,West,156.99,USD,mobile_wallet,wallet_biometric,approved,APPROVE,64.22,2.4445655559015886,1,0,0,0,0,1,0,3,66,12,37,26,terminal_customer_network_burst;night_activity,0.26,0.02383061986029903,0.26
X000062755,2026-02-17 23:08:53,C000532,A0000532,M00754,T00696,West,West,44.85,USD,mobile_wallet,chip_pin,approved,APPROVE,33.01,1.3586791881248108,1,0,0,0,0,1,0,3,139,15,17,26,terminal_customer_network_burst;night_activity,0.26,0.04923902320934162,0.26
X000195748,2026-02-17 23:09:12,C001607,A0001607,M00299,T01117,Northeast,Northeast,16.08,USD,ecommerce,3ds,approved,APPROVE,27.54,0.5838779956427015,1,0,0,1,0,0,0,2,123,13,16,26,terminal_customer_network_burst;night_activity,0.26,0.01799778454520906,0.26
X000047735,2026-02-17 23:09:49,C000402,A0000402,M00539,T00648,Midwest,Midwest,26.49,USD,ecommerce,chip_pin,approved,APPROVE,23.82,1.1120906801007555,1,0,0,1,0,0,0,1,114,10,24,26,terminal_customer_network_burst;night_activity,0.26,0.010541768130258063,0.26
X000098007,2026-02-17 23:10:20,C000820,A0000820,M00217,T00041,South,South,67.82,USD,ecommerce,chip_pin,approved,APPROVE,146.86,0.46180035407871434,1,0,0,1,0,0,0,4,113,13,62,26,terminal_customer_network_burst;night_activity,0.26,0.00479657099771248,0.26
X000245500,2026-02-17 23:11:28,C001999,A0001999,M00265,T00269,West,West,217.46,USD,card_present,3ds,approved,APPROVE,131.76,1.6504250151791138,1,0,0,0,0,0,0,1,73,7,67,8,night_activity,0.08,0.0019520014590973175,0.08
X000165941,2026-02-17 23:11:34,C001368,A0001368,M00454,T00977,West,West,156.83,USD,ecommerce,3ds,approved,APPROVE,257.01,0.6102097194661688,1,0,0,1,0,0,0,5,110,11,60,51,customer_velocity;terminal_customer_network_burst;night_activity,0.51,0.004787252016035274,0.51
X000179693,2026-02-17 23:11:46,C001477,A0001477,M00205,T00049,South,South,44.49,USD,card_present,chip_pin,approved,APPROVE,42.81,1.0392431674842326,1,0,0,0,0,0,0,1,230,13,26,26,terminal_customer_network_burst;night_activity,0.26,0.017391698074777168,0.26
X000220156,2026-02-17 23:12:20,C001797,A0001797,M00167,T00818,Northeast,Northeast,323.96,USD,ecommerce,3ds,approved,APPROVE,161.59,2.004827031375704,1,0,0,1,0,0,0,10,196,16,63,71,customer_velocity;high_customer_velocity;terminal_customer_network_burst;night_activity,0.71,0.03053411487663534,0.71
X000096835,2026-02-17 23:12:38,C000810,A0000810,M00003,T00787,South,South,228.09,USD,card_present,wallet_biometric,approved,APPROVE,132.67,1.7192281600964803,1,0,0,0,0,0,0,0,280,19,34,26,terminal_customer_network_burst;night_activity,0.26,0.03585411083947979,0.26
X000208661,2026-02-17 23:12:49,C001702,A0001702,M00092,T00788,West,West,339.97,USD,card_present,3ds,approved,APPROVE,260.4,1.3055683563748082,1,0,0,0,0,0,0,6,290,18,73,51,customer_velocity;terminal_customer_network_burst;night_activity,0.51,0.016075864573611248,0.51
X000181943,2026-02-17 23:12:54,C001497,A0001497,M00411,T00744,Northeast,West,37.7,USD,ecommerce,magstripe,approved,APPROVE,35.5,1.0619718309859156,1,0,0,1,1,0,1,0,99,11,0,73,new_customer_terminal_pair;terminal_customer_network_burst;ecommerce_authentication_shift;night_activity;home_region_mismatch,0.73,0.34151192269175745,0.73
X000223521,2026-02-17 23:12:54,C001822,A0001822,M00127,T00278,South,South,172.62,USD,ecommerce,chip_pin,approved,APPROVE,82.0,2.105121951219512,1,0,0,1,0,0,0,2,153,14,15,26,terminal_customer_network_burst;night_activity,0.26,0.0411359414569195,0.26
X000060997,2026-02-17 23:12:59,C000519,A0000519,M00040,T01012,Northeast,Northeast,70.08,USD,ecommerce,chip_pin,approved,APPROVE,98.05,0.7147373788883223,1,0,0,1,0,0,0,3,197,19,27,26,terminal_customer_network_burst;night_activity,0.26,0.036233773433812635,0.26
X000082606,2026-02-17 23:13:02,C000692,A0000692,M00094,T00737,South,South,71.55,USD,mobile_wallet,wallet_biometric,approved,APPROVE,71.28,1.0037878787878787,1,0,0,0,0,1,0,2,534,22,39,26,terminal_customer_network_burst;night_activity,0.26,0.11039712880893926,0.26
X000196038,2026-02-17 23:13:39,C001610,A0001610,M00120,T00900,Midwest,Midwest,28.42,USD,ecommerce,chip_pin,approved,APPROVE,44.09,0.6445906101156724,1,0,0,1,0,0,0,3,65,13,25,26,terminal_customer_network_burst;night_activity,0.26,0.013400671497106643,0.26
X000201945,2026-02-17 23:13:39,C001651,A0001651,M00282,T00583,South,South,56.45,USD,card_present,magstripe,approved,APPROVE,48.25,1.1699481865284975,1,0,0,0,1,0,0,1,423,22,22,26,terminal_customer_network_burst;night_activity,0.26,0.18173401087745805,0.26
X000150342,2026-02-17 23:13:55,C001237,A0001237,M00248,T00017,South,South,48.05,USD,card_present,chip_pin,approved,APPROVE,35.77,1.3433044450656972,1,0,0,0,0,0,0,2,259,15,19,26,terminal_customer_network_burst;night_activity,0.26,0.03727157019076963,0.26
X000169962,2026-02-17 23:14:22,C001401,A0001401,M00544,T00081,Northeast,South,154.16,USD,ecommerce,magstripe,approved,APPROVE,92.55,1.6656942193408968,1,0,0,1,1,0,1,2,165,15,0,73,new_customer_terminal_pair;terminal_customer_network_burst;ecommerce_authentication_shift;night_activity;home_region_mismatch,0.73,0.6159352176091814,0.73
X000023809,2026-02-17 23:14:30,C000201,A0000201,M00740,T00080,Northeast,Northeast,342.66,USD,mobile_wallet,magstripe,approved,APPROVE,309.26,1.107999741317985,1,0,0,0,1,1,0,5,244,19,84,51,customer_velocity;terminal_customer_network_burst;night_activity,0.51,0.029833349281157454,0.51
X000100738,2026-02-17 23:15:14,C000848,A0000848,M00484,T00479,South,South,45.03,USD,card_present,magstripe,approved,APPROVE,85.3,0.5279015240328253,1,0,0,0,1,0,0,0,281,20,15,26,terminal_customer_network_burst;night_activity,0.26,0.0943347495801154,0.26
X000096077,2026-02-17 23:15:38,C000802,A0000802,M00600,T00588,South,South,122.72,USD,card_present,chip_pin,approved,APPROVE,92.76,1.3229840448469168,1,0,0,0,0,0,0,2,201,16,26,26,terminal_customer_network_burst;night_activity,0.26,0.0287965731757755,0.26
X000064766,2026-02-17 23:15:58,C000549,A0000549,M00137,T01183,Midwest,Midwest,62.44,USD,ecommerce,wallet_biometric,approved,APPROVE,77.83,0.8022613388153668,1,0,0,1,0,0,0,2,92,14,43,26,terminal_customer_network_burst;night_activity,0.26,0.008583438478901457,0.26
X000188660,2026-02-17 23:16:02,C001549,A0001549,M00416,T00451,West,West,127.11,USD,ecommerce,wallet_biometric,approved,APPROVE,153.09,0.8302959043699785,1,0,0,1,0,0,0,11,125,11,66,71,customer_velocity;high_customer_velocity;terminal_customer_network_burst;night_activity,0.71,0.009054435021580298,0.71
X000076745,2026-02-17 23:16:54,C000645,A0000645,M00309,T01075,Northeast,Northeast,31.23,USD,card_present,magstripe,approved,APPROVE,32.93,0.9483753416337686,1,0,0,0,1,0,0,10,152,12,26,71,customer_velocity;high_customer_velocity;terminal_customer_network_burst;night_activity,0.71,0.07227358092766616,0.71
X000037415,2026-02-17 23:17:16,C000319,A0000319,M00655,T00487,South,Midwest,17.77,USD,card_present,3ds,approved,APPROVE,48.86,0.36369218174375767,1,0,0,0,0,0,1,2,185,15,0,53,new_customer_terminal_pair;terminal_customer_network_burst;night_activity;home_region_mismatch,0.53,0.3017050545441147,0.53
X000229933,2026-02-17 23:18:10,C001873,A0001873,M00130,T00939,South,South,192.77,USD,ecommerce,3ds,approved,APPROVE,203.78,0.9459711453528316,1,0,0,1,0,0,0,5,320,18,43,51,customer_velocity;terminal_customer_network_burst;night_activity,0.51,0.03653981469543193,0.51
X000148757,2026-02-17 23:18:44,C001225,A0001225,M00507,T00488,South,South,79.66,USD,card_present,3ds,approved,APPROVE,171.02,0.465793474447433,1,0,0,0,0,0,0,3,271,14,118,26,terminal_customer_network_burst;night_activity,0.26,0.0011128008150501137,0.26
X000147756,2026-02-17 23:18:56,C001220,A0001220,M00437,T00139,West,West,62.2,USD,card_present,3ds,approved,APPROVE,107.29,0.5797371609656072,1,0,0,0,0,0,0,0,170,16,53,26,terminal_customer_network_burst;night_activity,0.26,0.006586523462270727,0.26
X000199251,2026-02-17 23:19:04,C001632,A0001632,M00094,T00206,South,South,14.18,USD,ecommerce,3ds,approved,APPROVE,39.6,0.35808080808080806,1,0,0,1,0,0,0,3,221,17,41,26,terminal_customer_network_burst;night_activity,0.26,0.01699252373817708,0.26
X000151559,2026-02-17 23:19:23,C001244,A0001244,M00265,T01076,West,West,88.9,USD,ecommerce,chip_pin,approved,APPROVE,57.21,1.5539241391365146,1,0,0,1,0,0,0,1,168,8,31,26,terminal_customer_network_burst;night_activity,0.26,0.009126145501912757,0.26
X000129271,2026-02-17 23:19:53,C001063,A0001063,M00564,T01141,Northeast,Northeast,11.48,USD,card_present,chip_pin,approved,APPROVE,32.18,0.3567433188315724,1,0,0,0,0,0,0,3,275,16,11,26,terminal_customer_network_burst;night_activity,0.26,0.04244470757309796,0.26
X000058744,2026-02-17 23:19:56,C000498,A0000498,M00147,T00410,South,South,85.89,USD,card_present,3ds,approved,APPROVE,40.99,2.0953891192973897,1,0,0,0,0,0,0,4,146,13,20,26,terminal_customer_network_burst;night_activity,0.26,0.036601743359450545,0.26
X000020979,2026-02-17 23:20:27,C000183,A0000183,M00296,T00252,South,South,20.52,USD,card_present,chip_pin,approved,APPROVE,32.26,0.6360818350898947,1,0,0,0,0,0,0,3,273,21,39,26,terminal_customer_network_burst;night_activity,0.26,0.034787959280130204,0.26
X000068571,2026-02-17 23:20:28,C000581,A0000581,M00092,T00788,South,West,25.55,USD,card_present,chip_pin,approved,APPROVE,47.33,0.5398267483625607,1,0,0,0,0,0,1,3,291,18,0,53,new_customer_terminal_pair;terminal_customer_network_burst;night_activity;home_region_mismatch,0.53,0.49532370558687866,0.53
X000108610,2026-02-17 23:20:34,C000910,A0000910,M00784,T00354,South,South,44.45,USD,mobile_wallet,wallet_biometric,approved,APPROVE,32.0,1.3890625,1,0,0,0,0,1,0,1,335,14,27,26,terminal_customer_network_burst;night_activity,0.26,0.04219362837607076,0.26
X000221092,2026-02-17 23:21:32,C001802,A0001802,M00303,T00765,Northeast,Northeast,72.03,USD,card_present,chip_pin,approved,APPROVE,67.33,1.069805435912669,1,0,0,0,0,0,0,0,234,12,34,26,terminal_customer_network_burst;night_activity,0.26,0.010894419548030127,0.26
X000036124,2026-02-17 23:21:36,C000308,A0000308,M00740,T00262,Northeast,Northeast,166.68,USD,ecommerce,chip_pin,soft_decline,CHALLENGE,150.47,1.1077291154382933,1,0,1,1,0,0,0,3,84,14,25,34,terminal_customer_network_burst;night_activity;authentication_soft_decline,0.34,0.08449433292678726,0.34
X000089822,2026-02-17 23:21:45,C000750,A0000750,M00064,T00120,Midwest,Midwest,86.8,USD,card_present,wallet_biometric,approved,APPROVE,91.76,0.9459459459459458,1,0,0,0,0,0,0,1,171,12,37,26,terminal_customer_network_burst;night_activity,0.26,0.00900124065354939,0.26
X000073148,2026-02-17 23:21:47,C000618,A0000618,M00638,T01099,Northeast,Northeast,179.02,USD,card_present,3ds,approved,APPROVE,59.7,2.9986599664991624,1,0,0,0,0,0,0,0,180,13,21,26,terminal_customer_network_burst;night_activity,0.26,0.034955000501350385,0.26
X000071173,2026-02-17 23:21:55,C000604,A0000604,M00015,T00330,South,South,84.01,USD,ecommerce,3ds,approved,APPROVE,137.88,0.6092979402378881,1,0,0,1,0,0,0,1,408,35,27,26,terminal_customer_network_burst;night_activity,0.26,0.24749714727189084,0.26
X000241456,2026-02-17 23:23:10,C001970,A0001970,M00412,T00928,Northeast,Northeast,225.37,USD,ecommerce,wallet_biometric,approved,APPROVE,103.71,2.173078777359946,1,0,0,1,0,0,0,6,335,23,57,51,customer_velocity;terminal_customer_network_burst;night_activity,0.51,0.0776605505111721,0.51
X000174742,2026-02-17 23:23:19,C001439,A0001439,M00298,T00941,Northeast,Northeast,106.33,USD,card_present,3ds,approved,APPROVE,141.68,0.750494071146245,1,0,0,0,0,0,0,5,155,10,43,51,customer_velocity;terminal_customer_network_burst;night_activity,0.51,0.008297243686439398,0.51
X000178963,2026-02-17 23:23:31,C001473,A0001473,M00055,T01044,South,South,76.32,USD,ecommerce,chip_pin,approved,APPROVE,57.26,1.3328676213761788,1,0,0,1,0,0,0,5,435,25,67,51,customer_velocity;terminal_customer_network_burst;night_activity,0.51,0.05924304189649409,0.51
X000088656,2026-02-17 23:23:36,C000744,A0000744,M00696,T00129,Midwest,Midwest,274.58,USD,card_present,wallet_biometric,approved,APPROVE,103.24,2.6596280511429677,1,0,0,0,0,0,0,5,195,13,56,51,customer_velocity;terminal_customer_network_burst;night_activity,0.51,0.01859431629315671,0.51
X000004043,2026-02-17 23:24:16,C000035,A0000035,M00428,T00264,West,West,77.35,USD,card_present,wallet_biometric,approved,APPROVE,54.73,1.4133016627078385,1,0,0,0,0,0,0,2,212,15,23,26,terminal_customer_network_burst;night_activity,0.26,0.030050484454816305,0.26
X000155176,2026-02-17 23:24:37,C001278,A0001278,M00217,T00815,South,South,42.42,USD,card_present,chip_pin,approved,APPROVE,50.36,0.8423351866560763,1,0,0,0,0,0,0,0,188,19,28,26,terminal_customer_network_burst;night_activity,0.26,0.02430567950095388,0.26
X000176375,2026-02-17 23:24:41,C001453,A0001453,M00480,T00012,West,West,14.44,USD,ecommerce,wallet_biometric,approved,APPROVE,19.12,0.7552301255230125,1,0,0,1,0,0,0,1,150,8,22,26,terminal_customer_network_burst;night_activity,0.26,0.00842957878441566,0.26
X000037574,2026-02-17 23:25:10,C000320,A0000320,M00417,T00117,South,South,92.36,USD,card_present,chip_pin,approved,APPROVE,143.01,0.6458289630095798,1,0,0,0,0,0,0,1,277,12,38,26,terminal_customer_network_burst;night_activity,0.26,0.010122224064240676,0.26
X000093402,2026-02-17 23:25:24,C000782,A0000782,M00741,T00732,South,South,85.92,USD,ecommerce,chip_pin,approved,APPROVE,41.2,2.0854368932038834,1,0,0,1,0,0,0,1,188,12,34,26,terminal_customer_network_burst;night_activity,0.26,0.017286343763749903,0.26
X000082319,2026-02-17 23:25:46,C000689,A0000689,M00054,T00545,West,West,115.3,USD,mobile_wallet,chip_pin,approved,APPROVE,50.73,2.272816873644786,1,0,0,0,0,1,0,1,179,10,24,26,terminal_customer_network_burst;night_activity,0.26,0.028133420695806183,0.26
X000040567,2026-02-17 23:26:21,C000344,A0000344,M00598,T00149,Midwest,West,19.7,USD,mobile_wallet,3ds,approved,APPROVE,46.73,0.42157072544404023,1,0,0,0,0,1,1,3,144,14,0,53,new_customer_terminal_pair;terminal_customer_network_burst;night_activity;home_region_mismatch,0.53,0.3749793954718656,0.53
X000020160,2026-02-17 23:26:40,C000174,A0000174,M00241,T01148,West,West,28.25,USD,ecommerce,chip_pin,approved,APPROVE,20.52,1.3767056530214425,1,0,0,1,0,0,0,4,35,2,34,8,night_activity,0.08,0.0038323160207605024,0.08
X000036985,2026-02-17 23:26:59,C000316,A0000316,M00580,T00415,South,South,77.56,USD,card_present,3ds,approved,APPROVE,40.33,1.9231341433176297,1,0,0,0,0,0,0,4,348,21,27,26,terminal_customer_network_burst;night_activity,0.26,0.1095538928976418,0.26
X000130361,2026-02-17 23:27:16,C001071,A0001071,M00231,T00811,South,South,56.21,USD,mobile_wallet,chip_pin,approved,APPROVE,47.75,1.1771727748691099,1,0,0,0,0,1,0,6,221,15,35,51,customer_velocity;terminal_customer_network_burst;night_activity,0.51,0.04502746523718479,0.51
X000080923,2026-02-17 23:27:26,C000679,A0000679,M00613,T00852,South,South,30.95,USD,card_present,3ds,approved,APPROVE,48.41,0.6393307167940508,1,0,0,0,0,0,0,2,241,22,42,26,terminal_customer_network_burst;night_activity,0.26,0.029284128290891435,0.26
X000185542,2026-02-17 23:27:36,C001525,A0001525,M00342,T00375,Midwest,Midwest,148.38,USD,ecommerce,3ds,approved,APPROVE,133.44,1.1119604316546763,1,0,0,1,0,0,0,3,303,20,56,26,terminal_customer_network_burst;night_activity,0.26,0.024865133806624112,0.26
X000098420,2026-02-17 23:27:58,C000824,A0000824,M00555,T00348,Midwest,Midwest,37.89,USD,card_present,chip_pin,approved,APPROVE,32.74,1.157299938912645,1,0,0,0,0,0,0,1,159,10,13,26,terminal_customer_network_burst;night_activity,0.26,0.016249015826439926,0.26
X000072953,2026-02-17 23:29:05,C000616,A0000616,M00376,T00702,South,South,56.67,USD,card_present,chip_pin,approved,APPROVE,67.43,0.8404271095951357,1,0,0,0,0,0,0,2,187,12,25,26,terminal_customer_network_burst;night_activity,0.26,0.014848811452847341,0.26
X000101582,2026-02-17 23:29:13,C000854,A0000854,M00068,T00683,Northeast,Northeast,67.7,USD,card_present,chip_pin,approved,APPROVE,47.91,1.4130661657274057,1,0,0,0,0,0,0,2,175,12,20,26,terminal_customer_network_burst;night_activity,0.26,0.02126348527983429,0.26
X000209911,2026-02-17 23:30:16,C001712,A0001712,M00173,T01167,South,South,156.07,USD,mobile_wallet,3ds,approved,APPROVE,184.84,0.8443518718892015,1,0,0,0,0,1,0,4,240,11,84,26,terminal_customer_network_burst;night_activity,0.26,0.004291642459425769,0.26
X000241043,2026-02-17 23:30:21,C001967,A0001967,M00518,T00379,South,South,136.22,USD,card_present,chip_pin,approved,APPROVE,81.83,1.6646706586826348,1,0,0,0,0,0,0,1,254,18,20,26,terminal_customer_network_burst;night_activity,0.26,0.05084350329225228,0.26
X000204764,2026-02-17 23:30:26,C001671,A0001671,M00185,T00490,West,West,45.43,USD,ecommerce,chip_pin,approved,APPROVE,74.17,0.6125117972225967,1,0,0,1,0,0,0,2,125,12,28,26,terminal_customer_network_burst;night_activity,0.26,0.011077445385354833,0.26
X000056952,2026-02-17 23:30:36,C000481,A0000481,M00393,T00239,Northeast,Northeast,115.94,USD,card_present,wallet_biometric,approved,APPROVE,78.62,1.474688374459425,1,0,0,0,0,0,0,3,339,13,41,26,terminal_customer_network_burst;night_activity,0.26,0.021316671035637298,0.26
X000051015,2026-02-17 23:31:20,C000428,A0000428,M00633,T00292,West,West,31.97,USD,card_present,magstripe,approved,APPROVE,58.17,0.5495960116898745,1,0,0,0,1,0,0,2,200,13,26,26,terminal_customer_network_burst;night_activity,0.26,0.0317851753824989,0.26
X000133072,2026-02-17 23:33:12,C001097,A0001097,M00625,T00763,Northeast,Northeast,43.42,USD,ecommerce,3ds,approved,APPROVE,49.17,0.8830587756762254,1,0,0,1,0,0,0,1,107,9,29,26,terminal_customer_network_burst;night_activity,0.26,0.007138934690980686,0.26
X000113210,2026-02-17 23:33:22,C000944,A0000944,M00533,T00261,Northeast,Northeast,121.61,USD,card_present,chip_pin,approved,APPROVE,227.5,0.5345494505494506,1,0,0,0,0,0,0,10,286,17,105,71,customer_velocity;high_customer_velocity;terminal_customer_network_burst;night_activity,0.71,0.005898164305507487,0.71
X000233851,2026-02-17 23:33:34,C001906,A0001906,M00715,T01057,Midwest,Midwest,35.49,USD,mobile_wallet,chip_pin,approved,APPROVE,45.33,0.7829252150893449,1,0,0,0,0,1,0,2,69,7,31,8,night_activity,0.08,0.007380678454731422,0.08
X000099530,2026-02-17 23:33:45,C000836,A0000836,M00800,T00613,West,West,39.02,USD,ecommerce,chip_pin,approved,APPROVE,38.26,1.019864087820178,1,0,0,1,0,0,0,0,137,16,17,26,terminal_customer_network_burst;night_activity,0.26,0.024203481991185685,0.26
X000197224,2026-02-17 23:34:02,C001619,A0001619,M00337,T00318,West,West,133.41,USD,card_present,chip_pin,approved,APPROVE,45.97,2.9021100717859474,1,0,0,0,0,0,0,0,127,13,36,26,terminal_customer_network_burst;night_activity,0.26,0.018302905077737436,0.26
X000113797,2026-02-17 23:34:12,C000947,A0000947,M00693,T01048,South,South,153.08,USD,mobile_wallet,chip_pin,approved,APPROVE,64.03,2.390754333905982,1,0,0,0,0,1,0,6,199,13,46,51,customer_velocity;terminal_customer_network_burst;night_activity,0.51,0.03875355043425651,0.51
X000172496,2026-02-17 23:34:23,C001422,A0001422,M00191,T00188,Midwest,Midwest,43.89,USD,card_present,3ds,approved,APPROVE,41.11,1.067623449282413,1,0,0,0,0,0,0,2,162,14,35,26,terminal_customer_network_burst;night_activity,0.26,0.014009578287250374,0.26
X000152914,2026-02-17 23:35:06,C001257,A0001257,M00703,T00135,Midwest,Midwest,31.31,USD,card_present,3ds,approved,APPROVE,93.65,0.3343299519487453,1,0,0,0,0,0,0,2,261,22,43,26,terminal_customer_network_burst;night_activity,0.26,0.026429301789583533,0.26
X000186293,2026-02-17 23:35:15,C001531,A0001531,M00191,T00441,Midwest,Midwest,34.7,USD,card_present,chip_pin,approved,APPROVE,28.07,1.2361952262201639,1,0,0,0,0,0,0,1,235,15,32,26,terminal_customer_network_burst;night_activity,0.26,0.019877920641457734,0.26
X000055814,2026-02-17 23:35:43,C000471,A0000471,M00580,T00415,South,South,69.7,USD,ecommerce,chip_pin,approved,APPROVE,136.92,0.5090563832895122,1,0,0,1,0,0,0,6,349,21,74,51,customer_velocity;terminal_customer_network_burst;night_activity,0.51,0.01966404971580246,0.51
X000192227,2026-02-17 23:36:06,C001577,A0001577,M00784,T00354,South,South,303.83,USD,mobile_wallet,magstripe,approved,APPROVE,271.97,1.1171452733757399,1,0,0,0,1,1,0,6,336,14,36,51,customer_velocity;terminal_customer_network_burst;night_activity,0.51,0.10374676325734185,0.51
X000222185,2026-02-17 23:36:16,C001810,A0001810,M00255,T00573,West,West,54.38,USD,ecommerce,3ds,approved,APPROVE,203.81,0.26681713360482806,1,0,0,1,0,0,0,2,131,12,61,26,terminal_customer_network_burst;night_activity,0.26,0.0033658537250323365,0.26
X000083721,2026-02-17 23:36:32,C000699,A0000699,M00412,T00593,Northeast,Northeast,232.66,USD,ecommerce,chip_pin,approved,APPROVE,60.63,3.837374237176315,1,0,0,1,0,0,0,2,224,14,33,56,amount_vs_profile;terminal_customer_network_burst;night_activity,0.56,0.055033385664445114,0.56
X000062620,2026-02-17 23:36:44,C000531,A0000531,M00318,T00746,Midwest,Midwest,351.05,USD,card_present,chip_pin,approved,APPROVE,214.99,1.6328666449602307,1,0,0,0,0,0,0,7,372,25,80,51,customer_velocity;terminal_customer_network_burst;night_activity,0.51,0.04539980086560921,0.51
X000099933,2026-02-17 23:36:52,C000840,A0000840,M00341,T00741,Midwest,Midwest,74.56,USD,ecommerce,chip_pin,approved,APPROVE,44.93,1.6594702871132874,1,0,0,1,0,0,0,1,101,11,22,26,terminal_customer_network_burst;night_activity,0.26,0.015251252162093635,0.26
X000239581,2026-02-17 23:37:56,C001953,A0001953,M00666,T00992,South,South,200.47,USD,card_present,chip_pin,approved,APPROVE,191.95,1.0443865589997396,1,0,0,0,0,0,0,8,178,19,51,51,customer_velocity;terminal_customer_network_burst;night_activity,0.51,0.031080313678218785,0.51
X000212468,2026-02-17 23:38:17,C001733,A0001733,M00391,T00267,Northeast,Northeast,215.07,USD,ecommerce,chip_pin,approved,APPROVE,162.51,1.3234262506922652,1,0,0,1,0,0,0,6,202,17,55,51,customer_velocity;terminal_customer_network_burst;night_activity,0.51,0.021589068718902874,0.51
X000210287,2026-02-17 23:39:48,C001714,A0001714,M00021,T00406,South,South,116.78,USD,mobile_wallet,chip_pin,approved,APPROVE,80.25,1.455202492211838,1,0,0,0,0,1,0,2,211,17,43,26,terminal_customer_network_burst;night_activity,0.26,0.03044378253753249,0.26
X000092695,2026-02-17 23:39:51,C000776,A0000776,M00110,T00096,South,South,146.13,USD,card_present,chip_pin,approved,APPROVE,87.14,1.6769566215285747,1,0,0,0,0,0,0,1,326,17,35,26,terminal_customer_network_burst;night_activity,0.26,0.03413445816211917,0.26
X000021626,2026-02-17 23:39:53,C000186,A0000186,M00724,T01129,West,West,98.6,USD,card_present,magstripe,approved,APPROVE,223.8,0.4405719392314566,1,0,0,0,1,0,0,7,185,10,105,51,customer_velocity;terminal_customer_network_burst;night_activity,0.51,0.002912611769057407,0.51
X000067221,2026-02-17 23:40:00,C000570,A0000570,M00150,T00526,South,South,32.54,USD,mobile_wallet,chip_pin,approved,APPROVE,39.87,0.8161524956107349,1,0,0,0,0,1,0,1,147,13,38,26,terminal_customer_network_burst;night_activity,0.26,0.013144813745198908,0.26
X000198442,2026-02-17 23:40:12,C001626,A0001626,M00680,T00949,Midwest,Midwest,171.25,USD,ecommerce,chip_pin,approved,APPROVE,262.11,0.6533516462553889,1,0,0,1,0,0,0,5,191,12,83,51,customer_velocity;terminal_customer_network_burst;night_activity,0.51,0.0032066121764366086,0.51
X000219227,2026-02-17 23:40:14,C001790,A0001790,M00484,T00479,South,South,87.62,USD,ecommerce,magstripe,approved,APPROVE,121.97,0.7183733705009429,1,0,0,1,1,0,0,3,282,20,42,46,terminal_customer_network_burst;ecommerce_authentication_shift;night_activity,0.46,0.0658928067458997,0.46
X000204539,2026-02-17 23:40:18,C001669,A0001669,M00244,T00336,South,South,25.64,USD,mobile_wallet,3ds,approved,APPROVE,18.02,1.4228634850166482,1,0,0,0,0,1,0,1,343,15,14,26,terminal_customer_network_burst;night_activity,0.26,0.07268432847053843,0.26
X000176041,2026-02-17 23:41:08,C001450,A0001450,M00575,T00637,West,West,103.0,USD,ecommerce,3ds,approved,APPROVE,119.11,0.8647468726387373,1,0,0,1,0,0,0,3,73,15,33,26,terminal_customer_network_burst;night_activity,0.26,0.014620121507204691,0.26
X000068572,2026-02-17 23:41:41,C000581,A0000581,M00580,T00415,South,South,33.08,USD,card_present,chip_pin,approved,APPROVE,47.33,0.6989224593281217,1,0,0,0,0,0,0,4,350,21,28,26,terminal_customer_network_burst;night_activity,0.26,0.06768174137747074,0.26
X000227638,2026-02-17 23:41:43,C001855,A0001855,M00798,T01060,Northeast,Northeast,22.31,USD,card_present,3ds,approved,APPROVE,41.15,0.5421628189550425,1,0,0,0,0,0,0,2,298,10,18,26,terminal_customer_network_burst;night_activity,0.26,0.017285792015348998,0.26
X000092063,2026-02-17 23:41:51,C000770,A0000770,M00324,T00243,West,West,113.74,USD,card_present,magstripe,approved,APPROVE,107.53,1.057751325211569,1,0,0,0,1,0,0,2,120,12,43,26,terminal_customer_network_burst;night_activity,0.26,0.016509176952653692,0.26
X000231869,2026-02-17 23:42:02,C001891,A0001891,M00219,T00102,Northeast,Northeast,92.08,USD,card_present,3ds,approved,APPROVE,85.63,1.0753240686675232,1,0,0,0,0,0,0,2,159,18,34,26,terminal_customer_network_burst;night_activity,0.26,0.02297355306082192,0.26
X000121910,2026-02-17 23:42:30,C001011,A0001011,M00170,T01059,Midwest,Midwest,285.54,USD,card_present,chip_pin,approved,APPROVE,167.1,1.7087971274685818,1,0,0,0,0,0,0,1,180,14,58,26,terminal_customer_network_burst;night_activity,0.26,0.008070035717954656,0.26
X000190221,2026-02-17 23:42:51,C001562,A0001562,M00567,T01019,Northeast,Northeast,231.25,USD,mobile_wallet,3ds,approved,APPROVE,160.81,1.438032460667869,1,0,0,0,0,1,0,3,293,18,68,26,terminal_customer_network_burst;night_activity,0.26,0.021198938899294636,0.26
X000085130,2026-02-17 23:43:10,C000710,A0000710,M00400,T00360,West,West,24.57,USD,card_present,chip_pin,approved,APPROVE,85.75,0.28653061224489795,1,0,0,0,0,0,0,5,122,13,87,51,customer_velocity;terminal_customer_network_burst;night_activity,0.51,0.0021666794362397526,0.51
X000082409,2026-02-17 23:43:12,C000690,A0000690,M00054,T00902,West,West,45.14,USD,ecommerce,3ds,approved,APPROVE,27.75,1.6266666666666667,1,0,0,1,0,0,0,2,44,8,14,26,terminal_customer_network_burst;night_activity,0.26,0.01329552282850055,0.26
X000067478,2026-02-17 23:43:13,C000571,A0000571,M00372,T00095,South,South,65.65,USD,card_present,chip_pin,approved,APPROVE,119.82,0.5479051911200135,1,0,0,0,0,0,0,4,312,21,63,26,terminal_customer_network_burst;night_activity,0.26,0.019437013111408285,0.26
X000214968,2026-02-17 23:43:41,C001755,A0001755,M00276,T00213,Northeast,Northeast,12.74,USD,ecommerce,chip_pin,approved,APPROVE,25.97,0.49056603773584906,1,0,0,1,0,0,0,6,167,12,29,51,customer_velocity;terminal_customer_network_burst;night_activity,0.51,0.01810012026518801,0.51
X000161133,2026-02-17 23:44:53,C001330,A0001330,M00559,T00805,Midwest,Midwest,58.75,USD,card_present,chip_pin,approved,APPROVE,79.51,0.7389007671990944,1,0,0,0,0,0,0,2,131,14,42,26,terminal_customer_network_burst;night_activity,0.26,0.009049971852939095,0.26
X000003747,2026-02-17 23:45:19,C000032,A0000032,M00453,T00831,South,South,100.49,USD,card_present,magstripe,soft_decline,CHALLENGE,40.96,2.453369140625,1,0,1,0,1,0,0,3,419,20,31,34,terminal_customer_network_burst;night_activity;authentication_soft_decline,0.34,0.5680176769780764,0.5680176769780764
X000227799,2026-02-17 23:45:21,C001856,A0001856,M00372,T00192,South,South,264.56,USD,mobile_wallet,wallet_biometric,approved,APPROVE,120.97,2.1869885095478216,1,0,0,0,0,1,0,4,329,19,35,26,terminal_customer_network_burst;night_activity,0.26,0.10686026118417814,0.26
X000151294,2026-02-17 23:45:23,C001242,A0001242,M00052,T00717,South,South,129.35,USD,card_present,chip_pin,approved,APPROVE,122.13,1.059117333988373,1,0,0,0,0,0,0,3,187,19,45,26,terminal_customer_network_burst;night_activity,0.26,0.02176837902361257,0.26
X000140081,2026-02-17 23:46:03,C001154,A0001154,M00406,T00668,South,South,226.05,USD,card_present,chip_pin,approved,APPROVE,200.38,1.128106597464817,1,0,0,0,0,0,0,3,275,17,71,26,terminal_customer_network_burst;night_activity,0.26,0.009627947571226859,0.26
X000135593,2026-02-17 23:47:03,C001113,A0001113,M00281,T01194,West,West,115.76,USD,ecommerce,3ds,approved,APPROVE,90.26,1.282517172612453,1,0,0,1,0,0,0,3,80,12,14,26,terminal_customer_network_burst;night_activity,0.26,0.022736275637568214,0.26
X000064249,2026-02-17 23:47:12,C000545,A0000545,M00447,T00749,South,South,93.17,USD,card_present,wallet_biometric,approved,APPROVE,50.07,1.860794887157979,1,0,0,0,0,0,0,2,268,22,12,26,terminal_customer_network_burst;night_activity,0.26,0.12384185521723386,0.26
X000243684,2026-02-17 23:47:28,C001987,A0001987,M00484,T00728,South,South,181.64,USD,card_present,chip_pin,approved,APPROVE,186.83,0.972220735427929,1,0,0,0,0,0,0,5,391,18,79,51,customer_velocity;terminal_customer_network_burst;night_activity,0.51,0.0133494796407643,0.51
X000243685,2026-02-17 23:47:32,C001987,A0001987,M00784,T00756,South,South,303.11,USD,mobile_wallet,chip_pin,approved,APPROVE,186.83,1.6223839854413102,1,0,0,0,0,1,0,6,320,20,75,51,customer_velocity;terminal_customer_network_burst;night_activity,0.51,0.03478844897562032,0.51
X000245962,2026-02-17 23:47:45,C000984,A0000984,M00735,T00059,Northeast,Midwest,440.11,USD,mobile_wallet,3ds,approved,APPROVE,38.22,11.515175300889588,1,0,0,0,0,1,1,1,199,11,3,93,amount_vs_profile;extreme_amount_vs_profile;terminal_customer_network_burst;night_activity;home_region_mismatch,0.93,0.8353138413976585,0.93
X000109729,2026-02-17 23:48:06,C000916,A0000916,M00080,T00347,Midwest,Midwest,181.9,USD,card_present,chip_pin,approved,APPROVE,125.73,1.4467509743100295,1,0,0,0,0,0,0,5,141,11,67,51,customer_velocity;terminal_customer_network_burst;night_activity,0.51,0.005504061160921875,0.51
X000197929,2026-02-17 23:48:10,C001623,A0001623,M00453,T00831,South,South,70.47,USD,card_present,chip_pin,approved,APPROVE,107.7,0.654317548746518,1,0,0,0,0,0,0,3,420,20,57,26,terminal_customer_network_burst;night_activity,0.26,0.025568579004385267,0.26
X000064767,2026-02-17 23:48:11,C000549,A0000549,M00585,T00119,Midwest,Midwest,73.2,USD,card_present,chip_pin,approved,APPROVE,77.83,0.9405113709366568,1,0,0,0,0,0,0,2,183,20,35,26,terminal_customer_network_burst;night_activity,0.26,0.028252582757959166,0.26
X000024595,2026-02-17 23:48:45,C000207,A0000207,M00645,T00155,South,South,118.25,USD,ecommerce,chip_pin,approved,APPROVE,77.4,1.5277777777777777,1,0,0,1,0,0,0,2,310,14,21,26,terminal_customer_network_burst;night_activity,0.26,0.04013336950626222,0.26
X000153779,2026-02-17 23:49:19,C001264,A0001264,M00070,T00169,Northeast,Northeast,130.92,USD,ecommerce,chip_pin,approved,APPROVE,202.11,0.6477660679827816,1,0,0,1,0,0,0,2,243,17,50,26,terminal_customer_network_burst;night_activity,0.26,0.013474318437722727,0.26
X000234184,2026-02-17 23:49:29,C001909,A0001909,M00670,T00842,Northeast,Northeast,41.1,USD,ecommerce,chip_pin,approved,APPROVE,46.09,0.891733564764591,1,0,0,1,0,0,0,0,144,11,17,26,terminal_customer_network_burst;night_activity,0.26,0.013050369223865849,0.26
X000127417,2026-02-17 23:49:48,C001050,A0001050,M00367,T00335,South,South,84.16,USD,card_present,chip_pin,approved,APPROVE,62.75,1.341195219123506,1,0,0,0,0,0,0,4,231,17,41,26,terminal_customer_network_burst;night_activity,0.26,0.027484923602531814,0.26
X000183174,2026-02-17 23:49:55,C001506,A0001506,M00721,T00476,West,West,116.12,USD,ecommerce,chip_pin,approved,APPROVE,75.16,1.5449707291112296,1,0,0,1,0,0,0,1,58,11,48,26,terminal_customer_network_burst;night_activity,0.26,0.00564625789363031,0.26
X000225323,2026-02-17 23:50:26,C001836,A0001836,M00613,T00638,South,South,151.01,USD,card_present,3ds,approved,APPROVE,99.19,1.5224316967436233,1,0,0,0,0,0,0,8,241,18,47,51,customer_velocity;terminal_customer_network_burst;night_activity,0.51,0.04434025995887009,0.51
X000016969,2026-02-17 23:50:28,C000144,A0000144,M00428,T00264,Northeast,West,41.35,USD,card_present,wallet_biometric,approved,APPROVE,35.96,1.149888765294772,1,0,0,0,0,0,1,2,213,15,0,53,new_customer_terminal_pair;terminal_customer_network_burst;night_activity;home_region_mismatch,0.53,0.39038826882133426,0.53
X000086443,2026-02-17 23:50:55,C000725,A0000725,M00758,T00582,Northeast,Northeast,134.48,USD,ecommerce,wallet_biometric,approved,APPROVE,82.78,1.6245469920270594,1,0,0,1,0,0,0,2,333,17,34,26,terminal_customer_network_burst;night_activity,0.26,0.04142333673636354,0.26
X000026136,2026-02-17 23:51:00,C000222,A0000222,M00343,T00377,West,West,48.69,USD,card_present,wallet_biometric,approved,APPROVE,35.37,1.376590330788804,1,0,0,0,0,0,0,2,95,8,19,26,terminal_customer_network_burst;night_activity,0.26,0.011052438221625074,0.26
X000087660,2026-02-17 23:51:20,C000735,A0000735,M00394,T00980,South,South,84.66,USD,card_present,wallet_biometric,approved,APPROVE,65.82,1.2862351868732909,1,0,0,0,0,0,0,3,148,9,37,26,terminal_customer_network_burst;night_activity,0.26,0.00864131402067421,0.26
X000014643,2026-02-17 23:51:26,C000124,A0000124,M00657,T00743,South,South,26.09,USD,card_present,chip_pin,approved,APPROVE,28.69,0.9093760892296967,1,0,0,0,0,0,0,2,159,16,13,26,terminal_customer_network_burst;night_activity,0.26,0.033152991294775065,0.26
X000095280,2026-02-17 23:51:33,C000795,A0000795,M00309,T01011,Northeast,Northeast,73.08,USD,ecommerce,wallet_biometric,approved,APPROVE,80.12,0.9121318022965551,1,0,0,1,0,0,0,2,236,18,45,26,terminal_customer_network_burst;night_activity,0.26,0.019418980718387484,0.26
X000084462,2026-02-17 23:51:35,C000707,A0000707,M00433,T00174,Midwest,Midwest,49.64,USD,ecommerce,3ds,approved,APPROVE,28.18,1.7615330021291697,1,0,0,1,0,0,0,2,267,16,27,26,terminal_customer_network_burst;night_activity,0.26,0.04119720174752582,0.26
X000032899,2026-02-17 23:51:46,C000278,A0000278,M00176,T00556,Midwest,Midwest,144.15,USD,card_present,chip_pin,approved,APPROVE,149.67,0.9631188614952898,1,0,0,0,0,0,0,2,97,6,34,8,night_activity,0.08,0.004570701629009222,0.08
X000060350,2026-02-17 23:52:05,C000513,A0000513,M00608,T00027,South,South,89.45,USD,mobile_wallet,chip_pin,approved,APPROVE,115.4,0.7751299826689775,1,0,0,0,0,1,0,6,354,17,56,51,customer_velocity;terminal_customer_network_burst;night_activity,0.51,0.034878165659723945,0.51
X000028362,2026-02-17 23:52:06,C000244,A0000244,M00594,T01188,Northeast,Northeast,119.11,USD,ecommerce,chip_pin,approved,APPROVE,68.72,1.733265424912689,1,0,0,1,0,0,0,3,460,22,44,26,terminal_customer_network_burst;night_activity,0.26,0.08457342381847928,0.26
X000142823,2026-02-17 23:53:36,C001176,A0001176,M00517,T00531,Midwest,Midwest,96.46,USD,card_present,3ds,approved,APPROVE,86.99,1.108863087711231,1,0,0,0,0,0,0,0,175,13,56,26,terminal_customer_network_burst;night_activity,0.26,0.005264727691447222,0.26
X000054298,2026-02-17 23:54:07,C000460,A0000460,M00320,T00150,West,West,112.02,USD,card_present,wallet_biometric,approved,APPROVE,78.75,1.4224761904761904,1,0,0,0,0,0,0,1,288,13,37,26,terminal_customer_network_burst;night_activity,0.26,0.01653422753032015,0.26
X000003629,2026-02-17 23:54:08,C000031,A0000031,M00353,T00378,Midwest,Midwest,166.77,USD,card_present,magstripe,approved,APPROVE,124.2,1.3427536231884059,1,0,0,0,1,0,0,4,258,13,51,26,terminal_customer_network_burst;night_activity,0.26,0.028757283231577266,0.26
X000057587,2026-02-17 23:54:18,C000487,A0000487,M00610,T00995,Midwest,Midwest,47.75,USD,mobile_wallet,chip_pin,approved,APPROVE,37.67,1.2675869392089194,1,0,0,0,0,1,0,1,228,16,41,26,terminal_customer_network_burst;night_activity,0.26,0.02494919682352924,0.26
X000151078,2026-02-17 23:55:29,C001241,A0001241,M00168,T00981,Northeast,Northeast,447.72,USD,ecommerce,3ds,approved,APPROVE,279.08,1.6042711767235203,1,0,0,1,0,0,0,1,332,16,62,26,terminal_customer_network_burst;night_activity,0.26,0.013386034168112055,0.26
X000178139,2026-02-17 23:56:26,C001465,A0001465,M00587,T01174,South,South,149.17,USD,mobile_wallet,chip_pin,approved,APPROVE,80.93,1.8431978252811068,1,0,0,0,0,1,0,3,327,23,41,26,terminal_customer_network_burst;night_activity,0.26,0.10849676830758931,0.26
X000233408,2026-02-17 23:56:57,C001902,A0001902,M00074,T01036,South,South,144.74,USD,ecommerce,3ds,approved,APPROVE,144.3,1.003049203049203,1,0,0,1,0,0,0,5,417,24,54,51,customer_velocity;terminal_customer_network_burst;night_activity,0.51,0.06645748942725441,0.51
X000115008,2026-02-17 23:57:06,C000956,A0000956,M00566,T00310,West,West,359.42,USD,card_present,magstripe,approved,APPROVE,222.07,1.6184986715900394,1,0,0,0,1,0,0,3,74,7,47,8,night_activity,0.08,0.010113961300120853,0.08
X000200995,2026-02-17 23:58:40,C001646,A0001646,M00379,T01176,South,South,52.02,USD,ecommerce,chip_pin,approved,APPROVE,34.04,1.5282021151586371,1,0,0,1,0,0,0,2,306,19,24,26,terminal_customer_network_burst;night_activity,0.26,0.06371246017363624,0.26
X000117057,2026-02-17 23:59:43,C000971,A0000971,M00378,T00467,South,South,159.21,USD,card_present,3ds,approved,APPROVE,63.31,2.514768598957511,1,0,0,0,0,0,0,1,239,15,25,26,terminal_customer_network_burst;night_activity,0.26,0.041579470859940536,0.26
X000116831,2026-02-17 23:59:58,C000969,A0000969,M00003,T00787,South,South,241.5,USD,card_present,wallet_biometric,approved,APPROVE,222.91,1.083396886635862,1,0,0,0,0,0,0,1,281,19,34,26,terminal_customer_network_burst;night_activity,0.26,0.03134119372348618,0.26
X000197930,2026-02-18 00:00:34,C001623,A0001623,M00453,T00831,South,South,89.28,USD,ecommerce,chip_pin,approved,APPROVE,107.7,0.8289693593314763,1,0,0,1,0,0,0,4,421,20,58,26,terminal_customer_network_burst;night_activity,0.26,0.03145799350899558,0.26
X000111620,2026-02-18 00:00:36,C000931,A0000931,M00091,T00954,Midwest,Midwest,296.47,USD,card_present,chip_pin,approved,APPROVE,116.51,2.5445884473435756,1,0,0,0,0,0,0,5,360,14,45,51,customer_velocity;terminal_customer_network_burst;night_activity,0.51,0.042677373285313715,0.51
X000081361,2026-02-18 00:01:45,C000681,A0000681,M00054,T00295,West,West,157.06,USD,ecommerce,magstripe,approved,APPROVE,189.01,0.8309613247976299,1,0,0,1,1,0,0,10,240,12,113,91,customer_velocity;high_customer_velocity;terminal_customer_network_burst;ecommerce_authentication_shift;night_activity,0.91,0.005773946540886635,0.91
X000188796,2026-02-18 00:02:05,C001550,A0001550,M00369,T00207,Northeast,Northeast,119.25,USD,card_present,chip_pin,approved,APPROVE,138.42,0.8615084525357608,1,0,0,0,0,0,0,3,202,16,30,26,terminal_customer_network_burst;night_activity,0.26,0.023745614259000014,0.26
X000017332,2026-02-18 00:02:06,C000148,A0000148,M00608,T00219,South,South,130.72,USD,card_present,chip_pin,approved,APPROVE,72.66,1.79906413432425,1,0,0,0,0,0,0,2,451,20,38,26,terminal_customer_network_burst;night_activity,0.26,0.06960174054642487,0.26
X000241917,2026-02-18 00:03:11,C001974,A0001974,M00227,T00504,Midwest,Midwest,113.62,USD,card_present,chip_pin,approved,APPROVE,141.77,0.8014389504126401,1,0,0,0,0,0,0,1,306,14,36,26,terminal_customer_network_burst;night_activity,0.26,0.01565090523732523,0.26
X000093693,2026-02-18 00:03:17,C000785,A0000785,M00368,T00453,West,West,48.28,USD,ecommerce,chip_pin,approved,APPROVE,53.66,0.8997390980245994,1,0,0,1,0,0,0,2,56,14,9,26,terminal_customer_network_burst;night_activity,0.26,0.024206131179985,0.26
X000073491,2026-02-18 00:03:24,C000621,A0000621,M00649,T00134,Midwest,Midwest,63.89,USD,card_present,3ds,approved,APPROVE,44.7,1.4293064876957493,1,0,0,0,0,0,0,0,207,23,25,26,terminal_customer_network_burst;night_activity,0.26,0.055714729264683384,0.26
X000187993,2026-02-18 00:03:43,C001543,A0001543,M00461,T00574,Midwest,West,199.92,USD,ecommerce,chip_pin,approved,APPROVE,217.69,0.918370159400983,1,0,0,1,0,0,1,6,89,6,0,60,customer_velocity;new_customer_terminal_pair;night_activity;home_region_mismatch,0.6,0.19702490545179982,0.6
X000133647,2026-02-18 00:04:47,C001100,A0001100,M00342,T00563,Midwest,Midwest,50.19,USD,card_present,chip_pin,approved,APPROVE,33.78,1.4857904085257547,1,0,0,0,0,0,0,4,155,13,71,26,terminal_customer_network_burst;night_activity,0.26,0.005738201296878535,0.26
X000187994,2026-02-18 00:04:59,C001543,A0001543,M00211,T01068,Midwest,Midwest,104.13,USD,card_present,chip_pin,approved,APPROVE,217.69,0.47834075979604024,1,0,0,0,0,0,0,7,212,11,119,51,customer_velocity;terminal_customer_network_burst;night_activity,0.51,0.0010433501077321224,0.51
X000041328,2026-02-18 00:05:20,C000349,A0000349,M00513,T00308,Midwest,Midwest,186.87,USD,card_present,3ds,approved,APPROVE,285.86,0.653711607080389,1,0,0,0,0,0,0,8,175,10,80,51,customer_velocity;terminal_customer_network_burst;night_activity,0.51,0.003609024335660797,0.51
X000213709,2026-02-18 00:05:47,C001744,A0001744,M00706,T00856,Northeast,Northeast,21.21,USD,mobile_wallet,3ds,approved,APPROVE,59.27,0.3578538889826219,1,0,0,0,0,1,0,2,143,13,42,26,terminal_customer_network_burst;night_activity,0.26,0.010685213799586722,0.26
X000092430,2026-02-18 00:06:24,C000773,A0000773,M00733,T00848,South,Northeast,21.94,USD,card_present,chip_pin,approved,APPROVE,45.11,0.48636665927732214,1,0,0,0,0,0,1,3,181,17,0,53,new_customer_terminal_pair;terminal_customer_network_burst;night_activity;home_region_mismatch,0.53,0.3909130537213569,0.53
X000024787,2026-02-18 00:06:40,C000209,A0000209,M00623,T00969,Midwest,Midwest,65.57,USD,card_present,chip_pin,approved,APPROVE,66.94,0.9795339109650433,1,0,0,0,0,0,0,2,191,15,24,26,terminal_customer_network_burst;night_activity,0.26,0.023240788778668905,0.26
X000141522,2026-02-18 00:06:57,C001165,A0001165,M00033,T00919,West,West,40.87,USD,card_present,chip_pin,approved,APPROVE,51.53,0.7931302154084998,1,0,0,0,0,0,0,0,27,10,18,26,terminal_customer_network_burst;night_activity,0.26,0.007588306683887603,0.26
X000137408,2026-02-18 00:07:00,C001128,A0001128,M00191,T00441,Midwest,Midwest,65.87,USD,ecommerce,wallet_biometric,approved,APPROVE,144.34,0.45635305528613,1,0,0,1,0,0,0,5,236,15,32,51,customer_velocity;terminal_customer_network_burst;night_activity,0.51,0.024407775853522273,0.51
X000097679,2026-02-18 00:07:19,C000818,A0000818,M00184,T00927,South,South,55.8,USD,ecommerce,chip_pin,approved,APPROVE,65.44,0.8526894865525673,1,0,0,1,0,0,0,1,406,20,26,26,terminal_customer_network_burst;night_activity,0.26,0.05899515201929959,0.26
X000187059,2026-02-18 00:07:19,C001538,A0001538,M00342,T00483,Midwest,Midwest,69.63,USD,ecommerce,magstripe,approved,APPROVE,53.88,1.292316258351893,1,0,0,1,1,0,0,4,338,18,35,46,terminal_customer_network_burst;ecommerce_authentication_shift;night_activity,0.46,0.10296329750929652,0.46
X000160676,2026-02-18 00:07:36,C001326,A0001326,M00758,T00582,Northeast,Northeast,172.03,USD,mobile_wallet,chip_pin,approved,APPROVE,112.21,1.533107566170573,1,0,0,0,0,1,0,1,334,17,53,26,terminal_customer_network_burst;night_activity,0.26,0.027791787650061305,0.26
X000143130,2026-02-18 00:07:41,C001179,A0001179,M00337,T00318,West,West,36.98,USD,ecommerce,chip_pin,approved,APPROVE,45.31,0.8161553740896048,1,0,0,1,0,0,0,3,128,13,35,26,terminal_customer_network_burst;night_activity,0.26,0.012231357947149541,0.26
X000245963,2026-02-18 00:07:45,C000984,A0000984,M00735,T00059,Northeast,Midwest,178.59,USD,mobile_wallet,chip_pin,approved,APPROVE,38.22,4.672684458398744,1,0,0,0,0,1,1,2,200,11,4,68,amount_vs_profile;terminal_customer_network_burst;night_activity;home_region_mismatch,0.68,0.682574258414416,0.682574258414416
X000066221,2026-02-18 00:08:12,C000561,A0000561,M00244,T00336,South,South,41.64,USD,card_present,chip_pin,approved,APPROVE,56.65,0.7350397175639894,1,0,0,0,0,0,0,2,344,15,29,26,terminal_customer_network_burst;night_activity,0.26,0.026445769677032507,0.26
X000090491,2026-02-18 00:08:29,C000757,A0000757,M00013,T00686,South,South,27.12,USD,ecommerce,chip_pin,approved,APPROVE,41.63,0.6514532788854192,1,0,0,1,0,0,0,2,369,20,26,26,terminal_customer_network_burst;night_activity,0.26,0.05576547155920913,0.26
X000074848,2026-02-18 00:08:40,C000630,A0000630,M00255,T00819,West,West,323.31,USD,card_present,chip_pin,approved,APPROVE,249.77,1.2944308764062937,1,0,0,0,0,0,0,0,148,12,26,26,terminal_customer_network_burst;night_activity,0.26,0.01238742370703301,0.26
X000239582,2026-02-18 00:09:59,C001953,A0001953,M00257,T00514,South,South,106.32,USD,card_present,magstripe,approved,APPROVE,191.95,0.5538942432925241,1,0,0,0,1,0,0,8,93,12,49,51,customer_velocity;terminal_customer_network_burst;night_activity,0.51,0.02084012759590646,0.51
X000069407,2026-02-18 00:10:07,C000589,A0000589,M00087,T00716,South,South,182.26,USD,card_present,wallet_biometric,approved,APPROVE,211.98,0.8597980941598264,1,0,0,0,0,0,0,12,309,18,59,71,customer_velocity;high_customer_velocity;terminal_customer_network_burst;night_activity,0.71,0.04377557075779311,0.71
X000195643,2026-02-18 00:10:45,C001606,A0001606,M00265,T01076,West,West,166.93,USD,mobile_wallet,3ds,approved,APPROVE,119.37,1.3984250649241854,1,0,0,0,0,1,0,4,169,8,0,41,new_customer_terminal_pair;terminal_customer_network_burst;night_activity,0.41,0.04614763889257639,0.41
X000030632,2026-02-18 00:11:11,C000260,A0000260,M00056,T01147,Midwest,Midwest,53.17,USD,card_present,chip_pin,approved,APPROVE,214.67,0.2476824894023385,1,0,0,0,0,0,0,6,383,16,134,51,customer_velocity;terminal_customer_network_burst;night_activity,0.51,0.0014595691757641079,0.51
X000023142,2026-02-18 00:11:13,C000197,A0000197,M00753,T00413,South,South,215.05,USD,ecommerce,chip_pin,approved,APPROVE,131.98,1.6294135475071982,1,0,0,1,0,0,0,1,396,16,48,26,terminal_customer_network_burst;night_activity,0.26,0.024861525147563686,0.26
X000182106,2026-02-18 00:11:26,C001499,A0001499,M00594,T01188,Northeast,Northeast,13.03,USD,card_present,chip_pin,approved,APPROVE,23.65,0.5509513742071882,1,0,0,0,0,0,0,3,461,22,27,26,terminal_customer_network_burst;night_activity,0.26,0.086014503088684,0.26
X000167588,2026-02-18 00:11:31,C001384,A0001384,M00077,T00306,South,South,126.84,USD,ecommerce,magstripe,approved,APPROVE,83.35,1.521775644871026,1,0,0,1,1,0,0,4,302,17,38,46,terminal_customer_network_burst;ecommerce_authentication_shift;night_activity,0.46,0.08467736930982023,0.46
X000038576,2026-02-18 00:11:32,C000329,A0000329,M00560,T00369,Midwest,West,147.78,USD,card_present,3ds,approved,APPROVE,45.79,3.227342214457305,1,0,0,0,0,0,1,0,107,12,0,83,amount_vs_profile;new_customer_terminal_pair;terminal_customer_network_burst;night_activity;home_region_mismatch,0.83,0.3861791765810849,0.83
X000164893,2026-02-18 00:11:50,C001360,A0001360,M00442,T00105,West,West,48.2,USD,ecommerce,magstripe,approved,APPROVE,30.76,1.566970091027308,1,0,0,1,1,0,0,0,210,17,25,46,terminal_customer_network_burst;ecommerce_authentication_shift;night_activity,0.46,0.06606724828336773,0.46
X000062333,2026-02-18 00:12:10,C000530,A0000530,M00203,T00186,Northeast,Northeast,111.19,USD,ecommerce,wallet_biometric,approved,APPROVE,97.65,1.1386584741423451,1,0,0,1,0,0,0,0,169,6,21,8,night_activity,0.08,0.007500718046707418,0.08
X000012812,2026-02-18 00:13:09,C000111,A0000111,M00168,T00944,South,Northeast,88.18,USD,ecommerce,magstripe,approved,APPROVE,69.27,1.2729897502526348,1,0,0,1,1,0,1,2,303,17,0,73,new_customer_terminal_pair;terminal_customer_network_burst;ecommerce_authentication_shift;night_activity;home_region_mismatch,0.73,0.7121896526683403,0.73
X000075294,2026-02-18 00:13:46,C000632,A0000632,M00782,T00864,Midwest,Midwest,159.13,USD,card_present,chip_pin,approved,APPROVE,125.48,1.2681702263308894,1,0,0,0,0,0,0,1,154,15,28,26,terminal_customer_network_burst;night_activity,0.26,0.018632829472947875,0.26
X000005593,2026-02-18 00:13:52,C000051,A0000051,M00270,T00473,South,South,57.23,USD,ecommerce,wallet_biometric,approved,APPROVE,23.11,2.476417135439204,1,0,0,1,0,0,0,1,302,18,26,26,terminal_customer_network_burst;night_activity,0.26,0.0683410958147871,0.26
X000201805,2026-02-18 00:13:57,C001650,A0001650,M00566,T00559,West,West,900.94,USD,ecommerce,chip_pin,approved,APPROVE,267.79,3.36435266440121,1,0,0,1,0,0,0,6,132,11,104,81,amount_vs_profile;customer_velocity;terminal_customer_network_burst;night_activity,0.81,0.004202421055732441,0.81
X000118683,2026-02-18 00:14:19,C000982,A0000982,M00067,T00948,South,South,53.03,USD,card_present,chip_pin,approved,APPROVE,68.73,0.7715699112469082,1,0,0,0,0,0,0,1,328,19,19,26,terminal_customer_network_burst;night_activity,0.26,0.04977363512887316,0.26
X000095455,2026-02-18 00:15:40,C000797,A0000797,M00020,T00130,South,South,28.94,USD,card_present,3ds,approved,APPROVE,26.27,1.1016368481157215,1,0,0,0,0,0,0,0,337,21,15,26,terminal_customer_network_burst;night_activity,0.26,0.07302404145978685,0.26
X000120520,2026-02-18 00:15:40,C001001,A0001001,M00635,T01013,Midwest,Midwest,21.64,USD,ecommerce,chip_pin,approved,APPROVE,38.51,0.5619319657231888,1,0,0,1,0,0,0,7,252,18,48,51,customer_velocity;terminal_customer_network_burst;night_activity,0.51,0.028438150526102872,0.51
X000067479,2026-02-18 00:16:15,C000571,A0000571,M00372,T00095,South,South,102.41,USD,ecommerce,chip_pin,approved,APPROVE,119.82,0.8546987147387749,1,0,0,1,0,0,0,5,313,21,64,51,customer_velocity;terminal_customer_network_burst;night_activity,0.51,0.025243828502692085,0.51
X000200143,2026-02-18 00:16:20,C001639,A0001639,M00302,T00011,Northeast,Northeast,68.59,USD,card_present,chip_pin,approved,APPROVE,99.93,0.6863804663264285,1,0,0,0,0,0,0,3,240,17,46,26,terminal_customer_network_burst;night_activity,0.26,0.016444447831133625,0.26
X000206966,2026-02-18 00:16:38,C001688,A0001688,M00715,T00083,Midwest,Midwest,57.45,USD,ecommerce,3ds,approved,APPROVE,94.31,0.6091612766408653,1,0,0,1,0,0,0,1,217,14,14,26,terminal_customer_network_burst;night_activity,0.26,0.02459375450284876,0.26
X000030633,2026-02-18 00:17:14,C000260,A0000260,M00056,T01147,Midwest,Midwest,223.73,USD,card_present,chip_pin,approved,APPROVE,214.67,1.042204313597615,1,0,0,0,0,0,0,7,384,16,135,51,customer_velocity;terminal_customer_network_burst;night_activity,0.51,0.002203610523565439,0.51
X000159526,2026-02-18 00:17:19,C001314,A0001314,M00445,T00021,Northeast,Northeast,13.14,USD,ecommerce,chip_pin,approved,APPROVE,28.25,0.4651327433628319,1,0,0,1,0,0,0,1,275,11,27,26,terminal_customer_network_burst;night_activity,0.26,0.012503950901043635,0.26
X000144353,2026-02-18 00:18:01,C001188,A0001188,M00261,T00549,Northeast,Northeast,19.65,USD,mobile_wallet,wallet_biometric,approved,APPROVE,25.41,0.7733175914994096,1,0,0,0,0,1,0,1,59,16,20,26,terminal_customer_network_burst;night_activity,0.26,0.026060861207713393,0.26
X000043820,2026-02-18 00:18:14,C000372,A0000372,M00309,T01075,Northeast,Northeast,30.42,USD,card_present,3ds,approved,APPROVE,34.26,0.8879159369527146,1,0,0,0,0,0,0,2,153,12,17,26,terminal_customer_network_burst;night_activity,0.26,0.017932131202949415,0.26
X000147389,2026-02-18 00:18:21,C001216,A0001216,M00490,T00340,South,South,82.28,USD,mobile_wallet,chip_pin,approved,APPROVE,43.69,1.8832684824902726,1,0,0,0,0,1,0,1,173,11,34,26,terminal_customer_network_burst;night_activity,0.26,0.019394423845593853,0.26
X000058883,2026-02-18 00:19:10,C000499,A0000499,M00492,T00550,West,West,516.64,USD,card_present,chip_pin,approved,APPROVE,206.75,2.498863361547763,1,0,0,0,0,0,0,0,117,8,33,26,terminal_customer_network_burst;night_activity,0.26,0.009285287612271207,0.26
X000122170,2026-02-18 00:19:18,C001013,A0001013,M00225,T00294,Midwest,Midwest,10.17,USD,ecommerce,chip_pin,approved,APPROVE,27.75,0.36648648648648646,1,0,0,1,0,0,0,7,232,11,48,51,customer_velocity;terminal_customer_network_burst;night_activity,0.51,0.011037797550474288,0.51
X000157275,2026-02-18 00:19:55,C001293,A0001293,M00423,T00628,South,South,95.42,USD,card_present,chip_pin,approved,APPROVE,103.07,0.9257785970699526,1,0,0,0,0,0,0,6,91,12,39,51,customer_velocity;terminal_customer_network_burst;night_activity,0.51,0.01223560705569365,0.51
X000165024,2026-02-18 00:20:12,C001361,A0001361,M00166,T00474,Northeast,Northeast,58.48,USD,card_present,3ds,approved,APPROVE,54.12,1.0805617147080562,1,0,0,0,0,0,0,2,117,12,26,26,terminal_customer_network_burst;night_activity,0.26,0.013255563077176678,0.26
X000185692,2026-02-18 00:20:12,C001526,A0001526,M00460,T00677,Midwest,Midwest,49.56,USD,card_present,chip_pin,approved,APPROVE,46.99,1.054692487763354,1,0,0,0,0,0,0,2,286,21,33,26,terminal_customer_network_burst;night_activity,0.26,0.0455920671037532,0.26
X000161134,2026-02-18 00:20:55,C001330,A0001330,M00148,T01086,Midwest,Midwest,139.2,USD,card_present,chip_pin,approved,APPROVE,79.51,1.7507231794742797,1,0,0,0,0,0,0,3,283,15,54,26,terminal_customer_network_burst;night_activity,0.26,0.017235627915063525,0.26
X000119008,2026-02-18 00:21:25,C000985,A0000985,M00750,T01142,South,South,80.84,USD,ecommerce,chip_pin,approved,APPROVE,65.16,1.2406384284837324,1,0,0,1,0,0,0,2,329,18,45,26,terminal_customer_network_burst;night_activity,0.26,0.02798821223854972,0.26
X000162195,2026-02-18 00:21:47,C001339,A0001339,M00166,T00022,Northeast,Northeast,118.61,USD,card_present,wallet_biometric,approved,APPROVE,127.04,0.9336429471032746,1,0,0,0,0,0,0,0,221,24,31,26,terminal_customer_network_burst;night_activity,0.26,0.04424566740451113,0.26
X000046590,2026-02-18 00:22:01,C000391,A0000391,M00691,T01123,Northeast,Northeast,50.99,USD,card_present,magstripe,approved,APPROVE,28.39,1.796054948925678,1,0,0,0,1,0,0,3,179,12,0,41,new_customer_terminal_pair;terminal_customer_network_burst;night_activity,0.41,0.10748042763841631,0.41
X000173627,2026-02-18 00:22:28,C001431,A0001431,M00056,T01147,Midwest,Midwest,63.26,USD,card_present,chip_pin,approved,APPROVE,35.72,1.770996640537514,1,0,0,0,0,0,0,1,385,16,37,26,terminal_customer_network_burst;night_activity,0.26,0.0343573360402409,0.26
X000109730,2026-02-18 00:22:47,C000916,A0000916,M00315,T01023,Midwest,Midwest,179.72,USD,card_present,wallet_biometric,approved,APPROVE,125.73,1.4294122325618388,1,0,0,0,0,0,0,6,179,11,77,51,customer_velocity;terminal_customer_network_burst;night_activity,0.51,0.004903234766956466,0.51
X000007918,2026-02-18 00:22:52,C000072,A0000072,M00494,T00136,West,West,110.94,USD,ecommerce,chip_pin,approved,APPROVE,127.28,0.8716216216216216,1,0,0,1,0,0,0,3,103,16,48,26,terminal_customer_network_burst;night_activity,0.26,0.01099502717004432,0.26
X000145823,2026-02-18 00:22:57,C001201,A0001201,M00385,T00962,South,South,64.71,USD,card_present,chip_pin,approved,APPROVE,63.85,1.013469068128426,1,0,0,0,0,0,0,1,145,12,24,26,terminal_customer_network_burst;night_activity,0.26,0.013150067195753427,0.26
X000067480,2026-02-18 00:23:53,C000571,A0000571,M00372,T00095,South,South,88.83,USD,mobile_wallet,chip_pin,approved,APPROVE,119.82,0.741362043064597,1,0,0,0,0,1,0,6,314,21,65,51,customer_velocity;terminal_customer_network_burst;night_activity,0.51,0.03717107827349527,0.51
X000237343,2026-02-18 00:25:23,C001935,A0001935,M00795,T00503,Northeast,Northeast,67.85,USD,card_present,chip_pin,approved,APPROVE,144.04,0.47104970841432936,1,0,0,0,0,0,0,4,156,15,31,26,terminal_customer_network_burst;night_activity,0.26,0.017496986360108012,0.26
X000185003,2026-02-18 00:25:44,C001523,A0001523,M00195,T00595,South,South,144.41,USD,card_present,wallet_biometric,approved,APPROVE,127.72,1.1306764797995614,1,0,0,0,0,0,0,2,244,15,42,26,terminal_customer_network_burst;night_activity,0.26,0.01590392749794767,0.26
X000027942,2026-02-18 00:27:40,C000240,A0000240,M00532,T00040,West,West,44.04,USD,card_present,chip_pin,approved,APPROVE,32.71,1.3463772546621828,1,0,0,0,0,0,0,1,170,11,21,26,terminal_customer_network_burst;night_activity,0.26,0.01569001829243803,0.26
X000211656,2026-02-18 00:27:41,C001726,A0001726,M00626,T01083,South,South,36.53,USD,ecommerce,wallet_biometric,approved,APPROVE,60.57,0.6031038467888393,1,0,0,1,0,0,0,3,212,18,36,26,terminal_customer_network_burst;night_activity,0.26,0.024141152206997418,0.26
X000049571,2026-02-18 00:27:42,C000414,A0000414,M00386,T00008,South,Northeast,16.68,USD,card_present,wallet_biometric,approved,APPROVE,22.81,0.7312582200789128,1,0,0,0,0,0,1,3,211,13,0,53,new_customer_terminal_pair;terminal_customer_network_burst;night_activity;home_region_mismatch,0.53,0.3226148185314606,0.53
X000245964,2026-02-18 00:27:45,C000984,A0000984,M00735,T00059,Northeast,Midwest,407.89,USD,mobile_wallet,magstripe,soft_decline,APPROVE,38.22,10.672161172161172,1,0,1,0,1,1,1,3,201,11,5,100,amount_vs_profile;extreme_amount_vs_profile;terminal_customer_network_burst;night_activity;authentication_soft_decline;home_region_mismatch,1.0,0.9842664958555211,1.0
X000206851,2026-02-18 00:28:44,C001687,A0001687,M00661,T00801,Northeast,Northeast,177.74,USD,ecommerce,chip_pin,approved,APPROVE,226.33,0.7853134803163522,1,0,0,1,0,0,0,4,162,15,80,26,terminal_customer_network_burst;night_activity,0.26,0.004390705509741361,0.26
X000198443,2026-02-18 00:28:53,C001626,A0001626,M00680,T00949,Midwest,Midwest,272.08,USD,card_present,3ds,approved,APPROVE,262.11,1.038037465186372,1,0,0,0,0,0,0,6,192,12,84,51,customer_velocity;terminal_customer_network_burst;night_activity,0.51,0.0038801339150007115,0.51
X000144781,2026-02-18 00:29:07,C001192,A0001192,M00497,T00779,West,West,73.76,USD,card_present,3ds,approved,APPROVE,62.56,1.1790281329923273,1,0,0,0,0,0,0,1,89,13,25,26,terminal_customer_network_burst;night_activity,0.26,0.013274003601009473,0.26
X000220476,2026-02-18 00:29:20,C001799,A0001799,M00094,T00206,South,South,170.81,USD,card_present,magstripe,approved,APPROVE,62.89,2.716012084592145,1,0,0,0,1,0,0,2,222,17,30,26,terminal_customer_network_burst;night_activity,0.26,0.10633122888453732,0.26
X000130546,2026-02-18 00:29:37,C001073,A0001073,M00387,T00289,Northeast,Northeast,119.08,USD,card_present,chip_pin,approved,APPROVE,70.69,1.6845381242042723,1,0,0,0,0,0,0,2,111,14,21,26,terminal_customer_network_burst;night_activity,0.26,0.02464588720466577,0.26
X000063570,2026-02-18 00:29:56,C000540,A0000540,M00620,T00585,South,South,39.58,USD,ecommerce,chip_pin,approved,APPROVE,50.16,0.7890749601275917,1,0,0,1,0,0,0,1,250,14,22,26,terminal_customer_network_burst;night_activity,0.26,0.022273349832840336,0.26
X000165942,2026-02-18 00:30:29,C001368,A0001368,M00454,T00977,West,West,214.42,USD,card_present,magstripe,approved,APPROVE,257.01,0.8342866036340998,1,0,0,0,1,0,0,6,111,11,61,51,customer_velocity;terminal_customer_network_burst;night_activity,0.51,0.011727378694931373,0.51
X000156178,2026-02-18 00:31:27,C001285,A0001285,M00787,T00660,South,South,22.18,USD,ecommerce,3ds,approved,APPROVE,43.38,0.5112955278930382,1,0,0,1,0,0,0,0,173,17,24,26,terminal_customer_network_burst;night_activity,0.26,0.019449026260458798,0.26
X000156793,2026-02-18 00:31:32,C001289,A0001289,M00351,T00802,West,West,403.3,USD,mobile_wallet,wallet_biometric,approved,APPROVE,454.02,0.8882868596097089,1,0,0,0,0,1,0,0,208,14,73,26,terminal_customer_network_burst;night_activity,0.26,0.005122923594445701,0.26
X000089823,2026-02-18 00:31:39,C000750,A0000750,M00064,T00120,Midwest,Midwest,292.7,USD,ecommerce,3ds,approved,APPROVE,91.76,3.1898430688753265,1,0,0,1,0,0,0,2,172,12,38,56,amount_vs_profile;terminal_customer_network_burst;night_activity,0.56,0.02551753912036934,0.56
X000198444,2026-02-18 00:32:40,C001626,A0001626,M00137,T00381,Midwest,Midwest,104.66,USD,card_present,3ds,soft_decline,CHALLENGE,262.11,0.3992980046545343,1,0,1,0,0,0,0,7,186,14,77,59,customer_velocity;terminal_customer_network_burst;night_activity;authentication_soft_decline,0.59,0.024555544125686928,0.59
X000185841,2026-02-18 00:32:56,C001527,A0001527,M00129,T00930,West,West,17.58,USD,card_present,3ds,approved,APPROVE,28.9,0.6083044982698962,1,0,0,0,0,0,0,1,121,12,42,26,terminal_customer_network_burst;night_activity,0.26,0.005875932866590949,0.26
X000157015,2026-02-18 00:33:04,C001291,A0001291,M00295,T00926,South,South,333.58,USD,mobile_wallet,3ds,approved,APPROVE,200.77,1.6615032126313691,1,0,0,0,0,1,0,9,151,16,33,51,customer_velocity;terminal_customer_network_burst;night_activity,0.51,0.07591480657227455,0.51
X000063571,2026-02-18 00:33:08,C000540,A0000540,M00620,T00585,South,South,27.42,USD,card_present,3ds,approved,APPROVE,50.16,0.5466507177033494,1,0,0,0,0,0,0,2,251,14,23,26,terminal_customer_network_burst;night_activity,0.26,0.02090305440298852,0.26
X000181494,2026-02-18 00:33:17,C001492,A0001492,M00410,T00952,South,South,20.11,USD,ecommerce,wallet_biometric,approved,APPROVE,20.31,0.9901526341703595,1,0,0,1,0,0,0,1,196,16,16,26,terminal_customer_network_burst;night_activity,0.26,0.032107002356332286,0.26
X000036846,2026-02-18 00:34:37,C000315,A0000315,M00588,T01157,Midwest,West,216.43,USD,card_present,chip_pin,approved,APPROVE,260.77,0.8299651033477778,1,0,0,0,0,0,1,3,66,15,0,53,new_customer_terminal_pair;terminal_customer_network_burst;night_activity;home_region_mismatch,0.53,0.3019824712459473,0.53
X000192784,2026-02-18 00:34:57,C001583,A0001583,M00193,T01039,West,West,15.69,USD,ecommerce,3ds,approved,APPROVE,33.99,0.46160635481023826,1,0,0,1,0,0,0,2,222,15,20,26,terminal_customer_network_burst;night_activity,0.26,0.02446099517230871,0.26
X000145151,2026-02-18 00:35:00,C001194,A0001194,M00638,T01099,Northeast,Northeast,52.95,USD,mobile_wallet,wallet_biometric,approved,APPROVE,102.24,0.5178990610328639,1,0,0,0,0,1,0,4,181,13,53,26,terminal_customer_network_burst;night_activity,0.26,0.011135938331738569,0.26
X000202827,2026-02-18 00:35:05,C001660,A0001660,M00618,T00042,Northeast,Northeast,115.73,USD,ecommerce,chip_pin,approved,APPROVE,42.17,2.7443680341474983,1,0,0,1,0,0,0,1,193,10,25,26,terminal_customer_network_burst;night_activity,0.26,0.02404549911174721,0.26
X000042828,2026-02-18 00:35:53,C000362,A0000362,M00304,T00684,Midwest,Midwest,37.07,USD,ecommerce,3ds,approved,APPROVE,53.22,0.6965426531379181,1,0,0,1,0,0,0,4,176,14,31,26,terminal_customer_network_burst;night_activity,0.26,0.018903111028602527,0.26
X000165142,2026-02-18 00:36:21,C001362,A0001362,M00168,T00981,Northeast,Northeast,89.93,USD,mobile_wallet,chip_pin,approved,APPROVE,83.35,1.0789442111577685,1,0,0,0,0,1,0,3,333,16,29,26,terminal_customer_network_burst;night_activity,0.26,0.05492163309209366,0.26
X000104188,2026-02-18 00:36:44,C000877,A0000877,M00596,T01101,Midwest,Midwest,183.18,USD,card_present,chip_pin,approved,APPROVE,141.12,1.2980442176870748,1,0,0,0,0,0,0,3,224,13,18,26,terminal_customer_network_burst;night_activity,0.26,0.030835790877771153,0.26
X000097003,2026-02-18 00:36:46,C000811,A0000811,M00739,T00701,South,South,53.93,USD,card_present,chip_pin,approved,APPROVE,134.11,0.40213257773469535,1,0,0,0,0,0,0,5,276,18,40,51,customer_velocity;terminal_customer_network_burst;night_activity,0.51,0.02753776498967512,0.51
X000059071,2026-02-18 00:36:56,C000501,A0000501,M00295,T00425,South,South,55.27,USD,ecommerce,3ds,approved,APPROVE,42.14,1.3115804461319411,1,0,0,1,0,0,0,2,482,20,31,26,terminal_customer_network_burst;night_activity,0.26,0.0808840292996756,0.26
X000161357,2026-02-18 00:37:06,C001331,A0001331,M00285,T00604,Midwest,Midwest,53.96,USD,mobile_wallet,3ds,approved,APPROVE,34.02,1.5861258083480305,1,0,0,0,0,1,0,6,162,7,52,33,customer_velocity;night_activity,0.33,0.010517550368691144,0.33
X000126641,2026-02-18 00:37:43,C001042,A0001042,M00074,T00967,South,South,12.51,USD,ecommerce,wallet_biometric,approved,APPROVE,16.47,0.7595628415300547,1,0,0,1,0,0,0,2,348,18,49,26,terminal_customer_network_burst;night_activity,0.26,0.02134871690746189,0.26
X000043240,2026-02-18 00:37:53,C000365,A0000365,M00477,T00694,West,West,19.64,USD,card_present,chip_pin,approved,APPROVE,21.43,0.9164722351843211,1,0,0,0,0,0,0,0,202,15,21,26,terminal_customer_network_burst;night_activity,0.26,0.020349093862735968,0.26
X000143131,2026-02-18 00:38:53,C001179,A0001179,M00510,T00280,West,West,69.67,USD,card_present,magstripe,approved,APPROVE,45.31,1.5376296623261974,1,0,0,0,1,0,0,4,107,12,42,26,terminal_customer_network_burst;night_activity,0.26,0.025181732781483133,0.26
X000150645,2026-02-18 00:39:16,C001239,A0001239,M00170,T01059,Midwest,Midwest,60.11,USD,ecommerce,3ds,approved,APPROVE,63.27,0.950055318476371,1,0,0,1,0,0,0,3,181,14,38,26,terminal_customer_network_burst;night_activity,0.26,0.015089869128268955,0.26
X000191347,2026-02-18 00:40:04,C001570,A0001570,M00179,T00767,Midwest,Midwest,95.69,USD,card_present,3ds,approved,APPROVE,48.92,1.956050695012265,1,0,0,0,0,0,0,0,144,16,24,26,terminal_customer_network_burst;night_activity,0.26,0.02717909153284403,0.26
X000140532,2026-02-18 00:40:06,C001156,A0001156,M00034,T00307,Northeast,Northeast,119.45,USD,card_present,3ds,approved,APPROVE,72.95,1.6374228923920493,1,0,0,0,0,0,0,1,253,14,26,26,terminal_customer_network_burst;night_activity,0.26,0.026301338708524385,0.26
X000035225,2026-02-18 00:40:54,C000298,A0000298,M00610,T00995,Midwest,Midwest,194.22,USD,ecommerce,magstripe,approved,APPROVE,164.22,1.1826817683595177,1,0,0,1,1,0,0,4,229,16,59,46,terminal_customer_network_burst;ecommerce_authentication_shift;night_activity,0.46,0.029047169647503687,0.46
X000039208,2026-02-18 00:41:23,C000333,A0000333,M00513,T00308,Midwest,Midwest,145.55,USD,card_present,3ds,approved,APPROVE,85.49,1.7025383085741024,1,0,0,0,0,0,0,3,176,10,43,26,terminal_customer_network_burst;night_activity,0.26,0.01018779444660087,0.26
X000233587,2026-02-18 00:41:23,C001904,A0001904,M00604,T01134,Northeast,Northeast,40.69,USD,ecommerce,3ds,approved,APPROVE,45.97,0.8851424842288449,1,0,0,1,0,0,0,0,453,20,16,26,terminal_customer_network_burst;night_activity,0.26,0.08108558597019119,0.26
X000027943,2026-02-18 00:42:03,C000240,A0000240,M00267,T00878,West,West,63.51,USD,ecommerce,chip_pin,approved,APPROVE,32.71,1.9416080709263221,1,0,0,1,0,0,0,2,109,12,29,26,terminal_customer_network_burst;night_activity,0.26,0.0175933184077825,0.26
X000033648,2026-02-18 00:42:09,C000286,A0000286,M00184,T01155,South,South,122.44,USD,ecommerce,3ds,approved,APPROVE,44.64,2.7428315412186377,1,0,0,1,0,0,0,0,299,17,16,26,terminal_customer_network_burst;night_activity,0.26,0.08142885963493342,0.26
X000060351,2026-02-18 00:42:34,C000513,A0000513,M00592,T00596,South,South,189.86,USD,card_present,chip_pin,approved,APPROVE,115.4,1.6452339688041595,1,0,0,0,0,0,0,7,258,18,57,51,customer_velocity;terminal_customer_network_burst;night_activity,0.51,0.03168587834121908,0.51
X000093273,2026-02-18 00:42:35,C000781,A0000781,M00761,T01038,South,South,69.21,USD,card_present,3ds,approved,APPROVE,75.59,0.9155973012303213,1,0,0,0,0,0,0,6,291,16,35,51,customer_velocity;terminal_customer_network_burst;night_activity,0.51,0.036507903877824606,0.51
X000008359,2026-02-18 00:43:15,C000076,A0000076,M00701,T00740,West,West,46.27,USD,ecommerce,3ds,approved,APPROVE,33.05,1.4000000000000001,1,0,0,1,0,0,0,0,105,11,13,26,terminal_customer_network_burst;night_activity,0.26,0.0164842978282421,0.26
X000081537,2026-02-18 00:44:05,C000682,A0000682,M00051,T01084,South,South,230.08,USD,card_present,wallet_biometric,approved,APPROVE,203.35,1.1314482419473815,1,0,0,0,0,0,0,2,293,17,34,26,terminal_customer_network_burst;night_activity,0.26,0.029304862728731486,0.26
X000040962,2026-02-18 00:44:23,C000347,A0000347,M00387,T00438,Northeast,Northeast,89.26,USD,mobile_wallet,3ds,approved,APPROVE,153.65,0.5809306866254474,1,0,0,0,0,1,0,3,94,11,42,26,terminal_customer_network_burst;night_activity,0.26,0.009162824093172053,0.26
X000163561,2026-02-18 00:44:23,C001348,A0001348,M00099,T00459,South,South,55.86,USD,card_present,3ds,approved,APPROVE,58.02,0.9627714581178903,1,0,0,0,0,0,0,1,215,19,76,26,terminal_customer_network_burst;night_activity,0.26,0.006583436682777123,0.26
X000107206,2026-02-18 00:44:27,C000898,A0000898,M00199,T00748,Midwest,Midwest,261.27,USD,ecommerce,magstripe,approved,APPROVE,81.06,3.223168023686158,1,0,0,1,1,0,0,3,78,15,20,76,amount_vs_profile;terminal_customer_network_burst;ecommerce_authentication_shift;night_activity,0.76,0.11567320148785361,0.76
X000088149,2026-02-18 00:44:39,C000740,A0000740,M00083,T00781,Midwest,Midwest,14.62,USD,card_present,wallet_biometric,approved,APPROVE,16.08,0.9092039800995025,1,0,0,0,0,0,0,3,41,5,37,8,night_activity,0.08,0.003510040909017978,0.08
X000113798,2026-02-18 00:45:26,C000947,A0000947,M00753,T00413,South,South,97.61,USD,ecommerce,magstripe,approved,APPROVE,64.03,1.5244416679681398,1,0,0,1,1,0,0,7,397,16,41,71,customer_velocity;terminal_customer_network_burst;ecommerce_authentication_shift;night_activity,0.71,0.11956380936087227,0.71
X000190923,2026-02-18 00:45:37,C001567,A0001567,M00608,T00219,South,South,243.62,USD,card_present,3ds,approved,APPROVE,209.18,1.1646428912897981,1,0,0,0,0,0,0,2,452,20,54,26,terminal_customer_network_burst;night_activity,0.26,0.03325225237538093,0.26
X000202478,2026-02-18 00:45:39,C001656,A0001656,M00345,T00208,South,South,59.7,USD,mobile_wallet,chip_pin,approved,APPROVE,47.61,1.2539382482671708,1,0,0,0,0,1,0,0,271,21,18,26,terminal_customer_network_burst;night_activity,0.26,0.08822932084658697,0.26
X000046197,2026-02-18 00:45:53,C000387,A0000387,M00414,T00189,Midwest,Midwest,43.57,USD,mobile_wallet,chip_pin,approved,APPROVE,36.39,1.1973069524594668,1,0,0,0,0,1,0,2,391,22,27,26,terminal_customer_network_burst;night_activity,0.26,0.12062557857283035,0.26
X000064001,2026-02-18 00:46:11,C000542,A0000542,M00008,T01199,West,West,211.84,USD,ecommerce,3ds,approved,APPROVE,213.02,0.9944606140268519,1,0,0,1,0,0,0,6,90,8,52,51,customer_velocity;terminal_customer_network_burst;night_activity,0.51,0.005430395658268098,0.51
X000122012,2026-02-18 00:46:18,C001012,A0001012,M00191,T00591,Midwest,Midwest,109.11,USD,card_present,chip_pin,approved,APPROVE,72.84,1.4979406919275122,1,0,0,0,0,0,0,1,102,13,21,26,terminal_customer_network_burst;night_activity,0.26,0.017729583479009037,0.26
X000074690,2026-02-18 00:46:31,C000629,A0000629,M00604,T01134,Northeast,Northeast,157.19,USD,ecommerce,3ds,approved,APPROVE,118.88,1.322257738896366,1,0,0,1,0,0,0,10,454,20,101,71,customer_velocity;high_customer_velocity;terminal_customer_network_burst;night_activity,0.71,0.021232091306859803,0.71
X000179694,2026-02-18 00:47:09,C001477,A0001477,M00607,T00470,South,South,38.6,USD,card_present,chip_pin,approved,APPROVE,42.81,0.9016584910067741,1,0,0,0,0,0,0,2,305,19,19,26,terminal_customer_network_burst;night_activity,0.26,0.05533496145874,0.26
X000059441,2026-02-18 00:47:41,C000505,A0000505,M00489,T01009,Northeast,Northeast,248.33,USD,card_present,3ds,approved,APPROVE,119.19,2.0834801577313535,1,0,0,0,0,0,0,3,158,12,34,26,terminal_customer_network_burst;night_activity,0.26,0.01914207189131284,0.26
X000091854,2026-02-18 00:48:01,C000769,A0000769,M00077,T00530,South,South,156.93,USD,mobile_wallet,chip_pin,approved,APPROVE,268.43,0.5846216890809522,1,0,0,0,0,1,0,3,241,17,70,26,terminal_customer_network_burst;night_activity,0.26,0.010994476183494362,0.26
X000196039,2026-02-18 00:48:01,C001610,A0001610,M00735,T00059,Midwest,Midwest,40.52,USD,ecommerce,magstripe,approved,APPROVE,44.09,0.9190292583352234,1,0,0,1,1,0,0,4,202,11,30,46,terminal_customer_network_burst;ecommerce_authentication_shift;night_activity,0.46,0.03427721198601369,0.46
X000179749,2026-02-18 00:49:38,C001478,A0001478,M00716,T00578,West,West,130.73,USD,card_present,chip_pin,approved,APPROVE,45.51,2.8725554823115798,1,0,0,0,0,0,0,1,89,16,18,26,terminal_customer_network_burst;night_activity,0.26,0.04599562249160684,0.26
X000054186,2026-02-18 00:50:39,C000459,A0000459,M00753,T00413,South,South,21.33,USD,card_present,3ds,soft_decline,CHALLENGE,44.53,0.47900291938019307,1,0,1,0,0,0,0,3,398,16,19,34,terminal_customer_network_burst;night_activity;authentication_soft_decline,0.34,0.19001091053460054,0.34
X000198772,2026-02-18 00:50:50,C001627,A0001627,M00608,T00027,South,South,488.1,USD,mobile_wallet,chip_pin,approved,APPROVE,272.19,1.7932326683566626,1,0,0,0,0,1,0,8,355,17,72,51,customer_velocity;terminal_customer_network_burst;night_activity,0.51,0.039689728919966805,0.51
X000238664,2026-02-18 00:50:55,C001947,A0001947,M00205,T00934,South,South,138.25,USD,card_present,chip_pin,approved,APPROVE,198.0,0.6982323232323232,1,0,0,0,0,0,0,5,434,18,33,51,customer_velocity;terminal_customer_network_burst;night_activity,0.51,0.05690715531876837,0.51
X000051633,2026-02-18 00:51:06,C000436,A0000436,M00321,T00416,Midwest,Midwest,67.69,USD,ecommerce,wallet_biometric,approved,APPROVE,54.38,1.244759102611254,1,0,0,1,0,0,0,4,198,9,24,26,terminal_customer_network_burst;night_activity,0.26,0.017366988769152266,0.26
X000065201,2026-02-18 00:51:12,C000552,A0000552,M00335,T00138,South,South,55.81,USD,card_present,3ds,approved,APPROVE,37.61,1.4839138526987503,1,0,0,0,0,0,0,2,307,10,24,26,terminal_customer_network_burst;night_activity,0.26,0.021299330005943393,0.26
X000109910,2026-02-18 00:51:24,C000918,A0000918,M00761,T00945,South,South,27.36,USD,card_present,3ds,approved,APPROVE,48.21,0.5675171126322339,1,0,0,0,0,0,0,0,157,10,15,26,terminal_customer_network_burst;night_activity,0.26,0.010638947439629726,0.26
X000058884,2026-02-18 00:52:07,C000499,A0000499,M00255,T00819,West,West,158.53,USD,card_present,3ds,approved,APPROVE,206.75,0.7667714631197098,1,0,0,0,0,0,0,1,149,12,45,26,terminal_customer_network_burst;night_activity,0.26,0.006111011313685972,0.26
X000162418,2026-02-18 00:53:21,C001341,A0001341,M00211,T01068,Midwest,Midwest,36.33,USD,card_present,magstripe,approved,APPROVE,53.74,0.6760327502791217,1,0,0,0,1,0,0,0,213,11,15,26,terminal_customer_network_burst;night_activity,0.26,0.030845911754046915,0.26
X000056382,2026-02-18 00:53:34,C000476,A0000476,M00271,T00851,Northeast,Northeast,20.2,USD,card_present,chip_pin,approved,APPROVE,44.55,0.45342312008978675,1,0,0,0,0,0,0,0,206,13,14,26,terminal_customer_network_burst;night_activity,0.26,0.01690201326326228,0.26
X000232911,2026-02-18 00:53:42,C001898,A0001898,M00623,T00969,Midwest,Midwest,52.49,USD,mobile_wallet,wallet_biometric,approved,APPROVE,61.86,0.8485289363077918,1,0,0,0,0,1,0,2,192,15,25,26,terminal_customer_network_burst;night_activity,0.26,0.03197249071164637,0.26
X000172497,2026-02-18 00:54:11,C001422,A0001422,M00772,T00124,Midwest,Midwest,18.19,USD,card_present,magstripe,approved,APPROVE,41.11,0.4424714181464364,1,0,0,0,1,0,0,2,206,13,35,26,terminal_customer_network_burst;night_activity,0.26,0.023261119809717755,0.26
X000102882,2026-02-18 00:54:48,C000864,A0000864,M00544,T00846,South,South,10.55,USD,card_present,chip_pin,approved,APPROVE,31.31,0.33695305014372406,1,0,0,0,0,0,0,0,297,19,16,26,terminal_customer_network_burst;night_activity,0.26,0.03815239407494537,0.26
X000208662,2026-02-18 00:55:02,C001702,A0001702,M00477,T00694,West,West,431.23,USD,ecommerce,magstripe,approved,APPROVE,260.4,1.6560291858678957,1,0,0,1,1,0,0,7,203,15,76,71,customer_velocity;terminal_customer_network_burst;ecommerce_authentication_shift;night_activity,0.71,0.02410655122466468,0.71
X000213710,2026-02-18 00:55:20,C001744,A0001744,M00706,T00856,Northeast,Northeast,127.15,USD,card_present,3ds,approved,APPROVE,59.27,2.1452674202800743,1,0,0,0,0,0,0,2,144,13,43,26,terminal_customer_network_burst;night_activity,0.26,0.014214178682776442,0.26
X000005594,2026-02-18 00:55:30,C000051,A0000051,M00270,T00473,South,South,23.82,USD,card_present,3ds,approved,APPROVE,23.11,1.0307226308957163,1,0,0,0,0,0,0,2,303,18,27,26,terminal_customer_network_burst;night_activity,0.26,0.04034959094393698,0.26
X000097788,2026-02-18 00:55:42,C000819,A0000819,M00376,T00309,South,South,32.13,USD,card_present,chip_pin,approved,APPROVE,37.28,0.8618562231759657,1,0,0,0,0,0,0,3,435,17,17,26,terminal_customer_network_burst;night_activity,0.26,0.07090112667252378,0.26
X000053925,2026-02-18 00:56:33,C000456,A0000456,M00686,T00708,West,West,39.95,USD,card_present,3ds,approved,APPROVE,30.16,1.3246021220159152,1,0,0,0,0,0,0,2,96,12,15,26,terminal_customer_network_burst;night_activity,0.26,0.019709484532349726,0.26
X000110755,2026-02-18 00:57:05,C000924,A0000924,M00769,T00996,West,West,440.94,USD,ecommerce,3ds,approved,APPROVE,329.64,1.337641062977794,1,0,0,1,0,0,0,2,293,11,49,26,terminal_customer_network_burst;night_activity,0.26,0.010316429299436406,0.26
X000196117,2026-02-18 00:58:20,C001611,A0001611,M00245,T00626,West,West,101.83,USD,mobile_wallet,wallet_biometric,approved,APPROVE,47.59,2.139735238495482,1,0,0,0,0,1,0,1,113,11,13,26,terminal_customer_network_burst;night_activity,0.26,0.035904771560262776,0.26
X000017597,2026-02-18 00:58:43,C000150,A0000150,M00518,T00379,South,South,291.76,USD,card_present,magstripe,approved,APPROVE,224.61,1.29896264636481,1,0,0,0,1,0,0,5,255,18,44,51,customer_velocity;terminal_customer_network_burst;night_activity,0.51,0.06882455148224338,0.51
X000177886,2026-02-18 00:58:58,C001463,A0001463,M00179,T00056,Midwest,Midwest,18.15,USD,card_present,3ds,approved,APPROVE,41.4,0.4384057971014493,1,0,0,0,0,0,0,3,93,13,20,26,terminal_customer_network_burst;night_activity,0.26,0.014741685820541124,0.26
X000018737,2026-02-18 00:59:47,C000160,A0000160,M00179,T00056,Midwest,Midwest,21.75,USD,mobile_wallet,chip_pin,approved,APPROVE,47.76,0.45540201005025127,1,0,0,0,0,1,0,0,94,13,29,26,terminal_customer_network_burst;night_activity,0.26,0.011797171144761613,0.26
X000144605,2026-02-18 00:59:59,C001190,A0001190,M00784,T00756,South,South,87.4,USD,card_present,chip_pin,approved,APPROVE,253.9,0.3442300118156755,1,0,0,0,0,0,0,0,321,20,44,26,terminal_customer_network_burst;night_activity,0.26,0.018816734683681297,0.26
X000078403,2026-02-18 01:00:20,C000659,A0000659,M00434,T00133,South,South,32.02,USD,ecommerce,magstripe,approved,APPROVE,31.77,1.0078690588605603,1,0,0,1,1,0,0,5,326,16,57,71,customer_velocity;terminal_customer_network_burst;ecommerce_authentication_shift;night_activity,0.71,0.04119740684416944,0.71
X000204429,2026-02-18 01:00:39,C001668,A0001668,M00495,T00909,Midwest,Midwest,112.99,USD,card_present,chip_pin,approved,APPROVE,146.34,0.7721060543938773,1,0,0,0,0,0,0,8,100,8,76,51,customer_velocity;terminal_customer_network_burst;night_activity,0.51,0.0028043843394244803,0.51
X000150646,2026-02-18 01:00:43,C001239,A0001239,M00596,T01101,Midwest,Midwest,78.64,USD,card_present,chip_pin,approved,APPROVE,63.27,1.2429271376639797,1,0,0,0,0,0,0,4,225,13,34,26,terminal_customer_network_burst;night_activity,0.26,0.020431343789030543,0.26
X000075614,2026-02-18 01:01:02,C000635,A0000635,M00701,T01094,Northeast,West,121.46,USD,card_present,wallet_biometric,approved,APPROVE,92.24,1.3167823070251519,1,0,0,0,0,0,1,3,37,13,0,53,new_customer_terminal_pair;terminal_customer_network_burst;night_activity;home_region_mismatch,0.53,0.27853473448270144,0.53
X000163161,2026-02-18 01:01:26,C001345,A0001345,M00695,T00203,Midwest,Midwest,250.09,USD,card_present,3ds,approved,APPROVE,169.46,1.475805499822967,1,0,0,0,0,0,0,6,187,12,75,51,customer_velocity;terminal_customer_network_burst;night_activity,0.51,0.006124353643639773,0.51
X000167861,2026-02-18 01:01:34,C001387,A0001387,M00601,T00769,South,South,28.26,USD,card_present,3ds,approved,APPROVE,37.98,0.7440758293838864,1,0,0,0,0,0,0,3,322,20,29,26,terminal_customer_network_burst;night_activity,0.26,0.04991725582351452,0.26
X000005878,2026-02-18 01:02:03,C000054,A0000054,M00544,T00846,South,South,116.96,USD,card_present,3ds,approved,APPROVE,33.85,3.4552437223042833,1,0,0,0,0,0,0,0,298,19,23,56,amount_vs_profile;terminal_customer_network_burst;night_activity,0.56,0.10171966067524427,0.56
X000010720,2026-02-18 01:02:17,C000097,A0000097,M00051,T01084,South,South,29.52,USD,card_present,wallet_biometric,approved,APPROVE,38.21,0.7725726249672861,1,0,0,0,0,0,0,0,294,17,21,26,terminal_customer_network_burst;night_activity,0.26,0.030544694306850608,0.26
X000045333,2026-02-18 01:02:42,C000380,A0000380,M00681,T00001,West,West,35.43,USD,card_present,chip_pin,approved,APPROVE,36.05,0.9828016643550624,1,0,0,0,0,0,0,2,101,9,48,26,terminal_customer_network_burst;night_activity,0.26,0.004220403821991947,0.26
X000028016,2026-02-18 01:03:02,C000241,A0000241,M00167,T00818,Northeast,Northeast,38.48,USD,ecommerce,wallet_biometric,approved,APPROVE,38.62,0.9963749352667012,1,0,0,1,0,0,0,1,197,16,17,26,terminal_customer_network_burst;night_activity,0.26,0.03126638972633761,0.26
X000131569,2026-02-18 01:03:20,C001082,A0001082,M00191,T00441,Midwest,Midwest,20.55,USD,card_present,wallet_biometric,approved,APPROVE,20.75,0.9903614457831326,1,0,0,0,0,0,0,3,237,15,41,26,terminal_customer_network_burst;night_activity,0.26,0.01712365149699439,0.26
X000026970,2026-02-18 01:03:22,C000232,A0000232,M00497,T00121,West,West,50.17,USD,card_present,chip_pin,approved,APPROVE,79.7,0.6294855708908407,1,0,0,0,0,0,0,1,100,14,19,26,terminal_customer_network_burst;night_activity,0.26,0.01491098642667076,0.26
X000115009,2026-02-18 01:04:10,C000956,A0000956,M00494,T01193,West,West,82.91,USD,mobile_wallet,3ds,approved,APPROVE,222.07,0.37335074526050344,1,0,0,0,0,1,0,4,105,10,59,26,terminal_customer_network_burst;night_activity,0.26,0.0049983668576244235,0.26
X000197931,2026-02-18 01:04:35,C001623,A0001623,M00295,T00425,South,South,203.89,USD,card_present,chip_pin,approved,APPROVE,107.7,1.893129062209842,1,0,0,0,0,0,0,5,483,20,70,51,customer_velocity;terminal_customer_network_burst;night_activity,0.51,0.04075934273029104,0.51
X000219463,2026-02-18 01:04:41,C001792,A0001792,M00093,T01018,Northeast,Northeast,127.27,USD,card_present,3ds,approved,APPROVE,54.3,2.3438305709023943,1,0,0,0,0,0,0,2,197,12,26,26,terminal_customer_network_burst;night_activity,0.26,0.026927348800055022,0.26
X000228480,2026-02-18 01:04:44,C001860,A0001860,M00139,T00128,Northeast,Northeast,107.8,USD,card_present,chip_pin,approved,APPROVE,63.88,1.6875391358797744,1,0,0,0,0,0,0,3,80,15,40,26,terminal_customer_network_burst;night_activity,0.26,0.01570488502871626,0.26
X000216870,2026-02-18 01:04:58,C001772,A0001772,M00437,T00139,West,West,65.09,USD,ecommerce,wallet_biometric,approved,APPROVE,93.69,0.6947379656313375,1,0,0,1,0,0,0,7,171,16,70,51,customer_velocity;terminal_customer_network_burst;night_activity,0.51,0.009570819589888646,0.51
X000076137,2026-02-18 01:05:05,C000639,A0000639,M00271,T01087,Northeast,Northeast,62.68,USD,card_present,3ds,approved,APPROVE,45.73,1.3706538377432758,1,0,0,0,0,0,0,4,232,20,54,26,terminal_customer_network_burst;night_activity,0.26,0.02614603627186429,0.26
X000166483,2026-02-18 01:05:37,C001374,A0001374,M00372,T00095,South,South,65.68,USD,card_present,magstripe,approved,APPROVE,43.9,1.4961275626423691,1,0,0,0,1,0,0,0,315,21,11,26,terminal_customer_network_burst;night_activity,0.26,0.17808112769246423,0.26
X000165143,2026-02-18 01:05:43,C001362,A0001362,M00042,T00766,Northeast,Northeast,95.33,USD,card_present,wallet_biometric,approved,APPROVE,83.35,1.14373125374925,1,0,0,0,0,0,0,4,130,17,29,26,terminal_customer_network_burst;night_activity,0.26,0.02882121269062197,0.26
X000097104,2026-02-18 01:05:58,C000812,A0000812,M00487,T00270,South,South,121.53,USD,ecommerce,chip_pin,approved,APPROVE,81.23,1.496122122368583,1,0,0,1,0,0,0,1,243,17,21,26,terminal_customer_network_burst;night_activity,0.26,0.042223330416942734,0.26
X000034258,2026-02-18 01:06:07,C000290,A0000290,M00191,T00441,Midwest,Midwest,310.46,USD,mobile_wallet,3ds,soft_decline,CHALLENGE,128.03,2.4249004139654766,1,0,1,0,0,1,0,1,238,15,37,34,terminal_customer_network_burst;night_activity;authentication_soft_decline,0.34,0.1684149743244255,0.34
X000003359,2026-02-18 01:06:10,C000029,A0000029,M00409,T00444,Northeast,Northeast,52.75,USD,ecommerce,chip_pin,approved,APPROVE,52.55,1.0038058991436727,1,0,0,1,0,0,0,2,164,12,44,26,terminal_customer_network_burst;night_activity,0.26,0.008564684550476284,0.26
X000230289,2026-02-18 01:06:12,C001877,A0001877,M00083,T00985,Midwest,Midwest,73.51,USD,mobile_wallet,chip_pin,approved,APPROVE,81.91,0.8974484189964597,1,0,0,0,0,1,0,2,119,17,25,26,terminal_customer_network_burst;night_activity,0.26,0.034192868593349246,0.26
X000077113,2026-02-18 01:06:33,C000648,A0000648,M00602,T00692,Northeast,Northeast,23.01,USD,card_present,chip_pin,approved,APPROVE,27.92,0.8241404011461319,1,0,0,0,0,0,0,0,201,10,28,26,terminal_customer_network_burst;night_activity,0.26,0.008689708834290214,0.26
X000074691,2026-02-18 01:06:55,C000629,A0000629,M00391,T01061,Northeast,Northeast,159.86,USD,card_present,wallet_biometric,approved,APPROVE,118.88,1.3447173620457606,1,0,0,0,0,0,0,10,214,17,100,71,customer_velocity;high_customer_velocity;terminal_customer_network_burst;night_activity,0.71,0.008006688086156679,0.71
X000013742,2026-02-18 01:06:56,C000116,A0000116,M00085,T00540,Northeast,Northeast,78.59,USD,card_present,chip_pin,approved,APPROVE,197.15,0.398630484402739,1,0,0,0,0,0,0,6,195,10,80,51,customer_velocity;terminal_customer_network_burst;night_activity,0.51,0.0027066858522727835,0.51
X000051813,2026-02-18 01:07:05,C000438,A0000438,M00686,T00708,West,West,48.48,USD,card_present,3ds,approved,APPROVE,39.47,1.2282746389663035,1,0,0,0,0,0,0,2,97,12,24,26,terminal_customer_network_burst;night_activity,0.26,0.014255878213139018,0.26
X000110968,2026-02-18 01:07:05,C000925,A0000925,M00094,T01093,South,South,141.5,USD,ecommerce,chip_pin,approved,APPROVE,49.37,2.866113024103707,1,0,0,1,0,0,0,2,238,10,42,26,terminal_customer_network_burst;night_activity,0.26,0.018479841014319386,0.26
X000190924,2026-02-18 01:07:07,C001567,A0001567,M00013,T00686,South,South,275.92,USD,card_present,chip_pin,approved,APPROVE,209.18,1.3190553590209388,1,0,0,0,0,0,0,3,370,20,49,26,terminal_customer_network_burst;night_activity,0.26,0.03776817374320256,0.26
X000091855,2026-02-18 01:07:24,C000769,A0000769,M00077,T00530,South,South,575.43,USD,card_present,magstripe,approved,APPROVE,268.43,2.1436873672838352,1,0,0,0,1,0,0,4,242,17,71,26,terminal_customer_network_burst;night_activity,0.26,0.032034571540322576,0.26
X000131715,2026-02-18 01:07:37,C001083,A0001083,M00253,T00043,South,South,66.65,USD,mobile_wallet,chip_pin,approved,APPROVE,34.04,1.9579905992949473,1,0,0,0,0,1,0,7,145,12,28,51,customer_velocity;terminal_customer_network_burst;night_activity,0.51,0.05007939925187669,0.51
X000091856,2026-02-18 01:07:52,C000769,A0000769,M00077,T00530,South,South,345.03,USD,mobile_wallet,chip_pin,approved,APPROVE,268.43,1.285363036918377,1,0,0,0,0,1,0,5,243,17,72,51,customer_velocity;terminal_customer_network_burst;night_activity,0.51,0.017346770494989,0.51
X000194732,2026-02-18 01:07:56,C001601,A0001601,M00231,T00176,South,South,225.27,USD,ecommerce,chip_pin,approved,APPROVE,129.9,1.7341801385681292,1,0,0,1,0,0,0,0,250,16,34,26,terminal_customer_network_burst;night_activity,0.26,0.024939106723422772,0.26
X000026896,2026-02-18 01:08:35,C000231,A0000231,M00687,T00937,Midwest,Midwest,43.67,USD,ecommerce,chip_pin,approved,APPROVE,59.36,0.7356805929919138,1,0,0,1,0,0,0,2,123,16,28,26,terminal_customer_network_burst;night_activity,0.26,0.01851051967859938,0.26
X000242773,2026-02-18 01:09:00,C001980,A0001980,M00191,T00568,Midwest,Midwest,175.11,USD,ecommerce,wallet_biometric,soft_decline,CHALLENGE,221.06,0.7921378811182485,1,0,1,1,0,0,0,6,234,11,100,59,customer_velocity;terminal_customer_network_burst;night_activity;authentication_soft_decline,0.59,0.010287323814051874,0.59
X000063076,2026-02-18 01:09:09,C000534,A0000534,M00171,T00643,Northeast,Northeast,159.08,USD,card_present,chip_pin,approved,APPROVE,169.77,0.9370324556753254,1,0,0,0,0,0,0,9,202,10,72,51,customer_velocity;terminal_customer_network_burst;night_activity,0.51,0.0063240852063534405,0.51
X000059731,2026-02-18 01:09:12,C000508,A0000508,M00613,T00852,South,South,71.67,USD,card_present,magstripe,approved,APPROVE,137.0,0.5231386861313869,1,0,0,0,1,0,0,1,242,22,14,26,terminal_customer_network_burst;night_activity,0.26,0.12174523315727188,0.26
X000109279,2026-02-18 01:09:21,C000914,A0000914,M00305,T00675,Northeast,Northeast,99.93,USD,ecommerce,chip_pin,approved,APPROVE,132.97,0.7515228999022336,1,0,0,1,0,0,0,3,196,10,56,26,terminal_customer_network_burst;night_activity,0.26,0.005055873935834334,0.26
X000118019,2026-02-18 01:09:32,C000977,A0000977,M00763,T00601,South,South,29.16,USD,card_present,3ds,approved,APPROVE,41.98,0.6946164840400191,1,0,0,0,0,0,0,1,307,25,34,26,terminal_customer_network_burst;night_activity,0.26,0.05684029360652768,0.26
X000149536,2026-02-18 01:10:05,C001230,A0001230,M00403,T00159,Northeast,Northeast,54.83,USD,mobile_wallet,chip_pin,approved,APPROVE,51.13,1.072364560923137,1,0,0,0,0,1,0,1,114,10,33,26,terminal_customer_network_burst;night_activity,0.26,0.011060527295588544,0.26
X000004506,2026-02-18 01:10:21,C000040,A0000040,M00779,T00146,South,South,11.69,USD,card_present,chip_pin,approved,APPROVE,36.27,0.32230493520816095,1,0,0,0,0,0,0,0,462,19,30,26,terminal_customer_network_burst;night_activity,0.26,0.03687655907904816,0.26
X000012468,2026-02-18 01:10:30,C000108,A0000108,M00231,T01111,South,South,23.52,USD,ecommerce,magstripe,approved,APPROVE,37.77,0.6227164416203336,1,0,0,1,1,0,0,2,220,19,33,46,terminal_customer_network_burst;ecommerce_authentication_shift;night_activity,0.46,0.05759668166704451,0.46
X000142824,2026-02-18 01:10:51,C001176,A0001176,M00198,T00837,Midwest,Midwest,80.77,USD,mobile_wallet,chip_pin,approved,APPROVE,86.99,0.9284975284515462,1,0,0,0,0,1,0,1,106,13,43,26,terminal_customer_network_burst;night_activity,0.26,0.010549710748884495,0.26
X000038875,2026-02-18 01:11:34,C000331,A0000331,M00168,T00981,Northeast,Northeast,58.53,USD,mobile_wallet,chip_pin,approved,APPROVE,98.47,0.5943942317457094,1,0,0,0,0,1,0,3,334,16,59,26,terminal_customer_network_burst;night_activity,0.26,0.017698260110457265,0.26
X000217479,2026-02-18 01:12:06,C001776,A0001776,M00442,T00105,West,West,41.82,USD,mobile_wallet,chip_pin,approved,APPROVE,51.93,0.805314846909301,1,0,0,0,0,1,0,2,211,17,19,26,terminal_customer_network_burst;night_activity,0.26,0.049928247427393165,0.26
X000049217,2026-02-18 01:12:21,C000412,A0000412,M00797,T00418,South,South,69.13,USD,ecommerce,chip_pin,approved,APPROVE,53.08,1.3023737754333082,1,0,0,1,0,0,0,1,246,13,21,26,terminal_customer_network_burst;night_activity,0.26,0.024870920417453743,0.26
X000148758,2026-02-18 01:12:41,C001225,A0001225,M00074,T00967,South,South,54.86,USD,ecommerce,wallet_biometric,approved,APPROVE,171.02,0.32078119518185005,1,0,0,1,0,0,0,4,349,18,0,41,new_customer_terminal_pair;terminal_customer_network_burst;night_activity,0.41,0.1022700601694557,0.41
X000230593,2026-02-18 01:13:40,C001880,A0001880,M00395,T00889,Midwest,Midwest,40.67,USD,card_present,chip_pin,approved,APPROVE,59.61,0.6822680758262037,1,0,0,0,0,0,0,1,143,16,20,26,terminal_customer_network_burst;night_activity,0.26,0.02078181172155741,0.26
X000172586,2026-02-18 01:13:49,C001423,A0001423,M00311,T00342,Midwest,Midwest,67.22,USD,ecommerce,magstripe,approved,APPROVE,40.02,1.6796601699150424,1,0,0,1,1,0,0,2,112,13,28,46,terminal_customer_network_burst;ecommerce_authentication_shift;night_activity,0.46,0.039428687029767394,0.46
X000158150,2026-02-18 01:13:53,C001300,A0001300,M00055,T01044,South,South,202.06,USD,card_present,wallet_biometric,approved,APPROVE,160.21,1.2612196492104113,1,0,0,0,0,0,0,5,436,25,42,51,customer_velocity;terminal_customer_network_burst;night_activity,0.51,0.11582385686380552,0.51
X000010003,2026-02-18 01:14:10,C000090,A0000090,M00638,T00151,Northeast,Northeast,28.04,USD,ecommerce,3ds,approved,APPROVE,25.25,1.1104950495049504,1,0,0,1,0,0,0,0,195,18,31,26,terminal_customer_network_burst;night_activity,0.26,0.023490135448211966,0.26
X000065589,2026-02-18 01:14:16,C000555,A0000555,M00687,T00937,Midwest,Midwest,46.12,USD,ecommerce,3ds,approved,APPROVE,92.42,0.499026184808483,1,0,0,1,0,0,0,3,124,16,41,26,terminal_customer_network_burst;night_activity,0.26,0.012497851203575739,0.26
X000133239,2026-02-18 01:15:03,C001098,A0001098,M00674,T00232,Midwest,Midwest,41.08,USD,card_present,chip_pin,approved,APPROVE,53.75,0.7642790697674419,1,0,0,0,0,0,0,2,246,13,48,26,terminal_customer_network_burst;night_activity,0.26,0.008988869938659941,0.26
X000019165,2026-02-18 01:15:05,C000165,A0000165,M00800,T00613,West,West,19.82,USD,card_present,chip_pin,approved,APPROVE,43.52,0.455422794117647,1,0,0,0,0,0,0,0,138,16,32,26,terminal_customer_network_burst;night_activity,0.26,0.011356394954039504,0.26
X000187060,2026-02-18 01:15:33,C001538,A0001538,M00170,T01059,Midwest,Midwest,51.11,USD,card_present,wallet_biometric,approved,APPROVE,53.88,0.9485894580549369,1,0,0,0,0,0,0,5,182,14,39,51,customer_velocity;terminal_customer_network_burst;night_activity,0.51,0.017516201819708026,0.51
X000008296,2026-02-18 01:15:35,C000075,A0000075,M00790,T00112,Northeast,Northeast,37.18,USD,ecommerce,chip_pin,approved,APPROVE,31.46,1.1818181818181819,1,0,0,1,0,0,0,1,270,19,36,26,terminal_customer_network_burst;night_activity,0.26,0.031362130184101264,0.26
X000233588,2026-02-18 01:16:18,C001904,A0001904,M00042,T00766,Northeast,Northeast,36.09,USD,ecommerce,3ds,soft_decline,CHALLENGE,45.97,0.7850772242767023,1,0,1,1,0,0,0,1,131,17,12,34,terminal_customer_network_burst;night_activity;authentication_soft_decline,0.34,0.1359122739384517,0.34
X000127793,2026-02-18 01:16:39,C001052,A0001052,M00335,T00070,South,South,290.65,USD,ecommerce,chip_pin,approved,APPROVE,146.14,1.9888463117558506,1,0,0,1,0,0,0,5,460,23,98,51,customer_velocity;terminal_customer_network_burst;night_activity,0.51,0.024636594914476447,0.51
X000132447,2026-02-18 01:16:59,C001091,A0001091,M00294,T00904,South,South,30.28,USD,mobile_wallet,chip_pin,approved,APPROVE,24.03,1.2600915522263836,1,0,0,0,0,1,0,0,273,15,44,26,terminal_customer_network_burst;night_activity,0.26,0.020093257653623024,0.26
X000102190,2026-02-18 01:17:03,C000859,A0000859,M00587,T00725,South,South,162.02,USD,mobile_wallet,chip_pin,approved,APPROVE,276.18,0.5866463900354841,1,0,0,0,0,1,0,1,162,15,69,26,terminal_customer_network_burst;night_activity,0.26,0.005801412035620877,0.26
X000133373,2026-02-18 01:17:30,C001099,A0001099,M00139,T00632,Northeast,Northeast,49.25,USD,card_present,chip_pin,approved,APPROVE,103.35,0.47653604257377846,1,0,0,0,0,0,0,2,212,10,32,26,terminal_customer_network_burst;night_activity,0.26,0.008623712924611613,0.26
X000239385,2026-02-18 01:17:48,C001952,A0001952,M00655,T00487,Midwest,Midwest,76.94,USD,card_present,chip_pin,approved,APPROVE,96.54,0.7969753470064221,1,0,0,0,0,0,0,4,186,16,58,26,terminal_customer_network_burst;night_activity,0.26,0.010184885661525925,0.26
X000146368,2026-02-18 01:17:58,C001207,A0001207,M00255,T00742,West,West,29.94,USD,card_present,wallet_biometric,approved,APPROVE,39.48,0.7583586626139819,1,0,0,0,0,0,0,0,83,19,34,26,terminal_customer_network_burst;night_activity,0.26,0.014876971905928163,0.26
X000036509,2026-02-18 01:18:00,C000312,A0000312,M00480,T00012,West,West,39.29,USD,card_present,chip_pin,approved,APPROVE,30.78,1.2764782326185835,1,0,0,0,0,0,0,0,151,8,18,26,terminal_customer_network_burst;night_activity,0.26,0.010012771178903732,0.26
X000081362,2026-02-18 01:18:17,C000681,A0000681,M00769,T00996,West,West,151.45,USD,ecommerce,chip_pin,approved,APPROVE,189.01,0.801280355536744,1,0,0,1,0,0,0,9,294,11,91,51,customer_velocity;terminal_customer_network_burst;night_activity,0.51,0.004868632944152611,0.51
X000126828,2026-02-18 01:18:35,C001044,A0001044,M00481,T00116,Northeast,Northeast,15.62,USD,card_present,3ds,approved,APPROVE,33.61,0.4647426361202023,1,0,0,0,0,0,0,1,153,14,29,26,terminal_customer_network_burst;night_activity,0.26,0.01158552509861809,0.26
X000054299,2026-02-18 01:19:53,C000460,A0000460,M00553,T01122,West,West,50.86,USD,card_present,chip_pin,soft_decline,CHALLENGE,78.75,0.6458412698412699,1,0,1,0,0,0,0,2,95,6,24,16,night_activity;authentication_soft_decline,0.16,0.0257270963387088,0.16
X000203376,2026-02-18 01:20:02,C001664,A0001664,M00507,T01055,South,South,174.43,USD,ecommerce,chip_pin,approved,APPROVE,245.36,0.7109145745027714,1,0,0,1,0,0,0,5,291,14,78,51,customer_velocity;terminal_customer_network_burst;night_activity,0.51,0.006323538563587153,0.51
X000116832,2026-02-18 01:20:13,C000969,A0000969,M00003,T00787,South,South,399.54,USD,ecommerce,wallet_biometric,approved,APPROVE,222.91,1.7923825759275045,1,0,0,1,0,0,0,2,282,19,35,26,terminal_customer_network_burst;night_activity,0.26,0.047457145214437314,0.26
X000115151,2026-02-18 01:20:15,C000957,A0000957,M00611,T00035,West,West,12.79,USD,card_present,chip_pin,approved,APPROVE,24.15,0.5296066252587992,1,0,0,0,0,0,0,0,72,12,34,26,terminal_customer_network_burst;night_activity,0.26,0.005780409945939295,0.26
X000224247,2026-02-18 01:20:27,C001830,A0001830,M00619,T00644,West,West,51.08,USD,ecommerce,chip_pin,approved,APPROVE,48.32,1.0571192052980132,1,0,0,1,0,0,0,3,46,12,35,26,terminal_customer_network_burst;night_activity,0.26,0.009721612969471211,0.26
X000085882,2026-02-18 01:21:33,C000719,A0000719,M00305,T01095,Northeast,Northeast,46.73,USD,ecommerce,3ds,approved,APPROVE,107.92,0.4330059303187546,1,0,0,1,0,0,0,1,134,12,20,26,terminal_customer_network_burst;night_activity,0.26,0.012132656215963272,0.26
X000181035,2026-02-18 01:21:43,C001488,A0001488,M00769,T00996,West,West,108.78,USD,card_present,chip_pin,approved,APPROVE,63.55,1.7117230527143983,1,0,0,0,0,0,0,2,295,11,19,26,terminal_customer_network_burst;night_activity,0.26,0.029774245039454833,0.26
X000034821,2026-02-18 01:22:26,C000295,A0000295,M00074,T00967,South,South,44.78,USD,card_present,wallet_biometric,approved,APPROVE,54.15,0.8269621421975993,1,0,0,0,0,0,0,3,350,19,27,26,terminal_customer_network_burst;night_activity,0.26,0.05245395271673179,0.26
X000172067,2026-02-18 01:22:30,C001419,A0001419,M00208,T00633,Midwest,Midwest,52.91,USD,card_present,wallet_biometric,approved,APPROVE,59.46,0.889841910528086,1,0,0,0,0,0,0,1,194,15,48,26,terminal_customer_network_burst;night_activity,0.26,0.009324087819196214,0.26
X000213170,2026-02-18 01:22:59,C001740,A0001740,M00628,T01005,West,West,162.23,USD,ecommerce,magstripe,approved,APPROVE,119.74,1.3548521797227326,1,0,0,1,1,0,0,2,87,11,30,46,terminal_customer_network_burst;ecommerce_authentication_shift;night_activity,0.46,0.0242867942293409,0.46
X000007268,2026-02-18 01:23:14,C000067,A0000067,M00788,T01136,South,South,48.53,USD,mobile_wallet,chip_pin,approved,APPROVE,43.8,1.1079908675799088,1,0,0,0,0,1,0,1,80,15,29,26,terminal_customer_network_burst;night_activity,0.26,0.0210081254803569,0.26
X000179134,2026-02-18 01:23:34,C001474,A0001474,M00489,T01009,Northeast,Northeast,31.58,USD,ecommerce,chip_pin,approved,APPROVE,29.57,1.067974298275279,1,0,0,1,0,0,0,2,159,12,41,26,terminal_customer_network_burst;night_activity,0.26,0.009559363605960014,0.26
X000152276,2026-02-18 01:23:58,C001252,A0001252,M00137,T00707,Midwest,Midwest,12.72,USD,ecommerce,3ds,approved,APPROVE,35.69,0.35640235360044836,1,0,0,1,0,0,0,1,76,11,16,26,terminal_customer_network_burst;night_activity,0.26,0.01025642473852323,0.26
X000201946,2026-02-18 01:24:18,C001651,A0001651,M00453,T00831,South,South,44.59,USD,card_present,chip_pin,approved,APPROVE,48.25,0.9241450777202074,1,0,0,0,0,0,0,1,422,20,24,26,terminal_customer_network_burst;night_activity,0.26,0.06369318571091241,0.26
X000142945,2026-02-18 01:24:53,C001177,A0001177,M00382,T00499,Midwest,Midwest,29.05,USD,card_present,chip_pin,approved,APPROVE,25.95,1.1194605009633911,1,0,0,0,0,0,0,1,180,15,23,26,terminal_customer_network_burst;night_activity,0.26,0.021987499848015554,0.26
X000221417,2026-02-18 01:24:58,C001804,A0001804,M00154,T01001,South,South,139.41,USD,card_present,3ds,approved,APPROVE,206.37,0.675534234627126,1,0,0,0,0,0,0,4,369,18,87,26,terminal_customer_network_burst;night_activity,0.26,0.00769814406760771,0.26
X000076746,2026-02-18 01:25:06,C000645,A0000645,M00229,T00718,Northeast,Northeast,13.92,USD,card_present,3ds,approved,APPROVE,32.93,0.4227148496811418,1,0,0,0,0,0,0,10,100,9,28,71,customer_velocity;high_customer_velocity;terminal_customer_network_burst;night_activity,0.71,0.01629513532705496,0.71
X000121044,2026-02-18 01:25:23,C001005,A0001005,M00478,T00667,Midwest,Midwest,25.35,USD,card_present,3ds,approved,APPROVE,40.22,0.6302834410740925,1,0,0,0,0,0,0,2,298,18,25,26,terminal_customer_network_burst;night_activity,0.26,0.03624751868711584,0.26
X000132582,2026-02-18 01:25:26,C001092,A0001092,M00691,T00343,Northeast,Northeast,23.21,USD,mobile_wallet,3ds,approved,APPROVE,64.04,0.36242973141786383,1,0,0,0,0,1,0,2,95,11,26,26,terminal_customer_network_burst;night_activity,0.26,0.01252104645760655,0.26
X000147226,2026-02-18 01:25:32,C001214,A0001214,M00316,T00389,South,South,18.86,USD,ecommerce,3ds,approved,APPROVE,24.85,0.7589537223340039,1,0,0,1,0,0,0,2,364,20,31,26,terminal_customer_network_burst;night_activity,0.26,0.049227748602588654,0.26
X000206073,2026-02-18 01:25:33,C001681,A0001681,M00698,T00693,West,West,29.4,USD,ecommerce,3ds,approved,APPROVE,58.0,0.506896551724138,1,0,0,1,0,0,0,1,143,11,16,26,terminal_customer_network_burst;night_activity,0.26,0.01293133813946769,0.26
X000185991,2026-02-18 01:25:34,C001528,A0001528,M00687,T00302,Midwest,Midwest,18.27,USD,ecommerce,chip_pin,approved,APPROVE,24.88,0.7343247588424437,1,0,0,1,0,0,0,3,119,13,33,26,terminal_customer_network_burst;night_activity,0.26,0.01233296984426915,0.26
X000180260,2026-02-18 01:26:20,C001481,A0001481,M00276,T00665,Northeast,Northeast,7.59,USD,card_present,wallet_biometric,approved,APPROVE,18.39,0.4127243066884176,1,0,0,0,0,0,0,2,159,11,32,26,terminal_customer_network_burst;night_activity,0.26,0.008256022377396265,0.26
X000077231,2026-02-18 01:26:35,C000649,A0000649,M00048,T01172,Northeast,Northeast,62.25,USD,ecommerce,chip_pin,approved,APPROVE,66.26,0.9394808330817989,1,0,0,1,0,0,0,2,156,17,35,26,terminal_customer_network_burst;night_activity,0.26,0.019628001879032315,0.26
X000245501,2026-02-18 01:26:43,C001999,A0001999,M00251,T00104,West,West,70.53,USD,card_present,chip_pin,approved,APPROVE,131.76,0.5352914389799636,1,0,0,0,0,0,0,2,102,8,51,26,terminal_customer_network_burst;night_activity,0.26,0.002842062895105265,0.26
X000056699,2026-02-18 01:26:45,C000479,A0000479,M00535,T00606,West,West,138.7,USD,card_present,chip_pin,approved,APPROVE,108.27,1.2810566177149718,1,0,0,0,0,0,0,5,330,13,39,51,customer_velocity;terminal_customer_network_burst;night_activity,0.51,0.025881735437853565,0.51
X000126456,2026-02-18 01:26:48,C001041,A0001041,M00068,T00322,Northeast,Northeast,31.78,USD,card_present,magstripe,approved,APPROVE,55.9,0.5685152057245081,1,0,0,0,1,0,0,2,297,20,36,26,terminal_customer_network_burst;night_activity,0.26,0.06593570938863773,0.26
X000179135,2026-02-18 01:26:48,C001474,A0001474,M00168,T00944,Northeast,Northeast,22.73,USD,ecommerce,chip_pin,approved,APPROVE,29.57,0.7686844775109909,1,0,0,1,0,0,0,3,304,18,42,26,terminal_customer_network_burst;night_activity,0.26,0.026873445813171862,0.26
X000157517,2026-02-18 01:26:49,C001295,A0001295,M00782,T00464,Midwest,Midwest,55.74,USD,mobile_wallet,wallet_biometric,approved,APPROVE,77.06,0.7233324682065922,1,0,0,0,0,1,0,3,176,14,45,26,terminal_customer_network_burst;night_activity,0.26,0.015455232953436768,0.26
X000218514,2026-02-18 01:27:09,C001785,A0001785,M00486,T00714,South,South,23.86,USD,card_present,magstripe,approved,APPROVE,44.84,0.5321141837644959,1,0,0,0,1,0,0,2,325,19,23,26,terminal_customer_network_burst;night_activity,0.26,0.09198676646317608,0.26
X000209912,2026-02-18 01:27:31,C001712,A0001712,M00556,T00589,South,South,116.52,USD,card_present,chip_pin,approved,APPROVE,184.84,0.63038303397533,1,0,0,0,0,0,0,4,378,21,73,26,terminal_customer_network_burst;night_activity,0.26,0.017257695865768165,0.26
X000113622,2026-02-18 01:27:32,C000946,A0000946,M00745,T00183,Northeast,Northeast,150.61,USD,card_present,chip_pin,approved,APPROVE,163.27,0.9224597292827832,1,0,0,0,0,0,0,4,195,14,61,26,terminal_customer_network_burst;night_activity,0.26,0.007863871262657925,0.26
X000207221,2026-02-18 01:27:43,C001690,A0001690,M00453,T00940,South,South,25.18,USD,ecommerce,3ds,approved,APPROVE,40.07,0.6284002994759171,1,0,0,1,0,0,0,4,432,23,27,26,terminal_customer_network_burst;night_activity,0.26,0.10758641078661159,0.26
X000194975,2026-02-18 01:28:27,C001602,A0001602,M00187,T00256,South,South,173.86,USD,card_present,3ds,approved,APPROVE,87.97,1.9763555757644653,1,0,0,0,0,0,0,2,291,23,74,26,terminal_customer_network_burst;night_activity,0.26,0.023036056496685418,0.26
X000051965,2026-02-18 01:28:55,C000439,A0000439,M00171,T00468,Northeast,Northeast,49.0,USD,ecommerce,magstripe,approved,APPROVE,47.61,1.0291955471539593,1,0,0,1,1,0,0,0,133,10,47,46,terminal_customer_network_burst;ecommerce_authentication_shift;night_activity,0.46,0.009801177029702797,0.46
X000102191,2026-02-18 01:28:56,C000859,A0000859,M00052,T00013,South,South,344.63,USD,ecommerce,3ds,approved,APPROVE,276.18,1.2478456079368527,1,0,0,1,0,0,0,2,281,16,77,26,terminal_customer_network_burst;night_activity,0.26,0.007053305157868466,0.26
X000194530,2026-02-18 01:28:58,C001599,A0001599,M00652,T00786,West,West,35.4,USD,ecommerce,3ds,approved,APPROVE,58.37,0.6064759294157958,1,0,0,1,0,0,0,1,86,10,9,26,terminal_customer_network_burst;night_activity,0.26,0.012959968501408107,0.26
X000209210,2026-02-18 01:29:00,C001707,A0001707,M00754,T00696,West,West,83.14,USD,card_present,chip_pin,approved,APPROVE,52.95,1.5701605288007554,1,0,0,0,0,0,0,1,140,15,20,26,terminal_customer_network_burst;night_activity,0.26,0.02617069341868673,0.26
X000208185,2026-02-18 01:29:09,C001699,A0001699,M00475,T00015,Midwest,Midwest,72.95,USD,ecommerce,wallet_biometric,approved,APPROVE,131.03,0.5567427306723651,1,0,0,1,0,0,0,5,73,8,30,51,customer_velocity;terminal_customer_network_burst;night_activity,0.51,0.007879746141552617,0.51
X000000393,2026-02-18 01:29:22,C000004,A0000004,M00366,T00195,Northeast,Northeast,45.23,USD,card_present,chip_pin,approved,APPROVE,29.55,1.5306260575296107,1,0,0,0,0,0,0,1,191,12,5,26,terminal_customer_network_burst;night_activity,0.26,0.0332427909976075,0.26
X000013985,2026-02-18 01:29:25,C000118,A0000118,M00759,T00114,Northeast,Northeast,178.85,USD,card_present,chip_pin,approved,APPROVE,129.51,1.380974442128021,1,0,0,0,0,0,0,4,96,15,32,26,terminal_customer_network_burst;night_activity,0.26,0.02096501530712677,0.26
X000001764,2026-02-18 01:29:55,C000015,A0000015,M00763,T00455,South,South,260.7,USD,card_present,chip_pin,approved,APPROVE,115.21,2.2628244076035067,1,0,0,0,0,0,0,3,217,10,100,26,terminal_customer_network_burst;night_activity,0.26,0.0022482839209241753,0.26
X000163993,2026-02-18 01:30:20,C001351,A0001351,M00657,T00743,South,South,50.74,USD,ecommerce,magstripe,approved,APPROVE,26.83,1.891166604547149,1,0,0,1,1,0,0,0,160,16,33,46,terminal_customer_network_burst;ecommerce_authentication_shift;night_activity,0.46,0.04633203749623558,0.46
X000146972,2026-02-18 01:30:49,C001211,A0001211,M00433,T01191,Midwest,Midwest,44.33,USD,card_present,chip_pin,approved,APPROVE,45.95,0.9647442872687703,1,0,0,0,0,0,0,2,77,7,14,8,night_activity,0.08,0.00933068200283859,0.08
X000145152,2026-02-18 01:31:23,C001194,A0001194,M00196,T00164,Northeast,Midwest,71.86,USD,card_present,magstripe,approved,APPROVE,102.24,0.7028560250391237,1,0,0,0,1,0,1,5,116,16,0,78,customer_velocity;new_customer_terminal_pair;terminal_customer_network_burst;night_activity;home_region_mismatch,0.78,0.5918235114865716,0.78
X000052301,2026-02-18 01:31:27,C000441,A0000441,M00023,T00720,Midwest,Midwest,477.92,USD,card_present,3ds,approved,APPROVE,94.35,5.065394806571278,1,0,0,0,0,0,0,4,338,17,60,56,amount_vs_profile;terminal_customer_network_burst;night_activity,0.56,0.08422342348335056,0.56
X000023143,2026-02-18 01:32:20,C000197,A0000197,M00620,T00585,South,South,102.71,USD,card_present,wallet_biometric,approved,APPROVE,131.98,0.7782239733292924,1,0,0,0,0,0,0,2,252,14,51,26,terminal_customer_network_burst;night_activity,0.26,0.009376146372154434,0.26
X000144089,2026-02-18 01:32:28,C001186,A0001186,M00323,T01185,South,South,228.84,USD,card_present,chip_pin,approved,APPROVE,248.53,0.9207741520138414,1,0,0,0,0,0,0,8,326,17,106,51,customer_velocity;terminal_customer_network_burst;night_activity,0.51,0.005854458684049236,0.51
X000067975,2026-02-18 01:32:46,C000576,A0000576,M00628,T01005,West,West,84.19,USD,card_present,3ds,approved,APPROVE,69.4,1.2131123919308355,1,0,0,0,0,0,0,2,88,11,32,26,terminal_customer_network_burst;night_activity,0.26,0.009520051158555191,0.26
X000223440,2026-02-18 01:32:53,C001821,A0001821,M00295,T00425,South,South,37.61,USD,ecommerce,3ds,approved,APPROVE,61.57,0.6108494396621731,1,0,0,1,0,0,0,3,484,20,17,26,terminal_customer_network_burst;night_activity,0.26,0.10543797466914223,0.26
X000022911,2026-02-18 01:33:45,C000196,A0000196,M00352,T01169,Midwest,Midwest,634.49,USD,card_present,chip_pin,approved,APPROVE,195.69,3.242322039961163,1,0,0,0,0,0,0,3,135,8,62,56,amount_vs_profile;terminal_customer_network_burst;night_activity,0.56,0.007326728336407221,0.56
X000035913,2026-02-18 01:33:49,C000306,A0000306,M00550,T01034,West,West,64.95,USD,card_present,chip_pin,approved,APPROVE,86.77,0.7485305981329954,1,0,0,0,0,0,0,2,114,14,20,26,terminal_customer_network_burst;night_activity,0.26,0.01763009707635929,0.26
X000211657,2026-02-18 01:34:33,C001726,A0001726,M00376,T00181,South,South,40.96,USD,mobile_wallet,chip_pin,approved,APPROVE,60.57,0.676242364206703,1,0,0,0,0,1,0,4,405,19,44,26,terminal_customer_network_burst;night_activity,0.26,0.055357807737623214,0.26
X000113420,2026-02-18 01:34:40,C000945,A0000945,M00147,T00489,South,South,8.66,USD,ecommerce,3ds,approved,APPROVE,24.33,0.35593916974928075,1,0,0,1,0,0,0,5,159,10,34,51,customer_velocity;terminal_customer_network_burst;night_activity,0.51,0.01007311077735141,0.51
X000055815,2026-02-18 01:34:48,C000471,A0000471,M00038,T00874,South,South,509.09,USD,ecommerce,wallet_biometric,approved,APPROVE,136.92,3.71815658778849,1,0,0,1,0,0,0,7,497,29,94,81,amount_vs_profile;customer_velocity;terminal_customer_network_burst;night_activity,0.81,0.1422585186526784,0.81
X000211658,2026-02-18 01:35:13,C001726,A0001726,M00376,T00181,South,South,96.08,USD,card_present,chip_pin,approved,APPROVE,60.57,1.5862638269770513,1,0,0,0,0,0,0,5,406,19,45,51,customer_velocity;terminal_customer_network_burst;night_activity,0.51,0.057948240344816576,0.51
X000151079,2026-02-18 01:35:34,C001241,A0001241,M00683,T00603,Northeast,Midwest,264.27,USD,ecommerce,chip_pin,approved,APPROVE,279.08,0.9469327791314318,1,0,0,1,0,0,1,2,142,11,0,53,new_customer_terminal_pair;terminal_customer_network_burst;night_activity;home_region_mismatch,0.53,0.2434623024948143,0.53
X000170570,2026-02-18 01:35:38,C001405,A0001405,M00586,T00314,Northeast,Northeast,148.26,USD,mobile_wallet,wallet_biometric,approved,APPROVE,111.64,1.3280186313149407,1,0,0,0,0,1,0,5,121,9,45,51,customer_velocity;terminal_customer_network_burst;night_activity,0.51,0.012034255549054193,0.51
X000148374,2026-02-18 01:35:54,C001224,A0001224,M00661,T00337,Northeast,Northeast,85.18,USD,ecommerce,chip_pin,approved,APPROVE,153.7,0.5541964866623293,1,0,0,1,0,0,0,3,296,14,66,26,terminal_customer_network_burst;night_activity,0.26,0.007005601138263232,0.26
X000211659,2026-02-18 01:36:49,C001726,A0001726,M00376,T00181,South,South,38.91,USD,card_present,wallet_biometric,approved,APPROVE,60.57,0.642397226349678,1,0,0,0,0,0,0,6,407,19,46,51,customer_velocity;terminal_customer_network_burst;night_activity,0.51,0.0436848849570785,0.51
X000176816,2026-02-18 01:36:54,C001457,A0001457,M00023,T00720,Midwest,Midwest,11.63,USD,mobile_wallet,3ds,approved,APPROVE,23.47,0.4955262036642523,1,0,0,0,0,1,0,4,339,17,38,26,terminal_customer_network_burst;night_activity,0.26,0.04212880607315713,0.26
X000071934,2026-02-18 01:37:35,C000609,A0000609,M00668,T00166,Northeast,Midwest,94.35,USD,mobile_wallet,chip_pin,approved,APPROVE,131.74,0.7161833915287686,1,0,0,0,0,1,1,5,124,17,0,78,customer_velocity;new_customer_terminal_pair;terminal_customer_network_burst;night_activity;home_region_mismatch,0.78,0.5376074818702637,0.78
X000148759,2026-02-18 01:37:48,C001225,A0001225,M00376,T00309,South,South,154.51,USD,card_present,chip_pin,approved,APPROVE,171.02,0.9034615834405332,1,0,0,0,0,0,0,5,436,17,105,51,customer_velocity;terminal_customer_network_burst;night_activity,0.51,0.005600416764811807,0.51
X000060352,2026-02-18 01:37:50,C000513,A0000513,M00592,T00596,South,South,158.61,USD,ecommerce,chip_pin,approved,APPROVE,115.4,1.3744367417677643,1,0,0,1,0,0,0,7,259,18,58,51,customer_velocity;terminal_customer_network_burst;night_activity,0.51,0.029132062837019017,0.51
X000025353,2026-02-18 01:37:52,C000215,A0000215,M00008,T00319,West,West,15.76,USD,card_present,chip_pin,approved,APPROVE,44.1,0.3573696145124716,1,0,0,0,0,0,0,1,67,16,23,26,terminal_customer_network_burst;night_activity,0.26,0.013664540282122752,0.26
X000118838,2026-02-18 01:39:49,C000984,A0000984,M00521,T00168,Northeast,Northeast,20.65,USD,ecommerce,magstripe,approved,APPROVE,38.22,0.5402930402930403,1,0,0,1,1,0,0,4,181,12,23,46,terminal_customer_network_burst;ecommerce_authentication_shift;night_activity,0.46,0.0391377140414018,0.46
X000028197,2026-02-18 01:40:43,C000243,A0000243,M00699,T00248,Midwest,Midwest,190.04,USD,card_present,wallet_biometric,approved,APPROVE,160.27,1.1857490484806887,1,0,0,0,0,0,0,2,149,11,31,26,terminal_customer_network_burst;night_activity,0.26,0.011362936537557565,0.26
X000181286,2026-02-18 01:41:44,C001490,A0001490,M00112,T00586,West,West,69.21,USD,mobile_wallet,chip_pin,approved,APPROVE,140.67,0.49200255918106206,1,0,0,0,0,1,0,6,157,12,52,51,customer_velocity;terminal_customer_network_burst;night_activity,0.51,0.012017262550118485,0.51
X000152197,2026-02-18 01:42:13,C001251,A0001251,M00377,T00663,Midwest,Midwest,133.73,USD,ecommerce,wallet_biometric,approved,APPROVE,65.21,2.05075908602975,1,0,0,1,0,0,0,2,148,12,26,26,terminal_customer_network_burst;night_activity,0.26,0.022321301926135014,0.26
X000149810,2026-02-18 01:42:19,C001233,A0001233,M00302,T01118,Northeast,Northeast,38.33,USD,mobile_wallet,chip_pin,approved,APPROVE,36.19,1.0591323570046975,1,0,0,0,0,1,0,0,173,13,29,26,terminal_customer_network_burst;night_activity,0.26,0.018389607729032056,0.26
X000202572,2026-02-18 01:42:52,C001657,A0001657,M00753,T00413,South,South,27.4,USD,card_present,3ds,approved,APPROVE,57.93,0.472984636630416,1,0,0,0,0,0,0,3,399,16,25,26,terminal_customer_network_burst;night_activity,0.26,0.039019785567616254,0.26
X000072728,2026-02-18 01:42:57,C000614,A0000614,M00739,T00701,South,South,219.47,USD,ecommerce,chip_pin,approved,APPROVE,325.59,0.6740686139009184,1,0,0,1,0,0,0,5,277,18,67,51,customer_velocity;terminal_customer_network_burst;night_activity,0.51,0.01372425777727684,0.51
X000239583,2026-02-18 01:42:59,C001953,A0001953,M00666,T00992,South,South,103.69,USD,card_present,chip_pin,approved,APPROVE,191.95,0.5401927585308675,1,0,0,0,0,0,0,8,179,19,52,51,customer_velocity;terminal_customer_network_burst;night_activity,0.51,0.02470936514844515,0.51
X000150831,2026-02-18 01:43:09,C001240,A0001240,M00320,T00150,West,West,526.0,USD,card_present,chip_pin,approved,APPROVE,285.64,1.841478784483966,1,0,0,0,0,0,0,4,289,13,41,26,terminal_customer_network_burst;night_activity,0.26,0.024413090954183113,0.26
X000103512,2026-02-18 01:43:25,C000871,A0000871,M00687,T01115,Midwest,Midwest,89.64,USD,ecommerce,chip_pin,approved,APPROVE,73.59,1.2181002853648593,1,0,0,1,0,0,0,0,192,9,17,26,terminal_customer_network_burst;night_activity,0.26,0.013302072292579814,0.26
X000135373,2026-02-18 01:43:41,C001111,A0001111,M00109,T00548,Northeast,Northeast,64.13,USD,card_present,chip_pin,approved,APPROVE,130.9,0.48991596638655455,1,0,0,0,0,0,0,0,286,22,38,26,terminal_customer_network_burst;night_activity,0.26,0.027873682216709224,0.26
X000009338,2026-02-18 01:44:35,C000085,A0000085,M00770,T00715,Midwest,Midwest,146.87,USD,card_present,chip_pin,approved,APPROVE,141.88,1.0351705666760644,1,0,0,0,0,0,0,3,105,9,32,26,terminal_customer_network_burst;night_activity,0.26,0.00821537646981055,0.26
X000133073,2026-02-18 01:45:41,C001097,A0001097,M00213,T00320,Northeast,Northeast,35.73,USD,ecommerce,3ds,approved,APPROVE,49.17,0.7266625991458205,1,0,0,1,0,0,0,2,184,9,24,26,terminal_customer_network_burst;night_activity,0.26,0.010776847748341804,0.26
X000070375,2026-02-18 01:45:56,C000597,A0000597,M00718,T00580,South,South,110.02,USD,ecommerce,chip_pin,approved,APPROVE,149.87,0.7341028891706145,1,0,0,1,0,0,0,4,123,17,67,26,terminal_customer_network_burst;night_activity,0.26,0.0075041038828217495,0.26
X000108330,2026-02-18 01:46:04,C000907,A0000907,M00137,T00707,Midwest,Midwest,16.35,USD,ecommerce,chip_pin,approved,APPROVE,29.34,0.5572597137014316,1,0,0,1,0,0,0,2,77,11,15,26,terminal_customer_network_burst;night_activity,0.26,0.012940648231070093,0.26
X000218756,2026-02-18 01:46:07,C001787,A0001787,M00347,T00680,Midwest,Midwest,40.33,USD,ecommerce,chip_pin,approved,APPROVE,53.45,0.7545369504209541,1,0,0,1,0,0,0,0,111,13,24,26,terminal_customer_network_burst;night_activity,0.26,0.011466386279589102,0.26
X000085311,2026-02-18 01:46:36,C000712,A0000712,M00523,T00109,Midwest,Midwest,49.4,USD,card_present,chip_pin,approved,APPROVE,43.3,1.140877598152425,1,0,0,0,0,0,0,0,89,10,20,26,terminal_customer_network_burst;night_activity,0.26,0.009599176528365717,0.26
X000230365,2026-02-18 01:46:43,C001878,A0001878,M00738,T00899,South,South,38.61,USD,ecommerce,magstripe,approved,APPROVE,54.75,0.7052054794520548,1,0,0,1,1,0,0,0,413,20,22,46,terminal_customer_network_burst;ecommerce_authentication_shift;night_activity,0.46,0.11687660528217587,0.46
X000102556,2026-02-18 01:46:47,C000862,A0000862,M00764,T00111,West,West,25.88,USD,card_present,3ds,approved,APPROVE,51.02,0.5072520580164641,1,0,0,0,0,0,0,1,55,10,0,41,new_customer_terminal_pair;terminal_customer_network_burst;night_activity,0.41,0.014562557783077485,0.41
X000116933,2026-02-18 01:46:59,C000970,A0000970,M00243,T00806,South,South,39.23,USD,card_present,chip_pin,approved,APPROVE,32.99,1.1891482267353741,1,0,0,0,0,0,0,4,278,13,28,26,terminal_customer_network_burst;night_activity,0.26,0.02765090483201978,0.26
X000017194,2026-02-18 01:47:02,C000147,A0000147,M00689,T01179,Northeast,Northeast,32.11,USD,card_present,chip_pin,approved,APPROVE,45.44,0.7066461267605634,1,0,0,0,0,0,0,0,281,21,16,26,terminal_customer_network_burst;night_activity,0.26,0.05317042438953997,0.26
X000053536,2026-02-18 01:47:10,C000452,A0000452,M00459,T00795,Northeast,Northeast,23.34,USD,ecommerce,3ds,approved,APPROVE,36.97,0.6313226940762781,1,0,0,1,0,0,0,2,254,11,27,26,terminal_customer_network_burst;night_activity,0.26,0.01423906084820072,0.26
X000078902,2026-02-18 01:47:12,C000664,A0000664,M00562,T01175,West,West,33.68,USD,mobile_wallet,3ds,approved,APPROVE,35.11,0.9592708630019937,1,0,0,0,0,1,0,0,203,15,27,26,terminal_customer_network_burst;night_activity,0.26,0.02563537496592599,0.26
X000030634,2026-02-18 01:49:12,C000260,A0000260,M00056,T01147,Midwest,Midwest,137.46,USD,card_present,chip_pin,approved,APPROVE,214.67,0.6403316718684493,1,0,0,0,0,0,0,7,386,16,136,51,customer_velocity;terminal_customer_network_burst;night_activity,0.51,0.0018201585555893548,0.51
X000233065,2026-02-18 01:49:23,C001900,A0001900,M00487,T00332,South,South,44.85,USD,mobile_wallet,chip_pin,approved,APPROVE,44.08,1.0174682395644283,1,0,0,0,0,1,0,1,200,14,24,26,terminal_customer_network_burst;night_activity,0.26,0.02860503827372579,0.26
X000039032,2026-02-18 01:49:33,C000332,A0000332,M00460,T00677,Midwest,Midwest,23.97,USD,card_present,3ds,approved,APPROVE,48.16,0.49771594684385384,1,0,0,0,0,0,0,3,287,21,47,26,terminal_customer_network_burst;night_activity,0.26,0.02650270961837078,0.26
X000057588,2026-02-18 01:49:43,C000487,A0000487,M00227,T00504,Midwest,Midwest,43.5,USD,card_present,wallet_biometric,approved,APPROVE,37.67,1.1547650650384922,1,0,0,0,0,0,0,2,307,14,38,26,terminal_customer_network_burst;night_activity,0.26,0.01904843239291463,0.26
X000004685,2026-02-18 01:50:53,C000042,A0000042,M00690,T00363,Northeast,Northeast,119.32,USD,card_present,3ds,approved,APPROVE,104.01,1.1471973848668395,1,0,0,0,0,0,0,1,240,18,10,26,terminal_customer_network_burst;night_activity,0.26,0.05472424874104064,0.26
X000022912,2026-02-18 01:51:03,C000196,A0000196,M00004,T00199,Midwest,Northeast,197.77,USD,ecommerce,3ds,approved,APPROVE,195.69,1.0106290561602536,1,0,0,1,0,0,1,4,121,11,0,53,new_customer_terminal_pair;terminal_customer_network_burst;night_activity;home_region_mismatch,0.53,0.28374693448851374,0.53
X000079780,2026-02-18 01:51:20,C000671,A0000671,M00111,T01015,Midwest,Midwest,48.22,USD,mobile_wallet,chip_pin,approved,APPROVE,68.34,0.7055896985659935,1,0,0,0,0,1,0,2,333,14,42,26,terminal_customer_network_burst;night_activity,0.26,0.02238732664631582,0.26
X000195318,2026-02-18 01:51:20,C001604,A0001604,M00517,T01092,Midwest,Midwest,119.42,USD,ecommerce,chip_pin,approved,APPROVE,138.09,0.8647983199362734,1,0,0,1,0,0,0,5,229,17,73,51,customer_velocity;terminal_customer_network_burst;night_activity,0.51,0.00961427180290257,0.51
X000121259,2026-02-18 01:51:46,C001007,A0001007,M00661,T00801,Northeast,Northeast,35.37,USD,mobile_wallet,chip_pin,approved,APPROVE,22.61,1.5643520566121185,1,0,0,0,0,1,0,0,163,15,20,26,terminal_customer_network_burst;night_activity,0.26,0.03674937650834904,0.26
X000171379,2026-02-18 01:51:49,C001412,A0001412,M00699,T00493,Midwest,Midwest,49.43,USD,ecommerce,chip_pin,approved,APPROVE,62.79,0.787227265488135,1,0,0,1,0,0,0,1,250,14,43,26,terminal_customer_network_burst;night_activity,0.26,0.011367479242507757,0.26
X000051518,2026-02-18 01:52:08,C000435,A0000435,M00318,T00746,Midwest,Midwest,29.97,USD,card_present,chip_pin,approved,APPROVE,56.36,0.5317601135557133,1,0,0,0,0,0,0,2,373,25,25,26,terminal_customer_network_burst;night_activity,0.26,0.09158532673711568,0.26
X000045334,2026-02-18 01:52:15,C000380,A0000380,M00439,T00933,West,West,29.23,USD,ecommerce,wallet_biometric,approved,APPROVE,36.05,0.8108183079056867,1,0,0,1,0,0,0,3,83,5,46,8,night_activity,0.08,0.002961282096208532,0.08
X000086573,2026-02-18 01:53:23,C000726,A0000726,M00613,T00331,South,South,215.89,USD,mobile_wallet,chip_pin,approved,APPROVE,88.57,2.4375070565654284,1,0,0,0,0,1,0,3,320,17,44,26,terminal_customer_network_burst;night_activity,0.26,0.0634043449089037,0.26
X000203377,2026-02-18 01:53:43,C001664,A0001664,M00507,T01055,South,South,285.61,USD,card_present,chip_pin,approved,APPROVE,245.36,1.164044669057711,1,0,0,0,0,0,0,6,292,14,79,51,customer_velocity;terminal_customer_network_burst;night_activity,0.51,0.007861877260027869,0.51
X000213049,2026-02-18 01:54:06,C001739,A0001739,M00153,T00753,South,South,18.42,USD,card_present,3ds,approved,APPROVE,40.84,0.45102840352595497,1,0,0,0,0,0,0,8,383,20,36,51,customer_velocity;terminal_customer_network_burst;night_activity,0.51,0.0726937539488927,0.51
X000106313,2026-02-18 01:54:28,C000892,A0000892,M00094,T00737,South,South,226.08,USD,card_present,chip_pin,approved,APPROVE,190.06,1.1895190992318216,1,0,0,0,0,0,0,3,535,22,54,26,terminal_customer_network_burst;night_activity,0.26,0.05789639770884019,0.26
X000030635,2026-02-18 01:54:43,C000260,A0000260,M00353,T00378,Midwest,Midwest,119.46,USD,ecommerce,chip_pin,approved,APPROVE,214.67,0.5564820422043136,1,0,0,1,0,0,0,8,259,13,115,51,customer_velocity;terminal_customer_network_burst;night_activity,0.51,0.002084613443127098,0.51
X000020980,2026-02-18 01:54:50,C000183,A0000183,M00296,T00252,South,South,29.05,USD,card_present,chip_pin,approved,APPROVE,32.26,0.9004959702417855,1,0,0,0,0,0,0,3,274,21,40,26,terminal_customer_network_burst;night_activity,0.26,0.03750761576717026,0.26
X000167972,2026-02-18 01:54:53,C001388,A0001388,M00789,T00365,Midwest,Midwest,112.21,USD,card_present,chip_pin,approved,APPROVE,50.6,2.217588932806324,1,0,0,0,0,0,0,1,143,11,29,26,terminal_customer_network_burst;night_activity,0.26,0.016097922551051375,0.26
X000198067,2026-02-18 01:55:22,C001624,A0001624,M00321,T01046,Midwest,Midwest,21.5,USD,ecommerce,chip_pin,approved,APPROVE,43.84,0.49041970802919704,1,0,0,1,0,0,0,1,175,18,33,26,terminal_customer_network_burst;night_activity,0.26,0.018353343792786074,0.26
X000145971,2026-02-18 01:55:34,C001203,A0001203,M00442,T00105,West,West,46.68,USD,ecommerce,chip_pin,approved,APPROVE,73.73,0.6331208463312085,1,0,0,1,0,0,0,0,212,17,18,26,terminal_customer_network_burst;night_activity,0.26,0.02725923768343621,0.26
X000043654,2026-02-18 01:56:47,C000370,A0000370,M00786,T00092,Northeast,Northeast,17.06,USD,card_present,chip_pin,approved,APPROVE,25.77,0.6620100892510671,1,0,0,0,0,0,0,1,191,18,16,26,terminal_customer_network_burst;night_activity,0.26,0.03327712168022703,0.26
X000025059,2026-02-18 01:57:14,C000212,A0000212,M00618,T00042,Northeast,Northeast,47.39,USD,mobile_wallet,chip_pin,approved,APPROVE,68.13,0.6955819756348158,1,0,0,0,0,1,0,1,194,10,25,26,terminal_customer_network_burst;night_activity,0.26,0.01506070586101106,0.26
X000029170,2026-02-18 01:57:37,C000251,A0000251,M00051,T00286,South,South,55.08,USD,mobile_wallet,3ds,approved,APPROVE,44.67,1.2330423102753525,1,0,0,0,0,1,0,1,331,15,19,26,terminal_customer_network_burst;night_activity,0.26,0.05639551830403994,0.26
X000146147,2026-02-18 01:58:51,C001205,A0001205,M00330,T01113,West,West,79.94,USD,ecommerce,3ds,approved,APPROVE,69.5,1.1502158273381295,1,0,0,1,0,0,0,2,206,15,42,26,terminal_customer_network_burst;night_activity,0.26,0.015347204574936308,0.26
X000016151,2026-02-18 01:58:52,C000136,A0000136,M00768,T00457,South,South,42.65,USD,mobile_wallet,chip_pin,approved,APPROVE,44.6,0.9562780269058295,1,0,0,0,0,1,0,2,321,21,32,26,terminal_customer_network_burst;night_activity,0.26,0.07260969961060468,0.26
X000003155,2026-02-18 01:59:31,C000028,A0000028,M00787,T00660,Midwest,South,185.83,USD,ecommerce,3ds,approved,APPROVE,126.86,1.464843134163645,1,0,0,1,0,0,1,2,174,17,0,53,new_customer_terminal_pair;terminal_customer_network_burst;night_activity;home_region_mismatch,0.53,0.4685782048010051,0.53
X000150832,2026-02-18 01:59:53,C001240,A0001240,M00320,T00150,West,West,179.73,USD,mobile_wallet,wallet_biometric,approved,APPROVE,285.64,0.6292185968351771,1,0,0,0,0,1,0,4,290,13,42,26,terminal_customer_network_burst;night_activity,0.26,0.02184372045318141,0.26
X000134271,2026-02-18 02:00:40,C001103,A0001103,M00484,T00090,South,South,250.56,USD,ecommerce,chip_pin,approved,APPROVE,279.87,0.8952728052310001,1,0,0,1,0,0,0,9,164,11,105,51,customer_velocity;terminal_customer_network_burst;night_activity,0.51,0.0022999195510714885,0.51
X000203750,2026-02-18 02:01:17,C001666,A0001666,M00056,T01147,Midwest,Midwest,534.75,USD,ecommerce,magstripe,approved,APPROVE,309.93,1.7253896041041525,1,0,0,1,1,0,0,4,387,16,59,46,terminal_customer_network_burst;ecommerce_authentication_shift;night_activity,0.46,0.05316498105496685,0.46
X000065328,2026-02-18 02:01:21,C000553,A0000553,M00692,T00191,Northeast,Northeast,92.59,USD,ecommerce,wallet_biometric,approved,APPROVE,69.68,1.328788748564868,1,0,0,1,0,0,0,3,228,19,35,26,terminal_customer_network_burst;night_activity,0.26,0.0387867879494335,0.26
X000025885,2026-02-18 02:01:56,C000220,A0000220,M00084,T00910,Midwest,Midwest,430.68,USD,card_present,magstripe,approved,APPROVE,356.98,1.2064541430892486,1,0,0,0,1,0,0,1,216,14,52,26,terminal_customer_network_burst;night_activity,0.26,0.018864799053856265,0.26
X000014130,2026-02-18 02:01:57,C000119,A0000119,M00244,T00336,South,South,91.9,USD,card_present,chip_pin,approved,APPROVE,73.13,1.2566662108573774,1,0,0,0,0,0,0,4,345,15,32,26,terminal_customer_network_burst;night_activity,0.26,0.03726628843794489,0.26
X000240578,2026-02-18 02:04:03,C001961,A0001961,M00122,T00225,South,South,155.18,USD,ecommerce,wallet_biometric,approved,APPROVE,100.48,1.5443869426751593,1,0,0,1,0,0,0,10,171,10,72,71,customer_velocity;high_customer_velocity;terminal_customer_network_burst;night_activity,0.71,0.008862822333641987,0.71
X000036412,2026-02-18 02:04:09,C000311,A0000311,M00376,T00309,South,South,38.6,USD,card_present,wallet_biometric,approved,APPROVE,28.81,1.339812565081569,1,0,0,0,0,0,0,3,437,17,23,26,terminal_customer_network_burst;night_activity,0.26,0.07125193714358119,0.26
X000108520,2026-02-18 02:04:23,C000909,A0000909,M00460,T00677,Midwest,Midwest,20.32,USD,card_present,3ds,approved,APPROVE,32.94,0.6168791742562235,1,0,0,0,0,0,0,0,288,21,12,26,terminal_customer_network_burst;night_activity,0.26,0.059070693128640474,0.26
X000049218,2026-02-18 02:04:41,C000412,A0000412,M00797,T00418,South,South,19.84,USD,ecommerce,chip_pin,approved,APPROVE,53.08,0.373775433308214,1,0,0,1,0,0,0,2,247,13,22,26,terminal_customer_network_burst;night_activity,0.26,0.018702700786446605,0.26
X000128417,2026-02-18 02:05:31,C001056,A0001056,M00726,T00829,Northeast,Northeast,50.35,USD,card_present,chip_pin,approved,APPROVE,49.67,1.0136903563519226,1,0,0,0,0,0,0,3,159,13,29,26,terminal_customer_network_burst;night_activity,0.26,0.016471896559121638,0.26
X000177131,2026-02-18 02:05:34,C001459,A0001459,M00239,T00747,South,South,72.37,USD,card_present,chip_pin,approved,APPROVE,151.37,0.4781000198189866,1,0,0,0,0,0,0,0,197,13,51,26,terminal_customer_network_burst;night_activity,0.26,0.005067843047943198,0.26
X000160677,2026-02-18 02:05:54,C001326,A0001326,M00386,T00008,Northeast,Northeast,102.78,USD,mobile_wallet,chip_pin,approved,APPROVE,112.21,0.9159611442830408,1,0,0,0,0,1,0,2,212,14,42,26,terminal_customer_network_burst;night_activity,0.26,0.01793266239363148,0.26
X000114197,2026-02-18 02:06:32,C000950,A0000950,M00587,T00374,South,South,97.21,USD,ecommerce,chip_pin,approved,APPROVE,33.08,2.93863361547763,1,0,0,1,0,0,0,3,239,10,24,26,terminal_customer_network_burst;night_activity,0.26,0.03780442686448308,0.26
X000145719,2026-02-18 02:06:39,C001200,A0001200,M00109,T00548,Northeast,Northeast,195.86,USD,ecommerce,3ds,approved,APPROVE,166.29,1.1778218774430214,1,0,0,1,0,0,0,0,287,22,32,26,terminal_customer_network_burst;night_activity,0.26,0.04657037613054468,0.26
X000216112,2026-02-18 02:06:45,C001765,A0001765,M00257,T00772,South,South,49.23,USD,card_present,wallet_biometric,approved,APPROVE,57.88,0.8505528680027642,1,0,0,0,0,0,0,0,432,26,68,26,terminal_customer_network_burst;night_activity,0.26,0.02854248164451121,0.26
X000234504,2026-02-18 02:08:49,C001912,A0001912,M00379,T01176,South,South,62.07,USD,ecommerce,wallet_biometric,approved,APPROVE,53.95,1.1505097312326227,1,0,0,1,0,0,0,2,307,19,14,26,terminal_customer_network_burst;night_activity,0.26,0.07487872850254973,0.26
X000113421,2026-02-18 02:08:54,C000945,A0000945,M00147,T00489,South,South,17.57,USD,ecommerce,wallet_biometric,approved,APPROVE,24.33,0.7221537196876285,1,0,0,1,0,0,0,6,160,10,35,51,customer_velocity;terminal_customer_network_burst;night_activity,0.51,0.01274160128935584,0.51
X000081363,2026-02-18 02:09:18,C000681,A0000681,M00663,T00502,West,West,237.61,USD,card_present,chip_pin,approved,APPROVE,189.01,1.2571292524205069,1,0,0,0,0,0,0,9,263,11,108,51,customer_velocity;terminal_customer_network_burst;night_activity,0.51,0.0029569400609028634,0.51
X000157754,2026-02-18 02:09:21,C001296,A0001296,M00615,T00704,Midwest,Midwest,181.74,USD,card_present,3ds,approved,APPROVE,115.44,1.5743243243243243,1,0,0,0,0,0,0,4,127,8,79,26,terminal_customer_network_burst;night_activity,0.26,0.0023619345153895453,0.26
X000029737,2026-02-18 02:10:20,C000254,A0000254,M00452,T00329,Northeast,Northeast,250.78,USD,ecommerce,3ds,approved,APPROVE,244.89,1.0240516150108212,1,0,0,1,0,0,0,6,342,14,75,51,customer_velocity;terminal_customer_network_burst;night_activity,0.51,0.01013124565753882,0.51
X000018627,2026-02-18 02:10:35,C000159,A0000159,M00070,T00658,Northeast,Northeast,115.11,USD,card_present,3ds,approved,APPROVE,81.09,1.4195338512763596,1,0,0,0,0,0,0,0,168,12,21,26,terminal_customer_network_burst;night_activity,0.26,0.016091373992241413,0.26
X000191937,2026-02-18 02:11:31,C001574,A0001574,M00411,T00744,West,West,70.15,USD,ecommerce,magstripe,approved,APPROVE,131.58,0.5331357349141207,1,0,0,1,1,0,0,3,100,12,26,46,terminal_customer_network_burst;ecommerce_authentication_shift;night_activity,0.46,0.025872577142906715,0.46
X000152198,2026-02-18 02:11:44,C001251,A0001251,M00377,T00663,Midwest,Midwest,30.85,USD,ecommerce,3ds,approved,APPROVE,65.21,0.4730869498543169,1,0,0,1,0,0,0,3,149,12,27,26,terminal_customer_network_burst;night_activity,0.26,0.012917414973265757,0.26
X000101313,2026-02-18 02:11:51,C000851,A0000851,M00524,T00477,West,West,388.17,USD,card_present,chip_pin,approved,APPROVE,554.65,0.6998467502028307,1,0,0,0,0,0,0,3,132,15,74,26,terminal_customer_network_burst;night_activity,0.26,0.00401765852827922,0.26
X000073786,2026-02-18 02:12:40,C000623,A0000623,M00640,T01025,Midwest,Midwest,85.57,USD,ecommerce,chip_pin,approved,APPROVE,104.99,0.815030002857415,1,0,0,1,0,0,0,4,277,16,46,26,terminal_customer_network_burst;night_activity,0.26,0.02003327336781302,0.26
X000116709,2026-02-18 02:13:02,C000968,A0000968,M00549,T00456,South,South,66.62,USD,card_present,3ds,approved,APPROVE,34.2,1.947953216374269,1,0,0,0,0,0,0,4,408,24,19,26,terminal_customer_network_burst;night_activity,0.26,0.21194652676628456,0.26
X000235287,2026-02-18 02:13:08,C001917,A0001917,M00730,T01027,South,West,246.53,USD,card_present,wallet_biometric,approved,APPROVE,143.14,1.7222998463043175,1,0,0,0,0,0,1,2,165,8,0,53,new_customer_terminal_pair;terminal_customer_network_burst;night_activity;home_region_mismatch,0.53,0.2371463640068052,0.53
X000062621,2026-02-18 02:13:21,C000531,A0000531,M00318,T00746,Midwest,Midwest,328.5,USD,card_present,magstripe,approved,APPROVE,214.99,1.5279780454904879,1,0,0,0,1,0,0,7,374,25,81,51,customer_velocity;terminal_customer_network_burst;night_activity,0.51,0.0879648807928576,0.51
X000051238,2026-02-18 02:13:31,C000431,A0000431,M00733,T00848,Northeast,Northeast,69.24,USD,ecommerce,chip_pin,approved,APPROVE,55.24,1.2534395365677045,1,0,0,1,0,0,0,1,182,18,17,26,terminal_customer_network_burst;night_activity,0.26,0.04191744831938547,0.26
X000059161,2026-02-18 02:14:03,C000502,A0000502,M00345,T01165,South,South,33.19,USD,ecommerce,chip_pin,approved,APPROVE,44.15,0.7517553793884485,1,0,0,1,0,0,0,6,86,11,26,51,customer_velocity;terminal_customer_network_burst;night_activity,0.51,0.016026632157734998,0.51
X000182350,2026-02-18 02:14:04,C001500,A0001500,M00453,T00940,South,South,102.82,USD,ecommerce,3ds,approved,APPROVE,130.54,0.787651294622338,1,0,0,1,0,0,0,4,433,23,67,26,terminal_customer_network_burst;night_activity,0.26,0.03393168286405341,0.26
X000074257,2026-02-18 02:14:34,C000627,A0000627,M00549,T00456,South,South,106.72,USD,card_present,wallet_biometric,approved,APPROVE,55.58,1.920115149334293,1,0,0,0,0,0,0,0,409,24,13,26,terminal_customer_network_burst;night_activity,0.26,0.16812915487950938,0.26
X000208393,2026-02-18 02:14:35,C001701,A0001701,M00791,T00304,South,South,115.03,USD,card_present,3ds,approved,APPROVE,79.94,1.4389542156617463,1,0,0,0,0,0,0,6,383,19,30,51,customer_velocity;terminal_customer_network_burst;night_activity,0.51,0.09093894769832103,0.51
X000049439,2026-02-18 02:14:48,C000413,A0000413,M00194,T00803,Northeast,Northeast,179.46,USD,card_present,chip_pin,approved,APPROVE,97.53,1.8400492156259614,1,0,0,0,0,0,0,3,259,10,58,26,terminal_customer_network_burst;night_activity,0.26,0.008213687692155809,0.26
X000033502,2026-02-18 02:14:55,C000284,A0000284,M00727,T00137,Midwest,West,32.54,USD,card_present,wallet_biometric,approved,APPROVE,48.91,0.6653036188918422,1,0,0,0,0,0,1,3,59,5,0,35,new_customer_terminal_pair;night_activity;home_region_mismatch,0.35,0.10786351077559993,0.35
X000142281,2026-02-18 02:15:10,C001172,A0001172,M00330,T01113,West,West,43.68,USD,mobile_wallet,chip_pin,approved,APPROVE,78.86,0.553892974892214,1,0,0,0,0,1,0,2,207,15,59,26,terminal_customer_network_burst;night_activity,0.26,0.009973419506202067,0.26
X000021156,2026-02-18 02:15:16,C000184,A0000184,M00212,T00443,Midwest,Midwest,172.07,USD,ecommerce,3ds,approved,APPROVE,126.84,1.3565909807631662,1,0,0,1,0,0,0,1,186,17,48,26,terminal_customer_network_burst;night_activity,0.26,0.014717241598674782,0.26
X000181590,2026-02-18 02:15:55,C001493,A0001493,M00087,T00716,South,South,59.84,USD,card_present,3ds,approved,APPROVE,38.63,1.5490551384933988,1,0,0,0,0,0,0,0,310,18,22,26,terminal_customer_network_burst;night_activity,0.26,0.046862123023014915,0.26
X000219885,2026-02-18 02:16:06,C001796,A0001796,M00478,T00667,Midwest,Midwest,16.57,USD,card_present,wallet_biometric,approved,APPROVE,29.05,0.5703958691910499,1,0,0,0,0,0,0,2,299,18,52,26,terminal_customer_network_burst;night_activity,0.26,0.01506119678897057,0.26
X000043152,2026-02-18 02:16:10,C000364,A0000364,M00457,T00242,Midwest,Midwest,29.6,USD,ecommerce,3ds,approved,APPROVE,55.3,0.5352622061482821,1,0,0,1,0,0,0,3,139,15,33,26,terminal_customer_network_burst;night_activity,0.26,0.015144376727006376,0.26
X000207892,2026-02-18 02:17:02,C001696,A0001696,M00623,T00969,Midwest,Midwest,34.26,USD,ecommerce,3ds,approved,APPROVE,43.27,0.7917725907094983,1,0,0,1,0,0,0,2,193,15,39,26,terminal_customer_network_burst;night_activity,0.26,0.014149814694247994,0.26
X000084606,2026-02-18 02:17:17,C000708,A0000708,M00533,T01021,Northeast,Northeast,36.56,USD,mobile_wallet,3ds,approved,APPROVE,46.63,0.7840446064765173,1,0,0,0,0,1,0,1,162,11,31,26,terminal_customer_network_burst;night_activity,0.26,0.013345517944380061,0.26
X000230078,2026-02-18 02:17:30,C001875,A0001875,M00726,T00968,Northeast,Northeast,73.16,USD,ecommerce,magstripe,approved,APPROVE,47.57,1.537944082404877,1,0,0,1,1,0,0,0,172,18,11,46,terminal_customer_network_burst;ecommerce_authentication_shift;night_activity,0.46,0.10115799707217901,0.46
X000158555,2026-02-18 02:17:36,C001304,A0001304,M00736,T00065,South,South,788.9,USD,card_present,chip_pin,approved,APPROVE,145.65,5.416409200137315,1,0,0,0,0,0,0,10,316,18,38,100,amount_vs_profile;customer_velocity;high_customer_velocity;terminal_customer_network_burst;night_activity,1.0,0.31926626539971487,1.0
X000071935,2026-02-18 02:17:45,C000609,A0000609,M00298,T00088,Northeast,Northeast,93.99,USD,ecommerce,chip_pin,approved,APPROVE,131.74,0.7134507362987702,1,0,0,1,0,0,0,6,327,15,90,51,customer_velocity;terminal_customer_network_burst;night_activity,0.51,0.005961448565293953,0.51
X000061804,2026-02-18 02:17:55,C000526,A0000526,M00524,T00033,West,West,164.66,USD,card_present,3ds,approved,APPROVE,156.59,1.0515358579730505,1,0,0,0,0,0,0,5,113,10,83,51,customer_velocity;terminal_customer_network_burst;night_activity,0.51,0.0023062468521857023,0.51
X000196118,2026-02-18 02:18:01,C001611,A0001611,M00351,T00802,West,West,44.24,USD,card_present,3ds,approved,APPROVE,47.59,0.9296070603067871,1,0,0,0,0,0,0,2,209,14,14,26,terminal_customer_network_burst;night_activity,0.26,0.0291422733544986,0.26
X000166412,2026-02-18 02:18:45,C001373,A0001373,M00153,T00753,South,South,33.58,USD,card_present,chip_pin,approved,APPROVE,37.26,0.9012345679012346,1,0,0,0,0,0,0,1,384,20,18,26,terminal_customer_network_burst;night_activity,0.26,0.06912607102033175,0.26
X000083920,2026-02-18 02:18:55,C000701,A0000701,M00756,T00999,West,West,124.02,USD,ecommerce,wallet_biometric,approved,APPROVE,55.81,2.2221824045869916,1,0,0,1,0,0,0,0,207,11,27,26,terminal_customer_network_burst;night_activity,0.26,0.018987800949683917,0.26
X000038876,2026-02-18 02:19:00,C000331,A0000331,M00213,T00642,Northeast,Northeast,165.91,USD,ecommerce,3ds,approved,APPROVE,98.47,1.6848786432415963,1,0,0,1,0,0,0,4,107,13,57,26,terminal_customer_network_burst;night_activity,0.26,0.009119367690693363,0.26
X000036413,2026-02-18 02:19:34,C000311,A0000311,M00376,T00309,South,South,19.18,USD,ecommerce,chip_pin,approved,APPROVE,28.81,0.6657410621312044,1,0,0,1,0,0,0,4,438,17,24,26,terminal_customer_network_burst;night_activity,0.26,0.06291210276636332,0.26
X000127794,2026-02-18 02:20:07,C001052,A0001052,M00335,T00070,South,South,69.55,USD,ecommerce,chip_pin,approved,APPROVE,146.14,0.4759135075954564,1,0,0,1,0,0,0,5,461,23,99,51,customer_velocity;terminal_customer_network_burst;night_activity,0.51,0.013039108501654215,0.51
X000212469,2026-02-18 02:20:10,C001733,A0001733,M00567,T00161,Northeast,Northeast,397.73,USD,ecommerce,magstripe,approved,APPROVE,162.51,2.4474186203925914,1,0,0,1,1,0,0,7,245,18,57,71,customer_velocity;terminal_customer_network_burst;ecommerce_authentication_shift;night_activity,0.71,0.09159537038489869,0.71
X000208394,2026-02-18 02:20:25,C001701,A0001701,M00417,T00117,South,South,46.01,USD,card_present,chip_pin,approved,APPROVE,79.94,0.5755566675006255,1,0,0,0,0,0,0,7,278,12,41,51,customer_velocity;terminal_customer_network_burst;night_activity,0.51,0.018013370259890242,0.51
X000200720,2026-02-18 02:20:38,C001644,A0001644,M00094,T00737,South,South,20.46,USD,card_present,chip_pin,approved,APPROVE,30.8,0.6642857142857143,1,0,0,0,0,0,0,1,536,22,29,26,terminal_customer_network_burst;night_activity,0.26,0.0813274754440926,0.26
X000181775,2026-02-18 02:21:19,C001495,A0001495,M00661,T00801,Northeast,Northeast,51.41,USD,ecommerce,chip_pin,approved,APPROVE,43.33,1.1864758827602122,1,0,0,1,0,0,0,3,164,15,24,26,terminal_customer_network_burst;night_activity,0.26,0.02788056548381018,0.26
X000110135,2026-02-18 02:21:21,C000920,A0000920,M00781,T00629,Northeast,Northeast,152.47,USD,card_present,wallet_biometric,approved,APPROVE,172.94,0.8816352492193824,1,0,0,0,0,0,0,3,96,9,35,26,terminal_customer_network_burst;night_activity,0.26,0.006847286115874448,0.26
X000124778,2026-02-18 02:21:22,C001030,A0001030,M00452,T00101,Northeast,Northeast,357.67,USD,card_present,wallet_biometric,approved,APPROVE,208.04,1.7192366852528362,1,0,0,0,0,0,0,7,270,10,105,51,customer_velocity;terminal_customer_network_burst;night_activity,0.51,0.0028116409039937776,0.51
X000176817,2026-02-18 02:21:36,C001457,A0001457,M00435,T00513,Midwest,Midwest,66.98,USD,ecommerce,3ds,approved,APPROVE,23.47,2.8538559863655735,1,0,0,1,0,0,0,4,180,14,40,26,terminal_customer_network_burst;night_activity,0.26,0.03388605147246259,0.26
X000146148,2026-02-18 02:22:01,C001205,A0001205,M00480,T00012,West,West,89.38,USD,ecommerce,chip_pin,approved,APPROVE,69.5,1.2860431654676259,1,0,0,1,0,0,0,3,152,8,36,26,terminal_customer_network_burst;night_activity,0.26,0.008452658183909965,0.26
X000224666,2026-02-18 02:22:08,C001832,A0001832,M00205,T00934,South,South,63.33,USD,card_present,wallet_biometric,approved,APPROVE,173.44,0.3651406826568266,1,0,0,0,0,0,0,6,435,18,101,51,customer_velocity;terminal_customer_network_burst;night_activity,0.51,0.006465604507742772,0.51
X000123797,2026-02-18 02:22:12,C001024,A0001024,M00051,T00286,South,South,24.51,USD,card_present,3ds,approved,APPROVE,26.09,0.939440398620161,1,0,0,0,0,0,0,0,332,15,20,26,terminal_customer_network_burst;night_activity,0.26,0.02940778732142885,0.26
X000047812,2026-02-18 02:23:03,C000403,A0000403,M00555,T00877,Midwest,Midwest,47.67,USD,card_present,3ds,approved,APPROVE,58.43,0.8158480232757146,1,0,0,0,0,0,0,1,86,12,10,26,terminal_customer_network_burst;night_activity,0.26,0.01636943175825362,0.26
X000053061,2026-02-18 02:23:17,C000447,A0000447,M00215,T00873,South,South,26.25,USD,ecommerce,chip_pin,approved,APPROVE,31.58,0.831222292590247,1,0,0,1,0,0,0,0,154,14,33,26,terminal_customer_network_burst;night_activity,0.26,0.011115777913560134,0.26
X000097004,2026-02-18 02:23:43,C000811,A0000811,M00335,T00138,South,South,57.13,USD,ecommerce,chip_pin,approved,APPROVE,134.11,0.4259935873536649,1,0,0,1,0,0,0,6,308,10,47,51,customer_velocity;terminal_customer_network_burst;night_activity,0.51,0.011214602604505268,0.51
X000234106,2026-02-18 02:23:44,C001908,A0001908,M00020,T00254,South,South,72.4,USD,ecommerce,chip_pin,approved,APPROVE,44.25,1.6361581920903956,1,0,0,1,0,0,0,0,320,22,14,26,terminal_customer_network_burst;night_activity,0.26,0.10328596078862838,0.26
X000149715,2026-02-18 02:24:28,C001232,A0001232,M00691,T00755,Northeast,Northeast,73.7,USD,card_present,chip_pin,approved,APPROVE,54.23,1.359026369168357,1,0,0,0,0,0,0,1,297,19,20,26,terminal_customer_network_burst;night_activity,0.26,0.05616055099181034,0.26
X000023810,2026-02-18 02:24:32,C000201,A0000201,M00740,T00080,Northeast,Northeast,526.14,USD,ecommerce,3ds,approved,APPROVE,309.26,1.7012869430252862,1,0,0,1,0,0,0,6,245,19,85,51,customer_velocity;terminal_customer_network_burst;night_activity,0.51,0.013571545615076806,0.51
X000007919,2026-02-18 02:24:35,C000072,A0000072,M00724,T01129,West,West,143.28,USD,card_present,wallet_biometric,approved,APPROVE,127.28,1.1257071024512886,1,0,0,0,0,0,0,4,186,10,0,41,new_customer_terminal_pair;terminal_customer_network_burst;night_activity,0.41,0.03662497033996166,0.41
X000003452,2026-02-18 02:24:47,C000030,A0000030,M00596,T01101,Midwest,Midwest,31.25,USD,card_present,wallet_biometric,approved,APPROVE,26.86,1.1634400595681311,1,0,0,0,0,0,0,0,226,13,17,26,terminal_customer_network_burst;night_activity,0.26,0.021475970964416797,0.26
X000109463,2026-02-18 02:24:54,C000915,A0000915,M00354,T00770,Northeast,Northeast,124.65,USD,mobile_wallet,chip_pin,approved,APPROVE,81.31,1.533021768540155,1,0,0,0,0,1,0,0,75,11,49,26,terminal_customer_network_burst;night_activity,0.26,0.007209386357001732,0.26
X000142946,2026-02-18 02:25:35,C001177,A0001177,M00382,T00499,Midwest,Midwest,46.89,USD,card_present,chip_pin,approved,APPROVE,25.95,1.8069364161849713,1,0,0,0,0,0,0,2,181,15,24,26,terminal_customer_network_burst;night_activity,0.26,0.031490137568984874,0.26
X000013137,2026-02-18 02:25:52,C000114,A0000114,M00195,T00595,South,South,69.05,USD,ecommerce,chip_pin,approved,APPROVE,34.85,1.9813486370157818,1,0,0,1,0,0,0,3,245,15,35,26,terminal_customer_network_burst;night_activity,0.26,0.03307267884593665,0.26
X000241588,2026-02-18 02:26:23,C001971,A0001971,M00684,T01008,West,West,369.43,USD,card_present,magstripe,approved,APPROVE,150.08,2.4615538379530917,1,0,0,0,1,0,0,0,153,13,32,26,terminal_customer_network_burst;night_activity,0.26,0.03962906657530935,0.26
X000131716,2026-02-18 02:27:02,C001083,A0001083,M00253,T00043,South,South,13.46,USD,mobile_wallet,3ds,approved,APPROVE,34.04,0.3954171562867215,1,0,0,0,0,1,0,7,146,12,29,51,customer_velocity;terminal_customer_network_burst;night_activity,0.51,0.026309816424820786,0.51
X000182351,2026-02-18 02:27:27,C001500,A0001500,M00184,T01155,South,South,61.77,USD,ecommerce,3ds,approved,APPROVE,130.54,0.4731882947755478,1,0,0,1,0,0,0,5,300,17,64,51,customer_velocity;terminal_customer_network_burst;night_activity,0.51,0.013140140304791605,0.51
X000121911,2026-02-18 02:27:39,C001011,A0001011,M00435,T00513,Midwest,Midwest,138.7,USD,ecommerce,chip_pin,approved,APPROVE,167.1,0.8300418910831837,1,0,0,1,0,0,0,2,181,14,60,26,terminal_customer_network_burst;night_activity,0.26,0.006298843571048465,0.26
X000209602,2026-02-18 02:27:43,C001710,A0001710,M00285,T00370,Midwest,Midwest,138.24,USD,ecommerce,3ds,approved,APPROVE,109.77,1.2593604810057395,1,0,0,1,0,0,0,3,207,15,46,26,terminal_customer_network_burst;night_activity,0.26,0.015886749293039536,0.26
X000173628,2026-02-18 02:28:24,C001431,A0001431,M00382,T01062,Midwest,Midwest,107.24,USD,mobile_wallet,magstripe,approved,APPROVE,35.72,3.0022396416573347,1,0,0,0,1,1,0,2,64,11,33,56,amount_vs_profile;terminal_customer_network_burst;night_activity,0.56,0.056274743976264995,0.56
X000010908,2026-02-18 02:28:43,C000098,A0000098,M00087,T00078,South,South,42.07,USD,ecommerce,chip_pin,approved,APPROVE,55.5,0.758018018018018,1,0,0,1,0,0,0,3,386,13,55,26,terminal_customer_network_burst;night_activity,0.26,0.012133230088995703,0.26
X000164287,2026-02-18 02:28:54,C001354,A0001354,M00264,T00543,West,Midwest,67.02,USD,ecommerce,chip_pin,approved,APPROVE,89.25,0.7509243697478991,1,0,0,1,0,0,1,0,62,17,0,53,new_customer_terminal_pair;terminal_customer_network_burst;night_activity;home_region_mismatch,0.53,0.2803525620167929,0.53
X000005879,2026-02-18 02:29:13,C000054,A0000054,M00379,T01176,South,South,31.16,USD,card_present,3ds,approved,APPROVE,33.85,0.9205317577548006,1,0,0,0,0,0,0,1,308,19,17,26,terminal_customer_network_burst;night_activity,0.26,0.05340645186097422,0.26
X000131314,2026-02-18 02:29:49,C001080,A0001080,M00668,T00869,Midwest,Midwest,75.23,USD,card_present,3ds,approved,APPROVE,51.38,1.4641884001557026,1,0,0,0,0,0,0,0,244,13,52,26,terminal_customer_network_burst;night_activity,0.26,0.008259905562438014,0.26
X000080799,2026-02-18 02:30:03,C000678,A0000678,M00616,T01010,West,West,50.42,USD,card_present,chip_pin,approved,APPROVE,21.45,2.350582750582751,1,0,0,0,0,0,0,0,72,12,15,26,terminal_customer_network_burst;night_activity,0.26,0.022192987059252427,0.26
X000154146,2026-02-18 02:30:56,C001268,A0001268,M00461,T00958,West,West,85.32,USD,card_present,3ds,approved,APPROVE,53.47,1.5956611183841405,1,0,0,0,0,0,0,0,119,11,24,26,terminal_customer_network_burst;night_activity,0.26,0.012317929792398699,0.26
X000046417,2026-02-18 02:30:58,C000389,A0000389,M00004,T00199,Northeast,Northeast,99.49,USD,ecommerce,chip_pin,approved,APPROVE,56.05,1.7750223015165032,1,0,0,1,0,0,0,0,122,12,19,26,terminal_customer_network_burst;night_activity,0.26,0.01856400122063363,0.26
