Transaction_ID,Timestamp,Customer_ID,Account_ID,Merchant_ID,Terminal_ID,Customer_Region,Merchant_Region,Amount,Currency,Channel,Auth_Type,Auth_Result,Incumbent_Decision,Typical_Spend,Amount_To_Typical_Spend,Is_Night,Is_Weekend,Auth_Soft_Decline,Is_Ecommerce,Is_Magstripe,Is_Mobile_Wallet,Region_Mismatch,Tx_Count_Prior_24h,Terminal_Prior_Tx_Count,Terminal_Prior_Distinct_Customers,Customer_Terminal_Prior_Count,Rule_Score,Rule_Reasons,Rule_Risk,Model_Score,Hybrid_Score
X000092611,2026-02-18 23:22:56,C000775,A0000775,M00326,T01151,Northeast,Northeast,41.3,USD,mobile_wallet,3ds,approved,APPROVE,34.29,1.2044327792359288,1,0,0,0,0,1,0,3,218,12,21,26,terminal_customer_network_burst;night_activity,0.26,0.035345400482974194,0.26
X000007741,2026-02-18 23:23:33,C000071,A0000071,M00168,T00944,Northeast,Northeast,18.38,USD,ecommerce,3ds,approved,APPROVE,42.16,0.43595825426944973,1,0,0,1,0,0,0,1,311,18,17,26,terminal_customer_network_burst;night_activity,0.26,0.04187792022598918,0.26
X000162335,2026-02-18 23:24:25,C001340,A0001340,M00127,T00278,South,South,98.35,USD,card_present,3ds,approved,APPROVE,94.89,1.036463273263779,1,0,0,0,0,0,0,2,155,14,33,26,terminal_customer_network_burst;night_activity,0.26,0.014490534857797015,0.26
X000179136,2026-02-18 23:24:45,C001474,A0001474,M00489,T01009,Northeast,Northeast,30.07,USD,mobile_wallet,3ds,approved,APPROVE,29.57,1.0169090294217111,1,0,0,0,0,1,0,2,164,12,42,26,terminal_customer_network_burst;night_activity,0.26,0.013078611041167839,0.26
X000202479,2026-02-18 23:25:06,C001656,A0001656,M00013,T00686,South,South,24.81,USD,card_present,wallet_biometric,approved,APPROVE,47.61,0.5211090107120353,1,0,0,0,0,0,0,1,380,20,18,26,terminal_customer_network_burst;night_activity,0.26,0.059198764702974416,0.26
X000147942,2026-02-18 23:25:14,C001221,A0001221,M00699,T00493,Midwest,Midwest,128.21,USD,card_present,wallet_biometric,approved,APPROVE,130.45,0.9828286699885015,1,0,0,0,0,0,0,3,256,14,56,26,terminal_customer_network_burst;night_activity,0.26,0.009845560916896335,0.26
X000176436,2026-02-18 23:25:36,C001454,A0001454,M00686,T00708,West,West,18.76,USD,ecommerce,magstripe,approved,APPROVE,29.3,0.6402730375426622,1,0,0,1,1,0,0,1,101,12,11,46,terminal_customer_network_burst;ecommerce_authentication_shift;night_activity,0.46,0.03454979753020058,0.46
X000060354,2026-02-18 23:25:40,C000513,A0000513,M00592,T00596,South,South,179.09,USD,ecommerce,chip_pin,approved,APPROVE,115.4,1.5519064124783362,1,0,0,1,0,0,0,4,265,18,59,26,terminal_customer_network_burst;night_activity,0.26,0.021776342413449428,0.26
X000168745,2026-02-18 23:26:19,C001395,A0001395,M00148,T00038,West,Midwest,68.55,USD,card_present,chip_pin,approved,APPROVE,55.67,1.2313633914136877,1,0,0,0,0,0,1,2,110,15,0,53,new_customer_terminal_pair;terminal_customer_network_burst;night_activity;home_region_mismatch,0.53,0.3366420404274865,0.53
X000186777,2026-02-18 23:26:28,C001535,A0001535,M00281,T00858,West,West,15.57,USD,ecommerce,chip_pin,approved,APPROVE,41.18,0.37809616318601263,1,0,0,1,0,0,0,2,71,14,31,26,terminal_customer_network_burst;night_activity,0.26,0.010085192275544719,0.26
X000155970,2026-02-18 23:26:34,C001283,A0001283,M00448,T00142,Midwest,Midwest,632.52,USD,card_present,chip_pin,approved,APPROVE,278.26,2.2731258535182923,1,0,0,0,0,0,0,1,112,12,67,26,terminal_customer_network_burst;night_activity,0.26,0.005031089170412634,0.26
X000240030,2026-02-18 23:27:41,C001957,A0001957,M00668,T00869,Midwest,Midwest,35.63,USD,card_present,3ds,approved,APPROVE,49.97,0.713027816690014,1,0,0,0,0,0,0,1,254,13,24,26,terminal_customer_network_burst;night_activity,0.26,0.017284648682115537,0.26
X000039875,2026-02-18 23:28:04,C000338,A0000338,M00552,T00463,Northeast,Northeast,113.7,USD,ecommerce,3ds,approved,APPROVE,96.33,1.1803176580504515,1,0,0,1,0,0,0,2,238,15,49,26,terminal_customer_network_burst;night_activity,0.26,0.013465024828117253,0.26
X000197568,2026-02-18 23:28:10,C001621,A0001621,M00416,T00403,West,West,151.62,USD,mobile_wallet,wallet_biometric,approved,APPROVE,173.71,0.8728340337343848,1,0,0,0,0,1,0,5,283,15,79,51,customer_velocity;terminal_customer_network_burst;night_activity,0.51,0.010275116068120812,0.51
X000120523,2026-02-18 23:28:45,C001001,A0001001,M00179,T00056,Midwest,Midwest,57.76,USD,ecommerce,chip_pin,approved,APPROVE,38.51,1.4998701635938718,1,0,0,1,0,0,0,3,96,13,35,26,terminal_customer_network_burst;night_activity,0.26,0.014851349825345493,0.26
X000144263,2026-02-18 23:28:58,C001187,A0001187,M00786,T00092,Northeast,Northeast,40.34,USD,card_present,3ds,approved,APPROVE,65.0,0.6206153846153847,1,0,0,0,0,0,0,3,196,18,29,26,terminal_customer_network_burst;night_activity,0.26,0.027657487448231006,0.26
X000109736,2026-02-18 23:29:00,C000916,A0000916,M00315,T01023,Midwest,Midwest,78.21,USD,card_present,chip_pin,approved,APPROVE,125.73,0.6220472440944881,1,0,0,0,0,0,0,7,186,12,80,51,customer_velocity;terminal_customer_network_burst;night_activity,0.51,0.0041299541537424805,0.51
X000191101,2026-02-18 23:29:11,C001568,A0001568,M00443,T00564,South,South,145.71,USD,card_present,chip_pin,approved,APPROVE,122.57,1.1887900791384516,1,0,0,0,0,0,0,2,234,14,43,26,terminal_customer_network_burst;night_activity,0.26,0.013671119095068364,0.26
X000107208,2026-02-18 23:29:28,C000898,A0000898,M00610,T00045,Midwest,Midwest,121.01,USD,ecommerce,3ds,approved,APPROVE,81.06,1.492844806316309,1,0,0,1,0,0,0,2,110,13,26,26,terminal_customer_network_burst;night_activity,0.26,0.018221893068930732,0.26
X000082203,2026-02-18 23:29:45,C000688,A0000688,M00706,T00053,Northeast,Northeast,60.72,USD,card_present,3ds,approved,APPROVE,48.53,1.2511848341232228,1,0,0,0,0,0,0,3,229,16,47,26,terminal_customer_network_burst;night_activity,0.26,0.01728824095913651,0.26
X000015173,2026-02-18 23:30:37,C000128,A0000128,M00262,T00998,South,South,44.93,USD,ecommerce,wallet_biometric,approved,APPROVE,50.82,0.8841007477371113,1,0,0,1,0,0,0,4,277,16,38,26,terminal_customer_network_burst;night_activity,0.26,0.02655241912122248,0.26
X000179137,2026-02-18 23:31:06,C001474,A0001474,M00168,T00944,Northeast,Northeast,44.79,USD,card_present,chip_pin,approved,APPROVE,29.57,1.5147108555968887,1,0,0,0,0,0,0,3,312,18,43,26,terminal_customer_network_burst;night_activity,0.26,0.033883710991001285,0.26
X000131944,2026-02-18 23:31:15,C001086,A0001086,M00335,T00070,South,South,216.71,USD,card_present,chip_pin,approved,APPROVE,83.33,2.6006240249609984,1,0,0,0,0,0,0,0,470,23,24,26,terminal_customer_network_burst;night_activity,0.26,0.16244826650663333,0.26
X000240956,2026-02-18 23:31:44,C001966,A0001966,M00099,T00459,South,South,76.96,USD,card_present,3ds,approved,APPROVE,45.88,1.6774193548387095,1,0,0,0,0,0,0,2,219,19,33,26,terminal_customer_network_burst;night_activity,0.26,0.03924884190691243,0.26
X000073392,2026-02-18 23:32:09,C000620,A0000620,M00675,T00110,Midwest,Midwest,13.33,USD,ecommerce,3ds,approved,APPROVE,16.5,0.8078787878787879,1,0,0,1,0,0,0,2,216,14,23,26,terminal_customer_network_burst;night_activity,0.26,0.022391257629919337,0.26
X000232988,2026-02-18 23:32:29,C001899,A0001899,M00001,T00800,South,South,58.71,USD,mobile_wallet,chip_pin,approved,APPROVE,33.97,1.7282896673535473,1,0,0,0,0,1,0,1,97,11,11,26,terminal_customer_network_burst;night_activity,0.26,0.03122872772482822,0.26
X000213557,2026-02-18 23:32:45,C001743,A0001743,M00054,T00295,West,West,33.44,USD,card_present,chip_pin,approved,APPROVE,29.38,1.1381892443839345,1,0,0,0,0,0,0,0,244,13,24,26,terminal_customer_network_burst;night_activity,0.26,0.01779965032966179,0.26
X000027610,2026-02-18 23:33:15,C000237,A0000237,M00281,T01053,West,West,123.85,USD,card_present,wallet_biometric,approved,APPROVE,105.08,1.178625808907499,1,0,0,0,0,0,0,2,94,18,17,26,terminal_customer_network_burst;night_activity,0.26,0.0347944335380361,0.26
X000190229,2026-02-18 23:33:18,C001562,A0001562,M00229,T00718,Northeast,Northeast,86.43,USD,card_present,magstripe,approved,APPROVE,160.81,0.537466575461725,1,0,0,0,1,0,0,8,104,9,67,51,customer_velocity;terminal_customer_network_burst;night_activity,0.51,0.008405798376691651,0.51
X000144358,2026-02-18 23:33:42,C001188,A0001188,M00228,T00522,Northeast,Northeast,22.23,USD,ecommerce,chip_pin,approved,APPROVE,25.41,0.8748524203069658,1,0,0,1,0,0,0,5,203,17,0,66,customer_velocity;new_customer_terminal_pair;terminal_customer_network_burst;night_activity,0.66,0.08917755441019976,0.66
X000055271,2026-02-18 23:34:13,C000467,A0000467,M00532,T00040,West,West,114.18,USD,card_present,3ds,approved,APPROVE,238.71,0.47832097524192535,1,0,0,0,0,0,0,3,173,12,48,26,terminal_customer_network_burst;night_activity,0.26,0.006633473392451346,0.26
X000111109,2026-02-18 23:34:16,C000926,A0000926,M00401,T00536,South,South,15.24,USD,card_present,3ds,approved,APPROVE,23.01,0.6623207301173403,1,0,0,0,0,0,0,1,322,21,34,26,terminal_customer_network_burst;night_activity,0.26,0.03699509498755701,0.26
X000072255,2026-02-18 23:34:28,C000610,A0000610,M00441,T01043,West,West,53.92,USD,card_present,3ds,approved,APPROVE,97.14,0.5550751492690962,1,0,0,0,0,0,0,5,208,10,102,51,customer_velocity;terminal_customer_network_burst;night_activity,0.51,0.0012983694700431818,0.51
X000029833,2026-02-18 23:34:36,C000255,A0000255,M00010,T00620,Northeast,Northeast,42.48,USD,card_present,wallet_biometric,approved,APPROVE,31.53,1.347288296860133,1,0,0,0,0,0,0,2,131,19,9,26,terminal_customer_network_burst;night_activity,0.26,0.05845198341451554,0.26
X000133951,2026-02-18 23:34:41,C001102,A0001102,M00614,T00113,South,South,71.7,USD,card_present,chip_pin,approved,APPROVE,32.6,2.1993865030674846,1,0,0,0,0,0,0,1,166,15,30,26,terminal_customer_network_burst;night_activity,0.26,0.026144907783577625,0.26
X000220160,2026-02-18 23:35:37,C001797,A0001797,M00167,T00818,Northeast,Northeast,237.27,USD,ecommerce,3ds,approved,APPROVE,161.59,1.468345813478557,1,0,0,1,0,0,0,3,200,16,64,26,terminal_customer_network_burst;night_activity,0.26,0.010714442084678779,0.26
X000011859,2026-02-18 23:35:41,C000104,A0000104,M00382,T00436,Midwest,Midwest,144.68,USD,mobile_wallet,3ds,approved,APPROVE,150.27,0.962800292806282,1,0,0,0,0,1,0,3,88,14,52,26,terminal_customer_network_burst;night_activity,0.26,0.010865625628834464,0.26
X000230728,2026-02-18 23:36:11,C001881,A0001881,M00510,T00773,West,West,49.28,USD,ecommerce,wallet_biometric,approved,APPROVE,70.14,0.7025948103792415,1,0,0,1,0,0,0,3,52,9,44,26,terminal_customer_network_burst;night_activity,0.26,0.004484835551349941,0.26
X000148767,2026-02-18 23:36:19,C001225,A0001225,M00507,T00488,South,South,276.91,USD,mobile_wallet,chip_pin,approved,APPROVE,171.02,1.619167348848088,1,0,0,0,0,1,0,9,274,14,120,51,customer_velocity;terminal_customer_network_burst;night_activity,0.51,0.005136078942715818,0.51
X000132328,2026-02-18 23:36:20,C001090,A0001090,M00406,T00668,South,South,67.14,USD,card_present,chip_pin,approved,APPROVE,35.97,1.8665554628857381,1,0,0,0,0,0,0,2,287,17,33,26,terminal_customer_network_burst;night_activity,0.26,0.039815336128872114,0.26
X000091860,2026-02-18 23:36:21,C000769,A0000769,M00262,T00060,South,South,261.43,USD,ecommerce,chip_pin,approved,APPROVE,268.43,0.9739224378795217,1,0,0,1,0,0,0,6,351,19,80,51,customer_velocity;terminal_customer_network_burst;night_activity,0.51,0.015564985427256891,0.51
X000111212,2026-02-18 23:36:41,C000927,A0000927,M00544,T00846,South,South,46.85,USD,ecommerce,chip_pin,approved,APPROVE,58.94,0.7948761452324399,1,0,0,1,0,0,0,1,310,19,25,26,terminal_customer_network_burst;night_activity,0.26,0.04199199405543189,0.26
X000194734,2026-02-18 23:36:49,C001601,A0001601,M00406,T00057,South,South,119.95,USD,mobile_wallet,chip_pin,approved,APPROVE,129.9,0.9234026173979984,1,0,0,0,0,1,0,2,262,17,36,26,terminal_customer_network_burst;night_activity,0.26,0.03492769127199399,0.26
X000054302,2026-02-18 23:37:16,C000460,A0000460,M00454,T00977,West,West,82.53,USD,ecommerce,chip_pin,approved,APPROVE,78.75,1.048,1,0,0,1,0,0,0,4,113,11,29,26,terminal_customer_network_burst;night_activity,0.26,0.013922914862199588,0.26
X000000513,2026-02-18 23:38:05,C000006,A0000006,M00160,T00039,South,South,14.96,USD,card_present,chip_pin,approved,APPROVE,22.25,0.6723595505617977,1,0,0,0,0,0,0,1,276,14,15,26,terminal_customer_network_burst;night_activity,0.26,0.026891975281539863,0.26
X000200902,2026-02-18 23:38:21,C001645,A0001645,M00191,T00591,Midwest,Midwest,37.72,USD,ecommerce,chip_pin,approved,APPROVE,71.08,0.5306696679797411,1,0,0,1,0,0,0,3,104,13,41,26,terminal_customer_network_burst;night_activity,0.26,0.008449328156430716,0.26
X000186109,2026-02-18 23:38:30,C001529,A0001529,M00193,T01056,West,West,146.25,USD,card_present,chip_pin,approved,APPROVE,86.48,1.6911424606845513,1,0,0,0,0,0,0,2,83,11,31,26,terminal_customer_network_burst;night_activity,0.26,0.011775838266744089,0.26
X000191799,2026-02-18 23:38:31,C001573,A0001573,M00514,T00978,West,West,240.38,USD,card_present,wallet_biometric,approved,APPROVE,95.09,2.527920917025975,1,0,0,0,0,0,0,0,120,10,44,26,terminal_customer_network_burst;night_activity,0.26,0.008407235368635791,0.26
X000104115,2026-02-18 23:38:49,C000876,A0000876,M00400,T00412,West,West,26.22,USD,card_present,magstripe,approved,APPROVE,29.33,0.893965223320832,1,0,0,0,1,0,0,3,74,15,30,26,terminal_customer_network_burst;night_activity,0.26,0.03307955721786556,0.26
X000184724,2026-02-18 23:39:28,C001521,A0001521,M00587,T00374,South,South,78.45,USD,ecommerce,3ds,soft_decline,CHALLENGE,233.38,0.3361470563030251,1,0,1,1,0,0,0,3,252,10,50,34,terminal_customer_network_burst;night_activity;authentication_soft_decline,0.34,0.027835457739748288,0.34
X000216561,2026-02-18 23:40:17,C001770,A0001770,M00576,T00152,Midwest,Midwest,62.66,USD,ecommerce,chip_pin,approved,APPROVE,144.7,0.43303386316516934,1,0,0,1,0,0,0,0,129,19,29,26,terminal_customer_network_burst;night_activity,0.26,0.01815316269273825,0.26
X000031492,2026-02-18 23:40:39,C000266,A0000266,M00454,T00977,West,West,26.38,USD,card_present,chip_pin,approved,APPROVE,52.34,0.5040122277416889,1,0,0,0,0,0,0,0,114,11,14,26,terminal_customer_network_burst;night_activity,0.26,0.010792873307180144,0.26
X000039876,2026-02-18 23:40:48,C000338,A0000338,M00552,T00463,Northeast,Northeast,83.67,USD,ecommerce,3ds,approved,APPROVE,96.33,0.8685767673621925,1,0,0,1,0,0,0,3,239,15,50,26,terminal_customer_network_burst;night_activity,0.26,0.01295284357451084,0.26
X000241048,2026-02-18 23:41:23,C001967,A0001967,M00518,T00379,South,South,48.16,USD,ecommerce,wallet_biometric,approved,APPROVE,81.83,0.5885372112917023,1,0,0,1,0,0,0,4,261,18,22,26,terminal_customer_network_burst;night_activity,0.26,0.047176867726898386,0.26
X000040569,2026-02-18 23:41:24,C000344,A0000344,M00460,T00355,Midwest,Midwest,49.22,USD,card_present,magstripe,approved,APPROVE,46.73,1.0532848277337898,1,0,0,0,1,0,0,1,191,16,38,26,terminal_customer_network_burst;night_activity,0.26,0.032757592626909984,0.26
X000144607,2026-02-18 23:41:45,C001190,A0001190,M00282,T01071,South,South,604.67,USD,card_present,wallet_biometric,approved,APPROVE,253.9,2.381528160693186,1,0,0,0,0,0,0,2,134,8,61,26,terminal_customer_network_burst;night_activity,0.26,0.004732059721181192,0.26
X000046418,2026-02-18 23:42:18,C000389,A0000389,M00409,T01085,Northeast,Northeast,82.51,USD,card_present,3ds,approved,APPROVE,56.05,1.4720785013380913,1,0,0,0,0,0,0,1,172,16,20,26,terminal_customer_network_burst;night_activity,0.26,0.030616923655632153,0.26
X000209411,2026-02-18 23:42:27,C001709,A0001709,M00640,T00037,Midwest,Midwest,70.51,USD,card_present,chip_pin,approved,APPROVE,57.15,1.2337707786526686,1,0,0,0,0,0,0,2,293,14,45,26,terminal_customer_network_burst;night_activity,0.26,0.015171372654669574,0.26
X000020163,2026-02-18 23:42:53,C000174,A0000174,M00241,T01148,West,West,25.5,USD,card_present,chip_pin,soft_decline,CHALLENGE,20.52,1.2426900584795322,1,0,1,0,0,0,0,2,38,3,36,16,night_activity;authentication_soft_decline,0.16,0.013592347927132235,0.16
X000073789,2026-02-18 23:43:06,C000623,A0000623,M00227,T00504,Midwest,Midwest,108.06,USD,ecommerce,chip_pin,approved,APPROVE,104.99,1.0292408800838175,1,0,0,1,0,0,0,3,311,14,51,26,terminal_customer_network_burst;night_activity,0.26,0.014296245281702213,0.26
X000160091,2026-02-18 23:43:07,C001320,A0001320,M00020,T00130,South,South,89.07,USD,card_present,3ds,approved,APPROVE,95.39,0.9337456756473425,1,0,0,0,0,0,0,1,340,21,22,26,terminal_customer_network_burst;night_activity,0.26,0.06229026838061471,0.26
X000105009,2026-02-18 23:43:41,C000883,A0000883,M00192,T00126,South,South,85.74,USD,ecommerce,chip_pin,approved,APPROVE,48.23,1.777731702260004,1,0,0,1,0,0,0,1,292,15,48,26,terminal_customer_network_burst;night_activity,0.26,0.018055304905633673,0.26
X000110757,2026-02-18 23:43:59,C000924,A0000924,M00769,T00996,West,West,556.05,USD,ecommerce,chip_pin,approved,APPROVE,329.64,1.6868401892974152,1,0,0,1,0,0,0,2,303,11,50,26,terminal_customer_network_burst;night_activity,0.26,0.011801263410150857,0.26
X000245032,2026-02-18 23:44:05,C001996,A0001996,M00282,T01131,South,South,131.46,USD,ecommerce,wallet_biometric,approved,APPROVE,58.94,2.2304038004750595,1,0,0,1,0,0,0,1,468,22,30,26,terminal_customer_network_burst;night_activity,0.26,0.12578988289843246,0.26
X000065443,2026-02-18 23:44:14,C000554,A0000554,M00793,T01052,South,South,95.53,USD,card_present,chip_pin,approved,APPROVE,61.94,1.5422989990313207,1,0,0,0,0,0,0,1,311,17,21,26,terminal_customer_network_burst;night_activity,0.26,0.04828497186420906,0.26
X000003365,2026-02-18 23:44:25,C000029,A0000029,M00409,T00444,Northeast,Northeast,56.52,USD,ecommerce,wallet_biometric,approved,APPROVE,52.55,1.075547098001903,1,0,0,1,0,0,0,6,170,12,48,51,customer_velocity;terminal_customer_network_burst;night_activity,0.51,0.012558252613558425,0.51
X000018545,2026-02-18 23:44:35,C000158,A0000158,M00085,T00540,Northeast,Northeast,25.65,USD,card_present,3ds,approved,APPROVE,26.2,0.9790076335877862,1,0,0,0,0,0,0,1,199,10,20,26,terminal_customer_network_burst;night_activity,0.26,0.01337923822057756,0.26
X000199030,2026-02-18 23:44:47,C001630,A0001630,M00524,T00500,West,West,29.04,USD,mobile_wallet,3ds,approved,APPROVE,86.33,0.336383644156145,1,0,0,0,0,1,0,0,77,8,24,26,terminal_customer_network_burst;night_activity,0.26,0.007014784240433474,0.26
X000006413,2026-02-18 23:45:16,C000057,A0000057,M00349,T00076,West,West,294.08,USD,card_present,chip_pin,soft_decline,CHALLENGE,238.78,1.2315939358405226,1,0,1,0,0,0,0,0,121,11,38,34,terminal_customer_network_burst;night_activity;authentication_soft_decline,0.34,0.031545372914909844,0.34
X000025061,2026-02-18 23:45:38,C000212,A0000212,M00618,T00042,Northeast,Northeast,50.46,USD,card_present,wallet_biometric,approved,APPROVE,68.13,0.7406428885953326,1,0,0,0,0,0,0,2,199,11,26,26,terminal_customer_network_burst;night_activity,0.26,0.012665317330651916,0.26
X000058653,2026-02-18 23:45:43,C000497,A0000497,M00066,T00171,West,West,60.03,USD,mobile_wallet,3ds,approved,APPROVE,55.66,1.078512396694215,1,0,0,0,0,1,0,1,174,8,23,26,terminal_customer_network_burst;night_activity,0.26,0.014084103092639261,0.26
X000236588,2026-02-18 23:45:48,C001929,A0001929,M00452,T00101,Northeast,Northeast,71.03,USD,ecommerce,chip_pin,approved,APPROVE,150.31,0.47255671612001865,1,0,0,1,0,0,0,5,273,10,78,51,customer_velocity;terminal_customer_network_burst;night_activity,0.51,0.003412806746422926,0.51
X000083384,2026-02-18 23:45:55,C000696,A0000696,M00706,T00409,Northeast,Northeast,234.48,USD,mobile_wallet,3ds,approved,APPROVE,156.98,1.4936934641355588,1,0,0,0,0,1,0,0,236,15,70,26,terminal_customer_network_burst;night_activity,0.26,0.008725599578693014,0.26
X000162627,2026-02-18 23:46:27,C001342,A0001342,M00549,T00456,South,South,123.4,USD,card_present,chip_pin,approved,APPROVE,177.7,0.694428812605515,1,0,0,0,0,0,0,2,415,24,65,26,terminal_customer_network_burst;night_activity,0.26,0.02821197072632823,0.26
X000052309,2026-02-18 23:47:43,C000441,A0000441,M00277,T00518,Midwest,Midwest,100.94,USD,mobile_wallet,chip_pin,approved,APPROVE,94.35,1.0698463169051404,1,0,0,0,0,1,0,8,202,12,56,51,customer_velocity;terminal_customer_network_burst;night_activity,0.51,0.01887031225678407,0.51
X000062623,2026-02-18 23:47:53,C000531,A0000531,M00211,T01050,Midwest,Midwest,234.94,USD,card_present,chip_pin,soft_decline,CHALLENGE,214.99,1.0927950137215683,1,0,1,0,0,0,0,2,245,8,85,34,terminal_customer_network_burst;night_activity;authentication_soft_decline,0.34,0.008079954956632183,0.34
X000155511,2026-02-18 23:48:25,C001280,A0001280,M00118,T00907,West,West,167.71,USD,card_present,3ds,approved,APPROVE,118.5,1.4152742616033755,1,0,0,0,0,0,0,4,150,15,72,26,terminal_customer_network_burst;night_activity,0.26,0.006751667302172766,0.26
X000145266,2026-02-18 23:48:26,C001195,A0001195,M00255,T00006,West,West,18.68,USD,ecommerce,chip_pin,approved,APPROVE,24.02,0.7776852622814321,1,0,0,1,0,0,0,0,81,9,25,26,terminal_customer_network_burst;night_activity,0.26,0.006476186895121261,0.26
X000199031,2026-02-18 23:48:34,C001630,A0001630,M00396,T00828,West,West,185.48,USD,card_present,3ds,approved,APPROVE,86.33,2.148499942082706,1,0,0,0,0,0,0,1,80,9,22,26,terminal_customer_network_burst;night_activity,0.26,0.013203876681878503,0.26
X000172786,2026-02-18 23:48:38,C001425,A0001425,M00482,T00610,West,West,15.3,USD,card_present,3ds,approved,APPROVE,15.72,0.9732824427480916,1,0,0,0,0,0,0,1,239,15,33,26,terminal_customer_network_burst;night_activity,0.26,0.017503680052825,0.26
X000055819,2026-02-18 23:48:59,C000471,A0000471,M00638,T00151,South,Northeast,206.37,USD,card_present,chip_pin,approved,APPROVE,136.92,1.507230499561788,1,0,0,0,0,0,1,4,203,18,0,53,new_customer_terminal_pair;terminal_customer_network_burst;night_activity;home_region_mismatch,0.53,0.5664529191724191,0.5664529191724191
X000077958,2026-02-18 23:49:06,C000655,A0000655,M00399,T00276,South,West,123.0,USD,card_present,magstripe,approved,APPROVE,194.48,0.6324557795146031,1,0,0,0,1,0,1,1,66,9,0,53,new_customer_terminal_pair;terminal_customer_network_burst;night_activity;home_region_mismatch,0.53,0.25141879585042787,0.53
X000174747,2026-02-18 23:49:21,C001439,A0001439,M00679,T00775,Northeast,Northeast,118.02,USD,card_present,chip_pin,approved,APPROVE,141.68,0.8330039525691699,1,0,0,0,0,0,0,4,178,16,57,26,terminal_customer_network_burst;night_activity,0.26,0.010456469566960799,0.26
X000201813,2026-02-18 23:49:30,C001650,A0001650,M00566,T00559,West,West,388.77,USD,ecommerce,3ds,approved,APPROVE,267.79,1.4517719108256468,1,0,0,1,0,0,0,8,136,12,106,51,customer_velocity;terminal_customer_network_burst;night_activity,0.51,0.0026014794483677577,0.51
X000243309,2026-02-18 23:49:34,C001985,A0001985,M00372,T00192,South,South,19.33,USD,mobile_wallet,chip_pin,approved,APPROVE,35.73,0.5410019591379793,1,0,0,0,0,1,0,3,335,19,35,26,terminal_customer_network_burst;night_activity,0.26,0.05223924920507003,0.26
X000037762,2026-02-18 23:49:45,C000322,A0000322,M00542,T00201,South,South,25.03,USD,ecommerce,chip_pin,approved,APPROVE,40.9,0.6119804400977995,1,0,0,1,0,0,0,0,240,16,22,26,terminal_customer_network_burst;night_activity,0.26,0.022751251039017945,0.26
X000025062,2026-02-18 23:49:57,C000212,A0000212,M00691,T00343,Northeast,Northeast,55.28,USD,card_present,chip_pin,approved,APPROVE,68.13,0.8113899897255248,1,0,0,0,0,0,0,3,96,11,28,26,terminal_customer_network_burst;night_activity,0.26,0.010558910313570301,0.26
X000237782,2026-02-18 23:50:10,C001939,A0001939,M00145,T00673,Northeast,Northeast,118.83,USD,ecommerce,chip_pin,approved,APPROVE,45.16,2.6313108945969885,1,0,0,1,0,0,0,1,129,11,21,26,terminal_customer_network_burst;night_activity,0.26,0.02494452121894261,0.26
X000039877,2026-02-18 23:50:26,C000338,A0000338,M00552,T00463,Northeast,Northeast,56.66,USD,mobile_wallet,wallet_biometric,approved,APPROVE,96.33,0.5881864424374545,1,0,0,0,0,1,0,4,240,15,51,26,terminal_customer_network_burst;night_activity,0.26,0.01794392284830768,0.26
X000122998,2026-02-18 23:51:01,C001019,A0001019,M00378,T01130,South,South,181.3,USD,card_present,wallet_biometric,approved,APPROVE,167.99,1.0792309066015835,1,0,0,0,0,0,0,4,324,17,57,26,terminal_customer_network_burst;night_activity,0.26,0.01882519830314424,0.26
X000069410,2026-02-18 23:51:03,C000589,A0000589,M00507,T00488,South,South,83.54,USD,card_present,3ds,approved,APPROVE,211.98,0.394093782432305,1,0,0,0,0,0,0,3,275,14,59,26,terminal_customer_network_burst;night_activity,0.26,0.00739223977939474,0.26
X000194192,2026-02-18 23:51:08,C001596,A0001596,M00731,T00461,Northeast,Northeast,62.04,USD,card_present,3ds,approved,APPROVE,43.85,1.4148232611174458,1,0,0,0,0,0,0,2,95,6,27,8,night_activity,0.08,0.006851215932702763,0.08
X000158741,2026-02-18 23:51:19,C001305,A0001305,M00100,T00272,Northeast,Northeast,72.08,USD,ecommerce,chip_pin,approved,APPROVE,41.2,1.7495145631067959,1,0,0,1,0,0,0,0,134,10,56,26,terminal_customer_network_burst;night_activity,0.26,0.00454816595019725,0.26
X000235509,2026-02-18 23:51:39,C001919,A0001919,M00213,T00320,Northeast,Northeast,50.37,USD,card_present,wallet_biometric,approved,APPROVE,41.19,1.222869628550619,1,0,0,0,0,0,0,0,190,9,21,26,terminal_customer_network_burst;night_activity,0.26,0.011055972120280401,0.26
X000008644,2026-02-18 23:51:54,C000078,A0000078,M00598,T00298,Northeast,West,64.5,USD,card_present,chip_pin,approved,APPROVE,106.16,0.6075734740015072,1,0,0,0,0,0,1,2,41,5,0,35,new_customer_terminal_pair;night_activity;home_region_mismatch,0.35,0.09105487514124191,0.35
X000090767,2026-02-18 23:52:12,C000760,A0000760,M00696,T00129,South,Midwest,59.88,USD,ecommerce,3ds,approved,APPROVE,41.22,1.4526928675400292,1,0,0,1,0,0,1,1,205,15,0,53,new_customer_terminal_pair;terminal_customer_network_burst;night_activity;home_region_mismatch,0.53,0.39970181924166814,0.53
X000036852,2026-02-18 23:52:40,C000315,A0000315,M00162,T00759,Midwest,Midwest,1169.6,USD,ecommerce,wallet_biometric,approved,APPROVE,260.77,4.485178509797906,1,0,0,1,0,0,0,6,207,14,48,81,amount_vs_profile;customer_velocity;terminal_customer_network_burst;night_activity,0.81,0.06672024633762827,0.81
X000056315,2026-02-18 23:52:42,C000475,A0000475,M00297,T00721,Northeast,Northeast,184.86,USD,card_present,chip_pin,approved,APPROVE,177.62,1.0407611755432946,1,0,0,0,0,0,0,2,284,19,49,26,terminal_customer_network_burst;night_activity,0.26,0.021658137022058425,0.26
X000204124,2026-02-18 23:53:12,C001667,A0001667,M00294,T00904,South,South,181.5,USD,ecommerce,wallet_biometric,approved,APPROVE,187.97,0.9655796137681545,1,0,0,1,0,0,0,7,279,15,105,51,customer_velocity;terminal_customer_network_burst;night_activity,0.51,0.004041111220615808,0.51
X000202030,2026-02-18 23:53:13,C001652,A0001652,M00616,T01002,West,West,47.26,USD,card_present,3ds,approved,APPROVE,36.64,1.2898471615720524,1,0,0,0,0,0,0,1,104,12,24,26,terminal_customer_network_burst;night_activity,0.26,0.013242242885739532,0.26
X000138740,2026-02-18 23:53:17,C001142,A0001142,M00213,T00642,Northeast,Northeast,557.8,USD,mobile_wallet,chip_pin,approved,APPROVE,318.46,1.7515543553350499,1,0,0,0,0,1,0,0,109,13,25,26,terminal_customer_network_burst;night_activity,0.26,0.023439175242880132,0.26
X000104189,2026-02-18 23:53:31,C000877,A0000877,M00596,T01101,Midwest,Midwest,83.48,USD,card_present,wallet_biometric,approved,APPROVE,141.12,0.5915532879818595,1,0,0,0,0,0,0,1,228,13,19,26,terminal_customer_network_burst;night_activity,0.26,0.018081089999730633,0.26
X000063344,2026-02-18 23:53:33,C000537,A0000537,M00743,T00220,South,South,35.98,USD,ecommerce,3ds,approved,APPROVE,39.48,0.9113475177304965,1,0,0,1,0,0,0,0,193,17,18,26,terminal_customer_network_burst;night_activity,0.26,0.029026316114755493,0.26
X000118841,2026-02-18 23:53:51,C000984,A0000984,M00521,T00168,Northeast,Northeast,31.87,USD,card_present,wallet_biometric,approved,APPROVE,38.22,0.8338566195709053,1,0,0,0,0,0,0,5,185,12,24,51,customer_velocity;terminal_customer_network_burst;night_activity,0.51,0.021538080813108387,0.51
X000017057,2026-02-18 23:54:03,C000145,A0000145,M00077,T00783,South,South,29.83,USD,card_present,chip_pin,approved,APPROVE,55.71,0.5354514449829474,1,0,0,0,0,0,0,0,294,27,15,26,terminal_customer_network_burst;night_activity,0.26,0.10249873371277311,0.26
X000233210,2026-02-18 23:54:26,C001901,A0001901,M00640,T01025,Midwest,Midwest,26.16,USD,ecommerce,3ds,approved,APPROVE,28.05,0.932620320855615,1,0,0,1,0,0,0,6,286,16,46,51,customer_velocity;terminal_customer_network_burst;night_activity,0.51,0.027045496497319976,0.51
X000097569,2026-02-18 23:54:46,C000817,A0000817,M00392,T00760,Northeast,Midwest,101.89,USD,card_present,3ds,approved,APPROVE,39.65,2.569735182849937,1,0,0,0,0,0,1,3,96,9,0,53,new_customer_terminal_pair;terminal_customer_network_burst;night_activity;home_region_mismatch,0.53,0.31792946645272746,0.53
X000204943,2026-02-18 23:54:47,C001673,A0001673,M00378,T00467,South,South,27.27,USD,card_present,chip_pin,approved,APPROVE,27.33,0.9978046103183316,1,0,0,0,0,0,0,2,246,15,34,26,terminal_customer_network_burst;night_activity,0.26,0.0195678848658615,0.26
X000007595,2026-02-18 23:54:58,C000069,A0000069,M00211,T01170,Midwest,Midwest,53.9,USD,card_present,3ds,approved,APPROVE,40.89,1.318170701883101,1,0,0,0,0,0,0,4,261,11,53,26,terminal_customer_network_burst;night_activity,0.26,0.009930203902832408,0.26
X000214971,2026-02-18 23:54:59,C001755,A0001755,M00459,T00809,Northeast,Northeast,36.26,USD,card_present,3ds,approved,APPROVE,25.97,1.3962264150943395,1,0,0,0,0,0,0,2,260,18,44,26,terminal_customer_network_burst;night_activity,0.26,0.024517638851263544,0.26
X000193511,2026-02-18 23:56:04,C001589,A0001589,M00709,T00393,Northeast,Northeast,45.18,USD,ecommerce,3ds,approved,APPROVE,71.67,0.6303892842193386,1,0,0,1,0,0,0,2,105,10,23,26,terminal_customer_network_burst;night_activity,0.26,0.009840831727596231,0.26
X000082985,2026-02-18 23:56:48,C000694,A0000694,M00507,T01055,South,South,185.5,USD,ecommerce,3ds,approved,APPROVE,291.15,0.6371286278550575,1,0,0,1,0,0,0,7,300,14,73,51,customer_velocity;terminal_customer_network_burst;night_activity,0.51,0.009327599047405075,0.51
X000068310,2026-02-18 23:56:49,C000578,A0000578,M00195,T00595,South,South,56.49,USD,ecommerce,chip_pin,approved,APPROVE,43.34,1.3034148592524226,1,0,0,1,0,0,0,1,254,15,55,26,terminal_customer_network_burst;night_activity,0.26,0.01081817070485929,0.26
X000055067,2026-02-18 23:58:03,C000465,A0000465,M00460,T00355,Midwest,Midwest,49.66,USD,card_present,3ds,approved,APPROVE,44.58,1.11395244504262,1,0,0,0,0,0,0,3,192,16,49,26,terminal_customer_network_burst;night_activity,0.26,0.01396794537002015,0.26
X000214128,2026-02-18 23:58:57,C001748,A0001748,M00309,T01011,Northeast,Northeast,87.1,USD,mobile_wallet,magstripe,approved,APPROVE,62.7,1.3891547049441784,1,0,0,0,1,1,0,1,242,20,44,26,terminal_customer_network_burst;night_activity,0.26,0.08133596184630391,0.26
X000042339,2026-02-18 23:59:22,C000358,A0000358,M00392,T00305,Midwest,Midwest,230.27,USD,ecommerce,chip_pin,approved,APPROVE,158.82,1.4498803677118752,1,0,0,1,0,0,0,1,179,11,37,26,terminal_customer_network_burst;night_activity,0.26,0.010562430114736877,0.26
X000166064,2026-02-19 00:00:17,C001369,A0001369,M00747,T00259,West,West,38.99,USD,card_present,wallet_biometric,approved,APPROVE,29.13,1.338482663920357,1,0,0,0,0,0,0,0,98,11,18,26,terminal_customer_network_burst;night_activity,0.26,0.012761708964752655,0.26
X000023818,2026-02-19 00:00:24,C000201,A0000201,M00085,T00814,Northeast,Northeast,449.44,USD,card_present,chip_pin,approved,APPROVE,309.26,1.4532755610166204,1,0,0,0,0,0,0,8,199,6,83,33,customer_velocity;night_activity,0.33,0.0030021066683903804,0.33
X000191102,2026-02-19 00:00:40,C001568,A0001568,M00443,T00564,South,South,74.22,USD,ecommerce,3ds,approved,APPROVE,122.57,0.6055315330015502,1,0,0,1,0,0,0,3,235,14,44,26,terminal_customer_network_burst;night_activity,0.26,0.012431372183135789,0.26
X000087756,2026-02-19 00:01:17,C000736,A0000736,M00745,T00344,Northeast,Northeast,20.44,USD,card_present,magstripe,approved,APPROVE,35.02,0.5836664762992575,1,0,0,0,1,0,0,0,143,14,28,26,terminal_customer_network_burst;night_activity,0.26,0.02338943847158322,0.26
X000090222,2026-02-19 00:01:25,C000754,A0000754,M00219,T00102,Northeast,Northeast,31.32,USD,card_present,chip_pin,approved,APPROVE,47.26,0.6627168853152772,1,0,0,0,0,0,0,3,163,19,15,26,terminal_customer_network_burst;night_activity,0.26,0.045065122211859016,0.26
X000076388,2026-02-19 00:01:30,C000642,A0000642,M00157,T00598,Northeast,Northeast,20.41,USD,card_present,3ds,approved,APPROVE,40.94,0.49853444064484614,1,0,0,0,0,0,0,1,94,12,16,26,terminal_customer_network_burst;night_activity,0.26,0.012128843442138165,0.26
X000243687,2026-02-19 00:02:27,C001987,A0001987,M00470,T00025,South,South,418.18,USD,ecommerce,chip_pin,approved,APPROVE,186.83,2.238291494941926,1,0,0,1,0,0,0,1,196,12,75,26,terminal_customer_network_burst;night_activity,0.26,0.005012896732784854,0.26
X000205806,2026-02-19 00:03:25,C001679,A0001679,M00574,T00190,Midwest,Midwest,825.01,USD,ecommerce,3ds,approved,APPROVE,208.94,3.9485498229156697,1,0,0,1,0,0,0,2,405,20,75,56,amount_vs_profile;terminal_customer_network_burst;night_activity,0.56,0.048211510142128246,0.56
X000146024,2026-02-19 00:03:28,C001204,A0001204,M00631,T00542,West,West,32.79,USD,card_present,3ds,approved,APPROVE,29.91,1.0962888665997994,1,0,0,0,0,0,0,0,150,14,11,26,terminal_customer_network_burst;night_activity,0.26,0.023461340318422463,0.26
X000152577,2026-02-19 00:03:38,C001254,A0001254,M00064,T00627,Midwest,Midwest,106.23,USD,card_present,wallet_biometric,approved,APPROVE,80.23,1.3240683036270722,1,0,0,0,0,0,0,0,170,17,27,26,terminal_customer_network_burst;night_activity,0.26,0.023034395872854076,0.26
X000142282,2026-02-19 00:03:41,C001172,A0001172,M00425,T00883,West,West,70.96,USD,card_present,3ds,approved,APPROVE,78.86,0.899822470200355,1,0,0,0,0,0,0,1,98,8,54,26,terminal_customer_network_burst;night_activity,0.26,0.002632080253615639,0.26
X000092068,2026-02-19 00:03:55,C000770,A0000770,M00190,T00615,West,West,82.33,USD,ecommerce,wallet_biometric,approved,APPROVE,107.53,0.7656467962429089,1,0,0,1,0,0,0,4,104,11,43,26,terminal_customer_network_burst;night_activity,0.26,0.007735940392167746,0.26
X000179696,2026-02-19 00:04:11,C001477,A0001477,M00205,T00049,South,South,58.22,USD,card_present,chip_pin,approved,APPROVE,42.81,1.3599626255547768,1,0,0,0,0,0,0,2,234,14,27,26,terminal_customer_network_burst;night_activity,0.26,0.024401500179029107,0.26
X000176045,2026-02-19 00:04:33,C001450,A0001450,M00281,T01053,West,West,135.55,USD,card_present,wallet_biometric,approved,APPROVE,119.11,1.1380236755939888,1,0,0,0,0,0,0,3,95,18,30,26,terminal_customer_network_burst;night_activity,0.26,0.025539198130084016,0.26
X000098110,2026-02-19 00:04:53,C000821,A0000821,M00217,T00815,South,South,38.35,USD,card_present,chip_pin,approved,APPROVE,44.2,0.8676470588235294,1,0,0,0,0,0,0,2,193,19,18,26,terminal_customer_network_burst;night_activity,0.26,0.042781041992981376,0.26
X000151082,2026-02-19 00:06:54,C001241,A0001241,M00302,T00011,Northeast,Northeast,276.25,USD,card_present,3ds,approved,APPROVE,279.08,0.989859538483589,1,0,0,0,0,0,0,3,246,18,73,26,terminal_customer_network_burst;night_activity,0.26,0.00891686351706424,0.26
X000138529,2026-02-19 00:07:22,C001140,A0001140,M00231,T00176,South,South,33.66,USD,mobile_wallet,chip_pin,approved,APPROVE,44.53,0.7558949023130472,1,0,0,0,0,1,0,0,253,16,15,26,terminal_customer_network_burst;night_activity,0.26,0.043830443982262775,0.26
X000209412,2026-02-19 00:08:07,C001709,A0001709,M00696,T00853,Midwest,Midwest,47.16,USD,card_present,chip_pin,approved,APPROVE,57.15,0.8251968503937007,1,0,0,0,0,0,0,3,82,15,36,26,terminal_customer_network_burst;night_activity,0.26,0.012679106966209639,0.26
X000177887,2026-02-19 00:08:18,C001463,A0001463,M00649,T00134,Midwest,Midwest,115.44,USD,card_present,chip_pin,approved,APPROVE,41.4,2.7884057971014493,1,0,0,0,0,0,0,1,211,24,24,26,terminal_customer_network_burst;night_activity,0.26,0.11972224880556939,0.26
X000175610,2026-02-19 00:08:35,C001446,A0001446,M00427,T01200,South,South,77.33,USD,card_present,3ds,approved,APPROVE,44.4,1.7416666666666667,1,0,0,0,0,0,0,3,251,18,38,26,terminal_customer_network_burst;night_activity,0.26,0.037237737940836534,0.26
X000007170,2026-02-19 00:09:43,C000066,A0000066,M00121,T00867,West,West,57.59,USD,card_present,magstripe,approved,APPROVE,42.7,1.348711943793911,1,0,0,0,1,0,0,1,92,8,18,26,terminal_customer_network_burst;night_activity,0.26,0.021428797526641168,0.26
X000127420,2026-02-19 00:09:59,C001050,A0001050,M00793,T01052,South,South,170.13,USD,ecommerce,chip_pin,approved,APPROVE,62.75,2.711235059760956,1,0,0,1,0,0,0,2,312,17,43,26,terminal_customer_network_burst;night_activity,0.26,0.045454736426260446,0.26
X000176377,2026-02-19 00:10:03,C001453,A0001453,M00570,T00794,West,West,19.74,USD,ecommerce,3ds,approved,APPROVE,19.12,1.0324267782426777,1,0,0,1,0,0,0,1,142,13,23,26,terminal_customer_network_burst;night_activity,0.26,0.016100138045585508,0.26
X000166928,2026-02-19 00:10:14,C001378,A0001378,M00231,T00811,South,South,31.73,USD,card_present,magstripe,approved,APPROVE,56.77,0.5589219658270212,1,0,0,0,1,0,0,2,230,15,18,26,terminal_customer_network_burst;night_activity,0.26,0.05535142551749839,0.26
X000218669,2026-02-19 00:10:15,C001786,A0001786,M00501,T00506,Northeast,Northeast,14.24,USD,card_present,chip_pin,approved,APPROVE,19.86,0.717019133937563,1,0,0,0,0,0,0,1,190,16,49,26,terminal_customer_network_burst;night_activity,0.26,0.009374950524388387,0.26
X000132584,2026-02-19 00:10:40,C001092,A0001092,M00604,T00623,Northeast,Northeast,50.84,USD,ecommerce,chip_pin,approved,APPROVE,64.04,0.7938788257339163,1,0,0,1,0,0,0,2,192,19,30,26,terminal_customer_network_burst;night_activity,0.26,0.029973482287435436,0.26
X000157018,2026-02-19 00:10:41,C001291,A0001291,M00007,T00196,South,South,233.65,USD,mobile_wallet,wallet_biometric,approved,APPROVE,200.77,1.163769487473228,1,0,0,0,0,1,0,3,217,21,37,26,terminal_customer_network_burst;night_activity,0.26,0.058658033369542915,0.26
X000095390,2026-02-19 00:11:26,C000796,A0000796,M00064,T00120,Midwest,Midwest,89.39,USD,ecommerce,3ds,approved,APPROVE,38.69,2.310416128198501,1,0,0,1,0,0,0,1,176,12,29,26,terminal_customer_network_burst;night_activity,0.26,0.021523637870304736,0.26
X000109280,2026-02-19 00:11:56,C000914,A0000914,M00106,T00797,Northeast,West,186.67,USD,card_present,3ds,approved,APPROVE,132.97,1.4038504925923139,1,0,0,0,0,0,1,1,11,11,0,53,new_customer_terminal_pair;terminal_customer_network_burst;night_activity;home_region_mismatch,0.53,0.1888926964819587,0.53
X000131572,2026-02-19 00:12:07,C001082,A0001082,M00191,T00441,Midwest,Midwest,15.16,USD,ecommerce,chip_pin,approved,APPROVE,20.75,0.7306024096385543,1,0,0,1,0,0,0,3,247,15,42,26,terminal_customer_network_burst;night_activity,0.26,0.016159685248719066,0.26
X000136333,2026-02-19 00:12:33,C001121,A0001121,M00367,T00335,South,South,77.26,USD,mobile_wallet,chip_pin,soft_decline,CHALLENGE,103.73,0.744818278222308,1,0,1,0,0,1,0,2,237,17,51,34,terminal_customer_network_burst;night_activity;authentication_soft_decline,0.34,0.08429799429617904,0.34
X000055526,2026-02-19 00:12:47,C000470,A0000470,M00667,T00182,Northeast,Northeast,76.32,USD,card_present,3ds,approved,APPROVE,81.02,0.9419896321895828,1,0,0,0,0,0,0,4,244,11,31,26,terminal_customer_network_burst;night_activity,0.26,0.01655638792513469,0.26
X000133822,2026-02-19 00:13:18,C001101,A0001101,M00503,T00931,West,West,74.49,USD,card_present,magstripe,approved,APPROVE,98.69,0.7547877191204783,1,0,0,0,1,0,0,2,103,16,44,26,terminal_customer_network_burst;night_activity,0.26,0.021634883782323963,0.26
X000064003,2026-02-19 00:14:01,C000542,A0000542,M00606,T00224,West,West,53.54,USD,card_present,magstripe,approved,APPROVE,213.02,0.251337902544362,1,0,0,0,1,0,0,2,113,13,44,26,terminal_customer_network_burst;night_activity,0.26,0.012763504312392192,0.26
X000145156,2026-02-19 00:14:04,C001194,A0001194,M00638,T01099,Northeast,Northeast,48.8,USD,card_present,chip_pin,approved,APPROVE,102.24,0.47730829420970267,1,0,0,0,0,0,0,5,185,13,55,51,customer_velocity;terminal_customer_network_burst;night_activity,0.51,0.007759228725773525,0.51
X000068995,2026-02-19 00:14:07,C000586,A0000586,M00012,T01105,West,West,101.97,USD,ecommerce,chip_pin,approved,APPROVE,80.13,1.2725570947210783,1,0,0,1,0,0,0,0,221,16,20,26,terminal_customer_network_burst;night_activity,0.26,0.030054553516715567,0.26
X000217682,2026-02-19 00:14:26,C001777,A0001777,M00198,T00247,Midwest,Midwest,203.28,USD,ecommerce,3ds,approved,APPROVE,197.68,1.028328611898017,1,0,0,1,0,0,0,3,203,17,57,26,terminal_customer_network_burst;night_activity,0.26,0.012732047093197597,0.26
X000185287,2026-02-19 00:14:27,C001524,A0001524,M00338,T00600,West,Northeast,98.93,USD,ecommerce,chip_pin,approved,APPROVE,133.37,0.7417710129714329,1,0,0,1,0,0,1,2,250,10,0,53,new_customer_terminal_pair;terminal_customer_network_burst;night_activity;home_region_mismatch,0.53,0.2577382308536295,0.53
X000242778,2026-02-19 00:14:36,C001980,A0001980,M00191,T00568,Midwest,Midwest,108.16,USD,ecommerce,wallet_biometric,approved,APPROVE,221.06,0.4892789287976115,1,0,0,1,0,0,0,5,241,12,102,51,customer_velocity;terminal_customer_network_burst;night_activity,0.51,0.0018417169143979581,0.51
X000237185,2026-02-19 00:14:37,C001934,A0001934,M00790,T00112,Northeast,Northeast,126.79,USD,ecommerce,chip_pin,approved,APPROVE,164.43,0.7710880009730584,1,0,0,1,0,0,0,4,276,20,68,26,terminal_customer_network_burst;night_activity,0.26,0.015514520807532205,0.26
X000117206,2026-02-19 00:15:23,C000972,A0000972,M00302,T00325,Northeast,Northeast,182.66,USD,card_present,3ds,approved,APPROVE,68.08,2.683019976498237,1,0,0,0,0,0,0,1,144,11,42,26,terminal_customer_network_burst;night_activity,0.26,0.012832238760897088,0.26
X000193512,2026-02-19 00:15:58,C001589,A0001589,M00795,T00503,Northeast,Northeast,73.34,USD,ecommerce,wallet_biometric,approved,APPROVE,71.67,1.023301241802707,1,0,0,1,0,0,0,3,163,15,18,26,terminal_customer_network_burst;night_activity,0.26,0.031502896699525676,0.26
X000137840,2026-02-19 00:15:59,C001133,A0001133,M00342,T00375,South,Midwest,24.35,USD,mobile_wallet,chip_pin,approved,APPROVE,38.62,0.6305023303987572,1,0,0,0,0,1,1,1,315,20,0,53,new_customer_terminal_pair;terminal_customer_network_burst;night_activity;home_region_mismatch,0.53,0.6209524796146371,0.6209524796146371
X000210988,2026-02-19 00:16:00,C001720,A0001720,M00556,T00223,South,South,58.49,USD,card_present,wallet_biometric,approved,APPROVE,45.82,1.276516804888695,1,0,0,0,0,0,0,1,296,15,38,26,terminal_customer_network_burst;night_activity,0.26,0.019469379462845125,0.26
X000025535,2026-02-19 00:16:02,C000217,A0000217,M00010,T00620,Northeast,Northeast,54.59,USD,card_present,wallet_biometric,approved,APPROVE,31.74,1.7199117832388156,1,0,0,0,0,0,0,2,132,19,28,26,terminal_customer_network_burst;night_activity,0.26,0.03760031614875886,0.26
X000165341,2026-02-19 00:16:43,C001364,A0001364,M00070,T00658,Northeast,Northeast,46.86,USD,card_present,chip_pin,approved,APPROVE,58.11,0.806401652039236,1,0,0,0,0,0,0,1,170,12,26,26,terminal_customer_network_burst;night_activity,0.26,0.012090145898762289,0.26
X000122173,2026-02-19 00:17:05,C001013,A0001013,M00574,T00190,Midwest,Midwest,22.65,USD,ecommerce,chip_pin,approved,APPROVE,27.75,0.8162162162162162,1,0,0,1,0,0,0,3,406,20,41,26,terminal_customer_network_burst;night_activity,0.26,0.045816795070716114,0.26
X000019780,2026-02-19 00:17:44,C000171,A0000171,M00696,T00853,Midwest,Midwest,23.42,USD,card_present,chip_pin,approved,APPROVE,43.72,0.5356816102470265,1,0,0,0,0,0,0,1,83,15,21,26,terminal_customer_network_burst;night_activity,0.26,0.014500870850610604,0.26
X000106320,2026-02-19 00:17:53,C000892,A0000892,M00094,T00737,South,South,131.39,USD,card_present,chip_pin,approved,APPROVE,190.06,0.6913080079974744,1,0,0,0,0,0,0,7,546,22,56,51,customer_velocity;terminal_customer_network_burst;night_activity,0.51,0.07191667944471174,0.51
X000007054,2026-02-19 00:19:07,C000064,A0000064,M00040,T01012,Northeast,Northeast,62.07,USD,ecommerce,magstripe,approved,APPROVE,32.12,1.9324408468244085,1,0,0,1,1,0,0,1,200,19,15,46,terminal_customer_network_burst;ecommerce_authentication_shift;night_activity,0.46,0.13656973728359134,0.46
X000049222,2026-02-19 00:19:24,C000412,A0000412,M00192,T00798,South,South,26.1,USD,card_present,wallet_biometric,approved,APPROVE,53.08,0.4917106254709872,1,0,0,0,0,0,0,5,266,15,29,51,customer_velocity;terminal_customer_network_burst;night_activity,0.51,0.027852090830441757,0.51
X000104022,2026-02-19 00:19:27,C000875,A0000875,M00247,T01144,South,South,40.76,USD,ecommerce,chip_pin,approved,APPROVE,68.19,0.5977416043408125,1,0,0,1,0,0,0,1,453,27,26,26,terminal_customer_network_burst;night_activity,0.26,0.12789990865323841,0.26
X000237186,2026-02-19 00:19:32,C001934,A0001934,M00786,T00776,Northeast,Northeast,153.26,USD,mobile_wallet,3ds,approved,APPROVE,164.43,0.9320683573557136,1,0,0,0,0,1,0,5,173,12,71,51,customer_velocity;terminal_customer_network_burst;night_activity,0.51,0.007216425886537077,0.51
X000030642,2026-02-19 00:19:56,C000260,A0000260,M00353,T00378,Midwest,Midwest,642.51,USD,card_present,chip_pin,approved,APPROVE,214.67,2.9930125308613222,1,0,0,0,0,0,0,8,267,14,117,51,customer_velocity;terminal_customer_network_burst;night_activity,0.51,0.005737845033525491,0.51
X000225325,2026-02-19 00:20:05,C001836,A0001836,M00788,T00018,South,South,229.61,USD,card_present,chip_pin,approved,APPROVE,99.19,2.3148502873273515,1,0,0,0,0,0,0,1,293,22,49,26,terminal_customer_network_burst;night_activity,0.26,0.04618444036256019,0.26
X000213711,2026-02-19 00:20:27,C001744,A0001744,M00266,T00421,Northeast,Northeast,61.18,USD,card_present,wallet_biometric,approved,APPROVE,59.27,1.0322254091445924,1,0,0,0,0,0,0,1,267,20,33,26,terminal_customer_network_burst;night_activity,0.26,0.03433824642761995,0.26
X000165950,2026-02-19 00:20:29,C001368,A0001368,M00524,T00237,West,West,300.32,USD,mobile_wallet,chip_pin,approved,APPROVE,257.01,1.1685148437803976,1,0,0,0,0,1,0,8,297,16,73,51,customer_velocity;terminal_customer_network_burst;night_activity,0.51,0.023143618612698556,0.51
X000230027,2026-02-19 00:20:38,C001874,A0001874,M00109,T00641,Northeast,Northeast,65.24,USD,ecommerce,magstripe,approved,APPROVE,91.3,0.7145673603504928,1,0,0,1,1,0,0,1,134,12,13,46,terminal_customer_network_burst;ecommerce_authentication_shift;night_activity,0.46,0.036274550876460206,0.46
X000189773,2026-02-19 00:20:46,C001559,A0001559,M00301,T00666,South,South,93.41,USD,card_present,chip_pin,approved,APPROVE,46.73,1.9989300235394822,1,0,0,0,0,0,0,4,172,18,28,26,terminal_customer_network_burst;night_activity,0.26,0.05175572716559498,0.26
X000163169,2026-02-19 00:21:22,C001345,A0001345,M00668,T00166,Midwest,Midwest,195.09,USD,mobile_wallet,chip_pin,approved,APPROVE,169.46,1.1512451315944765,1,0,0,0,0,1,0,8,128,18,88,51,customer_velocity;terminal_customer_network_burst;night_activity,0.51,0.011705798793177595,0.51
X000032538,2026-02-19 00:22:27,C000275,A0000275,M00406,T00057,South,South,79.08,USD,card_present,chip_pin,approved,APPROVE,60.84,1.2998027613412229,1,0,0,0,0,0,0,3,263,17,41,26,terminal_customer_network_burst;night_activity,0.26,0.026120598792445774,0.26
X000220161,2026-02-19 00:24:25,C001797,A0001797,M00700,T00884,Northeast,Northeast,169.94,USD,ecommerce,magstripe,approved,APPROVE,161.59,1.051673989727087,1,0,0,1,1,0,0,4,246,11,78,46,terminal_customer_network_burst;ecommerce_authentication_shift;night_activity,0.46,0.008734613679194543,0.46
X000013992,2026-02-19 00:24:37,C000118,A0000118,M00675,T00836,Northeast,Midwest,184.21,USD,card_present,3ds,approved,APPROVE,129.51,1.4223612076287546,1,0,0,0,0,0,1,7,125,13,0,78,customer_velocity;new_customer_terminal_pair;terminal_customer_network_burst;night_activity;home_region_mismatch,0.78,0.4478480934778939,0.78
X000027079,2026-02-19 00:24:43,C000233,A0000233,M00771,T00411,South,South,72.29,USD,card_present,3ds,approved,APPROVE,52.79,1.3693881416935028,1,0,0,0,0,0,0,5,140,17,38,51,customer_velocity;terminal_customer_network_burst;night_activity,0.51,0.027276564734849372,0.51
X000106321,2026-02-19 00:25:54,C000892,A0000892,M00509,T01064,South,West,356.27,USD,ecommerce,chip_pin,approved,APPROVE,190.06,1.8745133115858148,1,0,0,1,0,0,1,8,152,12,0,78,customer_velocity;new_customer_terminal_pair;terminal_customer_network_burst;night_activity;home_region_mismatch,0.78,0.5244941181378386,0.78
X000171747,2026-02-19 00:25:54,C001416,A0001416,M00131,T00706,West,West,29.36,USD,card_present,chip_pin,approved,APPROVE,52.88,0.5552193645990923,1,0,0,0,0,0,0,1,154,13,21,26,terminal_customer_network_burst;night_activity,0.26,0.013849364055294735,0.26
X000146153,2026-02-19 00:26:51,C001205,A0001205,M00588,T01157,West,West,77.47,USD,ecommerce,magstripe,approved,APPROVE,69.5,1.1146762589928056,1,0,0,1,1,0,0,6,70,16,32,71,customer_velocity;terminal_customer_network_burst;ecommerce_authentication_shift;night_activity,0.71,0.05554153621481207,0.71
X000217219,2026-02-19 00:27:09,C001773,A0001773,M00592,T00719,South,South,433.87,USD,mobile_wallet,3ds,approved,APPROVE,311.99,1.3906535465880316,1,0,0,0,0,1,0,7,325,20,93,51,customer_velocity;terminal_customer_network_burst;night_activity,0.51,0.02038768369333363,0.51
X000109737,2026-02-19 00:27:28,C000916,A0000916,M00315,T01023,Midwest,Midwest,103.38,USD,ecommerce,3ds,approved,APPROVE,125.73,0.8222381293247434,1,0,0,1,0,0,0,6,187,12,81,51,customer_velocity;terminal_customer_network_burst;night_activity,0.51,0.004079910541713005,0.51
X000056004,2026-02-19 00:27:37,C000472,A0000472,M00052,T00717,South,South,21.81,USD,card_present,chip_pin,approved,APPROVE,26.64,0.8186936936936936,1,0,0,0,0,0,0,3,193,19,32,26,terminal_customer_network_burst;night_activity,0.26,0.030317620609400454,0.26
X000097363,2026-02-19 00:27:42,C000815,A0000815,M00731,T00461,Northeast,Northeast,69.43,USD,mobile_wallet,chip_pin,approved,APPROVE,73.05,0.9504449007529091,1,0,0,0,0,1,0,2,96,6,24,8,night_activity,0.08,0.00942771946751993,0.08
X000064614,2026-02-19 00:28:02,C000548,A0000548,M00585,T00052,Midwest,Midwest,29.96,USD,card_present,chip_pin,approved,APPROVE,36.4,0.8230769230769232,1,0,0,0,0,0,0,1,255,18,39,26,terminal_customer_network_burst;night_activity,0.26,0.02011384663927325,0.26
X000010627,2026-02-19 00:28:08,C000096,A0000096,M00682,T00951,Northeast,Northeast,30.1,USD,card_present,chip_pin,approved,APPROVE,21.53,1.3980492336274966,1,0,0,0,0,0,0,0,170,14,19,26,terminal_customer_network_burst;night_activity,0.26,0.021585445793840426,0.26
X000241203,2026-02-19 00:28:09,C001968,A0001968,M00394,T00597,South,South,107.58,USD,ecommerce,3ds,approved,APPROVE,96.5,1.114818652849741,1,0,0,1,0,0,0,3,245,19,35,26,terminal_customer_network_burst;night_activity,0.26,0.0371957991367828,0.26
X000062624,2026-02-19 00:28:18,C000531,A0000531,M00583,T00599,Midwest,Midwest,130.47,USD,ecommerce,3ds,approved,APPROVE,214.99,0.6068654356016558,1,0,0,1,0,0,0,3,100,9,92,26,terminal_customer_network_burst;night_activity,0.26,0.0010282845291119422,0.26
X000239864,2026-02-19 00:28:37,C001955,A0001955,M00601,T00458,South,South,26.93,USD,ecommerce,magstripe,approved,APPROVE,16.49,1.6331109763493028,1,0,0,1,1,0,0,2,127,12,32,46,terminal_customer_network_burst;ecommerce_authentication_shift;night_activity,0.46,0.03160353074814041,0.46
X000237187,2026-02-19 00:28:41,C001934,A0001934,M00786,T00776,Northeast,Northeast,190.42,USD,card_present,wallet_biometric,approved,APPROVE,164.43,1.1580611810496866,1,0,0,0,0,0,0,6,174,12,72,51,customer_velocity;terminal_customer_network_burst;night_activity,0.51,0.005736476567955025,0.51
X000117682,2026-02-19 00:28:46,C000975,A0000975,M00086,T00198,Midwest,Midwest,64.46,USD,card_present,wallet_biometric,approved,APPROVE,46.6,1.3832618025751071,1,0,0,0,0,0,0,2,142,11,42,26,terminal_customer_network_burst;night_activity,0.26,0.008483703518938384,0.26
X000023382,2026-02-19 00:28:51,C000199,A0000199,M00547,T00162,Northeast,Northeast,44.98,USD,ecommerce,wallet_biometric,approved,APPROVE,54.35,0.8275988960441581,1,0,0,1,0,0,0,2,142,15,34,26,terminal_customer_network_burst;night_activity,0.26,0.014800060443679746,0.26
X000160241,2026-02-19 00:29:48,C001322,A0001322,M00254,T00820,West,West,65.33,USD,ecommerce,chip_pin,approved,APPROVE,56.36,1.1591554293825408,1,0,0,1,0,0,0,2,68,10,16,26,terminal_customer_network_burst;night_activity,0.26,0.013882564007071713,0.26
X000103283,2026-02-19 00:30:21,C000868,A0000868,M00674,T00232,Midwest,Midwest,50.38,USD,mobile_wallet,3ds,approved,APPROVE,44.62,1.1290900941281938,1,0,0,0,0,1,0,4,249,13,22,26,terminal_customer_network_burst;night_activity,0.26,0.04509190576305896,0.26
X000088975,2026-02-19 00:31:11,C000745,A0000745,M00690,T00363,Northeast,Northeast,148.05,USD,card_present,magstripe,approved,APPROVE,273.0,0.5423076923076924,1,0,0,0,1,0,0,3,246,18,91,26,terminal_customer_network_burst;night_activity,0.26,0.008996683944925952,0.26
X000202831,2026-02-19 00:31:16,C001660,A0001660,M00745,T00183,Northeast,Northeast,27.09,USD,ecommerce,3ds,approved,APPROVE,42.17,0.6423998102916765,1,0,0,1,0,0,0,4,197,14,24,26,terminal_customer_network_burst;night_activity,0.26,0.024373200142777926,0.26
X000229934,2026-02-19 00:31:37,C001873,A0001873,M00376,T00309,South,South,181.15,USD,ecommerce,chip_pin,approved,APPROVE,203.78,0.8889488664245755,1,0,0,1,0,0,0,0,448,19,46,26,terminal_customer_network_burst;night_activity,0.26,0.02836932003048236,0.26
X000031397,2026-02-19 00:32:14,C000265,A0000265,M00770,T01186,Midwest,Midwest,11.98,USD,card_present,chip_pin,approved,APPROVE,31.53,0.37995559784332383,1,0,0,0,0,0,0,2,116,12,40,26,terminal_customer_network_burst;night_activity,0.26,0.00634233367179496,0.26
X000125911,2026-02-19 00:32:25,C001037,A0001037,M00620,T00585,South,South,9.59,USD,ecommerce,chip_pin,approved,APPROVE,22.67,0.42302602558447283,1,0,0,1,0,0,0,2,262,14,20,26,terminal_customer_network_burst;night_activity,0.26,0.023721571259751516,0.26
X000231213,2026-02-19 00:32:26,C001886,A0001886,M00523,T00109,Midwest,Midwest,27.02,USD,card_present,chip_pin,approved,APPROVE,59.34,0.4553420963936636,1,0,0,0,0,0,0,1,90,10,22,26,terminal_customer_network_burst;night_activity,0.26,0.0076833973014952175,0.26
X000177137,2026-02-19 00:32:53,C001459,A0001459,M00376,T00702,South,South,30.38,USD,mobile_wallet,magstripe,approved,APPROVE,151.37,0.20070027085948336,1,0,0,0,1,1,0,6,193,12,54,51,customer_velocity;terminal_customer_network_burst;night_activity,0.51,0.02358697314107503,0.51
X000170149,2026-02-19 00:33:09,C001402,A0001402,M00494,T00034,Midwest,West,732.41,USD,card_present,chip_pin,approved,APPROVE,250.08,2.928702815099168,1,0,0,0,0,0,1,3,148,9,0,53,new_customer_terminal_pair;terminal_customer_network_burst;night_activity;home_region_mismatch,0.53,0.3816872426652398,0.53
X000021981,2026-02-19 00:33:20,C000189,A0000189,M00708,T00618,West,West,79.14,USD,card_present,chip_pin,approved,APPROVE,59.62,1.3274069104327408,1,0,0,0,0,0,0,2,128,15,40,26,terminal_customer_network_burst;night_activity,0.26,0.013664495864584052,0.26
X000061287,2026-02-19 00:33:30,C000522,A0000522,M00453,T00831,South,South,43.55,USD,card_present,magstripe,approved,APPROVE,51.45,0.84645286686103,1,0,0,0,1,0,0,1,436,20,13,26,terminal_customer_network_burst;night_activity,0.26,0.175308674926295,0.26
X000024597,2026-02-19 00:33:31,C000207,A0000207,M00345,T01138,South,South,62.65,USD,card_present,wallet_biometric,approved,APPROVE,77.4,0.8094315245478035,1,0,0,0,0,0,0,1,229,17,22,26,terminal_customer_network_burst;night_activity,0.26,0.028614905947410486,0.26
X000145456,2026-02-19 00:33:35,C001197,A0001197,M00516,T00435,Northeast,Northeast,51.49,USD,card_present,wallet_biometric,approved,APPROVE,92.08,0.5591876629018245,1,0,0,0,0,0,0,1,198,9,16,26,terminal_customer_network_burst;night_activity,0.26,0.011390073881226736,0.26
X000071075,2026-02-19 00:33:48,C000603,A0000603,M00286,T00067,West,West,4.94,USD,ecommerce,wallet_biometric,approved,APPROVE,20.25,0.24395061728395065,1,0,0,1,0,0,0,0,158,12,15,26,terminal_customer_network_burst;night_activity,0.26,0.012489042427722493,0.26
X000170857,2026-02-19 00:34:07,C001408,A0001408,M00750,T01142,South,South,21.47,USD,ecommerce,wallet_biometric,approved,APPROVE,56.96,0.3769311797752809,1,0,0,1,0,0,0,2,336,18,24,26,terminal_customer_network_burst;night_activity,0.26,0.03918688233040977,0.26
X000087074,2026-02-19 00:34:50,C000729,A0000729,M00228,T00522,Northeast,Northeast,53.97,USD,ecommerce,chip_pin,approved,APPROVE,47.28,1.141497461928934,1,0,0,1,0,0,0,1,204,18,23,26,terminal_customer_network_burst;night_activity,0.26,0.03511741019923786,0.26
X000113799,2026-02-19 00:35:14,C000947,A0000947,M00693,T01048,South,South,52.37,USD,card_present,chip_pin,approved,APPROVE,64.03,0.8178978603779478,1,0,0,0,0,0,0,1,208,13,47,26,terminal_customer_network_burst;night_activity,0.26,0.0076571985380927176,0.26
X000148378,2026-02-19 00:35:17,C001224,A0001224,M00276,T00213,Northeast,Northeast,140.89,USD,ecommerce,chip_pin,approved,APPROVE,153.7,0.9166558230318803,1,0,0,1,0,0,0,4,169,12,61,26,terminal_customer_network_burst;night_activity,0.26,0.006113879820243815,0.26
X000230729,2026-02-19 00:35:24,C001881,A0001881,M00193,T00346,West,West,109.24,USD,ecommerce,chip_pin,approved,APPROVE,70.14,1.5574565155403477,1,0,0,1,0,0,0,4,183,16,36,26,terminal_customer_network_burst;night_activity,0.26,0.02919224807085606,0.26
X000058458,2026-02-19 00:35:36,C000495,A0000495,M00005,T00817,South,South,115.8,USD,ecommerce,3ds,approved,APPROVE,84.94,1.3633152813750884,1,0,0,1,0,0,0,0,386,20,50,26,terminal_customer_network_burst;night_activity,0.26,0.028999605413311175,0.26
X000149426,2026-02-19 00:35:36,C001229,A0001229,M00435,T00513,Midwest,Midwest,34.73,USD,card_present,wallet_biometric,approved,APPROVE,28.61,1.213911219853198,1,0,0,0,0,0,0,0,182,14,24,26,terminal_customer_network_burst;night_activity,0.26,0.0176227755486725,0.26
X000230290,2026-02-19 00:35:38,C001877,A0001877,M00064,T00120,Midwest,Midwest,108.39,USD,ecommerce,magstripe,approved,APPROVE,81.91,1.3232816505921134,1,0,0,1,1,0,0,1,177,12,20,46,terminal_customer_network_burst;ecommerce_authentication_shift;night_activity,0.46,0.041184818072053056,0.46
X000190535,2026-02-19 00:35:55,C001564,A0001564,M00239,T00747,South,South,48.38,USD,card_present,chip_pin,approved,APPROVE,41.62,1.1624219125420472,1,0,0,0,0,0,0,1,198,13,29,26,terminal_customer_network_burst;night_activity,0.26,0.01530628715771508,0.26
X000135230,2026-02-19 00:36:14,C001110,A0001110,M00270,T00935,South,South,113.41,USD,mobile_wallet,chip_pin,approved,APPROVE,129.57,0.8752797715520568,1,0,0,0,0,1,0,3,143,10,37,26,terminal_customer_network_burst;night_activity,0.26,0.012212924256051094,0.26
X000066442,2026-02-19 00:36:25,C000563,A0000563,M00638,T01099,Northeast,Northeast,41.24,USD,card_present,magstripe,approved,APPROVE,25.27,1.6319746735259202,1,0,0,0,1,0,0,4,186,13,34,26,terminal_customer_network_burst;night_activity,0.26,0.04589110288132779,0.26
X000120388,2026-02-19 00:38:40,C001000,A0001000,M00003,T00787,South,South,15.8,USD,card_present,magstripe,approved,APPROVE,20.16,0.7837301587301587,1,0,0,0,1,0,0,0,290,19,15,26,terminal_customer_network_burst;night_activity,0.26,0.0950900269807194,0.26
X000101017,2026-02-19 00:38:55,C000850,A0000850,M00706,T00409,Northeast,Northeast,68.74,USD,card_present,chip_pin,approved,APPROVE,158.88,0.4326535750251762,1,0,0,0,0,0,0,4,237,15,62,26,terminal_customer_network_burst;night_activity,0.26,0.007822863378463824,0.26
X000122174,2026-02-19 00:38:59,C001013,A0001013,M00225,T00294,Midwest,Midwest,47.38,USD,mobile_wallet,3ds,approved,APPROVE,27.75,1.7073873873873875,1,0,0,0,0,1,0,3,239,11,50,26,terminal_customer_network_burst;night_activity,0.26,0.016158887493140577,0.26
X000218329,2026-02-19 00:39:26,C001783,A0001783,M00070,T00004,Northeast,Northeast,49.46,USD,ecommerce,magstripe,approved,APPROVE,68.92,0.7176436448055716,1,0,0,1,1,0,0,2,243,13,38,46,terminal_customer_network_burst;ecommerce_authentication_shift;night_activity,0.46,0.027301420122097565,0.46
X000092612,2026-02-19 00:39:29,C000775,A0000775,M00166,T00022,Northeast,Northeast,98.47,USD,card_present,chip_pin,approved,APPROVE,34.29,2.8716827063283756,1,0,0,0,0,0,0,4,227,24,17,26,terminal_customer_network_burst;night_activity,0.26,0.2078336361599477,0.26
X000196882,2026-02-19 00:39:31,C001617,A0001617,M00740,T00080,Northeast,Northeast,48.9,USD,ecommerce,chip_pin,approved,APPROVE,54.07,0.9043832069539486,1,0,0,1,0,0,0,3,252,19,20,26,terminal_customer_network_burst;night_activity,0.26,0.05552863872482919,0.26
X000021630,2026-02-19 00:39:40,C000186,A0000186,M00724,T01129,West,West,436.76,USD,mobile_wallet,wallet_biometric,approved,APPROVE,223.8,1.9515638963360142,1,0,0,0,0,1,0,3,193,12,108,26,terminal_customer_network_burst;night_activity,0.26,0.0027447101864230667,0.26
X000225125,2026-02-19 00:39:58,C001835,A0001835,M00461,T00958,West,West,35.01,USD,card_present,chip_pin,approved,APPROVE,95.26,0.3675204702918328,1,0,0,0,0,0,0,4,123,11,49,26,terminal_customer_network_burst;night_activity,0.26,0.005395482270758971,0.26
X000108612,2026-02-19 00:40:06,C000910,A0000910,M00378,T01130,South,South,16.06,USD,mobile_wallet,chip_pin,approved,APPROVE,32.0,0.501875,1,0,0,0,0,1,0,1,325,17,23,26,terminal_customer_network_burst;night_activity,0.26,0.04636509636522092,0.26
X000102428,2026-02-19 00:40:12,C000861,A0000861,M00712,T00650,South,South,270.29,USD,card_present,3ds,approved,APPROVE,192.95,1.4008292303705625,1,0,0,0,0,0,0,1,304,17,16,26,terminal_customer_network_burst;night_activity,0.26,0.05243077810567842,0.26
X000170150,2026-02-19 00:40:29,C001402,A0001402,M00565,T01035,Midwest,Midwest,109.01,USD,card_present,chip_pin,approved,APPROVE,250.08,0.4359005118362124,1,0,0,0,0,0,0,4,133,10,55,26,terminal_customer_network_burst;night_activity,0.26,0.0041639600884104885,0.26
X000071004,2026-02-19 00:40:33,C000602,A0000602,M00523,T00109,Midwest,Midwest,170.93,USD,ecommerce,chip_pin,approved,APPROVE,193.59,0.8829484994059611,1,0,0,1,0,0,0,0,91,10,40,26,terminal_customer_network_burst;night_activity,0.26,0.004805458638723006,0.26
X000050392,2026-02-19 00:40:41,C000422,A0000422,M00683,T00603,Midwest,Midwest,35.18,USD,ecommerce,chip_pin,approved,APPROVE,47.92,0.7341402337228714,1,0,0,1,0,0,0,1,143,12,36,26,terminal_customer_network_burst;night_activity,0.26,0.008377984905376192,0.26
X000113800,2026-02-19 00:40:54,C000947,A0000947,M00693,T01048,South,South,42.64,USD,card_present,3ds,approved,APPROVE,64.03,0.6659378416367328,1,0,0,0,0,0,0,2,209,13,48,26,terminal_customer_network_burst;night_activity,0.26,0.007857191099253305,0.26
X000111622,2026-02-19 00:41:01,C000931,A0000931,M00676,T00051,Midwest,Midwest,65.68,USD,card_present,chip_pin,approved,APPROVE,116.51,0.5637284353274398,1,0,0,0,0,0,0,1,354,16,67,26,terminal_customer_network_burst;night_activity,0.26,0.007502774581320911,0.26
X000103083,2026-02-19 00:41:43,C000866,A0000866,M00379,T01176,South,South,41.11,USD,ecommerce,chip_pin,approved,APPROVE,48.51,0.8474541331684189,1,0,0,1,0,0,0,2,319,19,12,26,terminal_customer_network_burst;night_activity,0.26,0.07297561816076208,0.26
X000127275,2026-02-19 00:41:56,C001049,A0001049,M00559,T00805,Midwest,Midwest,23.19,USD,card_present,chip_pin,approved,APPROVE,32.83,0.7063661285409687,1,0,0,0,0,0,0,1,133,14,16,26,terminal_customer_network_burst;night_activity,0.26,0.01840670862013573,0.26
X000147227,2026-02-19 00:42:10,C001214,A0001214,M00073,T00757,South,South,41.13,USD,ecommerce,chip_pin,approved,APPROVE,24.85,1.6551307847082495,1,0,0,1,0,0,0,1,344,21,37,26,terminal_customer_network_burst;night_activity,0.26,0.05517542835892613,0.26
X000146488,2026-02-19 00:42:13,C001208,A0001208,M00312,T00115,Northeast,Northeast,76.93,USD,ecommerce,3ds,approved,APPROVE,52.39,1.4684100019087614,1,0,0,1,0,0,0,3,49,5,25,8,night_activity,0.08,0.006996749545139389,0.08
X000144095,2026-02-19 00:42:52,C001186,A0001186,M00154,T01001,South,South,477.71,USD,card_present,chip_pin,approved,APPROVE,248.53,1.9221421961131453,1,0,0,0,0,0,0,6,376,20,90,51,customer_velocity;terminal_customer_network_burst;night_activity,0.51,0.01879357176772083,0.51
X000164710,2026-02-19 00:43:35,C001357,A0001357,M00550,T00423,West,West,84.09,USD,card_present,chip_pin,approved,APPROVE,40.93,2.0544832641094555,1,0,0,0,0,0,0,1,130,13,27,26,terminal_customer_network_burst;night_activity,0.26,0.019645066766952126,0.26
X000074697,2026-02-19 00:43:46,C000629,A0000629,M00391,T01061,Northeast,Northeast,81.55,USD,card_present,3ds,approved,APPROVE,118.88,0.685985868102288,1,0,0,0,0,0,0,7,223,17,104,51,customer_velocity;terminal_customer_network_burst;night_activity,0.51,0.0038743990422992,0.51
X000164711,2026-02-19 00:43:58,C001357,A0001357,M00193,T00346,West,West,38.6,USD,ecommerce,chip_pin,approved,APPROVE,40.93,0.9430735401905693,1,0,0,1,0,0,0,2,184,16,34,26,terminal_customer_network_burst;night_activity,0.26,0.019385521755308065,0.26
X000131573,2026-02-19 00:44:00,C001082,A0001082,M00772,T00124,Midwest,Midwest,56.41,USD,card_present,chip_pin,approved,APPROVE,20.75,2.71855421686747,1,0,0,0,0,0,0,4,209,13,55,26,terminal_customer_network_burst;night_activity,0.26,0.018138690759420893,0.26
X000164071,2026-02-19 00:44:36,C001352,A0001352,M00724,T00630,West,West,18.84,USD,ecommerce,magstripe,approved,APPROVE,28.12,0.6699857752489331,1,0,0,1,1,0,0,1,145,16,19,46,terminal_customer_network_burst;ecommerce_authentication_shift;night_activity,0.46,0.04793298954883094,0.46
X000086577,2026-02-19 00:44:42,C000726,A0000726,M00560,T00180,South,West,42.26,USD,mobile_wallet,chip_pin,approved,APPROVE,88.57,0.4771367280117421,1,0,0,0,0,1,1,4,81,11,0,53,new_customer_terminal_pair;terminal_customer_network_burst;night_activity;home_region_mismatch,0.53,0.2911728165344786,0.53
X000026138,2026-02-19 00:45:06,C000222,A0000222,M00535,T00606,West,West,57.45,USD,mobile_wallet,chip_pin,approved,APPROVE,35.37,1.6242578456318917,1,0,0,0,0,1,0,1,337,13,20,26,terminal_customer_network_burst;night_activity,0.26,0.05154340033196412,0.26
X000233722,2026-02-19 00:45:51,C001905,A0001905,M00003,T00787,South,South,42.32,USD,ecommerce,3ds,approved,APPROVE,37.47,1.129436882839605,1,0,0,1,0,0,0,4,291,19,35,26,terminal_customer_network_burst;night_activity,0.26,0.046935208658526274,0.26
X000195434,2026-02-19 00:46:02,C001605,A0001605,M00191,T00491,Midwest,Midwest,80.75,USD,card_present,magstripe,approved,APPROVE,50.26,1.6066454436927975,1,0,0,0,1,0,0,0,91,9,21,26,terminal_customer_network_burst;night_activity,0.26,0.021558718573117176,0.26
X000229305,2026-02-19 00:46:05,C001867,A0001867,M00473,T01017,West,West,123.27,USD,mobile_wallet,wallet_biometric,approved,APPROVE,55.1,2.2372050816696913,1,0,0,0,0,1,0,0,84,12,21,26,terminal_customer_network_burst;night_activity,0.26,0.026998560091019624,0.26
X000042995,2026-02-19 00:46:19,C000363,A0000363,M00798,T01060,Northeast,Northeast,84.26,USD,card_present,3ds,approved,APPROVE,118.43,0.7114751329899519,1,0,0,0,0,0,0,4,306,11,53,26,terminal_customer_network_burst;night_activity,0.26,0.008715411370469104,0.26
X000009105,2026-02-19 00:46:25,C000082,A0000082,M00134,T00440,Midwest,Midwest,21.29,USD,ecommerce,chip_pin,approved,APPROVE,58.14,0.36618507051943583,1,0,0,1,0,0,0,3,97,12,28,26,terminal_customer_network_burst;night_activity,0.26,0.010491732432347802,0.26
X000024889,2026-02-19 00:46:39,C000210,A0000210,M00567,T00161,Northeast,Northeast,56.74,USD,ecommerce,wallet_biometric,approved,APPROVE,38.63,1.4688066269738544,1,0,0,1,0,0,0,3,250,18,27,26,terminal_customer_network_burst;night_activity,0.26,0.04950610433578943,0.26
X000010217,2026-02-19 00:47:34,C000092,A0000092,M00073,T00757,South,South,19.6,USD,card_present,wallet_biometric,approved,APPROVE,36.18,0.5417357656163627,1,0,0,0,0,0,0,3,345,21,25,26,terminal_customer_network_burst;night_activity,0.26,0.061778194364053796,0.26
X000215253,2026-02-19 00:47:40,C001757,A0001757,M00676,T00051,Midwest,Midwest,96.53,USD,card_present,chip_pin,approved,APPROVE,178.56,0.5406025985663082,1,0,0,0,0,0,0,4,355,16,48,26,terminal_customer_network_burst;night_activity,0.26,0.019457940697632393,0.26
X000094480,2026-02-19 00:47:42,C000789,A0000789,M00445,T00086,Northeast,Northeast,241.51,USD,card_present,3ds,approved,APPROVE,111.23,2.1712667445832956,1,0,0,0,0,0,0,6,309,20,90,51,customer_velocity;terminal_customer_network_burst;night_activity,0.51,0.01752500678553606,0.51
X000197701,2026-02-19 00:48:09,C001622,A0001622,M00720,T00311,South,Northeast,189.68,USD,card_present,chip_pin,approved,APPROVE,57.93,3.27429656481961,1,0,0,0,0,0,1,0,166,17,0,83,amount_vs_profile;new_customer_terminal_pair;terminal_customer_network_burst;night_activity;home_region_mismatch,0.83,0.5751417150339948,0.83
X000094481,2026-02-19 00:48:17,C000789,A0000789,M00459,T00204,Northeast,Northeast,132.95,USD,card_present,magstripe,approved,APPROVE,111.23,1.1952710599658365,1,0,0,0,1,0,0,7,375,14,102,51,customer_velocity;terminal_customer_network_burst;night_activity,0.51,0.01139015059337269,0.51
X000044527,2026-02-19 00:49:05,C000376,A0000376,M00494,T01020,West,West,162.29,USD,card_present,3ds,approved,APPROVE,189.71,0.8554636023404142,1,0,0,0,0,0,0,8,155,15,99,51,customer_velocity;terminal_customer_network_burst;night_activity,0.51,0.00363659466150799,0.51
X000112202,2026-02-19 00:49:06,C000937,A0000937,M00738,T00899,South,South,15.14,USD,card_present,chip_pin,approved,APPROVE,41.34,0.36623125302370585,1,0,0,0,0,0,0,1,422,20,18,26,terminal_customer_network_burst;night_activity,0.26,0.061763753857843696,0.26
X000068114,2026-02-19 00:49:13,C000577,A0000577,M00068,T00322,Northeast,Northeast,102.3,USD,ecommerce,chip_pin,approved,APPROVE,168.98,0.6053970884128299,1,0,0,1,0,0,0,1,303,20,35,26,terminal_customer_network_burst;night_activity,0.26,0.031397131737728665,0.26
X000006896,2026-02-19 00:49:32,C000062,A0000062,M00501,T01003,Northeast,Northeast,19.37,USD,ecommerce,chip_pin,approved,APPROVE,23.3,0.8313304721030043,1,0,0,1,0,0,0,1,230,21,11,26,terminal_customer_network_burst;night_activity,0.26,0.0674970072394274,0.26
X000207223,2026-02-19 00:49:40,C001690,A0001690,M00138,T00350,South,South,41.31,USD,card_present,chip_pin,approved,APPROVE,40.07,1.0309458447716497,1,0,0,0,0,0,0,2,107,8,31,26,terminal_customer_network_burst;night_activity,0.26,0.006729477967958921,0.26
X000125708,2026-02-19 00:50:21,C001035,A0001035,M00633,T00292,West,West,41.69,USD,mobile_wallet,3ds,approved,APPROVE,47.5,0.8776842105263157,1,0,0,0,0,1,0,1,204,13,44,26,terminal_customer_network_burst;night_activity,0.26,0.012851757568774973,0.26
X000161360,2026-02-19 00:50:22,C001331,A0001331,M00285,T00604,Midwest,Midwest,44.75,USD,card_present,chip_pin,approved,APPROVE,34.02,1.315402704291593,1,0,0,0,0,0,0,2,165,7,53,8,night_activity,0.08,0.0038225928463227793,0.08
X000066536,2026-02-19 00:51:01,C000564,A0000564,M00427,T01200,South,South,31.92,USD,ecommerce,magstripe,approved,APPROVE,64.67,0.49358280501005103,1,0,0,1,1,0,0,2,252,18,26,46,terminal_customer_network_burst;ecommerce_authentication_shift;night_activity,0.46,0.06559472336157576,0.46
X000077015,2026-02-19 00:51:31,C000647,A0000647,M00550,T01034,West,West,67.96,USD,card_present,chip_pin,approved,APPROVE,58.76,1.1565690946221918,1,0,0,0,0,0,0,0,116,14,25,26,terminal_customer_network_burst;night_activity,0.26,0.014103624926667233,0.26
X000081995,2026-02-19 00:51:52,C000686,A0000686,M00387,T00932,Northeast,Northeast,42.01,USD,card_present,magstripe,approved,APPROVE,23.16,1.8139032815198617,1,0,0,0,1,0,0,1,231,18,17,26,terminal_customer_network_burst;night_activity,0.26,0.11401223874910357,0.26
X000223258,2026-02-19 00:52:09,C001819,A0001819,M00253,T00043,South,South,142.29,USD,mobile_wallet,chip_pin,approved,APPROVE,94.36,1.507948283170835,1,0,0,0,0,1,0,1,149,12,44,26,terminal_customer_network_burst;night_activity,0.26,0.012808383183040105,0.26
X000020792,2026-02-19 00:52:21,C000181,A0000181,M00484,T00479,South,South,59.38,USD,card_present,3ds,approved,APPROVE,51.75,1.14743961352657,1,0,0,0,0,0,0,0,287,20,11,26,terminal_customer_network_burst;night_activity,0.26,0.06658523042392918,0.26
X000043485,2026-02-19 00:53:48,C000368,A0000368,M00770,T00870,Midwest,Midwest,63.88,USD,card_present,wallet_biometric,approved,APPROVE,48.53,1.3162991963733772,1,0,0,0,0,0,0,2,146,11,28,26,terminal_customer_network_burst;night_activity,0.26,0.013089007056989423,0.26
X000125282,2026-02-19 00:53:51,C001032,A0001032,M00394,T00922,South,South,226.32,USD,ecommerce,3ds,approved,APPROVE,220.63,1.0257897838009338,1,0,0,1,0,0,0,5,398,26,109,51,customer_velocity;terminal_customer_network_burst;night_activity,0.51,0.014301119459309992,0.51
X000072733,2026-02-19 00:54:45,C000614,A0000614,M00067,T00948,South,South,441.31,USD,ecommerce,3ds,approved,APPROVE,325.59,1.3554163211400843,1,0,0,1,0,0,0,5,337,19,51,51,customer_velocity;terminal_customer_network_burst;night_activity,0.51,0.03908391017144041,0.51
X000245605,2026-02-19 00:56:12,C002000,A0002000,M00638,T00151,Northeast,Northeast,8.26,USD,card_present,chip_pin,approved,APPROVE,38.0,0.21736842105263157,1,0,0,0,0,0,0,0,204,19,14,26,terminal_customer_network_burst;night_activity,0.26,0.03073397722738905,0.26
X000067225,2026-02-19 00:57:10,C000570,A0000570,M00693,T00687,South,South,26.59,USD,ecommerce,3ds,approved,APPROVE,39.87,0.6669174818159017,1,0,0,1,0,0,0,3,135,14,41,26,terminal_customer_network_burst;night_activity,0.26,0.010873080913532944,0.26
X000205167,2026-02-19 00:57:50,C001676,A0001676,M00556,T00589,South,South,46.74,USD,ecommerce,chip_pin,approved,APPROVE,74.79,0.6249498596068993,1,0,0,1,0,0,0,1,386,21,21,26,terminal_customer_network_burst;night_activity,0.26,0.067068946124874,0.26
X000052639,2026-02-19 00:57:51,C000443,A0000443,M00038,T00874,South,South,22.36,USD,card_present,chip_pin,approved,APPROVE,42.11,0.5309902635953455,1,0,0,0,0,0,0,0,502,29,24,26,terminal_customer_network_burst;night_activity,0.26,0.15585296429318118,0.26
X000033188,2026-02-19 00:58:11,C000281,A0000281,M00040,T00635,Northeast,Northeast,124.73,USD,ecommerce,magstripe,approved,APPROVE,47.09,2.6487576980250584,1,0,0,1,1,0,0,0,165,9,16,46,terminal_customer_network_burst;ecommerce_authentication_shift;night_activity,0.46,0.04825385786238816,0.46
X000182353,2026-02-19 00:58:16,C001500,A0001500,M00453,T00940,South,South,39.86,USD,ecommerce,chip_pin,approved,APPROVE,130.54,0.3053470200704765,1,0,0,1,0,0,0,3,438,23,68,26,terminal_customer_network_burst;night_activity,0.26,0.024516779927512902,0.26
X000194981,2026-02-19 00:58:16,C001602,A0001602,M00779,T00146,South,South,18.61,USD,card_present,magstripe,approved,APPROVE,87.97,0.21154939183812663,1,0,0,0,1,0,0,6,471,19,55,51,customer_velocity;terminal_customer_network_burst;night_activity,0.51,0.06834817775109539,0.51
X000116135,2026-02-19 00:58:35,C000964,A0000964,M00706,T00409,Northeast,Northeast,44.81,USD,card_present,wallet_biometric,approved,APPROVE,86.5,0.5180346820809248,1,0,0,0,0,0,0,4,238,15,39,26,terminal_customer_network_burst;night_activity,0.26,0.017000476829423437,0.26
X000200605,2026-02-19 00:59:18,C001643,A0001643,M00282,T01131,South,South,82.49,USD,mobile_wallet,magstripe,approved,APPROVE,53.74,1.5349832526981761,1,0,0,0,1,1,0,3,469,22,37,26,terminal_customer_network_burst;night_activity,0.26,0.254047871562553,0.26
X000075130,2026-02-19 00:59:36,C000631,A0000631,M00219,T00193,Northeast,Northeast,200.27,USD,card_present,wallet_biometric,approved,APPROVE,287.17,0.6973917888358812,1,0,0,0,0,0,0,7,287,10,76,51,customer_velocity;terminal_customer_network_burst;night_activity,0.51,0.004958695491167544,0.51
X000001099,2026-02-19 00:59:53,C000011,A0000011,M00217,T00815,South,South,35.77,USD,card_present,3ds,approved,APPROVE,85.4,0.41885245901639345,1,0,0,0,0,0,0,2,194,19,0,41,new_customer_terminal_pair;terminal_customer_network_burst;night_activity,0.41,0.06277767562163397,0.41
X000094482,2026-02-19 00:59:56,C000789,A0000789,M00445,T00086,Northeast,Northeast,92.83,USD,ecommerce,3ds,approved,APPROVE,111.23,0.8345770026072102,1,0,0,1,0,0,0,8,310,20,91,51,customer_velocity;terminal_customer_network_burst;night_activity,0.51,0.013221646036838678,0.51
X000016153,2026-02-19 01:00:39,C000136,A0000136,M00788,T00404,South,South,42.84,USD,card_present,magstripe,approved,APPROVE,44.6,0.9605381165919283,1,0,0,0,1,0,0,2,181,12,28,26,terminal_customer_network_burst;night_activity,0.26,0.02984038930813045,0.26
X000208934,2026-02-19 01:00:50,C001704,A0001704,M00517,T00541,Midwest,Midwest,136.51,USD,card_present,3ds,approved,APPROVE,82.48,1.6550678952473326,1,0,0,0,0,0,0,2,244,17,40,26,terminal_customer_network_burst;night_activity,0.26,0.0263919634730627,0.26
X000241918,2026-02-19 01:01:06,C001974,A0001974,M00227,T00504,Midwest,Midwest,315.58,USD,mobile_wallet,chip_pin,approved,APPROVE,141.77,2.22599985892643,1,0,0,0,0,1,0,0,312,14,37,26,terminal_customer_network_burst;night_activity,0.26,0.03615787616074497,0.26
X000135860,2026-02-19 01:01:10,C001116,A0001116,M00753,T00413,South,South,53.17,USD,card_present,3ds,approved,APPROVE,62.43,0.8516738747397085,1,0,0,0,0,0,0,5,412,17,35,51,customer_velocity;terminal_customer_network_burst;night_activity,0.51,0.048069569154506005,0.51
X000064004,2026-02-19 01:02:02,C000542,A0000542,M00049,T01047,West,West,326.92,USD,ecommerce,magstripe,approved,APPROVE,213.02,1.5346915782555628,1,0,0,1,1,0,0,2,84,13,54,46,terminal_customer_network_burst;ecommerce_authentication_shift;night_activity,0.46,0.015215097904141604,0.46
X000192593,2026-02-19 01:02:17,C001581,A0001581,M00100,T00272,Northeast,Northeast,25.2,USD,card_present,chip_pin,approved,APPROVE,63.73,0.39541817040640204,1,0,0,0,0,0,0,2,135,10,27,26,terminal_customer_network_burst;night_activity,0.26,0.008050870709813378,0.26
X000206332,2026-02-19 01:03:44,C001684,A0001684,M00064,T00627,Midwest,Midwest,27.49,USD,ecommerce,chip_pin,approved,APPROVE,47.34,0.5806928601605407,1,0,0,1,0,0,0,1,171,17,17,26,terminal_customer_network_burst;night_activity,0.26,0.027883104460065863,0.26
X000235037,2026-02-19 01:04:04,C001916,A0001916,M00045,T00921,Midwest,Midwest,123.67,USD,ecommerce,3ds,approved,APPROVE,62.11,1.9911447431975529,1,0,0,1,0,0,0,2,150,10,45,26,terminal_customer_network_burst;night_activity,0.26,0.009427365519605154,0.26
X000147500,2026-02-19 01:04:38,C001217,A0001217,M00671,T00424,Midwest,Midwest,18.85,USD,ecommerce,magstripe,approved,APPROVE,31.3,0.6022364217252396,1,0,0,1,1,0,0,3,190,9,23,46,terminal_customer_network_burst;ecommerce_authentication_shift;night_activity,0.46,0.025904984150299123,0.46
X000237866,2026-02-19 01:05:11,C001940,A0001940,M00055,T01044,South,South,93.66,USD,card_present,chip_pin,approved,APPROVE,26.59,3.5223768333960135,1,0,0,0,0,0,0,1,445,25,20,56,amount_vs_profile;terminal_customer_network_burst;night_activity,0.56,0.3011051136736949,0.56
X000046201,2026-02-19 01:05:27,C000387,A0000387,M00414,T00189,Midwest,Midwest,14.29,USD,card_present,3ds,approved,APPROVE,36.39,0.3926902995328387,1,0,0,0,0,0,0,3,402,22,30,26,terminal_customer_network_burst;night_activity,0.26,0.06429354405827302,0.26
X000086068,2026-02-19 01:05:42,C000721,A0000721,M00716,T00263,West,West,39.05,USD,mobile_wallet,chip_pin,approved,APPROVE,55.97,0.6976951938538503,1,0,0,0,0,1,0,3,64,11,24,26,terminal_customer_network_burst;night_activity,0.26,0.015863701958863097,0.26
X000079412,2026-02-19 01:05:53,C000668,A0000668,M00600,T00588,South,South,60.23,USD,card_present,chip_pin,approved,APPROVE,54.33,1.108595619363151,1,0,0,0,0,0,0,0,204,16,34,26,terminal_customer_network_burst;night_activity,0.26,0.01639355410196643,0.26
X000055272,2026-02-19 01:06:08,C000467,A0000467,M00258,T00943,West,West,84.39,USD,mobile_wallet,chip_pin,approved,APPROVE,238.71,0.3535251979389217,1,0,0,0,0,1,0,4,165,10,43,26,terminal_customer_network_burst;night_activity,0.26,0.00969426896351853,0.26
X000047739,2026-02-19 01:06:29,C000402,A0000402,M00539,T00648,Midwest,Midwest,22.36,USD,card_present,wallet_biometric,approved,APPROVE,23.82,0.9387069689336691,1,0,0,0,0,0,0,3,119,11,27,26,terminal_customer_network_burst;night_activity,0.26,0.012173427981437324,0.26
X000036247,2026-02-19 01:06:59,C000309,A0000309,M00055,T01044,South,South,66.02,USD,card_present,3ds,approved,APPROVE,56.14,1.1759885999287494,1,0,0,0,0,0,0,3,446,25,35,26,terminal_customer_network_burst;night_activity,0.26,0.11405601060997399,0.26
X000106743,2026-02-19 01:07:16,C000894,A0000894,M00750,T01142,South,South,408.79,USD,card_present,3ds,approved,APPROVE,442.56,0.9236939624005784,1,0,0,0,0,0,0,2,337,18,0,41,new_customer_terminal_pair;terminal_customer_network_burst;night_activity,0.41,0.09562262636679718,0.41
X000235294,2026-02-19 01:07:47,C001917,A0001917,M00223,T00651,South,South,402.05,USD,ecommerce,chip_pin,approved,APPROVE,143.14,2.808788598574822,1,0,0,1,0,0,0,7,316,15,73,51,customer_velocity;terminal_customer_network_burst;night_activity,0.51,0.02613890233567491,0.51
X000208260,2026-02-19 01:07:48,C001700,A0001700,M00611,T00035,West,West,38.74,USD,mobile_wallet,chip_pin,approved,APPROVE,36.08,1.0737250554323725,1,0,0,0,0,1,0,1,75,13,20,26,terminal_customer_network_burst;night_activity,0.26,0.021589424487783164,0.26
X000102795,2026-02-19 01:07:55,C000863,A0000863,M00135,T00646,Midwest,Midwest,152.73,USD,mobile_wallet,magstripe,approved,APPROVE,164.58,0.9279985417426174,1,0,0,0,1,1,0,3,187,16,68,26,terminal_customer_network_burst;night_activity,0.26,0.022421390299338397,0.26
X000228317,2026-02-19 01:08:08,C001859,A0001859,M00438,T00385,Midwest,Midwest,134.32,USD,ecommerce,chip_pin,approved,APPROVE,192.09,0.6992555572908532,1,0,0,1,0,0,0,0,149,12,36,26,terminal_customer_network_burst;night_activity,0.26,0.007461479330977207,0.26
X000209920,2026-02-19 01:08:24,C001712,A0001712,M00173,T01167,South,South,327.85,USD,mobile_wallet,wallet_biometric,approved,APPROVE,184.84,1.7736961696602467,1,0,0,0,0,1,0,8,247,11,88,51,customer_velocity;terminal_customer_network_burst;night_activity,0.51,0.008950686833886334,0.51
X000042996,2026-02-19 01:08:25,C000363,A0000363,M00547,T00162,Northeast,Northeast,124.6,USD,mobile_wallet,chip_pin,approved,APPROVE,118.43,1.052098285907287,1,0,0,0,0,1,0,5,143,15,49,51,customer_velocity;terminal_customer_network_burst;night_activity,0.51,0.020228926668397394,0.51
X000118606,2026-02-19 01:08:36,C000981,A0000981,M00676,T00282,South,Midwest,28.88,USD,ecommerce,magstripe,approved,APPROVE,55.33,0.5219591541659137,1,0,0,1,1,0,1,2,83,9,0,73,new_customer_terminal_pair;terminal_customer_network_burst;ecommerce_authentication_shift;night_activity;home_region_mismatch,0.73,0.2848789451509195,0.73
X000197937,2026-02-19 01:08:51,C001623,A0001623,M00464,T00875,South,West,156.86,USD,card_present,3ds,approved,APPROVE,107.7,1.456453110492108,1,0,0,0,0,0,1,5,56,7,0,60,customer_velocity;new_customer_terminal_pair;night_activity;home_region_mismatch,0.6,0.21026752870183626,0.6
X000108115,2026-02-19 01:08:52,C000904,A0000904,M00615,T01067,Midwest,Midwest,276.65,USD,ecommerce,wallet_biometric,approved,APPROVE,182.31,1.5174702429927045,1,0,0,1,0,0,0,1,238,15,43,26,terminal_customer_network_burst;night_activity,0.26,0.016638996047135396,0.26
X000158742,2026-02-19 01:09:13,C001305,A0001305,M00501,T01003,Northeast,Northeast,31.42,USD,card_present,magstripe,approved,APPROVE,41.2,0.762621359223301,1,0,0,0,1,0,0,1,231,21,48,26,terminal_customer_network_burst;night_activity,0.26,0.04183559571056664,0.26
X000122355,2026-02-19 01:09:16,C001014,A0001014,M00052,T00013,South,South,173.96,USD,card_present,chip_pin,approved,APPROVE,79.82,2.17940365823102,1,0,0,0,0,0,0,3,287,16,49,26,terminal_customer_network_burst;night_activity,0.26,0.027216251676121503,0.26
X000038880,2026-02-19 01:09:41,C000331,A0000331,M00450,T00640,Northeast,Northeast,54.91,USD,card_present,wallet_biometric,approved,APPROVE,98.47,0.5576317660201077,1,0,0,0,0,0,0,5,406,11,55,51,customer_velocity;terminal_customer_network_burst;night_activity,0.51,0.011144090722806662,0.51
X000105897,2026-02-19 01:09:45,C000889,A0000889,M00685,T00672,Northeast,Northeast,94.69,USD,card_present,3ds,approved,APPROVE,134.65,0.7032305978462681,1,0,0,0,0,0,0,2,247,16,48,26,terminal_customer_network_burst;night_activity,0.26,0.012514893918443954,0.26
X000087663,2026-02-19 01:10:18,C000735,A0000735,M00556,T00223,South,South,45.69,USD,mobile_wallet,3ds,approved,APPROVE,65.82,0.6941659070191432,1,0,0,0,0,1,0,2,297,15,33,26,terminal_customer_network_burst;night_activity,0.26,0.030396254036903297,0.26
X000200369,2026-02-19 01:10:58,C001641,A0001641,M00378,T00730,South,South,84.4,USD,card_present,3ds,approved,APPROVE,69.77,1.2096889780708042,1,0,0,0,0,0,0,0,204,18,31,26,terminal_customer_network_burst;night_activity,0.26,0.02371702059582004,0.26
X000159250,2026-02-19 01:11:37,C001311,A0001311,M00797,T00997,South,South,154.64,USD,ecommerce,chip_pin,approved,APPROVE,80.68,1.9167079821517101,1,0,0,1,0,0,0,2,223,13,22,26,terminal_customer_network_burst;night_activity,0.26,0.032554325118771266,0.26
X000108756,2026-02-19 01:12:12,C000911,A0000911,M00211,T01170,Midwest,Midwest,47.6,USD,ecommerce,chip_pin,approved,APPROVE,89.36,0.5326768128916741,1,0,0,1,0,0,0,2,262,11,46,26,terminal_customer_network_burst;night_activity,0.26,0.007577209034171494,0.26
X000194735,2026-02-19 01:12:39,C001601,A0001601,M00040,T00439,South,Northeast,158.48,USD,mobile_wallet,3ds,approved,APPROVE,129.9,1.2200153964588143,1,0,0,0,0,1,1,2,325,16,0,53,new_customer_terminal_pair;terminal_customer_network_burst;night_activity;home_region_mismatch,0.53,0.5992825273455191,0.5992825273455191
X000017335,2026-02-19 01:13:10,C000148,A0000148,M00470,T00025,South,South,208.5,USD,card_present,chip_pin,approved,APPROVE,72.66,2.86952931461602,1,0,0,0,0,0,0,2,197,12,45,26,terminal_customer_network_burst;night_activity,0.26,0.01815564032531033,0.26
X000167019,2026-02-19 01:13:18,C001379,A0001379,M00173,T01167,South,South,50.45,USD,card_present,chip_pin,approved,APPROVE,44.46,1.1347278452541611,1,0,0,0,0,0,0,2,248,11,19,26,terminal_customer_network_burst;night_activity,0.26,0.021021371987863312,0.26
X000052310,2026-02-19 01:13:34,C000441,A0000441,M00277,T00518,Midwest,Midwest,36.77,USD,card_present,chip_pin,approved,APPROVE,94.35,0.38971913089560156,1,0,0,0,0,0,0,9,203,12,57,51,customer_velocity;terminal_customer_network_burst;night_activity,0.51,0.010432474609563704,0.51
X000120524,2026-02-19 01:13:42,C001001,A0001001,M00668,T00869,Midwest,Midwest,62.52,USD,card_present,chip_pin,approved,APPROVE,38.51,1.6234744222279929,1,0,0,0,0,0,0,3,255,13,25,26,terminal_customer_network_burst;night_activity,0.26,0.03040059563877374,0.26
X000043156,2026-02-19 01:13:53,C000364,A0000364,M00457,T00242,Midwest,Midwest,85.09,USD,card_present,wallet_biometric,approved,APPROVE,55.3,1.5386980108499098,1,0,0,0,0,0,0,4,143,15,35,26,terminal_customer_network_burst;night_activity,0.26,0.022854178241754616,0.26
X000226424,2026-02-19 01:14:32,C001844,A0001844,M00674,T00232,Midwest,Midwest,55.31,USD,ecommerce,3ds,approved,APPROVE,48.12,1.1494181213632586,1,0,0,1,0,0,0,1,250,13,25,26,terminal_customer_network_burst;night_activity,0.26,0.020813317426622784,0.26
X000143279,2026-02-19 01:14:41,C001180,A0001180,M00183,T00617,South,South,32.6,USD,card_present,chip_pin,approved,APPROVE,87.75,0.3715099715099715,1,0,0,0,0,0,0,5,243,15,45,51,customer_velocity;terminal_customer_network_burst;night_activity,0.51,0.01504651597478652,0.51
X000105722,2026-02-19 01:14:47,C000888,A0000888,M00716,T00866,West,West,99.51,USD,card_present,chip_pin,approved,APPROVE,86.91,1.1449775629962031,1,0,0,0,0,0,0,1,132,14,32,26,terminal_customer_network_burst;night_activity,0.26,0.01312280971696476,0.26
X000094483,2026-02-19 01:14:48,C000789,A0000789,M00313,T00777,Northeast,Northeast,34.11,USD,card_present,chip_pin,approved,APPROVE,111.23,0.306661871797177,1,0,0,0,0,0,0,9,358,16,100,51,customer_velocity;terminal_customer_network_burst;night_activity,0.51,0.006007090148790723,0.51
X000162336,2026-02-19 01:15:04,C001340,A0001340,M00127,T00278,South,South,266.18,USD,card_present,wallet_biometric,approved,APPROVE,94.89,2.8051427969227527,1,0,0,0,0,0,0,3,156,14,34,26,terminal_customer_network_burst;night_activity,0.26,0.032017320044890676,0.26
X000237695,2026-02-19 01:15:13,C001938,A0001938,M00154,T00860,South,South,204.82,USD,mobile_wallet,wallet_biometric,approved,APPROVE,111.49,1.8371154363620057,1,0,0,0,0,1,0,0,276,19,18,26,terminal_customer_network_burst;night_activity,0.26,0.08930338751941214,0.26
X000093886,2026-02-19 01:15:14,C000786,A0000786,M00615,T00560,Midwest,Midwest,489.2,USD,card_present,wallet_biometric,approved,APPROVE,167.98,2.912251458506965,1,0,0,0,0,0,0,2,192,15,47,26,terminal_customer_network_burst;night_activity,0.26,0.024266554842061243,0.26
X000039324,2026-02-19 01:15:19,C000334,A0000334,M00478,T00667,Midwest,Midwest,15.15,USD,card_present,chip_pin,approved,APPROVE,35.82,0.42294807370184256,1,0,0,0,0,0,0,1,304,18,18,26,terminal_customer_network_burst;night_activity,0.26,0.0376862843913063,0.26
X000120927,2026-02-19 01:15:44,C001004,A0001004,M00409,T00444,South,Northeast,313.98,USD,card_present,chip_pin,approved,APPROVE,131.79,2.382426587753244,1,0,0,0,0,0,1,1,171,12,0,53,new_customer_terminal_pair;terminal_customer_network_burst;night_activity;home_region_mismatch,0.53,0.3715939439666466,0.53
X000201333,2026-02-19 01:15:53,C001648,A0001648,M00717,T00614,South,South,229.75,USD,card_present,wallet_biometric,approved,APPROVE,190.18,1.208066042696393,1,0,0,0,0,0,0,6,323,16,53,51,customer_velocity;terminal_customer_network_burst;night_activity,0.51,0.025176843274846112,0.51
X000011033,2026-02-19 01:16:10,C000099,A0000099,M00691,T01123,Northeast,Northeast,88.54,USD,card_present,chip_pin,approved,APPROVE,61.42,1.4415499837186585,1,0,0,0,0,0,0,4,183,14,19,26,terminal_customer_network_burst;night_activity,0.26,0.035897677431431144,0.26
X000010008,2026-02-19 01:16:38,C000090,A0000090,M00638,T00151,Northeast,Northeast,18.02,USD,mobile_wallet,chip_pin,approved,APPROVE,25.25,0.7136633663366336,1,0,0,0,0,1,0,4,205,19,35,26,terminal_customer_network_burst;night_activity,0.26,0.04542022305543225,0.26
X000101316,2026-02-19 01:16:40,C000851,A0000851,M00754,T01077,West,West,351.96,USD,ecommerce,wallet_biometric,approved,APPROVE,554.65,0.6345623366086721,1,0,0,1,0,0,0,3,148,11,90,26,terminal_customer_network_burst;night_activity,0.26,0.0015928260287998296,0.26
X000000451,2026-02-19 01:17:15,C000005,A0000005,M00476,T00184,Midwest,Midwest,121.47,USD,card_present,chip_pin,approved,APPROVE,75.98,1.5987101868912872,1,0,0,0,0,0,0,1,163,13,11,26,terminal_customer_network_burst;night_activity,0.26,0.02957634557122977,0.26
X000015174,2026-02-19 01:17:15,C000128,A0000128,M00253,T00291,South,South,47.03,USD,ecommerce,chip_pin,approved,APPROVE,50.82,0.9254230617866982,1,0,0,1,0,0,0,5,247,17,24,51,customer_velocity;terminal_customer_network_burst;night_activity,0.51,0.04879945057465202,0.51
X000188801,2026-02-19 01:17:23,C001550,A0001550,M00369,T00207,Northeast,Northeast,120.18,USD,ecommerce,3ds,approved,APPROVE,138.42,0.8682271348071089,1,0,0,1,0,0,0,4,206,16,34,26,terminal_customer_network_burst;night_activity,0.26,0.025052463482250868,0.26
X000114009,2026-02-19 01:17:26,C000948,A0000948,M00015,T00330,Midwest,South,105.13,USD,ecommerce,3ds,approved,APPROVE,62.39,1.6850456803974996,1,0,0,1,0,0,1,7,414,35,0,78,customer_velocity;new_customer_terminal_pair;terminal_customer_network_burst;night_activity;home_region_mismatch,0.78,0.9649370617870037,0.9649370617870037
X000098704,2026-02-19 01:17:28,C000827,A0000827,M00741,T00732,South,South,175.17,USD,card_present,chip_pin,approved,APPROVE,114.83,1.5254724375163284,1,0,0,0,0,0,0,2,190,12,27,26,terminal_customer_network_burst;night_activity,0.26,0.018482466152199194,0.26
X000103814,2026-02-19 01:17:36,C000873,A0000873,M00406,T00668,South,South,86.95,USD,card_present,wallet_biometric,approved,APPROVE,95.2,0.9133403361344538,1,0,0,0,0,0,0,0,288,17,17,26,terminal_customer_network_burst;night_activity,0.26,0.036074503875079884,0.26
X000042997,2026-02-19 01:17:41,C000363,A0000363,M00547,T00162,Northeast,Northeast,97.55,USD,card_present,chip_pin,approved,APPROVE,118.43,0.8236933209490838,1,0,0,0,0,0,0,6,144,15,50,51,customer_velocity;terminal_customer_network_burst;night_activity,0.51,0.013428335071601388,0.51
X000203755,2026-02-19 01:18:31,C001666,A0001666,M00674,T00232,Midwest,Midwest,288.71,USD,mobile_wallet,3ds,soft_decline,CHALLENGE,309.93,0.9315329267899202,1,0,1,0,0,1,0,5,251,13,73,59,customer_velocity;terminal_customer_network_burst;night_activity;authentication_soft_decline,0.59,0.042689833892789845,0.59
X000082322,2026-02-19 01:18:37,C000689,A0000689,M00553,T00398,West,West,47.69,USD,ecommerce,wallet_biometric,approved,APPROVE,50.73,0.9400749063670412,1,0,0,1,0,0,0,2,119,13,24,26,terminal_customer_network_burst;night_activity,0.26,0.015917119468046855,0.26
X000181945,2026-02-19 01:18:40,C001497,A0001497,M00759,T00114,Northeast,Northeast,30.38,USD,ecommerce,chip_pin,approved,APPROVE,35.5,0.8557746478873239,1,0,0,1,0,0,0,1,102,17,14,26,terminal_customer_network_burst;night_activity,0.26,0.028759016654458576,0.26
X000046953,2026-02-19 01:18:55,C000394,A0000394,M00054,T00545,West,West,130.12,USD,ecommerce,wallet_biometric,approved,APPROVE,54.01,2.4091834845399003,1,0,0,1,0,0,0,0,183,10,36,26,terminal_customer_network_burst;night_activity,0.26,0.012843436079638691,0.26
X000025063,2026-02-19 01:19:23,C000212,A0000212,M00326,T00288,Northeast,Northeast,22.4,USD,card_present,3ds,approved,APPROVE,68.13,0.32878320857184795,1,0,0,0,0,0,0,4,239,17,28,26,terminal_customer_network_burst;night_activity,0.26,0.0282925074447548,0.26
X000119942,2026-02-19 01:19:35,C000996,A0000996,M00596,T01101,Midwest,Midwest,76.32,USD,ecommerce,chip_pin,approved,APPROVE,35.55,2.1468354430379746,1,0,0,1,0,0,0,0,229,13,23,26,terminal_customer_network_burst;night_activity,0.26,0.027901321345325383,0.26
X000096591,2026-02-19 01:20:44,C000808,A0000808,M00168,T00020,Northeast,Northeast,78.37,USD,ecommerce,chip_pin,approved,APPROVE,44.14,1.7754870865428183,1,0,0,1,0,0,0,0,155,11,20,26,terminal_customer_network_burst;night_activity,0.26,0.017397372851898744,0.26
X000155512,2026-02-19 01:20:57,C001280,A0001280,M00118,T00907,West,West,134.08,USD,ecommerce,3ds,approved,APPROVE,118.5,1.1314767932489453,1,0,0,1,0,0,0,5,151,15,73,51,customer_velocity;terminal_customer_network_burst;night_activity,0.51,0.00692853124012763,0.51
X000168102,2026-02-19 01:21:26,C001389,A0001389,M00225,T00294,Midwest,Midwest,51.77,USD,card_present,chip_pin,approved,APPROVE,53.07,0.975504051253062,1,0,0,0,0,0,0,1,240,11,33,26,terminal_customer_network_burst;night_activity,0.26,0.01098686179762196,0.26
X000061810,2026-02-19 01:21:36,C000526,A0000526,M00524,T00033,West,West,298.42,USD,ecommerce,3ds,approved,APPROVE,156.59,1.9057411073504056,1,0,0,1,0,0,0,6,115,10,85,51,customer_velocity;terminal_customer_network_burst;night_activity,0.51,0.003652222868579994,0.51
X000218116,2026-02-19 01:21:39,C001781,A0001781,M00162,T00759,Midwest,Midwest,109.57,USD,mobile_wallet,3ds,approved,APPROVE,63.39,1.7285060735131723,1,0,0,0,0,1,0,2,208,14,22,26,terminal_customer_network_burst;night_activity,0.26,0.04604836720641558,0.26
X000106868,2026-02-19 01:21:46,C000895,A0000895,M00326,T01151,South,Northeast,22.61,USD,card_present,chip_pin,approved,APPROVE,28.01,0.8072117101035344,1,0,0,0,0,0,1,2,219,12,0,53,new_customer_terminal_pair;terminal_customer_network_burst;night_activity;home_region_mismatch,0.53,0.2835212458282638,0.53
X000159891,2026-02-19 01:21:53,C001318,A0001318,M00094,T00206,South,South,129.07,USD,mobile_wallet,3ds,approved,APPROVE,51.13,2.5243496968511634,1,0,0,0,0,1,0,5,228,17,22,51,customer_velocity;terminal_customer_network_burst;night_activity,0.51,0.12529444971917586,0.51
X000098012,2026-02-19 01:22:10,C000820,A0000820,M00217,T00041,South,South,115.4,USD,ecommerce,chip_pin,approved,APPROVE,146.86,0.7857823777747515,1,0,0,1,0,0,0,4,117,13,65,26,terminal_customer_network_burst;night_activity,0.26,0.00501690120636121,0.26
X000212613,2026-02-19 01:22:19,C001734,A0001734,M00163,T00147,Midwest,Midwest,71.05,USD,mobile_wallet,chip_pin,approved,APPROVE,65.75,1.0806083650190115,1,0,0,0,0,1,0,3,101,11,29,26,terminal_customer_network_burst;night_activity,0.26,0.017320835334676273,0.26
X000219340,2026-02-19 01:22:32,C001791,A0001791,M00171,T00523,Northeast,Northeast,61.29,USD,mobile_wallet,magstripe,approved,APPROVE,31.83,1.9255419415645618,1,0,0,0,1,1,0,2,249,19,28,26,terminal_customer_network_burst;night_activity,0.26,0.1587335097488729,0.26
X000035642,2026-02-19 01:22:59,C000302,A0000302,M00461,T00258,West,West,40.63,USD,mobile_wallet,chip_pin,approved,APPROVE,37.04,1.0969222462203025,1,0,0,0,0,1,0,1,74,10,27,26,terminal_customer_network_burst;night_activity,0.26,0.012232570327614236,0.26
X000217343,2026-02-19 01:23:13,C001774,A0001774,M00004,T00199,Northeast,Northeast,68.33,USD,ecommerce,chip_pin,approved,APPROVE,47.2,1.4476694915254236,1,0,0,1,0,0,0,1,124,12,7,26,terminal_customer_network_burst;night_activity,0.26,0.026906904926980953,0.26
X000085448,2026-02-19 01:24:07,C000714,A0000714,M00377,T00663,Midwest,Midwest,58.93,USD,ecommerce,chip_pin,approved,APPROVE,40.5,1.4550617283950618,1,0,0,1,0,0,0,3,155,12,22,26,terminal_customer_network_burst;night_activity,0.26,0.022823939273528136,0.26
X000149945,2026-02-19 01:24:24,C001235,A0001235,M00662,T00093,Midwest,Midwest,161.98,USD,ecommerce,chip_pin,approved,APPROVE,100.16,1.6172124600638977,1,0,0,1,0,0,0,2,28,10,19,26,terminal_customer_network_burst;night_activity,0.26,0.013696576157620021,0.26
X000167402,2026-02-19 01:24:35,C001382,A0001382,M00537,T00054,West,West,15.44,USD,card_present,wallet_biometric,approved,APPROVE,27.18,0.568064753495217,1,0,0,0,0,0,0,1,70,14,13,26,terminal_customer_network_burst;night_activity,0.26,0.016333929477893513,0.26
X000150215,2026-02-19 01:24:55,C001236,A0001236,M00232,T00156,West,West,62.79,USD,card_present,wallet_biometric,approved,APPROVE,94.07,0.6674816625916871,1,0,0,0,0,0,0,5,114,8,89,51,customer_velocity;terminal_customer_network_burst;night_activity,0.51,0.0012830876728451,0.51
X000218216,2026-02-19 01:26:28,C001782,A0001782,M00166,T00474,Northeast,Northeast,44.11,USD,ecommerce,3ds,approved,APPROVE,46.59,0.9467696930671817,1,0,0,1,0,0,0,1,118,12,18,26,terminal_customer_network_burst;night_activity,0.26,0.015277287426846975,0.26
X000082608,2026-02-19 01:26:46,C000692,A0000692,M00094,T00737,South,South,166.67,USD,card_present,chip_pin,approved,APPROVE,71.28,2.3382435465768796,1,0,0,0,0,0,0,1,547,22,40,26,terminal_customer_network_burst;night_activity,0.26,0.11206253286790051,0.26
X000065792,2026-02-19 01:28:27,C000557,A0000557,M00328,T00351,Midwest,Midwest,53.45,USD,mobile_wallet,chip_pin,approved,APPROVE,40.4,1.3230198019801982,1,0,0,0,0,1,0,2,170,16,18,26,terminal_customer_network_burst;night_activity,0.26,0.050849343810135054,0.26
X000133952,2026-02-19 01:28:29,C001102,A0001102,M00253,T01072,South,South,59.98,USD,card_present,3ds,approved,APPROVE,32.6,1.8398773006134967,1,0,0,0,0,0,0,2,226,14,27,26,terminal_customer_network_burst;night_activity,0.26,0.028945325384702184,0.26
X000166349,2026-02-19 01:28:58,C001372,A0001372,M00335,T00138,South,South,169.25,USD,ecommerce,chip_pin,approved,APPROVE,52.16,3.244823619631902,1,0,0,1,0,0,0,0,312,10,10,56,amount_vs_profile;terminal_customer_network_burst;night_activity,0.56,0.056149060642899956,0.56
X000229032,2026-02-19 01:29:03,C001865,A0001865,M00392,T00305,Midwest,Midwest,85.59,USD,ecommerce,3ds,approved,APPROVE,163.63,0.5230703416243966,1,0,0,1,0,0,0,4,180,11,56,26,terminal_customer_network_burst;night_activity,0.26,0.005597530225300714,0.26
X000064005,2026-02-19 01:29:08,C000542,A0000542,M00606,T00224,West,West,266.61,USD,card_present,chip_pin,approved,APPROVE,213.02,1.251572622288987,1,0,0,0,0,0,0,3,114,13,45,26,terminal_customer_network_burst;night_activity,0.26,0.009671754582596599,0.26
X000022502,2026-02-19 01:29:11,C000194,A0000194,M00731,T00584,Northeast,Northeast,31.6,USD,ecommerce,3ds,approved,APPROVE,38.38,0.8233454924439813,1,0,0,1,0,0,0,2,201,12,32,26,terminal_customer_network_burst;night_activity,0.26,0.01287573781528162,0.26
X000007596,2026-02-19 01:29:41,C000069,A0000069,M00610,T00995,Midwest,Midwest,65.66,USD,ecommerce,wallet_biometric,approved,APPROVE,40.89,1.6057715822939593,1,0,0,1,0,0,0,5,233,16,50,51,customer_velocity;terminal_customer_network_burst;night_activity,0.51,0.024299352719947962,0.51
X000170572,2026-02-19 01:29:45,C001405,A0001405,M00070,T00004,Northeast,Northeast,153.84,USD,card_present,chip_pin,approved,APPROVE,111.64,1.3780007165890362,1,0,0,0,0,0,0,2,244,13,35,26,terminal_customer_network_burst;night_activity,0.26,0.017389380858908357,0.26
X000038579,2026-02-19 01:29:56,C000329,A0000329,M00695,T00010,Midwest,Midwest,61.32,USD,ecommerce,wallet_biometric,approved,APPROVE,45.79,1.3391570211836645,1,0,0,1,0,0,0,2,103,15,32,26,terminal_customer_network_burst;night_activity,0.26,0.01755274862304308,0.26
X000143516,2026-02-19 01:30:43,C001182,A0001182,M00603,T01192,Midwest,Midwest,18.84,USD,card_present,3ds,approved,APPROVE,40.93,0.460298069875397,1,0,0,0,0,0,0,4,177,11,45,26,terminal_customer_network_burst;night_activity,0.26,0.007323035970792034,0.26
X000169354,2026-02-19 01:30:47,C001399,A0001399,M00163,T00029,Midwest,Midwest,96.73,USD,mobile_wallet,3ds,approved,APPROVE,96.42,1.003215100601535,1,0,0,0,0,1,0,2,92,13,43,26,terminal_customer_network_burst;night_activity,0.26,0.011789910846377451,0.26
X000134275,2026-02-19 01:31:20,C001103,A0001103,M00535,T00761,South,West,233.65,USD,ecommerce,3ds,approved,APPROVE,279.87,0.8348518955229214,1,0,0,1,0,0,1,4,134,20,0,53,new_customer_terminal_pair;terminal_customer_network_burst;night_activity;home_region_mismatch,0.53,0.5265663585581766,0.53
X000004869,2026-02-19 01:31:38,C000044,A0000044,M00345,T00208,South,South,45.74,USD,mobile_wallet,chip_pin,approved,APPROVE,23.35,1.9588865096359742,1,0,0,0,0,1,0,3,283,21,16,26,terminal_customer_network_burst;night_activity,0.26,0.1683517847864901,0.26
X000141960,2026-02-19 01:31:54,C001170,A0001170,M00031,T00031,South,South,58.19,USD,ecommerce,chip_pin,approved,APPROVE,87.17,0.6675461741424802,1,0,0,1,0,0,0,2,305,21,21,26,terminal_customer_network_burst;night_activity,0.26,0.06260258899141172,0.26
X000226425,2026-02-19 01:32:16,C001844,A0001844,M00023,T00108,Midwest,Midwest,26.82,USD,mobile_wallet,wallet_biometric,approved,APPROVE,48.12,0.557356608478803,1,0,0,0,0,1,0,2,310,13,52,26,terminal_customer_network_burst;night_activity,0.26,0.012859391097201698,0.26
X000166414,2026-02-19 01:33:08,C001373,A0001373,M00556,T00589,South,South,53.24,USD,mobile_wallet,chip_pin,soft_decline,CHALLENGE,37.26,1.4288781535158348,1,0,1,0,0,1,0,2,387,21,15,34,terminal_customer_network_burst;night_activity;authentication_soft_decline,0.34,0.48201294280717066,0.48201294280717066
X000179567,2026-02-19 01:33:17,C001476,A0001476,M00450,T00640,Northeast,Northeast,282.64,USD,ecommerce,3ds,approved,APPROVE,246.77,1.1453580256919398,1,0,0,1,0,0,0,6,407,11,98,51,customer_velocity;terminal_customer_network_burst;night_activity,0.51,0.004195841940511194,0.51
X000046528,2026-02-19 01:33:49,C000390,A0000390,M00428,T00264,West,West,22.31,USD,card_present,chip_pin,approved,APPROVE,23.8,0.9373949579831932,1,0,0,0,0,0,0,1,222,16,25,26,terminal_customer_network_burst;night_activity,0.26,0.02396035004739388,0.26
X000166151,2026-02-19 01:33:55,C001370,A0001370,M00111,T01015,Midwest,Midwest,12.88,USD,card_present,chip_pin,approved,APPROVE,44.69,0.28820765271872906,1,0,0,0,0,0,0,0,342,14,23,26,terminal_customer_network_burst;night_activity,0.26,0.01882741830560742,0.26
X000018116,2026-02-19 01:34:54,C000154,A0000154,M00453,T00940,South,South,53.23,USD,ecommerce,3ds,approved,APPROVE,64.05,0.8310694769711163,1,0,0,1,0,0,0,2,439,23,22,26,terminal_customer_network_burst;night_activity,0.26,0.11025175171265582,0.26
X000192109,2026-02-19 01:35:08,C001576,A0001576,M00023,T00108,Midwest,Midwest,62.89,USD,card_present,magstripe,approved,APPROVE,52.06,1.2080291970802919,1,0,0,0,1,0,0,2,311,13,29,26,terminal_customer_network_burst;night_activity,0.26,0.0493390991161689,0.26
X000046419,2026-02-19 01:35:12,C000389,A0000389,M00146,T00711,Northeast,Northeast,59.59,USD,card_present,chip_pin,approved,APPROVE,56.05,1.0631578947368423,1,0,0,0,0,0,0,2,112,15,20,26,terminal_customer_network_burst;night_activity,0.26,0.022356689812677622,0.26
X000108846,2026-02-19 01:35:37,C000912,A0000912,M00515,T00300,Northeast,Northeast,27.05,USD,card_present,wallet_biometric,approved,APPROVE,30.26,0.8939193654990085,1,0,0,0,0,0,0,0,124,7,14,8,night_activity,0.08,0.00809240833852754,0.08
X000216396,2026-02-19 01:36:14,C001768,A0001768,M00318,T00746,Midwest,Midwest,57.55,USD,ecommerce,wallet_biometric,approved,APPROVE,46.85,1.2283884738527213,1,0,0,1,0,0,0,4,383,25,17,26,terminal_customer_network_burst;night_activity,0.26,0.19249835466037923,0.26
X000227640,2026-02-19 01:36:23,C001855,A0001855,M00798,T01060,Northeast,Northeast,55.07,USD,card_present,chip_pin,approved,APPROVE,41.15,1.3382746051032808,1,0,0,0,0,0,0,1,307,11,20,26,terminal_customer_network_burst;night_activity,0.26,0.022842454541581878,0.26
X000235510,2026-02-19 01:36:44,C001919,A0001919,M00305,T01095,Northeast,Northeast,97.12,USD,card_present,3ds,approved,APPROVE,41.19,2.3578538480213647,1,0,0,0,0,0,0,1,136,12,23,26,terminal_customer_network_burst;night_activity,0.26,0.022764848914378893,0.26
X000143280,2026-02-19 01:36:47,C001180,A0001180,M00797,T00303,South,South,68.14,USD,ecommerce,chip_pin,approved,APPROVE,87.75,0.7765242165242165,1,0,0,1,0,0,0,6,252,19,32,51,customer_velocity;terminal_customer_network_burst;night_activity,0.51,0.05106718366748473,0.51
X000090671,2026-02-19 01:36:54,C000759,A0000759,M00618,T00042,Northeast,Northeast,39.64,USD,ecommerce,chip_pin,approved,APPROVE,40.5,0.9787654320987654,1,0,0,1,0,0,0,1,200,11,31,26,terminal_customer_network_burst;night_activity,0.26,0.011173490132746274,0.26
X000041337,2026-02-19 01:36:57,C000349,A0000349,M00513,T00308,Midwest,Midwest,130.19,USD,ecommerce,magstripe,approved,APPROVE,285.86,0.45543272930805284,1,0,0,1,1,0,0,8,181,10,82,71,customer_velocity;terminal_customer_network_burst;ecommerce_authentication_shift;night_activity,0.71,0.007245566599662152,0.71
X000100516,2026-02-19 01:37:09,C000845,A0000845,M00478,T00667,Midwest,Midwest,155.27,USD,ecommerce,3ds,approved,APPROVE,175.06,0.8869530446703988,1,0,0,1,0,0,0,1,305,18,49,26,terminal_customer_network_burst;night_activity,0.26,0.017948165747828853,0.26
X000093637,2026-02-19 01:37:42,C000784,A0000784,M00481,T00265,Northeast,Northeast,95.34,USD,card_present,chip_pin,approved,APPROVE,63.34,1.5052099778970633,1,0,0,0,0,0,0,1,280,17,19,26,terminal_customer_network_burst;night_activity,0.26,0.046918720155029875,0.26
X000044714,2026-02-19 01:37:52,C000377,A0000377,M00635,T01013,South,Midwest,77.87,USD,card_present,3ds,approved,APPROVE,121.39,0.6414861191201912,1,0,0,0,0,0,1,5,255,18,0,78,customer_velocity;new_customer_terminal_pair;terminal_customer_network_burst;night_activity;home_region_mismatch,0.78,0.5413853609741726,0.78
X000188664,2026-02-19 01:37:53,C001549,A0001549,M00416,T00451,West,West,131.6,USD,card_present,wallet_biometric,approved,APPROVE,153.09,0.8596250571559213,1,0,0,0,0,0,0,3,126,11,67,26,terminal_customer_network_burst;night_activity,0.26,0.0032971606456609313,0.26
X000094899,2026-02-19 01:38:11,C000792,A0000792,M00797,T00303,South,South,66.46,USD,mobile_wallet,3ds,approved,APPROVE,138.17,0.4810016646160527,1,0,0,0,0,1,0,2,253,19,54,26,terminal_customer_network_burst;night_activity,0.26,0.020423905379359845,0.26
X000129682,2026-02-19 01:38:17,C001066,A0001066,M00338,T00600,Northeast,Northeast,54.24,USD,mobile_wallet,wallet_biometric,approved,APPROVE,57.96,0.9358178053830228,1,0,0,0,0,1,0,1,251,11,48,26,terminal_customer_network_burst;night_activity,0.26,0.010310298205821746,0.26
X000163809,2026-02-19 01:38:22,C001349,A0001349,M00205,T00934,South,South,202.45,USD,card_present,3ds,approved,APPROVE,146.0,1.3866438356164383,1,0,0,0,0,0,0,5,443,18,64,51,customer_velocity;terminal_customer_network_burst;night_activity,0.51,0.028988684320328143,0.51
X000074348,2026-02-19 01:39:22,C000628,A0000628,M00112,T00586,West,West,93.87,USD,card_present,chip_pin,approved,APPROVE,76.14,1.2328605200945626,1,0,0,0,0,0,0,2,160,12,16,26,terminal_customer_network_burst;night_activity,0.26,0.021635769354959377,0.26
X000031250,2026-02-19 01:40:01,C000264,A0000264,M00381,T00872,West,West,40.72,USD,mobile_wallet,wallet_biometric,approved,APPROVE,39.07,1.0422318914768365,1,0,0,0,0,1,0,1,36,8,29,26,terminal_customer_network_burst;night_activity,0.26,0.008044085287552991,0.26
X000207991,2026-02-19 01:40:01,C001697,A0001697,M00546,T00452,West,West,45.35,USD,ecommerce,chip_pin,approved,APPROVE,53.36,0.849887556221889,1,0,0,1,0,0,0,4,67,16,22,26,terminal_customer_network_burst;night_activity,0.26,0.025643791462296946,0.26
X000168503,2026-02-19 01:40:08,C001393,A0001393,M00022,T00194,South,South,36.29,USD,card_present,wallet_biometric,approved,APPROVE,56.24,0.6452702702702703,1,0,0,0,0,0,0,2,285,21,23,26,terminal_customer_network_burst;night_activity,0.26,0.052850118128245284,0.26
X000158743,2026-02-19 01:40:30,C001305,A0001305,M00100,T00272,Northeast,Northeast,189.71,USD,card_present,chip_pin,approved,APPROVE,41.2,4.604611650485436,1,0,0,0,0,0,0,2,136,10,57,56,amount_vs_profile;terminal_customer_network_burst;night_activity,0.56,0.016837302287684236,0.56
X000228073,2026-02-19 01:40:48,C001857,A0001857,M00412,T00974,Northeast,Northeast,61.62,USD,mobile_wallet,3ds,approved,APPROVE,94.68,0.6508238276299112,1,0,0,0,0,1,0,6,199,15,70,51,customer_velocity;terminal_customer_network_burst;night_activity,0.51,0.01137891784164143,0.51
X000071665,2026-02-19 01:41:01,C000608,A0000608,M00495,T00738,Midwest,Midwest,166.29,USD,card_present,3ds,approved,APPROVE,130.3,1.2762087490406753,1,0,0,0,0,0,0,2,248,11,14,26,terminal_customer_network_burst;night_activity,0.26,0.026070079559355745,0.26
X000022660,2026-02-19 01:41:19,C000195,A0000195,M00724,T01129,West,West,52.61,USD,ecommerce,chip_pin,approved,APPROVE,82.17,0.6402580017037848,1,0,0,1,0,0,0,3,194,12,43,26,terminal_customer_network_burst;night_activity,0.26,0.009266294459481376,0.26
X000082609,2026-02-19 01:41:57,C000692,A0000692,M00094,T00737,South,South,124.89,USD,card_present,chip_pin,approved,APPROVE,71.28,1.7521043771043772,1,0,0,0,0,0,0,2,548,22,41,26,terminal_customer_network_burst;night_activity,0.26,0.09785768056139647,0.26
X000199252,2026-02-19 01:42:11,C001632,A0001632,M00430,T00230,South,South,26.65,USD,card_present,3ds,approved,APPROVE,39.6,0.6729797979797979,1,0,0,0,0,0,0,0,112,12,43,26,terminal_customer_network_burst;night_activity,0.26,0.005074991900545615,0.26
X000073790,2026-02-19 01:42:20,C000623,A0000623,M00227,T00504,Midwest,Midwest,74.41,USD,ecommerce,chip_pin,approved,APPROVE,104.99,0.7087341651585866,1,0,0,1,0,0,0,4,313,14,52,26,terminal_customer_network_burst;night_activity,0.26,0.013739329982400081,0.26
X000127805,2026-02-19 01:42:43,C001052,A0001052,M00282,T00583,South,South,212.08,USD,card_present,chip_pin,approved,APPROVE,146.14,1.4512111673737513,1,0,0,0,0,0,0,11,436,22,85,71,customer_velocity;high_customer_velocity;terminal_customer_network_burst;night_activity,0.71,0.0473265562715145,0.71
X000239865,2026-02-19 01:43:07,C001955,A0001955,M00484,T00728,South,South,23.51,USD,ecommerce,chip_pin,approved,APPROVE,16.49,1.4257125530624624,1,0,0,1,0,0,0,3,399,18,37,26,terminal_customer_network_burst;night_activity,0.26,0.051511637891076795,0.26
X000214129,2026-02-19 01:43:12,C001748,A0001748,M00168,T00944,Northeast,Northeast,43.2,USD,card_present,wallet_biometric,approved,APPROVE,62.7,0.6889952153110048,1,0,0,0,0,0,0,2,313,18,49,26,terminal_customer_network_burst;night_activity,0.26,0.018016429464886314,0.26
X000000253,2026-02-19 01:43:48,C000002,A0000002,M00535,T00761,West,West,42.48,USD,ecommerce,chip_pin,approved,APPROVE,97.15,0.43726196603190937,1,0,0,1,0,0,0,2,135,21,29,26,terminal_customer_network_burst;night_activity,0.26,0.029328159701056112,0.26
X000102558,2026-02-19 01:44:24,C000862,A0000862,M00441,T01043,West,West,35.19,USD,card_present,wallet_biometric,approved,APPROVE,51.02,0.6897295178361426,1,0,0,0,0,0,0,2,209,10,34,26,terminal_customer_network_burst;night_activity,0.26,0.0087469841762505,0.26
X000220852,2026-02-19 01:44:40,C001800,A0001800,M00168,T00981,Northeast,Northeast,204.71,USD,card_present,chip_pin,approved,APPROVE,186.73,1.0962887591709956,1,0,0,0,0,0,0,4,337,16,125,26,terminal_customer_network_burst;night_activity,0.26,0.0019392648982961946,0.26
X000227234,2026-02-19 01:45:40,C001852,A0001852,M00257,T00772,South,South,144.58,USD,card_present,magstripe,approved,APPROVE,160.6,0.9002490660024908,1,0,0,0,1,0,0,2,441,26,56,26,terminal_customer_network_burst;night_activity,0.26,0.11102552623538321,0.26
X000114384,2026-02-19 01:45:47,C000951,A0000951,M00687,T01115,Midwest,Midwest,168.07,USD,card_present,chip_pin,approved,APPROVE,90.52,1.8567167476800708,1,0,0,0,0,0,0,0,195,9,60,26,terminal_customer_network_burst;night_activity,0.26,0.00411023596008462,0.26
X000188863,2026-02-19 01:46:05,C001551,A0001551,M00421,T00140,Midwest,Midwest,31.02,USD,card_present,wallet_biometric,approved,APPROVE,34.63,0.8957551256136297,1,0,0,0,0,0,0,2,56,10,16,26,terminal_customer_network_burst;night_activity,0.26,0.011479344085438398,0.26
X000116136,2026-02-19 01:46:07,C000964,A0000964,M00700,T00679,Northeast,Northeast,61.75,USD,card_present,chip_pin,approved,APPROVE,86.5,0.7138728323699421,1,0,0,0,0,0,0,5,273,17,36,51,customer_velocity;terminal_customer_network_burst;night_activity,0.51,0.031264488747885816,0.51
X000058975,2026-02-19 01:46:11,C000500,A0000500,M00118,T01000,West,West,11.24,USD,ecommerce,chip_pin,approved,APPROVE,28.95,0.3882556131260795,1,0,0,1,0,0,0,1,46,8,19,26,terminal_customer_network_burst;night_activity,0.26,0.006130069100386423,0.26
X000144693,2026-02-19 01:46:11,C001191,A0001191,M00258,T00527,West,West,15.19,USD,mobile_wallet,chip_pin,approved,APPROVE,15.18,1.0006587615283267,1,0,0,0,0,1,0,1,174,11,16,26,terminal_customer_network_burst;night_activity,0.26,0.024225676392482843,0.26
X000215389,2026-02-19 01:46:28,C001758,A0001758,M00085,T00540,Northeast,Northeast,31.02,USD,card_present,3ds,approved,APPROVE,40.57,0.7646043874784323,1,0,0,0,0,0,0,4,200,10,34,26,terminal_customer_network_burst;night_activity,0.26,0.011130481537443029,0.26
X000204648,2026-02-19 01:46:37,C001670,A0001670,M00052,T00013,South,South,55.24,USD,card_present,magstripe,approved,APPROVE,43.99,1.255739940895658,1,0,0,0,1,0,0,2,288,16,23,26,terminal_customer_network_burst;night_activity,0.26,0.07970734924575473,0.26
X000172069,2026-02-19 01:47:00,C001419,A0001419,M00208,T00633,Midwest,Midwest,106.72,USD,ecommerce,chip_pin,approved,APPROVE,59.46,1.794820047090481,1,0,0,1,0,0,0,1,197,15,49,26,terminal_customer_network_burst;night_activity,0.26,0.013831392204753667,0.26
X000142283,2026-02-19 01:47:01,C001172,A0001172,M00180,T00539,West,West,139.98,USD,card_present,chip_pin,approved,APPROVE,78.86,1.7750443824499111,1,0,0,0,0,0,0,2,145,8,48,26,terminal_customer_network_burst;night_activity,0.26,0.0057931966324287374,0.26
X000015175,2026-02-19 01:47:09,C000128,A0000128,M00262,T00998,South,South,72.97,USD,ecommerce,chip_pin,approved,APPROVE,50.82,1.4358520267611177,1,0,0,1,0,0,0,6,278,16,39,51,customer_velocity;terminal_customer_network_burst;night_activity,0.51,0.04030267531029286,0.51
X000159528,2026-02-19 01:47:10,C001314,A0001314,M00445,T00021,Northeast,Northeast,42.06,USD,mobile_wallet,3ds,approved,APPROVE,28.25,1.488849557522124,1,0,0,0,0,1,0,1,283,11,28,26,terminal_customer_network_burst;night_activity,0.26,0.026461965022620514,0.26
X000186437,2026-02-19 01:47:12,C001532,A0001532,M00460,T00677,Midwest,Midwest,140.74,USD,card_present,chip_pin,approved,APPROVE,163.74,0.8595334066202516,1,0,0,0,0,0,0,0,297,22,33,26,terminal_customer_network_burst;night_activity,0.26,0.03879958217988658,0.26
X000166765,2026-02-19 01:47:22,C001376,A0001376,M00486,T00714,South,South,29.65,USD,card_present,wallet_biometric,approved,APPROVE,24.03,1.233874323761964,1,0,0,0,0,0,0,0,330,19,24,26,terminal_customer_network_burst;night_activity,0.26,0.04583503249793708,0.26
X000182943,2026-02-19 01:47:36,C001504,A0001504,M00231,T00811,South,South,27.84,USD,card_present,wallet_biometric,approved,APPROVE,56.82,0.48996832101372756,1,0,0,0,0,0,0,0,231,15,21,26,terminal_customer_network_burst;night_activity,0.26,0.01845927914884289,0.26
X000000761,2026-02-19 01:48:02,C000008,A0000008,M00430,T01143,South,South,119.43,USD,ecommerce,chip_pin,approved,APPROVE,124.57,0.9587380589226941,1,0,0,1,0,0,0,2,289,17,37,26,terminal_customer_network_burst;night_activity,0.26,0.025962395214529317,0.26
X000230921,2026-02-19 01:48:23,C001883,A0001883,M00453,T00831,Midwest,South,66.14,USD,mobile_wallet,3ds,approved,APPROVE,63.6,1.039937106918239,1,0,0,0,0,1,1,2,437,20,0,53,new_customer_terminal_pair;terminal_customer_network_burst;night_activity;home_region_mismatch,0.53,0.7491057093953187,0.7491057093953187
X000207755,2026-02-19 01:48:53,C001695,A0001695,M00323,T01185,South,South,80.62,USD,mobile_wallet,wallet_biometric,approved,APPROVE,110.1,0.7322434150772026,1,0,0,0,0,1,0,1,331,17,23,26,terminal_customer_network_burst;night_activity,0.26,0.051459971217996156,0.26
X000192336,2026-02-19 01:49:44,C001578,A0001578,M00770,T00715,Midwest,Midwest,27.12,USD,ecommerce,chip_pin,approved,APPROVE,45.1,0.601330376940133,1,0,0,1,0,0,0,0,107,9,22,26,terminal_customer_network_burst;night_activity,0.26,0.007100296153620587,0.26
X000219467,2026-02-19 01:50:52,C001792,A0001792,M00093,T01018,Northeast,Northeast,32.67,USD,ecommerce,chip_pin,approved,APPROVE,54.3,0.601657458563536,1,0,0,1,0,0,0,3,204,13,29,26,terminal_customer_network_burst;night_activity,0.26,0.016500110317582306,0.26
X000161667,2026-02-19 01:51:11,C001333,A0001333,M00036,T01181,Northeast,Northeast,280.41,USD,card_present,chip_pin,approved,APPROVE,151.48,1.8511354634275154,1,0,0,0,0,0,0,1,158,16,54,26,terminal_customer_network_burst;night_activity,0.26,0.011633820159197195,0.26
X000071938,2026-02-19 01:51:40,C000609,A0000609,M00133,T00854,Northeast,Northeast,75.63,USD,mobile_wallet,3ds,approved,APPROVE,131.74,0.5740853195688477,1,0,0,0,0,1,0,3,263,15,75,26,terminal_customer_network_burst;night_activity,0.26,0.007788136468153374,0.26
X000006558,2026-02-19 01:52:43,C000058,A0000058,M00326,T01151,Northeast,Northeast,331.03,USD,card_present,3ds,approved,APPROVE,206.58,1.6024300513118401,1,0,0,0,0,0,0,3,220,13,38,26,terminal_customer_network_burst;night_activity,0.26,0.018268011460064276,0.26
X000022917,2026-02-19 01:53:07,C000196,A0000196,M00715,T00083,Midwest,Midwest,208.64,USD,card_present,magstripe,approved,APPROVE,195.69,1.0661760948438856,1,0,0,0,1,0,0,4,226,14,73,26,terminal_customer_network_burst;night_activity,0.26,0.01323140177578658,0.26
X000124456,2026-02-19 01:53:12,C001029,A0001029,M00305,T00675,Northeast,Northeast,17.28,USD,ecommerce,chip_pin,approved,APPROVE,24.49,0.7055941200489997,1,0,0,1,0,0,0,5,199,10,47,51,customer_velocity;terminal_customer_network_burst;night_activity,0.51,0.008455664810756183,0.51
X000109466,2026-02-19 01:53:34,C000915,A0000915,M00165,T00676,Northeast,West,42.51,USD,card_present,3ds,approved,APPROVE,81.31,0.522813922026811,1,0,0,0,0,0,1,3,43,12,0,53,new_customer_terminal_pair;terminal_customer_network_burst;night_activity;home_region_mismatch,0.53,0.20107211942253866,0.53
X000041338,2026-02-19 01:53:38,C000349,A0000349,M00513,T00308,Midwest,Midwest,375.55,USD,card_present,3ds,approved,APPROVE,285.86,1.3137549849576715,1,0,0,0,0,0,0,9,182,10,83,51,customer_velocity;terminal_customer_network_burst;night_activity,0.51,0.0049053955402881145,0.51
X000242114,2026-02-19 01:53:49,C001976,A0001976,M00592,T00596,South,South,78.86,USD,card_present,magstripe,approved,APPROVE,29.33,2.688714626662121,1,0,0,0,1,0,0,2,266,18,21,26,terminal_customer_network_burst;night_activity,0.26,0.16593923067571345,0.26
X000029742,2026-02-19 01:53:52,C000254,A0000254,M00139,T00632,Northeast,Northeast,194.73,USD,ecommerce,magstripe,approved,APPROVE,244.89,0.7951733431336518,1,0,0,1,1,0,0,5,216,10,102,71,customer_velocity;terminal_customer_network_burst;ecommerce_authentication_shift;night_activity,0.71,0.0033500763125920555,0.71
X000226676,2026-02-19 01:54:07,C001847,A0001847,M00200,T00991,Midwest,Midwest,26.23,USD,card_present,chip_pin,approved,APPROVE,24.3,1.0794238683127573,1,0,0,0,0,0,0,0,71,16,20,26,terminal_customer_network_burst;night_activity,0.26,0.018087288828457372,0.26
X000207107,2026-02-19 01:55:09,C001689,A0001689,M00788,T00404,South,South,141.21,USD,card_present,3ds,approved,APPROVE,82.33,1.715170654682376,1,0,0,0,0,0,0,3,182,12,45,26,terminal_customer_network_burst;night_activity,0.26,0.012336090962871707,0.26
X000037245,2026-02-19 01:55:24,C000318,A0000318,M00046,T00132,Northeast,Northeast,68.9,USD,ecommerce,chip_pin,approved,APPROVE,87.26,0.7895943158377263,1,0,0,1,0,0,0,3,226,16,55,26,terminal_customer_network_burst;night_activity,0.26,0.011625122795642815,0.26
X000027839,2026-02-19 01:55:28,C000239,A0000239,M00061,T00492,West,West,16.35,USD,card_present,3ds,approved,APPROVE,19.76,0.8274291497975709,1,0,0,0,0,0,0,0,106,10,40,26,terminal_customer_network_burst;night_activity,0.26,0.004627663670650692,0.26
X000041658,2026-02-19 01:55:28,C000352,A0000352,M00192,T00798,South,South,149.29,USD,card_present,chip_pin,approved,APPROVE,46.87,3.1851930872626415,1,0,0,0,0,0,0,5,267,15,24,81,amount_vs_profile;customer_velocity;terminal_customer_network_burst;night_activity,0.81,0.092214235588894,0.81
X000151989,2026-02-19 01:55:48,C001249,A0001249,M00067,T00654,South,South,56.78,USD,ecommerce,chip_pin,approved,APPROVE,72.31,0.7852302586087678,1,0,0,1,0,0,0,0,154,16,26,26,terminal_customer_network_burst;night_activity,0.26,0.017268696108516668,0.26
X000203756,2026-02-19 01:55:49,C001666,A0001666,M00585,T00119,Midwest,Midwest,198.67,USD,card_present,3ds,approved,APPROVE,309.93,0.641015713225567,1,0,0,0,0,0,0,6,188,20,56,51,customer_velocity;terminal_customer_network_burst;night_activity,0.51,0.020667902147821948,0.51
X000152200,2026-02-19 01:56:01,C001251,A0001251,M00377,T00663,Midwest,Midwest,103.63,USD,ecommerce,3ds,approved,APPROVE,65.21,1.5891734396564945,1,0,0,1,0,0,0,2,156,12,28,26,terminal_customer_network_burst;night_activity,0.26,0.017764516076270425,0.26
X000049573,2026-02-19 01:56:12,C000414,A0000414,M00153,T00753,South,South,30.96,USD,mobile_wallet,chip_pin,approved,APPROVE,22.81,1.357299430074529,1,0,0,0,0,1,0,1,386,20,32,26,terminal_customer_network_burst;night_activity,0.26,0.07924943757770916,0.26
X000202295,2026-02-19 01:56:16,C001654,A0001654,M00233,T00645,West,West,232.57,USD,ecommerce,chip_pin,approved,APPROVE,195.33,1.1906517176061024,1,0,0,1,0,0,0,4,90,8,51,26,terminal_customer_network_burst;night_activity,0.26,0.004803273721083935,0.26
X000088151,2026-02-19 01:56:17,C000740,A0000740,M00433,T00752,Midwest,Midwest,9.79,USD,card_present,chip_pin,approved,APPROVE,16.08,0.6088308457711443,1,0,0,0,0,0,0,1,195,14,25,26,terminal_customer_network_burst;night_activity,0.26,0.015535698891446001,0.26
X000188428,2026-02-19 01:56:42,C001548,A0001548,M00305,T00675,Northeast,Northeast,70.74,USD,card_present,chip_pin,approved,APPROVE,35.54,1.9904333145751265,1,0,0,0,0,0,0,1,200,10,17,26,terminal_customer_network_burst;night_activity,0.26,0.02215731923976757,0.26
X000144096,2026-02-19 01:56:57,C001186,A0001186,M00154,T01001,South,South,221.95,USD,ecommerce,chip_pin,approved,APPROVE,248.53,0.8930511407073592,1,0,0,1,0,0,0,6,377,20,91,51,customer_velocity;terminal_customer_network_burst;night_activity,0.51,0.012720229649108319,0.51
X000229196,2026-02-19 01:56:59,C001866,A0001866,M00154,T00860,South,South,52.4,USD,card_present,magstripe,approved,APPROVE,38.71,1.3536553862051148,1,0,0,0,1,0,0,6,277,19,41,51,customer_velocity;terminal_customer_network_burst;night_activity,0.51,0.10054245763812387,0.51
X000123690,2026-02-19 01:57:54,C001023,A0001023,M00171,T00523,Northeast,Northeast,166.61,USD,card_present,3ds,approved,APPROVE,96.87,1.7199339320739135,1,0,0,0,0,0,0,8,250,19,106,51,customer_velocity;terminal_customer_network_burst;night_activity,0.51,0.008438707904375571,0.51
X000183677,2026-02-19 01:58:01,C001511,A0001511,M00791,T00739,South,South,11.2,USD,card_present,chip_pin,approved,APPROVE,28.99,0.3863401172818213,1,0,0,0,0,0,0,1,274,21,27,26,terminal_customer_network_burst;night_activity,0.26,0.03667508725544534,0.26
X000117855,2026-02-19 01:58:06,C000976,A0000976,M00148,T01086,Midwest,Midwest,171.07,USD,mobile_wallet,chip_pin,approved,APPROVE,245.46,0.6969363643770878,1,0,0,0,0,1,0,1,289,15,55,26,terminal_customer_network_burst;night_activity,0.26,0.013182473119425756,0.26
X000205511,2026-02-19 01:58:07,C001678,A0001678,M00687,T01115,Midwest,Midwest,203.99,USD,ecommerce,chip_pin,approved,APPROVE,74.52,2.7373859366612994,1,0,0,1,0,0,0,3,196,9,70,26,terminal_customer_network_burst;night_activity,0.26,0.00640015253420351,0.26
X000070130,2026-02-19 01:58:32,C000596,A0000596,M00253,T00291,South,South,103.28,USD,card_present,wallet_biometric,approved,APPROVE,186.24,0.554553264604811,1,0,0,0,0,0,0,1,248,17,45,26,terminal_customer_network_burst;night_activity,0.26,0.013023369246869502,0.26
X000154296,2026-02-19 01:58:46,C001270,A0001270,M00288,T01177,Northeast,Northeast,22.69,USD,card_present,3ds,approved,APPROVE,28.36,0.8000705218617772,1,0,0,0,0,0,0,1,295,18,21,26,terminal_customer_network_burst;night_activity,0.26,0.038912122164320044,0.26
X000028673,2026-02-19 01:58:48,C000246,A0000246,M00703,T00135,Midwest,Midwest,109.93,USD,card_present,magstripe,approved,APPROVE,86.58,1.2696927696927698,1,0,0,0,1,0,0,4,266,23,48,26,terminal_customer_network_burst;night_activity,0.26,0.096060132297954,0.26
X000048127,2026-02-19 01:59:06,C000404,A0000404,M00760,T00148,Midwest,Midwest,130.25,USD,ecommerce,3ds,approved,APPROVE,227.96,0.5713721705562379,1,0,0,1,0,0,0,4,191,14,95,26,terminal_customer_network_burst;night_activity,0.26,0.0023683236164154815,0.26
X000099250,2026-02-19 01:59:16,C000832,A0000832,M00148,T00103,Midwest,Midwest,11.41,USD,ecommerce,3ds,approved,APPROVE,28.61,0.3988116043341489,1,0,0,1,0,0,0,2,99,8,29,26,terminal_customer_network_burst;night_activity,0.26,0.0057403725626965305,0.26
X000033503,2026-02-19 01:59:19,C000284,A0000284,M00676,T00051,Midwest,Midwest,39.26,USD,ecommerce,3ds,approved,APPROVE,48.91,0.8026988345941526,1,0,0,1,0,0,0,1,356,16,35,26,terminal_customer_network_burst;night_activity,0.26,0.024422823412662026,0.26
X000119601,2026-02-19 02:00:11,C000992,A0000992,M00184,T01155,South,South,43.61,USD,mobile_wallet,chip_pin,approved,APPROVE,20.57,2.1200777831793873,1,0,0,0,0,1,0,1,306,17,23,26,terminal_customer_network_burst;night_activity,0.26,0.08229139508686488,0.26
X000014288,2026-02-19 02:00:15,C000121,A0000121,M00541,T00575,South,South,179.52,USD,card_present,3ds,approved,APPROVE,58.02,3.094105480868666,1,0,0,0,0,0,0,1,187,13,30,56,amount_vs_profile;terminal_customer_network_burst;night_activity,0.56,0.031197187572141766,0.56
X000243999,2026-02-19 02:00:44,C001989,A0001989,M00044,T00290,Northeast,Northeast,78.81,USD,ecommerce,wallet_biometric,approved,APPROVE,45.7,1.724507658643326,1,0,0,1,0,0,0,1,115,8,26,26,terminal_customer_network_burst;night_activity,0.26,0.010031351919339881,0.26
X000169965,2026-02-19 02:00:59,C001401,A0001401,M00040,T00635,Northeast,Northeast,118.23,USD,card_present,3ds,approved,APPROVE,92.55,1.2774716369529984,1,0,0,0,0,0,0,2,166,9,67,26,terminal_customer_network_burst;night_activity,0.26,0.003038579883388809,0.26
X000057590,2026-02-19 02:01:27,C000487,A0000487,M00610,T00995,Midwest,Midwest,40.75,USD,card_present,chip_pin,approved,APPROVE,37.67,1.0817626758693921,1,0,0,0,0,0,0,1,234,16,43,26,terminal_customer_network_burst;night_activity,0.26,0.014737075522981327,0.26
X000172070,2026-02-19 02:01:30,C001419,A0001419,M00460,T00355,Midwest,Midwest,43.96,USD,mobile_wallet,chip_pin,approved,APPROVE,59.46,0.7393205516313488,1,0,0,0,0,1,0,2,193,16,48,26,terminal_customer_network_burst;night_activity,0.26,0.016602047540237024,0.26
X000028906,2026-02-19 02:02:35,C000248,A0000248,M00385,T00962,South,South,30.53,USD,card_present,3ds,approved,APPROVE,55.67,0.5484102748338423,1,0,0,0,0,0,0,0,149,12,25,26,terminal_customer_network_burst;night_activity,0.26,0.009486852119996995,0.26
X000124457,2026-02-19 02:02:37,C001029,A0001029,M00552,T00602,Northeast,Northeast,18.93,USD,ecommerce,3ds,approved,APPROVE,24.49,0.7729685585953451,1,0,0,1,0,0,0,6,233,14,44,51,customer_velocity;terminal_customer_network_burst;night_activity,0.51,0.018748177057748405,0.51
X000228074,2026-02-19 02:03:09,C001857,A0001857,M00276,T01082,Northeast,Northeast,70.67,USD,card_present,chip_pin,approved,APPROVE,94.68,0.746408956485002,1,0,0,0,0,0,0,7,289,20,77,51,customer_velocity;terminal_customer_network_burst;night_activity,0.51,0.015993579900130867,0.51
X000067080,2026-02-19 02:03:18,C000569,A0000569,M00520,T00143,Midwest,Midwest,118.3,USD,card_present,3ds,approved,APPROVE,109.96,1.0758457620953075,1,0,0,0,0,0,0,1,110,13,25,26,terminal_customer_network_burst;night_activity,0.26,0.013432823611660065,0.26
X000052518,2026-02-19 02:03:33,C000442,A0000442,M00737,T00804,Midwest,Midwest,208.04,USD,ecommerce,3ds,approved,APPROVE,204.56,1.017012123582323,1,0,0,1,0,0,0,2,244,14,49,26,terminal_customer_network_burst;night_activity,0.26,0.011381824569735459,0.26
X000014566,2026-02-19 02:04:26,C000123,A0000123,M00556,T00589,South,South,165.1,USD,ecommerce,chip_pin,approved,APPROVE,125.44,1.3161670918367347,1,0,0,1,0,0,0,1,388,21,51,26,terminal_customer_network_burst;night_activity,0.26,0.03486779949387009,0.26
X000130366,2026-02-19 02:04:34,C001071,A0001071,M00231,T00811,South,South,51.07,USD,card_present,wallet_biometric,approved,APPROVE,47.75,1.0695287958115183,1,0,0,0,0,0,0,4,232,15,39,26,terminal_customer_network_burst;night_activity,0.26,0.020886890779973778,0.26
X000076389,2026-02-19 02:04:44,C000642,A0000642,M00054,T00295,Northeast,West,63.16,USD,card_present,chip_pin,approved,APPROVE,40.94,1.5427454811919883,1,0,0,0,0,0,1,2,245,13,0,53,new_customer_terminal_pair;terminal_customer_network_burst;night_activity;home_region_mismatch,0.53,0.3916312144917317,0.53
X000096456,2026-02-19 02:05:14,C000806,A0000806,M00077,T00306,South,South,56.73,USD,card_present,3ds,approved,APPROVE,78.97,0.718374066101051,1,0,0,0,0,0,0,2,311,17,47,26,terminal_customer_network_burst;night_activity,0.26,0.0172023402262006,0.26
X000095976,2026-02-19 02:06:11,C000801,A0000801,M00712,T00064,South,South,30.5,USD,ecommerce,chip_pin,approved,APPROVE,34.12,0.8939038686987105,1,0,0,1,0,0,0,4,324,16,31,26,terminal_customer_network_burst;night_activity,0.26,0.03737269760542749,0.26
X000095707,2026-02-19 02:06:17,C000799,A0000799,M00205,T00049,South,South,47.53,USD,ecommerce,magstripe,approved,APPROVE,51.04,0.931230407523511,1,0,0,1,1,0,0,1,235,14,41,46,terminal_customer_network_burst;ecommerce_authentication_shift;night_activity,0.46,0.02651559951496914,0.46
X000071587,2026-02-19 02:06:18,C000607,A0000607,M00619,T00982,West,West,372.86,USD,card_present,3ds,approved,APPROVE,158.41,2.353765545104476,1,0,0,0,0,0,0,3,177,20,45,26,terminal_customer_network_burst;night_activity,0.26,0.039803641778176496,0.26
X000079970,2026-02-19 02:06:18,C000673,A0000673,M00631,T00542,West,West,22.64,USD,card_present,chip_pin,approved,APPROVE,37.01,0.6117265603890841,1,0,0,0,0,0,0,2,151,14,19,26,terminal_customer_network_burst;night_activity,0.26,0.018924071301433136,0.26
X000150216,2026-02-19 02:06:18,C001236,A0001236,M00663,T00502,West,West,76.23,USD,card_present,chip_pin,approved,APPROVE,94.07,0.8103539917083025,1,0,0,0,0,0,0,6,268,11,84,51,customer_velocity;terminal_customer_network_burst;night_activity,0.51,0.003819618021708919,0.51
X000061458,2026-02-19 02:06:23,C000524,A0000524,M00683,T00986,Midwest,Midwest,70.45,USD,card_present,3ds,approved,APPROVE,48.13,1.4637440265946395,1,0,0,0,0,0,0,4,101,11,25,26,terminal_customer_network_burst;night_activity,0.26,0.0172060225998941,0.26
X000178739,2026-02-19 02:06:35,C001472,A0001472,M00289,T00362,South,South,26.99,USD,card_present,chip_pin,approved,APPROVE,48.86,0.5523945968072043,1,0,0,0,0,0,0,2,287,25,36,26,terminal_customer_network_burst;night_activity,0.26,0.05387222702471019,0.26
X000025137,2026-02-19 02:06:38,C000213,A0000213,M00352,T00215,Midwest,Midwest,60.11,USD,card_present,chip_pin,approved,APPROVE,30.05,2.000332778702163,1,0,0,0,0,0,0,0,197,15,18,26,terminal_customer_network_burst;night_activity,0.26,0.034004935622759705,0.26
X000064107,2026-02-19 02:06:42,C000543,A0000543,M00745,T00183,Northeast,Northeast,36.82,USD,mobile_wallet,3ds,approved,APPROVE,37.53,0.9810818012256861,1,0,0,0,0,1,0,1,198,14,20,26,terminal_customer_network_burst;night_activity,0.26,0.03182716501083857,0.26
X000181593,2026-02-19 02:07:01,C001493,A0001493,M00600,T00588,South,South,92.12,USD,card_present,chip_pin,approved,APPROVE,38.63,2.3846751229614287,1,0,0,0,0,0,0,3,205,16,23,26,terminal_customer_network_burst;night_activity,0.26,0.05423935657511118,0.26
X000146858,2026-02-19 02:07:25,C001210,A0001210,M00789,T00268,Midwest,Midwest,165.01,USD,card_present,wallet_biometric,approved,APPROVE,138.79,1.188918509979105,1,0,0,0,0,0,0,6,161,16,88,51,customer_velocity;terminal_customer_network_burst;night_activity,0.51,0.005374727357854879,0.51
X000209921,2026-02-19 02:07:58,C001712,A0001712,M00556,T00589,South,South,198.67,USD,card_present,chip_pin,approved,APPROVE,184.84,1.0748214672148884,1,0,0,0,0,0,0,8,389,21,77,51,customer_velocity;terminal_customer_network_burst;night_activity,0.51,0.0295941978992403,0.51
X000136444,2026-02-19 02:08:01,C001122,A0001122,M00398,T00960,South,South,37.63,USD,ecommerce,wallet_biometric,approved,APPROVE,29.22,1.2878165639972623,1,0,0,1,0,0,0,5,178,16,26,51,customer_velocity;terminal_customer_network_burst;night_activity,0.51,0.0397698048193174,0.51
X000048311,2026-02-19 02:08:09,C000405,A0000405,M00516,T00435,Northeast,Northeast,50.1,USD,ecommerce,chip_pin,approved,APPROVE,61.46,0.8151643345265214,1,0,0,1,0,0,0,1,199,9,41,26,terminal_customer_network_burst;night_activity,0.26,0.005966967950542826,0.26
X000237605,2026-02-19 02:08:32,C001937,A0001937,M00400,T00241,South,West,21.77,USD,mobile_wallet,magstripe,approved,APPROVE,37.72,0.5771474019088016,1,0,0,0,1,1,1,3,226,16,0,53,new_customer_terminal_pair;terminal_customer_network_burst;night_activity;home_region_mismatch,0.53,0.6855739052059561,0.6855739052059561
X000032902,2026-02-19 02:09:00,C000278,A0000278,M00191,T00568,Midwest,Midwest,170.43,USD,card_present,3ds,approved,APPROVE,149.67,1.1387051513329325,1,0,0,0,0,0,0,2,242,12,41,26,terminal_customer_network_burst;night_activity,0.26,0.011528059719654671,0.26
X000097364,2026-02-19 02:09:25,C000815,A0000815,M00387,T00209,Northeast,Northeast,71.94,USD,card_present,wallet_biometric,approved,APPROVE,73.05,0.9848049281314168,1,0,0,0,0,0,0,3,213,17,22,26,terminal_customer_network_burst;night_activity,0.26,0.03702555914384701,0.26
X000014734,2026-02-19 02:09:43,C000125,A0000125,M00341,T00741,Midwest,Midwest,35.77,USD,card_present,magstripe,approved,APPROVE,36.25,0.9867586206896553,1,0,0,0,1,0,0,1,103,11,20,26,terminal_customer_network_burst;night_activity,0.26,0.02535654102152309,0.26
X000219468,2026-02-19 02:09:48,C001792,A0001792,M00093,T01018,Northeast,Northeast,110.18,USD,card_present,wallet_biometric,approved,APPROVE,54.3,2.0290976058931864,1,0,0,0,0,0,0,4,205,13,30,26,terminal_customer_network_burst;night_activity,0.26,0.030167218754645644,0.26
X000032352,2026-02-19 02:10:14,C000274,A0000274,M00067,T00654,South,South,15.99,USD,ecommerce,chip_pin,approved,APPROVE,32.71,0.4888413329257108,1,0,0,1,0,0,0,2,155,16,32,26,terminal_customer_network_burst;night_activity,0.26,0.015999551547171097,0.26
X000037420,2026-02-19 02:10:25,C000319,A0000319,M00607,T00470,South,South,47.16,USD,card_present,wallet_biometric,approved,APPROVE,48.86,0.9652067130577159,1,0,0,0,0,0,0,4,311,19,42,26,terminal_customer_network_burst;night_activity,0.26,0.03529910184686038,0.26
X000101584,2026-02-19 02:11:47,C000854,A0000854,M00036,T01181,Northeast,Northeast,65.02,USD,ecommerce,3ds,approved,APPROVE,47.91,1.3571279482362764,1,0,0,1,0,0,0,1,159,16,24,26,terminal_customer_network_burst;night_activity,0.26,0.026293047392946117,0.26
X000124785,2026-02-19 02:12:13,C001030,A0001030,M00338,T00847,Northeast,Northeast,223.37,USD,card_present,3ds,approved,APPROVE,208.04,1.0736877523553163,1,0,0,0,0,0,0,7,314,15,86,51,customer_velocity;terminal_customer_network_burst;night_activity,0.51,0.00809282954866279,0.51
X000166652,2026-02-19 02:12:37,C001375,A0001375,M00459,T00204,Northeast,Northeast,38.66,USD,card_present,chip_pin,approved,APPROVE,19.59,1.9734558448187849,1,0,0,0,0,0,0,1,376,14,51,26,terminal_customer_network_burst;night_activity,0.26,0.018529073249810932,0.26
X000108202,2026-02-19 02:12:50,C000905,A0000905,M00337,T00318,West,West,87.41,USD,card_present,3ds,approved,APPROVE,84.84,1.03029231494578,1,0,0,0,0,0,0,2,130,13,14,26,terminal_customer_network_burst;night_activity,0.26,0.022144995103646946,0.26
X000097192,2026-02-19 02:12:53,C000813,A0000813,M00265,T00950,West,West,14.59,USD,card_present,3ds,approved,APPROVE,35.05,0.416262482168331,1,0,0,0,0,0,0,2,127,11,19,26,terminal_customer_network_burst;night_activity,0.26,0.011579235669413263,0.26
X000090559,2026-02-19 02:12:54,C000758,A0000758,M00640,T00333,Midwest,Midwest,45.3,USD,card_present,wallet_biometric,approved,APPROVE,51.91,0.8726642265459449,1,0,0,0,0,0,0,0,82,8,13,26,terminal_customer_network_burst;night_activity,0.26,0.008372961977370792,0.26
X000072734,2026-02-19 02:13:39,C000614,A0000614,M00067,T00948,South,South,336.92,USD,ecommerce,3ds,approved,APPROVE,325.59,1.0347983660431832,1,0,0,1,0,0,0,5,338,19,52,51,customer_velocity;terminal_customer_network_burst;night_activity,0.51,0.03346827145661457,0.51
X000161810,2026-02-19 02:13:52,C001334,A0001334,M00775,T00581,West,West,146.53,USD,card_present,3ds,approved,APPROVE,61.91,2.3668228073009208,1,0,0,0,0,0,0,1,67,8,29,26,terminal_customer_network_burst;night_activity,0.26,0.009903436687103667,0.26
X000221425,2026-02-19 02:13:53,C001804,A0001804,M00587,T00374,South,South,157.08,USD,ecommerce,magstripe,approved,APPROVE,206.37,0.7611571449338567,1,0,0,1,1,0,0,7,253,10,72,71,customer_velocity;terminal_customer_network_burst;ecommerce_authentication_shift;night_activity,0.71,0.012103365441745267,0.71
X000218117,2026-02-19 02:14:17,C001781,A0001781,M00695,T00010,Midwest,Midwest,85.27,USD,card_present,magstripe,approved,APPROVE,63.39,1.3451648525003943,1,0,0,0,1,0,0,3,104,15,25,26,terminal_customer_network_burst;night_activity,0.26,0.049699274747554485,0.26
X000143003,2026-02-19 02:14:32,C001178,A0001178,M00277,T00518,Midwest,Midwest,121.49,USD,ecommerce,wallet_biometric,approved,APPROVE,78.42,1.5492221372098953,1,0,0,1,0,0,0,1,204,12,18,26,terminal_customer_network_burst;night_activity,0.26,0.02417829757111899,0.26
X000197569,2026-02-19 02:14:35,C001621,A0001621,M00269,T00339,West,West,174.25,USD,ecommerce,wallet_biometric,approved,APPROVE,173.71,1.0031086293247367,1,0,0,1,0,0,0,6,177,9,94,51,customer_velocity;terminal_customer_network_burst;night_activity,0.51,0.001967233715851268,0.51
X000060039,2026-02-19 02:15:35,C000511,A0000511,M00640,T00037,South,Midwest,49.57,USD,card_present,chip_pin,approved,APPROVE,42.14,1.1763170384432844,1,0,0,0,0,0,1,0,294,14,0,53,new_customer_terminal_pair;terminal_customer_network_burst;night_activity;home_region_mismatch,0.53,0.35875906954546116,0.53
X000125811,2026-02-19 02:15:38,C001036,A0001036,M00210,T01163,South,South,19.1,USD,card_present,3ds,approved,APPROVE,47.21,0.4045753018428299,1,0,0,0,0,0,0,1,149,11,21,26,terminal_customer_network_burst;night_activity,0.26,0.010171580290248419,0.26
X000076321,2026-02-19 02:15:45,C000641,A0000641,M00447,T00749,South,South,175.44,USD,card_present,chip_pin,approved,APPROVE,169.2,1.0368794326241135,1,0,0,0,0,0,0,1,272,24,22,26,terminal_customer_network_burst;night_activity,0.26,0.07669055656669066,0.26
X000211870,2026-02-19 02:15:50,C001727,A0001727,M00791,T00739,South,South,152.76,USD,mobile_wallet,chip_pin,approved,APPROVE,189.29,0.8070156902107877,1,0,0,0,0,1,0,0,275,21,67,26,terminal_customer_network_burst;night_activity,0.26,0.01628119831534825,0.26
X000129969,2026-02-19 02:16:30,C001067,A0001067,M00414,T00189,Midwest,Midwest,123.46,USD,ecommerce,chip_pin,approved,APPROVE,153.89,0.8022613555136786,1,0,0,1,0,0,0,6,403,22,91,51,customer_velocity;terminal_customer_network_burst;night_activity,0.51,0.016563881531614415,0.51
X000221158,2026-02-19 02:16:31,C001803,A0001803,M00434,T00133,South,South,22.35,USD,mobile_wallet,chip_pin,approved,APPROVE,35.8,0.6243016759776537,1,0,0,0,0,1,0,2,331,16,17,26,terminal_customer_network_burst;night_activity,0.26,0.059299320105899604,0.26
X000041858,2026-02-19 02:16:55,C000354,A0000354,M00446,T00838,South,South,78.86,USD,card_present,chip_pin,approved,APPROVE,67.53,1.1677772841699985,1,0,0,0,0,0,0,1,205,11,30,26,terminal_customer_network_burst;night_activity,0.26,0.011959049489432555,0.26
X000194982,2026-02-19 02:17:10,C001602,A0001602,M00779,T00146,South,South,75.27,USD,ecommerce,3ds,approved,APPROVE,87.97,0.8556326020234171,1,0,0,1,0,0,0,6,472,19,56,51,customer_velocity;terminal_customer_network_burst;night_activity,0.51,0.04300572890921131,0.51
X000063809,2026-02-19 02:17:14,C000541,A0000541,M00434,T00808,South,South,47.15,USD,ecommerce,chip_pin,approved,APPROVE,96.59,0.488145770783725,1,0,0,1,0,0,0,7,276,17,70,51,customer_velocity;terminal_customer_network_burst;night_activity,0.51,0.012947629910102338,0.51
X000088976,2026-02-19 02:17:28,C000745,A0000745,M00319,T00631,Northeast,West,231.88,USD,mobile_wallet,wallet_biometric,approved,APPROVE,273.0,0.8493772893772894,1,0,0,0,0,1,1,4,40,12,0,53,new_customer_terminal_pair;terminal_customer_network_burst;night_activity;home_region_mismatch,0.53,0.32640377283430494,0.53
X000013857,2026-02-19 02:18:09,C000117,A0000117,M00436,T01032,South,Midwest,46.03,USD,card_present,3ds,approved,APPROVE,44.03,1.0454235748353395,1,0,0,0,0,0,1,0,118,9,0,53,new_customer_terminal_pair;terminal_customer_network_burst;night_activity;home_region_mismatch,0.53,0.15665129131018357,0.53
X000029743,2026-02-19 02:18:10,C000254,A0000254,M00139,T00632,Northeast,Northeast,70.74,USD,ecommerce,wallet_biometric,approved,APPROVE,244.89,0.288864388092613,1,0,0,1,0,0,0,5,217,10,103,51,customer_velocity;terminal_customer_network_burst;night_activity,0.51,0.0012178060192672383,0.51
X000150835,2026-02-19 02:18:25,C001240,A0001240,M00461,T00574,West,West,283.31,USD,mobile_wallet,3ds,approved,APPROVE,285.64,0.9918428791485787,1,0,0,0,0,1,0,2,92,7,61,8,night_activity,0.08,0.003228772950908962,0.08
X000170250,2026-02-19 02:19:01,C001403,A0001403,M00147,T00338,South,South,94.01,USD,ecommerce,chip_pin,approved,APPROVE,54.07,1.7386720917329388,1,0,0,1,0,0,0,1,309,12,15,26,terminal_customer_network_burst;night_activity,0.26,0.03726281856013423,0.26
X000229935,2026-02-19 02:19:14,C001873,A0001873,M00243,T00806,South,South,220.72,USD,ecommerce,chip_pin,approved,APPROVE,203.78,1.0831288644616743,1,0,0,1,0,0,0,1,286,14,44,26,terminal_customer_network_burst;night_activity,0.26,0.013596527516693095,0.26
X000124786,2026-02-19 02:19:27,C001030,A0001030,M00452,T00101,Northeast,Northeast,128.0,USD,ecommerce,chip_pin,approved,APPROVE,208.04,0.6152662949432801,1,0,0,1,0,0,0,8,274,10,108,51,customer_velocity;terminal_customer_network_burst;night_activity,0.51,0.0019508367512439115,0.51
X000233068,2026-02-19 02:20:20,C001900,A0001900,M00645,T00428,South,South,77.34,USD,card_present,chip_pin,approved,APPROVE,44.08,1.7545372050816699,1,0,0,0,0,0,0,2,146,16,20,26,terminal_customer_network_burst;night_activity,0.26,0.03595719518503193,0.26
X000086724,2026-02-19 02:20:36,C000727,A0000727,M00542,T00201,South,South,128.83,USD,card_present,chip_pin,approved,APPROVE,98.78,1.3042113788216239,1,0,0,0,0,0,0,5,241,16,25,51,customer_velocity;terminal_customer_network_burst;night_activity,0.51,0.0458203971630852,0.51
X000152578,2026-02-19 02:20:41,C001254,A0001254,M00529,T00187,Midwest,Midwest,76.13,USD,mobile_wallet,3ds,approved,APPROVE,80.23,0.9488969213511155,1,0,0,0,0,1,0,1,115,8,26,26,terminal_customer_network_burst;night_activity,0.26,0.010442601581771236,0.26
X000177716,2026-02-19 02:20:43,C001461,A0001461,M00297,T00721,Northeast,Northeast,427.6,USD,card_present,chip_pin,approved,APPROVE,251.98,1.6969600761965238,1,0,0,0,0,0,0,6,285,19,62,51,customer_velocity;terminal_customer_network_burst;night_activity,0.51,0.029583129115994058,0.51
X000034706,2026-02-19 02:20:46,C000294,A0000294,M00073,T00757,South,South,23.7,USD,card_present,chip_pin,approved,APPROVE,55.07,0.4303613582712911,1,0,0,0,0,0,0,0,346,21,33,26,terminal_customer_network_burst;night_activity,0.26,0.03300350377302624,0.26
X000125283,2026-02-19 02:21:27,C001032,A0001032,M00051,T00286,South,South,153.41,USD,card_present,chip_pin,approved,APPROVE,220.63,0.695327018084576,1,0,0,0,0,0,0,6,337,15,106,51,customer_velocity;terminal_customer_network_burst;night_activity,0.51,0.003428050020015454,0.51
X000222189,2026-02-19 02:21:30,C001810,A0001810,M00320,T00150,West,West,153.04,USD,ecommerce,wallet_biometric,soft_decline,CHALLENGE,203.81,0.7508954418330798,1,0,1,1,0,0,0,3,295,13,53,34,terminal_customer_network_burst;night_activity;authentication_soft_decline,0.34,0.04682166929449297,0.34
X000144608,2026-02-19 02:21:52,C001190,A0001190,M00487,T00332,South,South,447.89,USD,card_present,magstripe,soft_decline,CHALLENGE,253.9,1.7640409610082708,1,0,1,0,1,0,0,2,204,14,44,34,terminal_customer_network_burst;night_activity;authentication_soft_decline,0.34,0.13974086925869805,0.34
X000175202,2026-02-19 02:21:58,C001442,A0001442,M00185,T00296,West,West,30.78,USD,card_present,3ds,approved,APPROVE,79.02,0.38952164009111623,1,0,0,0,0,0,0,3,73,8,35,26,terminal_customer_network_burst;night_activity,0.26,0.004695562367487542,0.26
X000025689,2026-02-19 02:22:10,C000219,A0000219,M00397,T00682,Midwest,Midwest,35.67,USD,card_present,wallet_biometric,approved,APPROVE,76.75,0.46475570032573293,1,0,0,0,0,0,0,1,100,11,12,26,terminal_customer_network_burst;night_activity,0.26,0.012283476449984268,0.26
X000098013,2026-02-19 02:22:11,C000820,A0000820,M00626,T01083,South,South,54.23,USD,ecommerce,3ds,approved,APPROVE,146.86,0.36926324390576054,1,0,0,1,0,0,0,5,220,18,60,51,customer_velocity;terminal_customer_network_burst;night_activity,0.51,0.01314083826622007,0.51
X000164712,2026-02-19 02:22:28,C001357,A0001357,M00550,T00423,West,West,21.09,USD,card_present,3ds,approved,APPROVE,40.93,0.5152699731248473,1,0,0,0,0,0,0,3,131,13,28,26,terminal_customer_network_burst;night_activity,0.26,0.012959285712603172,0.26
X000050283,2026-02-19 02:23:11,C000421,A0000421,M00355,T00032,South,Midwest,27.24,USD,ecommerce,magstripe,approved,APPROVE,23.99,1.1354731137974157,1,0,0,1,1,0,1,0,28,5,0,55,new_customer_terminal_pair;ecommerce_authentication_shift;night_activity;home_region_mismatch,0.55,0.17894054437781956,0.55
X000046838,2026-02-19 02:23:16,C000393,A0000393,M00647,T01037,West,West,69.78,USD,card_present,magstripe,approved,APPROVE,236.28,0.2953275774504825,1,0,0,0,1,0,0,1,182,12,46,26,terminal_customer_network_burst;night_activity,0.26,0.011495603583429447,0.26
X000039212,2026-02-19 02:23:17,C000333,A0000333,M00513,T00308,Midwest,Midwest,288.64,USD,ecommerce,3ds,approved,APPROVE,85.49,3.3763013217920226,1,0,0,1,0,0,0,3,183,10,47,56,amount_vs_profile;terminal_customer_network_burst;night_activity,0.56,0.0188807068528891,0.56
X000144097,2026-02-19 02:23:24,C001186,A0001186,M00323,T01185,South,South,343.46,USD,card_present,3ds,approved,APPROVE,248.53,1.381965959843882,1,0,0,0,0,0,0,7,332,17,109,51,customer_velocity;terminal_customer_network_burst;night_activity,0.51,0.005787005726154534,0.51
X000060904,2026-02-19 02:23:37,C000518,A0000518,M00403,T01126,Northeast,Northeast,54.75,USD,card_present,3ds,approved,APPROVE,50.22,1.0902031063321387,1,0,0,0,0,0,0,3,172,16,40,26,terminal_customer_network_burst;night_activity,0.26,0.01754032448271173,0.26
X000018740,2026-02-19 02:23:43,C000160,A0000160,M00342,T00375,Midwest,Midwest,73.13,USD,card_present,magstripe,approved,APPROVE,47.76,1.5311976549413735,1,0,0,0,1,0,0,2,316,21,25,26,terminal_customer_network_burst;night_activity,0.26,0.1503601761998562,0.26
X000089692,2026-02-19 02:24:47,C000749,A0000749,M00151,T00524,Midwest,Midwest,39.02,USD,mobile_wallet,chip_pin,approved,APPROVE,63.34,0.6160404167982317,1,0,0,0,0,1,0,3,92,12,40,26,terminal_customer_network_burst;night_activity,0.26,0.011093768822430607,0.26
X000027611,2026-02-19 02:26:48,C000237,A0000237,M00281,T01053,West,West,122.39,USD,card_present,3ds,approved,APPROVE,105.08,1.1647316330414923,1,0,0,0,0,0,0,3,96,18,18,26,terminal_customer_network_burst;night_activity,0.26,0.03776390274371627,0.26
X000225912,2026-02-19 02:26:58,C001840,A0001840,M00005,T01091,South,South,241.44,USD,mobile_wallet,3ds,approved,APPROVE,193.68,1.2465923172242874,1,0,0,0,0,1,0,5,282,20,64,51,customer_velocity;terminal_customer_network_burst;night_activity,0.51,0.034390773009869965,0.51
X000178451,2026-02-19 02:27:03,C001469,A0001469,M00005,T01091,South,South,66.78,USD,card_present,magstripe,approved,APPROVE,56.71,1.1775700934579438,1,0,0,0,1,0,0,0,283,20,17,26,terminal_customer_network_burst;night_activity,0.26,0.11342155568638619,0.26
X000002224,2026-02-19 02:27:10,C000020,A0000020,M00187,T00256,South,South,70.11,USD,card_present,chip_pin,approved,APPROVE,53.24,1.3168670172802404,1,0,0,0,0,0,0,1,302,24,18,26,terminal_customer_network_burst;night_activity,0.26,0.10282244378179324,0.26
X000208187,2026-02-19 02:27:47,C001699,A0001699,M00475,T00015,Midwest,Midwest,149.79,USD,card_present,3ds,approved,APPROVE,131.03,1.143173319087232,1,0,0,0,0,0,0,1,76,9,32,26,terminal_customer_network_burst;night_activity,0.26,0.006303894759607558,0.26
X000234564,2026-02-19 02:28:05,C001913,A0001913,M00386,T00533,Northeast,Northeast,23.29,USD,mobile_wallet,3ds,approved,APPROVE,29.12,0.799793956043956,1,0,0,0,0,1,0,0,110,11,12,26,terminal_customer_network_burst;night_activity,0.26,0.01924571309368391,0.26
X000148379,2026-02-19 02:28:12,C001224,A0001224,M00497,T00382,Northeast,West,127.56,USD,card_present,chip_pin,approved,APPROVE,153.7,0.82992843201041,1,0,0,0,0,0,1,4,66,12,0,53,new_customer_terminal_pair;terminal_customer_network_burst;night_activity;home_region_mismatch,0.53,0.25412439843897117,0.53
X000190432,2026-02-19 02:28:18,C001563,A0001563,M00601,T00769,South,South,337.21,USD,card_present,chip_pin,approved,APPROVE,256.53,1.3145051261061085,1,0,0,0,0,0,0,3,323,20,53,26,terminal_customer_network_burst;night_activity,0.26,0.02956732433004004,0.26
X000133654,2026-02-19 02:28:26,C001100,A0001100,M00528,T00301,Midwest,Midwest,10.1,USD,mobile_wallet,magstripe,approved,APPROVE,33.78,0.2989934872705743,1,0,0,0,1,1,0,6,184,17,95,51,customer_velocity;terminal_customer_network_burst;night_activity,0.51,0.011601842434061633,0.51
X000108521,2026-02-19 02:28:44,C000909,A0000909,M00511,T00501,Midwest,Midwest,30.19,USD,card_present,chip_pin,approved,APPROVE,32.94,0.9165148755312691,1,0,0,0,0,0,0,0,200,16,11,26,terminal_customer_network_burst;night_activity,0.26,0.031215479538866966,0.26
X000122999,2026-02-19 02:29:08,C001019,A0001019,M00420,T00678,South,West,259.71,USD,ecommerce,3ds,approved,APPROVE,167.99,1.5459848800523839,1,0,0,1,0,0,1,5,155,11,0,78,customer_velocity;new_customer_terminal_pair;terminal_customer_network_burst;night_activity;home_region_mismatch,0.78,0.37720569757664607,0.78
X000245209,2026-02-19 02:29:20,C001997,A0001997,M00580,T00415,South,South,111.36,USD,card_present,wallet_biometric,approved,APPROVE,191.59,0.5812411921290255,1,0,0,0,0,0,0,3,358,22,45,26,terminal_customer_network_burst;night_activity,0.26,0.039081864004651724,0.26
X000062625,2026-02-19 02:29:45,C000531,A0000531,M00318,T00746,Midwest,Midwest,527.28,USD,card_present,3ds,approved,APPROVE,214.99,2.4525791897297546,1,0,0,0,0,0,0,3,384,25,82,26,terminal_customer_network_burst;night_activity,0.26,0.03853152772932119,0.26
X000095009,2026-02-19 02:29:51,C000793,A0000793,M00558,T00507,South,South,35.69,USD,ecommerce,chip_pin,approved,APPROVE,26.09,1.3679570716749712,1,0,0,1,0,0,0,3,73,7,22,8,night_activity,0.08,0.009962640570280245,0.08
X000068115,2026-02-19 02:29:58,C000577,A0000577,M00068,T00322,Northeast,Northeast,279.03,USD,ecommerce,wallet_biometric,approved,APPROVE,168.98,1.6512605042016806,1,0,0,1,0,0,0,2,304,20,36,26,terminal_customer_network_burst;night_activity,0.26,0.051478368855112124,0.26
X000061114,2026-02-19 02:30:05,C000520,A0000520,M00022,T00830,South,South,11.52,USD,ecommerce,magstripe,approved,APPROVE,29.58,0.3894523326572008,1,0,0,1,1,0,0,2,255,13,30,46,terminal_customer_network_burst;ecommerce_authentication_shift;night_activity,0.46,0.03179698789796177,0.46
X000044067,2026-02-19 02:30:26,C000374,A0000374,M00249,T00554,South,South,99.33,USD,ecommerce,3ds,approved,APPROVE,251.37,0.39515455304928987,1,0,0,1,0,0,0,0,279,16,29,26,terminal_customer_network_burst;night_activity,0.26,0.018420695694066513,0.26
X000154849,2026-02-19 02:30:33,C001276,A0001276,M00679,T00775,Northeast,Northeast,21.22,USD,mobile_wallet,chip_pin,approved,APPROVE,41.03,0.5171825493541311,1,0,0,0,0,1,0,2,179,16,42,26,terminal_customer_network_burst;night_activity,0.26,0.01775354408508837,0.26
X000044068,2026-02-19 02:32:23,C000374,A0000374,M00249,T00554,South,South,296.85,USD,mobile_wallet,magstripe,soft_decline,CHALLENGE,251.37,1.1809285117555794,1,0,1,0,1,1,0,1,280,16,30,34,terminal_customer_network_burst;night_activity;authentication_soft_decline,0.34,0.29465685884312354,0.34
X000057975,2026-02-19 02:32:34,C000492,A0000492,M00094,T01093,South,South,15.37,USD,card_present,3ds,approved,APPROVE,38.22,0.402145473574045,1,0,0,0,0,0,0,1,246,10,20,26,terminal_customer_network_burst;night_activity,0.26,0.0119506926441528,0.26
X000063081,2026-02-19 02:32:47,C000534,A0000534,M00171,T00643,Northeast,Northeast,306.85,USD,card_present,chip_pin,approved,APPROVE,169.77,1.8074453672615893,1,0,0,0,0,0,0,4,205,10,74,26,terminal_customer_network_burst;night_activity,0.26,0.00473146126908679,0.26
X000243688,2026-02-19 02:32:53,C001987,A0001987,M00470,T00025,South,South,292.61,USD,ecommerce,3ds,approved,APPROVE,186.83,1.566183161162554,1,0,0,1,0,0,0,2,198,12,76,26,terminal_customer_network_burst;night_activity,0.26,0.004174100109605159,0.26
X000145457,2026-02-19 02:32:57,C001197,A0001197,M00516,T00435,Northeast,Northeast,168.27,USD,card_present,chip_pin,approved,APPROVE,92.08,1.8274326672458734,1,0,0,0,0,0,0,2,200,9,17,26,terminal_customer_network_burst;night_activity,0.26,0.02074027732458274,0.26
X000198446,2026-02-19 02:33:03,C001626,A0001626,M00137,T00381,Midwest,Midwest,594.77,USD,ecommerce,chip_pin,approved,APPROVE,262.11,2.2691618022967455,1,0,0,1,0,0,0,1,189,14,79,26,terminal_customer_network_burst;night_activity,0.26,0.0055501865553701105,0.26
X000041339,2026-02-19 02:33:33,C000349,A0000349,M00453,T00831,Midwest,South,475.12,USD,card_present,3ds,approved,APPROVE,285.86,1.6620723431050164,1,0,0,0,0,0,1,10,438,21,0,98,customer_velocity;high_customer_velocity;new_customer_terminal_pair;terminal_customer_network_burst;night_activity;home_region_mismatch,0.98,0.8810355238978501,0.98
X000012814,2026-02-19 02:33:34,C000111,A0000111,M00447,T00749,South,South,51.57,USD,ecommerce,3ds,approved,APPROVE,69.27,0.7444781290601993,1,0,0,1,0,0,0,1,273,24,34,26,terminal_customer_network_burst;night_activity,0.26,0.050143322180129256,0.26
X000157019,2026-02-19 02:33:58,C001291,A0001291,M00295,T00926,South,South,286.2,USD,card_present,chip_pin,approved,APPROVE,200.77,1.4255117796483536,1,0,0,0,0,0,0,3,153,16,35,26,terminal_customer_network_burst;night_activity,0.26,0.022422930063792108,0.26
X000222627,2026-02-19 02:34:02,C001813,A0001813,M00135,T00646,Midwest,Midwest,74.9,USD,card_present,chip_pin,approved,APPROVE,190.87,0.39241368470686855,1,0,0,0,0,0,0,2,188,16,65,26,terminal_customer_network_burst;night_activity,0.26,0.005483941384406739,0.26
X000067226,2026-02-19 02:34:18,C000570,A0000570,M00150,T00526,South,South,76.37,USD,mobile_wallet,wallet_biometric,soft_decline,CHALLENGE,39.87,1.9154752947078006,1,0,1,0,0,1,0,4,151,13,39,34,terminal_customer_network_burst;night_activity;authentication_soft_decline,0.34,0.12147323760352903,0.34
X000005984,2026-02-19 02:34:23,C000055,A0000055,M00368,T00453,South,West,19.55,USD,card_present,chip_pin,approved,APPROVE,34.23,0.5711364300321357,1,0,0,0,0,0,1,3,58,14,0,53,new_customer_terminal_pair;terminal_customer_network_burst;night_activity;home_region_mismatch,0.53,0.2528945315726565,0.53
X000038881,2026-02-19 02:35:13,C000331,A0000331,M00450,T00640,Northeast,Northeast,163.33,USD,card_present,magstripe,approved,APPROVE,98.47,1.658677769879151,1,0,0,0,1,0,0,4,408,11,56,26,terminal_customer_network_burst;night_activity,0.26,0.03217429525071996,0.26
X000077471,2026-02-19 02:35:20,C000652,A0000652,M00345,T01165,South,South,72.38,USD,ecommerce,3ds,approved,APPROVE,50.82,1.424242424242424,1,0,0,1,0,0,0,1,89,11,24,26,terminal_customer_network_burst;night_activity,0.26,0.012618916345064006,0.26
X000028088,2026-02-19 02:35:45,C000242,A0000242,M00553,T00625,West,West,21.78,USD,card_present,3ds,approved,APPROVE,21.51,1.0125523012552302,1,0,0,0,0,0,0,1,82,10,18,26,terminal_customer_network_burst;night_activity,0.26,0.01073050266500037,0.26
X000052092,2026-02-19 02:36:29,C000440,A0000440,M00036,T00993,Northeast,Northeast,31.31,USD,ecommerce,wallet_biometric,approved,APPROVE,46.14,0.6785869094061552,1,0,0,1,0,0,0,2,176,13,30,26,terminal_customer_network_burst;night_activity,0.26,0.013665259276724366,0.26
X000147228,2026-02-19 02:36:34,C001214,A0001214,M00316,T00389,South,South,11.66,USD,ecommerce,chip_pin,approved,APPROVE,24.85,0.46921529175050297,1,0,0,1,0,0,0,1,375,20,32,26,terminal_customer_network_burst;night_activity,0.26,0.03911539568144464,0.26
X000164072,2026-02-19 02:37:00,C001352,A0001352,M00724,T00630,West,West,40.81,USD,card_present,chip_pin,approved,APPROVE,28.12,1.451280227596017,1,0,0,0,0,0,0,2,146,16,20,26,terminal_customer_network_burst;night_activity,0.26,0.031900529269948644,0.26
X000181594,2026-02-19 02:37:44,C001493,A0001493,M00600,T00588,South,South,39.02,USD,card_present,chip_pin,approved,APPROVE,38.63,1.0100957804814912,1,0,0,0,0,0,0,3,206,16,24,26,terminal_customer_network_burst;night_activity,0.26,0.030764271430787325,0.26
X000144098,2026-02-19 02:37:52,C001186,A0001186,M00170,T01059,South,Midwest,168.43,USD,card_present,3ds,approved,APPROVE,248.53,0.677704904840462,1,0,0,0,0,0,1,8,188,15,0,78,customer_velocity;new_customer_terminal_pair;terminal_customer_network_burst;night_activity;home_region_mismatch,0.78,0.5012340043755438,0.78
X000031160,2026-02-19 02:38:00,C000263,A0000263,M00562,T01175,West,West,78.64,USD,card_present,chip_pin,approved,APPROVE,149.88,0.5246864157993061,1,0,0,0,0,0,0,3,211,15,37,26,terminal_customer_network_burst;night_activity,0.26,0.015107799186333244,0.26
X000001770,2026-02-19 02:38:16,C000015,A0000015,M00784,T00354,South,South,53.19,USD,ecommerce,3ds,approved,APPROVE,115.21,0.46167867372623905,1,0,0,1,0,0,0,5,346,15,116,51,customer_velocity;terminal_customer_network_burst;night_activity,0.51,0.002163460828320744,0.51
X000105010,2026-02-19 02:38:23,C000883,A0000883,M00645,T00905,South,South,66.62,USD,card_present,wallet_biometric,approved,APPROVE,48.23,1.3812979473356835,1,0,0,0,0,0,0,2,426,21,51,26,terminal_customer_network_burst;night_activity,0.26,0.041810645467927114,0.26
X000135945,2026-02-19 02:38:31,C001117,A0001117,M00119,T00895,South,South,54.7,USD,card_present,wallet_biometric,approved,APPROVE,44.49,1.2294897729826928,1,0,0,0,0,0,0,1,328,17,21,26,terminal_customer_network_burst;night_activity,0.26,0.04457142864555708,0.26
X000224857,2026-02-19 02:38:44,C001833,A0001833,M00325,T00368,Northeast,Northeast,22.44,USD,card_present,3ds,approved,APPROVE,18.15,1.2363636363636366,1,0,0,0,0,0,0,1,158,15,48,26,terminal_customer_network_burst;night_activity,0.26,0.009784332497475212,0.26
X000052774,2026-02-19 02:39:05,C000445,A0000445,M00131,T00897,West,West,58.38,USD,ecommerce,chip_pin,approved,APPROVE,54.81,1.0651340996168583,1,0,0,1,0,0,0,3,224,11,18,26,terminal_customer_network_burst;night_activity,0.26,0.023501514154767922,0.26
X000127421,2026-02-19 02:39:30,C001050,A0001050,M00793,T01052,South,South,70.48,USD,card_present,chip_pin,approved,APPROVE,62.75,1.123187250996016,1,0,0,0,0,0,0,3,313,17,44,26,terminal_customer_network_burst;night_activity,0.26,0.025106204118218615,0.26
X000069952,2026-02-19 02:39:51,C000595,A0000595,M00526,T00055,South,South,32.82,USD,card_present,3ds,approved,APPROVE,30.54,1.074656188605108,1,0,0,0,0,0,0,1,170,16,25,26,terminal_customer_network_burst;night_activity,0.26,0.02219891980692306,0.26
X000202480,2026-02-19 02:39:55,C001656,A0001656,M00013,T00686,South,South,88.68,USD,ecommerce,chip_pin,approved,APPROVE,47.61,1.862633900441084,1,0,0,1,0,0,0,1,381,20,19,26,terminal_customer_network_burst;night_activity,0.26,0.10031505317750115,0.26
X000053619,2026-02-19 02:41:19,C000453,A0000453,M00148,T01086,Midwest,Midwest,68.37,USD,card_present,wallet_biometric,approved,APPROVE,51.29,1.3330083837005264,1,0,0,0,0,0,0,3,290,15,19,26,terminal_customer_network_burst;night_activity,0.26,0.044886015169263944,0.26
X000244859,2026-02-19 02:41:26,C001995,A0001995,M00082,T00557,Northeast,Northeast,457.13,USD,card_present,magstripe,approved,APPROVE,400.21,1.142225331700857,1,0,0,0,1,0,0,2,237,12,83,26,terminal_customer_network_burst;night_activity,0.26,0.006358836992347788,0.26
X000061963,2026-02-19 02:41:56,C000527,A0000527,M00461,T00958,West,West,38.73,USD,card_present,chip_pin,approved,APPROVE,46.07,0.8406772303017147,1,0,0,0,0,0,0,1,124,11,18,26,terminal_customer_network_burst;night_activity,0.26,0.012533688733887875,0.26
X000009427,2026-02-19 02:41:59,C000086,A0000086,M00790,T00840,Northeast,Northeast,44.09,USD,card_present,chip_pin,soft_decline,CHALLENGE,25.69,1.7162319968859479,1,0,1,0,0,0,0,1,126,12,10,34,terminal_customer_network_burst;night_activity;authentication_soft_decline,0.34,0.11246998906635271,0.34
X000051969,2026-02-19 02:43:26,C000439,A0000439,M00604,T00623,Northeast,Northeast,56.05,USD,ecommerce,wallet_biometric,approved,APPROVE,47.61,1.17727368199958,1,0,0,1,0,0,0,3,193,19,35,26,terminal_customer_network_burst;night_activity,0.26,0.03349214132642883,0.26
X000032539,2026-02-19 02:44:12,C000275,A0000275,M00390,T00066,South,Northeast,68.11,USD,ecommerce,magstripe,approved,APPROVE,60.84,1.1194937541091388,1,0,0,1,1,0,1,4,91,10,0,73,new_customer_terminal_pair;terminal_customer_network_burst;ecommerce_authentication_shift;night_activity;home_region_mismatch,0.73,0.4254079348883421,0.73
X000009602,2026-02-19 02:44:26,C000087,A0000087,M00477,T00694,South,West,21.45,USD,card_present,magstripe,approved,APPROVE,68.99,0.31091462530801567,1,0,0,0,1,0,1,3,206,15,0,53,new_customer_terminal_pair;terminal_customer_network_burst;night_activity;home_region_mismatch,0.53,0.5221680685848571,0.53
X000073791,2026-02-19 02:44:29,C000623,A0000623,M00227,T00504,Midwest,Midwest,69.44,USD,mobile_wallet,wallet_biometric,approved,APPROVE,104.99,0.661396323459377,1,0,0,0,0,1,0,4,314,14,53,26,terminal_customer_network_burst;night_activity,0.26,0.018606819694481143,0.26
X000235972,2026-02-19 02:44:37,C001923,A0001923,M00296,T00758,South,South,86.98,USD,card_present,chip_pin,approved,APPROVE,95.8,0.9079331941544886,1,0,0,0,0,0,0,0,77,9,17,26,terminal_customer_network_burst;night_activity,0.26,0.008293344311782608,0.26
X000153958,2026-02-19 02:44:50,C001266,A0001266,M00800,T00448,West,West,39.73,USD,mobile_wallet,chip_pin,approved,APPROVE,64.09,0.6199095022624433,1,0,0,0,0,1,0,2,105,11,28,26,terminal_customer_network_burst;night_activity,0.26,0.01336354208409268,0.26
X000210291,2026-02-19 02:44:54,C001714,A0001714,M00021,T00406,South,South,31.83,USD,ecommerce,chip_pin,approved,APPROVE,80.25,0.39663551401869157,1,0,0,1,0,0,0,3,220,17,46,26,terminal_customer_network_burst;night_activity,0.26,0.014668375653593748,0.26
X000072856,2026-02-19 02:45:04,C000615,A0000615,M00301,T00666,South,South,23.5,USD,card_present,chip_pin,approved,APPROVE,24.79,0.9479628882613957,1,0,0,0,0,0,0,3,173,18,25,26,terminal_customer_network_burst;night_activity,0.26,0.03372042491386365,0.26
X000201814,2026-02-19 02:45:17,C001650,A0001650,M00566,T00559,West,West,566.0,USD,card_present,chip_pin,approved,APPROVE,267.79,2.1135964748496954,1,0,0,0,0,0,0,8,137,12,107,51,customer_velocity;terminal_customer_network_burst;night_activity,0.51,0.003133335310675015,0.51
X000200903,2026-02-19 02:46:09,C001645,A0001645,M00191,T00491,Midwest,Midwest,47.71,USD,card_present,3ds,approved,APPROVE,71.08,0.6712155317951604,1,0,0,0,0,0,0,4,92,9,37,26,terminal_customer_network_burst;night_activity,0.26,0.0065588237226184365,0.26
X000100742,2026-02-19 02:46:40,C000848,A0000848,M00378,T01196,South,South,72.3,USD,ecommerce,3ds,approved,APPROVE,85.3,0.8475967174677609,1,0,0,1,0,0,0,3,189,10,13,26,terminal_customer_network_burst;night_activity,0.26,0.020583111936711966,0.26
X000204541,2026-02-19 02:47:16,C001669,A0001669,M00244,T00336,South,South,9.87,USD,ecommerce,wallet_biometric,approved,APPROVE,18.02,0.5477247502774695,1,0,0,1,0,0,0,1,355,15,16,26,terminal_customer_network_burst;night_activity,0.26,0.035732890474771434,0.26
X000066226,2026-02-19 02:47:51,C000561,A0000561,M00243,T00806,South,South,30.7,USD,ecommerce,wallet_biometric,approved,APPROVE,56.65,0.5419240953221536,1,0,0,1,0,0,0,4,287,14,26,26,terminal_customer_network_burst;night_activity,0.26,0.027562466289124073,0.26
X000234335,2026-02-19 02:48:15,C001910,A0001910,M00549,T00456,South,South,67.33,USD,card_present,wallet_biometric,approved,APPROVE,94.05,0.7158958001063265,1,0,0,0,0,0,0,2,416,24,42,26,terminal_customer_network_burst;night_activity,0.26,0.05841335641308894,0.26
X000070381,2026-02-19 02:48:25,C000597,A0000597,M00592,T00719,South,South,137.85,USD,card_present,3ds,approved,APPROVE,149.87,0.9197971575365316,1,0,0,0,0,0,0,5,326,20,83,51,customer_velocity;terminal_customer_network_burst;night_activity,0.51,0.0123186566969491,0.51
X000112829,2026-02-19 02:48:28,C000943,A0000943,M00184,T01155,South,South,188.79,USD,mobile_wallet,3ds,approved,APPROVE,211.71,0.8917386991639507,1,0,0,0,0,1,0,3,307,17,62,26,terminal_customer_network_burst;night_activity,0.26,0.019016294988727193,0.26
X000176683,2026-02-19 02:49:14,C001456,A0001456,M00181,T00177,South,South,26.07,USD,card_present,3ds,approved,APPROVE,28.56,0.9128151260504203,1,0,0,0,0,0,0,2,147,17,29,26,terminal_customer_network_burst;night_activity,0.26,0.02179821334737405,0.26
X000232286,2026-02-19 02:49:57,C001894,A0001894,M00758,T00582,Northeast,Northeast,414.1,USD,card_present,wallet_biometric,approved,APPROVE,590.99,0.7006886749352781,1,0,0,0,0,0,0,2,339,17,58,26,terminal_customer_network_burst;night_activity,0.26,0.012893602307612141,0.26
X000072956,2026-02-19 02:50:30,C000616,A0000616,M00376,T00702,South,South,89.44,USD,card_present,3ds,approved,APPROVE,67.43,1.3264125760047456,1,0,0,0,0,0,0,2,194,12,27,26,terminal_customer_network_burst;night_activity,0.26,0.017237443543074698,0.26
X000204125,2026-02-19 02:50:32,C001667,A0001667,M00294,T00904,South,South,457.49,USD,card_present,3ds,approved,APPROVE,187.97,2.4338458264616696,1,0,0,0,0,0,0,8,280,15,106,51,customer_velocity;terminal_customer_network_burst;night_activity,0.51,0.007591370804238203,0.51
X000039213,2026-02-19 02:51:13,C000333,A0000333,M00513,T00308,Midwest,Midwest,123.84,USD,card_present,chip_pin,approved,APPROVE,85.49,1.4485904784185286,1,0,0,0,0,0,0,4,184,10,48,26,terminal_customer_network_burst;night_activity,0.26,0.008977376911753515,0.26
X000061459,2026-02-19 02:51:14,C000524,A0000524,M00511,T00501,Midwest,Midwest,19.65,USD,ecommerce,magstripe,approved,APPROVE,48.13,0.4082692707251194,1,0,0,1,1,0,0,5,201,16,35,71,customer_velocity;terminal_customer_network_burst;ecommerce_authentication_shift;night_activity,0.71,0.047448458873814665,0.71
X000194983,2026-02-19 02:51:32,C001602,A0001602,M00779,T00146,South,South,61.0,USD,card_present,3ds,approved,APPROVE,87.97,0.693418210753666,1,0,0,0,0,0,0,7,473,19,57,51,customer_velocity;terminal_customer_network_burst;night_activity,0.51,0.04170287595984803,0.51
X000169088,2026-02-19 02:51:37,C001397,A0001397,M00738,T00899,South,South,78.91,USD,ecommerce,wallet_biometric,approved,APPROVE,55.89,1.4118804795133297,1,0,0,1,0,0,0,4,423,20,60,26,terminal_customer_network_burst;night_activity,0.26,0.03736813454947238,0.26
X000000133,2026-02-19 02:51:38,C000001,A0000001,M00372,T00095,South,South,156.91,USD,card_present,chip_pin,approved,APPROVE,215.65,0.7276141896591699,1,0,0,0,0,0,0,1,319,21,50,26,terminal_customer_network_burst;night_activity,0.26,0.022738390536641867,0.26
X000124787,2026-02-19 02:51:40,C001030,A0001030,M00452,T00101,Northeast,Northeast,67.34,USD,card_present,chip_pin,approved,APPROVE,208.04,0.3236877523553163,1,0,0,0,0,0,0,8,275,10,109,51,customer_velocity;terminal_customer_network_burst;night_activity,0.51,0.001593006849195046,0.51
X000142642,2026-02-19 02:52:31,C001175,A0001175,M00009,T00774,South,South,28.28,USD,card_present,3ds,approved,APPROVE,49.84,0.5674157303370786,1,0,0,0,0,0,0,1,247,15,36,26,terminal_customer_network_burst;night_activity,0.26,0.013783134534305441,0.26
X000149632,2026-02-19 02:53:00,C001231,A0001231,M00052,T00717,South,South,152.13,USD,ecommerce,chip_pin,approved,APPROVE,101.36,1.5008879242304656,1,0,0,1,0,0,0,1,194,19,17,26,terminal_customer_network_burst;night_activity,0.26,0.05324196573082466,0.26
X000006559,2026-02-19 02:53:11,C000058,A0000058,M00326,T01151,Northeast,Northeast,430.75,USD,ecommerce,wallet_biometric,approved,APPROVE,206.58,2.085148610707716,1,0,0,1,0,0,0,4,221,13,39,26,terminal_customer_network_burst;night_activity,0.26,0.025457823620599215,0.26
X000031020,2026-02-19 02:53:21,C000262,A0000262,M00588,T01157,Northeast,West,46.37,USD,card_present,chip_pin,approved,APPROVE,84.93,0.5459790415636405,1,0,0,0,0,0,1,2,71,16,0,53,new_customer_terminal_pair;terminal_customer_network_burst;night_activity;home_region_mismatch,0.53,0.2808881764600441,0.53
X000169355,2026-02-19 02:53:37,C001399,A0001399,M00163,T00029,Midwest,Midwest,97.22,USD,mobile_wallet,wallet_biometric,approved,APPROVE,96.42,1.0082970338104127,1,0,0,0,0,1,0,3,93,13,44,26,terminal_customer_network_burst;night_activity,0.26,0.0128878087524262,0.26
X000143135,2026-02-19 02:54:54,C001179,A0001179,M00337,T00318,West,West,70.11,USD,ecommerce,chip_pin,approved,APPROVE,45.31,1.5473405429265061,1,0,0,1,0,0,0,2,131,13,37,26,terminal_customer_network_burst;night_activity,0.26,0.013816084708379311,0.26
X000147600,2026-02-19 02:55:22,C001219,A0001219,M00275,T00496,Northeast,Northeast,30.08,USD,card_present,3ds,approved,APPROVE,37.58,0.8004257583821182,1,0,0,0,0,0,0,1,148,17,17,26,terminal_customer_network_burst;night_activity,0.26,0.027252722512705895,0.26
X000099251,2026-02-19 02:55:35,C000832,A0000832,M00639,T00245,Midwest,Midwest,55.85,USD,mobile_wallet,3ds,approved,APPROVE,28.61,1.952114645228941,1,0,0,0,0,1,0,3,105,13,16,26,terminal_customer_network_burst;night_activity,0.26,0.04691952419106923,0.26
X000216238,2026-02-19 02:55:46,C001766,A0001766,M00641,T00246,West,West,19.94,USD,ecommerce,3ds,approved,APPROVE,30.82,0.6469824789097989,1,0,0,1,0,0,0,1,38,13,26,26,terminal_customer_network_burst;night_activity,0.26,0.009601056212218585,0.26
X000069953,2026-02-19 02:55:51,C000595,A0000595,M00526,T00055,South,South,29.27,USD,card_present,chip_pin,approved,APPROVE,30.54,0.95841519318926,1,0,0,0,0,0,0,2,171,16,26,26,terminal_customer_network_burst;night_activity,0.26,0.023097016688800598,0.26
X000052640,2026-02-19 02:56:24,C000443,A0000443,M00038,T00874,South,South,54.76,USD,card_present,wallet_biometric,approved,APPROVE,42.11,1.3004037045832344,1,0,0,0,0,0,0,1,503,29,25,26,terminal_customer_network_burst;night_activity,0.26,0.21636589569538744,0.26
X000069575,2026-02-19 02:56:28,C000591,A0000591,M00305,T01095,Northeast,Northeast,98.43,USD,card_present,wallet_biometric,approved,APPROVE,42.51,2.31545518701482,1,0,0,0,0,0,0,0,137,12,14,26,terminal_customer_network_burst;night_activity,0.26,0.026608310096689895,0.26
X000032674,2026-02-19 02:56:32,C000276,A0000276,M00579,T01107,West,West,41.64,USD,card_present,chip_pin,approved,APPROVE,60.66,0.6864490603363007,1,0,0,0,0,0,0,2,110,11,27,26,terminal_customer_network_burst;night_activity,0.26,0.009559938858001481,0.26
X000222628,2026-02-19 02:57:02,C001813,A0001813,M00529,T00863,Midwest,Midwest,210.67,USD,mobile_wallet,3ds,approved,APPROVE,190.87,1.1037355267983444,1,0,0,0,0,1,0,3,116,8,76,26,terminal_customer_network_burst;night_activity,0.26,0.002799212273424345,0.26
X000185992,2026-02-19 02:57:50,C001528,A0001528,M00179,T00767,Midwest,Midwest,27.94,USD,card_present,3ds,approved,APPROVE,24.88,1.1229903536977492,1,0,0,0,0,0,0,0,148,16,42,26,terminal_customer_network_burst;night_activity,0.26,0.011061026978664982,0.26
X000237188,2026-02-19 02:57:52,C001934,A0001934,M00667,T00182,Northeast,Northeast,220.22,USD,card_present,chip_pin,approved,APPROVE,164.43,1.3392933163048104,1,0,0,0,0,0,0,7,245,11,68,51,customer_velocity;terminal_customer_network_burst;night_activity,0.51,0.00842020490366048,0.51
X000217220,2026-02-19 02:59:53,C001773,A0001773,M00592,T00719,South,South,147.1,USD,card_present,3ds,approved,APPROVE,311.99,0.47148947081637227,1,0,0,0,0,0,0,8,327,20,94,51,customer_velocity;terminal_customer_network_burst;night_activity,0.51,0.010266591033238534,0.51
X000087664,2026-02-19 03:00:00,C000735,A0000735,M00556,T00223,South,South,71.93,USD,ecommerce,chip_pin,approved,APPROVE,65.82,1.092828927377697,1,0,0,1,0,0,0,3,298,15,34,26,terminal_customer_network_burst;night_activity,0.26,0.027408695142612717,0.26
X000024356,2026-02-19 03:00:45,C000205,A0000205,M00416,T00403,South,West,40.08,USD,ecommerce,chip_pin,approved,APPROVE,29.25,1.37025641025641,1,0,0,1,0,0,1,2,284,15,0,53,new_customer_terminal_pair;terminal_customer_network_burst;night_activity;home_region_mismatch,0.53,0.47042685177448845,0.53
X000225423,2026-02-19 03:01:00,C001837,A0001837,M00528,T00301,Midwest,Midwest,47.46,USD,card_present,wallet_biometric,approved,APPROVE,31.4,1.5114649681528662,1,0,0,0,0,0,0,1,185,17,17,26,terminal_customer_network_burst;night_activity,0.26,0.03958430744024343,0.26
X000229197,2026-02-19 03:01:01,C001866,A0001866,M00296,T00252,South,South,52.08,USD,card_present,chip_pin,approved,APPROVE,38.71,1.345388788426763,1,0,0,0,0,0,0,6,282,21,35,51,customer_velocity;terminal_customer_network_burst;night_activity,0.51,0.07406232074496406,0.51
X000243870,2026-02-19 03:01:02,C001988,A0001988,M00270,T00935,South,South,104.73,USD,ecommerce,3ds,approved,APPROVE,86.5,1.2107514450867052,1,0,0,1,0,0,0,5,144,10,32,51,customer_velocity;terminal_customer_network_burst;night_activity,0.51,0.01459781089817013,0.51
X000087358,2026-02-19 03:01:15,C000733,A0000733,M00137,T00707,Midwest,Midwest,258.81,USD,card_present,chip_pin,approved,APPROVE,190.79,1.356517637192725,1,0,0,0,0,0,0,0,78,11,31,26,terminal_customer_network_burst;night_activity,0.26,0.008037897881403154,0.26
X000082204,2026-02-19 03:01:20,C000688,A0000688,M00706,T00053,Northeast,Northeast,25.74,USD,card_present,chip_pin,approved,APPROVE,48.53,0.5303935709870183,1,0,0,0,0,0,0,4,230,16,48,26,terminal_customer_network_burst;night_activity,0.26,0.01410918335983163,0.26
X000000762,2026-02-19 03:02:00,C000008,A0000008,M00430,T01143,South,South,135.42,USD,mobile_wallet,3ds,approved,APPROVE,124.57,1.0870996227020953,1,0,0,0,0,1,0,3,290,17,38,26,terminal_customer_network_burst;night_activity,0.26,0.04201578231668412,0.26
X000141523,2026-02-19 03:02:05,C001165,A0001165,M00230,T01120,West,West,49.32,USD,card_present,3ds,approved,APPROVE,51.53,0.9571123617310304,1,0,0,0,0,0,0,0,53,15,16,26,terminal_customer_network_burst;night_activity,0.26,0.016632915118266534,0.26
X000154479,2026-02-19 03:02:21,C001272,A0001272,M00311,T00342,Midwest,Midwest,68.52,USD,card_present,wallet_biometric,approved,APPROVE,37.0,1.8518918918918919,1,0,0,0,0,0,0,0,115,13,21,26,terminal_customer_network_burst;night_activity,0.26,0.018808355215480722,0.26
X000010457,2026-02-19 03:02:53,C000094,A0000094,M00645,T00905,South,South,11.97,USD,ecommerce,chip_pin,approved,APPROVE,30.46,0.39297439264609324,1,0,0,1,0,0,0,0,427,21,33,26,terminal_customer_network_burst;night_activity,0.26,0.04189343375655612,0.26
X000151914,2026-02-19 03:03:37,C001248,A0001248,M00086,T00198,Midwest,Midwest,62.39,USD,mobile_wallet,3ds,approved,APPROVE,51.53,1.210751018823986,1,0,0,0,0,1,0,3,143,11,18,26,terminal_customer_network_burst;night_activity,0.26,0.028775742691534708,0.26
X000215254,2026-02-19 03:04:00,C001757,A0001757,M00737,T00804,Midwest,Midwest,579.81,USD,card_present,chip_pin,approved,APPROVE,178.56,3.2471438172043006,1,0,0,0,0,0,0,5,245,14,41,81,amount_vs_profile;customer_velocity;terminal_customer_network_burst;night_activity,0.81,0.04787004446886143,0.81
X000006236,2026-02-19 03:04:43,C000056,A0000056,M00074,T00967,South,South,45.93,USD,card_present,3ds,approved,APPROVE,99.33,0.46239806704922987,1,0,0,0,0,0,0,2,357,20,75,26,terminal_customer_network_burst;night_activity,0.26,0.010101052867750494,0.26
X000104386,2026-02-19 03:04:45,C000878,A0000878,M00784,T00354,South,South,125.69,USD,card_present,chip_pin,approved,APPROVE,146.02,0.8607724969182303,1,0,0,0,0,0,0,5,347,15,69,51,customer_velocity;terminal_customer_network_burst;night_activity,0.51,0.011056727758992262,0.51
X000221790,2026-02-19 03:05:00,C001806,A0001806,M00798,T00402,Northeast,Northeast,516.75,USD,card_present,magstripe,approved,APPROVE,336.93,1.5337013623007747,1,0,0,0,1,0,0,5,278,15,64,51,customer_velocity;terminal_customer_network_burst;night_activity,0.51,0.030563505438073155,0.51
X000009342,2026-02-19 03:05:15,C000085,A0000085,M00496,T00236,Midwest,Midwest,43.41,USD,card_present,3ds,approved,APPROVE,141.88,0.30596278545249506,1,0,0,0,0,0,0,3,150,11,28,26,terminal_customer_network_burst;night_activity,0.26,0.009880391038591901,0.26
X000215094,2026-02-19 03:06:13,C001756,A0001756,M00786,T00776,Northeast,Northeast,131.2,USD,mobile_wallet,chip_pin,approved,APPROVE,74.2,1.7681940700808623,1,0,0,0,0,1,0,7,175,12,28,51,customer_velocity;terminal_customer_network_burst;night_activity,0.51,0.05007463594163537,0.51
X000243310,2026-02-19 03:06:18,C001985,A0001985,M00486,T00218,South,South,21.83,USD,ecommerce,chip_pin,approved,APPROVE,35.73,0.610971172684019,1,0,0,1,0,0,0,4,218,16,34,26,terminal_customer_network_burst;night_activity,0.26,0.023304169714471516,0.26
X000049704,2026-02-19 03:06:22,C000415,A0000415,M00402,T00179,South,South,109.04,USD,ecommerce,chip_pin,approved,APPROVE,42.93,2.539948753785232,1,0,0,1,0,0,0,3,219,12,37,26,terminal_customer_network_burst;night_activity,0.26,0.025675536180545497,0.26
X000125709,2026-02-19 03:06:23,C001035,A0001035,M00336,T00988,West,West,22.79,USD,card_present,chip_pin,approved,APPROVE,47.5,0.4797894736842105,1,0,0,0,0,0,0,2,135,10,36,26,terminal_customer_network_burst;night_activity,0.26,0.006230051596004882,0.26
X000061351,2026-02-19 03:06:29,C000523,A0000523,M00021,T00406,South,South,48.27,USD,ecommerce,chip_pin,approved,APPROVE,46.64,1.0349485420240139,1,0,0,1,0,0,0,2,221,17,11,26,terminal_customer_network_burst;night_activity,0.26,0.05099792968712908,0.26
X000184110,2026-02-19 03:06:53,C001516,A0001516,M00600,T00588,South,South,78.99,USD,ecommerce,chip_pin,approved,APPROVE,98.31,0.8034787915776624,1,0,0,1,0,0,0,2,207,16,33,26,terminal_customer_network_burst;night_activity,0.26,0.02005947921239452,0.26
X000189411,2026-02-19 03:06:56,C001556,A0001556,M00200,T00991,Midwest,Midwest,77.09,USD,card_present,chip_pin,approved,APPROVE,74.51,1.0346262246678297,1,0,0,0,0,0,0,2,72,16,23,26,terminal_customer_network_burst;night_activity,0.26,0.020401090044972904,0.26
X000048848,2026-02-19 03:07:06,C000409,A0000409,M00023,T00108,Midwest,Midwest,36.1,USD,card_present,chip_pin,approved,APPROVE,44.57,0.809961857751851,1,0,0,0,0,0,0,7,312,13,33,51,customer_velocity;terminal_customer_network_burst;night_activity,0.51,0.031195685515768977,0.51
X000125443,2026-02-19 03:07:15,C001033,A0001033,M00365,T00324,South,South,15.34,USD,mobile_wallet,wallet_biometric,approved,APPROVE,19.63,0.7814569536423841,1,0,0,0,0,1,0,1,304,24,29,26,terminal_customer_network_burst;night_activity,0.26,0.0889778450925396,0.26
X000027264,2026-02-19 03:07:20,C000234,A0000234,M00420,T00678,West,West,119.7,USD,ecommerce,wallet_biometric,approved,APPROVE,126.7,0.9447513812154696,1,0,0,1,0,0,0,4,156,12,46,26,terminal_customer_network_burst;night_activity,0.26,0.009705542613017374,0.26
X000166065,2026-02-19 03:08:51,C001369,A0001369,M00747,T00259,West,West,18.67,USD,mobile_wallet,3ds,approved,APPROVE,29.13,0.6409200137315483,1,0,0,0,0,1,0,1,99,11,19,26,terminal_customer_network_burst;night_activity,0.26,0.015766311844934044,0.26
X000106322,2026-02-19 03:09:48,C000892,A0000892,M00592,T00596,South,South,92.03,USD,mobile_wallet,3ds,approved,APPROVE,190.06,0.4842155108912975,1,0,0,0,0,1,0,8,267,18,55,51,customer_velocity;terminal_customer_network_burst;night_activity,0.51,0.036391450444414275,0.51
X000154062,2026-02-19 03:10:37,C001267,A0001267,M00215,T00873,South,South,43.8,USD,card_present,wallet_biometric,approved,APPROVE,58.36,0.7505140507196709,1,0,0,0,0,0,0,3,164,14,20,26,terminal_customer_network_burst;night_activity,0.26,0.022478588297440278,0.26
X000240316,2026-02-19 03:11:33,C001960,A0001960,M00580,T00415,South,South,71.67,USD,ecommerce,chip_pin,approved,APPROVE,31.09,2.305242843357993,1,0,0,1,0,0,0,1,359,22,25,26,terminal_customer_network_burst;night_activity,0.26,0.11640633826522508,0.26
X000022403,2026-02-19 03:12:02,C000193,A0000193,M00592,T00719,South,South,37.54,USD,ecommerce,3ds,approved,APPROVE,30.04,1.2496671105193076,1,0,0,1,0,0,0,2,328,20,20,26,terminal_customer_network_burst;night_activity,0.26,0.07617357055985975,0.26
X000064773,2026-02-19 03:12:38,C000549,A0000549,M00050,T01119,Midwest,Midwest,118.47,USD,card_present,chip_pin,approved,APPROVE,77.83,1.5221636900937943,1,0,0,0,0,0,0,3,265,15,47,26,terminal_customer_network_burst;night_activity,0.26,0.01878767899825748,0.26
X000124203,2026-02-19 03:12:46,C001027,A0001027,M00406,T00057,South,South,17.52,USD,card_present,chip_pin,approved,APPROVE,46.18,0.3793850151580771,1,0,0,0,0,0,0,0,264,17,21,26,terminal_customer_network_burst;night_activity,0.26,0.024229870331436254,0.26
X000072256,2026-02-19 03:12:52,C000610,A0000610,M00524,T00085,West,West,80.07,USD,card_present,chip_pin,approved,APPROVE,97.14,0.8242742433600988,1,0,0,0,0,0,0,6,193,15,77,51,customer_velocity;terminal_customer_network_burst;night_activity,0.51,0.006379658199516079,0.51
X000178560,2026-02-19 03:14:30,C001470,A0001470,M00675,T00834,Midwest,Midwest,302.15,USD,card_present,3ds,approved,APPROVE,151.7,1.9917600527356625,1,0,0,0,0,0,0,0,143,15,27,26,terminal_customer_network_burst;night_activity,0.26,0.022264110436398175,0.26
X000051637,2026-02-19 03:14:31,C000436,A0000436,M00435,T00513,Midwest,Midwest,19.71,USD,ecommerce,chip_pin,approved,APPROVE,54.38,0.36244942993747703,1,0,0,1,0,0,0,3,183,14,31,26,terminal_customer_network_burst;night_activity,0.26,0.014982267655680882,0.26
X000054303,2026-02-19 03:14:31,C000460,A0000460,M00454,T00977,West,West,17.07,USD,card_present,magstripe,approved,APPROVE,78.75,0.21676190476190477,1,0,0,0,1,0,0,3,115,11,30,26,terminal_customer_network_burst;night_activity,0.26,0.01760412667780329,0.26
X000218420,2026-02-19 03:14:52,C001784,A0001784,M00433,T00752,Midwest,Midwest,92.37,USD,ecommerce,magstripe,approved,APPROVE,55.21,1.673066473464952,1,0,0,1,1,0,0,1,196,14,29,46,terminal_customer_network_burst;ecommerce_authentication_shift;night_activity,0.46,0.046955606331788545,0.46
X000184254,2026-02-19 03:15:12,C001517,A0001517,M00459,T00809,Northeast,Northeast,41.38,USD,mobile_wallet,magstripe,approved,APPROVE,72.94,0.5673156018645462,1,0,0,0,1,1,0,2,261,18,26,26,terminal_customer_network_burst;night_activity,0.26,0.09573320465709949,0.26
X000098932,2026-02-19 03:15:23,C000829,A0000829,M00367,T00335,South,South,29.98,USD,ecommerce,3ds,approved,APPROVE,31.11,0.9636772741883639,1,0,0,1,0,0,0,1,238,17,30,26,terminal_customer_network_burst;night_activity,0.26,0.025461413803370928,0.26
X000039037,2026-02-19 03:15:49,C000332,A0000332,M00460,T00677,Midwest,Midwest,30.7,USD,card_present,3ds,approved,APPROVE,48.16,0.6374584717607974,1,0,0,0,0,0,0,3,298,22,48,26,terminal_customer_network_burst;night_activity,0.26,0.031318593616897795,0.26
X000025690,2026-02-19 03:15:59,C000219,A0000219,M00084,T00910,Midwest,Midwest,36.64,USD,ecommerce,3ds,approved,APPROVE,76.75,0.4773941368078176,1,0,0,1,0,0,0,2,218,14,14,26,terminal_customer_network_burst;night_activity,0.26,0.026247049895755697,0.26
X000017603,2026-02-19 03:16:27,C000150,A0000150,M00394,T00597,South,South,93.03,USD,card_present,wallet_biometric,approved,APPROVE,224.61,0.41418458661680246,1,0,0,0,0,0,0,5,246,19,53,51,customer_velocity;terminal_customer_network_burst;night_activity,0.51,0.019065307687157976,0.51
X000181036,2026-02-19 03:16:30,C001488,A0001488,M00800,T00613,West,West,61.23,USD,card_present,3ds,approved,APPROVE,63.55,0.9634933123524784,1,0,0,0,0,0,0,0,145,16,19,26,terminal_customer_network_burst;night_activity,0.26,0.02149720981482653,0.26
X000160419,2026-02-19 03:17:43,C001324,A0001324,M00231,T00176,South,South,44.36,USD,mobile_wallet,3ds,approved,APPROVE,44.34,1.0004510599909786,1,0,0,0,0,1,0,3,254,16,29,26,terminal_customer_network_burst;night_activity,0.26,0.043882013947634045,0.26
X000178740,2026-02-19 03:18:05,C001472,A0001472,M00289,T00362,South,South,38.5,USD,card_present,chip_pin,approved,APPROVE,48.86,0.7879656160458453,1,0,0,0,0,0,0,3,288,25,37,26,terminal_customer_network_burst;night_activity,0.26,0.06407750636393589,0.26
X000129683,2026-02-19 03:18:22,C001066,A0001066,M00387,T00209,Northeast,Northeast,17.57,USD,card_present,magstripe,approved,APPROVE,57.96,0.3031400966183575,1,0,0,0,1,0,0,2,214,17,38,26,terminal_customer_network_burst;night_activity,0.26,0.03243740254001943,0.26
X000106004,2026-02-19 03:18:24,C000890,A0000890,M00392,T00760,Midwest,Midwest,56.21,USD,card_present,chip_pin,approved,APPROVE,41.95,1.3399284862932062,1,0,0,0,0,0,0,2,97,10,19,26,terminal_customer_network_burst;night_activity,0.26,0.01384484339606611,0.26
X000092532,2026-02-19 03:18:25,C000774,A0000774,M00476,T00184,Midwest,Midwest,34.26,USD,ecommerce,3ds,approved,APPROVE,72.34,0.4735969035111971,1,0,0,1,0,0,0,1,164,13,22,26,terminal_customer_network_burst;night_activity,0.26,0.014039970685466481,0.26
X000043243,2026-02-19 03:19:06,C000365,A0000365,M00442,T00105,West,West,42.34,USD,ecommerce,3ds,approved,APPROVE,21.43,1.9757349510032667,1,0,0,1,0,0,0,2,218,17,20,26,terminal_customer_network_burst;night_activity,0.26,0.05521705729726328,0.26
X000040690,2026-02-19 03:19:27,C000345,A0000345,M00270,T00562,South,South,43.07,USD,card_present,3ds,approved,APPROVE,84.45,0.5100059206631142,1,0,0,0,0,0,0,1,213,17,31,26,terminal_customer_network_burst;night_activity,0.26,0.01832231781919709,0.26
X000020739,2026-02-19 03:19:29,C000180,A0000180,M00127,T00278,South,South,89.06,USD,card_present,3ds,approved,APPROVE,39.47,2.256397263744616,1,0,0,0,0,0,0,0,157,14,18,26,terminal_customer_network_burst;night_activity,0.26,0.030346852998712866,0.26
X000026780,2026-02-19 03:20:09,C000230,A0000230,M00184,T00058,South,South,320.61,USD,mobile_wallet,chip_pin,approved,APPROVE,79.41,4.037400831129581,1,0,0,0,0,1,0,2,317,23,25,56,amount_vs_profile;terminal_customer_network_burst;night_activity,0.56,0.30298071708564495,0.56
X000023512,2026-02-19 03:20:21,C000200,A0000200,M00080,T00590,Midwest,Midwest,106.29,USD,ecommerce,chip_pin,approved,APPROVE,41.87,2.5385717697635544,1,0,0,1,0,0,0,2,214,13,30,26,terminal_customer_network_burst;night_activity,0.26,0.03164312140344018,0.26
X000046097,2026-02-19 03:20:24,C000386,A0000386,M00524,T00505,West,West,49.52,USD,card_present,wallet_biometric,approved,APPROVE,59.52,0.831989247311828,1,0,0,0,0,0,0,1,107,16,23,26,terminal_customer_network_burst;night_activity,0.26,0.01830678237676473,0.26
X000182005,2026-02-19 03:21:14,C001498,A0001498,M00452,T00329,Northeast,Northeast,65.25,USD,ecommerce,wallet_biometric,approved,APPROVE,61.48,1.0613207547169812,1,0,0,1,0,0,0,2,350,14,18,26,terminal_customer_network_burst;night_activity,0.26,0.040529870714025626,0.26
X000125912,2026-02-19 03:21:17,C001037,A0001037,M00486,T00714,South,South,22.2,USD,ecommerce,chip_pin,approved,APPROVE,22.67,0.9792677547419496,1,0,0,1,0,0,0,3,331,19,30,26,terminal_customer_network_burst;night_activity,0.26,0.05096002808545341,0.26
X000234802,2026-02-19 03:21:43,C001914,A0001914,M00668,T00869,Midwest,Midwest,434.08,USD,card_present,chip_pin,approved,APPROVE,344.59,1.259699933254012,1,0,0,0,0,0,0,3,256,13,60,26,terminal_customer_network_burst;night_activity,0.26,0.008605099314627962,0.26
X000236015,2026-02-19 03:22:16,C001924,A0001924,M00255,T00006,West,West,92.58,USD,card_present,magstripe,approved,APPROVE,58.25,1.5893562231759657,1,0,0,0,1,0,0,0,82,9,11,26,terminal_customer_network_burst;night_activity,0.26,0.028741401952495957,0.26
X000059732,2026-02-19 03:22:35,C000508,A0000508,M00376,T00048,South,South,147.28,USD,card_present,wallet_biometric,approved,APPROVE,137.0,1.075036496350365,1,0,0,0,0,0,0,0,188,10,25,26,terminal_customer_network_burst;night_activity,0.26,0.010248024890412264,0.26
X000224858,2026-02-19 03:22:35,C001833,A0001833,M00325,T00368,Northeast,Northeast,7.19,USD,card_present,chip_pin,approved,APPROVE,18.15,0.39614325068870526,1,0,0,0,0,0,0,2,159,15,49,26,terminal_customer_network_burst;night_activity,0.26,0.00759706238555666,0.26
X000224669,2026-02-19 03:22:40,C001832,A0001832,M00791,T00304,South,South,264.33,USD,ecommerce,chip_pin,approved,APPROVE,173.44,1.5240428966789668,1,0,0,1,0,0,0,2,394,19,100,26,terminal_customer_network_burst;night_activity,0.26,0.007147848985573965,0.26
X000050284,2026-02-19 03:23:01,C000421,A0000421,M00645,T00905,South,South,18.46,USD,ecommerce,magstripe,approved,APPROVE,23.99,0.7694872863693206,1,0,0,1,1,0,0,1,428,21,11,46,terminal_customer_network_burst;ecommerce_authentication_shift;night_activity,0.46,0.20381089211780692,0.46
X000172982,2026-02-19 03:23:10,C001427,A0001427,M00763,T00601,South,South,64.4,USD,card_present,chip_pin,approved,APPROVE,28.02,2.2983583154889367,1,0,0,0,0,0,0,3,318,25,25,26,terminal_customer_network_burst;night_activity,0.26,0.1684572462514075,0.26
X000101835,2026-02-19 03:25:26,C000857,A0000857,M00118,T01000,West,West,68.91,USD,mobile_wallet,wallet_biometric,approved,APPROVE,58.75,1.1729361702127659,1,0,0,0,0,1,0,0,47,8,8,26,terminal_customer_network_burst;night_activity,0.26,0.015247385892820433,0.26
X000007102,2026-02-19 03:26:35,C000065,A0000065,M00327,T00251,South,South,6.96,USD,card_present,chip_pin,approved,APPROVE,9.15,0.760655737704918,1,0,0,0,0,0,0,0,175,17,8,26,terminal_customer_network_burst;night_activity,0.26,0.03399915787112152,0.26
X000216562,2026-02-19 03:26:39,C001770,A0001770,M00576,T00152,Midwest,Midwest,209.14,USD,card_present,3ds,approved,APPROVE,144.7,1.445335176226676,1,0,0,0,0,0,0,1,130,19,30,26,terminal_customer_network_burst;night_activity,0.26,0.028117939079961272,0.26
X000101018,2026-02-19 03:26:57,C000850,A0000850,M00366,T00195,Northeast,Northeast,241.79,USD,card_present,3ds,approved,APPROVE,158.88,1.5218403826787512,1,0,0,0,0,0,0,5,194,12,62,51,customer_velocity;terminal_customer_network_burst;night_activity,0.51,0.008597234463713455,0.51
X000163564,2026-02-19 03:26:59,C001348,A0001348,M00323,T01185,South,South,71.42,USD,card_present,3ds,approved,APPROVE,58.02,1.230954843157532,1,0,0,0,0,0,0,2,333,17,74,26,terminal_customer_network_burst;night_activity,0.26,0.009403384312091322,0.26
X000004966,2026-02-19 03:27:29,C000045,A0000045,M00454,T00240,West,West,23.21,USD,ecommerce,chip_pin,approved,APPROVE,25.21,0.9206664022213408,1,0,0,1,0,0,0,2,33,7,27,8,night_activity,0.08,0.005677528285194397,0.08
X000172683,2026-02-19 03:27:39,C001424,A0001424,M00740,T00262,Northeast,Northeast,76.03,USD,mobile_wallet,wallet_biometric,soft_decline,CHALLENGE,44.21,1.7197466636507577,1,0,1,0,0,1,0,1,87,14,20,34,terminal_customer_network_burst;night_activity;authentication_soft_decline,0.34,0.13694408088563634,0.34
X000022661,2026-02-19 03:27:46,C000195,A0000195,M00724,T01129,West,West,90.47,USD,card_present,chip_pin,approved,APPROVE,82.17,1.101010101010101,1,0,0,0,0,0,0,4,195,12,44,26,terminal_customer_network_burst;night_activity,0.26,0.011547721683501004,0.26
X000063186,2026-02-19 03:27:53,C000535,A0000535,M00262,T00060,South,South,74.57,USD,ecommerce,chip_pin,approved,APPROVE,48.67,1.532155331826587,1,0,0,1,0,0,0,1,352,19,14,26,terminal_customer_network_burst;night_activity,0.26,0.08627708325500952,0.26
X000241919,2026-02-19 03:27:59,C001974,A0001974,M00146,T01149,Midwest,Northeast,195.56,USD,card_present,chip_pin,approved,APPROVE,141.77,1.3794173661564506,1,0,0,0,0,0,1,1,54,3,0,35,new_customer_terminal_pair;night_activity;home_region_mismatch,0.35,0.09047749417156511,0.35
X000008645,2026-02-19 03:28:14,C000078,A0000078,M00552,T00602,Northeast,Northeast,225.3,USD,ecommerce,wallet_biometric,approved,APPROVE,106.16,2.122268274302939,1,0,0,1,0,0,0,3,234,14,59,26,terminal_customer_network_burst;night_activity,0.26,0.01412298498779978,0.26
X000214764,2026-02-19 03:28:23,C001753,A0001753,M00316,T00389,South,South,99.17,USD,ecommerce,magstripe,approved,APPROVE,148.46,0.6679913781489963,1,0,0,1,1,0,0,0,376,20,50,46,terminal_customer_network_burst;ecommerce_authentication_shift;night_activity,0.46,0.04549027832352896,0.46
X000024966,2026-02-19 03:28:35,C000211,A0000211,M00214,T00538,West,West,166.84,USD,ecommerce,magstripe,approved,APPROVE,59.08,2.8239675016926205,1,0,0,1,1,0,0,1,30,10,21,46,terminal_customer_network_burst;ecommerce_authentication_shift;night_activity,0.46,0.03975722384124832,0.46
X000051970,2026-02-19 03:29:41,C000439,A0000439,M00604,T00623,Northeast,Northeast,69.61,USD,card_present,wallet_biometric,approved,APPROVE,47.61,1.4620877966813695,1,0,0,0,0,0,0,4,194,19,36,26,terminal_customer_network_burst;night_activity,0.26,0.038722067564526695,0.26
X000018546,2026-02-19 03:31:20,C000158,A0000158,M00085,T00540,Northeast,Northeast,16.78,USD,ecommerce,chip_pin,approved,APPROVE,26.2,0.6404580152671756,1,0,0,1,0,0,0,1,201,10,21,26,terminal_customer_network_burst;night_activity,0.26,0.011981375351329834,0.26
X000036656,2026-02-19 03:31:33,C000314,A0000314,M00560,T00894,West,West,27.24,USD,ecommerce,chip_pin,approved,APPROVE,58.0,0.46965517241379307,1,0,0,1,0,0,0,2,54,12,27,26,terminal_customer_network_burst;night_activity,0.26,0.009005764288588595,0.26
X000175061,2026-02-19 03:32:10,C001441,A0001441,M00268,T00608,West,West,387.17,USD,card_present,chip_pin,approved,APPROVE,286.38,1.351944968224038,1,0,0,0,0,0,0,3,202,9,51,26,terminal_customer_network_burst;night_activity,0.26,0.006486124436740148,0.26
X000184111,2026-02-19 03:32:11,C001516,A0001516,M00038,T00874,South,South,54.49,USD,ecommerce,chip_pin,approved,APPROVE,98.31,0.5542671142304954,1,0,0,1,0,0,0,3,504,29,47,26,terminal_customer_network_burst;night_activity,0.26,0.11765805836498498,0.26
X000163901,2026-02-19 03:32:31,C001350,A0001350,M00592,T00596,Midwest,South,139.17,USD,card_present,chip_pin,approved,APPROVE,69.45,2.003887688984881,1,0,0,0,0,0,1,3,268,18,0,53,new_customer_terminal_pair;terminal_customer_network_burst;night_activity;home_region_mismatch,0.53,0.6271731906318087,0.6271731906318087
X000173371,2026-02-19 03:32:43,C001429,A0001429,M00674,T00232,Midwest,Midwest,66.68,USD,card_present,magstripe,approved,APPROVE,67.28,0.9910820451843045,1,0,0,0,1,0,0,5,252,13,52,51,customer_velocity;terminal_customer_network_burst;night_activity,0.51,0.026769162812292767,0.51
X000103815,2026-02-19 03:32:55,C000873,A0000873,M00282,T01131,South,South,138.47,USD,ecommerce,wallet_biometric,approved,APPROVE,95.2,1.454516806722689,1,0,0,1,0,0,0,1,470,22,29,26,terminal_customer_network_burst;night_activity,0.26,0.0981424400989318,0.26
X000223786,2026-02-19 03:33:03,C001825,A0001825,M00392,T00305,Midwest,Midwest,108.45,USD,ecommerce,chip_pin,approved,APPROVE,65.27,1.6615596751953425,1,0,0,1,0,0,0,1,181,11,14,26,terminal_customer_network_burst;night_activity,0.26,0.024123146192259436,0.26
X000093696,2026-02-19 03:33:22,C000785,A0000785,M00400,T00412,West,West,59.87,USD,card_present,chip_pin,approved,APPROVE,53.66,1.1157286619455833,1,0,0,0,0,0,0,2,75,15,14,26,terminal_customer_network_burst;night_activity,0.26,0.02516231403316259,0.26
X000163283,2026-02-19 03:33:48,C001346,A0001346,M00160,T00039,South,South,35.93,USD,card_present,chip_pin,approved,APPROVE,37.91,0.9477710366657874,1,0,0,0,0,0,0,2,277,14,15,26,terminal_customer_network_burst;night_activity,0.26,0.033714110673229915,0.26
X000034565,2026-02-19 03:34:05,C000293,A0000293,M00131,T00897,West,West,68.24,USD,card_present,3ds,approved,APPROVE,39.87,1.7115625783797341,1,0,0,0,0,0,0,2,225,11,28,26,terminal_customer_network_burst;night_activity,0.26,0.018754962320699585,0.26
X000127806,2026-02-19 03:34:12,C001052,A0001052,M00335,T00070,South,South,161.27,USD,ecommerce,chip_pin,approved,APPROVE,146.14,1.1035308608183936,1,0,0,1,0,0,0,10,471,23,103,71,customer_velocity;high_customer_velocity;terminal_customer_network_burst;night_activity,0.71,0.027002594713130552,0.71
X000211412,2026-02-19 03:34:41,C001724,A0001724,M00297,T00721,Northeast,Northeast,67.87,USD,ecommerce,magstripe,approved,APPROVE,61.45,1.1044751830756714,1,0,0,1,1,0,0,2,286,19,21,46,terminal_customer_network_burst;ecommerce_authentication_shift;night_activity,0.46,0.11532404743065795,0.46
X000081795,2026-02-19 03:36:13,C000684,A0000684,M00037,T00050,West,West,35.78,USD,ecommerce,3ds,approved,APPROVE,87.94,0.40686831930861955,1,0,0,1,0,0,0,2,160,12,42,26,terminal_customer_network_burst;night_activity,0.26,0.007098932864078929,0.26
X000061811,2026-02-19 03:36:54,C000526,A0000526,M00416,T01140,West,West,106.97,USD,card_present,wallet_biometric,approved,APPROVE,156.59,0.683121527556038,1,0,0,0,0,0,0,5,112,11,77,51,customer_velocity;terminal_customer_network_burst;night_activity,0.51,0.002707963432702422,0.51
X000014135,2026-02-19 03:37:06,C000119,A0000119,M00183,T00617,South,South,58.94,USD,card_present,magstripe,approved,APPROVE,73.13,0.8059619855052647,1,0,0,0,1,0,0,4,244,15,39,26,terminal_customer_network_burst;night_activity,0.26,0.041210584269097426,0.26
X000230730,2026-02-19 03:37:07,C001881,A0001881,M00510,T00773,West,West,33.9,USD,card_present,3ds,approved,APPROVE,70.14,0.4833190761334474,1,0,0,0,0,0,0,5,53,9,45,51,customer_velocity;terminal_customer_network_burst;night_activity,0.51,0.0047730618263234345,0.51
X000228805,2026-02-19 03:37:31,C001863,A0001863,M00486,T00714,South,South,17.97,USD,card_present,3ds,approved,APPROVE,35.21,0.5103663731894348,1,0,0,0,0,0,0,1,332,19,16,26,terminal_customer_network_burst;night_activity,0.26,0.049829017220528085,0.26
X000158002,2026-02-19 03:37:52,C001299,A0001299,M00163,T01133,Midwest,Midwest,58.68,USD,card_present,wallet_biometric,approved,APPROVE,66.29,0.8852013878413033,1,0,0,0,0,0,0,1,158,8,21,26,terminal_customer_network_burst;night_activity,0.26,0.008878694458962387,0.26
X000210415,2026-02-19 03:38:10,C001715,A0001715,M00378,T00730,South,South,69.91,USD,mobile_wallet,wallet_biometric,approved,APPROVE,37.61,1.8588141451741558,1,0,0,0,0,1,0,3,205,18,28,26,terminal_customer_network_burst;night_activity,0.26,0.06999712521616122,0.26
X000153781,2026-02-19 03:38:18,C001264,A0001264,M00667,T00609,Northeast,Northeast,112.42,USD,card_present,chip_pin,approved,APPROVE,202.11,0.5562317549849092,1,0,0,0,0,0,0,1,410,25,45,26,terminal_customer_network_burst;night_activity,0.26,0.04938906869988485,0.26
X000060905,2026-02-19 03:39:05,C000518,A0000518,M00403,T01126,Northeast,Northeast,45.88,USD,card_present,chip_pin,approved,APPROVE,50.22,0.9135802469135803,1,0,0,0,0,0,0,4,173,16,41,26,terminal_customer_network_burst;night_activity,0.26,0.017816571077151355,0.26
X000209922,2026-02-19 03:39:11,C001712,A0001712,M00376,T00309,South,South,126.68,USD,card_present,chip_pin,approved,APPROVE,184.84,0.6853494914520667,1,0,0,0,0,0,0,9,449,19,68,51,customer_velocity;terminal_customer_network_burst;night_activity,0.51,0.03483883906916013,0.51
X000097480,2026-02-19 03:40:18,C000816,A0000816,M00162,T00759,Midwest,Midwest,469.77,USD,ecommerce,chip_pin,approved,APPROVE,65.77,7.1426182149916375,1,0,0,1,0,0,0,1,209,14,18,81,amount_vs_profile;extreme_amount_vs_profile;terminal_customer_network_burst;night_activity,0.81,0.22712710448036927,0.81
X000035557,2026-02-19 03:40:21,C000301,A0000301,M00213,T00876,Northeast,Northeast,110.4,USD,mobile_wallet,chip_pin,approved,APPROVE,69.87,1.5800772863890082,1,0,0,0,0,1,0,3,178,7,23,8,night_activity,0.08,0.01952785696977962,0.08
X000152470,2026-02-19 03:40:21,C001253,A0001253,M00585,T00052,Midwest,Midwest,40.35,USD,card_present,3ds,approved,APPROVE,45.07,0.8952740181939206,1,0,0,0,0,0,0,5,256,18,57,51,customer_velocity;terminal_customer_network_burst;night_activity,0.51,0.018573026277956886,0.51
X000065330,2026-02-19 03:40:30,C000553,A0000553,M00745,T00823,Northeast,Northeast,71.54,USD,ecommerce,magstripe,approved,APPROVE,69.68,1.0266934557979335,1,0,0,1,1,0,0,1,350,13,36,46,terminal_customer_network_burst;ecommerce_authentication_shift;night_activity,0.46,0.03828713158737611,0.46
X000175481,2026-02-19 03:41:02,C001445,A0001445,M00133,T00854,Northeast,Northeast,33.09,USD,ecommerce,chip_pin,approved,APPROVE,40.61,0.8148239349913815,1,0,0,1,0,0,0,0,264,15,14,26,terminal_customer_network_burst;night_activity,0.26,0.030059452770247328,0.26
X000059445,2026-02-19 03:41:24,C000505,A0000505,M00521,T00168,Northeast,Northeast,78.47,USD,ecommerce,wallet_biometric,approved,APPROVE,119.19,0.658360600721537,1,0,0,1,0,0,0,2,186,12,38,26,terminal_customer_network_burst;night_activity,0.26,0.009558501052782237,0.26
X000119391,2026-02-19 03:42:34,C000989,A0000989,M00094,T00737,South,South,9.46,USD,card_present,chip_pin,approved,APPROVE,26.49,0.35711589278973205,1,0,0,0,0,0,0,1,549,22,16,26,terminal_customer_network_burst;night_activity,0.26,0.10972066749584079,0.26
X000214580,2026-02-19 03:42:37,C001752,A0001752,M00270,T00562,South,South,253.56,USD,ecommerce,chip_pin,approved,APPROVE,165.32,1.5337527219937093,1,0,0,1,0,0,0,3,214,17,53,26,terminal_customer_network_burst;night_activity,0.26,0.018238313692438123,0.26
X000149427,2026-02-19 03:42:41,C001229,A0001229,M00435,T00513,Midwest,Midwest,12.71,USD,card_present,3ds,approved,APPROVE,28.61,0.4442502621461028,1,0,0,0,0,0,0,1,184,14,25,26,terminal_customer_network_burst;night_activity,0.26,0.014138707291950851,0.26
X000078793,2026-02-19 03:43:07,C000663,A0000663,M00230,T00912,West,West,71.84,USD,ecommerce,wallet_biometric,approved,APPROVE,43.0,1.6706976744186048,1,0,0,1,0,0,0,0,67,12,19,26,terminal_customer_network_burst;night_activity,0.26,0.015483053179470484,0.26
X000059733,2026-02-19 03:45:15,C000508,A0000508,M00376,T00048,South,South,64.43,USD,mobile_wallet,chip_pin,approved,APPROVE,137.0,0.47029197080291973,1,0,0,0,0,1,0,1,189,10,26,26,terminal_customer_network_burst;night_activity,0.26,0.013151625222865934,0.26
X000150836,2026-02-19 03:46:02,C001240,A0001240,M00190,T00615,West,West,78.43,USD,card_present,chip_pin,approved,APPROVE,285.64,0.274576389861364,1,0,0,0,0,0,0,3,105,11,52,26,terminal_customer_network_burst;night_activity,0.26,0.0040025687857680485,0.26
X000234026,2026-02-19 03:46:16,C001907,A0001907,M00540,T01173,West,West,553.21,USD,card_present,3ds,approved,APPROVE,168.05,3.2919369235346623,1,0,0,0,0,0,0,3,127,12,55,56,amount_vs_profile;terminal_customer_network_burst;night_activity,0.56,0.014690065855961191,0.56
X000041461,2026-02-19 03:46:53,C000350,A0000350,M00504,T00422,Northeast,Northeast,27.19,USD,card_present,3ds,approved,APPROVE,48.26,0.5634065478657274,1,0,0,0,0,0,0,2,361,14,21,26,terminal_customer_network_burst;night_activity,0.26,0.029573130288804914,0.26
X000202401,2026-02-19 03:47:17,C001655,A0001655,M00717,T00614,South,South,19.97,USD,card_present,chip_pin,approved,APPROVE,33.4,0.5979041916167664,1,0,0,0,0,0,0,1,324,16,19,26,terminal_customer_network_burst;night_activity,0.26,0.03269294939143666,0.26
X000119602,2026-02-19 03:47:54,C000992,A0000992,M00788,T01136,South,South,7.12,USD,ecommerce,3ds,approved,APPROVE,20.57,0.34613514827418573,1,0,0,1,0,0,0,2,82,15,14,26,terminal_customer_network_burst;night_activity,0.26,0.019852423020868346,0.26
X000129041,2026-02-19 03:47:57,C001061,A0001061,M00335,T00070,South,South,24.54,USD,ecommerce,magstripe,approved,APPROVE,35.4,0.6932203389830508,1,0,0,1,1,0,0,2,472,23,16,46,terminal_customer_network_burst;ecommerce_authentication_shift;night_activity,0.46,0.25220082483043144,0.46
X000100517,2026-02-19 03:48:10,C000845,A0000845,M00478,T00667,Midwest,Midwest,254.58,USD,ecommerce,chip_pin,approved,APPROVE,175.06,1.454244259111162,1,0,0,1,0,0,0,2,306,18,50,26,terminal_customer_network_burst;night_activity,0.26,0.024547353934542337,0.26
X000063082,2026-02-19 03:48:13,C000534,A0000534,M00203,T00186,Northeast,Northeast,282.13,USD,ecommerce,3ds,approved,APPROVE,169.77,1.6618366024621545,1,0,0,1,0,0,0,5,170,6,74,33,customer_velocity;night_activity,0.33,0.0030108833690843427,0.33
X000095568,2026-02-19 03:48:13,C000798,A0000798,M00262,T00998,South,South,53.51,USD,card_present,chip_pin,approved,APPROVE,118.88,0.4501177658142665,1,0,0,0,0,0,0,3,279,16,20,26,terminal_customer_network_burst;night_activity,0.26,0.033556057211494635,0.26
X000150516,2026-02-19 03:49:04,C001238,A0001238,M00335,T00070,South,South,130.04,USD,card_present,chip_pin,approved,APPROVE,130.71,0.9948741488791981,1,0,0,0,0,0,0,3,473,23,47,26,terminal_customer_network_burst;night_activity,0.26,0.06401770105225868,0.26
X000145383,2026-02-19 03:50:13,C001196,A0001196,M00001,T00800,South,South,479.32,USD,ecommerce,wallet_biometric,approved,APPROVE,146.0,3.283013698630137,1,0,0,1,0,0,0,1,98,11,27,56,amount_vs_profile;terminal_customer_network_burst;night_activity,0.56,0.024729229029021724,0.56
X000240582,2026-02-19 03:50:18,C001961,A0001961,M00077,T00723,South,South,159.85,USD,mobile_wallet,chip_pin,approved,APPROVE,100.48,1.5908638535031845,1,0,0,0,0,1,0,3,453,23,80,26,terminal_customer_network_burst;night_activity,0.26,0.04099741312343649,0.26
X000113428,2026-02-19 03:50:19,C000945,A0000945,M00293,T00835,South,South,30.27,USD,card_present,3ds,approved,APPROVE,24.33,1.2441430332922319,1,0,0,0,0,0,0,6,142,10,42,51,customer_velocity;terminal_customer_network_burst;night_activity,0.51,0.011375780974203763,0.51
X000175411,2026-02-19 03:50:29,C001444,A0001444,M00599,T00736,West,West,11.96,USD,ecommerce,chip_pin,approved,APPROVE,31.66,0.377763739734681,1,0,0,1,0,0,0,0,38,10,29,26,terminal_customer_network_burst;night_activity,0.26,0.004875366728572277,0.26
X000049784,2026-02-19 03:51:00,C000416,A0000416,M00700,T00679,Northeast,Northeast,52.5,USD,ecommerce,3ds,approved,APPROVE,29.19,1.7985611510791366,1,0,0,1,0,0,0,1,274,17,23,26,terminal_customer_network_burst;night_activity,0.26,0.04819586932236522,0.26
X000239196,2026-02-19 03:51:04,C001951,A0001951,M00326,T00288,Midwest,Northeast,39.92,USD,card_present,chip_pin,approved,APPROVE,46.06,0.8666956144159792,1,0,0,0,0,0,1,1,240,17,0,53,new_customer_terminal_pair;terminal_customer_network_burst;night_activity;home_region_mismatch,0.53,0.4081076577100478,0.53
X000110139,2026-02-19 03:51:11,C000920,A0000920,M00731,T00964,Northeast,Northeast,244.63,USD,card_present,wallet_biometric,approved,APPROVE,172.94,1.414536833583902,1,0,0,0,0,0,0,3,200,12,42,26,terminal_customer_network_burst;night_activity,0.26,0.012597103038265377,0.26
X000095977,2026-02-19 03:51:17,C000801,A0000801,M00184,T00927,South,South,37.3,USD,ecommerce,wallet_biometric,approved,APPROVE,34.12,1.0932004689331771,1,0,0,1,0,0,0,5,415,20,33,51,customer_velocity;terminal_customer_network_burst;night_activity,0.51,0.08289918079507666,0.51
X000027385,2026-02-19 03:51:54,C000235,A0000235,M00784,T00354,South,South,24.58,USD,ecommerce,chip_pin,approved,APPROVE,26.78,0.917849141150112,1,0,0,1,0,0,0,0,348,15,30,26,terminal_customer_network_burst;night_activity,0.26,0.023305839867629515,0.26
X000242779,2026-02-19 03:52:53,C001980,A0001980,M00782,T00669,Midwest,Midwest,228.09,USD,ecommerce,chip_pin,approved,APPROVE,221.06,1.0318013209083507,1,0,0,1,0,0,0,5,219,12,110,51,customer_velocity;terminal_customer_network_burst;night_activity,0.51,0.001674570360450254,0.51
X000208665,2026-02-19 03:53:06,C001702,A0001702,M00092,T00788,West,West,200.0,USD,card_present,chip_pin,approved,APPROVE,260.4,0.7680491551459294,1,0,0,0,0,0,0,2,297,19,75,26,terminal_customer_network_burst;night_activity,0.26,0.008715252173892993,0.26
X000005792,2026-02-19 03:53:08,C000053,A0000053,M00055,T01044,South,South,54.88,USD,ecommerce,chip_pin,approved,APPROVE,45.19,1.2144279707899979,1,0,0,1,0,0,0,0,447,25,32,26,terminal_customer_network_burst;night_activity,0.26,0.09671826957992198,0.26
X000167291,2026-02-19 03:53:56,C001381,A0001381,M00128,T00044,Northeast,Northeast,200.41,USD,ecommerce,chip_pin,approved,APPROVE,184.34,1.0871758706737549,1,0,0,1,0,0,0,6,166,20,54,51,customer_velocity;terminal_customer_network_burst;night_activity,0.51,0.026241357843264753,0.51
X000099674,2026-02-19 03:54:14,C000837,A0000837,M00758,T00785,Northeast,Northeast,19.83,USD,card_present,wallet_biometric,approved,APPROVE,44.81,0.44253514840437397,1,0,0,0,0,0,0,2,249,12,37,26,terminal_customer_network_burst;night_activity,0.26,0.01007413611828915,0.26
X000229415,2026-02-19 03:54:14,C001868,A0001868,M00556,T00589,South,South,316.82,USD,ecommerce,chip_pin,approved,APPROVE,102.48,3.0915300546448083,1,0,0,1,0,0,0,4,390,21,27,56,amount_vs_profile;terminal_customer_network_burst;night_activity,0.56,0.1891452378524279,0.56
X000010724,2026-02-19 03:55:50,C000097,A0000097,M00427,T01200,South,South,27.31,USD,ecommerce,chip_pin,approved,APPROVE,38.21,0.714734362732269,1,0,0,1,0,0,0,3,253,18,29,26,terminal_customer_network_burst;night_activity,0.26,0.034881734685854975,0.26
X000095282,2026-02-19 03:57:41,C000795,A0000795,M00309,T01011,Northeast,Northeast,102.53,USD,ecommerce,chip_pin,approved,APPROVE,80.12,1.279705441837244,1,0,0,1,0,0,0,1,243,20,47,26,terminal_customer_network_burst;night_activity,0.26,0.024155484847014488,0.26
X000226942,2026-02-19 03:57:48,C001850,A0001850,M00231,T01111,South,South,39.12,USD,card_present,magstripe,approved,APPROVE,35.81,1.0924322814856184,1,0,0,0,1,0,0,0,227,19,21,26,terminal_customer_network_burst;night_activity,0.26,0.07694090845245045,0.26
X000170151,2026-02-19 03:58:01,C001402,A0001402,M00148,T00103,Midwest,Midwest,189.41,USD,ecommerce,3ds,approved,APPROVE,250.08,0.7573976327575176,1,0,0,1,0,0,0,5,100,8,31,51,customer_velocity;terminal_customer_network_burst;night_activity,0.51,0.008868126443874188,0.51
X000099461,2026-02-19 03:58:05,C000835,A0000835,M00110,T00096,South,South,34.28,USD,mobile_wallet,magstripe,approved,APPROVE,56.47,0.6070479900832301,1,0,0,0,1,1,0,1,329,17,16,26,terminal_customer_network_burst;night_activity,0.26,0.12287097499706717,0.26
X000191555,2026-02-19 03:58:17,C001571,A0001571,M00283,T01004,Northeast,Northeast,26.12,USD,card_present,chip_pin,approved,APPROVE,34.49,0.7573209625978544,1,0,0,0,0,0,0,8,204,10,63,51,customer_velocity;terminal_customer_network_burst;night_activity,0.51,0.007029250118260923,0.51
X000130826,2026-02-19 03:58:34,C001076,A0001076,M00187,T00256,South,South,72.0,USD,card_present,chip_pin,approved,APPROVE,53.17,1.354147075418469,1,0,0,0,0,0,0,3,303,24,27,26,terminal_customer_network_burst;night_activity,0.26,0.09929243346518474,0.26
X000163170,2026-02-19 03:58:48,C001345,A0001345,M00331,T00956,Midwest,Midwest,357.46,USD,mobile_wallet,chip_pin,approved,APPROVE,169.46,2.109406349581022,1,0,0,0,0,1,0,7,155,15,61,51,customer_velocity;terminal_customer_network_burst;night_activity,0.51,0.02734568460729884,0.51
X000078099,2026-02-19 03:59:13,C000656,A0000656,M00001,T00955,South,South,57.01,USD,ecommerce,chip_pin,approved,APPROVE,64.59,0.882644372193838,1,0,0,1,0,0,0,0,305,18,27,26,terminal_customer_network_burst;night_activity,0.26,0.032094928954167,0.26
X000130462,2026-02-19 03:59:45,C001072,A0001072,M00588,T01164,West,West,27.19,USD,card_present,3ds,approved,APPROVE,26.9,1.0107806691449814,1,0,0,0,0,0,0,1,135,12,27,26,terminal_customer_network_burst;night_activity,0.26,0.011628808393109449,0.26
X000090223,2026-02-19 04:00:08,C000754,A0000754,M00219,T00102,Northeast,Northeast,63.84,USD,ecommerce,3ds,approved,APPROVE,47.26,1.350825222175201,1,0,0,1,0,0,0,3,164,19,16,26,terminal_customer_network_burst;night_activity,0.26,0.0601766612897566,0.26
X000038446,2026-02-19 04:00:14,C000328,A0000328,M00640,T00037,Midwest,Midwest,73.75,USD,card_present,chip_pin,approved,APPROVE,32.14,2.2946484131922835,1,0,0,0,0,0,0,0,295,15,19,26,terminal_customer_network_burst;night_activity,0.26,0.047158798354276804,0.26
X000206560,2026-02-19 04:00:14,C001686,A0001686,M00663,T00502,West,West,243.69,USD,mobile_wallet,chip_pin,approved,APPROVE,109.29,2.229755695855064,1,0,0,0,0,1,0,6,269,11,41,51,customer_velocity;terminal_customer_network_burst;night_activity,0.51,0.04025736848027551,0.51
X000240139,2026-02-19 04:00:31,C001958,A0001958,M00716,T00263,West,West,88.16,USD,card_present,chip_pin,approved,APPROVE,101.3,0.8702862783810464,1,0,0,0,0,0,0,4,65,11,31,26,terminal_customer_network_burst;night_activity,0.26,0.010194209273901623,0.26
X000052712,2026-02-19 04:00:46,C000444,A0000444,M00205,T00871,South,South,20.28,USD,mobile_wallet,chip_pin,approved,APPROVE,60.92,0.3328956007879186,1,0,0,0,0,1,0,1,176,11,17,26,terminal_customer_network_burst;night_activity,0.26,0.018056740694193257,0.26
X000230291,2026-02-19 04:01:10,C001877,A0001877,M00064,T00120,Midwest,Midwest,164.39,USD,card_present,chip_pin,approved,APPROVE,81.91,2.006958857282383,1,0,0,0,0,0,0,1,178,12,21,26,terminal_customer_network_burst;night_activity,0.26,0.023444217725940953,0.26
X000170943,2026-02-19 04:01:23,C001409,A0001409,M00507,T00488,South,South,31.74,USD,card_present,wallet_biometric,soft_decline,CHALLENGE,33.94,0.935179728933412,1,0,1,0,0,0,0,0,276,14,18,34,terminal_customer_network_burst;night_activity;authentication_soft_decline,0.34,0.10546442960513855,0.34
X000194087,2026-02-19 04:02:18,C001595,A0001595,M00264,T01070,Midwest,Midwest,393.88,USD,card_present,chip_pin,approved,APPROVE,70.55,5.582990786676117,1,0,0,0,0,0,0,2,114,16,28,56,amount_vs_profile;terminal_customer_network_burst;night_activity,0.56,0.11231050337998229,0.56
X000125913,2026-02-19 04:02:21,C001037,A0001037,M00486,T00714,South,South,14.25,USD,ecommerce,chip_pin,approved,APPROVE,22.67,0.6285840317600352,1,0,0,1,0,0,0,4,333,19,31,26,terminal_customer_network_burst;night_activity,0.26,0.048474046818084364,0.26
X000153511,2026-02-19 04:02:31,C001262,A0001262,M00205,T00049,South,South,28.56,USD,card_present,wallet_biometric,approved,APPROVE,22.27,1.282442748091603,1,0,0,0,0,0,0,1,236,14,21,26,terminal_customer_network_burst;night_activity,0.26,0.02563579362167912,0.26
X000231580,2026-02-19 04:02:34,C001889,A0001889,M00487,T00270,South,South,460.07,USD,ecommerce,chip_pin,approved,APPROVE,324.26,1.4188305680626658,1,0,0,1,0,0,0,0,247,17,72,26,terminal_customer_network_burst;night_activity,0.26,0.007249439368428973,0.26
X000146489,2026-02-19 04:03:12,C001208,A0001208,M00690,T00363,Northeast,Northeast,56.59,USD,ecommerce,chip_pin,approved,APPROVE,52.39,1.0801679709868297,1,0,0,1,0,0,0,4,247,18,31,26,terminal_customer_network_burst;night_activity,0.26,0.041746452524744,0.26
X000003637,2026-02-19 04:03:55,C000031,A0000031,M00475,T00965,Midwest,Midwest,43.63,USD,card_present,chip_pin,approved,APPROVE,124.2,0.35128824476650566,1,0,0,0,0,0,0,5,217,21,53,51,customer_velocity;terminal_customer_network_burst;night_activity,0.51,0.02181087591196143,0.51
X000052641,2026-02-19 04:03:56,C000443,A0000443,M00038,T00874,South,South,98.85,USD,card_present,chip_pin,approved,APPROVE,42.11,2.3474234148658275,1,0,0,0,0,0,0,2,505,29,26,26,terminal_customer_network_burst;night_activity,0.26,0.3167989156534885,0.3167989156534885
X000083806,2026-02-19 04:04:07,C000700,A0000700,M00100,T00272,Northeast,Northeast,63.28,USD,card_present,wallet_biometric,approved,APPROVE,52.12,1.2141212586339218,1,0,0,0,0,0,0,1,137,10,15,26,terminal_customer_network_burst;night_activity,0.26,0.014745470804230566,0.26
X000080331,2026-02-19 04:04:49,C000675,A0000675,M00712,T00064,South,South,77.19,USD,card_present,magstripe,approved,APPROVE,48.77,1.5827352880869385,1,0,0,0,1,0,0,3,325,16,41,26,terminal_customer_network_burst;night_activity,0.26,0.06388838386566972,0.26
X000168893,2026-02-19 04:04:59,C001396,A0001396,M00771,T00411,South,South,77.13,USD,mobile_wallet,chip_pin,approved,APPROVE,40.17,1.920089619118745,1,0,0,0,0,1,0,1,141,17,37,26,terminal_customer_network_burst;night_activity,0.26,0.033098730997503066,0.26
X000240957,2026-02-19 04:05:15,C001966,A0001966,M00645,T00155,South,South,35.4,USD,ecommerce,magstripe,approved,APPROVE,45.88,0.7715780296425457,1,0,0,1,1,0,0,3,315,14,25,46,terminal_customer_network_burst;ecommerce_authentication_shift;night_activity,0.46,0.06265159268451252,0.46
X000182828,2026-02-19 04:05:32,C001503,A0001503,M00227,T00504,Midwest,Midwest,91.95,USD,ecommerce,wallet_biometric,approved,APPROVE,113.48,0.8102749383151217,1,0,0,1,0,0,0,3,315,14,53,26,terminal_customer_network_burst;night_activity,0.26,0.012400464392798445,0.26
X000136334,2026-02-19 04:06:11,C001121,A0001121,M00376,T00702,South,South,113.99,USD,ecommerce,3ds,approved,APPROVE,103.73,1.0989106333751084,1,0,0,1,0,0,0,3,195,12,39,26,terminal_customer_network_burst;night_activity,0.26,0.012717302965916765,0.26
X000163565,2026-02-19 04:06:13,C001348,A0001348,M00099,T00459,South,South,136.39,USD,ecommerce,chip_pin,approved,APPROVE,58.02,2.3507411237504305,1,0,0,1,0,0,0,3,220,19,77,26,terminal_customer_network_burst;night_activity,0.26,0.0150804552130642,0.26
X000019706,2026-02-19 04:06:41,C000170,A0000170,M00391,T01061,Northeast,Northeast,61.55,USD,card_present,chip_pin,approved,APPROVE,63.99,0.9618690420378183,1,0,0,0,0,0,0,2,224,17,24,26,terminal_customer_network_burst;night_activity,0.26,0.031601138634637996,0.26
X000196045,2026-02-19 04:07:26,C001610,A0001610,M00433,T00174,Midwest,Midwest,62.01,USD,card_present,chip_pin,approved,APPROVE,44.09,1.406441369925153,1,0,0,0,0,0,0,5,273,16,29,51,customer_velocity;terminal_customer_network_burst;night_activity,0.51,0.045571411150611835,0.51
X000002486,2026-02-19 04:07:34,C000023,A0000023,M00282,T01131,South,South,48.77,USD,ecommerce,chip_pin,approved,APPROVE,34.6,1.4095375722543353,1,0,0,1,0,0,0,2,471,22,25,26,terminal_customer_network_burst;night_activity,0.26,0.12070942312252353,0.26
X000119603,2026-02-19 04:07:54,C000992,A0000992,M00788,T01136,South,South,55.48,USD,mobile_wallet,wallet_biometric,approved,APPROVE,20.57,2.697131745260087,1,0,0,0,0,1,0,3,83,15,15,26,terminal_customer_network_burst;night_activity,0.26,0.07633410144413666,0.26
X000159102,2026-02-19 04:08:02,C001309,A0001309,M00394,T00597,South,South,77.42,USD,ecommerce,chip_pin,approved,APPROVE,46.76,1.6556886227544911,1,0,0,1,0,0,0,2,247,19,29,26,terminal_customer_network_burst;night_activity,0.26,0.049718576988280236,0.26
X000047430,2026-02-19 04:08:42,C000399,A0000399,M00715,T01057,Midwest,Midwest,20.02,USD,mobile_wallet,3ds,approved,APPROVE,31.32,0.6392081736909323,1,0,0,0,0,1,0,0,71,7,20,8,night_activity,0.08,0.007897194225660426,0.08
X000232287,2026-02-19 04:08:43,C001894,A0001894,M00040,T00439,Northeast,Northeast,1369.38,USD,card_present,chip_pin,approved,APPROVE,590.99,2.3170950439093727,1,0,0,0,0,0,0,3,326,17,61,26,terminal_customer_network_burst;night_activity,0.26,0.024346387599253252,0.26
X000157905,2026-02-19 04:09:10,C001298,A0001298,M00354,T00072,Northeast,Northeast,254.98,USD,card_present,wallet_biometric,approved,APPROVE,132.64,1.9223462002412546,1,0,0,0,0,0,0,0,164,19,11,26,terminal_customer_network_burst;night_activity,0.26,0.05951088775042112,0.26
X000185288,2026-02-19 04:09:31,C001524,A0001524,M00598,T00149,West,West,134.45,USD,ecommerce,3ds,approved,APPROVE,133.37,1.008097773112394,1,0,0,1,0,0,0,2,146,15,73,26,terminal_customer_network_burst;night_activity,0.26,0.004575220740516269,0.26
X000209606,2026-02-19 04:10:45,C001710,A0001710,M00264,T00659,Midwest,Midwest,115.54,USD,card_present,wallet_biometric,approved,APPROVE,109.77,1.0525644529470712,1,0,0,0,0,0,0,1,93,8,61,26,terminal_customer_network_burst;night_activity,0.26,0.002203499360965223,0.26
X000188665,2026-02-19 04:10:58,C001549,A0001549,M00105,T00482,West,West,201.75,USD,card_present,chip_pin,approved,APPROVE,153.09,1.3178522437781697,1,0,0,0,0,0,0,4,148,11,65,26,terminal_customer_network_burst;night_activity,0.26,0.005044932047632775,0.26
X000102429,2026-02-19 04:10:59,C000861,A0000861,M00335,T00138,South,South,264.2,USD,card_present,chip_pin,approved,APPROVE,192.95,1.369266649391034,1,0,0,0,0,0,0,2,313,10,24,26,terminal_customer_network_burst;night_activity,0.26,0.02065546338384411,0.26
X000142099,2026-02-19 04:11:04,C001171,A0001171,M00074,T01036,South,South,106.75,USD,mobile_wallet,chip_pin,approved,APPROVE,107.06,0.9971044274238744,1,0,0,0,0,1,0,1,427,24,37,26,terminal_customer_network_burst;night_activity,0.26,0.10149574174847228,0.26
X000192491,2026-02-19 04:11:07,C001580,A0001580,M00119,T00895,South,South,30.59,USD,card_present,3ds,approved,APPROVE,30.98,0.9874112330535829,1,0,0,0,0,0,0,1,329,17,30,26,terminal_customer_network_burst;night_activity,0.26,0.030646915702457766,0.26
X000047330,2026-02-19 04:11:17,C000398,A0000398,M00160,T00039,South,South,70.47,USD,card_present,3ds,approved,APPROVE,36.42,1.9349258649093903,1,0,0,0,0,0,0,2,278,14,23,26,terminal_customer_network_burst;night_activity,0.26,0.03879835179824653,0.26
X000017195,2026-02-19 04:11:18,C000147,A0000147,M00459,T00809,Northeast,Northeast,14.47,USD,ecommerce,3ds,approved,APPROVE,45.44,0.31844190140845074,1,0,0,1,0,0,0,0,262,18,16,26,terminal_customer_network_burst;night_activity,0.26,0.03260249429337101,0.26
X000126832,2026-02-19 04:11:33,C001044,A0001044,M00040,T00656,Northeast,Northeast,28.71,USD,card_present,wallet_biometric,approved,APPROVE,33.61,0.8542100565307944,1,0,0,0,0,0,0,2,165,16,27,26,terminal_customer_network_burst;night_activity,0.26,0.021138950753083686,0.26
X000110259,2026-02-19 04:11:53,C000921,A0000921,M00171,T00754,Northeast,Northeast,61.23,USD,card_present,3ds,approved,APPROVE,132.49,0.46214808664804885,1,0,0,0,0,0,0,2,78,9,25,26,terminal_customer_network_burst;night_activity,0.26,0.0067752204515802075,0.26
X000000995,2026-02-19 04:11:57,C000010,A0000010,M00325,T00368,Northeast,Northeast,71.6,USD,card_present,3ds,soft_decline,CHALLENGE,31.54,2.2701331642358906,1,0,1,0,0,0,0,2,160,15,20,34,terminal_customer_network_burst;night_activity;authentication_soft_decline,0.34,0.16769952113635972,0.34
X000177440,2026-02-19 04:12:22,C001460,A0001460,M00023,T00720,Midwest,Midwest,268.15,USD,card_present,chip_pin,approved,APPROVE,140.53,1.9081334946274815,1,0,0,0,0,0,0,7,353,17,76,51,customer_velocity;terminal_customer_network_burst;night_activity,0.51,0.021797994051454453,0.51
X000144694,2026-02-19 04:12:38,C001191,A0001191,M00448,T00142,West,Midwest,37.57,USD,card_present,chip_pin,approved,APPROVE,15.18,2.4749670619235835,1,0,0,0,0,0,1,2,113,12,0,53,new_customer_terminal_pair;terminal_customer_network_burst;night_activity;home_region_mismatch,0.53,0.37301767673983494,0.53
X000133075,2026-02-19 04:12:54,C001097,A0001097,M00625,T00763,Northeast,Northeast,50.96,USD,ecommerce,wallet_biometric,approved,APPROVE,49.17,1.036404311572097,1,0,0,1,0,0,0,1,112,9,31,26,terminal_customer_network_burst;night_activity,0.26,0.007213869553758053,0.26
X000226106,2026-02-19 04:13:04,C001842,A0001842,M00352,T01169,Midwest,Midwest,13.26,USD,ecommerce,chip_pin,approved,APPROVE,46.36,0.28602243313201037,1,0,0,1,0,0,0,1,139,8,22,26,terminal_customer_network_burst;night_activity,0.26,0.00677544952227274,0.26
X000107651,2026-02-19 04:13:37,C000900,A0000900,M00414,T00189,Midwest,Midwest,134.72,USD,mobile_wallet,wallet_biometric,approved,APPROVE,159.85,0.8427901157335002,1,0,0,0,0,1,0,4,404,22,116,26,terminal_customer_network_burst;night_activity,0.26,0.008524236377689605,0.26
X000128031,2026-02-19 04:14:13,C001053,A0001053,M00074,T00967,South,South,104.75,USD,ecommerce,wallet_biometric,approved,APPROVE,55.94,1.872542009295674,1,0,0,1,0,0,0,2,358,20,46,26,terminal_customer_network_burst;night_activity,0.26,0.047014211216474415,0.26
X000050229,2026-02-19 04:14:24,C000420,A0000420,M00205,T00871,South,South,38.92,USD,ecommerce,3ds,approved,APPROVE,10.28,3.785992217898833,1,0,0,1,0,0,0,2,177,11,24,56,amount_vs_profile;terminal_customer_network_burst;night_activity,0.56,0.045230679681724215,0.56
X000144099,2026-02-19 04:15:25,C001186,A0001186,M00323,T01185,South,South,377.2,USD,card_present,chip_pin,approved,APPROVE,248.53,1.5177242184042168,1,0,0,0,0,0,0,9,334,17,110,51,customer_velocity;terminal_customer_network_burst;night_activity,0.51,0.00752329252834685,0.51
X000115910,2026-02-19 04:16:17,C000962,A0000962,M00051,T01084,South,South,86.49,USD,card_present,3ds,approved,APPROVE,54.04,1.600481125092524,1,0,0,0,0,0,0,2,302,17,29,26,terminal_customer_network_burst;night_activity,0.26,0.042177590955905585,0.26
X000155029,2026-02-19 04:17:10,C001277,A0001277,M00123,T00812,Midwest,Midwest,147.69,USD,ecommerce,chip_pin,approved,APPROVE,129.22,1.142934530258474,1,0,0,1,0,0,0,4,430,22,44,26,terminal_customer_network_burst;night_activity,0.26,0.07027953879190382,0.26
X000115152,2026-02-19 04:17:37,C000957,A0000957,M00611,T00035,West,West,39.71,USD,card_present,chip_pin,approved,APPROVE,24.15,1.6443064182194618,1,0,0,0,0,0,0,0,76,13,35,26,terminal_customer_network_burst;night_activity,0.26,0.009998424259170786,0.26
X000136781,2026-02-19 04:17:54,C001125,A0001125,M00600,T00588,South,South,114.34,USD,ecommerce,chip_pin,approved,APPROVE,91.91,1.2440430856272442,1,0,0,1,0,0,0,1,208,16,20,26,terminal_customer_network_burst;night_activity,0.26,0.03225102676754537,0.26
X000234565,2026-02-19 04:18:10,C001913,A0001913,M00386,T00533,Northeast,Northeast,35.82,USD,card_present,chip_pin,approved,APPROVE,29.12,1.2300824175824177,1,0,0,0,0,0,0,1,111,11,13,26,terminal_customer_network_burst;night_activity,0.26,0.0166498175790398,0.26
X000181779,2026-02-19 04:18:13,C001495,A0001495,M00661,T00801,Northeast,Northeast,92.92,USD,card_present,3ds,approved,APPROVE,43.33,2.1444726517424417,1,0,0,0,0,0,0,1,169,15,26,26,terminal_customer_network_burst;night_activity,0.26,0.029249406071279443,0.26
X000198906,2026-02-19 04:18:44,C001628,A0001628,M00264,T01070,Northeast,Midwest,32.89,USD,card_present,magstripe,approved,APPROVE,36.56,0.899617067833698,1,0,0,0,1,0,1,1,115,16,0,53,new_customer_terminal_pair;terminal_customer_network_burst;night_activity;home_region_mismatch,0.53,0.49431661196003573,0.53
X000194597,2026-02-19 04:18:50,C001600,A0001600,M00338,T00847,Northeast,Northeast,16.37,USD,ecommerce,wallet_biometric,approved,APPROVE,28.69,0.5705820843499477,1,0,0,1,0,0,0,0,315,15,23,26,terminal_customer_network_burst;night_activity,0.26,0.02331898781433175,0.26
X000026355,2026-02-19 04:20:09,C000225,A0000225,M00335,T00070,South,South,45.21,USD,mobile_wallet,chip_pin,approved,APPROVE,31.9,1.4172413793103449,1,0,0,0,0,1,0,2,474,23,20,26,terminal_customer_network_burst;night_activity,0.26,0.2082055300779253,0.26
X000215524,2026-02-19 04:20:38,C001760,A0001760,M00172,T00722,West,Northeast,28.11,USD,ecommerce,chip_pin,approved,APPROVE,50.61,0.5554238292827505,1,0,0,1,0,0,1,2,415,15,0,53,new_customer_terminal_pair;terminal_customer_network_burst;night_activity;home_region_mismatch,0.53,0.47173762340420233,0.53
X000189177,2026-02-19 04:20:50,C001554,A0001554,M00222,T00844,South,South,62.17,USD,ecommerce,3ds,approved,APPROVE,54.64,1.1378111273792093,1,0,0,1,0,0,0,1,224,15,31,26,terminal_customer_network_burst;night_activity,0.26,0.020228594469355363,0.26
X000215255,2026-02-19 04:21:25,C001757,A0001757,M00200,T00734,Midwest,Midwest,241.41,USD,card_present,chip_pin,approved,APPROVE,178.56,1.3519825268817205,1,0,0,0,0,0,0,6,157,16,45,51,customer_velocity;terminal_customer_network_burst;night_activity,0.51,0.022623274191801143,0.51
X000023267,2026-02-19 04:21:33,C000198,A0000198,M00374,T00569,South,South,43.16,USD,card_present,chip_pin,approved,APPROVE,96.03,0.44944288243257313,1,0,0,0,0,0,0,0,220,20,29,26,terminal_customer_network_burst;night_activity,0.26,0.024508356322143765,0.26
X000135006,2026-02-19 04:22:17,C001108,A0001108,M00428,T00264,West,West,86.68,USD,card_present,chip_pin,approved,APPROVE,97.95,0.8849412965798877,1,0,0,0,0,0,0,2,223,16,19,26,terminal_customer_network_burst;night_activity,0.26,0.031897685257659916,0.26
X000024484,2026-02-19 04:22:20,C000206,A0000206,M00709,T00393,Northeast,Northeast,211.67,USD,mobile_wallet,chip_pin,approved,APPROVE,114.32,1.851557032890133,1,0,0,0,0,1,0,0,106,10,34,26,terminal_customer_network_burst;night_activity,0.26,0.012791829167111255,0.26
X000134588,2026-02-19 04:22:52,C001104,A0001104,M00416,T00403,West,West,269.74,USD,card_present,3ds,approved,APPROVE,231.6,1.1646804835924007,1,0,0,0,0,0,0,2,285,16,59,26,terminal_customer_network_burst;night_activity,0.26,0.011665929557614722,0.26
X000054099,2026-02-19 04:22:53,C000458,A0000458,M00798,T00402,Northeast,Northeast,61.89,USD,card_present,wallet_biometric,approved,APPROVE,49.08,1.261002444987775,1,0,0,0,0,0,0,3,279,15,30,26,terminal_customer_network_burst;night_activity,0.26,0.030082439513090677,0.26
X000174235,2026-02-19 04:22:59,C001435,A0001435,M00147,T00338,South,South,160.23,USD,mobile_wallet,chip_pin,approved,APPROVE,143.1,1.119706498951782,1,0,0,0,0,1,0,4,310,12,77,26,terminal_customer_network_burst;night_activity,0.26,0.00810642834913028,0.26
X000027612,2026-02-19 04:23:20,C000237,A0000237,M00281,T01053,West,West,111.97,USD,ecommerce,chip_pin,approved,APPROVE,105.08,1.0655690902169777,1,0,0,1,0,0,0,4,97,18,19,26,terminal_customer_network_burst;night_activity,0.26,0.041629278532421155,0.26
X000064894,2026-02-19 04:23:24,C000550,A0000550,M00015,T00330,South,South,53.86,USD,card_present,3ds,approved,APPROVE,79.69,0.6758689923453381,1,0,0,0,0,0,0,1,415,36,29,26,terminal_customer_network_burst;night_activity,0.26,0.25602250637811225,0.26
X000132779,2026-02-19 04:23:34,C001094,A0001094,M00592,T00719,South,South,35.02,USD,mobile_wallet,3ds,approved,APPROVE,42.2,0.8298578199052132,1,0,0,0,0,1,0,1,329,20,17,26,terminal_customer_network_burst;night_activity,0.26,0.08887849992545901,0.26
X000051241,2026-02-19 04:24:00,C000431,A0000431,M00171,T00061,Northeast,Northeast,40.47,USD,mobile_wallet,chip_pin,approved,APPROVE,55.24,0.7326212889210716,1,0,0,0,0,1,0,2,74,12,27,26,terminal_customer_network_burst;night_activity,0.26,0.01500470447832838,0.26
X000092533,2026-02-19 04:24:04,C000774,A0000774,M00350,T01102,Midwest,Midwest,46.83,USD,card_present,chip_pin,approved,APPROVE,72.34,0.6473596903511196,1,0,0,0,0,0,0,2,125,11,21,26,terminal_customer_network_burst;night_activity,0.26,0.011859675753285382,0.26
X000122459,2026-02-19 04:24:55,C001015,A0001015,M00391,T00267,Northeast,Northeast,25.68,USD,ecommerce,3ds,approved,APPROVE,37.99,0.6759673598315346,1,0,0,1,0,0,0,1,206,17,23,26,terminal_customer_network_burst;night_activity,0.26,0.02615257725446362,0.26
X000121913,2026-02-19 04:25:07,C001011,A0001011,M00170,T01059,Midwest,Midwest,152.32,USD,card_present,wallet_biometric,approved,APPROVE,167.1,0.9115499700777977,1,0,0,0,0,0,0,0,189,16,60,26,terminal_customer_network_burst;night_activity,0.26,0.006310842180676635,0.26
X000084464,2026-02-19 04:25:15,C000707,A0000707,M00531,T01106,Midwest,Midwest,12.04,USD,card_present,3ds,approved,APPROVE,28.18,0.4272533711852377,1,0,0,0,0,0,0,1,62,9,28,26,terminal_customer_network_burst;night_activity,0.26,0.005174477252855125,0.26
X000124458,2026-02-19 04:25:15,C001029,A0001029,M00305,T00675,Northeast,Northeast,35.41,USD,card_present,3ds,approved,APPROVE,24.49,1.4458962841976317,1,0,0,0,0,0,0,6,201,10,48,51,customer_velocity;terminal_customer_network_burst;night_activity,0.51,0.011830001398078053,0.51
X000009603,2026-02-19 04:26:01,C000087,A0000087,M00768,T00457,South,South,45.51,USD,card_present,wallet_biometric,approved,APPROVE,68.99,0.659660820408755,1,0,0,0,0,0,0,4,335,21,42,26,terminal_customer_network_burst;night_activity,0.26,0.0417688634654192,0.26
X000144264,2026-02-19 04:26:19,C001187,A0001187,M00758,T00785,Northeast,Northeast,32.67,USD,card_present,3ds,approved,APPROVE,65.0,0.5026153846153847,1,0,0,0,0,0,0,4,250,12,40,26,terminal_customer_network_burst;night_activity,0.26,0.011866843383509544,0.26
X000090768,2026-02-19 04:26:52,C000760,A0000760,M00077,T00783,South,South,36.21,USD,card_present,3ds,approved,APPROVE,41.22,0.8784570596797672,1,0,0,0,0,0,0,2,295,27,23,26,terminal_customer_network_burst;night_activity,0.26,0.11393235724111764,0.26
X000223441,2026-02-19 04:27:07,C001821,A0001821,M00257,T00772,South,South,56.18,USD,card_present,wallet_biometric,approved,APPROVE,61.57,0.9124573656001299,1,0,0,0,0,0,0,0,442,26,16,26,terminal_customer_network_burst;night_activity,0.26,0.14367128418687727,0.26
X000171220,2026-02-19 04:27:28,C001411,A0001411,M00180,T00539,West,West,202.34,USD,card_present,chip_pin,approved,APPROVE,135.24,1.4961549837326233,1,0,0,0,0,0,0,2,146,8,53,26,terminal_customer_network_burst;night_activity,0.26,0.004410963789343146,0.26
X000130548,2026-02-19 04:27:32,C001073,A0001073,M00326,T00288,Northeast,Northeast,198.5,USD,mobile_wallet,magstripe,approved,APPROVE,70.69,2.808035082755694,1,0,0,0,1,1,0,1,241,18,16,26,terminal_customer_network_burst;night_activity,0.26,0.2360498882352641,0.26
X000087665,2026-02-19 04:27:54,C000735,A0000735,M00556,T00223,South,South,109.52,USD,card_present,chip_pin,approved,APPROVE,65.82,1.66393193558189,1,0,0,0,0,0,0,4,299,15,35,26,terminal_customer_network_burst;night_activity,0.26,0.03551613190188704,0.26
X000064774,2026-02-19 04:28:10,C000549,A0000549,M00585,T00119,Midwest,Midwest,79.41,USD,card_present,3ds,approved,APPROVE,77.83,1.020300655274316,1,0,0,0,0,0,0,4,189,20,36,26,terminal_customer_network_burst;night_activity,0.26,0.03604362963027137,0.26
X000102796,2026-02-19 04:28:41,C000863,A0000863,M00135,T00646,Midwest,Midwest,147.56,USD,mobile_wallet,3ds,approved,APPROVE,164.58,0.8965852472961477,1,0,0,0,0,1,0,4,189,16,69,26,terminal_customer_network_burst;night_activity,0.26,0.011267483153111692,0.26
X000156795,2026-02-19 04:28:49,C001289,A0001289,M00588,T01164,West,West,809.91,USD,mobile_wallet,chip_pin,approved,APPROVE,454.02,1.7838641469538787,1,0,0,0,0,1,0,1,136,12,64,26,terminal_customer_network_burst;night_activity,0.26,0.007274784486206264,0.26
X000080800,2026-02-19 04:29:22,C000678,A0000678,M00524,T00033,West,West,36.71,USD,card_present,chip_pin,approved,APPROVE,21.45,1.7114219114219116,1,0,0,0,0,0,0,0,116,10,22,26,terminal_customer_network_burst;night_activity,0.26,0.012144504713679819,0.26
X000197938,2026-02-19 04:29:22,C001623,A0001623,M00192,T00798,South,South,68.83,USD,card_present,chip_pin,approved,APPROVE,107.7,0.6390900649953575,1,0,0,0,0,0,0,6,268,15,73,51,customer_velocity;terminal_customer_network_burst;night_activity,0.51,0.008160992412206065,0.51
X000236731,2026-02-19 04:29:22,C001930,A0001930,M00301,T01109,South,South,48.54,USD,card_present,chip_pin,approved,APPROVE,32.14,1.5102675793403857,1,0,0,0,0,0,0,2,165,17,18,26,terminal_customer_network_burst;night_activity,0.26,0.04087263545496721,0.26
X000005476,2026-02-19 04:29:38,C000050,A0000050,M00359,T00592,Midwest,Midwest,48.7,USD,ecommerce,chip_pin,approved,APPROVE,32.17,1.5138327634442026,1,0,0,1,0,0,0,5,102,9,16,51,customer_velocity;terminal_customer_network_burst;night_activity,0.51,0.021980709660673923,0.51
X000126319,2026-02-19 04:29:46,C001040,A0001040,M00779,T00146,South,South,5.15,USD,mobile_wallet,magstripe,approved,APPROVE,14.22,0.3621659634317862,1,0,0,0,1,1,0,0,474,19,22,26,terminal_customer_network_burst;night_activity,0.26,0.1459797429121679,0.26
X000153430,2026-02-19 04:30:03,C001261,A0001261,M00304,T00087,Midwest,Midwest,20.02,USD,card_present,chip_pin,approved,APPROVE,54.96,0.36426491994177584,1,0,0,0,0,0,0,0,211,13,36,26,terminal_customer_network_burst;night_activity,0.26,0.008144043504843733,0.26
X000164821,2026-02-19 04:30:43,C001359,A0001359,M00130,T01074,South,South,45.41,USD,ecommerce,3ds,approved,APPROVE,56.51,0.8035745885683949,1,0,0,1,0,0,0,0,240,15,19,26,terminal_customer_network_burst;night_activity,0.26,0.024051221623013704,0.26
X000241591,2026-02-19 04:30:56,C001971,A0001971,M00684,T01008,West,West,168.22,USD,ecommerce,wallet_biometric,approved,APPROVE,150.08,1.120868869936034,1,0,0,1,0,0,0,1,154,13,33,26,terminal_customer_network_burst;night_activity,0.26,0.012483246246211386,0.26
X000068894,2026-02-19 04:30:58,C000585,A0000585,M00365,T00733,South,South,21.12,USD,mobile_wallet,wallet_biometric,approved,APPROVE,42.72,0.49438202247191015,1,0,0,0,0,1,0,1,320,21,21,26,terminal_customer_network_burst;night_activity,0.26,0.07593903817692899,0.26
X000078592,2026-02-19 04:31:05,C000661,A0000661,M00305,T01095,Northeast,Northeast,50.15,USD,card_present,chip_pin,approved,APPROVE,47.46,1.0566793088916981,1,0,0,0,0,0,0,0,138,12,25,26,terminal_customer_network_burst;night_activity,0.26,0.01132846621334951,0.26
X000137411,2026-02-19 04:31:09,C001128,A0001128,M00794,T01041,Midwest,Midwest,182.86,USD,card_present,chip_pin,approved,APPROVE,144.34,1.266869890536234,1,0,0,0,0,0,0,2,36,9,28,26,terminal_customer_network_burst;night_activity,0.26,0.007653698224999359,0.26
X000129194,2026-02-19 04:31:38,C001062,A0001062,M00712,T01100,South,South,142.28,USD,ecommerce,chip_pin,approved,APPROVE,207.72,0.6849605237820142,1,0,0,1,0,0,0,4,107,15,42,26,terminal_customer_network_burst;night_activity,0.26,0.012480845808583111,0.26
X000146859,2026-02-19 04:31:55,C001210,A0001210,M00561,T00275,Midwest,Midwest,166.36,USD,mobile_wallet,chip_pin,approved,APPROVE,138.79,1.198645435550112,1,0,0,0,0,1,0,6,103,11,77,51,customer_velocity;terminal_customer_network_burst;night_activity,0.51,0.005530018122173744,0.51
X000244447,2026-02-19 04:32:02,C001992,A0001992,M00380,T01026,Midwest,Midwest,13.69,USD,card_present,3ds,approved,APPROVE,41.57,0.3293240317536685,1,0,0,0,0,0,0,2,220,20,20,26,terminal_customer_network_burst;night_activity,0.26,0.03900511705839919,0.26
X000019166,2026-02-19 04:32:47,C000165,A0000165,M00399,T00276,West,West,122.53,USD,ecommerce,3ds,approved,APPROVE,43.52,2.815487132352941,1,0,0,1,0,0,0,0,67,10,27,26,terminal_customer_network_burst;night_activity,0.26,0.01502725309414427,0.26
X000017336,2026-02-19 04:33:47,C000148,A0000148,M00470,T00025,South,South,91.2,USD,mobile_wallet,wallet_biometric,approved,APPROVE,72.66,1.2551610239471511,1,0,0,0,0,1,0,3,199,12,46,26,terminal_customer_network_burst;night_activity,0.26,0.015550541836847506,0.26
X000172908,2026-02-19 04:34:21,C001426,A0001426,M00726,T00968,Northeast,Northeast,160.89,USD,ecommerce,3ds,approved,APPROVE,120.88,1.3309894109861018,1,0,0,1,0,0,0,1,176,18,33,26,terminal_customer_network_burst;night_activity,0.26,0.025745937338232668,0.26
X000000326,2026-02-19 04:34:32,C000003,A0000003,M00385,T00962,South,South,8.83,USD,card_present,chip_pin,approved,APPROVE,47.0,0.18787234042553191,1,0,0,0,0,0,0,2,150,12,18,26,terminal_customer_network_burst;night_activity,0.26,0.01300463305865923,0.26
X000018370,2026-02-19 04:34:55,C000156,A0000156,M00549,T00456,South,South,246.54,USD,card_present,chip_pin,approved,APPROVE,107.47,2.294035544803201,1,0,0,0,0,0,0,3,417,24,53,26,terminal_customer_network_burst;night_activity,0.26,0.0853038740491359,0.26
X000124109,2026-02-19 04:35:52,C001026,A0001026,M00410,T00952,South,South,75.23,USD,ecommerce,chip_pin,approved,APPROVE,125.32,0.6003032237472072,1,0,0,1,0,0,0,2,201,16,43,26,terminal_customer_network_burst;night_activity,0.26,0.013222580963689817,0.26
X000054573,2026-02-19 04:36:37,C000461,A0000461,M00778,T01132,South,South,526.3,USD,ecommerce,chip_pin,approved,APPROVE,456.08,1.1539642168040694,1,0,0,1,0,0,0,2,267,21,89,26,terminal_customer_network_burst;night_activity,0.26,0.008024597503877975,0.26
X000164822,2026-02-19 04:36:53,C001359,A0001359,M00055,T01044,South,South,77.3,USD,card_present,chip_pin,approved,APPROVE,56.51,1.3678994868164926,1,0,0,0,0,0,0,1,448,25,0,41,new_customer_terminal_pair;terminal_customer_network_burst;night_activity,0.41,0.25652094349819593,0.41
X000150647,2026-02-19 04:37:17,C001239,A0001239,M00596,T01101,Midwest,Midwest,89.45,USD,ecommerce,magstripe,approved,APPROVE,63.27,1.4137822032558875,1,0,0,1,1,0,0,0,230,13,35,46,terminal_customer_network_burst;ecommerce_authentication_shift;night_activity,0.46,0.030450603091290607,0.46
X000124788,2026-02-19 04:37:28,C001030,A0001030,M00452,T00101,Northeast,Northeast,241.43,USD,card_present,wallet_biometric,approved,APPROVE,208.04,1.1604979811574698,1,0,0,0,0,0,0,9,276,10,110,51,customer_velocity;terminal_customer_network_burst;night_activity,0.51,0.0024467178938163115,0.51
X000212933,2026-02-19 04:37:38,C001738,A0001738,M00434,T00808,South,South,55.87,USD,card_present,chip_pin,approved,APPROVE,50.26,1.1116195781933944,1,0,0,0,0,0,0,4,277,17,21,26,terminal_customer_network_burst;night_activity,0.26,0.0526079204978151,0.26
X000009226,2026-02-19 04:37:42,C000084,A0000084,M00420,T00678,West,West,22.8,USD,ecommerce,chip_pin,approved,APPROVE,30.98,0.7359586830213041,1,0,0,1,0,0,0,0,157,12,11,26,terminal_customer_network_burst;night_activity,0.26,0.01726257119747195,0.26
X000029425,2026-02-19 04:37:52,C000253,A0000253,M00160,T00039,South,South,79.26,USD,card_present,chip_pin,approved,APPROVE,203.2,0.3900590551181103,1,0,0,0,0,0,0,2,279,14,72,26,terminal_customer_network_burst;night_activity,0.26,0.004355144200857674,0.26
X000156796,2026-02-19 04:38:05,C001289,A0001289,M00588,T01164,West,West,470.04,USD,card_present,chip_pin,approved,APPROVE,454.02,1.0352847892163342,1,0,0,0,0,0,0,2,137,12,65,26,terminal_customer_network_burst;night_activity,0.26,0.003890816291358878,0.26
X000205807,2026-02-19 04:38:14,C001679,A0001679,M00342,T00375,Midwest,Midwest,131.33,USD,mobile_wallet,3ds,approved,APPROVE,208.94,0.6285536517660573,1,0,0,0,0,1,0,2,317,21,70,26,terminal_customer_network_burst;night_activity,0.26,0.019315194569985355,0.26
X000177990,2026-02-19 04:38:15,C001464,A0001464,M00542,T01166,South,South,57.9,USD,card_present,chip_pin,approved,APPROVE,35.35,1.6379066478076378,1,0,0,0,0,0,0,2,147,11,20,26,terminal_customer_network_burst;night_activity,0.26,0.01929090160765673,0.26
X000221791,2026-02-19 04:38:44,C001806,A0001806,M00798,T00402,Northeast,Northeast,163.32,USD,card_present,3ds,approved,APPROVE,336.93,0.48472976582672955,1,0,0,0,0,0,0,6,280,15,65,51,customer_velocity;terminal_customer_network_burst;night_activity,0.51,0.010230432909261464,0.51
X000221094,2026-02-19 04:39:27,C001802,A0001802,M00303,T00765,Northeast,Northeast,102.26,USD,card_present,chip_pin,approved,APPROVE,67.33,1.5187880588147928,1,0,0,0,0,0,0,1,240,12,36,26,terminal_customer_network_burst;night_activity,0.26,0.01397178214922144,0.26
X000169966,2026-02-19 04:40:18,C001401,A0001401,M00040,T00635,Northeast,Northeast,100.96,USD,card_present,wallet_biometric,approved,APPROVE,92.55,1.0908698001080497,1,0,0,0,0,0,0,3,167,9,68,26,terminal_customer_network_burst;night_activity,0.26,0.0030746300138959274,0.26
X000097681,2026-02-19 04:40:36,C000818,A0000818,M00205,T00049,South,South,47.74,USD,card_present,magstripe,approved,APPROVE,65.44,0.7295232273838631,1,0,0,0,1,0,0,1,237,14,29,26,terminal_customer_network_burst;night_activity,0.26,0.03409059784047522,0.26
X000156349,2026-02-19 04:41:03,C001286,A0001286,M00459,T00204,Northeast,Northeast,83.52,USD,ecommerce,chip_pin,approved,APPROVE,240.04,0.34794200966505584,1,0,0,1,0,0,0,2,377,14,45,26,terminal_customer_network_burst;night_activity,0.26,0.013867803346666329,0.26
X000106504,2026-02-19 04:41:10,C000893,A0000893,M00403,T01126,Northeast,Northeast,61.8,USD,mobile_wallet,chip_pin,approved,APPROVE,92.25,0.6699186991869919,1,0,0,0,0,1,0,2,174,16,0,41,new_customer_terminal_pair;terminal_customer_network_burst;night_activity,0.41,0.06927913068490468,0.41
X000219341,2026-02-19 04:41:15,C001791,A0001791,M00171,T00523,Northeast,Northeast,38.67,USD,card_present,chip_pin,approved,APPROVE,31.83,1.2148916116870878,1,0,0,0,0,0,0,3,251,19,29,26,terminal_customer_network_burst;night_activity,0.26,0.044956555644961205,0.26
X000111110,2026-02-19 04:41:46,C000926,A0000926,M00181,T00177,South,South,7.33,USD,ecommerce,wallet_biometric,approved,APPROVE,23.01,0.3185571490656236,1,0,0,1,0,0,0,2,148,17,28,26,terminal_customer_network_burst;night_activity,0.26,0.018749341169446286,0.26
X000211871,2026-02-19 04:42:03,C001727,A0001727,M00791,T00739,South,South,120.27,USD,card_present,wallet_biometric,approved,APPROVE,189.29,0.6353742934122246,1,0,0,0,0,0,0,1,276,21,68,26,terminal_customer_network_burst;night_activity,0.26,0.011043590330312441,0.26
X000092534,2026-02-19 04:42:08,C000774,A0000774,M00347,T00680,Midwest,Midwest,139.13,USD,ecommerce,3ds,approved,APPROVE,72.34,1.923278960464473,1,0,0,1,0,0,0,3,112,13,17,26,terminal_customer_network_burst;night_activity,0.26,0.03245227772996816,0.26
X000083924,2026-02-19 04:42:40,C000701,A0000701,M00756,T00999,West,West,57.88,USD,card_present,wallet_biometric,approved,APPROVE,55.81,1.0370901272173445,1,0,0,0,0,0,0,3,213,12,29,26,terminal_customer_network_burst;night_activity,0.26,0.01696525617056782,0.26
X000244344,2026-02-19 04:43:34,C001991,A0001991,M00442,T00713,West,West,369.54,USD,card_present,3ds,approved,APPROVE,128.63,2.872891238435824,1,0,0,0,0,0,0,2,157,15,52,26,terminal_customer_network_burst;night_activity,0.26,0.018648954172993573,0.26
X000175412,2026-02-19 04:43:41,C001444,A0001444,M00599,T00736,West,West,64.77,USD,ecommerce,3ds,approved,APPROVE,31.66,2.045799115603285,1,0,0,1,0,0,0,1,39,10,30,26,terminal_customer_network_burst;night_activity,0.26,0.010466351192315202,0.26
X000200147,2026-02-19 04:43:58,C001639,A0001639,M00302,T00011,Northeast,Northeast,101.91,USD,ecommerce,3ds,approved,APPROVE,99.93,1.019813869708796,1,0,0,1,0,0,0,3,247,18,48,26,terminal_customer_network_burst;night_activity,0.26,0.021268017631745646,0.26
X000174748,2026-02-19 04:44:08,C001439,A0001439,M00679,T00775,Northeast,Northeast,258.16,USD,mobile_wallet,chip_pin,approved,APPROVE,141.68,1.8221343873517788,1,0,0,0,0,1,0,5,180,16,58,51,customer_velocity;terminal_customer_network_burst;night_activity,0.51,0.02548593566342564,0.51
X000107781,2026-02-19 04:44:40,C000901,A0000901,M00508,T01195,Northeast,Northeast,56.75,USD,card_present,chip_pin,approved,APPROVE,36.86,1.5396093326098752,1,0,0,0,0,0,0,1,126,13,22,26,terminal_customer_network_burst;night_activity,0.26,0.01855710086975577,0.26
X000109043,2026-02-19 04:44:49,C000913,A0000913,M00002,T00312,Northeast,Northeast,158.16,USD,card_present,chip_pin,approved,APPROVE,132.83,1.1906948731461264,1,0,0,0,0,0,0,2,142,13,57,26,terminal_customer_network_burst;night_activity,0.26,0.006122159624642755,0.26
X000095283,2026-02-19 04:45:09,C000795,A0000795,M00297,T00721,Northeast,Northeast,105.8,USD,card_present,wallet_biometric,approved,APPROVE,80.12,1.3205192211682475,1,0,0,0,0,0,0,2,287,19,36,26,terminal_customer_network_burst;night_activity,0.26,0.03676905706535041,0.26
X000011593,2026-02-19 04:46:32,C000102,A0000102,M00756,T00999,West,West,206.98,USD,card_present,3ds,approved,APPROVE,246.43,0.8399139715132086,1,0,0,0,0,0,0,3,214,12,83,26,terminal_customer_network_burst;night_activity,0.26,0.0027492562344842613,0.26
X000207224,2026-02-19 04:47:00,C001690,A0001690,M00453,T00940,South,South,44.4,USD,mobile_wallet,chip_pin,approved,APPROVE,40.07,1.1080608934364862,1,0,0,0,0,1,0,2,440,23,28,26,terminal_customer_network_burst;night_activity,0.26,0.14063137882200505,0.26
X000211519,2026-02-19 04:47:29,C001725,A0001725,M00213,T00876,Northeast,Northeast,108.42,USD,card_present,chip_pin,approved,APPROVE,125.86,0.8614333386302241,1,0,0,0,0,0,0,2,179,7,30,8,night_activity,0.08,0.006934265955120345,0.08
X000150648,2026-02-19 04:47:37,C001239,A0001239,M00596,T01101,Midwest,Midwest,41.52,USD,ecommerce,chip_pin,approved,APPROVE,63.27,0.656235182550972,1,0,0,1,0,0,0,1,231,13,36,26,terminal_customer_network_burst;night_activity,0.26,0.01143661248248405,0.26
X000233415,2026-02-19 04:47:49,C001902,A0001902,M00074,T01036,South,South,44.18,USD,ecommerce,chip_pin,approved,APPROVE,144.3,0.30616770616770617,1,0,0,1,0,0,0,5,428,24,58,51,customer_velocity;terminal_customer_network_burst;night_activity,0.51,0.04613938458346867,0.51
X000119604,2026-02-19 04:48:12,C000992,A0000992,M00788,T01136,South,South,11.95,USD,card_present,chip_pin,approved,APPROVE,20.57,0.5809431210500728,1,0,0,0,0,0,0,4,84,15,16,26,terminal_customer_network_burst;night_activity,0.26,0.024573379797747156,0.26
X000034931,2026-02-19 04:48:50,C000296,A0000296,M00416,T00403,West,West,36.1,USD,mobile_wallet,chip_pin,approved,APPROVE,35.18,1.0261512222853895,1,0,0,0,0,1,0,0,286,16,25,26,terminal_customer_network_burst;night_activity,0.26,0.03870856291005899,0.26
X000075736,2026-02-19 04:49:26,C000636,A0000636,M00192,T00798,South,South,33.68,USD,ecommerce,chip_pin,approved,APPROVE,39.78,0.8466566113624937,1,0,0,1,0,0,0,2,269,15,24,26,terminal_customer_network_burst;night_activity,0.26,0.02826824852971755,0.26
X000208935,2026-02-19 04:49:37,C001704,A0001704,M00517,T00541,Midwest,Midwest,53.31,USD,card_present,chip_pin,approved,APPROVE,82.48,0.6463385063045587,1,0,0,0,0,0,0,3,245,17,41,26,terminal_customer_network_burst;night_activity,0.26,0.019226982883559143,0.26
X000180111,2026-02-19 04:50:14,C001480,A0001480,M00690,T00363,Northeast,Northeast,160.8,USD,ecommerce,wallet_biometric,approved,APPROVE,107.72,1.4927590048273303,1,0,0,1,0,0,0,5,248,18,33,51,customer_velocity;terminal_customer_network_burst;night_activity,0.51,0.05169232416314465,0.51
X000099048,2026-02-19 04:50:28,C000830,A0000830,M00667,T00609,Northeast,Northeast,39.03,USD,ecommerce,wallet_biometric,soft_decline,CHALLENGE,65.44,0.5964242053789731,1,0,1,1,0,0,0,1,411,25,34,34,terminal_customer_network_burst;night_activity;authentication_soft_decline,0.34,0.27532460863501296,0.34
X000038580,2026-02-19 04:51:27,C000329,A0000329,M00794,T01041,Midwest,Midwest,21.4,USD,ecommerce,3ds,approved,APPROVE,45.79,0.46735094998908056,1,0,0,1,0,0,0,2,37,9,0,41,new_customer_terminal_pair;terminal_customer_network_burst;night_activity,0.41,0.01442270319845066,0.41
X000203381,2026-02-19 04:51:32,C001664,A0001664,M00453,T00940,South,South,269.09,USD,card_present,wallet_biometric,approved,APPROVE,245.36,1.0967150309748939,1,0,0,0,0,0,0,2,441,23,85,26,terminal_customer_network_burst;night_activity,0.26,0.016670477730739174,0.26
X000225424,2026-02-19 04:52:13,C001837,A0001837,M00191,T01127,Midwest,Midwest,26.13,USD,card_present,magstripe,approved,APPROVE,31.4,0.8321656050955414,1,0,0,0,1,0,0,2,156,11,14,26,terminal_customer_network_burst;night_activity,0.26,0.03689002233300512,0.26
X000148380,2026-02-19 04:52:40,C001224,A0001224,M00661,T00337,Northeast,Northeast,357.68,USD,card_present,chip_pin,approved,APPROVE,153.7,2.327130774235524,1,0,0,0,0,0,0,3,302,14,70,26,terminal_customer_network_burst;night_activity,0.26,0.012150710774359407,0.26
X000031879,2026-02-19 04:52:41,C000270,A0000270,M00012,T00789,West,West,79.18,USD,ecommerce,chip_pin,approved,APPROVE,48.23,1.6417167737922458,1,0,0,1,0,0,0,0,125,13,17,26,terminal_customer_network_burst;night_activity,0.26,0.021237585647281985,0.26
X000062121,2026-02-19 04:53:04,C000528,A0000528,M00782,T00864,Midwest,Midwest,141.78,USD,mobile_wallet,chip_pin,approved,APPROVE,100.2,1.4149700598802395,1,0,0,0,0,1,0,2,157,15,43,26,terminal_customer_network_burst;night_activity,0.26,0.02074054316925704,0.26
X000237464,2026-02-19 04:53:29,C001936,A0001936,M00424,T01128,Northeast,Midwest,119.9,USD,mobile_wallet,wallet_biometric,approved,APPROVE,53.89,2.2249025793282615,1,0,0,0,0,1,1,2,90,14,0,53,new_customer_terminal_pair;terminal_customer_network_burst;night_activity;home_region_mismatch,0.53,0.4921202639861072,0.53
X000124789,2026-02-19 04:53:48,C001030,A0001030,M00604,T01134,Northeast,Northeast,415.41,USD,card_present,chip_pin,approved,APPROVE,208.04,1.9967794654874065,1,0,0,0,0,0,0,9,461,20,87,51,customer_velocity;terminal_customer_network_burst;night_activity,0.51,0.03719312355484538,0.51
X000028460,2026-02-19 04:54:19,C000245,A0000245,M00068,T01154,Northeast,Northeast,68.72,USD,card_present,3ds,approved,APPROVE,51.2,1.3421874999999999,1,0,0,0,0,0,0,0,57,7,15,8,night_activity,0.08,0.00791509199101913,0.08
X000091861,2026-02-19 04:54:24,C000769,A0000769,M00262,T00060,South,South,525.18,USD,card_present,wallet_biometric,approved,APPROVE,268.43,1.9564877249189732,1,0,0,0,0,0,0,4,353,19,81,26,terminal_customer_network_burst;night_activity,0.26,0.01690843715725449,0.26
X000071076,2026-02-19 04:54:39,C000603,A0000603,M00251,T00782,West,West,15.56,USD,mobile_wallet,chip_pin,approved,APPROVE,20.25,0.7683950617283951,1,0,0,0,0,1,0,1,82,10,16,26,terminal_customer_network_burst;night_activity,0.26,0.015562962801472152,0.26
X000030118,2026-02-19 04:55:06,C000258,A0000258,M00690,T00363,Northeast,Northeast,160.28,USD,ecommerce,chip_pin,approved,APPROVE,38.56,4.156639004149377,1,0,0,1,0,0,0,2,249,18,15,56,amount_vs_profile;terminal_customer_network_burst;night_activity,0.56,0.16980528432945527,0.56
X000147229,2026-02-19 04:55:10,C001214,A0001214,M00122,T00125,South,South,14.2,USD,ecommerce,chip_pin,approved,APPROVE,24.85,0.5714285714285714,1,0,0,1,0,0,0,2,213,13,30,26,terminal_customer_network_burst;night_activity,0.26,0.014380412285460187,0.26
X000033125,2026-02-19 04:56:18,C000280,A0000280,M00586,T00036,Northeast,Northeast,87.8,USD,ecommerce,3ds,approved,APPROVE,208.38,0.42134561858143776,1,0,0,1,0,0,0,3,199,16,45,26,terminal_customer_network_burst;night_activity,0.26,0.012896334934733692,0.26
X000213464,2026-02-19 04:56:58,C001742,A0001742,M00086,T00198,Midwest,Midwest,17.93,USD,ecommerce,magstripe,approved,APPROVE,28.4,0.6313380281690141,1,0,0,1,1,0,0,1,144,11,29,46,terminal_customer_network_burst;ecommerce_authentication_shift;night_activity,0.46,0.019318345879903536,0.46
X000112546,2026-02-19 04:57:50,C000941,A0000941,M00580,T00415,South,South,37.8,USD,mobile_wallet,chip_pin,approved,APPROVE,52.11,0.7253886010362693,1,0,0,0,0,1,0,0,360,22,32,26,terminal_customer_network_burst;night_activity,0.26,0.06549724853223936,0.26
X000237347,2026-02-19 04:58:04,C001935,A0001935,M00795,T00503,Northeast,Northeast,82.88,USD,mobile_wallet,3ds,approved,APPROVE,144.04,0.5753957234101639,1,0,0,0,0,1,0,3,164,15,32,26,terminal_customer_network_burst;night_activity,0.26,0.02403512567808973,0.26
X000021631,2026-02-19 04:58:08,C000186,A0000186,M00724,T01129,West,West,168.48,USD,card_present,3ds,approved,APPROVE,223.8,0.7528150134048257,1,0,0,0,0,0,0,3,196,12,109,26,terminal_customer_network_burst;night_activity,0.26,0.0010891022540152537,0.26
X000219733,2026-02-19 04:58:18,C001795,A0001795,M00770,T01186,Midwest,Midwest,39.28,USD,mobile_wallet,wallet_biometric,approved,APPROVE,69.86,0.5622673919267106,1,0,0,0,0,1,0,2,117,12,33,26,terminal_customer_network_burst;night_activity,0.26,0.012894150662776629,0.26
X000123141,2026-02-19 04:58:24,C001020,A0001020,M00698,T00516,West,West,215.59,USD,ecommerce,chip_pin,approved,APPROVE,132.98,1.6212212362761318,1,0,0,1,0,0,0,2,107,13,36,26,terminal_customer_network_burst;night_activity,0.26,0.013826318793822907,0.26
X000103284,2026-02-19 04:58:43,C000868,A0000868,M00341,T01190,Midwest,Midwest,20.46,USD,card_present,chip_pin,approved,APPROVE,44.62,0.45853877185118785,1,0,0,0,0,0,0,5,153,17,29,51,customer_velocity;terminal_customer_network_burst;night_activity,0.51,0.02608491554951225,0.51
X000126833,2026-02-19 04:59:24,C001044,A0001044,M00625,T00763,Northeast,Northeast,34.05,USD,card_present,chip_pin,approved,APPROVE,33.61,1.013091341862541,1,0,0,0,0,0,0,3,113,9,26,26,terminal_customer_network_burst;night_activity,0.26,0.010083381200585903,0.26
X000098014,2026-02-19 04:59:34,C000820,A0000820,M00192,T00126,South,South,105.7,USD,mobile_wallet,3ds,approved,APPROVE,146.86,0.7197330791229742,1,0,0,0,0,1,0,4,293,15,67,26,terminal_customer_network_burst;night_activity,0.26,0.0129684223125021,0.26
X000215095,2026-02-19 04:59:52,C001756,A0001756,M00786,T00776,Northeast,Northeast,113.02,USD,card_present,wallet_biometric,approved,APPROVE,74.2,1.5231805929919136,1,0,0,0,0,0,0,7,176,12,29,51,customer_velocity;terminal_customer_network_burst;night_activity,0.51,0.029761332285325588,0.51
X000102195,2026-02-19 04:59:57,C000859,A0000859,M00052,T00013,South,South,531.68,USD,ecommerce,magstripe,approved,APPROVE,276.18,1.9251212977043954,1,0,0,1,1,0,0,3,289,16,79,46,terminal_customer_network_burst;ecommerce_authentication_shift;night_activity,0.46,0.021466183669654564,0.46
X000074698,2026-02-19 05:00:09,C000629,A0000629,M00036,T00993,Northeast,Northeast,274.67,USD,card_present,chip_pin,approved,APPROVE,118.88,2.3104811574697175,0,0,0,0,0,0,0,5,177,13,108,43,customer_velocity;terminal_customer_network_burst,0.43,0.0020385330085460293,0.43
X000119943,2026-02-19 05:00:47,C000996,A0000996,M00460,T00677,Midwest,Midwest,45.31,USD,mobile_wallet,3ds,approved,APPROVE,35.55,1.2745428973277075,0,0,0,0,0,1,0,1,299,22,23,18,terminal_customer_network_burst,0.18,0.07395586765808079,0.18
X000087359,2026-02-19 05:01:00,C000733,A0000733,M00513,T00308,Midwest,Midwest,260.68,USD,ecommerce,magstripe,soft_decline,CHALLENGE,190.79,1.3663189894648566,0,0,1,1,1,0,0,1,185,10,34,26,terminal_customer_network_burst;authentication_soft_decline,0.26,0.06973676543319941,0.26
X000206967,2026-02-19 05:01:03,C001688,A0001688,M00200,T00991,Midwest,Midwest,57.99,USD,ecommerce,wallet_biometric,approved,APPROVE,94.31,0.614887074541406,0,0,0,1,0,0,0,0,73,16,15,18,terminal_customer_network_burst,0.18,0.013262513753662369,0.18
X000032240,2026-02-19 05:01:10,C000273,A0000273,M00401,T00536,South,South,22.38,USD,card_present,magstripe,approved,APPROVE,31.83,0.70311027332705,0,0,0,0,1,0,0,1,323,21,25,18,terminal_customer_network_burst,0.18,0.07466628214010539,0.18
X000011693,2026-02-19 05:01:23,C000103,A0000103,M00662,T00510,Midwest,Midwest,22.49,USD,card_present,3ds,approved,APPROVE,21.68,1.0373616236162362,0,0,0,0,0,0,0,2,91,14,12,18,terminal_customer_network_burst,0.18,0.01714749307317859,0.18
X000120167,2026-02-19 05:01:27,C000997,A0000997,M00501,T01003,Northeast,Northeast,31.45,USD,card_present,wallet_biometric,approved,APPROVE,51.04,0.6161833855799373,0,0,0,0,0,0,0,4,232,21,71,18,terminal_customer_network_burst,0.18,0.008952598279405985,0.18
X000109911,2026-02-19 05:01:43,C000918,A0000918,M00791,T00739,South,South,30.6,USD,ecommerce,wallet_biometric,approved,APPROVE,48.21,0.6347230864965775,0,0,0,1,0,0,0,0,277,21,8,18,terminal_customer_network_burst,0.18,0.049628252132907946,0.18
X000200904,2026-02-19 05:02:24,C001645,A0001645,M00479,T00906,Midwest,Midwest,119.49,USD,card_present,chip_pin,approved,APPROVE,71.08,1.6810635903207654,0,0,0,0,0,0,0,4,159,10,59,18,terminal_customer_network_burst,0.18,0.004594028524920197,0.18
X000223011,2026-02-19 05:02:36,C001817,A0001817,M00040,T01012,Northeast,Northeast,88.64,USD,ecommerce,3ds,approved,APPROVE,68.51,1.293825718873157,0,0,0,1,0,0,0,3,201,19,18,18,terminal_customer_network_burst,0.18,0.0435931161585508,0.18
X000067978,2026-02-19 05:02:38,C000576,A0000576,M00628,T01005,West,West,86.87,USD,mobile_wallet,chip_pin,approved,APPROVE,69.4,1.251729106628242,0,0,0,0,0,1,0,2,92,12,34,18,terminal_customer_network_burst,0.18,0.01098233014618525,0.18
X000224106,2026-02-19 05:02:58,C001829,A0001829,M00398,T00960,South,South,25.47,USD,card_present,chip_pin,approved,APPROVE,54.77,0.465035603432536,0,0,0,0,0,0,0,1,179,16,24,18,terminal_customer_network_burst,0.18,0.013052357453053864,0.18
X000016031,2026-02-19 05:03:06,C000135,A0000135,M00490,T00340,South,South,135.94,USD,ecommerce,3ds,approved,APPROVE,91.86,1.4798606575223165,0,0,0,1,0,0,0,4,175,11,58,18,terminal_customer_network_burst,0.18,0.005410963971071591,0.18
X000230731,2026-02-19 05:03:37,C001881,A0001881,M00553,T01122,West,West,80.45,USD,ecommerce,chip_pin,approved,APPROVE,70.14,1.1469917308240662,0,0,0,1,0,0,0,6,100,6,35,25,customer_velocity,0.25,0.005741677249453937,0.25
X000194736,2026-02-19 05:04:02,C001601,A0001601,M00406,T00057,South,South,61.41,USD,ecommerce,wallet_biometric,approved,APPROVE,129.9,0.4727482678983833,0,0,0,1,0,0,0,3,265,17,37,18,terminal_customer_network_burst,0.18,0.016073584377647252,0.18
X000180589,2026-02-19 05:04:12,C001483,A0001483,M00393,T00239,Northeast,Northeast,69.96,USD,ecommerce,wallet_biometric,approved,APPROVE,259.43,0.269668118567629,0,0,0,1,0,0,0,9,351,13,79,43,customer_velocity;terminal_customer_network_burst,0.43,0.0060058023923808684,0.43
X000243871,2026-02-19 05:04:56,C001988,A0001988,M00205,T00871,South,South,206.72,USD,ecommerce,chip_pin,approved,APPROVE,86.5,2.389826589595376,0,0,0,1,0,0,0,6,178,11,49,43,customer_velocity;terminal_customer_network_burst,0.43,0.01331275001250838,0.43
X000113625,2026-02-19 05:05:05,C000946,A0000946,M00019,T00826,Northeast,Northeast,84.98,USD,ecommerce,chip_pin,approved,APPROVE,163.27,0.5204875359833405,0,0,0,1,0,0,0,2,136,12,47,18,terminal_customer_network_burst,0.18,0.0042107469759807255,0.18
X000104823,2026-02-19 05:05:19,C000882,A0000882,M00070,T00004,Northeast,Northeast,70.88,USD,card_present,3ds,approved,APPROVE,26.23,2.7022493328250095,0,0,0,0,0,0,0,5,245,13,30,43,customer_velocity;terminal_customer_network_burst,0.43,0.03485393006181299,0.43
X000220162,2026-02-19 05:05:23,C001797,A0001797,M00167,T00818,Northeast,Northeast,157.98,USD,card_present,magstripe,approved,APPROVE,161.59,0.9776595086329599,0,0,0,0,1,0,0,3,201,16,65,18,terminal_customer_network_burst,0.18,0.012376053880980547,0.18
X000206255,2026-02-19 05:05:35,C001683,A0001683,M00511,T00501,Midwest,Midwest,102.58,USD,card_present,3ds,approved,APPROVE,55.91,1.8347343945626902,0,0,0,0,0,0,0,0,202,16,20,18,terminal_customer_network_burst,0.18,0.02425544945763895,0.18
X000055273,2026-02-19 05:05:41,C000467,A0000467,M00069,T00652,West,West,327.08,USD,ecommerce,chip_pin,approved,APPROVE,238.71,1.3701981483808805,0,0,0,1,0,0,0,5,146,11,32,43,customer_velocity;terminal_customer_network_burst,0.43,0.012493475488368018,0.43
X000195325,2026-02-19 05:05:51,C001604,A0001604,M00528,T00475,Midwest,Midwest,155.65,USD,card_present,wallet_biometric,approved,APPROVE,138.09,1.1271634441306395,0,0,0,0,0,0,0,5,191,13,66,43,customer_velocity;terminal_customer_network_burst,0.43,0.005092494042014434,0.43
X000209923,2026-02-19 05:06:21,C001712,A0001712,M00556,T00589,South,South,312.91,USD,card_present,chip_pin,approved,APPROVE,184.84,1.6928695087643368,0,0,0,0,0,0,0,10,391,21,78,63,customer_velocity;high_customer_velocity;terminal_customer_network_burst,0.63,0.033053836604802614,0.63
X000065090,2026-02-19 05:06:29,C000551,A0000551,M00745,T00344,Northeast,Northeast,566.58,USD,card_present,chip_pin,approved,APPROVE,293.22,1.932269285860446,0,0,0,0,0,0,0,7,144,14,41,43,customer_velocity;terminal_customer_network_burst,0.43,0.019855449007428597,0.43
X000082205,2026-02-19 05:06:31,C000688,A0000688,M00706,T00053,Northeast,Northeast,46.19,USD,mobile_wallet,wallet_biometric,approved,APPROVE,48.53,0.9517824026375438,0,0,0,0,0,1,0,5,231,16,49,43,customer_velocity;terminal_customer_network_burst,0.43,0.019414646749344133,0.43
X000074173,2026-02-19 05:06:48,C000626,A0000626,M00447,T00749,South,South,42.3,USD,card_present,magstripe,approved,APPROVE,49.14,0.8608058608058607,0,0,0,0,1,0,0,2,274,24,44,18,terminal_customer_network_burst,0.18,0.061673333854502944,0.18
X000066443,2026-02-19 05:06:52,C000563,A0000563,M00638,T01099,Northeast,Northeast,23.54,USD,mobile_wallet,chip_pin,approved,APPROVE,25.27,0.9315393747526711,0,0,0,0,0,1,0,4,187,13,35,18,terminal_customer_network_burst,0.18,0.016897623729111234,0.18
X000155263,2026-02-19 05:07:13,C001279,A0001279,M00393,T00751,Northeast,Northeast,117.43,USD,card_present,3ds,approved,APPROVE,151.87,0.773227102126819,0,0,0,0,0,0,0,0,176,13,14,18,terminal_customer_network_burst,0.18,0.012653107976375604,0.18
X000064895,2026-02-19 05:07:59,C000550,A0000550,M00262,T01103,South,South,62.65,USD,card_present,3ds,approved,APPROVE,79.69,0.7861714142301418,0,0,0,0,0,0,0,2,122,6,34,0,,0.0,0.003209814857086405,0.003209814857086405
X000095708,2026-02-19 05:08:14,C000799,A0000799,M00015,T00330,South,South,60.46,USD,card_present,chip_pin,approved,APPROVE,51.04,1.1845611285266457,0,0,0,0,0,0,0,2,416,36,32,18,terminal_customer_network_burst,0.18,0.23452472648235437,0.23452472648235437
X000011327,2026-02-19 05:08:24,C000101,A0000101,M00267,T00249,West,West,93.77,USD,card_present,wallet_biometric,approved,APPROVE,65.68,1.4276796589524967,0,0,0,0,0,0,0,2,91,8,35,18,terminal_customer_network_burst,0.18,0.004721653254874154,0.18
X000102797,2026-02-19 05:08:27,C000863,A0000863,M00135,T00646,Midwest,Midwest,165.12,USD,ecommerce,3ds,approved,APPROVE,164.58,1.003281079110463,0,0,0,1,0,0,0,5,190,16,70,43,customer_velocity;terminal_customer_network_burst,0.43,0.006385034589864922,0.43
X000228075,2026-02-19 05:08:34,C001857,A0001857,M00354,T00072,Northeast,Northeast,125.2,USD,card_present,3ds,approved,APPROVE,94.68,1.3223489649345161,0,0,0,0,0,0,0,7,165,19,73,43,customer_velocity;terminal_customer_network_burst,0.43,0.010558947303529635,0.43
X000075458,2026-02-19 05:09:08,C000634,A0000634,M00281,T01053,West,West,17.3,USD,card_present,wallet_biometric,approved,APPROVE,26.99,0.6409781400518711,0,0,0,0,0,0,0,1,98,18,18,18,terminal_customer_network_burst,0.18,0.017466855144914428,0.18
X000013749,2026-02-19 05:09:10,C000116,A0000116,M00085,T00540,Northeast,Northeast,222.25,USD,card_present,chip_pin,approved,APPROVE,197.15,1.1273142277453716,0,0,0,0,0,0,0,6,202,10,82,43,customer_velocity;terminal_customer_network_burst,0.43,0.002458782161819879,0.43
X000146154,2026-02-19 05:09:11,C001205,A0001205,M00480,T00012,West,West,107.42,USD,ecommerce,chip_pin,approved,APPROVE,69.5,1.5456115107913668,0,0,0,1,0,0,0,5,157,8,38,43,customer_velocity;terminal_customer_network_burst,0.43,0.007987154919369462,0.43
X000035697,2026-02-19 05:10:50,C000303,A0000303,M00528,T00475,Midwest,Midwest,44.84,USD,ecommerce,chip_pin,approved,APPROVE,55.72,0.804737975592247,0,0,0,1,0,0,0,1,192,13,10,18,terminal_customer_network_burst,0.18,0.017970034035524825,0.18
X000061812,2026-02-19 05:11:03,C000526,A0000526,M00524,T00033,West,West,177.23,USD,card_present,3ds,approved,APPROVE,156.59,1.131809183217319,0,0,0,0,0,0,0,6,117,10,86,43,customer_velocity;terminal_customer_network_burst,0.43,0.0017379398663027786,0.43
X000193231,2026-02-19 05:11:38,C001586,A0001586,M00302,T00011,Northeast,Northeast,101.0,USD,card_present,3ds,approved,APPROVE,130.24,0.7754914004914004,0,0,0,0,0,0,0,0,248,18,40,18,terminal_customer_network_burst,0.18,0.011877750965688638,0.18
X000228076,2026-02-19 05:11:44,C001857,A0001857,M00354,T00072,Northeast,Northeast,42.29,USD,mobile_wallet,chip_pin,approved,APPROVE,94.68,0.44666244190959015,0,0,0,0,0,1,0,8,166,19,74,43,customer_velocity;terminal_customer_network_burst,0.43,0.012146772104111284,0.43
X000096524,2026-02-19 05:12:41,C000807,A0000807,M00068,T00683,Northeast,Northeast,115.45,USD,ecommerce,wallet_biometric,approved,APPROVE,53.15,2.172154280338664,0,0,0,1,0,0,0,1,180,13,9,18,terminal_customer_network_burst,0.18,0.03104834389509128,0.18
X000025691,2026-02-19 05:12:59,C000219,A0000219,M00170,T01059,Midwest,Midwest,88.26,USD,card_present,3ds,approved,APPROVE,76.75,1.1499674267100979,0,0,0,0,0,0,0,3,190,16,14,18,terminal_customer_network_burst,0.18,0.030586076670927727,0.18
X000127807,2026-02-19 05:13:05,C001052,A0001052,M00282,T00583,South,South,57.52,USD,card_present,chip_pin,approved,APPROVE,146.14,0.39359518270151916,0,0,0,0,0,0,0,11,437,22,86,63,customer_velocity;high_customer_velocity;terminal_customer_network_burst,0.63,0.021640147183022748,0.63
X000000763,2026-02-19 05:13:06,C000008,A0000008,M00526,T00055,South,South,169.67,USD,mobile_wallet,wallet_biometric,approved,APPROVE,124.57,1.362045436300875,0,0,0,0,0,1,0,3,172,16,47,18,terminal_customer_network_burst,0.18,0.01666250499724223,0.18
X000236881,2026-02-19 05:13:50,C001932,A0001932,M00739,T00701,South,South,72.01,USD,card_present,chip_pin,approved,APPROVE,46.32,1.5546200345423145,0,0,0,0,0,0,0,0,284,19,16,18,terminal_customer_network_burst,0.18,0.04268147458190418,0.18
X000127218,2026-02-19 05:14:17,C001048,A0001048,M00131,T00706,West,West,86.35,USD,mobile_wallet,3ds,approved,APPROVE,78.77,1.0962295290085058,0,0,0,0,0,1,0,3,155,13,19,18,terminal_customer_network_burst,0.18,0.024686184319759892,0.18
X000092238,2026-02-19 05:14:49,C000772,A0000772,M00179,T00767,Midwest,Midwest,31.86,USD,ecommerce,chip_pin,approved,APPROVE,25.89,1.2305909617612978,0,0,0,1,0,0,0,3,149,16,19,18,terminal_customer_network_burst,0.18,0.025637076576567792,0.18
X000042718,2026-02-19 05:14:56,C000361,A0000361,M00387,T00209,Northeast,Northeast,34.99,USD,ecommerce,3ds,approved,APPROVE,43.71,0.8005033173186914,0,0,0,1,0,0,0,1,215,17,38,18,terminal_customer_network_burst,0.18,0.012393797016771135,0.18
X000200905,2026-02-19 05:15:22,C001645,A0001645,M00191,T00491,Midwest,Midwest,118.6,USD,card_present,chip_pin,approved,APPROVE,71.08,1.6685424873382104,0,0,0,0,0,0,0,5,93,9,38,43,customer_velocity;terminal_customer_network_burst,0.43,0.007600882235660317,0.43
X000245304,2026-02-19 05:16:20,C001998,A0001998,M00675,T00110,Midwest,Midwest,69.45,USD,card_present,chip_pin,approved,APPROVE,71.97,0.9649854105877449,0,0,0,0,0,0,0,2,217,14,22,18,terminal_customer_network_burst,0.18,0.016657060607319907,0.18
X000107844,2026-02-19 05:17:05,C000902,A0000902,M00460,T00677,Midwest,Midwest,18.21,USD,mobile_wallet,3ds,approved,APPROVE,20.59,0.8844099077221953,0,0,0,0,0,1,0,2,300,22,20,18,terminal_customer_network_burst,0.18,0.07808230878208106,0.18
X000173372,2026-02-19 05:17:15,C001429,A0001429,M00561,T00399,Midwest,Midwest,120.51,USD,ecommerce,chip_pin,approved,APPROVE,67.28,1.7911712247324614,0,0,0,1,0,0,0,6,160,11,65,43,customer_velocity;terminal_customer_network_burst,0.43,0.005957911076203719,0.43
X000075131,2026-02-19 05:17:21,C000631,A0000631,M00219,T00193,Northeast,Northeast,271.92,USD,ecommerce,wallet_biometric,approved,APPROVE,287.17,0.9468955670856983,0,0,0,1,0,0,0,8,288,10,77,43,customer_velocity;terminal_customer_network_burst,0.43,0.00447497892405191,0.43
X000211227,2026-02-19 05:17:36,C001722,A0001722,M00698,T00153,West,West,129.19,USD,ecommerce,wallet_biometric,approved,APPROVE,151.59,0.8522329968995316,0,0,0,1,0,0,0,1,252,13,1,18,terminal_customer_network_burst,0.18,0.028362549091095347,0.18
X000106005,2026-02-19 05:17:54,C000890,A0000890,M00460,T00355,Midwest,Midwest,23.6,USD,card_present,3ds,approved,APPROVE,41.95,0.5625744934445769,0,0,0,0,0,0,0,3,194,16,25,18,terminal_customer_network_burst,0.18,0.017232649217784234,0.18
X000155763,2026-02-19 05:18:03,C001282,A0001282,M00552,T00602,Northeast,Northeast,162.41,USD,mobile_wallet,chip_pin,approved,APPROVE,101.36,1.6023086029992106,0,0,0,0,0,1,0,2,235,14,22,18,terminal_customer_network_burst,0.18,0.0335743636666144,0.18
X000217221,2026-02-19 05:18:12,C001773,A0001773,M00183,T01168,South,South,588.83,USD,mobile_wallet,chip_pin,approved,APPROVE,311.99,1.8873361325683515,0,0,0,0,0,1,0,7,267,14,100,43,customer_velocity;terminal_customer_network_burst,0.43,0.006015049933642132,0.43
X000167590,2026-02-19 05:18:21,C001384,A0001384,M00077,T00306,South,South,140.66,USD,card_present,chip_pin,approved,APPROVE,83.35,1.6875824835032993,0,0,0,0,0,0,0,1,312,17,39,18,terminal_customer_network_burst,0.18,0.020802313932488565,0.18
X000072735,2026-02-19 05:18:55,C000614,A0000614,M00507,T00639,South,South,201.02,USD,mobile_wallet,chip_pin,approved,APPROVE,325.59,0.6174022543689918,0,0,0,0,0,1,0,6,147,12,54,43,customer_velocity;terminal_customer_network_burst,0.43,0.00819496050209077,0.43
X000060153,2026-02-19 05:19:22,C000512,A0000512,M00191,T00397,Midwest,Midwest,80.14,USD,card_present,magstripe,approved,APPROVE,77.47,1.03446495417581,0,0,0,0,1,0,0,0,285,16,37,18,terminal_customer_network_burst,0.18,0.02704363325030543,0.18
X000143136,2026-02-19 05:19:27,C001179,A0001179,M00510,T00280,West,West,55.48,USD,ecommerce,chip_pin,approved,APPROVE,45.31,1.2244537629662324,0,0,0,1,0,0,0,3,109,12,44,18,terminal_customer_network_burst,0.18,0.006480935833830258,0.18
X000071430,2026-02-19 05:19:31,C000606,A0000606,M00434,T00133,Northeast,South,57.11,USD,card_present,magstripe,approved,APPROVE,52.74,1.0828593098217671,0,0,0,0,1,0,1,2,332,16,0,45,new_customer_terminal_pair;terminal_customer_network_burst;home_region_mismatch,0.45,0.5946667279713289,0.5946667279713289
X000192594,2026-02-19 05:19:36,C001581,A0001581,M00786,T00776,Northeast,Northeast,114.29,USD,card_present,wallet_biometric,approved,APPROVE,63.73,1.7933469323709401,0,0,0,0,0,0,0,3,177,12,22,18,terminal_customer_network_burst,0.18,0.018654735478739956,0.18
X000216120,2026-02-19 05:19:46,C001765,A0001765,M00779,T00146,South,South,28.78,USD,ecommerce,3ds,approved,APPROVE,57.88,0.4972356599861783,0,0,0,1,0,0,0,6,475,19,55,43,customer_velocity;terminal_customer_network_burst,0.43,0.027768453424228345,0.43
X000012697,2026-02-19 05:20:22,C000110,A0000110,M00335,T00070,South,South,62.29,USD,ecommerce,chip_pin,approved,APPROVE,31.37,1.9856550844756136,0,0,0,1,0,0,0,1,475,23,24,18,terminal_customer_network_burst,0.18,0.11368803294796538,0.18
X000183495,2026-02-19 05:20:25,C001509,A0001509,M00540,T01173,West,West,74.34,USD,card_present,chip_pin,approved,APPROVE,25.62,2.901639344262295,0,0,0,0,0,0,0,0,128,12,35,18,terminal_customer_network_burst,0.18,0.011969809760502654,0.18
X000222339,2026-02-19 05:21:09,C001811,A0001811,M00720,T00311,Northeast,Northeast,38.91,USD,card_present,chip_pin,approved,APPROVE,63.03,0.6173250832936696,0,0,0,0,0,0,0,2,167,18,41,18,terminal_customer_network_burst,0.18,0.01108114851655636,0.18
X000243689,2026-02-19 05:21:34,C001987,A0001987,M00470,T00025,South,South,43.41,USD,card_present,3ds,approved,APPROVE,186.83,0.232350264946743,0,0,0,0,0,0,0,3,200,12,77,18,terminal_customer_network_burst,0.18,0.0017788973004370793,0.18
X000066444,2026-02-19 05:22:15,C000563,A0000563,M00638,T01099,Northeast,Northeast,29.81,USD,card_present,wallet_biometric,approved,APPROVE,25.27,1.1796596755045508,0,0,0,0,0,0,0,5,188,13,36,43,customer_velocity;terminal_customer_network_burst,0.43,0.013579739493073128,0.43
X000012815,2026-02-19 05:22:33,C000111,A0000111,M00249,T00554,South,South,125.28,USD,card_present,chip_pin,approved,APPROVE,69.27,1.808575140753573,0,0,0,0,0,0,0,2,281,16,30,18,terminal_customer_network_burst,0.18,0.026844062047036193,0.18
X000106744,2026-02-19 05:22:39,C000894,A0000894,M00423,T00106,South,South,501.4,USD,card_present,chip_pin,approved,APPROVE,442.56,1.1329537237888647,0,0,0,0,0,0,0,3,201,17,70,18,terminal_customer_network_burst,0.18,0.00584093380673928,0.18
X000128929,2026-02-19 05:23:01,C001060,A0001060,M00682,T00517,Northeast,Northeast,292.92,USD,card_present,wallet_biometric,approved,APPROVE,203.81,1.4372209410725676,0,0,0,0,0,0,0,2,159,22,44,18,terminal_customer_network_burst,0.18,0.021907397896810992,0.18
X000166766,2026-02-19 05:23:04,C001376,A0001376,M00020,T00130,South,South,22.23,USD,card_present,magstripe,approved,APPROVE,24.03,0.9250936329588014,0,0,0,0,1,0,0,1,341,21,25,18,terminal_customer_network_burst,0.18,0.08471377645503159,0.18
X000056383,2026-02-19 05:23:46,C000476,A0000476,M00271,T00851,Northeast,Northeast,132.23,USD,card_present,wallet_biometric,approved,APPROVE,44.55,2.9681257014590345,0,0,0,0,0,0,0,0,211,13,15,18,terminal_customer_network_burst,0.18,0.03221784502598682,0.18
X000072736,2026-02-19 05:24:00,C000614,A0000614,M00067,T00948,South,South,206.51,USD,mobile_wallet,chip_pin,approved,APPROVE,325.59,0.634263951595565,0,0,0,0,0,1,0,7,339,19,53,43,customer_velocity;terminal_customer_network_burst,0.43,0.03522131352461623,0.43
X000172071,2026-02-19 05:24:58,C001419,A0001419,M00433,T00174,Midwest,Midwest,54.22,USD,ecommerce,chip_pin,approved,APPROVE,59.46,0.9118735284224688,0,0,0,1,0,0,0,3,274,16,54,18,terminal_customer_network_burst,0.18,0.010115140865890541,0.18
X000236232,2026-02-19 05:25:10,C001927,A0001927,M00309,T00916,Northeast,Northeast,46.71,USD,card_present,3ds,approved,APPROVE,68.16,0.685299295774648,0,0,0,0,0,0,0,1,217,18,22,18,terminal_customer_network_burst,0.18,0.02115284059518984,0.18
X000197083,2026-02-19 05:25:26,C001618,A0001618,M00756,T00999,West,West,311.41,USD,mobile_wallet,chip_pin,approved,APPROVE,140.56,2.2154951622083097,0,0,0,0,0,1,0,1,215,12,62,18,terminal_customer_network_burst,0.18,0.008020085411613071,0.18
X000147051,2026-02-19 05:25:50,C001212,A0001212,M00394,T00980,South,South,19.04,USD,card_present,3ds,approved,APPROVE,21.65,0.879445727482679,0,0,0,0,0,0,0,3,153,9,31,18,terminal_customer_network_burst,0.18,0.006382782472827304,0.18
X000152776,2026-02-19 05:26:02,C001256,A0001256,M00700,T00884,Northeast,Northeast,33.92,USD,card_present,wallet_biometric,approved,APPROVE,54.39,0.6236440522154808,0,0,0,0,0,0,0,2,247,11,28,18,terminal_customer_network_burst,0.18,0.0090838134025264,0.18
X000228607,2026-02-19 05:26:08,C001861,A0001861,M00160,T00039,South,South,63.34,USD,ecommerce,chip_pin,approved,APPROVE,64.65,0.979737045630317,0,0,0,1,0,0,0,0,280,14,29,18,terminal_customer_network_burst,0.18,0.013135387683951697,0.18
X000134714,2026-02-19 05:26:24,C001105,A0001105,M00351,T00802,West,West,25.86,USD,card_present,magstripe,approved,APPROVE,28.19,0.9173465768002838,0,0,0,0,1,0,0,1,211,14,17,18,terminal_customer_network_burst,0.18,0.03587362620919772,0.18
X000021828,2026-02-19 05:26:46,C000188,A0000188,M00669,T00703,South,South,35.8,USD,card_present,chip_pin,approved,APPROVE,45.35,0.7894156560088202,0,0,0,0,0,0,0,1,256,15,33,18,terminal_customer_network_burst,0.18,0.012056936532764004,0.18
X000125984,2026-02-19 05:27:21,C001038,A0001038,M00318,T00923,Midwest,Midwest,16.03,USD,mobile_wallet,chip_pin,approved,APPROVE,44.44,0.36071107110711076,0,0,0,0,0,1,0,0,95,12,20,18,terminal_customer_network_burst,0.18,0.00958952764061095,0.18
X000026580,2026-02-19 05:27:39,C000228,A0000228,M00410,T00952,South,South,19.0,USD,ecommerce,chip_pin,approved,APPROVE,34.69,0.5477082732776016,0,0,0,1,0,0,0,1,202,16,13,18,terminal_customer_network_burst,0.18,0.02143992412521474,0.18
X000182829,2026-02-19 05:28:19,C001503,A0001503,M00380,T00352,Midwest,Midwest,115.57,USD,ecommerce,chip_pin,approved,APPROVE,113.48,1.0184173422629537,0,0,0,1,0,0,0,4,121,13,46,18,terminal_customer_network_burst,0.18,0.007291913043371479,0.18
X000219629,2026-02-19 05:28:40,C001794,A0001794,M00701,T00740,West,West,35.52,USD,mobile_wallet,chip_pin,approved,APPROVE,40.1,0.8857855361596011,0,0,0,0,0,1,0,1,108,11,17,18,terminal_customer_network_burst,0.18,0.013483382245174641,0.18
X000230806,2026-02-19 05:28:48,C001882,A0001882,M00675,T01030,Midwest,Midwest,24.4,USD,mobile_wallet,chip_pin,approved,APPROVE,37.32,0.6538049303322615,0,0,0,0,0,1,0,0,181,15,15,18,terminal_customer_network_burst,0.18,0.02239632677934607,0.18
X000051017,2026-02-19 05:29:13,C000428,A0000428,M00320,T00150,West,West,78.28,USD,card_present,3ds,approved,APPROVE,58.17,1.3457108475159016,0,0,0,0,0,0,0,0,296,13,23,18,terminal_customer_network_burst,0.18,0.01620459312831992,0.18
X000154709,2026-02-19 05:29:21,C001275,A0001275,M00592,T00719,South,South,115.74,USD,card_present,chip_pin,approved,APPROVE,166.44,0.6953857245854361,0,0,0,0,0,0,0,1,330,20,26,18,terminal_customer_network_burst,0.18,0.03134222215203239,0.18
X000059164,2026-02-19 05:29:26,C000502,A0000502,M00345,T01165,South,South,58.26,USD,ecommerce,magstripe,soft_decline,CHALLENGE,44.15,1.3195922989807474,0,0,1,1,1,0,0,2,90,11,28,26,terminal_customer_network_burst;authentication_soft_decline,0.26,0.08143699161291079,0.26
X000099049,2026-02-19 05:29:26,C000830,A0000830,M00670,T00842,Northeast,Northeast,96.16,USD,ecommerce,magstripe,approved,APPROVE,65.44,1.4694376528117359,0,0,0,1,1,0,0,1,148,12,34,18,terminal_customer_network_burst,0.18,0.018612136982923758,0.18
X000190931,2026-02-19 05:29:58,C001567,A0001567,M00608,T00219,South,South,294.15,USD,mobile_wallet,chip_pin,approved,APPROVE,209.18,1.4062051821397838,0,0,0,0,0,1,0,5,458,21,55,43,customer_velocity;terminal_customer_network_burst,0.43,0.060041307380550156,0.43
X000164894,2026-02-19 05:30:06,C001360,A0001360,M00156,T00697,West,West,23.86,USD,mobile_wallet,3ds,approved,APPROVE,30.76,0.7756827048114434,0,0,0,0,0,1,0,0,105,13,15,18,terminal_customer_network_burst,0.18,0.015359895088578783,0.18
X000120389,2026-02-19 05:30:09,C001000,A0001000,M00644,T00075,South,West,10.18,USD,card_present,chip_pin,approved,APPROVE,20.16,0.5049603174603174,0,0,0,0,0,0,1,1,7,7,0,27,new_customer_terminal_pair;home_region_mismatch,0.27,0.06551649970307594,0.27
X000187496,2026-02-19 05:30:32,C001541,A0001541,M00457,T00634,Midwest,Midwest,123.23,USD,mobile_wallet,chip_pin,approved,APPROVE,126.44,0.9746124644099969,0,0,0,0,0,1,0,2,169,11,74,18,terminal_customer_network_burst,0.18,0.0029157172202889862,0.18
X000141424,2026-02-19 05:30:49,C001164,A0001164,M00494,T00034,West,West,220.86,USD,card_present,chip_pin,approved,APPROVE,140.47,1.5722930163024134,0,0,0,0,0,0,0,2,149,10,35,18,terminal_customer_network_burst,0.18,0.007361234091675,0.18
X000139599,2026-02-19 05:31:13,C001150,A0001150,M00376,T00181,South,South,36.93,USD,card_present,chip_pin,approved,APPROVE,54.96,0.6719432314410481,0,0,0,0,0,0,0,3,415,19,48,18,terminal_customer_network_burst,0.18,0.021467614551295693,0.18
X000124790,2026-02-19 05:31:29,C001030,A0001030,M00338,T00847,Northeast,Northeast,298.47,USD,card_present,3ds,approved,APPROVE,208.04,1.4346760238415692,0,0,0,0,0,0,0,9,316,15,87,43,customer_velocity;terminal_customer_network_burst,0.43,0.00816621026067195,0.43
X000075132,2026-02-19 05:32:00,C000631,A0000631,M00044,T01081,Northeast,Northeast,234.16,USD,card_present,3ds,approved,APPROVE,287.17,0.8154055089319915,0,0,0,0,0,0,0,9,287,20,79,43,customer_velocity;terminal_customer_network_burst,0.43,0.013755082706801735,0.43
X000207323,2026-02-19 05:32:05,C001691,A0001691,M00693,T01048,South,South,101.13,USD,card_present,wallet_biometric,approved,APPROVE,50.85,1.9887905604719762,0,0,0,0,0,0,0,4,210,13,27,18,terminal_customer_network_burst,0.18,0.023581638407173044,0.18
X000166275,2026-02-19 05:32:24,C001371,A0001371,M00380,T00352,Midwest,Midwest,193.6,USD,card_present,3ds,approved,APPROVE,149.32,1.2965443343155638,0,0,0,0,0,0,0,1,122,13,38,18,terminal_customer_network_burst,0.18,0.007066972335371938,0.18
X000037421,2026-02-19 05:32:40,C000319,A0000319,M00262,T00060,South,South,48.22,USD,ecommerce,magstripe,approved,APPROVE,48.86,0.986901350798199,0,0,0,1,1,0,0,4,354,19,35,18,terminal_customer_network_burst,0.18,0.0775353590302977,0.18
X000002314,2026-02-19 05:32:52,C000021,A0000021,M00211,T01170,Midwest,Midwest,26.81,USD,card_present,chip_pin,approved,APPROVE,43.71,0.6133607870052619,0,0,0,0,0,0,0,1,263,11,34,18,terminal_customer_network_burst,0.18,0.006907742552776262,0.18
X000063420,2026-02-19 05:33:04,C000538,A0000538,M00608,T00219,South,South,66.59,USD,card_present,chip_pin,approved,APPROVE,46.77,1.42377592473808,0,0,0,0,0,0,0,1,459,21,22,18,terminal_customer_network_burst,0.18,0.0723412200055963,0.18
X000210086,2026-02-19 05:33:19,C001713,A0001713,M00743,T00089,Northeast,South,66.22,USD,mobile_wallet,magstripe,approved,APPROVE,40.41,1.6387032912645385,0,0,0,0,1,1,1,2,139,15,0,45,new_customer_terminal_pair;terminal_customer_network_burst;home_region_mismatch,0.45,0.5997960180728994,0.5997960180728994
X000051971,2026-02-19 05:33:47,C000439,A0000439,M00604,T00623,Northeast,Northeast,78.66,USD,ecommerce,3ds,approved,APPROVE,47.61,1.6521739130434783,0,0,0,1,0,0,0,5,195,19,37,43,customer_velocity;terminal_customer_network_burst,0.43,0.03424868959038021,0.43
X000159345,2026-02-19 05:33:52,C001312,A0001312,M00552,T00463,Northeast,Northeast,128.94,USD,mobile_wallet,chip_pin,approved,APPROVE,35.7,3.6117647058823525,0,0,0,0,0,1,0,3,241,15,26,48,amount_vs_profile;terminal_customer_network_burst,0.48,0.08192724398737716,0.48
X000097791,2026-02-19 05:34:40,C000819,A0000819,M00376,T00309,South,South,38.14,USD,mobile_wallet,chip_pin,approved,APPROVE,37.28,1.023068669527897,0,0,0,0,0,1,0,2,450,19,18,18,terminal_customer_network_burst,0.18,0.08975627456296097,0.18
X000030643,2026-02-19 05:34:46,C000260,A0000260,M00500,T00274,Midwest,Midwest,378.13,USD,mobile_wallet,chip_pin,approved,APPROVE,214.67,1.761447803605534,0,0,0,0,0,1,0,7,191,12,119,43,customer_velocity;terminal_customer_network_burst,0.43,0.002003355427713901,0.43
X000207896,2026-02-19 05:35:02,C001696,A0001696,M00395,T00889,Midwest,Midwest,67.57,USD,card_present,3ds,approved,APPROVE,43.27,1.5615900161774898,0,0,0,0,0,0,0,2,147,17,39,18,terminal_customer_network_burst,0.18,0.014613393260874337,0.18
X000190932,2026-02-19 05:35:59,C001567,A0001567,M00013,T00686,South,South,235.33,USD,mobile_wallet,3ds,approved,APPROVE,209.18,1.125011951429391,0,0,0,0,0,1,0,6,382,20,53,43,customer_velocity;terminal_customer_network_burst,0.43,0.047525875200173075,0.43
X000083385,2026-02-19 05:36:06,C000696,A0000696,M00691,T01123,Northeast,Northeast,122.31,USD,card_present,chip_pin,approved,APPROVE,156.98,0.7791438399796153,0,0,0,0,0,0,0,1,184,14,79,18,terminal_customer_network_burst,0.18,0.0020031232360094194,0.18
X000008885,2026-02-19 05:36:26,C000080,A0000080,M00517,T01092,Midwest,Midwest,28.78,USD,card_present,3ds,approved,APPROVE,37.97,0.7579668159072953,0,0,0,0,0,0,0,0,236,17,22,18,terminal_customer_network_burst,0.18,0.018113343095703015,0.18
X000012913,2026-02-19 05:36:47,C000112,A0000112,M00212,T00443,Midwest,Midwest,193.91,USD,card_present,wallet_biometric,approved,APPROVE,120.92,1.6036222295732716,0,0,0,0,0,0,0,1,191,17,24,18,terminal_customer_network_burst,0.18,0.02388082517462011,0.18
X000003951,2026-02-19 05:37:07,C000034,A0000034,M00437,T00942,West,West,52.13,USD,card_present,chip_pin,approved,APPROVE,50.12,1.0401037509976059,0,0,0,0,0,0,0,1,107,10,21,18,terminal_customer_network_burst,0.18,0.007445230059194002,0.18
X000152201,2026-02-19 05:37:12,C001251,A0001251,M00615,T00908,Midwest,Midwest,80.05,USD,ecommerce,chip_pin,approved,APPROVE,65.21,1.2275724582119307,0,0,0,1,0,0,0,1,165,13,38,18,terminal_customer_network_burst,0.18,0.008094161706183116,0.18
X000222407,2026-02-19 05:37:42,C001812,A0001812,M00318,T00746,Midwest,Midwest,78.54,USD,mobile_wallet,wallet_biometric,approved,APPROVE,40.91,1.9198240039110246,0,0,0,0,0,1,0,1,385,25,19,18,terminal_customer_network_burst,0.18,0.17438867655809337,0.18
X000229671,2026-02-19 05:38:31,C001871,A0001871,M00341,T01190,Midwest,Midwest,97.14,USD,card_present,wallet_biometric,approved,APPROVE,76.66,1.2671536655361337,0,0,0,0,0,0,0,1,154,17,24,18,terminal_customer_network_burst,0.18,0.019011755832290665,0.18
X000141872,2026-02-19 05:39:26,C001169,A0001169,M00040,T00439,Northeast,Northeast,182.98,USD,card_present,chip_pin,approved,APPROVE,104.26,1.7550354882025703,0,0,0,0,0,0,0,3,327,17,44,18,terminal_customer_network_burst,0.18,0.023846783715921364,0.18
X000073494,2026-02-19 05:39:27,C000621,A0000621,M00500,T00780,Midwest,Midwest,57.06,USD,card_present,3ds,approved,APPROVE,44.7,1.2765100671140939,0,0,0,0,0,0,0,2,156,14,22,18,terminal_customer_network_burst,0.18,0.016169662248336523,0.18
X000199940,2026-02-19 05:40:15,C001638,A0001638,M00368,T00453,West,West,180.79,USD,card_present,magstripe,approved,APPROVE,61.14,2.956983971213608,0,0,0,0,1,0,0,1,59,15,21,18,terminal_customer_network_burst,0.18,0.054095213823248785,0.18
X000024485,2026-02-19 05:40:20,C000206,A0000206,M00299,T00384,Northeast,Northeast,40.77,USD,card_present,3ds,approved,APPROVE,114.32,0.356630510846746,0,0,0,0,0,0,0,1,132,12,37,18,terminal_customer_network_burst,0.18,0.00454180463168676,0.18
X000153854,2026-02-19 05:41:15,C001265,A0001265,M00635,T01013,Midwest,Midwest,51.43,USD,card_present,magstripe,approved,APPROVE,71.91,0.7151995549993048,0,0,0,0,1,0,0,0,256,19,25,18,terminal_customer_network_burst,0.18,0.04560448977145078,0.18
X000166415,2026-02-19 05:41:30,C001373,A0001373,M00153,T00753,South,South,47.04,USD,ecommerce,magstripe,approved,APPROVE,37.26,1.2624798711755234,0,0,0,1,1,0,0,2,387,20,19,18,terminal_customer_network_burst,0.18,0.13293646106169596,0.18
X000036988,2026-02-19 05:42:03,C000316,A0000316,M00394,T00922,South,South,25.67,USD,mobile_wallet,3ds,approved,APPROVE,40.33,0.6364988842053063,0,0,0,0,0,1,0,2,399,26,40,18,terminal_customer_network_burst,0.18,0.07662967590868547,0.18
X000064896,2026-02-19 05:42:11,C000550,A0000550,M00378,T01130,South,South,130.58,USD,card_present,chip_pin,approved,APPROVE,79.69,1.6385995733467187,0,0,0,0,0,0,0,3,326,17,31,18,terminal_customer_network_burst,0.18,0.03424619705531281,0.18
X000205512,2026-02-19 05:43:21,C001678,A0001678,M00039,T01145,Midwest,Midwest,101.46,USD,mobile_wallet,chip_pin,approved,APPROVE,74.52,1.3615136876006442,0,0,0,0,0,1,0,2,158,12,61,18,terminal_customer_network_burst,0.18,0.005690272931737464,0.18
X000116538,2026-02-19 05:43:31,C000966,A0000966,M00262,T01103,South,South,75.97,USD,ecommerce,wallet_biometric,approved,APPROVE,110.51,0.6874490996289928,0,0,0,1,0,0,0,3,123,6,68,0,,0.0,0.0012172858542533656,0.0012172858542533656
X000063083,2026-02-19 05:44:06,C000534,A0000534,M00203,T00186,Northeast,Northeast,401.51,USD,ecommerce,magstripe,approved,APPROVE,169.77,2.3650232667726923,0,0,0,1,1,0,0,5,171,6,75,25,customer_velocity,0.25,0.00597048163168165,0.25
X000216652,2026-02-19 05:44:18,C001771,A0001771,M00487,T00270,South,South,66.97,USD,card_present,3ds,approved,APPROVE,27.71,2.416817033561891,0,0,0,0,0,0,0,0,248,17,20,18,terminal_customer_network_burst,0.18,0.03845604133131422,0.18
X000224961,2026-02-19 05:44:37,C001834,A0001834,M00037,T00364,West,West,16.52,USD,card_present,magstripe,approved,APPROVE,34.04,0.48531139835487663,0,0,0,0,1,0,0,1,86,13,28,18,terminal_customer_network_burst,0.18,0.013827927145389952,0.18
X000191103,2026-02-19 05:44:38,C001568,A0001568,M00443,T00564,South,South,50.0,USD,ecommerce,magstripe,approved,APPROVE,122.57,0.40793016235620466,0,0,0,1,1,0,0,4,236,14,45,18,terminal_customer_network_burst,0.18,0.019124245135421027,0.18
X000054832,2026-02-19 05:46:41,C000463,A0000463,M00303,T00765,Northeast,Northeast,29.46,USD,ecommerce,3ds,approved,APPROVE,13.75,2.1425454545454548,0,0,0,1,0,0,0,0,241,12,36,18,terminal_customer_network_burst,0.18,0.012004891438908998,0.18
X000076140,2026-02-19 05:47:10,C000639,A0000639,M00271,T01087,Northeast,Northeast,35.35,USD,card_present,chip_pin,approved,APPROVE,45.73,0.7730155259129675,0,0,0,0,0,0,0,2,239,20,56,18,terminal_customer_network_burst,0.18,0.011076275633000726,0.18
X000067602,2026-02-19 05:47:32,C000572,A0000572,M00283,T01004,Northeast,Northeast,37.87,USD,ecommerce,chip_pin,approved,APPROVE,49.96,0.7580064051240992,0,0,0,1,0,0,0,3,205,10,26,18,terminal_customer_network_burst,0.18,0.009683129033917803,0.18
X000146250,2026-02-19 05:48:30,C001206,A0001206,M00278,T01124,Northeast,Northeast,41.0,USD,ecommerce,magstripe,approved,APPROVE,56.59,0.724509630676798,0,0,0,1,1,0,0,2,246,16,14,18,terminal_customer_network_burst,0.18,0.058842331996177874,0.18
X000081996,2026-02-19 05:48:38,C000686,A0000686,M00387,T00932,Northeast,Northeast,27.82,USD,ecommerce,magstripe,approved,APPROVE,23.16,1.201208981001727,0,0,0,1,1,0,0,2,232,18,18,18,terminal_customer_network_burst,0.18,0.07545228565056572,0.18
X000238276,2026-02-19 05:48:58,C001944,A0001944,M00427,T01200,South,South,132.39,USD,ecommerce,magstripe,approved,APPROVE,93.15,1.4212560386473427,0,0,0,1,1,0,0,1,254,18,32,18,terminal_customer_network_burst,0.18,0.05057351310904946,0.18
X000239197,2026-02-19 05:49:39,C001951,A0001951,M00198,T00247,Midwest,Midwest,30.99,USD,ecommerce,chip_pin,approved,APPROVE,46.06,0.6728180633955709,0,0,0,1,0,0,0,2,204,17,27,18,terminal_customer_network_burst,0.18,0.01829084413320936,0.18
X000116137,2026-02-19 05:50:14,C000964,A0000964,M00706,T00409,Northeast,Northeast,35.53,USD,card_present,chip_pin,approved,APPROVE,86.5,0.4107514450867052,0,0,0,0,0,0,0,6,239,15,40,43,customer_velocity;terminal_customer_network_burst,0.43,0.0141725230264514,0.43
X000031493,2026-02-19 05:50:30,C000266,A0000266,M00060,T00662,West,West,160.71,USD,mobile_wallet,wallet_biometric,approved,APPROVE,52.34,3.0705005731753916,0,0,0,0,0,1,0,1,85,10,20,48,amount_vs_profile;terminal_customer_network_burst,0.48,0.024699064364033987,0.48
X000053928,2026-02-19 05:52:21,C000456,A0000456,M00396,T00828,West,West,42.93,USD,mobile_wallet,3ds,approved,APPROVE,30.16,1.4234084880636604,0,0,0,0,0,1,0,1,81,9,28,18,terminal_customer_network_burst,0.18,0.008676574292842935,0.18
X000029744,2026-02-19 05:52:28,C000254,A0000254,M00171,T00754,Northeast,Northeast,341.49,USD,ecommerce,chip_pin,approved,APPROVE,244.89,1.3944628200416516,0,0,0,1,0,0,0,6,79,9,0,58,customer_velocity;new_customer_terminal_pair;terminal_customer_network_burst,0.58,0.02628292253910546,0.58
X000114199,2026-02-19 05:53:01,C000950,A0000950,M00784,T00756,South,South,31.53,USD,card_present,chip_pin,approved,APPROVE,33.08,0.9531438935912939,0,0,0,0,0,0,0,1,327,20,27,18,terminal_customer_network_burst,0.18,0.03337844346776911,0.18
X000199365,2026-02-19 05:53:12,C001633,A0001633,M00296,T00252,South,South,45.22,USD,card_present,chip_pin,approved,APPROVE,66.73,0.6776562265847444,0,0,0,0,0,0,0,3,283,21,25,18,terminal_customer_network_burst,0.18,0.04023230770823021,0.18
X000177991,2026-02-19 05:53:17,C001464,A0001464,M00248,T00017,South,South,35.59,USD,card_present,chip_pin,approved,APPROVE,35.35,1.006789250353607,0,0,0,0,0,0,0,3,263,15,25,18,terminal_customer_network_burst,0.18,0.021819475651984284,0.18
X000186918,2026-02-19 05:53:33,C001537,A0001537,M00368,T01069,West,West,52.84,USD,card_present,magstripe,approved,APPROVE,33.62,1.571683521713266,0,0,0,0,1,0,0,1,70,14,22,18,terminal_customer_network_burst,0.18,0.02790941923037125,0.18
X000168318,2026-02-19 05:53:36,C001391,A0001391,M00193,T00346,West,West,35.38,USD,mobile_wallet,3ds,approved,APPROVE,73.89,0.4788198673704155,0,0,0,0,0,1,0,1,185,16,42,18,terminal_customer_network_burst,0.18,0.011222848725002857,0.18
X000126193,2026-02-19 05:54:21,C001039,A0001039,M00298,T00088,Northeast,Northeast,61.93,USD,card_present,3ds,approved,APPROVE,168.88,0.3667100900047371,0,0,0,0,0,0,0,3,332,15,52,18,terminal_customer_network_burst,0.18,0.008455939058000602,0.18
X000063187,2026-02-19 05:54:42,C000535,A0000535,M00434,T00808,South,South,139.49,USD,card_present,chip_pin,approved,APPROVE,48.67,2.866036572837477,0,0,0,0,0,0,0,2,278,17,12,18,terminal_customer_network_burst,0.18,0.07857802818203123,0.18
X000104023,2026-02-19 05:54:53,C000875,A0000875,M00247,T01144,South,South,46.34,USD,card_present,chip_pin,approved,APPROVE,68.19,0.6795717847191671,0,0,0,0,0,0,0,2,454,27,27,18,terminal_customer_network_burst,0.18,0.0998287413583385,0.18
X000087519,2026-02-19 05:55:07,C000734,A0000734,M00788,T00404,South,South,110.85,USD,mobile_wallet,3ds,approved,APPROVE,81.19,1.3653159256066019,0,0,0,0,0,1,0,2,183,12,0,33,new_customer_terminal_pair;terminal_customer_network_burst,0.33,0.04256088423227443,0.33
X000196708,2026-02-19 05:55:10,C001615,A0001615,M00706,T00053,Northeast,Northeast,47.84,USD,ecommerce,3ds,approved,APPROVE,49.67,0.9631568351117376,0,0,0,1,0,0,0,0,232,16,29,18,terminal_customer_network_burst,0.18,0.014600263825620232,0.18
X000016154,2026-02-19 05:55:12,C000136,A0000136,M00768,T00457,South,South,60.25,USD,ecommerce,chip_pin,approved,APPROVE,44.6,1.350896860986547,0,0,0,1,0,0,0,2,336,21,34,18,terminal_customer_network_burst,0.18,0.04241471234284902,0.18
X000075296,2026-02-19 05:55:46,C000632,A0000632,M00782,T00864,Midwest,Midwest,189.1,USD,ecommerce,chip_pin,approved,APPROVE,125.48,1.5070130698119222,0,0,0,1,0,0,0,1,158,15,30,18,terminal_customer_network_burst,0.18,0.01456737889482786,0.18
X000182830,2026-02-19 05:57:11,C001503,A0001503,M00695,T00203,Midwest,Midwest,127.19,USD,ecommerce,chip_pin,approved,APPROVE,113.48,1.1208142403947832,0,0,0,1,0,0,0,5,190,12,47,43,customer_velocity;terminal_customer_network_burst,0.43,0.008773865889844704,0.43
X000144963,2026-02-19 05:57:18,C001193,A0001193,M00445,T00086,Northeast,Northeast,56.62,USD,ecommerce,chip_pin,approved,APPROVE,50.77,1.115225526885956,0,0,0,1,0,0,0,2,311,20,54,18,terminal_customer_network_burst,0.18,0.01717201983329655,0.18
X000178741,2026-02-19 05:57:50,C001472,A0001472,M00394,T00922,South,South,25.77,USD,ecommerce,chip_pin,approved,APPROVE,48.86,0.5274252967662709,0,0,0,1,0,0,0,4,400,26,36,18,terminal_customer_network_burst,0.18,0.07430214258439467,0.18
X000021632,2026-02-19 05:57:54,C000186,A0000186,M00724,T01129,West,West,140.45,USD,card_present,magstripe,approved,APPROVE,223.8,0.6275692582663092,0,0,0,0,1,0,0,4,197,12,110,18,terminal_customer_network_burst,0.18,0.001736380284322954,0.18
X000201334,2026-02-19 05:57:58,C001648,A0001648,M00717,T00614,South,South,130.89,USD,ecommerce,3ds,approved,APPROVE,190.18,0.6882427174255967,0,0,0,1,0,0,0,7,325,16,54,43,customer_velocity;terminal_customer_network_burst,0.43,0.016770665277398636,0.43
X000243123,2026-02-19 05:58:28,C001983,A0001983,M00691,T00755,Northeast,Northeast,9.46,USD,card_present,wallet_biometric,approved,APPROVE,16.42,0.5761266747868453,0,0,0,0,0,0,0,0,304,19,27,18,terminal_customer_network_burst,0.18,0.02153547863861881,0.18
X000166276,2026-02-19 05:59:50,C001371,A0001371,M00380,T00352,Midwest,Midwest,146.89,USD,card_present,wallet_biometric,approved,APPROVE,149.32,0.9837262255558532,0,0,0,0,0,0,0,2,123,13,39,18,terminal_customer_network_burst,0.18,0.0067935125470518784,0.18
X000238866,2026-02-19 06:00:02,C001948,A0001948,M00266,T01058,Northeast,Northeast,50.43,USD,card_present,chip_pin,approved,APPROVE,121.1,0.41643270024772916,0,0,0,0,0,0,0,2,80,11,48,18,terminal_customer_network_burst,0.18,0.002847752904962923,0.18
X000222814,2026-02-19 06:00:06,C001815,A0001815,M00412,T00593,Northeast,Northeast,98.28,USD,card_present,chip_pin,approved,APPROVE,111.72,0.8796992481203008,0,0,0,0,0,0,0,0,230,14,33,18,terminal_customer_network_burst,0.18,0.009255998367614303,0.18
X000083386,2026-02-19 06:00:18,C000696,A0000696,M00706,T00409,Northeast,Northeast,213.1,USD,ecommerce,wallet_biometric,approved,APPROVE,156.98,1.3574977704166136,0,0,0,1,0,0,0,2,240,15,71,18,terminal_customer_network_burst,0.18,0.005071152442692093,0.18
X000184255,2026-02-19 06:00:26,C001517,A0001517,M00726,T00829,Northeast,Northeast,103.17,USD,card_present,chip_pin,approved,APPROVE,72.94,1.4144502330682753,0,0,0,0,0,0,0,3,164,13,32,18,terminal_customer_network_burst,0.18,0.01264874663034095,0.18
X000062626,2026-02-19 06:00:31,C000531,A0000531,M00318,T00746,Midwest,Midwest,269.9,USD,card_present,3ds,approved,APPROVE,214.99,1.2554072282431739,0,0,0,0,0,0,0,4,386,25,83,18,terminal_customer_network_burst,0.18,0.018660004215139126,0.18
X000192990,2026-02-19 06:01:07,C001584,A0001584,M00680,T00949,Midwest,Midwest,575.85,USD,card_present,3ds,approved,APPROVE,230.45,2.4988066825775657,0,0,0,0,0,0,0,2,195,12,58,18,terminal_customer_network_burst,0.18,0.007268289471828641,0.18
X000163566,2026-02-19 06:02:11,C001348,A0001348,M00323,T01185,South,South,31.08,USD,ecommerce,magstripe,approved,APPROVE,58.02,0.5356773526370217,0,0,0,1,1,0,0,3,335,17,75,18,terminal_customer_network_burst,0.18,0.012535870029886662,0.18
X000200997,2026-02-19 06:02:22,C001646,A0001646,M00613,T00449,South,South,16.43,USD,ecommerce,3ds,approved,APPROVE,34.04,0.4826674500587544,0,0,0,1,0,0,0,1,293,17,17,18,terminal_customer_network_burst,0.18,0.025992403913468482,0.18
X000161668,2026-02-19 06:02:28,C001333,A0001333,M00604,T01134,Northeast,Northeast,244.41,USD,ecommerce,wallet_biometric,approved,APPROVE,151.48,1.6134803274359653,0,0,0,1,0,0,0,2,462,20,59,18,terminal_customer_network_burst,0.18,0.02617652244451063,0.18
X000144609,2026-02-19 06:03:30,C001190,A0001190,M00784,T00756,South,South,244.45,USD,card_present,chip_pin,approved,APPROVE,253.9,0.9627806222922409,0,0,0,0,0,0,0,3,328,20,46,18,terminal_customer_network_burst,0.18,0.023174007542870467,0.18
