Transaction_ID,Timestamp,Customer_ID,Account_ID,Merchant_ID,Terminal_ID,Customer_Region,Merchant_Region,Amount,Currency,Channel,Auth_Type,Auth_Result,Incumbent_Decision,Typical_Spend,Amount_To_Typical_Spend,Is_Night,Is_Weekend,Auth_Soft_Decline,Is_Ecommerce,Is_Magstripe,Is_Mobile_Wallet,Region_Mismatch,Tx_Count_Prior_24h,Terminal_Prior_Tx_Count,Terminal_Prior_Distinct_Customers,Customer_Terminal_Prior_Count,Rule_Score,Rule_Reasons,Rule_Risk,Model_Score,Hybrid_Score
X000108489,2026-01-07 04:13:32,C000909,A0000909,M00329,T00094,Midwest,Midwest,14.64,USD,ecommerce,chip_pin,approved,APPROVE,32.94,0.4444444444444445,1,0,0,1,0,0,0,1,14,4,0,23,new_customer_terminal_pair;night_activity,0.23,0.006653493241015409,0.23
X000147136,2026-01-07 04:13:39,C001214,A0001214,M00316,T00389,South,South,22.43,USD,card_present,3ds,approved,APPROVE,24.85,0.9026156941649899,1,0,0,0,0,0,0,3,43,9,4,26,terminal_customer_network_burst;night_activity,0.26,0.016349277581133564,0.26
X000183219,2026-01-07 04:13:56,C001507,A0001507,M00795,T00503,Northeast,Northeast,72.12,USD,ecommerce,3ds,approved,APPROVE,50.49,1.4284016636957815,1,0,0,1,0,0,0,4,21,6,7,8,night_activity,0.08,0.014463637470687988,0.08
X000075501,2026-01-07 04:14:31,C000635,A0000635,M00393,T00239,Northeast,Northeast,148.99,USD,ecommerce,wallet_biometric,approved,APPROVE,92.24,1.6152428447528189,1,0,0,1,0,0,0,5,34,9,7,51,customer_velocity;terminal_customer_network_burst;night_activity,0.51,0.02566129285683902,0.51
X000204492,2026-01-07 04:14:43,C001669,A0001669,M00244,T00336,South,South,14.03,USD,ecommerce,3ds,approved,APPROVE,18.02,0.7785793562708102,1,0,0,1,0,0,0,3,38,10,2,26,terminal_customer_network_burst;night_activity,0.26,0.01940254075037429,0.26
X000048636,2026-01-07 04:14:47,C000408,A0000408,M00387,T00289,Northeast,Northeast,73.4,USD,ecommerce,chip_pin,approved,APPROVE,71.27,1.029886347691876,1,0,0,1,0,0,0,2,19,6,6,8,night_activity,0.08,0.01002057948371409,0.08
X000052007,2026-01-07 04:15:02,C000440,A0000440,M00325,T00244,Northeast,Northeast,16.69,USD,ecommerce,3ds,approved,APPROVE,46.14,0.3617251842219333,1,0,0,1,0,0,0,2,8,2,4,8,night_activity,0.08,0.004941136469086071,0.08
X000141213,2026-01-07 04:16:00,C001163,A0001163,M00406,T00057,South,South,22.0,USD,card_present,wallet_biometric,approved,APPROVE,40.17,0.5476723923325865,1,0,0,0,0,0,0,0,42,9,5,26,terminal_customer_network_burst;night_activity,0.26,0.009648509885253375,0.26
X000170019,2026-01-07 04:16:01,C001402,A0001402,M00359,T00592,Midwest,Midwest,127.11,USD,ecommerce,3ds,soft_decline,CHALLENGE,250.08,0.5082773512476008,1,0,1,1,0,0,0,1,9,4,1,16,night_activity;authentication_soft_decline,0.16,0.030284890541047688,0.16
X000055367,2026-01-07 04:16:03,C000469,A0000469,M00696,T00853,Midwest,Midwest,97.46,USD,card_present,wallet_biometric,approved,APPROVE,138.89,0.7017063863489093,1,0,0,0,0,0,0,0,10,3,0,23,new_customer_terminal_pair;night_activity,0.23,0.0054752011977885606,0.23
X000077507,2026-01-07 04:16:09,C000653,A0000653,M00012,T01105,West,West,177.03,USD,card_present,3ds,approved,APPROVE,208.69,0.8482917245675404,1,0,0,0,0,0,0,4,25,6,9,8,night_activity,0.08,0.01028013401362053,0.08
X000168220,2026-01-07 04:16:48,C001391,A0001391,M00193,T00346,West,West,133.1,USD,card_present,wallet_biometric,approved,APPROVE,73.89,1.8013262958451752,1,0,0,0,0,0,0,2,26,8,9,26,terminal_customer_network_burst;night_activity,0.26,0.015166928092402686,0.26
X000049279,2026-01-07 04:16:51,C000413,A0000413,M00194,T00803,Northeast,Northeast,95.27,USD,card_present,chip_pin,approved,APPROVE,97.53,0.9768276427765815,1,0,0,0,0,0,0,3,24,6,6,8,night_activity,0.08,0.010584549871688413,0.08
X000238920,2026-01-07 04:16:54,C001949,A0001949,M00585,T00119,Midwest,Midwest,39.16,USD,mobile_wallet,chip_pin,approved,APPROVE,41.15,0.951640340218712,1,0,0,0,0,1,0,2,22,8,3,26,terminal_customer_network_burst;night_activity,0.26,0.019373225943905274,0.26
X000228357,2026-01-07 04:16:59,C001860,A0001860,M00481,T00265,Northeast,Northeast,209.62,USD,mobile_wallet,3ds,approved,APPROVE,63.88,3.28146524733876,1,0,0,0,0,1,0,2,33,10,3,56,amount_vs_profile;terminal_customer_network_burst;night_activity,0.56,0.06261617611028901,0.56
X000176618,2026-01-07 04:17:02,C001456,A0001456,M00181,T00177,South,South,67.21,USD,ecommerce,wallet_biometric,approved,APPROVE,28.56,2.3532913165266107,1,0,0,1,0,0,0,1,23,8,6,26,terminal_customer_network_burst;night_activity,0.26,0.019414992323538566,0.26
X000129313,2026-01-07 04:17:38,C001064,A0001064,M00280,T00178,Northeast,Northeast,50.05,USD,ecommerce,chip_pin,approved,APPROVE,157.04,0.31870860927152317,1,0,0,1,0,0,0,2,26,7,9,8,night_activity,0.08,0.007812693613226725,0.08
X000116179,2026-01-07 04:17:48,C000965,A0000965,M00112,T00122,West,West,56.8,USD,ecommerce,3ds,approved,APPROVE,147.52,0.3850325379609544,1,0,0,1,0,0,0,3,30,5,6,8,night_activity,0.08,0.007930623556429116,0.08
X000036446,2026-01-07 04:17:53,C000312,A0000312,M00066,T00171,West,West,35.59,USD,card_present,wallet_biometric,approved,APPROVE,30.78,1.1562703053931125,1,0,0,0,0,0,0,1,21,5,1,8,night_activity,0.08,0.009335844079318116,0.08
X000070446,2026-01-07 04:18:16,C000598,A0000598,M00736,T00065,South,South,16.67,USD,card_present,chip_pin,approved,APPROVE,31.05,0.5368760064412239,1,0,0,0,0,0,0,3,34,13,2,26,terminal_customer_network_burst;night_activity,0.26,0.023455842707482286,0.26
X000133429,2026-01-07 04:18:37,C001100,A0001100,M00380,T01026,Midwest,Midwest,83.58,USD,ecommerce,wallet_biometric,approved,APPROVE,33.78,2.4742451154529306,1,0,0,1,0,0,0,4,18,9,5,26,terminal_customer_network_burst;night_activity,0.26,0.03292399362650154,0.26
X000023581,2026-01-07 04:18:49,C000201,A0000201,M00085,T00814,Northeast,Northeast,915.99,USD,card_present,magstripe,approved,APPROVE,309.26,2.9618767380197895,1,0,0,0,1,0,0,4,28,4,12,8,night_activity,0.08,0.037179759300481896,0.08
X000030298,2026-01-07 04:19:11,C000260,A0000260,M00056,T01147,Midwest,Midwest,78.33,USD,ecommerce,magstripe,approved,APPROVE,214.67,0.36488563842176364,1,0,0,1,1,0,0,8,50,10,18,71,customer_velocity;terminal_customer_network_burst;ecommerce_authentication_shift;night_activity,0.71,0.0386482443451275,0.71
X000072884,2026-01-07 04:20:30,C000616,A0000616,M00365,T00733,South,South,39.48,USD,card_present,chip_pin,approved,APPROVE,67.43,0.5854960699985169,1,0,0,0,0,0,0,1,38,13,2,26,terminal_customer_network_burst;night_activity,0.26,0.019175950242869316,0.26
X000200406,2026-01-07 04:21:33,C001642,A0001642,M00438,T00385,Midwest,Midwest,17.25,USD,mobile_wallet,wallet_biometric,approved,APPROVE,28.04,0.6151925820256776,1,0,0,0,0,1,0,2,21,6,5,8,night_activity,0.08,0.012526552058141306,0.08
X000102837,2026-01-07 04:22:21,C000864,A0000864,M00001,T00955,South,South,12.87,USD,card_present,3ds,approved,APPROVE,31.31,0.41105078249760457,1,0,0,0,0,0,0,1,32,12,2,26,terminal_customer_network_burst;night_activity,0.26,0.015666286111146514,0.26
X000025451,2026-01-07 04:23:57,C000217,A0000217,M00002,T00850,Northeast,Northeast,52.42,USD,ecommerce,magstripe,approved,APPROVE,31.74,1.651543793320731,1,0,0,1,1,0,0,2,25,10,3,46,terminal_customer_network_burst;ecommerce_authentication_shift;night_activity,0.46,0.048664496906630564,0.46
X000158598,2026-01-07 04:25:05,C001305,A0001305,M00369,T00207,Northeast,Northeast,28.63,USD,card_present,3ds,approved,APPROVE,41.2,0.6949029126213592,1,0,0,0,0,0,0,1,34,10,7,26,terminal_customer_network_burst;night_activity,0.26,0.011893111150540422,0.26
X000133869,2026-01-07 04:25:22,C001102,A0001102,M00077,T00530,South,South,14.28,USD,card_present,wallet_biometric,approved,APPROVE,32.6,0.4380368098159509,1,0,0,0,0,0,0,3,33,7,5,8,night_activity,0.08,0.010119195883375356,0.08
X000061243,2026-01-07 04:25:23,C000522,A0000522,M00784,T00756,South,South,49.01,USD,ecommerce,chip_pin,approved,APPROVE,51.45,0.9525753158406218,1,0,0,1,0,0,0,2,48,11,4,26,terminal_customer_network_burst;night_activity,0.26,0.02003656916105649,0.26
X000151717,2026-01-07 04:26:44,C001247,A0001247,M00601,T00769,South,South,279.74,USD,mobile_wallet,3ds,approved,APPROVE,119.65,2.337985791893021,1,0,0,0,0,1,0,3,45,14,7,26,terminal_customer_network_burst;night_activity,0.26,0.06934174752177913,0.26
X000033022,2026-01-07 04:26:49,C000280,A0000280,M00034,T00307,Northeast,Northeast,226.18,USD,mobile_wallet,chip_pin,approved,APPROVE,208.38,1.0854208657260773,1,0,0,0,0,1,0,3,33,9,3,26,terminal_customer_network_burst;night_activity,0.26,0.026486528810168393,0.26
X000216414,2026-01-07 04:26:55,C001769,A0001769,M00798,T00402,Northeast,Northeast,58.66,USD,card_present,3ds,approved,APPROVE,49.38,1.1879303361684892,1,0,0,0,0,0,0,1,28,8,0,41,new_customer_terminal_pair;terminal_customer_network_burst;night_activity,0.41,0.014145299671343328,0.41
X000136475,2026-01-07 04:27:07,C001123,A0001123,M00560,T00636,West,West,46.19,USD,card_present,chip_pin,approved,APPROVE,38.74,1.1923076923076923,1,0,0,0,0,0,0,2,15,3,1,8,night_activity,0.08,0.00828350154955237,0.08
X000080011,2026-01-07 04:27:08,C000674,A0000674,M00023,T00839,Midwest,Midwest,487.36,USD,ecommerce,3ds,approved,APPROVE,400.29,1.2175172999575308,1,0,0,1,0,0,0,6,25,6,10,33,customer_velocity;night_activity,0.33,0.015383970200334423,0.33
X000055590,2026-01-07 04:27:21,C000471,A0000471,M00087,T00716,South,South,98.68,USD,mobile_wallet,wallet_biometric,approved,APPROVE,136.92,0.7207128250073036,1,0,0,0,0,1,0,5,50,10,15,51,customer_velocity;terminal_customer_network_burst;night_activity,0.51,0.023096846795136138,0.51
X000085659,2026-01-07 04:27:41,C000717,A0000717,M00567,T00161,Northeast,Northeast,136.54,USD,card_present,wallet_biometric,approved,APPROVE,66.89,2.0412617730602483,1,0,0,0,0,0,0,1,42,10,3,26,terminal_customer_network_burst;night_activity,0.26,0.023683940725277252,0.26
X000214006,2026-01-07 04:27:57,C001748,A0001748,M00168,T00944,Northeast,Northeast,61.71,USD,mobile_wallet,chip_pin,approved,APPROVE,62.7,0.9842105263157894,1,0,0,0,0,1,0,7,34,9,5,51,customer_velocity;terminal_customer_network_burst;night_activity,0.51,0.0378318976859275,0.51
X000130567,2026-01-07 04:28:40,C001074,A0001074,M00309,T01075,Northeast,Northeast,88.39,USD,ecommerce,chip_pin,approved,APPROVE,59.36,1.4890498652291104,1,0,0,1,0,0,0,3,29,6,4,8,night_activity,0.08,0.014824156544600611,0.08
X000126023,2026-01-07 04:29:50,C001039,A0001039,M00109,T00641,Northeast,Northeast,195.97,USD,card_present,chip_pin,approved,APPROVE,168.88,1.1604097584083373,1,0,0,0,0,0,0,9,20,5,10,33,customer_velocity;night_activity,0.33,0.017740648905246372,0.33
X000040387,2026-01-07 04:30:44,C000343,A0000343,M00282,T01071,South,South,57.09,USD,mobile_wallet,chip_pin,approved,APPROVE,51.15,1.1161290322580646,1,0,0,0,0,1,0,1,10,4,1,8,night_activity,0.08,0.01192818006222898,0.08
X000093328,2026-01-07 04:30:59,C000782,A0000782,M00031,T00031,South,South,72.77,USD,card_present,chip_pin,approved,APPROVE,41.2,1.7662621359223298,1,0,0,0,0,0,0,0,35,12,4,26,terminal_customer_network_burst;night_activity,0.26,0.0227083790307396,0.26
X000077717,2026-01-07 04:31:47,C000654,A0000654,M00398,T00528,South,South,89.63,USD,ecommerce,chip_pin,approved,APPROVE,57.79,1.5509603737670876,1,0,0,1,0,0,0,1,26,7,2,8,night_activity,0.08,0.01432894582157261,0.08
X000184877,2026-01-07 04:31:49,C001523,A0001523,M00195,T00595,South,South,66.86,USD,ecommerce,wallet_biometric,approved,APPROVE,127.72,0.5234888819292202,1,0,0,1,0,0,0,2,33,9,6,26,terminal_customer_network_burst;night_activity,0.26,0.012045468578036,0.26
X000243476,2026-01-07 04:31:58,C001987,A0001987,M00784,T00756,South,South,145.21,USD,card_present,chip_pin,approved,APPROVE,186.83,0.7772306374779211,1,0,0,0,0,0,0,5,49,11,13,51,customer_velocity;terminal_customer_network_burst;night_activity,0.51,0.018861385928977088,0.51
X000022720,2026-01-07 04:32:12,C000196,A0000196,M00086,T00892,Midwest,Midwest,125.63,USD,ecommerce,chip_pin,approved,APPROVE,195.69,0.6419847718330012,1,0,0,1,0,0,0,5,10,1,10,33,customer_velocity;night_activity,0.33,0.005791357667640102,0.33
X000019721,2026-01-07 04:32:19,C000171,A0000171,M00696,T00853,Midwest,Midwest,65.62,USD,card_present,wallet_biometric,approved,APPROVE,43.72,1.5009149130832573,1,0,0,0,0,0,0,3,11,4,2,8,night_activity,0.08,0.011374270820974837,0.08
X000035580,2026-01-07 04:32:22,C000302,A0000302,M00595,T00231,West,West,66.34,USD,ecommerce,wallet_biometric,approved,APPROVE,37.04,1.7910367170626351,1,0,0,1,0,0,0,1,5,2,2,8,night_activity,0.08,0.008310195585727742,0.08
X000013536,2026-01-07 04:32:41,C000116,A0000116,M00085,T00540,Northeast,Northeast,343.89,USD,ecommerce,3ds,approved,APPROVE,197.15,1.744306365711387,1,0,0,1,0,0,0,1,23,4,7,8,night_activity,0.08,0.009200460990466102,0.08
X000119626,2026-01-07 04:32:46,C000993,A0000993,M00173,T01167,South,South,121.59,USD,card_present,3ds,approved,APPROVE,91.2,1.3332236842105263,1,0,0,0,0,0,0,3,33,7,3,8,night_activity,0.08,0.015483938722994231,0.08
X000006585,2026-01-07 04:34:11,C000059,A0000059,M00638,T01099,Northeast,Northeast,34.26,USD,mobile_wallet,chip_pin,approved,APPROVE,45.46,0.7536295644522657,1,0,0,0,0,1,0,1,27,6,3,8,night_activity,0.08,0.0127648203815954,0.08
X000181332,2026-01-07 04:34:52,C001491,A0001491,M00692,T00771,Northeast,Northeast,60.93,USD,ecommerce,3ds,approved,APPROVE,43.9,1.3879271070615034,1,0,0,1,0,0,0,1,32,10,2,26,terminal_customer_network_burst;night_activity,0.26,0.019354127428746083,0.26
X000037476,2026-01-07 04:34:55,C000320,A0000320,M00545,T00484,South,South,359.62,USD,card_present,chip_pin,approved,APPROVE,143.01,2.514649325222013,1,0,0,0,0,0,0,2,6,3,3,8,night_activity,0.08,0.012955893411944282,0.08
X000042870,2026-01-07 04:35:01,C000363,A0000363,M00445,T00086,Northeast,Northeast,162.2,USD,card_present,chip_pin,approved,APPROVE,118.43,1.369585409102423,1,0,0,0,0,0,0,6,40,8,4,51,customer_velocity;terminal_customer_network_burst;night_activity,0.51,0.024627700263315892,0.51
X000129314,2026-01-07 04:35:43,C001064,A0001064,M00758,T00582,Northeast,Northeast,152.94,USD,card_present,3ds,approved,APPROVE,157.04,0.9738920020376974,1,0,0,0,0,0,0,3,55,9,5,26,terminal_customer_network_burst;night_activity,0.26,0.01679876736959718,0.26
X000120336,2026-01-07 04:36:04,C001000,A0001000,M00791,T00739,South,South,9.64,USD,card_present,wallet_biometric,approved,APPROVE,20.16,0.4781746031746032,1,0,0,0,0,0,0,0,39,10,3,26,terminal_customer_network_burst;night_activity,0.26,0.011168804431838465,0.26
X000165373,2026-01-07 04:36:08,C001365,A0001365,M00253,T00291,South,South,92.23,USD,ecommerce,chip_pin,approved,APPROVE,90.72,1.0166446208112876,1,0,0,1,0,0,0,1,29,9,1,26,terminal_customer_network_burst;night_activity,0.26,0.015199438566115185,0.26
X000229975,2026-01-07 04:36:40,C001874,A0001874,M00459,T00809,Northeast,Northeast,132.46,USD,ecommerce,chip_pin,approved,APPROVE,91.3,1.4508214676889377,1,0,0,1,0,0,0,0,44,12,6,26,terminal_customer_network_burst;night_activity,0.26,0.020256261236827364,0.26
X000161724,2026-01-07 04:36:43,C001334,A0001334,M00431,T00216,West,West,61.42,USD,card_present,chip_pin,approved,APPROVE,61.91,0.9920852850912616,1,0,0,0,0,0,0,1,14,4,7,8,night_activity,0.08,0.006282053996006477,0.08
X000219770,2026-01-07 04:36:59,C001796,A0001796,M00478,T00667,Midwest,Midwest,29.69,USD,card_present,chip_pin,approved,APPROVE,29.05,1.0220309810671258,1,0,0,0,0,0,0,4,41,8,9,26,terminal_customer_network_burst;night_activity,0.26,0.01452846142287907,0.26
X000222236,2026-01-07 04:37:02,C001811,A0001811,M00044,T00290,Northeast,Northeast,88.29,USD,mobile_wallet,chip_pin,approved,APPROVE,63.03,1.4007615421227988,1,0,0,0,0,1,0,2,13,4,2,8,night_activity,0.08,0.014667867402185503,0.08
X000047555,2026-01-07 04:37:12,C000401,A0000401,M00098,T01066,West,West,65.91,USD,ecommerce,3ds,approved,APPROVE,47.83,1.3780054359188794,1,0,0,1,0,0,0,0,6,4,2,8,night_activity,0.08,0.007937313308967851,0.08
X000091041,2026-01-07 04:37:36,C000763,A0000763,M00051,T00286,South,South,31.24,USD,ecommerce,chip_pin,approved,APPROVE,77.81,0.40149081094974937,1,0,0,1,0,0,0,1,44,10,0,41,new_customer_terminal_pair;terminal_customer_network_burst;night_activity,0.41,0.014310848181853124,0.41
X000054752,2026-01-07 04:37:48,C000463,A0000463,M00303,T00765,Northeast,Northeast,16.7,USD,card_present,chip_pin,approved,APPROVE,13.75,1.2145454545454546,1,0,0,0,0,0,0,2,31,6,5,8,night_activity,0.08,0.010900227088742913,0.08
X000123973,2026-01-07 04:37:57,C001026,A0001026,M00600,T00407,South,South,291.7,USD,mobile_wallet,3ds,approved,APPROVE,125.32,2.3276412384296203,1,0,0,0,0,1,0,4,38,9,10,26,terminal_customer_network_burst;night_activity,0.26,0.039412559946344156,0.26
X000119547,2026-01-07 04:38:06,C000992,A0000992,M00184,T01155,South,South,5.48,USD,card_present,chip_pin,approved,APPROVE,20.57,0.26640738940204184,1,0,0,0,0,0,0,0,44,9,6,26,terminal_customer_network_burst;night_activity,0.26,0.008379635400315109,0.26
X000054037,2026-01-07 04:38:09,C000458,A0000458,M00798,T00402,Northeast,Northeast,197.73,USD,ecommerce,wallet_biometric,approved,APPROVE,49.08,4.028728606356968,1,0,0,1,0,0,0,3,29,9,3,56,amount_vs_profile;terminal_customer_network_burst;night_activity,0.56,0.05899416963930878,0.56
X000234223,2026-01-07 04:38:50,C001910,A0001910,M00094,T00737,South,South,80.35,USD,ecommerce,3ds,approved,APPROVE,94.05,0.8543328017012227,1,0,0,1,0,0,0,1,70,15,7,26,terminal_customer_network_burst;night_activity,0.26,0.026260664768442313,0.26
X000182165,2026-01-07 04:39:10,C001500,A0001500,M00788,T00018,South,South,116.87,USD,mobile_wallet,chip_pin,approved,APPROVE,130.54,0.8952811398804965,1,0,0,0,0,1,0,4,42,11,11,26,terminal_customer_network_burst;night_activity,0.26,0.027572156337641852,0.26
X000203458,2026-01-07 04:39:40,C001665,A0001665,M00007,T00210,South,South,103.52,USD,mobile_wallet,chip_pin,approved,APPROVE,58.12,1.7811424638678597,1,0,0,0,0,1,0,0,32,7,2,8,night_activity,0.08,0.0201929686628044,0.08
X000221902,2026-01-07 04:39:58,C001808,A0001808,M00640,T01025,Midwest,Midwest,43.13,USD,card_present,chip_pin,approved,APPROVE,87.11,0.4951211112386638,1,0,0,0,0,0,0,1,38,8,1,26,terminal_customer_network_burst;night_activity,0.26,0.010624581572423136,0.26
X000180007,2026-01-07 04:40:40,C001480,A0001480,M00393,T00751,Northeast,Northeast,92.2,USD,card_present,3ds,approved,APPROVE,107.72,0.8559227627181583,1,0,0,0,0,0,0,4,28,7,9,8,night_activity,0.08,0.011688492251543019,0.08
X000009656,2026-01-07 04:40:45,C000088,A0000088,M00038,T00321,South,South,29.21,USD,card_present,magstripe,approved,APPROVE,73.3,0.3984993178717599,1,0,0,0,1,0,0,3,33,6,0,23,new_customer_terminal_pair;night_activity,0.23,0.02234867477435285,0.23
X000016407,2026-01-07 04:41:52,C000139,A0000139,M00484,T00728,South,South,66.26,USD,card_present,chip_pin,approved,APPROVE,73.83,0.8974671542733307,1,0,0,0,0,0,0,0,42,11,1,26,terminal_customer_network_burst;night_activity,0.26,0.01597949208595027,0.26
X000143815,2026-01-07 04:42:21,C001186,A0001186,M00029,T00167,South,South,491.73,USD,card_present,wallet_biometric,approved,APPROVE,248.53,1.9785538969138534,1,0,0,0,0,0,0,4,34,13,7,26,terminal_customer_network_burst;night_activity,0.26,0.03975497967942245,0.26
X000024717,2026-01-07 04:42:31,C000209,A0000209,M00304,T00684,Midwest,Midwest,46.59,USD,ecommerce,wallet_biometric,approved,APPROVE,66.94,0.6959964146997312,1,0,0,1,0,0,0,2,27,10,7,26,terminal_customer_network_burst;night_activity,0.26,0.01384999511417602,0.26
X000097837,2026-01-07 04:42:32,C000820,A0000820,M00192,T00126,South,South,199.28,USD,card_present,chip_pin,approved,APPROVE,146.86,1.3569385809614598,1,0,0,0,0,0,0,8,39,7,9,33,customer_velocity;night_activity,0.33,0.02337960579207237,0.33
X000148870,2026-01-07 04:43:05,C001226,A0001226,M00068,T01154,Northeast,Northeast,536.62,USD,card_present,magstripe,approved,APPROVE,148.88,3.6043793659322945,1,0,0,0,1,0,0,3,6,2,5,38,amount_vs_profile;night_activity,0.38,0.040054198703189124,0.38
X000036695,2026-01-07 04:43:06,C000315,A0000315,M00775,T00511,Midwest,West,302.89,USD,ecommerce,chip_pin,approved,APPROVE,260.77,1.1615216474287686,1,0,0,1,0,0,1,2,0,0,0,35,new_customer_terminal_pair;night_activity;home_region_mismatch,0.35,0.061735138752639994,0.35
X000030299,2026-01-07 04:43:27,C000260,A0000260,M00056,T01147,Midwest,Midwest,266.24,USD,mobile_wallet,chip_pin,approved,APPROVE,214.67,1.2402291889877488,1,0,0,0,0,1,0,8,51,10,19,51,customer_velocity;terminal_customer_network_burst;night_activity,0.51,0.03536958734796485,0.51
X000033522,2026-01-07 04:43:30,C000285,A0000285,M00052,T00013,South,South,67.95,USD,card_present,chip_pin,approved,APPROVE,49.02,1.3861689106487147,1,0,0,0,0,0,0,0,32,10,1,26,terminal_customer_network_burst;night_activity,0.26,0.016866195778790907,0.26
X000176470,2026-01-07 04:43:32,C001455,A0001455,M00395,T00889,Midwest,Midwest,51.97,USD,card_present,3ds,approved,APPROVE,52.23,0.9950220179973196,1,0,0,0,0,0,0,2,22,4,4,8,night_activity,0.08,0.007952200192937143,0.08
X000047667,2026-01-07 04:44:01,C000402,A0000402,M00539,T00648,Midwest,Midwest,25.68,USD,mobile_wallet,chip_pin,approved,APPROVE,23.82,1.0780856423173804,1,0,0,0,0,1,0,4,14,6,1,8,night_activity,0.08,0.02124577861651475,0.08
X000041988,2026-01-07 04:44:21,C000356,A0000356,M00588,T00221,West,West,136.39,USD,ecommerce,chip_pin,approved,APPROVE,126.06,1.0819451055053149,1,0,0,1,0,0,0,6,14,4,7,33,customer_velocity;night_activity,0.33,0.0123331597785774,0.33
X000170682,2026-01-07 04:44:21,C001407,A0001407,M00082,T00557,Northeast,Northeast,20.55,USD,card_present,wallet_biometric,approved,APPROVE,65.08,0.31576521204671176,1,0,0,0,0,0,0,0,27,7,1,8,night_activity,0.08,0.007595691762822276,0.08
X000040839,2026-01-07 04:45:33,C000347,A0000347,M00387,T00438,Northeast,Northeast,225.71,USD,card_present,3ds,approved,APPROVE,153.65,1.468987959648552,1,0,0,0,0,0,0,1,2,1,2,8,night_activity,0.08,0.00609527756358362,0.08
X000025285,2026-01-07 04:46:48,C000215,A0000215,M00008,T00319,West,West,25.33,USD,mobile_wallet,chip_pin,approved,APPROVE,44.1,0.57437641723356,1,0,0,0,0,1,0,2,2,2,0,23,new_customer_terminal_pair;night_activity,0.23,0.008609648126995969,0.23
X000082242,2026-01-07 04:47:18,C000689,A0000689,M00482,T00610,West,West,125.11,USD,card_present,3ds,approved,APPROVE,50.73,2.466193573822196,1,0,0,0,0,0,0,5,29,8,5,51,customer_velocity;terminal_customer_network_burst;night_activity,0.51,0.03198980848166958,0.51
X000030300,2026-01-07 04:47:53,C000260,A0000260,M00500,T00274,Midwest,Midwest,205.25,USD,mobile_wallet,3ds,approved,APPROVE,214.67,0.9561186938091024,1,0,0,0,0,1,0,9,20,3,10,33,customer_velocity;night_activity,0.33,0.019379715272086817,0.33
X000123413,2026-01-07 04:48:01,C001023,A0001023,M00171,T00523,Northeast,Northeast,72.66,USD,ecommerce,wallet_biometric,approved,APPROVE,96.87,0.7500774233508826,1,0,0,1,0,0,0,3,44,6,17,8,night_activity,0.08,0.007520585341502962,0.08
X000228818,2026-01-07 04:49:03,C001864,A0001864,M00545,T00484,South,South,88.69,USD,card_present,wallet_biometric,approved,APPROVE,38.74,2.2893649974186885,1,0,0,0,0,0,0,1,7,3,1,8,night_activity,0.08,0.01125528245004996,0.08
X000058580,2026-01-07 04:49:15,C000497,A0000497,M00473,T00408,West,West,86.27,USD,card_present,3ds,approved,APPROVE,55.66,1.5499461013295006,1,0,0,0,0,0,0,1,12,5,1,8,night_activity,0.08,0.010698460939969982,0.08
X000065739,2026-01-07 04:49:30,C000557,A0000557,M00023,T00720,Midwest,Midwest,24.11,USD,card_present,chip_pin,approved,APPROVE,40.4,0.5967821782178218,1,0,0,0,0,0,0,0,43,9,4,26,terminal_customer_network_burst;night_activity,0.26,0.010190193902877178,0.26
X000049280,2026-01-07 04:49:50,C000413,A0000413,M00194,T00803,Northeast,Northeast,74.59,USD,ecommerce,magstripe,approved,APPROVE,97.53,0.7647903209268944,1,0,0,1,1,0,0,4,25,6,7,28,ecommerce_authentication_shift;night_activity,0.28,0.024007153717357878,0.28
X000014782,2026-01-07 04:49:52,C000126,A0000126,M00183,T01168,South,South,106.5,USD,card_present,3ds,approved,APPROVE,131.27,0.8113049440085319,1,0,0,0,0,0,0,3,32,5,7,8,night_activity,0.08,0.00869588564328228,0.08
X000157572,2026-01-07 04:49:54,C001296,A0001296,M00476,T00071,Midwest,Midwest,194.79,USD,ecommerce,3ds,approved,APPROVE,115.44,1.6873700623700623,1,0,0,1,0,0,0,2,20,6,11,8,night_activity,0.08,0.011157345962947842,0.08
X000194247,2026-01-07 04:50:02,C001597,A0001597,M00452,T00329,Northeast,Northeast,318.59,USD,card_present,3ds,approved,APPROVE,141.04,2.258862733976177,1,0,0,0,0,0,0,7,52,10,15,51,customer_velocity;terminal_customer_network_burst;night_activity,0.51,0.03603889158874376,0.51
X000101991,2026-01-07 04:50:11,C000859,A0000859,M00007,T00210,South,South,282.33,USD,ecommerce,chip_pin,approved,APPROVE,276.18,1.0222680860308493,1,0,0,1,0,0,0,8,33,7,11,33,customer_velocity;night_activity,0.33,0.019926233776686758,0.33
X000133112,2026-01-07 04:50:47,C001098,A0001098,M00108,T00481,Midwest,Midwest,55.32,USD,card_present,magstripe,approved,APPROVE,53.75,1.0292093023255815,1,0,0,0,1,0,0,3,37,11,3,26,terminal_customer_network_burst;night_activity,0.26,0.04683463412956105,0.26
X000197330,2026-01-07 04:51:00,C001621,A0001621,M00269,T00339,West,West,45.45,USD,card_present,chip_pin,approved,APPROVE,173.71,0.26164296816533306,1,0,0,0,0,0,0,4,23,4,9,8,night_activity,0.08,0.006368690347346721,0.08
X000204219,2026-01-07 04:51:08,C001668,A0001668,M00495,T00909,Midwest,Midwest,193.32,USD,mobile_wallet,3ds,approved,APPROVE,146.34,1.3210332103321032,1,0,0,0,0,1,0,5,11,2,10,33,customer_velocity;night_activity,0.33,0.012259697610540342,0.33
X000116032,2026-01-07 04:51:27,C000964,A0000964,M00706,T00409,Northeast,Northeast,136.71,USD,card_present,chip_pin,approved,APPROVE,86.5,1.580462427745665,1,0,0,0,0,0,0,1,34,8,5,26,terminal_customer_network_burst;night_activity,0.26,0.014331398472587189,0.26
X000017214,2026-01-07 04:51:38,C000148,A0000148,M00296,T00252,South,South,90.47,USD,mobile_wallet,3ds,approved,APPROVE,72.66,1.2451142306633636,1,0,0,0,0,1,0,0,31,8,0,41,new_customer_terminal_pair;terminal_customer_network_burst;night_activity,0.41,0.019462388127032815,0.41
X000112080,2026-01-07 04:51:40,C000936,A0000936,M00323,T00655,South,South,10.0,USD,mobile_wallet,3ds,approved,APPROVE,32.3,0.30959752321981426,1,0,0,0,0,1,0,0,11,6,1,8,night_activity,0.08,0.009718927013201185,0.08
X000050934,2026-01-07 04:52:04,C000428,A0000428,M00207,T00387,West,West,19.95,USD,ecommerce,wallet_biometric,approved,APPROVE,58.17,0.34296028880866425,1,0,0,1,0,0,0,0,11,7,1,8,night_activity,0.08,0.007776632862966712,0.08
X000081451,2026-01-07 04:52:53,C000682,A0000682,M00018,T00234,South,South,258.74,USD,card_present,3ds,approved,APPROVE,203.35,1.2723875092205559,1,0,0,0,0,0,0,0,20,6,3,8,night_activity,0.08,0.009159533356641294,0.08
X000089592,2026-01-07 04:53:13,C000749,A0000749,M00341,T01190,Midwest,Midwest,43.14,USD,ecommerce,3ds,approved,APPROVE,63.34,0.6810862014524787,1,0,0,1,0,0,0,0,18,6,4,8,night_activity,0.08,0.0073249188549161836,0.08
X000185722,2026-01-07 04:53:13,C001527,A0001527,M00641,T00175,West,West,90.95,USD,card_present,chip_pin,approved,APPROVE,28.9,3.147058823529412,1,0,0,0,0,0,0,3,15,4,7,38,amount_vs_profile;night_activity,0.38,0.018990170059575005,0.38
X000232829,2026-01-07 04:53:16,C001898,A0001898,M00623,T00969,Midwest,Midwest,26.35,USD,card_present,wallet_biometric,approved,APPROVE,61.86,0.4259618493372131,1,0,0,0,0,0,0,1,23,7,1,8,night_activity,0.08,0.008837824248425595,0.08
X000197142,2026-01-07 04:53:26,C001619,A0001619,M00207,T00387,West,West,30.25,USD,card_present,wallet_biometric,approved,APPROVE,45.97,0.6580378507722427,1,0,0,0,0,0,0,1,12,7,0,23,new_customer_terminal_pair;night_activity,0.23,0.009748070399237732,0.23
X000053722,2026-01-07 04:53:38,C000455,A0000455,M00698,T00516,West,West,51.33,USD,card_present,wallet_biometric,approved,APPROVE,43.21,1.1879194630872483,1,0,0,0,0,0,0,2,15,6,5,8,night_activity,0.08,0.010351730506125293,0.08
X000231143,2026-01-07 04:53:46,C001886,A0001886,M00523,T00109,Midwest,Midwest,45.43,USD,mobile_wallet,3ds,approved,APPROVE,59.34,0.7655881361644759,1,0,0,0,0,1,0,0,11,3,3,8,night_activity,0.08,0.007694640521889347,0.08
X000180373,2026-01-07 04:54:22,C001483,A0001483,M00393,T00239,Northeast,Northeast,161.24,USD,ecommerce,magstripe,approved,APPROVE,259.43,0.6215164013414023,1,0,0,1,1,0,0,3,35,9,5,46,terminal_customer_network_burst;ecommerce_authentication_shift;night_activity,0.46,0.03125151285595889,0.46
X000041132,2026-01-07 04:54:53,C000349,A0000349,M00471,T00670,Midwest,Midwest,362.91,USD,card_present,3ds,approved,APPROVE,285.86,1.2695375358567131,1,0,0,0,0,0,0,6,59,12,8,51,customer_velocity;terminal_customer_network_burst;night_activity,0.51,0.03472162689925814,0.51
X000058493,2026-01-07 04:55:07,C000496,A0000496,M00067,T00948,South,South,102.89,USD,ecommerce,3ds,approved,APPROVE,48.44,2.124071015689513,1,0,0,1,0,0,0,1,44,11,4,26,terminal_customer_network_burst;night_activity,0.26,0.028205080782077712,0.26
X000081567,2026-01-07 04:56:47,C000683,A0000683,M00434,T00808,South,South,124.25,USD,ecommerce,3ds,approved,APPROVE,73.2,1.6974043715846994,1,0,0,1,0,0,0,1,30,10,2,26,terminal_customer_network_burst;night_activity,0.26,0.02179536354983044,0.26
X000074396,2026-01-07 04:56:48,C000629,A0000629,M00036,T00993,Northeast,Northeast,275.54,USD,card_present,chip_pin,approved,APPROVE,118.88,2.317799461641992,1,0,0,0,0,0,0,8,25,4,12,33,customer_velocity;night_activity,0.33,0.021243950296059,0.33
X000226464,2026-01-07 04:57:00,C001845,A0001845,M00070,T00004,Northeast,Northeast,61.24,USD,card_present,chip_pin,approved,APPROVE,40.69,1.505038092897518,1,0,0,0,0,0,0,2,26,10,1,26,terminal_customer_network_burst;night_activity,0.26,0.021960001536722333,0.26
X000097500,2026-01-07 04:57:44,C000817,A0000817,M00326,T00288,Northeast,Northeast,24.67,USD,mobile_wallet,chip_pin,approved,APPROVE,39.65,0.6221941992433796,1,0,0,0,0,1,0,0,19,7,1,8,night_activity,0.08,0.012659759409536465,0.08
X000227673,2026-01-07 04:58:15,C001856,A0001856,M00270,T00356,South,South,40.31,USD,mobile_wallet,wallet_biometric,approved,APPROVE,120.97,0.3332231131685542,1,0,0,0,0,1,0,4,33,9,6,26,terminal_customer_network_burst;night_activity,0.26,0.0200128569235302,0.26
X000074397,2026-01-07 04:59:12,C000629,A0000629,M00391,T01061,Northeast,Northeast,121.95,USD,mobile_wallet,wallet_biometric,approved,APPROVE,118.88,1.0258243606998654,1,0,0,0,0,1,0,9,31,8,10,51,customer_velocity;terminal_customer_network_burst;night_activity,0.51,0.03653321114578756,0.51
X000184563,2026-01-07 04:59:17,C001521,A0001521,M00587,T00374,South,South,346.73,USD,ecommerce,3ds,approved,APPROVE,233.38,1.4856885765704002,1,0,0,1,0,0,0,2,27,6,6,8,night_activity,0.08,0.012295413517185314,0.08
X000014783,2026-01-07 04:59:53,C000126,A0000126,M00183,T01168,South,South,169.51,USD,card_present,3ds,approved,APPROVE,131.27,1.2913079911632512,1,0,0,0,0,0,0,4,33,5,8,8,night_activity,0.08,0.011521213003089626,0.08
X000090797,2026-01-07 05:00:34,C000761,A0000761,M00342,T00903,Midwest,Midwest,220.56,USD,card_present,magstripe,approved,APPROVE,202.51,1.0891314009184732,0,0,0,0,1,0,0,3,13,3,6,0,,0.0,0.011579272094608366,0.011579272094608366
X000011069,2026-01-07 05:01:31,C000100,A0000100,M00697,T00612,West,West,74.56,USD,card_present,chip_pin,approved,APPROVE,102.67,0.7262101879809097,0,0,0,0,0,0,0,2,12,3,5,0,,0.0,0.004233400338147758,0.004233400338147758
X000122489,2026-01-07 05:02:03,C001016,A0001016,M00070,T00169,Northeast,Northeast,56.45,USD,ecommerce,3ds,approved,APPROVE,27.66,2.040853217642806,0,0,0,1,0,0,0,4,31,9,5,18,terminal_customer_network_burst,0.18,0.02041912107999251,0.18
X000157573,2026-01-07 05:02:06,C001296,A0001296,M00476,T00071,Midwest,Midwest,81.49,USD,card_present,3ds,approved,APPROVE,115.44,0.7059078309078308,0,0,0,0,0,0,0,3,21,6,12,0,,0.0,0.005495290508399529,0.005495290508399529
X000196923,2026-01-07 05:02:36,C001618,A0001618,M00351,T00802,West,West,87.97,USD,card_present,chip_pin,approved,APPROVE,140.56,0.6258537279453614,0,0,0,0,0,0,0,4,27,8,5,18,terminal_customer_network_burst,0.18,0.009641446317956342,0.18
X000138870,2026-01-07 05:02:40,C001144,A0001144,M00645,T00155,South,South,35.46,USD,ecommerce,wallet_biometric,approved,APPROVE,55.97,0.6335536894765053,0,0,0,1,0,0,0,0,42,10,3,18,terminal_customer_network_burst,0.18,0.008965974837285387,0.18
X000208089,2026-01-07 05:03:23,C001699,A0001699,M00635,T00849,Midwest,Midwest,116.01,USD,card_present,wallet_biometric,approved,APPROVE,131.03,0.8853697626497748,0,0,0,0,0,0,0,3,18,8,4,18,terminal_customer_network_burst,0.18,0.009615779222420693,0.18
X000063869,2026-01-07 05:03:29,C000542,A0000542,M00606,T00224,West,West,166.76,USD,ecommerce,chip_pin,approved,APPROVE,213.02,0.7828372922730259,0,0,0,1,0,0,0,0,16,6,8,0,,0.0,0.004726361190998076,0.004726361190998076
X000175335,2026-01-07 05:03:45,C001444,A0001444,M00570,T00794,West,West,47.49,USD,card_present,chip_pin,approved,APPROVE,31.66,1.5,0,0,0,0,0,0,0,1,17,6,3,0,,0.0,0.007942506548485398,0.007942506548485398
X000042618,2026-01-07 05:03:46,C000361,A0000361,M00758,T00785,Northeast,Northeast,30.76,USD,mobile_wallet,wallet_biometric,approved,APPROVE,43.71,0.7037291237703043,0,0,0,0,0,1,0,3,28,7,3,0,,0.0,0.012640810424601072,0.012640810424601072
X000181333,2026-01-07 05:03:54,C001491,A0001491,M00586,T00314,Northeast,Northeast,22.0,USD,card_present,3ds,approved,APPROVE,43.9,0.5011389521640092,0,0,0,0,0,0,0,2,10,4,1,0,,0.0,0.00492453768723828,0.00492453768723828
X000070190,2026-01-07 05:04:34,C000597,A0000597,M00766,T00816,South,West,157.91,USD,card_present,chip_pin,approved,APPROVE,149.87,1.0536464936278107,0,0,0,0,0,0,1,3,14,5,0,27,new_customer_terminal_pair;home_region_mismatch,0.27,0.08186183937135,0.27
X000084507,2026-01-07 05:05:32,C000708,A0000708,M00019,T00826,Northeast,Northeast,30.43,USD,mobile_wallet,wallet_biometric,approved,APPROVE,46.63,0.6525841732790049,0,0,0,0,0,1,0,4,20,4,9,0,,0.0,0.007894739244681119,0.007894739244681119
X000015906,2026-01-07 05:06:17,C000135,A0000135,M00490,T00340,South,South,223.08,USD,card_present,wallet_biometric,approved,APPROVE,91.86,2.4284781188765514,0,0,0,0,0,0,0,4,18,5,7,0,,0.0,0.012861001138062673,0.012861001138062673
X000026994,2026-01-07 05:06:24,C000233,A0000233,M00771,T00411,South,South,89.95,USD,card_present,chip_pin,approved,APPROVE,52.79,1.7039211971964388,0,0,0,0,0,0,0,2,14,5,6,0,,0.0,0.007763836189478699,0.007763836189478699
X000149447,2026-01-07 05:06:43,C001230,A0001230,M00720,T00311,Northeast,Northeast,14.31,USD,card_present,3ds,approved,APPROVE,51.13,0.2798748288675924,0,0,0,0,0,0,0,1,23,6,2,0,,0.0,0.005076403076499474,0.005076403076499474
X000157138,2026-01-07 05:06:58,C001293,A0001293,M00406,T00668,South,South,71.25,USD,card_present,3ds,approved,APPROVE,103.07,0.6912777723876977,0,0,0,0,0,0,0,2,33,8,9,18,terminal_customer_network_burst,0.18,0.006992551522092105,0.18
X000203853,2026-01-07 05:06:59,C001667,A0001667,M00645,T00905,South,South,229.45,USD,card_present,3ds,approved,APPROVE,187.97,1.2206735117305954,0,0,0,0,0,0,0,5,51,15,11,43,customer_velocity;terminal_customer_network_burst,0.43,0.02734606426804141,0.43
X000189884,2026-01-07 05:07:11,C001561,A0001561,M00542,T01166,South,South,321.09,USD,ecommerce,3ds,approved,APPROVE,142.2,2.258016877637131,0,0,0,1,0,0,0,1,20,7,6,0,,0.0,0.011718596842242936,0.011718596842242936
X000065136,2026-01-07 05:08:35,C000552,A0000552,M00270,T00562,South,South,35.46,USD,card_present,chip_pin,approved,APPROVE,37.61,0.942834352565807,0,0,0,0,0,0,0,2,28,6,3,0,,0.0,0.0073273316427484485,0.0073273316427484485
X000107357,2026-01-07 05:09:01,C000900,A0000900,M00495,T00738,Midwest,Midwest,114.17,USD,ecommerce,wallet_biometric,approved,APPROVE,159.85,0.7142320925868002,0,0,0,1,0,0,0,10,30,7,15,45,customer_velocity;high_customer_velocity,0.45,0.013784668494869869,0.45
X000111357,2026-01-07 05:09:29,C000930,A0000930,M00390,T00963,Northeast,Northeast,256.15,USD,card_present,wallet_biometric,approved,APPROVE,107.43,2.3843432933072695,0,0,0,0,0,0,0,2,11,4,5,0,,0.0,0.009316108109274848,0.009316108109274848
X000171846,2026-01-07 05:09:39,C001418,A0001418,M00007,T00196,South,South,47.64,USD,ecommerce,3ds,approved,APPROVE,33.02,1.4427619624470016,0,0,0,1,0,0,0,3,25,8,4,18,terminal_customer_network_burst,0.18,0.012932986565233591,0.18
X000126859,2026-01-07 05:10:22,C001045,A0001045,M00767,T00313,South,South,17.62,USD,card_present,chip_pin,approved,APPROVE,24.63,0.7153877385302477,0,0,0,0,0,0,0,0,24,9,2,18,terminal_customer_network_burst,0.18,0.007700854054861818,0.18
X000133113,2026-01-07 05:11:13,C001098,A0001098,M00674,T00232,Midwest,Midwest,75.12,USD,mobile_wallet,chip_pin,approved,APPROVE,53.75,1.3975813953488372,0,0,0,0,0,1,0,4,39,6,9,0,,0.0,0.014171026894816748,0.014171026894816748
X000179285,2026-01-07 05:11:39,C001476,A0001476,M00219,T00193,Northeast,Northeast,449.38,USD,ecommerce,chip_pin,approved,APPROVE,246.77,1.8210479393767476,0,0,0,1,0,0,0,12,34,5,18,45,customer_velocity;high_customer_velocity,0.45,0.01970057196014442,0.45
X000052959,2026-01-07 05:11:54,C000447,A0000447,M00077,T00723,South,South,26.01,USD,card_present,chip_pin,approved,APPROVE,31.58,0.8236225459151363,0,0,0,0,0,0,0,1,52,14,2,18,terminal_customer_network_burst,0.18,0.017474078449197135,0.18
X000243911,2026-01-07 05:11:54,C001989,A0001989,M00552,T00602,Northeast,Northeast,68.88,USD,ecommerce,wallet_biometric,approved,APPROVE,45.7,1.5072210065645513,0,0,0,1,0,0,0,2,36,7,2,0,,0.0,0.01151931294298409,0.01151931294298409
X000092633,2026-01-07 05:11:59,C000776,A0000776,M00587,T00725,South,South,43.43,USD,card_present,wallet_biometric,approved,APPROVE,87.14,0.4983933899472114,0,0,0,0,0,0,0,0,22,6,3,0,,0.0,0.004763973808065616,0.004763973808065616
X000164531,2026-01-07 05:12:17,C001356,A0001356,M00023,T00495,Midwest,Midwest,49.08,USD,ecommerce,chip_pin,approved,APPROVE,44.64,1.0994623655913978,0,0,0,1,0,0,0,1,4,4,1,0,,0.0,0.005802148373260066,0.005802148373260066
X000121080,2026-01-07 05:13:26,C001006,A0001006,M00326,T01151,Northeast,Northeast,17.89,USD,card_present,magstripe,approved,APPROVE,37.46,0.47757608115323014,0,0,0,0,1,0,0,5,21,6,4,25,customer_velocity,0.25,0.017667908167684696,0.25
X000104052,2026-01-07 05:14:18,C000876,A0000876,M00400,T00412,West,West,39.17,USD,card_present,chip_pin,approved,APPROVE,29.33,1.3354926696215481,0,0,0,0,0,0,0,1,7,3,3,0,,0.0,0.0050795433386841265,0.0050795433386841265
X000018400,2026-01-07 05:14:39,C000157,A0000157,M00372,T00192,South,South,97.63,USD,card_present,3ds,approved,APPROVE,57.73,1.6911484496795428,0,0,0,0,0,0,0,0,44,14,3,18,terminal_customer_network_burst,0.18,0.020915233454472323,0.18
X000078937,2026-01-07 05:15:04,C000665,A0000665,M00168,T00944,Northeast,Northeast,74.4,USD,card_present,wallet_biometric,approved,APPROVE,55.42,1.3424756405629736,0,0,0,0,0,0,0,0,35,9,1,18,terminal_customer_network_burst,0.18,0.010544443687687727,0.18
X000075335,2026-01-07 05:15:41,C000633,A0000633,M00782,T00864,Midwest,Midwest,73.2,USD,mobile_wallet,chip_pin,approved,APPROVE,42.15,1.7366548042704628,0,0,0,0,0,1,0,0,23,7,5,0,,0.0,0.012517126599374656,0.012517126599374656
X000219940,2026-01-07 05:16:11,C001797,A0001797,M00167,T00818,Northeast,Northeast,538.91,USD,card_present,magstripe,approved,APPROVE,161.59,3.335045485487963,0,0,0,0,1,0,0,5,31,9,7,73,amount_vs_profile;customer_velocity;terminal_customer_network_burst,0.73,0.07138819846644223,0.73
X000141992,2026-01-07 05:16:49,C001171,A0001171,M00074,T01036,South,South,92.69,USD,ecommerce,magstripe,approved,APPROVE,107.06,0.8657762002615356,0,0,0,1,1,0,0,1,59,10,5,18,terminal_customer_network_burst,0.18,0.023286605787315943,0.18
X000070191,2026-01-07 05:16:52,C000597,A0000597,M00273,T00611,South,West,88.74,USD,mobile_wallet,chip_pin,approved,APPROVE,149.87,0.592113164742777,0,0,0,0,0,1,1,4,8,3,0,27,new_customer_terminal_pair;home_region_mismatch,0.27,0.08868020517280331,0.27
X000047864,2026-01-07 05:17:11,C000404,A0000404,M00017,T00257,Midwest,Midwest,487.36,USD,ecommerce,chip_pin,approved,APPROVE,227.96,2.137918933146166,0,0,0,1,0,0,0,12,18,2,10,45,customer_velocity;high_customer_velocity,0.45,0.019536781113530126,0.45
X000030858,2026-01-07 05:17:41,C000262,A0000262,M00168,T00020,Northeast,Northeast,44.03,USD,card_present,chip_pin,approved,APPROVE,84.93,0.5184269398328034,0,0,0,0,0,0,0,3,9,5,3,0,,0.0,0.005869001089639171,0.005869001089639171
X000071704,2026-01-07 05:17:57,C000609,A0000609,M00298,T00088,Northeast,Northeast,278.7,USD,mobile_wallet,3ds,approved,APPROVE,131.74,2.115530590557158,0,0,0,0,0,1,0,4,31,6,5,0,,0.0,0.021051564920533956,0.021051564920533956
X000107358,2026-01-07 05:18:16,C000900,A0000900,M00191,T00397,Midwest,Midwest,288.83,USD,ecommerce,wallet_biometric,approved,APPROVE,159.85,1.8068814513606506,0,0,0,1,0,0,0,11,38,6,14,45,customer_velocity;high_customer_velocity,0.45,0.02249647446608094,0.45
X000034486,2026-01-07 05:19:09,C000293,A0000293,M00193,T01073,West,West,25.26,USD,card_present,chip_pin,approved,APPROVE,39.87,0.633559066967645,0,0,0,0,0,0,0,2,13,3,5,0,,0.0,0.004087273615545388,0.004087273615545388
X000185076,2026-01-07 05:19:12,C001524,A0001524,M00652,T00561,West,West,328.2,USD,card_present,chip_pin,approved,APPROVE,133.37,2.4608232735997597,0,0,0,0,0,0,0,4,4,3,0,15,new_customer_terminal_pair,0.15,0.012446562458351964,0.15
X000212710,2026-01-07 05:19:16,C001736,A0001736,M00546,T00452,West,West,42.12,USD,ecommerce,3ds,approved,APPROVE,52.72,0.798937784522003,0,0,0,1,0,0,0,2,13,8,4,18,terminal_customer_network_burst,0.18,0.00860298861365181,0.18
X000214451,2026-01-07 05:20:06,C001752,A0001752,M00013,T00686,South,South,262.76,USD,card_present,wallet_biometric,approved,APPROVE,165.32,1.5894023711589644,0,0,0,0,0,0,0,1,48,10,7,18,terminal_customer_network_burst,0.18,0.012551634833443211,0.18
X000045869,2026-01-07 05:20:33,C000384,A0000384,M00359,T00984,Midwest,Midwest,17.14,USD,card_present,magstripe,approved,APPROVE,65.87,0.2602095035676332,0,0,0,0,1,0,0,0,16,4,1,0,,0.0,0.0077652053878470234,0.0077652053878470234
X000225373,2026-01-07 05:21:08,C001837,A0001837,M00585,T00052,Midwest,Midwest,75.64,USD,ecommerce,3ds,approved,APPROVE,31.4,2.4089171974522294,0,0,0,1,0,0,0,1,31,13,3,18,terminal_customer_network_burst,0.18,0.028375225384133895,0.18
X000104452,2026-01-07 05:21:23,C000879,A0000879,M00276,T01082,Northeast,Northeast,11.04,USD,mobile_wallet,wallet_biometric,approved,APPROVE,22.68,0.48677248677248675,0,0,0,0,0,1,0,1,36,11,4,18,terminal_customer_network_burst,0.18,0.014502375007332981,0.18
X000060067,2026-01-07 05:22:04,C000512,A0000512,M00191,T00397,Midwest,Midwest,124.2,USD,card_present,chip_pin,approved,APPROVE,77.47,1.6032012391893637,0,0,0,0,0,0,0,0,39,6,6,0,,0.0,0.007074406746946008,0.007074406746946008
X000141765,2026-01-07 05:22:42,C001169,A0001169,M00679,T00947,Northeast,Northeast,136.7,USD,mobile_wallet,chip_pin,approved,APPROVE,104.26,1.311145213888356,0,0,0,0,0,1,0,2,13,2,0,15,new_customer_terminal_pair,0.15,0.008460441165992419,0.15
X000188468,2026-01-07 05:22:46,C001549,A0001549,M00500,T00274,West,Midwest,120.14,USD,mobile_wallet,wallet_biometric,approved,APPROVE,153.09,0.7847671304461428,0,0,0,0,0,1,1,4,21,3,0,27,new_customer_terminal_pair;home_region_mismatch,0.27,0.09818274970175322,0.27
X000031287,2026-01-07 05:23:29,C000265,A0000265,M00782,T00669,Midwest,Midwest,31.71,USD,ecommerce,3ds,approved,APPROVE,31.53,1.005708848715509,0,0,0,1,0,0,0,2,28,8,4,18,terminal_customer_network_burst,0.18,0.009720035570064013,0.18
X000221010,2026-01-07 05:23:52,C001802,A0001802,M00303,T00765,Northeast,Northeast,38.55,USD,mobile_wallet,magstripe,approved,APPROVE,67.33,0.5725530966879548,0,0,0,0,1,1,0,0,32,6,5,0,,0.0,0.015335155950582786,0.015335155950582786
X000138475,2026-01-07 05:24:05,C001140,A0001140,M00231,T00176,South,South,66.57,USD,ecommerce,wallet_biometric,approved,APPROVE,44.53,1.4949472265888164,0,0,0,1,0,0,0,0,39,8,1,18,terminal_customer_network_burst,0.18,0.010623920346107566,0.18
X000188469,2026-01-07 05:24:23,C001549,A0001549,M00400,T00241,West,West,122.38,USD,card_present,chip_pin,approved,APPROVE,153.09,0.7993990463126265,0,0,0,0,0,0,0,5,24,6,8,25,customer_velocity,0.25,0.00827429982816271,0.25
X000114866,2026-01-07 05:24:27,C000956,A0000956,M00494,T01193,West,West,325.23,USD,mobile_wallet,3ds,approved,APPROVE,222.07,1.464538208672941,0,0,0,0,0,1,0,1,16,3,10,0,,0.0,0.006576041071878462,0.006576041071878462
X000084881,2026-01-07 05:24:29,C000710,A0000710,M00535,T00606,West,West,104.43,USD,mobile_wallet,magstripe,approved,APPROVE,85.75,1.2178425655976677,0,0,0,0,1,1,0,6,46,8,20,43,customer_velocity;terminal_customer_network_burst,0.43,0.03216429043385038,0.43
X000112912,2026-01-07 05:24:43,C000944,A0000944,M00109,T00548,Northeast,Northeast,82.91,USD,card_present,wallet_biometric,approved,APPROVE,227.5,0.36443956043956044,0,0,0,0,0,0,0,6,33,9,13,43,customer_velocity;terminal_customer_network_burst,0.43,0.009674737561617745,0.43
X000190287,2026-01-07 05:24:53,C001563,A0001563,M00798,T00402,South,Northeast,701.74,USD,card_present,3ds,approved,APPROVE,256.53,2.7355085175223173,0,0,0,0,0,0,1,4,30,9,0,45,new_customer_terminal_pair;terminal_customer_network_burst;home_region_mismatch,0.45,0.25067721946852917,0.45
X000220539,2026-01-07 05:24:53,C001800,A0001800,M00168,T00981,Northeast,Northeast,291.38,USD,card_present,chip_pin,approved,APPROVE,186.73,1.5604348524607723,0,0,0,0,0,0,0,6,35,8,12,43,customer_velocity;terminal_customer_network_burst,0.43,0.014469761657534427,0.43
X000224887,2026-01-07 05:26:42,C001834,A0001834,M00428,T00264,West,West,56.81,USD,card_present,magstripe,approved,APPROVE,34.04,1.668918918918919,0,0,0,0,1,0,0,2,28,9,4,18,terminal_customer_network_burst,0.18,0.029014145552961473,0.18
X000029264,2026-01-07 05:26:43,C000253,A0000253,M00626,T01083,South,South,161.95,USD,ecommerce,chip_pin,approved,APPROVE,203.2,0.796998031496063,0,0,0,1,0,0,0,8,34,6,6,25,customer_velocity,0.25,0.013540291509228518,0.25
X000090798,2026-01-07 05:27:23,C000761,A0000761,M00517,T00531,Midwest,Midwest,89.68,USD,mobile_wallet,chip_pin,approved,APPROVE,202.51,0.44284232877388774,0,0,0,0,0,1,0,4,21,5,4,0,,0.0,0.00961106353594684,0.00961106353594684
X000141766,2026-01-07 05:27:38,C001169,A0001169,M00040,T00439,Northeast,Northeast,76.62,USD,card_present,magstripe,approved,APPROVE,104.26,0.7348935353922885,0,0,0,0,1,0,0,3,42,10,5,18,terminal_customer_network_burst,0.18,0.025293984031961782,0.18
X000011389,2026-01-07 05:27:51,C000102,A0000102,M00560,T00636,West,West,137.2,USD,ecommerce,chip_pin,approved,APPROVE,246.43,0.5567503956498803,0,0,0,1,0,0,0,5,16,3,13,25,customer_velocity,0.25,0.004625017070272357,0.25
X000040010,2026-01-07 05:27:58,C000340,A0000340,M00500,T00780,Midwest,Midwest,41.2,USD,card_present,3ds,approved,APPROVE,71.81,0.5737362484333659,0,0,0,0,0,0,0,1,20,6,3,0,,0.0,0.005495782608777474,0.005495782608777474
X000104544,2026-01-07 05:28:17,C000880,A0000880,M00055,T01044,South,South,44.03,USD,ecommerce,wallet_biometric,approved,APPROVE,74.29,0.5926773455377574,0,0,0,1,0,0,0,0,53,14,2,18,terminal_customer_network_burst,0.18,0.014989797123094426,0.18
X000206612,2026-01-07 05:28:21,C001687,A0001687,M00172,T00722,Northeast,Northeast,81.58,USD,ecommerce,chip_pin,approved,APPROVE,226.33,0.36044713471479695,0,0,0,1,0,0,0,3,52,9,4,18,terminal_customer_network_burst,0.18,0.010065580438471498,0.18
X000092556,2026-01-07 05:28:25,C000775,A0000775,M00326,T01151,Northeast,Northeast,15.61,USD,card_present,chip_pin,approved,APPROVE,34.29,0.4552347623213765,0,0,0,0,0,0,0,1,22,6,3,0,,0.0,0.005264357541666287,0.005264357541666287
X000001234,2026-01-07 05:28:47,C000013,A0000013,M00343,T00426,West,West,18.69,USD,card_present,3ds,approved,APPROVE,27.94,0.6689334287759485,0,0,0,0,0,0,0,4,10,3,1,0,,0.0,0.005923095071677063,0.005923095071677063
X000180828,2026-01-07 05:29:05,C001486,A0001486,M00788,T00018,South,South,28.29,USD,ecommerce,3ds,approved,APPROVE,28.31,0.9992935358530555,0,0,0,1,0,0,0,0,43,11,1,18,terminal_customer_network_burst,0.18,0.012501856489936597,0.18
X000122047,2026-01-07 05:29:07,C001013,A0001013,M00675,T01030,Midwest,Midwest,26.78,USD,card_present,3ds,approved,APPROVE,27.75,0.9650450450450451,0,0,0,0,0,0,0,3,24,6,6,0,,0.0,0.007468277181705358,0.007468277181705358
X000195702,2026-01-07 05:29:30,C001607,A0001607,M00095,T00821,Northeast,Northeast,41.72,USD,ecommerce,3ds,approved,APPROVE,27.54,1.5148874364560638,0,0,0,1,0,0,0,0,13,6,1,0,,0.0,0.00791659449069319,0.00791659449069319
X000242964,2026-01-07 05:29:52,C001982,A0001982,M00119,T00895,South,South,35.89,USD,ecommerce,3ds,approved,APPROVE,37.95,0.9457180500658761,0,0,0,1,0,0,0,0,43,12,3,18,terminal_customer_network_burst,0.18,0.012903367191427434,0.18
X000053324,2026-01-07 05:30:11,C000450,A0000450,M00345,T00208,South,South,33.9,USD,card_present,3ds,approved,APPROVE,92.33,0.3671612693599047,0,0,0,0,0,0,0,1,35,10,1,18,terminal_customer_network_burst,0.18,0.008985772302915309,0.18
X000176085,2026-01-07 05:30:14,C001451,A0001451,M00740,T00080,Northeast,Northeast,42.55,USD,card_present,3ds,approved,APPROVE,40.14,1.0600398604882908,0,0,0,0,0,0,0,0,39,9,4,18,terminal_customer_network_burst,0.18,0.008626988069260743,0.18
X000218907,2026-01-07 05:30:33,C001789,A0001789,M00194,T00803,Northeast,Northeast,65.37,USD,card_present,wallet_biometric,approved,APPROVE,97.43,0.6709432413014472,0,0,0,0,0,0,0,5,26,6,5,25,customer_velocity,0.25,0.008696961513754575,0.25
X000036602,2026-01-07 05:30:36,C000314,A0000314,M00320,T00150,West,West,35.44,USD,ecommerce,chip_pin,approved,APPROVE,58.0,0.6110344827586206,0,0,0,1,0,0,0,1,36,9,1,18,terminal_customer_network_burst,0.18,0.009323068848847321,0.18
X000223675,2026-01-07 05:31:04,C001824,A0001824,M00556,T00223,South,South,39.89,USD,card_present,chip_pin,approved,APPROVE,48.08,0.8296589018302829,0,0,0,0,0,0,0,1,37,8,2,18,terminal_customer_network_burst,0.18,0.008331192923242959,0.18
X000077508,2026-01-07 05:31:35,C000653,A0000653,M00156,T00697,West,West,99.74,USD,card_present,3ds,approved,APPROVE,208.69,0.4779337773731372,0,0,0,0,0,0,0,5,14,5,0,40,customer_velocity;new_customer_terminal_pair,0.4,0.008144565253479187,0.4
X000188470,2026-01-07 05:31:47,C001549,A0001549,M00105,T00482,West,West,147.32,USD,ecommerce,chip_pin,soft_decline,CHALLENGE,153.09,0.9623097524332092,0,0,1,1,0,0,0,6,19,5,10,33,customer_velocity;authentication_soft_decline,0.33,0.039704763151082484,0.33
X000085660,2026-01-07 05:32:33,C000717,A0000717,M00073,T00757,Northeast,South,53.02,USD,ecommerce,3ds,approved,APPROVE,66.89,0.7926446404544776,0,0,0,1,0,0,1,2,45,13,0,45,new_customer_terminal_pair;terminal_customer_network_burst;home_region_mismatch,0.45,0.17416390329184545,0.45
X000131439,2026-01-07 05:32:38,C001082,A0001082,M00191,T00441,Midwest,Midwest,17.97,USD,ecommerce,wallet_biometric,approved,APPROVE,20.75,0.8660240963855421,0,0,0,1,0,0,0,2,32,9,3,18,terminal_customer_network_burst,0.18,0.010781648148499046,0.18
X000021331,2026-01-07 05:32:48,C000186,A0000186,M00442,T00105,West,West,70.85,USD,card_present,chip_pin,approved,APPROVE,223.8,0.31657730116175153,0,0,0,0,0,0,0,2,29,6,14,0,,0.0,0.003990527363522513,0.003990527363522513
X000129238,2026-01-07 05:33:02,C001063,A0001063,M00533,T00261,Northeast,Northeast,19.73,USD,mobile_wallet,chip_pin,approved,APPROVE,32.18,0.613113735239279,0,0,0,0,0,1,0,1,38,7,3,0,,0.0,0.0098993353722924,0.0098993353722924
X000068599,2026-01-07 05:33:27,C000582,A0000582,M00675,T00110,South,Midwest,24.87,USD,card_present,chip_pin,approved,APPROVE,56.33,0.44150541452156933,0,0,0,0,0,0,1,1,25,7,0,27,new_customer_terminal_pair;home_region_mismatch,0.27,0.06678544108657346,0.27
X000086783,2026-01-07 05:34:03,C000728,A0000728,M00099,T00891,South,South,202.61,USD,ecommerce,magstripe,approved,APPROVE,159.7,1.2686912961803383,0,0,0,1,1,0,0,6,12,3,6,25,customer_velocity,0.25,0.01855751734177945,0.25
X000155808,2026-01-07 05:34:11,C001283,A0001283,M00148,T01086,Midwest,Midwest,139.71,USD,card_present,3ds,approved,APPROVE,278.26,0.5020843815136923,0,0,0,0,0,0,0,6,43,7,8,25,customer_velocity,0.25,0.009739740099168292,0.25
X000238921,2026-01-07 05:34:16,C001949,A0001949,M00520,T00622,Midwest,Midwest,105.74,USD,card_present,chip_pin,approved,APPROVE,41.15,2.5696233292831105,0,0,0,0,0,0,0,3,7,4,2,0,,0.0,0.012301049379923806,0.012301049379923806
X000100758,2026-01-07 05:34:17,C000849,A0000849,M00526,T00055,South,South,61.38,USD,card_present,chip_pin,approved,APPROVE,37.79,1.6242392167240012,0,0,0,0,0,0,0,0,15,5,1,0,,0.0,0.00700657614233993,0.00700657614233993
X000007451,2026-01-07 05:35:02,C000069,A0000069,M00610,T00995,Midwest,Midwest,35.82,USD,card_present,chip_pin,approved,APPROVE,40.89,0.876008804108584,0,0,0,0,0,0,0,4,24,6,5,0,,0.0,0.008363852359298195,0.008363852359298195
X000058494,2026-01-07 05:35:02,C000496,A0000496,M00448,T00142,South,Midwest,20.65,USD,card_present,wallet_biometric,approved,APPROVE,48.44,0.4263005780346821,0,0,0,0,0,0,1,2,20,5,0,27,new_customer_terminal_pair;home_region_mismatch,0.27,0.05862599680045777,0.27
X000151162,2026-01-07 05:35:29,C001242,A0001242,M00005,T00817,South,South,86.09,USD,ecommerce,3ds,approved,APPROVE,122.13,0.7049046098419717,0,0,0,1,0,0,0,5,41,11,6,43,customer_velocity;terminal_customer_network_burst,0.43,0.016835501581399105,0.43
X000115832,2026-01-07 05:35:51,C000962,A0000962,M00549,T00456,South,South,30.8,USD,card_present,3ds,approved,APPROVE,54.04,0.5699481865284974,0,0,0,0,0,0,0,0,51,17,2,18,terminal_customer_network_burst,0.18,0.01990278337155199,0.18
X000102838,2026-01-07 05:35:56,C000864,A0000864,M00712,T00650,South,South,94.52,USD,ecommerce,wallet_biometric,approved,APPROVE,31.31,3.0188438198658574,0,0,0,1,0,0,0,2,27,11,1,48,amount_vs_profile;terminal_customer_network_burst,0.48,0.03391413945744705,0.48
X000193042,2026-01-07 05:35:59,C001585,A0001585,M00316,T00389,South,South,19.37,USD,ecommerce,3ds,approved,APPROVE,38.48,0.5033783783783784,0,0,0,1,0,0,0,1,44,9,5,18,terminal_customer_network_burst,0.18,0.008007631994062273,0.18
X000196309,2026-01-07 05:36:07,C001613,A0001613,M00782,T00464,Midwest,Midwest,316.61,USD,card_present,chip_pin,approved,APPROVE,489.11,0.6473185990881397,0,0,0,0,0,0,0,3,19,5,6,0,,0.0,0.00575867172009308,0.00575867172009308
X000019648,2026-01-07 05:36:44,C000170,A0000170,M00408,T00920,Northeast,Northeast,29.53,USD,card_present,wallet_biometric,soft_decline,CHALLENGE,63.99,0.4614783559931239,0,0,1,0,0,0,0,3,23,6,7,8,authentication_soft_decline,0.08,0.027344509731471647,0.08
X000141048,2026-01-07 05:36:47,C001162,A0001162,M00123,T00812,Midwest,Midwest,89.77,USD,card_present,chip_pin,approved,APPROVE,135.54,0.6623137081304412,0,0,0,0,0,0,0,1,63,13,9,18,terminal_customer_network_burst,0.18,0.011967405139210173,0.18
X000009011,2026-01-07 05:36:59,C000082,A0000082,M00343,T00030,Midwest,West,67.56,USD,card_present,wallet_biometric,approved,APPROVE,58.14,1.1620227038183695,0,0,0,0,0,0,1,3,14,6,0,27,new_customer_terminal_pair;home_region_mismatch,0.27,0.0949979923252827,0.27
X000185723,2026-01-07 05:37:04,C001527,A0001527,M00431,T00547,West,West,21.32,USD,card_present,chip_pin,approved,APPROVE,28.9,0.7377162629757786,0,0,0,0,0,0,0,4,4,2,3,0,,0.0,0.004994856592765981,0.004994856592765981
X000049281,2026-01-07 05:37:05,C000413,A0000413,M00692,T00771,Northeast,Northeast,97.97,USD,ecommerce,wallet_biometric,approved,APPROVE,97.53,1.0045114323797806,0,0,0,1,0,0,0,5,33,10,7,43,customer_velocity;terminal_customer_network_burst,0.43,0.01603210139374199,0.43
X000141214,2026-01-07 05:37:05,C001163,A0001163,M00486,T00714,South,South,39.53,USD,mobile_wallet,chip_pin,approved,APPROVE,40.17,0.984067712223052,0,0,0,0,0,1,0,1,37,14,1,18,terminal_customer_network_burst,0.18,0.027689005936032032,0.18
X000197754,2026-01-07 05:37:18,C001623,A0001623,M00453,T00831,South,South,72.79,USD,card_present,chip_pin,approved,APPROVE,107.7,0.6758588672237698,0,0,0,0,0,0,0,9,44,13,6,43,customer_velocity;terminal_customer_network_burst,0.43,0.03181863655854525,0.43
X000127891,2026-01-07 05:38:03,C001053,A0001053,M00074,T00967,South,South,158.18,USD,ecommerce,chip_pin,approved,APPROVE,55.94,2.827672506256704,0,0,0,1,0,0,0,5,45,9,5,43,customer_velocity;terminal_customer_network_burst,0.43,0.03245159637761284,0.43
X000038711,2026-01-07 05:38:05,C000331,A0000331,M00213,T00642,Northeast,Northeast,108.6,USD,card_present,chip_pin,approved,APPROVE,98.47,1.1028739717680511,0,0,0,0,0,0,0,4,16,4,6,0,,0.0,0.006869132676858774,0.006869132676858774
X000091637,2026-01-07 05:38:22,C000769,A0000769,M00738,T00002,South,South,161.08,USD,mobile_wallet,wallet_biometric,approved,APPROVE,268.43,0.6000819580523786,0,0,0,0,0,1,0,4,20,6,10,0,,0.0,0.009473849456669492,0.009473849456669492
X000018036,2026-01-07 05:38:25,C000154,A0000154,M00446,T00838,South,South,157.07,USD,card_present,3ds,approved,APPROVE,64.05,2.4523028883684623,0,0,0,0,0,0,0,5,22,7,5,25,customer_velocity,0.25,0.019848354431238686,0.25
X000174888,2026-01-07 05:38:35,C001441,A0001441,M00566,T00359,West,West,734.87,USD,mobile_wallet,wallet_biometric,approved,APPROVE,286.38,2.566066066066066,0,0,0,0,0,1,0,0,18,4,9,0,,0.0,0.0106758909670498,0.0106758909670498
X000126250,2026-01-07 05:39:50,C001040,A0001040,M00038,T00874,South,South,26.76,USD,card_present,chip_pin,approved,APPROVE,14.22,1.8818565400843883,0,0,0,0,0,0,0,0,74,15,6,18,terminal_customer_network_burst,0.18,0.0248583910447503,0.18
X000092634,2026-01-07 05:40:04,C000776,A0000776,M00110,T00096,South,South,65.91,USD,ecommerce,3ds,approved,APPROVE,87.14,0.7563690612806977,0,0,0,1,0,0,0,1,36,10,2,18,terminal_customer_network_burst,0.18,0.010770824443958946,0.18
X000134840,2026-01-07 05:40:28,C001107,A0001107,M00604,T01180,Northeast,Northeast,88.05,USD,ecommerce,chip_pin,approved,APPROVE,77.96,1.129425346331452,0,0,0,1,0,0,0,2,35,9,5,18,terminal_customer_network_burst,0.18,0.01133177068082095,0.18
X000123414,2026-01-07 05:40:46,C001023,A0001023,M00042,T00546,Northeast,Northeast,80.89,USD,card_present,3ds,approved,APPROVE,96.87,0.835036647052751,0,0,0,0,0,0,0,4,26,7,7,0,,0.0,0.008722344389710776,0.008722344389710776
X000167622,2026-01-07 05:40:52,C001385,A0001385,M00377,T00663,Midwest,Midwest,41.98,USD,mobile_wallet,magstripe,approved,APPROVE,49.85,0.8421263791374122,0,0,0,0,1,1,0,4,14,7,1,0,,0.0,0.033009892379238785,0.033009892379238785
X000033902,2026-01-07 05:41:10,C000289,A0000289,M00125,T00414,West,West,115.8,USD,card_present,chip_pin,approved,APPROVE,157.83,0.7337008173351073,0,0,0,0,0,0,0,3,22,5,6,0,,0.0,0.006010408460929204,0.006010408460929204
X000174598,2026-01-07 05:41:20,C001439,A0001439,M00305,T00675,Northeast,Northeast,62.72,USD,card_present,3ds,approved,APPROVE,141.68,0.4426877470355731,0,0,0,0,0,0,0,3,22,5,5,0,,0.0,0.005515760848801389,0.005515760848801389
X000151636,2026-01-07 05:41:37,C001246,A0001246,M00616,T01002,West,West,64.17,USD,ecommerce,chip_pin,approved,APPROVE,34.47,1.8616187989556137,0,0,0,1,0,0,0,2,14,4,2,0,,0.0,0.008827677920914089,0.008827677920914089
X000067621,2026-01-07 05:42:45,C000573,A0000573,M00668,T00166,Midwest,Midwest,19.84,USD,ecommerce,magstripe,soft_decline,CHALLENGE,41.13,0.4823729637734014,0,0,1,1,1,0,0,2,16,3,3,8,authentication_soft_decline,0.08,0.043328359445144966,0.08
X000195043,2026-01-07 05:42:49,C001603,A0001603,M00566,T00559,West,West,47.44,USD,card_present,chip_pin,approved,APPROVE,64.9,0.7309707241910631,0,0,0,0,0,0,0,2,24,5,2,0,,0.0,0.006107508091762543,0.006107508091762543
X000161012,2026-01-07 05:42:57,C001330,A0001330,M00148,T01086,Midwest,Midwest,37.63,USD,mobile_wallet,wallet_biometric,approved,APPROVE,79.51,0.47327380203747954,0,0,0,0,0,1,0,0,44,7,10,0,,0.0,0.006741846015312994,0.006741846015312994
X000004703,2026-01-07 05:43:11,C000043,A0000043,M00168,T00020,Northeast,Northeast,82.07,USD,card_present,chip_pin,approved,APPROVE,66.24,1.2389794685990339,0,0,0,0,0,0,0,1,10,5,1,0,,0.0,0.006651892468720075,0.006651892468720075
X000092635,2026-01-07 05:44:00,C000776,A0000776,M00693,T01048,South,South,116.55,USD,card_present,magstripe,approved,APPROVE,87.14,1.3375028689465227,0,0,0,0,1,0,0,2,30,9,1,18,terminal_customer_network_burst,0.18,0.02810749608458208,0.18
X000039670,2026-01-07 05:44:04,C000337,A0000337,M00411,T00744,West,West,26.91,USD,card_present,wallet_biometric,approved,APPROVE,43.99,0.6117299386224142,0,0,0,0,0,0,0,2,17,5,2,0,,0.0,0.005715161923095564,0.005715161923095564
X000179286,2026-01-07 05:44:07,C001476,A0001476,M00450,T00640,Northeast,Northeast,289.35,USD,card_present,chip_pin,approved,APPROVE,246.77,1.1725493374397213,0,0,0,0,0,0,0,13,51,6,14,45,customer_velocity;high_customer_velocity,0.45,0.02155933620302106,0.45
X000206455,2026-01-07 05:44:07,C001686,A0001686,M00663,T00502,West,West,94.86,USD,ecommerce,3ds,approved,APPROVE,109.29,0.8679659621191326,0,0,0,1,0,0,0,0,32,5,6,0,,0.0,0.0048318492333198106,0.0048318492333198106
X000239244,2026-01-07 05:44:46,C001952,A0001952,M00304,T00684,Midwest,Midwest,159.34,USD,mobile_wallet,3ds,approved,APPROVE,96.54,1.6505075616324838,0,0,0,0,0,1,0,0,28,10,5,18,terminal_customer_network_burst,0.18,0.017404080870759762,0.18
X000124343,2026-01-07 05:45:03,C001029,A0001029,M00786,T00092,Northeast,Northeast,111.08,USD,card_present,3ds,approved,APPROVE,24.49,4.535728868926093,0,0,0,0,0,0,0,4,26,7,6,30,amount_vs_profile,0.3,0.03959915644447946,0.3
X000155311,2026-01-07 05:45:06,C001280,A0001280,M00619,T00624,West,West,99.7,USD,card_present,magstripe,approved,APPROVE,118.5,0.8413502109704641,0,0,0,0,1,0,0,2,12,4,6,0,,0.0,0.010459048843438084,0.010459048843438084
X000181052,2026-01-07 05:46:04,C001489,A0001489,M00603,T01192,Midwest,Midwest,79.93,USD,card_present,chip_pin,approved,APPROVE,25.75,3.104077669902913,0,0,0,0,0,0,0,0,16,6,1,30,amount_vs_profile,0.3,0.014376165304010459,0.3
X000101091,2026-01-07 05:47:09,C000851,A0000851,M00524,T00477,West,West,796.51,USD,card_present,chip_pin,approved,APPROVE,554.65,1.4360587758045615,0,0,0,0,0,0,0,4,12,4,5,0,,0.0,0.008038078162099694,0.008038078162099694
X000103309,2026-01-07 05:47:10,C000869,A0000869,M00508,T01195,Northeast,Northeast,28.52,USD,card_present,3ds,approved,APPROVE,50.98,0.5594350725774814,0,0,0,0,0,0,0,1,15,5,1,0,,0.0,0.005112595518791569,0.005112595518791569
X000180671,2026-01-07 05:47:33,C001484,A0001484,M00604,T01134,Northeast,Northeast,27.81,USD,card_present,chip_pin,approved,APPROVE,62.68,0.4436821952776005,0,0,0,0,0,0,0,2,50,11,6,18,terminal_customer_network_burst,0.18,0.01036662287753864,0.18
X000186211,2026-01-07 05:47:40,C001531,A0001531,M00191,T00441,Midwest,Midwest,21.85,USD,card_present,chip_pin,approved,APPROVE,28.07,0.7784111150694693,0,0,0,0,0,0,0,3,33,9,3,18,terminal_customer_network_burst,0.18,0.011116016786592471,0.18
X000033023,2026-01-07 05:47:57,C000280,A0000280,M00034,T00307,Northeast,Northeast,399.41,USD,card_present,chip_pin,approved,APPROVE,208.38,1.9167386505422788,0,0,0,0,0,0,0,4,34,9,4,18,terminal_customer_network_burst,0.18,0.019170698522600248,0.18
X000192826,2026-01-07 05:48:13,C001584,A0001584,M00675,T00110,Midwest,Midwest,244.87,USD,card_present,chip_pin,approved,APPROVE,230.45,1.0625732262963767,0,0,0,0,0,0,0,3,26,8,9,18,terminal_customer_network_burst,0.18,0.008975462334612454,0.18
X000131622,2026-01-07 05:48:35,C001083,A0001083,M00484,T00479,South,South,47.0,USD,ecommerce,chip_pin,approved,APPROVE,34.04,1.3807285546415982,0,0,0,1,0,0,0,3,37,10,7,18,terminal_customer_network_burst,0.18,0.014935218074490752,0.18
X000132364,2026-01-07 05:48:54,C001091,A0001091,M00022,T00830,South,South,12.95,USD,card_present,chip_pin,soft_decline,CHALLENGE,24.03,0.538909696213067,0,0,1,0,0,0,0,3,40,8,5,26,terminal_customer_network_burst;authentication_soft_decline,0.26,0.03942850124424967,0.26
X000054948,2026-01-07 05:49:29,C000465,A0000465,M00392,T00760,Midwest,Midwest,41.81,USD,ecommerce,chip_pin,approved,APPROVE,44.58,0.9378645132346345,0,0,0,1,0,0,0,1,9,5,0,15,new_customer_terminal_pair,0.15,0.006398002154217608,0.15
X000178801,2026-01-07 05:49:45,C001473,A0001473,M00767,T00313,South,South,44.51,USD,card_present,3ds,approved,APPROVE,57.26,0.7773314704855047,0,0,0,0,0,0,0,6,25,9,9,43,customer_velocity;terminal_customer_network_burst,0.43,0.01273760319126056,0.43
X000231904,2026-01-07 05:49:53,C001892,A0001892,M00414,T00189,Midwest,Midwest,75.17,USD,card_present,chip_pin,approved,APPROVE,75.65,0.993654990085922,0,0,0,0,0,0,0,3,44,10,3,18,terminal_customer_network_burst,0.18,0.014023546420755501,0.18
X000126024,2026-01-07 05:50:30,C001039,A0001039,M00168,T00944,Northeast,Northeast,388.1,USD,card_present,wallet_biometric,approved,APPROVE,168.88,2.298081477972525,0,0,0,0,0,0,0,10,36,9,8,63,customer_velocity;high_customer_velocity;terminal_customer_network_burst,0.63,0.03931466695374274,0.63
X000208836,2026-01-07 05:50:32,C001704,A0001704,M00737,T00466,Midwest,Midwest,53.13,USD,ecommerce,3ds,approved,APPROVE,82.48,0.6441561590688651,0,0,0,1,0,0,0,0,25,8,4,18,terminal_customer_network_burst,0.18,0.006591931607911042,0.18
X000101992,2026-01-07 05:51:46,C000859,A0000859,M00052,T00013,South,South,719.81,USD,ecommerce,chip_pin,approved,APPROVE,276.18,2.6063074806285753,0,0,0,1,0,0,0,9,33,10,12,43,customer_velocity;terminal_customer_network_burst,0.43,0.04096968242093163,0.43
X000083053,2026-01-07 05:51:51,C000695,A0000695,M00679,T00947,Northeast,Northeast,50.01,USD,card_present,3ds,approved,APPROVE,56.36,0.8873314407381121,0,0,0,0,0,0,0,1,14,3,6,0,,0.0,0.0039109787771329126,0.0039109787771329126
X000109870,2026-01-07 05:51:59,C000918,A0000918,M00761,T00945,South,South,25.29,USD,card_present,chip_pin,approved,APPROVE,48.21,0.5245799626633478,0,0,0,0,0,0,0,2,30,6,5,0,,0.0,0.005826107013225228,0.005826107013225228
X000055591,2026-01-07 05:52:24,C000471,A0000471,M00158,T01121,South,Midwest,48.27,USD,card_present,3ds,approved,APPROVE,136.92,0.35254163014899215,0,0,0,0,0,0,1,6,4,2,0,52,customer_velocity;new_customer_terminal_pair;home_region_mismatch,0.52,0.061087917606794474,0.52
X000176471,2026-01-07 05:52:35,C001455,A0001455,M00433,T00174,Midwest,Midwest,28.25,USD,ecommerce,chip_pin,approved,APPROVE,52.23,0.5408768906758569,0,0,0,1,0,0,0,3,35,9,5,18,terminal_customer_network_burst,0.18,0.010038823448931186,0.18
X000192617,2026-01-07 05:52:39,C001582,A0001582,M00737,T00804,Midwest,Midwest,30.88,USD,ecommerce,chip_pin,approved,APPROVE,32.55,0.948694316436252,0,0,0,1,0,0,0,1,29,6,3,0,,0.0,0.006909606831306644,0.006909606831306644
X000184878,2026-01-07 05:53:03,C001523,A0001523,M00195,T00595,South,South,205.61,USD,card_present,chip_pin,approved,APPROVE,127.72,1.6098496711556531,0,0,0,0,0,0,0,3,34,9,7,18,terminal_customer_network_burst,0.18,0.0137078174734092,0.18
X000146184,2026-01-07 05:53:11,C001206,A0001206,M00298,T00941,Northeast,Northeast,69.38,USD,card_present,chip_pin,approved,APPROVE,56.59,1.2260116628379572,0,0,0,0,0,0,0,3,18,7,6,0,,0.0,0.009198218140424033,0.009198218140424033
X000042136,2026-01-07 05:53:18,C000357,A0000357,M00691,T00343,Northeast,Northeast,27.82,USD,card_present,3ds,approved,APPROVE,60.26,0.46166611350813147,0,0,0,0,0,0,0,0,12,4,1,0,,0.0,0.0038509367652036484,0.0038509367652036484
X000109344,2026-01-07 05:53:51,C000915,A0000915,M00012,T00789,Northeast,West,108.78,USD,card_present,chip_pin,approved,APPROVE,81.31,1.337842823760915,0,0,0,0,0,0,1,6,10,3,0,52,customer_velocity;new_customer_terminal_pair;home_region_mismatch,0.52,0.10016543584234013,0.52
X000242283,2026-01-07 05:53:55,C001979,A0001979,M00042,T00546,Northeast,Northeast,36.53,USD,mobile_wallet,3ds,approved,APPROVE,82.21,0.44434983578640075,0,0,0,0,0,1,0,2,27,7,5,0,,0.0,0.00947365436160006,0.00947365436160006
X000012506,2026-01-07 05:54:55,C000109,A0000109,M00701,T00494,West,West,85.62,USD,ecommerce,chip_pin,approved,APPROVE,95.02,0.9010734582193224,0,0,0,1,0,0,0,3,6,4,1,0,,0.0,0.00680293012609344,0.00680293012609344
X000080012,2026-01-07 05:54:57,C000674,A0000674,M00341,T00572,Midwest,Midwest,369.77,USD,card_present,magstripe,approved,APPROVE,400.29,0.9237552774238676,0,0,0,0,1,0,0,7,24,7,5,25,customer_velocity,0.25,0.029151175867463103,0.25
X000123974,2026-01-07 05:55:31,C001026,A0001026,M00376,T00266,South,South,190.99,USD,ecommerce,wallet_biometric,approved,APPROVE,125.32,1.5240185126077244,0,0,0,1,0,0,0,5,20,5,8,25,customer_velocity,0.25,0.010296661997416098,0.25
X000204798,2026-01-07 05:55:47,C001672,A0001672,M00069,T00652,West,West,177.34,USD,ecommerce,chip_pin,approved,APPROVE,89.42,1.9832252292552002,0,0,0,1,0,0,0,3,20,4,2,0,,0.0,0.010583630125375536,0.010583630125375536
X000245080,2026-01-07 05:55:56,C001997,A0001997,M00580,T00415,South,South,268.27,USD,mobile_wallet,chip_pin,approved,APPROVE,191.59,1.4002296570802233,0,0,0,0,0,1,0,7,53,13,6,43,customer_velocity;terminal_customer_network_burst,0.43,0.051135808640325665,0.43
X000106557,2026-01-07 05:56:16,C000894,A0000894,M00423,T00106,South,South,258.05,USD,ecommerce,chip_pin,approved,APPROVE,442.56,0.5830847794649313,0,0,0,1,0,0,0,1,25,8,8,18,terminal_customer_network_burst,0.18,0.00635382627952251,0.18
X000177204,2026-01-07 05:56:26,C001460,A0001460,M00023,T00720,Midwest,Midwest,156.34,USD,ecommerce,magstripe,approved,APPROVE,140.53,1.112502668469366,0,0,0,1,1,0,0,4,44,9,7,18,terminal_customer_network_burst,0.18,0.029193336454346883,0.18
X000166438,2026-01-07 05:56:57,C001374,A0001374,M00127,T00810,South,South,83.92,USD,card_present,3ds,approved,APPROVE,43.9,1.911617312072893,0,0,0,0,0,0,0,0,15,5,1,0,,0.0,0.007872648191222855,0.007872648191222855
X000172398,2026-01-07 05:57:18,C001422,A0001422,M00353,T00378,Midwest,Midwest,85.95,USD,mobile_wallet,chip_pin,approved,APPROVE,41.11,2.0907321819508637,0,0,0,0,0,1,0,0,35,5,4,0,,0.0,0.012154878172196903,0.012154878172196903
X000209159,2026-01-07 05:57:24,C001707,A0001707,M00754,T00696,West,West,97.2,USD,card_present,3ds,approved,APPROVE,52.95,1.8356940509915014,0,0,0,0,0,0,0,2,23,8,2,18,terminal_customer_network_burst,0.18,0.013566909971173487,0.18
X000131091,2026-01-07 05:58:13,C001079,A0001079,M00181,T01063,South,South,20.11,USD,mobile_wallet,chip_pin,approved,APPROVE,31.71,0.6341847997477136,0,0,0,0,0,1,0,2,31,7,7,0,,0.0,0.009690447742520154,0.009690447742520154
X000015907,2026-01-07 06:00:01,C000135,A0000135,M00490,T00340,South,South,66.51,USD,ecommerce,magstripe,approved,APPROVE,91.86,0.724036577400392,0,0,0,1,1,0,0,5,19,5,8,25,customer_velocity,0.25,0.01602000566085818,0.25
X000094222,2026-01-07 06:00:12,C000789,A0000789,M00459,T00204,Northeast,Northeast,57.96,USD,card_present,3ds,approved,APPROVE,111.23,0.5210824417872876,0,0,0,0,0,0,0,7,46,8,16,43,customer_velocity;terminal_customer_network_burst,0.43,0.009665695303562559,0.43
X000050738,2026-01-07 06:00:42,C000426,A0000426,M00762,T00158,Northeast,Northeast,79.15,USD,card_present,chip_pin,approved,APPROVE,59.64,1.3271294433266265,0,0,0,0,0,0,0,1,6,2,2,0,,0.0,0.004633168188469411,0.004633168188469411
X000084378,2026-01-07 06:00:50,C000707,A0000707,M00240,T00605,Midwest,Midwest,20.03,USD,card_present,wallet_biometric,approved,APPROVE,28.18,0.7107877927608234,0,0,0,0,0,0,0,0,40,8,2,18,terminal_customer_network_burst,0.18,0.007116337554308326,0.18
X000007198,2026-01-07 06:01:55,C000067,A0000067,M00788,T00018,South,South,30.18,USD,card_present,wallet_biometric,approved,APPROVE,43.8,0.689041095890411,0,0,0,0,0,0,0,3,44,11,5,18,terminal_customer_network_burst,0.18,0.013080744573729703,0.18
X000209160,2026-01-07 06:02:24,C001707,A0001707,M00497,T00121,West,West,45.89,USD,ecommerce,chip_pin,approved,APPROVE,52.95,0.8666666666666666,0,0,0,1,0,0,0,3,17,6,1,0,,0.0,0.008737713368502601,0.008737713368502601
X000208988,2026-01-07 06:03:02,C001705,A0001705,M00733,T00848,Northeast,Northeast,56.6,USD,ecommerce,chip_pin,approved,APPROVE,62.52,0.9053103007037747,0,0,0,1,0,0,0,3,23,8,8,18,terminal_customer_network_burst,0.18,0.009104830488638332,0.18
X000104216,2026-01-07 06:03:46,C000878,A0000878,M00394,T00597,South,South,187.93,USD,mobile_wallet,3ds,approved,APPROVE,146.02,1.2870154773318723,0,0,0,0,0,1,0,3,27,5,0,15,new_customer_terminal_pair,0.15,0.013888584399527195,0.15
X000064937,2026-01-07 06:04:19,C000551,A0000551,M00299,T00384,Northeast,Northeast,184.14,USD,ecommerce,3ds,approved,APPROVE,293.22,0.6279926335174952,0,0,0,1,0,0,0,0,19,7,6,0,,0.0,0.005370835232903619,0.005370835232903619
X000149112,2026-01-07 06:04:24,C001228,A0001228,M00365,T01114,South,South,116.22,USD,card_present,chip_pin,approved,APPROVE,55.14,2.1077257889009795,0,0,0,0,0,0,0,3,13,5,2,0,,0.0,0.011658708309511144,0.011658708309511144
X000197986,2026-01-07 06:04:42,C001624,A0001624,M00433,T00174,Midwest,Midwest,117.44,USD,card_present,chip_pin,approved,APPROVE,43.84,2.678832116788321,0,0,0,0,0,0,0,1,36,9,0,33,new_customer_terminal_pair;terminal_customer_network_burst,0.33,0.020991454028598866,0.33
X000023422,2026-01-07 06:05:49,C000200,A0000200,M00531,T00724,Midwest,Midwest,49.19,USD,ecommerce,wallet_biometric,approved,APPROVE,41.87,1.1748268449964174,0,0,0,1,0,0,0,1,13,5,5,0,,0.0,0.006054875976605116,0.006054875976605116
X000006030,2026-01-07 06:06:11,C000056,A0000056,M00074,T00967,South,South,149.0,USD,card_present,chip_pin,approved,APPROVE,99.33,1.5000503372596397,0,0,0,0,0,0,0,2,46,9,8,18,terminal_customer_network_burst,0.18,0.011653742330216132,0.18
X000015084,2026-01-07 06:06:11,C000128,A0000128,M00264,T01070,South,Midwest,85.9,USD,ecommerce,magstripe,approved,APPROVE,50.82,1.690279417552145,0,0,0,1,1,0,1,1,14,4,0,27,new_customer_terminal_pair;home_region_mismatch,0.27,0.1569630853718104,0.27
X000150280,2026-01-07 06:06:12,C001237,A0001237,M00365,T01114,South,South,17.32,USD,card_present,wallet_biometric,approved,APPROVE,35.77,0.4842046407604137,0,0,0,0,0,0,0,1,14,5,2,0,,0.0,0.0047883748680312465,0.0047883748680312465
X000111465,2026-01-07 06:06:22,C000931,A0000931,M00676,T00051,Midwest,Midwest,217.09,USD,ecommerce,chip_pin,approved,APPROVE,116.51,1.8632735387520385,0,0,0,1,0,0,0,1,52,11,11,18,terminal_customer_network_burst,0.18,0.014770155696342381,0.18
X000213366,2026-01-07 06:06:42,C001742,A0001742,M00086,T00198,Midwest,Midwest,38.0,USD,card_present,chip_pin,approved,APPROVE,28.4,1.3380281690140845,0,0,0,0,0,0,0,5,21,6,2,25,customer_velocity,0.25,0.012384750510176625,0.25
X000047865,2026-01-07 06:07:06,C000404,A0000404,M00513,T00695,Midwest,Midwest,158.79,USD,ecommerce,3ds,approved,APPROVE,227.96,0.6965695736094051,0,0,0,1,0,0,0,13,23,5,10,45,customer_velocity;high_customer_velocity,0.45,0.017690869005249063,0.45
X000107037,2026-01-07 06:07:13,C000897,A0000897,M00789,T00886,Midwest,Midwest,21.8,USD,mobile_wallet,wallet_biometric,approved,APPROVE,33.2,0.6566265060240963,0,0,0,0,0,1,0,0,8,3,6,0,,0.0,0.004695704128069384,0.004695704128069384
X000067796,2026-01-07 06:09:40,C000575,A0000575,M00610,T00260,Midwest,Midwest,102.74,USD,card_present,chip_pin,approved,APPROVE,61.13,1.6806805169311303,0,0,0,0,0,0,0,2,9,3,1,0,,0.0,0.007046298872247124,0.007046298872247124
X000160441,2026-01-07 06:09:48,C001325,A0001325,M00733,T00848,Northeast,Northeast,64.58,USD,mobile_wallet,chip_pin,approved,APPROVE,53.67,1.203279299422396,0,0,0,0,0,1,0,2,24,8,1,18,terminal_customer_network_burst,0.18,0.0163291763473384,0.18
X000190036,2026-01-07 06:09:49,C001562,A0001562,M00700,T00679,Northeast,Northeast,160.2,USD,ecommerce,chip_pin,approved,APPROVE,160.81,0.9962067035632112,0,0,0,1,0,0,0,2,23,8,5,18,terminal_customer_network_burst,0.18,0.009256668992995007,0.18
X000056179,2026-01-07 06:12:30,C000475,A0000475,M00679,T00947,Northeast,Northeast,156.71,USD,card_present,chip_pin,approved,APPROVE,177.62,0.8822767706339376,0,0,0,0,0,0,0,2,15,3,7,0,,0.0,0.00426074525918657,0.00426074525918657
X000203854,2026-01-07 06:14:00,C001667,A0001667,M00645,T00905,South,South,302.18,USD,card_present,3ds,approved,APPROVE,187.97,1.6075969569612172,0,0,0,0,0,0,0,6,52,15,12,43,customer_velocity;terminal_customer_network_burst,0.43,0.03471363081752179,0.43
X000231396,2026-01-07 06:14:44,C001889,A0001889,M00487,T00270,South,South,110.58,USD,card_present,chip_pin,approved,APPROVE,324.26,0.34102263615617096,0,0,0,0,0,0,0,2,28,10,8,18,terminal_customer_network_burst,0.18,0.007833505039110587,0.18
X000043044,2026-01-07 06:15:24,C000364,A0000364,M00495,T00738,Midwest,Midwest,41.83,USD,ecommerce,3ds,approved,APPROVE,55.3,0.7564195298372514,0,0,0,1,0,0,0,1,31,7,4,0,,0.0,0.006999616356030394,0.006999616356030394
X000043975,2026-01-07 06:15:40,C000374,A0000374,M00767,T00890,South,South,293.19,USD,card_present,chip_pin,approved,APPROVE,251.37,1.1663683017066475,0,0,0,0,0,0,0,1,43,7,9,0,,0.0,0.006875243032347385,0.006875243032347385
X000137488,2026-01-07 06:16:15,C001130,A0001130,M00168,T00944,Northeast,Northeast,40.28,USD,ecommerce,3ds,approved,APPROVE,59.28,0.6794871794871795,0,0,0,1,0,0,0,0,37,9,2,18,terminal_customer_network_burst,0.18,0.008277661669139917,0.18
X000239245,2026-01-07 06:16:16,C001952,A0001952,M00615,T00560,Midwest,Midwest,52.9,USD,card_present,chip_pin,approved,APPROVE,96.54,0.5479593950694013,0,0,0,0,0,0,0,1,29,9,7,18,terminal_customer_network_burst,0.18,0.0069724447965849815,0.18
X000029113,2026-01-07 06:16:18,C000251,A0000251,M00712,T00064,South,South,52.79,USD,card_present,chip_pin,approved,APPROVE,44.67,1.1817774792925901,0,0,0,0,0,0,0,1,42,14,4,18,terminal_customer_network_burst,0.18,0.01845245851998538,0.18
X000179170,2026-01-07 06:16:20,C001475,A0001475,M00442,T00713,West,West,158.62,USD,card_present,wallet_biometric,approved,APPROVE,88.78,1.7866636629871593,0,0,0,0,0,0,0,1,18,6,2,0,,0.0,0.009236415249881546,0.009236415249881546
X000077509,2026-01-07 06:16:21,C000653,A0000653,M00647,T00957,West,West,142.04,USD,card_present,chip_pin,approved,APPROVE,208.69,0.6806267669749388,0,0,0,0,0,0,0,6,3,1,3,25,customer_velocity,0.25,0.005469019470746871,0.25
X000071705,2026-01-07 06:16:35,C000609,A0000609,M00298,T00088,Northeast,Northeast,231.6,USD,ecommerce,chip_pin,approved,APPROVE,131.74,1.7580081979656899,0,0,0,1,0,0,0,5,32,6,6,25,customer_velocity,0.25,0.013994405428461101,0.25
X000006031,2026-01-07 06:17:03,C000056,A0000056,M00484,T00728,South,South,60.75,USD,ecommerce,chip_pin,approved,APPROVE,99.33,0.6115977046209604,0,0,0,1,0,0,0,3,43,11,7,18,terminal_customer_network_burst,0.18,0.012508035555462135,0.18
X000119984,2026-01-07 06:17:04,C000997,A0000997,M00445,T00021,Northeast,Northeast,53.77,USD,mobile_wallet,wallet_biometric,approved,APPROVE,51.04,1.053487460815047,0,0,0,0,0,1,0,3,36,8,14,18,terminal_customer_network_burst,0.18,0.011735410485957408,0.18
X000243338,2026-01-07 06:17:04,C001986,A0001986,M00409,T00971,Northeast,Northeast,89.76,USD,ecommerce,3ds,approved,APPROVE,74.42,1.2061273851115293,0,0,0,1,0,0,0,3,21,5,4,0,,0.0,0.0081720768845568,0.0081720768845568
X000218043,2026-01-07 06:17:09,C001781,A0001781,M00695,T00010,Midwest,Midwest,100.78,USD,card_present,chip_pin,approved,APPROVE,63.39,1.589840668875217,0,0,0,0,0,0,0,6,14,5,4,25,customer_velocity,0.25,0.012617210631077834,0.25
X000199624,2026-01-07 06:17:56,C001637,A0001637,M00398,T00528,South,South,157.08,USD,card_present,3ds,approved,APPROVE,150.55,1.0433742942544004,0,0,0,0,0,0,0,4,27,7,4,0,,0.0,0.010479139083015697,0.010479139083015697
X000219500,2026-01-07 06:18:09,C001793,A0001793,M00305,T00827,Northeast,Northeast,35.67,USD,ecommerce,chip_pin,approved,APPROVE,36.29,0.9829154036924773,0,0,0,1,0,0,0,1,22,8,4,18,terminal_customer_network_burst,0.18,0.00843734280118148,0.18
X000158950,2026-01-07 06:18:39,C001308,A0001308,M00295,T00163,South,South,66.95,USD,card_present,wallet_biometric,approved,APPROVE,55.99,1.1957492409358814,0,0,0,0,0,0,0,2,57,12,3,18,terminal_customer_network_burst,0.18,0.017690653427798013,0.18
X000072494,2026-01-07 06:18:48,C000613,A0000613,M00679,T00947,Northeast,Northeast,14.73,USD,ecommerce,chip_pin,approved,APPROVE,35.98,0.40939410783768765,0,0,0,1,0,0,0,0,16,3,0,15,new_customer_terminal_pair,0.15,0.003687458794384166,0.15
X000002924,2026-01-07 06:18:58,C000028,A0000028,M00675,T00836,Midwest,Midwest,190.3,USD,card_present,3ds,approved,APPROVE,126.86,1.5000788270534449,0,0,0,0,0,0,0,6,12,3,5,25,customer_velocity,0.25,0.009264456247633035,0.25
X000047138,2026-01-07 06:19:13,C000397,A0000397,M00345,T01138,South,South,61.42,USD,card_present,chip_pin,approved,APPROVE,74.7,0.8222222222222222,0,0,0,0,0,0,0,4,32,9,5,18,terminal_customer_network_burst,0.18,0.011892279926070047,0.18
X000119050,2026-01-07 06:19:37,C000986,A0000986,M00544,T00081,South,South,66.09,USD,card_present,chip_pin,approved,APPROVE,68.2,0.9690615835777127,0,0,0,0,0,0,0,2,22,7,3,0,,0.0,0.00820632225681928,0.00820632225681928
X000115942,2026-01-07 06:20:00,C000963,A0000963,M00616,T01010,West,West,73.93,USD,card_present,wallet_biometric,approved,APPROVE,67.46,1.0959086866291137,0,0,0,0,0,0,0,4,9,4,3,0,,0.0,0.007412303051411517,0.007412303051411517
X000149353,2026-01-07 06:20:08,C001229,A0001229,M00111,T01015,Midwest,Midwest,40.11,USD,card_present,3ds,approved,APPROVE,28.61,1.4019573575672841,0,0,0,0,0,0,0,0,32,9,2,18,terminal_customer_network_burst,0.18,0.010379182055928853,0.18
X000144464,2026-01-07 06:20:19,C001190,A0001190,M00282,T01071,South,South,265.08,USD,mobile_wallet,3ds,approved,APPROVE,253.9,1.0440330838912957,0,0,0,0,0,1,0,2,11,4,4,0,,0.0,0.008406212539319854,0.008406212539319854
X000007969,2026-01-07 06:20:26,C000073,A0000073,M00069,T00652,West,West,171.54,USD,ecommerce,chip_pin,approved,APPROVE,150.97,1.1362522355434854,0,0,0,1,0,0,0,3,21,4,6,0,,0.0,0.006617657760287366,0.006617657760287366
X000039743,2026-01-07 06:20:30,C000338,A0000338,M00637,T00508,Northeast,Northeast,43.41,USD,ecommerce,chip_pin,approved,APPROVE,96.33,0.4506384303955154,0,0,0,1,0,0,0,2,13,2,6,0,,0.0,0.0034426107487038693,0.0034426107487038693
X000138548,2026-01-07 06:20:39,C001141,A0001141,M00345,T00208,South,South,36.99,USD,card_present,3ds,approved,APPROVE,44.06,0.8395369950068089,0,0,0,0,0,0,0,3,36,10,1,18,terminal_customer_network_burst,0.18,0.013768979144860414,0.18
X000018162,2026-01-07 06:21:10,C000155,A0000155,M00005,T01091,South,South,53.77,USD,card_present,chip_pin,approved,APPROVE,79.53,0.6760970702879416,0,0,0,0,0,0,0,1,26,10,4,18,terminal_customer_network_burst,0.18,0.009034205032431184,0.18
X000232144,2026-01-07 06:21:16,C001894,A0001894,M00393,T00239,Northeast,Northeast,822.45,USD,card_present,chip_pin,approved,APPROVE,590.99,1.391647912824244,0,0,0,0,0,0,0,9,36,9,10,43,customer_velocity;terminal_customer_network_burst,0.43,0.02298945902434693,0.43
X000180829,2026-01-07 06:21:27,C001486,A0001486,M00077,T00723,South,South,30.24,USD,card_present,3ds,approved,APPROVE,28.31,1.0681737901801482,0,0,0,0,0,0,0,1,53,14,0,33,new_customer_terminal_pair;terminal_customer_network_burst,0.33,0.020595702747788047,0.33
X000126860,2026-01-07 06:21:29,C001045,A0001045,M00394,T00922,South,South,37.25,USD,mobile_wallet,wallet_biometric,approved,APPROVE,24.63,1.5123832724319937,0,0,0,0,0,1,0,1,45,11,3,18,terminal_customer_network_burst,0.18,0.02311177401339524,0.18
X000027121,2026-01-07 06:21:45,C000234,A0000234,M00442,T00713,West,West,81.29,USD,card_present,wallet_biometric,approved,APPROVE,126.7,0.6415943172849251,0,0,0,0,0,0,0,2,19,6,5,0,,0.0,0.005939633928741869,0.005939633928741869
X000190037,2026-01-07 06:22:06,C001562,A0001562,M00567,T01019,Northeast,Northeast,195.71,USD,card_present,wallet_biometric,approved,APPROVE,160.81,1.2170263043343077,0,0,0,0,0,0,0,3,40,9,13,18,terminal_customer_network_burst,0.18,0.009794099736753076,0.18
X000235551,2026-01-07 06:22:43,C001920,A0001920,M00504,T00422,Northeast,Northeast,144.39,USD,ecommerce,wallet_biometric,approved,APPROVE,117.86,1.22509757339216,0,0,0,1,0,0,0,3,42,9,7,18,terminal_customer_network_burst,0.18,0.012634383262271951,0.18
X000207359,2026-01-07 06:23:23,C001692,A0001692,M00679,T00587,Northeast,Northeast,63.01,USD,card_present,3ds,approved,APPROVE,67.58,0.9323764427345368,0,0,0,0,0,0,0,3,34,9,3,18,terminal_customer_network_burst,0.18,0.011859440457228832,0.18
X000129735,2026-01-07 06:23:28,C001067,A0001067,M00414,T00189,Midwest,Midwest,172.35,USD,card_present,chip_pin,approved,APPROVE,153.89,1.119955812593411,0,0,0,0,0,0,0,2,45,10,7,18,terminal_customer_network_burst,0.18,0.011580182116371759,0.18
X000172399,2026-01-07 06:23:29,C001422,A0001422,M00353,T00378,Midwest,Midwest,42.46,USD,card_present,magstripe,approved,APPROVE,41.11,1.0328387253709561,0,0,0,0,1,0,0,1,36,5,5,0,,0.0,0.012417969032772149,0.012417969032772149
X000123752,2026-01-07 06:24:05,C001024,A0001024,M00239,T00791,South,South,41.36,USD,ecommerce,chip_pin,approved,APPROVE,26.09,1.5852817171330011,0,0,0,1,0,0,0,0,21,7,2,0,,0.0,0.009058058950811887,0.009058058950811887
X000197252,2026-01-07 06:24:37,C001620,A0001620,M00372,T00095,South,South,48.08,USD,card_present,3ds,approved,APPROVE,46.96,1.0238500851788757,0,0,0,0,0,0,0,1,39,9,3,18,terminal_customer_network_burst,0.18,0.009868931561890906,0.18
X000024913,2026-01-07 06:24:39,C000211,A0000211,M00431,T00885,West,West,38.51,USD,card_present,3ds,approved,APPROVE,59.08,0.6518280297901151,0,0,0,0,0,0,0,0,3,3,1,0,,0.0,0.003611296585168762,0.003611296585168762
X000015261,2026-01-07 06:24:54,C000130,A0000130,M00480,T00012,West,West,15.82,USD,mobile_wallet,wallet_biometric,approved,APPROVE,22.53,0.7021748779405237,0,0,0,0,0,1,0,1,21,5,4,0,,0.0,0.007515340908245973,0.007515340908245973
X000187704,2026-01-07 06:25:00,C001543,A0001543,M00211,T01068,Midwest,Midwest,130.86,USD,ecommerce,chip_pin,approved,APPROVE,217.69,0.6011300473149893,0,0,0,1,0,0,0,6,31,4,14,25,customer_velocity,0.25,0.005997847062383714,0.25
X000014421,2026-01-07 06:25:03,C000123,A0000123,M00556,T00589,South,South,88.77,USD,card_present,chip_pin,approved,APPROVE,125.44,0.7076690051020408,0,0,0,0,0,0,0,7,48,11,9,43,customer_velocity;terminal_customer_network_burst,0.43,0.01864155764708758,0.43
X000174789,2026-01-07 06:25:04,C001440,A0001440,M00503,T00131,West,West,89.52,USD,ecommerce,3ds,approved,APPROVE,39.9,2.243609022556391,0,0,0,1,0,0,0,0,22,9,3,18,terminal_customer_network_burst,0.18,0.014513520227621587,0.18
X000140163,2026-01-07 06:25:05,C001155,A0001155,M00147,T00338,South,South,85.53,USD,card_present,magstripe,approved,APPROVE,293.03,0.2918813773333789,0,0,0,0,1,0,0,6,47,8,11,43,customer_velocity;terminal_customer_network_burst,0.43,0.01986622566908399,0.43
X000094223,2026-01-07 06:25:28,C000789,A0000789,M00445,T00086,Northeast,Northeast,21.35,USD,ecommerce,3ds,approved,APPROVE,111.23,0.1919446192573946,0,0,0,1,0,0,0,8,41,8,13,43,customer_velocity;terminal_customer_network_burst,0.43,0.0109073837699486,0.43
X000136697,2026-01-07 06:26:40,C001125,A0001125,M00223,T00651,South,South,92.3,USD,card_present,3ds,approved,APPROVE,91.91,1.0042432814710043,0,0,0,0,0,0,0,2,33,9,3,18,terminal_customer_network_burst,0.18,0.01083657584611122,0.18
X000116384,2026-01-07 06:26:47,C000966,A0000966,M00262,T01103,South,South,64.49,USD,mobile_wallet,chip_pin,approved,APPROVE,110.51,0.5835670980001809,0,0,0,0,0,1,0,3,22,3,12,0,,0.0,0.005534508407058098,0.005534508407058098
X000148196,2026-01-07 06:27:21,C001224,A0001224,M00276,T00213,Northeast,Northeast,291.3,USD,card_present,chip_pin,approved,APPROVE,153.7,1.8952504879635657,0,0,0,0,0,0,0,1,25,5,11,0,,0.0,0.006531671466215215,0.006531671466215215
X000158194,2026-01-07 06:27:21,C001301,A0001301,M00262,T01103,South,South,126.78,USD,ecommerce,chip_pin,approved,APPROVE,38.75,3.271741935483871,0,0,0,1,0,0,0,3,23,3,3,30,amount_vs_profile,0.3,0.015442469910614284,0.3
X000128152,2026-01-07 06:27:29,C001055,A0001055,M00608,T00219,South,South,308.74,USD,card_present,3ds,approved,APPROVE,152.46,2.0250557523284796,0,0,0,0,0,0,0,2,57,15,4,18,terminal_customer_network_burst,0.18,0.033774439829103386,0.18
X000072987,2026-01-07 06:27:47,C000617,A0000617,M00393,T00239,Northeast,Northeast,23.83,USD,ecommerce,3ds,approved,APPROVE,36.33,0.6559317368565923,0,0,0,1,0,0,0,0,37,9,1,18,terminal_customer_network_burst,0.18,0.008467767712583183,0.18
X000146185,2026-01-07 06:28:26,C001206,A0001206,M00298,T00941,Northeast,Northeast,88.95,USD,card_present,chip_pin,approved,APPROVE,56.59,1.5718324792366143,0,0,0,0,0,0,0,4,19,7,7,0,,0.0,0.011542209779439061,0.011542209779439061
X000229094,2026-01-07 06:28:53,C001866,A0001866,M00296,T00252,South,South,53.5,USD,ecommerce,chip_pin,approved,APPROVE,38.71,1.3820718160681995,0,0,0,1,0,0,0,2,32,9,4,18,terminal_customer_network_burst,0.18,0.012859321390871323,0.18
X000034293,2026-01-07 06:28:56,C000291,A0000291,M00282,T01071,South,South,187.66,USD,mobile_wallet,wallet_biometric,approved,APPROVE,109.29,1.7170829902095341,0,0,0,0,0,1,0,2,12,4,3,0,,0.0,0.01142747492771666,0.01142747492771666
X000206035,2026-01-07 06:28:56,C001681,A0001681,M00598,T00688,West,West,186.01,USD,mobile_wallet,chip_pin,approved,APPROVE,58.0,3.2070689655172413,0,0,0,0,0,1,0,2,18,7,3,30,amount_vs_profile,0.3,0.029912493777227853,0.3
X000048355,2026-01-07 06:29:49,C000406,A0000406,M00675,T00110,Midwest,Midwest,135.16,USD,card_present,3ds,approved,APPROVE,126.82,1.0657624980287022,0,0,0,0,0,0,0,3,27,8,7,18,terminal_customer_network_burst,0.18,0.009609803454751641,0.18
X000062000,2026-01-07 06:29:57,C000528,A0000528,M00703,T00135,Midwest,Midwest,30.54,USD,card_present,magstripe,approved,APPROVE,100.2,0.30479041916167665,0,0,0,0,1,0,0,3,41,8,8,18,terminal_customer_network_burst,0.18,0.01528685689753998,0.18
X000144644,2026-01-07 06:30:03,C001191,A0001191,M00400,T00241,West,West,12.3,USD,card_present,chip_pin,approved,APPROVE,15.18,0.8102766798418973,0,0,0,0,0,0,0,2,25,6,3,0,,0.0,0.006890514443720565,0.006890514443720565
X000097294,2026-01-07 06:30:06,C000815,A0000815,M00731,T00461,Northeast,Northeast,48.95,USD,card_present,chip_pin,approved,APPROVE,73.05,0.6700889801505818,0,0,0,0,0,0,0,1,12,3,3,0,,0.0,0.00392519485081575,0.00392519485081575
X000014034,2026-01-07 06:30:08,C000119,A0000119,M00183,T00617,South,South,51.93,USD,ecommerce,chip_pin,approved,APPROVE,73.13,0.7101052919458499,0,0,0,1,0,0,0,4,29,11,6,18,terminal_customer_network_burst,0.18,0.014569411255007044,0.18
X000026813,2026-01-07 06:30:38,C000231,A0000231,M00347,T00680,Midwest,Midwest,48.69,USD,card_present,3ds,approved,APPROVE,59.36,0.8202493261455526,0,0,0,0,0,0,0,4,11,3,4,0,,0.0,0.005731009322885991,0.005731009322885991
X000059756,2026-01-07 06:30:43,C000509,A0000509,M00011,T01040,West,West,193.68,USD,card_present,3ds,approved,APPROVE,61.15,3.167293540474244,0,0,0,0,0,0,0,2,12,4,5,30,amount_vs_profile,0.3,0.012815918098201996,0.3
X000018941,2026-01-07 06:30:49,C000163,A0000163,M00424,T01128,Midwest,Midwest,21.86,USD,ecommerce,chip_pin,approved,APPROVE,48.35,0.4521199586349534,0,0,0,1,0,0,0,2,11,4,4,0,,0.0,0.004634028698801793,0.004634028698801793
X000214279,2026-01-07 06:31:52,C001750,A0001750,M00608,T00027,Northeast,South,51.04,USD,card_present,3ds,approved,APPROVE,66.13,0.7718130954181158,0,0,0,0,0,0,1,1,39,12,0,45,new_customer_terminal_pair;terminal_customer_network_burst;home_region_mismatch,0.45,0.13339304859458026,0.45
X000102457,2026-01-07 06:32:02,C000862,A0000862,M00441,T01043,West,West,58.03,USD,ecommerce,3ds,approved,APPROVE,51.02,1.1373970991767934,0,0,0,1,0,0,0,4,29,6,3,0,,0.0,0.010594525239028527,0.010594525239028527
X000055443,2026-01-07 06:33:09,C000470,A0000470,M00489,T00616,Northeast,Northeast,95.5,USD,card_present,chip_pin,approved,APPROVE,81.02,1.178721303381881,0,0,0,0,0,0,0,2,11,3,3,0,,0.0,0.005414984875336363,0.005414984875336363
X000061377,2026-01-07 06:34:50,C000524,A0000524,M00342,T00563,Midwest,Midwest,30.58,USD,mobile_wallet,3ds,approved,APPROVE,48.13,0.6353625597340535,0,0,0,0,0,1,0,2,26,10,6,18,terminal_customer_network_burst,0.18,0.014064698651804217,0.18
X000182700,2026-01-07 06:34:59,C001503,A0001503,M00227,T00504,Midwest,Midwest,165.65,USD,mobile_wallet,chip_pin,approved,APPROVE,113.48,1.4597285865350722,0,0,0,0,0,1,0,5,47,10,5,43,customer_velocity;terminal_customer_network_burst,0.43,0.03011005518648152,0.43
X000002240,2026-01-07 06:35:08,C000021,A0000021,M00211,T01170,Midwest,Midwest,47.89,USD,mobile_wallet,3ds,approved,APPROVE,43.71,1.0956302905513613,0,0,0,0,0,1,0,2,32,6,2,0,,0.0,0.012223491071288804,0.012223491071288804
X000050432,2026-01-07 06:35:16,C000423,A0000423,M00249,T00554,South,South,44.38,USD,card_present,chip_pin,approved,APPROVE,41.14,1.0787554691298007,0,0,0,0,0,0,0,4,36,10,6,18,terminal_customer_network_burst,0.18,0.014509578742279134,0.18
X000004241,2026-01-07 06:36:43,C000038,A0000038,M00007,T00210,South,South,23.74,USD,card_present,chip_pin,approved,APPROVE,35.46,0.6694867456288776,0,0,0,0,0,0,0,3,34,7,2,0,,0.0,0.008701707122393317,0.008701707122393317
X000054356,2026-01-07 06:37:30,C000461,A0000461,M00778,T01132,South,South,321.36,USD,card_present,chip_pin,approved,APPROVE,456.08,0.7046132257498685,0,0,0,0,0,0,0,4,28,8,6,18,terminal_customer_network_burst,0.18,0.0096628482209899,0.18
X000168947,2026-01-07 06:37:58,C001397,A0001397,M00738,T00899,South,South,104.77,USD,card_present,magstripe,approved,APPROVE,55.89,1.8745750581499372,0,0,0,0,1,0,0,0,46,11,9,18,terminal_customer_network_burst,0.18,0.028174294762540915,0.18
X000095756,2026-01-07 06:38:01,C000800,A0000800,M00594,T00498,Northeast,Northeast,50.98,USD,mobile_wallet,magstripe,approved,APPROVE,46.67,1.0923505463895435,0,0,0,0,1,1,0,1,11,4,0,15,new_customer_terminal_pair,0.15,0.018683292264958334,0.15
X000049497,2026-01-07 06:38:29,C000414,A0000414,M00015,T00330,South,South,21.49,USD,ecommerce,wallet_biometric,approved,APPROVE,22.81,0.9421306444541867,0,0,0,1,0,0,0,1,47,16,3,18,terminal_customer_network_burst,0.18,0.023325779009637927,0.18
X000166882,2026-01-07 06:39:23,C001378,A0001378,M00231,T00811,South,South,86.0,USD,mobile_wallet,3ds,approved,APPROVE,56.77,1.5148846221595913,0,0,0,0,0,1,0,0,26,10,1,18,terminal_customer_network_burst,0.18,0.01863359405811811,0.18
X000017710,2026-01-07 06:39:26,C000152,A0000152,M00515,T00300,Northeast,Northeast,440.73,USD,ecommerce,3ds,approved,APPROVE,210.9,2.0897581792318634,0,0,0,1,0,0,0,2,18,6,7,0,,0.0,0.010538112180970161,0.010538112180970161
X000209712,2026-01-07 06:39:30,C001712,A0001712,M00556,T00589,South,South,31.05,USD,ecommerce,chip_pin,approved,APPROVE,184.84,0.16798312053668038,0,0,0,1,0,0,0,7,49,11,11,43,customer_velocity;terminal_customer_network_burst,0.43,0.014882191501307223,0.43
X000096316,2026-01-07 06:40:08,C000806,A0000806,M00184,T00927,South,South,116.25,USD,ecommerce,3ds,approved,APPROVE,78.97,1.4720780043054325,0,0,0,1,0,0,0,2,66,14,8,18,terminal_customer_network_burst,0.18,0.022943261276884227,0.18
X000029265,2026-01-07 06:40:12,C000253,A0000253,M00626,T01083,South,South,128.26,USD,card_present,chip_pin,approved,APPROVE,203.2,0.6312007874015748,0,0,0,0,0,0,0,7,35,6,7,25,customer_velocity,0.25,0.010373554414031776,0.25
X000002925,2026-01-07 06:40:18,C000028,A0000028,M00596,T01101,Midwest,Midwest,154.78,USD,ecommerce,chip_pin,approved,APPROVE,126.86,1.2200851332177203,0,0,0,1,0,0,0,7,31,7,9,25,customer_velocity,0.25,0.014486302796049462,0.25
X000075336,2026-01-07 06:40:18,C000633,A0000633,M00534,T00729,Midwest,West,88.74,USD,ecommerce,3ds,approved,APPROVE,42.15,2.105338078291815,0,0,0,1,0,0,1,1,10,3,0,27,new_customer_terminal_pair;home_region_mismatch,0.27,0.08181394882243942,0.27
X000206276,2026-01-07 06:40:44,C001684,A0001684,M00476,T00028,Midwest,Midwest,54.39,USD,card_present,3ds,approved,APPROVE,47.34,1.1489226869455005,0,0,0,0,0,0,0,1,32,8,5,18,terminal_customer_network_burst,0.18,0.008497815551674977,0.18
X000238201,2026-01-07 06:40:53,C001944,A0001944,M00247,T01144,South,South,39.77,USD,card_present,3ds,approved,APPROVE,93.15,0.4269457863660762,0,0,0,0,0,0,0,1,77,16,2,18,terminal_customer_network_burst,0.18,0.020054597849201456,0.18
X000137056,2026-01-07 06:41:10,C001127,A0001127,M00560,T00180,West,West,411.93,USD,card_present,chip_pin,approved,APPROVE,244.62,1.6839587932303164,0,0,0,0,0,0,0,5,12,4,9,25,customer_velocity,0.25,0.008781541312561675,0.25
X000052373,2026-01-07 06:41:27,C000442,A0000442,M00321,T01046,Midwest,Midwest,164.47,USD,card_present,chip_pin,approved,APPROVE,204.56,0.8040183809151349,0,0,0,0,0,0,0,0,25,6,6,0,,0.0,0.004933076581596666,0.004933076581596666
X000206999,2026-01-07 06:41:35,C001689,A0001689,M00335,T00070,South,South,72.73,USD,ecommerce,chip_pin,approved,APPROVE,82.33,0.8833960889104823,0,0,0,1,0,0,0,1,59,16,6,18,terminal_customer_network_burst,0.18,0.021348787620851475,0.18
X000217297,2026-01-07 06:41:47,C001774,A0001774,M00163,T00029,Northeast,Midwest,58.09,USD,card_present,wallet_biometric,approved,APPROVE,47.2,1.2307203389830508,0,0,0,0,0,0,1,0,7,4,0,27,new_customer_terminal_pair;home_region_mismatch,0.27,0.055407915088314004,0.27
X000112666,2026-01-07 06:42:13,C000943,A0000943,M00184,T01155,South,South,70.86,USD,card_present,3ds,approved,APPROVE,211.71,0.33470313164234095,0,0,0,0,0,0,0,5,45,9,8,43,customer_velocity;terminal_customer_network_burst,0.43,0.01030173788378725,0.43
X000153647,2026-01-07 06:42:15,C001264,A0001264,M00667,T00609,Northeast,Northeast,212.05,USD,mobile_wallet,chip_pin,approved,APPROVE,202.11,1.0491811389837218,0,0,0,0,0,1,0,3,57,15,2,18,terminal_customer_network_burst,0.18,0.04077930630564877,0.18
X000043847,2026-01-07 06:42:50,C000373,A0000373,M00299,T01117,Northeast,Northeast,40.95,USD,card_present,3ds,approved,APPROVE,80.45,0.5090118085767558,0,0,0,0,0,0,0,4,14,4,3,0,,0.0,0.005916580056855132,0.005916580056855132
X000181053,2026-01-07 06:43:00,C001489,A0001489,M00635,T01013,Midwest,Midwest,17.92,USD,card_present,chip_pin,approved,APPROVE,25.75,0.6959223300970875,0,0,0,0,0,0,0,1,33,12,4,18,terminal_customer_network_burst,0.18,0.011732564573227187,0.18
X000126356,2026-01-07 06:43:40,C001041,A0001041,M00504,T00422,Northeast,Northeast,58.08,USD,card_present,3ds,approved,APPROVE,55.9,1.0389982110912344,0,0,0,0,0,0,0,1,43,9,6,18,terminal_customer_network_burst,0.18,0.009107592656112103,0.18
X000063202,2026-01-07 06:43:49,C000536,A0000536,M00401,T01080,South,South,108.64,USD,card_present,chip_pin,approved,APPROVE,59.86,1.8149014366855998,0,0,0,0,0,0,0,1,22,6,2,0,,0.0,0.0094386553709324,0.0094386553709324
X000086244,2026-01-07 06:44:13,C000724,A0000724,M00350,T01102,Midwest,Midwest,37.76,USD,card_present,chip_pin,approved,APPROVE,51.03,0.7399568881050362,0,0,0,0,0,0,0,0,11,7,2,0,,0.0,0.005939807167687957,0.005939807167687957
X000106907,2026-01-07 06:45:26,C000896,A0000896,M00698,T00693,Northeast,West,77.31,USD,ecommerce,chip_pin,approved,APPROVE,147.7,0.5234258632362898,0,0,0,1,0,0,1,4,26,4,0,27,new_customer_terminal_pair;home_region_mismatch,0.27,0.07242676753020266,0.27
X000043193,2026-01-07 06:45:48,C000365,A0000365,M00477,T00694,West,West,25.15,USD,card_present,3ds,approved,APPROVE,21.43,1.1735884274381707,0,0,0,0,0,0,0,0,27,7,3,0,,0.0,0.007145058530387614,0.007145058530387614
X000234461,2026-01-07 06:45:49,C001912,A0001912,M00154,T00860,South,South,71.37,USD,ecommerce,wallet_biometric,approved,APPROVE,53.95,1.3228915662650602,0,0,0,1,0,0,0,1,28,9,0,33,new_customer_terminal_pair;terminal_customer_network_burst,0.33,0.012577681574724548,0.33
X000004076,2026-01-07 06:45:52,C000036,A0000036,M00604,T00623,Northeast,Northeast,224.8,USD,card_present,3ds,approved,APPROVE,88.98,2.526410429309957,0,0,0,0,0,0,0,2,22,7,5,0,,0.0,0.014438000587929106,0.014438000587929106
X000061490,2026-01-07 06:46:08,C000525,A0000525,M00668,T00417,Midwest,Midwest,21.9,USD,card_present,chip_pin,approved,APPROVE,33.68,0.6502375296912114,0,0,0,0,0,0,0,0,13,5,2,0,,0.0,0.0045434203371978905,0.0045434203371978905
X000041783,2026-01-07 06:46:17,C000354,A0000354,M00074,T01036,South,South,47.28,USD,card_present,3ds,approved,APPROVE,67.53,0.7001332741003998,0,0,0,0,0,0,0,1,60,10,5,18,terminal_customer_network_burst,0.18,0.009635776800271216,0.18
X000176991,2026-01-07 06:46:51,C001459,A0001459,M00239,T00747,South,South,127.48,USD,card_present,chip_pin,approved,APPROVE,151.37,0.8421748034617164,0,0,0,0,0,0,0,4,28,7,8,0,,0.0,0.008513523674402808,0.008513523674402808
X000191283,2026-01-07 06:47:05,C001570,A0001570,M00347,T01022,Midwest,Midwest,97.63,USD,ecommerce,magstripe,approved,APPROVE,48.92,1.9957072771872444,0,0,0,1,1,0,0,2,3,2,2,0,,0.0,0.01543968405350239,0.01543968405350239
X000152827,2026-01-07 06:47:18,C001257,A0001257,M00703,T00135,Midwest,Midwest,85.52,USD,card_present,magstripe,approved,APPROVE,93.65,0.9131873998932193,0,0,0,0,1,0,0,2,42,8,8,18,terminal_customer_network_burst,0.18,0.017426069747532556,0.18
X000112913,2026-01-07 06:47:38,C000944,A0000944,M00109,T00548,Northeast,Northeast,281.66,USD,ecommerce,3ds,approved,APPROVE,227.5,1.2380659340659341,0,0,0,1,0,0,0,7,34,9,14,43,customer_velocity;terminal_customer_network_burst,0.43,0.01583493951873384,0.43
X000010137,2026-01-07 06:47:43,C000092,A0000092,M00453,T00831,South,South,66.36,USD,ecommerce,3ds,approved,APPROVE,36.18,1.834162520729685,0,0,0,1,0,0,0,3,45,13,5,18,terminal_customer_network_burst,0.18,0.027621150469173756,0.18
X000007125,2026-01-07 06:47:49,C000066,A0000066,M00324,T00243,West,West,56.73,USD,mobile_wallet,chip_pin,approved,APPROVE,42.7,1.3285714285714285,0,0,0,0,0,1,0,1,13,5,3,0,,0.0,0.009800624721795421,0.009800624721795421
X000011070,2026-01-07 06:47:51,C000100,A0000100,M00560,T00434,West,West,98.29,USD,ecommerce,chip_pin,approved,APPROVE,102.67,0.9573390474335249,0,0,0,1,0,0,0,3,15,8,6,18,terminal_customer_network_burst,0.18,0.009716620132390608,0.18
X000036696,2026-01-07 06:48:13,C000315,A0000315,M00610,T00995,Midwest,Midwest,167.43,USD,card_present,3ds,approved,APPROVE,260.77,0.642060052920198,0,0,0,0,0,0,0,3,25,6,0,15,new_customer_terminal_pair,0.15,0.007971774069207538,0.15
X000045956,2026-01-07 06:48:33,C000385,A0000385,M00706,T00053,Northeast,Northeast,46.41,USD,ecommerce,chip_pin,approved,APPROVE,56.78,0.8173652694610778,0,0,0,1,0,0,0,1,35,10,2,18,terminal_customer_network_burst,0.18,0.011011478010217114,0.18
X000213083,2026-01-07 06:48:41,C001740,A0001740,M00628,T01005,West,West,119.43,USD,card_present,chip_pin,approved,APPROVE,119.74,0.9974110572907968,0,0,0,0,0,0,0,1,10,4,4,0,,0.0,0.00486214856813762,0.00486214856813762
X000186955,2026-01-07 06:48:51,C001538,A0001538,M00170,T01059,Midwest,Midwest,96.2,USD,card_present,magstripe,approved,APPROVE,53.88,1.7854491462509279,0,0,0,0,1,0,0,4,19,5,5,0,,0.0,0.022788287970834202,0.022788287970834202
X000112476,2026-01-07 06:49:15,C000941,A0000941,M00580,T00415,South,South,135.95,USD,card_present,magstripe,approved,APPROVE,52.11,2.608904241028593,0,0,0,0,1,0,0,2,54,13,7,18,terminal_customer_network_burst,0.18,0.06409779835267952,0.18
X000170683,2026-01-07 06:49:26,C001407,A0001407,M00338,T00847,Northeast,Northeast,66.89,USD,card_present,chip_pin,approved,APPROVE,65.08,1.0278119237861094,0,0,0,0,0,0,0,1,41,10,3,18,terminal_customer_network_burst,0.18,0.01117640602529602,0.18
X000059992,2026-01-07 06:49:34,C000511,A0000511,M00569,T00983,South,South,8.49,USD,ecommerce,3ds,approved,APPROVE,42.14,0.20147128618889418,0,0,0,1,0,0,0,1,26,7,1,0,,0.0,0.006078146250059468,0.006078146250059468
X000198973,2026-01-07 06:49:38,C001630,A0001630,M00524,T00500,West,West,119.83,USD,ecommerce,3ds,approved,APPROVE,86.33,1.3880458704969303,0,0,0,1,0,0,0,0,11,5,3,0,,0.0,0.006231839740089845,0.006231839740089845
X000218246,2026-01-07 06:49:45,C001783,A0001783,M00070,T00004,Northeast,Northeast,103.43,USD,mobile_wallet,3ds,approved,APPROVE,68.92,1.5007254788160187,0,0,0,0,0,1,0,2,27,10,5,18,terminal_customer_network_burst,0.18,0.020608138050294194,0.18
X000114241,2026-01-07 06:49:49,C000951,A0000951,M00687,T01115,Midwest,Midwest,94.52,USD,card_present,wallet_biometric,approved,APPROVE,90.52,1.0441891294741494,0,0,0,0,0,0,0,4,26,4,6,0,,0.0,0.006881684198937647,0.006881684198937647
X000234610,2026-01-07 06:49:51,C001914,A0001914,M00668,T00869,Midwest,Midwest,311.26,USD,card_present,magstripe,approved,APPROVE,344.59,0.9032763574102557,0,0,0,0,1,0,0,5,29,8,7,43,customer_velocity;terminal_customer_network_burst,0.43,0.024524448445518845,0.43
X000164349,2026-01-07 06:49:54,C001355,A0001355,M00085,T00540,Northeast,Northeast,260.93,USD,card_present,3ds,approved,APPROVE,213.19,1.2239317041137014,0,0,0,0,0,0,0,6,24,4,9,25,customer_velocity,0.25,0.00844877096794431,0.25
X000127542,2026-01-07 06:50:07,C001052,A0001052,M00282,T00583,South,South,175.31,USD,card_present,chip_pin,approved,APPROVE,146.14,1.199603120295607,0,0,0,0,0,0,0,4,59,12,13,18,terminal_customer_network_burst,0.18,0.016313259737623598,0.18
X000069540,2026-01-07 06:50:10,C000591,A0000591,M00172,T00722,Northeast,Northeast,38.63,USD,card_present,chip_pin,approved,APPROVE,42.51,0.9087273582686428,0,0,0,0,0,0,0,1,53,9,2,18,terminal_customer_network_burst,0.18,0.010082520663215492,0.18
X000133114,2026-01-07 06:50:15,C001098,A0001098,M00108,T00481,Midwest,Midwest,75.77,USD,ecommerce,wallet_biometric,approved,APPROVE,53.75,1.409674418604651,0,0,0,1,0,0,0,5,38,11,4,43,customer_velocity;terminal_customer_network_burst,0.43,0.023613747256064674,0.43
X000085200,2026-01-07 06:51:09,C000711,A0000711,M00347,T00674,South,Midwest,26.92,USD,mobile_wallet,chip_pin,approved,APPROVE,40.81,0.6596422445479049,0,0,0,0,0,1,1,1,28,9,0,45,new_customer_terminal_pair;terminal_customer_network_burst;home_region_mismatch,0.45,0.13113521337972178,0.45
X000167897,2026-01-07 06:51:21,C001388,A0001388,M00585,T00052,Midwest,Midwest,71.52,USD,card_present,chip_pin,approved,APPROVE,50.6,1.4134387351778654,0,0,0,0,0,0,0,1,32,13,4,18,terminal_customer_network_burst,0.18,0.01756633426767422,0.18
X000003884,2026-01-07 06:52:37,C000034,A0000034,M00214,T00316,West,West,113.07,USD,mobile_wallet,magstripe,approved,APPROVE,50.12,2.2559856344772546,0,0,0,0,1,1,0,1,9,4,4,0,,0.0,0.026056736188130324,0.026056736188130324
X000227059,2026-01-07 06:52:41,C001852,A0001852,M00130,T00214,South,South,67.06,USD,mobile_wallet,chip_pin,approved,APPROVE,160.6,0.41755915317559156,0,0,0,0,0,1,0,4,24,4,6,0,,0.0,0.007988227018314979,0.007988227018314979
X000120337,2026-01-07 06:53:53,C001000,A0001000,M00003,T00787,South,South,18.37,USD,ecommerce,chip_pin,approved,APPROVE,20.16,0.9112103174603176,0,0,0,1,0,0,0,1,41,11,2,18,terminal_customer_network_burst,0.18,0.013061243125446157,0.18
X000119051,2026-01-07 06:53:59,C000986,A0000986,M00544,T00081,South,South,83.28,USD,ecommerce,3ds,approved,APPROVE,68.2,1.2211143695014663,0,0,0,1,0,0,0,3,23,7,4,0,,0.0,0.010460490982409226,0.010460490982409226
X000005064,2026-01-07 06:55:05,C000047,A0000047,M00420,T00678,West,West,98.67,USD,card_present,chip_pin,approved,APPROVE,40.14,2.4581464872944694,0,0,0,0,0,0,0,1,22,8,2,18,terminal_customer_network_burst,0.18,0.015478048400922045,0.18
X000159127,2026-01-07 06:56:18,C001310,A0001310,M00745,T00823,Northeast,Northeast,94.42,USD,card_present,wallet_biometric,approved,APPROVE,50.13,1.8835028924795532,0,0,0,0,0,0,0,2,42,7,2,0,,0.0,0.012909088333398785,0.012909088333398785
X000019538,2026-01-07 06:56:28,C000169,A0000169,M00213,T01006,Northeast,Northeast,22.37,USD,card_present,chip_pin,approved,APPROVE,40.53,0.5519368369109302,0,0,0,0,0,0,0,1,20,11,4,18,terminal_customer_network_burst,0.18,0.009518738848748593,0.18
X000059875,2026-01-07 06:56:57,C000510,A0000510,M00542,T01166,South,South,95.43,USD,card_present,wallet_biometric,approved,APPROVE,89.95,1.060922734852696,0,0,0,0,0,0,0,0,21,7,2,0,,0.0,0.006942242792863527,0.006942242792863527
X000126025,2026-01-07 06:57:21,C001039,A0001039,M00168,T00944,Northeast,Northeast,126.5,USD,mobile_wallet,chip_pin,approved,APPROVE,168.88,0.7490525817148271,0,0,0,0,0,1,0,9,38,9,9,43,customer_velocity;terminal_customer_network_burst,0.43,0.027574132257124906,0.43
X000195140,2026-01-07 06:57:39,C001604,A0001604,M00191,T00188,Midwest,Midwest,146.73,USD,card_present,magstripe,approved,APPROVE,138.09,1.0625678905061915,0,0,0,0,1,0,0,3,24,6,8,0,,0.0,0.015711373729440477,0.015711373729440477
X000006032,2026-01-07 06:58:03,C000056,A0000056,M00205,T00934,South,South,49.89,USD,ecommerce,chip_pin,approved,APPROVE,99.33,0.5022651766837813,0,0,0,1,0,0,0,3,51,10,7,18,terminal_customer_network_burst,0.18,0.010859794825276424,0.18
X000221205,2026-01-07 06:58:11,C001804,A0001804,M00154,T01001,South,South,280.2,USD,mobile_wallet,chip_pin,approved,APPROVE,206.37,1.3577554877162377,0,0,0,0,0,1,0,8,40,10,9,43,customer_velocity;terminal_customer_network_burst,0.43,0.03529409424546123,0.43
X000111466,2026-01-07 06:58:16,C000931,A0000931,M00445,T00021,Midwest,Northeast,401.74,USD,ecommerce,chip_pin,approved,APPROVE,116.51,3.4481160415414984,0,0,0,1,0,0,1,2,37,8,0,75,amount_vs_profile;new_customer_terminal_pair;terminal_customer_network_burst;home_region_mismatch,0.75,0.2522147574750645,0.75
X000124966,2026-01-07 06:59:16,C001032,A0001032,M00266,T01058,South,Northeast,186.47,USD,card_present,chip_pin,approved,APPROVE,220.63,0.8451706476907039,0,0,0,0,0,0,1,7,8,2,0,52,customer_velocity;new_customer_terminal_pair;home_region_mismatch,0.52,0.08296037268212555,0.52
X000219771,2026-01-07 06:59:52,C001796,A0001796,M00478,T00667,Midwest,Midwest,74.84,USD,ecommerce,3ds,approved,APPROVE,29.05,2.576247848537005,0,0,0,1,0,0,0,5,42,8,10,43,customer_velocity;terminal_customer_network_burst,0.43,0.022160075994162542,0.43
X000033213,2026-01-07 07:00:05,C000282,A0000282,M00055,T01044,South,South,232.97,USD,card_present,chip_pin,approved,APPROVE,125.72,1.853086223353484,0,0,0,0,0,0,0,2,54,14,4,18,terminal_customer_network_burst,0.18,0.02790481500166454,0.18
X000141767,2026-01-07 07:00:09,C001169,A0001169,M00679,T00947,Northeast,Northeast,154.81,USD,card_present,chip_pin,approved,APPROVE,104.26,1.4848455783617878,0,0,0,0,0,0,0,4,17,4,1,0,,0.0,0.009447025606643534,0.009447025606643534
X000030859,2026-01-07 07:00:31,C000262,A0000262,M00168,T00020,Northeast,Northeast,94.04,USD,card_present,chip_pin,approved,APPROVE,84.93,1.1072648063110797,0,0,0,0,0,0,0,4,11,5,4,0,,0.0,0.00815495855368967,0.00815495855368967
X000233621,2026-01-07 07:01:24,C001905,A0001905,M00763,T00455,South,South,21.36,USD,ecommerce,3ds,approved,APPROVE,37.47,0.5700560448358687,0,0,0,1,0,0,0,1,27,4,9,0,,0.0,0.003830897563418524,0.003830897563418524
X000103852,2026-01-07 07:01:35,C000874,A0000874,M00696,T00853,South,Midwest,95.08,USD,ecommerce,3ds,approved,APPROVE,75.59,1.2578383384045508,0,0,0,1,0,0,1,3,12,4,0,27,new_customer_terminal_pair;home_region_mismatch,0.27,0.08286187279890689,0.27
X000201169,2026-01-07 07:02:30,C001648,A0001648,M00717,T00614,South,South,124.35,USD,ecommerce,chip_pin,approved,APPROVE,190.18,0.6538542433484067,0,0,0,1,0,0,0,2,31,9,3,18,terminal_customer_network_burst,0.18,0.009869961840510257,0.18
X000215963,2026-01-07 07:02:30,C001765,A0001765,M00560,T00868,South,West,83.98,USD,ecommerce,chip_pin,approved,APPROVE,57.88,1.450932964754665,0,0,0,1,0,0,1,2,18,3,0,27,new_customer_terminal_pair;home_region_mismatch,0.27,0.07265086189737463,0.27
X000072405,2026-01-07 07:02:51,C000612,A0000612,M00745,T00183,Northeast,Northeast,140.98,USD,card_present,3ds,approved,APPROVE,122.16,1.154060248853962,0,0,0,0,0,0,0,2,26,10,4,18,terminal_customer_network_burst,0.18,0.012317253608075089,0.18
X000221112,2026-01-07 07:03:42,C001803,A0001803,M00484,T00479,South,South,28.71,USD,ecommerce,chip_pin,approved,APPROVE,35.8,0.8019553072625699,0,0,0,1,0,0,0,0,38,10,2,18,terminal_customer_network_burst,0.18,0.009811794968162715,0.18
X000037111,2026-01-07 07:04:01,C000318,A0000318,M00046,T00132,Northeast,Northeast,73.5,USD,card_present,3ds,approved,APPROVE,87.26,0.8423103369241347,0,0,0,0,0,0,0,4,30,8,6,18,terminal_customer_network_burst,0.18,0.010268699852950999,0.18
X000038208,2026-01-07 07:04:48,C000327,A0000327,M00376,T00702,South,South,71.27,USD,card_present,3ds,approved,APPROVE,139.35,0.5114459992823824,0,0,0,0,0,0,0,2,25,8,5,18,terminal_customer_network_burst,0.18,0.007246730865538223,0.18
X000115211,2026-01-07 07:05:28,C000958,A0000958,M00450,T00640,Northeast,Northeast,162.35,USD,ecommerce,chip_pin,approved,APPROVE,118.32,1.3721264367816093,0,0,0,1,0,0,0,4,52,6,8,0,,0.0,0.010517971367035587,0.010517971367035587
X000198533,2026-01-07 07:05:39,C001627,A0001627,M00087,T00078,South,South,155.54,USD,card_present,wallet_biometric,approved,APPROVE,272.19,0.5714390682978802,0,0,0,0,0,0,0,7,51,10,8,43,customer_velocity;terminal_customer_network_burst,0.43,0.01633635081715283,0.43
X000082094,2026-01-07 07:05:50,C000688,A0000688,M00481,T00265,Northeast,Northeast,77.71,USD,card_present,chip_pin,approved,APPROVE,48.53,1.6012775602719966,0,0,0,0,0,0,0,2,34,10,4,18,terminal_customer_network_burst,0.18,0.015053418546018014,0.18
X000088485,2026-01-07 07:06:00,C000744,A0000744,M00517,T00541,Midwest,Midwest,33.72,USD,card_present,3ds,approved,APPROVE,103.24,0.3266175900813638,0,0,0,0,0,0,0,3,24,7,6,0,,0.0,0.006486705689362519,0.006486705689362519
X000152685,2026-01-07 07:06:48,C001256,A0001256,M00700,T00884,Northeast,Northeast,43.55,USD,ecommerce,chip_pin,approved,APPROVE,54.39,0.800698657841515,0,0,0,1,0,0,0,1,34,8,4,18,terminal_customer_network_burst,0.18,0.008081315880738281,0.18
X000017651,2026-01-07 07:07:17,C000151,A0000151,M00771,T00411,South,South,25.12,USD,card_present,chip_pin,approved,APPROVE,26.79,0.9376633072041808,0,0,0,0,0,0,0,0,15,5,0,15,new_customer_terminal_pair,0.15,0.005476073129022372,0.15
X000096317,2026-01-07 07:07:48,C000806,A0000806,M00785,T00861,South,West,116.0,USD,card_present,wallet_biometric,approved,APPROVE,78.97,1.4689122451563885,0,0,0,0,0,0,1,3,1,1,0,27,new_customer_terminal_pair;home_region_mismatch,0.27,0.059691624221798245,0.27
X000081452,2026-01-07 07:07:52,C000682,A0000682,M00051,T01084,South,South,317.95,USD,card_present,chip_pin,approved,APPROVE,203.35,1.563560363904598,0,0,0,0,0,0,0,1,30,10,3,18,terminal_customer_network_burst,0.18,0.013490189586611882,0.18
X000213367,2026-01-07 07:07:52,C001742,A0001742,M00676,T00051,Midwest,Midwest,19.72,USD,card_present,wallet_biometric,approved,APPROVE,28.4,0.6943661971830986,0,0,0,0,0,0,0,6,53,11,7,43,customer_velocity;terminal_customer_network_burst,0.43,0.017827222387533218,0.43
X000193119,2026-01-07 07:09:09,C001586,A0001586,M00302,T00011,Northeast,Northeast,84.53,USD,ecommerce,chip_pin,approved,APPROVE,130.24,0.6490325552825552,0,0,0,1,0,0,0,2,33,7,0,15,new_customer_terminal_pair,0.15,0.008615962362989088,0.15
X000030860,2026-01-07 07:09:51,C000262,A0000262,M00502,T00353,Northeast,Northeast,53.32,USD,card_present,3ds,approved,APPROVE,84.93,0.6278111385847168,0,0,0,0,0,0,0,5,18,5,7,25,customer_velocity,0.25,0.006975716471377988,0.25
X000109871,2026-01-07 07:09:59,C000918,A0000918,M00761,T00945,South,South,30.86,USD,card_present,3ds,approved,APPROVE,48.21,0.6401161584733458,0,0,0,0,0,0,0,3,31,6,6,0,,0.0,0.006664430310189214,0.006664430310189214
X000148999,2026-01-07 07:10:10,C001227,A0001227,M00230,T00074,West,West,43.3,USD,card_present,3ds,approved,APPROVE,37.27,1.1617923262677756,0,0,0,0,0,0,0,0,12,5,2,0,,0.0,0.005579337854066927,0.005579337854066927
X000236393,2026-01-07 07:10:28,C001929,A0001929,M00452,T00101,Northeast,Northeast,251.93,USD,mobile_wallet,wallet_biometric,approved,APPROVE,150.31,1.6760694564566563,0,0,0,0,0,1,0,3,36,5,16,0,,0.0,0.009943268748625117,0.009943268748625117
X000041989,2026-01-07 07:10:35,C000356,A0000356,M00727,T00137,West,West,141.28,USD,card_present,3ds,approved,APPROVE,126.06,1.120736157385372,0,0,0,0,0,0,0,7,11,2,6,25,customer_velocity,0.25,0.007665742038750834,0.25
X000014660,2026-01-07 07:11:27,C000125,A0000125,M00737,T00466,Midwest,Midwest,28.32,USD,ecommerce,3ds,approved,APPROVE,36.25,0.7812413793103449,0,0,0,1,0,0,0,1,26,8,2,18,terminal_customer_network_burst,0.18,0.008378736842238619,0.18
X000174599,2026-01-07 07:11:30,C001439,A0001439,M00298,T00941,Northeast,Northeast,44.62,USD,card_present,wallet_biometric,approved,APPROVE,141.68,0.3149350649350649,0,0,0,0,0,0,0,3,20,7,2,0,,0.0,0.007271443988609325,0.007271443988609325
X000086784,2026-01-07 07:12:27,C000728,A0000728,M00099,T00891,South,South,175.5,USD,ecommerce,magstripe,approved,APPROVE,159.7,1.0989355040701316,0,0,0,1,1,0,0,6,13,3,7,25,customer_velocity,0.25,0.016832818201435604,0.25
X000018756,2026-01-07 07:13:23,C000161,A0000161,M00430,T00430,South,South,23.01,USD,mobile_wallet,3ds,soft_decline,CHALLENGE,66.62,0.3453917742419694,0,0,1,0,0,1,0,1,18,6,1,8,authentication_soft_decline,0.08,0.03692182147101029,0.08
X000150006,2026-01-07 07:13:50,C001236,A0001236,M00663,T00502,West,West,69.09,USD,ecommerce,chip_pin,approved,APPROVE,94.07,0.7344530668651006,0,0,0,1,0,0,0,5,33,5,7,25,customer_velocity,0.25,0.00798553679068135,0.25
X000134005,2026-01-07 07:14:13,C001103,A0001103,M00484,T00090,South,South,337.6,USD,ecommerce,chip_pin,approved,APPROVE,279.87,1.2062743416586272,0,0,0,1,0,0,0,6,17,3,13,25,customer_velocity,0.25,0.006788865266627726,0.25
X000016574,2026-01-07 07:14:18,C000141,A0000141,M00225,T00294,Midwest,Midwest,41.84,USD,card_present,3ds,approved,APPROVE,64.74,0.6462774173617548,0,0,0,0,0,0,0,3,24,7,1,0,,0.0,0.008677791191241208,0.008677791191241208
X000059757,2026-01-07 07:14:29,C000509,A0000509,M00011,T01040,West,West,103.43,USD,card_present,chip_pin,approved,APPROVE,61.15,1.6914145543744892,0,0,0,0,0,0,0,3,13,4,6,0,,0.0,0.00769763113133465,0.00769763113133465
X000002347,2026-01-07 07:14:30,C000022,A0000022,M00486,T00714,South,South,20.02,USD,card_present,wallet_biometric,approved,APPROVE,29.61,0.6761229314420804,0,0,0,0,0,0,0,1,38,14,4,18,terminal_customer_network_burst,0.18,0.014907645347607499,0.18
X000135889,2026-01-07 07:14:54,C001117,A0001117,M00406,T00057,South,South,15.95,USD,ecommerce,3ds,approved,APPROVE,44.49,0.3585075297819734,0,0,0,1,0,0,0,0,43,9,3,18,terminal_customer_network_burst,0.18,0.00714577522868057,0.18
X000093046,2026-01-07 07:15:09,C000780,A0000780,M00051,T01084,South,South,135.45,USD,card_present,chip_pin,approved,APPROVE,66.83,2.0267843782732307,0,0,0,0,0,0,0,2,31,10,6,18,terminal_customer_network_burst,0.18,0.01662771322397691,0.18
X000061021,2026-01-07 07:15:46,C000520,A0000520,M00453,T00831,South,South,42.6,USD,card_present,3ds,approved,APPROVE,29.58,1.440162271805274,0,0,0,0,0,0,0,2,46,13,2,18,terminal_customer_network_burst,0.18,0.02201158577635445,0.18
X000159032,2026-01-07 07:16:15,C001309,A0001309,M00486,T00218,South,South,29.15,USD,ecommerce,3ds,approved,APPROVE,46.76,0.6233960650128315,0,0,0,1,0,0,0,1,29,5,1,0,,0.0,0.005738922921808134,0.005738922921808134
X000229606,2026-01-07 07:16:40,C001871,A0001871,M00610,T00995,Midwest,Midwest,96.86,USD,ecommerce,chip_pin,approved,APPROVE,76.66,1.2635011740151318,0,0,0,1,0,0,0,2,26,7,4,0,,0.0,0.009540862139485198,0.009540862139485198
X000072885,2026-01-07 07:17:01,C000616,A0000616,M00376,T00702,South,South,84.46,USD,card_present,3ds,approved,APPROVE,67.43,1.2525582085125313,0,0,0,0,0,0,0,2,26,8,1,18,terminal_customer_network_burst,0.18,0.011157158252651721,0.18
X000057922,2026-01-07 07:17:02,C000492,A0000492,M00294,T00904,South,South,86.62,USD,mobile_wallet,chip_pin,approved,APPROVE,38.22,2.2663526949241235,0,0,0,0,0,1,0,1,29,7,0,15,new_customer_terminal_pair,0.15,0.0207240230188769,0.15
X000069667,2026-01-07 07:17:54,C000593,A0000593,M00187,T00256,South,South,96.18,USD,ecommerce,chip_pin,approved,APPROVE,191.3,0.5027705175117616,0,0,0,1,0,0,0,3,35,7,9,0,,0.0,0.006862679562213357,0.006862679562213357
X000168948,2026-01-07 07:18:10,C001397,A0001397,M00793,T01052,South,South,145.9,USD,ecommerce,3ds,approved,APPROVE,55.89,2.610484881016282,0,0,0,1,0,0,0,1,37,8,6,18,terminal_customer_network_burst,0.18,0.015860466010997557,0.18
X000131440,2026-01-07 07:19:23,C001082,A0001082,M00414,T00189,Midwest,Midwest,10.02,USD,ecommerce,3ds,approved,APPROVE,20.75,0.48289156626506025,0,0,0,1,0,0,0,3,46,10,4,18,terminal_customer_network_burst,0.18,0.011715881540098052,0.18
X000130034,2026-01-07 07:19:52,C001068,A0001068,M00564,T01141,Northeast,Northeast,64.75,USD,mobile_wallet,chip_pin,approved,APPROVE,35.88,1.8046265328874023,0,0,0,0,0,1,0,1,31,9,1,18,terminal_customer_network_burst,0.18,0.021173018877523493,0.18
X000032930,2026-01-07 07:20:02,C000279,A0000279,M00130,T00939,South,South,142.01,USD,mobile_wallet,3ds,approved,APPROVE,70.8,2.0057909604519772,0,0,0,0,0,1,0,1,33,11,1,18,terminal_customer_network_burst,0.18,0.029075128628833272,0.18
X000209713,2026-01-07 07:20:09,C001712,A0001712,M00173,T01167,South,South,190.27,USD,card_present,chip_pin,approved,APPROVE,184.84,1.0293767582774291,0,0,0,0,0,0,0,8,34,7,12,25,customer_velocity,0.25,0.013078677147837255,0.25
X000215482,2026-01-07 07:20:12,C001760,A0001760,M00477,T00694,West,West,301.5,USD,ecommerce,wallet_biometric,approved,APPROVE,50.61,5.957320687611144,0,0,0,1,0,0,0,0,28,7,4,30,amount_vs_profile,0.3,0.04947097241238613,0.3
X000088486,2026-01-07 07:20:22,C000744,A0000744,M00321,T00416,Midwest,Midwest,184.65,USD,mobile_wallet,chip_pin,approved,APPROVE,103.24,1.788550949244479,0,0,0,0,0,1,0,4,37,5,10,0,,0.0,0.014214472464868785,0.014214472464868785
X000056414,2026-01-07 07:20:34,C000477,A0000477,M00341,T00572,Midwest,Midwest,35.55,USD,card_present,3ds,approved,APPROVE,27.84,1.2769396551724137,0,0,0,0,0,0,0,5,25,7,3,25,customer_velocity,0.25,0.01329438012078421,0.25
X000038613,2026-01-07 07:20:58,C000330,A0000330,M00169,T01098,South,Midwest,30.97,USD,card_present,magstripe,approved,APPROVE,14.95,2.071571906354515,0,0,0,0,1,0,1,2,14,3,0,27,new_customer_terminal_pair;home_region_mismatch,0.27,0.1707858680330977,0.27
X000143400,2026-01-07 07:21:31,C001182,A0001182,M00675,T00834,Midwest,Midwest,49.84,USD,ecommerce,chip_pin,approved,APPROVE,40.93,1.2176887368678233,0,0,0,1,0,0,0,0,16,5,5,0,,0.0,0.005521469594136116,0.005521469594136116
X000227300,2026-01-07 07:21:37,C001853,A0001853,M00708,T00618,West,West,270.7,USD,card_present,3ds,approved,APPROVE,242.76,1.1150930960619543,0,0,0,0,0,0,0,2,14,4,6,0,,0.0,0.005431882886933285,0.005431882886933285
X000242284,2026-01-07 07:21:37,C001979,A0001979,M00082,T00557,Northeast,Northeast,177.02,USD,ecommerce,chip_pin,approved,APPROVE,82.21,2.153266026030897,0,0,0,1,0,0,0,3,28,7,3,0,,0.0,0.015932361934269734,0.015932361934269734
X000112008,2026-01-07 07:22:47,C000935,A0000935,M00191,T00441,Midwest,Midwest,18.2,USD,card_present,chip_pin,approved,APPROVE,37.9,0.48021108179419525,0,0,0,0,0,0,0,1,34,9,4,18,terminal_customer_network_burst,0.18,0.007569740352350164,0.18
X000190551,2026-01-07 07:23:10,C001565,A0001565,M00416,T00403,West,West,68.62,USD,ecommerce,magstripe,approved,APPROVE,45.34,1.5134539038376709,0,0,0,1,1,0,0,0,36,9,0,33,new_customer_terminal_pair;terminal_customer_network_burst,0.33,0.026457152978790296,0.33
X000234224,2026-01-07 07:24:08,C001910,A0001910,M00094,T00737,South,South,135.49,USD,mobile_wallet,wallet_biometric,approved,APPROVE,94.05,1.4406166932482722,0,0,0,0,0,1,0,2,71,15,8,18,terminal_customer_network_burst,0.18,0.03643820616969235,0.18
X000120674,2026-01-07 07:24:33,C001003,A0001003,M00675,T00026,Midwest,Midwest,114.67,USD,card_present,3ds,approved,APPROVE,103.03,1.1129768028729496,0,0,0,0,0,0,0,5,15,4,4,25,customer_velocity,0.25,0.008250312846486512,0.25
X000212536,2026-01-07 07:24:42,C001734,A0001734,M00163,T00147,Midwest,Midwest,55.13,USD,mobile_wallet,chip_pin,approved,APPROVE,65.75,0.8384790874524716,0,0,0,0,0,1,0,3,14,4,5,0,,0.0,0.008483668904979237,0.008483668904979237
X000096318,2026-01-07 07:24:43,C000806,A0000806,M00184,T00927,South,South,53.27,USD,ecommerce,3ds,approved,APPROVE,78.97,0.674559959478283,0,0,0,1,0,0,0,4,67,14,9,18,terminal_customer_network_burst,0.18,0.020406455986021615,0.18
X000173023,2026-01-07 07:25:20,C001428,A0001428,M00731,T00584,Northeast,Northeast,115.03,USD,ecommerce,chip_pin,approved,APPROVE,130.67,0.880309175786332,0,0,0,1,0,0,0,4,32,6,11,0,,0.0,0.007433894582615535,0.007433894582615535
X000110833,2026-01-07 07:25:46,C000925,A0000925,M00767,T00890,South,South,45.23,USD,ecommerce,chip_pin,approved,APPROVE,49.37,0.9161434069272838,0,0,0,1,0,0,0,7,44,7,9,25,customer_velocity,0.25,0.01324784013795911,0.25
X000002169,2026-01-07 07:25:58,C000020,A0000020,M00087,T00594,South,South,150.79,USD,ecommerce,chip_pin,approved,APPROVE,53.24,2.8322689706987223,0,0,0,1,0,0,0,1,23,6,3,0,,0.0,0.014574483829325928,0.014574483829325928
X000131804,2026-01-07 07:26:10,C001085,A0001085,M00276,T01082,Northeast,Northeast,31.25,USD,mobile_wallet,3ds,approved,APPROVE,30.1,1.0382059800664452,0,0,0,0,0,1,0,2,37,11,1,18,terminal_customer_network_burst,0.18,0.022414778465395493,0.18
X000050433,2026-01-07 07:26:31,C000423,A0000423,M00646,T00690,South,South,48.99,USD,card_present,3ds,approved,APPROVE,41.14,1.1908118619348567,0,0,0,0,0,0,0,5,21,7,7,25,customer_velocity,0.25,0.01117722431357672,0.25
X000022998,2026-01-07 07:26:57,C000197,A0000197,M00620,T00585,South,South,156.41,USD,card_present,chip_pin,approved,APPROVE,131.98,1.185103803606607,0,0,0,0,0,0,0,1,30,8,9,18,terminal_customer_network_burst,0.18,0.00754061701905794,0.18
X000041133,2026-01-07 07:27:01,C000349,A0000349,M00352,T00215,Midwest,Midwest,179.24,USD,card_present,chip_pin,approved,APPROVE,285.86,0.6270202196879592,0,0,0,0,0,0,0,7,30,7,12,25,customer_velocity,0.25,0.009792057136627775,0.25
X000006586,2026-01-07 07:27:04,C000059,A0000059,M00638,T01099,Northeast,Northeast,20.7,USD,card_present,chip_pin,approved,APPROVE,45.46,0.4553453585569731,0,0,0,0,0,0,0,2,28,6,4,0,,0.0,0.00582072969472753,0.00582072969472753
X000045205,2026-01-07 07:27:15,C000380,A0000380,M00057,T00373,West,West,48.2,USD,card_present,wallet_biometric,approved,APPROVE,36.05,1.3370319001386965,0,0,0,0,0,0,0,3,2,1,2,0,,0.0,0.0051732056722128645,0.0051732056722128645
X000212317,2026-01-07 07:27:43,C001733,A0001733,M00564,T01141,Northeast,Northeast,32.0,USD,card_present,chip_pin,approved,APPROVE,162.51,0.19691095932557998,0,0,0,0,0,0,0,5,32,9,9,43,customer_velocity;terminal_customer_network_burst,0.43,0.009125907071927331,0.43
X000088487,2026-01-07 07:28:08,C000744,A0000744,M00517,T00541,Midwest,Midwest,100.44,USD,ecommerce,wallet_biometric,approved,APPROVE,103.24,0.9728787291747385,0,0,0,1,0,0,0,5,25,7,7,25,customer_velocity,0.25,0.010906434805355582,0.25
X000162109,2026-01-07 07:28:25,C001339,A0001339,M00278,T01124,Northeast,Northeast,146.05,USD,card_present,chip_pin,approved,APPROVE,127.04,1.1496379093198992,0,0,0,0,0,0,0,3,34,11,4,18,terminal_customer_network_burst,0.18,0.015850946416364135,0.18
X000216592,2026-01-07 07:28:50,C001771,A0001771,M00005,T00817,South,South,26.54,USD,card_present,wallet_biometric,approved,APPROVE,27.71,0.9577769758210032,0,0,0,0,0,0,0,1,42,11,3,18,terminal_customer_network_burst,0.18,0.012251355141821987,0.18
X000173667,2026-01-07 07:28:53,C001432,A0001432,M00281,T01053,West,West,18.55,USD,card_present,wallet_biometric,approved,APPROVE,33.08,0.5607617896009675,0,0,0,0,0,0,0,1,9,5,0,15,new_customer_terminal_pair,0.15,0.005202772177164905,0.15
X000054038,2026-01-07 07:29:05,C000458,A0000458,M00798,T00402,Northeast,Northeast,46.92,USD,ecommerce,chip_pin,approved,APPROVE,49.08,0.9559902200488998,0,0,0,1,0,0,0,3,31,10,4,18,terminal_customer_network_burst,0.18,0.013647620905967854,0.18
X000213590,2026-01-07 07:29:27,C001744,A0001744,M00266,T00421,Northeast,Northeast,74.32,USD,ecommerce,wallet_biometric,approved,APPROVE,59.27,1.2539227265058206,0,0,0,1,0,0,0,2,38,11,7,18,terminal_customer_network_burst,0.18,0.01424115884850954,0.18
X000126757,2026-01-07 07:30:02,C001044,A0001044,M00625,T00763,Northeast,Northeast,37.54,USD,card_present,chip_pin,approved,APPROVE,33.61,1.1169294852722405,0,0,0,0,0,0,0,2,11,5,2,0,,0.0,0.0069091571761499835,0.0069091571761499835
X000070192,2026-01-07 07:30:11,C000597,A0000597,M00592,T00719,South,South,53.35,USD,ecommerce,chip_pin,approved,APPROVE,149.87,0.35597517848802296,0,0,0,1,0,0,0,5,36,9,13,43,customer_velocity;terminal_customer_network_burst,0.43,0.009118187317420187,0.43
X000133430,2026-01-07 07:30:14,C001100,A0001100,M00528,T00301,Midwest,Midwest,41.93,USD,card_present,chip_pin,approved,APPROVE,33.78,1.2412670219064534,0,0,0,0,0,0,0,4,21,5,13,0,,0.0,0.006606478902306752,0.006606478902306752
X000000541,2026-01-07 07:30:41,C000007,A0000007,M00778,T01132,South,South,43.74,USD,card_present,chip_pin,approved,APPROVE,42.05,1.0401902497027349,0,0,0,0,0,0,0,3,29,8,4,18,terminal_customer_network_burst,0.18,0.010529042347951274,0.18
X000050434,2026-01-07 07:30:41,C000423,A0000423,M00646,T00690,South,South,15.84,USD,ecommerce,chip_pin,approved,APPROVE,41.14,0.3850267379679144,0,0,0,1,0,0,0,6,22,7,8,25,customer_velocity,0.25,0.009286386714314388,0.25
X000190038,2026-01-07 07:30:49,C001562,A0001562,M00700,T00679,Northeast,Northeast,258.72,USD,ecommerce,chip_pin,approved,APPROVE,160.81,1.6088551706983398,0,0,0,1,0,0,0,4,24,8,6,18,terminal_customer_network_burst,0.18,0.014532814917756917,0.18
X000218247,2026-01-07 07:30:51,C001783,A0001783,M00070,T00004,Northeast,Northeast,70.34,USD,ecommerce,chip_pin,approved,APPROVE,68.92,1.0206035983749275,0,0,0,1,0,0,0,3,28,10,6,18,terminal_customer_network_burst,0.18,0.013037036939796328,0.18
X000061491,2026-01-07 07:31:11,C000525,A0000525,M00208,T00633,Midwest,Midwest,13.78,USD,card_present,wallet_biometric,approved,APPROVE,33.68,0.40914489311163893,0,0,0,0,0,0,0,1,24,5,5,0,,0.0,0.004324245202074876,0.004324245202074876
X000126505,2026-01-07 07:31:42,C001042,A0001042,M00074,T00967,South,South,26.77,USD,ecommerce,magstripe,approved,APPROVE,16.47,1.6253794778384942,0,0,0,1,1,0,0,1,47,9,6,18,terminal_customer_network_burst,0.18,0.026380178394143427,0.18
X000198204,2026-01-07 07:31:43,C001626,A0001626,M00640,T00037,Midwest,Midwest,286.31,USD,ecommerce,chip_pin,approved,APPROVE,262.11,1.0923276486971119,0,0,0,1,0,0,0,5,36,8,9,43,customer_velocity;terminal_customer_network_burst,0.43,0.012415384229437748,0.43
X000229976,2026-01-07 07:32:05,C001874,A0001874,M00318,T00923,Northeast,Midwest,191.68,USD,card_present,chip_pin,approved,APPROVE,91.3,2.0994523548740416,0,0,0,0,0,0,1,1,18,3,0,27,new_customer_terminal_pair;home_region_mismatch,0.27,0.07917401647686603,0.27
X000090074,2026-01-07 07:33:25,C000753,A0000753,M00492,T00550,West,West,66.97,USD,ecommerce,chip_pin,approved,APPROVE,60.36,1.109509609012591,0,0,0,1,0,0,0,0,13,5,2,0,,0.0,0.005777718164293583,0.005777718164293583
X000040484,2026-01-07 07:33:50,C000344,A0000344,M00460,T00355,Midwest,Midwest,102.61,USD,card_present,3ds,approved,APPROVE,46.73,2.19580569227477,0,0,0,0,0,0,0,1,26,7,3,0,,0.0,0.01211561638015852,0.01211561638015852
X000048902,2026-01-07 07:33:57,C000410,A0000410,M00326,T00127,Midwest,Northeast,211.29,USD,card_present,wallet_biometric,approved,APPROVE,64.04,3.299344159900062,0,0,0,0,0,0,1,1,23,8,0,75,amount_vs_profile;new_customer_terminal_pair;terminal_customer_network_burst;home_region_mismatch,0.75,0.20494085897589767,0.75
X000195141,2026-01-07 07:34:27,C001604,A0001604,M00191,T00188,Midwest,Midwest,245.89,USD,card_present,magstripe,approved,APPROVE,138.09,1.7806503005286407,0,0,0,0,1,0,0,4,25,6,9,0,,0.0,0.02284160984393293,0.02284160984393293
X000153648,2026-01-07 07:35:05,C001264,A0001264,M00667,T00609,Northeast,Northeast,361.26,USD,mobile_wallet,wallet_biometric,approved,APPROVE,202.11,1.7874424818168322,0,0,0,0,0,1,0,4,58,15,3,18,terminal_customer_network_burst,0.18,0.059065181860931855,0.18
X000244190,2026-01-07 07:35:22,C001991,A0001991,M00442,T00713,West,West,599.07,USD,ecommerce,chip_pin,approved,APPROVE,128.63,4.657311669128509,0,0,0,1,0,0,0,6,20,6,8,55,amount_vs_profile;customer_velocity,0.55,0.045286276835466155,0.55
X000178028,2026-01-07 07:35:28,C001465,A0001465,M00406,T00057,South,South,65.37,USD,card_present,3ds,approved,APPROVE,80.93,0.8077350796985049,0,0,0,0,0,0,0,3,44,9,6,18,terminal_customer_network_burst,0.18,0.010504632948634112,0.18
X000102606,2026-01-07 07:35:33,C000863,A0000863,M00397,T00349,Midwest,Midwest,363.22,USD,ecommerce,chip_pin,approved,APPROVE,164.58,2.20695102685624,0,0,0,1,0,0,0,8,20,3,13,25,customer_velocity,0.25,0.012957640475672227,0.25
X000235728,2026-01-07 07:35:34,C001922,A0001922,M00093,T01018,Northeast,Northeast,84.29,USD,card_present,3ds,approved,APPROVE,79.85,1.0556042579837197,0,0,0,0,0,0,0,3,22,6,8,0,,0.0,0.007226112253952738,0.007226112253952738
X000157574,2026-01-07 07:36:07,C001296,A0001296,M00123,T00812,Midwest,Midwest,51.53,USD,card_present,3ds,approved,APPROVE,115.44,0.4463790713790714,0,0,0,0,0,0,0,4,64,13,6,18,terminal_customer_network_burst,0.18,0.017165048044140974,0.18
X000227301,2026-01-07 07:36:36,C001853,A0001853,M00684,T01008,West,West,165.24,USD,ecommerce,3ds,approved,APPROVE,242.76,0.680672268907563,0,0,0,1,0,0,0,3,16,4,8,0,,0.0,0.005089519213739477,0.005089519213739477
X000072035,2026-01-07 07:36:52,C000610,A0000610,M00441,T01043,West,West,82.18,USD,card_present,chip_pin,approved,APPROVE,97.14,0.8459954704550134,0,0,0,0,0,0,0,9,30,6,18,25,customer_velocity,0.25,0.009903306686440249,0.25
X000090516,2026-01-07 07:37:26,C000758,A0000758,M00640,T00333,Midwest,Midwest,60.09,USD,ecommerce,chip_pin,approved,APPROVE,51.91,1.1575804276632635,0,0,0,1,0,0,0,1,11,4,2,0,,0.0,0.0058560117159083816,0.0058560117159083816
X000171474,2026-01-07 07:37:39,C001414,A0001414,M00550,T00423,West,West,17.21,USD,card_present,magstripe,approved,APPROVE,21.35,0.8060889929742389,0,0,0,0,1,0,0,2,14,4,8,0,,0.0,0.009717493480569913,0.009717493480569913
X000012944,2026-01-07 07:38:36,C000113,A0000113,M00309,T01075,Northeast,Northeast,169.69,USD,card_present,chip_pin,approved,APPROVE,59.23,2.864933310822219,0,0,0,0,0,0,0,0,30,6,4,0,,0.0,0.012287141085435131,0.012287141085435131
X000142393,2026-01-07 07:39:14,C001174,A0001174,M00400,T00241,West,West,63.09,USD,ecommerce,wallet_biometric,approved,APPROVE,77.71,0.811864624887402,0,0,0,1,0,0,0,1,26,6,6,0,,0.0,0.005886864754357242,0.005886864754357242
X000228230,2026-01-07 07:39:15,C001859,A0001859,M00192,T00126,Midwest,South,186.2,USD,mobile_wallet,chip_pin,approved,APPROVE,192.09,0.9693372898120672,0,0,0,0,0,1,1,5,40,7,0,52,customer_velocity;new_customer_terminal_pair;home_region_mismatch,0.52,0.18253086098726956,0.52
X000036897,2026-01-07 07:39:24,C000316,A0000316,M00394,T00922,South,South,37.2,USD,ecommerce,chip_pin,approved,APPROVE,40.33,0.9223902801884455,0,0,0,1,0,0,0,0,46,11,6,18,terminal_customer_network_burst,0.18,0.010399058875771012,0.18
X000078630,2026-01-07 07:40:05,C000662,A0000662,M00569,T00983,South,South,73.63,USD,ecommerce,3ds,approved,APPROVE,91.02,0.8089430894308943,0,0,0,1,0,0,0,5,27,7,6,25,customer_velocity,0.25,0.010594893741659856,0.25
X000183062,2026-01-07 07:40:50,C001506,A0001506,M00255,T00006,West,West,45.6,USD,mobile_wallet,3ds,approved,APPROVE,75.16,0.6067056945183609,0,0,0,0,0,1,0,4,10,4,5,0,,0.0,0.008593626096403104,0.008593626096403104
X000162046,2026-01-07 07:40:57,C001338,A0001338,M00040,T01012,Northeast,Northeast,22.37,USD,card_present,chip_pin,approved,APPROVE,56.51,0.39585913997522565,0,0,0,0,0,0,0,1,19,9,1,18,terminal_customer_network_burst,0.18,0.007755100936951207,0.18
X000197143,2026-01-07 07:41:11,C001619,A0001619,M00337,T00318,West,West,159.44,USD,ecommerce,chip_pin,approved,APPROVE,45.97,3.46834892321079,0,0,0,1,0,0,0,2,18,9,4,48,amount_vs_profile;terminal_customer_network_burst,0.48,0.02862401033209435,0.48
X000115669,2026-01-07 07:41:12,C000961,A0000961,M00797,T00418,South,South,191.36,USD,card_present,3ds,approved,APPROVE,148.91,1.285071519709892,0,0,0,0,0,0,0,0,41,6,9,0,,0.0,0.005671810768828236,0.005671810768828236
X000068344,2026-01-07 07:41:29,C000579,A0000579,M00767,T00313,South,South,39.46,USD,ecommerce,chip_pin,approved,APPROVE,45.42,0.8687802730074857,0,0,0,1,0,0,0,1,26,9,2,18,terminal_customer_network_burst,0.18,0.009767063769395772,0.18
X000244191,2026-01-07 07:41:56,C001991,A0001991,M00647,T01037,West,West,369.9,USD,ecommerce,chip_pin,approved,APPROVE,128.63,2.87568996346109,0,0,0,1,0,0,0,7,27,5,11,25,customer_velocity,0.25,0.02069838861341824,0.25
X000188990,2026-01-07 07:42:02,C001553,A0001553,M00315,T01023,Midwest,Midwest,73.45,USD,ecommerce,wallet_biometric,approved,APPROVE,52.2,1.407088122605364,0,0,0,1,0,0,0,1,25,5,2,0,,0.0,0.0075594132992183715,0.0075594132992183715
X000084103,2026-01-07 07:42:14,C000704,A0000704,M00249,T00554,South,South,115.39,USD,ecommerce,chip_pin,approved,APPROVE,59.04,1.9544376693766938,0,0,0,1,0,0,0,0,37,10,7,18,terminal_customer_network_burst,0.18,0.013273561328903775,0.18
X000105773,2026-01-07 07:42:20,C000889,A0000889,M00638,T00151,Northeast,Northeast,56.95,USD,card_present,chip_pin,approved,APPROVE,134.65,0.4229483847010769,0,0,0,0,0,0,0,3,29,9,6,18,terminal_customer_network_burst,0.18,0.008651615883924069,0.18
X000203032,2026-01-07 07:42:34,C001663,A0001663,M00074,T01036,South,South,14.48,USD,card_present,chip_pin,approved,APPROVE,36.68,0.39476553980370777,0,0,0,0,0,0,0,1,61,10,4,18,terminal_customer_network_burst,0.18,0.00881668132129797,0.18
X000091638,2026-01-07 07:43:36,C000769,A0000769,M00077,T00530,South,South,134.49,USD,ecommerce,magstripe,approved,APPROVE,268.43,0.5010244756547331,0,0,0,1,1,0,0,5,34,7,14,25,customer_velocity,0.25,0.0158689966224247,0.25
X000073648,2026-01-07 07:43:51,C000623,A0000623,M00227,T00504,Midwest,Midwest,280.8,USD,card_present,wallet_biometric,approved,APPROVE,104.99,2.674540432422136,0,0,0,0,0,0,0,5,48,10,11,43,customer_velocity;terminal_customer_network_burst,0.43,0.02712133234188842,0.43
X000161205,2026-01-07 07:44:07,C001331,A0001331,M00321,T00416,Midwest,Midwest,44.24,USD,ecommerce,chip_pin,approved,APPROVE,34.02,1.3004115226337447,0,0,0,1,0,0,0,4,38,5,11,0,,0.0,0.007954270828924576,0.007954270828924576
X000091394,2026-01-07 07:44:51,C000767,A0000767,M00020,T00254,South,South,59.37,USD,card_present,chip_pin,approved,APPROVE,94.13,0.6307234675448847,0,0,0,0,0,0,0,2,44,11,3,18,terminal_customer_network_burst,0.18,0.012125519231349345,0.18
X000240360,2026-01-07 07:45:00,C001961,A0001961,M00077,T00723,South,South,144.66,USD,card_present,chip_pin,approved,APPROVE,100.48,1.4396894904458597,0,0,0,0,0,0,0,4,54,15,11,18,terminal_customer_network_burst,0.18,0.02679867675542706,0.18
X000091935,2026-01-07 07:45:02,C000770,A0000770,M00190,T00615,West,West,134.76,USD,card_present,wallet_biometric,approved,APPROVE,107.53,1.2532316562819676,0,0,0,0,0,0,0,0,12,4,5,0,,0.0,0.004668444983617633,0.004668444983617633
X000121300,2026-01-07 07:45:13,C001008,A0001008,M00039,T01145,Midwest,Midwest,407.29,USD,ecommerce,3ds,approved,APPROVE,287.67,1.41582368686342,0,0,0,1,0,0,0,3,35,7,13,0,,0.0,0.00873362700681439,0.00873362700681439
X000126026,2026-01-07 07:45:17,C001039,A0001039,M00298,T00088,Northeast,Northeast,635.26,USD,card_present,3ds,approved,APPROVE,168.88,3.761605873993368,0,0,0,0,0,0,0,10,33,6,7,75,amount_vs_profile;customer_velocity;high_customer_velocity,0.75,0.050682707251085035,0.75
X000210454,2026-01-07 07:45:18,C001716,A0001716,M00403,T00159,Northeast,Northeast,37.09,USD,card_present,3ds,approved,APPROVE,44.2,0.8391402714932127,0,0,0,0,0,0,0,3,18,6,2,0,,0.0,0.007951299312389595,0.007951299312389595
X000022136,2026-01-07 07:45:47,C000191,A0000191,M00285,T00370,Midwest,Midwest,193.96,USD,card_present,chip_pin,approved,APPROVE,106.58,1.8198536310752487,0,0,0,0,0,0,0,0,35,8,5,18,terminal_customer_network_burst,0.18,0.009995744309656373,0.18
X000033786,2026-01-07 07:45:57,C000288,A0000288,M00758,T00785,Northeast,Northeast,388.49,USD,card_present,3ds,approved,APPROVE,71.3,5.44866760168303,0,0,0,0,0,0,0,1,29,7,5,30,amount_vs_profile,0.3,0.04191449093607738,0.3
X000065950,2026-01-07 07:46:15,C000559,A0000559,M00608,T00027,South,South,102.73,USD,card_present,chip_pin,approved,APPROVE,89.82,1.1437319082609665,0,0,0,0,0,0,0,1,40,13,2,18,terminal_customer_network_burst,0.18,0.01714847751033103,0.18
X000053173,2026-01-07 07:46:31,C000449,A0000449,M00594,T00841,Northeast,Northeast,25.83,USD,card_present,magstripe,approved,APPROVE,67.69,0.3815925542916236,0,0,0,0,1,0,0,4,6,3,4,0,,0.0,0.010241703396412461,0.010241703396412461
X000091639,2026-01-07 07:46:35,C000769,A0000769,M00262,T00060,South,South,157.73,USD,mobile_wallet,wallet_biometric,approved,APPROVE,268.43,0.5876019818947211,0,0,0,0,0,1,0,6,32,10,7,43,customer_velocity;terminal_customer_network_burst,0.43,0.021574875291947886,0.43
X000092727,2026-01-07 07:46:38,C000777,A0000777,M00108,T00481,Midwest,Midwest,80.59,USD,card_present,3ds,approved,APPROVE,41.53,1.940524921743318,0,0,0,0,0,0,0,3,39,11,3,18,terminal_customer_network_burst,0.18,0.022754510740697984,0.18
X000212639,2026-01-07 07:47:18,C001735,A0001735,M00488,T00046,Northeast,Northeast,86.31,USD,card_present,chip_pin,approved,APPROVE,63.23,1.3650166060414362,0,0,0,0,0,0,0,0,11,5,0,15,new_customer_terminal_pair,0.15,0.006447510565413635,0.15
X000229814,2026-01-07 07:47:22,C001873,A0001873,M00376,T00309,South,South,372.67,USD,mobile_wallet,magstripe,approved,APPROVE,203.78,1.8287859456276376,0,0,0,0,1,1,0,3,58,11,6,18,terminal_customer_network_burst,0.18,0.06504169635327885,0.18
X000123286,2026-01-07 07:47:56,C001022,A0001022,M00339,T00123,West,West,82.19,USD,mobile_wallet,chip_pin,approved,APPROVE,96.78,0.8492457119239512,0,0,0,0,0,1,0,0,8,3,1,0,,0.0,0.005969604698609384,0.005969604698609384
X000010959,2026-01-07 07:48:04,C000099,A0000099,M00691,T01123,Northeast,Northeast,15.47,USD,card_present,chip_pin,approved,APPROVE,61.42,0.25187235428199284,0,0,0,0,0,0,0,1,18,7,3,0,,0.0,0.005399783968955216,0.005399783968955216
X000005439,2026-01-07 07:48:40,C000050,A0000050,M00123,T00579,Midwest,Midwest,15.53,USD,card_present,3ds,approved,APPROVE,32.17,0.4827479017718371,0,0,0,0,0,0,0,2,23,5,3,0,,0.0,0.005332258001112971,0.005332258001112971
X000005822,2026-01-07 07:48:41,C000054,A0000054,M00379,T01176,South,South,12.11,USD,ecommerce,3ds,approved,APPROVE,33.85,0.3577548005908419,0,0,0,1,0,0,0,4,37,11,1,18,terminal_customer_network_burst,0.18,0.015144552598678595,0.18
X000147316,2026-01-07 07:48:43,C001216,A0001216,M00549,T00456,South,South,42.67,USD,card_present,3ds,approved,APPROVE,43.69,0.9766536964980546,0,0,0,0,0,0,0,1,52,17,5,18,terminal_customer_network_burst,0.18,0.023948932672802157,0.18
X000091170,2026-01-07 07:48:53,C000765,A0000765,M00268,T00608,West,West,38.71,USD,card_present,magstripe,soft_decline,CHALLENGE,53.85,0.7188486536675952,0,0,1,0,1,0,0,3,24,5,5,8,authentication_soft_decline,0.08,0.06062974090672311,0.08
X000235913,2026-01-07 07:49:10,C001923,A0001923,M00296,T00758,South,South,123.71,USD,card_present,magstripe,approved,APPROVE,95.8,1.2913361169102295,0,0,0,0,1,0,0,0,11,4,3,0,,0.0,0.010911585933973563,0.010911585933973563
X000035055,2026-01-07 07:49:58,C000298,A0000298,M00610,T00995,Midwest,Midwest,79.6,USD,mobile_wallet,chip_pin,approved,APPROVE,164.22,0.484715625380587,0,0,0,0,0,1,0,3,27,7,9,0,,0.0,0.009515189787319977,0.009515189787319977
X000061603,2026-01-07 07:50:47,C000526,A0000526,M00416,T01140,West,West,247.47,USD,ecommerce,chip_pin,approved,APPROVE,156.59,1.5803691168018392,0,0,0,1,0,0,0,5,11,3,8,25,customer_velocity,0.25,0.008132658754507752,0.25
X000234225,2026-01-07 07:50:51,C001910,A0001910,M00094,T00737,South,South,35.63,USD,card_present,chip_pin,approved,APPROVE,94.05,0.37884104199893676,0,0,0,0,0,0,0,3,72,15,9,18,terminal_customer_network_burst,0.18,0.017426489182336233,0.18
X000144300,2026-01-07 07:51:17,C001188,A0001188,M00171,T00754,Northeast,Northeast,45.3,USD,card_present,3ds,approved,APPROVE,25.41,1.7827626918536008,0,0,0,0,0,0,0,1,13,4,4,0,,0.0,0.006741058196591621,0.006741058196591621
X000059993,2026-01-07 07:52:51,C000511,A0000511,M00282,T00583,South,South,26.67,USD,card_present,wallet_biometric,approved,APPROVE,42.14,0.632890365448505,0,0,0,0,0,0,0,2,60,12,2,18,terminal_customer_network_burst,0.18,0.014678598076789905,0.18
X000017946,2026-01-07 07:53:39,C000153,A0000153,M00461,T00958,West,West,71.39,USD,card_present,chip_pin,approved,APPROVE,51.46,1.3872910998834045,0,0,0,0,0,0,0,3,12,5,2,0,,0.0,0.00868948726880282,0.00868948726880282
X000006767,2026-01-07 07:53:40,C000061,A0000061,M00259,T00535,Northeast,Northeast,14.33,USD,card_present,wallet_biometric,approved,APPROVE,24.76,0.5787560581583199,0,0,0,0,0,0,0,1,26,11,2,18,terminal_customer_network_burst,0.18,0.010421210011964773,0.18
X000048206,2026-01-07 07:53:53,C000405,A0000405,M00042,T00546,Northeast,Northeast,19.72,USD,card_present,chip_pin,approved,APPROVE,61.46,0.32085909534656687,0,0,0,0,0,0,0,2,28,7,2,0,,0.0,0.006617205105524241,0.006617205105524241
X000161206,2026-01-07 07:53:53,C001331,A0001331,M00318,T00923,Midwest,Midwest,11.06,USD,ecommerce,wallet_biometric,approved,APPROVE,34.02,0.3251028806584362,0,0,0,1,0,0,0,5,19,4,11,25,customer_velocity,0.25,0.005094205865116121,0.25
X000119052,2026-01-07 07:54:11,C000986,A0000986,M00645,T00905,South,South,81.44,USD,card_present,chip_pin,approved,APPROVE,68.2,1.1941348973607038,0,0,0,0,0,0,0,4,53,15,6,18,terminal_customer_network_burst,0.18,0.028400492683871983,0.18
X000086621,2026-01-07 07:55:15,C000727,A0000727,M00453,T00831,South,South,95.86,USD,card_present,3ds,approved,APPROVE,98.78,0.9704393601943713,0,0,0,0,0,0,0,2,47,13,5,18,terminal_customer_network_burst,0.18,0.016612698384392804,0.18
X000016494,2026-01-07 07:55:24,C000140,A0000140,M00460,T00478,Midwest,Midwest,27.16,USD,card_present,chip_pin,approved,APPROVE,38.22,0.7106227106227107,0,0,0,0,0,0,0,0,9,4,2,0,,0.0,0.004094008988868889,0.004094008988868889
X000140706,2026-01-07 07:55:24,C001159,A0001159,M00760,T00859,Northeast,Midwest,73.59,USD,card_present,wallet_biometric,approved,APPROVE,63.67,1.1558033610805718,0,0,0,0,0,0,1,3,1,1,0,27,new_customer_terminal_pair;home_region_mismatch,0.27,0.052902710617146964,0.27
X000016659,2026-01-07 07:55:39,C000142,A0000142,M00022,T00194,South,South,10.1,USD,card_present,chip_pin,approved,APPROVE,36.61,0.27588090685605027,0,0,0,0,0,0,0,0,44,10,0,33,new_customer_terminal_pair;terminal_customer_network_burst,0.33,0.008141233060710467,0.33
X000119985,2026-01-07 07:55:45,C000997,A0000997,M00445,T00021,Northeast,Northeast,19.54,USD,mobile_wallet,magstripe,approved,APPROVE,51.04,0.38283699059561127,0,0,0,0,1,1,0,4,38,9,15,18,terminal_customer_network_burst,0.18,0.023649263679705844,0.18
X000179021,2026-01-07 07:55:47,C001474,A0001474,M00489,T01009,Northeast,Northeast,28.16,USD,card_present,chip_pin,approved,APPROVE,29.57,0.9523165370307745,0,0,0,0,0,0,0,5,17,4,7,25,customer_velocity,0.25,0.007052700615486683,0.25
X000128752,2026-01-07 07:56:06,C001060,A0001060,M00682,T00517,Northeast,Northeast,163.41,USD,card_present,chip_pin,approved,APPROVE,203.81,0.801776164074383,0,0,0,0,0,0,0,1,13,5,5,0,,0.0,0.004931546538860504,0.004931546538860504
X000211723,2026-01-07 07:56:26,C001727,A0001727,M00153,T00753,South,South,246.65,USD,card_present,chip_pin,approved,APPROVE,189.29,1.303027101273179,0,0,0,0,0,0,0,3,46,13,5,18,terminal_customer_network_burst,0.18,0.021258438837514083,0.18
X000127304,2026-01-07 07:56:33,C001050,A0001050,M00793,T01052,South,South,125.8,USD,card_present,chip_pin,approved,APPROVE,62.75,2.004780876494024,0,0,0,0,0,0,0,4,38,8,7,18,terminal_customer_network_burst,0.18,0.01621873131422558,0.18
X000082506,2026-01-07 07:58:18,C000692,A0000692,M00094,T00737,South,South,61.82,USD,card_present,chip_pin,approved,APPROVE,71.28,0.8672839506172839,0,0,0,0,0,0,0,1,73,15,6,18,terminal_customer_network_burst,0.18,0.018551249963644986,0.18
X000154082,2026-01-07 07:58:51,C001268,A0001268,M00400,T00079,West,West,20.06,USD,ecommerce,wallet_biometric,approved,APPROVE,53.47,0.3751636431643912,0,0,0,1,0,0,0,0,6,3,3,0,,0.0,0.0032156891134989523,0.0032156891134989523
X000188159,2026-01-07 07:58:53,C001545,A0001545,M00476,T00184,Midwest,Midwest,32.42,USD,mobile_wallet,chip_pin,approved,APPROVE,45.86,0.7069341474051462,0,0,0,0,0,1,0,1,22,8,2,18,terminal_customer_network_burst,0.18,0.011466014599042056,0.18
X000148464,2026-01-07 07:59:36,C001225,A0001225,M00507,T00488,South,South,63.71,USD,card_present,chip_pin,approved,APPROVE,171.02,0.3725295287100924,0,0,0,0,0,0,0,6,34,9,11,43,customer_velocity;terminal_customer_network_burst,0.43,0.010378528987364397,0.43
X000115833,2026-01-07 07:59:38,C000962,A0000962,M00430,T00230,South,South,94.21,USD,card_present,chip_pin,approved,APPROVE,54.04,1.7433382679496667,0,0,0,0,0,0,0,1,15,4,1,0,,0.0,0.00734654081185981,0.00734654081185981
X000199625,2026-01-07 07:59:48,C001637,A0001637,M00247,T01144,South,South,181.41,USD,ecommerce,chip_pin,approved,APPROVE,150.55,1.2049817336433077,0,0,0,1,0,0,0,5,78,16,16,43,customer_velocity;terminal_customer_network_burst,0.43,0.029371887973855544,0.43
X000166698,2026-01-07 08:00:00,C001376,A0001376,M00606,T00185,South,West,49.85,USD,card_present,wallet_biometric,approved,APPROVE,24.03,2.074490220557636,0,0,0,0,0,0,1,2,2,1,0,27,new_customer_terminal_pair;home_region_mismatch,0.27,0.06754547758378389,0.27
X000223122,2026-01-07 08:00:51,C001819,A0001819,M00600,T00407,South,South,77.24,USD,card_present,chip_pin,approved,APPROVE,94.36,0.8185671894870707,0,0,0,0,0,0,0,4,39,9,12,18,terminal_customer_network_burst,0.18,0.009651133761604085,0.18
X000168440,2026-01-07 08:01:01,C001393,A0001393,M00335,T00070,South,South,132.69,USD,card_present,wallet_biometric,approved,APPROVE,56.24,2.359352773826458,0,0,0,0,0,0,0,0,60,16,4,18,terminal_customer_network_burst,0.18,0.03467537183499753,0.18
X000106032,2026-01-07 08:02:03,C000891,A0000891,M00099,T00891,South,South,43.99,USD,card_present,wallet_biometric,approved,APPROVE,55.54,0.7920417716960749,0,0,0,0,0,0,0,2,14,3,5,0,,0.0,0.004370723152283389,0.004370723152283389
X000113687,2026-01-07 08:02:40,C000947,A0000947,M00693,T01048,South,South,63.13,USD,card_present,3ds,approved,APPROVE,64.03,0.985944088708418,0,0,0,0,0,0,0,3,31,9,7,18,terminal_customer_network_burst,0.18,0.010574818983601757,0.18
X000117916,2026-01-07 08:02:41,C000977,A0000977,M00616,T00727,South,West,33.02,USD,ecommerce,chip_pin,approved,APPROVE,41.98,0.7865650309671274,0,0,0,1,0,0,1,0,2,2,0,27,new_customer_terminal_pair;home_region_mismatch,0.27,0.03862739712381612,0.27
X000058194,2026-01-07 08:03:53,C000494,A0000494,M00740,T00080,Northeast,Northeast,44.67,USD,card_present,3ds,approved,APPROVE,19.63,2.275598573611819,0,0,0,0,0,0,0,3,40,9,9,18,terminal_customer_network_burst,0.18,0.017064757471720322,0.18
X000128753,2026-01-07 08:03:57,C001060,A0001060,M00412,T00928,Northeast,Northeast,187.25,USD,card_present,wallet_biometric,approved,APPROVE,203.81,0.9187478533928659,0,0,0,0,0,0,0,2,45,10,10,18,terminal_customer_network_burst,0.18,0.009693202100822314,0.18
X000168949,2026-01-07 08:04:24,C001397,A0001397,M00743,T00220,South,South,34.18,USD,ecommerce,chip_pin,approved,APPROVE,55.89,0.6115584183217033,0,0,0,1,0,0,0,2,22,7,2,0,,0.0,0.007734966350179423,0.007734966350179423
X000187705,2026-01-07 08:04:24,C001543,A0001543,M00211,T01068,Midwest,Midwest,137.74,USD,ecommerce,chip_pin,approved,APPROVE,217.69,0.6327346226285084,0,0,0,1,0,0,0,7,32,4,15,25,customer_velocity,0.25,0.006630958903540223,0.25
X000146636,2026-01-07 08:05:06,C001210,A0001210,M00561,T00275,Midwest,Midwest,82.36,USD,card_present,3ds,approved,APPROVE,138.79,0.593414511131926,0,0,0,0,0,0,0,10,14,2,11,45,customer_velocity;high_customer_velocity,0.45,0.0075428791147113166,0.45
X000053723,2026-01-07 08:05:14,C000455,A0000455,M00698,T00516,West,West,42.06,USD,card_present,chip_pin,approved,APPROVE,43.21,0.9733857903263133,0,0,0,0,0,0,0,3,16,6,6,0,,0.0,0.007341529787931569,0.007341529787931569
X000116385,2026-01-07 08:05:14,C000966,A0000966,M00763,T00601,South,South,185.55,USD,card_present,chip_pin,approved,APPROVE,110.51,1.6790335716224776,0,0,0,0,0,0,0,4,40,11,4,18,terminal_customer_network_burst,0.18,0.022340885494005425,0.18
X000060933,2026-01-07 08:05:45,C000519,A0000519,M00691,T00755,Northeast,Northeast,107.24,USD,card_present,wallet_biometric,approved,APPROVE,98.05,1.093727689954105,0,0,0,0,0,0,0,1,34,10,2,18,terminal_customer_network_burst,0.18,0.011643129916611279,0.18
X000016073,2026-01-07 08:06:25,C000136,A0000136,M00768,T00457,South,South,58.28,USD,ecommerce,3ds,approved,APPROVE,44.6,1.306726457399103,0,0,0,1,0,0,0,1,39,14,2,18,terminal_customer_network_burst,0.18,0.0216330602819584,0.18
X000068600,2026-01-07 08:06:40,C000582,A0000582,M00052,T00717,South,South,277.89,USD,ecommerce,magstripe,approved,APPROVE,56.33,4.933250488194568,0,0,0,1,1,0,0,2,33,8,2,48,amount_vs_profile;terminal_customer_network_burst,0.48,0.10304329609147997,0.48
X000117728,2026-01-07 08:06:46,C000976,A0000976,M00321,T00416,Midwest,Midwest,212.81,USD,card_present,3ds,approved,APPROVE,245.46,0.866984437382873,0,0,0,0,0,0,0,1,39,5,12,0,,0.0,0.004316210253614524,0.004316210253614524
X000194497,2026-01-07 08:06:51,C001599,A0001599,M00652,T00786,West,West,84.57,USD,card_present,wallet_biometric,approved,APPROVE,58.37,1.4488607161212952,0,0,0,0,0,0,0,1,14,3,0,15,new_customer_terminal_pair,0.15,0.005967258043693157,0.15
X000107038,2026-01-07 08:07:06,C000897,A0000897,M00789,T00886,Midwest,Midwest,25.82,USD,mobile_wallet,3ds,approved,APPROVE,33.2,0.7777108433734939,0,0,0,0,0,1,0,1,9,3,7,0,,0.0,0.005384378180585543,0.005384378180585543
X000089593,2026-01-07 08:07:26,C000749,A0000749,M00341,T01190,Midwest,Midwest,47.26,USD,mobile_wallet,chip_pin,approved,APPROVE,63.34,0.7461319861067255,0,0,0,0,0,1,0,1,19,6,5,0,,0.0,0.00829281960591027,0.00829281960591027
X000067287,2026-01-07 08:07:29,C000571,A0000571,M00094,T00737,South,South,85.98,USD,card_present,wallet_biometric,approved,APPROVE,119.82,0.7175763645468203,0,0,0,0,0,0,0,5,74,15,14,43,customer_velocity;terminal_customer_network_burst,0.43,0.021558226328051017,0.43
X000153649,2026-01-07 08:08:08,C001264,A0001264,M00578,T01104,Northeast,Northeast,156.63,USD,ecommerce,3ds,approved,APPROVE,202.11,0.7749740240463113,0,0,0,1,0,0,0,5,28,7,6,25,customer_velocity,0.25,0.01047711740325306,0.25
X000074905,2026-01-07 08:08:34,C000631,A0000631,M00219,T00193,Northeast,Northeast,380.03,USD,ecommerce,3ds,approved,APPROVE,287.17,1.3233624682243965,0,0,0,1,0,0,0,9,35,5,7,25,customer_velocity,0.25,0.01623418154661448,0.25
X000041688,2026-01-07 08:09:02,C000353,A0000353,M00633,T00292,West,West,42.17,USD,card_present,3ds,approved,APPROVE,24.42,1.726863226863227,0,0,0,0,0,0,0,2,25,8,3,18,terminal_customer_network_burst,0.18,0.01263851246120943,0.18
X000060068,2026-01-07 08:09:06,C000512,A0000512,M00359,T00984,Midwest,Midwest,39.46,USD,card_present,wallet_biometric,approved,APPROVE,77.47,0.5093584613398735,0,0,0,0,0,0,0,1,17,4,5,0,,0.0,0.003929670146901109,0.003929670146901109
X000159449,2026-01-07 08:09:38,C001314,A0001314,M00745,T00823,Northeast,Northeast,25.39,USD,ecommerce,3ds,approved,APPROVE,28.25,0.8987610619469026,0,0,0,1,0,0,0,0,43,7,8,0,,0.0,0.005976997732914104,0.005976997732914104
X000224888,2026-01-07 08:10:08,C001834,A0001834,M00037,T00364,West,West,26.31,USD,ecommerce,chip_pin,soft_decline,CHALLENGE,34.04,0.7729142185663924,0,0,1,1,0,0,0,3,10,5,1,8,authentication_soft_decline,0.08,0.033969682698904644,0.08
X000004993,2026-01-07 08:11:53,C000046,A0000046,M00645,T00428,South,South,14.4,USD,card_present,chip_pin,approved,APPROVE,20.48,0.703125,0,0,0,0,0,0,0,4,19,6,3,0,,0.0,0.008211799047732145,0.008211799047732145
X000214377,2026-01-07 08:11:55,C001751,A0001751,M00739,T00701,South,South,68.66,USD,card_present,wallet_biometric,approved,APPROVE,69.61,0.9863525355552363,0,0,0,0,0,0,0,1,44,11,2,18,terminal_customer_network_burst,0.18,0.012863295864216421,0.18
X000110593,2026-01-07 08:11:59,C000924,A0000924,M00399,T01051,West,West,463.47,USD,ecommerce,magstripe,approved,APPROVE,329.64,1.4059883509282856,0,0,0,1,1,0,0,3,8,4,4,0,,0.0,0.016424487921231416,0.016424487921231416
X000244643,2026-01-07 08:12:35,C001995,A0001995,M00338,T00600,Northeast,Northeast,259.42,USD,ecommerce,wallet_biometric,approved,APPROVE,400.21,0.6482096899127958,0,0,0,1,0,0,0,6,36,7,11,25,customer_velocity,0.25,0.009720318533662954,0.25
X000148465,2026-01-07 08:12:45,C001225,A0001225,M00376,T00309,South,South,92.19,USD,card_present,chip_pin,approved,APPROVE,171.02,0.5390597590925038,0,0,0,0,0,0,0,7,59,11,16,43,customer_velocity;terminal_customer_network_burst,0.43,0.014319709082741203,0.43
X000074282,2026-01-07 08:13:10,C000628,A0000628,M00494,T01193,West,West,128.63,USD,card_present,wallet_biometric,approved,APPROVE,76.14,1.6893879695298135,0,0,0,0,0,0,0,1,17,3,5,0,,0.0,0.005640787766699017,0.005640787766699017
X000032585,2026-01-07 08:13:18,C000276,A0000276,M00641,T00175,West,West,61.97,USD,card_present,chip_pin,approved,APPROVE,60.66,1.0215957797560171,0,0,0,0,0,0,0,3,16,4,5,0,,0.0,0.006104991869049152,0.006104991869049152
X000025729,2026-01-07 08:13:27,C000220,A0000220,M00285,T01108,Midwest,Midwest,612.83,USD,card_present,chip_pin,approved,APPROVE,356.98,1.716706818309149,0,0,0,0,0,0,0,5,46,8,13,43,customer_velocity;terminal_customer_network_burst,0.43,0.013661641931143206,0.43
X000090799,2026-01-07 08:13:50,C000761,A0000761,M00342,T00903,Midwest,Midwest,58.75,USD,mobile_wallet,3ds,approved,APPROVE,202.51,0.29010913041331293,0,0,0,0,0,1,0,4,14,3,7,0,,0.0,0.006361361016612143,0.006361361016612143
X000084882,2026-01-07 08:14:12,C000710,A0000710,M00032,T00431,West,West,79.19,USD,mobile_wallet,3ds,approved,APPROVE,85.75,0.9234985422740525,0,0,0,0,0,1,0,6,6,4,0,40,customer_velocity;new_customer_terminal_pair,0.4,0.014338653402588832,0.4
X000012634,2026-01-07 08:14:20,C000110,A0000110,M00783,T00235,South,West,35.72,USD,card_present,chip_pin,approved,APPROVE,31.37,1.1386675167357347,0,0,0,0,0,0,1,1,0,0,0,27,new_customer_terminal_pair;home_region_mismatch,0.27,0.03734447735767021,0.27
X000152961,2026-01-07 08:14:40,C001258,A0001258,M00094,T00737,South,South,51.38,USD,ecommerce,chip_pin,approved,APPROVE,82.17,0.6252890349275891,0,0,0,1,0,0,0,1,75,15,3,18,terminal_customer_network_burst,0.18,0.019632933258519256,0.18
X000236903,2026-01-07 08:15:33,C001933,A0001933,M00452,T00101,Northeast,Northeast,46.77,USD,ecommerce,chip_pin,approved,APPROVE,36.56,1.2792669584245078,0,0,0,1,0,0,0,0,37,5,1,0,,0.0,0.006799311237768478,0.006799311237768478
X000202426,2026-01-07 08:15:42,C001656,A0001656,M00345,T00208,South,South,79.94,USD,card_present,chip_pin,approved,APPROVE,47.61,1.6790590212140306,0,0,0,0,0,0,0,1,37,10,2,18,terminal_customer_network_burst,0.18,0.01485538318575777,0.18
X000123046,2026-01-07 08:16:24,C001020,A0001020,M00788,T00404,West,South,86.07,USD,ecommerce,chip_pin,approved,APPROVE,132.98,0.6472401864942097,0,0,0,1,0,0,1,0,20,5,0,27,new_customer_terminal_pair;home_region_mismatch,0.27,0.053758345268952346,0.27
X000141768,2026-01-07 08:16:27,C001169,A0001169,M00040,T00439,Northeast,Northeast,47.7,USD,card_present,magstripe,approved,APPROVE,104.26,0.45751007097640517,0,0,0,0,1,0,0,5,43,10,6,43,customer_velocity;terminal_customer_network_burst,0.43,0.027684249699032253,0.43
X000230216,2026-01-07 08:17:27,C001877,A0001877,M00089,T00946,Midwest,Midwest,35.07,USD,ecommerce,wallet_biometric,approved,APPROVE,81.91,0.4281528506897815,0,0,0,1,0,0,0,2,13,6,4,0,,0.0,0.005844412713149327,0.005844412713149327
X000137580,2026-01-07 08:17:32,C001131,A0001131,M00573,T00460,Northeast,Northeast,80.96,USD,ecommerce,wallet_biometric,approved,APPROVE,58.84,1.3759347382732834,0,0,0,1,0,0,0,1,22,8,3,18,terminal_customer_network_burst,0.18,0.010216207616755332,0.18
X000120826,2026-01-07 08:17:50,C001004,A0001004,M00022,T00194,South,South,43.04,USD,card_present,wallet_biometric,approved,APPROVE,131.79,0.3265801654146749,0,0,0,0,0,0,0,3,45,11,9,18,terminal_customer_network_burst,0.18,0.009961158792999443,0.18
X000185890,2026-01-07 08:18:08,C001528,A0001528,M00687,T00302,Midwest,Midwest,22.65,USD,card_present,chip_pin,approved,APPROVE,24.88,0.9103697749196141,0,0,0,0,0,0,0,1,15,8,3,18,terminal_customer_network_burst,0.18,0.0078783849311778,0.18
X000097595,2026-01-07 08:18:19,C000818,A0000818,M00007,T00210,South,South,70.58,USD,mobile_wallet,3ds,approved,APPROVE,65.44,1.0785452322738387,0,0,0,0,0,1,0,0,35,7,4,0,,0.0,0.010216800747107553,0.010216800747107553
X000180008,2026-01-07 08:19:17,C001480,A0001480,M00795,T00503,Northeast,Northeast,86.71,USD,card_present,chip_pin,approved,APPROVE,107.72,0.8049572966951355,0,0,0,0,0,0,0,4,22,6,3,0,,0.0,0.00862364991109406,0.00862364991109406
X000048903,2026-01-07 08:19:18,C000410,A0000410,M00475,T00015,Midwest,Midwest,33.62,USD,ecommerce,chip_pin,approved,APPROVE,64.04,0.5249843847595252,0,0,0,1,0,0,0,2,9,3,3,0,,0.0,0.004357428717913258,0.004357428717913258
X000078244,2026-01-07 08:19:24,C000659,A0000659,M00434,T00133,South,South,9.2,USD,card_present,magstripe,approved,APPROVE,31.77,0.2895813660686182,0,0,0,0,1,0,0,4,35,10,7,18,terminal_customer_network_burst,0.18,0.02191085282577892,0.18
X000200522,2026-01-07 08:19:34,C001643,A0001643,M00282,T01131,South,South,50.27,USD,mobile_wallet,chip_pin,approved,APPROVE,53.74,0.9354298474134723,0,0,0,0,0,1,0,2,69,16,6,18,terminal_customer_network_burst,0.18,0.035482268869322216,0.18
X000109800,2026-01-07 08:19:53,C000917,A0000917,M00077,T00530,South,South,146.81,USD,ecommerce,3ds,approved,APPROVE,55.31,2.6543120593021152,0,0,0,1,0,0,0,1,35,7,3,0,,0.0,0.015726144116188636,0.015726144116188636
X000128634,2026-01-07 08:20:42,C001059,A0001059,M00068,T00683,Northeast,Northeast,75.18,USD,mobile_wallet,3ds,approved,APPROVE,58.72,1.2803133514986378,0,0,0,0,0,1,0,1,21,6,2,0,,0.0,0.011395794751400816,0.011395794751400816
X000039915,2026-01-07 08:21:01,C000339,A0000339,M00535,T00606,West,West,196.72,USD,card_present,3ds,approved,APPROVE,89.3,2.202911534154535,0,0,0,0,0,0,0,0,47,8,0,33,new_customer_terminal_pair;terminal_customer_network_burst,0.33,0.014126893423872938,0.33
X000154237,2026-01-07 08:21:22,C001270,A0001270,M00726,T00829,Northeast,Northeast,30.55,USD,card_present,magstripe,approved,APPROVE,28.36,1.0772214386459804,0,0,0,0,1,0,0,1,16,5,0,15,new_customer_terminal_pair,0.15,0.014105280650508926,0.15
X000166519,2026-01-07 08:22:24,C001375,A0001375,M00309,T01075,Northeast,Northeast,15.3,USD,card_present,3ds,approved,APPROVE,19.59,0.781010719754977,0,0,0,0,0,0,0,3,31,6,6,0,,0.0,0.007056553887423216,0.007056553887423216
X000054635,2026-01-07 08:22:32,C000462,A0000462,M00443,T00564,South,South,20.29,USD,card_present,3ds,approved,APPROVE,35.57,0.5704245150407646,0,0,0,0,0,0,0,5,30,8,3,43,customer_velocity;terminal_customer_network_burst,0.43,0.011386895148492272,0.43
X000031821,2026-01-07 08:23:59,C000270,A0000270,M00336,T00988,West,West,74.76,USD,card_present,chip_pin,approved,APPROVE,48.23,1.5500725689404937,0,0,0,0,0,0,0,0,12,6,1,0,,0.0,0.007592521205042776,0.007592521205042776
X000141680,2026-01-07 08:24:30,C001168,A0001168,M00613,T00638,South,South,120.5,USD,card_present,chip_pin,approved,APPROVE,130.37,0.9242923985579504,0,0,0,0,0,0,0,2,33,9,1,18,terminal_customer_network_burst,0.18,0.011189198156050198,0.18
X000150281,2026-01-07 08:25:11,C001237,A0001237,M00797,T00997,South,South,18.38,USD,mobile_wallet,wallet_biometric,approved,APPROVE,35.77,0.5138384120771595,0,0,0,0,0,1,0,2,28,10,2,18,terminal_customer_network_burst,0.18,0.01530243784659155,0.18
X000235441,2026-01-07 08:25:30,C001919,A0001919,M00488,T00046,Northeast,Northeast,85.95,USD,card_present,3ds,approved,APPROVE,41.19,2.0866715222141297,0,0,0,0,0,0,0,0,12,6,2,0,,0.0,0.009136973051544586,0.009136973051544586
X000147317,2026-01-07 08:25:37,C001216,A0001216,M00122,T00125,South,South,128.01,USD,card_present,wallet_biometric,approved,APPROVE,43.69,2.9299610894941632,0,0,0,0,0,0,0,2,19,8,2,18,terminal_customer_network_burst,0.18,0.020842694387105,0.18
X000015561,2026-01-07 08:25:45,C000133,A0000133,M00093,T01018,Northeast,Northeast,71.28,USD,ecommerce,3ds,approved,APPROVE,51.04,1.396551724137931,0,0,0,1,0,0,0,4,23,6,4,0,,0.0,0.011218684162737816,0.011218684162737816
X000211724,2026-01-07 08:25:55,C001727,A0001727,M00153,T00753,South,South,134.16,USD,ecommerce,wallet_biometric,approved,APPROVE,189.29,0.7087537640657193,0,0,0,1,0,0,0,4,47,13,6,18,terminal_customer_network_burst,0.18,0.019258951191449807,0.18
X000055592,2026-01-07 08:26:01,C000471,A0000471,M00038,T00874,South,South,471.99,USD,mobile_wallet,wallet_biometric,approved,APPROVE,136.92,3.447195442594216,0,0,0,0,0,1,0,7,75,15,14,73,amount_vs_profile;customer_velocity;terminal_customer_network_burst,0.73,0.11406210232449647,0.73
X000016783,2026-01-07 08:26:50,C000143,A0000143,M00754,T00229,West,West,29.77,USD,ecommerce,chip_pin,approved,APPROVE,40.51,0.7348802764749445,0,0,0,1,0,0,0,0,9,3,1,0,,0.0,0.004002885832275674,0.004002885832275674
X000028116,2026-01-07 08:27:14,C000243,A0000243,M00191,T00441,Midwest,Midwest,276.54,USD,card_present,chip_pin,approved,APPROVE,160.27,1.7254632807137955,0,0,0,0,0,0,0,1,35,9,6,18,terminal_customer_network_burst,0.18,0.011778022826169316,0.18
X000132719,2026-01-07 08:27:19,C001094,A0001094,M00372,T00095,South,South,40.72,USD,mobile_wallet,wallet_biometric,approved,APPROVE,42.2,0.9649289099526065,0,0,0,0,0,1,0,1,40,9,4,18,terminal_customer_network_burst,0.18,0.014049119170508263,0.18
X000234226,2026-01-07 08:27:22,C001910,A0001910,M00094,T00737,South,South,65.96,USD,card_present,chip_pin,approved,APPROVE,94.05,0.7013290802764487,0,0,0,0,0,0,0,4,76,15,10,18,terminal_customer_network_burst,0.18,0.021782974554111816,0.18
X000206456,2026-01-07 08:27:32,C001686,A0001686,M00663,T00502,West,West,80.2,USD,ecommerce,3ds,approved,APPROVE,109.29,0.7338274316039893,0,0,0,1,0,0,0,1,34,5,7,0,,0.0,0.005007318847124405,0.005007318847124405
X000083187,2026-01-07 08:28:25,C000696,A0000696,M00706,T00409,Northeast,Northeast,538.28,USD,card_present,chip_pin,approved,APPROVE,156.98,3.4289718435469485,0,0,0,0,0,0,0,1,35,8,14,48,amount_vs_profile;terminal_customer_network_burst,0.48,0.016098821435526874,0.48
X000186028,2026-01-07 08:28:54,C001529,A0001529,M00193,T01056,West,West,63.52,USD,card_present,3ds,approved,APPROVE,86.48,0.7345050878815911,0,0,0,0,0,0,0,2,13,5,5,0,,0.0,0.005396299246504441,0.005396299246504441
X000092636,2026-01-07 08:28:55,C000776,A0000776,M00110,T00096,South,South,83.17,USD,card_present,wallet_biometric,approved,APPROVE,87.14,0.9544411292173514,0,0,0,0,0,0,0,3,37,10,3,18,terminal_customer_network_burst,0.18,0.013559870531329801,0.18
X000010359,2026-01-07 08:29:04,C000094,A0000094,M00556,T00589,South,South,55.3,USD,card_present,magstripe,approved,APPROVE,30.46,1.8154957321076821,0,0,0,0,1,0,0,0,50,11,6,18,terminal_customer_network_burst,0.18,0.03056044764941227,0.18
X000204871,2026-01-07 08:29:19,C001673,A0001673,M00378,T00467,South,South,53.8,USD,ecommerce,3ds,approved,APPROVE,27.33,1.968532747896085,0,0,0,1,0,0,0,0,33,9,4,18,terminal_customer_network_burst,0.18,0.01293790749650346,0.18
X000175652,2026-01-07 08:29:24,C001447,A0001447,M00382,T01062,Midwest,Midwest,19.12,USD,mobile_wallet,chip_pin,approved,APPROVE,30.34,0.6301911667765326,0,0,0,0,0,1,0,3,9,2,3,0,,0.0,0.006483668589437938,0.006483668589437938
X000085816,2026-01-07 08:31:06,C000719,A0000719,M00305,T01095,Northeast,Northeast,124.15,USD,card_present,chip_pin,approved,APPROVE,107.92,1.1503891771682728,0,0,0,0,0,0,0,0,19,9,2,18,terminal_customer_network_burst,0.18,0.009068244567807405,0.18
X000028251,2026-01-07 08:31:07,C000244,A0000244,M00604,T01134,Northeast,Northeast,55.12,USD,card_present,3ds,approved,APPROVE,68.72,0.8020954598370198,0,0,0,0,0,0,0,2,51,11,6,18,terminal_customer_network_burst,0.18,0.012012527378635061,0.18
X000095757,2026-01-07 08:32:11,C000800,A0000800,M00338,T00847,Northeast,Northeast,31.36,USD,ecommerce,3ds,approved,APPROVE,46.67,0.6719520034283265,0,0,0,1,0,0,0,2,42,10,5,18,terminal_customer_network_burst,0.18,0.010786225693759522,0.18
X000121961,2026-01-07 08:33:01,C001012,A0001012,M00191,T00591,Midwest,Midwest,31.03,USD,ecommerce,wallet_biometric,approved,APPROVE,72.84,0.4260021965952773,0,0,0,1,0,0,0,1,15,5,4,0,,0.0,0.004636769911899091,0.004636769911899091
X000104217,2026-01-07 08:33:17,C000878,A0000878,M00784,T00354,South,South,79.43,USD,mobile_wallet,wallet_biometric,approved,APPROVE,146.02,0.5439665799205589,0,0,0,0,0,1,0,3,33,9,5,18,terminal_customer_network_burst,0.18,0.014236448033017655,0.18
X000208447,2026-01-07 08:33:30,C001702,A0001702,M00092,T00788,West,West,478.37,USD,card_present,chip_pin,approved,APPROVE,260.4,1.8370583717357913,0,0,0,0,0,0,0,2,43,8,7,18,terminal_customer_network_burst,0.18,0.012165813919481742,0.18
X000199985,2026-01-07 08:33:34,C001639,A0001639,M00387,T00932,Northeast,Northeast,182.96,USD,mobile_wallet,3ds,approved,APPROVE,99.93,1.8308816171319924,0,0,0,0,0,1,0,3,31,6,8,0,,0.0,0.015196334016007486,0.015196334016007486
X000057738,2026-01-07 08:34:04,C000490,A0000490,M00254,T01162,West,West,46.46,USD,mobile_wallet,chip_pin,approved,APPROVE,37.56,1.2369542066027688,0,0,0,0,0,1,0,0,11,6,1,0,,0.0,0.010030212685362869,0.010030212685362869
X000205195,2026-01-07 08:34:16,C001677,A0001677,M00578,T01104,Northeast,Northeast,91.65,USD,card_present,wallet_biometric,approved,APPROVE,57.72,1.587837837837838,0,0,0,0,0,0,0,1,29,7,4,0,,0.0,0.009246197374691513,0.009246197374691513
X000003775,2026-01-07 08:34:25,C000033,A0000033,M00650,T01097,Midwest,Midwest,94.71,USD,mobile_wallet,chip_pin,approved,APPROVE,89.69,1.0559705652804103,0,0,0,0,0,1,0,2,36,9,7,18,terminal_customer_network_burst,0.18,0.014719855270877899,0.18
X000231144,2026-01-07 08:34:59,C001886,A0001886,M00523,T00109,Midwest,Midwest,83.0,USD,card_present,chip_pin,approved,APPROVE,59.34,1.3987192450286483,0,0,0,0,0,0,0,1,12,3,4,0,,0.0,0.005111068375295323,0.005111068375295323
X000192827,2026-01-07 08:35:04,C001584,A0001584,M00675,T00110,Midwest,Midwest,505.49,USD,ecommerce,magstripe,approved,APPROVE,230.45,2.1934909958776307,0,0,0,1,1,0,0,4,28,8,10,18,terminal_customer_network_burst,0.18,0.03488000703147099,0.18
X000189672,2026-01-07 08:35:43,C001559,A0001559,M00301,T00666,South,South,34.53,USD,ecommerce,3ds,approved,APPROVE,46.73,0.7389257436336402,0,0,0,1,0,0,0,3,17,7,4,0,,0.0,0.008474877785690225,0.008474877785690225
X000041486,2026-01-07 08:35:50,C000351,A0000351,M00461,T00574,West,West,29.74,USD,ecommerce,3ds,approved,APPROVE,48.43,0.6140821804666529,0,0,0,1,0,0,0,2,13,2,1,0,,0.0,0.004326399392803895,0.004326399392803895
X000021332,2026-01-07 08:36:01,C000186,A0000186,M00442,T00105,West,West,152.47,USD,card_present,chip_pin,approved,APPROVE,223.8,0.681277926720286,0,0,0,0,0,0,0,3,30,6,15,0,,0.0,0.0050527860640720845,0.0050527860640720845
X000225181,2026-01-07 08:36:07,C001836,A0001836,M00294,T00471,South,South,26.74,USD,ecommerce,chip_pin,approved,APPROVE,99.19,0.26958362738179253,0,0,0,1,0,0,0,1,18,8,2,18,terminal_customer_network_burst,0.18,0.006670606117521631,0.18
X000091640,2026-01-07 08:36:22,C000769,A0000769,M00738,T00002,South,South,234.48,USD,card_present,wallet_biometric,approved,APPROVE,268.43,0.87352382371568,0,0,0,0,0,0,0,7,21,6,11,25,customer_velocity,0.25,0.009705681503248634,0.25
X000018239,2026-01-07 08:36:42,C000156,A0000156,M00549,T00456,South,South,98.31,USD,mobile_wallet,wallet_biometric,approved,APPROVE,107.47,0.9147669116962873,0,0,0,0,0,1,0,2,53,17,6,18,terminal_customer_network_burst,0.18,0.03792834572136083,0.18
X000061895,2026-01-07 08:36:48,C000527,A0000527,M00092,T00788,West,West,81.72,USD,card_present,chip_pin,approved,APPROVE,46.07,1.773822444106794,0,0,0,0,0,0,0,0,44,8,4,18,terminal_customer_network_burst,0.18,0.010368085938375692,0.18
X000159716,2026-01-07 08:37:15,C001317,A0001317,M00608,T00219,South,South,11.46,USD,card_present,chip_pin,approved,APPROVE,37.63,0.30454424661174595,0,0,0,0,0,0,0,1,58,15,4,18,terminal_customer_network_burst,0.18,0.01518572039719844,0.18
X000179794,2026-01-07 08:37:49,C001479,A0001479,M00020,T00254,South,South,335.94,USD,card_present,chip_pin,approved,APPROVE,221.32,1.517892644135189,0,0,0,0,0,0,0,3,45,11,13,18,terminal_customer_network_burst,0.18,0.014169534201642483,0.18
X000002926,2026-01-07 08:38:16,C000028,A0000028,M00151,T00462,Midwest,Midwest,42.22,USD,card_present,magstripe,approved,APPROVE,126.86,0.3328078196437017,0,0,0,0,1,0,0,8,21,6,11,25,customer_velocity,0.25,0.018873446653775505,0.25
X000152599,2026-01-07 08:38:55,C001255,A0001255,M00160,T00039,South,South,39.06,USD,ecommerce,3ds,approved,APPROVE,41.83,0.9337795840306001,0,0,0,1,0,0,0,0,38,10,3,18,terminal_customer_network_burst,0.18,0.010021295339821767,0.18
X000183909,2026-01-07 08:39:41,C001515,A0001515,M00288,T01177,Northeast,Northeast,20.51,USD,ecommerce,chip_pin,approved,APPROVE,52.06,0.3939684978870534,0,0,0,1,0,0,0,1,34,11,0,33,new_customer_terminal_pair;terminal_customer_network_burst,0.33,0.011103588621849235,0.33
X000232830,2026-01-07 08:40:59,C001898,A0001898,M00770,T00715,Midwest,Midwest,142.58,USD,card_present,3ds,approved,APPROVE,61.86,2.304881991593922,0,0,0,0,0,0,0,2,15,6,3,0,,0.0,0.012299265808663733,0.012299265808663733
X000216159,2026-01-07 08:41:29,C001766,A0001766,M00641,T00246,West,West,12.61,USD,ecommerce,chip_pin,approved,APPROVE,30.82,0.40914990266060997,0,0,0,1,0,0,0,0,1,1,0,15,new_customer_terminal_pair,0.15,0.0027985464205182034,0.15
X000106798,2026-01-07 08:41:45,C000895,A0000895,M00130,T00214,South,South,24.41,USD,ecommerce,chip_pin,approved,APPROVE,28.01,0.8714744734023563,0,0,0,1,0,0,0,6,25,4,8,25,customer_velocity,0.25,0.008000367689850699,0.25
X000063870,2026-01-07 08:43:02,C000542,A0000542,M00606,T00224,West,West,412.14,USD,ecommerce,wallet_biometric,approved,APPROVE,213.02,1.9347479109942727,0,0,0,1,0,0,0,1,17,6,9,0,,0.0,0.008234633150510555,0.008234633150510555
X000007069,2026-01-07 08:43:19,C000065,A0000065,M00223,T00651,South,South,8.95,USD,ecommerce,wallet_biometric,approved,APPROVE,9.15,0.9781420765027321,0,0,0,1,0,0,0,0,34,9,0,33,new_customer_terminal_pair;terminal_customer_network_burst,0.33,0.009887404074480589,0.33
X000188471,2026-01-07 08:44:06,C001549,A0001549,M00416,T00451,West,West,67.41,USD,mobile_wallet,chip_pin,approved,APPROVE,153.09,0.4403292181069959,0,0,0,0,0,1,0,7,12,4,6,25,customer_velocity,0.25,0.011102719223014406,0.25
X000058195,2026-01-07 08:44:29,C000494,A0000494,M00266,T01058,Northeast,Northeast,14.37,USD,card_present,wallet_biometric,approved,APPROVE,19.63,0.7320427916454406,0,0,0,0,0,0,0,4,9,3,0,15,new_customer_terminal_pair,0.15,0.0062604124275452986,0.15
X000030861,2026-01-07 08:45:19,C000262,A0000262,M00128,T00044,Northeast,Northeast,180.61,USD,card_present,chip_pin,approved,APPROVE,84.93,2.126574826327564,0,0,0,0,0,0,0,5,16,8,4,43,customer_velocity;terminal_customer_network_burst,0.43,0.019904825820547725,0.43
X000054357,2026-01-07 08:45:31,C000461,A0000461,M00778,T01132,South,South,861.73,USD,card_present,3ds,approved,APPROVE,456.08,1.8894272934572882,0,0,0,0,0,0,0,5,30,8,7,43,customer_velocity;terminal_customer_network_burst,0.43,0.017039961046160956,0.43
X000044258,2026-01-07 08:46:16,C000376,A0000376,M00494,T01020,West,West,117.92,USD,card_present,3ds,approved,APPROVE,189.71,0.6215803067840387,0,0,0,0,0,0,0,2,17,5,10,0,,0.0,0.004429381143241216,0.004429381143241216
X000102607,2026-01-07 08:46:40,C000863,A0000863,M00111,T01015,Midwest,Midwest,238.22,USD,ecommerce,chip_pin,approved,APPROVE,164.58,1.4474419735083242,0,0,0,1,0,0,0,8,33,9,3,43,customer_velocity;terminal_customer_network_burst,0.43,0.027362238330159272,0.43
X000197755,2026-01-07 08:46:52,C001623,A0001623,M00453,T00831,South,South,84.68,USD,card_present,wallet_biometric,approved,APPROVE,107.7,0.7862581244196843,0,0,0,0,0,0,0,10,48,13,7,63,customer_velocity;high_customer_velocity;terminal_customer_network_burst,0.63,0.03645845102657187,0.63
X000219501,2026-01-07 08:46:55,C001793,A0001793,M00305,T00827,Northeast,Northeast,30.42,USD,mobile_wallet,wallet_biometric,approved,APPROVE,36.29,0.8382474510884542,0,0,0,0,0,1,0,2,23,8,5,18,terminal_customer_network_burst,0.18,0.012368518044611067,0.18
X000226623,2026-01-07 08:47:08,C001847,A0001847,M00200,T00991,Midwest,Midwest,28.72,USD,card_present,3ds,approved,APPROVE,24.3,1.1818930041152262,0,0,0,0,0,0,0,1,11,7,3,0,,0.0,0.007736325309191509,0.007736325309191509
X000182166,2026-01-07 08:47:37,C001500,A0001500,M00788,T00018,South,South,128.03,USD,card_present,chip_pin,approved,APPROVE,130.54,0.9807721771104643,0,0,0,0,0,0,0,5,45,11,12,43,customer_velocity;terminal_customer_network_burst,0.43,0.014871892063320508,0.43
X000007199,2026-01-07 08:48:12,C000067,A0000067,M00788,T00018,South,South,57.22,USD,card_present,3ds,approved,APPROVE,43.8,1.306392694063927,0,0,0,0,0,0,0,4,46,11,6,18,terminal_customer_network_burst,0.18,0.018332937310102642,0.18
X000114867,2026-01-07 08:48:22,C000956,A0000956,M00566,T00310,West,West,235.05,USD,mobile_wallet,chip_pin,approved,APPROVE,222.07,1.0584500382762192,0,0,0,0,0,1,0,1,7,3,4,0,,0.0,0.006615220747155264,0.006615220747155264
X000142692,2026-01-07 08:48:32,C001176,A0001176,M00640,T00037,Midwest,Midwest,137.25,USD,card_present,chip_pin,approved,APPROVE,86.99,1.5777675594895966,0,0,0,0,0,0,0,5,37,8,8,43,customer_velocity;terminal_customer_network_burst,0.43,0.014820717803792346,0.43
X000206613,2026-01-07 08:48:40,C001687,A0001687,M00661,T00801,Northeast,Northeast,263.48,USD,ecommerce,3ds,approved,APPROVE,226.33,1.1641408562718154,0,0,0,1,0,0,0,4,14,7,5,0,,0.0,0.010871756581850958,0.010871756581850958
X000062387,2026-01-07 08:49:03,C000531,A0000531,M00318,T00746,Midwest,Midwest,77.09,USD,mobile_wallet,3ds,approved,APPROVE,214.99,0.358574817433369,0,0,0,0,0,1,0,2,50,10,11,18,terminal_customer_network_burst,0.18,0.011388831757797917,0.18
X000167494,2026-01-07 08:49:21,C001384,A0001384,M00077,T00306,South,South,43.92,USD,ecommerce,3ds,approved,APPROVE,83.35,0.5269346130773845,0,0,0,1,0,0,0,1,34,11,3,18,terminal_customer_network_burst,0.18,0.010638703985378554,0.18
X000029503,2026-01-07 08:49:44,C000254,A0000254,M00298,T00088,Northeast,Northeast,407.57,USD,card_present,wallet_biometric,approved,APPROVE,244.89,1.6642982563599984,0,0,0,0,0,0,0,4,34,6,10,0,,0.0,0.010049304713190084,0.010049304713190084
X000146298,2026-01-07 08:49:51,C001207,A0001207,M00661,T00801,West,Northeast,32.77,USD,card_present,chip_pin,soft_decline,CHALLENGE,39.48,0.8300405268490376,0,0,1,0,0,0,1,3,15,7,0,35,new_customer_terminal_pair;authentication_soft_decline;home_region_mismatch,0.35,0.3297632771743528,0.35
X000098505,2026-01-07 08:50:07,C000826,A0000826,M00030,T00879,West,West,20.8,USD,ecommerce,wallet_biometric,approved,APPROVE,29.66,0.7012811867835469,0,0,0,1,0,0,0,0,15,6,5,0,,0.0,0.0050254670647585835,0.0050254670647585835
X000030862,2026-01-07 08:50:31,C000262,A0000262,M00168,T00020,Northeast,Northeast,142.91,USD,ecommerce,magstripe,approved,APPROVE,84.93,1.6826798539974095,0,0,0,1,1,0,0,6,12,5,5,25,customer_velocity,0.25,0.02851012640244214,0.25
X000092273,2026-01-07 08:51:00,C000773,A0000773,M00376,T00181,South,South,36.88,USD,ecommerce,wallet_biometric,approved,APPROVE,45.11,0.8175570826867657,0,0,0,1,0,0,0,3,52,9,9,18,terminal_customer_network_burst,0.18,0.010309139258065272,0.18
X000154735,2026-01-07 08:53:27,C001276,A0001276,M00679,T00775,Northeast,Northeast,14.84,USD,card_present,wallet_biometric,approved,APPROVE,41.03,0.3616865708018523,0,0,0,0,0,0,0,3,22,5,3,0,,0.0,0.005693810820524715,0.005693810820524715
X000183997,2026-01-07 08:53:49,C001516,A0001516,M00038,T00874,South,South,123.5,USD,ecommerce,chip_pin,approved,APPROVE,98.31,1.2562302919336792,0,0,0,1,0,0,0,0,76,15,2,18,terminal_customer_network_burst,0.18,0.023297495364570268,0.18
X000060496,2026-01-07 08:53:58,C000515,A0000515,M00724,T00630,West,West,64.58,USD,ecommerce,3ds,approved,APPROVE,95.21,0.6782900955781956,0,0,0,1,0,0,0,3,18,6,1,0,,0.0,0.008116419886172791,0.008116419886172791
X000079652,2026-01-07 08:54:35,C000671,A0000671,M00148,T01086,Midwest,Midwest,152.02,USD,mobile_wallet,chip_pin,approved,APPROVE,68.34,2.224465905765291,0,0,0,0,0,1,0,2,45,7,7,0,,0.0,0.01905900970853341,0.01905900970853341
X000039916,2026-01-07 08:54:38,C000339,A0000339,M00494,T01189,West,West,33.58,USD,mobile_wallet,chip_pin,approved,APPROVE,89.3,0.3760358342665174,0,0,0,0,0,1,0,1,6,4,2,0,,0.0,0.006004927834480364,0.006004927834480364
X000140803,2026-01-07 08:54:51,C001160,A0001160,M00715,T00083,Midwest,Midwest,14.34,USD,card_present,chip_pin,approved,APPROVE,27.42,0.5229759299781181,0,0,0,0,0,0,0,4,22,5,2,0,,0.0,0.007059972917936324,0.007059972917936324
X000127543,2026-01-07 08:55:22,C001052,A0001052,M00282,T00583,South,South,76.08,USD,mobile_wallet,chip_pin,approved,APPROVE,146.14,0.5205966881072944,0,0,0,0,0,1,0,5,61,12,14,43,customer_velocity;terminal_customer_network_burst,0.43,0.020338499188009274,0.43
X000221206,2026-01-07 08:55:32,C001804,A0001804,M00154,T01001,South,South,206.29,USD,ecommerce,3ds,approved,APPROVE,206.37,0.9996123467558269,0,0,0,1,0,0,0,9,41,10,10,43,customer_velocity;terminal_customer_network_burst,0.43,0.023571536298609575,0.43
X000079064,2026-01-07 08:56:18,C000666,A0000666,M00060,T00662,West,West,29.94,USD,card_present,chip_pin,approved,APPROVE,32.91,0.9097538742023702,0,0,0,0,0,0,0,2,9,4,4,0,,0.0,0.005262964641752769,0.005262964641752769
X000016193,2026-01-07 08:57:03,C000137,A0000137,M00038,T00874,South,South,273.69,USD,card_present,magstripe,approved,APPROVE,145.83,1.8767743262703145,0,0,0,0,1,0,0,3,77,15,11,18,terminal_customer_network_burst,0.18,0.06326719813930803,0.18
X000178345,2026-01-07 08:57:12,C001468,A0001468,M00700,T00884,Northeast,Northeast,32.57,USD,mobile_wallet,chip_pin,approved,APPROVE,56.59,0.5755433822230076,0,0,0,0,0,1,0,2,35,8,0,33,new_customer_terminal_pair;terminal_customer_network_burst,0.33,0.013467719503226472,0.33
X000051276,2026-01-07 08:57:28,C000432,A0000432,M00339,T00824,West,West,33.34,USD,card_present,3ds,approved,APPROVE,43.84,0.760492700729927,0,0,0,0,0,0,0,1,5,3,3,0,,0.0,0.003999652950689412,0.003999652950689412
X000000633,2026-01-07 08:57:30,C000008,A0000008,M00015,T00330,South,South,151.33,USD,mobile_wallet,magstripe,approved,APPROVE,124.57,1.2148189772818496,0,0,0,0,1,1,0,2,48,16,8,18,terminal_customer_network_burst,0.18,0.07375154785205362,0.18
X000041990,2026-01-07 08:57:37,C000356,A0000356,M00727,T00137,West,West,123.68,USD,card_present,magstripe,approved,APPROVE,126.06,0.9811201015389498,0,0,0,0,1,0,0,7,12,2,7,25,customer_velocity,0.25,0.01517185206342944,0.25
X000137581,2026-01-07 08:57:51,C001131,A0001131,M00573,T00460,Northeast,Northeast,143.04,USD,mobile_wallet,chip_pin,approved,APPROVE,58.84,2.4309993201903466,0,0,0,0,0,1,0,2,23,8,4,18,terminal_customer_network_burst,0.18,0.024201041924404153,0.18
X000229451,2026-01-07 08:58:12,C001869,A0001869,M00285,T00370,Midwest,Midwest,40.91,USD,card_present,chip_pin,soft_decline,CHALLENGE,57.21,0.7150847753889179,0,0,1,0,0,0,0,1,36,8,5,26,terminal_customer_network_burst;authentication_soft_decline,0.26,0.033329617833889956,0.26
X000058918,2026-01-07 08:58:33,C000500,A0000500,M00180,T00539,West,West,33.03,USD,card_present,wallet_biometric,approved,APPROVE,28.95,1.1409326424870467,0,0,0,0,0,0,0,0,15,3,0,15,new_customer_terminal_pair,0.15,0.004694168461260376,0.15
X000176185,2026-01-07 08:58:56,C001452,A0001452,M00286,T00067,West,West,83.17,USD,ecommerce,magstripe,approved,APPROVE,57.59,1.4441743358221912,0,0,0,1,1,0,0,0,10,6,0,15,new_customer_terminal_pair,0.15,0.016994892654508507,0.15
X000051045,2026-01-07 08:59:08,C000429,A0000429,M00701,T00494,West,West,32.37,USD,mobile_wallet,3ds,approved,APPROVE,42.22,0.7666982472761724,0,0,0,0,0,1,0,0,7,4,3,0,,0.0,0.006074948421355736,0.006074948421355736
X000075655,2026-01-07 08:59:14,C000636,A0000636,M00195,T00595,South,South,67.86,USD,card_present,wallet_biometric,approved,APPROVE,39.78,1.7058823529411764,0,0,0,0,0,0,0,0,35,9,1,18,terminal_customer_network_burst,0.18,0.012211700410797454,0.18
X000089315,2026-01-07 09:00:02,C000748,A0000748,M00295,T00163,South,South,308.42,USD,card_present,chip_pin,approved,APPROVE,224.36,1.3746657158138706,0,0,0,0,0,0,0,2,58,12,13,18,terminal_customer_network_burst,0.18,0.013837884370340873,0.18
X000062388,2026-01-07 09:00:30,C000531,A0000531,M00318,T00746,Midwest,Midwest,253.57,USD,card_present,3ds,approved,APPROVE,214.99,1.1794502069863715,0,0,0,0,0,0,0,3,51,10,12,18,terminal_customer_network_burst,0.18,0.011525361889318167,0.18
X000020898,2026-01-07 09:01:12,C000183,A0000183,M00797,T00997,South,South,13.92,USD,ecommerce,3ds,approved,APPROVE,32.26,0.4314941103533788,0,0,0,1,0,0,0,1,29,10,2,18,terminal_customer_network_burst,0.18,0.009277019996560365,0.18
X000130858,2026-01-07 09:01:13,C001077,A0001077,M00784,T00756,South,South,43.3,USD,mobile_wallet,chip_pin,approved,APPROVE,41.55,1.0421179302045729,0,0,0,0,0,1,0,6,50,11,6,43,customer_velocity;terminal_customer_network_burst,0.43,0.03134774558191004,0.43
X000108886,2026-01-07 09:01:19,C000913,A0000913,M00386,T00008,Northeast,Northeast,120.46,USD,ecommerce,3ds,approved,APPROVE,132.83,0.9068734472634192,0,0,0,1,0,0,0,6,27,7,10,25,customer_velocity,0.25,0.010891782791141454,0.25
X000080216,2026-01-07 09:02:42,C000675,A0000675,M00067,T00948,South,South,53.53,USD,card_present,chip_pin,approved,APPROVE,48.77,1.0976009842116055,0,0,0,0,0,0,0,1,45,11,5,18,terminal_customer_network_burst,0.18,0.012249292920381752,0.18
X000139779,2026-01-07 09:02:47,C001153,A0001153,M00602,T00692,Northeast,Northeast,21.6,USD,card_present,chip_pin,approved,APPROVE,40.35,0.5353159851301116,0,0,0,0,0,0,0,2,22,6,1,0,,0.0,0.006523889040612816,0.006523889040612816
X000157397,2026-01-07 09:03:08,C001295,A0001295,M00347,T00674,Midwest,Midwest,51.78,USD,mobile_wallet,chip_pin,approved,APPROVE,77.06,0.6719439397871788,0,0,0,0,0,1,0,4,29,10,9,18,terminal_customer_network_burst,0.18,0.0164835521952155,0.18
X000217860,2026-01-07 09:03:09,C001779,A0001779,M00561,T00399,Midwest,Midwest,23.89,USD,ecommerce,3ds,approved,APPROVE,50.21,0.4758016331408086,0,0,0,1,0,0,0,1,13,4,5,0,,0.0,0.0040483836045083045,0.0040483836045083045
X000040610,2026-01-07 09:03:15,C000345,A0000345,M00130,T00939,South,South,137.35,USD,ecommerce,3ds,approved,APPROVE,84.45,1.6264061574896387,0,0,0,1,0,0,0,3,34,11,1,18,terminal_customer_network_burst,0.18,0.02226413055258793,0.18
X000036898,2026-01-07 09:04:17,C000316,A0000316,M00005,T01091,South,South,39.33,USD,card_present,chip_pin,approved,APPROVE,40.33,0.9752045623605257,0,0,0,0,0,0,0,1,27,10,4,18,terminal_customer_network_burst,0.18,0.010222690603285465,0.18
X000237644,2026-01-07 09:04:24,C001938,A0001938,M00753,T00413,South,South,177.41,USD,ecommerce,magstripe,approved,APPROVE,111.49,1.591263790474482,0,0,0,1,1,0,0,0,43,15,7,18,terminal_customer_network_burst,0.18,0.04438333723093494,0.18
X000240361,2026-01-07 09:04:26,C001961,A0001961,M00453,T00831,South,South,132.18,USD,card_present,3ds,approved,APPROVE,100.48,1.3154856687898089,0,0,0,0,0,0,0,5,49,13,7,43,customer_velocity;terminal_customer_network_burst,0.43,0.025439190769749525,0.43
X000152012,2026-01-07 09:05:26,C001250,A0001250,M00383,T00570,Midwest,Midwest,45.21,USD,mobile_wallet,wallet_biometric,approved,APPROVE,34.64,1.3051385681293302,0,0,0,0,0,1,0,2,8,5,2,0,,0.0,0.01112463646812197,0.01112463646812197
X000036899,2026-01-07 09:05:52,C000316,A0000316,M00580,T00415,South,South,40.41,USD,ecommerce,chip_pin,approved,APPROVE,40.33,1.001983635011158,0,0,0,1,0,0,0,2,55,13,3,18,terminal_customer_network_burst,0.18,0.01929679053471786,0.18
X000115670,2026-01-07 09:05:52,C000961,A0000961,M00797,T00418,South,South,214.15,USD,card_present,3ds,approved,APPROVE,148.91,1.4381169834127998,0,0,0,0,0,0,0,1,42,6,10,0,,0.0,0.0065876169986279565,0.0065876169986279565
X000165254,2026-01-07 09:06:17,C001364,A0001364,M00661,T00141,Northeast,Northeast,58.89,USD,card_present,chip_pin,approved,APPROVE,58.11,1.0134228187919463,0,0,0,0,0,0,0,2,27,6,5,0,,0.0,0.007050545205945469,0.007050545205945469
X000147819,2026-01-07 09:06:45,C001221,A0001221,M00699,T00493,Midwest,Midwest,102.04,USD,card_present,chip_pin,approved,APPROVE,130.45,0.7822154082023766,0,0,0,0,0,0,0,1,29,7,6,0,,0.0,0.006252743649421291,0.006252743649421291
X000241953,2026-01-07 09:06:53,C001975,A0001975,M00044,T01081,Northeast,Northeast,42.43,USD,card_present,chip_pin,approved,APPROVE,41.74,1.0165309056061331,0,0,0,0,0,0,0,0,46,12,3,18,terminal_customer_network_burst,0.18,0.012685607693353985,0.18
X000073922,2026-01-07 09:06:59,C000625,A0000625,M00550,T00423,West,West,33.73,USD,card_present,magstripe,approved,APPROVE,38.54,0.8751946030098599,0,0,0,0,1,0,0,1,15,4,2,0,,0.0,0.010813104752643321,0.010813104752643321
X000047764,2026-01-07 09:07:02,C000403,A0000403,M00089,T00946,Midwest,Midwest,38.04,USD,card_present,magstripe,approved,APPROVE,58.43,0.6510354270066746,0,0,0,0,1,0,0,2,14,6,1,0,,0.0,0.014459310236720141,0.014459310236720141
X000200642,2026-01-07 09:07:10,C001644,A0001644,M00094,T00737,South,South,39.64,USD,card_present,3ds,approved,APPROVE,30.8,1.287012987012987,0,0,0,0,0,0,0,1,77,15,4,18,terminal_customer_network_burst,0.18,0.023623021358775052,0.18
X000122228,2026-01-07 09:07:15,C001014,A0001014,M00052,T00013,South,South,67.09,USD,card_present,chip_pin,approved,APPROVE,79.82,0.8405161613630671,0,0,0,0,0,0,0,3,34,10,5,18,terminal_customer_network_burst,0.18,0.012052881091160476,0.18
X000179636,2026-01-07 09:07:28,C001477,A0001477,M00620,T00585,South,South,10.45,USD,ecommerce,wallet_biometric,approved,APPROVE,42.81,0.24410184536323287,0,0,0,1,0,0,0,1,31,8,0,33,new_customer_terminal_pair;terminal_customer_network_burst,0.33,0.007281158711296697,0.33
X000141467,2026-01-07 09:08:01,C001165,A0001165,M00033,T00919,West,West,54.5,USD,card_present,3ds,approved,APPROVE,51.53,1.057636328352416,0,0,0,0,0,0,0,1,1,1,1,0,,0.0,0.0037609370429910177,0.0037609370429910177
X000006917,2026-01-07 09:08:36,C000063,A0000063,M00247,T01144,South,South,48.79,USD,card_present,3ds,approved,APPROVE,104.29,0.46783008917441743,0,0,0,0,0,0,0,3,79,16,5,18,terminal_customer_network_burst,0.18,0.02346019195991204,0.18
X000075860,2026-01-07 09:08:58,C000638,A0000638,M00400,T00241,West,West,40.62,USD,ecommerce,wallet_biometric,approved,APPROVE,27.22,1.4922850844966935,0,0,0,1,0,0,0,3,27,6,3,0,,0.0,0.010825755196041608,0.010825755196041608
X000108887,2026-01-07 09:09:17,C000913,A0000913,M00224,T01197,Northeast,Northeast,101.58,USD,ecommerce,3ds,approved,APPROVE,132.83,0.764736881728525,0,0,0,1,0,0,0,7,21,7,6,25,customer_velocity,0.25,0.012941940704890196,0.25
X000073649,2026-01-07 09:09:18,C000623,A0000623,M00640,T01025,Midwest,Midwest,181.63,USD,card_present,wallet_biometric,approved,APPROVE,104.99,1.7299742832650729,0,0,0,0,0,0,0,6,39,8,7,43,customer_velocity;terminal_customer_network_burst,0.43,0.018362545240591572,0.43
X000245081,2026-01-07 09:09:42,C001997,A0001997,M00253,T00291,South,South,221.74,USD,card_present,wallet_biometric,approved,APPROVE,191.59,1.1573672947439846,0,0,0,0,0,0,0,8,30,9,5,43,customer_velocity;terminal_customer_network_burst,0.43,0.021539842612502805,0.43
X000000177,2026-01-07 09:09:55,C000002,A0000002,M00535,T00761,West,West,35.57,USD,card_present,3ds,approved,APPROVE,97.15,0.36613484302624805,0,0,0,0,0,0,0,1,14,5,2,0,,0.0,0.0045638897004476875,0.0045638897004476875
X000203161,2026-01-07 09:09:57,C001664,A0001664,M00051,T01084,South,South,200.99,USD,mobile_wallet,chip_pin,approved,APPROVE,245.36,0.819163677861102,0,0,0,0,0,1,0,2,32,10,6,18,terminal_customer_network_burst,0.18,0.015377769327290949,0.18
X000146299,2026-01-07 09:10:28,C001207,A0001207,M00553,T00625,West,West,79.61,USD,card_present,chip_pin,approved,APPROVE,39.48,2.0164640324214793,0,0,0,0,0,0,0,4,13,4,4,0,,0.0,0.010526816399701032,0.010526816399701032
X000186330,2026-01-07 09:10:39,C001532,A0001532,M00523,T00390,Midwest,Midwest,104.19,USD,mobile_wallet,chip_pin,approved,APPROVE,163.74,0.6363136680102601,0,0,0,0,0,1,0,3,13,3,3,0,,0.0,0.007390196656969012,0.007390196656969012
X000039744,2026-01-07 09:11:32,C000338,A0000338,M00637,T00508,Northeast,Northeast,45.32,USD,ecommerce,3ds,approved,APPROVE,96.33,0.4704661060936365,0,0,0,1,0,0,0,3,14,2,7,0,,0.0,0.0037888281691095672,0.0037888281691095672
X000205595,2026-01-07 09:12:00,C001679,A0001679,M00342,T00375,Midwest,Midwest,447.68,USD,ecommerce,chip_pin,approved,APPROVE,208.94,2.1426246769407484,0,0,0,1,0,0,0,4,56,11,17,18,terminal_customer_network_burst,0.18,0.01951439995354422,0.18
X000188207,2026-01-07 09:12:17,C001546,A0001546,M00484,T00728,South,South,110.33,USD,mobile_wallet,chip_pin,approved,APPROVE,61.0,1.8086885245901638,0,0,0,0,0,1,0,1,44,11,5,18,terminal_customer_network_burst,0.18,0.024349545562938446,0.18
X000143642,2026-01-07 09:12:36,C001184,A0001184,M00285,T01108,Midwest,Midwest,35.13,USD,ecommerce,3ds,approved,APPROVE,116.35,0.3019338203695746,0,0,0,1,0,0,0,2,47,8,2,18,terminal_customer_network_burst,0.18,0.008184831830892478,0.18
X000165255,2026-01-07 09:12:54,C001364,A0001364,M00661,T00141,Northeast,Northeast,52.28,USD,card_present,chip_pin,approved,APPROVE,58.11,0.8996730339012219,0,0,0,0,0,0,0,3,28,6,6,0,,0.0,0.007347808721023072,0.007347808721023072
X000185369,2026-01-07 09:13:04,C001525,A0001525,M00342,T00375,Midwest,Midwest,92.33,USD,ecommerce,wallet_biometric,approved,APPROVE,133.44,0.6919214628297362,0,0,0,1,0,0,0,4,57,11,11,18,terminal_customer_network_burst,0.18,0.013230495385225001,0.18
X000008209,2026-01-07 09:13:11,C000075,A0000075,M00610,T00995,Northeast,Midwest,17.87,USD,card_present,3ds,approved,APPROVE,31.46,0.5680228862047044,0,0,0,0,0,0,1,2,28,7,0,27,new_customer_terminal_pair;home_region_mismatch,0.27,0.0787321973484128,0.27
X000147318,2026-01-07 09:13:12,C001216,A0001216,M00490,T00340,South,South,57.5,USD,ecommerce,3ds,approved,APPROVE,43.69,1.3160906385900664,0,0,0,1,0,0,0,3,20,5,5,0,,0.0,0.008252098213394484,0.008252098213394484
X000190288,2026-01-07 09:13:15,C001563,A0001563,M00154,T00515,South,South,271.97,USD,card_present,chip_pin,approved,APPROVE,256.53,1.0601878922543175,0,0,0,0,0,0,0,4,13,4,6,0,,0.0,0.00669943456526029,0.00669943456526029
X000066364,2026-01-07 09:13:47,C000563,A0000563,M00299,T01117,Northeast,Northeast,37.68,USD,ecommerce,3ds,approved,APPROVE,25.27,1.4910961614562723,0,0,0,1,0,0,0,1,15,4,1,0,,0.0,0.006996699251809408,0.006996699251809408
X000128330,2026-01-07 09:13:59,C001056,A0001056,M00602,T00692,Northeast,Northeast,23.5,USD,card_present,wallet_biometric,approved,APPROVE,49.67,0.47312260922085764,0,0,0,0,0,0,0,2,23,6,3,0,,0.0,0.005978352964954365,0.005978352964954365
X000019649,2026-01-07 09:14:07,C000170,A0000170,M00408,T00920,Northeast,Northeast,81.65,USD,ecommerce,chip_pin,approved,APPROVE,63.99,1.2759806219721832,0,0,0,1,0,0,0,4,24,6,8,0,,0.0,0.009418052919362315,0.009418052919362315
X000226322,2026-01-07 09:15:17,C001844,A0001844,M00674,T00232,Midwest,Midwest,36.49,USD,card_present,3ds,approved,APPROVE,48.12,0.7583125519534498,0,0,0,0,0,0,0,1,40,6,4,0,,0.0,0.006037320954316626,0.006037320954316626
X000233622,2026-01-07 09:15:38,C001905,A0001905,M00003,T00787,South,South,79.92,USD,ecommerce,chip_pin,approved,APPROVE,37.47,2.132906325060048,0,0,0,1,0,0,0,2,42,11,4,18,terminal_customer_network_burst,0.18,0.022527274020576058,0.18
X000094042,2026-01-07 09:15:46,C000788,A0000788,M00402,T00179,South,South,550.23,USD,card_present,magstripe,approved,APPROVE,267.44,2.0573960514507927,0,0,0,0,1,0,0,3,34,7,7,0,,0.0,0.02782034822939181,0.02782034822939181
X000085907,2026-01-07 09:16:04,C000720,A0000720,M00294,T00731,South,South,12.1,USD,ecommerce,chip_pin,approved,APPROVE,29.11,0.41566472002748195,0,0,0,1,0,0,0,0,35,10,2,18,terminal_customer_network_burst,0.18,0.008327030630467152,0.18
X000085247,2026-01-07 09:16:05,C000712,A0000712,M00640,T00333,Midwest,Midwest,180.1,USD,card_present,3ds,approved,APPROVE,43.3,4.159353348729792,0,0,0,0,0,0,0,1,12,4,2,30,amount_vs_profile,0.3,0.01871980927469078,0.3
X000215309,2026-01-07 09:16:18,C001758,A0001758,M00085,T00540,Northeast,Northeast,19.37,USD,ecommerce,chip_pin,approved,APPROVE,40.57,0.4774463889573577,0,0,0,1,0,0,0,1,25,4,6,0,,0.0,0.004044871536635272,0.004044871536635272
X000021871,2026-01-07 09:16:33,C000189,A0000189,M00096,T00202,West,West,51.98,USD,ecommerce,magstripe,approved,APPROVE,59.62,0.8718550821871855,0,0,0,1,1,0,0,1,24,7,4,0,,0.0,0.0155423446098843,0.0155423446098843
X000119493,2026-01-07 09:16:39,C000991,A0000991,M00409,T01085,Northeast,Northeast,83.15,USD,mobile_wallet,wallet_biometric,approved,APPROVE,63.0,1.31984126984127,0,0,0,0,0,1,0,0,21,8,1,18,terminal_customer_network_burst,0.18,0.013459956211292054,0.18
X000125606,2026-01-07 09:16:46,C001035,A0001035,M00442,T00105,West,West,40.24,USD,mobile_wallet,chip_pin,approved,APPROVE,47.5,0.8471578947368421,0,0,0,0,0,1,0,4,31,6,0,15,new_customer_terminal_pair,0.15,0.014845120124873537,0.15
X000071460,2026-01-07 09:17:09,C000607,A0000607,M00730,T00009,West,West,126.64,USD,ecommerce,chip_pin,approved,APPROVE,158.41,0.7994444795151822,0,0,0,1,0,0,0,1,7,2,4,0,,0.0,0.0037062609571005484,0.0037062609571005484
X000067537,2026-01-07 09:17:16,C000572,A0000572,M00283,T01004,Northeast,Northeast,91.88,USD,card_present,wallet_biometric,approved,APPROVE,49.96,1.8390712570056043,0,0,0,0,0,0,0,0,22,6,3,0,,0.0,0.008210320433682491,0.008210320433682491
X000080217,2026-01-07 09:17:18,C000675,A0000675,M00712,T00064,South,South,40.64,USD,card_present,magstripe,approved,APPROVE,48.77,0.8332991593192536,0,0,0,0,1,0,0,2,43,14,5,18,terminal_customer_network_burst,0.18,0.03729156947051165,0.18
X000014661,2026-01-07 09:17:25,C000125,A0000125,M00008,T00319,Midwest,West,23.96,USD,ecommerce,3ds,approved,APPROVE,36.25,0.6609655172413793,0,0,0,1,0,0,1,2,3,3,0,27,new_customer_terminal_pair;home_region_mismatch,0.27,0.05175184252519976,0.27
X000021024,2026-01-07 09:17:36,C000184,A0000184,M00476,T00028,Midwest,Midwest,136.47,USD,card_present,wallet_biometric,approved,APPROVE,126.84,1.075922421948912,0,0,0,0,0,0,0,1,33,8,7,18,terminal_customer_network_burst,0.18,0.007754462825444246,0.18
X000055313,2026-01-07 09:18:03,C000468,A0000468,M00676,T00282,Midwest,Midwest,28.49,USD,ecommerce,3ds,approved,APPROVE,38.84,0.7335221421215241,0,0,0,1,0,0,0,1,16,4,2,0,,0.0,0.004992723476134533,0.004992723476134533
X000163374,2026-01-07 09:18:41,C001348,A0001348,M00753,T00413,South,South,118.41,USD,card_present,chip_pin,approved,APPROVE,58.02,2.040847983453981,0,0,0,0,0,0,0,5,44,15,4,43,customer_velocity;terminal_customer_network_burst,0.43,0.04623148696846832,0.43
X000047866,2026-01-07 09:18:42,C000404,A0000404,M00017,T00257,Midwest,Midwest,52.38,USD,card_present,3ds,approved,APPROVE,227.96,0.2297771538866468,0,0,0,0,0,0,0,11,19,2,11,45,customer_velocity;high_customer_velocity,0.45,0.007411860455168264,0.45
X000009473,2026-01-07 09:19:09,C000087,A0000087,M00768,T00457,South,South,133.85,USD,ecommerce,3ds,approved,APPROVE,68.99,1.9401362516306713,0,0,0,1,0,0,0,3,40,14,5,18,terminal_customer_network_burst,0.18,0.03192810513799468,0.18
X000173408,2026-01-07 09:19:10,C001430,A0001430,M00433,T00752,Midwest,Midwest,158.13,USD,card_present,chip_pin,approved,APPROVE,113.63,1.3916219308281264,0,0,0,0,0,0,0,1,20,6,4,0,,0.0,0.00741644516008574,0.00741644516008574
X000047867,2026-01-07 09:19:20,C000404,A0000404,M00513,T00695,Midwest,Midwest,351.5,USD,mobile_wallet,3ds,approved,APPROVE,227.96,1.5419371819617476,0,0,0,0,0,1,0,12,24,5,11,45,customer_velocity;high_customer_velocity,0.45,0.030415554120930523,0.45
X000086484,2026-01-07 09:19:21,C000726,A0000726,M00094,T01093,South,South,145.55,USD,ecommerce,3ds,approved,APPROVE,88.57,1.6433329569831774,0,0,0,1,0,0,0,3,29,9,3,18,terminal_customer_network_burst,0.18,0.01644414110795183,0.18
X000048637,2026-01-07 09:20:47,C000408,A0000408,M00594,T01188,Northeast,Northeast,188.51,USD,card_present,3ds,approved,APPROVE,71.27,2.6450119264767786,0,0,0,0,0,0,0,3,56,13,2,18,terminal_customer_network_burst,0.18,0.04078433948352573,0.18
X000143035,2026-01-07 09:21:27,C001179,A0001179,M00510,T00280,West,West,39.41,USD,mobile_wallet,chip_pin,approved,APPROVE,45.31,0.8697859192231294,0,0,0,0,0,1,0,1,17,5,8,0,,0.0,0.0069973743388717065,0.0069973743388717065
X000036447,2026-01-07 09:21:42,C000312,A0000312,M00304,T00684,West,Midwest,29.84,USD,ecommerce,chip_pin,approved,APPROVE,30.78,0.9694606887589343,0,0,0,1,0,0,1,2,29,10,0,45,new_customer_terminal_pair;terminal_customer_network_burst;home_region_mismatch,0.45,0.13212270839437085,0.45
X000130656,2026-01-07 09:21:42,C001075,A0001075,M00795,T00576,Northeast,Northeast,33.07,USD,ecommerce,3ds,approved,APPROVE,45.23,0.7311518903382711,0,0,0,1,0,0,0,1,22,8,2,18,terminal_customer_network_burst,0.18,0.00812673459590429,0.18
X000004541,2026-01-07 09:21:51,C000041,A0000041,M00029,T00167,South,South,72.32,USD,card_present,wallet_biometric,approved,APPROVE,117.02,0.6180140146983422,0,0,0,0,0,0,0,5,35,13,4,43,customer_velocity;terminal_customer_network_burst,0.43,0.02044728243672445,0.43
X000192733,2026-01-07 09:22:10,C001583,A0001583,M00425,T00883,West,West,27.62,USD,card_present,3ds,approved,APPROVE,33.99,0.812591938805531,0,0,0,0,0,0,0,2,12,4,1,0,,0.0,0.005617861508535216,0.005617861508535216
X000219772,2026-01-07 09:22:27,C001796,A0001796,M00056,T01161,Midwest,Midwest,34.47,USD,ecommerce,wallet_biometric,approved,APPROVE,29.05,1.1865748709122201,0,0,0,1,0,0,0,3,16,5,2,0,,0.0,0.008537792415170109,0.008537792415170109
X000208711,2026-01-07 09:22:36,C001703,A0001703,M00251,T00782,West,West,55.17,USD,mobile_wallet,3ds,approved,APPROVE,89.83,0.6141600801513971,0,0,0,0,0,1,0,3,7,2,2,0,,0.0,0.006619100156739514,0.006619100156739514
X000176293,2026-01-07 09:22:50,C001453,A0001453,M00509,T01064,West,West,19.42,USD,mobile_wallet,wallet_biometric,approved,APPROVE,19.12,1.0156903765690377,0,0,0,0,0,1,0,0,19,5,2,0,,0.0,0.008055596890785425,0.008055596890785425
X000143816,2026-01-07 09:23:07,C001186,A0001186,M00323,T01185,South,South,313.26,USD,card_present,3ds,approved,APPROVE,248.53,1.2604514545527703,0,0,0,0,0,0,0,4,36,9,13,18,terminal_customer_network_burst,0.18,0.011088431534636595,0.18
X000151163,2026-01-07 09:23:14,C001242,A0001242,M00020,T00130,South,South,222.29,USD,card_present,3ds,approved,APPROVE,122.13,1.8201097191517235,0,0,0,0,0,0,0,4,40,12,10,18,terminal_customer_network_burst,0.18,0.021939491116030038,0.18
X000082095,2026-01-07 09:23:54,C000688,A0000688,M00400,T00160,Northeast,West,63.52,USD,card_present,wallet_biometric,approved,APPROVE,48.53,1.308881104471461,0,0,0,0,0,0,1,3,17,5,0,27,new_customer_terminal_pair;home_region_mismatch,0.27,0.09068615725177527,0.27
X000162226,2026-01-07 09:23:55,C001340,A0001340,M00127,T00278,South,South,88.25,USD,card_present,wallet_biometric,approved,APPROVE,94.89,0.930024238592054,0,0,0,0,0,0,0,0,15,7,1,0,,0.0,0.006695418083984416,0.006695418083984416
X000053567,2026-01-07 09:23:57,C000453,A0000453,M00064,T00627,Midwest,Midwest,38.25,USD,ecommerce,wallet_biometric,approved,APPROVE,51.29,0.7457594072918697,0,0,0,1,0,0,0,1,24,8,3,18,terminal_customer_network_burst,0.18,0.007956110799092387,0.18
X000180009,2026-01-07 09:24:04,C001480,A0001480,M00393,T00751,Northeast,Northeast,140.35,USD,card_present,chip_pin,approved,APPROVE,107.72,1.3029149647233569,0,0,0,0,0,0,0,5,29,7,10,25,customer_velocity,0.25,0.010838551195314534,0.25
X000107982,2026-01-07 09:24:13,C000904,A0000904,M00382,T00499,Midwest,Midwest,89.84,USD,card_present,3ds,approved,APPROVE,182.31,0.49278701113488016,0,0,0,0,0,0,0,2,29,10,7,18,terminal_customer_network_burst,0.18,0.008625508621322664,0.18
X000017467,2026-01-07 09:24:30,C000150,A0000150,M00394,T00597,South,South,134.56,USD,card_present,chip_pin,approved,APPROVE,224.61,0.5990828547259694,0,0,0,0,0,0,0,2,28,6,8,0,,0.0,0.00542200387593269,0.00542200387593269
X000211340,2026-01-07 09:24:49,C001724,A0001724,M00297,T00721,Northeast,Northeast,28.01,USD,card_present,3ds,approved,APPROVE,61.45,0.45581773799837266,0,0,0,0,0,0,0,0,34,8,1,18,terminal_customer_network_burst,0.18,0.006526323137624743,0.18
X000106180,2026-01-07 09:26:02,C000892,A0000892,M00090,T00822,South,South,206.58,USD,ecommerce,3ds,approved,APPROVE,190.06,1.0869199200252553,0,0,0,1,0,0,0,3,37,10,7,18,terminal_customer_network_burst,0.18,0.013268166027874126,0.18
X000020440,2026-01-07 09:27:35,C000178,A0000178,M00683,T00603,Midwest,Midwest,112.58,USD,card_present,3ds,approved,APPROVE,110.87,1.0154234689275727,0,0,0,0,0,0,0,3,16,4,7,0,,0.0,0.00570840056865407,0.00570840056865407
X000237258,2026-01-07 09:27:37,C001935,A0001935,M00795,T00503,Northeast,Northeast,142.87,USD,card_present,magstripe,approved,APPROVE,144.04,0.9918772563176896,0,0,0,0,1,0,0,1,23,6,3,0,,0.0,0.014169201400409712,0.014169201400409712
X000154171,2026-01-07 09:28:02,C001269,A0001269,M00288,T01177,Northeast,Northeast,38.11,USD,ecommerce,3ds,approved,APPROVE,38.68,0.9852637021716649,0,0,0,1,0,0,0,0,35,12,3,18,terminal_customer_network_burst,0.18,0.012846240266314216,0.18
X000222753,2026-01-07 09:28:18,C001815,A0001815,M00459,T00204,Northeast,Northeast,136.42,USD,ecommerce,3ds,approved,APPROVE,111.72,1.2210884353741496,0,0,0,1,0,0,0,0,47,8,2,18,terminal_customer_network_burst,0.18,0.009398796768540477,0.18
X000132901,2026-01-07 09:28:37,C001096,A0001096,M00691,T00755,Northeast,Northeast,33.6,USD,ecommerce,chip_pin,approved,APPROVE,37.28,0.9012875536480687,0,0,0,1,0,0,0,1,35,10,4,18,terminal_customer_network_burst,0.18,0.010681529685754514,0.18
X000129573,2026-01-07 09:28:52,C001066,A0001066,M00338,T00600,Northeast,Northeast,101.9,USD,ecommerce,chip_pin,approved,APPROVE,57.96,1.7581090407177364,0,0,0,1,0,0,0,1,37,7,8,0,,0.0,0.00937580849049742,0.00937580849049742
X000124967,2026-01-07 09:28:59,C001032,A0001032,M00316,T00389,South,South,71.29,USD,card_present,chip_pin,approved,APPROVE,220.63,0.3231201559171464,0,0,0,0,0,0,0,8,45,9,10,43,customer_velocity;terminal_customer_network_burst,0.43,0.013642569580187357,0.43
X000055368,2026-01-07 09:29:12,C000469,A0000469,M00196,T00164,Midwest,Midwest,200.39,USD,ecommerce,3ds,approved,APPROVE,138.89,1.442796457628339,0,0,0,1,0,0,0,1,19,7,2,0,,0.0,0.009561836660561176,0.009561836660561176
X000109107,2026-01-07 09:29:35,C000914,A0000914,M00305,T00675,Northeast,Northeast,231.92,USD,ecommerce,chip_pin,approved,APPROVE,132.97,1.7441528164247573,0,0,0,1,0,0,0,1,23,5,7,0,,0.0,0.007337226570996429,0.007337226570996429
X000122229,2026-01-07 09:29:38,C001014,A0001014,M00270,T00356,South,South,156.24,USD,card_present,wallet_biometric,approved,APPROVE,79.82,1.957404159358557,0,0,0,0,0,0,0,4,34,9,9,18,terminal_customer_network_burst,0.18,0.01660980891919394,0.18
X000200776,2026-01-07 09:30:02,C001645,A0001645,M00191,T00491,Midwest,Midwest,41.14,USD,ecommerce,3ds,approved,APPROVE,71.08,0.5787844682048396,0,0,0,1,0,0,0,4,14,4,5,0,,0.0,0.006019693537330991,0.006019693537330991
X000125833,2026-01-07 09:30:18,C001037,A0001037,M00376,T00048,South,South,23.82,USD,card_present,magstripe,approved,APPROVE,22.67,1.0507278341420379,0,0,0,0,1,0,0,1,25,7,3,0,,0.0,0.01639492420455092,0.01639492420455092
X000070910,2026-01-07 09:30:31,C000602,A0000602,M00517,T00647,Midwest,Midwest,41.51,USD,card_present,wallet_biometric,approved,APPROVE,193.59,0.21442223255333434,0,0,0,0,0,0,0,2,25,7,3,0,,0.0,0.00608878969556033,0.00608878969556033
X000060400,2026-01-07 09:30:34,C000514,A0000514,M00266,T00421,Northeast,Northeast,37.59,USD,card_present,chip_pin,approved,APPROVE,44.39,0.8468123451227755,0,0,0,0,0,0,0,1,39,11,5,18,terminal_customer_network_burst,0.18,0.010901217733608233,0.18
X000056035,2026-01-07 09:31:36,C000473,A0000473,M00215,T00873,South,South,62.66,USD,mobile_wallet,magstripe,approved,APPROVE,44.54,1.4068253255500673,0,0,0,0,1,1,0,0,17,6,0,15,new_customer_terminal_pair,0.15,0.024188431197090635,0.15
X000172817,2026-01-07 09:33:07,C001426,A0001426,M00790,T00840,Northeast,Northeast,63.88,USD,ecommerce,chip_pin,approved,APPROVE,120.88,0.528457974851092,0,0,0,1,0,0,0,1,13,5,5,0,,0.0,0.004656083578586588,0.004656083578586588
X000121745,2026-01-07 09:33:11,C001011,A0001011,M00170,T01059,Midwest,Midwest,174.48,USD,card_present,3ds,approved,APPROVE,167.1,1.044165170556553,0,0,0,0,0,0,0,4,20,5,6,0,,0.0,0.007626028162618845,0.007626028162618845
X000186559,2026-01-07 09:33:15,C001534,A0001534,M00068,T00322,Northeast,Northeast,321.73,USD,card_present,chip_pin,approved,APPROVE,208.41,1.5437359051868913,0,0,0,0,0,0,0,3,31,10,6,18,terminal_customer_network_burst,0.18,0.015378773680043414,0.18
X000239965,2026-01-07 09:33:45,C001957,A0001957,M00668,T00869,Midwest,Midwest,40.6,USD,ecommerce,chip_pin,approved,APPROVE,49.97,0.8124874924954973,0,0,0,1,0,0,0,0,30,8,3,18,terminal_customer_network_burst,0.18,0.007383568004481483,0.18
X000179022,2026-01-07 09:34:04,C001474,A0001474,M00168,T00944,Northeast,Northeast,11.12,USD,card_present,3ds,approved,APPROVE,29.57,0.3760568143388569,0,0,0,0,0,0,0,6,39,9,6,43,customer_velocity;terminal_customer_network_burst,0.43,0.012362819266373351,0.43
X000024274,2026-01-07 09:34:06,C000205,A0000205,M00038,T00874,South,South,24.66,USD,ecommerce,3ds,approved,APPROVE,29.25,0.8430769230769231,0,0,0,1,0,0,0,2,78,15,8,18,terminal_customer_network_burst,0.18,0.020661850093714875,0.18
X000135679,2026-01-07 09:35:11,C001115,A0001115,M00401,T00536,South,South,109.4,USD,ecommerce,3ds,approved,APPROVE,73.67,1.485000678702321,0,0,0,1,0,0,0,0,47,15,5,18,terminal_customer_network_burst,0.18,0.021566790378222032,0.18
X000167045,2026-01-07 09:35:24,C001380,A0001380,M00791,T00304,South,South,56.04,USD,mobile_wallet,3ds,approved,APPROVE,95.77,0.5851519264905503,0,0,0,0,0,1,0,0,42,8,2,18,terminal_customer_network_burst,0.18,0.010221621226976327,0.18
X000160339,2026-01-07 09:35:59,C001324,A0001324,M00003,T00787,South,South,34.04,USD,ecommerce,3ds,approved,APPROVE,44.34,0.7677041046459179,0,0,0,1,0,0,0,2,43,11,3,18,terminal_customer_network_burst,0.18,0.013480505637548908,0.18
X000108161,2026-01-07 09:36:02,C000905,A0000905,M00337,T00318,West,West,73.7,USD,mobile_wallet,chip_pin,approved,APPROVE,84.84,0.8686940122583687,0,0,0,0,0,1,0,1,19,9,1,18,terminal_customer_network_burst,0.18,0.014105108796389012,0.18
X000170020,2026-01-07 09:36:20,C001402,A0001402,M00359,T00592,Midwest,Midwest,776.63,USD,card_present,3ds,approved,APPROVE,250.08,3.105526231605886,0,0,0,0,0,0,0,2,10,4,2,30,amount_vs_profile,0.3,0.013694101245438947,0.3
X000122687,2026-01-07 09:36:21,C001018,A0001018,M00316,T00389,South,South,27.38,USD,ecommerce,magstripe,approved,APPROVE,36.31,0.7540622418066647,0,0,0,1,1,0,0,1,46,9,0,33,new_customer_terminal_pair;terminal_customer_network_burst,0.33,0.022491699541069637,0.33
X000181539,2026-01-07 09:36:36,C001493,A0001493,M00600,T00588,South,South,44.48,USD,card_present,wallet_biometric,approved,APPROVE,38.63,1.151436707222366,0,0,0,0,0,0,0,2,36,9,7,18,terminal_customer_network_burst,0.18,0.010189690463576245,0.18
X000154736,2026-01-07 09:36:39,C001276,A0001276,M00679,T00775,Northeast,Northeast,83.8,USD,card_present,magstripe,approved,APPROVE,41.03,2.0424079941506212,0,0,0,0,1,0,0,4,23,5,4,0,,0.0,0.026323457769309055,0.026323457769309055
X000008210,2026-01-07 09:36:56,C000075,A0000075,M00790,T00112,Northeast,Northeast,13.97,USD,card_present,wallet_biometric,approved,APPROVE,31.46,0.44405594405594406,0,0,0,0,0,0,0,3,28,9,5,18,terminal_customer_network_burst,0.18,0.008988725646431701,0.18
X000141769,2026-01-07 09:37:13,C001169,A0001169,M00759,T00114,Northeast,Northeast,75.45,USD,ecommerce,wallet_biometric,approved,APPROVE,104.26,0.7236715902551314,0,0,0,1,0,0,0,6,8,3,4,25,customer_velocity,0.25,0.007294054593712668,0.25
X000061378,2026-01-07 09:37:15,C000524,A0000524,M00683,T00986,Midwest,Midwest,72.72,USD,ecommerce,chip_pin,approved,APPROVE,48.13,1.5109079576147932,0,0,0,1,0,0,0,3,9,3,4,0,,0.0,0.007081358606784388,0.007081358606784388
X000182025,2026-01-07 09:39:03,C001499,A0001499,M00547,T00371,Northeast,Northeast,35.81,USD,card_present,wallet_biometric,approved,APPROVE,23.65,1.5141649048625794,0,0,0,0,0,0,0,3,44,11,4,18,terminal_customer_network_burst,0.18,0.018820796954502315,0.18
X000003776,2026-01-07 09:39:28,C000033,A0000033,M00650,T01097,Midwest,Midwest,133.19,USD,ecommerce,3ds,approved,APPROVE,89.69,1.4850039023302486,0,0,0,1,0,0,0,3,37,9,8,18,terminal_customer_network_burst,0.18,0.013415271622808629,0.18
X000193578,2026-01-07 09:39:33,C001591,A0001591,M00019,T00745,Northeast,Northeast,32.41,USD,ecommerce,chip_pin,approved,APPROVE,65.42,0.4954142464078263,0,0,0,1,0,0,0,0,27,7,2,0,,0.0,0.0059121661481437585,0.0059121661481437585
X000113853,2026-01-07 09:40:11,C000948,A0000948,M00671,T00424,Midwest,Midwest,37.79,USD,card_present,3ds,approved,APPROVE,62.39,0.6057060426350377,0,0,0,0,0,0,0,1,23,6,6,0,,0.0,0.00509177665984583,0.00509177665984583
X000163298,2026-01-07 09:40:34,C001347,A0001347,M00613,T00449,South,South,23.44,USD,mobile_wallet,3ds,approved,APPROVE,42.9,0.5463869463869464,0,0,0,0,0,1,0,0,36,9,0,33,new_customer_terminal_pair;terminal_customer_network_burst,0.33,0.011887532953214673,0.33
X000176086,2026-01-07 09:40:36,C001451,A0001451,M00276,T00685,Northeast,Northeast,31.01,USD,card_present,wallet_biometric,approved,APPROVE,40.14,0.7725460886895865,0,0,0,0,0,0,0,1,6,2,4,0,,0.0,0.0034652165884233276,0.0034652165884233276
X000162814,2026-01-07 09:40:38,C001344,A0001344,M00711,T00893,West,West,144.06,USD,card_present,magstripe,approved,APPROVE,110.89,1.2991252592659392,0,0,0,0,1,0,0,0,7,3,5,0,,0.0,0.009030283913916555,0.009030283913916555
X000186212,2026-01-07 09:41:14,C001531,A0001531,M00528,T00475,Midwest,Midwest,16.4,USD,mobile_wallet,chip_pin,approved,APPROVE,28.07,0.5842536515853224,0,0,0,0,0,1,0,2,23,7,2,0,,0.0,0.010929302838276712,0.010929302838276712
X000153808,2026-01-07 09:41:39,C001265,A0001265,M00196,T00164,Midwest,Midwest,207.81,USD,mobile_wallet,chip_pin,approved,APPROVE,71.91,2.8898623279098876,0,0,0,0,0,1,0,1,20,7,4,0,,0.0,0.0228857654228417,0.0228857654228417
X000130499,2026-01-07 09:41:49,C001073,A0001073,M00501,T00506,Northeast,Northeast,131.73,USD,mobile_wallet,chip_pin,approved,APPROVE,70.69,1.8634884707879473,0,0,0,0,0,1,0,0,30,7,4,0,,0.0,0.013848328580789954,0.013848328580789954
X000035414,2026-01-07 09:42:09,C000300,A0000300,M00685,T00672,Northeast,Northeast,101.51,USD,card_present,chip_pin,approved,APPROVE,48.83,2.0788449723530618,0,0,0,0,0,0,0,2,34,7,3,0,,0.0,0.013252967786549196,0.013252967786549196
X000198205,2026-01-07 09:42:09,C001626,A0001626,M00680,T00949,Midwest,Midwest,195.88,USD,ecommerce,chip_pin,approved,APPROVE,262.11,0.7473198275533173,0,0,0,1,0,0,0,6,25,6,11,25,customer_velocity,0.25,0.008743831358485424,0.25
X000157803,2026-01-07 09:42:14,C001297,A0001297,M00378,T00467,South,South,49.8,USD,ecommerce,3ds,approved,APPROVE,59.03,0.8436388277147213,0,0,0,1,0,0,0,1,34,9,1,18,terminal_customer_network_burst,0.18,0.010190853536945401,0.18
X000231297,2026-01-07 09:42:19,C001888,A0001888,M00416,T00403,West,West,49.57,USD,ecommerce,3ds,approved,APPROVE,34.21,1.448991522946507,0,0,0,1,0,0,0,1,37,10,2,18,terminal_customer_network_burst,0.18,0.01428004195677706,0.18
X000206277,2026-01-07 09:42:50,C001684,A0001684,M00476,T00028,Midwest,Midwest,80.98,USD,mobile_wallet,chip_pin,approved,APPROVE,47.34,1.710604140261935,0,0,0,0,0,1,0,2,34,8,6,18,terminal_customer_network_burst,0.18,0.01750085266935567,0.18
X000142693,2026-01-07 09:43:36,C001176,A0001176,M00517,T00531,Midwest,Midwest,117.21,USD,card_present,chip_pin,approved,APPROVE,86.99,1.3473962524428096,0,0,0,0,0,0,0,6,22,5,7,25,customer_velocity,0.25,0.010602886809475085,0.25
X000067017,2026-01-07 09:43:45,C000569,A0000569,M00710,T01065,Midwest,Midwest,197.8,USD,card_present,3ds,approved,APPROVE,109.96,1.7988359403419427,0,0,0,0,0,0,0,1,8,4,3,0,,0.0,0.0069186448125547655,0.0069186448125547655
X000195775,2026-01-07 09:44:01,C001608,A0001608,M00001,T00955,South,South,44.46,USD,card_present,chip_pin,approved,APPROVE,43.27,1.027501733302519,0,0,0,0,0,0,0,0,33,12,2,18,terminal_customer_network_burst,0.18,0.01272881967506669,0.18
X000223123,2026-01-07 09:44:02,C001819,A0001819,M00787,T00660,South,South,169.63,USD,ecommerce,3ds,approved,APPROVE,94.36,1.7976896990250106,0,0,0,1,0,0,0,5,17,7,7,25,customer_velocity,0.25,0.014904364692163824,0.25
X000086351,2026-01-07 09:44:23,C000725,A0000725,M00445,T00021,Northeast,Northeast,42.7,USD,ecommerce,chip_pin,approved,APPROVE,82.78,0.515825078521382,0,0,0,1,0,0,0,3,39,9,3,18,terminal_customer_network_burst,0.18,0.01070723878522973,0.18
X000166096,2026-01-07 09:44:24,C001370,A0001370,M00196,T00164,Midwest,Midwest,32.53,USD,ecommerce,chip_pin,approved,APPROVE,44.69,0.7279033340792124,0,0,0,1,0,0,0,0,21,7,3,0,,0.0,0.0061947808194217436,0.0061947808194217436
X000070193,2026-01-07 09:44:26,C000597,A0000597,M00379,T01176,South,South,173.4,USD,card_present,chip_pin,approved,APPROVE,149.87,1.1570027357042771,0,0,0,0,0,0,0,6,38,11,5,43,customer_velocity;terminal_customer_network_burst,0.43,0.022016645859153184,0.43
X000117729,2026-01-07 09:45:13,C000976,A0000976,M00397,T00349,Midwest,Midwest,137.63,USD,ecommerce,3ds,approved,APPROVE,245.46,0.5607023547624868,0,0,0,1,0,0,0,2,21,3,2,0,,0.0,0.004709696813649244,0.004709696813649244
X000100759,2026-01-07 09:45:16,C000849,A0000849,M00613,T00638,South,South,10.28,USD,ecommerce,3ds,approved,APPROVE,37.79,0.27202963747023023,0,0,0,1,0,0,0,1,34,9,2,18,terminal_customer_network_burst,0.18,0.007828741155900962,0.18
X000139249,2026-01-07 09:45:43,C001148,A0001148,M00640,T01025,Midwest,Midwest,61.68,USD,ecommerce,wallet_biometric,approved,APPROVE,81.06,0.7609178386380459,0,0,0,1,0,0,0,2,40,8,5,18,terminal_customer_network_burst,0.18,0.008789584526215198,0.18
X000077510,2026-01-07 09:46:06,C000653,A0000653,M00647,T00957,West,West,146.32,USD,card_present,3ds,approved,APPROVE,208.69,0.7011356557573434,0,0,0,0,0,0,0,6,4,1,4,25,customer_velocity,0.25,0.005352986938038573,0.25
X000007970,2026-01-07 09:46:29,C000073,A0000073,M00682,T00517,West,Northeast,106.6,USD,ecommerce,wallet_biometric,approved,APPROVE,150.97,0.7061005497781015,0,0,0,1,0,0,1,4,14,5,0,27,new_customer_terminal_pair;home_region_mismatch,0.27,0.08413978933427858,0.27
X000113306,2026-01-07 09:46:37,C000945,A0000945,M00147,T00489,South,South,41.66,USD,ecommerce,wallet_biometric,approved,APPROVE,24.33,1.7122893547061242,0,0,0,1,0,0,0,0,17,4,5,0,,0.0,0.006012642729760394,0.006012642729760394
X000149113,2026-01-07 09:46:44,C001228,A0001228,M00282,T01131,South,South,76.84,USD,card_present,chip_pin,approved,APPROVE,55.14,1.39354370692782,0,0,0,0,0,0,0,4,70,16,9,18,terminal_customer_network_burst,0.18,0.0327425347868071,0.18
X000148466,2026-01-07 09:46:51,C001225,A0001225,M00507,T00488,South,South,191.21,USD,card_present,chip_pin,approved,APPROVE,171.02,1.1180563676762951,0,0,0,0,0,0,0,6,35,9,12,43,customer_velocity;terminal_customer_network_burst,0.43,0.013614465745798134,0.43
X000159823,2026-01-07 09:47:42,C001318,A0001318,M00295,T00163,South,South,35.62,USD,card_present,3ds,approved,APPROVE,51.13,0.6966555838059847,0,0,0,0,0,0,0,1,59,12,1,18,terminal_customer_network_burst,0.18,0.013808082993993791,0.18
X000054753,2026-01-07 09:48:09,C000463,A0000463,M00203,T00558,Northeast,Northeast,7.79,USD,card_present,chip_pin,approved,APPROVE,13.75,0.5665454545454546,0,0,0,0,0,0,0,2,17,4,3,0,,0.0,0.00482629592040691,0.00482629592040691
X000240748,2026-01-07 09:48:53,C001964,A0001964,M00539,T00648,Midwest,Midwest,75.73,USD,ecommerce,wallet_biometric,approved,APPROVE,64.53,1.1735626840229352,0,0,0,1,0,0,0,2,15,6,2,0,,0.0,0.008479085454758367,0.008479085454758367
X000214802,2026-01-07 09:49:16,C001754,A0001754,M00118,T01000,West,West,36.49,USD,ecommerce,3ds,approved,APPROVE,53.17,0.686289260861388,0,0,0,1,0,0,0,1,9,3,4,0,,0.0,0.00400525019089329,0.00400525019089329
X000038139,2026-01-07 09:49:17,C000326,A0000326,M00128,T00172,Northeast,Northeast,26.51,USD,card_present,wallet_biometric,approved,APPROVE,50.77,0.5221587551703762,0,0,0,0,0,0,0,1,27,9,3,18,terminal_customer_network_burst,0.18,0.007810791808415541,0.18
X000096319,2026-01-07 09:49:21,C000806,A0000806,M00730,T01027,South,West,145.39,USD,card_present,wallet_biometric,approved,APPROVE,78.97,1.841078890717994,0,0,0,0,0,0,1,5,22,5,0,52,customer_velocity;new_customer_terminal_pair;home_region_mismatch,0.52,0.13718108848191343,0.52
X000056836,2026-01-07 09:49:35,C000481,A0000481,M00052,T00843,Northeast,South,63.46,USD,ecommerce,chip_pin,approved,APPROVE,78.62,0.8071737471381327,0,0,0,1,0,0,1,4,10,3,0,27,new_customer_terminal_pair;home_region_mismatch,0.27,0.06950491463066678,0.27
X000073838,2026-01-07 09:49:54,C000624,A0000624,M00401,T00536,South,South,139.21,USD,ecommerce,magstripe,approved,APPROVE,94.14,1.4787550456766518,0,0,0,1,1,0,0,0,48,15,1,18,terminal_customer_network_burst,0.18,0.0517880230648243,0.18
X000103370,2026-01-07 09:50:02,C000870,A0000870,M00640,T01025,Midwest,Midwest,130.05,USD,card_present,3ds,approved,APPROVE,49.0,2.6540816326530616,0,0,0,0,0,0,0,0,41,8,4,18,terminal_customer_network_burst,0.18,0.014677024755201582,0.18
X000211259,2026-01-07 09:50:08,C001723,A0001723,M00552,T00602,Northeast,Northeast,40.76,USD,card_present,chip_pin,approved,APPROVE,53.66,0.7595974655236676,0,0,0,0,0,0,0,0,37,7,4,0,,0.0,0.005999747952321747,0.005999747952321747
X000233009,2026-01-07 09:50:30,C001900,A0001900,M00645,T00428,South,South,55.37,USD,ecommerce,magstripe,approved,APPROVE,44.08,1.256125226860254,0,0,0,1,1,0,0,2,20,6,6,0,,0.0,0.016826565154714528,0.016826565154714528
X000227674,2026-01-07 09:50:49,C001856,A0001856,M00270,T00356,South,South,74.54,USD,ecommerce,3ds,approved,APPROVE,120.97,0.6161858311978177,0,0,0,1,0,0,0,4,35,9,7,18,terminal_customer_network_burst,0.18,0.010906099946990952,0.18
X000025941,2026-01-07 09:50:57,C000221,A0000221,M00422,T00197,Midwest,Midwest,187.7,USD,card_present,wallet_biometric,approved,APPROVE,153.49,1.2228809694442633,0,0,0,0,0,0,0,1,8,4,5,0,,0.0,0.005132772985717508,0.005132772985717508
X000186475,2026-01-07 09:51:05,C001533,A0001533,M00276,T00665,Northeast,Northeast,60.24,USD,card_present,3ds,approved,APPROVE,43.38,1.38865836791148,0,0,0,0,0,0,0,1,18,5,3,0,,0.0,0.006763584452371348,0.006763584452371348
X000001459,2026-01-07 09:51:07,C000015,A0000015,M00784,T00354,South,South,299.92,USD,card_present,chip_pin,approved,APPROVE,115.21,2.603246245985592,0,0,0,0,0,0,0,1,34,9,9,18,terminal_customer_network_burst,0.18,0.015199545278427677,0.18
X000093726,2026-01-07 09:52:18,C000786,A0000786,M00789,T00365,Midwest,Midwest,47.6,USD,card_present,3ds,approved,APPROVE,167.98,0.2833670675080367,0,0,0,0,0,0,0,5,21,7,5,25,customer_velocity,0.25,0.008257358954588033,0.25
X000063871,2026-01-07 09:53:06,C000542,A0000542,M00008,T01199,West,West,193.38,USD,card_present,magstripe,approved,APPROVE,213.02,0.9078020843113322,0,0,0,0,1,0,0,2,8,3,4,0,,0.0,0.010082137119649705,0.010082137119649705
X000081071,2026-01-07 09:53:13,C000681,A0000681,M00054,T00295,West,West,268.5,USD,card_present,chip_pin,approved,APPROVE,189.01,1.4205597587429237,0,0,0,0,0,0,0,6,37,9,19,43,customer_velocity;terminal_customer_network_burst,0.43,0.012348312317673625,0.43
X000043347,2026-01-07 09:53:19,C000367,A0000367,M00269,T00339,West,West,103.41,USD,card_present,wallet_biometric,approved,APPROVE,59.95,1.7249374478732276,0,0,0,0,0,0,0,0,24,4,5,0,,0.0,0.005832037709556705,0.005832037709556705
X000199986,2026-01-07 09:54:30,C001639,A0001639,M00213,T00876,Northeast,Northeast,62.72,USD,mobile_wallet,chip_pin,approved,APPROVE,99.93,0.6276393475432802,0,0,0,0,0,1,0,4,31,6,11,0,,0.0,0.009541034738703427,0.009541034738703427
X000220540,2026-01-07 09:54:38,C001800,A0001800,M00213,T00320,Northeast,Northeast,118.48,USD,ecommerce,chip_pin,approved,APPROVE,186.73,0.6344990092647138,0,0,0,1,0,0,0,5,21,5,14,25,customer_velocity,0.25,0.0059311898664227685,0.25
X000008511,2026-01-07 09:54:55,C000078,A0000078,M00703,T00135,Northeast,Midwest,59.53,USD,card_present,chip_pin,approved,APPROVE,106.16,0.5607573474001507,0,0,0,0,0,0,1,1,43,8,0,45,new_customer_terminal_pair;terminal_customer_network_burst;home_region_mismatch,0.45,0.08143523918479634,0.45
X000137792,2026-01-07 09:54:55,C001133,A0001133,M00094,T00206,South,South,57.36,USD,card_present,magstripe,approved,APPROVE,38.62,1.4852408078715693,0,0,0,0,1,0,0,1,27,9,0,33,new_customer_terminal_pair;terminal_customer_network_burst,0.33,0.02722329075306328,0.33
X000101993,2026-01-07 09:54:59,C000859,A0000859,M00052,T00013,South,South,250.98,USD,card_present,chip_pin,approved,APPROVE,276.18,0.9087551596784705,0,0,0,0,0,0,0,9,35,10,13,43,customer_velocity;terminal_customer_network_burst,0.43,0.019303819028079046,0.43
X000220541,2026-01-07 09:55:30,C001800,A0001800,M00168,T00981,Northeast,Northeast,173.29,USD,ecommerce,magstripe,approved,APPROVE,186.73,0.9280244202859744,0,0,0,1,1,0,0,6,36,8,13,43,customer_velocity;terminal_customer_network_burst,0.43,0.024643871415264855,0.43
X000041784,2026-01-07 09:55:46,C000354,A0000354,M00487,T00332,South,South,82.8,USD,card_present,magstripe,approved,APPROVE,67.53,1.226121723678365,0,0,0,0,1,0,0,2,31,7,3,0,,0.0,0.02005365506810347,0.02005365506810347
X000215557,2026-01-07 09:55:54,C001761,A0001761,M00248,T00017,South,South,87.91,USD,card_present,chip_pin,approved,APPROVE,67.82,1.2962253022707166,0,0,0,0,0,0,0,1,36,9,9,18,terminal_customer_network_burst,0.18,0.00901296507023377,0.18
X000049498,2026-01-07 09:55:55,C000414,A0000414,M00015,T00330,South,South,29.81,USD,ecommerce,3ds,approved,APPROVE,22.81,1.3068829460762823,0,0,0,1,0,0,0,1,49,16,4,18,terminal_customer_network_burst,0.18,0.026264497431039414,0.18
X000165746,2026-01-07 09:56:05,C001368,A0001368,M00206,T00975,West,West,394.28,USD,ecommerce,chip_pin,approved,APPROVE,257.01,1.53410373137232,0,0,0,1,0,0,0,1,8,4,5,0,,0.0,0.006145417001539568,0.006145417001539568
X000037477,2026-01-07 09:56:28,C000320,A0000320,M00417,T00117,South,South,280.79,USD,mobile_wallet,3ds,approved,APPROVE,143.01,1.9634291308300122,0,0,0,0,0,1,0,2,36,8,5,18,terminal_customer_network_burst,0.18,0.020097372010439957,0.18
X000086785,2026-01-07 09:56:52,C000728,A0000728,M00122,T00225,South,South,92.03,USD,card_present,chip_pin,approved,APPROVE,159.7,0.5762680025046963,0,0,0,0,0,0,0,7,19,3,10,25,customer_velocity,0.25,0.006204579665990874,0.25
X000025383,2026-01-07 09:56:53,C000216,A0000216,M00587,T01174,South,South,72.58,USD,ecommerce,wallet_biometric,approved,APPROVE,46.32,1.5669257340241796,0,0,0,1,0,0,0,1,44,10,2,18,terminal_customer_network_burst,0.18,0.01524333296719126,0.18
X000186956,2026-01-07 09:57:00,C001538,A0001538,M00342,T00483,Midwest,Midwest,44.84,USD,ecommerce,chip_pin,approved,APPROVE,53.88,0.8322197475872309,0,0,0,1,0,0,0,3,49,10,3,18,terminal_customer_network_burst,0.18,0.014035534811421764,0.18
X000039085,2026-01-07 09:57:41,C000333,A0000333,M00763,T00455,Midwest,South,98.84,USD,mobile_wallet,chip_pin,approved,APPROVE,85.49,1.1561586150426952,0,0,0,0,0,1,1,2,28,4,0,27,new_customer_terminal_pair;home_region_mismatch,0.27,0.10295254720472968,0.27
X000034743,2026-01-07 09:58:09,C000295,A0000295,M00717,T00614,South,South,68.33,USD,ecommerce,chip_pin,approved,APPROVE,54.15,1.261865189289012,0,0,0,1,0,0,0,0,32,9,2,18,terminal_customer_network_burst,0.18,0.010345127666640988,0.18
X000235729,2026-01-07 09:58:11,C001922,A0001922,M00042,T00546,Northeast,Northeast,57.27,USD,ecommerce,wallet_biometric,approved,APPROVE,79.85,0.7172197871008141,0,0,0,1,0,0,0,3,29,7,6,0,,0.0,0.008121605443393742,0.008121605443393742
X000171475,2026-01-07 09:58:51,C001414,A0001414,M00588,T00145,West,West,15.3,USD,mobile_wallet,wallet_biometric,approved,APPROVE,21.35,0.7166276346604216,0,0,0,0,0,1,0,2,26,6,6,0,,0.0,0.009080262402185544,0.009080262402185544
X000215022,2026-01-07 09:59:36,C001756,A0001756,M00692,T00191,Northeast,Northeast,95.58,USD,card_present,3ds,approved,APPROVE,74.2,1.2881401617250674,0,0,0,0,0,0,0,3,24,11,1,18,terminal_customer_network_burst,0.18,0.017982556338322332,0.18
X000181703,2026-01-07 09:59:45,C001495,A0001495,M00667,T00609,Northeast,Northeast,43.73,USD,mobile_wallet,wallet_biometric,approved,APPROVE,43.33,1.009231479344565,0,0,0,0,0,1,0,1,59,15,2,18,terminal_customer_network_burst,0.18,0.032135413478109734,0.18
X000193994,2026-01-07 10:00:06,C001595,A0001595,M00457,T00242,Midwest,Midwest,23.63,USD,card_present,chip_pin,approved,APPROVE,70.55,0.3349397590361446,0,0,0,0,0,0,0,1,23,5,6,0,,0.0,0.004051505140309042,0.004051505140309042
X000089316,2026-01-07 10:00:12,C000748,A0000748,M00295,T00163,South,South,105.79,USD,mobile_wallet,wallet_biometric,approved,APPROVE,224.36,0.47151898734177217,0,0,0,0,0,1,0,3,60,12,14,18,terminal_customer_network_burst,0.18,0.015776167249406416,0.18
X000132902,2026-01-07 10:00:12,C001096,A0001096,M00305,T00827,Northeast,Northeast,22.92,USD,ecommerce,magstripe,approved,APPROVE,37.28,0.6148068669527897,0,0,0,1,1,0,0,2,24,8,3,18,terminal_customer_network_burst,0.18,0.018269941006382295,0.18
X000242481,2026-01-07 10:00:37,C001980,A0001980,M00191,T00568,Midwest,Midwest,373.79,USD,card_present,chip_pin,approved,APPROVE,221.06,1.6908983986248078,0,0,0,0,0,0,0,6,37,6,12,25,customer_velocity,0.25,0.012121775410290745,0.25
X000140469,2026-01-07 10:01:00,C001156,A0001156,M00034,T00307,Northeast,Northeast,39.38,USD,card_present,chip_pin,approved,APPROVE,72.95,0.539821795750514,0,0,0,0,0,0,0,1,35,9,2,18,terminal_customer_network_burst,0.18,0.008293003427219801,0.18
X000074906,2026-01-07 10:01:19,C000631,A0000631,M00044,T01081,Northeast,Northeast,750.26,USD,ecommerce,3ds,approved,APPROVE,287.17,2.612598809067799,0,0,0,1,0,0,0,10,47,12,11,63,customer_velocity;high_customer_velocity;terminal_customer_network_burst,0.63,0.06146018342899505,0.63
X000155572,2026-01-07 10:01:43,C001281,A0001281,M00403,T01126,Northeast,Northeast,95.41,USD,card_present,magstripe,approved,APPROVE,45.06,2.11739902352419,0,0,0,0,1,0,0,0,18,8,1,18,terminal_customer_network_burst,0.18,0.026326097671601417,0.18
X000052802,2026-01-07 10:01:54,C000446,A0000446,M00181,T01063,South,South,173.77,USD,card_present,chip_pin,approved,APPROVE,77.56,2.2404589994842703,0,0,0,0,0,0,0,2,32,7,5,0,,0.0,0.013198476624924176,0.013198476624924176
X000147625,2026-01-07 10:02:11,C001220,A0001220,M00560,T00369,West,West,132.73,USD,ecommerce,3ds,approved,APPROVE,107.29,1.2371143629415602,0,0,0,1,0,0,0,2,8,5,3,0,,0.0,0.0073533579365603905,0.0073533579365603905
X000149000,2026-01-07 10:02:22,C001227,A0001227,M00230,T00074,West,West,54.96,USD,card_present,3ds,approved,APPROVE,37.27,1.4746444861819157,0,0,0,0,0,0,0,1,13,5,3,0,,0.0,0.006914534000408274,0.006914534000408274
X000149743,2026-01-07 10:02:37,C001233,A0001233,M00298,T00941,Northeast,Northeast,56.04,USD,ecommerce,3ds,approved,APPROVE,36.19,1.548494059132357,0,0,0,1,0,0,0,1,21,7,1,0,,0.0,0.01035890631705922,0.01035890631705922
X000012065,2026-01-07 10:03:05,C000106,A0000106,M00457,T00634,Midwest,Midwest,35.5,USD,card_present,chip_pin,approved,APPROVE,56.26,0.6309989335229292,0,0,0,0,0,0,0,7,31,3,20,25,customer_velocity,0.25,0.004734529019700854,0.25
X000064938,2026-01-07 10:03:09,C000551,A0000551,M00445,T00021,Northeast,Northeast,554.77,USD,card_present,chip_pin,approved,APPROVE,293.22,1.8919923606848097,0,0,0,0,0,0,0,1,40,9,6,18,terminal_customer_network_burst,0.18,0.012758423014578755,0.18
X000001116,2026-01-07 10:03:57,C000012,A0000012,M00533,T01021,Northeast,Northeast,84.3,USD,card_present,chip_pin,approved,APPROVE,90.27,0.9338650714523098,0,0,0,0,0,0,0,1,19,6,3,0,,0.0,0.006345130371854167,0.006345130371854167
X000105774,2026-01-07 10:04:28,C000889,A0000889,M00685,T00672,Northeast,Northeast,233.67,USD,card_present,wallet_biometric,approved,APPROVE,134.65,1.7353880430746378,0,0,0,0,0,0,0,4,35,7,10,0,,0.0,0.011663358671835006,0.011663358671835006
X000091641,2026-01-07 10:04:58,C000769,A0000769,M00738,T00002,South,South,95.75,USD,card_present,wallet_biometric,approved,APPROVE,268.43,0.35670379614797154,0,0,0,0,0,0,0,7,22,6,12,25,customer_velocity,0.25,0.007642219025814001,0.25
X000175831,2026-01-07 10:05:02,C001449,A0001449,M00636,T00750,West,West,89.07,USD,ecommerce,3ds,approved,APPROVE,171.74,0.5186328170490275,0,0,0,1,0,0,0,1,6,2,5,0,,0.0,0.003192168237811319,0.003192168237811319
X000195142,2026-01-07 10:05:08,C001604,A0001604,M00517,T01092,Midwest,Midwest,289.22,USD,ecommerce,wallet_biometric,approved,APPROVE,138.09,2.0944311680787893,0,0,0,1,0,0,0,4,20,7,8,0,,0.0,0.014591278964779079,0.014591278964779079
X000099723,2026-01-07 10:06:22,C000838,A0000838,M00080,T00347,Midwest,Midwest,44.11,USD,card_present,chip_pin,approved,APPROVE,40.51,1.0888669464329797,0,0,0,0,0,0,0,1,12,3,1,0,,0.0,0.00496553802278461,0.00496553802278461
X000091642,2026-01-07 10:06:34,C000769,A0000769,M00077,T00530,South,South,375.03,USD,mobile_wallet,chip_pin,approved,APPROVE,268.43,1.3971240174347128,0,0,0,0,0,1,0,8,36,7,15,25,customer_velocity,0.25,0.02074794296272412,0.25
X000052670,2026-01-07 10:06:35,C000444,A0000444,M00434,T00133,South,South,56.33,USD,mobile_wallet,wallet_biometric,approved,APPROVE,60.92,0.9246552856204858,0,0,0,0,0,1,0,2,36,10,2,18,terminal_customer_network_burst,0.18,0.01841836751613206,0.18
X000149114,2026-01-07 10:07:01,C001228,A0001228,M00154,T00515,South,South,33.1,USD,ecommerce,chip_pin,approved,APPROVE,55.14,0.6002901704751542,0,0,0,1,0,0,0,5,14,4,0,40,customer_velocity;new_customer_terminal_pair,0.4,0.008023950800298113,0.4
X000023423,2026-01-07 10:07:21,C000200,A0000200,M00531,T00724,Midwest,Midwest,52.0,USD,card_present,wallet_biometric,approved,APPROVE,41.87,1.2419393360401243,0,0,0,0,0,0,0,1,14,5,6,0,,0.0,0.005724515271444388,0.005724515271444388
X000215869,2026-01-07 10:07:50,C001764,A0001764,M00421,T00140,Midwest,Midwest,45.41,USD,card_present,chip_pin,approved,APPROVE,40.69,1.1159990169574834,0,0,0,0,0,0,0,0,5,2,1,0,,0.0,0.0038948110836469273,0.0038948110836469273
X000117577,2026-01-07 10:08:02,C000975,A0000975,M00517,T01092,Midwest,Midwest,53.44,USD,ecommerce,3ds,approved,APPROVE,46.6,1.1467811158798282,0,0,0,1,0,0,0,2,21,7,2,0,,0.0,0.009582978725706235,0.009582978725706235
X000000542,2026-01-07 10:08:19,C000007,A0000007,M00020,T00254,South,South,26.23,USD,ecommerce,magstripe,approved,APPROVE,42.05,0.623781212841855,0,0,0,1,1,0,0,3,46,11,5,18,terminal_customer_network_burst,0.18,0.028922953092483907,0.18
X000183786,2026-01-07 10:09:13,C001513,A0001513,M00297,T00721,Northeast,Northeast,61.66,USD,ecommerce,3ds,approved,APPROVE,76.81,0.8027600572842077,0,0,0,1,0,0,0,1,35,8,1,18,terminal_customer_network_burst,0.18,0.008932421883974556,0.18
X000170281,2026-01-07 10:09:39,C001404,A0001404,M00573,T00212,West,Northeast,114.03,USD,ecommerce,chip_pin,approved,APPROVE,133.01,0.8573039621081122,0,0,0,1,0,0,1,2,24,8,0,45,new_customer_terminal_pair;terminal_customer_network_burst;home_region_mismatch,0.45,0.10165602981079863,0.45
X000200523,2026-01-07 10:09:53,C001643,A0001643,M00345,T00208,South,South,84.4,USD,ecommerce,chip_pin,approved,APPROVE,53.74,1.5705247487904728,0,0,0,1,0,0,0,3,38,10,9,18,terminal_customer_network_burst,0.18,0.015158770709848108,0.18
X000191614,2026-01-07 10:10:02,C001572,A0001572,M00398,T00960,South,South,37.08,USD,card_present,chip_pin,approved,APPROVE,64.87,0.5716047479574533,0,0,0,0,0,0,0,0,30,7,1,0,,0.0,0.006015785626151533,0.006015785626151533
X000008091,2026-01-07 10:10:03,C000074,A0000074,M00368,T00453,South,West,23.04,USD,mobile_wallet,3ds,approved,APPROVE,44.26,0.5205603253502034,0,0,0,0,0,1,1,0,7,3,0,27,new_customer_terminal_pair;home_region_mismatch,0.27,0.05552850010686087,0.27
X000117263,2026-01-07 10:10:16,C000973,A0000973,M00521,T00168,Northeast,Northeast,350.76,USD,card_present,3ds,approved,APPROVE,257.81,1.360536829448043,0,0,0,0,0,0,0,0,21,6,8,0,,0.0,0.005738318182410664,0.005738318182410664
X000169791,2026-01-07 10:10:53,C001401,A0001401,M00504,T00422,Northeast,Northeast,64.69,USD,mobile_wallet,chip_pin,approved,APPROVE,92.55,0.6989735278227985,0,0,0,0,0,1,0,6,44,9,6,43,customer_velocity;terminal_customer_network_burst,0.43,0.021365901289746244,0.43
X000052374,2026-01-07 10:11:04,C000442,A0000442,M00321,T01046,Midwest,Midwest,310.39,USD,card_present,chip_pin,approved,APPROVE,204.56,1.5173543214704732,0,0,0,0,0,0,0,1,26,6,7,0,,0.0,0.007193791775207011,0.007193791775207011
X000242285,2026-01-07 10:11:32,C001979,A0001979,M00299,T00392,Northeast,Northeast,19.16,USD,card_present,chip_pin,approved,APPROVE,82.21,0.23306167132952196,0,0,0,0,0,0,0,4,19,5,5,0,,0.0,0.0056524631992041895,0.0056524631992041895
X000002589,2026-01-07 10:11:56,C000025,A0000025,M00068,T00683,Northeast,Northeast,46.62,USD,ecommerce,wallet_biometric,approved,APPROVE,35.5,1.3132394366197182,0,0,0,1,0,0,0,0,22,6,6,0,,0.0,0.006351994495797111,0.006351994495797111
X000120675,2026-01-07 10:12:03,C001003,A0001003,M00382,T00976,Midwest,Midwest,105.65,USD,card_present,chip_pin,approved,APPROVE,103.03,1.0254294865573135,0,0,0,0,0,0,0,5,14,3,3,25,customer_velocity,0.25,0.007289515854925449,0.25
X000145747,2026-01-07 10:12:06,C001201,A0001201,M00231,T00811,South,South,48.41,USD,ecommerce,3ds,approved,APPROVE,63.85,0.758183241973375,0,0,0,1,0,0,0,2,27,10,3,18,terminal_customer_network_burst,0.18,0.011463168695811227,0.18
X000145010,2026-01-07 10:12:14,C001194,A0001194,M00276,T01082,Northeast,Northeast,197.15,USD,ecommerce,3ds,approved,APPROVE,102.24,1.9283059467918624,0,0,0,1,0,0,0,1,38,11,8,18,terminal_customer_network_burst,0.18,0.01610689304346984,0.18
X000004432,2026-01-07 10:12:28,C000040,A0000040,M00434,T00808,South,South,45.56,USD,ecommerce,chip_pin,approved,APPROVE,36.27,1.256134546457127,0,0,0,1,0,0,0,0,31,10,8,18,terminal_customer_network_burst,0.18,0.009546903369650656,0.18
X000109527,2026-01-07 10:12:41,C000916,A0000916,M00315,T01023,Midwest,Midwest,131.06,USD,card_present,3ds,approved,APPROVE,125.73,1.0423924282191999,0,0,0,0,0,0,0,2,26,5,10,0,,0.0,0.005378861921746053,0.005378861921746053
X000195473,2026-01-07 10:13:02,C001606,A0001606,M00037,T00050,West,West,125.24,USD,ecommerce,magstripe,approved,APPROVE,119.37,1.0491748345480438,0,0,0,1,1,0,0,6,15,5,5,25,customer_velocity,0.25,0.022320718529827862,0.25
X000057832,2026-01-07 10:13:14,C000491,A0000491,M00610,T00995,Midwest,Midwest,46.13,USD,mobile_wallet,chip_pin,approved,APPROVE,85.5,0.5395321637426901,0,0,0,0,0,1,0,1,29,8,3,18,terminal_customer_network_burst,0.18,0.010563983665697354,0.18
X000182433,2026-01-07 10:14:44,C001501,A0001501,M00731,T00584,Northeast,Northeast,85.54,USD,mobile_wallet,3ds,approved,APPROVE,47.12,1.8153650254668934,0,0,0,0,0,1,0,2,33,6,10,0,,0.0,0.012671800185722691,0.012671800185722691
X000077272,2026-01-07 10:14:53,C000650,A0000650,M00271,T01087,Northeast,Northeast,44.43,USD,mobile_wallet,magstripe,approved,APPROVE,38.26,1.1612650287506534,0,0,0,0,1,1,0,1,29,9,6,18,terminal_customer_network_burst,0.18,0.029684090571339663,0.18
X000065137,2026-01-07 10:15:21,C000552,A0000552,M00270,T00562,South,South,113.93,USD,card_present,chip_pin,approved,APPROVE,37.61,3.029247540547727,0,0,0,0,0,0,0,3,29,6,4,30,amount_vs_profile,0.3,0.01855579561385199,0.3
X000034391,2026-01-07 10:15:33,C000292,A0000292,M00203,T00558,Northeast,Northeast,72.46,USD,card_present,chip_pin,approved,APPROVE,57.12,1.2685574229691876,0,0,0,0,0,0,0,0,18,4,3,0,,0.0,0.0050895994281103755,0.0050895994281103755
X000072886,2026-01-07 10:15:50,C000616,A0000616,M00345,T01138,South,South,106.82,USD,ecommerce,chip_pin,approved,APPROVE,67.43,1.5841613525137177,0,0,0,1,0,0,0,3,33,9,2,18,terminal_customer_network_burst,0.18,0.01674888429874866,0.18
X000098645,2026-01-07 10:15:52,C000827,A0000827,M00007,T00210,South,South,181.92,USD,card_present,3ds,approved,APPROVE,114.83,1.5842549856309327,0,0,0,0,0,0,0,1,36,7,3,0,,0.0,0.009707284203568606,0.009707284203568606
X000224041,2026-01-07 10:16:34,C001829,A0001829,M00301,T01109,South,South,37.37,USD,card_present,3ds,approved,APPROVE,54.77,0.6823078327551578,0,0,0,0,0,0,0,3,26,6,2,0,,0.0,0.00761596632664952,0.00761596632664952
X000081072,2026-01-07 10:17:03,C000681,A0000681,M00663,T00502,West,West,395.6,USD,card_present,magstripe,approved,APPROVE,189.01,2.0930109518014923,0,0,0,0,1,0,0,7,35,5,12,25,customer_velocity,0.25,0.030321644411488685,0.25
X000171618,2026-01-07 10:17:30,C001415,A0001415,M00039,T01014,Midwest,Midwest,50.61,USD,card_present,3ds,approved,APPROVE,52.35,0.9667621776504297,0,0,0,0,0,0,0,2,5,2,4,0,,0.0,0.004207277885820021,0.004207277885820021
X000183586,2026-01-07 10:17:49,C001511,A0001511,M00791,T00739,South,South,67.78,USD,ecommerce,3ds,approved,APPROVE,28.99,2.338047602621594,0,0,0,1,0,0,0,2,40,10,2,18,terminal_customer_network_burst,0.18,0.023078668650802044,0.18
X000096320,2026-01-07 10:18:00,C000806,A0000806,M00345,T00208,South,South,252.51,USD,card_present,3ds,approved,APPROVE,78.97,3.197543370900342,0,0,0,0,0,0,0,6,39,10,2,73,amount_vs_profile;customer_velocity;terminal_customer_network_burst,0.73,0.048394391461630465,0.73
X000066257,2026-01-07 10:18:19,C000562,A0000562,M00652,T00561,West,West,173.48,USD,ecommerce,chip_pin,approved,APPROVE,77.8,2.2298200514138817,0,0,0,1,0,0,0,1,5,4,0,15,new_customer_terminal_pair,0.15,0.009501500780436274,0.15
X000150556,2026-01-07 10:18:23,C001239,A0001239,M00500,T00780,Midwest,Midwest,97.16,USD,card_present,wallet_biometric,approved,APPROVE,63.27,1.5356409040619565,0,0,0,0,0,0,0,5,21,6,3,25,customer_velocity,0.25,0.012988613584142304,0.25
X000079065,2026-01-07 10:18:27,C000666,A0000666,M00037,T00364,West,West,16.65,USD,mobile_wallet,chip_pin,approved,APPROVE,32.91,0.5059252506836828,0,0,0,0,0,1,0,3,11,5,4,0,,0.0,0.008549994948735474,0.008549994948735474
X000135890,2026-01-07 10:18:27,C001117,A0001117,M00119,T00895,South,South,30.71,USD,card_present,3ds,approved,APPROVE,44.49,0.6902674758372668,0,0,0,0,0,0,0,1,44,12,2,18,terminal_customer_network_burst,0.18,0.012837638474153066,0.18
X000226872,2026-01-07 10:18:34,C001850,A0001850,M00231,T01111,South,South,65.84,USD,card_present,3ds,approved,APPROVE,35.81,1.8385925719072884,0,0,0,0,0,0,0,1,32,9,1,18,terminal_customer_network_burst,0.18,0.014363722113636589,0.18
X000094759,2026-01-07 10:19:35,C000792,A0000792,M00797,T00303,South,South,328.56,USD,card_present,3ds,approved,APPROVE,138.17,2.377940218571325,0,0,0,0,0,0,0,2,31,9,6,18,terminal_customer_network_burst,0.18,0.01703349423262919,0.18
X000182434,2026-01-07 10:19:56,C001501,A0001501,M00034,T00307,Northeast,Northeast,76.82,USD,ecommerce,chip_pin,approved,APPROVE,47.12,1.6303056027164686,0,0,0,1,0,0,0,3,36,9,6,18,terminal_customer_network_burst,0.18,0.015127107414180845,0.18
X000054754,2026-01-07 10:20:23,C000463,A0000463,M00203,T00558,Northeast,Northeast,12.19,USD,card_present,chip_pin,approved,APPROVE,13.75,0.8865454545454545,0,0,0,0,0,0,0,3,19,4,4,0,,0.0,0.006015172686315129,0.006015172686315129
X000174527,2026-01-07 10:20:42,C001438,A0001438,M00271,T00851,Northeast,Northeast,112.27,USD,card_present,3ds,approved,APPROVE,64.43,1.7425112525221167,0,0,0,0,0,0,0,1,28,8,3,18,terminal_customer_network_burst,0.18,0.0114057879229036,0.18
X000089053,2026-01-07 10:20:59,C000746,A0000746,M00741,T00732,South,South,154.24,USD,card_present,chip_pin,soft_decline,CHALLENGE,57.74,2.6712850710079667,0,0,1,0,0,0,0,0,22,6,3,8,authentication_soft_decline,0.08,0.05239349297813873,0.08
X000203162,2026-01-07 10:21:00,C001664,A0001664,M00051,T01084,South,South,273.84,USD,ecommerce,wallet_biometric,approved,APPROVE,245.36,1.1160743397456796,0,0,0,1,0,0,0,3,33,10,7,18,terminal_customer_network_burst,0.18,0.013288941818340881,0.18
X000025730,2026-01-07 10:21:45,C000220,A0000220,M00084,T00910,Midwest,Midwest,352.38,USD,ecommerce,3ds,approved,APPROVE,356.98,0.9871141240405624,0,0,0,1,0,0,0,6,26,9,4,43,customer_velocity;terminal_customer_network_burst,0.43,0.01719907102930021,0.43
X000124344,2026-01-07 10:22:06,C001029,A0001029,M00786,T00092,Northeast,Northeast,23.21,USD,ecommerce,3ds,approved,APPROVE,24.49,0.9477337688852594,0,0,0,1,0,0,0,4,27,7,7,0,,0.0,0.009655163311624984,0.009655163311624984
X000085248,2026-01-07 10:22:19,C000712,A0000712,M00640,T00333,Midwest,Midwest,26.16,USD,card_present,magstripe,soft_decline,CHALLENGE,43.3,0.6041570438799077,0,0,1,0,1,0,0,2,13,4,3,8,authentication_soft_decline,0.08,0.04798902027035833,0.08
X000212318,2026-01-07 10:22:33,C001733,A0001733,M00564,T01141,Northeast,Northeast,165.76,USD,ecommerce,chip_pin,approved,APPROVE,162.51,1.0199987693065042,0,0,0,1,0,0,0,5,33,9,10,43,customer_velocity;terminal_customer_network_burst,0.43,0.013032477831201721,0.43
X000038054,2026-01-07 10:22:54,C000325,A0000325,M00442,T00713,West,West,42.44,USD,card_present,chip_pin,approved,APPROVE,28.62,1.4828791055206147,0,0,0,0,0,0,0,1,21,6,1,0,,0.0,0.00849980287302226,0.00849980287302226
X000231298,2026-01-07 10:22:58,C001888,A0001888,M00258,T00401,West,West,110.03,USD,card_present,wallet_biometric,approved,APPROVE,34.21,3.216311020169541,0,0,0,0,0,0,0,2,0,0,0,45,amount_vs_profile;new_customer_terminal_pair,0.45,0.009300724333034032,0.45
X000051452,2026-01-07 10:22:59,C000435,A0000435,M00318,T00746,Midwest,Midwest,37.5,USD,card_present,chip_pin,approved,APPROVE,56.36,0.6653655074520937,0,0,0,0,0,0,0,0,52,10,8,18,terminal_customer_network_burst,0.18,0.007517100783597765,0.18
X000045479,2026-01-07 10:23:20,C000382,A0000382,M00661,T00337,Northeast,Northeast,2093.4,USD,card_present,chip_pin,approved,APPROVE,572.35,3.657552197082205,0,0,0,0,0,0,0,4,34,8,9,48,amount_vs_profile;terminal_customer_network_burst,0.48,0.029161431496000007,0.48
X000070757,2026-01-07 10:23:24,C000601,A0000601,M00130,T00939,South,South,423.15,USD,mobile_wallet,chip_pin,approved,APPROVE,156.23,2.7085066888561737,0,0,0,0,0,1,0,4,35,11,6,18,terminal_customer_network_burst,0.18,0.04632434780003835,0.18
X000222754,2026-01-07 10:23:24,C001815,A0001815,M00661,T00337,Northeast,Northeast,151.58,USD,card_present,wallet_biometric,approved,APPROVE,111.72,1.3567848191908343,0,0,0,0,0,0,0,1,35,8,1,18,terminal_customer_network_burst,0.18,0.010595767376280664,0.18
X000209714,2026-01-07 10:24:10,C001712,A0001712,M00376,T00309,South,South,124.82,USD,card_present,3ds,approved,APPROVE,184.84,0.6752867344730578,0,0,0,0,0,0,0,8,60,11,9,43,customer_velocity;terminal_customer_network_burst,0.43,0.021294489209509555,0.43
X000180902,2026-01-07 10:24:39,C001487,A0001487,M00073,T00757,South,South,120.21,USD,ecommerce,3ds,approved,APPROVE,70.38,1.7080136402387043,0,0,0,1,0,0,0,1,46,14,2,18,terminal_customer_network_burst,0.18,0.02584050751879638,0.18
X000125607,2026-01-07 10:25:01,C001035,A0001035,M00697,T00612,West,West,13.62,USD,ecommerce,chip_pin,approved,APPROVE,47.5,0.2867368421052631,0,0,0,1,0,0,0,5,13,3,3,25,customer_velocity,0.25,0.005683532704451158,0.25
X000175336,2026-01-07 10:25:36,C001444,A0001444,M00092,T00788,West,West,41.86,USD,card_present,magstripe,approved,APPROVE,31.66,1.3221730890713834,0,0,0,0,1,0,0,1,45,8,4,18,terminal_customer_network_burst,0.18,0.020932807427538967,0.18
X000044259,2026-01-07 10:26:01,C000376,A0000376,M00494,T01020,West,West,184.15,USD,card_present,3ds,approved,APPROVE,189.71,0.9706921090084867,0,0,0,0,0,0,0,3,18,5,11,0,,0.0,0.005572396766800075,0.005572396766800075
X000161845,2026-01-07 10:26:04,C001335,A0001335,M00040,T00439,Northeast,Northeast,67.98,USD,card_present,wallet_biometric,approved,APPROVE,42.95,1.5827706635622818,0,0,0,0,0,0,0,0,44,10,1,18,terminal_customer_network_burst,0.18,0.013371234087113696,0.18
X000223887,2026-01-07 10:27:06,C001827,A0001827,M00601,T00769,South,South,16.92,USD,ecommerce,wallet_biometric,approved,APPROVE,22.77,0.7430830039525692,0,0,0,1,0,0,0,1,46,14,0,33,new_customer_terminal_pair;terminal_customer_network_burst,0.33,0.01872779039677553,0.33
X000123753,2026-01-07 10:27:30,C001024,A0001024,M00119,T00895,South,South,33.45,USD,card_present,chip_pin,approved,APPROVE,26.09,1.282100421617478,0,0,0,0,0,0,0,1,45,12,3,18,terminal_customer_network_burst,0.18,0.01581926636860672,0.18
X000002241,2026-01-07 10:28:26,C000021,A0000021,M00211,T01170,Midwest,Midwest,33.95,USD,ecommerce,chip_pin,approved,APPROVE,43.71,0.7767101349805537,0,0,0,1,0,0,0,2,33,6,3,0,,0.0,0.00731970431698722,0.00731970431698722
X000134936,2026-01-07 10:28:34,C001108,A0001108,M00286,T00067,West,West,134.91,USD,card_present,wallet_biometric,approved,APPROVE,97.95,1.3773353751914241,0,0,0,0,0,0,0,1,11,7,3,0,,0.0,0.008374056353424445,0.008374056353424445
X000157054,2026-01-07 10:28:41,C001292,A0001292,M00094,T00206,South,South,48.27,USD,mobile_wallet,chip_pin,approved,APPROVE,56.18,0.8592025631897473,0,0,0,0,0,1,0,2,28,10,2,18,terminal_customer_network_burst,0.18,0.017580771440888744,0.18
X000157804,2026-01-07 10:29:25,C001297,A0001297,M00378,T00467,South,South,38.32,USD,card_present,chip_pin,approved,APPROVE,59.03,0.649161443333898,0,0,0,0,0,0,0,2,35,9,2,18,terminal_customer_network_burst,0.18,0.009743849548131515,0.18
X000121746,2026-01-07 10:29:46,C001011,A0001011,M00699,T00493,Midwest,Midwest,159.71,USD,card_present,magstripe,approved,APPROVE,167.1,0.9557749850388989,0,0,0,0,1,0,0,4,30,7,6,0,,0.0,0.020559325364559806,0.020559325364559806
X000059876,2026-01-07 10:29:47,C000510,A0000510,M00090,T00822,South,South,182.59,USD,card_present,chip_pin,approved,APPROVE,89.95,2.029905503057254,0,0,0,0,0,0,0,1,38,10,5,18,terminal_customer_network_burst,0.18,0.015580040575136438,0.18
X000194635,2026-01-07 10:31:15,C001601,A0001601,M00231,T00176,South,South,140.5,USD,ecommerce,3ds,approved,APPROVE,129.9,1.0816012317167052,0,0,0,1,0,0,0,1,40,8,6,18,terminal_customer_network_burst,0.18,0.008621222908123088,0.18
X000026614,2026-01-07 10:31:37,C000229,A0000229,M00378,T01196,South,South,55.91,USD,card_present,3ds,approved,APPROVE,29.59,1.8894896924636702,0,0,0,0,0,0,0,2,20,5,7,0,,0.0,0.008230064216128617,0.008230064216128617
X000181889,2026-01-07 10:31:57,C001497,A0001497,M00682,T00517,Northeast,Northeast,50.9,USD,card_present,magstripe,approved,APPROVE,35.5,1.4338028169014083,0,0,0,0,1,0,0,0,15,6,2,0,,0.0,0.01524720262366728,0.01524720262366728
X000129315,2026-01-07 10:32:03,C001064,A0001064,M00552,T00463,Northeast,Northeast,254.9,USD,mobile_wallet,wallet_biometric,approved,APPROVE,157.04,1.6231533367294957,0,0,0,0,0,1,0,3,29,8,6,18,terminal_customer_network_burst,0.18,0.018734524656969703,0.18
X000153650,2026-01-07 10:32:13,C001264,A0001264,M00070,T00169,Northeast,Northeast,184.22,USD,ecommerce,chip_pin,approved,APPROVE,202.11,0.9114838454307059,0,0,0,1,0,0,0,6,32,9,10,43,customer_velocity;terminal_customer_network_burst,0.43,0.013979325820676037,0.43
X000211725,2026-01-07 10:32:48,C001727,A0001727,M00607,T00470,South,South,102.33,USD,ecommerce,3ds,approved,APPROVE,189.29,0.5405990807755297,0,0,0,1,0,0,0,5,44,11,10,43,customer_velocity;terminal_customer_network_burst,0.43,0.013970142772909425,0.43
X000048356,2026-01-07 10:32:55,C000406,A0000406,M00675,T00110,Midwest,Midwest,66.12,USD,card_present,magstripe,approved,APPROVE,126.82,0.5213688692635232,0,0,0,0,1,0,0,2,29,8,8,18,terminal_customer_network_burst,0.18,0.01440231365256601,0.18
X000223124,2026-01-07 10:33:22,C001819,A0001819,M00787,T00660,South,South,91.45,USD,ecommerce,chip_pin,approved,APPROVE,94.36,0.9691606612971598,0,0,0,1,0,0,0,6,18,7,8,25,customer_velocity,0.25,0.011640743699193526,0.25
X000010769,2026-01-07 10:33:23,C000098,A0000098,M00130,T01074,South,South,83.54,USD,card_present,magstripe,approved,APPROVE,55.5,1.5052252252252254,0,0,0,0,1,0,0,4,33,9,8,18,terminal_customer_network_burst,0.18,0.0305144458287585,0.18
X000165557,2026-01-07 10:33:25,C001367,A0001367,M00090,T00822,South,South,71.95,USD,ecommerce,wallet_biometric,approved,APPROVE,154.49,0.4657259369538481,0,0,0,1,0,0,0,2,39,10,5,18,terminal_customer_network_burst,0.18,0.009847456351778326,0.18
X000216470,2026-01-07 10:34:09,C001770,A0001770,M00433,T01191,Midwest,Midwest,107.08,USD,card_present,chip_pin,approved,APPROVE,144.7,0.7400138217000691,0,0,0,0,0,0,0,3,9,4,4,0,,0.0,0.005523948387946062,0.005523948387946062
X000169424,2026-01-07 10:34:12,C001400,A0001400,M00743,T00089,South,South,261.24,USD,card_present,3ds,approved,APPROVE,210.06,1.2436446729505857,0,0,0,0,0,0,0,6,19,4,15,25,customer_velocity,0.25,0.00692795865427144,0.25
X000087564,2026-01-07 10:34:50,C000735,A0000735,M00784,T00756,South,South,68.33,USD,mobile_wallet,chip_pin,approved,APPROVE,65.82,1.0381343056821635,0,0,0,0,0,1,0,3,51,11,0,33,new_customer_terminal_pair;terminal_customer_network_burst,0.33,0.026890702049513854,0.33
X000135973,2026-01-07 10:34:54,C001118,A0001118,M00181,T01063,South,South,53.24,USD,ecommerce,chip_pin,approved,APPROVE,64.28,0.8282514001244555,0,0,0,1,0,0,0,2,33,7,5,0,,0.0,0.007885038056008892,0.007885038056008892
X000159557,2026-01-07 10:34:59,C001315,A0001315,M00780,T01096,West,West,54.64,USD,ecommerce,3ds,approved,APPROVE,49.14,1.111925111925112,0,0,0,1,0,0,0,0,16,4,2,0,,0.0,0.005177854908730247,0.005177854908730247
X000226139,2026-01-07 10:35:20,C001843,A0001843,M00541,T00575,South,South,34.66,USD,card_present,magstripe,approved,APPROVE,73.75,0.4699661016949152,0,0,0,0,1,0,0,6,21,5,7,25,customer_velocity,0.25,0.01598806808196948,0.25
X000119404,2026-01-07 10:35:36,C000990,A0000990,M00148,T00250,Midwest,Midwest,77.02,USD,card_present,chip_pin,approved,APPROVE,30.63,2.5145282402873,0,0,0,0,0,0,0,2,29,7,2,0,,0.0,0.016102222167329927,0.016102222167329927
X000124968,2026-01-07 10:35:38,C001032,A0001032,M00051,T00286,South,South,123.71,USD,ecommerce,wallet_biometric,approved,APPROVE,220.63,0.5607125050990346,0,0,0,1,0,0,0,8,45,11,12,43,customer_velocity;terminal_customer_network_burst,0.43,0.018762242755296685,0.43
X000125834,2026-01-07 10:35:56,C001037,A0001037,M00620,T00585,South,South,12.08,USD,card_present,chip_pin,approved,APPROVE,22.67,0.5328628142920159,0,0,0,0,0,0,0,2,32,9,0,33,new_customer_terminal_pair;terminal_customer_network_burst,0.33,0.00983869415236757,0.33
X000240242,2026-01-07 10:35:59,C001960,A0001960,M00580,T00415,South,South,15.71,USD,ecommerce,3ds,approved,APPROVE,31.09,0.5053071727243487,0,0,0,1,0,0,0,0,56,13,2,18,terminal_customer_network_burst,0.18,0.012968376216698607,0.18
X000048207,2026-01-07 10:36:12,C000405,A0000405,M00659,T00047,Northeast,Northeast,110.7,USD,ecommerce,magstripe,approved,APPROVE,61.46,1.8011714936544094,0,0,0,1,1,0,0,2,29,8,3,18,terminal_customer_network_burst,0.18,0.029701030988297954,0.18
X000072580,2026-01-07 10:36:54,C000614,A0000614,M00739,T00701,South,South,253.87,USD,card_present,magstripe,approved,APPROVE,325.59,0.7797229644645106,0,0,0,0,1,0,0,4,45,11,9,18,terminal_customer_network_burst,0.18,0.028786737035147003,0.18
X000086786,2026-01-07 10:37:06,C000728,A0000728,M00645,T00155,South,South,115.84,USD,card_present,3ds,approved,APPROVE,159.7,0.7253600500939262,0,0,0,0,0,0,0,8,43,10,10,43,customer_velocity;terminal_customer_network_burst,0.43,0.017938836335127703,0.43
X000216698,2026-01-07 10:37:09,C001772,A0001772,M00325,T00244,West,Northeast,82.55,USD,card_present,wallet_biometric,approved,APPROVE,93.69,0.8810972355640944,0,0,0,0,0,0,1,5,9,2,0,52,customer_velocity;new_customer_terminal_pair;home_region_mismatch,0.52,0.06776402265905594,0.52
X000109528,2026-01-07 10:37:12,C000916,A0000916,M00513,T00695,Midwest,Midwest,120.64,USD,mobile_wallet,3ds,approved,APPROVE,125.73,0.9595164240833531,0,0,0,0,0,1,0,3,25,5,8,0,,0.0,0.009360465332222526,0.009360465332222526
X000072036,2026-01-07 10:38:51,C000610,A0000610,M00441,T01043,West,West,26.43,USD,mobile_wallet,chip_pin,approved,APPROVE,97.14,0.2720815318097591,0,0,0,0,0,1,0,7,31,6,19,25,customer_velocity,0.25,0.009067228930966224,0.25
X000117097,2026-01-07 10:39:08,C000972,A0000972,M00302,T00325,Northeast,Northeast,99.64,USD,card_present,chip_pin,approved,APPROVE,68.08,1.463572267920094,0,0,0,0,0,0,0,1,19,5,4,0,,0.0,0.006768071326909953,0.006768071326909953
X000048208,2026-01-07 10:39:13,C000405,A0000405,M00516,T00435,Northeast,Northeast,39.75,USD,mobile_wallet,chip_pin,approved,APPROVE,61.46,0.6467621217051741,0,0,0,0,0,1,0,3,26,7,3,0,,0.0,0.012290739017080797,0.012290739017080797
X000061022,2026-01-07 10:39:20,C000520,A0000520,M00020,T00254,South,South,47.65,USD,mobile_wallet,chip_pin,approved,APPROVE,29.58,1.6108857336037863,0,0,0,0,0,1,0,3,47,11,3,18,terminal_customer_network_burst,0.18,0.03039552331697526,0.18
X000039086,2026-01-07 10:40:46,C000333,A0000333,M00342,T00483,Midwest,Midwest,111.83,USD,card_present,chip_pin,approved,APPROVE,85.49,1.3081062112527782,0,0,0,0,0,0,0,3,50,10,11,18,terminal_customer_network_burst,0.18,0.012504227753922643,0.18
X000195703,2026-01-07 10:40:50,C001607,A0001607,M00299,T01117,Northeast,Northeast,24.13,USD,mobile_wallet,chip_pin,approved,APPROVE,27.54,0.8761801016702977,0,0,0,0,0,1,0,1,16,4,5,0,,0.0,0.006850546325349085,0.006850546325349085
X000076581,2026-01-07 10:40:51,C000644,A0000644,M00276,T00665,Northeast,Northeast,77.72,USD,ecommerce,3ds,approved,APPROVE,41.47,1.8741258741258742,0,0,0,1,0,0,0,1,19,5,0,15,new_customer_terminal_pair,0.15,0.009593836289832089,0.15
X000042752,2026-01-07 10:42:12,C000362,A0000362,M00083,T00024,Midwest,Midwest,38.62,USD,ecommerce,3ds,approved,APPROVE,53.22,0.7256670424652386,0,0,0,1,0,0,0,1,23,6,4,0,,0.0,0.006017509215136967,0.006017509215136967
X000156388,2026-01-07 10:42:21,C001287,A0001287,M00679,T00587,Northeast,Northeast,42.3,USD,mobile_wallet,wallet_biometric,approved,APPROVE,23.67,1.7870722433460073,0,0,0,0,0,1,0,1,35,9,1,18,terminal_customer_network_burst,0.18,0.02123848246315148,0.18
X000101092,2026-01-07 10:43:00,C000851,A0000851,M00754,T01077,West,West,876.03,USD,card_present,3ds,approved,APPROVE,554.65,1.5794284684034978,0,0,0,0,0,0,0,4,22,5,12,0,,0.0,0.007846541993100416,0.007846541993100416
X000109108,2026-01-07 10:43:13,C000914,A0000914,M00326,T01151,Northeast,Northeast,147.62,USD,ecommerce,3ds,approved,APPROVE,132.97,1.1101752274949237,0,0,0,1,0,0,0,2,23,6,6,0,,0.0,0.007413778069898784,0.007413778069898784
X000163299,2026-01-07 10:44:22,C001347,A0001347,M00181,T00177,South,South,11.51,USD,mobile_wallet,chip_pin,approved,APPROVE,42.9,0.2682983682983683,0,0,0,0,0,1,0,1,24,8,3,18,terminal_customer_network_burst,0.18,0.00934602494755475,0.18
X000163375,2026-01-07 10:44:57,C001348,A0001348,M00323,T01185,South,South,94.52,USD,ecommerce,chip_pin,approved,APPROVE,58.02,1.6290934160634263,0,0,0,1,0,0,0,6,37,9,9,43,customer_velocity;terminal_customer_network_burst,0.43,0.019503520087504205,0.43
X000177205,2026-01-07 10:45:18,C001460,A0001460,M00091,T00954,Midwest,Midwest,97.7,USD,mobile_wallet,3ds,approved,APPROVE,140.53,0.6952252188144881,0,0,0,0,0,1,0,4,50,9,18,18,terminal_customer_network_burst,0.18,0.011696493426276884,0.18
X000117730,2026-01-07 10:45:21,C000976,A0000976,M00148,T01086,Midwest,Midwest,386.63,USD,ecommerce,3ds,approved,APPROVE,245.46,1.5751242564980037,0,0,0,1,0,0,0,3,46,7,7,0,,0.0,0.011621800818224363,0.011621800818224363
X000230621,2026-01-07 10:45:22,C001881,A0001881,M00510,T00773,West,West,105.8,USD,card_present,chip_pin,approved,APPROVE,70.14,1.508411747932706,0,0,0,0,0,0,0,0,6,1,6,0,,0.0,0.0034605610700077483,0.0034605610700077483
X000015721,2026-01-07 10:45:47,C000134,A0000134,M00682,T00951,Northeast,Northeast,40.57,USD,ecommerce,wallet_biometric,approved,APPROVE,29.05,1.3965576592082616,0,0,0,1,0,0,0,1,19,6,7,0,,0.0,0.00709795572331815,0.00709795572331815
X000134006,2026-01-07 10:46:06,C001103,A0001103,M00484,T00090,South,South,375.9,USD,card_present,wallet_biometric,approved,APPROVE,279.87,1.3431235930967949,0,0,0,0,0,0,0,6,18,3,14,25,customer_velocity,0.25,0.006603011678988544,0.25
X000072988,2026-01-07 10:46:20,C000617,A0000617,M00482,T00610,Northeast,West,72.89,USD,card_present,3ds,approved,APPROVE,36.33,2.006330856041839,0,0,0,0,0,0,1,1,30,8,0,45,new_customer_terminal_pair;terminal_customer_network_burst;home_region_mismatch,0.45,0.1340136292850261,0.45
X000134841,2026-01-07 10:46:36,C001107,A0001107,M00692,T00771,Northeast,Northeast,158.91,USD,mobile_wallet,3ds,approved,APPROVE,77.96,2.038353001539251,0,0,0,0,0,1,0,2,34,10,3,18,terminal_customer_network_burst,0.18,0.027693749682515027,0.18
X000191149,2026-01-07 10:47:02,C001569,A0001569,M00615,T00908,Midwest,Midwest,76.53,USD,card_present,chip_pin,approved,APPROVE,91.86,0.833115610711953,0,0,0,0,0,0,0,1,24,4,5,0,,0.0,0.004564326675343933,0.004564326675343933
X000210455,2026-01-07 10:47:46,C001716,A0001716,M00048,T01172,Northeast,Northeast,95.94,USD,mobile_wallet,chip_pin,approved,APPROVE,44.2,2.1705882352941175,0,0,0,0,0,1,0,4,21,5,7,0,,0.0,0.017518534289481195,0.017518534289481195
X000022326,2026-01-07 10:48:00,C000193,A0000193,M00262,T00998,South,South,24.27,USD,card_present,wallet_biometric,approved,APPROVE,30.04,0.8079227696404794,0,0,0,0,0,0,0,0,32,7,1,0,,0.0,0.006655621369707684,0.006655621369707684
X000107235,2026-01-07 10:48:54,C000899,A0000899,M00159,T01088,Northeast,Northeast,46.41,USD,card_present,chip_pin,approved,APPROVE,38.17,1.2158763426774952,0,0,0,0,0,0,0,0,6,3,2,0,,0.0,0.004432330664605689,0.004432330664605689
X000137320,2026-01-07 10:49:01,C001128,A0001128,M00191,T00441,Midwest,Midwest,248.35,USD,card_present,wallet_biometric,approved,APPROVE,144.34,1.7205902729666065,0,0,0,0,0,0,0,2,36,9,4,18,terminal_customer_network_burst,0.18,0.014118881551546633,0.18
X000001460,2026-01-07 10:49:23,C000015,A0000015,M00074,T01036,South,South,284.32,USD,ecommerce,magstripe,approved,APPROVE,115.21,2.467841333217603,0,0,0,1,1,0,0,2,62,10,15,18,terminal_customer_network_burst,0.18,0.03622166182464493,0.18
X000041576,2026-01-07 10:49:40,C000352,A0000352,M00434,T00808,South,South,82.75,USD,card_present,chip_pin,approved,APPROVE,46.87,1.7655216556432687,0,0,0,0,0,0,0,2,32,10,2,18,terminal_customer_network_burst,0.18,0.017056955354509504,0.18
X000175337,2026-01-07 10:49:46,C001444,A0001444,M00092,T00788,West,West,50.19,USD,ecommerce,wallet_biometric,approved,APPROVE,31.66,1.5852811118130132,0,0,0,1,0,0,0,2,46,8,5,18,terminal_customer_network_burst,0.18,0.012455629057695265,0.18
X000179637,2026-01-07 10:50:09,C001477,A0001477,M00607,T00470,South,South,53.08,USD,card_present,chip_pin,approved,APPROVE,42.81,1.2398972202756364,0,0,0,0,0,0,0,2,45,11,3,18,terminal_customer_network_burst,0.18,0.01553865949252525,0.18
X000205117,2026-01-07 10:50:49,C001676,A0001676,M00767,T00890,South,South,113.73,USD,card_present,3ds,approved,APPROVE,74.79,1.5206578419574808,0,0,0,0,0,0,0,1,45,7,4,0,,0.0,0.00937400195731898,0.00937400195731898
X000141770,2026-01-07 10:51:11,C001169,A0001169,M00040,T00439,Northeast,Northeast,71.44,USD,card_present,chip_pin,approved,APPROVE,104.26,0.6852100517935928,0,0,0,0,0,0,0,7,45,10,7,43,customer_velocity;terminal_customer_network_burst,0.43,0.01738903585929775,0.43
X000005065,2026-01-07 10:51:16,C000047,A0000047,M00251,T00104,West,West,36.31,USD,card_present,wallet_biometric,approved,APPROVE,40.14,0.9045839561534629,0,0,0,0,0,0,0,2,21,4,4,0,,0.0,0.005416268155334638,0.005416268155334638
X000061604,2026-01-07 10:51:31,C000526,A0000526,M00524,T00033,West,West,171.79,USD,card_present,chip_pin,approved,APPROVE,156.59,1.0970687783383357,0,0,0,0,0,0,0,6,14,2,10,25,customer_velocity,0.25,0.0059800539540786225,0.25
X000142394,2026-01-07 10:51:33,C001174,A0001174,M00033,T00091,West,West,111.08,USD,ecommerce,chip_pin,approved,APPROVE,77.71,1.4294170634409986,0,0,0,1,0,0,0,1,13,4,3,0,,0.0,0.0063640580280924135,0.0063640580280924135
X000215964,2026-01-07 10:52:18,C001765,A0001765,M00257,T00772,South,South,83.55,USD,card_present,chip_pin,approved,APPROVE,57.88,1.443503800967519,0,0,0,0,0,0,0,1,56,11,15,18,terminal_customer_network_burst,0.18,0.01050379520926671,0.18
X000243477,2026-01-07 10:52:22,C001987,A0001987,M00484,T00728,South,South,88.37,USD,ecommerce,chip_pin,approved,APPROVE,186.83,0.47299684204892145,0,0,0,1,0,0,0,4,45,11,10,18,terminal_customer_network_burst,0.18,0.01213062096094626,0.18
X000226465,2026-01-07 10:53:02,C001845,A0001845,M00070,T00004,Northeast,Northeast,22.01,USD,ecommerce,chip_pin,approved,APPROVE,40.69,0.5409191447530106,0,0,0,1,0,0,0,3,29,10,2,18,terminal_customer_network_burst,0.18,0.01224692552406655,0.18
X000064939,2026-01-07 10:53:27,C000551,A0000551,M00745,T00344,Northeast,Northeast,303.23,USD,card_present,3ds,approved,APPROVE,293.22,1.0341381897551327,0,0,0,0,0,0,0,2,13,5,3,0,,0.0,0.00650174998768726,0.00650174998768726
X000132251,2026-01-07 10:53:29,C001090,A0001090,M00406,T00668,South,South,48.74,USD,card_present,wallet_biometric,approved,APPROVE,35.97,1.355018070614401,0,0,0,0,0,0,0,1,34,8,2,18,terminal_customer_network_burst,0.18,0.010226696938093317,0.18
X000027640,2026-01-07 10:53:37,C000238,A0000238,M00663,T00862,West,West,57.48,USD,card_present,chip_pin,approved,APPROVE,57.91,0.9925746848558108,0,0,0,0,0,0,0,2,17,6,4,0,,0.0,0.0070378739311597795,0.0070378739311597795
X000215558,2026-01-07 10:53:47,C001761,A0001761,M00248,T00017,South,South,48.38,USD,ecommerce,wallet_biometric,approved,APPROVE,67.82,0.7133588911825421,0,0,0,1,0,0,0,1,37,9,10,18,terminal_customer_network_burst,0.18,0.007288015777381005,0.18
X000158599,2026-01-07 10:54:21,C001305,A0001305,M00502,T00019,Northeast,Northeast,37.95,USD,card_present,chip_pin,approved,APPROVE,41.2,0.9211165048543689,0,0,0,0,0,0,0,2,0,0,0,15,new_customer_terminal_pair,0.15,0.0036619273967560735,0.15
X000178802,2026-01-07 10:54:30,C001473,A0001473,M00613,T00638,South,South,81.41,USD,mobile_wallet,chip_pin,approved,APPROVE,57.26,1.421760391198044,0,0,0,0,0,1,0,4,35,9,8,18,terminal_customer_network_burst,0.18,0.02076811423918961,0.18
X000209161,2026-01-07 10:54:45,C001707,A0001707,M00497,T00121,West,West,32.85,USD,card_present,magstripe,approved,APPROVE,52.95,0.6203966005665722,0,0,0,0,1,0,0,4,18,6,2,0,,0.0,0.01762700406959218,0.01762700406959218
X000015722,2026-01-07 10:54:56,C000134,A0000134,M00271,T00851,Northeast,Northeast,62.08,USD,mobile_wallet,wallet_biometric,approved,APPROVE,29.05,2.1370051635111875,0,0,0,0,0,1,0,2,29,8,7,18,terminal_customer_network_burst,0.18,0.019858595501942213,0.18
X000162227,2026-01-07 10:55:09,C001340,A0001340,M00052,T00843,South,South,187.29,USD,ecommerce,chip_pin,approved,APPROVE,94.89,1.97375908947202,0,0,0,1,0,0,0,1,11,4,0,15,new_customer_terminal_pair,0.15,0.008698300034637408,0.15
X000005238,2026-01-07 10:55:23,C000049,A0000049,M00750,T01142,South,South,69.7,USD,mobile_wallet,magstripe,approved,APPROVE,99.71,0.6990271788185739,0,0,0,0,1,1,0,0,51,11,3,18,terminal_customer_network_burst,0.18,0.03224490610637769,0.18
X000096538,2026-01-07 10:55:53,C000808,A0000808,M00795,T00576,Northeast,Northeast,64.75,USD,card_present,chip_pin,approved,APPROVE,44.14,1.4669234254644314,0,0,0,0,0,0,0,1,23,8,3,18,terminal_customer_network_burst,0.18,0.010074008112104774,0.18
X000044260,2026-01-07 10:56:06,C000376,A0000376,M00265,T01076,West,West,209.13,USD,ecommerce,chip_pin,approved,APPROVE,189.71,1.102366770333667,0,0,0,1,0,0,0,4,22,4,12,0,,0.0,0.006061255272492729,0.006061255272492729
X000123047,2026-01-07 10:56:50,C001020,A0001020,M00012,T00789,West,West,69.83,USD,card_present,3ds,approved,APPROVE,132.98,0.5251165588810348,0,0,0,0,0,0,0,1,11,4,5,0,,0.0,0.0038944010005562447,0.0038944010005562447
X000236669,2026-01-07 10:57:30,C001930,A0001930,M00301,T01109,South,South,37.84,USD,card_present,chip_pin,approved,APPROVE,32.14,1.1773490976975731,0,0,0,0,0,0,0,4,27,6,2,0,,0.0,0.010487769861114058,0.010487769861114058
X000141215,2026-01-07 10:57:32,C001163,A0001163,M00486,T00714,South,South,47.65,USD,card_present,wallet_biometric,approved,APPROVE,40.17,1.1862086133930794,0,0,0,0,0,0,0,2,39,14,2,18,terminal_customer_network_burst,0.18,0.021949683513351474,0.18
X000129736,2026-01-07 10:59:34,C001067,A0001067,M00211,T01170,Midwest,Midwest,220.47,USD,mobile_wallet,wallet_biometric,approved,APPROVE,153.89,1.4326466956917279,0,0,0,0,0,1,0,3,34,6,15,0,,0.0,0.010415265852492509,0.010415265852492509
X000172709,2026-01-07 10:59:46,C001425,A0001425,M00482,T00610,West,West,17.54,USD,card_present,3ds,approved,APPROVE,15.72,1.1157760814249362,0,0,0,0,0,0,0,1,31,9,1,18,terminal_customer_network_burst,0.18,0.010702750926404095,0.18
X000050624,2026-01-07 11:00:09,C000425,A0000425,M00715,T00083,Midwest,Midwest,25.58,USD,card_present,chip_pin,approved,APPROVE,31.69,0.807194698643105,0,0,0,0,0,0,0,2,23,5,5,0,,0.0,0.005702593156118987,0.005702593156118987
X000154083,2026-01-07 11:00:20,C001268,A0001268,M00461,T00958,West,West,42.26,USD,card_present,chip_pin,approved,APPROVE,53.47,0.790349728819899,0,0,0,0,0,0,0,1,13,5,2,0,,0.0,0.0054090389429628394,0.0054090389429628394
X000215559,2026-01-07 11:00:52,C001761,A0001761,M00248,T00017,South,South,47.41,USD,card_present,wallet_biometric,approved,APPROVE,67.82,0.6990563255676792,0,0,0,0,0,0,0,2,38,9,11,18,terminal_customer_network_burst,0.18,0.007495723524142065,0.18
X000073312,2026-01-07 11:00:53,C000620,A0000620,M00735,T00059,Midwest,Midwest,13.1,USD,card_present,wallet_biometric,approved,APPROVE,16.5,0.793939393939394,0,0,0,0,0,0,0,2,24,7,3,0,,0.0,0.007683254964915523,0.007683254964915523
X000198103,2026-01-07 11:01:45,C001625,A0001625,M00183,T00617,South,South,34.21,USD,card_present,3ds,approved,APPROVE,37.18,0.9201183431952663,0,0,0,0,0,0,0,1,30,11,1,18,terminal_customer_network_burst,0.18,0.012479468998880694,0.18
X000072581,2026-01-07 11:01:55,C000614,A0000614,M00067,T00948,South,South,298.71,USD,mobile_wallet,chip_pin,soft_decline,CHALLENGE,325.59,0.917442181885193,0,0,1,0,0,1,0,5,46,11,9,51,customer_velocity;terminal_customer_network_burst;authentication_soft_decline,0.51,0.10445484160237578,0.51
X000001117,2026-01-07 11:02:18,C000012,A0000012,M00387,T00209,Northeast,Northeast,51.55,USD,card_present,wallet_biometric,approved,APPROVE,90.27,0.5710645840257007,0,0,0,0,0,0,0,2,31,10,4,18,terminal_customer_network_burst,0.18,0.009857122917500835,0.18
X000099353,2026-01-07 11:02:25,C000834,A0000834,M00166,T00022,Northeast,Northeast,86.43,USD,ecommerce,chip_pin,approved,APPROVE,47.15,1.8330858960763523,0,0,0,1,0,0,0,0,34,9,2,18,terminal_customer_network_burst,0.18,0.013095738330577434,0.18
X000091643,2026-01-07 11:02:31,C000769,A0000769,M00738,T00002,South,South,751.48,USD,card_present,wallet_biometric,approved,APPROVE,268.43,2.799538054613866,0,0,0,0,0,0,0,9,23,6,13,25,customer_velocity,0.25,0.025033024601232298,0.25
X000141993,2026-01-07 11:02:52,C001171,A0001171,M00074,T01036,South,South,78.12,USD,card_present,wallet_biometric,approved,APPROVE,107.06,0.7296842891836354,0,0,0,0,0,0,0,2,63,10,6,18,terminal_customer_network_burst,0.18,0.010694434756029774,0.18
X000156031,2026-01-07 11:03:10,C001284,A0001284,M00800,T00613,West,West,92.21,USD,mobile_wallet,chip_pin,approved,APPROVE,43.59,2.115393438862124,0,0,0,0,0,1,0,4,18,6,4,0,,0.0,0.02102902749409691,0.02102902749409691
X000002927,2026-01-07 11:03:27,C000028,A0000028,M00675,T00836,Midwest,Midwest,149.23,USD,ecommerce,chip_pin,approved,APPROVE,126.86,1.1763361185558883,0,0,0,1,0,0,0,9,13,3,6,25,customer_velocity,0.25,0.011814773005207588,0.25
X000102261,2026-01-07 11:03:30,C000860,A0000860,M00798,T00402,Northeast,Northeast,54.65,USD,ecommerce,chip_pin,approved,APPROVE,104.33,0.5238186523531103,0,0,0,1,0,0,0,2,32,10,3,18,terminal_customer_network_burst,0.18,0.010561353992921949,0.18
X000013208,2026-01-07 11:03:31,C000115,A0000115,M00050,T01119,Midwest,Midwest,71.07,USD,mobile_wallet,wallet_biometric,approved,APPROVE,73.53,0.9665442676458588,0,0,0,0,0,1,0,4,39,8,7,18,terminal_customer_network_burst,0.18,0.01605661624004094,0.18
X000064506,2026-01-07 11:03:31,C000548,A0000548,M00585,T00052,Midwest,Midwest,28.59,USD,card_present,3ds,approved,APPROVE,36.4,0.7854395604395604,0,0,0,0,0,0,0,3,33,13,3,18,terminal_customer_network_burst,0.18,0.017819057784697986,0.18
X000212046,2026-01-07 11:03:50,C001730,A0001730,M00797,T00418,South,South,143.67,USD,card_present,3ds,soft_decline,CHALLENGE,65.58,2.1907593778591035,0,0,1,0,0,0,0,2,43,6,7,8,authentication_soft_decline,0.08,0.05062584325727346,0.08
X000191391,2026-01-07 11:04:00,C001571,A0001571,M00547,T00371,Northeast,Northeast,33.28,USD,card_present,3ds,approved,APPROVE,34.49,0.9649173673528558,0,0,0,0,0,0,0,3,45,11,10,18,terminal_customer_network_burst,0.18,0.012483822310087907,0.18
X000094760,2026-01-07 11:04:02,C000792,A0000792,M00797,T00303,South,South,151.69,USD,ecommerce,wallet_biometric,approved,APPROVE,138.17,1.097850474053702,0,0,0,1,0,0,0,3,32,9,7,18,terminal_customer_network_burst,0.18,0.011699677122068756,0.18
X000147980,2026-01-07 11:05:21,C001222,A0001222,M00133,T00854,Northeast,Northeast,27.46,USD,card_present,chip_pin,approved,APPROVE,66.25,0.4144905660377359,0,0,0,0,0,0,0,2,33,11,4,18,terminal_customer_network_burst,0.18,0.010461752146873867,0.18
X000117264,2026-01-07 11:06:14,C000973,A0000973,M00171,T00643,Northeast,Northeast,307.99,USD,ecommerce,3ds,approved,APPROVE,257.81,1.194639463170552,0,0,0,1,0,0,0,1,20,4,6,0,,0.0,0.005345569979407517,0.005345569979407517
X000084672,2026-01-07 11:06:26,C000709,A0000709,M00778,T00222,South,South,144.61,USD,ecommerce,chip_pin,approved,APPROVE,116.1,1.245564168819983,0,0,0,1,0,0,0,0,17,4,9,0,,0.0,0.004369854457856778,0.004369854457856778
X000145011,2026-01-07 11:07:09,C001194,A0001194,M00638,T01099,Northeast,Northeast,63.13,USD,ecommerce,wallet_biometric,approved,APPROVE,102.24,0.6174687010954617,0,0,0,1,0,0,0,2,29,6,5,0,,0.0,0.006366785628533591,0.006366785628533591
X000231036,2026-01-07 11:07:30,C001885,A0001885,M00614,T00113,South,South,90.45,USD,card_present,3ds,approved,APPROVE,53.72,1.6837304542069993,0,0,0,0,0,0,0,2,13,5,3,0,,0.0,0.008461357085775886,0.008461357085775886
X000177206,2026-01-07 11:08:00,C001460,A0001460,M00091,T00954,Midwest,Midwest,206.93,USD,mobile_wallet,wallet_biometric,approved,APPROVE,140.53,1.4724969757347186,0,0,0,0,0,1,0,5,51,9,19,43,customer_velocity;terminal_customer_network_burst,0.43,0.017445954161329234,0.43
X000097838,2026-01-07 11:08:50,C000820,A0000820,M00192,T00126,South,South,127.62,USD,card_present,chip_pin,approved,APPROVE,146.86,0.8689908756638975,0,0,0,0,0,0,0,7,41,8,10,43,customer_velocity;terminal_customer_network_burst,0.43,0.01331994865529395,0.43
X000179287,2026-01-07 11:08:52,C001476,A0001476,M00450,T00640,Northeast,Northeast,125.0,USD,card_present,chip_pin,approved,APPROVE,246.77,0.5065445556591157,0,0,0,0,0,0,0,9,53,6,15,25,customer_velocity,0.25,0.010083861043774319,0.25
X000017468,2026-01-07 11:08:58,C000150,A0000150,M00518,T00379,South,South,108.83,USD,ecommerce,3ds,approved,APPROVE,224.61,0.48452873870264007,0,0,0,1,0,0,0,3,28,10,6,18,terminal_customer_network_burst,0.18,0.010499532834903487,0.18
X000108650,2026-01-07 11:08:58,C000911,A0000911,M00422,T00691,Midwest,Midwest,157.91,USD,card_present,wallet_biometric,approved,APPROVE,89.36,1.7671217547000895,0,0,0,0,0,0,0,3,14,4,5,0,,0.0,0.008218798643446122,0.008218798643446122
X000047139,2026-01-07 11:09:06,C000397,A0000397,M00239,T00791,South,South,107.79,USD,card_present,wallet_biometric,approved,APPROVE,74.7,1.442971887550201,0,0,0,0,0,0,0,5,22,7,4,25,customer_velocity,0.25,0.013660939200127724,0.25
X000124969,2026-01-07 11:09:14,C001032,A0001032,M00394,T00922,South,South,497.31,USD,card_present,chip_pin,approved,APPROVE,220.63,2.2540452341023434,0,0,0,0,0,0,0,9,47,11,12,43,customer_velocity;terminal_customer_network_burst,0.43,0.039322484146778344,0.43
X000112914,2026-01-07 11:09:34,C000944,A0000944,M00109,T00548,Northeast,Northeast,559.66,USD,card_present,magstripe,approved,APPROVE,227.5,2.4600439560439558,0,0,0,0,1,0,0,6,35,9,15,43,customer_velocity;terminal_customer_network_burst,0.43,0.04500601256013053,0.43
X000118082,2026-01-07 11:09:44,C000978,A0000978,M00412,T00928,Northeast,Northeast,141.59,USD,ecommerce,3ds,approved,APPROVE,240.92,0.5877054623941558,0,0,0,1,0,0,0,7,46,10,12,43,customer_velocity;terminal_customer_network_burst,0.43,0.015063175700994554,0.43
X000022721,2026-01-07 11:09:47,C000196,A0000196,M00086,T00892,Midwest,Midwest,528.46,USD,ecommerce,3ds,approved,APPROVE,195.69,2.700495681945935,0,0,0,1,0,0,0,6,11,1,11,25,customer_velocity,0.25,0.010317979875194156,0.25
X000150901,2026-01-07 11:09:49,C001241,A0001241,M00685,T00672,Northeast,Northeast,673.26,USD,ecommerce,magstripe,approved,APPROVE,279.08,2.41242654436004,0,0,0,1,1,0,0,6,36,7,6,25,customer_velocity,0.25,0.04912250585459991,0.25
X000071037,2026-01-07 11:09:54,C000603,A0000603,M00286,T00067,West,West,33.29,USD,ecommerce,chip_pin,soft_decline,CHALLENGE,20.25,1.6439506172839506,0,0,1,1,0,0,0,0,12,7,2,8,authentication_soft_decline,0.08,0.041673194294650315,0.08
X000087703,2026-01-07 11:10:03,C000736,A0000736,M00515,T00300,Northeast,Northeast,48.96,USD,card_present,chip_pin,approved,APPROVE,35.02,1.3980582524271843,0,0,0,0,0,0,0,0,19,6,2,0,,0.0,0.007036856688394139,0.007036856688394139
X000234372,2026-01-07 11:10:06,C001911,A0001911,M00454,T00284,West,West,101.46,USD,ecommerce,chip_pin,approved,APPROVE,55.08,1.8420479302832244,0,0,0,1,0,0,0,0,16,5,0,15,new_customer_terminal_pair,0.15,0.00836035144399426,0.15
X000233899,2026-01-07 11:10:10,C001907,A0001907,M00540,T01173,West,West,95.28,USD,ecommerce,chip_pin,approved,APPROVE,168.05,0.5669741148467717,0,0,0,1,0,0,0,2,11,2,10,0,,0.0,0.0031544023364118057,0.0031544023364118057
X000002928,2026-01-07 11:10:27,C000028,A0000028,M00151,T00462,Midwest,Midwest,226.53,USD,ecommerce,magstripe,approved,APPROVE,126.86,1.7856692416837459,0,0,0,1,1,0,0,10,22,6,12,45,customer_velocity;high_customer_velocity,0.45,0.04321771673136216,0.45
X000007296,2026-01-07 11:11:10,C000068,A0000068,M00520,T00622,Midwest,Midwest,236.85,USD,mobile_wallet,wallet_biometric,approved,APPROVE,170.95,1.3854928341620358,0,0,0,0,0,1,0,2,8,4,3,0,,0.0,0.009892368740624269,0.009892368740624269
X000028514,2026-01-07 11:11:52,C000246,A0000246,M00696,T00898,Midwest,Midwest,33.97,USD,card_present,wallet_biometric,approved,APPROVE,86.58,0.39235389235389234,0,0,0,0,0,0,0,6,23,4,12,25,customer_velocity,0.25,0.005458176008460039,0.25
X000058998,2026-01-07 11:11:54,C000501,A0000501,M00282,T01131,South,South,28.1,USD,card_present,wallet_biometric,approved,APPROVE,42.14,0.6668248694826768,0,0,0,0,0,0,0,1,71,16,1,18,terminal_customer_network_burst,0.18,0.02244482076775374,0.18
X000168125,2026-01-07 11:12:12,C001390,A0001390,M00557,T00649,Midwest,Midwest,218.89,USD,card_present,chip_pin,approved,APPROVE,129.37,1.6919687717399705,0,0,0,0,0,0,0,0,24,7,0,15,new_customer_terminal_pair,0.15,0.009636258982853103,0.15
X000055160,2026-01-07 11:13:10,C000467,A0000467,M00258,T00943,West,West,162.51,USD,ecommerce,magstripe,approved,APPROVE,238.71,0.6807842151564659,0,0,0,1,1,0,0,2,16,5,5,0,,0.0,0.012132532209144306,0.012132532209144306
X000209162,2026-01-07 11:13:30,C001707,A0001707,M00754,T00696,West,West,42.14,USD,card_present,3ds,approved,APPROVE,52.95,0.7958451369216242,0,0,0,0,0,0,0,5,24,8,3,43,customer_velocity;terminal_customer_network_burst,0.43,0.012282438476367702,0.43
X000135036,2026-01-07 11:13:43,C001109,A0001109,M00196,T00915,Midwest,Midwest,66.99,USD,ecommerce,3ds,approved,APPROVE,54.51,1.228948816730875,0,0,0,1,0,0,0,1,14,8,3,18,terminal_customer_network_burst,0.18,0.009431538293687642,0.18
X000101994,2026-01-07 11:14:02,C000859,A0000859,M00007,T00210,South,South,139.41,USD,card_present,3ds,approved,APPROVE,276.18,0.5047794916358896,0,0,0,0,0,0,0,10,37,7,12,45,customer_velocity;high_customer_velocity,0.45,0.013464050693611515,0.45
X000088321,2026-01-07 11:14:10,C000743,A0000743,M00335,T00070,South,South,191.6,USD,ecommerce,chip_pin,approved,APPROVE,191.15,1.002354172116139,0,0,0,1,0,0,0,2,61,16,9,18,terminal_customer_network_burst,0.18,0.02295568139639952,0.18
X000065138,2026-01-07 11:14:14,C000552,A0000552,M00270,T00562,South,South,52.95,USD,card_present,chip_pin,approved,APPROVE,37.61,1.4078702472746611,0,0,0,0,0,0,0,4,30,6,5,0,,0.0,0.010533159951589403,0.010533159951589403
X000111662,2026-01-07 11:14:16,C000932,A0000932,M00695,T00203,Midwest,Midwest,43.09,USD,mobile_wallet,chip_pin,approved,APPROVE,31.07,1.3868683617637594,0,0,0,0,0,1,0,1,27,5,0,15,new_customer_terminal_pair,0.15,0.01145360093421975,0.15
X000175338,2026-01-07 11:14:45,C001444,A0001444,M00599,T00736,West,West,14.39,USD,card_present,3ds,approved,APPROVE,31.66,0.45451674036639295,0,0,0,0,0,0,0,3,3,1,3,0,,0.0,0.00350659170484328,0.00350659170484328
X000070911,2026-01-07 11:15:55,C000602,A0000602,M00695,T00203,Midwest,Midwest,123.71,USD,card_present,chip_pin,approved,APPROVE,193.59,0.6390309416808719,0,0,0,0,0,0,0,3,28,6,7,0,,0.0,0.006400267227793784,0.006400267227793784
X000040388,2026-01-07 11:16:29,C000343,A0000343,M00645,T00905,South,South,126.15,USD,card_present,chip_pin,approved,APPROVE,51.15,2.466275659824047,0,0,0,0,0,0,0,1,54,15,3,18,terminal_customer_network_burst,0.18,0.03673304075883083,0.18
X000058003,2026-01-07 11:16:41,C000493,A0000493,M00309,T00916,Northeast,Northeast,104.16,USD,card_present,wallet_biometric,approved,APPROVE,104.71,0.9947473975742527,0,0,0,0,0,0,0,0,30,8,5,18,terminal_customer_network_burst,0.18,0.007064507443841208,0.18
X000078812,2026-01-07 11:16:44,C000664,A0000664,M00562,T01175,West,West,11.71,USD,mobile_wallet,chip_pin,approved,APPROVE,35.11,0.3335232127598975,0,0,0,0,0,1,0,1,29,5,4,0,,0.0,0.006605420037370069,0.006605420037370069
X000101792,2026-01-07 11:17:16,C000857,A0000857,M00681,T00888,West,West,24.07,USD,ecommerce,3ds,approved,APPROVE,58.75,0.4097021276595745,0,0,0,1,0,0,0,0,7,4,1,0,,0.0,0.003927560353729183,0.003927560353729183
X000223888,2026-01-07 11:17:19,C001827,A0001827,M00601,T00769,South,South,42.73,USD,card_present,wallet_biometric,approved,APPROVE,22.77,1.8765920070267896,0,0,0,0,0,0,0,2,47,15,1,18,terminal_customer_network_burst,0.18,0.034138282745891105,0.18
X000011914,2026-01-07 11:17:27,C000105,A0000105,M00302,T01118,Northeast,Northeast,79.92,USD,card_present,chip_pin,approved,APPROVE,136.02,0.5875606528451698,0,0,0,0,0,0,0,0,21,7,0,15,new_customer_terminal_pair,0.15,0.00611105011324037,0.15
X000037024,2026-01-07 11:17:31,C000317,A0000317,M00211,T01170,Midwest,Midwest,29.17,USD,card_present,chip_pin,approved,APPROVE,33.03,0.8831365425370875,0,0,0,0,0,0,0,0,35,6,4,0,,0.0,0.005576177544144999,0.005576177544144999
X000098855,2026-01-07 11:18:01,C000829,A0000829,M00257,T00772,South,South,35.8,USD,card_present,chip_pin,approved,APPROVE,31.11,1.1507553841208613,0,0,0,0,0,0,0,1,57,11,5,18,terminal_customer_network_burst,0.18,0.012903552378255476,0.18
X000051341,2026-01-07 11:18:05,C000433,A0000433,M00376,T00309,South,South,78.74,USD,card_present,3ds,approved,APPROVE,86.63,0.9089230058871061,0,0,0,0,0,0,0,0,61,11,2,18,terminal_customer_network_burst,0.18,0.011587264128604642,0.18
X000204579,2026-01-07 11:18:40,C001670,A0001670,M00282,T00583,South,South,64.57,USD,ecommerce,wallet_biometric,approved,APPROVE,43.99,1.4678335985451236,0,0,0,1,0,0,0,2,62,12,3,18,terminal_customer_network_burst,0.18,0.02106454797643361,0.18
X000017073,2026-01-07 11:18:52,C000146,A0000146,M00504,T00422,Northeast,Northeast,26.52,USD,card_present,chip_pin,approved,APPROVE,39.66,0.6686838124054464,0,0,0,0,0,0,0,2,45,9,2,18,terminal_customer_network_burst,0.18,0.010075369708462444,0.18
X000005066,2026-01-07 11:19:07,C000047,A0000047,M00251,T00104,West,West,50.6,USD,card_present,magstripe,approved,APPROVE,40.14,1.260587942202292,0,0,0,0,1,0,0,3,22,4,5,0,,0.0,0.014743089271717283,0.014743089271717283
X000143401,2026-01-07 11:19:27,C001182,A0001182,M00675,T00834,Midwest,Midwest,34.4,USD,card_present,chip_pin,approved,APPROVE,40.93,0.8404593207915954,0,0,0,0,0,0,0,1,17,5,6,0,,0.0,0.004900284271552553,0.004900284271552553
X000131441,2026-01-07 11:20:03,C001082,A0001082,M00414,T00189,Midwest,Midwest,17.21,USD,card_present,chip_pin,approved,APPROVE,20.75,0.8293975903614458,0,0,0,0,0,0,0,3,47,10,5,18,terminal_customer_network_burst,0.18,0.012403350865170361,0.18
X000240639,2026-01-07 11:20:38,C001962,A0001962,M00052,T00843,South,South,20.9,USD,ecommerce,chip_pin,approved,APPROVE,36.41,0.5740181268882175,0,0,0,1,0,0,0,0,12,5,1,0,,0.0,0.004788185818329781,0.004788185818329781
X000153537,2026-01-07 11:20:41,C001263,A0001263,M00492,T00550,West,West,46.11,USD,ecommerce,wallet_biometric,approved,APPROVE,46.94,0.9823178525777588,0,0,0,1,0,0,0,1,14,5,2,0,,0.0,0.0061856085517055,0.0061856085517055
X000099960,2026-01-07 11:20:49,C000841,A0000841,M00224,T01197,Northeast,Northeast,92.59,USD,card_present,chip_pin,approved,APPROVE,54.83,1.6886740835309137,0,0,0,0,0,0,0,0,22,7,2,0,,0.0,0.008976807752748105,0.008976807752748105
X000200204,2026-01-07 11:20:56,C001640,A0001640,M00649,T00134,Midwest,Midwest,72.25,USD,card_present,chip_pin,approved,APPROVE,67.1,1.0767511177347244,0,0,0,0,0,0,0,0,24,7,2,0,,0.0,0.00704091053575692,0.00704091053575692
X000128754,2026-01-07 11:21:02,C001060,A0001060,M00682,T00517,Northeast,Northeast,340.56,USD,ecommerce,3ds,approved,APPROVE,203.81,1.6709680584858446,0,0,0,1,0,0,0,2,16,6,6,0,,0.0,0.00913998794632984,0.00913998794632984
X000008092,2026-01-07 11:21:09,C000074,A0000074,M00183,T00617,South,South,32.4,USD,ecommerce,chip_pin,approved,APPROVE,44.26,0.7320379575237235,0,0,0,1,0,0,0,1,31,11,3,18,terminal_customer_network_burst,0.18,0.011469775566008145,0.18
X000114428,2026-01-07 11:21:46,C000952,A0000952,M00695,T00084,Midwest,Midwest,235.92,USD,card_present,magstripe,approved,APPROVE,180.81,1.3047950887672142,0,0,0,0,1,0,0,1,16,6,5,0,,0.0,0.014807881815167886,0.014807881815167886
X000166883,2026-01-07 11:22:14,C001378,A0001378,M00542,T00201,South,South,38.4,USD,card_present,3ds,approved,APPROVE,56.77,0.6764135987317245,0,0,0,0,0,0,0,1,28,7,2,0,,0.0,0.006798827222031701,0.006798827222031701
X000166520,2026-01-07 11:22:30,C001375,A0001375,M00309,T01075,Northeast,Northeast,13.89,USD,ecommerce,chip_pin,approved,APPROVE,19.59,0.7090352220520674,0,0,0,1,0,0,0,4,32,6,7,0,,0.0,0.00789081676033262,0.00789081676033262
X000184286,2026-01-07 11:22:35,C001518,A0001518,M00476,T00028,Midwest,Midwest,84.16,USD,card_present,wallet_biometric,approved,APPROVE,74.25,1.1334680134680135,0,0,0,0,0,0,0,0,35,8,3,18,terminal_customer_network_burst,0.18,0.008074391554142257,0.18
X000049808,2026-01-07 11:22:42,C000417,A0000417,M00492,T00550,West,West,91.25,USD,ecommerce,chip_pin,approved,APPROVE,41.49,2.1993251385876116,0,0,0,1,0,0,0,0,15,5,5,0,,0.0,0.008202534295461323,0.008202534295461323
X000112667,2026-01-07 11:22:53,C000943,A0000943,M00434,T00133,South,South,52.22,USD,ecommerce,chip_pin,approved,APPROVE,211.71,0.24665816447026592,0,0,0,1,0,0,0,4,37,10,6,18,terminal_customer_network_burst,0.18,0.010967277008085825,0.18
X000164212,2026-01-07 11:23:05,C001354,A0001354,M00681,T01024,West,West,40.43,USD,card_present,chip_pin,approved,APPROVE,89.25,0.4529971988795518,0,0,0,0,0,0,0,2,13,6,5,0,,0.0,0.005417451556276954,0.005417451556276954
X000210131,2026-01-07 11:23:31,C001714,A0001714,M00127,T00699,South,South,241.37,USD,card_present,chip_pin,approved,APPROVE,80.25,3.0077258566978196,0,0,0,0,0,0,0,3,25,7,13,30,amount_vs_profile,0.3,0.015350885746180803,0.3
X000002242,2026-01-07 11:23:32,C000021,A0000021,M00285,T00370,Midwest,Midwest,21.78,USD,ecommerce,chip_pin,approved,APPROVE,43.71,0.49828414550446126,0,0,0,1,0,0,0,3,37,8,0,33,new_customer_terminal_pair;terminal_customer_network_burst,0.33,0.010355932804769773,0.33
X000146403,2026-01-07 11:23:38,C001208,A0001208,M00690,T00363,Northeast,Northeast,54.68,USD,card_present,chip_pin,approved,APPROVE,52.39,1.0437106317999618,0,0,0,0,0,0,0,3,22,6,1,0,,0.0,0.009013263009397504,0.009013263009397504
X000116970,2026-01-07 11:23:55,C000971,A0000971,M00143,T00157,South,South,174.97,USD,card_present,chip_pin,approved,APPROVE,63.31,2.763702416679829,0,0,0,0,0,0,0,1,20,7,4,0,,0.0,0.014527908530143883,0.014527908530143883
X000124970,2026-01-07 11:23:58,C001032,A0001032,M00316,T00389,South,South,109.47,USD,card_present,chip_pin,approved,APPROVE,220.63,0.49617005846892986,0,0,0,0,0,0,0,10,47,10,11,63,customer_velocity;high_customer_velocity;terminal_customer_network_burst,0.63,0.020183548425957296,0.63
X000079653,2026-01-07 11:24:09,C000671,A0000671,M00111,T01015,Midwest,Midwest,13.3,USD,ecommerce,3ds,approved,APPROVE,68.34,0.19461515949663447,0,0,0,1,0,0,0,3,34,9,4,18,terminal_customer_network_burst,0.18,0.008988842601390693,0.18
X000219941,2026-01-07 11:24:11,C001797,A0001797,M00659,T00047,Northeast,Northeast,154.91,USD,mobile_wallet,chip_pin,approved,APPROVE,161.59,0.9586608082183303,0,0,0,0,0,1,0,4,30,8,13,18,terminal_customer_network_burst,0.18,0.012906451331890396,0.18
X000109109,2026-01-07 11:24:13,C000914,A0000914,M00326,T01151,Northeast,Northeast,187.75,USD,ecommerce,chip_pin,approved,APPROVE,132.97,1.4119726254042266,0,0,0,1,0,0,0,3,24,6,7,0,,0.0,0.00914291140029229,0.00914291140029229
X000163651,2026-01-07 11:24:23,C001349,A0001349,M00761,T00945,South,South,390.46,USD,card_present,magstripe,approved,APPROVE,146.0,2.6743835616438356,0,0,0,0,1,0,0,3,32,6,9,0,,0.0,0.02957390031525164,0.02957390031525164
X000165558,2026-01-07 11:24:33,C001367,A0001367,M00257,T00772,South,South,133.6,USD,mobile_wallet,3ds,approved,APPROVE,154.49,0.8647808919671175,0,0,0,0,0,1,0,2,58,11,10,18,terminal_customer_network_burst,0.18,0.016549481695017618,0.18
X000016575,2026-01-07 11:24:48,C000141,A0000141,M00225,T00294,Midwest,Midwest,37.22,USD,ecommerce,chip_pin,approved,APPROVE,64.74,0.5749150447945629,0,0,0,1,0,0,0,3,25,7,2,0,,0.0,0.008633344632616169,0.008633344632616169
X000057414,2026-01-07 11:25:09,C000486,A0000486,M00336,T00273,West,West,31.7,USD,card_present,chip_pin,approved,APPROVE,37.97,0.834869633921517,0,0,0,0,0,0,0,2,1,1,0,15,new_customer_terminal_pair,0.15,0.003990653504242366,0.15
X000108162,2026-01-07 11:25:11,C000905,A0000905,M00071,T00437,West,West,37.73,USD,ecommerce,magstripe,approved,APPROVE,84.84,0.4447194719471947,0,0,0,1,1,0,0,2,17,5,2,0,,0.0,0.012176920578210378,0.012176920578210378
X000139895,2026-01-07 11:25:11,C001154,A0001154,M00031,T00031,South,South,157.65,USD,card_present,wallet_biometric,approved,APPROVE,200.38,0.7867551651861464,0,0,0,0,0,0,0,3,36,12,4,18,terminal_customer_network_burst,0.18,0.015478557370488737,0.18
X000164532,2026-01-07 11:25:12,C001356,A0001356,M00683,T00986,Midwest,Midwest,65.54,USD,ecommerce,wallet_biometric,approved,APPROVE,44.64,1.4681899641577063,0,0,0,1,0,0,0,2,10,3,4,0,,0.0,0.00620565705203451,0.00620565705203451
X000024518,2026-01-07 11:25:21,C000207,A0000207,M00119,T00895,South,South,69.09,USD,ecommerce,wallet_biometric,approved,APPROVE,77.4,0.8926356589147286,0,0,0,1,0,0,0,0,46,12,4,18,terminal_customer_network_burst,0.18,0.012324732663870854,0.18
X000090948,2026-01-07 11:25:55,C000762,A0000762,M00294,T00731,South,South,38.17,USD,ecommerce,3ds,approved,APPROVE,32.91,1.1598298389547252,0,0,0,1,0,0,0,1,36,10,3,18,terminal_customer_network_burst,0.18,0.012275964364315535,0.18
X000094224,2026-01-07 11:26:31,C000789,A0000789,M00313,T00777,Northeast,Northeast,193.94,USD,ecommerce,magstripe,approved,APPROVE,111.23,1.7435943540411758,0,0,0,1,1,0,0,8,46,10,19,43,customer_velocity;terminal_customer_network_burst,0.43,0.045632356081119894,0.43
X000214639,2026-01-07 11:26:33,C001753,A0001753,M00613,T00638,South,South,192.44,USD,card_present,wallet_biometric,approved,APPROVE,148.46,1.2962414118281018,0,0,0,0,0,0,0,1,36,9,5,18,terminal_customer_network_burst,0.18,0.01025237223447759,0.18
X000191392,2026-01-07 11:27:02,C001571,A0001571,M00283,T01004,Northeast,Northeast,46.5,USD,card_present,3ds,approved,APPROVE,34.49,1.348216874456364,0,0,0,0,0,0,0,4,23,6,4,0,,0.0,0.01043025137033353,0.01043025137033353
X000063613,2026-01-07 11:28:14,C000541,A0000541,M00184,T00927,South,South,169.8,USD,card_present,chip_pin,approved,APPROVE,96.59,1.7579459571384202,0,0,0,0,0,0,0,5,68,14,12,43,customer_velocity;terminal_customer_network_burst,0.43,0.03048611386453569,0.43
X000203855,2026-01-07 11:28:15,C001667,A0001667,M00294,T00904,South,South,302.35,USD,mobile_wallet,3ds,approved,APPROVE,187.97,1.6085013565994575,0,0,0,0,0,1,0,6,30,8,10,43,customer_velocity;terminal_customer_network_burst,0.43,0.023249932925906762,0.43
X000130997,2026-01-07 11:28:49,C001078,A0001078,M00133,T00854,Northeast,Northeast,140.1,USD,ecommerce,chip_pin,approved,APPROVE,48.16,2.9090531561461797,0,0,0,1,0,0,0,0,34,11,4,18,terminal_customer_network_burst,0.18,0.02389728018791502,0.18
X000121545,2026-01-07 11:29:01,C001009,A0001009,M00613,T00449,South,South,20.74,USD,card_present,3ds,approved,APPROVE,14.28,1.4523809523809523,0,0,0,0,0,0,0,3,37,10,3,18,terminal_customer_network_burst,0.18,0.016568609250206413,0.18
X000010360,2026-01-07 11:29:22,C000094,A0000094,M00295,T00163,South,South,59.13,USD,card_present,3ds,approved,APPROVE,30.46,1.9412344057780697,0,0,0,0,0,0,0,1,61,12,11,18,terminal_customer_network_burst,0.18,0.016623998444551574,0.18
X000175112,2026-01-07 11:29:46,C001442,A0001442,M00796,T00571,West,West,73.1,USD,card_present,3ds,approved,APPROVE,79.02,0.9250822576562895,0,0,0,0,0,0,0,1,24,4,8,0,,0.0,0.004299700766890142,0.004299700766890142
X000196825,2026-01-07 11:30:14,C001617,A0001617,M00213,T01006,Northeast,Northeast,215.35,USD,card_present,chip_pin,approved,APPROVE,54.07,3.982800073978176,0,0,0,0,0,0,0,2,21,11,2,48,amount_vs_profile;terminal_customer_network_burst,0.48,0.04489500658444375,0.48
X000015479,2026-01-07 11:30:47,C000132,A0000132,M00087,T00594,South,South,52.67,USD,ecommerce,magstripe,approved,APPROVE,48.3,1.0904761904761906,0,0,0,1,1,0,0,0,24,6,2,0,,0.0,0.014327839110845354,0.014327839110845354
X000004649,2026-01-07 11:31:43,C000042,A0000042,M00740,T00080,Northeast,Northeast,58.67,USD,card_present,chip_pin,approved,APPROVE,104.01,0.5640803768868378,0,0,0,0,0,0,0,0,41,9,3,18,terminal_customer_network_burst,0.18,0.00732470621797905,0.18
X000244644,2026-01-07 11:31:52,C001995,A0001995,M00338,T00600,Northeast,Northeast,355.2,USD,ecommerce,chip_pin,approved,APPROVE,400.21,0.887534044626571,0,0,0,1,0,0,0,4,38,7,12,0,,0.0,0.008249066968562375,0.008249066968562375
X000144645,2026-01-07 11:32:14,C001191,A0001191,M00400,T00241,West,West,13.69,USD,card_present,3ds,approved,APPROVE,15.18,0.9018445322793148,0,0,0,0,0,0,0,1,28,6,4,0,,0.0,0.0062056289078538706,0.0062056289078538706
X000044261,2026-01-07 11:35:06,C000376,A0000376,M00439,T00144,West,West,272.86,USD,mobile_wallet,magstripe,approved,APPROVE,189.71,1.4383005640187656,0,0,0,0,1,1,0,5,31,4,13,25,customer_velocity,0.25,0.02368319139409876,0.25
X000084024,2026-01-07 11:35:06,C000703,A0000703,M00019,T00745,Northeast,Northeast,24.96,USD,card_present,chip_pin,approved,APPROVE,34.84,0.7164179104477612,0,0,0,0,0,0,0,1,28,7,4,0,,0.0,0.006477751766083203,0.006477751766083203
X000124971,2026-01-07 11:35:35,C001032,A0001032,M00316,T00389,South,South,158.02,USD,ecommerce,chip_pin,approved,APPROVE,220.63,0.7162217286860355,0,0,0,1,0,0,0,11,48,10,12,63,customer_velocity;high_customer_velocity;terminal_customer_network_burst,0.63,0.025317976645483672,0.63
X000234133,2026-01-07 11:35:55,C001909,A0001909,M00511,T00366,Northeast,Midwest,24.5,USD,card_present,chip_pin,approved,APPROVE,46.09,0.531568669993491,0,0,0,0,0,0,1,3,19,4,0,27,new_customer_terminal_pair;home_region_mismatch,0.27,0.06084378564474567,0.27
X000173859,2026-01-07 11:36:29,C001434,A0001434,M00598,T00149,West,West,61.23,USD,ecommerce,wallet_biometric,approved,APPROVE,80.7,0.7587360594795538,0,0,0,1,0,0,0,3,16,4,3,0,,0.0,0.006175557177486252,0.006175557177486252
X000100854,2026-01-07 11:36:44,C000850,A0000850,M00366,T00195,Northeast,Northeast,337.88,USD,mobile_wallet,3ds,approved,APPROVE,158.88,2.126636455186304,0,0,0,0,0,1,0,1,24,9,9,18,terminal_customer_network_burst,0.18,0.018337305728544005,0.18
X000235087,2026-01-07 11:36:46,C001917,A0001917,M00394,T00597,South,South,75.73,USD,card_present,chip_pin,approved,APPROVE,143.14,0.5290624563364539,0,0,0,0,0,0,0,3,29,6,12,0,,0.0,0.005220350185118316,0.005220350185118316
X000044614,2026-01-07 11:36:57,C000377,A0000377,M00038,T00813,South,South,65.81,USD,ecommerce,magstripe,approved,APPROVE,121.39,0.5421369140785897,0,0,0,1,1,0,0,2,32,6,5,0,,0.0,0.013439203561063946,0.013439203561063946
X000160725,2026-01-07 11:37:07,C001327,A0001327,M00560,T00369,West,West,190.32,USD,ecommerce,chip_pin,approved,APPROVE,85.02,2.238532110091743,0,0,0,1,0,0,0,0,9,5,1,0,,0.0,0.009336383586326907,0.009336383586326907
X000079175,2026-01-07 11:37:37,C000667,A0000667,M00228,T00522,Northeast,Northeast,43.54,USD,card_present,3ds,approved,APPROVE,68.9,0.6319303338171262,0,0,0,0,0,0,0,1,24,9,7,18,terminal_customer_network_burst,0.18,0.007122197440704729,0.18
X000104718,2026-01-07 11:37:50,C000882,A0000882,M00070,T00004,Northeast,Northeast,38.45,USD,ecommerce,magstripe,approved,APPROVE,26.23,1.4658787647731606,0,0,0,1,1,0,0,1,30,10,1,18,terminal_customer_network_burst,0.18,0.031192172375936595,0.18
X000057479,2026-01-07 11:38:35,C000487,A0000487,M00610,T00995,Midwest,Midwest,16.93,USD,card_present,chip_pin,approved,APPROVE,37.67,0.4494292540483143,0,0,0,0,0,0,0,3,30,8,2,18,terminal_customer_network_burst,0.18,0.008864632740173621,0.18
X000162228,2026-01-07 11:39:09,C001340,A0001340,M00127,T00278,South,South,74.77,USD,card_present,chip_pin,approved,APPROVE,94.89,0.7879650121192959,0,0,0,0,0,0,0,2,16,7,2,0,,0.0,0.007755476608819074,0.007755476608819074
X000243758,2026-01-07 11:39:18,C001988,A0001988,M00205,T00871,South,South,176.08,USD,card_present,3ds,approved,APPROVE,86.5,2.035606936416185,0,0,0,0,0,0,0,2,26,6,8,0,,0.0,0.009659792036803483,0.009659792036803483
X000039532,2026-01-07 11:39:56,C000336,A0000336,M00219,T00102,Northeast,Northeast,77.46,USD,card_present,wallet_biometric,approved,APPROVE,92.41,0.8382209717563034,0,0,0,0,0,0,0,3,23,7,3,0,,0.0,0.008771178921116691,0.008771178921116691
X000101093,2026-01-07 11:40:20,C000851,A0000851,M00754,T01077,West,West,484.7,USD,mobile_wallet,chip_pin,approved,APPROVE,554.65,0.8738844316235463,0,0,0,0,0,1,0,5,23,5,13,25,customer_velocity,0.25,0.009674007319224973,0.25
X000229328,2026-01-07 11:40:45,C001868,A0001868,M00294,T00904,South,South,172.1,USD,ecommerce,chip_pin,approved,APPROVE,102.48,1.6793520686963308,0,0,0,1,0,0,0,1,31,8,2,18,terminal_customer_network_burst,0.18,0.012203148428220985,0.18
X000158028,2026-01-07 11:41:01,C001300,A0001300,M00753,T00413,South,South,180.69,USD,ecommerce,3ds,approved,APPROVE,160.21,1.127832220210973,0,0,0,1,0,0,0,3,45,15,2,18,terminal_customer_network_burst,0.18,0.02890848875663605,0.18
X000171410,2026-01-07 11:41:14,C001413,A0001413,M00416,T00403,West,West,19.39,USD,card_present,chip_pin,approved,APPROVE,27.46,0.7061179898033503,0,0,0,0,0,0,0,1,38,10,1,18,terminal_customer_network_burst,0.18,0.010386068157185686,0.18
X000033024,2026-01-07 11:41:55,C000280,A0000280,M00586,T00036,Northeast,Northeast,184.88,USD,card_present,chip_pin,approved,APPROVE,208.38,0.8872252615414147,0,0,0,0,0,0,0,5,26,7,6,25,customer_velocity,0.25,0.010340968057151172,0.25
X000082794,2026-01-07 11:42:27,C000694,A0000694,M00494,T01193,South,West,604.73,USD,card_present,3ds,approved,APPROVE,291.15,2.077039326807488,0,0,0,0,0,0,1,2,18,3,0,27,new_customer_terminal_pair;home_region_mismatch,0.27,0.08748264024953445,0.27
X000075766,2026-01-07 11:42:35,C000637,A0000637,M00139,T00128,South,Northeast,43.28,USD,card_present,magstripe,approved,APPROVE,51.12,0.8466353677621284,0,0,0,0,1,0,1,1,9,3,0,27,new_customer_terminal_pair;home_region_mismatch,0.27,0.0987244637028157,0.27
X000022017,2026-01-07 11:43:02,C000190,A0000190,M00401,T00536,South,South,30.98,USD,ecommerce,wallet_biometric,approved,APPROVE,26.82,1.1551081282624907,0,0,0,1,0,0,0,4,49,15,4,18,terminal_customer_network_burst,0.18,0.03107312679064219,0.18
X000105775,2026-01-07 11:43:27,C000889,A0000889,M00288,T01177,Northeast,Northeast,142.64,USD,card_present,chip_pin,approved,APPROVE,134.65,1.059339027107315,0,0,0,0,0,0,0,5,36,12,8,43,customer_velocity;terminal_customer_network_burst,0.43,0.019163672972241048,0.43
X000037478,2026-01-07 11:44:11,C000320,A0000320,M00154,T00860,South,South,497.56,USD,ecommerce,magstripe,approved,APPROVE,143.01,3.479197258932942,0,0,0,1,1,0,0,3,29,10,2,48,amount_vs_profile;terminal_customer_network_burst,0.48,0.08223448282315139,0.48
X000100701,2026-01-07 11:44:14,C000848,A0000848,M00378,T01196,South,South,92.66,USD,card_present,wallet_biometric,approved,APPROVE,85.3,1.0862837045720986,0,0,0,0,0,0,0,1,21,5,2,0,,0.0,0.006226507362734739,0.006226507362734739
X000091085,2026-01-07 11:44:27,C000764,A0000764,M00012,T01105,West,West,52.05,USD,card_present,chip_pin,approved,APPROVE,50.25,1.035820895522388,0,0,0,0,0,0,0,0,26,6,2,0,,0.0,0.006184748259989157,0.006184748259989157
X000114669,2026-01-07 11:44:37,C000954,A0000954,M00285,T01108,Midwest,Midwest,15.68,USD,card_present,chip_pin,approved,APPROVE,30.99,0.5059696676347208,0,0,0,0,0,0,0,2,48,8,6,18,terminal_customer_network_burst,0.18,0.007425992330756325,0.18
X000153809,2026-01-07 11:45:11,C001265,A0001265,M00737,T00804,Midwest,Midwest,45.03,USD,card_present,chip_pin,approved,APPROVE,71.91,0.6261994159365875,0,0,0,0,0,0,0,2,30,6,0,15,new_customer_terminal_pair,0.15,0.007136074926586184,0.15
X000121081,2026-01-07 11:45:14,C001006,A0001006,M00326,T01151,Northeast,Northeast,16.76,USD,card_present,chip_pin,approved,APPROVE,37.46,0.4474105712760278,0,0,0,0,0,0,0,6,25,6,5,25,customer_velocity,0.25,0.008907218708698175,0.25
X000202702,2026-01-07 11:45:53,C001659,A0001659,M00073,T00757,South,South,14.84,USD,ecommerce,chip_pin,approved,APPROVE,20.94,0.708691499522445,0,0,0,1,0,0,0,0,47,14,5,18,terminal_customer_network_burst,0.18,0.014050630928194285,0.18
X000176472,2026-01-07 11:45:59,C001455,A0001455,M00395,T00889,Midwest,Midwest,64.28,USD,mobile_wallet,3ds,approved,APPROVE,52.23,1.2307103197396134,0,0,0,0,0,1,0,4,23,4,5,0,,0.0,0.011434890834114487,0.011434890834114487
X000187553,2026-01-07 11:46:02,C001542,A0001542,M00040,T00635,Northeast,Northeast,28.43,USD,ecommerce,chip_pin,approved,APPROVE,46.1,0.616702819956616,0,0,0,1,0,0,0,4,29,6,3,0,,0.0,0.00858162046444573,0.00858162046444573
X000238723,2026-01-07 11:46:20,C001948,A0001948,M00266,T01058,Northeast,Northeast,97.83,USD,card_present,3ds,approved,APPROVE,121.1,0.8078447563996697,0,0,0,0,0,0,0,5,10,4,4,25,customer_velocity,0.25,0.007197489880968613,0.25
