Transaction_ID,Timestamp,Customer_ID,Account_ID,Merchant_ID,Terminal_ID,Customer_Region,Merchant_Region,Amount,Currency,Channel,Auth_Type,Auth_Result,Incumbent_Decision,Typical_Spend,Amount_To_Typical_Spend,Is_Night,Is_Weekend,Auth_Soft_Decline,Is_Ecommerce,Is_Magstripe,Is_Mobile_Wallet,Region_Mismatch,Tx_Count_Prior_24h,Terminal_Prior_Tx_Count,Terminal_Prior_Distinct_Customers,Customer_Terminal_Prior_Count,Rule_Score,Rule_Reasons,Rule_Risk,Model_Score,Hybrid_Score
X000052302,2026-02-18 02:30:58,C000441,A0000441,M00023,T00720,Midwest,Midwest,138.63,USD,card_present,3ds,approved,APPROVE,94.35,1.4693163751987282,1,0,0,0,0,0,0,5,340,17,61,51,customer_velocity;terminal_customer_network_burst;night_activity,0.51,0.022644296401565032,0.51
X000216871,2026-02-18 02:31:06,C001772,A0001772,M00265,T00865,West,West,42.38,USD,card_present,chip_pin,approved,APPROVE,93.69,0.452342832746291,1,0,0,0,0,0,0,8,196,9,52,51,customer_velocity;terminal_customer_network_burst;night_activity,0.51,0.007713127810878116,0.51
X000213050,2026-02-18 02:31:45,C001739,A0001739,M00385,T00962,South,South,32.2,USD,card_present,3ds,approved,APPROVE,40.84,0.7884427032321254,1,0,0,0,0,0,0,7,146,12,25,51,customer_velocity;terminal_customer_network_burst;night_activity,0.51,0.023387426994264434,0.51
X000164770,2026-02-18 02:31:46,C001358,A0001358,M00414,T00189,Midwest,Midwest,45.86,USD,card_present,wallet_biometric,approved,APPROVE,66.12,0.6935874168179068,1,0,0,0,0,0,0,2,392,22,16,26,terminal_customer_network_burst;night_activity,0.26,0.09591889948017054,0.26
X000019612,2026-02-18 02:32:27,C000169,A0000169,M00393,T00239,Northeast,Northeast,49.8,USD,card_present,chip_pin,approved,APPROVE,40.53,1.2287194670614359,1,0,0,0,0,0,0,0,340,13,22,26,terminal_customer_network_burst;night_activity,0.26,0.025068620741772473,0.26
X000229190,2026-02-18 02:32:40,C001866,A0001866,M00154,T00860,South,South,29.73,USD,mobile_wallet,wallet_biometric,approved,APPROVE,38.71,0.7680185998450013,1,0,0,0,0,1,0,2,272,19,39,26,terminal_customer_network_burst;night_activity,0.26,0.03855853115914865,0.26
X000131315,2026-02-18 02:33:24,C001080,A0001080,M00668,T00869,Midwest,Midwest,112.47,USD,card_present,3ds,approved,APPROVE,51.38,2.188984040482678,1,0,0,0,0,0,0,1,245,13,53,26,terminal_customer_network_burst;night_activity,0.26,0.012082565109221372,0.26
X000081364,2026-02-18 02:34:13,C000681,A0000681,M00054,T00295,West,West,181.49,USD,ecommerce,3ds,approved,APPROVE,189.01,0.9602137453044813,1,0,0,1,0,0,0,9,241,12,114,51,customer_velocity;terminal_customer_network_burst;night_activity,0.51,0.002421334614978493,0.51
X000085719,2026-02-18 02:34:44,C000717,A0000717,M00298,T00088,Northeast,Northeast,200.99,USD,ecommerce,wallet_biometric,approved,APPROVE,66.89,3.004783973688145,1,0,0,1,0,0,0,1,328,15,19,56,amount_vs_profile;terminal_customer_network_burst;night_activity,0.56,0.07880803260859649,0.56
X000008451,2026-02-18 02:35:01,C000077,A0000077,M00393,T00239,Northeast,Northeast,65.94,USD,card_present,chip_pin,approved,APPROVE,79.97,0.8245592097036388,1,0,0,0,0,0,0,2,341,13,29,26,terminal_customer_network_burst;night_activity,0.26,0.02156396991277039,0.26
X000015169,2026-02-18 02:35:05,C000128,A0000128,M00118,T01152,South,West,120.86,USD,mobile_wallet,chip_pin,approved,APPROVE,50.82,2.378197560015742,1,0,0,0,0,1,1,3,35,7,0,35,new_customer_terminal_pair;night_activity;home_region_mismatch,0.35,0.3045908508656842,0.35
X000049700,2026-02-18 02:35:08,C000415,A0000415,M00402,T00179,South,South,13.51,USD,card_present,3ds,approved,APPROVE,42.93,0.314698346144887,1,0,0,0,0,0,0,0,214,12,36,26,terminal_customer_network_burst;night_activity,0.26,0.0071479842518860056,0.26
X000244444,2026-02-18 02:36:20,C001992,A0001992,M00111,T01015,Midwest,Midwest,25.73,USD,ecommerce,magstripe,approved,APPROVE,41.57,0.6189559778686553,1,0,0,1,1,0,0,0,334,14,15,46,terminal_customer_network_burst;ecommerce_authentication_shift;night_activity,0.46,0.06022283431576886,0.46
X000099152,2026-02-18 02:36:27,C000831,A0000831,M00367,T00335,South,South,47.93,USD,card_present,magstripe,approved,APPROVE,25.5,1.879607843137255,1,0,0,0,1,0,0,1,232,17,26,26,terminal_customer_network_burst;night_activity,0.26,0.08071846679704672,0.26
X000186651,2026-02-18 02:36:50,C001534,A0001534,M00068,T00322,Northeast,Northeast,221.96,USD,card_present,wallet_biometric,approved,APPROVE,208.41,1.065016074084737,1,0,0,0,0,0,0,0,298,20,40,26,terminal_customer_network_burst;night_activity,0.26,0.026888551030719056,0.26
X000064768,2026-02-18 02:37:31,C000549,A0000549,M00050,T01119,Midwest,Midwest,90.9,USD,card_present,3ds,approved,APPROVE,77.83,1.1679301040729797,1,0,0,0,0,0,0,3,257,15,43,26,terminal_customer_network_burst;night_activity,0.26,0.018147926920122237,0.26
X000046591,2026-02-18 02:37:46,C000391,A0000391,M00213,T00320,Northeast,Northeast,12.89,USD,ecommerce,chip_pin,approved,APPROVE,28.39,0.4540331102500881,1,0,0,1,0,0,0,4,185,9,13,26,terminal_customer_network_burst;night_activity,0.26,0.017385926421988905,0.26
X000013450,2026-02-18 02:38:12,C000115,A0000115,M00615,T01067,Midwest,Midwest,61.91,USD,mobile_wallet,3ds,approved,APPROVE,73.53,0.841969264245886,1,0,0,0,0,1,0,8,234,15,85,51,customer_velocity;terminal_customer_network_burst;night_activity,0.51,0.010478416271471164,0.51
X000086959,2026-02-18 02:38:42,C000728,A0000728,M00645,T00155,South,South,175.14,USD,card_present,chip_pin,approved,APPROVE,159.7,1.0966812773951158,1,0,0,0,0,0,0,1,311,14,74,26,terminal_customer_network_burst;night_activity,0.26,0.005252593964542184,0.26
X000158396,2026-02-18 02:39:04,C001303,A0001303,M00428,T00264,West,West,222.91,USD,card_present,chip_pin,approved,APPROVE,179.56,1.241423479616841,1,0,0,0,0,0,0,2,214,16,20,26,terminal_customer_network_burst;night_activity,0.26,0.034793603669665864,0.26
X000187492,2026-02-18 02:39:22,C001541,A0001541,M00457,T00634,Midwest,Midwest,76.21,USD,card_present,wallet_biometric,approved,APPROVE,126.44,0.6027364757987979,1,0,0,0,0,0,0,6,164,10,72,51,customer_velocity;terminal_customer_network_burst;night_activity,0.51,0.0035199756263885997,0.51
X000163804,2026-02-18 02:39:52,C001349,A0001349,M00249,T00554,South,South,135.85,USD,ecommerce,wallet_biometric,approved,APPROVE,146.0,0.9304794520547944,1,0,0,1,0,0,0,1,271,16,54,26,terminal_customer_network_burst;night_activity,0.26,0.011287988283172463,0.26
X000235417,2026-02-18 02:39:57,C001918,A0001918,M00205,T00871,South,South,20.63,USD,card_present,chip_pin,approved,APPROVE,32.71,0.6306939773769489,1,0,0,0,0,0,0,0,170,11,21,26,terminal_customer_network_burst;night_activity,0.26,0.010463473827396885,0.26
X000244856,2026-02-18 02:40:05,C001995,A0001995,M00082,T00557,Northeast,Northeast,210.99,USD,card_present,chip_pin,approved,APPROVE,400.21,0.5271982209340097,1,0,0,0,0,0,0,8,233,12,82,51,customer_velocity;terminal_customer_network_burst;night_activity,0.51,0.004726649324450204,0.51
X000228481,2026-02-18 02:40:35,C001860,A0001860,M00366,T00709,Northeast,Northeast,47.79,USD,card_present,wallet_biometric,approved,APPROVE,63.88,0.7481214777708203,1,0,0,0,0,0,0,4,130,10,51,26,terminal_customer_network_burst;night_activity,0.26,0.005339854896879328,0.26
X000159418,2026-02-18 02:40:38,C001313,A0001313,M00109,T00548,Northeast,Northeast,55.15,USD,card_present,chip_pin,approved,APPROVE,49.53,1.1134665859075308,1,0,0,0,0,0,0,0,288,22,16,26,terminal_customer_network_burst;night_activity,0.26,0.0706745923341459,0.26
X000064769,2026-02-18 02:40:39,C000549,A0000549,M00050,T01119,Midwest,Midwest,59.34,USD,card_present,chip_pin,approved,APPROVE,77.83,0.7624309392265194,1,0,0,0,0,0,0,4,258,15,44,26,terminal_customer_network_burst;night_activity,0.26,0.016815567083958195,0.26
X000172498,2026-02-18 02:40:55,C001422,A0001422,M00191,T00188,Midwest,Midwest,25.89,USD,ecommerce,3ds,approved,APPROVE,41.11,0.6297737776696668,1,0,0,1,0,0,0,3,163,14,36,26,terminal_customer_network_burst;night_activity,0.26,0.013508813089699446,0.26
X000055522,2026-02-18 02:40:56,C000470,A0000470,M00489,T00616,Northeast,Northeast,63.22,USD,ecommerce,chip_pin,approved,APPROVE,81.02,0.7803011602073562,1,0,0,1,0,0,0,3,61,8,24,26,terminal_customer_network_burst;night_activity,0.26,0.008033427811964118,0.26
X000165943,2026-02-18 02:41:10,C001368,A0001368,M00425,T01125,West,West,266.76,USD,card_present,chip_pin,approved,APPROVE,257.01,1.0379362670713201,1,0,0,0,0,0,0,6,27,6,0,48,customer_velocity;new_customer_terminal_pair;night_activity,0.48,0.0187832090890538,0.48
X000237461,2026-02-18 02:41:18,C001936,A0001936,M00768,T00929,Northeast,South,49.65,USD,card_present,wallet_biometric,approved,APPROVE,53.89,0.9213212098719614,1,0,0,0,0,0,1,2,94,19,0,53,new_customer_terminal_pair;terminal_customer_network_burst;night_activity;home_region_mismatch,0.53,0.4084282460837093,0.53
X000109464,2026-02-18 02:41:19,C000915,A0000915,M00042,T00766,Northeast,Northeast,24.89,USD,ecommerce,wallet_biometric,approved,APPROVE,81.31,0.30611240929774935,1,0,0,1,0,0,0,1,132,17,40,26,terminal_customer_network_burst;night_activity,0.26,0.010853628755536887,0.26
X000096078,2026-02-18 02:41:48,C000802,A0000802,M00335,T00070,South,South,32.84,USD,mobile_wallet,chip_pin,approved,APPROVE,92.76,0.3540319103061665,1,0,0,0,0,1,0,2,462,23,22,26,terminal_customer_network_burst;night_activity,0.26,0.13398089073761926,0.26
X000120521,2026-02-18 02:42:52,C001001,A0001001,M00179,T00056,Midwest,Midwest,24.93,USD,ecommerce,chip_pin,approved,APPROVE,38.51,0.6473643209555959,1,0,0,1,0,0,0,8,95,13,34,51,customer_velocity;terminal_customer_network_burst;night_activity,0.51,0.01939771319802933,0.51
X000061805,2026-02-18 02:43:21,C000526,A0000526,M00769,T00996,West,West,99.07,USD,ecommerce,3ds,approved,APPROVE,156.59,0.6326713072354556,1,0,0,1,0,0,0,6,296,11,68,51,customer_velocity;terminal_customer_network_burst;night_activity,0.51,0.006760911765933198,0.51
X000037416,2026-02-18 02:43:47,C000319,A0000319,M00184,T00927,South,South,80.67,USD,ecommerce,wallet_biometric,approved,APPROVE,48.86,1.6510437986082687,1,0,0,1,0,0,0,2,407,20,47,26,terminal_customer_network_burst;night_activity,0.26,0.04717013828859355,0.26
X000187995,2026-02-18 02:43:50,C001543,A0001543,M00211,T00509,Midwest,Midwest,409.04,USD,mobile_wallet,wallet_biometric,approved,APPROVE,217.69,1.8790022509072535,1,0,0,0,0,1,0,8,295,19,100,51,customer_velocity;terminal_customer_network_burst;night_activity,0.51,0.018365615839690787,0.51
X000179561,2026-02-18 02:44:20,C001476,A0001476,M00450,T00640,Northeast,Northeast,212.05,USD,card_present,3ds,approved,APPROVE,246.77,0.859302184220124,1,0,0,0,0,0,0,9,398,11,95,51,customer_velocity;terminal_customer_network_burst;night_activity,0.51,0.005421867747532712,0.51
X000027259,2026-02-18 02:44:38,C000234,A0000234,M00245,T00626,West,West,86.01,USD,ecommerce,chip_pin,approved,APPROVE,126.7,0.6788476716653512,1,0,0,1,0,0,0,3,114,11,51,26,terminal_customer_network_burst;night_activity,0.26,0.005262071328761011,0.26
X000237602,2026-02-18 02:45:00,C001937,A0001937,M00270,T00473,South,South,35.99,USD,card_present,chip_pin,approved,APPROVE,37.72,0.9541357370095441,1,0,0,0,0,0,0,1,304,18,41,26,terminal_customer_network_burst;night_activity,0.26,0.0225100368182323,0.26
X000105563,2026-02-18 02:45:15,C000887,A0000887,M00305,T00827,Northeast,Northeast,117.78,USD,ecommerce,chip_pin,approved,APPROVE,82.43,1.4288487201261675,1,0,0,1,0,0,0,2,199,13,46,26,terminal_customer_network_burst;night_activity,0.26,0.011732651025558384,0.26
X000240134,2026-02-18 02:45:34,C001958,A0001958,M00399,T00567,West,West,149.4,USD,card_present,chip_pin,approved,APPROVE,101.3,1.474827245804541,1,0,0,0,0,0,0,0,135,11,0,41,new_customer_terminal_pair;terminal_customer_network_burst;night_activity,0.41,0.026292405055711787,0.41
X000169691,2026-02-18 02:45:42,C001400,A0001400,M00282,T00583,South,South,344.22,USD,ecommerce,3ds,approved,APPROVE,210.06,1.6386746643816055,1,0,0,1,0,0,0,12,424,22,98,71,customer_velocity;high_customer_velocity;terminal_customer_network_burst;night_activity,0.71,0.03888651125195441,0.71
X000185842,2026-02-18 02:45:55,C001527,A0001527,M00641,T00175,West,West,23.59,USD,card_present,wallet_biometric,approved,APPROVE,28.9,0.8162629757785468,1,0,0,0,0,0,0,2,91,9,43,26,terminal_customer_network_burst;night_activity,0.26,0.004519412779122756,0.26
X000042577,2026-02-18 02:46:10,C000360,A0000360,M00758,T00785,Northeast,Northeast,38.82,USD,ecommerce,wallet_biometric,approved,APPROVE,42.92,0.9044734389561976,1,0,0,1,0,0,0,2,243,11,33,26,terminal_customer_network_burst;night_activity,0.26,0.01275049943780428,0.26
X000132975,2026-02-18 02:46:11,C001096,A0001096,M00305,T00827,Northeast,Northeast,23.34,USD,card_present,3ds,approved,APPROVE,37.28,0.6260729613733905,1,0,0,0,0,0,0,2,200,13,29,26,terminal_customer_network_burst;night_activity,0.26,0.01392518319814807,0.26
X000148760,2026-02-18 02:46:28,C001225,A0001225,M00376,T00309,South,South,179.51,USD,card_present,chip_pin,approved,APPROVE,171.02,1.0496433165711612,1,0,0,0,0,0,0,6,439,17,106,51,customer_velocity;terminal_customer_network_burst;night_activity,0.51,0.006520031862406703,0.51
X000017887,2026-02-18 02:46:34,C000152,A0000152,M00515,T00300,Northeast,Northeast,257.36,USD,card_present,chip_pin,approved,APPROVE,210.9,1.220293978188715,1,0,0,0,0,0,0,3,121,7,70,8,night_activity,0.08,0.002128272117059403,0.08
X000044887,2026-02-18 02:46:41,C000378,A0000378,M00295,T00163,South,South,251.29,USD,ecommerce,chip_pin,approved,APPROVE,165.46,1.5187356460776018,1,0,0,1,0,0,0,2,365,18,44,26,terminal_customer_network_burst;night_activity,0.26,0.03528076978964249,0.26
X000057395,2026-02-18 02:47:23,C000485,A0000485,M00305,T01095,Northeast,Northeast,272.95,USD,mobile_wallet,wallet_biometric,approved,APPROVE,54.45,5.0128558310376485,1,0,0,0,0,1,0,1,135,12,18,56,amount_vs_profile;terminal_customer_network_burst;night_activity,0.56,0.10877888624967097,0.56
X000242933,2026-02-18 02:47:38,C001981,A0001981,M00406,T00668,South,South,30.31,USD,ecommerce,chip_pin,approved,APPROVE,34.63,0.8752526710944267,1,0,0,1,0,0,0,5,276,17,25,51,customer_velocity;terminal_customer_network_burst;night_activity,0.51,0.04982349290009034,0.51
X000228067,2026-02-18 02:48:08,C001857,A0001857,M00412,T00974,Northeast,Northeast,63.42,USD,card_present,3ds,approved,APPROVE,94.68,0.6698352344740177,1,0,0,0,0,0,0,3,191,14,66,26,terminal_customer_network_burst;night_activity,0.26,0.005315746267863351,0.26
X000234333,2026-02-18 02:48:19,C001910,A0001910,M00094,T00737,South,South,69.4,USD,mobile_wallet,3ds,approved,APPROVE,94.05,0.737905369484317,1,0,0,0,0,1,0,1,537,22,42,26,terminal_customer_network_burst;night_activity,0.26,0.08293184897156533,0.26
X000143132,2026-02-18 02:48:59,C001179,A0001179,M00267,T00249,West,West,19.88,USD,ecommerce,chip_pin,approved,APPROVE,45.31,0.4387552416685058,1,0,0,1,0,0,0,5,88,8,31,51,customer_velocity;terminal_customer_network_burst;night_activity,0.51,0.007558051899524006,0.51
X000027525,2026-02-18 02:49:00,C000236,A0000236,M00148,T00250,Midwest,Midwest,121.89,USD,mobile_wallet,chip_pin,approved,APPROVE,99.34,1.226998188041071,1,0,0,0,0,1,0,1,203,14,37,26,terminal_customer_network_burst;night_activity,0.26,0.020742960538474742,0.26
X000126457,2026-02-18 02:49:00,C001041,A0001041,M00516,T00435,Northeast,Northeast,133.71,USD,card_present,3ds,approved,APPROVE,55.9,2.391949910554562,1,0,0,0,0,0,0,3,194,9,34,26,terminal_customer_network_burst;night_activity,0.26,0.016717756664087157,0.26
X000121912,2026-02-18 02:49:01,C001011,A0001011,M00170,T01059,Midwest,Midwest,153.46,USD,mobile_wallet,chip_pin,approved,APPROVE,167.1,0.9183722321962897,1,0,0,0,0,1,0,3,183,14,59,26,terminal_customer_network_burst;night_activity,0.26,0.010859616722389272,0.26
X000226026,2026-02-18 02:49:17,C001841,A0001841,M00494,T00136,South,West,24.86,USD,card_present,magstripe,approved,APPROVE,36.24,0.6859823399558498,1,0,0,0,1,0,1,2,104,16,0,53,new_customer_terminal_pair;terminal_customer_network_burst;night_activity;home_region_mismatch,0.53,0.4948987262801621,0.53
X000189175,2026-02-18 02:49:37,C001554,A0001554,M00301,T00790,South,South,79.57,USD,card_present,chip_pin,approved,APPROVE,54.64,1.4562591508052707,1,0,0,0,0,0,0,1,121,17,27,26,terminal_customer_network_burst;night_activity,0.26,0.024081484525781727,0.26
X000230171,2026-02-18 02:50:23,C001876,A0001876,M00800,T00613,West,West,88.17,USD,card_present,chip_pin,approved,APPROVE,87.96,1.0023874488403821,1,0,0,0,0,0,0,0,139,16,23,26,terminal_customer_network_burst;night_activity,0.26,0.01893199563788107,0.26
X000113211,2026-02-18 02:50:28,C000944,A0000944,M00450,T00640,Northeast,Northeast,208.82,USD,card_present,3ds,approved,APPROVE,227.5,0.9178901098901099,1,0,0,0,0,0,0,10,399,11,112,71,customer_velocity;high_customer_velocity;terminal_customer_network_burst;night_activity,0.71,0.0036107339643044467,0.71
X000201455,2026-02-18 02:50:31,C001649,A0001649,M00135,T00646,Midwest,Midwest,36.47,USD,ecommerce,wallet_biometric,approved,APPROVE,31.27,1.1662935721138472,1,0,0,1,0,0,0,1,186,16,21,26,terminal_customer_network_burst;night_activity,0.26,0.02867856802520567,0.26
X000004797,2026-02-18 02:50:53,C000043,A0000043,M00682,T00517,Northeast,Northeast,84.15,USD,ecommerce,chip_pin,approved,APPROVE,66.24,1.2703804347826089,1,0,0,1,0,0,0,3,154,22,34,26,terminal_customer_network_burst;night_activity,0.26,0.04584160363071569,0.26
X000011324,2026-02-18 02:51:32,C000101,A0000101,M00439,T00933,West,West,141.77,USD,card_present,3ds,approved,APPROVE,65.68,2.158495736906212,1,0,0,0,0,0,0,1,84,5,34,8,night_activity,0.08,0.00567708857871183,0.08
X000150210,2026-02-18 02:51:47,C001236,A0001236,M00628,T01005,West,West,116.32,USD,card_present,chip_pin,approved,APPROVE,94.07,1.236525991283087,1,0,0,0,0,0,0,6,89,11,0,66,customer_velocity;new_customer_terminal_pair;terminal_customer_network_burst;night_activity,0.66,0.0422951499467236,0.66
X000109040,2026-02-18 02:51:56,C000913,A0000913,M00002,T00312,Northeast,Northeast,252.04,USD,ecommerce,chip_pin,approved,APPROVE,132.83,1.89746292253256,1,0,0,1,0,0,0,2,140,13,55,26,terminal_customer_network_burst;night_activity,0.26,0.009129024707866137,0.26
X000109731,2026-02-18 02:51:56,C000916,A0000916,M00513,T00695,Midwest,Midwest,140.06,USD,card_present,chip_pin,approved,APPROVE,125.73,1.1139743895649408,1,0,0,0,0,0,0,7,203,10,75,51,customer_velocity;terminal_customer_network_burst;night_activity,0.51,0.0048895009146539044,0.51
X000020256,2026-02-18 02:52:16,C000175,A0000175,M00302,T00011,South,Northeast,39.87,USD,ecommerce,3ds,approved,APPROVE,39.71,1.0040292117854444,1,0,0,1,0,0,1,1,241,17,0,53,new_customer_terminal_pair;terminal_customer_network_burst;night_activity;home_region_mismatch,0.53,0.43556493474783464,0.53
X000009102,2026-02-18 02:52:44,C000082,A0000082,M00395,T00889,Midwest,Midwest,37.82,USD,card_present,chip_pin,approved,APPROVE,58.14,0.6504987960096319,1,0,0,0,0,0,0,0,144,16,39,26,terminal_customer_network_burst;night_activity,0.26,0.009961502820068675,0.26
X000190222,2026-02-18 02:52:48,C001562,A0001562,M00567,T01019,Northeast,Northeast,106.08,USD,mobile_wallet,magstripe,approved,APPROVE,160.81,0.6596604688763137,1,0,0,0,1,1,0,3,294,18,69,26,terminal_customer_network_burst;night_activity,0.26,0.032199067602445605,0.26
X000125277,2026-02-18 02:53:09,C001032,A0001032,M00394,T00922,South,South,349.32,USD,ecommerce,chip_pin,approved,APPROVE,220.63,1.5832842315188325,1,0,0,1,0,0,0,6,390,26,108,51,customer_velocity;terminal_customer_network_burst;night_activity,0.51,0.020325450658572587,0.51
X000100607,2026-02-18 02:54:06,C000846,A0000846,M00412,T00593,Northeast,Northeast,25.93,USD,ecommerce,3ds,approved,APPROVE,32.74,0.7919975565058033,1,0,0,1,0,0,0,0,225,14,12,26,terminal_customer_network_burst;night_activity,0.26,0.025631343048497998,0.26
X000157904,2026-02-18 02:55:18,C001298,A0001298,M00354,T00072,Northeast,Northeast,144.64,USD,mobile_wallet,3ds,approved,APPROVE,132.64,1.0904704463208685,1,0,0,0,0,1,0,0,162,19,10,26,terminal_customer_network_burst;night_activity,0.26,0.06529240213905893,0.26
X000165518,2026-02-18 02:55:56,C001366,A0001366,M00215,T00873,South,South,17.44,USD,mobile_wallet,chip_pin,approved,APPROVE,35.42,0.492377188029362,1,0,0,0,0,1,0,2,155,14,20,26,terminal_customer_network_burst;night_activity,0.26,0.02639678981859292,0.26
X000226027,2026-02-18 02:56:18,C001841,A0001841,M00215,T00873,South,South,33.18,USD,card_present,3ds,approved,APPROVE,36.24,0.9155629139072847,1,0,0,0,0,0,0,3,156,14,28,26,terminal_customer_network_burst;night_activity,0.26,0.018237791643923494,0.26
X000056313,2026-02-18 02:56:41,C000475,A0000475,M00275,T00496,Northeast,Northeast,290.18,USD,ecommerce,3ds,approved,APPROVE,177.62,1.633712419772548,1,0,0,1,0,0,0,3,145,16,41,26,terminal_customer_network_burst;night_activity,0.26,0.020799759183463943,0.26
X000018445,2026-02-18 02:57:26,C000157,A0000157,M00778,T00222,South,South,30.56,USD,card_present,chip_pin,approved,APPROVE,57.73,0.5293608175991685,1,0,0,0,0,0,0,1,146,14,15,26,terminal_customer_network_burst;night_activity,0.26,0.01829433293955612,0.26
X000220157,2026-02-18 02:57:39,C001797,A0001797,M00700,T00884,Northeast,Northeast,53.53,USD,card_present,chip_pin,approved,APPROVE,161.59,0.33127049941209236,1,0,0,0,0,0,0,9,240,11,76,51,customer_velocity;terminal_customer_network_burst;night_activity,0.51,0.005391171649419664,0.51
X000211319,2026-02-18 02:57:55,C001723,A0001723,M00552,T00602,Northeast,Northeast,64.15,USD,mobile_wallet,wallet_biometric,approved,APPROVE,53.66,1.1954901229966457,1,0,0,0,0,1,0,3,225,13,25,26,terminal_customer_network_burst;night_activity,0.26,0.035457413410782374,0.26
X000009737,2026-02-18 02:58:26,C000088,A0000088,M00038,T00321,South,South,33.22,USD,card_present,chip_pin,approved,APPROVE,73.3,0.45320600272851297,1,0,0,0,0,0,0,2,248,14,36,26,terminal_customer_network_burst;night_activity,0.26,0.013184356393942193,0.26
X000186107,2026-02-18 02:58:38,C001529,A0001529,M00631,T00542,West,West,163.61,USD,card_present,3ds,approved,APPROVE,86.48,1.8918825161887143,1,0,0,0,0,0,0,6,148,14,34,51,customer_velocity;terminal_customer_network_burst;night_activity,0.51,0.030807904749193444,0.51
X000196261,2026-02-18 02:58:39,C001612,A0001612,M00133,T00854,Northeast,Northeast,253.38,USD,card_present,3ds,approved,APPROVE,157.68,1.606925418569254,1,0,0,0,0,0,0,0,256,15,47,26,terminal_customer_network_burst;night_activity,0.26,0.013410303543119444,0.26
X000003630,2026-02-18 02:59:08,C000031,A0000031,M00475,T00965,Midwest,Midwest,110.96,USD,mobile_wallet,3ds,approved,APPROVE,124.2,0.8933977455716585,1,0,0,0,0,1,0,5,214,21,51,51,customer_velocity;terminal_customer_network_burst;night_activity,0.51,0.0425708004881606,0.51
X000195319,2026-02-18 02:59:36,C001604,A0001604,M00517,T01092,Midwest,Midwest,170.03,USD,card_present,chip_pin,approved,APPROVE,138.09,1.2312984285610833,1,0,0,0,0,0,0,6,230,17,74,51,customer_velocity;terminal_customer_network_burst;night_activity,0.51,0.01153296737761892,0.51
X000069779,2026-02-18 03:00:08,C000593,A0000593,M00738,T00899,South,South,247.96,USD,mobile_wallet,chip_pin,approved,APPROVE,191.3,1.2961840041819133,1,0,0,0,0,1,0,0,414,20,41,26,terminal_customer_network_burst;night_activity,0.26,0.05646613285457431,0.26
X000233409,2026-02-18 03:00:14,C001902,A0001902,M00074,T01036,South,South,83.61,USD,card_present,3ds,approved,APPROVE,144.3,0.5794178794178794,1,0,0,0,0,0,0,5,418,24,55,51,customer_velocity;terminal_customer_network_burst;night_activity,0.51,0.05218461114107599,0.51
X000026777,2026-02-18 03:00:45,C000230,A0000230,M00712,T00650,South,South,72.46,USD,card_present,chip_pin,approved,APPROVE,79.41,0.9124795365822944,1,0,0,0,0,0,0,0,296,17,19,26,terminal_customer_network_burst;night_activity,0.26,0.03455050502624342,0.26
X000218668,2026-02-18 03:00:52,C001786,A0001786,M00501,T00506,Northeast,Northeast,11.09,USD,card_present,3ds,approved,APPROVE,19.86,0.5584088620342397,1,0,0,0,0,0,0,4,186,16,48,26,terminal_customer_network_burst;night_activity,0.26,0.012756661948084816,0.26
X000121628,2026-02-18 03:00:54,C001009,A0001009,M00613,T00449,South,South,21.81,USD,card_present,chip_pin,approved,APPROVE,14.28,1.5273109243697478,1,0,0,0,0,0,0,0,287,17,26,26,terminal_customer_network_burst;night_activity,0.26,0.034561123563408916,0.26
X000123920,2026-02-18 03:01:12,C001025,A0001025,M00328,T00351,Midwest,Midwest,77.35,USD,ecommerce,chip_pin,approved,APPROVE,79.76,0.9697843530591774,1,0,0,1,0,0,0,1,165,16,41,26,terminal_customer_network_burst;night_activity,0.26,0.013288738419160976,0.26
X000003631,2026-02-18 03:01:14,C000031,A0000031,M00475,T00965,Midwest,Midwest,111.62,USD,card_present,magstripe,approved,APPROVE,124.2,0.8987117552334943,1,0,0,0,1,0,0,6,215,21,52,51,customer_velocity;terminal_customer_network_burst;night_activity,0.51,0.06555924392482665,0.51
X000229191,2026-02-18 03:01:34,C001866,A0001866,M00613,T00331,South,South,123.31,USD,mobile_wallet,3ds,approved,APPROVE,38.71,3.1854817876517694,1,0,0,0,0,1,0,3,321,17,41,56,amount_vs_profile;terminal_customer_network_burst;night_activity,0.56,0.09220868142800098,0.56
X000087129,2026-02-18 03:02:28,C000730,A0000730,M00304,T00087,Midwest,Midwest,37.14,USD,card_present,chip_pin,approved,APPROVE,45.4,0.8180616740088106,1,0,0,0,0,0,0,0,206,13,9,26,terminal_customer_network_burst;night_activity,0.26,0.022939719919917535,0.26
X000229669,2026-02-18 03:02:28,C001871,A0001871,M00321,T01046,Midwest,Midwest,62.28,USD,ecommerce,3ds,approved,APPROVE,76.66,0.8124184711714063,1,0,0,1,0,0,0,1,176,18,26,26,terminal_customer_network_burst;night_activity,0.26,0.026144670078084537,0.26
X000129475,2026-02-18 03:02:46,C001064,A0001064,M00552,T00463,Northeast,Northeast,89.49,USD,card_present,3ds,approved,APPROVE,157.04,0.5698548140601121,1,0,0,0,0,0,0,2,235,15,66,26,terminal_customer_network_burst;night_activity,0.26,0.005719866904952791,0.26
X000204941,2026-02-18 03:03:31,C001673,A0001673,M00378,T00467,South,South,29.94,USD,card_present,3ds,approved,APPROVE,27.33,1.0954994511525797,1,0,0,0,0,0,0,1,240,15,32,26,terminal_customer_network_burst;night_activity,0.26,0.019027753254375144,0.26
X000135855,2026-02-18 03:03:56,C001116,A0001116,M00753,T00413,South,South,50.29,USD,ecommerce,chip_pin,approved,APPROVE,62.43,0.8055422072721448,1,0,0,1,0,0,0,1,400,16,33,26,terminal_customer_network_burst;night_activity,0.26,0.029093518782797985,0.26
X000199360,2026-02-18 03:04:06,C001633,A0001633,M00087,T00716,South,South,77.07,USD,ecommerce,wallet_biometric,approved,APPROVE,66.73,1.1549527948448972,1,0,0,1,0,0,0,1,311,18,19,26,terminal_customer_network_burst;night_activity,0.26,0.05207984626219542,0.26
X000183297,2026-02-18 03:04:09,C001507,A0001507,M00386,T00008,Northeast,Northeast,60.93,USD,card_present,wallet_biometric,approved,APPROVE,50.49,1.2067736185383244,1,0,0,0,0,0,0,0,213,14,31,26,terminal_customer_network_burst;night_activity,0.26,0.015197237581048935,0.26
X000008050,2026-02-18 03:04:15,C000073,A0000073,M00069,T00652,West,West,242.08,USD,ecommerce,chip_pin,approved,APPROVE,150.97,1.603497383586143,1,0,0,1,0,0,0,2,142,11,29,26,terminal_customer_network_burst;night_activity,0.26,0.01485586741162785,0.26
X000076747,2026-02-18 03:04:38,C000645,A0000645,M00634,T01016,Northeast,Northeast,23.88,USD,ecommerce,3ds,approved,APPROVE,32.93,0.7251746128150622,1,0,0,1,0,0,0,11,220,17,23,71,customer_velocity;high_customer_velocity;terminal_customer_network_burst;night_activity,0.71,0.08463912043248502,0.71
X000130822,2026-02-18 03:04:42,C001076,A0001076,M00187,T00256,South,South,52.02,USD,card_present,3ds,approved,APPROVE,53.17,0.9783712619898439,1,0,0,0,0,0,0,4,292,23,26,26,terminal_customer_network_burst;night_activity,0.26,0.08663267781327909,0.26
X000157276,2026-02-18 03:05:13,C001293,A0001293,M00406,T00668,South,South,112.28,USD,ecommerce,wallet_biometric,approved,APPROVE,103.07,1.089356747841273,1,0,0,1,0,0,0,7,277,17,61,51,customer_velocity;terminal_customer_network_burst;night_activity,0.51,0.022034139680338828,0.51
X000160239,2026-02-18 03:05:52,C001322,A0001322,M00343,T00030,West,West,49.13,USD,card_present,3ds,approved,APPROVE,56.36,0.8717175301632364,1,0,0,0,0,0,0,0,113,15,18,26,terminal_customer_network_burst;night_activity,0.26,0.017556136980887968,0.26
X000191938,2026-02-18 03:05:54,C001574,A0001574,M00598,T00688,West,West,205.77,USD,ecommerce,wallet_biometric,approved,APPROVE,131.58,1.5638394892840857,1,0,0,1,0,0,0,3,132,13,40,26,terminal_customer_network_burst;night_activity,0.26,0.014227620862671118,0.26
X000205804,2026-02-18 03:06:17,C001679,A0001679,M00342,T00375,Midwest,Midwest,210.72,USD,card_present,3ds,approved,APPROVE,208.94,1.0085191921125682,1,0,0,0,0,0,0,1,304,20,68,26,terminal_customer_network_burst;night_activity,0.26,0.012260846314162794,0.26
X000018544,2026-02-18 03:06:29,C000158,A0000158,M00085,T00540,Northeast,Northeast,15.29,USD,mobile_wallet,3ds,approved,APPROVE,26.2,0.583587786259542,1,0,0,0,0,1,0,1,196,10,19,26,terminal_customer_network_burst;night_activity,0.26,0.017533517929407827,0.26
X000079284,2026-02-18 03:06:50,C000667,A0000667,M00271,T00851,Northeast,Northeast,28.92,USD,mobile_wallet,chip_pin,approved,APPROVE,68.9,0.4197387518142235,1,0,0,0,0,1,0,2,207,13,38,26,terminal_customer_network_burst;night_activity,0.26,0.014664462554670387,0.26
X000092830,2026-02-18 03:06:51,C000777,A0000777,M00191,T00397,Midwest,Midwest,62.82,USD,mobile_wallet,wallet_biometric,approved,APPROVE,41.53,1.5126414640019263,1,0,0,0,0,1,0,5,280,15,55,51,customer_velocity;terminal_customer_network_burst;night_activity,0.51,0.028374138686979352,0.51
X000132448,2026-02-18 03:07:35,C001091,A0001091,M00294,T00904,South,South,27.56,USD,mobile_wallet,3ds,approved,APPROVE,24.03,1.1468997086974615,1,0,0,0,0,1,0,1,274,15,45,26,terminal_customer_network_burst;night_activity,0.26,0.02093350624568279,0.26
X000112127,2026-02-18 03:07:45,C000936,A0000936,M00323,T00655,South,South,25.34,USD,card_present,chip_pin,approved,APPROVE,32.3,0.7845201238390094,1,0,0,0,0,0,0,2,87,10,17,26,terminal_customer_network_burst;night_activity,0.26,0.011502719856180295,0.26
X000138951,2026-02-18 03:07:51,C001144,A0001144,M00693,T00687,South,South,53.26,USD,ecommerce,magstripe,approved,APPROVE,55.97,0.9515812042165446,1,0,0,1,1,0,0,2,131,14,30,46,terminal_customer_network_burst;ecommerce_authentication_shift;night_activity,0.46,0.03268659409548828,0.46
X000190223,2026-02-18 03:08:27,C001562,A0001562,M00229,T00718,Northeast,Northeast,137.96,USD,ecommerce,wallet_biometric,approved,APPROVE,160.81,0.8579068465891425,1,0,0,1,0,0,0,4,101,9,65,26,terminal_customer_network_burst;night_activity,0.26,0.0030867004629429383,0.26
X000220848,2026-02-18 03:08:36,C001800,A0001800,M00172,T00722,Northeast,Northeast,144.87,USD,card_present,chip_pin,approved,APPROVE,186.73,0.7758260590156911,1,0,0,0,0,0,0,9,409,15,114,51,customer_velocity;terminal_customer_network_burst;night_activity,0.51,0.004680291917590344,0.51
X000127795,2026-02-18 03:08:37,C001052,A0001052,M00109,T00641,South,Northeast,155.38,USD,card_present,chip_pin,approved,APPROVE,146.14,1.063227042561927,1,0,0,0,0,0,1,6,131,11,0,78,customer_velocity;new_customer_terminal_pair;terminal_customer_network_burst;night_activity;home_region_mismatch,0.78,0.3325808579821122,0.78
X000181776,2026-02-18 03:08:39,C001495,A0001495,M00387,T00289,Northeast,Northeast,22.12,USD,mobile_wallet,chip_pin,approved,APPROVE,43.33,0.5105008077544427,1,0,0,0,0,1,0,4,112,14,27,26,terminal_customer_network_burst;night_activity,0.26,0.024056619108841774,0.26
X000224354,2026-02-18 03:08:53,C001831,A0001831,M00556,T00223,South,South,35.04,USD,mobile_wallet,chip_pin,approved,APPROVE,24.6,1.424390243902439,1,0,0,0,0,1,0,6,290,15,31,51,customer_velocity;terminal_customer_network_burst;night_activity,0.51,0.06628660455934546,0.51
X000208186,2026-02-18 03:09:29,C001699,A0001699,M00475,T00015,Midwest,Midwest,42.7,USD,ecommerce,wallet_biometric,approved,APPROVE,131.03,0.3258795695642219,1,0,0,1,0,0,0,6,74,8,31,51,customer_velocity;terminal_customer_network_burst;night_activity,0.51,0.007831004936966281,0.51
X000143512,2026-02-18 03:09:33,C001182,A0001182,M00603,T01192,Midwest,Midwest,56.85,USD,ecommerce,wallet_biometric,approved,APPROVE,40.93,1.3889567554361104,1,0,0,1,0,0,0,2,173,11,43,26,terminal_customer_network_burst;night_activity,0.26,0.009402466725711323,0.26
X000144782,2026-02-18 03:10:47,C001192,A0001192,M00497,T00779,West,West,33.74,USD,ecommerce,3ds,approved,APPROVE,62.56,0.5393222506393862,1,0,0,1,0,0,0,1,90,13,26,26,terminal_customer_network_burst;night_activity,0.26,0.010498379949700378,0.26
X000138460,2026-02-18 03:11:04,C001139,A0001139,M00526,T00073,South,South,50.32,USD,ecommerce,chip_pin,approved,APPROVE,64.11,0.7849009514896272,1,0,0,1,0,0,0,0,64,10,11,26,terminal_customer_network_burst;night_activity,0.26,0.010989143966559381,0.26
X000198147,2026-02-18 03:11:46,C001625,A0001625,M00183,T00617,South,South,27.54,USD,card_present,chip_pin,approved,APPROVE,37.18,0.7407208176438945,1,0,0,0,0,0,0,0,237,15,15,26,terminal_customer_network_burst;night_activity,0.26,0.02507525755511842,0.26
X000039033,2026-02-18 03:11:58,C000332,A0000332,M00342,T00375,Midwest,Midwest,31.98,USD,card_present,chip_pin,approved,APPROVE,48.16,0.6640365448504983,1,0,0,0,0,0,0,4,305,20,28,26,terminal_customer_network_burst;night_activity,0.26,0.05354323830035059,0.26
X000156082,2026-02-18 03:12:03,C001284,A0001284,M00732,T00420,West,West,37.21,USD,card_present,chip_pin,approved,APPROVE,43.59,0.8536361550814406,1,0,0,0,0,0,0,0,43,11,19,26,terminal_customer_network_burst;night_activity,0.26,0.008827015353650514,0.26
X000122782,2026-02-18 03:12:10,C001018,A0001018,M00316,T00389,South,South,27.71,USD,ecommerce,3ds,approved,APPROVE,36.31,0.7631506472046268,1,0,0,1,0,0,0,4,365,20,30,26,terminal_customer_network_burst;night_activity,0.26,0.06368691941942511,0.26
X000221418,2026-02-18 03:12:25,C001804,A0001804,M00587,T00374,South,South,295.34,USD,ecommerce,chip_pin,approved,APPROVE,206.37,1.4311188641759944,1,0,0,1,0,0,0,5,240,10,67,51,customer_velocity;terminal_customer_network_burst;night_activity,0.51,0.006609642175565396,0.51
X000047736,2026-02-18 03:12:53,C000402,A0000402,M00539,T00648,Midwest,Midwest,34.86,USD,card_present,3ds,approved,APPROVE,23.82,1.463476070528967,1,0,0,0,0,0,0,2,115,10,25,26,terminal_customer_network_burst;night_activity,0.26,0.012566337951537925,0.26
X000135374,2026-02-18 03:13:14,C001111,A0001111,M00082,T00557,Northeast,Northeast,46.75,USD,card_present,wallet_biometric,approved,APPROVE,130.9,0.35714285714285715,1,0,0,0,0,0,0,1,234,12,40,26,terminal_customer_network_burst;night_activity,0.26,0.007563315760256275,0.26
X000215087,2026-02-18 03:13:45,C001756,A0001756,M00224,T01197,Northeast,Northeast,32.86,USD,ecommerce,chip_pin,approved,APPROVE,74.2,0.44285714285714284,1,0,0,1,0,0,0,5,147,17,19,51,customer_velocity;terminal_customer_network_burst;night_activity,0.51,0.03687247606740642,0.51
X000128926,2026-02-18 03:13:58,C001060,A0001060,M00682,T00517,Northeast,Northeast,103.58,USD,card_present,chip_pin,approved,APPROVE,203.81,0.5082184387419656,1,0,0,0,0,0,0,3,155,22,42,26,terminal_customer_network_burst;night_activity,0.26,0.02512217998554554,0.26
X000049572,2026-02-18 03:14:04,C000414,A0000414,M00753,T00413,South,South,12.43,USD,mobile_wallet,wallet_biometric,approved,APPROVE,22.81,0.5449364313897413,1,0,0,0,0,1,0,4,401,16,28,26,terminal_customer_network_burst;night_activity,0.26,0.0607986005362233,0.26
X000209603,2026-02-18 03:14:07,C001710,A0001710,M00285,T00370,Midwest,Midwest,157.5,USD,card_present,wallet_biometric,approved,APPROVE,109.77,1.4348182563541951,1,0,0,0,0,0,0,4,208,15,47,26,terminal_customer_network_burst;night_activity,0.26,0.0176292021362238,0.26
X000147497,2026-02-18 03:14:37,C001217,A0001217,M00471,T00670,Midwest,Midwest,32.67,USD,card_present,chip_pin,approved,APPROVE,31.3,1.0437699680511183,1,0,0,0,0,0,0,4,355,23,32,26,terminal_customer_network_burst;night_activity,0.26,0.08617687517883096,0.26
X000196799,2026-02-18 03:14:40,C001616,A0001616,M00376,T00266,South,South,35.39,USD,ecommerce,chip_pin,approved,APPROVE,30.77,1.1501462463438414,1,0,0,1,0,0,0,2,135,11,16,26,terminal_customer_network_burst;night_activity,0.26,0.01843488187133538,0.26
X000185285,2026-02-18 03:14:43,C001524,A0001524,M00524,T00237,West,West,199.67,USD,mobile_wallet,chip_pin,approved,APPROVE,133.37,1.4971132938441927,1,0,0,0,0,1,0,5,290,15,82,51,customer_velocity;terminal_customer_network_burst;night_activity,0.51,0.012223113227275628,0.51
X000007053,2026-02-18 03:15:32,C000064,A0000064,M00133,T00854,Northeast,Northeast,16.22,USD,card_present,chip_pin,approved,APPROVE,32.12,0.5049813200498132,1,0,0,0,0,0,0,1,257,15,20,26,terminal_customer_network_burst;night_activity,0.26,0.02298265058928631,0.26
X000053062,2026-02-18 03:15:32,C000447,A0000447,M00395,T00889,South,Midwest,44.56,USD,ecommerce,chip_pin,approved,APPROVE,31.58,1.4110196326789108,1,0,0,1,0,0,1,1,145,16,0,53,new_customer_terminal_pair;terminal_customer_network_burst;night_activity;home_region_mismatch,0.53,0.3870624547148433,0.53
X000079528,2026-02-18 03:16:04,C000669,A0000669,M00260,T00534,West,West,19.31,USD,ecommerce,magstripe,approved,APPROVE,24.18,0.7985938792390405,1,0,0,1,1,0,0,2,81,9,26,46,terminal_customer_network_burst;ecommerce_authentication_shift;night_activity,0.46,0.017228374158890176,0.46
X000225597,2026-02-18 03:16:29,C001838,A0001838,M00028,T00454,West,West,442.47,USD,card_present,wallet_biometric,approved,APPROVE,168.06,2.632809710817565,1,0,0,0,0,0,0,4,62,11,52,26,terminal_customer_network_burst;night_activity,0.26,0.010495394490167502,0.26
X000190429,2026-02-18 03:17:01,C001563,A0001563,M00423,T00106,South,South,773.51,USD,card_present,3ds,approved,APPROVE,256.53,3.0152808638365887,1,0,0,0,0,0,0,2,199,17,51,56,amount_vs_profile;terminal_customer_network_burst;night_activity,0.56,0.028578454017055176,0.56
X000191546,2026-02-18 03:17:07,C001571,A0001571,M00283,T01004,Northeast,Northeast,13.14,USD,ecommerce,chip_pin,approved,APPROVE,34.49,0.38097999420121775,1,0,0,1,0,0,0,2,199,10,60,26,terminal_customer_network_burst;night_activity,0.26,0.0034227156157054374,0.26
X000038577,2026-02-18 03:17:54,C000329,A0000329,M00695,T00010,Midwest,Midwest,45.17,USD,mobile_wallet,3ds,approved,APPROVE,45.79,0.9864599257479799,1,0,0,0,0,1,0,1,99,15,30,26,terminal_customer_network_burst;night_activity,0.26,0.020337494691753614,0.26
X000041653,2026-02-18 03:17:59,C000352,A0000352,M00434,T00808,South,South,57.29,USD,card_present,chip_pin,approved,APPROVE,46.87,1.2223170471516962,1,0,0,0,0,0,0,1,266,17,24,26,terminal_customer_network_burst;night_activity,0.26,0.034702542440601586,0.26
X000090492,2026-02-18 03:17:59,C000757,A0000757,M00077,T00306,South,South,15.72,USD,mobile_wallet,chip_pin,soft_decline,CHALLENGE,41.63,0.3776122988229642,1,0,1,0,0,1,0,2,303,17,25,34,terminal_customer_network_burst;night_activity;authentication_soft_decline,0.34,0.17955015193025234,0.34
X000030818,2026-02-18 03:18:16,C000261,A0000261,M00726,T00829,Northeast,Northeast,66.81,USD,card_present,magstripe,approved,APPROVE,75.95,0.8796576695194207,1,0,0,0,1,0,0,2,160,13,31,26,terminal_customer_network_burst;night_activity,0.26,0.027991270762940255,0.26
X000069780,2026-02-18 03:18:44,C000593,A0000593,M00187,T00256,South,South,168.42,USD,ecommerce,3ds,approved,APPROVE,191.3,0.8803972817564034,1,0,0,1,0,0,0,1,293,23,39,26,terminal_customer_network_burst;night_activity,0.26,0.04245919122332727,0.26
X000189055,2026-02-18 03:19:42,C001553,A0001553,M00315,T01023,Midwest,Midwest,92.62,USD,mobile_wallet,chip_pin,approved,APPROVE,52.2,1.7743295019157088,1,0,0,0,0,1,0,0,180,11,22,26,terminal_customer_network_burst;night_activity,0.26,0.024665659307008838,0.26
X000173629,2026-02-18 03:20:30,C001431,A0001431,M00056,T01147,Midwest,Midwest,25.63,USD,card_present,chip_pin,approved,APPROVE,35.72,0.7175251959686451,1,0,0,0,0,0,0,2,388,16,38,26,terminal_customer_network_burst;night_activity,0.26,0.024766786510921655,0.26
X000145609,2026-02-18 03:20:40,C001199,A0001199,M00581,T00552,West,West,72.06,USD,ecommerce,chip_pin,approved,APPROVE,54.05,1.3332099907493062,1,0,0,1,0,0,0,4,45,11,20,26,terminal_customer_network_burst;night_activity,0.26,0.017523871570575913,0.26
X000232517,2026-02-18 03:21:13,C001896,A0001896,M00227,T00504,Midwest,Midwest,32.19,USD,card_present,3ds,approved,APPROVE,46.29,0.695398574206092,1,0,0,0,0,0,0,1,308,14,30,26,terminal_customer_network_burst;night_activity,0.26,0.018262392685085116,0.26
X000057714,2026-02-18 03:21:30,C000489,A0000489,M00228,T00522,Northeast,Northeast,54.3,USD,card_present,3ds,approved,APPROVE,46.55,1.1664876476906552,1,0,0,0,0,0,0,0,198,17,13,26,terminal_customer_network_burst;night_activity,0.26,0.03611552267215363,0.26
X000052090,2026-02-18 03:22:05,C000440,A0000440,M00758,T00785,Northeast,Northeast,82.69,USD,mobile_wallet,wallet_biometric,approved,APPROVE,46.14,1.7921543129605548,1,0,0,0,0,1,0,3,244,11,0,41,new_customer_terminal_pair;terminal_customer_network_burst;night_activity,0.41,0.08051810643046856,0.41
X000016876,2026-02-18 03:22:10,C000143,A0000143,M00461,T00258,West,West,77.13,USD,card_present,wallet_biometric,approved,APPROVE,40.51,1.9039743273265861,1,0,0,0,0,0,0,1,72,10,38,26,terminal_customer_network_burst;night_activity,0.26,0.007876831684710192,0.26
X000163162,2026-02-18 03:23:05,C001345,A0001345,M00695,T00203,Midwest,Midwest,104.01,USD,card_present,magstripe,approved,APPROVE,169.46,0.6137731618080963,1,0,0,0,1,0,0,7,188,12,76,51,customer_velocity;terminal_customer_network_burst;night_activity,0.51,0.010188862241146353,0.51
X000083521,2026-02-18 03:23:17,C000697,A0000697,M00494,T01020,West,West,21.98,USD,card_present,3ds,approved,APPROVE,18.65,1.1785522788203755,1,0,0,0,0,0,0,0,150,15,26,26,terminal_customer_network_burst;night_activity,0.26,0.01689109769036103,0.26
X000059442,2026-02-18 03:23:24,C000505,A0000505,M00489,T01009,Northeast,Northeast,54.37,USD,card_present,chip_pin,approved,APPROVE,119.19,0.4561624297340381,1,0,0,0,0,0,0,4,160,12,35,26,terminal_customer_network_burst;night_activity,0.26,0.010870425844872368,0.26
X000126829,2026-02-18 03:23:47,C001044,A0001044,M00481,T00116,Northeast,Northeast,33.99,USD,card_present,chip_pin,approved,APPROVE,33.61,1.0113061588812855,1,0,0,0,0,0,0,2,154,14,30,26,terminal_customer_network_burst;night_activity,0.26,0.01575129534997681,0.26
X000187493,2026-02-18 03:23:48,C001541,A0001541,M00457,T00634,Midwest,Midwest,105.63,USD,card_present,chip_pin,approved,APPROVE,126.44,0.835416007592534,1,0,0,0,0,0,0,7,165,10,73,51,customer_velocity;terminal_customer_network_burst;night_activity,0.51,0.004224448461895819,0.51
X000156894,2026-02-18 03:24:00,C001290,A0001290,M00738,T00899,South,South,130.68,USD,ecommerce,3ds,approved,APPROVE,83.05,1.5735099337748346,1,0,0,1,0,0,0,0,415,20,23,26,terminal_customer_network_burst;night_activity,0.26,0.07783091627751033,0.26
X000235288,2026-02-18 03:24:04,C001917,A0001917,M00460,T00677,South,Midwest,64.11,USD,card_present,3ds,approved,APPROVE,143.14,0.44788319128126314,1,0,0,0,0,0,1,3,289,21,0,53,new_customer_terminal_pair;terminal_customer_network_burst;night_activity;home_region_mismatch,0.53,0.5733232429100906,0.5733232429100906
X000039034,2026-02-18 03:24:19,C000332,A0000332,M00603,T01192,Midwest,Midwest,71.49,USD,mobile_wallet,chip_pin,approved,APPROVE,48.16,1.4844269102990033,1,0,0,0,0,1,0,5,174,11,35,51,customer_velocity;terminal_customer_network_burst;night_activity,0.51,0.025480512162420265,0.51
X000015850,2026-02-18 03:25:35,C000134,A0000134,M00271,T00851,Northeast,Northeast,13.98,USD,card_present,3ds,approved,APPROVE,29.05,0.4812392426850258,1,0,0,0,0,0,0,2,208,13,40,26,terminal_customer_network_burst;night_activity,0.26,0.009412081870405448,0.26
X000052091,2026-02-18 03:26:03,C000440,A0000440,M00325,T00244,Northeast,Northeast,50.61,USD,card_present,wallet_biometric,approved,APPROVE,46.14,1.0968790637191157,1,0,0,0,0,0,0,4,65,4,38,8,night_activity,0.08,0.003897814116079062,0.08
X000171822,2026-02-18 03:26:31,C001417,A0001417,M00051,T01084,South,South,36.15,USD,card_present,chip_pin,approved,APPROVE,63.84,0.5662593984962405,1,0,0,0,0,0,0,2,295,17,27,26,terminal_customer_network_burst;night_activity,0.26,0.029358780061940738,0.26
X000026439,2026-02-18 03:27:27,C000226,A0000226,M00533,T01021,Northeast,Northeast,56.71,USD,ecommerce,chip_pin,approved,APPROVE,35.61,1.5925301881493963,1,0,0,1,0,0,0,1,163,11,21,26,terminal_customer_network_burst;night_activity,0.26,0.017942198826836293,0.26
X000143002,2026-02-18 03:27:42,C001178,A0001178,M00770,T01186,Midwest,Midwest,100.43,USD,card_present,chip_pin,approved,APPROVE,78.42,1.280668196888549,1,0,0,0,0,0,0,0,112,11,12,26,terminal_customer_network_burst;night_activity,0.26,0.015660839261045716,0.26
X000036244,2026-02-18 03:28:11,C000309,A0000309,M00402,T00179,South,South,32.45,USD,ecommerce,magstripe,approved,APPROVE,56.14,0.5780192376202352,1,0,0,1,1,0,0,3,215,12,25,46,terminal_customer_network_burst;ecommerce_authentication_shift;night_activity,0.46,0.03624222757661502,0.46
X000093884,2026-02-18 03:28:36,C000786,A0000786,M00789,T00365,Midwest,Midwest,66.09,USD,mobile_wallet,wallet_biometric,approved,APPROVE,167.98,0.39343969520180977,1,0,0,0,0,1,0,2,144,11,49,26,terminal_customer_network_burst;night_activity,0.26,0.006850270672397891,0.26
X000007591,2026-02-18 03:29:13,C000069,A0000069,M00610,T00995,Midwest,Midwest,56.03,USD,ecommerce,magstripe,approved,APPROVE,40.89,1.3702616776718024,1,0,0,1,1,0,0,2,230,16,49,46,terminal_customer_network_burst;ecommerce_authentication_shift;night_activity,0.46,0.034193233006094,0.46
X000203378,2026-02-18 03:30:11,C001664,A0001664,M00507,T01055,South,South,218.49,USD,card_present,chip_pin,approved,APPROVE,245.36,0.8904874470166286,1,0,0,0,0,0,0,7,293,14,80,51,customer_velocity;terminal_customer_network_burst;night_activity,0.51,0.007679170256787435,0.51
X000065790,2026-02-18 03:30:25,C000557,A0000557,M00023,T00720,Midwest,Midwest,87.5,USD,ecommerce,magstripe,approved,APPROVE,40.4,2.1658415841584158,1,0,0,1,1,0,0,0,341,17,24,46,terminal_customer_network_burst;ecommerce_authentication_shift;night_activity,0.46,0.11574743507147464,0.46
X000178255,2026-02-18 03:31:03,C001466,A0001466,M00508,T01195,Northeast,Northeast,31.84,USD,card_present,magstripe,approved,APPROVE,48.39,0.6579871874354205,1,0,0,0,1,0,0,1,123,13,25,26,terminal_customer_network_burst;night_activity,0.26,0.02517416535248175,0.26
X000130633,2026-02-18 03:31:09,C001074,A0001074,M00667,T00182,Northeast,Northeast,33.99,USD,card_present,chip_pin,approved,APPROVE,59.36,0.5726078167115903,1,0,0,0,0,0,0,0,240,11,23,26,terminal_customer_network_burst;night_activity,0.26,0.011459470206872106,0.26
X000226757,2026-02-18 03:31:54,C001848,A0001848,M00130,T00939,South,South,72.27,USD,mobile_wallet,chip_pin,approved,APPROVE,31.99,2.2591434823382306,1,0,0,0,0,1,0,4,321,18,24,26,terminal_customer_network_burst;night_activity,0.26,0.13289531250184808,0.26
X000194394,2026-02-18 03:32:10,C001597,A0001597,M00452,T00329,Northeast,Northeast,87.86,USD,card_present,3ds,approved,APPROVE,141.04,0.6229438457175269,1,0,0,0,0,0,0,1,343,14,59,26,terminal_customer_network_burst;night_activity,0.26,0.007638545615137418,0.26
X000085445,2026-02-18 03:33:35,C000714,A0000714,M00023,T00720,Midwest,Midwest,44.41,USD,card_present,3ds,approved,APPROVE,40.5,1.096543209876543,1,0,0,0,0,0,0,0,342,17,16,26,terminal_customer_network_burst;night_activity,0.26,0.04571020067414077,0.26
X000134917,2026-02-18 03:33:35,C001107,A0001107,M00604,T01180,Northeast,Northeast,47.98,USD,mobile_wallet,magstripe,approved,APPROVE,77.96,0.6154438173422268,1,0,0,0,1,1,0,4,241,17,25,26,terminal_customer_network_burst;night_activity,0.26,0.10641172215556165,0.26
X000049701,2026-02-18 03:34:31,C000415,A0000415,M00074,T00967,South,South,21.92,USD,mobile_wallet,wallet_biometric,approved,APPROVE,42.93,0.5105986489634289,1,0,0,0,0,1,0,1,351,19,0,41,new_customer_terminal_pair;terminal_customer_network_burst;night_activity,0.41,0.12269793210275977,0.41
X000047527,2026-02-18 03:34:41,C000400,A0000400,M00131,T00706,West,West,28.93,USD,card_present,chip_pin,approved,APPROVE,35.28,0.8200113378684807,1,0,0,0,0,0,0,0,152,13,27,26,terminal_customer_network_burst;night_activity,0.26,0.011254243346118981,0.26
X000193229,2026-02-18 03:34:45,C001586,A0001586,M00700,T00679,Northeast,Northeast,218.34,USD,ecommerce,wallet_biometric,approved,APPROVE,130.24,1.676443488943489,1,0,0,1,0,0,0,2,264,17,41,26,terminal_customer_network_burst;night_activity,0.26,0.028576222882071015,0.26
X000095006,2026-02-18 03:35:07,C000793,A0000793,M00750,T01142,South,South,28.44,USD,card_present,chip_pin,approved,APPROVE,26.09,1.0900728248371023,1,0,0,0,0,0,0,1,330,18,25,26,terminal_customer_network_burst;night_activity,0.26,0.041966771655937374,0.26
X000172979,2026-02-18 03:35:18,C001427,A0001427,M00763,T00601,South,South,34.25,USD,mobile_wallet,magstripe,approved,APPROVE,28.02,1.2223411848679515,1,0,0,0,1,1,0,4,308,25,24,26,terminal_customer_network_burst;night_activity,0.26,0.3267657133347227,0.3267657133347227
X000202399,2026-02-18 03:35:36,C001655,A0001655,M00717,T00614,South,South,21.96,USD,card_present,3ds,approved,APPROVE,33.4,0.6574850299401198,1,0,0,0,0,0,0,2,319,16,18,26,terminal_customer_network_burst;night_activity,0.26,0.038221555197521774,0.26
X000010004,2026-02-18 03:35:43,C000090,A0000090,M00638,T00151,Northeast,Northeast,11.34,USD,ecommerce,wallet_biometric,approved,APPROVE,25.25,0.4491089108910891,1,0,0,1,0,0,0,1,196,18,32,26,terminal_customer_network_burst;night_activity,0.26,0.019655192994860314,0.26
X000110969,2026-02-18 03:35:49,C000925,A0000925,M00767,T00890,South,South,23.39,USD,card_present,magstripe,approved,APPROVE,49.37,0.47376949564512866,1,0,0,0,1,0,0,3,238,12,61,26,terminal_customer_network_burst;night_activity,0.26,0.011111941382870777,0.26
X000128279,2026-02-18 03:35:49,C001055,A0001055,M00620,T00585,South,South,361.26,USD,mobile_wallet,3ds,approved,APPROVE,152.46,2.369539551357733,1,0,0,0,0,1,0,4,253,14,48,26,terminal_customer_network_burst;night_activity,0.26,0.03688419617979316,0.26
X000176574,2026-02-18 03:35:55,C001455,A0001455,M00476,T00028,Midwest,Midwest,62.07,USD,mobile_wallet,magstripe,soft_decline,CHALLENGE,52.23,1.1883974727168294,1,0,1,0,1,1,0,1,243,12,37,34,terminal_customer_network_burst;night_activity;authentication_soft_decline,0.34,0.158583102506027,0.34
X000020981,2026-02-18 03:36:21,C000183,A0000183,M00388,T00170,South,Midwest,23.64,USD,mobile_wallet,chip_pin,approved,APPROVE,32.26,0.7327960322380658,1,0,0,0,0,1,1,4,125,12,0,53,new_customer_terminal_pair;terminal_customer_network_burst;night_activity;home_region_mismatch,0.53,0.3652395911694207,0.53
X000185843,2026-02-18 03:36:24,C001527,A0001527,M00129,T00930,West,West,57.93,USD,ecommerce,chip_pin,approved,APPROVE,28.9,2.0044982698961937,1,0,0,1,0,0,0,3,122,12,43,26,terminal_customer_network_burst;night_activity,0.26,0.013379912613299433,0.26
X000121709,2026-02-18 03:36:51,C001010,A0001010,M00339,T00123,West,West,52.81,USD,card_present,3ds,soft_decline,CHALLENGE,34.87,1.5144823630628048,1,0,1,0,0,0,0,0,79,6,19,16,night_activity;authentication_soft_decline,0.16,0.032484923259591625,0.16
X000136016,2026-02-18 03:37:20,C001118,A0001118,M00181,T01063,South,South,71.4,USD,card_present,3ds,approved,APPROVE,64.28,1.1107654013690107,1,0,0,0,0,0,0,1,174,22,19,26,terminal_customer_network_burst;night_activity,0.26,0.054612562512267204,0.26
X000243199,2026-02-18 03:37:36,C001984,A0001984,M00731,T00394,Northeast,Northeast,29.45,USD,ecommerce,chip_pin,approved,APPROVE,39.31,0.74917323836174,1,0,0,1,0,0,0,5,110,16,0,66,customer_velocity;new_customer_terminal_pair;terminal_customer_network_burst;night_activity,0.66,0.060990395705143106,0.66
X000047528,2026-02-18 03:38:02,C000400,A0000400,M00595,T00068,West,West,31.16,USD,card_present,chip_pin,approved,APPROVE,35.28,0.8832199546485261,1,0,0,0,0,0,0,1,87,10,25,26,terminal_customer_network_burst;night_activity,0.26,0.008231929758330868,0.26
X000058141,2026-02-18 03:38:59,C000493,A0000493,M00459,T00795,Northeast,Northeast,82.01,USD,ecommerce,magstripe,approved,APPROVE,104.71,0.783210772610066,1,0,0,1,1,0,0,5,255,11,55,71,customer_velocity;terminal_customer_network_burst;ecommerce_authentication_shift;night_activity,0.71,0.018851834269255532,0.71
X000120161,2026-02-18 03:39:04,C000997,A0000997,M00501,T01003,Northeast,Northeast,58.3,USD,card_present,3ds,approved,APPROVE,51.04,1.1422413793103448,1,0,0,0,0,0,0,2,221,18,66,26,terminal_customer_network_burst;night_activity,0.26,0.009917478704604599,0.26
X000218515,2026-02-18 03:39:24,C001785,A0001785,M00205,T00154,South,South,88.91,USD,ecommerce,chip_pin,approved,APPROVE,44.84,1.9828278322925956,1,0,0,1,0,0,0,3,160,9,22,26,terminal_customer_network_burst;night_activity,0.26,0.02013074338575892,0.26
X000141867,2026-02-18 03:40:39,C001169,A0001169,M00679,T00947,Northeast,Northeast,72.12,USD,mobile_wallet,chip_pin,approved,APPROVE,104.26,0.6917322079416842,1,0,0,0,0,1,0,6,129,11,27,51,customer_velocity;terminal_customer_network_burst;night_activity,0.51,0.023988724185684984,0.51
X000162625,2026-02-18 03:40:40,C001342,A0001342,M00549,T00456,South,South,191.13,USD,card_present,3ds,approved,APPROVE,177.7,1.0755768148564997,1,0,0,0,0,0,0,8,410,24,64,51,customer_velocity;terminal_customer_network_burst;night_activity,0.51,0.06562240374477565,0.51
X000130169,2026-02-18 03:40:58,C001069,A0001069,M00556,T00589,South,South,14.78,USD,mobile_wallet,3ds,approved,APPROVE,51.8,0.2853281853281853,1,0,0,0,0,1,0,2,379,21,12,26,terminal_customer_network_burst;night_activity,0.26,0.11699150415442858,0.26
X000021627,2026-02-18 03:41:30,C000186,A0000186,M00724,T01129,West,West,119.69,USD,ecommerce,chip_pin,approved,APPROVE,223.8,0.5348078641644325,1,0,0,1,0,0,0,5,187,11,106,51,customer_velocity;terminal_customer_network_burst;night_activity,0.51,0.0012730579208356189,0.51
X000168603,2026-02-18 03:41:45,C001394,A0001394,M00019,T00745,Northeast,Northeast,50.97,USD,card_present,wallet_biometric,approved,APPROVE,52.48,0.9712271341463415,1,0,0,0,0,0,0,3,196,17,24,26,terminal_customer_network_burst;night_activity,0.26,0.03315329109509081,0.26
X000221566,2026-02-18 03:42:34,C001805,A0001805,M00376,T00181,South,South,134.25,USD,ecommerce,chip_pin,approved,APPROVE,89.08,1.5070722945666817,1,0,0,1,0,0,0,2,408,19,37,26,terminal_customer_network_burst;night_activity,0.26,0.05439019105510831,0.26
X000090219,2026-02-18 03:42:40,C000754,A0000754,M00452,T00329,Northeast,Northeast,23.1,USD,card_present,3ds,approved,APPROVE,47.26,0.4887854422344478,1,0,0,0,0,0,0,1,344,14,23,26,terminal_customer_network_burst;night_activity,0.26,0.02301546453301835,0.26
X000025886,2026-02-18 03:42:45,C000220,A0000220,M00388,T00170,Midwest,Midwest,341.6,USD,mobile_wallet,magstripe,approved,APPROVE,356.98,0.956916353857359,1,0,0,0,1,1,0,2,126,13,54,26,terminal_customer_network_burst;night_activity,0.26,0.01907191588681773,0.26
X000153076,2026-02-18 03:43:38,C001258,A0001258,M00094,T00737,South,South,39.07,USD,ecommerce,3ds,approved,APPROVE,82.17,0.4754776682487526,1,0,0,1,0,0,0,1,538,22,39,26,terminal_customer_network_burst;night_activity,0.26,0.059092951660990926,0.26
X000215385,2026-02-18 03:43:46,C001758,A0001758,M00166,T00022,Northeast,Northeast,48.36,USD,card_present,chip_pin,approved,APPROVE,40.57,1.1920138033029333,1,0,0,0,0,0,0,4,222,24,28,26,terminal_customer_network_burst;night_activity,0.26,0.08355680631443294,0.26
X000140893,2026-02-18 03:44:51,C001160,A0001160,M00715,T00083,Midwest,Midwest,41.06,USD,card_present,wallet_biometric,approved,APPROVE,27.42,1.49744711889132,1,0,0,0,0,0,0,1,218,14,26,26,terminal_customer_network_burst;night_activity,0.26,0.02277553816507783,0.26
X000241589,2026-02-18 03:45:17,C001971,A0001971,M00075,T00297,West,West,158.89,USD,card_present,chip_pin,approved,APPROVE,150.08,1.0587020255863537,1,0,0,0,0,0,0,1,90,5,33,8,night_activity,0.08,0.0038074954806027097,0.08
X000124451,2026-02-18 03:45:27,C001029,A0001029,M00552,T00602,Northeast,Northeast,12.45,USD,mobile_wallet,chip_pin,approved,APPROVE,24.49,0.5083707635769702,1,0,0,0,0,1,0,3,226,13,41,26,terminal_customer_network_burst;night_activity,0.26,0.016272935696303337,0.26
X000181777,2026-02-18 03:45:32,C001495,A0001495,M00387,T00289,Northeast,Northeast,123.86,USD,card_present,chip_pin,approved,APPROVE,43.33,2.858527579044542,1,0,0,0,0,0,0,4,113,14,28,26,terminal_customer_network_burst;night_activity,0.26,0.03973470405807184,0.26
X000190224,2026-02-18 03:45:50,C001562,A0001562,M00700,T00679,Northeast,Northeast,51.71,USD,ecommerce,wallet_biometric,approved,APPROVE,160.81,0.32155960450220755,1,0,0,1,0,0,0,5,265,17,72,51,customer_velocity;terminal_customer_network_burst;night_activity,0.51,0.008737592546701485,0.51
X000230919,2026-02-18 03:45:55,C001883,A0001883,M00479,T00906,Midwest,Midwest,202.89,USD,ecommerce,3ds,soft_decline,CHALLENGE,63.6,3.1900943396226413,1,0,1,1,0,0,0,1,156,10,29,64,amount_vs_profile;terminal_customer_network_burst;night_activity;authentication_soft_decline,0.64,0.10083084419522506,0.64
X000028198,2026-02-18 03:47:06,C000243,A0000243,M00191,T00441,Midwest,Midwest,137.55,USD,card_present,chip_pin,approved,APPROVE,160.27,0.8582392213140326,1,0,0,0,0,0,0,3,239,15,28,26,terminal_customer_network_burst;night_activity,0.26,0.024697387992039608,0.26
X000152068,2026-02-18 03:47:17,C001250,A0001250,M00699,T00493,Midwest,Midwest,31.59,USD,card_present,chip_pin,approved,APPROVE,34.64,0.9119515011547344,1,0,0,0,0,0,0,2,251,14,13,26,terminal_customer_network_burst;night_activity,0.26,0.03317391282876022,0.26
X000096522,2026-02-18 03:49:07,C000807,A0000807,M00733,T00848,Northeast,Northeast,29.71,USD,mobile_wallet,wallet_biometric,approved,APPROVE,53.15,0.5589840075258702,1,0,0,0,0,1,0,0,183,18,12,26,terminal_customer_network_burst;night_activity,0.26,0.04705235470342823,0.26
X000154295,2026-02-18 03:49:35,C001270,A0001270,M00288,T01177,Northeast,Northeast,44.55,USD,card_present,chip_pin,approved,APPROVE,28.36,1.5708744710860365,1,0,0,0,0,0,0,1,286,17,20,26,terminal_customer_network_burst;night_activity,0.26,0.047358741427716886,0.26
X000165944,2026-02-18 03:50:29,C001368,A0001368,M00524,T00237,West,West,263.12,USD,ecommerce,chip_pin,approved,APPROVE,257.01,1.0237733940313607,1,0,0,1,0,0,0,7,291,15,71,51,customer_velocity;terminal_customer_network_burst;night_activity,0.51,0.012784357439658629,0.51
X000118839,2026-02-18 03:50:59,C000984,A0000984,M00228,T00522,Northeast,Northeast,19.74,USD,card_present,chip_pin,approved,APPROVE,38.22,0.5164835164835164,1,0,0,0,0,0,0,5,199,17,20,51,customer_velocity;terminal_customer_network_burst;night_activity,0.51,0.03974035785610581,0.51
X000084351,2026-02-18 03:51:16,C000706,A0000706,M00023,T00839,Midwest,Midwest,28.95,USD,ecommerce,3ds,approved,APPROVE,26.91,1.075808249721293,1,0,0,1,0,0,0,0,158,14,15,26,terminal_customer_network_burst;night_activity,0.26,0.022041350758831943,0.26
X000191348,2026-02-18 03:51:43,C001570,A0001570,M00438,T00385,Midwest,Midwest,36.08,USD,card_present,chip_pin,approved,APPROVE,48.92,0.7375306623058053,1,0,0,0,0,0,0,1,145,12,19,26,terminal_customer_network_burst;night_activity,0.26,0.013813180171731282,0.26
X000079781,2026-02-18 03:52:09,C000671,A0000671,M00580,T00415,Midwest,South,200.43,USD,card_present,wallet_biometric,approved,APPROVE,68.34,2.9328358208955225,1,0,0,0,0,0,1,3,351,21,0,53,new_customer_terminal_pair;terminal_customer_network_burst;night_activity;home_region_mismatch,0.53,0.813177665696529,0.813177665696529
X000053616,2026-02-18 03:54:20,C000453,A0000453,M00148,T01086,Midwest,Midwest,73.7,USD,card_present,chip_pin,approved,APPROVE,51.29,1.4369272762721779,1,0,0,0,0,0,0,0,284,15,18,26,terminal_customer_network_burst;night_activity,0.26,0.033821457451727675,0.26
X000168604,2026-02-18 03:54:21,C001394,A0001394,M00731,T00394,Northeast,Northeast,68.63,USD,mobile_wallet,chip_pin,approved,APPROVE,52.48,1.3077362804878048,1,0,0,0,0,1,0,4,111,17,26,26,terminal_customer_network_burst;night_activity,0.26,0.04785881973945411,0.26
X000028807,2026-02-18 03:54:22,C000247,A0000247,M00520,T00143,Midwest,Midwest,62.73,USD,mobile_wallet,wallet_biometric,approved,APPROVE,34.2,1.8342105263157893,1,0,0,0,0,1,0,1,108,13,27,26,terminal_customer_network_burst;night_activity,0.26,0.025444816580036222,0.26
X000193230,2026-02-18 03:54:39,C001586,A0001586,M00302,T00011,Northeast,Northeast,101.8,USD,card_present,3ds,approved,APPROVE,130.24,0.7816339066339065,1,0,0,0,0,0,0,3,242,18,39,26,terminal_customer_network_burst;night_activity,0.26,0.02411539428314769,0.26
X000085446,2026-02-18 03:54:47,C000714,A0000714,M00377,T00663,Midwest,Midwest,35.02,USD,card_present,wallet_biometric,approved,APPROVE,40.5,0.8646913580246914,1,0,0,0,0,0,0,1,150,12,21,26,terminal_customer_network_burst;night_activity,0.26,0.013810710986412976,0.26
X000005880,2026-02-18 03:55:47,C000054,A0000054,M00544,T00846,South,South,78.07,USD,card_present,3ds,approved,APPROVE,33.85,2.306351550960118,1,0,0,0,0,0,0,2,299,19,24,26,terminal_customer_network_burst;night_activity,0.26,0.08005550205175836,0.26
X000215632,2026-02-18 03:55:50,C001761,A0001761,M00222,T00844,South,South,136.01,USD,card_present,magstripe,approved,APPROVE,67.82,2.005455617811855,1,0,0,0,1,0,0,2,218,15,35,26,terminal_customer_network_burst;night_activity,0.26,0.05572744609275539,0.26
X000023380,2026-02-18 03:56:07,C000199,A0000199,M00326,T01042,Northeast,Northeast,105.47,USD,card_present,chip_pin,approved,APPROVE,54.35,1.9405703771849125,1,0,0,0,0,0,0,2,98,8,26,26,terminal_customer_network_burst;night_activity,0.26,0.011168021553972972,0.26
X000131316,2026-02-18 03:56:09,C001080,A0001080,M00737,T00804,Midwest,Midwest,33.01,USD,card_present,3ds,approved,APPROVE,51.38,0.6424678863370961,1,0,0,0,0,0,0,2,239,14,33,26,terminal_customer_network_burst;night_activity,0.26,0.015310464819097525,0.26
X000041654,2026-02-18 03:56:35,C000352,A0000352,M00005,T01091,South,South,28.28,USD,card_present,wallet_biometric,approved,APPROVE,46.87,0.6033710262427993,1,0,0,0,0,0,0,2,273,19,35,26,terminal_customer_network_burst;night_activity,0.26,0.02759142341127959,0.26
X000243306,2026-02-18 03:56:35,C001985,A0001985,M00402,T00179,South,South,26.24,USD,mobile_wallet,chip_pin,approved,APPROVE,35.73,0.7343968653792332,1,0,0,0,0,1,0,3,216,12,25,26,terminal_customer_network_burst;night_activity,0.26,0.025733186236538058,0.26
X000136779,2026-02-18 03:57:19,C001125,A0001125,M00549,T00456,South,South,68.83,USD,ecommerce,chip_pin,approved,APPROVE,91.91,0.7488847785877489,1,0,0,1,0,0,0,3,411,24,34,26,terminal_customer_network_burst;night_activity,0.26,0.08727752007221924,0.26
X000028199,2026-02-18 03:57:29,C000243,A0000243,M00191,T00441,Midwest,Midwest,36.84,USD,card_present,3ds,approved,APPROVE,160.27,0.22986210769326762,1,0,0,0,0,0,0,4,240,15,29,26,terminal_customer_network_burst;night_activity,0.26,0.020944303012576215,0.26
X000233718,2026-02-18 03:57:31,C001905,A0001905,M00763,T00455,South,South,48.43,USD,mobile_wallet,chip_pin,approved,APPROVE,37.47,1.2925006672004271,1,0,0,0,0,1,0,1,218,10,44,26,terminal_customer_network_burst;night_activity,0.26,0.011067985725622877,0.26
X000244132,2026-02-18 03:57:31,C001990,A0001990,M00193,T01039,West,West,61.17,USD,card_present,wallet_biometric,approved,APPROVE,64.22,0.9525070071628776,1,0,0,0,0,0,0,4,223,15,43,26,terminal_customer_network_burst;night_activity,0.26,0.017146554652199365,0.26
X000198952,2026-02-18 03:57:56,C001629,A0001629,M00638,T00151,Northeast,Northeast,118.68,USD,ecommerce,magstripe,approved,APPROVE,49.16,2.414157851912124,1,0,0,1,1,0,0,2,197,18,6,46,terminal_customer_network_burst;ecommerce_authentication_shift;night_activity,0.46,0.20371458460045141,0.46
X000095125,2026-02-18 03:57:58,C000794,A0000794,M00413,T01078,West,West,74.82,USD,card_present,3ds,approved,APPROVE,72.89,1.0264782549046507,1,0,0,0,0,0,0,0,140,19,31,26,terminal_customer_network_burst;night_activity,0.26,0.02106845065261034,0.26
X000098008,2026-02-18 03:57:59,C000820,A0000820,M00626,T01083,South,South,264.7,USD,mobile_wallet,magstripe,approved,APPROVE,146.86,1.802396840528394,1,0,0,0,1,1,0,4,213,18,59,26,terminal_customer_network_burst;night_activity,0.26,0.06285215647730209,0.26
X000020547,2026-02-18 03:59:03,C000178,A0000178,M00460,T00677,Midwest,Midwest,106.96,USD,card_present,chip_pin,approved,APPROVE,110.87,0.9647334716334445,1,0,0,0,0,0,0,2,290,22,43,26,terminal_customer_network_burst;night_activity,0.26,0.03647192739001278,0.26
X000221419,2026-02-18 03:59:40,C001804,A0001804,M00587,T00374,South,South,269.34,USD,ecommerce,chip_pin,approved,APPROVE,206.37,1.305131559819741,1,0,0,1,0,0,0,6,241,10,68,51,customer_velocity;terminal_customer_network_burst;night_activity,0.51,0.00685432430218561,0.51
X000040280,2026-02-18 03:59:55,C000341,A0000341,M00797,T00418,South,South,87.82,USD,card_present,chip_pin,approved,APPROVE,147.38,0.5958746098520831,1,0,0,0,0,0,0,1,248,13,33,26,terminal_customer_network_burst;night_activity,0.26,0.012169727486753093,0.26
X000194976,2026-02-18 04:00:36,C001602,A0001602,M00779,T00146,South,South,103.52,USD,card_present,3ds,approved,APPROVE,87.97,1.1767648061839262,1,0,0,0,0,0,0,3,463,19,54,26,terminal_customer_network_burst;night_activity,0.26,0.03431007004826236,0.26
X000034259,2026-02-18 04:00:47,C000290,A0000290,M00111,T01015,Midwest,Midwest,86.41,USD,card_present,chip_pin,approved,APPROVE,128.03,0.6749199406389127,1,0,0,0,0,0,0,2,335,14,41,26,terminal_customer_network_burst;night_activity,0.26,0.0153242172355017,0.26
X000011029,2026-02-18 04:01:06,C000099,A0000099,M00271,T01087,Northeast,Northeast,120.5,USD,card_present,chip_pin,approved,APPROVE,61.42,1.9619016606968414,1,0,0,0,0,0,0,0,233,20,32,26,terminal_customer_network_burst;night_activity,0.26,0.04188785939195399,0.26
X000049219,2026-02-18 04:02:17,C000412,A0000412,M00797,T00418,South,South,96.3,USD,ecommerce,3ds,approved,APPROVE,53.08,1.8142426525998492,1,0,0,1,0,0,0,3,249,13,23,26,terminal_customer_network_burst;night_activity,0.26,0.036228708821844625,0.26
X000184510,2026-02-18 04:02:38,C001520,A0001520,M00165,T00676,West,West,118.47,USD,ecommerce,chip_pin,approved,APPROVE,198.06,0.5981520751287489,1,0,0,1,0,0,0,1,42,12,31,26,terminal_customer_network_burst;night_activity,0.26,0.0071930221250639075,0.26
X000018628,2026-02-18 04:02:46,C000159,A0000159,M00070,T00658,Northeast,Northeast,106.66,USD,card_present,3ds,approved,APPROVE,81.09,1.3153286471821433,1,0,0,0,0,0,0,1,169,12,22,26,terminal_customer_network_burst;night_activity,0.26,0.01682777822900395,0.26
X000078903,2026-02-18 04:02:49,C000664,A0000664,M00562,T01175,West,West,40.03,USD,card_present,3ds,approved,APPROVE,35.11,1.1401310168043293,1,0,0,0,0,0,0,1,204,15,28,26,terminal_customer_network_burst;night_activity,0.26,0.02008963621168173,0.26
X000213051,2026-02-18 04:02:54,C001739,A0001739,M00443,T00564,South,South,11.4,USD,card_present,chip_pin,approved,APPROVE,40.84,0.2791380999020568,1,0,0,0,0,0,0,6,230,14,29,51,customer_velocity;terminal_customer_network_burst;night_activity,0.51,0.02335460028682443,0.51
X000115620,2026-02-18 04:03:01,C000960,A0000960,M00565,T01035,South,Midwest,56.66,USD,ecommerce,3ds,approved,APPROVE,37.6,1.5069148936170211,1,0,0,1,0,0,1,0,131,9,0,53,new_customer_terminal_pair;terminal_customer_network_burst;night_activity;home_region_mismatch,0.53,0.19665687154188846,0.53
X000117058,2026-02-18 04:03:22,C000971,A0000971,M00270,T00562,South,South,110.54,USD,card_present,chip_pin,approved,APPROVE,63.31,1.746011688516822,1,0,0,0,0,0,0,2,210,17,32,26,terminal_customer_network_burst;night_activity,0.26,0.03234596770596146,0.26
X000015445,2026-02-18 04:03:37,C000131,A0000131,M00315,T01023,Northeast,Midwest,30.26,USD,ecommerce,3ds,approved,APPROVE,59.87,0.5054284282612327,1,0,0,1,0,0,1,1,181,11,0,53,new_customer_terminal_pair;terminal_customer_network_burst;night_activity;home_region_mismatch,0.53,0.2089091249735692,0.53
X000012695,2026-02-18 04:03:49,C000110,A0000110,M00784,T00756,South,South,49.28,USD,card_present,wallet_biometric,approved,APPROVE,31.37,1.570927637870577,1,0,0,0,0,0,0,2,322,20,19,26,terminal_customer_network_burst;night_activity,0.26,0.08308630383181514,0.26
X000122013,2026-02-18 04:04:04,C001012,A0001012,M00539,T00648,Midwest,Midwest,58.95,USD,ecommerce,chip_pin,approved,APPROVE,72.84,0.8093080724876441,1,0,0,1,0,0,0,2,116,10,23,26,terminal_customer_network_burst;night_activity,0.26,0.010880695468835645,0.26
X000075959,2026-02-18 04:04:25,C000638,A0000638,M00730,T00009,West,West,16.99,USD,card_present,chip_pin,approved,APPROVE,27.22,0.62417340191036,1,0,0,0,0,0,0,0,79,6,31,8,night_activity,0.08,0.003311874735523561,0.08
X000053926,2026-02-18 04:04:26,C000456,A0000456,M00482,T01158,West,West,16.24,USD,card_present,3ds,approved,APPROVE,30.16,0.5384615384615384,1,0,0,0,0,0,0,2,115,13,31,26,terminal_customer_network_burst;night_activity,0.26,0.01014769079421366,0.26
X000209604,2026-02-18 04:04:39,C001710,A0001710,M00655,T00487,Midwest,Midwest,80.4,USD,mobile_wallet,chip_pin,approved,APPROVE,109.77,0.7324405575293796,1,0,0,0,0,1,0,5,187,16,48,51,customer_velocity;terminal_customer_network_burst;night_activity,0.51,0.023073038558756885,0.51
X000236078,2026-02-18 04:04:53,C001925,A0001925,M00563,T00173,Midwest,Midwest,51.22,USD,ecommerce,magstripe,approved,APPROVE,57.51,0.8906277169187967,1,0,0,1,1,0,0,2,88,10,18,46,terminal_customer_network_burst;ecommerce_authentication_shift;night_activity,0.46,0.026364672236912093,0.46
X000209274,2026-02-18 04:06:00,C001708,A0001708,M00156,T00697,West,West,24.35,USD,ecommerce,chip_pin,soft_decline,CHALLENGE,49.28,0.49411525974025977,1,0,1,1,0,0,0,1,100,11,25,34,terminal_customer_network_burst;night_activity;authentication_soft_decline,0.34,0.03973087038322817,0.34
X000082978,2026-02-18 04:06:02,C000694,A0000694,M00797,T00418,South,South,221.09,USD,card_present,chip_pin,approved,APPROVE,291.15,0.7593680233556587,1,0,0,0,0,0,0,5,250,13,72,51,customer_velocity;terminal_customer_network_burst;night_activity,0.51,0.005935109999911677,0.51
X000142825,2026-02-18 04:06:05,C001176,A0001176,M00198,T00837,Midwest,Midwest,132.21,USD,ecommerce,3ds,approved,APPROVE,86.99,1.519829865501782,1,0,0,1,0,0,0,2,107,13,44,26,terminal_customer_network_burst;night_activity,0.26,0.010263293505341158,0.26
X000099328,2026-02-18 04:06:23,C000833,A0000833,M00610,T00045,Midwest,Midwest,139.11,USD,mobile_wallet,3ds,approved,APPROVE,72.75,1.9121649484536085,1,0,0,0,0,1,0,0,109,13,18,26,terminal_customer_network_burst;night_activity,0.26,0.0311786056184658,0.26
X000162419,2026-02-18 04:06:45,C001341,A0001341,M00211,T01068,Midwest,Midwest,37.27,USD,card_present,3ds,approved,APPROVE,53.74,0.69352437662821,1,0,0,0,0,0,0,1,214,11,16,26,terminal_customer_network_burst;night_activity,0.26,0.01583674654498504,0.26
X000066438,2026-02-18 04:07:04,C000563,A0000563,M00638,T01099,Northeast,Northeast,25.48,USD,ecommerce,chip_pin,approved,APPROVE,25.27,1.0083102493074794,1,0,0,1,0,0,0,3,182,13,33,26,terminal_customer_network_burst;night_activity,0.26,0.016167005797110886,0.26
X000200899,2026-02-18 04:07:18,C001645,A0001645,M00479,T00906,Midwest,Midwest,63.93,USD,card_present,3ds,approved,APPROVE,71.08,0.8994091164884637,1,0,0,0,0,0,0,1,157,10,58,26,terminal_customer_network_burst;night_activity,0.26,0.003410823682384448,0.26
X000017426,2026-02-18 04:07:44,C000149,A0000149,M00316,T00389,South,South,100.52,USD,card_present,3ds,approved,APPROVE,64.37,1.5615970172440576,1,0,0,0,0,0,0,0,366,20,12,26,terminal_customer_network_burst;night_activity,0.26,0.09114563432173661,0.26
X000101013,2026-02-18 04:08:02,C000850,A0000850,M00481,T00265,Northeast,Northeast,66.91,USD,card_present,magstripe,approved,APPROVE,158.88,0.4211354481369587,1,0,0,0,1,0,0,2,274,17,55,26,terminal_customer_network_burst;night_activity,0.26,0.023084383261531713,0.26
X000149281,2026-02-18 04:08:22,C001228,A0001228,M00244,T00336,South,South,34.39,USD,card_present,magstripe,approved,APPROVE,55.14,0.6236851650344577,1,0,0,0,1,0,0,6,346,15,65,51,customer_velocity;terminal_customer_network_burst;night_activity,0.51,0.02744649386533862,0.51
X000089167,2026-02-18 04:09:22,C000746,A0000746,M00784,T00354,South,South,35.97,USD,ecommerce,chip_pin,approved,APPROVE,57.74,0.6229650155871146,1,0,0,1,0,0,0,1,337,14,28,26,terminal_customer_network_burst;night_activity,0.26,0.02145212732186617,0.26
X000179562,2026-02-18 04:09:26,C001476,A0001476,M00450,T00640,Northeast,Northeast,215.85,USD,mobile_wallet,3ds,approved,APPROVE,246.77,0.874701138712161,1,0,0,0,0,1,0,9,400,11,96,51,customer_velocity;terminal_customer_network_burst;night_activity,0.51,0.007990083821889413,0.51
X000196707,2026-02-18 04:09:31,C001615,A0001615,M00219,T00102,Northeast,Northeast,57.22,USD,card_present,chip_pin,approved,APPROVE,49.67,1.152003221260318,1,0,0,0,0,0,0,2,160,18,25,26,terminal_customer_network_burst;night_activity,0.26,0.031567326027863746,0.26
X000001765,2026-02-18 04:10:01,C000015,A0000015,M00074,T01036,South,South,111.72,USD,card_present,chip_pin,approved,APPROVE,115.21,0.9697074906692128,1,0,0,0,0,0,0,4,419,24,108,26,terminal_customer_network_burst;night_activity,0.26,0.010160556728875217,0.26
X000080924,2026-02-18 04:10:02,C000679,A0000679,M00401,T00536,South,South,44.8,USD,ecommerce,3ds,approved,APPROVE,48.41,0.9254286304482545,1,0,0,1,0,0,0,2,318,21,31,26,terminal_customer_network_burst;night_activity,0.26,0.052520669270007106,0.26
X000129963,2026-02-18 04:10:06,C001067,A0001067,M00211,T01170,Midwest,Midwest,177.83,USD,card_present,3ds,approved,APPROVE,153.89,1.1555656637858212,1,0,0,0,0,0,0,5,256,11,87,51,customer_velocity;terminal_customer_network_burst;night_activity,0.51,0.0034384490530982746,0.51
X000068653,2026-02-18 04:10:09,C000582,A0000582,M00052,T00717,South,South,37.31,USD,card_present,chip_pin,approved,APPROVE,56.33,0.6623468844310315,1,0,0,0,0,0,0,1,188,19,17,26,terminal_customer_network_burst;night_activity,0.26,0.03590827913460431,0.26
X000207551,2026-02-18 04:10:14,C001693,A0001693,M00507,T01055,South,South,108.93,USD,mobile_wallet,chip_pin,approved,APPROVE,110.59,0.9849896012297676,1,0,0,0,0,1,0,3,294,14,39,26,terminal_customer_network_burst;night_activity,0.26,0.027988850616523852,0.26
X000001766,2026-02-18 04:10:44,C000015,A0000015,M00784,T00354,South,South,77.16,USD,ecommerce,chip_pin,approved,APPROVE,115.21,0.6697335300755143,1,0,0,1,0,0,0,5,338,14,114,51,customer_velocity;terminal_customer_network_burst;night_activity,0.51,0.0021861317205796697,0.51
X000016306,2026-02-18 04:10:57,C000137,A0000137,M00544,T00846,South,South,162.6,USD,ecommerce,3ds,approved,APPROVE,145.83,1.1149969142151819,1,0,0,1,0,0,0,0,300,19,45,26,terminal_customer_network_burst;night_activity,0.26,0.022077742165949415,0.26
X000200602,2026-02-18 04:11:13,C001643,A0001643,M00345,T00208,South,South,38.8,USD,card_present,wallet_biometric,approved,APPROVE,53.74,0.7219947897283214,1,0,0,0,0,0,0,0,272,21,29,26,terminal_customer_network_burst;night_activity,0.26,0.03491256138412873,0.26
X000213310,2026-02-18 04:11:51,C001741,A0001741,M00679,T00587,Northeast,Northeast,72.56,USD,card_present,wallet_biometric,approved,APPROVE,70.95,1.022692036645525,1,0,0,0,0,0,0,3,326,14,38,26,terminal_customer_network_burst;night_activity,0.26,0.021280847685155178,0.26
X000127095,2026-02-18 04:11:53,C001046,A0001046,M00745,T00183,Northeast,Northeast,22.72,USD,mobile_wallet,3ds,approved,APPROVE,61.16,0.37148463047743624,1,0,0,0,0,1,0,2,196,14,17,26,terminal_customer_network_burst;night_activity,0.26,0.03065741037218306,0.26
X000114637,2026-02-18 04:12:07,C000953,A0000953,M00368,T01069,West,West,76.14,USD,card_present,chip_pin,approved,APPROVE,62.54,1.217460825071954,1,0,0,0,0,0,0,0,68,13,27,26,terminal_customer_network_burst;night_activity,0.26,0.010664068560181627,0.26
X000024680,2026-02-18 04:12:44,C000208,A0000208,M00716,T00866,West,West,138.03,USD,ecommerce,wallet_biometric,approved,APPROVE,69.84,1.9763745704467353,1,0,0,1,0,0,0,1,129,14,18,26,terminal_customer_network_burst;night_activity,0.26,0.029915386386679677,0.26
X000155760,2026-02-18 04:12:50,C001282,A0001282,M00408,T00920,Northeast,Northeast,476.1,USD,ecommerce,chip_pin,approved,APPROVE,101.36,4.697119179163378,1,0,0,1,0,0,0,2,134,14,38,56,amount_vs_profile;terminal_customer_network_burst;night_activity,0.56,0.05280559604734625,0.56
X000160906,2026-02-18 04:13:27,C001328,A0001328,M00576,T00152,Midwest,Midwest,16.7,USD,ecommerce,chip_pin,approved,APPROVE,36.79,0.45392769774395214,1,0,0,1,0,0,0,2,127,19,32,26,terminal_customer_network_burst;night_activity,0.26,0.02086172525740879,0.26
X000035641,2026-02-18 04:13:36,C000302,A0000302,M00461,T00258,West,West,37.55,USD,ecommerce,chip_pin,approved,APPROVE,37.04,1.0137688984881208,1,0,0,1,0,0,0,1,73,10,26,26,terminal_customer_network_burst;night_activity,0.26,0.008553072304147731,0.26
X000130362,2026-02-18 04:14:32,C001071,A0001071,M00365,T00733,South,South,30.11,USD,mobile_wallet,3ds,approved,APPROVE,47.75,0.6305759162303665,1,0,0,0,0,1,0,5,316,21,36,51,customer_velocity;terminal_customer_network_burst;night_activity,0.51,0.07803793748236298,0.51
X000180960,2026-02-18 04:14:35,C001487,A0001487,M00073,T00757,South,South,18.16,USD,card_present,chip_pin,approved,APPROVE,70.38,0.2580278488206877,1,0,0,0,0,0,0,3,340,21,26,26,terminal_customer_network_burst;night_activity,0.26,0.05306139307651151,0.26
X000146852,2026-02-18 04:14:38,C001210,A0001210,M00561,T00275,Midwest,Midwest,216.84,USD,ecommerce,3ds,approved,APPROVE,138.79,1.562360400605231,1,0,0,1,0,0,0,2,100,11,75,26,terminal_customer_network_burst;night_activity,0.26,0.0029716516265720474,0.26
X000036414,2026-02-18 04:14:53,C000311,A0000311,M00587,T01174,South,South,45.88,USD,card_present,wallet_biometric,approved,APPROVE,28.81,1.592502603262756,1,0,0,0,0,0,0,5,328,23,21,51,customer_velocity;terminal_customer_network_burst;night_activity,0.51,0.1504630381831279,0.51
X000027074,2026-02-18 04:14:55,C000233,A0000233,M00771,T00411,South,South,35.1,USD,card_present,3ds,approved,APPROVE,52.79,0.6648986550483046,1,0,0,0,0,0,0,2,135,17,36,26,terminal_customer_network_burst;night_activity,0.26,0.015310027378484522,0.26
X000194395,2026-02-18 04:15:08,C001597,A0001597,M00387,T00932,Northeast,Northeast,260.16,USD,ecommerce,3ds,approved,APPROVE,141.04,1.8445830969937609,1,0,0,1,0,0,0,2,224,17,52,26,terminal_customer_network_burst;night_activity,0.26,0.01948373181823918,0.26
X000208801,2026-02-18 04:15:34,C001703,A0001703,M00681,T00888,West,West,30.42,USD,card_present,3ds,approved,APPROVE,89.83,0.33863965267727936,1,0,0,0,0,0,0,3,61,12,35,26,terminal_customer_network_burst;night_activity,0.26,0.007157665133317224,0.26
X000024886,2026-02-18 04:15:58,C000210,A0000210,M00481,T00265,Northeast,Northeast,21.05,USD,ecommerce,wallet_biometric,approved,APPROVE,38.63,0.5449132798343256,1,0,0,1,0,0,0,0,275,17,28,26,terminal_customer_network_burst;night_activity,0.26,0.02245897087346098,0.26
X000027944,2026-02-18 04:16:00,C000240,A0000240,M00267,T00878,West,West,26.38,USD,mobile_wallet,chip_pin,approved,APPROVE,32.71,0.806481198410272,1,0,0,0,0,1,0,3,110,12,30,26,terminal_customer_network_burst;night_activity,0.26,0.017281065536733316,0.26
X000090220,2026-02-18 04:16:16,C000754,A0000754,M00275,T00496,Northeast,Northeast,86.76,USD,mobile_wallet,chip_pin,approved,APPROVE,47.26,1.835801946677952,1,0,0,0,0,1,0,2,146,16,23,26,terminal_customer_network_burst;night_activity,0.26,0.05012757194874941,0.26
X000029422,2026-02-18 04:17:13,C000253,A0000253,M00626,T01083,South,South,162.84,USD,ecommerce,chip_pin,approved,APPROVE,203.2,0.8013779527559056,1,0,0,1,0,0,0,1,214,18,49,26,terminal_customer_network_burst;night_activity,0.26,0.01376120630490605,0.26
X000169692,2026-02-18 04:18:16,C001400,A0001400,M00743,T00089,South,South,205.6,USD,card_present,chip_pin,approved,APPROVE,210.06,0.9787679710558888,1,0,0,0,0,0,0,13,138,15,99,71,customer_velocity;high_customer_velocity;terminal_customer_network_burst;night_activity,0.71,0.006584030535931997,0.71
X000152773,2026-02-18 04:18:18,C001256,A0001256,M00366,T00709,Northeast,Northeast,29.0,USD,ecommerce,3ds,approved,APPROVE,54.39,0.5331862474719617,1,0,0,1,0,0,0,5,131,10,40,51,customer_velocity;terminal_customer_network_burst;night_activity,0.51,0.008303330808156366,0.51
X000178964,2026-02-18 04:18:41,C001473,A0001473,M00767,T00313,South,South,54.78,USD,card_present,chip_pin,approved,APPROVE,57.26,0.9566887879846315,1,0,0,0,0,0,0,5,289,24,71,51,customer_velocity;terminal_customer_network_burst;night_activity,0.51,0.02663301422401761,0.51
X000086204,2026-02-18 04:18:49,C000723,A0000723,M00074,T01036,South,South,79.11,USD,ecommerce,3ds,approved,APPROVE,62.35,1.2688051323175622,1,0,0,1,0,0,0,1,420,24,23,26,terminal_customer_network_burst;night_activity,0.26,0.1202617087302649,0.26
X000108754,2026-02-18 04:18:53,C000911,A0000911,M00422,T00691,Midwest,Midwest,49.81,USD,card_present,3ds,approved,APPROVE,89.36,0.557408236347359,1,0,0,0,0,0,0,1,94,11,36,26,terminal_customer_network_burst;night_activity,0.26,0.005792895190967705,0.26
X000235289,2026-02-18 04:19:23,C001917,A0001917,M00394,T00597,South,South,175.23,USD,ecommerce,wallet_biometric,approved,APPROVE,143.14,1.2241861114992316,1,0,0,1,0,0,0,4,240,19,63,26,terminal_customer_network_burst;night_activity,0.26,0.017732023270951098,0.26
X000173732,2026-02-18 04:19:27,C001432,A0001432,M00633,T00292,West,West,40.09,USD,card_present,chip_pin,approved,APPROVE,33.08,1.2119105199516327,1,0,0,0,0,0,0,1,201,13,35,26,terminal_customer_network_burst;night_activity,0.26,0.012980560623343877,0.26
X000095565,2026-02-18 04:19:52,C000798,A0000798,M00094,T01093,South,South,82.96,USD,card_present,wallet_biometric,approved,APPROVE,118.88,0.6978465679676985,1,0,0,0,0,0,0,1,239,10,35,26,terminal_customer_network_burst;night_activity,0.26,0.008162303858241222,0.26
X000046837,2026-02-18 04:20:28,C000393,A0000393,M00112,T00122,West,West,156.5,USD,card_present,chip_pin,approved,APPROVE,236.28,0.6623497545285255,1,0,0,0,0,0,0,0,218,8,50,26,terminal_customer_network_burst;night_activity,0.26,0.003293497676703976,0.26
X000222186,2026-02-18 04:20:38,C001810,A0001810,M00255,T00573,West,West,169.5,USD,mobile_wallet,chip_pin,approved,APPROVE,203.81,0.8316569353809921,1,0,0,0,0,1,0,2,132,12,62,26,terminal_customer_network_burst;night_activity,0.26,0.00586795784780265,0.26
X000135856,2026-02-18 04:20:53,C001116,A0001116,M00289,T00362,South,South,28.84,USD,mobile_wallet,3ds,approved,APPROVE,62.43,0.4619573922793529,1,0,0,0,0,1,0,2,284,25,29,26,terminal_customer_network_burst;night_activity,0.26,0.09352055208745713,0.26
X000030819,2026-02-18 04:22:02,C000261,A0000261,M00720,T00311,Northeast,Northeast,84.16,USD,card_present,3ds,approved,APPROVE,75.95,1.1080974325213955,1,0,0,0,0,0,0,3,162,17,27,26,terminal_customer_network_burst;night_activity,0.26,0.0292463947146046,0.26
X000155507,2026-02-18 04:22:11,C001280,A0001280,M00118,T00907,West,West,120.0,USD,card_present,magstripe,approved,APPROVE,118.5,1.0126582278481013,1,0,0,0,1,0,0,8,146,15,70,51,customer_velocity;terminal_customer_network_burst;night_activity,0.51,0.02080248951834893,0.51
X000209211,2026-02-18 04:22:22,C001707,A0001707,M00754,T00696,West,West,96.52,USD,card_present,chip_pin,approved,APPROVE,52.95,1.8228517469310668,1,0,0,0,0,0,0,1,141,15,21,26,terminal_customer_network_burst;night_activity,0.26,0.028105245521772574,0.26
X000115010,2026-02-18 04:22:44,C000956,A0000956,M00144,T00521,West,West,130.42,USD,ecommerce,chip_pin,approved,APPROVE,222.07,0.5872922952222271,1,0,0,1,0,0,0,5,133,10,48,51,customer_velocity;terminal_customer_network_burst;night_activity,0.51,0.00658947492065746,0.51
X000218114,2026-02-18 04:22:44,C001781,A0001781,M00328,T00351,Midwest,Midwest,66.14,USD,card_present,chip_pin,approved,APPROVE,63.39,1.0433822369458905,1,0,0,0,0,0,0,1,166,16,37,26,terminal_customer_network_burst;night_activity,0.26,0.014793889277951984,0.26
X000226280,2026-02-18 04:23:15,C001843,A0001843,M00541,T00575,South,South,115.03,USD,ecommerce,chip_pin,approved,APPROVE,73.75,1.5597288135593221,1,0,0,1,0,0,0,4,179,12,50,26,terminal_customer_network_burst;night_activity,0.26,0.011603821885634028,0.26
X000163163,2026-02-18 04:23:24,C001345,A0001345,M00668,T00166,Midwest,Midwest,253.86,USD,card_present,chip_pin,approved,APPROVE,169.46,1.4980526377906291,1,0,0,0,0,0,0,8,125,18,85,51,customer_velocity;terminal_customer_network_burst;night_activity,0.51,0.009797447343298744,0.51
X000036415,2026-02-18 04:23:29,C000311,A0000311,M00376,T00309,South,South,9.15,USD,mobile_wallet,3ds,approved,APPROVE,28.81,0.31759805623047555,1,0,0,0,0,1,0,6,440,17,25,51,customer_velocity;terminal_customer_network_burst;night_activity,0.51,0.09303566274888696,0.51
X000220355,2026-02-18 04:23:45,C001798,A0001798,M00411,T00744,West,West,20.04,USD,mobile_wallet,3ds,approved,APPROVE,56.99,0.35164063870854534,1,0,0,0,0,1,0,3,101,12,50,26,terminal_customer_network_burst;night_activity,0.26,0.007389811947038436,0.26
X000165945,2026-02-18 04:23:55,C001368,A0001368,M00206,T00975,West,West,218.33,USD,ecommerce,3ds,approved,APPROVE,257.01,0.849500019454496,1,0,0,1,0,0,0,8,88,14,75,51,customer_velocity;terminal_customer_network_burst;night_activity,0.51,0.006224846632613102,0.51
X000074692,2026-02-18 04:23:58,C000629,A0000629,M00604,T01134,Northeast,Northeast,154.23,USD,card_present,3ds,approved,APPROVE,118.88,1.29735868102288,1,0,0,0,0,0,0,9,455,20,102,51,customer_velocity;terminal_customer_network_burst;night_activity,0.51,0.01724517549859705,0.51
X000086719,2026-02-18 04:24:10,C000727,A0000727,M00767,T00890,South,South,66.91,USD,card_present,wallet_biometric,approved,APPROVE,98.78,0.6773638388337719,1,0,0,0,0,0,0,3,239,12,45,26,terminal_customer_network_burst;night_activity,0.26,0.009380536765193147,0.26
X000160907,2026-02-18 04:24:29,C001328,A0001328,M00576,T00152,Midwest,Midwest,70.9,USD,ecommerce,3ds,approved,APPROVE,36.79,1.927154117966839,1,0,0,1,0,0,0,3,128,19,33,26,terminal_customer_network_burst;night_activity,0.26,0.04074796062972553,0.26
X000123682,2026-02-18 04:24:34,C001023,A0001023,M00171,T00523,Northeast,Northeast,138.92,USD,mobile_wallet,chip_pin,approved,APPROVE,96.87,1.4340869206152573,1,0,0,0,0,1,0,4,244,18,104,26,terminal_customer_network_burst;night_activity,0.26,0.00660512532200448,0.26
X000101937,2026-02-18 04:24:45,C000858,A0000858,M00768,T00457,South,South,167.76,USD,mobile_wallet,3ds,approved,APPROVE,117.42,1.4287174246295349,1,0,0,0,0,1,0,1,322,21,23,26,terminal_customer_network_burst;night_activity,0.26,0.10183727678719784,0.26
X000195644,2026-02-18 04:27:05,C001606,A0001606,M00383,T00570,West,Midwest,89.96,USD,ecommerce,3ds,approved,APPROVE,119.37,0.753623188405797,1,0,0,1,0,0,1,5,77,9,0,78,customer_velocity;new_customer_terminal_pair;terminal_customer_network_burst;night_activity;home_region_mismatch,0.78,0.22021038964396702,0.78
X000124106,2026-02-18 04:27:37,C001026,A0001026,M00410,T00952,South,South,59.54,USD,ecommerce,wallet_biometric,approved,APPROVE,125.32,0.47510373443983406,1,0,0,1,0,0,0,0,197,16,41,26,terminal_customer_network_burst;night_activity,0.26,0.01050875912427448,0.26
X000011030,2026-02-18 04:27:53,C000099,A0000099,M00700,T00679,Northeast,Northeast,33.88,USD,card_present,chip_pin,approved,APPROVE,61.42,0.5516118528166721,1,0,0,0,0,0,0,1,266,17,21,26,terminal_customer_network_burst;night_activity,0.26,0.029252683214101266,0.26
X000148375,2026-02-18 04:28:41,C001224,A0001224,M00661,T00337,Northeast,Northeast,80.94,USD,card_present,chip_pin,approved,APPROVE,153.7,0.5266102797657776,1,0,0,0,0,0,0,3,297,14,67,26,terminal_customer_network_burst;night_activity,0.26,0.00637392390306854,0.26
X000240135,2026-02-18 04:28:41,C001958,A0001958,M00716,T00263,West,West,94.89,USD,ecommerce,chip_pin,approved,APPROVE,101.3,0.9367226061204343,1,0,0,1,0,0,0,1,62,11,30,26,terminal_customer_network_burst;night_activity,0.26,0.007971420482271379,0.26
X000081008,2026-02-18 04:28:50,C000680,A0000680,M00567,T00161,Northeast,Northeast,89.71,USD,ecommerce,3ds,approved,APPROVE,59.94,1.4966633299966632,1,0,0,1,0,0,0,1,246,18,16,26,terminal_customer_network_burst;night_activity,0.26,0.05561344209319938,0.26
X000170146,2026-02-18 04:29:35,C001402,A0001402,M00148,T00103,Midwest,Midwest,301.31,USD,card_present,chip_pin,approved,APPROVE,250.08,1.2048544465770952,1,0,0,0,0,0,0,0,96,8,29,26,terminal_customer_network_burst;night_activity,0.26,0.005923837599176502,0.26
X000245502,2026-02-18 04:29:47,C001999,A0001999,M00251,T00104,West,West,121.9,USD,ecommerce,3ds,approved,APPROVE,131.76,0.9251669702489376,1,0,0,1,0,0,0,2,103,8,52,26,terminal_customer_network_burst;night_activity,0.26,0.003411775792866904,0.26
X000160499,2026-02-18 04:29:59,C001325,A0001325,M00594,T01188,Northeast,Northeast,38.7,USD,ecommerce,wallet_biometric,approved,APPROVE,53.67,0.7210732252655115,1,0,0,1,0,0,0,1,462,22,20,26,terminal_customer_network_burst;night_activity,0.26,0.09572448594364623,0.26
X000207893,2026-02-18 04:30:20,C001696,A0001696,M00395,T00889,Midwest,Midwest,91.63,USD,card_present,wallet_biometric,approved,APPROVE,43.27,2.117633464293968,1,0,0,0,0,0,0,3,146,17,38,26,terminal_customer_network_burst;night_activity,0.26,0.029630021425007563,0.26
X000152199,2026-02-18 04:30:49,C001251,A0001251,M00056,T01161,Midwest,Midwest,112.6,USD,mobile_wallet,3ds,approved,APPROVE,65.21,1.7267290292899862,1,0,0,0,0,1,0,4,105,11,34,26,terminal_customer_network_burst;night_activity,0.26,0.02169688893719334,0.26
X000089534,2026-02-18 04:31:15,C000748,A0000748,M00791,T00304,South,South,380.91,USD,card_present,3ds,approved,APPROVE,224.36,1.6977625245141736,1,0,0,0,0,0,0,3,384,19,88,26,terminal_customer_network_burst;night_activity,0.26,0.011724947050111805,0.26
X000058745,2026-02-18 04:31:19,C000498,A0000498,M00401,T00536,South,South,34.61,USD,card_present,chip_pin,approved,APPROVE,40.99,0.844352281044157,1,0,0,0,0,0,0,3,319,21,20,26,terminal_customer_network_burst;night_activity,0.26,0.07576704515943503,0.26
X000217212,2026-02-18 04:31:19,C001773,A0001773,M00183,T01168,South,South,608.56,USD,card_present,chip_pin,approved,APPROVE,311.99,1.9505753389531713,1,0,0,0,0,0,0,7,260,14,94,51,customer_velocity;terminal_customer_network_burst;night_activity,0.51,0.006902757229267078,0.51
X000176818,2026-02-18 04:32:01,C001457,A0001457,M00642,T00253,Midwest,Midwest,31.52,USD,card_present,chip_pin,approved,APPROVE,23.47,1.3429910524073285,1,0,0,0,0,0,0,4,137,14,25,26,terminal_customer_network_burst;night_activity,0.26,0.02546433804610637,0.26
X000056001,2026-02-18 04:32:30,C000472,A0000472,M00052,T00717,South,South,31.86,USD,ecommerce,magstripe,approved,APPROVE,26.64,1.1959459459459458,1,0,0,1,1,0,0,4,189,19,31,46,terminal_customer_network_burst;ecommerce_authentication_shift;night_activity,0.46,0.08788691641923141,0.46
X000177710,2026-02-18 04:33:07,C001461,A0001461,M00034,T00307,Northeast,Northeast,241.14,USD,ecommerce,magstripe,approved,APPROVE,251.98,0.9569807127549805,1,0,0,1,1,0,0,2,254,14,63,46,terminal_customer_network_burst;ecommerce_authentication_shift;night_activity,0.46,0.015656974698817553,0.46
X000161135,2026-02-18 04:33:24,C001330,A0001330,M00148,T01086,Midwest,Midwest,52.43,USD,card_present,chip_pin,approved,APPROVE,79.51,0.6594139101999748,1,0,0,0,0,0,0,4,285,15,55,26,terminal_customer_network_burst;night_activity,0.26,0.012144895282660393,0.26
X000018987,2026-02-18 04:33:51,C000163,A0000163,M00277,T00518,Midwest,Midwest,19.56,USD,card_present,3ds,approved,APPROVE,48.35,0.40455015511892445,1,0,0,0,0,0,0,1,199,12,20,26,terminal_customer_network_burst;night_activity,0.26,0.013421437334637815,0.26
X000224958,2026-02-18 04:34:40,C001834,A0001834,M00428,T00264,West,West,61.68,USD,mobile_wallet,chip_pin,approved,APPROVE,34.04,1.8119858989424207,1,0,0,0,0,1,0,1,215,16,22,26,terminal_customer_network_burst;night_activity,0.26,0.05422568831437608,0.26
X000044709,2026-02-18 04:34:48,C000377,A0000377,M00712,T00650,South,South,106.13,USD,card_present,chip_pin,approved,APPROVE,121.39,0.8742894801878244,1,0,0,0,0,0,0,2,297,17,35,26,terminal_customer_network_burst;night_activity,0.26,0.025893569726990383,0.26
X000059961,2026-02-18 04:34:54,C000510,A0000510,M00090,T00822,South,South,84.41,USD,card_present,3ds,approved,APPROVE,89.95,0.9384102279043912,1,0,0,0,0,0,0,0,296,13,34,26,terminal_customer_network_burst;night_activity,0.26,0.013610293198494565,0.26
X000041329,2026-02-18 04:35:04,C000349,A0000349,M00513,T00308,Midwest,Midwest,164.16,USD,card_present,wallet_biometric,approved,APPROVE,285.86,0.5742671237668788,1,0,0,0,0,0,0,8,177,10,81,51,customer_velocity;terminal_customer_network_burst;night_activity,0.51,0.003400178919639758,0.51
X000041553,2026-02-18 04:35:15,C000351,A0000351,M00553,T01122,West,West,166.46,USD,mobile_wallet,wallet_biometric,approved,APPROVE,48.43,3.4371257485029942,1,0,0,0,0,1,0,3,96,6,35,38,amount_vs_profile;night_activity,0.38,0.020265818090825408,0.38
X000213969,2026-02-18 04:36:21,C001747,A0001747,M00608,T00027,South,South,59.96,USD,card_present,3ds,approved,APPROVE,30.67,1.955004890772742,1,0,0,0,0,0,0,2,356,17,28,26,terminal_customer_network_burst;night_activity,0.26,0.05700119824076029,0.26
X000134272,2026-02-18 04:37:14,C001103,A0001103,M00398,T00726,South,South,336.76,USD,ecommerce,wallet_biometric,approved,APPROVE,279.87,1.2032729481545001,1,0,0,1,0,0,0,8,211,13,85,51,customer_velocity;terminal_customer_network_burst;night_activity,0.51,0.0063365823643473035,0.51
X000006555,2026-02-18 04:37:43,C000058,A0000058,M00667,T00609,Northeast,Northeast,139.4,USD,card_present,chip_pin,approved,APPROVE,206.58,0.6747991093039016,1,0,0,0,0,0,0,2,405,25,29,26,terminal_customer_network_burst;night_activity,0.26,0.09250161399125928,0.26
X000211410,2026-02-18 04:38:03,C001724,A0001724,M00309,T01011,Northeast,Northeast,39.43,USD,card_present,wallet_biometric,approved,APPROVE,61.45,0.6416598860862489,1,0,0,0,0,0,0,0,237,18,24,26,terminal_customer_network_burst;night_activity,0.26,0.025660746146946512,0.26
X000106866,2026-02-18 04:38:05,C000895,A0000895,M00301,T00790,South,South,52.37,USD,card_present,magstripe,approved,APPROVE,28.01,1.8696893966440555,1,0,0,0,1,0,0,2,122,17,30,26,terminal_customer_network_burst;night_activity,0.26,0.06106954615776185,0.26
X000234799,2026-02-18 04:38:05,C001914,A0001914,M00511,T00446,Midwest,Midwest,237.58,USD,ecommerce,chip_pin,approved,APPROVE,344.59,0.6894570358977337,1,0,0,1,0,0,0,0,96,12,67,26,terminal_customer_network_burst;night_activity,0.26,0.0023769998092575345,0.26
X000241457,2026-02-18 04:38:19,C001970,A0001970,M00228,T00522,Northeast,Northeast,79.45,USD,mobile_wallet,chip_pin,approved,APPROVE,103.71,0.7660784880917945,1,0,0,0,0,1,0,7,200,17,53,51,customer_velocity;terminal_customer_network_burst;night_activity,0.51,0.02913988258387329,0.51
X000024230,2026-02-18 04:38:20,C000204,A0000204,M00462,T01033,Northeast,Northeast,21.48,USD,card_present,wallet_biometric,approved,APPROVE,33.64,0.638525564803805,1,0,0,0,0,0,0,3,68,8,32,26,terminal_customer_network_burst;night_activity,0.26,0.005652254917920751,0.26
X000135857,2026-02-18 04:38:29,C001116,A0001116,M00154,T01001,South,South,75.99,USD,mobile_wallet,chip_pin,approved,APPROVE,62.43,1.2172032676597788,1,0,0,0,0,1,0,3,370,18,31,26,terminal_customer_network_burst;night_activity,0.26,0.07443412341022179,0.26
X000074170,2026-02-18 04:38:39,C000626,A0000626,M00365,T01114,South,South,89.87,USD,ecommerce,3ds,approved,APPROVE,49.14,1.8288563288563289,1,0,0,1,0,0,0,3,156,10,42,26,terminal_customer_network_burst;night_activity,0.26,0.011097189721943538,0.26
X000220158,2026-02-18 04:39:02,C001797,A0001797,M00700,T00884,Northeast,Northeast,132.47,USD,card_present,3ds,approved,APPROVE,161.59,0.8197908286403861,1,0,0,0,0,0,0,8,241,11,77,51,customer_velocity;terminal_customer_network_burst;night_activity,0.51,0.00567530126084509,0.51
X000187061,2026-02-18 04:39:19,C001538,A0001538,M00170,T01059,Midwest,Midwest,53.71,USD,card_present,chip_pin,approved,APPROVE,53.88,0.996844840386043,1,0,0,0,0,0,0,6,184,14,40,51,customer_velocity;terminal_customer_network_burst;night_activity,0.51,0.019520304125605036,0.51
X000201806,2026-02-18 04:39:56,C001650,A0001650,M00154,T01001,West,South,259.7,USD,card_present,wallet_biometric,approved,APPROVE,267.79,0.969789760633332,1,0,0,0,0,0,1,4,371,18,0,53,new_customer_terminal_pair;terminal_customer_network_burst;night_activity;home_region_mismatch,0.53,0.6181045203740001,0.6181045203740001
X000011190,2026-02-18 04:40:09,C000100,A0000100,M00697,T00612,West,West,60.95,USD,card_present,magstripe,soft_decline,CHALLENGE,102.67,0.5936495568325704,1,0,1,0,1,0,0,2,122,6,42,16,night_activity;authentication_soft_decline,0.16,0.03248621060720979,0.16
X000022657,2026-02-18 04:40:45,C000195,A0000195,M00724,T01129,West,West,63.1,USD,card_present,magstripe,approved,APPROVE,82.17,0.767920165510527,1,0,0,0,1,0,0,4,188,11,41,26,terminal_customer_network_burst;night_activity,0.26,0.020878320117365637,0.26
X000089824,2026-02-18 04:40:51,C000750,A0000750,M00311,T01079,Midwest,Midwest,52.32,USD,card_present,magstripe,approved,APPROVE,91.76,0.5701830863121186,1,0,0,0,1,0,0,3,170,17,32,26,terminal_customer_network_burst;night_activity,0.26,0.04365504554542583,0.26
X000000993,2026-02-18 04:41:13,C000010,A0000010,M00634,T01016,Northeast,Northeast,64.33,USD,card_present,wallet_biometric,approved,APPROVE,31.54,2.0396322130627773,1,0,0,0,0,0,0,1,221,17,18,26,terminal_customer_network_burst;night_activity,0.26,0.051528411879635264,0.26
X000019246,2026-02-18 04:41:15,C000166,A0000166,M00782,T00669,Midwest,Midwest,65.33,USD,card_present,wallet_biometric,approved,APPROVE,44.51,1.4677600539204674,1,0,0,0,0,0,0,0,214,12,23,26,terminal_customer_network_burst;night_activity,0.26,0.017295922274969955,0.26
X000218855,2026-02-18 04:41:22,C001788,A0001788,M00137,T00381,Midwest,Midwest,105.06,USD,ecommerce,chip_pin,approved,APPROVE,148.33,0.7082855794512236,1,0,0,1,0,0,0,1,187,14,26,26,terminal_customer_network_burst;night_activity,0.26,0.01618141390616357,0.26
X000097190,2026-02-18 04:41:32,C000813,A0000813,M00413,T01078,West,West,29.63,USD,ecommerce,wallet_biometric,approved,APPROVE,35.05,0.8453637660485022,1,0,0,1,0,0,0,1,141,19,25,26,terminal_customer_network_burst;night_activity,0.26,0.028112200168632175,0.26
X000241692,2026-02-18 04:41:48,C001972,A0001972,M00453,T00831,South,South,16.03,USD,mobile_wallet,3ds,approved,APPROVE,28.9,0.5546712802768167,1,0,0,0,0,1,0,1,423,20,29,26,terminal_customer_network_burst;night_activity,0.26,0.06995093588784258,0.26
X000015170,2026-02-18 04:41:52,C000128,A0000128,M00262,T00998,South,South,82.55,USD,card_present,chip_pin,approved,APPROVE,50.82,1.6243604879968516,1,0,0,0,0,0,0,4,271,16,36,26,terminal_customer_network_burst;night_activity,0.26,0.035446924188857774,0.26
X000041330,2026-02-18 04:42:06,C000349,A0000349,M00352,T00215,Midwest,Midwest,326.05,USD,ecommerce,chip_pin,approved,APPROVE,285.86,1.1405932974183166,1,0,0,1,0,0,0,9,195,15,81,51,customer_velocity;terminal_customer_network_burst;night_activity,0.51,0.009603622202251279,0.51
X000202291,2026-02-18 04:42:30,C001654,A0001654,M00588,T00145,West,West,86.69,USD,card_present,3ds,approved,APPROVE,195.33,0.443813034352122,1,0,0,0,0,0,0,1,167,12,58,26,terminal_customer_network_burst;night_activity,0.26,0.0036849289924796016,0.26
X000179941,2026-02-18 04:42:42,C001479,A0001479,M00205,T00154,South,South,141.06,USD,ecommerce,wallet_biometric,approved,APPROVE,221.32,0.6373576721489247,1,0,0,1,0,0,0,4,161,9,52,26,terminal_customer_network_burst;night_activity,0.26,0.0050165356563495545,0.26
X000120162,2026-02-18 04:43:48,C000997,A0000997,M00445,T00021,Northeast,Northeast,50.13,USD,card_present,wallet_biometric,approved,APPROVE,51.04,0.9821708463949844,1,0,0,0,0,0,0,3,276,11,78,26,terminal_customer_network_burst;night_activity,0.26,0.0035692285633636966,0.26
X000049921,2026-02-18 04:43:50,C000417,A0000417,M00514,T00978,West,West,69.66,USD,ecommerce,3ds,approved,APPROVE,41.49,1.6789587852494576,1,0,0,1,0,0,0,0,119,10,52,26,terminal_customer_network_burst;night_activity,0.26,0.004840261669792454,0.26
X000148376,2026-02-18 04:44:35,C001224,A0001224,M00661,T00337,Northeast,Northeast,176.58,USD,ecommerce,3ds,approved,APPROVE,153.7,1.1488614183474302,1,0,0,1,0,0,0,4,298,14,68,26,terminal_customer_network_burst;night_activity,0.26,0.009443756092294312,0.26
X000188956,2026-02-18 04:44:50,C001552,A0001552,M00296,T00758,South,South,38.47,USD,card_present,chip_pin,approved,APPROVE,80.3,0.47907845579078456,1,0,0,0,0,0,0,0,75,9,22,26,terminal_customer_network_burst;night_activity,0.26,0.005899489528529966,0.26
X000000759,2026-02-18 04:44:59,C000008,A0000008,M00015,T00330,South,South,47.93,USD,ecommerce,chip_pin,approved,APPROVE,124.57,0.38476358673838007,1,0,0,1,0,0,0,3,409,35,52,26,terminal_customer_network_burst;night_activity,0.26,0.14452560828760716,0.26
X000098009,2026-02-18 04:45:08,C000820,A0000820,M00192,T00126,South,South,310.03,USD,mobile_wallet,3ds,approved,APPROVE,146.86,2.1110581506196375,1,0,0,0,0,1,0,5,290,15,66,51,customer_velocity;terminal_customer_network_burst;night_activity,0.51,0.02606068986728724,0.51
X000160678,2026-02-18 04:45:08,C001326,A0001326,M00386,T00008,Northeast,Northeast,198.94,USD,card_present,3ds,approved,APPROVE,112.21,1.7729257641921399,1,0,0,0,0,0,0,3,214,14,43,26,terminal_customer_network_burst;night_activity,0.26,0.01845750632952086,0.26
X000033394,2026-02-18 04:45:27,C000283,A0000283,M00698,T00516,West,West,88.74,USD,mobile_wallet,wallet_biometric,approved,APPROVE,52.48,1.6909298780487805,1,0,0,0,0,1,0,0,104,13,21,26,terminal_customer_network_burst;night_activity,0.26,0.025650264024531542,0.26
X000078483,2026-02-18 04:46:02,C000660,A0000660,M00784,T00228,South,South,51.04,USD,card_present,wallet_biometric,approved,APPROVE,57.38,0.8895085395608225,1,0,0,0,0,0,0,0,137,14,18,26,terminal_customer_network_burst;night_activity,0.26,0.01671873455714415,0.26
X000027608,2026-02-18 04:46:15,C000237,A0000237,M00260,T00328,West,West,155.48,USD,ecommerce,wallet_biometric,approved,APPROVE,105.08,1.4796345641416062,1,0,0,1,0,0,0,1,21,6,16,8,night_activity,0.08,0.007787951997324411,0.08
X000027075,2026-02-18 04:46:28,C000233,A0000233,M00051,T00286,South,South,82.77,USD,card_present,magstripe,approved,APPROVE,52.79,1.5679105891267284,1,0,0,0,1,0,0,3,333,15,26,26,terminal_customer_network_burst;night_activity,0.26,0.09103046696750779,0.26
X000191939,2026-02-18 04:46:31,C001574,A0001574,M00411,T00744,West,West,132.19,USD,card_present,chip_pin,approved,APPROVE,131.58,1.0046359629122965,1,0,0,0,0,0,0,4,102,12,27,26,terminal_customer_network_burst;night_activity,0.26,0.015123975735909134,0.26
X000162333,2026-02-18 04:47:13,C001340,A0001340,M00052,T00843,South,South,85.65,USD,ecommerce,chip_pin,approved,APPROVE,94.89,0.9026240910527981,1,0,0,1,0,0,0,1,109,14,35,26,terminal_customer_network_burst;night_activity,0.26,0.010747880233368328,0.26
X000099153,2026-02-18 04:47:43,C000831,A0000831,M00367,T00335,South,South,39.5,USD,card_present,3ds,approved,APPROVE,25.5,1.5490196078431373,1,0,0,0,0,0,0,2,233,17,27,26,terminal_customer_network_burst;night_activity,0.26,0.03708030322034128,0.26
X000124779,2026-02-18 04:48:09,C001030,A0001030,M00338,T00847,Northeast,Northeast,146.88,USD,card_present,chip_pin,approved,APPROVE,208.04,0.706018073447414,1,0,0,0,0,0,0,8,311,15,83,51,customer_velocity;terminal_customer_network_burst;night_activity,0.51,0.008568659627901539,0.51
X000118279,2026-02-18 04:48:31,C000978,A0000978,M00578,T01104,Northeast,Northeast,104.07,USD,card_present,chip_pin,approved,APPROVE,240.92,0.43196911837954505,1,0,0,0,0,0,0,3,200,14,51,26,terminal_customer_network_burst;night_activity,0.26,0.008019171158957998,0.26
X000089825,2026-02-18 04:48:38,C000750,A0000750,M00311,T01079,Midwest,Midwest,263.18,USD,mobile_wallet,3ds,approved,APPROVE,91.76,2.8681342632955533,1,0,0,0,0,1,0,4,171,17,33,26,terminal_customer_network_burst;night_activity,0.26,0.0812362496027792,0.26
X000149716,2026-02-18 04:48:59,C001232,A0001232,M00459,T00809,Northeast,Northeast,74.32,USD,ecommerce,chip_pin,approved,APPROVE,54.23,1.3704591554490133,1,0,0,1,0,0,0,2,254,18,19,26,terminal_customer_network_burst;night_activity,0.26,0.05506631667373412,0.26
X000023811,2026-02-18 04:49:30,C000201,A0000201,M00085,T00814,Northeast,Northeast,240.45,USD,mobile_wallet,wallet_biometric,approved,APPROVE,309.26,0.7775011317338162,1,0,0,0,0,1,0,6,192,6,79,33,customer_velocity;night_activity,0.33,0.003036104404487035,0.33
X000148060,2026-02-18 04:49:48,C001222,A0001222,M00516,T00435,Northeast,Northeast,68.52,USD,card_present,3ds,approved,APPROVE,66.25,1.034264150943396,1,0,0,0,0,0,0,1,195,9,28,26,terminal_customer_network_burst;night_activity,0.26,0.009308606547266894,0.26
X000210678,2026-02-18 04:50:24,C001717,A0001717,M00318,T00746,Midwest,Midwest,147.53,USD,mobile_wallet,chip_pin,approved,APPROVE,95.87,1.5388546990716594,1,0,0,0,0,1,0,0,375,25,38,26,terminal_customer_network_burst;night_activity,0.26,0.10667245587454478,0.26
X000027526,2026-02-18 04:50:41,C000236,A0000236,M00089,T00946,Midwest,Midwest,375.02,USD,ecommerce,chip_pin,approved,APPROVE,99.34,3.7751157640426816,1,0,0,1,0,0,0,2,137,11,34,56,amount_vs_profile;terminal_customer_network_burst;night_activity,0.56,0.029810629846518378,0.56
X000058652,2026-02-18 04:50:52,C000497,A0000497,M00066,T00171,West,West,26.78,USD,ecommerce,chip_pin,approved,APPROVE,55.66,0.4811354653251887,1,0,0,1,0,0,0,0,169,8,22,26,terminal_customer_network_burst;night_activity,0.26,0.007044089851771503,0.26
X000136439,2026-02-18 04:50:55,C001122,A0001122,M00613,T00638,South,South,19.08,USD,card_present,3ds,approved,APPROVE,29.22,0.6529774127310062,1,0,0,0,0,0,0,1,242,18,17,26,terminal_customer_network_burst;night_activity,0.26,0.03648826514062285,0.26
X000050127,2026-02-18 04:51:15,C000419,A0000419,M00139,T00632,Northeast,Northeast,73.2,USD,ecommerce,chip_pin,approved,APPROVE,131.33,0.5573745526536206,1,0,0,1,0,0,0,2,213,10,46,26,terminal_customer_network_burst;night_activity,0.26,0.005997698462216766,0.26
X000197081,2026-02-18 04:51:36,C001618,A0001618,M00756,T00999,West,West,230.69,USD,ecommerce,3ds,approved,APPROVE,140.56,1.6412208309618668,1,0,0,1,0,0,0,4,208,11,61,26,terminal_customer_network_burst;night_activity,0.26,0.008055701501644181,0.26
X000217213,2026-02-18 04:52:06,C001773,A0001773,M00183,T01168,South,South,296.18,USD,ecommerce,chip_pin,approved,APPROVE,311.99,0.9493252988877848,1,0,0,1,0,0,0,8,261,14,95,51,customer_velocity;terminal_customer_network_burst;night_activity,0.51,0.005293277186072593,0.51
X000128594,2026-02-18 04:52:07,C001058,A0001058,M00675,T00834,Midwest,Midwest,65.99,USD,ecommerce,wallet_biometric,approved,APPROVE,41.97,1.5723135573028353,1,0,0,1,0,0,0,0,136,14,38,26,terminal_customer_network_burst;night_activity,0.26,0.012194568704480581,0.26
X000229411,2026-02-18 04:52:49,C001868,A0001868,M00067,T00654,South,South,64.7,USD,ecommerce,3ds,approved,APPROVE,102.48,0.6313427010148321,1,0,0,1,0,0,0,0,151,16,36,26,terminal_customer_network_burst;night_activity,0.26,0.011689733191116802,0.26
X000060353,2026-02-18 04:53:12,C000513,A0000513,M00262,T00998,South,South,87.03,USD,card_present,wallet_biometric,approved,APPROVE,115.4,0.754159445407279,1,0,0,0,0,0,0,6,272,16,54,51,customer_velocity;terminal_customer_network_burst;night_activity,0.51,0.017881006119218928,0.51
X000216113,2026-02-18 04:53:13,C001765,A0001765,M00257,T00772,South,South,27.61,USD,card_present,magstripe,approved,APPROVE,57.88,0.4770214236351071,1,0,0,0,1,0,0,1,433,26,69,26,terminal_customer_network_burst;night_activity,0.26,0.05653545913623015,0.26
X000036847,2026-02-18 04:53:24,C000315,A0000315,M00211,T01050,Midwest,Midwest,274.52,USD,card_present,chip_pin,approved,APPROVE,260.77,1.0527284580281475,1,0,0,0,0,0,0,3,241,8,55,26,terminal_customer_network_burst;night_activity,0.26,0.00495594771900752,0.26
X000141868,2026-02-18 04:53:25,C001169,A0001169,M00759,T00114,Northeast,Northeast,258.44,USD,card_present,chip_pin,approved,APPROVE,104.26,2.478802992518703,1,0,0,0,0,0,0,7,97,15,38,51,customer_velocity;terminal_customer_network_burst;night_activity,0.51,0.03791814536758861,0.51
X000030115,2026-02-18 04:53:43,C000258,A0000258,M00690,T00363,Northeast,Northeast,46.36,USD,ecommerce,chip_pin,approved,APPROVE,38.56,1.2022821576763485,1,0,0,1,0,0,0,1,241,18,13,26,terminal_customer_network_burst;night_activity,0.26,0.05377201425930591,0.26
X000088657,2026-02-18 04:53:44,C000744,A0000744,M00517,T00541,Midwest,Midwest,212.87,USD,ecommerce,chip_pin,approved,APPROVE,103.24,2.0618946144905075,1,0,0,1,0,0,0,4,240,17,63,26,terminal_customer_network_burst;night_activity,0.26,0.019644385053102918,0.26
X000049783,2026-02-18 04:53:50,C000416,A0000416,M00408,T00920,Northeast,Northeast,49.73,USD,ecommerce,3ds,approved,APPROVE,29.19,1.7036656389174374,1,0,0,1,0,0,0,1,135,14,17,26,terminal_customer_network_burst;night_activity,0.26,0.028128981133459612,0.26
X000142826,2026-02-18 04:54:12,C001176,A0001176,M00517,T00531,Midwest,Midwest,88.75,USD,card_present,magstripe,approved,APPROVE,86.99,1.0202322105989194,1,0,0,0,1,0,0,3,176,13,57,26,terminal_customer_network_burst;night_activity,0.26,0.015122987518842517,0.26
X000213970,2026-02-18 04:54:14,C001747,A0001747,M00778,T01132,South,South,63.78,USD,ecommerce,magstripe,approved,APPROVE,30.67,2.0795565699380503,1,0,0,1,1,0,0,3,261,21,19,46,terminal_customer_network_burst;ecommerce_authentication_shift;night_activity,0.46,0.21709968960251433,0.46
X000028669,2026-02-18 04:54:22,C000246,A0000246,M00696,T00898,Midwest,Midwest,46.32,USD,card_present,chip_pin,approved,APPROVE,86.58,0.534996534996535,1,0,0,0,0,0,0,1,119,11,73,26,terminal_customer_network_burst;night_activity,0.26,0.0018453076530164454,0.26
X000014975,2026-02-18 04:54:31,C000126,A0000126,M00282,T01131,South,South,190.18,USD,ecommerce,wallet_biometric,approved,APPROVE,131.27,1.4487697112820903,1,0,0,1,0,0,0,3,464,22,79,26,terminal_customer_network_burst;night_activity,0.26,0.025932830537522128,0.26
X000233410,2026-02-18 04:54:32,C001902,A0001902,M00607,T00470,South,South,252.27,USD,card_present,3ds,approved,APPROVE,144.3,1.7482328482328482,1,0,0,0,0,0,0,5,306,19,53,51,customer_velocity;terminal_customer_network_burst;night_activity,0.51,0.037663580215683674,0.51
X000150211,2026-02-18 04:54:39,C001236,A0001236,M00232,T00156,West,West,120.78,USD,ecommerce,3ds,approved,APPROVE,94.07,1.2839374933560115,1,0,0,1,0,0,0,6,112,8,87,51,customer_velocity;terminal_customer_network_burst;night_activity,0.51,0.0020795659955846592,0.51
X000192987,2026-02-18 04:54:45,C001584,A0001584,M00675,T00110,Midwest,Midwest,174.24,USD,card_present,wallet_biometric,approved,APPROVE,230.45,0.7560859188544153,1,0,0,0,0,0,0,2,212,14,65,26,terminal_customer_network_burst;night_activity,0.26,0.005336739604357433,0.26
X000005380,2026-02-18 04:54:46,C000049,A0000049,M00295,T00425,South,South,71.24,USD,ecommerce,3ds,approved,APPROVE,99.71,0.7144719687092569,1,0,0,1,0,0,0,4,485,20,65,26,terminal_customer_network_burst;night_activity,0.26,0.02829529830672075,0.26
X000105564,2026-02-18 04:54:50,C000887,A0000887,M00305,T00827,Northeast,Northeast,50.1,USD,card_present,3ds,approved,APPROVE,82.43,0.607788426543734,1,0,0,0,0,0,0,2,201,13,47,26,terminal_customer_network_burst;night_activity,0.26,0.007765050405226176,0.26
X000151911,2026-02-18 04:54:50,C001248,A0001248,M00086,T00198,Midwest,Midwest,48.83,USD,card_present,chip_pin,approved,APPROVE,51.53,0.9476033378614399,1,0,0,0,0,0,0,0,141,11,17,26,terminal_customer_network_burst;night_activity,0.26,0.012559506448680742,0.26
X000027945,2026-02-18 04:54:52,C000240,A0000240,M00532,T00040,West,West,12.44,USD,card_present,chip_pin,approved,APPROVE,32.71,0.38031183124426776,1,0,0,0,0,0,0,4,171,11,22,26,terminal_customer_network_burst;night_activity,0.26,0.014635897398226638,0.26
X000205508,2026-02-18 04:55:13,C001678,A0001678,M00687,T01115,Midwest,Midwest,97.27,USD,mobile_wallet,magstripe,approved,APPROVE,74.52,1.3052871712292002,1,0,0,0,1,1,0,1,193,9,69,26,terminal_customer_network_burst;night_activity,0.26,0.008954185708526885,0.26
X000080704,2026-02-18 04:55:46,C000677,A0000677,M00489,T01009,Northeast,Northeast,258.87,USD,card_present,3ds,approved,APPROVE,220.2,1.1756130790190737,1,0,0,0,0,0,0,1,161,12,35,26,terminal_customer_network_burst;night_activity,0.26,0.010269202594861294,0.26
X000039035,2026-02-18 04:56:01,C000332,A0000332,M00342,T00375,Midwest,Midwest,50.04,USD,card_present,chip_pin,approved,APPROVE,48.16,1.0390365448504983,1,0,0,0,0,0,0,5,306,20,29,51,customer_velocity;terminal_customer_network_burst;night_activity,0.51,0.0671732658169153,0.51
X000124452,2026-02-18 04:56:20,C001029,A0001029,M00305,T00675,Northeast,Northeast,30.33,USD,ecommerce,chip_pin,approved,APPROVE,24.49,1.2384646794610046,1,0,0,1,0,0,0,3,197,10,46,26,terminal_customer_network_burst;night_activity,0.26,0.008531912310786401,0.26
X000167473,2026-02-18 04:56:51,C001383,A0001383,M00385,T00962,South,South,27.84,USD,card_present,3ds,approved,APPROVE,29.52,0.943089430894309,1,0,0,0,0,0,0,1,147,12,25,26,terminal_customer_network_burst;night_activity,0.26,0.01244139816052761,0.26
X000090670,2026-02-18 04:57:09,C000759,A0000759,M00618,T00042,Northeast,Northeast,107.24,USD,ecommerce,chip_pin,approved,APPROVE,40.5,2.647901234567901,1,0,0,1,0,0,0,1,195,10,30,26,terminal_customer_network_burst;night_activity,0.26,0.019833849346423363,0.26
X000204646,2026-02-18 04:57:27,C001670,A0001670,M00282,T00583,South,South,19.46,USD,ecommerce,wallet_biometric,approved,APPROVE,43.99,0.4423732666515117,1,0,0,1,0,0,0,2,425,22,27,26,terminal_customer_network_burst;night_activity,0.26,0.07144548789813625,0.26
X000100515,2026-02-18 04:57:28,C000845,A0000845,M00596,T00100,Midwest,Midwest,73.78,USD,card_present,3ds,approved,APPROVE,175.06,0.42145550097109563,1,0,0,0,0,0,0,7,89,12,50,51,customer_velocity;terminal_customer_network_burst;night_activity,0.51,0.00782909447626605,0.51
X000082979,2026-02-18 04:57:41,C000694,A0000694,M00797,T00418,South,South,198.38,USD,mobile_wallet,chip_pin,approved,APPROVE,291.15,0.6813669929589559,1,0,0,0,0,1,0,6,251,13,73,51,customer_velocity;terminal_customer_network_burst;night_activity,0.51,0.009440135413156156,0.51
X000238665,2026-02-18 04:57:45,C001947,A0001947,M00205,T00934,South,South,196.46,USD,card_present,chip_pin,approved,APPROVE,198.0,0.9922222222222222,1,0,0,0,0,0,0,4,436,18,34,26,terminal_customer_network_burst;night_activity,0.26,0.05556689042256048,0.26
X000049220,2026-02-18 04:58:00,C000412,A0000412,M00192,T00798,South,South,52.0,USD,card_present,chip_pin,approved,APPROVE,53.08,0.9796533534287868,1,0,0,0,0,0,0,3,263,14,28,26,terminal_customer_network_burst;night_activity,0.26,0.024520078118457772,0.26
X000079529,2026-02-18 04:58:18,C000669,A0000669,M00480,T00014,West,West,87.11,USD,card_present,3ds,approved,APPROVE,24.18,3.6025641025641026,1,0,0,0,0,0,0,3,61,8,0,71,amount_vs_profile;new_customer_terminal_pair;terminal_customer_network_burst;night_activity,0.71,0.05038670020591942,0.71
X000181408,2026-02-18 04:58:28,C001491,A0001491,M00692,T00771,Northeast,Northeast,129.4,USD,card_present,wallet_biometric,approved,APPROVE,43.9,2.9476082004555813,1,0,0,0,0,0,0,1,254,18,40,26,terminal_customer_network_burst;night_activity,0.26,0.045084519923715476,0.26
X000224248,2026-02-18 04:58:35,C001830,A0001830,M00619,T00644,West,West,46.11,USD,card_present,chip_pin,approved,APPROVE,48.32,0.9542632450331126,1,0,0,0,0,0,0,4,47,12,36,26,terminal_customer_network_burst;night_activity,0.26,0.009646131135766189,0.26
X000097269,2026-02-18 04:59:19,C000814,A0000814,M00304,T00317,Midwest,Midwest,164.36,USD,card_present,3ds,approved,APPROVE,51.9,3.166859344894027,1,0,0,0,0,0,0,1,85,11,17,56,amount_vs_profile;terminal_customer_network_burst;night_activity,0.56,0.029758149296017406,0.56
X000086720,2026-02-18 04:59:45,C000727,A0000727,M00542,T00201,South,South,78.23,USD,card_present,chip_pin,approved,APPROVE,98.78,0.7919619356144969,1,0,0,0,0,0,0,4,238,16,24,26,terminal_customer_network_burst;night_activity,0.26,0.03426863470021281,0.26
X000081365,2026-02-18 04:59:59,C000681,A0000681,M00054,T00295,West,West,152.2,USD,ecommerce,magstripe,approved,APPROVE,189.01,0.805248399555579,1,0,0,1,1,0,0,9,242,12,115,71,customer_velocity;terminal_customer_network_burst;ecommerce_authentication_shift;night_activity,0.71,0.0047872033723390965,0.71
X000080158,2026-02-18 05:00:14,C000674,A0000674,M00557,T00649,Midwest,Midwest,295.95,USD,ecommerce,wallet_biometric,approved,APPROVE,400.29,0.7393389792400509,0,0,0,1,0,0,0,4,223,20,47,18,terminal_customer_network_burst,0.18,0.01862904723363714,0.18
X000144260,2026-02-18 05:00:16,C001187,A0001187,M00790,T01171,Northeast,Northeast,77.83,USD,card_present,3ds,approved,APPROVE,65.0,1.1973846153846153,0,0,0,0,0,0,0,1,131,17,24,18,terminal_customer_network_burst,0.18,0.017440155793065345,0.18
X000177711,2026-02-18 05:01:28,C001461,A0001461,M00034,T00307,Northeast,Northeast,184.58,USD,card_present,wallet_biometric,approved,APPROVE,251.98,0.7325184538455434,0,0,0,0,0,0,0,3,255,14,64,18,terminal_customer_network_burst,0.18,0.0048547276474992275,0.18
X000208395,2026-02-18 05:02:10,C001701,A0001701,M00791,T00304,South,South,67.29,USD,ecommerce,magstripe,approved,APPROVE,79.94,0.8417563172379285,0,0,0,1,1,0,0,7,385,19,31,43,customer_velocity;terminal_customer_network_burst,0.43,0.12223231798298448,0.43
X000120163,2026-02-18 05:03:10,C000997,A0000997,M00501,T01003,Northeast,Northeast,136.47,USD,card_present,3ds,approved,APPROVE,51.04,2.6737852664576804,0,0,0,0,0,0,0,4,222,18,67,18,terminal_customer_network_burst,0.18,0.016005291599447552,0.18
X000238863,2026-02-18 05:03:17,C001948,A0001948,M00667,T00609,Northeast,Northeast,136.9,USD,card_present,3ds,approved,APPROVE,121.1,1.1304706853839803,0,0,0,0,0,0,0,2,406,25,61,18,terminal_customer_network_burst,0.18,0.029814716459705036,0.18
X000099770,2026-02-18 05:04:25,C000838,A0000838,M00668,T00869,Midwest,Midwest,47.69,USD,card_present,chip_pin,approved,APPROVE,40.51,1.177240187607998,0,0,0,0,0,0,0,0,246,13,20,18,terminal_customer_network_burst,0.18,0.014680159767030541,0.18
X000204647,2026-02-18 05:04:33,C001670,A0001670,M00052,T00013,South,South,62.63,USD,card_present,magstripe,approved,APPROVE,43.99,1.423732666515117,0,0,0,0,1,0,0,3,282,16,22,18,terminal_customer_network_burst,0.18,0.06980388988506142,0.18
X000210987,2026-02-18 05:04:42,C001720,A0001720,M00556,T00223,South,South,70.76,USD,ecommerce,chip_pin,approved,APPROVE,45.82,1.5443037974683544,0,0,0,1,0,0,0,2,291,15,37,18,terminal_customer_network_burst,0.18,0.018608511907772803,0.18
X000180580,2026-02-18 05:06:01,C001483,A0001483,M00040,T00656,Northeast,Northeast,534.96,USD,card_present,chip_pin,approved,APPROVE,259.43,2.0620591296303434,0,0,0,0,0,0,0,2,163,16,72,18,terminal_customer_network_burst,0.18,0.0057231216275233435,0.18
X000000994,2026-02-18 05:06:16,C000010,A0000010,M00634,T01016,Northeast,Northeast,47.7,USD,card_present,3ds,approved,APPROVE,31.54,1.5123652504755867,0,0,0,0,0,0,0,2,222,17,19,18,terminal_customer_network_burst,0.18,0.03269980908955068,0.18
X000201807,2026-02-18 05:06:23,C001650,A0001650,M00232,T00367,West,West,465.28,USD,ecommerce,chip_pin,approved,APPROVE,267.79,1.7374808618693751,0,0,0,1,0,0,0,5,305,13,102,43,customer_velocity;terminal_customer_network_burst,0.43,0.0028770565858272984,0.43
X000093554,2026-02-18 05:06:38,C000783,A0000783,M00482,T01158,West,West,88.63,USD,card_present,wallet_biometric,approved,APPROVE,111.36,0.7958872126436781,0,0,0,0,0,0,0,0,116,13,43,18,terminal_customer_network_burst,0.18,0.004295396023169562,0.18
X000056314,2026-02-18 05:06:39,C000475,A0000475,M00297,T00721,Northeast,Northeast,197.12,USD,card_present,3ds,approved,APPROVE,177.62,1.1097849341290396,0,0,0,0,0,0,0,4,279,19,48,18,terminal_customer_network_burst,0.18,0.020358355251568056,0.18
X000036848,2026-02-18 05:06:47,C000315,A0000315,M00162,T00759,Midwest,Midwest,163.26,USD,ecommerce,chip_pin,approved,APPROVE,260.77,0.6260689496491161,0,0,0,1,0,0,0,4,202,14,46,18,terminal_customer_network_burst,0.18,0.008612281044622368,0.18
X000242260,2026-02-18 05:07:10,C001978,A0001978,M00167,T00818,Northeast,Northeast,88.47,USD,card_present,3ds,approved,APPROVE,38.97,2.2702078521939955,0,0,0,0,0,0,0,4,198,16,20,18,terminal_customer_network_burst,0.18,0.045006242586464344,0.18
X000099771,2026-02-18 05:07:18,C000838,A0000838,M00668,T00869,Midwest,Midwest,7.9,USD,card_present,3ds,approved,APPROVE,40.51,0.19501357689459395,0,0,0,0,0,0,0,1,247,13,21,18,terminal_customer_network_burst,0.18,0.010774735840057304,0.18
X000149943,2026-02-18 05:07:22,C001235,A0001235,M00304,T00087,Midwest,Midwest,108.65,USD,mobile_wallet,3ds,approved,APPROVE,100.16,1.0847643769968052,0,0,0,0,0,1,0,1,207,13,19,18,terminal_customer_network_burst,0.18,0.022248410354879643,0.18
X000061286,2026-02-18 05:07:28,C000522,A0000522,M00784,T00756,South,South,32.77,USD,ecommerce,wallet_biometric,approved,APPROVE,51.45,0.6369290573372206,0,0,0,1,0,0,0,0,323,20,21,18,terminal_customer_network_burst,0.18,0.03310570148620451,0.18
X000210535,2026-02-18 05:07:32,C001716,A0001716,M00048,T01172,Northeast,Northeast,49.03,USD,card_present,3ds,approved,APPROVE,44.2,1.1092760180995476,0,0,0,0,0,0,0,0,157,17,36,18,terminal_customer_network_burst,0.18,0.010894447242796434,0.18
X000219464,2026-02-18 05:08:00,C001792,A0001792,M00412,T00593,Northeast,Northeast,83.35,USD,ecommerce,chip_pin,approved,APPROVE,54.3,1.5349907918968693,0,0,0,1,0,0,0,3,226,14,36,18,terminal_customer_network_burst,0.18,0.016216491663505143,0.18
X000244857,2026-02-18 05:08:18,C001995,A0001995,M00171,T01187,Northeast,Northeast,379.8,USD,ecommerce,chip_pin,approved,APPROVE,400.21,0.9490017740686141,0,0,0,1,0,0,0,9,139,17,0,58,customer_velocity;new_customer_terminal_pair;terminal_customer_network_burst,0.58,0.08837413259416682,0.58
X000144090,2026-02-18 05:08:23,C001186,A0001186,M00029,T00167,South,South,516.5,USD,card_present,wallet_biometric,approved,APPROVE,248.53,2.078219933207259,0,0,0,0,0,0,0,7,273,18,92,43,customer_velocity;terminal_customer_network_burst,0.43,0.009108483014602447,0.43
X000175910,2026-02-18 05:08:26,C001449,A0001449,M00232,T00367,West,West,499.14,USD,mobile_wallet,wallet_biometric,approved,APPROVE,171.74,2.906370094328636,0,0,0,0,0,1,0,1,306,13,30,18,terminal_customer_network_burst,0.18,0.0414522368605265,0.18
X000017598,2026-02-18 05:08:48,C000150,A0000150,M00138,T00350,South,South,279.97,USD,card_present,chip_pin,approved,APPROVE,224.61,1.2464716619918972,0,0,0,0,0,0,0,6,105,8,48,43,customer_velocity;terminal_customer_network_burst,0.43,0.004775370473056409,0.43
X000061551,2026-02-18 05:08:54,C000525,A0000525,M00683,T00986,Midwest,Midwest,20.2,USD,ecommerce,wallet_biometric,approved,APPROVE,33.68,0.5997624703087886,0,0,0,1,0,0,0,0,98,11,20,18,terminal_customer_network_burst,0.18,0.0066367172676360135,0.18
X000052711,2026-02-18 05:09:16,C000444,A0000444,M00753,T00413,South,South,45.16,USD,card_present,wallet_biometric,approved,APPROVE,60.92,0.7413000656598817,0,0,0,0,0,0,0,1,402,16,12,18,terminal_customer_network_burst,0.18,0.037441760297001345,0.18
X000134586,2026-02-18 05:09:30,C001104,A0001104,M00482,T00610,West,West,107.9,USD,ecommerce,3ds,approved,APPROVE,231.6,0.46588946459412783,0,0,0,1,0,0,0,2,236,15,90,18,terminal_customer_network_burst,0.18,0.0018855417736729487,0.18
X000138070,2026-02-18 05:09:31,C001135,A0001135,M00683,T00986,Midwest,Midwest,22.89,USD,mobile_wallet,chip_pin,approved,APPROVE,39.91,0.5735404660486094,0,0,0,0,0,1,0,1,99,11,29,18,terminal_customer_network_burst,0.18,0.00789339469276764,0.18
X000187996,2026-02-18 05:09:36,C001543,A0001543,M00211,T00509,Midwest,Midwest,160.34,USD,mobile_wallet,chip_pin,approved,APPROVE,217.69,0.7365519775828012,0,0,0,0,0,1,0,8,296,19,101,43,customer_velocity;terminal_customer_network_burst,0.43,0.00798219769155644,0.43
X000063077,2026-02-18 05:09:43,C000534,A0000534,M00085,T00814,Northeast,Northeast,124.18,USD,mobile_wallet,chip_pin,approved,APPROVE,169.77,0.7314602108735347,0,0,0,0,0,1,0,7,193,6,76,25,customer_velocity,0.25,0.00262028198093234,0.25
X000074171,2026-02-18 05:09:43,C000626,A0000626,M00244,T00336,South,South,23.86,USD,mobile_wallet,magstripe,approved,APPROVE,49.14,0.48555148555148553,0,0,0,0,1,1,0,4,347,15,47,18,terminal_customer_network_burst,0.18,0.038872697185054754,0.18
X000113422,2026-02-18 05:09:48,C000945,A0000945,M00763,T00601,South,South,48.09,USD,ecommerce,chip_pin,approved,APPROVE,24.33,1.9765721331689274,0,0,0,1,0,0,0,6,309,25,51,43,customer_velocity;terminal_customer_network_burst,0.43,0.07337283484816551,0.43
X000035375,2026-02-18 05:10:08,C000299,A0000299,M00031,T00031,South,South,102.73,USD,card_present,magstripe,approved,APPROVE,73.28,1.4018831877729259,0,0,0,0,1,0,0,2,299,21,34,18,terminal_customer_network_burst,0.18,0.07811305417981237,0.18
X000154847,2026-02-18 05:10:26,C001276,A0001276,M00679,T00775,Northeast,Northeast,42.31,USD,card_present,wallet_biometric,approved,APPROVE,41.03,1.0311966853521815,0,0,0,0,0,0,0,2,175,16,41,18,terminal_customer_network_burst,0.18,0.010565716749684569,0.18
X000080328,2026-02-18 05:10:57,C000675,A0000675,M00376,T00181,South,South,193.64,USD,ecommerce,chip_pin,approved,APPROVE,48.77,3.9704736518351442,0,0,0,1,0,0,0,1,409,19,41,48,amount_vs_profile;terminal_customer_network_burst,0.48,0.0800457928253374,0.48
X000129190,2026-02-18 05:11:08,C001062,A0001062,M00712,T01100,South,South,689.67,USD,card_present,chip_pin,approved,APPROVE,207.72,3.3201906412478333,0,0,0,0,0,0,0,0,105,15,41,48,amount_vs_profile;terminal_customer_network_burst,0.48,0.015673822185158014,0.48
X000207552,2026-02-18 05:11:19,C001693,A0001693,M00507,T01055,South,South,95.66,USD,card_present,wallet_biometric,approved,APPROVE,110.59,0.8649968351568857,0,0,0,0,0,0,0,4,295,14,40,18,terminal_customer_network_burst,0.18,0.013829971112781668,0.18
X000077114,2026-02-18 05:11:52,C000648,A0000648,M00409,T00971,Northeast,Northeast,37.87,USD,card_present,chip_pin,approved,APPROVE,27.92,1.356375358166189,0,0,0,0,0,0,0,1,142,12,25,18,terminal_customer_network_burst,0.18,0.010299428154842862,0.18
X000124780,2026-02-18 05:12:09,C001030,A0001030,M00452,T00101,Northeast,Northeast,179.15,USD,mobile_wallet,wallet_biometric,approved,APPROVE,208.04,0.86113247452413,0,0,0,0,0,1,0,9,271,10,106,43,customer_velocity;terminal_customer_network_burst,0.43,0.002595597932069212,0.43
X000225121,2026-02-18 05:12:47,C001835,A0001835,M00461,T00958,West,West,110.26,USD,ecommerce,chip_pin,approved,APPROVE,95.26,1.1574637833298342,0,0,0,1,0,0,0,3,120,11,47,18,terminal_customer_network_burst,0.18,0.0052311351056936245,0.18
X000037242,2026-02-18 05:12:53,C000318,A0000318,M00046,T00132,Northeast,Northeast,84.18,USD,mobile_wallet,wallet_biometric,approved,APPROVE,87.26,0.9647031858812743,0,0,0,0,0,1,0,2,219,16,52,18,terminal_customer_network_burst,0.18,0.012135260969692304,0.18
X000220356,2026-02-18 05:13:21,C001798,A0001798,M00105,T00482,West,West,110.72,USD,card_present,chip_pin,approved,APPROVE,56.99,1.9427969819266537,0,0,0,0,0,0,0,3,145,10,51,18,terminal_customer_network_burst,0.18,0.00567818302603087,0.18
X000012600,2026-02-18 05:13:32,C000109,A0000109,M00730,T01027,West,West,174.41,USD,card_present,chip_pin,approved,APPROVE,95.02,1.8355083140391497,0,0,0,0,0,0,0,1,166,9,33,18,terminal_customer_network_burst,0.18,0.007213019104312518,0.18
X000039323,2026-02-18 05:13:54,C000334,A0000334,M00478,T00667,Midwest,Midwest,41.15,USD,mobile_wallet,3ds,approved,APPROVE,35.82,1.1487995533221664,0,0,0,0,0,1,0,1,300,18,17,18,terminal_customer_network_burst,0.18,0.05432446433928503,0.18
X000070376,2026-02-18 05:13:58,C000597,A0000597,M00718,T00580,South,South,174.28,USD,mobile_wallet,3ds,approved,APPROVE,149.87,1.162874491225729,0,0,0,0,0,1,0,3,124,17,68,18,terminal_customer_network_burst,0.18,0.007789917747670907,0.18
X000063802,2026-02-18 05:14:05,C000541,A0000541,M00117,T00472,South,South,119.23,USD,mobile_wallet,chip_pin,approved,APPROVE,96.59,1.2343927942851227,0,0,0,0,0,1,0,4,127,13,68,18,terminal_customer_network_burst,0.18,0.0056640488938931415,0.18
X000012245,2026-02-18 05:14:24,C000106,A0000106,M00211,T00509,Midwest,Midwest,39.19,USD,card_present,wallet_biometric,approved,APPROVE,56.26,0.6965872733736225,0,0,0,0,0,0,0,5,297,19,73,43,customer_velocity;terminal_customer_network_burst,0.43,0.009093136587464632,0.43
X000033856,2026-02-18 05:14:29,C000288,A0000288,M00326,T00127,Northeast,Northeast,89.0,USD,mobile_wallet,chip_pin,approved,APPROVE,71.3,1.2482468443197756,0,0,0,0,0,1,0,0,226,15,33,18,terminal_customer_network_burst,0.18,0.01794102309636399,0.18
X000101772,2026-02-18 05:14:52,C000856,A0000856,M00244,T00336,South,South,92.01,USD,ecommerce,3ds,approved,APPROVE,71.24,1.291549691184728,0,0,0,1,0,0,0,2,348,15,30,18,terminal_customer_network_burst,0.18,0.02427305774770011,0.18
X000225598,2026-02-18 05:15:04,C001838,A0001838,M00049,T00271,West,West,243.84,USD,mobile_wallet,wallet_biometric,approved,APPROVE,168.06,1.4509103891467332,0,0,0,0,0,1,0,5,64,14,51,43,customer_velocity;terminal_customer_network_burst,0.43,0.01151797134395948,0.43
X000145382,2026-02-18 05:15:28,C001196,A0001196,M00430,T00430,South,South,122.8,USD,card_present,chip_pin,approved,APPROVE,146.0,0.8410958904109589,0,0,0,0,0,0,0,2,138,14,35,18,terminal_customer_network_burst,0.18,0.008531006306329856,0.18
X000230172,2026-02-18 05:16:32,C001876,A0001876,M00800,T00613,West,West,42.22,USD,ecommerce,chip_pin,approved,APPROVE,87.96,0.4799909049567986,0,0,0,1,0,0,0,1,140,16,24,18,terminal_customer_network_burst,0.18,0.012538902588816929,0.18
X000044888,2026-02-18 05:16:34,C000378,A0000378,M00301,T01109,South,South,119.28,USD,card_present,magstripe,approved,APPROVE,165.46,0.7208993110117249,0,0,0,0,1,0,0,3,163,17,48,18,terminal_customer_network_burst,0.18,0.019633063545284445,0.18
X000045840,2026-02-18 05:17:06,C000383,A0000383,M00692,T00771,Northeast,Northeast,35.61,USD,ecommerce,3ds,approved,APPROVE,34.56,1.0303819444444444,0,0,0,1,0,0,0,4,255,18,23,18,terminal_customer_network_burst,0.18,0.0384174466209146,0.18
X000057658,2026-02-18 05:17:09,C000488,A0000488,M00311,T01079,Midwest,Midwest,68.13,USD,mobile_wallet,chip_pin,approved,APPROVE,49.29,1.382227632379793,0,0,0,0,0,1,0,0,172,17,15,18,terminal_customer_network_burst,0.18,0.03683009128870898,0.18
X000135504,2026-02-18 05:18:07,C001112,A0001112,M00771,T00411,South,South,9.15,USD,card_present,chip_pin,approved,APPROVE,28.64,0.3194832402234637,0,0,0,0,0,0,0,1,136,17,35,18,terminal_customer_network_burst,0.18,0.008706670223739572,0.18
X000204430,2026-02-18 05:18:10,C001668,A0001668,M00640,T01025,Midwest,Midwest,129.45,USD,card_present,chip_pin,approved,APPROVE,146.34,0.8845838458384583,0,0,0,0,0,0,0,8,278,16,74,43,customer_velocity;terminal_customer_network_burst,0.43,0.009025113180158272,0.43
X000055064,2026-02-18 05:18:11,C000465,A0000465,M00675,T01030,Midwest,Midwest,24.23,USD,card_present,3ds,approved,APPROVE,44.58,0.5435172723194258,0,0,0,0,0,0,0,7,179,15,46,43,customer_velocity;terminal_customer_network_burst,0.43,0.01189175933748919,0.43
X000024354,2026-02-18 05:18:34,C000205,A0000205,M00244,T00277,South,South,28.67,USD,card_present,3ds,approved,APPROVE,29.25,0.9801709401709402,0,0,0,0,0,0,0,0,352,21,0,33,new_customer_terminal_pair;terminal_customer_network_burst,0.33,0.08231744318977781,0.33
X000186652,2026-02-18 05:18:44,C001534,A0001534,M00386,T00008,Northeast,Northeast,371.25,USD,card_present,chip_pin,soft_decline,CHALLENGE,208.41,1.781344465236793,0,0,1,0,0,0,0,1,215,14,38,26,terminal_customer_network_burst;authentication_soft_decline,0.26,0.055767769099056605,0.26
X000233520,2026-02-18 05:18:46,C001903,A0001903,M00696,T00129,West,Midwest,38.83,USD,ecommerce,chip_pin,approved,APPROVE,28.9,1.343598615916955,0,0,0,1,0,0,1,4,196,13,0,45,new_customer_terminal_pair;terminal_customer_network_burst;home_region_mismatch,0.45,0.3306067884807079,0.45
X000127418,2026-02-18 05:18:51,C001050,A0001050,M00793,T01052,South,South,136.7,USD,card_present,wallet_biometric,approved,APPROVE,62.75,2.1784860557768924,0,0,0,0,0,0,0,5,305,16,42,43,customer_velocity;terminal_customer_network_burst,0.43,0.0318721802344105,0.43
X000083134,2026-02-18 05:18:56,C000695,A0000695,M00070,T00169,Northeast,Northeast,77.25,USD,card_present,3ds,approved,APPROVE,56.36,1.370652945351313,0,0,0,0,0,0,0,1,244,17,30,18,terminal_customer_network_burst,0.18,0.020552480565770963,0.18
X000038335,2026-02-18 05:19:02,C000327,A0000327,M00365,T00733,South,South,315.91,USD,card_present,3ds,approved,APPROVE,139.35,2.2670254754216006,0,0,0,0,0,0,0,2,317,21,48,18,terminal_customer_network_burst,0.18,0.03554074351439896,0.18
X000110011,2026-02-18 05:19:44,C000919,A0000919,M00009,T00774,South,South,57.72,USD,card_present,wallet_biometric,approved,APPROVE,27.13,2.127534095097678,0,0,0,0,0,0,0,1,243,15,31,18,terminal_customer_network_burst,0.18,0.02129479750304909,0.18
X000159689,2026-02-18 05:20:40,C001316,A0001316,M00501,T01003,Northeast,Northeast,25.45,USD,ecommerce,magstripe,approved,APPROVE,78.19,0.32548919299143114,0,0,0,1,1,0,0,0,223,18,26,18,terminal_customer_network_burst,0.18,0.032829405141528885,0.18
X000063572,2026-02-18 05:21:11,C000540,A0000540,M00620,T00585,South,South,50.27,USD,card_present,chip_pin,approved,APPROVE,50.16,1.0021929824561404,0,0,0,0,0,0,0,3,254,14,24,18,terminal_customer_network_burst,0.18,0.01956155189615493,0.18
X000067976,2026-02-18 05:21:11,C000576,A0000576,M00319,T00987,West,West,43.1,USD,card_present,wallet_biometric,approved,APPROVE,69.4,0.6210374639769453,0,0,0,0,0,0,0,2,32,7,26,0,,0.0,0.003473863055302686,0.003473863055302686
X000054911,2026-02-18 05:21:20,C000464,A0000464,M00391,T01061,Northeast,Northeast,85.46,USD,card_present,magstripe,approved,APPROVE,119.75,0.7136534446764091,0,0,0,0,1,0,0,0,215,17,25,18,terminal_customer_network_burst,0.18,0.032753157435346104,0.18
X000242774,2026-02-18 05:21:20,C001980,A0001980,M00782,T00669,Midwest,Midwest,178.13,USD,ecommerce,chip_pin,approved,APPROVE,221.06,0.8057993304985072,0,0,0,1,0,0,0,5,215,12,108,43,customer_velocity;terminal_customer_network_burst,0.43,0.0011404329268463556,0.43
X000055523,2026-02-18 05:21:29,C000470,A0000470,M00489,T00616,Northeast,Northeast,69.36,USD,card_present,3ds,approved,APPROVE,81.02,0.8560849173043693,0,0,0,0,0,0,0,4,62,8,25,18,terminal_customer_network_burst,0.18,0.006071731262352443,0.18
X000155761,2026-02-18 05:21:30,C001282,A0001282,M00412,T00974,Northeast,Northeast,70.54,USD,card_present,chip_pin,approved,APPROVE,101.36,0.6959352801894239,0,0,0,0,0,0,0,2,192,14,34,18,terminal_customer_network_burst,0.18,0.009538238246748676,0.18
X000211660,2026-02-18 05:21:34,C001726,A0001726,M00119,T00895,South,South,28.16,USD,card_present,3ds,approved,APPROVE,60.57,0.4649166253921083,0,0,0,0,0,0,0,7,322,17,39,43,customer_velocity;terminal_customer_network_burst,0.43,0.02615194299565173,0.43
X000225907,2026-02-18 05:21:36,C001840,A0001840,M00077,T00783,South,South,145.59,USD,card_present,chip_pin,approved,APPROVE,193.68,0.7517038413878563,0,0,0,0,0,0,0,4,287,27,56,18,terminal_customer_network_burst,0.18,0.035300962973721914,0.18
X000139218,2026-02-18 05:21:40,C001147,A0001147,M00791,T00739,South,South,63.02,USD,card_present,chip_pin,approved,APPROVE,72.24,0.8723698781838318,0,0,0,0,0,0,0,1,270,21,19,18,terminal_customer_network_burst,0.18,0.04042983397571124,0.18
X000210679,2026-02-18 05:21:48,C001717,A0001717,M00285,T01108,Midwest,Midwest,176.81,USD,card_present,chip_pin,approved,APPROVE,95.87,1.844268279962449,0,0,0,0,0,0,0,1,332,13,39,18,terminal_customer_network_burst,0.18,0.014602826315045354,0.18
X000099047,2026-02-18 05:21:52,C000830,A0000830,M00670,T00842,Northeast,Northeast,44.96,USD,ecommerce,3ds,approved,APPROVE,65.44,0.687041564792176,0,0,0,1,0,0,0,6,145,11,33,43,customer_velocity;terminal_customer_network_burst,0.43,0.01029047014521329,0.43
X000187997,2026-02-18 05:22:09,C001543,A0001543,M00211,T00509,Midwest,Midwest,297.67,USD,ecommerce,wallet_biometric,approved,APPROVE,217.69,1.367403188019661,0,0,0,1,0,0,0,9,298,19,102,43,customer_velocity;terminal_customer_network_burst,0.43,0.007910573102474314,0.43
X000011031,2026-02-18 05:22:35,C000099,A0000099,M00700,T00679,Northeast,Northeast,32.2,USD,card_present,wallet_biometric,approved,APPROVE,61.42,0.5242591989579942,0,0,0,0,0,0,0,2,267,17,22,18,terminal_customer_network_burst,0.18,0.02248293021534762,0.18
X000080329,2026-02-18 05:22:52,C000675,A0000675,M00712,T00064,South,South,29.2,USD,ecommerce,chip_pin,approved,APPROVE,48.77,0.5987287266762353,0,0,0,1,0,0,0,2,318,16,40,18,terminal_customer_network_burst,0.18,0.01391726149469464,0.18
X000195645,2026-02-18 05:23:38,C001606,A0001606,M00037,T00050,West,West,46.93,USD,ecommerce,chip_pin,approved,APPROVE,119.37,0.3931473569573595,0,0,0,1,0,0,0,6,159,12,68,43,customer_velocity;terminal_customer_network_burst,0.43,0.0034378505282857763,0.43
X000004310,2026-02-18 05:24:01,C000038,A0000038,M00645,T00905,South,South,74.19,USD,ecommerce,chip_pin,approved,APPROVE,35.46,2.0922165820642977,0,0,0,1,0,0,0,1,418,21,24,18,terminal_customer_network_burst,0.18,0.08354499526245646,0.18
X000239386,2026-02-18 05:24:04,C001952,A0001952,M00655,T00487,Midwest,Midwest,46.74,USD,ecommerce,wallet_biometric,approved,APPROVE,96.54,0.4841516469857054,0,0,0,1,0,0,0,5,188,16,59,43,customer_velocity;terminal_customer_network_burst,0.43,0.007340968326213061,0.43
X000005683,2026-02-18 05:24:08,C000052,A0000052,M00323,T00655,South,South,68.08,USD,mobile_wallet,chip_pin,approved,APPROVE,77.76,0.875514403292181,0,0,0,0,0,1,0,0,88,10,16,18,terminal_customer_network_burst,0.18,0.01042576515085575,0.18
X000177132,2026-02-18 05:24:19,C001459,A0001459,M00376,T00702,South,South,98.25,USD,ecommerce,wallet_biometric,approved,APPROVE,151.37,0.6490718107947413,0,0,0,1,0,0,0,1,188,12,51,18,terminal_customer_network_burst,0.18,0.003961278165346528,0.18
X000143274,2026-02-18 05:24:27,C001180,A0001180,M00587,T01174,South,South,169.1,USD,ecommerce,magstripe,approved,APPROVE,87.75,1.927065527065527,0,0,0,1,1,0,0,1,329,23,27,18,terminal_customer_network_burst,0.18,0.14495021017420864,0.18
X000159100,2026-02-18 05:24:50,C001309,A0001309,M00217,T00815,South,South,31.46,USD,card_present,chip_pin,approved,APPROVE,46.76,0.672797262617622,0,0,0,0,0,0,0,1,189,19,20,18,terminal_customer_network_burst,0.18,0.023476565019080256,0.18
X000045129,2026-02-18 05:25:07,C000379,A0000379,M00080,T00347,Midwest,Midwest,164.91,USD,card_present,wallet_biometric,approved,APPROVE,300.48,0.5488218849840255,0,0,0,0,0,0,0,8,142,11,52,43,customer_velocity;terminal_customer_network_burst,0.43,0.006266629807797187,0.43
X000082980,2026-02-18 05:26:18,C000694,A0000694,M00800,T00448,South,West,456.16,USD,card_present,chip_pin,approved,APPROVE,291.15,1.566752533058561,0,0,0,0,0,0,1,7,102,10,0,70,customer_velocity;new_customer_terminal_pair;terminal_customer_network_burst;home_region_mismatch,0.7,0.28624949661715476,0.7
X000190925,2026-02-18 05:27:07,C001567,A0001567,M00013,T00686,South,South,332.69,USD,ecommerce,3ds,approved,APPROVE,209.18,1.5904484176307485,0,0,0,1,0,0,0,2,371,20,50,18,terminal_customer_network_burst,0.18,0.027438141294030036,0.18
X000119839,2026-02-18 05:27:24,C000995,A0000995,M00553,T00398,West,West,557.02,USD,ecommerce,chip_pin,approved,APPROVE,167.73,3.3209324509628573,0,0,0,1,0,0,0,0,114,13,17,48,amount_vs_profile;terminal_customer_network_burst,0.48,0.02875196366692475,0.48
X000078904,2026-02-18 05:27:33,C000664,A0000664,M00131,T00897,West,West,25.98,USD,mobile_wallet,chip_pin,approved,APPROVE,35.11,0.7399601253204215,0,0,0,0,0,1,0,2,220,11,40,18,terminal_customer_network_burst,0.18,0.00907451362726747,0.18
X000011325,2026-02-18 05:27:58,C000101,A0000101,M00267,T00249,West,West,84.43,USD,mobile_wallet,wallet_biometric,approved,APPROVE,65.68,1.28547503045067,0,0,0,0,0,1,0,2,89,8,33,18,terminal_customer_network_burst,0.18,0.007120226017538873,0.18
X000051016,2026-02-18 05:27:59,C000428,A0000428,M00633,T00292,West,West,26.78,USD,ecommerce,wallet_biometric,approved,APPROVE,58.17,0.4603747636238611,0,0,0,1,0,0,0,2,202,13,27,18,terminal_customer_network_burst,0.18,0.01044977859260902,0.18
X000142827,2026-02-18 05:28:35,C001176,A0001176,M00640,T00037,Midwest,Midwest,40.8,USD,card_present,3ds,approved,APPROVE,86.99,0.46901942752040465,0,0,0,0,0,0,0,4,292,14,50,18,terminal_customer_network_burst,0.18,0.008478139330623708,0.18
X000003156,2026-02-18 05:28:41,C000028,A0000028,M00675,T00836,Midwest,Midwest,47.76,USD,ecommerce,3ds,approved,APPROVE,126.86,0.3764780072520889,0,0,0,1,0,0,0,3,123,13,81,18,terminal_customer_network_burst,0.18,0.0016145331612142163,0.18
X000024355,2026-02-18 05:29:20,C000205,A0000205,M00055,T01054,South,South,31.26,USD,mobile_wallet,3ds,approved,APPROVE,29.25,1.0687179487179488,0,0,0,0,0,1,0,1,149,15,31,18,terminal_customer_network_burst,0.18,0.016437152332404628,0.18
X000196040,2026-02-18 05:29:42,C001610,A0001610,M00120,T00900,Midwest,Midwest,16.6,USD,card_present,wallet_biometric,approved,APPROVE,44.09,0.3765026083012021,0,0,0,0,0,0,0,5,66,13,26,43,customer_velocity;terminal_customer_network_burst,0.43,0.009918467565206486,0.43
X000120522,2026-02-18 05:29:44,C001001,A0001001,M00668,T00869,Midwest,Midwest,43.64,USD,card_present,chip_pin,approved,APPROVE,38.51,1.1332121526876138,0,0,0,0,0,0,0,8,248,13,24,43,customer_velocity;terminal_customer_network_burst,0.43,0.03213100971707871,0.43
X000019876,2026-02-18 05:30:05,C000172,A0000172,M00258,T00943,West,West,116.43,USD,card_present,magstripe,approved,APPROVE,60.07,1.9382387214915933,0,0,0,0,1,0,0,1,160,10,34,18,terminal_customer_network_burst,0.18,0.017387647301738984,0.18
X000181409,2026-02-18 05:30:32,C001491,A0001491,M00692,T00771,Northeast,Northeast,31.58,USD,card_present,3ds,approved,APPROVE,43.9,0.7193621867881549,0,0,0,0,0,0,0,2,256,18,41,18,terminal_customer_network_burst,0.18,0.014486935116184907,0.18
X000211320,2026-02-18 05:30:40,C001723,A0001723,M00552,T00602,Northeast,Northeast,70.52,USD,ecommerce,3ds,approved,APPROVE,53.66,1.3142005218039507,0,0,0,1,0,0,0,3,227,13,26,18,terminal_customer_network_burst,0.18,0.01822201239410491,0.18
X000204117,2026-02-18 05:31:06,C001667,A0001667,M00038,T00321,South,South,413.95,USD,card_present,chip_pin,approved,APPROVE,187.97,2.2022131191147523,0,0,0,0,0,0,0,8,249,14,100,43,customer_velocity;terminal_customer_network_burst,0.43,0.0048753665728609955,0.43
X000024788,2026-02-18 05:31:10,C000209,A0000209,M00304,T00684,Midwest,Midwest,58.64,USD,card_present,3ds,approved,APPROVE,66.94,0.8760083657006275,0,0,0,0,0,0,0,3,177,14,24,18,terminal_customer_network_burst,0.18,0.015295651221848304,0.18
X000085797,2026-02-18 05:31:10,C000718,A0000718,M00171,T01187,Northeast,Northeast,36.11,USD,mobile_wallet,3ds,approved,APPROVE,30.39,1.1882198091477458,0,0,0,0,0,1,0,0,140,18,19,18,terminal_customer_network_burst,0.18,0.031161010120090593,0.18
X000116833,2026-02-18 05:32:10,C000969,A0000969,M00003,T00787,South,South,282.81,USD,card_present,3ds,approved,APPROVE,222.91,1.2687183168094747,0,0,0,0,0,0,0,3,283,19,36,18,terminal_customer_network_burst,0.18,0.02857656050703732,0.18
X000157277,2026-02-18 05:32:13,C001293,A0001293,M00406,T00668,South,South,347.78,USD,card_present,chip_pin,approved,APPROVE,103.07,3.3742117007858736,0,0,0,0,0,0,0,8,278,17,62,73,amount_vs_profile;customer_velocity;terminal_customer_network_burst,0.73,0.04022403579435613,0.73
X000232409,2026-02-18 05:32:17,C001895,A0001895,M00587,T01174,South,South,44.99,USD,ecommerce,chip_pin,approved,APPROVE,63.18,0.7120924343146565,0,0,0,1,0,0,0,1,330,23,31,18,terminal_customer_network_burst,0.18,0.04008068972341362,0.18
X000185693,2026-02-18 05:32:26,C001526,A0001526,M00005,T00817,Midwest,South,97.99,USD,card_present,wallet_biometric,approved,APPROVE,46.99,2.0853373058097464,0,0,0,0,0,0,1,3,383,19,0,45,new_customer_terminal_pair;terminal_customer_network_burst;home_region_mismatch,0.45,0.650709948490713,0.650709948490713
X000039209,2026-02-18 05:32:36,C000333,A0000333,M00513,T00308,Midwest,Midwest,101.31,USD,card_present,chip_pin,approved,APPROVE,85.49,1.1850508831442275,0,0,0,0,0,0,0,3,178,10,44,18,terminal_customer_network_burst,0.18,0.005696545971935356,0.18
X000074008,2026-02-18 05:32:47,C000625,A0000625,M00756,T00999,West,West,25.35,USD,mobile_wallet,chip_pin,approved,APPROVE,38.54,0.6577581733264142,0,0,0,0,0,1,0,1,209,11,30,18,terminal_customer_network_burst,0.18,0.010478018649563386,0.18
X000219228,2026-02-18 05:33:03,C001790,A0001790,M00394,T00980,South,South,85.68,USD,card_present,3ds,approved,APPROVE,121.97,0.7024678199557269,0,0,0,0,0,0,0,3,149,9,33,18,terminal_customer_network_burst,0.18,0.0055112933039894035,0.18
X000219338,2026-02-18 05:33:36,C001791,A0001791,M00298,T00941,Northeast,Northeast,28.32,USD,card_present,chip_pin,approved,APPROVE,31.83,0.8897266729500471,0,0,0,0,0,0,0,0,156,10,27,18,terminal_customer_network_burst,0.18,0.005818940710627143,0.18
X000122352,2026-02-18 05:33:43,C001014,A0001014,M00270,T00356,South,South,68.81,USD,card_present,chip_pin,approved,APPROVE,79.82,0.8620646454522677,0,0,0,0,0,0,0,0,172,11,43,18,terminal_customer_network_burst,0.18,0.00402096322352939,0.18
X000089912,2026-02-18 05:34:14,C000751,A0000751,M00712,T01100,South,South,111.01,USD,ecommerce,wallet_biometric,approved,APPROVE,94.87,1.1701275429535154,0,0,0,1,0,0,0,1,106,15,17,18,terminal_customer_network_burst,0.18,0.01690008404960133,0.18
X000019481,2026-02-18 05:34:21,C000168,A0000168,M00394,T00922,South,South,38.94,USD,card_present,3ds,approved,APPROVE,54.6,0.7131868131868131,0,0,0,0,0,0,0,0,391,26,33,18,terminal_customer_network_burst,0.18,0.052245118912506744,0.18
X000103345,2026-02-18 05:34:28,C000869,A0000869,M00679,T00587,Northeast,Northeast,29.5,USD,card_present,chip_pin,approved,APPROVE,50.98,0.5786582973715183,0,0,0,0,0,0,0,1,327,14,13,18,terminal_customer_network_burst,0.18,0.02237224920155847,0.18
X000219229,2026-02-18 05:34:31,C001790,A0001790,M00244,T00336,South,South,72.4,USD,ecommerce,wallet_biometric,approved,APPROVE,121.97,0.5935885873575469,0,0,0,1,0,0,0,4,349,15,24,18,terminal_customer_network_burst,0.18,0.028051870865316065,0.18
X000025688,2026-02-18 05:35:25,C000219,A0000219,M00475,T00015,Midwest,Midwest,129.67,USD,ecommerce,chip_pin,approved,APPROVE,76.75,1.6895114006514655,0,0,0,1,0,0,0,0,75,8,0,33,new_customer_terminal_pair;terminal_customer_network_burst,0.33,0.013009106622339768,0.33
X000029227,2026-02-18 05:35:26,C000252,A0000252,M00077,T00723,South,South,66.37,USD,mobile_wallet,wallet_biometric,approved,APPROVE,48.59,1.3659189133566578,0,0,0,0,0,1,0,0,446,23,11,18,terminal_customer_network_burst,0.18,0.15194629546631327,0.18
X000199113,2026-02-18 05:35:33,C001631,A0001631,M00187,T00256,South,South,34.26,USD,card_present,3ds,approved,APPROVE,74.76,0.45826645264847504,0,0,0,0,0,0,0,1,294,23,0,33,new_customer_terminal_pair;terminal_customer_network_burst,0.33,0.08178613948939034,0.33
X000114002,2026-02-18 05:36:08,C000948,A0000948,M00671,T00424,Midwest,Midwest,35.53,USD,card_present,3ds,approved,APPROVE,62.39,0.5694822888283378,0,0,0,0,0,0,0,3,186,9,54,18,terminal_customer_network_burst,0.18,0.002908461391980559,0.18
X000094474,2026-02-18 05:36:11,C000789,A0000789,M00459,T00204,Northeast,Northeast,162.4,USD,ecommerce,chip_pin,approved,APPROVE,111.23,1.460037759597231,0,0,0,1,0,0,0,2,368,13,100,18,terminal_customer_network_burst,0.18,0.0022652068947023396,0.18
X000173366,2026-02-18 05:37:05,C001429,A0001429,M00561,T00399,Midwest,Midwest,41.65,USD,card_present,3ds,approved,APPROVE,67.28,0.6190546967895363,0,0,0,0,0,0,0,2,155,11,62,18,terminal_customer_network_burst,0.18,0.0023823541002198512,0.18
X000224959,2026-02-18 05:38:07,C001834,A0001834,M00428,T00264,West,West,27.58,USD,ecommerce,chip_pin,approved,APPROVE,34.04,0.8102232667450059,0,0,0,1,0,0,0,2,216,16,23,18,terminal_customer_network_burst,0.18,0.020141281150331817,0.18
X000229192,2026-02-18 05:38:11,C001866,A0001866,M00613,T00331,South,South,71.45,USD,ecommerce,wallet_biometric,approved,APPROVE,38.71,1.8457762851976234,0,0,0,1,0,0,0,2,322,17,42,18,terminal_customer_network_burst,0.18,0.024438504030396473,0.18
X000219230,2026-02-18 05:38:14,C001790,A0001790,M00244,T00336,South,South,145.83,USD,ecommerce,chip_pin,approved,APPROVE,121.97,1.1956218742313685,0,0,0,1,0,0,0,5,350,15,25,43,customer_velocity;terminal_customer_network_burst,0.43,0.03874665914204207,0.43
X000010721,2026-02-18 05:38:16,C000097,A0000097,M00051,T01084,South,South,22.77,USD,card_present,wallet_biometric,approved,APPROVE,38.21,0.5959172991363517,0,0,0,0,0,0,0,1,296,17,22,18,terminal_customer_network_burst,0.18,0.022180124878799425,0.18
X000217480,2026-02-18 05:38:19,C001776,A0001776,M00442,T00105,West,West,91.25,USD,ecommerce,chip_pin,approved,APPROVE,51.93,1.7571731176583862,0,0,0,1,0,0,0,2,213,17,20,18,terminal_customer_network_burst,0.18,0.03595210037160858,0.18
X000243307,2026-02-18 05:38:40,C001985,A0001985,M00372,T00192,South,South,51.89,USD,card_present,chip_pin,approved,APPROVE,35.73,1.452280996361601,0,0,0,0,0,0,0,3,330,19,34,18,terminal_customer_network_burst,0.18,0.03679885553620765,0.18
X000067598,2026-02-18 05:38:44,C000572,A0000572,M00726,T00968,Northeast,Northeast,19.43,USD,mobile_wallet,chip_pin,approved,APPROVE,49.96,0.38891112890312246,0,0,0,0,0,1,0,1,173,18,20,18,terminal_customer_network_burst,0.18,0.026783216813651874,0.18
X000029831,2026-02-18 05:39:24,C000255,A0000255,M00404,T00936,Northeast,Northeast,12.88,USD,card_present,chip_pin,approved,APPROVE,31.53,0.40849984142086904,0,0,0,0,0,0,0,0,41,8,14,18,terminal_customer_network_burst,0.18,0.004280404342688549,0.18
X000202292,2026-02-18 05:39:46,C001654,A0001654,M00588,T00145,West,West,271.11,USD,card_present,3ds,approved,APPROVE,195.33,1.3879588388880355,0,0,0,0,0,0,0,2,168,12,59,18,terminal_customer_network_burst,0.18,0.00418090165040112,0.18
X000046321,2026-02-18 05:39:56,C000388,A0000388,M00544,T00846,South,South,92.83,USD,card_present,chip_pin,approved,APPROVE,83.44,1.112535953978907,0,0,0,0,0,0,0,4,301,19,33,18,terminal_customer_network_burst,0.18,0.03462504115903898,0.18
X000150513,2026-02-18 05:40:03,C001238,A0001238,M00791,T00304,South,South,199.24,USD,card_present,chip_pin,approved,APPROVE,130.71,1.5242904138933517,0,0,0,0,0,0,0,0,386,19,57,18,terminal_customer_network_burst,0.18,0.01487827606771693,0.18
X000148761,2026-02-18 05:40:17,C001225,A0001225,M00376,T00309,South,South,108.8,USD,card_present,chip_pin,approved,APPROVE,171.02,0.636182902584493,0,0,0,0,0,0,0,6,441,17,107,43,customer_velocity;terminal_customer_network_burst,0.43,0.003797193929693436,0.43
X000118394,2026-02-18 05:40:24,C000979,A0000979,M00019,T00745,Northeast,Northeast,111.73,USD,ecommerce,magstripe,approved,APPROVE,67.03,1.6668655825749665,0,0,0,1,1,0,0,0,197,17,29,18,terminal_customer_network_burst,0.18,0.04234538701516091,0.18
X000226028,2026-02-18 05:40:30,C001841,A0001841,M00763,T00601,South,South,252.43,USD,card_present,chip_pin,approved,APPROVE,36.24,6.9655077262693155,0,0,0,0,0,0,0,4,310,25,19,73,amount_vs_profile;extreme_amount_vs_profile;terminal_customer_network_burst,0.73,0.563592048155704,0.73
X000013743,2026-02-18 05:40:35,C000116,A0000116,M00504,T00422,Northeast,Northeast,90.94,USD,ecommerce,wallet_biometric,approved,APPROVE,197.15,0.4612731422774537,0,0,0,1,0,0,0,6,355,14,63,43,customer_velocity;terminal_customer_network_burst,0.43,0.008704942728856606,0.43
X000107647,2026-02-18 05:40:44,C000900,A0000900,M00414,T00189,Midwest,Midwest,59.01,USD,ecommerce,chip_pin,approved,APPROVE,159.85,0.3691585861745386,0,0,0,1,0,0,0,2,393,22,115,18,terminal_customer_network_burst,0.18,0.002769656341541384,0.18
X000205509,2026-02-18 05:40:51,C001678,A0001678,M00108,T00481,Midwest,Midwest,88.92,USD,mobile_wallet,3ds,approved,APPROVE,74.52,1.1932367149758456,0,0,0,0,0,1,0,1,311,16,65,18,terminal_customer_network_burst,0.18,0.00986004582352359,0.18
X000143133,2026-02-18 05:41:03,C001179,A0001179,M00337,T00318,West,West,28.97,USD,ecommerce,3ds,approved,APPROVE,45.31,0.6393732067976163,0,0,0,1,0,0,0,5,129,13,36,43,customer_velocity;terminal_customer_network_burst,0.43,0.009906084264700344,0.43
X000044519,2026-02-18 05:41:38,C000376,A0000376,M00439,T00144,West,West,180.4,USD,card_present,3ds,approved,APPROVE,189.71,0.9509250961994623,0,0,0,0,0,0,0,8,188,13,103,43,customer_velocity;terminal_customer_network_burst,0.43,0.002017402383113082,0.43
X000074849,2026-02-18 05:42:27,C000630,A0000630,M00255,T00819,West,West,181.49,USD,ecommerce,3ds,approved,APPROVE,249.77,0.726628498218361,0,0,0,1,0,0,0,1,150,12,27,18,terminal_customer_network_burst,0.18,0.008057259336571296,0.18
X000166858,2026-02-18 05:42:32,C001377,A0001377,M00080,T00590,Midwest,Midwest,31.43,USD,mobile_wallet,chip_pin,approved,APPROVE,53.56,0.5868185212845407,0,0,0,0,0,1,0,2,212,13,22,18,terminal_customer_network_burst,0.18,0.018833902446316053,0.18
X000163898,2026-02-18 05:43:07,C001350,A0001350,M00137,T01183,Midwest,Midwest,57.94,USD,card_present,3ds,approved,APPROVE,69.45,0.8342692584593232,0,0,0,0,0,0,0,8,93,14,20,43,customer_velocity;terminal_customer_network_burst,0.43,0.02463793847332231,0.43
X000233719,2026-02-18 05:43:27,C001905,A0001905,M00003,T00787,South,South,43.06,USD,ecommerce,chip_pin,approved,APPROVE,37.47,1.14918601547905,0,0,0,1,0,0,0,2,284,19,34,18,terminal_customer_network_burst,0.18,0.027345331516749744,0.18
X000052303,2026-02-18 05:44:44,C000441,A0000441,M00023,T00720,Midwest,Midwest,70.72,USD,ecommerce,wallet_biometric,approved,APPROVE,94.35,0.7495495495495496,0,0,0,1,0,0,0,5,343,17,62,43,customer_velocity;terminal_customer_network_burst,0.43,0.01240775598345284,0.43
X000219731,2026-02-18 05:44:49,C001795,A0001795,M00770,T01186,Midwest,Midwest,40.86,USD,ecommerce,wallet_biometric,approved,APPROVE,69.86,0.5848840538219295,0,0,0,1,0,0,0,1,113,11,31,18,terminal_customer_network_burst,0.18,0.005402008927528262,0.18
X000030116,2026-02-18 05:44:51,C000258,A0000258,M00533,T00376,Northeast,Northeast,29.72,USD,card_present,wallet_biometric,approved,APPROVE,38.56,0.7707468879668049,0,0,0,0,0,0,0,2,75,9,23,18,terminal_customer_network_burst,0.18,0.005758185170635273,0.18
X000193561,2026-02-18 05:44:54,C001590,A0001590,M00265,T00865,West,West,39.69,USD,mobile_wallet,wallet_biometric,approved,APPROVE,49.38,0.8037667071688942,0,0,0,0,0,1,0,1,197,9,0,33,new_customer_terminal_pair;terminal_customer_network_burst,0.33,0.022280821592279718,0.33
X000032672,2026-02-18 05:45:43,C000276,A0000276,M00595,T00068,West,West,198.89,USD,card_present,chip_pin,approved,APPROVE,60.66,3.2787668974612596,0,0,0,0,0,0,0,2,88,10,37,48,amount_vs_profile;terminal_customer_network_burst,0.48,0.01178090909128974,0.48
X000050702,2026-02-18 05:46:00,C000425,A0000425,M00715,T00083,Midwest,Midwest,15.58,USD,ecommerce,wallet_biometric,approved,APPROVE,31.69,0.49163774061218046,0,0,0,1,0,0,0,1,219,14,36,18,terminal_customer_network_burst,0.18,0.008278566421031062,0.18
X000237462,2026-02-18 05:46:19,C001936,A0001936,M00689,T00395,Northeast,Northeast,83.91,USD,ecommerce,chip_pin,approved,APPROVE,53.89,1.5570606791612542,0,0,0,1,0,0,0,3,158,9,34,18,terminal_customer_network_burst,0.18,0.008149411811390837,0.18
X000012998,2026-02-18 05:46:48,C000113,A0000113,M00309,T01075,Northeast,Northeast,41.84,USD,card_present,3ds,approved,APPROVE,59.23,0.7063987843997975,0,0,0,0,0,0,0,0,154,12,21,18,terminal_customer_network_burst,0.18,0.008261703006294136,0.18
X000084167,2026-02-18 05:46:51,C000704,A0000704,M00249,T00554,South,South,76.49,USD,ecommerce,3ds,approved,APPROVE,59.04,1.2955623306233062,0,0,0,1,0,0,0,3,272,16,29,18,terminal_customer_network_burst,0.18,0.026112345973744903,0.18
X000163562,2026-02-18 05:49:10,C001348,A0001348,M00753,T00413,South,South,35.15,USD,card_present,3ds,approved,APPROVE,58.02,0.6058255773871078,0,0,0,0,0,0,0,2,403,16,49,18,terminal_customer_network_burst,0.18,0.01231073269210771,0.18
X000044889,2026-02-18 05:50:16,C000378,A0000378,M00295,T00163,South,South,125.68,USD,card_present,3ds,approved,APPROVE,165.46,0.7595793545267738,0,0,0,0,0,0,0,4,366,18,45,18,terminal_customer_network_burst,0.18,0.021592693544196937,0.18
X000199361,2026-02-18 05:50:20,C001633,A0001633,M00296,T00252,South,South,86.68,USD,mobile_wallet,magstripe,approved,APPROVE,66.73,1.2989659823167992,0,0,0,0,1,1,0,1,275,21,22,18,terminal_customer_network_burst,0.18,0.13140374414850514,0.18
X000041331,2026-02-18 05:50:24,C000349,A0000349,M00471,T00670,Midwest,Midwest,214.67,USD,card_present,3ds,approved,APPROVE,285.86,0.7509620093752185,0,0,0,0,0,0,0,10,356,23,62,63,customer_velocity;high_customer_velocity;terminal_customer_network_burst,0.63,0.043399282275416964,0.63
X000057396,2026-02-18 05:50:38,C000485,A0000485,M00459,T00795,Northeast,Northeast,25.59,USD,ecommerce,chip_pin,approved,APPROVE,54.45,0.46997245179063357,0,0,0,1,0,0,0,2,256,11,22,18,terminal_customer_network_burst,0.18,0.011177235670457187,0.18
X000049012,2026-02-18 05:50:39,C000410,A0000410,M00182,T00913,Midwest,Midwest,28.02,USD,card_present,wallet_biometric,approved,APPROVE,64.04,0.4375390381011867,0,0,0,0,0,0,0,3,104,14,46,18,terminal_customer_network_burst,0.18,0.005231175757762858,0.18
X000167285,2026-02-18 05:50:39,C001381,A0001381,M00271,T01087,Northeast,Northeast,236.4,USD,card_present,magstripe,approved,APPROVE,184.34,1.2824129326244982,0,0,0,0,1,0,0,4,234,20,49,18,terminal_customer_network_burst,0.18,0.04497441231131534,0.18
X000066534,2026-02-18 05:51:20,C000564,A0000564,M00430,T00230,South,South,40.7,USD,mobile_wallet,magstripe,approved,APPROVE,64.67,0.6293490026287305,0,0,0,0,1,1,0,1,109,12,21,18,terminal_customer_network_burst,0.18,0.02586159650547951,0.18
X000058142,2026-02-18 05:51:21,C000493,A0000493,M00459,T00795,Northeast,Northeast,178.01,USD,mobile_wallet,chip_pin,approved,APPROVE,104.71,1.700028650558686,0,0,0,0,0,1,0,5,257,11,56,43,customer_velocity;terminal_customer_network_burst,0.43,0.012472216249287515,0.43
X000231870,2026-02-18 05:51:48,C001891,A0001891,M00393,T00751,Northeast,Northeast,46.66,USD,ecommerce,chip_pin,approved,APPROVE,85.63,0.5449024874459886,0,0,0,1,0,0,0,1,171,13,23,18,terminal_customer_network_burst,0.18,0.010109826500442164,0.18
X000075123,2026-02-18 05:52:15,C000631,A0000631,M00219,T00193,Northeast,Northeast,41.07,USD,card_present,chip_pin,approved,APPROVE,287.17,0.14301633178953232,0,0,0,0,0,0,0,3,277,10,71,18,terminal_customer_network_burst,0.18,0.0020042678017922404,0.18
X000197082,2026-02-18 05:52:23,C001618,A0001618,M00069,T00652,West,West,75.08,USD,mobile_wallet,chip_pin,approved,APPROVE,140.56,0.5341491178144564,0,0,0,0,0,1,0,5,143,11,56,43,customer_velocity;terminal_customer_network_burst,0.43,0.005809924240142986,0.43
X000005043,2026-02-18 05:53:33,C000046,A0000046,M00345,T01138,South,South,4.39,USD,ecommerce,3ds,approved,APPROVE,20.48,0.21435546874999997,0,0,0,1,0,0,0,1,224,17,20,18,terminal_customer_network_burst,0.18,0.01782899451041071,0.18
X000098108,2026-02-18 05:53:46,C000821,A0000821,M00372,T00192,South,South,16.68,USD,mobile_wallet,chip_pin,approved,APPROVE,44.2,0.3773755656108597,0,0,0,0,0,1,0,0,331,19,15,18,terminal_customer_network_burst,0.18,0.04626047405362808,0.18
X000215088,2026-02-18 05:53:51,C001756,A0001756,M00692,T00191,Northeast,Northeast,15.15,USD,card_present,chip_pin,approved,APPROVE,74.2,0.204177897574124,0,0,0,0,0,0,0,6,229,19,24,43,customer_velocity;terminal_customer_network_burst,0.43,0.03369194846517958,0.43
X000139596,2026-02-18 05:53:53,C001150,A0001150,M00181,T00177,South,South,18.8,USD,card_present,chip_pin,approved,APPROVE,54.96,0.3420669577874818,0,0,0,0,0,0,0,1,145,17,44,18,terminal_customer_network_burst,0.18,0.006725092996940718,0.18
X000198773,2026-02-18 05:53:57,C001627,A0001627,M00608,T00027,South,South,350.7,USD,ecommerce,chip_pin,approved,APPROVE,272.19,1.2884382232999008,0,0,0,1,0,0,0,8,357,17,73,43,customer_velocity;terminal_customer_network_burst,0.43,0.01591686838332957,0.43
X000154555,2026-02-18 05:54:11,C001273,A0001273,M00514,T01089,West,West,23.42,USD,ecommerce,chip_pin,approved,APPROVE,24.13,0.9705760464152509,0,0,0,1,0,0,0,4,58,7,22,0,,0.0,0.006502561282081245,0.006502561282081245
X000135004,2026-02-18 05:54:20,C001108,A0001108,M00708,T00914,West,West,201.64,USD,ecommerce,chip_pin,approved,APPROVE,97.95,2.058601327207759,0,0,0,1,0,0,0,2,70,6,25,0,,0.0,0.0066527164982614516,0.0066527164982614516
X000209409,2026-02-18 05:55:30,C001709,A0001709,M00696,T00853,Midwest,Midwest,161.0,USD,ecommerce,chip_pin,approved,APPROVE,57.15,2.8171478565179355,0,0,0,1,0,0,0,3,80,15,35,18,terminal_customer_network_burst,0.18,0.02173311673175358,0.18
X000100675,2026-02-18 05:55:59,C000847,A0000847,M00023,T00099,Midwest,Midwest,19.18,USD,card_present,chip_pin,approved,APPROVE,28.04,0.6840228245363766,0,0,0,0,0,0,0,1,23,9,15,18,terminal_customer_network_burst,0.18,0.0056028095553432,0.18
X000110136,2026-02-18 05:56:45,C000920,A0000920,M00758,T00582,Northeast,Northeast,88.71,USD,mobile_wallet,chip_pin,approved,APPROVE,172.94,0.5129524690644154,0,0,0,0,0,1,0,4,335,17,33,18,terminal_customer_network_burst,0.18,0.035174122236819254,0.18
X000082061,2026-02-18 05:57:02,C000687,A0000687,M00112,T00586,West,West,76.05,USD,card_present,3ds,approved,APPROVE,39.26,1.9370860927152318,0,0,0,0,0,0,0,0,158,12,21,18,terminal_customer_network_burst,0.18,0.013725709320558659,0.18
X000092064,2026-02-18 05:57:19,C000770,A0000770,M00400,T00160,West,West,117.31,USD,card_present,3ds,soft_decline,CHALLENGE,107.53,1.09095136241049,0,0,1,0,0,0,0,2,95,9,51,26,terminal_customer_network_burst;authentication_soft_decline,0.26,0.013117653044425507,0.26
X000110970,2026-02-18 05:57:24,C000925,A0000925,M00365,T00324,South,South,41.33,USD,mobile_wallet,chip_pin,approved,APPROVE,49.37,0.8371480656268989,0,0,0,0,0,1,0,4,301,24,52,18,terminal_customer_network_burst,0.18,0.045122276910101476,0.18
X000000324,2026-02-18 05:57:47,C000003,A0000003,M00423,T00628,South,South,70.23,USD,ecommerce,wallet_biometric,approved,APPROVE,47.0,1.4942553191489363,0,0,0,1,0,0,0,1,92,12,17,18,terminal_customer_network_burst,0.18,0.013074128031369777,0.18
X000185844,2026-02-18 05:57:53,C001527,A0001527,M00431,T00547,West,West,28.44,USD,ecommerce,chip_pin,approved,APPROVE,28.9,0.984083044982699,0,0,0,1,0,0,0,3,56,7,39,0,,0.0,0.0033362182354113846,0.0033362182354113846
X000222406,2026-02-18 05:58:06,C001812,A0001812,M00342,T00375,Midwest,Midwest,26.03,USD,card_present,3ds,approved,APPROVE,40.91,0.6362747494500123,0,0,0,0,0,0,0,3,307,20,18,18,terminal_customer_network_burst,0.18,0.04660745754004125,0.18
X000062833,2026-02-18 05:59:46,C000533,A0000533,M00460,T00677,Midwest,Midwest,15.47,USD,ecommerce,wallet_biometric,approved,APPROVE,24.76,0.6247980613893376,0,0,0,1,0,0,0,4,291,22,27,18,terminal_customer_network_burst,0.18,0.04987256474189017,0.18
X000063803,2026-02-18 06:00:09,C000541,A0000541,M00184,T00927,South,South,162.74,USD,ecommerce,chip_pin,approved,APPROVE,96.59,1.6848535045035717,0,0,0,1,0,0,0,5,408,20,66,43,customer_velocity;terminal_customer_network_burst,0.43,0.026591120163924172,0.43
X000002624,2026-02-18 06:00:26,C000025,A0000025,M00445,T00698,Northeast,Northeast,44.1,USD,ecommerce,3ds,approved,APPROVE,35.5,1.2422535211267607,0,0,0,1,0,0,0,0,93,11,11,18,terminal_customer_network_burst,0.18,0.011360655185425197,0.18
X000127215,2026-02-18 06:00:31,C001048,A0001048,M00193,T00346,West,West,111.62,USD,mobile_wallet,3ds,approved,APPROVE,78.77,1.4170369429986036,0,0,0,0,0,1,0,1,175,15,21,18,terminal_customer_network_burst,0.18,0.027733898885479464,0.18
X000069781,2026-02-18 06:01:15,C000593,A0000593,M00052,T00717,South,South,304.46,USD,card_present,3ds,approved,APPROVE,191.3,1.5915316257187662,0,0,0,0,0,0,0,2,190,19,47,18,terminal_customer_network_burst,0.18,0.016140873798518193,0.18
X000044710,2026-02-18 06:01:37,C000377,A0000377,M00077,T00723,South,South,126.74,USD,ecommerce,chip_pin,approved,APPROVE,121.39,1.0440728231320537,0,0,0,1,0,0,0,3,447,23,36,18,terminal_customer_network_burst,0.18,0.06507947965829121,0.18
X000050595,2026-02-18 06:03:08,C000424,A0000424,M00484,T00090,South,South,42.23,USD,card_present,wallet_biometric,approved,APPROVE,51.58,0.8187281892206281,0,0,0,0,0,0,0,0,165,11,14,18,terminal_customer_network_burst,0.18,0.00990431899522302,0.18
X000085312,2026-02-18 06:03:50,C000712,A0000712,M00433,T00752,Midwest,Midwest,46.29,USD,ecommerce,3ds,approved,APPROVE,43.3,1.06905311778291,0,0,0,1,0,0,0,1,189,14,16,18,terminal_customer_network_burst,0.18,0.018399728944696412,0.18
X000189056,2026-02-18 06:04:00,C001553,A0001553,M00123,T00579,Midwest,Midwest,38.62,USD,card_present,wallet_biometric,approved,APPROVE,52.2,0.7398467432950191,0,0,0,0,0,0,0,1,146,10,19,18,terminal_customer_network_burst,0.18,0.0077701766524016225,0.18
X000124299,2026-02-18 06:04:55,C001028,A0001028,M00196,T00915,Midwest,Midwest,62.6,USD,card_present,magstripe,approved,APPROVE,71.83,0.8715021578727552,0,0,0,0,1,0,0,0,189,30,33,18,terminal_customer_network_burst,0.18,0.1089147791447137,0.18
X000171380,2026-02-18 06:04:55,C001412,A0001412,M00603,T01192,Midwest,Midwest,81.52,USD,mobile_wallet,chip_pin,approved,APPROVE,62.79,1.2982959069915592,0,0,0,0,0,1,0,2,175,11,26,18,terminal_customer_network_burst,0.18,0.015892316349645313,0.18
X000154218,2026-02-18 06:05:05,C001269,A0001269,M00288,T01177,Northeast,Northeast,51.67,USD,ecommerce,3ds,approved,APPROVE,38.68,1.3358324715615306,0,0,0,1,0,0,0,1,287,17,20,18,terminal_customer_network_burst,0.18,0.03266999359379182,0.18
X000147048,2026-02-18 06:05:09,C001212,A0001212,M00130,T01074,South,South,17.14,USD,ecommerce,chip_pin,approved,APPROVE,21.65,0.7916859122401848,0,0,0,1,0,0,0,1,232,15,16,18,terminal_customer_network_burst,0.18,0.02062895594744622,0.18
X000026440,2026-02-18 06:05:12,C000226,A0000226,M00393,T00751,Northeast,Northeast,17.82,USD,card_present,3ds,approved,APPROVE,35.61,0.5004212299915755,0,0,0,0,0,0,0,2,172,13,24,18,terminal_customer_network_burst,0.18,0.010271007406544798,0.18
X000212610,2026-02-18 06:06:31,C001734,A0001734,M00382,T00976,Midwest,Midwest,34.79,USD,card_present,chip_pin,approved,APPROVE,65.75,0.5291254752851711,0,0,0,0,0,0,0,4,85,10,24,18,terminal_customer_network_burst,0.18,0.007378296386421225,0.18
X000112826,2026-02-18 06:06:56,C000943,A0000943,M00184,T01155,South,South,147.25,USD,card_present,3ds,approved,APPROVE,211.71,0.6955269000047234,0,0,0,0,0,0,0,2,301,17,60,18,terminal_customer_network_burst,0.18,0.007764778032334182,0.18
X000041554,2026-02-18 06:07:20,C000351,A0000351,M00461,T00574,West,West,44.43,USD,ecommerce,chip_pin,approved,APPROVE,48.43,0.9174065661779889,0,0,0,1,0,0,0,4,90,7,25,0,,0.0,0.006269831767200333,0.006269831767200333
X000153237,2026-02-18 06:07:37,C001259,A0001259,M00397,T00682,Midwest,Midwest,88.71,USD,ecommerce,chip_pin,approved,APPROVE,57.1,1.5535901926444833,0,0,0,1,0,0,0,3,98,11,44,18,terminal_customer_network_burst,0.18,0.006398587115444243,0.18
X000150212,2026-02-18 06:09:15,C001236,A0001236,M00232,T00156,West,West,90.54,USD,ecommerce,wallet_biometric,approved,APPROVE,94.07,0.9624747528436273,0,0,0,1,0,0,0,7,113,8,88,43,customer_velocity;terminal_customer_network_burst,0.43,0.001408462268113684,0.43
X000181106,2026-02-18 06:09:41,C001489,A0001489,M00635,T01013,Midwest,Midwest,46.95,USD,card_present,3ds,approved,APPROVE,25.75,1.8233009708737866,0,0,0,0,0,0,0,1,253,18,24,18,terminal_customer_network_burst,0.18,0.03416667122812854,0.18
X000240954,2026-02-18 06:10:48,C001966,A0001966,M00645,T00155,South,South,102.56,USD,mobile_wallet,wallet_biometric,approved,APPROVE,45.88,2.2353966870095903,0,0,0,0,0,1,0,2,312,14,24,18,terminal_customer_network_burst,0.18,0.04891891582350991,0.18
X000076748,2026-02-18 06:10:52,C000645,A0000645,M00229,T00718,Northeast,Northeast,10.46,USD,card_present,3ds,approved,APPROVE,32.93,0.3176434861828121,0,0,0,0,0,0,0,7,102,9,29,43,customer_velocity;terminal_customer_network_burst,0.43,0.007600951748232273,0.43
X000114737,2026-02-18 06:11:08,C000954,A0000954,M00285,T01108,Midwest,Midwest,22.66,USD,mobile_wallet,chip_pin,approved,APPROVE,30.99,0.7312036140690545,0,0,0,0,0,1,0,1,333,13,29,18,terminal_customer_network_burst,0.18,0.01931462578974736,0.18
X000123683,2026-02-18 06:11:08,C001023,A0001023,M00042,T00546,Northeast,Northeast,100.42,USD,ecommerce,magstripe,approved,APPROVE,96.87,1.0366470527511098,0,0,0,1,1,0,0,5,273,13,91,43,customer_velocity;terminal_customer_network_burst,0.43,0.006168819920581522,0.43
X000184338,2026-02-18 06:12:32,C001518,A0001518,M00382,T00499,Midwest,Midwest,77.72,USD,ecommerce,3ds,approved,APPROVE,74.25,1.0467340067340067,0,0,0,1,0,0,0,0,182,15,17,18,terminal_customer_network_burst,0.18,0.01736771477468986,0.18
X000076237,2026-02-18 06:12:37,C000640,A0000640,M00347,T00077,Midwest,Midwest,45.23,USD,card_present,wallet_biometric,approved,APPROVE,45.4,0.9962555066079295,0,0,0,0,0,0,0,2,108,13,16,18,terminal_customer_network_burst,0.18,0.013781400873245852,0.18
X000121260,2026-02-18 06:13:15,C001007,A0001007,M00661,T00801,Northeast,Northeast,19.77,USD,ecommerce,chip_pin,approved,APPROVE,22.61,0.874391862007961,0,0,0,1,0,0,0,1,165,15,21,18,terminal_customer_network_burst,0.18,0.015337453954906452,0.18
X000143275,2026-02-18 06:13:19,C001180,A0001180,M00587,T01174,South,South,143.14,USD,mobile_wallet,3ds,approved,APPROVE,87.75,1.631225071225071,0,0,0,0,0,1,0,2,331,23,28,18,terminal_customer_network_burst,0.18,0.09754949055995293,0.18
X000022913,2026-02-18 06:13:22,C000196,A0000196,M00715,T00083,Midwest,Midwest,249.95,USD,card_present,wallet_biometric,approved,APPROVE,195.69,1.2772752823343043,0,0,0,0,0,0,0,4,220,14,71,18,terminal_customer_network_burst,0.18,0.004965041564165249,0.18
X000138839,2026-02-18 06:13:39,C001143,A0001143,M00011,T01040,West,West,130.04,USD,card_present,chip_pin,approved,APPROVE,75.56,1.7210164107993646,0,0,0,0,0,0,0,4,98,16,16,18,terminal_customer_network_burst,0.18,0.03206615151920396,0.18
X000163164,2026-02-18 06:13:42,C001345,A0001345,M00668,T00166,Midwest,Midwest,334.21,USD,card_present,chip_pin,soft_decline,CHALLENGE,169.46,1.9722058302844327,0,0,1,0,0,0,0,9,126,18,86,51,customer_velocity;terminal_customer_network_burst;authentication_soft_decline,0.51,0.04220432690078214,0.51
X000220849,2026-02-18 06:13:50,C001800,A0001800,M00213,T00320,Northeast,Northeast,217.25,USD,ecommerce,wallet_biometric,approved,APPROVE,186.73,1.1634445456006,0,0,0,1,0,0,0,8,186,9,99,43,customer_velocity;terminal_customer_network_burst,0.43,0.0016356806085530487,0.43
X000057292,2026-02-18 06:14:32,C000484,A0000484,M00049,T00970,West,West,65.25,USD,ecommerce,chip_pin,approved,APPROVE,92.9,0.7023681377825618,0,0,0,1,0,0,0,3,35,7,29,0,,0.0,0.0038969047835956377,0.0038969047835956377
X000029738,2026-02-18 06:14:35,C000254,A0000254,M00298,T00088,Northeast,Northeast,551.15,USD,ecommerce,chip_pin,approved,APPROVE,244.89,2.250602311241782,0,0,0,1,0,0,0,6,329,15,75,43,customer_velocity;terminal_customer_network_burst,0.43,0.012837435122063676,0.43
X000222926,2026-02-18 06:15:17,C001816,A0001816,M00652,T00786,West,West,165.67,USD,card_present,3ds,approved,APPROVE,94.91,1.7455484142872193,0,0,0,0,0,0,0,1,87,10,32,18,terminal_customer_network_burst,0.18,0.006601371437627457,0.18
X000028087,2026-02-18 06:16:24,C000242,A0000242,M00131,T00897,West,West,27.81,USD,card_present,3ds,approved,APPROVE,21.51,1.2928870292887027,0,0,0,0,0,0,0,0,221,11,24,18,terminal_customer_network_burst,0.18,0.010033384937877672,0.18
X000170249,2026-02-18 06:16:29,C001403,A0001403,M00077,T00306,South,South,80.77,USD,mobile_wallet,chip_pin,approved,APPROVE,54.07,1.4938043277233215,0,0,0,0,0,1,0,1,304,17,26,18,terminal_customer_network_burst,0.18,0.04239965089979537,0.18
X000159342,2026-02-18 06:16:33,C001312,A0001312,M00400,T00412,Northeast,West,43.88,USD,card_present,magstripe,approved,APPROVE,35.7,1.2291316526610645,0,0,0,0,1,0,1,8,70,12,0,70,customer_velocity;new_customer_terminal_pair;terminal_customer_network_burst;home_region_mismatch,0.7,0.4997379535987018,0.7
X000177712,2026-02-18 06:16:40,C001461,A0001461,M00276,T00213,Northeast,Northeast,399.53,USD,card_present,chip_pin,approved,APPROVE,251.98,1.5855623462179538,0,0,0,0,0,0,0,4,168,12,67,18,terminal_customer_network_burst,0.18,0.004423223823784169,0.18
X000127216,2026-02-18 06:17:29,C001048,A0001048,M00131,T00706,West,West,88.1,USD,mobile_wallet,chip_pin,approved,APPROVE,78.77,1.1184461089247175,0,0,0,0,0,1,0,2,153,13,18,18,terminal_customer_network_burst,0.18,0.02279639388357898,0.18
X000005595,2026-02-18 06:17:31,C000051,A0000051,M00620,T00551,South,South,19.82,USD,card_present,chip_pin,approved,APPROVE,23.11,0.8576373864128083,0,0,0,0,0,0,0,3,210,19,24,18,terminal_customer_network_burst,0.18,0.02953146908712151,0.18
X000127796,2026-02-18 06:18:13,C001052,A0001052,M00282,T00583,South,South,85.93,USD,card_present,wallet_biometric,approved,APPROVE,146.14,0.5879978103188724,0,0,0,0,0,0,0,7,426,22,80,43,customer_velocity;terminal_customer_network_burst,0.43,0.017340544236041897,0.43
X000224667,2026-02-18 06:18:26,C001832,A0001832,M00791,T00304,South,South,134.24,USD,ecommerce,3ds,approved,APPROVE,173.44,0.7739852398523985,0,0,0,1,0,0,0,6,387,19,99,43,customer_velocity;terminal_customer_network_burst,0.43,0.006055066405714113,0.43
X000229573,2026-02-18 06:18:47,C001870,A0001870,M00190,T01150,West,West,142.86,USD,mobile_wallet,3ds,approved,APPROVE,69.2,2.0644508670520234,0,0,0,0,0,1,0,0,134,13,22,18,terminal_customer_network_burst,0.18,0.022166908573332634,0.18
X000175199,2026-02-18 06:18:57,C001442,A0001442,M00012,T01105,West,West,157.05,USD,mobile_wallet,chip_pin,approved,APPROVE,79.02,1.9874715261959,0,0,0,0,0,1,0,2,217,16,29,18,terminal_customer_network_burst,0.18,0.037735407329911694,0.18
X000126190,2026-02-18 06:19:18,C001039,A0001039,M00109,T00641,Northeast,Northeast,64.15,USD,card_present,wallet_biometric,approved,APPROVE,168.88,0.3798555187115112,0,0,0,0,0,0,0,0,132,12,68,18,terminal_customer_network_burst,0.18,0.0014913221374262752,0.18
X000221420,2026-02-18 06:19:38,C001804,A0001804,M00587,T00374,South,South,106.89,USD,card_present,chip_pin,approved,APPROVE,206.37,0.5179531908707661,0,0,0,0,0,0,0,6,242,10,69,43,customer_velocity;terminal_customer_network_burst,0.43,0.0032412603694083773,0.43
X000146485,2026-02-18 06:19:55,C001208,A0001208,M00288,T01177,Northeast,Northeast,38.43,USD,card_present,wallet_biometric,approved,APPROVE,52.39,0.7335369345294903,0,0,0,0,0,0,0,2,288,17,32,18,terminal_customer_network_burst,0.18,0.018747610017789875,0.18
X000230594,2026-02-18 06:20:01,C001880,A0001880,M00511,T00446,Midwest,Midwest,72.07,USD,ecommerce,wallet_biometric,approved,APPROVE,59.61,1.2090253313202481,0,0,0,1,0,0,0,1,97,12,19,18,terminal_customer_network_burst,0.18,0.011067241010051868,0.18
X000218419,2026-02-18 06:20:03,C001784,A0001784,M00108,T00481,Midwest,Midwest,58.34,USD,card_present,chip_pin,approved,APPROVE,55.21,1.0566926281470748,0,0,0,0,0,0,0,1,312,16,16,18,terminal_customer_network_burst,0.18,0.029875770008653914,0.18
X000195320,2026-02-18 06:20:33,C001604,A0001604,M00517,T01092,Midwest,Midwest,80.54,USD,card_present,chip_pin,approved,APPROVE,138.09,0.5832428126584112,0,0,0,0,0,0,0,7,231,17,75,43,customer_velocity;terminal_customer_network_burst,0.43,0.0068630337006134355,0.43
X000122171,2026-02-18 06:21:27,C001013,A0001013,M00574,T00190,Midwest,Midwest,34.91,USD,mobile_wallet,wallet_biometric,approved,APPROVE,27.75,1.2580180180180178,0,0,0,0,0,1,0,8,395,20,40,43,customer_velocity;terminal_customer_network_burst,0.43,0.0952577012860007,0.43
X000237463,2026-02-18 06:21:51,C001936,A0001936,M00516,T00435,Northeast,Northeast,25.32,USD,card_present,chip_pin,approved,APPROVE,53.89,0.46984598255706067,0,0,0,0,0,0,0,4,196,9,27,18,terminal_customer_network_burst,0.18,0.00772152646690547,0.18
X000211661,2026-02-18 06:21:52,C001726,A0001726,M00376,T00181,South,South,54.02,USD,mobile_wallet,3ds,approved,APPROVE,60.57,0.8918606570909692,0,0,0,0,0,1,0,8,410,19,47,43,customer_velocity;terminal_customer_network_burst,0.43,0.06247034434985702,0.43
X000022110,2026-02-18 06:21:56,C000190,A0000190,M00417,T00117,South,South,19.88,USD,ecommerce,chip_pin,approved,APPROVE,26.82,0.7412378821774794,0,0,0,1,0,0,0,2,279,12,30,18,terminal_customer_network_burst,0.18,0.011502156911517703,0.18
X000196602,2026-02-18 06:22:33,C001614,A0001614,M00316,T00389,South,South,16.19,USD,ecommerce,3ds,approved,APPROVE,45.32,0.35723742277140336,0,0,0,1,0,0,0,0,367,20,18,18,terminal_customer_network_burst,0.18,0.036351055476633386,0.18
X000145972,2026-02-18 06:24:07,C001203,A0001203,M00032,T00431,West,West,22.13,USD,ecommerce,chip_pin,approved,APPROVE,73.73,0.3001491930014919,0,0,0,1,0,0,0,1,59,12,11,18,terminal_customer_network_burst,0.18,0.008996263512701698,0.18
X000013138,2026-02-18 06:24:30,C000114,A0000114,M00195,T00595,South,South,105.4,USD,card_present,3ds,approved,APPROVE,34.85,3.024390243902439,0,0,0,0,0,0,0,3,246,15,36,48,amount_vs_profile;terminal_customer_network_burst,0.48,0.03292106869961504,0.48
X000214418,2026-02-18 06:24:31,C001751,A0001751,M00739,T00701,South,South,211.85,USD,mobile_wallet,chip_pin,approved,APPROVE,69.61,3.0433845711823015,0,0,0,0,0,1,0,2,278,18,13,48,amount_vs_profile;terminal_customer_network_burst,0.48,0.13107123471078008,0.48
X000021628,2026-02-18 06:24:42,C000186,A0000186,M00442,T00105,West,West,139.14,USD,card_present,chip_pin,approved,APPROVE,223.8,0.6217158176943699,0,0,0,0,0,0,0,6,214,17,95,43,customer_velocity;terminal_customer_network_burst,0.43,0.0031058729251581393,0.43
X000128121,2026-02-18 06:25:07,C001054,A0001054,M00760,T00148,Midwest,Midwest,31.02,USD,card_present,wallet_biometric,approved,APPROVE,91.58,0.3387202445948897,0,0,0,0,0,0,0,0,189,14,13,18,terminal_customer_network_burst,0.18,0.012747194629540243,0.18
X000130962,2026-02-18 06:25:26,C001077,A0001077,M00021,T00406,South,South,40.75,USD,mobile_wallet,magstripe,approved,APPROVE,41.55,0.9807460890493382,0,0,0,0,1,1,0,3,212,17,38,18,terminal_customer_network_burst,0.18,0.05014424511074323,0.18
X000211977,2026-02-18 06:26:03,C001728,A0001728,M00213,T01006,Northeast,Northeast,159.32,USD,mobile_wallet,chip_pin,approved,APPROVE,108.82,1.4640691049439443,0,0,0,0,0,1,0,1,168,19,18,18,terminal_customer_network_burst,0.18,0.048225054439058154,0.18
X000131717,2026-02-18 06:26:13,C001083,A0001083,M00094,T01093,South,South,34.06,USD,card_present,chip_pin,approved,APPROVE,34.04,1.000587544065805,0,0,0,0,0,0,0,3,240,10,33,18,terminal_customer_network_burst,0.18,0.008838629175934936,0.18
X000204118,2026-02-18 06:26:50,C001667,A0001667,M00294,T00904,South,South,248.39,USD,card_present,chip_pin,approved,APPROVE,187.97,1.3214342714262914,0,0,0,0,0,0,0,9,275,15,104,43,customer_velocity;terminal_customer_network_burst,0.43,0.004051750260298292,0.43
X000040963,2026-02-18 06:26:58,C000347,A0000347,M00093,T01018,Northeast,Northeast,150.23,USD,card_present,chip_pin,approved,APPROVE,153.65,0.9777416205662218,0,0,0,0,0,0,0,4,198,12,47,18,terminal_customer_network_burst,0.18,0.007125659413801582,0.18
X000046322,2026-02-18 06:27:29,C000388,A0000388,M00544,T00846,South,South,109.94,USD,ecommerce,3ds,approved,APPROVE,83.44,1.317593480345158,0,0,0,1,0,0,0,5,302,19,34,43,customer_velocity;terminal_customer_network_burst,0.43,0.04301804024758377,0.43
X000228199,2026-02-18 06:27:33,C001858,A0001858,M00663,T00862,West,West,49.65,USD,mobile_wallet,3ds,approved,APPROVE,63.67,0.7798021046018533,0,0,0,0,0,1,0,2,149,14,14,18,terminal_customer_network_burst,0.18,0.02514228103603469,0.18
X000008051,2026-02-18 06:27:37,C000073,A0000073,M00716,T00578,West,West,225.8,USD,card_present,3ds,approved,APPROVE,150.97,1.495661389680069,0,0,0,0,0,0,0,3,90,16,24,18,terminal_customer_network_burst,0.18,0.019873678731139877,0.18
X000196879,2026-02-18 06:28:11,C001617,A0001617,M00213,T00876,Northeast,Northeast,75.06,USD,card_present,wallet_biometric,approved,APPROVE,54.07,1.388200480858147,0,0,0,0,0,0,0,0,172,7,18,0,,0.0,0.006964200895348844,0.006964200895348844
X000205510,2026-02-18 06:28:34,C001678,A0001678,M00425,T00883,Midwest,West,85.63,USD,card_present,magstripe,approved,APPROVE,74.52,1.1490874932903918,0,0,0,0,1,0,1,2,96,7,0,27,new_customer_terminal_pair;home_region_mismatch,0.27,0.21934656270213967,0.27
X000005684,2026-02-18 06:28:38,C000052,A0000052,M00270,T00473,South,South,97.16,USD,ecommerce,wallet_biometric,approved,APPROVE,77.76,1.249485596707819,0,0,0,1,0,0,0,1,305,18,21,18,terminal_customer_network_burst,0.18,0.03589979391825608,0.18
X000158001,2026-02-18 06:29:05,C001299,A0001299,M00382,T00233,Midwest,Midwest,53.35,USD,mobile_wallet,3ds,approved,APPROVE,66.29,0.8047971036355408,0,0,0,0,0,1,0,4,102,14,35,18,terminal_customer_network_burst,0.18,0.014545704941015472,0.18
X000130634,2026-02-18 06:29:10,C001074,A0001074,M00667,T00182,Northeast,Northeast,54.59,USD,card_present,chip_pin,approved,APPROVE,59.36,0.9196428571428572,0,0,0,0,0,0,0,1,241,11,24,18,terminal_customer_network_burst,0.18,0.0102051109161879,0.18
X000187638,2026-02-18 06:31:00,C001542,A0001542,M00266,T00421,Northeast,Northeast,97.83,USD,card_present,chip_pin,approved,APPROVE,46.1,2.1221258134490237,0,0,0,0,0,0,0,2,263,20,34,18,terminal_customer_network_burst,0.18,0.04057682110768489,0.18
X000242934,2026-02-18 06:31:07,C001981,A0001981,M00406,T00668,South,South,47.52,USD,mobile_wallet,3ds,approved,APPROVE,34.63,1.3722206179613052,0,0,0,0,0,1,0,6,279,17,26,43,customer_velocity;terminal_customer_network_burst,0.43,0.0665186702901697,0.43
X000026778,2026-02-18 06:31:57,C000230,A0000230,M00693,T01048,South,South,38.43,USD,card_present,3ds,approved,APPROVE,79.41,0.4839440876463922,0,0,0,0,0,0,0,1,200,13,23,18,terminal_customer_network_burst,0.18,0.010070282099362825,0.18
X000128595,2026-02-18 06:32:37,C001058,A0001058,M00696,T00898,Midwest,Midwest,24.71,USD,card_present,magstripe,approved,APPROVE,41.97,0.5887538718131999,0,0,0,0,1,0,0,1,120,11,0,33,new_customer_terminal_pair;terminal_customer_network_burst,0.33,0.030342951030927226,0.33
X000111794,2026-02-18 06:33:07,C000933,A0000933,M00398,T00960,South,South,93.06,USD,card_present,3ds,approved,APPROVE,62.09,1.4987920760186826,0,0,0,0,0,0,0,2,175,16,12,18,terminal_customer_network_burst,0.18,0.032129756185526305,0.18
X000075615,2026-02-18 06:33:16,C000635,A0000635,M00393,T00239,Northeast,Northeast,24.77,USD,ecommerce,magstripe,approved,APPROVE,92.24,0.26853859496964444,0,0,0,1,1,0,0,3,342,13,44,18,terminal_customer_network_burst,0.18,0.019355412456140607,0.18
X000143614,2026-02-18 06:33:32,C001183,A0001183,M00800,T00448,West,West,85.0,USD,ecommerce,magstripe,approved,APPROVE,47.72,1.7812238055322716,0,0,0,1,1,0,0,2,103,11,21,18,terminal_customer_network_burst,0.18,0.028413070052157704,0.18
X000154556,2026-02-18 06:33:39,C001273,A0001273,M00514,T01089,West,West,20.85,USD,card_present,wallet_biometric,approved,APPROVE,24.13,0.8640696228760879,0,0,0,0,0,0,0,5,59,7,23,25,customer_velocity,0.25,0.006442356373389889,0.25
X000005881,2026-02-18 06:33:44,C000054,A0000054,M00544,T00846,South,South,24.9,USD,mobile_wallet,wallet_biometric,approved,APPROVE,33.85,0.7355982274741506,0,0,0,0,0,1,0,3,303,19,25,18,terminal_customer_network_burst,0.18,0.051018222574051406,0.18
X000118494,2026-02-18 06:34:08,C000980,A0000980,M00496,T00236,Midwest,Midwest,54.9,USD,ecommerce,3ds,approved,APPROVE,172.02,0.3191489361702127,0,0,0,1,0,0,0,0,147,11,28,18,terminal_customer_network_burst,0.18,0.0051848548150765315,0.18
X000148145,2026-02-18 06:34:10,C001223,A0001223,M00087,T00078,South,South,29.57,USD,mobile_wallet,chip_pin,approved,APPROVE,42.23,0.7002131186360407,0,0,0,0,0,1,0,1,387,13,20,18,terminal_customer_network_burst,0.18,0.029087060400383228,0.18
X000012246,2026-02-18 06:34:29,C000106,A0000106,M00457,T00634,Midwest,Midwest,24.86,USD,ecommerce,3ds,approved,APPROVE,56.26,0.44187699964450766,0,0,0,1,0,0,0,6,166,10,69,43,customer_velocity;terminal_customer_network_burst,0.43,0.002726756549224775,0.43
X000181944,2026-02-18 06:35:33,C001497,A0001497,M00682,T00517,Northeast,Northeast,22.56,USD,card_present,chip_pin,approved,APPROVE,35.5,0.6354929577464788,0,0,0,0,0,0,0,1,156,22,25,18,terminal_customer_network_burst,0.18,0.025726155982502136,0.18
X000209275,2026-02-18 06:36:04,C001708,A0001708,M00611,T00035,West,West,69.75,USD,ecommerce,3ds,approved,APPROVE,49.28,1.4153814935064934,0,0,0,1,0,0,0,2,73,12,9,18,terminal_customer_network_burst,0.18,0.017514736625785864,0.18
X000048841,2026-02-18 06:36:44,C000409,A0000409,M00662,T00510,Midwest,Midwest,69.53,USD,ecommerce,3ds,approved,APPROVE,44.57,1.5600179492932467,0,0,0,1,0,0,0,4,86,14,32,18,terminal_customer_network_burst,0.18,0.014651252950139047,0.18
X000207987,2026-02-18 06:36:49,C001697,A0001697,M00281,T01194,West,West,34.47,USD,mobile_wallet,chip_pin,approved,APPROVE,53.36,0.6459895052473763,0,0,0,0,0,1,0,0,81,12,16,18,terminal_customer_network_burst,0.18,0.011809862584959774,0.18
X000243865,2026-02-18 06:36:52,C001988,A0001988,M00205,T00871,South,South,277.69,USD,card_present,wallet_biometric,approved,APPROVE,86.5,3.2102890173410406,0,0,0,0,0,0,0,0,171,11,48,48,amount_vs_profile;terminal_customer_network_burst,0.48,0.008854344117034164,0.48
X000114638,2026-02-18 06:37:09,C000953,A0000953,M00330,T01113,West,West,122.4,USD,ecommerce,chip_pin,approved,APPROVE,62.54,1.9571474256475856,0,0,0,1,0,0,0,1,208,15,19,18,terminal_customer_network_burst,0.18,0.028098120558350214,0.18
X000219231,2026-02-18 06:38:08,C001790,A0001790,M00394,T00980,South,South,140.39,USD,card_present,wallet_biometric,approved,APPROVE,121.97,1.1510207428056078,0,0,0,0,0,0,0,6,150,9,34,43,customer_velocity;terminal_customer_network_burst,0.43,0.009120595181744543,0.43
X000108200,2026-02-18 06:38:15,C000905,A0000905,M00071,T00437,West,West,51.42,USD,ecommerce,chip_pin,approved,APPROVE,84.84,0.6060820367751061,0,0,0,1,0,0,0,2,115,12,16,18,terminal_customer_network_burst,0.18,0.011240367468702477,0.18
X000235418,2026-02-18 06:38:15,C001918,A0001918,M00187,T00256,South,South,96.38,USD,card_present,chip_pin,approved,APPROVE,32.71,2.9464995414246404,0,0,0,0,0,0,0,1,295,24,21,18,terminal_customer_network_burst,0.18,0.1231309261630771,0.18
X000194190,2026-02-18 06:38:46,C001596,A0001596,M00706,T00856,Northeast,Northeast,37.0,USD,card_present,3ds,approved,APPROVE,43.85,0.8437856328392246,0,0,0,0,0,0,0,1,145,13,22,18,terminal_customer_network_burst,0.18,0.010451692068801713,0.18
X000191547,2026-02-18 06:39:22,C001571,A0001571,M00283,T01004,Northeast,Northeast,15.01,USD,ecommerce,3ds,approved,APPROVE,34.49,0.4351986082922586,0,0,0,1,0,0,0,2,200,10,61,18,terminal_customer_network_burst,0.18,0.002402734939590953,0.18
X000114738,2026-02-18 06:39:46,C000954,A0000954,M00328,T00351,Midwest,Midwest,50.11,USD,ecommerce,chip_pin,approved,APPROVE,30.99,1.616973217166828,0,0,0,1,0,0,0,2,167,16,27,18,terminal_customer_network_burst,0.18,0.02163437660777507,0.18
X000074009,2026-02-18 06:40:06,C000625,A0000625,M00550,T00423,West,West,47.97,USD,ecommerce,3ds,approved,APPROVE,38.54,1.2446808510638299,0,0,0,1,0,0,0,2,127,13,36,18,terminal_customer_network_burst,0.18,0.0088667865922529,0.18
X000221881,2026-02-18 06:40:07,C001807,A0001807,M00731,T00964,Northeast,Northeast,29.53,USD,mobile_wallet,chip_pin,approved,APPROVE,44.02,0.6708314402544298,0,0,0,0,0,1,0,1,197,12,13,18,terminal_customer_network_burst,0.18,0.019806399287379033,0.18
X000237936,2026-02-18 06:40:07,C001941,A0001941,M00791,T00739,South,South,121.45,USD,card_present,3ds,approved,APPROVE,77.96,1.5578501795792716,0,0,0,0,0,0,0,6,271,21,12,43,customer_velocity;terminal_customer_network_burst,0.43,0.11239235164998705,0.43
X000174231,2026-02-18 06:40:13,C001435,A0001435,M00147,T00338,South,South,130.51,USD,card_present,3ds,approved,APPROVE,143.1,0.9120195667365478,0,0,0,0,0,0,0,2,304,12,74,18,terminal_customer_network_burst,0.18,0.0030056807122232957,0.18
X000241590,2026-02-18 06:40:34,C001971,A0001971,M00125,T00855,West,West,141.14,USD,card_present,3ds,approved,APPROVE,150.08,0.9404317697228143,0,0,0,0,0,0,0,2,92,9,36,18,terminal_customer_network_burst,0.18,0.0042316069481181,0.18
X000165025,2026-02-18 06:40:39,C001361,A0001361,M00387,T00932,Northeast,Northeast,50.05,USD,card_present,chip_pin,approved,APPROVE,54.12,0.9247967479674797,0,0,0,0,0,0,0,3,225,17,38,18,terminal_customer_network_burst,0.18,0.015994622044123573,0.18
X000119324,2026-02-18 06:41:00,C000988,A0000988,M00280,T00178,Northeast,Northeast,18.01,USD,card_present,wallet_biometric,approved,APPROVE,18.06,0.997231450719823,0,0,0,0,0,0,0,1,162,12,27,18,terminal_customer_network_burst,0.18,0.008788642507370993,0.18
X000242404,2026-02-18 06:42:10,C001979,A0001979,M00042,T00546,Northeast,Northeast,117.09,USD,mobile_wallet,magstripe,approved,APPROVE,82.21,1.4242792847585453,0,0,0,0,1,1,0,2,274,13,44,18,terminal_customer_network_burst,0.18,0.03263824754794819,0.18
X000163165,2026-02-18 06:42:13,C001345,A0001345,M00668,T00166,Midwest,Midwest,107.3,USD,mobile_wallet,chip_pin,approved,APPROVE,169.46,0.6331877729257641,0,0,0,0,0,1,0,10,127,18,87,63,customer_velocity;high_customer_velocity;terminal_customer_network_burst,0.63,0.00876088548595856,0.63
X000123261,2026-02-18 06:42:14,C001021,A0001021,M00562,T01175,West,West,89.43,USD,card_present,chip_pin,approved,APPROVE,27.09,3.3012181616832783,0,0,0,0,0,0,0,2,205,15,26,48,amount_vs_profile;terminal_customer_network_burst,0.48,0.0404773236790512,0.48
X000138071,2026-02-18 06:43:17,C001135,A0001135,M00170,T01059,Midwest,Midwest,49.43,USD,ecommerce,chip_pin,approved,APPROVE,39.91,1.2385367075920823,0,0,0,1,0,0,0,2,185,14,22,18,terminal_customer_network_burst,0.18,0.018073893963328917,0.18
X000168317,2026-02-18 06:43:36,C001391,A0001391,M00193,T00346,West,West,28.65,USD,card_present,3ds,approved,APPROVE,73.89,0.3877385302476654,0,0,0,0,0,0,0,2,176,15,41,18,terminal_customer_network_burst,0.18,0.0072549032414932725,0.18
X000104112,2026-02-18 06:43:45,C000876,A0000876,M00400,T00412,West,West,56.31,USD,ecommerce,wallet_biometric,approved,APPROVE,29.33,1.9198772587794068,0,0,0,1,0,0,0,0,71,13,29,18,terminal_customer_network_burst,0.18,0.01001504293502414,0.18
X000011191,2026-02-18 06:43:54,C000100,A0000100,M00560,T00434,West,West,228.96,USD,ecommerce,3ds,approved,APPROVE,102.67,2.2300574656666994,0,0,0,1,0,0,0,3,108,14,35,18,terminal_customer_network_burst,0.18,0.016407242582812603,0.18
X000154059,2026-02-18 06:44:12,C001267,A0001267,M00215,T00873,South,South,72.2,USD,card_present,wallet_biometric,approved,APPROVE,58.36,1.2371487320082248,0,0,0,0,0,0,0,2,157,14,18,18,terminal_customer_network_burst,0.18,0.018132907331597323,0.18
X000205993,2026-02-18 06:44:13,C001680,A0001680,M00761,T01038,South,South,90.74,USD,card_present,chip_pin,approved,APPROVE,155.53,0.5834244197260978,0,0,0,0,0,0,0,3,292,16,48,18,terminal_customer_network_burst,0.18,0.010664962665591337,0.18
X000004798,2026-02-18 06:44:29,C000043,A0000043,M00709,T01049,Northeast,Northeast,59.57,USD,card_present,3ds,approved,APPROVE,66.24,0.8993055555555556,0,0,0,0,0,0,0,4,90,14,31,18,terminal_customer_network_burst,0.18,0.011101674817253077,0.18
X000034460,2026-02-18 06:44:38,C000292,A0000292,M00533,T00261,Northeast,Northeast,30.65,USD,card_present,chip_pin,approved,APPROVE,57.12,0.5365896358543417,0,0,0,0,0,0,0,0,287,17,20,18,terminal_customer_network_burst,0.18,0.020103121361874175,0.18
X000038336,2026-02-18 06:44:46,C000327,A0000327,M00365,T00733,South,South,116.24,USD,card_present,magstripe,approved,APPROVE,139.35,0.8341585934696807,0,0,0,0,1,0,0,3,318,21,49,18,terminal_customer_network_burst,0.18,0.04648606577661118,0.18
X000218327,2026-02-18 06:44:46,C001783,A0001783,M00585,T00052,Northeast,Midwest,34.31,USD,ecommerce,chip_pin,approved,APPROVE,68.92,0.4978235635519443,0,0,0,1,0,0,1,1,247,17,0,45,new_customer_terminal_pair;terminal_customer_network_burst;home_region_mismatch,0.45,0.3105432753259979,0.45
X000147939,2026-02-18 06:46:41,C001221,A0001221,M00699,T00493,Midwest,Midwest,138.36,USD,card_present,chip_pin,approved,APPROVE,130.45,1.0606362591031049,0,0,0,0,0,0,0,0,252,14,54,18,terminal_customer_network_burst,0.18,0.005349259255846376,0.18
X000107648,2026-02-18 06:46:51,C000900,A0000900,M00191,T00397,Midwest,Midwest,168.03,USD,card_present,3ds,approved,APPROVE,159.85,1.0511729746637473,0,0,0,0,0,0,0,3,281,15,101,18,terminal_customer_network_burst,0.18,0.0020052160223856565,0.18
X000204431,2026-02-18 06:47:21,C001668,A0001668,M00495,T00909,Midwest,Midwest,140.38,USD,card_present,magstripe,approved,APPROVE,146.34,0.959272926062594,0,0,0,0,1,0,0,8,101,8,77,43,customer_velocity;terminal_customer_network_burst,0.43,0.004509573232348402,0.43
X000131409,2026-02-18 06:47:25,C001081,A0001081,M00768,T00457,South,South,94.64,USD,card_present,3ds,approved,APPROVE,42.79,2.21173171301706,0,0,0,0,0,0,0,0,323,21,23,18,terminal_customer_network_burst,0.18,0.061171229354367446,0.18
X000199362,2026-02-18 06:47:29,C001633,A0001633,M00296,T00252,South,South,139.07,USD,ecommerce,chip_pin,approved,APPROVE,66.73,2.084070133373295,0,0,0,1,0,0,0,2,276,21,23,18,terminal_customer_network_burst,0.18,0.0682107148091789,0.18
X000093403,2026-02-18 06:48:05,C000782,A0000782,M00031,T00031,South,South,146.1,USD,mobile_wallet,chip_pin,approved,APPROVE,41.2,3.5461165048543686,0,0,0,0,0,1,0,2,300,21,24,48,amount_vs_profile;terminal_customer_network_burst,0.48,0.16380212175135422,0.48
X000024887,2026-02-18 06:48:43,C000210,A0000210,M00481,T00265,Northeast,Northeast,62.2,USD,ecommerce,wallet_biometric,approved,APPROVE,38.63,1.6101475537147294,0,0,0,1,0,0,0,1,276,17,29,18,terminal_customer_network_burst,0.18,0.026672129820945217,0.18
X000003360,2026-02-18 06:49:08,C000029,A0000029,M00044,T01081,Northeast,Northeast,47.32,USD,mobile_wallet,3ds,approved,APPROVE,52.55,0.9004757373929592,0,0,0,0,0,1,0,2,284,20,47,18,terminal_customer_network_burst,0.18,0.026098152695324093,0.18
X000007920,2026-02-18 06:49:34,C000072,A0000072,M00494,T00136,West,West,79.48,USD,card_present,chip_pin,approved,APPROVE,127.28,0.6244500314267757,0,0,0,0,0,0,0,4,105,17,49,18,terminal_customer_network_burst,0.18,0.00823070209725161,0.18
X000082410,2026-02-18 06:50:04,C000690,A0000690,M00054,T00902,West,West,20.97,USD,ecommerce,3ds,approved,APPROVE,27.75,0.7556756756756756,0,0,0,1,0,0,0,3,45,8,15,18,terminal_customer_network_burst,0.18,0.0072332715099378215,0.18
X000052916,2026-02-18 06:50:05,C000446,A0000446,M00613,T00449,South,South,33.83,USD,ecommerce,wallet_biometric,approved,APPROVE,77.56,0.43617844249613197,0,0,0,1,0,0,0,3,288,17,39,18,terminal_customer_network_burst,0.18,0.01575085811982827,0.18
X000233720,2026-02-18 06:50:06,C001905,A0001905,M00763,T00455,South,South,42.35,USD,card_present,wallet_biometric,approved,APPROVE,37.47,1.130237523352015,0,0,0,0,0,0,0,3,219,10,45,18,terminal_customer_network_burst,0.18,0.005992382951467052,0.18
X000197563,2026-02-18 06:50:15,C001621,A0001621,M00092,T00788,West,West,226.59,USD,ecommerce,chip_pin,approved,APPROVE,173.71,1.3044154049853203,0,0,0,1,0,0,0,8,292,19,79,43,customer_velocity;terminal_customer_network_burst,0.43,0.01416332006930395,0.43
X000099672,2026-02-18 06:50:31,C000837,A0000837,M00002,T00850,Northeast,Northeast,75.36,USD,card_present,chip_pin,approved,APPROVE,44.81,1.6817674626199508,0,0,0,0,0,0,0,4,185,15,44,18,terminal_customer_network_burst,0.18,0.014366530328184976,0.18
X000025533,2026-02-18 06:50:42,C000217,A0000217,M00795,T00503,Northeast,Northeast,36.83,USD,mobile_wallet,3ds,approved,APPROVE,31.74,1.1603654694391934,0,0,0,0,0,1,0,0,157,15,29,18,terminal_customer_network_burst,0.18,0.01652028716188744,0.18
X000178737,2026-02-18 06:50:45,C001472,A0001472,M00031,T00031,South,South,134.86,USD,mobile_wallet,magstripe,approved,APPROVE,48.86,2.7601309864920185,0,0,0,0,1,1,0,4,301,21,41,18,terminal_customer_network_burst,0.18,0.18416792030992155,0.18416792030992155
X000124914,2026-02-18 06:51:10,C001031,A0001031,M00733,T00848,Northeast,Northeast,67.16,USD,ecommerce,3ds,approved,APPROVE,63.58,1.0563070147845235,0,0,0,1,0,0,0,3,184,18,11,18,terminal_customer_network_burst,0.18,0.04226900626321333,0.18
X000063486,2026-02-18 06:51:15,C000539,A0000539,M00378,T01130,South,South,30.98,USD,card_present,wallet_biometric,approved,APPROVE,38.14,0.8122705820660724,0,0,0,0,0,0,0,0,318,17,21,18,terminal_customer_network_burst,0.18,0.023512565044783978,0.18
X000101670,2026-02-18 06:51:19,C000855,A0000855,M00196,T00164,Midwest,Midwest,36.28,USD,ecommerce,magstripe,approved,APPROVE,49.93,0.7266172641698379,0,0,0,1,1,0,0,0,117,17,22,18,terminal_customer_network_burst,0.18,0.029838384559596594,0.18
X000013139,2026-02-18 06:51:29,C000114,A0000114,M00195,T00595,South,South,19.44,USD,card_present,wallet_biometric,approved,APPROVE,34.85,0.5578192252510761,0,0,0,0,0,0,0,4,247,15,37,18,terminal_customer_network_burst,0.18,0.013388314626971943,0.18
X000186108,2026-02-18 06:51:31,C001529,A0001529,M00193,T01056,West,West,79.29,USD,mobile_wallet,chip_pin,approved,APPROVE,86.48,0.9168593894542091,0,0,0,0,0,1,0,5,82,11,30,43,customer_velocity;terminal_customer_network_burst,0.43,0.013414890750257969,0.43
X000031395,2026-02-18 06:51:51,C000265,A0000265,M00541,T00575,Midwest,South,44.23,USD,ecommerce,chip_pin,approved,APPROVE,31.53,1.40279099270536,0,0,0,1,0,0,1,1,180,12,0,45,new_customer_terminal_pair;terminal_customer_network_burst;home_region_mismatch,0.45,0.23226665373035507,0.45
X000230079,2026-02-18 06:53:04,C001875,A0001875,M00604,T01180,Northeast,Northeast,119.62,USD,ecommerce,wallet_biometric,approved,APPROVE,47.57,2.5146100483498004,0,0,0,1,0,0,0,1,242,17,10,18,terminal_customer_network_burst,0.18,0.06312692649021631,0.18
X000231212,2026-02-18 06:53:15,C001886,A0001886,M00347,T00674,Midwest,Midwest,132.16,USD,ecommerce,chip_pin,approved,APPROVE,59.34,2.22716548702393,0,0,0,1,0,0,0,2,131,18,23,18,terminal_customer_network_burst,0.18,0.03601198599440342,0.18
X000131859,2026-02-18 06:53:18,C001085,A0001085,M00573,T00212,Northeast,Northeast,39.43,USD,card_present,wallet_biometric,approved,APPROVE,30.1,1.3099667774086379,0,0,0,0,0,0,0,0,162,14,20,18,terminal_customer_network_burst,0.18,0.014061687547464154,0.18
X000063419,2026-02-18 06:53:23,C000538,A0000538,M00394,T00597,South,South,14.97,USD,mobile_wallet,3ds,approved,APPROVE,46.77,0.3200769724182168,0,0,0,0,0,1,0,0,241,19,19,18,terminal_customer_network_burst,0.18,0.0319241847203874,0.18
X000147940,2026-02-18 06:54:15,C001221,A0001221,M00699,T00493,Midwest,Midwest,133.13,USD,ecommerce,3ds,approved,APPROVE,130.45,1.0205442698351859,0,0,0,1,0,0,0,1,253,14,55,18,terminal_customer_network_burst,0.18,0.006060866960915605,0.18
X000042467,2026-02-18 06:54:28,C000359,A0000359,M00168,T00944,Northeast,Northeast,50.69,USD,ecommerce,3ds,approved,APPROVE,55.06,0.9206320377769704,0,0,0,1,0,0,0,2,305,18,32,18,terminal_customer_network_burst,0.18,0.0249756471345717,0.18
X000153607,2026-02-18 06:54:57,C001263,A0001263,M00273,T00611,West,West,27.77,USD,card_present,3ds,approved,APPROVE,46.94,0.5916063059224542,0,0,0,0,0,0,0,0,64,12,24,18,terminal_customer_network_burst,0.18,0.005682637649014489,0.18
X000005882,2026-02-18 06:55:37,C000054,A0000054,M00379,T01176,South,South,26.26,USD,card_present,wallet_biometric,approved,APPROVE,33.85,0.7757754800590843,0,0,0,0,0,0,0,4,309,19,18,18,terminal_customer_network_burst,0.18,0.04940462892439023,0.18
X000132976,2026-02-18 06:56:00,C001096,A0001096,M00305,T00827,Northeast,Northeast,73.84,USD,ecommerce,3ds,approved,APPROVE,37.28,1.98068669527897,0,0,0,1,0,0,0,2,202,13,30,18,terminal_customer_network_burst,0.18,0.017514387616435697,0.18
X000159248,2026-02-18 06:56:14,C001311,A0001311,M00231,T01111,South,South,75.13,USD,ecommerce,wallet_biometric,approved,APPROVE,80.68,0.9312097174020821,0,0,0,1,0,0,0,0,221,19,25,18,terminal_customer_network_burst,0.18,0.02260963623594187,0.18
X000235693,2026-02-18 06:56:23,C001921,A0001921,M00213,T00320,Northeast,Northeast,37.95,USD,ecommerce,chip_pin,approved,APPROVE,85.31,0.4448482006798734,0,0,0,1,0,0,0,1,187,9,23,18,terminal_customer_network_burst,0.18,0.006308852963223835,0.18
X000073895,2026-02-18 06:56:33,C000624,A0000624,M00614,T00113,South,South,80.19,USD,card_present,3ds,approved,APPROVE,94.14,0.8518164435946463,0,0,0,0,0,0,0,1,160,14,18,18,terminal_customer_network_burst,0.18,0.013933374127737236,0.18
X000109732,2026-02-18 06:57:24,C000916,A0000916,M00080,T00347,Midwest,Midwest,136.9,USD,ecommerce,magstripe,approved,APPROVE,125.73,1.088841167581325,0,0,0,1,1,0,0,7,143,11,68,43,customer_velocity;terminal_customer_network_burst,0.43,0.009469153327157906,0.43
X000192228,2026-02-18 06:57:37,C001577,A0001577,M00784,T00354,South,South,122.17,USD,card_present,magstripe,approved,APPROVE,271.97,0.4492039563187116,0,0,0,0,1,0,0,6,339,14,37,43,customer_velocity;terminal_customer_network_burst,0.43,0.038700519296970805,0.43
X000212691,2026-02-18 06:58:44,C001735,A0001735,M00390,T00066,Northeast,Northeast,54.87,USD,card_present,wallet_biometric,approved,APPROVE,63.23,0.8677842796141072,0,0,0,0,0,0,0,0,90,10,16,18,terminal_customer_network_burst,0.18,0.006947484849476349,0.18
X000100311,2026-02-18 06:58:47,C000844,A0000844,M00208,T00633,Midwest,Midwest,43.18,USD,card_present,magstripe,approved,APPROVE,68.6,0.6294460641399418,0,0,0,0,1,0,0,2,195,15,51,18,terminal_customer_network_burst,0.18,0.013138871195047114,0.18
X000004964,2026-02-18 06:59:19,C000045,A0000045,M00454,T00240,West,West,33.53,USD,card_present,magstripe,approved,APPROVE,25.21,1.3300277667592226,0,0,0,0,1,0,0,3,31,7,25,0,,0.0,0.011611122428764348,0.011611122428764348
X000214355,2026-02-18 06:59:23,C001750,A0001750,M00159,T00555,Northeast,Northeast,29.26,USD,card_present,wallet_biometric,approved,APPROVE,66.13,0.44246181763193715,0,0,0,0,0,0,0,1,143,13,17,18,terminal_customer_network_burst,0.18,0.010384422325128003,0.18
X000000251,2026-02-18 06:59:44,C000002,A0000002,M00553,T00764,West,West,102.61,USD,ecommerce,3ds,approved,APPROVE,97.15,1.056201749871333,0,0,0,1,0,0,0,1,56,11,29,18,terminal_customer_network_burst,0.18,0.006029157512403084,0.18
X000219465,2026-02-18 06:59:46,C001792,A0001792,M00093,T01018,Northeast,Northeast,50.47,USD,ecommerce,3ds,approved,APPROVE,54.3,0.9294659300184163,0,0,0,1,0,0,0,4,199,12,27,18,terminal_customer_network_burst,0.18,0.014068107220540573,0.18
X000238864,2026-02-18 06:59:48,C001948,A0001948,M00309,T01011,Northeast,Northeast,107.18,USD,ecommerce,chip_pin,approved,APPROVE,121.1,0.8850536746490505,0,0,0,1,0,0,0,3,238,18,50,18,terminal_customer_network_burst,0.18,0.013132380573353862,0.18
X000063804,2026-02-18 06:59:57,C000541,A0000541,M00434,T00808,South,South,204.51,USD,ecommerce,wallet_biometric,approved,APPROVE,96.59,2.1172999275287294,0,0,0,1,0,0,0,6,267,17,68,43,customer_velocity;terminal_customer_network_burst,0.43,0.01644051028001849,0.43
X000104818,2026-02-18 06:59:58,C000882,A0000882,M00481,T00116,Northeast,Northeast,35.01,USD,mobile_wallet,3ds,approved,APPROVE,26.23,1.3347312237895539,0,0,0,0,0,1,0,0,155,14,46,18,terminal_customer_network_burst,0.18,0.009082669610471803,0.18
X000064770,2026-02-18 07:01:49,C000549,A0000549,M00137,T01183,Midwest,Midwest,75.12,USD,card_present,wallet_biometric,approved,APPROVE,77.83,0.9651805216497495,0,0,0,0,0,0,0,5,94,14,44,43,customer_velocity;terminal_customer_network_burst,0.43,0.008517890641537604,0.43
X000032900,2026-02-18 07:02:12,C000278,A0000278,M00191,T00568,Midwest,Midwest,162.05,USD,mobile_wallet,chip_pin,approved,APPROVE,149.67,1.0827153070087527,0,0,0,0,0,1,0,2,235,11,40,18,terminal_customer_network_burst,0.18,0.01083154737620039,0.18
X000016027,2026-02-18 07:02:15,C000135,A0000135,M00378,T01130,South,South,78.96,USD,ecommerce,magstripe,approved,APPROVE,91.86,0.8595689092096668,0,0,0,1,1,0,0,3,319,17,42,18,terminal_customer_network_burst,0.18,0.039080271753566306,0.18
X000135005,2026-02-18 07:02:20,C001108,A0001108,M00708,T00914,West,West,114.65,USD,mobile_wallet,magstripe,approved,APPROVE,97.95,1.1704951505870342,0,0,0,0,1,1,0,3,71,6,26,0,,0.0,0.015579564332836263,0.015579564332836263
X000222731,2026-02-18 07:02:55,C001814,A0001814,M00675,T00834,Midwest,Midwest,76.05,USD,ecommerce,chip_pin,approved,APPROVE,50.89,1.4943996855963844,0,0,0,1,0,0,0,2,137,14,19,18,terminal_customer_network_burst,0.18,0.019515174657680424,0.18
X000159690,2026-02-18 07:03:00,C001316,A0001316,M00604,T00623,Northeast,Northeast,83.35,USD,ecommerce,3ds,approved,APPROVE,78.19,1.0659930937460034,0,0,0,1,0,0,0,1,189,19,19,18,terminal_customer_network_burst,0.18,0.029860543919265504,0.18
X000233066,2026-02-18 07:03:15,C001900,A0001900,M00487,T00332,South,South,48.41,USD,ecommerce,3ds,approved,APPROVE,44.08,1.0982304900181488,0,0,0,1,0,0,0,2,201,14,25,18,terminal_customer_network_burst,0.18,0.01616457811588692,0.18
X000244535,2026-02-18 07:03:59,C001993,A0001993,M00005,T00817,South,South,10.45,USD,mobile_wallet,wallet_biometric,approved,APPROVE,38.36,0.27241918665276327,0,0,0,0,0,1,0,0,384,20,22,18,terminal_customer_network_burst,0.18,0.045613431252037276,0.18
X000147498,2026-02-18 07:04:17,C001217,A0001217,M00496,T00236,Midwest,Midwest,17.84,USD,card_present,3ds,approved,APPROVE,31.3,0.5699680511182108,0,0,0,0,0,0,0,5,148,11,30,43,customer_velocity;terminal_customer_network_burst,0.43,0.00918780790391248,0.43
X000015171,2026-02-18 07:04:28,C000128,A0000128,M00262,T00998,South,South,42.86,USD,ecommerce,3ds,approved,APPROVE,50.82,0.8433687524596616,0,0,0,1,0,0,0,5,273,16,37,43,customer_velocity;terminal_customer_network_burst,0.43,0.02134801862009646,0.43
X000147049,2026-02-18 07:04:52,C001212,A0001212,M00130,T01074,South,South,8.15,USD,ecommerce,chip_pin,approved,APPROVE,21.65,0.37644341801385683,0,0,0,1,0,0,0,2,233,15,17,18,terminal_customer_network_burst,0.18,0.019043483739806886,0.18
X000097361,2026-02-18 07:04:58,C000815,A0000815,M00731,T00461,Northeast,Northeast,65.04,USD,card_present,chip_pin,approved,APPROVE,73.05,0.8903490759753595,0,0,0,0,0,0,0,4,94,6,23,0,,0.0,0.005628480128494635,0.005628480128494635
X000114198,2026-02-18 07:05:00,C000950,A0000950,M00587,T00374,South,South,25.13,USD,card_present,3ds,approved,APPROVE,33.08,0.7596735187424426,0,0,0,0,0,0,0,3,243,10,25,18,terminal_customer_network_burst,0.18,0.010454073352554688,0.18
X000158397,2026-02-18 07:06:06,C001303,A0001303,M00428,T00264,West,West,177.74,USD,card_present,wallet_biometric,approved,APPROVE,179.56,0.9898641122744487,0,0,0,0,0,0,0,2,217,16,21,18,terminal_customer_network_burst,0.18,0.021934184604039314,0.18
X000042468,2026-02-18 07:06:08,C000359,A0000359,M00168,T00944,Northeast,Northeast,39.48,USD,card_present,3ds,approved,APPROVE,55.06,0.7170359607700689,0,0,0,0,0,0,0,3,306,18,33,18,terminal_customer_network_burst,0.18,0.023809041957289216,0.18
X000200473,2026-02-18 07:06:17,C001642,A0001642,M00438,T00385,Midwest,Midwest,66.68,USD,card_present,3ds,approved,APPROVE,28.04,2.378031383737518,0,0,0,0,0,0,0,2,146,12,36,18,terminal_customer_network_burst,0.18,0.012403573409779699,0.18
X000129039,2026-02-18 07:06:31,C001061,A0001061,M00611,T00035,South,West,27.66,USD,card_present,chip_pin,approved,APPROVE,35.4,0.7813559322033898,0,0,0,0,0,0,1,0,74,12,0,45,new_customer_terminal_pair;terminal_customer_network_burst;home_region_mismatch,0.45,0.13067034171009173,0.45
X000166651,2026-02-18 07:06:37,C001375,A0001375,M00459,T00204,Northeast,Northeast,9.57,USD,ecommerce,3ds,approved,APPROVE,19.59,0.4885145482388974,0,0,0,1,0,0,0,3,369,13,50,18,terminal_customer_network_burst,0.18,0.008679701010888592,0.18
X000182537,2026-02-18 07:06:54,C001501,A0001501,M00034,T00307,Northeast,Northeast,37.2,USD,ecommerce,3ds,approved,APPROVE,47.12,0.7894736842105264,0,0,0,1,0,0,0,0,256,14,46,18,terminal_customer_network_burst,0.18,0.006614849168853467,0.18
X000192229,2026-02-18 07:07:56,C001577,A0001577,M00784,T00354,South,South,167.15,USD,card_present,magstripe,approved,APPROVE,271.97,0.6145898444681398,0,0,0,0,1,0,0,7,340,14,38,43,customer_velocity;terminal_customer_network_burst,0.43,0.04492539718614144,0.43
X000003632,2026-02-18 07:09:11,C000031,A0000031,M00240,T00605,Midwest,Midwest,115.66,USD,card_present,chip_pin,approved,APPROVE,124.2,0.9312399355877616,0,0,0,0,0,0,0,7,242,15,52,43,customer_velocity;terminal_customer_network_burst,0.43,0.013466070371795726,0.43
X000224856,2026-02-18 07:09:37,C001833,A0001833,M00731,T00584,Northeast,Northeast,18.99,USD,ecommerce,chip_pin,approved,APPROVE,18.15,1.0462809917355371,0,0,0,1,0,0,0,2,198,12,39,18,terminal_customer_network_burst,0.18,0.007916743852457185,0.18
X000177433,2026-02-18 07:10:05,C001460,A0001460,M00023,T00720,Midwest,Midwest,133.88,USD,card_present,chip_pin,approved,APPROVE,140.53,0.9526791432434355,0,0,0,0,0,0,0,4,344,17,74,18,terminal_customer_network_burst,0.18,0.007740079564796823,0.18
X000073149,2026-02-18 07:10:12,C000618,A0000618,M00745,T00255,Northeast,Northeast,190.31,USD,ecommerce,3ds,approved,APPROVE,59.7,3.1877721943048574,0,0,0,1,0,0,0,1,63,14,14,48,amount_vs_profile;terminal_customer_network_burst,0.48,0.033201028250154106,0.48
X000237937,2026-02-18 07:12:07,C001941,A0001941,M00717,T00614,South,South,74.61,USD,ecommerce,3ds,approved,APPROVE,77.96,0.95702924576706,0,0,0,1,0,0,0,7,320,16,23,43,customer_velocity;terminal_customer_network_burst,0.43,0.048981040214049414,0.43
X000051634,2026-02-18 07:12:38,C000436,A0000436,M00321,T00416,Midwest,Midwest,98.13,USD,ecommerce,chip_pin,approved,APPROVE,54.38,1.8045237219566015,0,0,0,1,0,0,0,4,199,9,25,18,terminal_customer_network_burst,0.18,0.01500938534589571,0.18
X000160240,2026-02-18 07:12:38,C001322,A0001322,M00343,T00030,West,West,100.78,USD,ecommerce,chip_pin,approved,APPROVE,56.36,1.7881476224272534,0,0,0,1,0,0,0,1,114,15,19,18,terminal_customer_network_burst,0.18,0.020729061292562388,0.18
X000169084,2026-02-18 07:12:42,C001397,A0001397,M00738,T00899,South,South,65.61,USD,ecommerce,3ds,approved,APPROVE,55.89,1.1739130434782608,0,0,0,1,0,0,0,0,416,20,58,18,terminal_customer_network_burst,0.18,0.016012792003951858,0.18
X000188661,2026-02-18 07:13:31,C001549,A0001549,M00400,T00241,West,West,169.53,USD,card_present,wallet_biometric,approved,APPROVE,153.09,1.1073878110915147,0,0,0,0,0,0,0,11,221,15,77,63,customer_velocity;high_customer_velocity;terminal_customer_network_burst,0.63,0.009783042968765827,0.63
X000172682,2026-02-18 07:13:55,C001424,A0001424,M00625,T00763,Northeast,Northeast,85.3,USD,ecommerce,wallet_biometric,approved,APPROVE,44.21,1.9294277312825152,0,0,0,1,0,0,0,2,108,9,24,18,terminal_customer_network_burst,0.18,0.010238062462755857,0.18
X000066883,2026-02-18 07:14:17,C000567,A0000567,M00531,T00724,Midwest,Midwest,12.3,USD,card_present,wallet_biometric,approved,APPROVE,38.16,0.32232704402515727,0,0,0,0,0,0,0,0,124,9,16,18,terminal_customer_network_burst,0.18,0.00539728406051364,0.18
X000235290,2026-02-18 07:16:37,C001917,A0001917,M00223,T00651,South,South,147.96,USD,card_present,chip_pin,approved,APPROVE,143.14,1.0336733268129106,0,0,0,0,0,0,0,5,311,15,71,43,customer_velocity;terminal_customer_network_burst,0.43,0.0071889371944048154,0.43
X000244342,2026-02-18 07:17:11,C001991,A0001991,M00647,T01037,West,West,144.79,USD,card_present,chip_pin,approved,APPROVE,128.63,1.1256316566897302,0,0,0,0,0,0,0,3,180,12,54,18,terminal_customer_network_burst,0.18,0.005124339901008115,0.18
X000185845,2026-02-18 07:17:36,C001527,A0001527,M00129,T00930,West,West,15.5,USD,card_present,wallet_biometric,approved,APPROVE,28.9,0.5363321799307958,0,0,0,0,0,0,0,4,123,12,44,18,terminal_customer_network_burst,0.18,0.0054141749687090165,0.18
X000032535,2026-02-18 07:17:55,C000275,A0000275,M00130,T01074,South,South,31.02,USD,mobile_wallet,3ds,approved,APPROVE,60.84,0.509861932938856,0,0,0,0,0,1,0,3,234,15,61,18,terminal_customer_network_burst,0.18,0.007843555702672665,0.18
X000026579,2026-02-18 07:17:56,C000228,A0000228,M00645,T00155,South,South,91.37,USD,ecommerce,wallet_biometric,approved,APPROVE,34.69,2.6339002594407614,0,0,0,1,0,0,0,2,313,14,20,18,terminal_customer_network_burst,0.18,0.04611357356336481,0.18
X000057896,2026-02-18 07:18:06,C000491,A0000491,M00315,T01023,Midwest,Midwest,193.95,USD,mobile_wallet,3ds,approved,APPROVE,85.5,2.2684210526315787,0,0,0,0,0,1,0,1,182,12,18,18,terminal_customer_network_burst,0.18,0.030758940325036812,0.18
X000187062,2026-02-18 07:18:18,C001538,A0001538,M00170,T01059,Midwest,Midwest,34.1,USD,card_present,wallet_biometric,approved,APPROVE,53.88,0.6328878990348924,0,0,0,0,0,0,0,7,186,14,41,43,customer_velocity;terminal_customer_network_burst,0.43,0.013103308791825067,0.43
X000095126,2026-02-18 07:19:10,C000794,A0000794,M00437,T00139,West,West,38.37,USD,mobile_wallet,chip_pin,approved,APPROVE,72.89,0.5264096583893538,0,0,0,0,0,1,0,1,172,16,26,18,terminal_customer_network_burst,0.18,0.018482529827234594,0.18
X000148762,2026-02-18 07:19:17,C001225,A0001225,M00507,T00488,South,South,142.09,USD,card_present,chip_pin,approved,APPROVE,171.02,0.8308384984212372,0,0,0,0,0,0,0,7,272,14,119,43,customer_velocity;terminal_customer_network_burst,0.43,0.0014201695843246074,0.43
X000027076,2026-02-18 07:19:21,C000233,A0000233,M00051,T00286,South,South,165.26,USD,card_present,chip_pin,approved,APPROVE,52.79,3.1305171433983707,0,0,0,0,0,0,0,3,334,15,27,48,amount_vs_profile;terminal_customer_network_burst,0.48,0.056416467342942936,0.48
X000179230,2026-02-18 07:19:25,C001475,A0001475,M00458,T00358,West,West,112.63,USD,ecommerce,wallet_biometric,approved,APPROVE,88.78,1.2686415859427798,0,0,0,1,0,0,0,0,82,11,21,18,terminal_customer_network_burst,0.18,0.008089917232508207,0.18
X000141869,2026-02-18 07:19:55,C001169,A0001169,M00040,T00439,Northeast,Northeast,625.06,USD,card_present,chip_pin,approved,APPROVE,104.26,5.995204296949932,0,0,0,0,0,0,0,8,320,15,43,73,amount_vs_profile;customer_velocity;terminal_customer_network_burst,0.73,0.1661873052018765,0.73
X000107649,2026-02-18 07:20:20,C000900,A0000900,M00532,T00040,Midwest,West,246.47,USD,card_present,chip_pin,approved,APPROVE,159.85,1.541883015326869,0,0,0,0,0,0,1,4,172,11,0,45,new_customer_terminal_pair;terminal_customer_network_burst;home_region_mismatch,0.45,0.27324741782916057,0.45
X000224355,2026-02-18 07:20:48,C001831,A0001831,M00556,T00223,South,South,24.37,USD,card_present,3ds,approved,APPROVE,24.6,0.990650406504065,0,0,0,0,0,0,0,7,292,15,32,43,customer_velocity;terminal_customer_network_burst,0.43,0.0295917390888167,0.43
X000072373,2026-02-18 07:20:49,C000611,A0000611,M00485,T00689,South,South,43.42,USD,card_present,chip_pin,approved,APPROVE,23.9,1.8167364016736403,0,0,0,0,0,0,0,4,76,10,18,18,terminal_customer_network_burst,0.18,0.014718678008919633,0.18
X000163281,2026-02-18 07:20:52,C001346,A0001346,M00192,T00798,South,South,95.91,USD,card_present,chip_pin,approved,APPROVE,37.91,2.5299393299920867,0,0,0,0,0,0,0,1,264,14,16,18,terminal_customer_network_burst,0.18,0.03767867849210952,0.18
X000033122,2026-02-18 07:21:13,C000280,A0000280,M00586,T00036,Northeast,Northeast,120.23,USD,card_present,chip_pin,approved,APPROVE,208.38,0.5769747576542855,0,0,0,0,0,0,0,0,195,16,42,18,terminal_customer_network_burst,0.18,0.007089507411356413,0.18
X000082607,2026-02-18 07:21:41,C000692,A0000692,M00645,T00905,South,South,342.13,USD,card_present,3ds,approved,APPROVE,71.28,4.799803591470258,0,0,0,0,0,0,0,3,419,21,40,48,amount_vs_profile;terminal_customer_network_burst,0.48,0.16458222900409025,0.48
X000200144,2026-02-18 07:21:44,C001639,A0001639,M00213,T00876,Northeast,Northeast,42.67,USD,ecommerce,chip_pin,approved,APPROVE,99.93,0.4269988992294606,0,0,0,1,0,0,0,4,173,7,71,0,,0.0,0.0014311414746492517,0.0014311414746492517
X000072250,2026-02-18 07:22:11,C000610,A0000610,M00010,T00620,West,Northeast,117.54,USD,mobile_wallet,wallet_biometric,approved,APPROVE,97.14,1.2100061766522545,0,0,0,0,0,1,1,4,129,18,0,45,new_customer_terminal_pair;terminal_customer_network_burst;home_region_mismatch,0.45,0.5048168007670214,0.5048168007670214
X000179563,2026-02-18 07:22:57,C001476,A0001476,M00219,T00193,Northeast,Northeast,161.73,USD,card_present,chip_pin,approved,APPROVE,246.77,0.6553876078939903,0,0,0,0,0,0,0,9,278,10,120,43,customer_velocity;terminal_customer_network_burst,0.43,0.001022929921561837,0.43
X000013451,2026-02-18 07:23:13,C000115,A0000115,M00615,T01067,Midwest,Midwest,84.54,USD,ecommerce,chip_pin,approved,APPROVE,73.53,1.1497348021215832,0,0,0,1,0,0,0,8,235,15,86,43,customer_velocity;terminal_customer_network_burst,0.43,0.005727944837644483,0.43
X000074693,2026-02-18 07:23:18,C000629,A0000629,M00391,T01061,Northeast,Northeast,206.97,USD,mobile_wallet,3ds,approved,APPROVE,118.88,1.74099932705249,0,0,0,0,0,1,0,8,216,17,101,43,customer_velocity;terminal_customer_network_burst,0.43,0.007717178833054776,0.43
X000016028,2026-02-18 07:23:52,C000135,A0000135,M00243,T00806,South,South,106.04,USD,card_present,wallet_biometric,approved,APPROVE,91.86,1.1543653385586763,0,0,0,0,0,0,0,4,279,13,0,33,new_customer_terminal_pair;terminal_customer_network_burst,0.33,0.04706043583220333,0.33
X000054571,2026-02-18 07:24:06,C000461,A0000461,M00280,T00178,South,Northeast,1155.77,USD,ecommerce,wallet_biometric,approved,APPROVE,456.08,2.5341387475881425,0,0,0,1,0,0,1,3,163,12,0,45,new_customer_terminal_pair;terminal_customer_network_burst;home_region_mismatch,0.45,0.3679163912434663,0.45
X000080159,2026-02-18 07:25:32,C000674,A0000674,M00341,T00572,Midwest,Midwest,331.27,USD,card_present,wallet_biometric,soft_decline,CHALLENGE,400.29,0.8275750081191136,0,0,1,0,0,0,0,5,251,15,58,51,customer_velocity;terminal_customer_network_burst;authentication_soft_decline,0.51,0.03971981633482912,0.51
X000017599,2026-02-18 07:26:07,C000150,A0000150,M00394,T00597,South,South,529.99,USD,card_present,wallet_biometric,approved,APPROVE,224.61,2.359601086327412,0,0,0,0,0,0,0,7,242,19,52,43,customer_velocity;terminal_customer_network_burst,0.43,0.03788391000719171,0.43
X000014131,2026-02-18 07:27:02,C000119,A0000119,M00183,T00617,South,South,22.95,USD,ecommerce,chip_pin,approved,APPROVE,73.13,0.3138246957472993,0,0,0,1,0,0,0,5,238,15,37,43,customer_velocity;terminal_customer_network_burst,0.43,0.014051314426781177,0.43
X000118280,2026-02-18 07:27:24,C000978,A0000978,M00594,T01188,Northeast,Northeast,134.85,USD,ecommerce,3ds,approved,APPROVE,240.92,0.5597293707454757,0,0,0,1,0,0,0,3,463,22,87,18,terminal_customer_network_burst,0.18,0.009961260202404018,0.18
X000004866,2026-02-18 07:27:58,C000044,A0000044,M00345,T00208,South,South,28.89,USD,card_present,chip_pin,approved,APPROVE,23.35,1.2372591006423983,0,0,0,0,0,0,0,2,273,21,15,18,terminal_customer_network_burst,0.18,0.059413542014429346,0.18
X000085131,2026-02-18 07:28:00,C000710,A0000710,M00400,T00360,West,West,46.21,USD,ecommerce,wallet_biometric,approved,APPROVE,85.75,0.5388921282798834,0,0,0,1,0,0,0,5,123,13,88,43,customer_velocity;terminal_customer_network_burst,0.43,0.0017395918206521055,0.43
X000086960,2026-02-18 07:28:22,C000728,A0000728,M00122,T00225,South,South,402.59,USD,card_present,chip_pin,approved,APPROVE,159.7,2.520914214151534,0,0,0,0,0,0,0,2,172,10,63,18,terminal_customer_network_burst,0.18,0.00464272078720666,0.18
X000027077,2026-02-18 07:28:38,C000233,A0000233,M00771,T00411,South,South,112.02,USD,ecommerce,wallet_biometric,approved,APPROVE,52.79,2.1219928016669822,0,0,0,1,0,0,0,4,137,17,37,18,terminal_customer_network_burst,0.18,0.02525998530513325,0.18
X000043483,2026-02-18 07:29:18,C000368,A0000368,M00782,T00669,Midwest,Midwest,57.44,USD,card_present,chip_pin,approved,APPROVE,48.53,1.1835977745724293,0,0,0,0,0,0,0,1,216,12,26,18,terminal_customer_network_burst,0.18,0.011235328046683292,0.18
X000010214,2026-02-18 07:29:31,C000092,A0000092,M00077,T00783,South,South,13.06,USD,mobile_wallet,chip_pin,approved,APPROVE,36.18,0.3609729132117192,0,0,0,0,0,1,0,2,288,27,27,18,terminal_customer_network_burst,0.18,0.08734976975203997,0.18
X000073150,2026-02-18 07:30:25,C000618,A0000618,M00638,T01099,Northeast,Northeast,72.1,USD,card_present,chip_pin,approved,APPROVE,59.7,1.2077051926298157,0,0,0,0,0,0,0,2,183,13,22,18,terminal_customer_network_burst,0.18,0.014983936640548022,0.18
X000133240,2026-02-18 07:30:44,C001098,A0001098,M00211,T00509,Midwest,Midwest,29.84,USD,ecommerce,chip_pin,approved,APPROVE,53.75,0.5551627906976744,0,0,0,1,0,0,0,3,299,19,48,18,terminal_customer_network_burst,0.18,0.016098996254217724,0.18
X000225908,2026-02-18 07:30:48,C001840,A0001840,M00005,T01091,South,South,129.71,USD,card_present,3ds,approved,APPROVE,193.68,0.6697129285419249,0,0,0,0,0,0,0,4,274,19,61,18,terminal_customer_network_burst,0.18,0.011104902242323534,0.18
X000141422,2026-02-18 07:31:14,C001164,A0001164,M00193,T01073,West,West,255.47,USD,card_present,chip_pin,approved,APPROVE,140.47,1.8186801452267387,0,0,0,0,0,0,0,1,84,7,40,0,,0.0,0.003652234452629559,0.003652234452629559
X000035226,2026-02-18 07:31:44,C000298,A0000298,M00185,T00490,Midwest,West,278.76,USD,ecommerce,3ds,approved,APPROVE,164.22,1.6974789915966386,0,0,0,1,0,0,1,3,126,12,0,45,new_customer_terminal_pair;terminal_customer_network_burst;home_region_mismatch,0.45,0.27318358619567645,0.45
X000058143,2026-02-18 07:32:36,C000493,A0000493,M00720,T00705,Northeast,Northeast,47.67,USD,card_present,chip_pin,approved,APPROVE,104.71,0.45525737751886164,0,0,0,0,0,0,0,6,277,19,47,43,customer_velocity;terminal_customer_network_burst,0.43,0.020277893474520383,0.43
X000159249,2026-02-18 07:32:40,C001311,A0001311,M00231,T01111,South,South,81.68,USD,ecommerce,chip_pin,approved,APPROVE,80.68,1.0123946455131383,0,0,0,1,0,0,0,1,222,19,26,18,terminal_customer_network_burst,0.18,0.02544984719770574,0.18
X000067876,2026-02-18 07:32:51,C000575,A0000575,M00318,T00746,Midwest,Midwest,28.74,USD,mobile_wallet,wallet_biometric,approved,APPROVE,61.13,0.4701455913626697,0,0,0,0,0,1,0,1,376,25,32,18,terminal_customer_network_burst,0.18,0.06957873881127484,0.18
X000104819,2026-02-18 07:32:59,C000882,A0000882,M00533,T00261,Northeast,Northeast,9.46,USD,card_present,chip_pin,approved,APPROVE,26.23,0.36065573770491804,0,0,0,0,0,0,0,1,288,17,36,18,terminal_customer_network_burst,0.18,0.012639353506080428,0.18
X000149537,2026-02-18 07:33:56,C001230,A0001230,M00720,T00311,Northeast,Northeast,59.72,USD,card_present,wallet_biometric,approved,APPROVE,51.13,1.1680031292783102,0,0,0,0,0,0,0,2,163,17,35,18,terminal_customer_network_burst,0.18,0.014766560773938602,0.18
X000168743,2026-02-18 07:34:13,C001395,A0001395,M00535,T00606,West,West,48.63,USD,ecommerce,chip_pin,approved,APPROVE,55.67,0.8735405065564936,0,0,0,1,0,0,0,3,331,13,43,18,terminal_customer_network_burst,0.18,0.011530314633805569,0.18
X000104820,2026-02-18 07:35:02,C000882,A0000882,M00070,T00004,Northeast,Northeast,38.07,USD,card_present,3ds,approved,APPROVE,26.23,1.4513915364086922,0,0,0,0,0,0,0,2,239,12,29,18,terminal_customer_network_burst,0.18,0.013544276652625234,0.18
X000192490,2026-02-18 07:35:38,C001580,A0001580,M00119,T00895,South,South,17.63,USD,card_present,3ds,approved,APPROVE,30.98,0.5690768237572628,0,0,0,0,0,0,0,0,323,17,29,18,terminal_customer_network_burst,0.18,0.016740145140052995,0.18
X000171668,2026-02-18 07:35:40,C001415,A0001415,M00460,T00677,Midwest,Midwest,41.2,USD,ecommerce,wallet_biometric,approved,APPROVE,52.35,0.787010506208214,0,0,0,1,0,0,0,0,292,22,18,18,terminal_customer_network_burst,0.18,0.04488967808737078,0.18
X000090766,2026-02-18 07:35:51,C000760,A0000760,M00077,T00783,South,South,60.75,USD,mobile_wallet,magstripe,approved,APPROVE,41.22,1.4737991266375545,0,0,0,0,1,1,0,0,289,27,22,18,terminal_customer_network_burst,0.18,0.2340961819748153,0.2340961819748153
X000086313,2026-02-18 07:35:56,C000724,A0000724,M00614,T00113,Midwest,South,30.22,USD,card_present,magstripe,approved,APPROVE,51.03,0.5922006662747403,0,0,0,0,1,0,1,0,161,14,0,45,new_customer_terminal_pair;terminal_customer_network_burst;home_region_mismatch,0.45,0.324631506040686,0.45
X000241044,2026-02-18 07:36:10,C001967,A0001967,M00763,T00601,South,South,77.06,USD,ecommerce,magstripe,approved,APPROVE,81.83,0.9417084198949042,0,0,0,1,1,0,0,2,311,25,26,18,terminal_customer_network_burst,0.18,0.1375966430791331,0.18
X000212611,2026-02-18 07:36:29,C001734,A0001734,M00163,T00147,Midwest,Midwest,96.97,USD,card_present,chip_pin,approved,APPROVE,65.75,1.474828897338403,0,0,0,0,0,0,0,3,97,11,27,18,terminal_customer_network_burst,0.18,0.010140180672359184,0.18
X000125909,2026-02-18 07:36:50,C001037,A0001037,M00620,T00585,South,South,34.78,USD,card_present,wallet_biometric,approved,APPROVE,22.67,1.5341861490957212,0,0,0,0,0,0,0,1,255,14,18,18,terminal_customer_network_burst,0.18,0.023307847147384025,0.18
X000046096,2026-02-18 07:36:57,C000386,A0000386,M00524,T00505,West,West,83.27,USD,mobile_wallet,3ds,approved,APPROVE,59.52,1.3990255376344085,0,0,0,0,0,1,0,1,104,16,22,18,terminal_customer_network_burst,0.18,0.02505774041533667,0.18
X000170756,2026-02-18 07:37:42,C001407,A0001407,M00733,T00848,Northeast,Northeast,55.07,USD,ecommerce,chip_pin,approved,APPROVE,65.08,0.8461893054701906,0,0,0,1,0,0,0,0,185,18,30,18,terminal_customer_network_burst,0.18,0.015131192198532576,0.18
X000064893,2026-02-18 07:38:12,C000550,A0000550,M00015,T00330,South,South,127.95,USD,mobile_wallet,magstripe,approved,APPROVE,79.69,1.6055966871627558,0,0,0,0,1,1,0,1,410,35,28,18,terminal_customer_network_burst,0.18,0.5138462355074465,0.5138462355074465
X000208663,2026-02-18 07:39:23,C001702,A0001702,M00477,T00694,West,West,112.24,USD,ecommerce,chip_pin,approved,APPROVE,260.4,0.43102918586789557,0,0,0,1,0,0,0,7,204,15,77,43,customer_velocity;terminal_customer_network_burst,0.43,0.004699232038812015,0.43
X000215633,2026-02-18 07:39:47,C001761,A0001761,M00222,T00844,South,South,80.68,USD,mobile_wallet,3ds,approved,APPROVE,67.82,1.189619581244471,0,0,0,0,0,1,0,3,219,15,36,18,terminal_customer_network_burst,0.18,0.02213713693147309,0.18
X000051966,2026-02-18 07:40:03,C000439,A0000439,M00604,T00623,Northeast,Northeast,109.54,USD,card_present,3ds,approved,APPROVE,47.61,2.300777147658055,0,0,0,0,0,0,0,1,190,19,34,18,terminal_customer_network_burst,0.18,0.028872627814884727,0.18
X000176943,2026-02-18 07:40:07,C001458,A0001458,M00667,T00609,Northeast,Northeast,139.12,USD,ecommerce,chip_pin,approved,APPROVE,89.01,1.562970452758117,0,0,0,1,0,0,0,5,407,25,32,43,customer_velocity;terminal_customer_network_burst,0.43,0.12432676876960777,0.43
X000039976,2026-02-18 07:40:41,C000339,A0000339,M00535,T00606,West,West,112.07,USD,card_present,3ds,approved,APPROVE,89.3,1.25498320268757,0,0,0,0,0,0,0,1,332,13,21,18,terminal_customer_network_burst,0.18,0.020488359157396385,0.18
X000066801,2026-02-18 07:41:08,C000566,A0000566,M00281,T00326,West,West,14.7,USD,mobile_wallet,3ds,approved,APPROVE,39.44,0.3727180527383367,0,0,0,0,0,1,0,1,83,10,21,18,terminal_customer_network_burst,0.18,0.008034565252525015,0.18
X000197564,2026-02-18 07:41:15,C001621,A0001621,M00092,T00788,West,West,85.51,USD,card_present,wallet_biometric,approved,APPROVE,173.71,0.4922572102930171,0,0,0,0,0,0,0,8,293,19,80,43,customer_velocity;terminal_customer_network_burst,0.43,0.009391365171644848,0.43
X000071663,2026-02-18 07:41:17,C000608,A0000608,M00583,T00327,Midwest,Midwest,101.73,USD,mobile_wallet,magstripe,approved,APPROVE,130.3,0.7807367613200307,0,0,0,0,1,1,0,0,123,14,14,18,terminal_customer_network_burst,0.18,0.03980100540340974,0.18
X000028670,2026-02-18 07:41:18,C000246,A0000246,M00696,T00898,Midwest,Midwest,99.27,USD,card_present,3ds,soft_decline,CHALLENGE,86.58,1.1465696465696464,0,0,1,0,0,0,0,2,121,12,74,26,terminal_customer_network_burst;authentication_soft_decline,0.26,0.00973828316644147,0.26
X000188957,2026-02-18 07:41:22,C001552,A0001552,M00296,T00758,South,South,121.3,USD,card_present,3ds,soft_decline,CHALLENGE,80.3,1.510585305105853,0,0,1,0,0,0,0,1,76,9,23,26,terminal_customer_network_burst;authentication_soft_decline,0.26,0.032121805582744765,0.26
X000225909,2026-02-18 07:41:37,C001840,A0001840,M00005,T01091,South,South,110.49,USD,card_present,chip_pin,approved,APPROVE,193.68,0.5704770755885997,0,0,0,0,0,0,0,5,275,19,62,43,customer_velocity;terminal_customer_network_burst,0.43,0.011639133930778051,0.43
X000131317,2026-02-18 07:41:46,C001080,A0001080,M00737,T00804,Midwest,Midwest,56.57,USD,mobile_wallet,3ds,approved,APPROVE,51.38,1.1010120669521215,0,0,0,0,0,1,0,3,240,14,34,18,terminal_customer_network_burst,0.18,0.02137323335420397,0.18
X000137409,2026-02-18 07:41:49,C001128,A0001128,M00794,T01041,Midwest,Midwest,155.67,USD,ecommerce,chip_pin,approved,APPROVE,144.34,1.0784952196203408,0,0,0,1,0,0,0,5,35,9,27,43,customer_velocity;terminal_customer_network_burst,0.43,0.007759783536529776,0.43
X000032239,2026-02-18 07:42:05,C000273,A0000273,M00401,T00536,South,South,42.35,USD,card_present,3ds,approved,APPROVE,31.83,1.3305058121269244,0,0,0,0,0,0,0,0,320,21,24,18,terminal_customer_network_burst,0.18,0.041835364330146785,0.18
X000029423,2026-02-18 07:42:14,C000253,A0000253,M00626,T01083,South,South,288.19,USD,card_present,wallet_biometric,soft_decline,CHALLENGE,203.2,1.418257874015748,0,0,1,0,0,0,0,2,215,18,50,26,terminal_customer_network_burst;authentication_soft_decline,0.26,0.05874700326716507,0.26
X000245206,2026-02-18 07:42:25,C001997,A0001997,M00580,T00415,South,South,483.66,USD,ecommerce,chip_pin,approved,APPROVE,191.59,2.5244532595646954,0,0,0,1,0,0,0,2,352,22,44,18,terminal_customer_network_burst,0.18,0.05719513781882747,0.18
X000031157,2026-02-18 07:42:57,C000263,A0000263,M00562,T01175,West,West,148.65,USD,ecommerce,3ds,approved,APPROVE,149.88,0.9917934347477984,0,0,0,1,0,0,0,2,206,15,36,18,terminal_customer_network_burst,0.18,0.012394736507788377,0.18
X000040568,2026-02-18 07:43:03,C000344,A0000344,M00460,T00355,Midwest,Midwest,93.66,USD,card_present,chip_pin,approved,APPROVE,46.73,2.0042799058420715,0,0,0,0,0,0,0,3,187,16,37,18,terminal_customer_network_burst,0.18,0.020575772668241742,0.18
X000141009,2026-02-18 07:43:13,C001161,A0001161,M00673,T01116,West,West,74.83,USD,card_present,chip_pin,approved,APPROVE,68.85,1.0868554829339143,0,0,0,0,0,0,0,3,55,11,20,18,terminal_customer_network_burst,0.18,0.00975332061868145,0.18
X000223634,2026-02-18 07:43:18,C001823,A0001823,M00378,T00467,South,South,38.85,USD,ecommerce,chip_pin,approved,APPROVE,33.66,1.1541889483065955,0,0,0,1,0,0,0,1,241,15,33,18,terminal_customer_network_burst,0.18,0.014178481078340036,0.18
X000202293,2026-02-18 07:43:35,C001654,A0001654,M00233,T00645,West,West,224.05,USD,card_present,wallet_biometric,approved,APPROVE,195.33,1.1470332258229663,0,0,0,0,0,0,0,3,88,8,50,18,terminal_customer_network_burst,0.18,0.0028914573361238033,0.18
X000171381,2026-02-18 07:43:47,C001412,A0001412,M00240,T00605,Midwest,Midwest,21.6,USD,card_present,wallet_biometric,approved,APPROVE,62.79,0.34400382226469184,0,0,0,0,0,0,0,3,243,15,42,18,terminal_customer_network_burst,0.18,0.009210042178256533,0.18
X000040812,2026-02-18 07:44:04,C000346,A0000346,M00481,T00116,Northeast,Northeast,23.3,USD,ecommerce,3ds,approved,APPROVE,74.92,0.31099839829151094,0,0,0,1,0,0,0,1,156,14,37,18,terminal_customer_network_burst,0.18,0.006338584569536569,0.18
X000227639,2026-02-18 07:44:34,C001855,A0001855,M00798,T01060,Northeast,Northeast,66.01,USD,card_present,chip_pin,approved,APPROVE,41.15,1.6041312272174972,0,0,0,0,0,0,0,2,299,10,19,18,terminal_customer_network_burst,0.18,0.018279377558272233,0.18
X000145973,2026-02-18 07:44:51,C001203,A0001203,M00442,T00105,West,West,153.58,USD,ecommerce,chip_pin,approved,APPROVE,73.73,2.0830055608300557,0,0,0,1,0,0,0,2,215,17,19,18,terminal_customer_network_burst,0.18,0.04236524479940513,0.18
X000103081,2026-02-18 07:45:30,C000866,A0000866,M00379,T01176,South,South,49.35,USD,card_present,chip_pin,approved,APPROVE,48.51,1.0173160173160174,0,0,0,0,0,0,0,1,310,19,11,18,terminal_customer_network_burst,0.18,0.04823848627578741,0.18
X000137839,2026-02-18 07:46:02,C001133,A0001133,M00094,T00206,South,South,30.83,USD,card_present,chip_pin,approved,APPROVE,38.62,0.7982910409114449,0,0,0,0,0,0,0,1,223,17,20,18,terminal_customer_network_burst,0.18,0.02131386645291555,0.18
X000010554,2026-02-18 07:46:09,C000095,A0000095,M00077,T00306,South,South,12.19,USD,card_present,3ds,approved,APPROVE,30.37,0.4013829436944353,0,0,0,0,0,0,0,1,305,17,21,18,terminal_customer_network_burst,0.18,0.0216713272219171,0.18
X000124781,2026-02-18 07:46:14,C001030,A0001030,M00452,T00101,Northeast,Northeast,476.61,USD,ecommerce,wallet_biometric,approved,APPROVE,208.04,2.290953662757162,0,0,0,1,0,0,0,10,272,10,107,63,customer_velocity;high_customer_velocity;terminal_customer_network_burst,0.63,0.0035524432797293874,0.63
X000124453,2026-02-18 07:46:44,C001029,A0001029,M00552,T00602,Northeast,Northeast,19.42,USD,card_present,chip_pin,approved,APPROVE,24.49,0.7929767251939568,0,0,0,0,0,0,0,4,228,13,42,18,terminal_customer_network_burst,0.18,0.009439378323894942,0.18
X000153608,2026-02-18 07:48:25,C001263,A0001263,M00575,T00637,West,West,83.59,USD,card_present,magstripe,approved,APPROVE,46.94,1.7807839795483598,0,0,0,0,1,0,0,1,74,15,27,18,terminal_customer_network_burst,0.18,0.029358274667033682,0.18
X000102192,2026-02-18 07:48:34,C000859,A0000859,M00587,T00725,South,South,488.73,USD,ecommerce,chip_pin,approved,APPROVE,276.18,1.7696067781881382,0,0,0,1,0,0,0,3,163,15,70,18,terminal_customer_network_burst,0.18,0.0057147811555075785,0.18
X000222625,2026-02-18 07:48:55,C001813,A0001813,M00017,T00257,Midwest,Midwest,160.4,USD,card_present,chip_pin,approved,APPROVE,190.87,0.8403625504269921,0,0,0,0,0,0,0,3,159,8,60,18,terminal_customer_network_burst,0.18,0.0022148977691543443,0.18
X000238275,2026-02-18 07:49:21,C001944,A0001944,M00247,T01144,South,South,60.63,USD,ecommerce,3ds,approved,APPROVE,93.15,0.6508856682769726,0,0,0,1,0,0,0,0,446,27,23,18,terminal_customer_network_burst,0.18,0.0924969384511779,0.18
X000146853,2026-02-18 07:49:48,C001210,A0001210,M00561,T00275,Midwest,Midwest,301.34,USD,card_present,chip_pin,approved,APPROVE,138.79,2.1711938900497154,0,0,0,0,0,0,0,3,101,11,76,18,terminal_customer_network_burst,0.18,0.0027875264911898638,0.18
X000215249,2026-02-18 07:49:55,C001757,A0001757,M00200,T00734,Midwest,Midwest,159.85,USD,card_present,wallet_biometric,approved,APPROVE,178.56,0.89521729390681,0,0,0,0,0,0,0,6,153,16,43,43,customer_velocity;terminal_customer_network_burst,0.43,0.014135040187221943,0.43
X000180581,2026-02-18 07:50:50,C001483,A0001483,M00040,T00656,Northeast,Northeast,103.44,USD,ecommerce,chip_pin,approved,APPROVE,259.43,0.39872027136414445,0,0,0,1,0,0,0,2,164,16,73,18,terminal_customer_network_burst,0.18,0.0029791422230715796,0.18
X000016307,2026-02-18 07:51:49,C000137,A0000137,M00736,T00065,South,South,121.99,USD,card_present,magstripe,approved,APPROVE,145.83,0.8365219776452032,0,0,0,0,1,0,0,1,317,18,46,18,terminal_customer_network_burst,0.18,0.028806184533190303,0.18
X000197932,2026-02-18 07:52:08,C001623,A0001623,M00453,T00831,South,South,61.05,USD,card_present,chip_pin,approved,APPROVE,107.7,0.5668523676880223,0,0,0,0,0,0,0,4,424,20,59,18,terminal_customer_network_burst,0.18,0.018706636414956703,0.18
X000018208,2026-02-18 07:52:11,C000155,A0000155,M00005,T01091,South,South,60.51,USD,mobile_wallet,wallet_biometric,approved,APPROVE,79.53,0.7608449641644662,0,0,0,0,0,1,0,0,276,19,20,18,terminal_customer_network_burst,0.18,0.04015506898585936,0.18
X000091857,2026-02-18 07:52:22,C000769,A0000769,M00262,T00060,South,South,168.24,USD,ecommerce,wallet_biometric,approved,APPROVE,268.43,0.6267555787356108,0,0,0,1,0,0,0,6,345,19,79,43,customer_velocity;terminal_customer_network_burst,0.43,0.009767113449109644,0.43
X000159594,2026-02-18 07:52:47,C001315,A0001315,M00780,T01096,West,West,93.77,USD,card_present,3ds,approved,APPROVE,49.14,1.9082214082214082,0,0,0,0,0,0,0,0,129,9,17,18,terminal_customer_network_burst,0.18,0.010069815674564811,0.18
X000030820,2026-02-18 07:52:56,C000261,A0000261,M00726,T00829,Northeast,Northeast,78.04,USD,card_present,chip_pin,approved,APPROVE,75.95,1.0275181040158,0,0,0,0,0,0,0,4,161,13,32,18,terminal_customer_network_burst,0.18,0.012065184292003346,0.18
X000089689,2026-02-18 07:54:37,C000749,A0000749,M00151,T00524,Midwest,Midwest,71.01,USD,card_present,chip_pin,approved,APPROVE,63.34,1.1210925165772023,0,0,0,0,0,0,0,1,90,12,39,18,terminal_customer_network_burst,0.18,0.0052149157013760125,0.18
X000220159,2026-02-18 07:54:51,C001797,A0001797,M00659,T00047,Northeast,Northeast,91.18,USD,ecommerce,chip_pin,approved,APPROVE,161.59,0.5642675908162634,0,0,0,1,0,0,0,6,191,18,90,43,customer_velocity;terminal_customer_network_burst,0.43,0.003994975172079483,0.43
X000078724,2026-02-18 07:55:30,C000662,A0000662,M00130,T01074,South,South,93.29,USD,ecommerce,wallet_biometric,approved,APPROVE,91.02,1.0249395737200617,0,0,0,1,0,0,0,2,235,15,36,18,terminal_customer_network_burst,0.18,0.013524945574114206,0.18
X000013140,2026-02-18 07:56:45,C000114,A0000114,M00592,T00596,South,South,20.08,USD,mobile_wallet,wallet_biometric,approved,APPROVE,34.85,0.576183644189383,0,0,0,0,0,1,0,4,260,18,50,18,terminal_customer_network_burst,0.18,0.019582351362178778,0.18
X000066687,2026-02-18 07:56:57,C000565,A0000565,M00696,T00129,Midwest,Midwest,7.64,USD,card_present,magstripe,approved,APPROVE,24.38,0.3133716160787531,0,0,0,0,1,0,0,2,197,14,44,18,terminal_customer_network_burst,0.18,0.012942276495941615,0.18
X000062119,2026-02-18 07:57:00,C000528,A0000528,M00148,T00038,Midwest,Midwest,61.54,USD,card_present,wallet_biometric,approved,APPROVE,100.2,0.6141716566866268,0,0,0,0,0,0,0,2,107,13,42,18,terminal_customer_network_burst,0.18,0.005092721927495403,0.18
X000207104,2026-02-18 07:57:14,C001689,A0001689,M00335,T00070,South,South,73.15,USD,card_present,chip_pin,soft_decline,CHALLENGE,82.33,0.8884975100206487,0,0,1,0,0,0,0,1,463,23,37,26,terminal_customer_network_burst;authentication_soft_decline,0.26,0.1899019560703738,0.26
X000121468,2026-02-18 07:57:45,C001008,A0001008,M00574,T00190,Midwest,Midwest,538.58,USD,card_present,chip_pin,approved,APPROVE,287.67,1.8722146904439114,0,0,0,0,0,0,0,6,396,20,72,43,customer_velocity;terminal_customer_network_burst,0.43,0.024466185933874462,0.43
X000080330,2026-02-18 07:58:00,C000675,A0000675,M00067,T00948,South,South,65.56,USD,mobile_wallet,chip_pin,approved,APPROVE,48.77,1.3442690178388352,0,0,0,0,0,1,0,3,329,19,40,18,terminal_customer_network_burst,0.18,0.04330444858857464,0.18
X000028363,2026-02-18 07:58:06,C000244,A0000244,M00594,T01188,Northeast,Northeast,94.68,USD,card_present,3ds,soft_decline,CHALLENGE,68.72,1.3777648428405123,0,0,1,0,0,0,0,4,464,22,45,26,terminal_customer_network_burst;authentication_soft_decline,0.26,0.2187013085481387,0.26
X000077780,2026-02-18 07:59:24,C000654,A0000654,M00736,T00065,South,South,35.27,USD,ecommerce,chip_pin,approved,APPROVE,57.79,0.6103132029762935,0,0,0,1,0,0,0,1,318,18,24,18,terminal_customer_network_burst,0.18,0.026195429558710907,0.18
X000203751,2026-02-18 08:00:07,C001666,A0001666,M00618,T00042,Midwest,Northeast,216.0,USD,card_present,3ds,approved,APPROVE,309.93,0.6969315651921402,0,0,0,0,0,0,1,4,196,10,0,45,new_customer_terminal_pair;terminal_customer_network_burst;home_region_mismatch,0.45,0.20093894111411692,0.45
X000046015,2026-02-18 08:00:50,C000385,A0000385,M00706,T00053,Northeast,Northeast,44.92,USD,ecommerce,chip_pin,approved,APPROVE,56.78,0.7911236350827756,0,0,0,1,0,0,0,1,224,16,19,18,terminal_customer_network_burst,0.18,0.020639120316541273,0.18
X000043316,2026-02-18 08:01:13,C000366,A0000366,M00712,T00064,South,South,15.42,USD,mobile_wallet,chip_pin,approved,APPROVE,28.9,0.5335640138408305,0,0,0,0,0,1,0,1,319,16,20,18,terminal_customer_network_burst,0.18,0.032460798159669305,0.18
X000092831,2026-02-18 08:01:24,C000777,A0000777,M00191,T00397,Midwest,Midwest,13.59,USD,card_present,chip_pin,approved,APPROVE,41.53,0.327233325307007,0,0,0,0,0,0,0,6,282,15,56,43,customer_velocity;terminal_customer_network_burst,0.43,0.009142364853786429,0.43
X000125278,2026-02-18 08:01:30,C001032,A0001032,M00051,T00286,South,South,57.17,USD,ecommerce,chip_pin,approved,APPROVE,220.63,0.25912160630920544,0,0,0,1,0,0,0,6,335,15,105,43,customer_velocity;terminal_customer_network_burst,0.43,0.0022016596181438416,0.43
X000087257,2026-02-18 08:01:56,C000732,A0000732,M00550,T01034,West,West,70.27,USD,ecommerce,3ds,approved,APPROVE,68.51,1.0256896803386366,0,0,0,1,0,0,0,1,115,14,16,18,terminal_customer_network_burst,0.18,0.014985059356596681,0.18
X000051967,2026-02-18 08:02:01,C000439,A0000439,M00171,T00468,Northeast,Northeast,105.17,USD,ecommerce,magstripe,approved,APPROVE,47.61,2.2089897080445287,0,0,0,1,1,0,0,2,134,10,48,18,terminal_customer_network_burst,0.18,0.013730176323208282,0.18
X000189769,2026-02-18 08:02:12,C001559,A0001559,M00184,T01155,South,South,52.83,USD,card_present,3ds,approved,APPROVE,46.73,1.13053712818318,0,0,0,0,0,0,0,2,302,17,43,18,terminal_customer_network_burst,0.18,0.016029569060513706,0.18
X000190728,2026-02-18 08:02:20,C001566,A0001566,M00262,T00060,South,South,132.05,USD,card_present,magstripe,approved,APPROVE,151.95,0.8690358670615336,0,0,0,0,1,0,0,1,346,19,39,18,terminal_customer_network_burst,0.18,0.043806621115059265,0.18
X000016750,2026-02-18 08:02:31,C000142,A0000142,M00768,T00457,South,South,35.24,USD,card_present,chip_pin,approved,APPROVE,36.61,0.9625785304561596,0,0,0,0,0,0,0,0,324,21,36,18,terminal_customer_network_burst,0.18,0.025049083350018164,0.18
X000234023,2026-02-18 08:02:42,C001907,A0001907,M00540,T01173,West,West,346.0,USD,ecommerce,3ds,approved,APPROVE,168.05,2.0589110383814337,0,0,0,1,0,0,0,5,124,11,54,43,customer_velocity;terminal_customer_network_burst,0.43,0.007684245001791417,0.43
X000180582,2026-02-18 08:02:45,C001483,A0001483,M00393,T00239,Northeast,Northeast,1069.47,USD,card_present,3ds,approved,APPROVE,259.43,4.122383687314497,0,0,0,0,0,0,0,3,343,13,76,48,amount_vs_profile;terminal_customer_network_burst,0.48,0.014486634729594368,0.48
X000164288,2026-02-18 08:03:18,C001354,A0001354,M00681,T01024,West,West,205.9,USD,card_present,wallet_biometric,approved,APPROVE,89.25,2.3070028011204484,0,0,0,0,0,0,0,1,58,16,26,18,terminal_customer_network_burst,0.18,0.018882291755123033,0.18
X000144961,2026-02-18 08:03:21,C001193,A0001193,M00445,T00086,Northeast,Northeast,51.32,USD,card_present,chip_pin,approved,APPROVE,50.77,1.0108331691944061,0,0,0,0,0,0,0,4,302,20,52,18,terminal_customer_network_burst,0.18,0.020514688952060975,0.18
X000043577,2026-02-18 08:03:24,C000369,A0000369,M00012,T00789,West,West,60.57,USD,card_present,wallet_biometric,approved,APPROVE,83.11,0.7287931656840332,0,0,0,0,0,0,0,1,123,13,24,18,terminal_customer_network_burst,0.18,0.008842458590653118,0.18
X000009599,2026-02-18 08:03:33,C000087,A0000087,M00793,T01052,South,South,66.14,USD,ecommerce,3ds,approved,APPROVE,68.99,0.9586896651688651,0,0,0,1,0,0,0,2,306,16,57,18,terminal_customer_network_burst,0.18,0.009036575098061394,0.18
X000191349,2026-02-18 08:04:00,C001570,A0001570,M00179,T00767,Midwest,Midwest,132.61,USD,mobile_wallet,magstripe,approved,APPROVE,48.92,2.7107522485690927,0,0,0,0,1,1,0,2,145,16,25,18,terminal_customer_network_burst,0.18,0.09781908765057214,0.18
X000128029,2026-02-18 08:04:12,C001053,A0001053,M00074,T00967,South,South,34.62,USD,card_present,wallet_biometric,approved,APPROVE,55.94,0.6188773686092242,0,0,0,0,0,0,0,3,352,20,45,18,terminal_customer_network_burst,0.18,0.0221545256465404,0.18
X000086721,2026-02-18 08:04:42,C000727,A0000727,M00453,T00831,South,South,114.74,USD,ecommerce,chip_pin,approved,APPROVE,98.78,1.1615711682526826,0,0,0,1,0,0,0,5,425,20,41,43,customer_velocity;terminal_customer_network_burst,0.43,0.04940283573324305,0.43
X000190534,2026-02-18 08:04:46,C001564,A0001564,M00270,T00473,South,South,62.35,USD,card_present,chip_pin,approved,APPROVE,41.62,1.4980778471888516,0,0,0,0,0,0,0,0,306,18,23,18,terminal_customer_network_burst,0.18,0.03157551149939523,0.18
X000016751,2026-02-18 08:04:48,C000142,A0000142,M00379,T01176,South,South,19.97,USD,ecommerce,chip_pin,approved,APPROVE,36.61,0.5454793772193389,0,0,0,1,0,0,0,1,311,19,28,18,terminal_customer_network_burst,0.18,0.024811491600955814,0.18
X000061349,2026-02-18 08:05:04,C000523,A0000523,M00679,T00587,South,Northeast,44.46,USD,ecommerce,wallet_biometric,approved,APPROVE,46.64,0.9532590051457976,0,0,0,1,0,0,1,0,328,14,0,45,new_customer_terminal_pair;terminal_customer_network_burst;home_region_mismatch,0.45,0.2937456624869972,0.45
X000148763,2026-02-18 08:05:04,C001225,A0001225,M00247,T01144,South,South,71.99,USD,ecommerce,chip_pin,approved,APPROVE,171.02,0.4209449187229563,0,0,0,1,0,0,0,8,447,27,103,43,customer_velocity;terminal_customer_network_burst,0.43,0.017419747943993303,0.43
X000066222,2026-02-18 08:05:33,C000561,A0000561,M00243,T00806,South,South,58.78,USD,card_present,3ds,approved,APPROVE,56.65,1.0375992939099736,0,0,0,0,0,0,0,2,280,14,25,18,terminal_customer_network_burst,0.18,0.01828208403114139,0.18
X000041332,2026-02-18 08:05:44,C000349,A0000349,M00471,T00670,Midwest,Midwest,166.29,USD,ecommerce,3ds,approved,APPROVE,285.86,0.5817183236549359,0,0,0,1,0,0,0,11,357,23,63,63,customer_velocity;high_customer_velocity;terminal_customer_network_burst,0.63,0.0465259511608189,0.63
X000072251,2026-02-18 08:06:05,C000610,A0000610,M00441,T01043,West,West,82.21,USD,card_present,chip_pin,approved,APPROVE,97.14,0.8463043030677372,0,0,0,0,0,0,0,5,203,10,99,43,customer_velocity;terminal_customer_network_burst,0.43,0.001125100148338397,0.43
X000016152,2026-02-18 08:06:06,C000136,A0000136,M00768,T00457,South,South,88.52,USD,ecommerce,3ds,approved,APPROVE,44.6,1.9847533632286993,0,0,0,1,0,0,0,2,325,21,33,18,terminal_customer_network_burst,0.18,0.054484642622896554,0.18
X000049702,2026-02-18 08:06:31,C000415,A0000415,M00549,T00456,South,South,35.71,USD,ecommerce,3ds,approved,APPROVE,42.93,0.8318192406242721,0,0,0,1,0,0,0,2,412,24,40,18,terminal_customer_network_burst,0.18,0.0487495302560727,0.18
X000130963,2026-02-18 08:06:37,C001077,A0001077,M00110,T00096,South,South,73.67,USD,ecommerce,wallet_biometric,approved,APPROVE,41.55,1.7730445246690736,0,0,0,1,0,0,0,4,327,17,37,18,terminal_customer_network_burst,0.18,0.03539929121845724,0.18
X000164589,2026-02-18 08:06:42,C001356,A0001356,M00023,T00720,Midwest,Midwest,82.9,USD,card_present,3ds,approved,APPROVE,44.64,1.8570788530465951,0,0,0,0,0,0,0,1,345,17,24,18,terminal_customer_network_burst,0.18,0.0388140158778368,0.18
X000052304,2026-02-18 08:07:11,C000441,A0000441,M00277,T00518,Midwest,Midwest,86.04,USD,card_present,wallet_biometric,approved,APPROVE,94.35,0.9119236883942767,0,0,0,0,0,0,0,5,200,12,55,43,customer_velocity;terminal_customer_network_burst,0.43,0.006055004176281932,0.43
X000026779,2026-02-18 08:07:37,C000230,A0000230,M00693,T01048,South,South,47.26,USD,card_present,chip_pin,approved,APPROVE,79.41,0.595139151240398,0,0,0,0,0,0,0,2,201,13,24,18,terminal_customer_network_burst,0.18,0.011492064662521537,0.18
X000241200,2026-02-18 08:08:52,C001968,A0001968,M00669,T00703,South,South,97.22,USD,ecommerce,3ds,approved,APPROVE,96.5,1.007461139896373,0,0,0,1,0,0,0,2,252,14,44,18,terminal_customer_network_burst,0.18,0.009641509687087772,0.18
X000024965,2026-02-18 08:09:32,C000211,A0000211,M00431,T00885,West,West,35.08,USD,ecommerce,chip_pin,approved,APPROVE,59.08,0.5937711577522004,0,0,0,1,0,0,0,0,28,11,18,18,terminal_customer_network_burst,0.18,0.0059017156557369605,0.18
X000143513,2026-02-18 08:09:42,C001182,A0001182,M00675,T00834,Midwest,Midwest,8.89,USD,ecommerce,chip_pin,approved,APPROVE,40.93,0.217200097727828,0,0,0,1,0,0,0,3,138,14,42,18,terminal_customer_network_burst,0.18,0.00626732354869165,0.18
X000078725,2026-02-18 08:09:59,C000662,A0000662,M00569,T00983,South,South,58.37,USD,card_present,chip_pin,approved,APPROVE,91.02,0.6412876290925071,0,0,0,0,0,0,0,3,166,9,34,18,terminal_customer_network_burst,0.18,0.0054370749129071015,0.18
X000170855,2026-02-18 08:10:15,C001408,A0001408,M00750,T01142,South,South,41.26,USD,card_present,magstripe,soft_decline,CHALLENGE,56.96,0.7243679775280898,0,0,1,0,1,0,0,1,331,18,23,26,terminal_customer_network_burst;authentication_soft_decline,0.26,0.2278189777168941,0.26
X000079023,2026-02-18 08:10:42,C000665,A0000665,M00689,T01179,Northeast,Northeast,40.41,USD,card_present,3ds,approved,APPROVE,55.42,0.7291591483219053,0,0,0,0,0,0,0,0,282,21,27,18,terminal_customer_network_burst,0.18,0.02731443632285292,0.18
X000019704,2026-02-18 08:10:49,C000170,A0000170,M00391,T01061,Northeast,Northeast,39.83,USD,card_present,wallet_biometric,approved,APPROVE,63.99,0.6224410064072511,0,0,0,0,0,0,0,0,217,17,23,18,terminal_customer_network_burst,0.18,0.015831847164656614,0.18
X000120164,2026-02-18 08:11:02,C000997,A0000997,M00501,T01003,Northeast,Northeast,47.4,USD,ecommerce,chip_pin,approved,APPROVE,51.04,0.9286833855799372,0,0,0,1,0,0,0,5,224,18,68,43,customer_velocity;terminal_customer_network_burst,0.43,0.00912882317867341,0.43
X000108755,2026-02-18 08:11:40,C000911,A0000911,M00211,T01170,Midwest,Midwest,94.68,USD,card_present,chip_pin,approved,APPROVE,89.36,1.0595344673231872,0,0,0,0,0,0,0,2,257,11,45,18,terminal_customer_network_burst,0.18,0.006425053776390338,0.18
X000154708,2026-02-18 08:11:53,C001275,A0001275,M00645,T00905,South,South,138.53,USD,mobile_wallet,chip_pin,approved,APPROVE,166.44,0.8323119442441721,0,0,0,0,0,1,0,0,420,21,26,18,terminal_customer_network_burst,0.18,0.06120870852775858,0.18
X000092608,2026-02-18 08:12:17,C000775,A0000775,M00166,T00022,Northeast,Northeast,24.08,USD,mobile_wallet,chip_pin,approved,APPROVE,34.29,0.7022455526392534,0,0,0,0,0,1,0,0,223,24,16,18,terminal_customer_network_burst,0.18,0.06850169781536629,0.18
X000060758,2026-02-18 08:12:21,C000517,A0000517,M00231,T01111,South,South,72.79,USD,ecommerce,chip_pin,approved,APPROVE,74.15,0.9816587997302765,0,0,0,1,0,0,0,1,223,19,19,18,terminal_customer_network_burst,0.18,0.031444384203559564,0.18
X000221567,2026-02-18 08:12:40,C001805,A0001805,M00434,T00808,South,South,64.66,USD,mobile_wallet,3ds,approved,APPROVE,89.08,0.72586439155815,0,0,0,0,0,1,0,2,268,17,30,18,terminal_customer_network_burst,0.18,0.028303141633440432,0.18
X000230080,2026-02-18 08:12:59,C001875,A0001875,M00594,T01188,Northeast,Northeast,35.48,USD,card_present,magstripe,approved,APPROVE,47.57,0.7458482236703804,0,0,0,0,1,0,0,2,465,22,15,18,terminal_customer_network_burst,0.18,0.17208992920906094,0.18
X000160308,2026-02-18 08:13:13,C001323,A0001323,M00342,T00483,Midwest,Midwest,40.62,USD,card_present,3ds,approved,APPROVE,37.38,1.0866773675762438,0,0,0,0,0,0,0,1,339,18,22,18,terminal_customer_network_burst,0.18,0.03371058620221904,0.18
X000035696,2026-02-18 08:13:20,C000303,A0000303,M00304,T00684,Midwest,Midwest,66.99,USD,card_present,magstripe,approved,APPROVE,55.72,1.2022613065326633,0,0,0,0,1,0,0,0,178,14,18,18,terminal_customer_network_burst,0.18,0.03196777092124482,0.18
X000059443,2026-02-18 08:13:33,C000505,A0000505,M00489,T01009,Northeast,Northeast,94.94,USD,card_present,chip_pin,approved,APPROVE,119.19,0.7965433341723299,0,0,0,0,0,0,0,5,162,12,36,43,customer_velocity;terminal_customer_network_burst,0.43,0.009678597291978105,0.43
X000039210,2026-02-18 08:14:06,C000333,A0000333,M00513,T00308,Midwest,Midwest,49.77,USD,card_present,chip_pin,approved,APPROVE,85.49,0.5821733536086092,0,0,0,0,0,0,0,4,179,10,45,18,terminal_customer_network_burst,0.18,0.004866822719923312,0.18
X000055065,2026-02-18 08:14:13,C000465,A0000465,M00392,T00760,Midwest,Midwest,19.77,USD,card_present,3ds,approved,APPROVE,44.58,0.44347240915208613,0,0,0,0,0,0,0,8,93,9,32,43,customer_velocity;terminal_customer_network_burst,0.43,0.007976649790463714,0.43
X000064106,2026-02-18 08:14:13,C000543,A0000543,M00271,T00851,Northeast,Northeast,13.02,USD,ecommerce,3ds,approved,APPROVE,37.53,0.3469224620303757,0,0,0,1,0,0,0,1,209,13,19,18,terminal_customer_network_burst,0.18,0.011695492711198617,0.18
X000080705,2026-02-18 08:14:45,C000677,A0000677,M00742,T00512,Northeast,Northeast,270.15,USD,card_present,wallet_biometric,approved,APPROVE,220.2,1.2268392370572208,0,0,0,0,0,0,0,1,126,16,52,18,terminal_customer_network_burst,0.18,0.006294021020575317,0.18
X000059962,2026-02-18 08:14:47,C000510,A0000510,M00090,T00822,South,South,89.54,USD,card_present,magstripe,approved,APPROVE,89.95,0.9954419121734297,0,0,0,0,1,0,0,1,297,13,35,18,terminal_customer_network_burst,0.18,0.023165513914444588,0.18
X000118495,2026-02-18 08:14:48,C000980,A0000980,M00528,T00475,Midwest,Midwest,87.25,USD,card_present,chip_pin,approved,APPROVE,172.02,0.5072084641320777,0,0,0,0,0,0,0,1,188,13,24,18,terminal_customer_network_burst,0.18,0.009545999184058207,0.18
X000113423,2026-02-18 08:14:53,C000945,A0000945,M00147,T00489,South,South,29.03,USD,mobile_wallet,wallet_biometric,approved,APPROVE,24.33,1.1931771475544597,0,0,0,0,0,1,0,7,161,10,36,43,customer_velocity;terminal_customer_network_burst,0.43,0.016971539202375454,0.43
X000017122,2026-02-18 08:15:01,C000146,A0000146,M00508,T01195,Northeast,Northeast,42.14,USD,ecommerce,chip_pin,approved,APPROVE,39.66,1.0625315179021686,0,0,0,1,0,0,0,0,124,13,19,18,terminal_customer_network_burst,0.18,0.011185926223460357,0.18
X000063078,2026-02-18 08:15:11,C000534,A0000534,M00782,T00464,Northeast,Midwest,421.74,USD,ecommerce,3ds,approved,APPROVE,169.77,2.4841844848913235,0,0,0,1,0,0,1,7,177,14,0,70,customer_velocity;new_customer_terminal_pair;terminal_customer_network_burst;home_region_mismatch,0.7,0.5460011573847089,0.7
X000189409,2026-02-18 08:15:20,C001556,A0001556,M00668,T00869,Midwest,Midwest,124.75,USD,ecommerce,3ds,approved,APPROVE,74.51,1.6742719098107635,0,0,0,1,0,0,0,1,249,13,41,18,terminal_customer_network_burst,0.18,0.010914534201860558,0.18
X000001292,2026-02-18 08:15:31,C000013,A0000013,M00230,T01120,West,West,19.64,USD,card_present,chip_pin,soft_decline,CHALLENGE,27.94,0.7029348604151754,0,0,1,0,0,0,0,1,51,14,23,26,terminal_customer_network_burst;authentication_soft_decline,0.26,0.038965292865925906,0.26
X000043578,2026-02-18 08:15:47,C000369,A0000369,M00012,T00789,West,West,105.77,USD,ecommerce,wallet_biometric,approved,APPROVE,83.11,1.2726507038864157,0,0,0,1,0,0,0,2,124,13,25,18,terminal_customer_network_burst,0.18,0.012678275219025481,0.18
X000206554,2026-02-18 08:15:54,C001686,A0001686,M00663,T00502,West,West,65.18,USD,mobile_wallet,chip_pin,approved,APPROVE,109.29,0.5963949126178059,0,0,0,0,0,1,0,1,264,11,38,18,terminal_customer_network_burst,0.18,0.009092178615153493,0.18
X000122458,2026-02-18 08:16:17,C001015,A0001015,M00573,T00460,Northeast,Northeast,51.42,USD,card_present,wallet_biometric,approved,APPROVE,37.99,1.3535140826533298,0,0,0,0,0,0,0,3,179,12,22,18,terminal_customer_network_burst,0.18,0.015713921750815138,0.18
X000157518,2026-02-18 08:16:21,C001295,A0001295,M00347,T00674,Midwest,Midwest,108.27,USD,card_present,3ds,approved,APPROVE,77.06,1.4050090838307812,0,0,0,0,0,0,0,2,132,18,53,18,terminal_customer_network_burst,0.18,0.009469565660551819,0.18
X000205278,2026-02-18 08:17:40,C001677,A0001677,M00200,T00991,Northeast,Midwest,72.26,USD,card_present,3ds,approved,APPROVE,57.72,1.251905751905752,0,0,0,0,0,0,1,2,70,15,0,45,new_customer_terminal_pair;terminal_customer_network_burst;home_region_mismatch,0.45,0.24596931642491382,0.45
X000009339,2026-02-18 08:18:02,C000085,A0000085,M00496,T00236,Midwest,Midwest,158.38,USD,card_present,3ds,approved,APPROVE,141.88,1.1162954609529179,0,0,0,0,0,0,0,4,149,11,27,18,terminal_customer_network_burst,0.18,0.01125869394962434,0.18
X000049013,2026-02-18 08:18:12,C000410,A0000410,M00083,T00024,Midwest,Midwest,74.43,USD,card_present,chip_pin,approved,APPROVE,64.04,1.1622423485321673,0,0,0,0,0,0,0,4,199,18,37,18,terminal_customer_network_burst,0.18,0.021457401660014336,0.18
X000121261,2026-02-18 08:18:15,C001007,A0001007,M00040,T01012,Northeast,Northeast,30.15,USD,card_present,3ds,approved,APPROVE,22.61,1.3334807607253427,0,0,0,0,0,0,0,2,198,19,26,18,terminal_customer_network_burst,0.18,0.02897444394438752,0.18
X000210412,2026-02-18 08:18:36,C001715,A0001715,M00556,T00589,South,South,35.48,USD,ecommerce,3ds,approved,APPROVE,37.61,0.943366126030311,0,0,0,1,0,0,0,2,380,21,24,18,terminal_customer_network_burst,0.18,0.0549603288686879,0.18
X000106502,2026-02-18 08:18:41,C000893,A0000893,M00501,T01003,Northeast,Northeast,62.83,USD,ecommerce,wallet_biometric,approved,APPROVE,92.25,0.6810840108401084,0,0,0,1,0,0,0,0,225,18,0,33,new_customer_terminal_pair;terminal_customer_network_burst,0.33,0.040532598893518755,0.33
X000008052,2026-02-18 08:19:04,C000073,A0000073,M00716,T00578,West,West,332.09,USD,card_present,3ds,approved,APPROVE,150.97,2.1997085513678214,0,0,0,0,0,0,0,3,91,16,25,18,terminal_customer_network_burst,0.18,0.025566727993970653,0.18
X000193509,2026-02-18 08:19:04,C001589,A0001589,M00709,T00393,Northeast,Northeast,49.82,USD,card_present,3ds,approved,APPROVE,71.67,0.6951304590484163,0,0,0,0,0,0,0,0,103,10,21,18,terminal_customer_network_burst,0.18,0.005697584574048027,0.18
X000105396,2026-02-18 08:19:26,C000886,A0000886,M00445,T00698,Midwest,Northeast,16.33,USD,ecommerce,3ds,approved,APPROVE,30.48,0.535761154855643,0,0,0,1,0,0,1,0,94,11,0,45,new_customer_terminal_pair;terminal_customer_network_burst;home_region_mismatch,0.45,0.11828277065205656,0.45
X000066439,2026-02-18 08:20:22,C000563,A0000563,M00299,T01117,Northeast,Northeast,36.22,USD,mobile_wallet,chip_pin,approved,APPROVE,25.27,1.4333201424614166,0,0,0,0,0,1,0,4,124,13,19,18,terminal_customer_network_burst,0.18,0.029289439576733592,0.18
X000147499,2026-02-18 08:20:22,C001217,A0001217,M00471,T00670,Midwest,Midwest,33.0,USD,ecommerce,wallet_biometric,soft_decline,CHALLENGE,31.3,1.0543130990415335,0,0,1,1,0,0,0,5,358,23,33,51,customer_velocity;terminal_customer_network_burst;authentication_soft_decline,0.51,0.2693543244220407,0.51
X000240579,2026-02-18 08:20:25,C001961,A0001961,M00453,T00831,South,South,342.74,USD,card_present,magstripe,approved,APPROVE,100.48,3.411027070063694,0,0,0,0,1,0,0,10,426,20,80,93,amount_vs_profile;customer_velocity;high_customer_velocity;terminal_customer_network_burst,0.93,0.12021689965609297,0.93
X000131570,2026-02-18 08:20:46,C001082,A0001082,M00414,T00189,Midwest,Midwest,13.7,USD,ecommerce,3ds,approved,APPROVE,20.75,0.6602409638554216,0,0,0,1,0,0,0,4,394,22,42,18,terminal_customer_network_burst,0.18,0.040911291397047835,0.18
X000145824,2026-02-18 08:21:16,C001201,A0001201,M00231,T00811,South,South,36.17,USD,card_present,wallet_biometric,approved,APPROVE,63.85,0.5664839467501958,0,0,0,0,0,0,0,2,222,15,26,18,terminal_customer_network_burst,0.18,0.014214531768155465,0.18
X000117854,2026-02-18 08:21:36,C000976,A0000976,M00321,T00416,Midwest,Midwest,153.75,USD,card_present,chip_pin,approved,APPROVE,245.46,0.6263749694451234,0,0,0,0,0,0,0,1,200,9,49,18,terminal_customer_network_burst,0.18,0.0028680637940405765,0.18
X000162902,2026-02-18 08:21:37,C001344,A0001344,M00125,T00855,West,West,95.04,USD,card_present,chip_pin,approved,APPROVE,110.89,0.857065560465326,0,0,0,0,0,0,0,0,93,9,23,18,terminal_customer_network_burst,0.18,0.004938962882681778,0.18
X000236946,2026-02-18 08:22:09,C001933,A0001933,M00288,T01177,Northeast,Northeast,29.1,USD,mobile_wallet,chip_pin,approved,APPROVE,36.56,0.7959518599562363,0,0,0,0,0,1,0,0,289,17,12,18,terminal_customer_network_burst,0.18,0.042948963248962184,0.18
X000055129,2026-02-18 08:22:19,C000466,A0000466,M00691,T01123,Northeast,Northeast,22.37,USD,mobile_wallet,chip_pin,approved,APPROVE,39.01,0.5734427069982057,0,0,0,0,0,1,0,0,180,13,11,18,terminal_customer_network_burst,0.18,0.01946578204987867,0.18
X000009738,2026-02-18 08:23:17,C000088,A0000088,M00005,T01091,South,South,119.96,USD,card_present,3ds,approved,APPROVE,73.3,1.6365620736698498,0,0,0,0,0,0,0,2,277,19,23,18,terminal_customer_network_burst,0.18,0.043663725241791615,0.18
X000234185,2026-02-18 08:23:56,C001909,A0001909,M00638,T00151,Northeast,Northeast,50.62,USD,ecommerce,3ds,soft_decline,CHALLENGE,46.09,1.0982859622477759,0,0,1,1,0,0,0,1,198,18,21,26,terminal_customer_network_burst;authentication_soft_decline,0.26,0.11209306030783271,0.26
X000117680,2026-02-18 08:24:20,C000975,A0000975,M00517,T01092,Midwest,Midwest,28.09,USD,card_present,magstripe,approved,APPROVE,46.6,0.6027896995708154,0,0,0,0,1,0,0,4,232,17,32,18,terminal_customer_network_burst,0.18,0.04138913754368504,0.18
X000002223,2026-02-18 08:24:22,C000020,A0000020,M00040,T00439,South,Northeast,66.03,USD,ecommerce,chip_pin,approved,APPROVE,53.24,1.2402329075882794,0,0,0,1,0,0,1,0,321,15,0,45,new_customer_terminal_pair;terminal_customer_network_burst;home_region_mismatch,0.45,0.3409358260765168,0.45
X000041655,2026-02-18 08:25:06,C000352,A0000352,M00434,T00808,South,South,46.79,USD,card_present,magstripe,approved,APPROVE,46.87,0.9982931512694688,0,0,0,0,1,0,0,2,269,17,25,18,terminal_customer_network_burst,0.18,0.05246477247654294,0.18
X000242775,2026-02-18 08:25:08,C001980,A0001980,M00782,T00669,Midwest,Midwest,253.24,USD,ecommerce,wallet_biometric,approved,APPROVE,221.06,1.145571338098254,0,0,0,1,0,0,0,6,217,12,109,43,customer_velocity;terminal_customer_network_burst,0.43,0.0014341803041815863,0.43
X000213311,2026-02-18 08:25:12,C001741,A0001741,M00679,T00587,Northeast,Northeast,205.41,USD,card_present,3ds,approved,APPROVE,70.95,2.895137420718816,0,0,0,0,0,0,0,3,329,15,39,18,terminal_customer_network_burst,0.18,0.03501710748167661,0.18
X000007592,2026-02-18 08:25:18,C000069,A0000069,M00211,T01170,Midwest,Midwest,20.01,USD,ecommerce,3ds,approved,APPROVE,40.89,0.4893617021276596,0,0,0,1,0,0,0,3,258,11,52,18,terminal_customer_network_burst,0.18,0.0048341164774949675,0.18
X000163994,2026-02-18 08:25:32,C001351,A0001351,M00657,T00743,South,South,61.71,USD,card_present,chip_pin,approved,APPROVE,26.83,2.3000372717107718,0,0,0,0,0,0,0,1,161,16,34,18,terminal_customer_network_burst,0.18,0.018935674030645656,0.18
X000149631,2026-02-18 08:25:41,C001231,A0001231,M00292,T00447,South,South,145.85,USD,card_present,wallet_biometric,soft_decline,CHALLENGE,101.36,1.4389305445935279,0,0,1,0,0,0,0,1,147,12,27,26,terminal_customer_network_burst;authentication_soft_decline,0.26,0.04631856047945365,0.26
X000167286,2026-02-18 08:25:45,C001381,A0001381,M00128,T00044,Northeast,Northeast,93.54,USD,card_present,chip_pin,approved,APPROVE,184.34,0.5074319192795921,0,0,0,0,0,0,0,5,163,20,51,43,customer_velocity;terminal_customer_network_burst,0.43,0.013655388329360528,0.43
X000190926,2026-02-18 08:26:26,C001567,A0001567,M00587,T00374,South,South,345.71,USD,ecommerce,chip_pin,approved,APPROVE,209.18,1.6526914618988429,0,0,0,1,0,0,0,3,244,10,43,18,terminal_customer_network_burst,0.18,0.008886580422224667,0.18
X000171580,2026-02-18 08:26:47,C001414,A0001414,M00550,T00423,West,West,13.13,USD,card_present,3ds,approved,APPROVE,21.35,0.6149882903981264,0,0,0,0,0,0,0,2,128,13,33,18,terminal_customer_network_burst,0.18,0.007191858017856579,0.18
X000167017,2026-02-18 08:27:01,C001379,A0001379,M00592,T00596,South,South,374.98,USD,ecommerce,chip_pin,approved,APPROVE,44.46,8.434098065677013,0,0,0,1,0,0,0,0,261,18,27,73,amount_vs_profile;extreme_amount_vs_profile;terminal_customer_network_burst,0.73,0.20224388317778424,0.73
X000039036,2026-02-18 08:27:31,C000332,A0000332,M00342,T00375,Midwest,Midwest,34.13,USD,card_present,chip_pin,approved,APPROVE,48.16,0.7086794019933556,0,0,0,0,0,0,0,6,308,20,30,43,customer_velocity;terminal_customer_network_burst,0.43,0.04642722873015828,0.43
X000041333,2026-02-18 08:27:37,C000349,A0000349,M00352,T00215,Midwest,Midwest,185.81,USD,card_present,3ds,approved,APPROVE,285.86,0.6500034982159099,0,0,0,0,0,0,0,12,196,15,82,63,customer_velocity;high_customer_velocity;terminal_customer_network_burst,0.63,0.007294659728570486,0.63
X000004686,2026-02-18 08:27:50,C000042,A0000042,M00740,T00080,Northeast,Northeast,129.28,USD,ecommerce,wallet_biometric,approved,APPROVE,104.01,1.242957407941544,0,0,0,1,0,0,0,1,246,19,16,18,terminal_customer_network_burst,0.18,0.040547862943613226,0.18
X000221785,2026-02-18 08:28:45,C001806,A0001806,M00567,T01019,Northeast,Northeast,364.61,USD,mobile_wallet,3ds,approved,APPROVE,336.93,1.0821535630546404,0,0,0,0,0,1,0,4,295,18,52,18,terminal_customer_network_burst,0.18,0.024571047645667254,0.18
X000035781,2026-02-18 08:29:03,C000304,A0000304,M00740,T00080,Northeast,Northeast,27.82,USD,ecommerce,chip_pin,approved,APPROVE,56.66,0.4909989410518885,0,0,0,1,0,0,0,4,247,19,16,18,terminal_customer_network_burst,0.18,0.042513327386094237,0.18
X000029424,2026-02-18 08:29:15,C000253,A0000253,M00294,T00731,South,South,103.08,USD,card_present,3ds,approved,APPROVE,203.2,0.5072834645669292,0,0,0,0,0,0,0,3,226,17,59,18,terminal_customer_network_burst,0.18,0.006892821095153737,0.18
X000099673,2026-02-18 08:29:51,C000837,A0000837,M00159,T00555,Northeast,Northeast,60.55,USD,card_present,chip_pin,approved,APPROVE,44.81,1.3512608792680203,0,0,0,0,0,0,0,5,144,13,43,43,customer_velocity;terminal_customer_network_burst,0.43,0.010388251022296716,0.43
X000120165,2026-02-18 08:29:57,C000997,A0000997,M00501,T01003,Northeast,Northeast,39.69,USD,ecommerce,chip_pin,approved,APPROVE,51.04,0.7776253918495297,0,0,0,1,0,0,0,6,226,19,69,43,customer_velocity;terminal_customer_network_burst,0.43,0.010568420689163792,0.43
X000055524,2026-02-18 08:30:22,C000470,A0000470,M00667,T00182,Northeast,Northeast,92.68,USD,card_present,chip_pin,approved,APPROVE,81.02,1.1439150826956308,0,0,0,0,0,0,0,5,242,11,30,43,customer_velocity;terminal_customer_network_burst,0.43,0.014723559103183084,0.43
X000104381,2026-02-18 08:30:31,C000878,A0000878,M00094,T00737,South,South,224.88,USD,ecommerce,wallet_biometric,approved,APPROVE,146.02,1.5400630050677988,0,0,0,1,0,0,0,2,539,22,55,18,terminal_customer_network_burst,0.18,0.043957185064224163,0.18
X000068573,2026-02-18 08:31:05,C000581,A0000581,M00257,T00772,South,South,75.4,USD,ecommerce,chip_pin,approved,APPROVE,47.33,1.59306993450243,0,0,0,1,0,0,0,5,434,26,24,43,customer_velocity;terminal_customer_network_burst,0.43,0.1837797651152466,0.43
X000175801,2026-02-18 08:31:12,C001448,A0001448,M00668,T00417,Midwest,Midwest,105.13,USD,mobile_wallet,wallet_biometric,approved,APPROVE,55.08,1.9086782861292666,0,0,0,0,0,1,0,1,99,14,23,18,terminal_customer_network_burst,0.18,0.02328703866611962,0.18
X000127419,2026-02-18 08:31:19,C001050,A0001050,M00378,T00467,South,South,69.18,USD,card_present,chip_pin,approved,APPROVE,62.75,1.1024701195219124,0,0,0,0,0,0,0,5,242,15,40,43,customer_velocity;terminal_customer_network_burst,0.43,0.016793610865485174,0.43
X000018738,2026-02-18 08:31:33,C000160,A0000160,M00397,T00349,Midwest,Midwest,12.05,USD,card_present,3ds,approved,APPROVE,47.76,0.2523031825795645,0,0,0,0,0,0,0,1,150,11,25,18,terminal_customer_network_burst,0.18,0.005971785004682617,0.18
X000112827,2026-02-18 08:32:09,C000943,A0000943,M00376,T00309,South,South,157.57,USD,mobile_wallet,chip_pin,approved,APPROVE,211.71,0.7442728260356147,0,0,0,0,0,1,0,3,442,17,49,18,terminal_customer_network_burst,0.18,0.02713906281207804,0.18
X000180816,2026-02-18 08:32:45,C001485,A0001485,M00517,T00541,Midwest,Midwest,33.27,USD,card_present,3ds,approved,APPROVE,54.7,0.6082266910420475,0,0,0,0,0,0,0,0,241,17,15,18,terminal_customer_network_burst,0.18,0.021595396790694197,0.18
X000051159,2026-02-18 08:32:47,C000430,A0000430,M00295,T00425,South,South,26.98,USD,card_present,chip_pin,approved,APPROVE,25.94,1.0400925212027756,0,0,0,0,0,0,0,0,486,20,17,18,terminal_customer_network_burst,0.18,0.06222880838296357,0.18
X000132778,2026-02-18 08:32:51,C001094,A0001094,M00031,T00031,South,South,24.75,USD,card_present,3ds,approved,APPROVE,42.2,0.5864928909952606,0,0,0,0,0,0,0,1,302,21,25,18,terminal_customer_network_burst,0.18,0.03241298828323089,0.18
X000075124,2026-02-18 08:32:58,C000631,A0000631,M00044,T01081,Northeast,Northeast,318.12,USD,ecommerce,3ds,approved,APPROVE,287.17,1.1077758818818122,0,0,0,1,0,0,0,4,285,20,78,18,terminal_customer_network_burst,0.18,0.009360707025476511,0.18
X000082320,2026-02-18 08:33:37,C000689,A0000689,M00054,T00545,West,West,136.35,USD,card_present,3ds,approved,APPROVE,50.73,2.68775872264932,0,0,0,0,0,0,0,2,180,10,25,18,terminal_customer_network_burst,0.18,0.017240136362808526,0.18
X000045335,2026-02-18 08:33:39,C000380,A0000380,M00331,T00956,West,Midwest,42.79,USD,ecommerce,3ds,approved,APPROVE,36.05,1.1869625520110958,0,0,0,1,0,0,1,2,152,14,0,45,new_customer_terminal_pair;terminal_customer_network_burst;home_region_mismatch,0.45,0.2689207217546292,0.45
X000157278,2026-02-18 08:34:09,C001293,A0001293,M00160,T00039,South,South,376.14,USD,card_present,chip_pin,approved,APPROVE,103.07,3.6493645095566123,0,0,0,0,0,0,0,8,272,14,46,73,amount_vs_profile;customer_velocity;terminal_customer_network_burst,0.73,0.05157328497300763,0.73
X000075295,2026-02-18 08:34:27,C000632,A0000632,M00782,T00864,Midwest,Midwest,47.82,USD,mobile_wallet,chip_pin,approved,APPROVE,125.48,0.3810965890978642,0,0,0,0,0,1,0,2,155,15,29,18,terminal_customer_network_burst,0.18,0.015156701032424606,0.18
X000084276,2026-02-18 08:34:42,C000705,A0000705,M00224,T01197,West,Northeast,37.74,USD,card_present,chip_pin,approved,APPROVE,43.56,0.8663911845730028,0,0,0,0,0,0,1,2,148,17,0,45,new_customer_terminal_pair;terminal_customer_network_burst;home_region_mismatch,0.45,0.3018567427829549,0.45
X000130170,2026-02-18 08:34:42,C001069,A0001069,M00150,T00526,South,South,39.5,USD,card_present,3ds,approved,APPROVE,51.8,0.7625482625482626,0,0,0,0,0,0,0,2,148,13,26,18,terminal_customer_network_burst,0.18,0.010070650151893614,0.18
X000239584,2026-02-18 08:35:20,C001953,A0001953,M00394,T00922,South,South,260.29,USD,card_present,wallet_biometric,approved,APPROVE,191.95,1.3560302162021363,0,0,0,0,0,0,0,7,392,26,43,43,customer_velocity;terminal_customer_network_burst,0.43,0.10602137541664537,0.43
X000138624,2026-02-18 08:35:36,C001141,A0001141,M00345,T00208,South,South,38.03,USD,mobile_wallet,wallet_biometric,approved,APPROVE,44.06,0.8631411711302769,0,0,0,0,0,1,0,1,274,21,29,18,terminal_customer_network_burst,0.18,0.044185272827692704,0.18
X000217214,2026-02-18 08:36:17,C001773,A0001773,M00183,T01168,South,South,175.76,USD,ecommerce,chip_pin,approved,APPROVE,311.99,0.5633513894676111,0,0,0,1,0,0,0,6,262,14,96,43,customer_velocity;terminal_customer_network_burst,0.43,0.0024560475694983446,0.43
X000177133,2026-02-18 08:36:34,C001459,A0001459,M00712,T00650,South,South,181.56,USD,ecommerce,3ds,approved,APPROVE,151.37,1.1994450683755038,0,0,0,1,0,0,0,2,298,17,49,18,terminal_customer_network_burst,0.18,0.014195279343999688,0.18
X000044711,2026-02-18 08:36:40,C000377,A0000377,M00038,T00813,South,South,235.42,USD,ecommerce,magstripe,approved,APPROVE,121.39,1.9393689760276793,0,0,0,1,1,0,0,4,250,10,36,18,terminal_customer_network_burst,0.18,0.030509418421507804,0.18
X000167018,2026-02-18 08:36:59,C001379,A0001379,M00173,T01167,South,South,33.63,USD,ecommerce,3ds,approved,APPROVE,44.46,0.7564102564102565,0,0,0,1,0,0,0,1,241,11,18,18,terminal_customer_network_burst,0.18,0.012221643928052498,0.18
X000207319,2026-02-18 08:37:12,C001691,A0001691,M00073,T00757,South,South,43.39,USD,mobile_wallet,magstripe,approved,APPROVE,50.85,0.8532940019665683,0,0,0,0,1,1,0,1,341,21,29,18,terminal_customer_network_burst,0.18,0.10640780126277646,0.18
X000014132,2026-02-18 08:37:36,C000119,A0000119,M00183,T00617,South,South,151.16,USD,card_present,chip_pin,approved,APPROVE,73.13,2.0670039655408177,0,0,0,0,0,0,0,5,239,15,38,43,customer_velocity;terminal_customer_network_burst,0.43,0.026124042312125915,0.43
X000086444,2026-02-18 08:38:06,C000725,A0000725,M00445,T00021,Northeast,Northeast,49.75,USD,card_present,chip_pin,approved,APPROVE,82.78,0.6009905774341628,0,0,0,0,0,0,0,3,277,11,34,18,terminal_customer_network_burst,0.18,0.009003789062197056,0.18
X000066802,2026-02-18 08:38:14,C000566,A0000566,M00005,T01091,West,South,19.98,USD,card_present,chip_pin,approved,APPROVE,39.44,0.5065922920892495,0,0,0,0,0,0,1,2,278,19,0,45,new_customer_terminal_pair;terminal_customer_network_burst;home_region_mismatch,0.45,0.39844036252779846,0.45
X000025887,2026-02-18 08:39:13,C000220,A0000220,M00084,T00910,Midwest,Midwest,210.82,USD,card_present,3ds,approved,APPROVE,356.98,0.5905652977757857,0,0,0,0,0,0,0,3,217,14,53,18,terminal_customer_network_burst,0.18,0.005932918327161156,0.18
X000243866,2026-02-18 08:39:28,C001988,A0001988,M00288,T01177,South,Northeast,83.5,USD,card_present,chip_pin,approved,APPROVE,86.5,0.9653179190751445,0,0,0,0,0,0,1,1,290,17,0,45,new_customer_terminal_pair;terminal_customer_network_burst;home_region_mismatch,0.45,0.3659849286493948,0.45
X000219232,2026-02-18 08:39:59,C001790,A0001790,M00484,T00479,South,South,94.27,USD,card_present,wallet_biometric,approved,APPROVE,121.97,0.7728949741739772,0,0,0,0,0,0,0,7,283,20,43,43,customer_velocity;terminal_customer_network_burst,0.43,0.03339414462496133,0.43
X000202109,2026-02-18 08:40:19,C001653,A0001653,M00355,T00032,Midwest,Midwest,79.37,USD,mobile_wallet,wallet_biometric,approved,APPROVE,33.27,2.3856327021340547,0,0,0,0,0,1,0,1,26,4,23,0,,0.0,0.00725052675154113,0.00725052675154113
X000138377,2026-02-18 08:40:52,C001138,A0001138,M00087,T00078,South,South,146.75,USD,mobile_wallet,3ds,approved,APPROVE,79.55,1.8447517284726587,0,0,0,0,0,1,0,0,388,13,22,18,terminal_customer_network_burst,0.18,0.0383911392677232,0.18
X000050391,2026-02-18 08:40:57,C000422,A0000422,M00211,T00509,Midwest,Midwest,34.27,USD,mobile_wallet,chip_pin,approved,APPROVE,47.92,0.7151502504173624,0,0,0,0,0,1,0,0,300,19,28,18,terminal_customer_network_burst,0.18,0.03258060652606391,0.18
X000045336,2026-02-18 08:40:59,C000380,A0000380,M00681,T00001,West,West,52.33,USD,ecommerce,chip_pin,approved,APPROVE,36.05,1.451595006934813,0,0,0,1,0,0,0,3,102,9,49,18,terminal_customer_network_burst,0.18,0.0041639266192839515,0.18
X000221421,2026-02-18 08:41:04,C001804,A0001804,M00096,T00202,South,West,239.09,USD,mobile_wallet,chip_pin,approved,APPROVE,206.37,1.1585501768667927,0,0,0,0,0,1,1,7,216,18,0,70,customer_velocity;new_customer_terminal_pair;terminal_customer_network_burst;home_region_mismatch,0.7,0.6403498619304323,0.7
X000145825,2026-02-18 08:41:45,C001201,A0001201,M00282,T00583,South,South,70.45,USD,ecommerce,chip_pin,approved,APPROVE,63.85,1.1033672670321064,0,0,0,1,0,0,0,3,427,22,29,18,terminal_customer_network_burst,0.18,0.07020446900649888,0.18
X000159419,2026-02-18 08:41:49,C001313,A0001313,M00682,T00517,Northeast,Northeast,108.56,USD,mobile_wallet,3ds,approved,APPROVE,49.53,2.1918029477084597,0,0,0,0,0,1,0,1,157,22,16,18,terminal_customer_network_burst,0.18,0.09182070381787737,0.18
X000168185,2026-02-18 08:41:58,C001390,A0001390,M00557,T00649,Midwest,Midwest,322.45,USD,card_present,chip_pin,approved,APPROVE,129.37,2.4924634768493465,0,0,0,0,0,0,0,1,224,20,19,18,terminal_customer_network_burst,0.18,0.06050139255949275,0.18
X000197565,2026-02-18 08:42:06,C001621,A0001621,M00269,T00339,West,West,85.4,USD,card_present,chip_pin,approved,APPROVE,173.71,0.4916239709861263,0,0,0,0,0,0,0,9,174,9,92,43,customer_velocity;terminal_customer_network_burst,0.43,0.001613426431662153,0.43
X000240029,2026-02-18 08:43:50,C001957,A0001957,M00328,T00351,Midwest,Midwest,62.75,USD,ecommerce,chip_pin,approved,APPROVE,49.97,1.2557534520712428,0,0,0,1,0,0,0,1,168,16,22,18,terminal_customer_network_burst,0.18,0.019608130033670082,0.18
X000141161,2026-02-18 08:43:55,C001162,A0001162,M00695,T00010,Midwest,Midwest,103.95,USD,card_present,magstripe,approved,APPROVE,135.54,0.7669322709163348,0,0,0,0,1,0,0,1,100,15,32,18,terminal_customer_network_burst,0.18,0.017843400349282744,0.18
X000152465,2026-02-18 08:44:17,C001253,A0001253,M00475,T00965,Midwest,Midwest,22.34,USD,ecommerce,3ds,approved,APPROVE,45.07,0.4956733969380963,0,0,0,1,0,0,0,1,216,21,56,18,terminal_customer_network_burst,0.18,0.009857190411472682,0.18
X000205994,2026-02-18 08:44:49,C001680,A0001680,M00761,T01038,South,South,101.01,USD,card_present,chip_pin,approved,APPROVE,155.53,0.6494566964572751,0,0,0,0,0,0,0,3,293,16,49,18,terminal_customer_network_burst,0.18,0.010633763632673984,0.18
X000170395,2026-02-18 08:44:55,C001404,A0001404,M00258,T00527,West,West,142.49,USD,ecommerce,chip_pin,approved,APPROVE,133.01,1.071272836628825,0,0,0,1,0,0,0,5,173,11,41,43,customer_velocity;terminal_customer_network_burst,0.43,0.008879314865761344,0.43
X000038669,2026-02-18 08:44:59,C000330,A0000330,M00130,T01074,South,South,15.39,USD,ecommerce,chip_pin,approved,APPROVE,14.95,1.0294314381270904,0,0,0,1,0,0,0,0,236,15,22,18,terminal_customer_network_burst,0.18,0.01685849708805269,0.18
X000131318,2026-02-18 08:45:05,C001080,A0001080,M00668,T00869,Midwest,Midwest,52.51,USD,mobile_wallet,wallet_biometric,approved,APPROVE,51.38,1.021992993382639,0,0,0,0,0,1,0,4,250,13,54,18,terminal_customer_network_burst,0.18,0.011185709505462717,0.18
X000156347,2026-02-18 08:45:50,C001286,A0001286,M00299,T00392,Northeast,Northeast,139.41,USD,mobile_wallet,3ds,approved,APPROVE,240.04,0.5807782036327279,0,0,0,0,0,1,0,3,122,10,46,18,terminal_customer_network_burst,0.18,0.005446731671897441,0.18
X000068113,2026-02-18 08:46:18,C000577,A0000577,M00048,T00107,Northeast,Northeast,211.01,USD,card_present,chip_pin,approved,APPROVE,168.98,1.2487276600781159,0,0,0,0,0,0,0,2,267,12,37,18,terminal_customer_network_burst,0.18,0.010365477988257368,0.18
X000240136,2026-02-18 08:46:28,C001958,A0001958,M00493,T00281,West,West,96.28,USD,card_present,wallet_biometric,approved,APPROVE,101.3,0.9504442250740376,0,0,0,0,0,0,0,2,87,14,31,18,terminal_customer_network_burst,0.18,0.00890344737792647,0.18
X000067977,2026-02-18 08:46:34,C000576,A0000576,M00628,T01005,West,West,44.14,USD,ecommerce,3ds,approved,APPROVE,69.4,0.6360230547550432,0,0,0,1,0,0,0,3,90,12,33,18,terminal_customer_network_burst,0.18,0.006935694396664349,0.18
X000157855,2026-02-18 08:46:44,C001297,A0001297,M00378,T00467,South,South,88.12,USD,ecommerce,chip_pin,approved,APPROVE,59.03,1.4928002710486195,0,0,0,1,0,0,0,1,243,15,20,18,terminal_customer_network_burst,0.18,0.02471200484552025,0.18
X000033395,2026-02-18 08:47:02,C000283,A0000283,M00698,T00516,West,West,16.24,USD,ecommerce,chip_pin,approved,APPROVE,52.48,0.3094512195121951,0,0,0,1,0,0,0,1,105,13,22,18,terminal_customer_network_burst,0.18,0.00801693567250448,0.18
X000128927,2026-02-18 08:47:08,C001060,A0001060,M00412,T00928,Northeast,Northeast,283.99,USD,ecommerce,chip_pin,approved,APPROVE,203.81,1.3934056228840588,0,0,0,1,0,0,0,3,336,23,73,18,terminal_customer_network_burst,0.18,0.01777533623462073,0.18
X000041078,2026-02-18 08:47:20,C000348,A0000348,M00778,T01132,South,South,60.73,USD,ecommerce,chip_pin,approved,APPROVE,38.38,1.5823345492443979,0,0,0,1,0,0,0,2,262,21,29,18,terminal_customer_network_burst,0.18,0.04518368632218155,0.18
X000098608,2026-02-18 08:47:21,C000826,A0000826,M00310,T00621,West,West,19.93,USD,card_present,chip_pin,approved,APPROVE,29.66,0.6719487525286582,0,0,0,0,0,0,0,4,57,9,25,18,terminal_customer_network_burst,0.18,0.0062605230778475405,0.18
X000196262,2026-02-18 08:48:07,C001612,A0001612,M00133,T00854,Northeast,Northeast,746.06,USD,card_present,3ds,approved,APPROVE,157.68,4.731481481481481,0,0,0,0,0,0,0,1,258,15,48,48,amount_vs_profile;terminal_customer_network_burst,0.48,0.03633380463570098,0.48
X000140082,2026-02-18 08:48:18,C001154,A0001154,M00556,T00223,South,South,817.27,USD,ecommerce,chip_pin,approved,APPROVE,200.38,4.078600658748378,0,0,0,1,0,0,0,3,293,15,65,48,amount_vs_profile;terminal_customer_network_burst,0.48,0.02372226246586763,0.48
X000160416,2026-02-18 08:49:20,C001324,A0001324,M00231,T00176,South,South,58.69,USD,card_present,chip_pin,approved,APPROVE,44.34,1.323635543527289,0,0,0,0,0,0,0,1,251,16,27,18,terminal_customer_network_burst,0.18,0.02010391722341921,0.18
X000187998,2026-02-18 08:49:26,C001543,A0001543,M00211,T00509,Midwest,Midwest,272.3,USD,card_present,3ds,approved,APPROVE,217.69,1.250861316551059,0,0,0,0,0,0,0,9,301,19,103,43,customer_velocity;terminal_customer_network_burst,0.43,0.0069784447289792904,0.43
X000054708,2026-02-18 08:50:24,C000462,A0000462,M00443,T00564,South,South,21.73,USD,card_present,wallet_biometric,approved,APPROVE,35.57,0.6109080685971324,0,0,0,0,0,0,0,1,231,14,29,18,terminal_customer_network_burst,0.18,0.010641211295207991,0.18
X000111956,2026-02-18 08:50:36,C000934,A0000934,M00574,T00190,Midwest,Midwest,129.4,USD,card_present,chip_pin,soft_decline,CHALLENGE,114.46,1.1305259479294079,0,0,1,0,0,0,0,4,397,20,36,26,terminal_customer_network_burst;authentication_soft_decline,0.26,0.18355608977728852,0.26
X000199807,2026-02-18 08:50:43,C001637,A0001637,M00398,T00528,South,South,102.74,USD,card_present,chip_pin,approved,APPROVE,150.55,0.6824310860179341,0,0,0,0,0,0,0,6,207,13,61,43,customer_velocity;terminal_customer_network_burst,0.43,0.005854570797506258,0.43
X000177434,2026-02-18 08:50:46,C001460,A0001460,M00148,T00250,Midwest,Midwest,244.8,USD,card_present,chip_pin,approved,APPROVE,140.53,1.7419768021063118,0,0,0,0,0,0,0,5,204,14,87,43,customer_velocity;terminal_customer_network_burst,0.43,0.0038564739216957835,0.43
X000013986,2026-02-18 08:51:14,C000118,A0000118,M00709,T01049,Northeast,Northeast,87.27,USD,card_present,chip_pin,approved,APPROVE,129.51,0.6738475793375029,0,0,0,0,0,0,0,2,91,14,33,18,terminal_customer_network_burst,0.18,0.007538950399668076,0.18
X000141010,2026-02-18 08:51:26,C001161,A0001161,M00673,T01116,West,West,82.92,USD,ecommerce,chip_pin,approved,APPROVE,68.85,1.2043572984749455,0,0,0,1,0,0,0,4,56,11,21,18,terminal_customer_network_burst,0.18,0.0117701851335381,0.18
X000020030,2026-02-18 08:51:28,C000173,A0000173,M00735,T00059,Midwest,Midwest,70.32,USD,ecommerce,3ds,approved,APPROVE,96.15,0.7313572542901715,0,0,0,1,0,0,0,3,203,11,38,18,terminal_customer_network_burst,0.18,0.0072822370617892955,0.18
X000110137,2026-02-18 08:51:32,C000920,A0000920,M00781,T00629,Northeast,Northeast,287.68,USD,card_present,chip_pin,approved,APPROVE,172.94,1.6634670984156354,0,0,0,0,0,0,0,5,97,9,36,43,customer_velocity;terminal_customer_network_burst,0.43,0.008174209443700687,0.43
X000053367,2026-02-18 08:51:44,C000450,A0000450,M00345,T00208,South,South,71.0,USD,mobile_wallet,wallet_biometric,approved,APPROVE,92.33,0.7689808296328388,0,0,0,0,0,1,0,1,275,21,9,18,terminal_customer_network_burst,0.18,0.07873834305969912,0.18
X000236583,2026-02-18 08:51:50,C001929,A0001929,M00634,T01016,Northeast,Northeast,477.54,USD,card_present,chip_pin,approved,APPROVE,150.31,3.177034129465771,0,0,0,0,0,0,0,4,223,17,69,48,amount_vs_profile;terminal_customer_network_burst,0.48,0.016390965386496703,0.48
X000028808,2026-02-18 08:52:25,C000247,A0000247,M00715,T00083,Midwest,Midwest,27.43,USD,card_present,magstripe,approved,APPROVE,34.2,0.8020467836257309,0,0,0,0,1,0,0,2,221,14,25,18,terminal_customer_network_burst,0.18,0.030629605489395088,0.18
X000190729,2026-02-18 08:52:43,C001566,A0001566,M00797,T00997,South,South,211.33,USD,card_present,3ds,approved,APPROVE,151.95,1.3907864429088517,0,0,0,0,0,0,0,2,220,13,31,18,terminal_customer_network_burst,0.18,0.0132808951856773,0.18
X000007269,2026-02-18 08:53:19,C000067,A0000067,M00788,T01136,South,South,102.0,USD,ecommerce,magstripe,approved,APPROVE,43.8,2.328767123287671,0,0,0,1,1,0,0,2,81,15,30,18,terminal_customer_network_burst,0.18,0.03984681872193359,0.18
X000160417,2026-02-18 08:53:48,C001324,A0001324,M00231,T00176,South,South,20.77,USD,card_present,3ds,approved,APPROVE,44.34,0.4684258006314839,0,0,0,0,0,0,0,2,252,16,28,18,terminal_customer_network_burst,0.18,0.015552128597414375,0.18
X000115522,2026-02-18 08:53:49,C000959,A0000959,M00604,T01134,Northeast,Northeast,299.68,USD,card_present,chip_pin,approved,APPROVE,188.1,1.5931951089845828,0,0,0,0,0,0,0,1,456,20,40,18,terminal_customer_network_burst,0.18,0.03938645870123271,0.18
X000222187,2026-02-18 08:54:30,C001810,A0001810,M00229,T00063,West,Northeast,239.67,USD,card_present,chip_pin,approved,APPROVE,203.81,1.1759481870369461,0,0,0,0,0,0,1,3,71,8,0,45,new_customer_terminal_pair;terminal_customer_network_burst;home_region_mismatch,0.45,0.13431472685343845,0.45
X000188861,2026-02-18 08:54:37,C001551,A0001551,M00421,T00140,Midwest,Midwest,49.87,USD,mobile_wallet,magstripe,approved,APPROVE,34.63,1.4400808547502164,0,0,0,0,1,1,0,2,54,10,14,18,terminal_customer_network_burst,0.18,0.03449741035641443,0.18
X000161981,2026-02-18 08:54:40,C001336,A0001336,M00377,T00663,Midwest,Midwest,61.96,USD,mobile_wallet,magstripe,approved,APPROVE,75.96,0.8156924697209058,0,0,0,0,1,1,0,1,151,12,28,18,terminal_customer_network_burst,0.18,0.024797841863341847,0.18
X000101491,2026-02-18 08:55:15,C000853,A0000853,M00442,T00105,West,West,40.65,USD,mobile_wallet,3ds,approved,APPROVE,45.6,0.8914473684210525,0,0,0,0,0,1,0,0,216,17,23,18,terminal_customer_network_burst,0.18,0.02631293585107198,0.18
X000195321,2026-02-18 08:55:17,C001604,A0001604,M00191,T00188,Midwest,Midwest,188.77,USD,mobile_wallet,magstripe,approved,APPROVE,138.09,1.367007024404374,0,0,0,0,1,1,0,8,164,14,55,43,customer_velocity;terminal_customer_network_burst,0.43,0.038155811227388765,0.43
X000161809,2026-02-18 08:55:32,C001334,A0001334,M00431,T00216,West,West,116.63,USD,card_present,chip_pin,approved,APPROVE,61.91,1.883863673073817,0,0,0,0,0,0,0,1,103,10,27,18,terminal_customer_network_burst,0.18,0.008548420731198197,0.18
X000041656,2026-02-18 08:55:39,C000352,A0000352,M00434,T00808,South,South,54.36,USD,card_present,wallet_biometric,approved,APPROVE,46.87,1.159803712395989,0,0,0,0,0,0,0,3,270,17,26,18,terminal_customer_network_burst,0.18,0.02883468065580033,0.18
X000066440,2026-02-18 08:55:40,C000563,A0000563,M00645,T00428,Northeast,South,11.7,USD,card_present,chip_pin,approved,APPROVE,25.27,0.46299960427384246,0,0,0,0,0,0,1,5,143,15,0,70,customer_velocity;new_customer_terminal_pair;terminal_customer_network_burst;home_region_mismatch,0.7,0.2890375212031181,0.7
X000045431,2026-02-18 08:55:51,C000381,A0000381,M00190,T01150,West,West,144.58,USD,card_present,3ds,approved,APPROVE,74.88,1.93082264957265,0,0,0,0,0,0,0,2,135,13,14,18,terminal_customer_network_burst,0.18,0.02288859808855168,0.18
X000089690,2026-02-18 08:56:09,C000749,A0000749,M00341,T01190,Midwest,Midwest,90.67,USD,mobile_wallet,3ds,approved,APPROVE,63.34,1.4314808967477106,0,0,0,0,0,1,0,2,149,16,45,18,terminal_customer_network_burst,0.18,0.015340998289059512,0.18
X000100312,2026-02-18 08:56:13,C000844,A0000844,M00225,T00294,Midwest,Midwest,132.08,USD,mobile_wallet,3ds,approved,APPROVE,68.6,1.9253644314868807,0,0,0,0,0,1,0,3,233,11,61,18,terminal_customer_network_burst,0.18,0.008660963148959819,0.18
X000189410,2026-02-18 08:56:30,C001556,A0001556,M00668,T00869,Midwest,Midwest,26.83,USD,ecommerce,wallet_biometric,approved,APPROVE,74.51,0.36008589451080386,0,0,0,1,0,0,0,2,251,13,42,18,terminal_customer_network_burst,0.18,0.007012766788406077,0.18
X000043655,2026-02-18 08:56:54,C000370,A0000370,M00700,T00679,Northeast,Northeast,23.18,USD,ecommerce,magstripe,approved,APPROVE,25.77,0.8994955374466433,0,0,0,1,1,0,0,2,268,17,17,18,terminal_customer_network_burst,0.18,0.06769974327725604,0.18
X000113212,2026-02-18 08:56:58,C000944,A0000944,M00109,T00548,Northeast,Northeast,241.43,USD,ecommerce,3ds,approved,APPROVE,227.5,1.0612307692307692,0,0,0,1,0,0,0,8,289,22,104,43,customer_velocity;terminal_customer_network_burst,0.43,0.00811297578563702,0.43
X000072853,2026-02-18 08:57:14,C000615,A0000615,M00222,T00844,South,South,13.03,USD,card_present,magstripe,approved,APPROVE,24.79,0.5256151674062122,0,0,0,0,1,0,0,0,220,15,32,18,terminal_customer_network_burst,0.18,0.019551872132705296,0.18
X000121469,2026-02-18 08:57:36,C001008,A0001008,M00574,T00190,Midwest,Midwest,309.19,USD,card_present,chip_pin,approved,APPROVE,287.67,1.0748079396530745,0,0,0,0,0,0,0,6,398,20,73,43,customer_velocity;terminal_customer_network_burst,0.43,0.017312553329882362,0.43
X000024596,2026-02-18 08:58:11,C000207,A0000207,M00119,T00895,South,South,58.23,USD,ecommerce,3ds,approved,APPROVE,77.4,0.7523255813953488,0,0,0,1,0,0,0,2,324,17,37,18,terminal_customer_network_burst,0.18,0.018599544638097116,0.18
X000188662,2026-02-18 08:58:18,C001549,A0001549,M00400,T00241,West,West,90.42,USD,card_present,3ds,soft_decline,CHALLENGE,153.09,0.5906329610033314,0,0,1,0,0,0,0,12,222,15,78,71,customer_velocity;high_customer_velocity;terminal_customer_network_burst;authentication_soft_decline,0.71,0.039871529801391255,0.71
X000198445,2026-02-18 08:58:44,C001626,A0001626,M00137,T00381,Midwest,Midwest,415.92,USD,ecommerce,magstripe,approved,APPROVE,262.11,1.5868146961199496,0,0,0,1,1,0,0,5,188,14,78,43,customer_velocity;terminal_customer_network_burst,0.43,0.010613479203226183,0.43
X000103182,2026-02-18 08:59:25,C000867,A0000867,M00712,T00064,South,South,53.57,USD,card_present,chip_pin,approved,APPROVE,56.05,0.9557537912578056,0,0,0,0,0,0,0,1,320,16,24,18,terminal_customer_network_burst,0.18,0.02272848849517178,0.18
X000240679,2026-02-18 08:59:27,C001962,A0001962,M00147,T00410,South,South,18.54,USD,mobile_wallet,3ds,approved,APPROVE,36.41,0.5092007690195002,0,0,0,0,0,1,0,0,147,13,16,18,terminal_customer_network_burst,0.18,0.014869056495847906,0.18
X000062622,2026-02-18 08:59:33,C000531,A0000531,M00583,T00599,Midwest,Midwest,226.51,USD,ecommerce,3ds,approved,APPROVE,214.99,1.05358388762268,0,0,0,1,0,0,0,7,99,9,91,43,customer_velocity;terminal_customer_network_burst,0.43,0.0014404209460827906,0.43
X000016631,2026-02-18 09:00:19,C000141,A0000141,M00225,T00294,Midwest,Midwest,92.87,USD,mobile_wallet,wallet_biometric,approved,APPROVE,64.74,1.4345072598084647,0,0,0,0,0,1,0,0,234,11,25,18,terminal_customer_network_burst,0.18,0.015962254827031244,0.18
X000197933,2026-02-18 09:00:20,C001623,A0001623,M00295,T00425,South,South,175.24,USD,card_present,3ds,approved,APPROVE,107.7,1.6271123491179202,0,0,0,0,0,0,0,5,487,20,71,43,customer_velocity;terminal_customer_network_burst,0.43,0.025670562729960603,0.43
X000088023,2026-02-18 09:01:02,C000739,A0000739,M00251,T00619,West,West,21.9,USD,ecommerce,wallet_biometric,approved,APPROVE,42.99,0.509420795533845,0,0,0,1,0,0,0,2,105,13,36,18,terminal_customer_network_burst,0.18,0.0062199972394638234,0.18
X000054096,2026-02-18 09:01:11,C000458,A0000458,M00493,T00281,Northeast,West,52.16,USD,card_present,wallet_biometric,approved,APPROVE,49.08,1.0627546862265689,0,0,0,0,0,0,1,0,88,14,0,45,new_customer_terminal_pair;terminal_customer_network_burst;home_region_mismatch,0.45,0.18152907433940646,0.45
X000162903,2026-02-18 09:01:33,C001344,A0001344,M00428,T00264,West,West,66.53,USD,mobile_wallet,chip_pin,approved,APPROVE,110.89,0.5999639282171522,0,0,0,0,0,1,0,1,218,16,28,18,terminal_customer_network_burst,0.18,0.020064929581360216,0.18
X000129476,2026-02-18 09:01:41,C001064,A0001064,M00280,T00178,Northeast,Northeast,135.57,USD,ecommerce,chip_pin,approved,APPROVE,157.04,0.8632832399388691,0,0,0,1,0,0,0,2,164,13,48,18,terminal_customer_network_burst,0.18,0.005668645982326433,0.18
X000005381,2026-02-18 09:01:55,C000049,A0000049,M00379,T01176,South,South,60.44,USD,card_present,chip_pin,approved,APPROVE,99.71,0.606157857787584,0,0,0,0,0,0,0,5,312,19,48,43,customer_velocity;terminal_customer_network_burst,0.43,0.020307211303197733,0.43
X000074694,2026-02-18 09:02:44,C000629,A0000629,M00391,T01061,Northeast,Northeast,121.4,USD,card_present,3ds,approved,APPROVE,118.88,1.0211978465679679,0,0,0,0,0,0,0,9,218,17,102,43,customer_velocity;terminal_customer_network_burst,0.43,0.004187655751340172,0.43
X000239862,2026-02-18 09:02:45,C001955,A0001955,M00484,T00728,South,South,15.02,USD,card_present,magstripe,approved,APPROVE,16.49,0.9108550636749546,0,0,0,0,1,0,0,2,392,18,36,18,terminal_customer_network_burst,0.18,0.054644768784258425,0.18
X000244858,2026-02-18 09:03:48,C001995,A0001995,M00270,T00356,Northeast,South,1148.97,USD,card_present,3ds,approved,APPROVE,400.21,2.87091776817171,0,0,0,0,0,0,1,10,173,11,0,90,customer_velocity;high_customer_velocity;new_customer_terminal_pair;terminal_customer_network_burst;home_region_mismatch,0.9,0.5684370553174158,0.9
X000162032,2026-02-18 09:04:43,C001337,A0001337,M00738,T00002,South,South,38.94,USD,ecommerce,chip_pin,approved,APPROVE,70.33,0.5536755296459548,0,0,0,1,0,0,0,1,169,17,6,18,terminal_customer_network_burst,0.18,0.02773396978483094,0.18
X000181778,2026-02-18 09:04:52,C001495,A0001495,M00661,T00801,Northeast,Northeast,53.05,USD,mobile_wallet,3ds,approved,APPROVE,43.33,1.2243249480729286,0,0,0,0,0,1,0,4,166,15,25,18,terminal_customer_network_burst,0.18,0.031219478649830656,0.18
X000045130,2026-02-18 09:05:24,C000379,A0000379,M00212,T00443,Midwest,Midwest,171.39,USD,card_present,3ds,approved,APPROVE,300.48,0.5703873801916932,0,0,0,0,0,0,0,9,187,17,75,43,customer_velocity;terminal_customer_network_burst,0.43,0.007709720354581116,0.43
X000042093,2026-02-18 09:05:59,C000356,A0000356,M00588,T00221,West,West,207.58,USD,ecommerce,chip_pin,approved,APPROVE,126.06,1.6466761859432018,0,0,0,1,0,0,0,0,93,7,44,0,,0.0,0.00287166911712567,0.00287166911712567
X000204119,2026-02-18 09:06:00,C001667,A0001667,M00696,T00129,South,Midwest,138.94,USD,ecommerce,chip_pin,approved,APPROVE,187.97,0.7391605043357983,0,0,0,1,0,0,1,10,198,14,0,90,customer_velocity;high_customer_velocity;new_customer_terminal_pair;terminal_customer_network_burst;home_region_mismatch,0.9,0.4699844565431941,0.9
X000240315,2026-02-18 09:06:12,C001960,A0001960,M00580,T00415,South,South,31.33,USD,mobile_wallet,3ds,approved,APPROVE,31.09,1.0077195239626888,0,0,0,0,0,1,0,2,353,22,24,18,terminal_customer_network_burst,0.18,0.08229421443914191,0.18
X000231011,2026-02-18 09:06:31,C001884,A0001884,M00763,T00601,South,South,62.88,USD,card_present,chip_pin,approved,APPROVE,58.93,1.0670286780926523,0,0,0,0,0,0,0,0,312,25,24,18,terminal_customer_network_burst,0.18,0.0582074668659442,0.18
X000092531,2026-02-18 09:06:52,C000774,A0000774,M00350,T01102,Midwest,Midwest,61.46,USD,card_present,chip_pin,approved,APPROVE,72.34,0.8495991152889134,0,0,0,0,0,0,0,1,124,11,20,18,terminal_customer_network_burst,0.18,0.008365956977540329,0.18
X000136331,2026-02-18 09:06:53,C001121,A0001121,M00367,T00335,South,South,134.47,USD,card_present,3ds,approved,APPROVE,103.73,1.296346283620939,0,0,0,0,0,0,0,0,234,17,50,18,terminal_customer_network_burst,0.18,0.009115275622171775,0.18
X000146854,2026-02-18 09:07:33,C001210,A0001210,M00080,T00590,Midwest,Midwest,48.86,USD,card_present,chip_pin,approved,APPROVE,138.79,0.3520426543699114,0,0,0,0,0,0,0,4,213,13,75,18,terminal_customer_network_burst,0.18,0.0026107471848882714,0.18
X000041459,2026-02-18 09:08:03,C000350,A0000350,M00504,T00422,Northeast,Northeast,55.65,USD,card_present,magstripe,approved,APPROVE,48.26,1.153128885205139,0,0,0,0,1,0,0,1,356,14,20,18,terminal_customer_network_burst,0.18,0.05126502309443127,0.18
X000185846,2026-02-18 09:08:46,C001527,A0001527,M00129,T00930,West,West,22.53,USD,ecommerce,wallet_biometric,approved,APPROVE,28.9,0.7795847750865053,0,0,0,1,0,0,0,5,124,12,45,43,customer_velocity;terminal_customer_network_burst,0.43,0.006882099948554317,0.43
X000195322,2026-02-18 09:08:48,C001604,A0001604,M00517,T01092,Midwest,Midwest,157.59,USD,ecommerce,3ds,approved,APPROVE,138.09,1.1412122528785575,0,0,0,1,0,0,0,9,233,17,76,43,customer_velocity;terminal_customer_network_burst,0.43,0.011160455863038198,0.43
X000001293,2026-02-18 09:09:01,C000013,A0000013,M00267,T00878,West,West,46.61,USD,ecommerce,wallet_biometric,approved,APPROVE,27.94,1.668217609162491,0,0,0,1,0,0,0,2,111,12,24,18,terminal_customer_network_burst,0.18,0.013210106753141923,0.18
X000098931,2026-02-18 09:09:27,C000829,A0000829,M00257,T00772,South,South,58.02,USD,card_present,magstripe,approved,APPROVE,31.11,1.8649951783992287,0,0,0,0,1,0,0,1,435,26,36,18,terminal_customer_network_burst,0.18,0.1800151984444695,0.1800151984444695
X000234024,2026-02-18 09:09:59,C001907,A0001907,M00255,T00742,West,West,345.05,USD,mobile_wallet,3ds,approved,APPROVE,168.05,2.0532579589407915,0,0,0,0,0,1,0,6,84,19,0,58,customer_velocity;new_customer_terminal_pair;terminal_customer_network_burst,0.58,0.14392113540687856,0.58
X000099531,2026-02-18 09:10:34,C000836,A0000836,M00399,T01051,West,West,44.57,USD,ecommerce,chip_pin,approved,APPROVE,38.26,1.1649242028227915,0,0,0,1,0,0,0,1,93,13,9,18,terminal_customer_network_burst,0.18,0.01667868088534472,0.18
X000212134,2026-02-18 09:10:38,C001730,A0001730,M00021,T00406,South,South,70.36,USD,ecommerce,chip_pin,approved,APPROVE,65.58,1.072888075632815,0,0,0,1,0,0,0,1,213,17,33,18,terminal_customer_network_burst,0.18,0.016153282018018494,0.18
X000005044,2026-02-18 09:10:49,C000046,A0000046,M00645,T00428,South,South,12.54,USD,mobile_wallet,chip_pin,approved,APPROVE,20.48,0.6123046875,0,0,0,0,0,1,0,1,144,16,19,18,terminal_customer_network_burst,0.18,0.022274081048305347,0.18
X000173367,2026-02-18 09:11:00,C001429,A0001429,M00342,T00375,Midwest,Midwest,130.65,USD,mobile_wallet,chip_pin,approved,APPROVE,67.28,1.941884661117717,0,0,0,0,0,1,0,1,309,20,55,18,terminal_customer_network_burst,0.18,0.029096828682388106,0.18
X000046323,2026-02-18 09:11:13,C000388,A0000388,M00443,T00564,South,South,134.98,USD,ecommerce,chip_pin,approved,APPROVE,83.44,1.6176893576222435,0,0,0,1,0,0,0,5,232,14,41,43,customer_velocity;terminal_customer_network_burst,0.43,0.01829463817407771,0.43
X000058551,2026-02-18 09:11:19,C000496,A0000496,M00067,T00948,South,South,88.0,USD,card_present,3ds,approved,APPROVE,48.44,1.8166804293971925,0,0,0,0,0,0,0,0,330,19,23,18,terminal_customer_network_burst,0.18,0.042606728609420434,0.18
X000155177,2026-02-18 09:11:22,C001278,A0001278,M00613,T00852,South,South,64.94,USD,ecommerce,chip_pin,approved,APPROVE,50.36,1.289515488482923,0,0,0,1,0,0,0,1,243,22,34,18,terminal_customer_network_burst,0.18,0.03288988159974708,0.18
X000013987,2026-02-18 09:11:32,C000118,A0000118,M00790,T01171,Northeast,Northeast,173.33,USD,card_present,wallet_biometric,approved,APPROVE,129.51,1.338352250791445,0,0,0,0,0,0,0,3,132,17,46,18,terminal_customer_network_burst,0.18,0.011536062400472166,0.18
X000195814,2026-02-18 09:11:44,C001608,A0001608,M00753,T00413,South,South,27.64,USD,card_present,chip_pin,approved,APPROVE,43.27,0.6387797550265772,0,0,0,0,0,0,0,3,404,16,13,18,terminal_customer_network_burst,0.18,0.0439386485846644,0.18
X000130714,2026-02-18 09:12:14,C001075,A0001075,M00171,T00523,Northeast,Northeast,34.3,USD,card_present,chip_pin,approved,APPROVE,45.23,0.7583462303780677,0,0,0,0,0,0,0,6,245,18,28,43,customer_velocity;terminal_customer_network_burst,0.43,0.034305654452245794,0.43
X000241045,2026-02-18 09:12:41,C001967,A0001967,M00763,T00601,South,South,103.49,USD,mobile_wallet,wallet_biometric,approved,APPROVE,81.83,1.264695099596725,0,0,0,0,0,1,0,2,313,25,27,18,terminal_customer_network_burst,0.18,0.10427960779371524,0.18
X000001767,2026-02-18 09:12:53,C000015,A0000015,M00784,T00354,South,South,327.92,USD,mobile_wallet,chip_pin,approved,APPROVE,115.21,2.846280704799931,0,0,0,0,0,1,0,6,341,14,115,43,customer_velocity;terminal_customer_network_burst,0.43,0.005879058991083733,0.43
X000079024,2026-02-18 09:13:38,C000665,A0000665,M00168,T00944,Northeast,Northeast,36.71,USD,ecommerce,chip_pin,approved,APPROVE,55.42,0.6623962468422951,0,0,0,1,0,0,0,1,307,18,34,18,terminal_customer_network_burst,0.18,0.018928667599926983,0.18
X000231961,2026-02-18 09:14:04,C001892,A0001892,M00318,T00746,Midwest,Midwest,53.76,USD,card_present,3ds,approved,APPROVE,75.65,0.7106411103767348,0,0,0,0,0,0,0,1,377,25,27,18,terminal_customer_network_burst,0.18,0.060589212759302395,0.18
X000083921,2026-02-18 09:14:08,C000701,A0000701,M00598,T00688,West,West,27.01,USD,ecommerce,3ds,approved,APPROVE,55.81,0.4839634474108583,0,0,0,1,0,0,0,1,133,13,24,18,terminal_customer_network_burst,0.18,0.008666314914634241,0.18
X000189981,2026-02-18 09:14:24,C001561,A0001561,M00345,T01160,South,South,194.98,USD,card_present,wallet_biometric,approved,APPROVE,142.2,1.3711673699015472,0,0,0,0,0,0,0,0,118,12,37,18,terminal_customer_network_burst,0.18,0.005884615994408624,0.18
X000158253,2026-02-18 09:14:27,C001301,A0001301,M00427,T01200,South,South,97.5,USD,mobile_wallet,chip_pin,approved,APPROVE,38.75,2.5161290322580645,0,0,0,0,0,1,0,1,247,18,32,18,terminal_customer_network_burst,0.18,0.05103220616654128,0.18
X000067481,2026-02-18 09:14:29,C000571,A0000571,M00372,T00095,South,South,63.28,USD,mobile_wallet,3ds,approved,APPROVE,119.82,0.528125521615757,0,0,0,0,0,1,0,7,316,21,66,43,customer_velocity;terminal_customer_network_burst,0.43,0.02665202003681004,0.43
X000087661,2026-02-18 09:14:30,C000735,A0000735,M00526,T00055,South,South,99.11,USD,ecommerce,wallet_biometric,approved,APPROVE,65.82,1.505773321178973,0,0,0,1,0,0,0,3,167,16,41,18,terminal_customer_network_burst,0.18,0.014856714560193612,0.18
X000152277,2026-02-18 09:14:38,C001252,A0001252,M00191,T00441,Midwest,Midwest,25.02,USD,card_present,3ds,approved,APPROVE,35.69,0.7010367049593724,0,0,0,0,0,0,0,2,241,15,18,18,terminal_customer_network_burst,0.18,0.02033299034842446,0.18
