Transaction_ID,Timestamp,Customer_ID,Account_ID,Merchant_ID,Terminal_ID,Customer_Region,Merchant_Region,Amount,Currency,Channel,Auth_Type,Auth_Result,Incumbent_Decision,Typical_Spend,Amount_To_Typical_Spend,Is_Night,Is_Weekend,Auth_Soft_Decline,Is_Ecommerce,Is_Magstripe,Is_Mobile_Wallet,Region_Mismatch,Tx_Count_Prior_24h,Terminal_Prior_Tx_Count,Terminal_Prior_Distinct_Customers,Customer_Terminal_Prior_Count,Rule_Score,Rule_Reasons,Rule_Risk,Model_Score,Hybrid_Score
X000105120,2026-01-30 09:02:19,C000884,A0000884,M00010,T00620,South,Northeast,29.88,USD,card_present,wallet_biometric,approved,APPROVE,29.77,1.0036949949613705,0,0,0,0,0,0,1,0,76,13,0,45,new_customer_terminal_pair;terminal_customer_network_burst;home_region_mismatch,0.45,0.15708425360406458,0.45
X000069557,2026-01-30 09:02:25,C000591,A0000591,M00305,T01095,Northeast,Northeast,29.19,USD,card_present,chip_pin,approved,APPROVE,42.51,0.6866619618913198,0,0,0,0,0,0,0,1,79,11,7,18,terminal_customer_network_burst,0.18,0.010611633840355027,0.18
X000205420,2026-01-30 09:03:02,C001678,A0001678,M00687,T01115,Midwest,Midwest,24.31,USD,ecommerce,chip_pin,approved,APPROVE,74.52,0.3262211486849168,0,0,0,1,0,0,0,6,105,5,40,25,customer_velocity,0.25,0.003146678662853685,0.25
X000185937,2026-01-30 09:03:06,C001528,A0001528,M00597,T00544,Midwest,Midwest,17.54,USD,ecommerce,magstripe,approved,APPROVE,24.88,0.704983922829582,0,0,0,1,1,0,0,1,42,7,13,0,,0.0,0.011397061986839999,0.011397061986839999
X000019315,2026-01-30 09:03:34,C000167,A0000167,M00720,T00311,Northeast,Northeast,44.22,USD,mobile_wallet,3ds,approved,APPROVE,36.23,1.2205354678443279,0,0,0,0,0,1,0,0,107,11,12,18,terminal_customer_network_burst,0.18,0.016080576017510628,0.18
X000093817,2026-01-30 09:03:34,C000786,A0000786,M00789,T00365,Midwest,Midwest,210.28,USD,ecommerce,chip_pin,approved,APPROVE,167.98,1.2518156923443269,0,0,0,1,0,0,0,3,93,8,31,18,terminal_customer_network_burst,0.18,0.0059669579369291985,0.18
X000042547,2026-01-30 09:04:12,C000360,A0000360,M00706,T00856,Northeast,Northeast,40.04,USD,card_present,magstripe,approved,APPROVE,42.92,0.9328984156570362,0,0,0,0,1,0,0,0,84,9,14,18,terminal_customer_network_burst,0.18,0.014372843381285026,0.18
X000122304,2026-01-30 09:04:31,C001014,A0001014,M00248,T00017,South,South,89.26,USD,ecommerce,magstripe,approved,APPROVE,79.82,1.118266098722125,0,0,0,1,1,0,0,7,157,11,27,43,customer_velocity;terminal_customer_network_burst,0.43,0.03666370100359905,0.43
X000042681,2026-01-30 09:05:08,C000361,A0000361,M00387,T00209,Northeast,Northeast,58.95,USD,mobile_wallet,chip_pin,approved,APPROVE,43.71,1.3486616334934798,0,0,0,0,0,1,0,3,121,13,21,18,terminal_customer_network_burst,0.18,0.023517894284782338,0.18
X000243003,2026-01-30 09:05:13,C001982,A0001982,M00007,T00196,South,South,48.34,USD,ecommerce,chip_pin,approved,APPROVE,37.95,1.2737812911725954,0,0,0,1,0,0,0,1,131,16,18,18,terminal_customer_network_burst,0.18,0.020430766712991526,0.18
X000123884,2026-01-30 09:05:25,C001025,A0001025,M00328,T00351,Midwest,Midwest,135.82,USD,ecommerce,magstripe,approved,APPROVE,79.76,1.7028585757271812,0,0,0,1,1,0,0,2,99,13,29,18,terminal_customer_network_burst,0.18,0.026682544540115115,0.18
X000108576,2026-01-30 09:06:00,C000910,A0000910,M00378,T01130,South,South,21.09,USD,card_present,chip_pin,approved,APPROVE,32.0,0.6590625,0,0,0,0,0,0,0,1,186,14,13,18,terminal_customer_network_burst,0.18,0.01616739180603263,0.18
X000196674,2026-01-30 09:06:00,C001615,A0001615,M00338,T00847,Northeast,Northeast,32.37,USD,mobile_wallet,chip_pin,approved,APPROVE,49.67,0.6517012281054962,0,0,0,0,0,1,0,3,179,14,18,18,terminal_customer_network_burst,0.18,0.0254636705410505,0.18
X000230144,2026-01-30 09:06:00,C001876,A0001876,M00540,T01173,West,West,69.54,USD,card_present,chip_pin,approved,APPROVE,87.96,0.790586630286494,0,0,0,0,0,0,0,2,76,7,18,0,,0.0,0.005399882315423343,0.005399882315423343
X000022168,2026-01-30 09:06:57,C000191,A0000191,M00433,T00752,Midwest,Midwest,110.08,USD,card_present,3ds,approved,APPROVE,106.58,1.0328391818352411,0,0,0,0,0,0,0,2,108,12,12,18,terminal_customer_network_burst,0.18,0.014140461909783691,0.18
X000031769,2026-01-30 09:06:58,C000269,A0000269,M00524,T00505,West,West,18.77,USD,card_present,3ds,approved,APPROVE,20.69,0.9072015466408893,0,0,0,0,0,0,0,2,67,11,12,18,terminal_customer_network_burst,0.18,0.01076528698863959,0.18
X000045805,2026-01-30 09:07:21,C000383,A0000383,M00036,T00993,Northeast,Northeast,38.63,USD,ecommerce,chip_pin,approved,APPROVE,34.56,1.1177662037037037,0,0,0,1,0,0,0,1,109,8,16,18,terminal_customer_network_burst,0.18,0.007560800680049051,0.18
X000057642,2026-01-30 09:07:40,C000488,A0000488,M00471,T00670,Midwest,Midwest,65.04,USD,card_present,wallet_biometric,approved,APPROVE,49.29,1.3195374315276933,0,0,0,0,0,0,0,1,220,16,5,18,terminal_customer_network_burst,0.18,0.03722851781466117,0.18
X000128555,2026-01-30 09:07:52,C001058,A0001058,M00475,T00965,Midwest,Midwest,23.69,USD,card_present,magstripe,approved,APPROVE,41.97,0.5644507981891828,0,0,0,0,1,0,0,1,108,13,13,18,terminal_customer_network_burst,0.18,0.0243594686113434,0.18
X000191742,2026-01-30 09:08:05,C001573,A0001573,M00514,T00978,West,West,517.63,USD,card_present,chip_pin,approved,APPROVE,95.09,5.443579766536965,0,0,0,0,0,0,0,0,65,6,21,30,amount_vs_profile,0.3,0.021971915929203147,0.3
X000031580,2026-01-30 09:08:21,C000267,A0000267,M00342,T00483,Midwest,Midwest,235.7,USD,card_present,chip_pin,approved,APPROVE,99.17,2.376726832711505,0,0,0,0,0,0,0,0,209,16,23,18,terminal_customer_network_burst,0.18,0.027851906177989934,0.18
X000077445,2026-01-30 09:08:52,C000652,A0000652,M00378,T01196,South,South,41.4,USD,ecommerce,3ds,approved,APPROVE,50.82,0.8146399055489965,0,0,0,1,0,0,0,1,107,9,11,18,terminal_customer_network_burst,0.18,0.00879586307717221,0.18
X000161766,2026-01-30 09:09:14,C001334,A0001334,M00791,T00304,West,South,25.36,USD,card_present,wallet_biometric,approved,APPROVE,61.91,0.4096268777257309,0,0,0,0,0,0,1,2,218,13,0,45,new_customer_terminal_pair;terminal_customer_network_burst;home_region_mismatch,0.45,0.2107852928072377,0.45
X000027999,2026-01-30 09:09:32,C000241,A0000241,M00167,T00818,Northeast,Northeast,43.8,USD,card_present,chip_pin,approved,APPROVE,38.62,1.1341273951320558,0,0,0,0,0,0,0,1,118,13,9,18,terminal_customer_network_burst,0.18,0.01664653495277634,0.18
X000199735,2026-01-30 09:09:36,C001637,A0001637,M00247,T01144,South,South,115.03,USD,ecommerce,3ds,approved,APPROVE,150.55,0.7640650946529391,0,0,0,1,0,0,0,5,297,22,59,43,customer_velocity;terminal_customer_network_burst,0.43,0.021936155350890545,0.43
X000195728,2026-01-30 09:10:02,C001607,A0001607,M00299,T01117,Northeast,Northeast,76.04,USD,ecommerce,chip_pin,approved,APPROVE,27.54,2.761074800290487,0,0,0,1,0,0,0,0,73,9,14,18,terminal_customer_network_burst,0.18,0.014305347537856715,0.18
X000240664,2026-01-30 09:10:17,C001962,A0001962,M00052,T00843,South,South,37.62,USD,mobile_wallet,magstripe,approved,APPROVE,36.41,1.0332326283987916,0,0,0,0,1,1,0,0,65,12,8,18,terminal_customer_network_burst,0.18,0.036523734767170246,0.18
X000241756,2026-01-30 09:10:51,C001973,A0001973,M00517,T00541,Midwest,Midwest,38.46,USD,card_present,wallet_biometric,approved,APPROVE,74.35,0.5172831203765972,0,0,0,0,0,0,0,2,147,16,13,18,terminal_customer_network_burst,0.18,0.019624622042077752,0.18
X000109418,2026-01-30 09:11:18,C000915,A0000915,M00042,T00766,Northeast,Northeast,42.67,USD,card_present,3ds,approved,APPROVE,81.31,0.5247816996679375,0,0,0,0,0,0,0,2,60,7,32,0,,0.0,0.0029553246601928284,0.0029553246601928284
X000108577,2026-01-30 09:11:19,C000910,A0000910,M00784,T00354,South,South,13.58,USD,card_present,wallet_biometric,approved,APPROVE,32.0,0.424375,0,0,0,0,0,0,0,2,194,10,15,18,terminal_customer_network_burst,0.18,0.009887584613863621,0.18
X000038802,2026-01-30 09:11:23,C000331,A0000331,M00213,T00642,Northeast,Northeast,123.78,USD,card_present,magstripe,approved,APPROVE,98.47,1.257032598761044,0,0,0,0,1,0,0,2,66,9,32,18,terminal_customer_network_burst,0.18,0.011081363811873985,0.18
X000039154,2026-01-30 09:11:30,C000333,A0000333,M00513,T00308,Midwest,Midwest,51.09,USD,ecommerce,3ds,approved,APPROVE,85.49,0.5976137559948532,0,0,0,1,0,0,0,4,109,7,23,0,,0.0,0.00616745084562685,0.00616745084562685
X000088864,2026-01-30 09:11:42,C000745,A0000745,M00128,T00172,Northeast,Northeast,53.74,USD,card_present,wallet_biometric,approved,APPROVE,273.0,0.19684981684981687,0,0,0,0,0,0,0,6,120,13,54,43,customer_velocity;terminal_customer_network_burst,0.43,0.00482070915363056,0.43
X000167543,2026-01-30 09:12:00,C001384,A0001384,M00374,T00569,South,South,66.19,USD,card_present,wallet_biometric,approved,APPROVE,83.35,0.7941211757648471,0,0,0,0,0,0,0,4,137,17,21,18,terminal_customer_network_burst,0.18,0.02345231415975106,0.18
X000165629,2026-01-30 09:12:09,C001367,A0001367,M00090,T00822,South,South,325.78,USD,ecommerce,magstripe,approved,APPROVE,154.49,2.108744902582691,0,0,0,1,1,0,0,4,177,11,34,18,terminal_customer_network_burst,0.18,0.03248384858924794,0.18
X000169558,2026-01-30 09:12:14,C001400,A0001400,M00282,T00583,South,South,589.22,USD,mobile_wallet,magstripe,approved,APPROVE,210.06,2.805008092925831,0,0,0,0,1,1,0,12,252,18,53,63,customer_velocity;high_customer_velocity;terminal_customer_network_burst,0.63,0.19788906954588611,0.63
X000055485,2026-01-30 09:12:15,C000470,A0000470,M00576,T00152,Northeast,Midwest,57.08,USD,card_present,chip_pin,approved,APPROVE,81.02,0.7045174031103432,0,0,0,0,0,0,1,2,67,13,0,45,new_customer_terminal_pair;terminal_customer_network_burst;home_region_mismatch,0.45,0.1694499727425485,0.45
X000138146,2026-01-30 09:12:27,C001136,A0001136,M00493,T00917,West,West,15.12,USD,mobile_wallet,3ds,approved,APPROVE,22.87,0.6611281154350677,0,0,0,0,0,1,0,0,74,13,18,18,terminal_customer_network_burst,0.18,0.012310473850383944,0.18
X000149787,2026-01-30 09:12:27,C001233,A0001233,M00302,T01118,Northeast,Northeast,37.69,USD,ecommerce,chip_pin,approved,APPROVE,36.19,1.0414479137883392,0,0,0,1,0,0,0,2,101,10,21,18,terminal_customer_network_burst,0.18,0.008699805991288596,0.18
X000089787,2026-01-30 09:13:12,C000750,A0000750,M00424,T01128,Midwest,Midwest,71.66,USD,card_present,chip_pin,approved,APPROVE,91.76,0.7809503051438534,0,0,0,0,0,0,0,2,58,11,23,18,terminal_customer_network_burst,0.18,0.007011478823011035,0.18
X000032212,2026-01-30 09:13:35,C000273,A0000273,M00401,T00536,South,South,15.61,USD,ecommerce,chip_pin,approved,APPROVE,31.83,0.49041784480050266,0,0,0,1,0,0,0,0,190,20,15,18,terminal_customer_network_burst,0.18,0.02705484141843954,0.18
X000206744,2026-01-30 09:13:45,C001687,A0001687,M00745,T00823,Northeast,Northeast,89.99,USD,ecommerce,chip_pin,approved,APPROVE,226.33,0.3976052666460478,0,0,0,1,0,0,0,7,215,8,51,43,customer_velocity;terminal_customer_network_burst,0.43,0.004830369031378325,0.43
X000115975,2026-01-30 09:13:47,C000963,A0000963,M00616,T01010,West,West,71.3,USD,card_present,wallet_biometric,approved,APPROVE,67.46,1.0569226208123332,0,0,0,0,0,0,0,2,48,8,14,18,terminal_customer_network_burst,0.18,0.0071719148717928035,0.18
X000136080,2026-01-30 09:13:50,C001119,A0001119,M00225,T00294,Midwest,Midwest,91.16,USD,card_present,wallet_biometric,soft_decline,CHALLENGE,78.7,1.1583227445997457,0,0,1,0,0,0,0,4,141,10,13,26,terminal_customer_network_burst;authentication_soft_decline,0.26,0.07020935647806352,0.26
X000012886,2026-01-30 09:14:12,C000112,A0000112,M00359,T00657,Midwest,Midwest,215.0,USD,card_present,wallet_biometric,soft_decline,CHALLENGE,120.92,1.7780350645054581,0,0,1,0,0,0,0,1,39,9,19,26,terminal_customer_network_burst;authentication_soft_decline,0.26,0.03690786530184403,0.26
X000030944,2026-01-30 09:14:20,C000262,A0000262,M00502,T00353,Northeast,Northeast,143.97,USD,ecommerce,chip_pin,approved,APPROVE,84.93,1.6951607205934298,0,0,0,1,0,0,0,2,71,9,31,18,terminal_customer_network_burst,0.18,0.006758011521083653,0.18
X000030198,2026-01-30 09:14:34,C000259,A0000259,M00003,T00787,South,South,96.6,USD,mobile_wallet,chip_pin,approved,APPROVE,66.02,1.4631929718267191,0,0,0,0,0,1,0,0,178,15,24,18,terminal_customer_network_burst,0.18,0.02306842257428698,0.18
X000100242,2026-01-30 09:15:04,C000844,A0000844,M00208,T00633,Midwest,Midwest,110.49,USD,ecommerce,3ds,approved,APPROVE,68.6,1.6106413994169098,0,0,0,1,0,0,0,1,116,9,38,18,terminal_customer_network_burst,0.18,0.005197954704612475,0.18
X000117631,2026-01-30 09:15:29,C000975,A0000975,M00517,T01092,Midwest,Midwest,42.56,USD,card_present,chip_pin,approved,APPROVE,46.6,0.9133047210300429,0,0,0,0,0,0,0,2,127,12,16,18,terminal_customer_network_burst,0.18,0.012439595196722397,0.18
X000102307,2026-01-30 09:15:31,C000860,A0000860,M00731,T00964,Northeast,Northeast,68.2,USD,card_present,3ds,approved,APPROVE,104.33,0.653695006230231,0,0,0,0,0,0,0,0,120,8,13,18,terminal_customer_network_burst,0.18,0.005983382893063927,0.18
X000075803,2026-01-30 09:16:11,C000637,A0000637,M00761,T00945,South,South,71.09,USD,ecommerce,chip_pin,approved,APPROVE,51.12,1.3906494522691708,0,0,0,1,0,0,0,3,106,9,17,18,terminal_customer_network_burst,0.18,0.011532575681643585,0.18
X000132841,2026-01-30 09:16:24,C001095,A0001095,M00337,T00357,West,West,65.75,USD,ecommerce,3ds,approved,APPROVE,31.09,2.1148279189449983,0,0,0,1,0,0,0,2,25,3,14,0,,0.0,0.006069660625707552,0.006069660625707552
X000017808,2026-01-30 09:16:40,C000152,A0000152,M00515,T00300,Northeast,Northeast,263.04,USD,ecommerce,chip_pin,approved,APPROVE,210.9,1.2472261735419632,0,0,0,1,0,0,0,7,68,7,35,25,customer_velocity,0.25,0.006971453206960247,0.25
X000197464,2026-01-30 09:16:53,C001621,A0001621,M00092,T00788,West,West,96.98,USD,card_present,3ds,approved,APPROVE,173.71,0.5582867998388118,0,0,0,0,0,0,0,3,171,13,50,18,terminal_customer_network_burst,0.18,0.005093846027850178,0.18
X000031770,2026-01-30 09:16:55,C000269,A0000269,M00400,T00412,West,West,41.62,USD,mobile_wallet,3ds,approved,APPROVE,20.69,2.0115998066698886,0,0,0,0,0,1,0,3,36,7,9,0,,0.0,0.018017829392507356,0.018017829392507356
X000166391,2026-01-30 09:16:56,C001373,A0001373,M00556,T00589,South,South,22.05,USD,ecommerce,magstripe,approved,APPROVE,37.26,0.5917874396135266,0,0,0,1,1,0,0,0,237,18,12,18,terminal_customer_network_burst,0.18,0.05826137399716777,0.18
X000014088,2026-01-30 09:17:23,C000119,A0000119,M00183,T00617,South,South,65.64,USD,card_present,chip_pin,approved,APPROVE,73.13,0.8975796526733215,0,0,0,0,0,0,0,1,122,13,22,18,terminal_customer_network_burst,0.18,0.010071911165936363,0.18
X000139986,2026-01-30 09:18:09,C001154,A0001154,M00406,T00668,South,South,141.85,USD,card_present,chip_pin,approved,APPROVE,200.38,0.7079049805369797,0,0,0,0,0,0,0,5,153,15,39,43,customer_velocity;terminal_customer_network_burst,0.43,0.011794329996796287,0.43
X000032462,2026-01-30 09:18:18,C000275,A0000275,M00406,T00057,South,South,101.97,USD,card_present,wallet_biometric,approved,APPROVE,60.84,1.6760355029585798,0,0,0,0,0,0,0,8,159,16,22,43,customer_velocity;terminal_customer_network_burst,0.43,0.04781844588982831,0.43
X000231823,2026-01-30 09:18:50,C001891,A0001891,M00219,T00102,Northeast,Northeast,29.89,USD,card_present,magstripe,approved,APPROVE,85.63,0.3490599089104286,0,0,0,0,1,0,0,0,93,14,15,18,terminal_customer_network_burst,0.18,0.02021301695705944,0.18
X000001372,2026-01-30 09:19:03,C000014,A0000014,M00484,T00728,South,South,127.86,USD,card_present,wallet_biometric,approved,APPROVE,189.61,0.674331522599019,0,0,0,0,0,0,0,4,233,14,19,18,terminal_customer_network_burst,0.18,0.021415760128448095,0.18
X000066183,2026-01-30 09:19:51,C000561,A0000561,M00244,T00336,South,South,22.43,USD,card_present,magstripe,approved,APPROVE,56.65,0.39593998234774935,0,0,0,0,1,0,0,2,193,14,13,18,terminal_customer_network_burst,0.18,0.03548131662130421,0.18
X000003423,2026-01-30 09:19:54,C000030,A0000030,M00596,T01101,Midwest,Midwest,31.59,USD,ecommerce,chip_pin,approved,APPROVE,26.86,1.1760982874162322,0,0,0,1,0,0,0,1,146,12,10,18,terminal_customer_network_burst,0.18,0.01651407389965145,0.18
X000079110,2026-01-30 09:20:17,C000666,A0000666,M00060,T00662,West,West,30.88,USD,card_present,chip_pin,soft_decline,CHALLENGE,32.91,0.9383166210878153,0,0,1,0,0,0,0,3,53,7,22,8,authentication_soft_decline,0.08,0.024889064482689627,0.08
X000112513,2026-01-30 09:20:24,C000941,A0000941,M00738,T00899,South,South,35.44,USD,ecommerce,chip_pin,approved,APPROVE,52.11,0.680099788908079,0,0,0,1,0,0,0,1,235,16,11,18,terminal_customer_network_burst,0.18,0.026173208495309987,0.18
X000097635,2026-01-30 09:20:33,C000818,A0000818,M00018,T00234,South,South,85.27,USD,ecommerce,chip_pin,approved,APPROVE,65.44,1.303025672371638,0,0,0,1,0,0,0,1,92,8,0,33,new_customer_terminal_pair;terminal_customer_network_burst,0.33,0.013060425568459781,0.33
X000149043,2026-01-30 09:20:35,C001227,A0001227,M00230,T00074,West,West,22.63,USD,ecommerce,chip_pin,approved,APPROVE,37.27,0.6071907700563455,0,0,0,1,0,0,0,2,66,9,18,18,terminal_customer_network_burst,0.18,0.006529410348709702,0.18
X000210506,2026-01-30 09:20:55,C001716,A0001716,M00048,T01172,Northeast,Northeast,56.47,USD,card_present,chip_pin,approved,APPROVE,44.2,1.277601809954751,0,0,0,0,0,0,0,1,106,11,30,18,terminal_customer_network_burst,0.18,0.006881578203762363,0.18
X000219607,2026-01-30 09:20:56,C001794,A0001794,M00701,T00740,West,West,39.03,USD,mobile_wallet,3ds,approved,APPROVE,40.1,0.9733167082294264,0,0,0,0,0,1,0,0,64,9,8,18,terminal_customer_network_burst,0.18,0.011730474784189622,0.18
X000114804,2026-01-30 09:20:58,C000955,A0000955,M00091,T00954,Midwest,Midwest,29.41,USD,mobile_wallet,chip_pin,approved,APPROVE,63.4,0.4638801261829653,0,0,0,0,0,1,0,1,220,11,13,18,terminal_customer_network_burst,0.18,0.017193544150175995,0.18
X000174547,2026-01-30 09:21:02,C001438,A0001438,M00271,T00851,Northeast,Northeast,72.09,USD,ecommerce,chip_pin,approved,APPROVE,64.43,1.1188887164364425,0,0,0,1,0,0,0,0,137,11,10,18,terminal_customer_network_burst,0.18,0.012487437506850989,0.18
X000229544,2026-01-30 09:21:52,C001870,A0001870,M00190,T01150,West,West,71.95,USD,card_present,3ds,approved,APPROVE,69.2,1.0397398843930636,0,0,0,0,0,0,0,1,88,10,12,18,terminal_customer_network_burst,0.18,0.009478503100784645,0.18
X000096669,2026-01-30 09:23:24,C000809,A0000809,M00518,T00379,South,South,66.11,USD,card_present,chip_pin,approved,APPROVE,35.12,1.8824031890660593,0,0,0,0,0,0,0,5,146,15,24,43,customer_velocity;terminal_customer_network_burst,0.43,0.029926556245271695,0.43
X000057533,2026-01-30 09:23:31,C000487,A0000487,M00610,T00995,Midwest,Midwest,14.83,USD,card_present,chip_pin,approved,APPROVE,37.67,0.393681975046456,0,0,0,0,0,0,0,1,135,12,20,18,terminal_customer_network_burst,0.18,0.008049100294216873,0.18
X000048568,2026-01-30 09:23:39,C000407,A0000407,M00671,T00424,Midwest,Midwest,107.58,USD,card_present,chip_pin,approved,APPROVE,47.82,2.2496863237139273,0,0,0,0,0,0,0,1,115,8,11,18,terminal_customer_network_burst,0.18,0.01351268546496774,0.18
X000099826,2026-01-30 09:23:43,C000839,A0000839,M00385,T00962,South,South,24.27,USD,card_present,chip_pin,approved,APPROVE,27.92,0.8692693409742119,0,0,0,0,0,0,0,1,96,10,13,18,terminal_customer_network_burst,0.18,0.008742948647999777,0.18
X000029903,2026-01-30 09:23:44,C000256,A0000256,M00112,T00586,West,West,51.28,USD,card_present,chip_pin,approved,APPROVE,25.82,1.9860573199070488,0,0,0,0,0,0,0,1,95,9,26,18,terminal_customer_network_burst,0.18,0.008012148046151088,0.18
X000092894,2026-01-30 09:23:47,C000778,A0000778,M00433,T00174,Midwest,Midwest,22.78,USD,mobile_wallet,chip_pin,approved,APPROVE,23.09,0.9865742745777394,0,0,0,0,0,1,0,0,155,14,13,18,terminal_customer_network_burst,0.18,0.022725665719459283,0.18
X000100243,2026-01-30 09:23:57,C000844,A0000844,M00137,T00381,Midwest,Midwest,49.77,USD,ecommerce,3ds,approved,APPROVE,68.6,0.7255102040816328,0,0,0,1,0,0,0,2,121,12,29,18,terminal_customer_network_burst,0.18,0.007880548548389644,0.18
X000005459,2026-01-30 09:24:42,C000050,A0000050,M00123,T00579,Midwest,Midwest,43.64,USD,mobile_wallet,wallet_biometric,approved,APPROVE,32.17,1.356543363382033,0,0,0,0,0,1,0,0,87,9,10,18,terminal_customer_network_burst,0.18,0.013615280001431182,0.18
X000156067,2026-01-30 09:24:58,C001284,A0001284,M00800,T00613,West,West,40.18,USD,card_present,3ds,approved,APPROVE,43.59,0.9217710484055975,0,0,0,0,0,0,0,1,98,12,19,18,terminal_customer_network_burst,0.18,0.009365238754158818,0.18
X000232659,2026-01-30 09:25:54,C001897,A0001897,M00285,T00604,Midwest,Midwest,73.5,USD,card_present,magstripe,approved,APPROVE,92.61,0.7936507936507936,0,0,0,0,1,0,0,6,95,6,42,25,customer_velocity,0.25,0.008035328966346586,0.25
X000226904,2026-01-30 09:26:22,C001850,A0001850,M00001,T00955,South,South,58.12,USD,card_present,chip_pin,approved,APPROVE,35.81,1.6230103323094105,0,0,0,0,0,0,0,2,191,16,12,18,terminal_customer_network_burst,0.18,0.035119200450522435,0.18
X000182273,2026-01-30 09:26:49,C001500,A0001500,M00788,T00018,South,South,42.79,USD,card_present,3ds,approved,APPROVE,130.54,0.32779224758694653,0,0,0,0,0,0,0,9,184,19,40,43,customer_velocity;terminal_customer_network_burst,0.43,0.026904029095576362,0.43
X000191200,2026-01-30 09:28:16,C001569,A0001569,M00476,T00184,Midwest,Midwest,17.68,USD,mobile_wallet,wallet_biometric,approved,APPROVE,91.86,0.1924667973002395,0,0,0,0,0,1,0,4,98,10,23,18,terminal_customer_network_burst,0.18,0.010334666562888242,0.18
X000082386,2026-01-30 09:28:21,C000690,A0000690,M00480,T00014,West,West,10.12,USD,mobile_wallet,wallet_biometric,approved,APPROVE,27.75,0.3646846846846847,0,0,0,0,0,1,0,1,37,6,14,0,,0.0,0.0055625277689704865,0.0055625277689704865
X000234995,2026-01-30 09:28:35,C001916,A0001916,M00045,T00921,Midwest,Midwest,47.17,USD,card_present,chip_pin,approved,APPROVE,62.11,0.7594590243117051,0,0,0,0,0,0,0,5,100,10,31,43,customer_velocity;terminal_customer_network_burst,0.43,0.007550096650319312,0.43
X000177631,2026-01-30 09:29:34,C001461,A0001461,M00297,T00721,Northeast,Northeast,242.04,USD,ecommerce,wallet_biometric,approved,APPROVE,251.98,0.9605524247956188,0,0,0,1,0,0,0,4,172,16,41,18,terminal_customer_network_burst,0.18,0.01357065894480081,0.18
X000109207,2026-01-30 09:29:37,C000914,A0000914,M00305,T00675,Northeast,Northeast,131.48,USD,card_present,chip_pin,approved,APPROVE,132.97,0.9887944649168985,0,0,0,0,0,0,0,5,125,9,37,43,customer_velocity;terminal_customer_network_burst,0.43,0.006467600170274723,0.43
X000047411,2026-01-30 09:31:05,C000399,A0000399,M00347,T00674,Midwest,Midwest,30.84,USD,card_present,chip_pin,approved,APPROVE,31.32,0.9846743295019157,0,0,0,0,0,0,0,1,83,14,25,18,terminal_customer_network_burst,0.18,0.009645296036015964,0.18
X000197848,2026-01-30 09:31:16,C001623,A0001623,M00192,T00798,South,South,61.33,USD,card_present,3ds,approved,APPROVE,107.7,0.5694521819870009,0,0,0,0,0,0,0,2,163,12,48,18,terminal_customer_network_burst,0.18,0.004224471907638678,0.18
X000060117,2026-01-30 09:31:17,C000512,A0000512,M00436,T01032,Midwest,Midwest,63.35,USD,card_present,chip_pin,approved,APPROVE,77.47,0.8177358977668775,0,0,0,0,0,0,0,2,69,7,23,0,,0.0,0.004561397818168683,0.004561397818168683
X000151225,2026-01-30 09:31:35,C001242,A0001242,M00005,T00817,South,South,195.72,USD,card_present,chip_pin,approved,APPROVE,122.13,1.602554654875952,0,0,0,0,0,0,0,5,223,14,28,43,customer_velocity;terminal_customer_network_burst,0.43,0.025500458785653213,0.43
X000096384,2026-01-30 09:31:54,C000806,A0000806,M00345,T00208,South,South,76.38,USD,mobile_wallet,3ds,approved,APPROVE,78.97,0.9672027352159047,0,0,0,0,0,1,0,4,169,18,31,18,terminal_customer_network_burst,0.18,0.03322756474596774,0.18
X000056055,2026-01-30 09:32:15,C000473,A0000473,M00243,T00806,South,South,37.52,USD,ecommerce,chip_pin,approved,APPROVE,44.54,0.8423888639425237,0,0,0,1,0,0,0,0,160,10,8,18,terminal_customer_network_burst,0.18,0.011228914717595231,0.18
X000239324,2026-01-30 09:32:17,C001952,A0001952,M00655,T00487,Midwest,Midwest,143.82,USD,card_present,3ds,approved,APPROVE,96.54,1.4897451833436917,0,0,0,0,0,0,0,4,106,12,32,18,terminal_customer_network_burst,0.18,0.011235536542080916,0.18
X000150119,2026-01-30 09:32:18,C001236,A0001236,M00054,T00545,West,West,208.76,USD,ecommerce,chip_pin,approved,APPROVE,94.07,2.219198469225045,0,0,0,1,0,0,0,4,100,8,36,18,terminal_customer_network_burst,0.18,0.008604704781640224,0.18
X000066629,2026-01-30 09:32:23,C000565,A0000565,M00478,T00667,Midwest,Midwest,9.93,USD,card_present,wallet_biometric,approved,APPROVE,24.38,0.40730106644790814,0,0,0,0,0,0,0,3,172,14,16,18,terminal_customer_network_burst,0.18,0.016158683625539957,0.18
X000036378,2026-01-30 09:32:32,C000311,A0000311,M00587,T01174,South,South,38.3,USD,card_present,chip_pin,approved,APPROVE,28.81,1.329399514057619,0,0,0,0,0,0,0,1,204,18,8,18,terminal_customer_network_burst,0.18,0.041103941245688454,0.18
X000069341,2026-01-30 09:32:41,C000589,A0000589,M00173,T01167,South,South,146.3,USD,ecommerce,chip_pin,approved,APPROVE,211.98,0.6901594490046231,0,0,0,1,0,0,0,5,155,8,53,43,customer_velocity;terminal_customer_network_burst,0.43,0.0034551606725811454,0.43
X000063722,2026-01-30 09:32:42,C000541,A0000541,M00184,T00927,South,South,76.06,USD,ecommerce,chip_pin,approved,APPROVE,96.59,0.7874521171963972,0,0,0,1,0,0,0,8,255,18,39,43,customer_velocity;terminal_customer_network_burst,0.43,0.033322556748099516,0.43
X000157667,2026-01-30 09:32:44,C001296,A0001296,M00476,T00071,Midwest,Midwest,141.97,USD,card_present,magstripe,approved,APPROVE,115.44,1.2298163548163548,0,0,0,0,1,0,0,4,97,10,41,18,terminal_customer_network_burst,0.18,0.012615165551337895,0.18
X000041247,2026-01-30 09:32:48,C000349,A0000349,M00471,T00670,Midwest,Midwest,308.21,USD,card_present,3ds,approved,APPROVE,285.86,1.0781851255859511,0,0,0,0,0,0,0,3,221,16,36,18,terminal_customer_network_burst,0.18,0.015970052212628313,0.18
X000026242,2026-01-30 09:32:53,C000224,A0000224,M00420,T00023,West,West,41.15,USD,card_present,3ds,approved,APPROVE,44.1,0.9331065759637187,0,0,0,0,0,0,0,1,34,9,14,18,terminal_customer_network_burst,0.18,0.0065861580889948245,0.18
X000244282,2026-01-30 09:33:36,C001991,A0001991,M00127,T00278,West,South,95.59,USD,card_present,3ds,approved,APPROVE,128.63,0.743139236570007,0,0,0,0,0,0,1,3,93,12,0,45,new_customer_terminal_pair;terminal_customer_network_burst;home_region_mismatch,0.45,0.18129949157892677,0.45
X000103408,2026-01-30 09:33:48,C000870,A0000870,M00080,T00396,Midwest,Midwest,36.58,USD,ecommerce,3ds,approved,APPROVE,49.0,0.7465306122448979,0,0,0,1,0,0,0,2,26,5,0,15,new_customer_terminal_pair,0.15,0.00695285293591673,0.15
X000241014,2026-01-30 09:33:48,C001967,A0001967,M00335,T00138,South,South,85.56,USD,card_present,3ds,approved,APPROVE,81.83,1.0455823047781987,0,0,0,0,0,0,0,1,198,10,10,18,terminal_customer_network_burst,0.18,0.013416023244460687,0.18
X000035149,2026-01-30 09:33:50,C000298,A0000298,M00675,T00405,Midwest,Midwest,118.13,USD,ecommerce,3ds,approved,APPROVE,164.22,0.7193399098769943,0,0,0,1,0,0,0,4,62,4,38,0,,0.0,0.0024761331759458006,0.0024761331759458006
X000040079,2026-01-30 09:34:01,C000340,A0000340,M00565,T01035,Midwest,Midwest,68.08,USD,card_present,wallet_biometric,approved,APPROVE,71.81,0.9480573736248433,0,0,0,0,0,0,0,2,85,6,36,0,,0.0,0.002921457971481903,0.002921457971481903
X000111067,2026-01-30 09:34:10,C000926,A0000926,M00181,T00177,South,South,8.79,USD,mobile_wallet,3ds,approved,APPROVE,23.01,0.3820078226857887,0,0,0,0,0,1,0,3,88,15,14,18,terminal_customer_network_burst,0.18,0.02318520170658488,0.18
X000037364,2026-01-30 09:34:18,C000319,A0000319,M00262,T00060,South,South,28.98,USD,mobile_wallet,3ds,approved,APPROVE,48.86,0.5931232091690545,0,0,0,0,0,1,0,2,204,14,18,18,terminal_customer_network_burst,0.18,0.02361171916313091,0.18
X000002117,2026-01-30 09:34:45,C000019,A0000019,M00493,T00016,West,West,59.04,USD,ecommerce,chip_pin,approved,APPROVE,58.81,1.0039108995068866,0,0,0,1,0,0,0,0,17,5,13,0,,0.0,0.003916944655154133,0.003916944655154133
X000205421,2026-01-30 09:35:14,C001678,A0001678,M00386,T00533,Midwest,Northeast,115.84,USD,card_present,chip_pin,approved,APPROVE,74.52,1.5544820182501342,0,0,0,0,0,0,1,6,65,9,0,70,customer_velocity;new_customer_terminal_pair;terminal_customer_network_burst;home_region_mismatch,0.7,0.22249794042901277,0.7
X000230256,2026-01-30 09:35:26,C001877,A0001877,M00089,T00946,Midwest,Midwest,88.76,USD,ecommerce,3ds,approved,APPROVE,81.91,1.0836283726040778,0,0,0,1,0,0,0,1,92,10,19,18,terminal_customer_network_burst,0.18,0.008205709407438783,0.18
X000164976,2026-01-30 09:35:49,C001361,A0001361,M00387,T00932,Northeast,Northeast,49.25,USD,mobile_wallet,chip_pin,approved,APPROVE,54.12,0.9100147819660015,0,0,0,0,0,1,0,0,133,9,20,18,terminal_customer_network_burst,0.18,0.009268980245139587,0.18
X000040538,2026-01-30 09:36:04,C000344,A0000344,M00460,T00355,Midwest,Midwest,71.25,USD,card_present,wallet_biometric,approved,APPROVE,46.73,1.524716456237963,0,0,0,0,0,0,0,2,115,13,30,18,terminal_customer_network_burst,0.18,0.011075513521618391,0.18
X000074559,2026-01-30 09:36:33,C000629,A0000629,M00391,T01061,Northeast,Northeast,152.48,USD,card_present,wallet_biometric,approved,APPROVE,118.88,1.2826379542395692,0,0,0,0,0,0,0,10,138,14,63,63,customer_velocity;high_customer_velocity;terminal_customer_network_burst,0.63,0.010544057970260718,0.63
X000203670,2026-01-30 09:37:42,C001666,A0001666,M00056,T01147,Midwest,Midwest,244.57,USD,ecommerce,chip_pin,approved,APPROVE,309.93,0.7891136708288968,0,0,0,1,0,0,0,6,221,12,30,43,customer_velocity;terminal_customer_network_burst,0.43,0.016114856588547288,0.43
X000093818,2026-01-30 09:38:03,C000786,A0000786,M00789,T00365,Midwest,Midwest,158.55,USD,mobile_wallet,magstripe,approved,APPROVE,167.98,0.9438623645672105,0,0,0,0,1,1,0,4,94,8,32,18,terminal_customer_network_burst,0.18,0.01766182054905549,0.18
X000237092,2026-01-30 09:38:23,C001934,A0001934,M00790,T00112,Northeast,Northeast,162.7,USD,ecommerce,3ds,approved,APPROVE,164.43,0.9894788055707595,0,0,0,1,0,0,0,4,153,16,37,18,terminal_customer_network_burst,0.18,0.014871535138013115,0.18
X000007864,2026-01-30 09:38:37,C000072,A0000072,M00437,T00942,West,West,154.68,USD,card_present,3ds,approved,APPROVE,127.28,1.2152734129478315,0,0,0,0,0,0,0,3,68,6,42,0,,0.0,0.0028872056805970283,0.0028872056805970283
X000031347,2026-01-30 09:39:16,C000265,A0000265,M00687,T01115,Midwest,Midwest,27.96,USD,card_present,3ds,approved,APPROVE,31.53,0.8867745004757374,0,0,0,0,0,0,0,2,106,5,23,0,,0.0,0.004071219011596008,0.004071219011596008
X000106669,2026-01-30 09:40:21,C000894,A0000894,M00423,T00106,South,South,173.87,USD,ecommerce,chip_pin,approved,APPROVE,442.56,0.3928732827187274,0,0,0,1,0,0,0,4,126,15,47,18,terminal_customer_network_burst,0.18,0.0070268401759615825,0.18
X000015305,2026-01-30 09:40:55,C000130,A0000130,M00480,T00012,West,West,17.56,USD,ecommerce,wallet_biometric,approved,APPROVE,22.53,0.7794052374611627,0,0,0,1,0,0,0,2,105,8,21,18,terminal_customer_network_burst,0.18,0.006240950622749664,0.18
X000220443,2026-01-30 09:41:05,C001799,A0001799,M00150,T00526,South,South,99.95,USD,ecommerce,3ds,approved,APPROVE,62.89,1.5892828748608683,0,0,0,1,0,0,0,2,86,12,12,18,terminal_customer_network_burst,0.18,0.017636404041618006,0.18
X000064561,2026-01-30 09:41:19,C000548,A0000548,M00585,T00052,Midwest,Midwest,47.39,USD,mobile_wallet,chip_pin,soft_decline,CHALLENGE,36.4,1.301923076923077,0,0,1,0,0,1,0,1,162,14,22,26,terminal_customer_network_burst;authentication_soft_decline,0.26,0.0970789876682999,0.26
X000038530,2026-01-30 09:42:09,C000329,A0000329,M00695,T00010,Midwest,Midwest,47.46,USD,card_present,wallet_biometric,approved,APPROVE,45.79,1.0364708451626994,0,0,0,0,0,0,0,2,54,11,17,18,terminal_customer_network_burst,0.18,0.00934096791764076,0.18
X000160868,2026-01-30 09:42:11,C001328,A0001328,M00788,T00018,Midwest,South,58.76,USD,card_present,magstripe,approved,APPROVE,36.79,1.5971731448763251,0,0,0,0,1,0,1,3,185,19,0,45,new_customer_terminal_pair;terminal_customer_network_burst;home_region_mismatch,0.45,0.6657023134748615,0.6657023134748615
X000197849,2026-01-30 09:42:20,C001623,A0001623,M00453,T00831,South,South,80.8,USD,card_present,magstripe,approved,APPROVE,107.7,0.7502321262766944,0,0,0,0,1,0,0,3,239,16,33,18,terminal_customer_network_burst,0.18,0.03443492505101685,0.18
X000036779,2026-01-30 09:42:27,C000315,A0000315,M00211,T01050,Midwest,Midwest,149.15,USD,ecommerce,chip_pin,approved,APPROVE,260.77,0.5719599647198681,0,0,0,1,0,0,0,2,141,8,30,18,terminal_customer_network_burst,0.18,0.004702786850674693,0.18
X000203997,2026-01-30 09:43:15,C001667,A0001667,M00294,T00904,South,South,166.67,USD,card_present,chip_pin,approved,APPROVE,187.97,0.8866840453263818,0,0,0,0,0,0,0,3,166,11,62,18,terminal_customer_network_burst,0.18,0.00307453950685864,0.18
X000017278,2026-01-30 09:45:19,C000148,A0000148,M00608,T00219,South,South,76.49,USD,card_present,3ds,approved,APPROVE,72.66,1.05271125791357,0,0,0,0,0,0,0,2,274,16,21,18,terminal_customer_network_burst,0.18,0.025964894587990426,0.18
X000171646,2026-01-30 09:45:24,C001415,A0001415,M00586,T00036,Midwest,Northeast,54.15,USD,card_present,wallet_biometric,approved,APPROVE,52.35,1.0343839541547277,0,0,0,0,0,0,1,2,114,12,0,45,new_customer_terminal_pair;terminal_customer_network_burst;home_region_mismatch,0.45,0.1896369738505344,0.45
X000035988,2026-01-30 09:45:58,C000307,A0000307,M00293,T00835,South,South,12.57,USD,ecommerce,chip_pin,approved,APPROVE,40.3,0.31191066997518613,0,0,0,1,0,0,0,3,92,7,17,0,,0.0,0.005676190857674847,0.005676190857674847
X000048799,2026-01-30 09:46:13,C000409,A0000409,M00023,T00108,Midwest,Midwest,53.81,USD,card_present,chip_pin,approved,APPROVE,44.57,1.2073143369979809,0,0,0,0,0,0,0,1,177,12,18,18,terminal_customer_network_burst,0.18,0.013278978648773013,0.18
X000029359,2026-01-30 09:46:28,C000253,A0000253,M00294,T00731,South,South,432.23,USD,mobile_wallet,chip_pin,approved,APPROVE,203.2,2.1271161417322837,0,0,0,0,0,1,0,5,156,15,38,43,customer_velocity;terminal_customer_network_burst,0.43,0.03239798393809534,0.43
X000181834,2026-01-30 09:47:04,C001496,A0001496,M00180,T01184,West,West,53.62,USD,card_present,wallet_biometric,approved,APPROVE,48.28,1.1106048053024025,0,0,0,0,0,0,0,3,61,10,18,18,terminal_customer_network_burst,0.18,0.009479856119570633,0.18
X000233493,2026-01-30 09:47:31,C001903,A0001903,M00754,T00229,West,West,40.91,USD,ecommerce,chip_pin,approved,APPROVE,28.9,1.4155709342560554,0,0,0,1,0,0,0,0,54,6,7,0,,0.0,0.006959146576935094,0.006959146576935094
X000024558,2026-01-30 09:47:44,C000207,A0000207,M00119,T00895,South,South,107.15,USD,ecommerce,chip_pin,approved,APPROVE,77.4,1.3843669250645994,0,0,0,1,0,0,0,4,191,16,18,18,terminal_customer_network_burst,0.18,0.03502800787723764,0.18
X000198030,2026-01-30 09:48:19,C001624,A0001624,M00321,T01046,Midwest,Midwest,19.56,USD,card_present,chip_pin,approved,APPROVE,43.84,0.4461678832116788,0,0,0,0,0,0,0,1,118,13,23,18,terminal_customer_network_burst,0.18,0.008040667779922944,0.18
X000042682,2026-01-30 09:49:04,C000361,A0000361,M00758,T00785,Northeast,Northeast,40.37,USD,mobile_wallet,3ds,approved,APPROVE,43.71,0.9235872797986729,0,0,0,0,0,1,0,4,155,11,25,18,terminal_customer_network_burst,0.18,0.016921882121796634,0.18
X000233960,2026-01-30 09:49:14,C001907,A0001907,M00540,T01173,West,West,180.37,USD,ecommerce,chip_pin,approved,APPROVE,168.05,1.073311514430229,0,0,0,1,0,0,0,6,77,7,31,25,customer_velocity,0.25,0.006728285184356073,0.25
X000100946,2026-01-30 09:49:27,C000850,A0000850,M00366,T00195,Northeast,Northeast,296.37,USD,card_present,3ds,approved,APPROVE,158.88,1.8653700906344413,0,0,0,0,0,0,0,4,107,10,36,18,terminal_customer_network_burst,0.18,0.00910924595179836,0.18
X000165099,2026-01-30 09:49:29,C001362,A0001362,M00731,T00964,Northeast,Northeast,58.89,USD,ecommerce,chip_pin,approved,APPROVE,83.35,0.7065386922615478,0,0,0,1,0,0,0,3,121,8,15,18,terminal_customer_network_burst,0.18,0.008614297465918942,0.18
X000200841,2026-01-30 09:50:29,C001645,A0001645,M00479,T00906,Midwest,Midwest,97.7,USD,card_present,3ds,approved,APPROVE,71.08,1.3745075970737197,0,0,0,0,0,0,0,5,99,6,39,25,customer_velocity,0.25,0.004651559984877187,0.25
X000035753,2026-01-30 09:51:22,C000304,A0000304,M00481,T00265,Northeast,Northeast,25.64,USD,card_present,chip_pin,approved,APPROVE,56.66,0.45252382633250976,0,0,0,0,0,0,0,0,174,12,16,18,terminal_customer_network_burst,0.18,0.009218209286008855,0.18
X000141934,2026-01-30 09:51:57,C001170,A0001170,M00077,T00723,South,South,101.39,USD,card_present,chip_pin,approved,APPROVE,87.17,1.1631295170356775,0,0,0,0,0,0,0,1,269,19,8,18,terminal_customer_network_burst,0.18,0.05064905601580575,0.18
X000071834,2026-01-30 09:52:19,C000609,A0000609,M00133,T00854,Northeast,Northeast,101.91,USD,ecommerce,3ds,approved,APPROVE,131.74,0.7735691513587368,0,0,0,1,0,0,0,8,153,15,45,43,customer_velocity;terminal_customer_network_burst,0.43,0.01494062790095792,0.43
X000147351,2026-01-30 09:52:52,C001216,A0001216,M00490,T00340,South,South,19.44,USD,ecommerce,3ds,approved,APPROVE,43.69,0.4449530785076677,0,0,0,1,0,0,0,2,100,8,20,18,terminal_customer_network_burst,0.18,0.005555481028375792,0.18
X000099306,2026-01-30 09:52:55,C000833,A0000833,M00196,T00915,Midwest,Midwest,95.46,USD,ecommerce,chip_pin,approved,APPROVE,72.75,1.3121649484536082,0,0,0,1,0,0,0,0,93,16,8,18,terminal_customer_network_burst,0.18,0.023083630026671714,0.18
X000001061,2026-01-30 09:52:58,C000011,A0000011,M00738,T00899,South,South,44.97,USD,card_present,chip_pin,approved,APPROVE,85.4,0.5265807962529273,0,0,0,0,0,0,0,1,236,16,20,18,terminal_customer_network_burst,0.18,0.017579920703279607,0.18
X000014624,2026-01-30 09:53:07,C000124,A0000124,M00425,T01125,South,West,23.46,USD,ecommerce,magstripe,approved,APPROVE,28.69,0.8177065179505054,0,0,0,1,1,0,1,0,15,4,0,27,new_customer_terminal_pair;home_region_mismatch,0.27,0.10405578257555287,0.27
X000180495,2026-01-30 09:53:16,C001483,A0001483,M00393,T00239,Northeast,Northeast,140.25,USD,card_present,chip_pin,approved,APPROVE,259.43,0.5406082565624638,0,0,0,0,0,0,0,4,209,12,46,18,terminal_customer_network_burst,0.18,0.006339552658342826,0.18
X000038803,2026-01-30 09:53:21,C000331,A0000331,M00795,T00503,Northeast,Northeast,166.33,USD,ecommerce,magstripe,approved,APPROVE,98.47,1.6891439016959482,0,0,0,1,1,0,0,3,100,11,0,33,new_customer_terminal_pair;terminal_customer_network_burst,0.33,0.058609410097745104,0.33
X000143462,2026-01-30 09:53:26,C001182,A0001182,M00603,T01192,Midwest,Midwest,40.62,USD,ecommerce,3ds,approved,APPROVE,40.93,0.9924260933300757,0,0,0,1,0,0,0,1,99,9,22,18,terminal_customer_network_burst,0.18,0.006493761395583701,0.18
X000182616,2026-01-30 09:53:32,C001502,A0001502,M00398,T00960,Northeast,South,22.51,USD,mobile_wallet,3ds,approved,APPROVE,43.84,0.5134580291970803,0,0,0,0,0,1,1,1,111,13,0,45,new_customer_terminal_pair;terminal_customer_network_burst;home_region_mismatch,0.45,0.22086991562815647,0.45
X000098556,2026-01-30 09:54:12,C000826,A0000826,M00030,T00879,West,West,47.88,USD,card_present,3ds,approved,APPROVE,29.66,1.6142953472690493,0,0,0,0,0,0,0,2,69,12,23,18,terminal_customer_network_burst,0.18,0.011370140989305949,0.18
X000046760,2026-01-30 09:54:37,C000393,A0000393,M00647,T01037,West,West,501.83,USD,card_present,chip_pin,approved,APPROVE,236.28,2.1238784492974436,0,0,0,0,0,0,0,3,105,9,24,18,terminal_customer_network_burst,0.18,0.011709777555060894,0.18
X000049370,2026-01-30 09:55:14,C000413,A0000413,M00194,T00803,Northeast,Northeast,180.82,USD,ecommerce,chip_pin,approved,APPROVE,97.53,1.8539936429816466,0,0,0,1,0,0,0,2,143,9,37,18,terminal_customer_network_burst,0.18,0.007141893481239795,0.18
X000203270,2026-01-30 09:55:14,C001664,A0001664,M00162,T00759,South,Midwest,416.92,USD,ecommerce,3ds,approved,APPROVE,245.36,1.699217476361265,0,0,0,1,0,0,1,7,123,11,0,70,customer_velocity;new_customer_terminal_pair;terminal_customer_network_burst;home_region_mismatch,0.7,0.3469524767226867,0.7
X000097330,2026-01-30 09:55:28,C000815,A0000815,M00005,T01091,Northeast,South,93.14,USD,ecommerce,chip_pin,approved,APPROVE,73.05,1.2750171115674196,0,0,0,1,0,0,1,1,150,14,0,45,new_customer_terminal_pair;terminal_customer_network_burst;home_region_mismatch,0.45,0.25212618127252023,0.45
X000180496,2026-01-30 09:55:43,C001483,A0001483,M00393,T00239,Northeast,Northeast,376.46,USD,mobile_wallet,wallet_biometric,approved,APPROVE,259.43,1.451104344139074,0,0,0,0,0,1,0,5,210,12,47,43,customer_velocity;terminal_customer_network_burst,0.43,0.015022245354241197,0.43
X000085008,2026-01-30 09:55:44,C000710,A0000710,M00265,T00865,West,West,59.48,USD,card_present,chip_pin,approved,APPROVE,85.75,0.6936443148688046,0,0,0,0,0,0,0,5,124,7,45,25,customer_velocity,0.25,0.003485257514626018,0.25
X000238044,2026-01-30 09:55:48,C001942,A0001942,M00585,T00052,Midwest,Midwest,72.73,USD,card_present,3ds,soft_decline,CHALLENGE,103.71,0.701282422138656,0,0,1,0,0,0,0,3,163,14,32,26,terminal_customer_network_burst;authentication_soft_decline,0.26,0.04863513190298114,0.26
X000139106,2026-01-30 09:56:40,C001146,A0001146,M00507,T01055,South,South,45.12,USD,ecommerce,chip_pin,approved,APPROVE,45.52,0.9912126537785587,0,0,0,1,0,0,0,2,171,14,6,18,terminal_customer_network_burst,0.18,0.026291082297896364,0.18
X000159655,2026-01-30 09:58:26,C001316,A0001316,M00501,T01003,Northeast,Northeast,52.74,USD,ecommerce,chip_pin,approved,APPROVE,78.19,0.6745108070085689,0,0,0,1,0,0,0,4,119,11,17,18,terminal_customer_network_burst,0.18,0.012690845672828757,0.18
X000017532,2026-01-30 09:58:34,C000150,A0000150,M00518,T00379,South,South,395.1,USD,ecommerce,3ds,approved,APPROVE,224.61,1.7590490182983838,0,0,0,1,0,0,0,3,147,15,21,18,terminal_customer_network_burst,0.18,0.026314044529441236,0.18
X000072816,2026-01-30 09:58:35,C000615,A0000615,M00789,T00365,South,Midwest,20.14,USD,card_present,3ds,approved,APPROVE,24.79,0.8124243646631707,0,0,0,0,0,0,1,1,95,8,0,45,new_customer_terminal_pair;terminal_customer_network_burst;home_region_mismatch,0.45,0.10102066809040047,0.45
X000073232,2026-01-30 09:58:39,C000619,A0000619,M00400,T00825,West,West,52.42,USD,ecommerce,wallet_biometric,approved,APPROVE,125.67,0.4171242142118246,0,0,0,1,0,0,0,1,57,10,18,18,terminal_customer_network_burst,0.18,0.005912002887494101,0.18
X000119206,2026-01-30 09:58:43,C000987,A0000987,M00193,T01056,West,West,30.55,USD,card_present,chip_pin,approved,APPROVE,52.63,0.5804674140224206,0,0,0,0,0,0,0,2,47,6,14,0,,0.0,0.004653164502540159,0.004653164502540159
X000105683,2026-01-30 09:58:51,C000888,A0000888,M00251,T00069,West,West,29.78,USD,mobile_wallet,wallet_biometric,approved,APPROVE,86.91,0.3426533195259464,0,0,0,0,0,1,0,2,85,9,24,18,terminal_customer_network_burst,0.18,0.007235007116580429,0.18
X000140746,2026-01-30 09:59:02,C001159,A0001159,M00305,T00827,Northeast,Northeast,67.13,USD,ecommerce,3ds,approved,APPROVE,63.67,1.0543427045704412,0,0,0,1,0,0,0,1,122,10,14,18,terminal_customer_network_burst,0.18,0.010286417654901483,0.18
X000075698,2026-01-30 09:59:05,C000636,A0000636,M00778,T01132,South,South,15.24,USD,mobile_wallet,magstripe,soft_decline,CHALLENGE,39.78,0.3831070889894419,0,0,1,0,1,1,0,0,162,15,15,26,terminal_customer_network_burst;authentication_soft_decline,0.26,0.1680280804648374,0.26
X000177071,2026-01-30 09:59:30,C001459,A0001459,M00376,T00702,South,South,330.85,USD,card_present,3ds,approved,APPROVE,151.37,2.1857039043403583,0,0,0,0,0,0,0,3,118,10,29,18,terminal_customer_network_burst,0.18,0.011886546588246505,0.18
X000196855,2026-01-30 09:59:40,C001617,A0001617,M00213,T01006,Northeast,Northeast,12.56,USD,ecommerce,wallet_biometric,approved,APPROVE,54.07,0.23229147401516553,0,0,0,1,0,0,0,0,110,17,13,18,terminal_customer_network_burst,0.18,0.014975245283795532,0.18
X000231703,2026-01-30 09:59:59,C001890,A0001890,M00123,T00812,Midwest,Midwest,71.64,USD,card_present,chip_pin,approved,APPROVE,138.95,0.5155811442965096,0,0,0,0,0,0,0,0,265,19,22,18,terminal_customer_network_burst,0.18,0.022333296179234578,0.18
X000054476,2026-01-30 10:00:44,C000461,A0000461,M00244,T00277,South,South,173.72,USD,card_present,3ds,approved,APPROVE,456.08,0.38089808805472725,0,0,0,0,0,0,0,8,208,13,53,43,customer_velocity;terminal_customer_network_burst,0.43,0.008500670059893259,0.43
X000139107,2026-01-30 10:00:52,C001146,A0001146,M00249,T00554,South,South,95.64,USD,mobile_wallet,3ds,approved,APPROVE,45.52,2.101054481546573,0,0,0,0,0,1,0,3,159,15,14,18,terminal_customer_network_burst,0.18,0.054417443768927556,0.18
X000190514,2026-01-30 10:01:10,C001564,A0001564,M00544,T00846,South,South,42.52,USD,card_present,chip_pin,approved,APPROVE,41.62,1.0216242191254206,0,0,0,0,0,0,0,1,182,14,13,18,terminal_customer_network_burst,0.18,0.01851202814679791,0.18
X000075915,2026-01-30 10:01:12,C000638,A0000638,M00400,T00241,West,West,8.88,USD,ecommerce,chip_pin,approved,APPROVE,27.22,0.32623071271124177,0,0,0,1,0,0,0,3,137,12,20,18,terminal_customer_network_burst,0.18,0.010492324180885712,0.18
X000061416,2026-01-30 10:01:52,C000524,A0000524,M00342,T00563,Midwest,Midwest,66.59,USD,card_present,magstripe,approved,APPROVE,48.13,1.3835445667982547,0,0,0,0,1,0,0,3,96,11,21,18,terminal_customer_network_burst,0.18,0.025368716739752255,0.18
X000087822,2026-01-30 10:02:44,C000737,A0000737,M00085,T00814,Northeast,Northeast,32.29,USD,ecommerce,3ds,approved,APPROVE,34.36,0.939755529685681,0,0,0,1,0,0,0,1,115,4,12,0,,0.0,0.005065859468620228,0.005065859468620228
X000019128,2026-01-30 10:02:50,C000165,A0000165,M00399,T00276,West,West,104.82,USD,card_present,chip_pin,approved,APPROVE,43.52,2.4085477941176467,0,0,0,0,0,0,0,1,40,8,14,18,terminal_customer_network_burst,0.18,0.010805884457165746,0.18
X000001373,2026-01-30 10:03:16,C000014,A0000014,M00484,T00728,South,South,412.15,USD,ecommerce,3ds,approved,APPROVE,189.61,2.173672274669057,0,0,0,1,0,0,0,5,234,14,20,43,customer_velocity;terminal_customer_network_burst,0.43,0.04447291593545998,0.43
X000217107,2026-01-30 10:03:42,C001773,A0001773,M00592,T00719,South,South,458.92,USD,mobile_wallet,3ds,approved,APPROVE,311.99,1.4709445815571012,0,0,0,0,0,1,0,4,196,14,58,18,terminal_customer_network_burst,0.18,0.0115554191329831,0.18
X000047794,2026-01-30 10:03:48,C000403,A0000403,M00089,T00946,Midwest,Midwest,94.9,USD,ecommerce,chip_pin,approved,APPROVE,58.43,1.6241656683210681,0,0,0,1,0,0,0,2,93,10,14,18,terminal_customer_network_burst,0.18,0.013511329503244407,0.18
X000223924,2026-01-30 10:04:07,C001827,A0001827,M00601,T00769,South,South,11.74,USD,card_present,chip_pin,approved,APPROVE,22.77,0.515590689503733,0,0,0,0,0,0,0,1,204,18,11,18,terminal_customer_network_burst,0.18,0.02712618666326807,0.18
X000229747,2026-01-30 10:04:32,C001872,A0001872,M00768,T00457,South,South,19.33,USD,ecommerce,magstripe,approved,APPROVE,79.78,0.24229130107796437,0,0,0,1,1,0,0,2,212,17,19,18,terminal_customer_network_burst,0.18,0.04307801949065843,0.18
X000218297,2026-01-30 10:04:46,C001783,A0001783,M00070,T00004,Northeast,Northeast,42.94,USD,ecommerce,chip_pin,approved,APPROVE,68.92,0.6230412071967498,0,0,0,1,0,0,0,0,146,12,28,18,terminal_customer_network_burst,0.18,0.006585494754454274,0.18
X000078553,2026-01-30 10:05:01,C000661,A0000661,M00526,T00073,Northeast,South,16.97,USD,ecommerce,3ds,approved,APPROVE,47.46,0.3575642646439106,0,0,0,1,0,0,1,2,37,7,0,27,new_customer_terminal_pair;home_region_mismatch,0.27,0.07809359187898758,0.27
X000149597,2026-01-30 10:05:14,C001231,A0001231,M00073,T00757,South,South,57.39,USD,card_present,chip_pin,approved,APPROVE,101.36,0.566199684293607,0,0,0,0,0,0,0,2,195,17,12,18,terminal_customer_network_burst,0.18,0.02619168121589129,0.18
X000107907,2026-01-30 10:05:40,C000903,A0000903,M00257,T00772,South,South,154.02,USD,card_present,wallet_biometric,approved,APPROVE,143.84,1.070773081201335,0,0,0,0,0,0,0,3,248,17,17,18,terminal_customer_network_burst,0.18,0.03497950851902124,0.18
X000234152,2026-01-30 10:05:57,C001909,A0001909,M00166,T00022,Northeast,Northeast,35.68,USD,card_present,wallet_biometric,approved,APPROVE,46.09,0.774137556953786,0,0,0,0,0,0,0,0,139,17,11,18,terminal_customer_network_burst,0.18,0.02025508193963593,0.18
X000015959,2026-01-30 10:07:06,C000135,A0000135,M00295,T00425,South,South,123.8,USD,ecommerce,magstripe,approved,APPROVE,91.86,1.3477030263444372,0,0,0,1,1,0,0,1,308,20,23,18,terminal_customer_network_burst,0.18,0.09174858743490032,0.18
X000176126,2026-01-30 10:07:41,C001451,A0001451,M00740,T00080,Northeast,Northeast,100.83,USD,ecommerce,3ds,approved,APPROVE,40.14,2.511958146487294,0,0,0,1,0,0,0,1,149,16,15,18,terminal_customer_network_burst,0.18,0.0384149401955061,0.18
X000162073,2026-01-30 10:07:49,C001338,A0001338,M00040,T01012,Northeast,Northeast,38.56,USD,card_present,chip_pin,approved,APPROVE,56.51,0.6823571049371793,0,0,0,0,0,0,0,0,119,15,11,18,terminal_customer_network_burst,0.18,0.01468805298832622,0.18
X000103329,2026-01-30 10:08:04,C000869,A0000869,M00679,T00587,Northeast,Northeast,76.83,USD,card_present,wallet_biometric,approved,APPROVE,50.98,1.507061592781483,0,0,0,0,0,0,0,0,201,12,8,18,terminal_customer_network_burst,0.18,0.01952073327529466,0.18
X000004583,2026-01-30 10:08:21,C000041,A0000041,M00029,T00167,South,South,185.68,USD,mobile_wallet,wallet_biometric,approved,APPROVE,117.02,1.5867373098615623,0,0,0,0,0,1,0,2,169,16,21,18,terminal_customer_network_burst,0.18,0.03675051294344336,0.18
X000207064,2026-01-30 10:08:24,C001689,A0001689,M00788,T00404,South,South,67.62,USD,ecommerce,chip_pin,approved,APPROVE,82.33,0.821328798736791,0,0,0,1,0,0,0,2,110,9,27,18,terminal_customer_network_burst,0.18,0.005961184349377191,0.18
X000127678,2026-01-30 10:08:52,C001052,A0001052,M00335,T00070,South,South,37.66,USD,mobile_wallet,chip_pin,approved,APPROVE,146.14,0.25769809771452035,0,0,0,0,0,1,0,8,294,19,64,43,customer_velocity;terminal_customer_network_burst,0.43,0.02145706573185341,0.43
X000196675,2026-01-30 10:09:07,C001615,A0001615,M00219,T00102,Northeast,Northeast,41.13,USD,card_present,chip_pin,approved,APPROVE,49.67,0.8280652305214415,0,0,0,0,0,0,0,4,94,14,13,18,terminal_customer_network_burst,0.18,0.01940036661519546,0.18
X000155615,2026-01-30 10:09:18,C001281,A0001281,M00403,T01126,Northeast,Northeast,19.04,USD,card_present,chip_pin,approved,APPROVE,45.06,0.4225477141588992,0,0,0,0,0,0,0,2,106,14,16,18,terminal_customer_network_burst,0.18,0.012234615756833331,0.18
X000054796,2026-01-30 10:09:34,C000463,A0000463,M00203,T00558,Northeast,Northeast,18.85,USD,card_present,wallet_biometric,approved,APPROVE,13.75,1.370909090909091,0,0,0,0,0,0,0,2,72,8,18,18,terminal_customer_network_burst,0.18,0.007613217651766472,0.18
X000138501,2026-01-30 10:09:46,C001140,A0001140,M00666,T00992,South,South,20.99,USD,card_present,chip_pin,approved,APPROVE,44.53,0.47136761733662697,0,0,0,0,0,0,0,1,99,15,5,18,terminal_customer_network_burst,0.18,0.017453392307838496,0.18
X000243601,2026-01-30 10:10:00,C001987,A0001987,M00470,T00025,South,South,290.67,USD,card_present,chip_pin,approved,APPROVE,186.83,1.555799389819622,0,0,0,0,0,0,0,5,117,11,46,43,customer_velocity;terminal_customer_network_burst,0.43,0.00755290027854143,0.43
X000014501,2026-01-30 10:11:33,C000123,A0000123,M00296,T00252,South,South,65.37,USD,mobile_wallet,chip_pin,approved,APPROVE,125.44,0.5211256377551021,0,0,0,0,0,1,0,2,158,14,30,18,terminal_customer_network_burst,0.18,0.01391799662412454,0.18
X000047702,2026-01-30 10:11:40,C000402,A0000402,M00539,T00648,Midwest,Midwest,24.02,USD,ecommerce,chip_pin,approved,APPROVE,23.82,1.0083963056255247,0,0,0,1,0,0,0,2,63,7,12,0,,0.0,0.007307806505430444,0.007307806505430444
X000019220,2026-01-30 10:11:42,C000166,A0000166,M00471,T00285,Midwest,Midwest,52.37,USD,ecommerce,chip_pin,approved,APPROVE,44.51,1.176589530442597,0,0,0,1,0,0,0,1,33,9,11,18,terminal_customer_network_burst,0.18,0.008427518031740012,0.18
X000219182,2026-01-30 10:11:49,C001790,A0001790,M00394,T00980,South,South,399.69,USD,ecommerce,chip_pin,approved,APPROVE,121.97,3.2769533491842258,0,0,0,1,0,0,0,2,86,7,19,30,amount_vs_profile,0.3,0.01547606322136161,0.3
X000005460,2026-01-30 10:11:52,C000050,A0000050,M00198,T00837,Midwest,Midwest,34.24,USD,mobile_wallet,wallet_biometric,approved,APPROVE,32.17,1.0643456636617967,0,0,0,0,0,1,0,1,70,6,9,0,,0.0,0.009448086254586124,0.009448086254586124
X000151523,2026-01-30 10:12:04,C001244,A0001244,M00510,T00280,West,West,29.19,USD,card_present,chip_pin,approved,APPROVE,57.21,0.5102254850550603,0,0,0,0,0,0,0,1,69,11,14,18,terminal_customer_network_burst,0.18,0.007685549372798681,0.18
X000125151,2026-01-30 10:12:56,C001032,A0001032,M00316,T00389,South,South,283.5,USD,card_present,magstripe,approved,APPROVE,220.63,1.2849567148619863,0,0,0,0,1,0,0,8,234,17,74,43,customer_velocity;terminal_customer_network_burst,0.43,0.022921978048085875,0.43
X000160761,2026-01-30 10:12:58,C001327,A0001327,M00296,T00252,West,South,90.58,USD,mobile_wallet,chip_pin,approved,APPROVE,85.02,1.0653963773229829,0,0,0,0,0,1,1,3,159,14,0,45,new_customer_terminal_pair;terminal_customer_network_burst;home_region_mismatch,0.45,0.3644283571246082,0.45
X000192189,2026-01-30 10:13:01,C001577,A0001577,M00402,T00179,South,South,144.69,USD,card_present,chip_pin,approved,APPROVE,271.97,0.532007206677207,0,0,0,0,0,0,0,3,137,11,16,18,terminal_customer_network_burst,0.18,0.010929845072833164,0.18
X000058627,2026-01-30 10:13:03,C000497,A0000497,M00473,T00408,West,West,61.94,USD,ecommerce,3ds,approved,APPROVE,55.66,1.1128278835788719,0,0,0,1,0,0,0,1,52,11,15,18,terminal_customer_network_burst,0.18,0.00959401183560477,0.18
X000143087,2026-01-30 10:13:43,C001179,A0001179,M00510,T00280,West,West,44.42,USD,card_present,wallet_biometric,approved,APPROVE,45.31,0.9803575369675568,0,0,0,0,0,0,0,2,70,11,27,18,terminal_customer_network_burst,0.18,0.006889750189975086,0.18
X000079858,2026-01-30 10:14:25,C000672,A0000672,M00313,T00777,Northeast,Northeast,60.3,USD,card_present,chip_pin,approved,APPROVE,65.95,0.9143290371493555,0,0,0,0,0,0,0,1,210,13,11,18,terminal_customer_network_burst,0.18,0.01805501900770544,0.18
X000034005,2026-01-30 10:14:35,C000289,A0000289,M00780,T00700,West,West,151.23,USD,mobile_wallet,3ds,approved,APPROVE,157.83,0.9581828549705378,0,0,0,0,0,1,0,6,57,6,44,25,customer_velocity,0.25,0.005078717842323434,0.25
X000225068,2026-01-30 10:14:41,C001835,A0001835,M00156,T00697,West,West,246.81,USD,ecommerce,chip_pin,soft_decline,CHALLENGE,95.26,2.590909090909091,0,0,1,1,0,0,0,4,60,8,23,26,terminal_customer_network_burst;authentication_soft_decline,0.26,0.06200862607586344,0.26
X000240475,2026-01-30 10:15:11,C001961,A0001961,M00453,T00831,South,South,63.17,USD,card_present,3ds,approved,APPROVE,100.48,0.6286823248407644,0,0,0,0,0,0,0,2,240,16,45,18,terminal_customer_network_burst,0.18,0.009319654633381476,0.18
X000039427,2026-01-30 10:15:17,C000335,A0000335,M00473,T00408,West,West,71.73,USD,mobile_wallet,chip_pin,approved,APPROVE,50.05,1.4331668331668332,0,0,0,0,0,1,0,3,53,11,21,18,terminal_customer_network_burst,0.18,0.01622058030519176,0.18
X000175461,2026-01-30 10:15:45,C001445,A0001445,M00720,T00705,Northeast,Northeast,38.69,USD,card_present,chip_pin,approved,APPROVE,40.61,0.9527210046786505,0,0,0,0,0,0,0,0,181,15,7,18,terminal_customer_network_burst,0.18,0.02176792329230692,0.18
X000037965,2026-01-30 10:15:47,C000324,A0000324,M00298,T00088,Northeast,Northeast,31.36,USD,card_present,wallet_biometric,approved,APPROVE,43.98,0.7130513869940882,0,0,0,0,0,0,0,2,205,12,23,18,terminal_customer_network_burst,0.18,0.011179103616560444,0.18
X000044404,2026-01-30 10:15:47,C000376,A0000376,M00494,T01020,West,West,279.54,USD,card_present,3ds,approved,APPROVE,189.71,1.4735122028359076,0,0,0,0,0,0,0,4,92,11,58,18,terminal_customer_network_burst,0.18,0.0041326865729103554,0.18
X000164158,2026-01-30 10:15:48,C001353,A0001353,M00535,T00606,West,West,52.99,USD,card_present,wallet_biometric,approved,APPROVE,94.56,0.5603849407783418,0,0,0,0,0,0,0,1,201,12,27,18,terminal_customer_network_burst,0.18,0.008136108501777407,0.18
X000182905,2026-01-30 10:16:42,C001504,A0001504,M00248,T00017,South,South,102.26,USD,card_present,wallet_biometric,approved,APPROVE,56.82,1.7997184090109117,0,0,0,0,0,0,0,1,158,11,19,18,terminal_customer_network_burst,0.18,0.013834153776216314,0.18
X000240191,2026-01-30 10:16:58,C001959,A0001959,M00761,T00945,South,South,34.98,USD,card_present,3ds,approved,APPROVE,72.77,0.4806925931015528,0,0,0,0,0,0,0,0,107,9,10,18,terminal_customer_network_burst,0.18,0.006689566975834672,0.18
X000092586,2026-01-30 10:17:10,C000775,A0000775,M00326,T01151,Northeast,Northeast,20.16,USD,card_present,3ds,approved,APPROVE,34.29,0.5879265091863517,0,0,0,0,0,0,0,0,125,11,11,18,terminal_customer_network_burst,0.18,0.008970273281882827,0.18
X000167832,2026-01-30 10:18:36,C001387,A0001387,M00038,T00813,South,South,39.89,USD,card_present,3ds,approved,APPROVE,37.98,1.05028962611901,0,0,0,0,0,0,0,1,173,10,18,18,terminal_customer_network_burst,0.18,0.009750920831958538,0.18
X000245431,2026-01-30 10:18:42,C001999,A0001999,M00482,T00610,West,West,215.13,USD,card_present,chip_pin,approved,APPROVE,131.76,1.6327413479052824,0,0,0,0,0,0,0,3,143,10,30,18,terminal_customer_network_burst,0.18,0.00981184717741755,0.18
X000093101,2026-01-30 10:19:05,C000780,A0000780,M00067,T00948,South,South,28.79,USD,ecommerce,3ds,approved,APPROVE,66.83,0.43079455334430644,0,0,0,1,0,0,0,6,204,17,18,43,customer_velocity;terminal_customer_network_burst,0.43,0.03499176304599778,0.43
X000061519,2026-01-30 10:19:10,C000525,A0000525,M00208,T00633,Midwest,Midwest,47.72,USD,card_present,3ds,approved,APPROVE,33.68,1.4168646080760094,0,0,0,0,0,0,0,0,117,9,17,18,terminal_customer_network_burst,0.18,0.008003574487742056,0.18
X000212400,2026-01-30 10:19:20,C001733,A0001733,M00567,T00161,Northeast,Northeast,466.68,USD,mobile_wallet,chip_pin,approved,APPROVE,162.51,2.871700203064427,0,0,0,0,0,1,0,2,148,15,35,18,terminal_customer_network_burst,0.18,0.033258313389892255,0.18
X000093675,2026-01-30 10:19:38,C000785,A0000785,M00400,T00412,West,West,93.09,USD,card_present,chip_pin,approved,APPROVE,53.66,1.734811777860604,0,0,0,0,0,0,0,0,37,7,6,0,,0.0,0.008354141707998737,0.008354141707998737
X000097636,2026-01-30 10:20:36,C000818,A0000818,M00184,T00927,South,South,63.51,USD,card_present,3ds,approved,APPROVE,65.44,0.9705073349633252,0,0,0,0,0,0,0,2,256,18,12,18,terminal_customer_network_burst,0.18,0.04015018730955924,0.18
X000041827,2026-01-30 10:21:09,C000354,A0000354,M00683,T01182,South,Midwest,50.04,USD,card_present,chip_pin,approved,APPROVE,67.53,0.741003998223012,0,0,0,0,0,0,1,1,9,5,0,27,new_customer_terminal_pair;home_region_mismatch,0.27,0.0576497608799125,0.27
X000091115,2026-01-30 10:21:13,C000764,A0000764,M00113,T00323,West,West,45.83,USD,card_present,wallet_biometric,approved,APPROVE,50.25,0.9120398009950248,0,0,0,0,0,0,0,1,16,5,12,0,,0.0,0.004143676473697718,0.004143676473697718
X000059703,2026-01-30 10:21:46,C000508,A0000508,M00376,T00048,South,South,121.81,USD,ecommerce,wallet_biometric,approved,APPROVE,137.0,0.8891240875912408,0,0,0,1,0,0,0,2,101,8,12,18,terminal_customer_network_burst,0.18,0.00863587340026836,0.18
X000123567,2026-01-30 10:22:15,C001023,A0001023,M00171,T00523,Northeast,Northeast,80.77,USD,card_present,3ds,approved,APPROVE,96.87,0.833797873438629,0,0,0,0,0,0,0,10,147,15,64,63,customer_velocity;high_customer_velocity;terminal_customer_network_burst,0.63,0.009802016979160347,0.63
X000186393,2026-01-30 10:23:15,C001532,A0001532,M00523,T00390,Midwest,Midwest,313.23,USD,mobile_wallet,chip_pin,approved,APPROVE,163.74,1.9129717845364602,0,0,0,0,0,1,0,4,68,6,27,0,,0.0,0.010537287055511426,0.010537287055511426
X000221707,2026-01-30 10:23:44,C001806,A0001806,M00798,T00402,Northeast,Northeast,453.97,USD,card_present,chip_pin,approved,APPROVE,336.93,1.347371857655893,0,0,0,0,0,0,0,5,173,12,39,43,customer_velocity;terminal_customer_network_burst,0.43,0.011292908353230187,0.43
X000141494,2026-01-30 10:24:38,C001165,A0001165,M00230,T01120,West,West,50.86,USD,ecommerce,chip_pin,approved,APPROVE,51.53,0.9869978653211721,0,0,0,1,0,0,0,1,35,12,9,18,terminal_customer_network_burst,0.18,0.011912450932816556,0.18
X000135335,2026-01-30 10:24:49,C001111,A0001111,M00109,T00548,Northeast,Northeast,179.1,USD,ecommerce,3ds,approved,APPROVE,130.9,1.3682200152788386,0,0,0,1,0,0,0,3,182,14,25,18,terminal_customer_network_burst,0.18,0.019277338846396784,0.18
X000204337,2026-01-30 10:25:19,C001668,A0001668,M00640,T01025,Midwest,Midwest,123.04,USD,card_present,wallet_biometric,approved,APPROVE,146.34,0.8407817411507449,0,0,0,0,0,0,0,5,166,10,44,43,customer_velocity;terminal_customer_network_burst,0.43,0.006073087407108629,0.43
X000040659,2026-01-30 10:25:32,C000345,A0000345,M00270,T00562,South,South,18.68,USD,ecommerce,chip_pin,approved,APPROVE,84.45,0.22119597394908228,0,0,0,1,0,0,0,2,140,14,24,18,terminal_customer_network_burst,0.18,0.010031606454445034,0.18
X000111552,2026-01-30 10:25:55,C000931,A0000931,M00342,T00903,Midwest,Midwest,173.28,USD,mobile_wallet,3ds,approved,APPROVE,116.51,1.487254312934512,0,0,0,0,0,1,0,2,63,6,32,0,,0.0,0.005895043638697612,0.005895043638697612
X000014502,2026-01-30 10:26:50,C000123,A0000123,M00296,T00252,South,South,154.26,USD,ecommerce,chip_pin,approved,APPROVE,125.44,1.229751275510204,0,0,0,1,0,0,0,3,160,15,31,18,terminal_customer_network_burst,0.18,0.0160019649311919,0.18
X000243602,2026-01-30 10:27:02,C001987,A0001987,M00470,T00025,South,South,231.01,USD,ecommerce,chip_pin,approved,APPROVE,186.83,1.2364716587271851,0,0,0,1,0,0,0,6,118,11,47,43,customer_velocity;terminal_customer_network_burst,0.43,0.007639739480069892,0.43
X000061080,2026-01-30 10:27:09,C000520,A0000520,M00022,T00830,South,South,46.47,USD,ecommerce,magstripe,approved,APPROVE,29.58,1.5709939148073022,0,0,0,1,1,0,0,1,165,13,17,18,terminal_customer_network_burst,0.18,0.03886809788887022,0.18
X000042048,2026-01-30 10:27:17,C000356,A0000356,M00588,T00221,West,West,133.68,USD,ecommerce,wallet_biometric,approved,APPROVE,126.06,1.0604474059971443,0,0,0,1,0,0,0,1,56,6,26,0,,0.0,0.00368217546259928,0.00368217546259928
X000000696,2026-01-30 10:27:19,C000008,A0000008,M00015,T00330,South,South,242.19,USD,ecommerce,3ds,approved,APPROVE,124.57,1.9442080757806857,0,0,0,1,0,0,0,4,219,23,30,18,terminal_customer_network_burst,0.18,0.07092774243855438,0.18
X000211962,2026-01-30 10:27:21,C001728,A0001728,M00213,T01006,Northeast,Northeast,62.31,USD,card_present,magstripe,approved,APPROVE,108.82,0.5725969490902408,0,0,0,0,1,0,0,0,111,17,12,18,terminal_customer_network_burst,0.18,0.03595809792671215,0.18
X000230887,2026-01-30 10:27:22,C001883,A0001883,M00479,T00906,Midwest,Midwest,37.6,USD,card_present,chip_pin,approved,APPROVE,63.6,0.5911949685534591,0,0,0,0,0,0,0,3,100,6,22,0,,0.0,0.004648725514424298,0.004648725514424298
X000020375,2026-01-30 10:27:27,C000177,A0000177,M00692,T00191,Northeast,Northeast,138.38,USD,card_present,wallet_biometric,approved,APPROVE,69.88,1.9802518603319978,0,0,0,0,0,0,0,1,135,16,7,18,terminal_customer_network_burst,0.18,0.036711467365286216,0.18
X000164977,2026-01-30 10:27:41,C001361,A0001361,M00166,T00474,Northeast,Northeast,72.59,USD,ecommerce,3ds,approved,APPROVE,54.12,1.341278640059128,0,0,0,1,0,0,0,1,73,10,18,18,terminal_customer_network_burst,0.18,0.008960382632134237,0.18
X000218732,2026-01-30 10:28:00,C001787,A0001787,M00436,T01032,Midwest,Midwest,110.99,USD,ecommerce,chip_pin,approved,APPROVE,53.45,2.076520112254443,0,0,0,1,0,0,0,0,70,7,9,0,,0.0,0.009996743096727555,0.009996743096727555
X000150454,2026-01-30 10:28:32,C001238,A0001238,M00791,T00304,South,South,120.15,USD,mobile_wallet,wallet_biometric,approved,APPROVE,130.71,0.9192104659169152,0,0,0,0,0,1,0,3,219,14,32,18,terminal_customer_network_burst,0.18,0.020085632546174792,0.18
X000021483,2026-01-30 10:29:06,C000186,A0000186,M00442,T00105,West,West,481.01,USD,mobile_wallet,3ds,approved,APPROVE,223.8,2.149285075960679,0,0,0,0,0,1,0,9,132,14,56,43,customer_velocity;terminal_customer_network_burst,0.43,0.024556224624507975,0.43
X000011794,2026-01-30 10:30:05,C000104,A0000104,M00382,T00436,Midwest,Midwest,174.99,USD,card_present,wallet_biometric,approved,APPROVE,150.27,1.1645038929926133,0,0,0,0,0,0,0,1,55,11,32,18,terminal_customer_network_burst,0.18,0.005405502842308865,0.18
X000141817,2026-01-30 10:30:13,C001169,A0001169,M00679,T00947,Northeast,Northeast,74.51,USD,ecommerce,wallet_biometric,approved,APPROVE,104.26,0.7146556685210051,0,0,0,1,0,0,0,2,86,8,17,18,terminal_customer_network_burst,0.18,0.006588769576344387,0.18
X000018600,2026-01-30 10:30:27,C000159,A0000159,M00171,T00754,Northeast,Northeast,284.31,USD,mobile_wallet,chip_pin,approved,APPROVE,81.09,3.5061043285238624,0,0,0,0,0,1,0,2,45,6,10,30,amount_vs_profile,0.3,0.02573487262645134,0.3
X000244997,2026-01-30 10:30:43,C001996,A0001996,M00184,T00927,South,South,69.58,USD,card_present,chip_pin,approved,APPROVE,58.94,1.180522565320665,0,0,0,0,0,0,0,2,257,18,18,18,terminal_customer_network_burst,0.18,0.03623247654608692,0.18
X000124891,2026-01-30 10:31:32,C001031,A0001031,M00706,T00856,Northeast,Northeast,49.39,USD,ecommerce,chip_pin,approved,APPROVE,63.58,0.7768166089965398,0,0,0,1,0,0,0,3,85,9,13,18,terminal_customer_network_burst,0.18,0.009699776861364758,0.18
X000021484,2026-01-30 10:31:38,C000186,A0000186,M00232,T00367,West,West,225.63,USD,card_present,magstripe,approved,APPROVE,223.8,1.0081769436997319,0,0,0,0,1,0,0,10,184,6,70,45,customer_velocity;high_customer_velocity,0.45,0.007124959159812793,0.45
X000185188,2026-01-30 10:32:11,C001524,A0001524,M00524,T00237,West,West,144.0,USD,ecommerce,chip_pin,approved,APPROVE,133.37,1.0797030816525455,0,0,0,1,0,0,0,6,175,14,46,43,customer_velocity;terminal_customer_network_burst,0.43,0.012197588530161032,0.43
X000214915,2026-01-30 10:32:14,C001755,A0001755,M00276,T00213,Northeast,Northeast,14.54,USD,card_present,chip_pin,approved,APPROVE,25.97,0.5598767809010397,0,0,0,0,0,0,0,0,85,8,11,18,terminal_customer_network_burst,0.18,0.005616518568338259,0.18
X000179426,2026-01-30 10:32:23,C001476,A0001476,M00667,T00182,Northeast,Northeast,123.17,USD,mobile_wallet,magstripe,approved,APPROVE,246.77,0.4991287433642663,0,0,0,0,1,1,0,4,154,9,50,18,terminal_customer_network_burst,0.18,0.0108594833615365,0.18
X000081965,2026-01-30 10:32:40,C000686,A0000686,M00682,T00951,Northeast,Northeast,46.7,USD,card_present,wallet_biometric,approved,APPROVE,23.16,2.016407599309154,0,0,0,0,0,0,0,1,100,10,17,18,terminal_customer_network_burst,0.18,0.012348584946594628,0.18
X000007865,2026-01-30 10:33:10,C000072,A0000072,M00494,T00136,West,West,157.54,USD,card_present,chip_pin,approved,APPROVE,127.28,1.2377435575109994,0,0,0,0,0,0,0,4,64,10,31,18,terminal_customer_network_burst,0.18,0.007434601529685722,0.18
X000234488,2026-01-30 10:33:10,C001912,A0001912,M00154,T00860,South,South,73.52,USD,card_present,wallet_biometric,approved,APPROVE,53.95,1.3627432808155697,0,0,0,0,0,0,0,0,153,16,13,18,terminal_customer_network_burst,0.18,0.02217754985633561,0.18
X000029621,2026-01-30 10:33:37,C000254,A0000254,M00452,T00329,Northeast,Northeast,181.19,USD,mobile_wallet,magstripe,approved,APPROVE,244.89,0.739883212871085,0,0,0,0,1,1,0,3,216,13,45,18,terminal_customer_network_burst,0.18,0.02336300605351462,0.18
X000029622,2026-01-30 10:34:00,C000254,A0000254,M00452,T00329,Northeast,Northeast,103.04,USD,mobile_wallet,3ds,approved,APPROVE,244.89,0.42076034137776147,0,0,0,0,0,1,0,4,217,13,46,18,terminal_customer_network_burst,0.18,0.01043050094885742,0.18
X000082703,2026-01-30 10:34:33,C000693,A0000693,M00343,T00030,West,West,48.3,USD,card_present,3ds,approved,APPROVE,100.52,0.4805013927576602,0,0,0,0,0,0,0,1,65,9,19,18,terminal_customer_network_burst,0.18,0.005048075673598766,0.18
X000222129,2026-01-30 10:34:47,C001810,A0001810,M00320,T00150,West,West,225.08,USD,ecommerce,chip_pin,approved,APPROVE,203.81,1.104361905696482,0,0,0,1,0,0,0,2,165,10,33,18,terminal_customer_network_burst,0.18,0.007138707198236084,0.18
X000151011,2026-01-30 10:35:51,C001241,A0001241,M00302,T00011,Northeast,Northeast,304.09,USD,card_present,magstripe,approved,APPROVE,279.08,1.0896158807510392,0,0,0,0,1,0,0,5,149,15,44,43,customer_velocity;terminal_customer_network_burst,0.43,0.024892265239461732,0.43
X000237838,2026-01-30 10:35:51,C001940,A0001940,M00600,T00407,South,South,34.41,USD,ecommerce,chip_pin,approved,APPROVE,26.59,1.2940955246333208,0,0,0,1,0,0,0,1,159,12,12,18,terminal_customer_network_burst,0.18,0.016787957802973187,0.18
X000201697,2026-01-30 10:36:24,C001650,A0001650,M00198,T00247,West,Midwest,195.45,USD,ecommerce,3ds,approved,APPROVE,267.79,0.7298629523133798,0,0,0,1,0,0,1,8,128,12,0,70,customer_velocity;new_customer_terminal_pair;terminal_customer_network_burst;home_region_mismatch,0.7,0.31461098105878343,0.7
X000026862,2026-01-30 10:37:18,C000231,A0000231,M00687,T00937,Midwest,Midwest,140.26,USD,ecommerce,3ds,approved,APPROVE,59.36,2.3628706199460914,0,0,0,1,0,0,0,2,76,11,16,18,terminal_customer_network_burst,0.18,0.018364874666579566,0.18
X000059704,2026-01-30 10:37:33,C000508,A0000508,M00613,T00852,South,South,54.72,USD,card_present,chip_pin,approved,APPROVE,137.0,0.39941605839416056,0,0,0,0,0,0,0,3,151,16,8,18,terminal_customer_network_burst,0.18,0.024883389266487473,0.18
X000207959,2026-01-30 10:38:17,C001697,A0001697,M00546,T00452,West,West,20.5,USD,card_present,3ds,approved,APPROVE,53.36,0.3841829085457271,0,0,0,0,0,0,0,1,46,12,13,18,terminal_customer_network_burst,0.18,0.00800145488968707,0.18
X000226905,2026-01-30 10:38:29,C001850,A0001850,M00595,T00231,South,West,21.91,USD,card_present,chip_pin,approved,APPROVE,35.81,0.6118402680815415,0,0,0,0,0,0,1,3,44,6,0,27,new_customer_terminal_pair;home_region_mismatch,0.27,0.0830637763362473,0.27
X000105507,2026-01-30 10:38:33,C000887,A0000887,M00372,T00095,Northeast,South,138.63,USD,mobile_wallet,chip_pin,approved,APPROVE,82.43,1.6817906102147275,0,0,0,0,0,1,1,7,205,18,0,70,customer_velocity;new_customer_terminal_pair;terminal_customer_network_burst;home_region_mismatch,0.7,0.6818469912242814,0.7
X000008135,2026-01-30 10:38:36,C000074,A0000074,M00005,T01091,South,South,38.76,USD,card_present,chip_pin,approved,APPROVE,44.26,0.8757342973339358,0,0,0,0,0,0,0,4,151,15,7,18,terminal_customer_network_burst,0.18,0.03100360309638187,0.18
X000182066,2026-01-30 10:38:55,C001499,A0001499,M00048,T01172,Northeast,Northeast,33.65,USD,card_present,chip_pin,approved,APPROVE,23.65,1.422832980972516,0,0,0,0,0,0,0,3,107,11,16,18,terminal_customer_network_burst,0.18,0.014503735110329851,0.18
X000040912,2026-01-30 10:39:10,C000347,A0000347,M00387,T00438,Northeast,Northeast,273.08,USD,mobile_wallet,3ds,approved,APPROVE,153.65,1.777286039700618,0,0,0,0,0,1,0,2,49,8,24,18,terminal_customer_network_burst,0.18,0.010484831605769877,0.18
X000191201,2026-01-30 10:39:24,C001569,A0001569,M00211,T01068,Midwest,Midwest,244.3,USD,ecommerce,chip_pin,approved,APPROVE,91.86,2.659481820161115,0,0,0,1,0,0,0,5,129,8,19,43,customer_velocity;terminal_customer_network_burst,0.43,0.021433156879511424,0.43
X000079724,2026-01-30 10:39:39,C000671,A0000671,M00148,T01086,Midwest,Midwest,65.66,USD,card_present,wallet_biometric,approved,APPROVE,68.34,0.9607843137254901,0,0,0,0,0,0,0,2,164,12,32,18,terminal_customer_network_burst,0.18,0.008327788794937976,0.18
X000244751,2026-01-30 10:39:52,C001995,A0001995,M00338,T00600,Northeast,Northeast,630.82,USD,ecommerce,magstripe,approved,APPROVE,400.21,1.576222483196322,0,0,0,1,1,0,0,4,145,8,59,18,terminal_customer_network_burst,0.18,0.007659649311105041,0.18
X000080880,2026-01-30 10:39:57,C000679,A0000679,M00401,T00536,South,South,27.35,USD,card_present,3ds,approved,APPROVE,48.41,0.5649659161330305,0,0,0,0,0,0,0,0,191,20,17,18,terminal_customer_network_burst,0.18,0.0248827118207784,0.18
X000004467,2026-01-30 10:40:51,C000040,A0000040,M00779,T00146,South,South,20.17,USD,mobile_wallet,chip_pin,approved,APPROVE,36.27,0.5561069754618142,0,0,0,0,0,1,0,0,279,16,17,18,terminal_customer_network_burst,0.18,0.029050976263281878,0.18
X000106092,2026-01-30 10:40:57,C000891,A0000891,M00099,T00891,South,South,38.41,USD,ecommerce,wallet_biometric,approved,APPROVE,55.54,0.6915736406193733,0,0,0,1,0,0,0,3,75,10,22,18,terminal_customer_network_burst,0.18,0.007688591118335243,0.18
X000233680,2026-01-30 10:41:03,C001905,A0001905,M00001,T00955,South,South,55.89,USD,card_present,chip_pin,approved,APPROVE,37.47,1.4915932746196958,0,0,0,0,0,0,0,5,192,16,23,43,customer_velocity;terminal_customer_network_burst,0.43,0.03330821265189709,0.43
X000107516,2026-01-30 10:41:09,C000900,A0000900,M00191,T00397,Midwest,Midwest,224.63,USD,ecommerce,magstripe,approved,APPROVE,159.85,1.4052549264935879,0,0,0,1,1,0,0,7,171,9,63,43,customer_velocity;terminal_customer_network_burst,0.43,0.010729944182484819,0.43
X000168839,2026-01-30 10:41:13,C001396,A0001396,M00073,T00757,South,South,64.42,USD,card_present,3ds,approved,APPROVE,40.17,1.6036843415484192,0,0,0,0,0,0,0,4,196,17,20,18,terminal_customer_network_burst,0.18,0.03866291067851181,0.18
X000223424,2026-01-30 10:41:31,C001821,A0001821,M00243,T00806,South,South,31.52,USD,ecommerce,chip_pin,approved,APPROVE,61.57,0.5119376319636186,0,0,0,1,0,0,0,0,161,10,14,18,terminal_customer_network_burst,0.18,0.008117834813387697,0.18
X000233341,2026-01-30 10:41:57,C001902,A0001902,M00122,T00125,South,South,159.42,USD,ecommerce,chip_pin,approved,APPROVE,144.3,1.1047817047817046,0,0,0,1,0,0,0,3,117,10,29,18,terminal_customer_network_burst,0.18,0.008076397238399247,0.18
X000125663,2026-01-30 10:42:04,C001035,A0001035,M00336,T00988,West,West,22.41,USD,card_present,wallet_biometric,approved,APPROVE,47.5,0.47178947368421054,0,0,0,0,0,0,0,1,74,8,21,18,terminal_customer_network_burst,0.18,0.004286408966325756,0.18
X000170630,2026-01-30 10:42:45,C001406,A0001406,M00764,T00111,West,West,50.19,USD,mobile_wallet,chip_pin,approved,APPROVE,34.62,1.449740034662045,0,0,0,0,0,1,0,1,35,9,5,18,terminal_customer_network_burst,0.18,0.01632831478754085,0.18
X000085289,2026-01-30 10:43:27,C000712,A0000712,M00433,T00752,Midwest,Midwest,56.65,USD,card_present,wallet_biometric,approved,APPROVE,43.3,1.3083140877598154,0,0,0,0,0,0,0,1,109,12,9,18,terminal_customer_network_burst,0.18,0.0155230593165651,0.18
X000032213,2026-01-30 10:43:55,C000273,A0000273,M00401,T00536,South,South,103.44,USD,ecommerce,3ds,approved,APPROVE,31.83,3.249764373232799,0,0,0,1,0,0,0,1,192,20,16,48,amount_vs_profile;terminal_customer_network_burst,0.48,0.08592920665950915,0.48
X000133773,2026-01-30 10:44:03,C001101,A0001101,M00503,T00931,West,West,43.8,USD,card_present,chip_pin,approved,APPROVE,98.69,0.4438139629141757,0,0,0,0,0,0,0,4,59,9,24,18,terminal_customer_network_burst,0.18,0.00592437688937341,0.18
X000098557,2026-01-30 10:44:27,C000826,A0000826,M00030,T00879,West,West,28.22,USD,card_present,3ds,approved,APPROVE,29.66,0.9514497639919083,0,0,0,0,0,0,0,2,70,12,24,18,terminal_customer_network_burst,0.18,0.008441668063960022,0.18
X000071141,2026-01-30 10:44:30,C000604,A0000604,M00743,T00220,South,South,80.52,USD,card_present,magstripe,approved,APPROVE,137.88,0.5839860748476936,0,0,0,0,1,0,0,2,113,13,17,18,terminal_customer_network_burst,0.18,0.024569813478635957,0.18
X000177072,2026-01-30 10:44:45,C001459,A0001459,M00376,T00702,South,South,200.9,USD,card_present,wallet_biometric,approved,APPROVE,151.37,1.3272114685869063,0,0,0,0,0,0,0,4,119,10,30,18,terminal_customer_network_burst,0.18,0.009165662943405843,0.18
X000199736,2026-01-30 10:45:54,C001637,A0001637,M00153,T00753,South,South,295.14,USD,ecommerce,wallet_biometric,approved,APPROVE,150.55,1.9604118233145131,0,0,0,1,0,0,0,5,240,17,42,43,customer_velocity;terminal_customer_network_burst,0.43,0.02937877485753886,0.43
X000189371,2026-01-30 10:45:59,C001556,A0001556,M00200,T00991,Midwest,Midwest,79.33,USD,card_present,chip_pin,approved,APPROVE,74.51,1.0646893034492013,0,0,0,0,0,0,0,2,45,12,15,18,terminal_customer_network_burst,0.18,0.011077856035018877,0.18
X000133551,2026-01-30 10:46:01,C001100,A0001100,M00342,T00563,Midwest,Midwest,37.63,USD,card_present,chip_pin,approved,APPROVE,33.78,1.1139727649496745,0,0,0,0,0,0,0,4,97,11,47,18,terminal_customer_network_burst,0.18,0.0051636578608006715,0.18
X000109419,2026-01-30 10:46:19,C000915,A0000915,M00354,T00770,Northeast,Northeast,72.34,USD,ecommerce,magstripe,approved,APPROVE,81.31,0.8896814659943426,0,0,0,1,1,0,0,2,44,8,30,18,terminal_customer_network_burst,0.18,0.00902916582488737,0.18
X000175880,2026-01-30 10:46:28,C001449,A0001449,M00071,T00437,West,West,251.91,USD,card_present,chip_pin,approved,APPROVE,171.74,1.4668102946314194,0,0,0,0,0,0,0,1,75,11,17,18,terminal_customer_network_burst,0.18,0.01043673955485965,0.18
X000187142,2026-01-30 10:47:44,C001539,A0001539,M00130,T00939,South,South,53.91,USD,card_present,chip_pin,approved,APPROVE,50.48,1.067947702060222,0,0,0,0,0,0,0,2,174,13,9,18,terminal_customer_network_burst,0.18,0.020975041283470712,0.18
X000113073,2026-01-30 10:48:07,C000944,A0000944,M00533,T00261,Northeast,Northeast,147.71,USD,card_present,3ds,approved,APPROVE,227.5,0.6492747252747253,0,0,0,0,0,0,0,7,175,13,63,43,customer_velocity;terminal_customer_network_burst,0.43,0.0056084878135492676,0.43
X000048011,2026-01-30 10:48:08,C000404,A0000404,M00760,T00148,Midwest,Midwest,98.5,USD,ecommerce,wallet_biometric,approved,APPROVE,227.96,0.4320933497104755,0,0,0,1,0,0,0,10,123,11,64,63,customer_velocity;high_customer_velocity;terminal_customer_network_burst,0.63,0.0051515265313266745,0.63
X000134491,2026-01-30 10:48:11,C001104,A0001104,M00258,T00527,West,West,207.13,USD,card_present,wallet_biometric,approved,APPROVE,231.6,0.8943436960276339,0,0,0,0,0,0,0,3,101,7,51,0,,0.0,0.002319090514446311,0.002319090514446311
X000169559,2026-01-30 10:48:18,C001400,A0001400,M00378,T01196,South,South,537.77,USD,ecommerce,chip_pin,approved,APPROVE,210.06,2.5600780729315433,0,0,0,1,0,0,0,10,108,9,44,63,customer_velocity;high_customer_velocity;terminal_customer_network_burst,0.63,0.017636025116215592,0.63
X000061417,2026-01-30 10:48:33,C000524,A0000524,M00511,T00501,Midwest,Midwest,16.59,USD,card_present,3ds,approved,APPROVE,48.13,0.34469146062746725,0,0,0,0,0,0,0,4,106,13,18,18,terminal_customer_network_burst,0.18,0.012481386080279816,0.18
X000138502,2026-01-30 10:48:52,C001140,A0001140,M00205,T00154,South,South,13.99,USD,card_present,3ds,approved,APPROVE,44.53,0.31417022232203007,0,0,0,0,0,0,0,2,92,9,9,18,terminal_customer_network_burst,0.18,0.007855100133595569,0.18
X000112514,2026-01-30 10:49:17,C000941,A0000941,M00052,T00717,South,South,55.64,USD,ecommerce,chip_pin,approved,APPROVE,52.11,1.0677413164459797,0,0,0,1,0,0,0,2,108,13,0,33,new_customer_terminal_pair;terminal_customer_network_burst,0.33,0.024914574294542323,0.33
X000161945,2026-01-30 10:49:53,C001336,A0001336,M00377,T00663,Midwest,Midwest,40.71,USD,card_present,chip_pin,approved,APPROVE,75.96,0.5359399684044235,0,0,0,0,0,0,0,2,85,11,15,18,terminal_customer_network_burst,0.18,0.008806715368483277,0.18
X000084324,2026-01-30 10:50:25,C000706,A0000706,M00023,T00839,Midwest,Midwest,37.05,USD,ecommerce,chip_pin,approved,APPROVE,26.91,1.3768115942028984,0,0,0,1,0,0,0,2,94,9,5,18,terminal_customer_network_burst,0.18,0.01455215631079379,0.18
X000177317,2026-01-30 10:51:22,C001460,A0001460,M00091,T00954,Midwest,Midwest,95.45,USD,card_present,magstripe,approved,APPROVE,140.53,0.679214402618658,0,0,0,0,1,0,0,1,221,11,49,18,terminal_customer_network_burst,0.18,0.008490517251792253,0.18
X000153925,2026-01-30 10:52:09,C001266,A0001266,M00754,T00696,West,West,87.27,USD,card_present,3ds,approved,APPROVE,64.09,1.361678889062256,0,0,0,0,0,0,0,0,95,13,16,18,terminal_customer_network_burst,0.18,0.012238671793189786,0.18
X000119912,2026-01-30 10:52:51,C000996,A0000996,M00476,T00028,Midwest,Midwest,66.46,USD,mobile_wallet,3ds,approved,APPROVE,35.55,1.8694796061884669,0,0,0,0,0,1,0,0,151,11,18,18,terminal_customer_network_burst,0.18,0.019259013177911715,0.18
X000116683,2026-01-30 10:53:44,C000968,A0000968,M00549,T00456,South,South,14.82,USD,mobile_wallet,3ds,approved,APPROVE,34.2,0.4333333333333333,0,0,0,0,0,1,0,0,245,20,10,18,terminal_customer_network_burst,0.18,0.050035566797837584,0.18
X000056254,2026-01-30 10:53:53,C000475,A0000475,M00297,T00721,Northeast,Northeast,354.64,USD,card_present,chip_pin,approved,APPROVE,177.62,1.9966220020267986,0,0,0,0,0,0,0,1,173,16,31,18,terminal_customer_network_burst,0.18,0.01902087066595123,0.18
X000053345,2026-01-30 10:54:05,C000450,A0000450,M00154,T01001,South,South,166.94,USD,card_present,3ds,approved,APPROVE,92.33,1.8080797140691,0,0,0,0,0,0,0,0,206,13,8,18,terminal_customer_network_burst,0.18,0.02504510979204585,0.18
X000059285,2026-01-30 10:54:51,C000504,A0000504,M00797,T00303,South,South,127.17,USD,ecommerce,wallet_biometric,approved,APPROVE,99.25,1.281309823677582,0,0,0,1,0,0,0,1,156,18,14,18,terminal_customer_network_burst,0.18,0.031235696914815165,0.18
X000069859,2026-01-30 10:55:49,C000594,A0000594,M00655,T00487,Midwest,Midwest,52.27,USD,ecommerce,chip_pin,approved,APPROVE,27.81,1.8795397339086661,0,0,0,1,0,0,0,1,107,12,17,18,terminal_customer_network_burst,0.18,0.015862386909142583,0.18
X000197850,2026-01-30 10:56:00,C001623,A0001623,M00192,T00798,South,South,271.02,USD,ecommerce,3ds,approved,APPROVE,107.7,2.5164345403899717,0,0,0,1,0,0,0,4,164,12,49,18,terminal_customer_network_burst,0.18,0.012043448556232093,0.18
X000138912,2026-01-30 10:56:11,C001144,A0001144,M00410,T00952,South,South,100.45,USD,card_present,magstripe,approved,APPROVE,55.97,1.7947114525638737,0,0,0,0,1,0,0,2,116,13,21,18,terminal_customer_network_burst,0.18,0.03526294445115357,0.18
X000134135,2026-01-30 10:56:41,C001103,A0001103,M00494,T01189,South,West,561.36,USD,card_present,3ds,approved,APPROVE,279.87,2.0057884017579592,0,0,0,0,0,0,1,6,47,8,0,70,customer_velocity;new_customer_terminal_pair;terminal_customer_network_burst;home_region_mismatch,0.7,0.22579773612990503,0.7
X000179427,2026-01-30 10:56:48,C001476,A0001476,M00450,T00640,Northeast,Northeast,237.36,USD,card_present,chip_pin,approved,APPROVE,246.77,0.9618673258499818,0,0,0,0,0,0,0,5,230,9,52,43,customer_velocity;terminal_customer_network_burst,0.43,0.005156978344857297,0.43
X000049536,2026-01-30 10:57:45,C000414,A0000414,M00153,T00753,South,South,48.51,USD,card_present,wallet_biometric,approved,APPROVE,22.81,2.1266988163086364,0,0,0,0,0,0,0,0,241,17,21,18,terminal_customer_network_burst,0.18,0.03266769153745255,0.18
X000082387,2026-01-30 10:57:54,C000690,A0000690,M00480,T00014,West,West,57.23,USD,mobile_wallet,wallet_biometric,approved,APPROVE,27.75,2.062342342342342,0,0,0,0,0,1,0,2,38,6,15,0,,0.0,0.012075626607359469,0.012075626607359469
X000148287,2026-01-30 10:58:14,C001224,A0001224,M00276,T00213,Northeast,Northeast,160.52,USD,ecommerce,chip_pin,approved,APPROVE,153.7,1.0443721535458688,0,0,0,1,0,0,0,4,86,8,32,18,terminal_customer_network_burst,0.18,0.0058649972957770125,0.18
X000206745,2026-01-30 10:58:14,C001687,A0001687,M00172,T00722,Northeast,Northeast,577.6,USD,card_present,chip_pin,approved,APPROVE,226.33,2.5520258030309724,0,0,0,0,0,0,0,8,243,12,41,43,customer_velocity;terminal_customer_network_burst,0.43,0.029020178201080295,0.43
X000106447,2026-01-30 10:58:54,C000893,A0000893,M00068,T00683,Northeast,Northeast,106.63,USD,ecommerce,3ds,approved,APPROVE,92.25,1.1558807588075881,0,0,0,1,0,0,0,2,104,11,24,18,terminal_customer_network_burst,0.18,0.009379257387774934,0.18
X000112106,2026-01-30 10:58:57,C000936,A0000936,M00712,T00064,South,South,15.35,USD,ecommerce,chip_pin,approved,APPROVE,32.3,0.4752321981424149,0,0,0,1,0,0,0,0,199,16,9,18,terminal_customer_network_burst,0.18,0.020915887303871197,0.18
X000166903,2026-01-30 10:58:59,C001378,A0001378,M00406,T00057,South,South,52.67,USD,card_present,3ds,approved,APPROVE,56.77,0.9277787563854148,0,0,0,0,0,0,0,0,160,16,6,18,terminal_customer_network_burst,0.18,0.023701305424043667,0.18
X000184479,2026-01-30 10:59:02,C001520,A0001520,M00595,T00231,West,West,179.16,USD,card_present,wallet_biometric,approved,APPROVE,198.06,0.9045743714026052,0,0,0,0,0,0,0,3,45,7,24,0,,0.0,0.004837344222933671,0.004837344222933671
X000004374,2026-01-30 11:00:02,C000039,A0000039,M00533,T00376,Northeast,Northeast,36.48,USD,ecommerce,chip_pin,approved,APPROVE,36.66,0.9950900163666121,0,0,0,1,0,0,0,0,51,7,11,0,,0.0,0.005757955121310066,0.005757955121310066
X000111905,2026-01-30 11:00:48,C000934,A0000934,M00227,T00238,Midwest,Midwest,83.0,USD,card_present,3ds,approved,APPROVE,114.46,0.7251441551633759,0,0,0,0,0,0,0,3,51,10,33,18,terminal_customer_network_burst,0.18,0.0048679292599519185,0.18
X000013091,2026-01-30 11:01:21,C000114,A0000114,M00592,T00596,South,South,31.45,USD,mobile_wallet,3ds,approved,APPROVE,34.85,0.9024390243902438,0,0,0,0,0,1,0,0,152,13,31,18,terminal_customer_network_burst,0.18,0.010903038799148836,0.18
X000240284,2026-01-30 11:01:22,C001960,A0001960,M00406,T00668,South,South,36.76,USD,card_present,chip_pin,approved,APPROVE,31.09,1.1823737536185268,0,0,0,0,0,0,0,2,154,15,19,18,terminal_customer_network_burst,0.18,0.019163052937165262,0.18
X000066961,2026-01-30 11:01:26,C000568,A0000568,M00679,T00775,Northeast,Northeast,20.57,USD,card_present,chip_pin,approved,APPROVE,31.92,0.6444235588972431,0,0,0,0,0,0,0,2,97,13,17,18,terminal_customer_network_burst,0.18,0.011259377449977123,0.18
X000157207,2026-01-30 11:01:26,C001293,A0001293,M00475,T00965,South,Midwest,100.32,USD,card_present,chip_pin,approved,APPROVE,103.07,0.9733191035218783,0,0,0,0,0,0,1,5,109,13,0,70,customer_velocity;new_customer_terminal_pair;terminal_customer_network_burst;home_region_mismatch,0.7,0.2655664074460146,0.7
X000041616,2026-01-30 11:01:40,C000352,A0000352,M00005,T01091,South,South,32.13,USD,card_present,chip_pin,approved,APPROVE,46.87,0.6855131213996161,0,0,0,0,0,0,0,1,152,15,22,18,terminal_customer_network_burst,0.18,0.012627436786974986,0.18
X000035525,2026-01-30 11:01:47,C000301,A0000301,M00172,T00722,Northeast,Northeast,95.62,USD,card_present,3ds,approved,APPROVE,69.87,1.3685415772148275,0,0,0,0,0,0,0,1,244,12,11,18,terminal_customer_network_burst,0.18,0.021006217973057316,0.18
X000111392,2026-01-30 11:01:47,C000930,A0000930,M00040,T00635,Northeast,Northeast,280.0,USD,card_present,chip_pin,approved,APPROVE,107.43,2.6063483198361723,0,0,0,0,0,0,0,2,96,7,16,0,,0.0,0.012649630490081984,0.012649630490081984
X000193312,2026-01-30 11:01:53,C001587,A0001587,M00604,T01180,Northeast,Northeast,26.79,USD,card_present,chip_pin,approved,APPROVE,27.78,0.9643628509719222,0,0,0,0,0,0,0,5,139,13,10,43,customer_velocity;terminal_customer_network_burst,0.43,0.02522469180892304,0.43
X000221314,2026-01-30 11:01:55,C001804,A0001804,M00645,T00155,South,South,312.67,USD,card_present,chip_pin,approved,APPROVE,206.37,1.5150942481949896,0,0,0,0,0,0,0,2,191,10,51,18,terminal_customer_network_burst,0.18,0.004775628308771341,0.18
X000117519,2026-01-30 11:02:07,C000974,A0000974,M00297,T00721,Northeast,Northeast,93.91,USD,card_present,magstripe,approved,APPROVE,34.46,2.725188624492165,0,0,0,0,1,0,0,1,174,16,13,18,terminal_customer_network_burst,0.18,0.09278546338029446,0.18
X000154368,2026-01-30 11:02:33,C001271,A0001271,M00376,T00266,South,South,31.47,USD,ecommerce,3ds,approved,APPROVE,37.52,0.8387526652452024,0,0,0,1,0,0,0,0,85,9,22,18,terminal_customer_network_burst,0.18,0.005233942492516519,0.18
X000070576,2026-01-30 11:03:09,C000599,A0000599,M00517,T00531,Midwest,Midwest,100.92,USD,card_present,chip_pin,approved,APPROVE,81.27,1.2417866371354744,0,0,0,0,0,0,0,2,112,10,7,18,terminal_customer_network_burst,0.18,0.014427763590090955,0.18
X000163070,2026-01-30 11:04:06,C001345,A0001345,M00668,T00166,Midwest,Midwest,319.5,USD,card_present,3ds,approved,APPROVE,169.46,1.885400684527322,0,0,0,0,0,0,0,4,77,12,54,18,terminal_customer_network_burst,0.18,0.006023311119321455,0.18
X000109981,2026-01-30 11:04:19,C000919,A0000919,M00009,T00774,South,South,22.08,USD,ecommerce,chip_pin,approved,APPROVE,27.13,0.8138591964614817,0,0,0,1,0,0,0,1,142,14,21,18,terminal_customer_network_burst,0.18,0.012554240010855481,0.18
X000035619,2026-01-30 11:05:02,C000302,A0000302,M00461,T00258,West,West,32.49,USD,ecommerce,magstripe,approved,APPROVE,37.04,0.877159827213823,0,0,0,1,1,0,0,3,43,8,17,18,terminal_customer_network_burst,0.18,0.015290470320305442,0.18
X000111553,2026-01-30 11:05:23,C000931,A0000931,M00676,T00051,Midwest,Midwest,56.12,USD,card_present,3ds,approved,APPROVE,116.51,0.481675392670157,0,0,0,0,0,0,0,3,212,16,41,18,terminal_customer_network_burst,0.18,0.010451413026254831,0.18
X000170631,2026-01-30 11:06:00,C001406,A0001406,M00716,T00866,West,West,44.12,USD,card_present,chip_pin,approved,APPROVE,34.62,1.2744078567302137,0,0,0,0,0,0,0,2,70,9,11,18,terminal_customer_network_burst,0.18,0.010269962269021615,0.18
X000126926,2026-01-30 11:06:02,C001045,A0001045,M00394,T00922,South,South,45.74,USD,card_present,chip_pin,approved,APPROVE,24.63,1.8570848558668291,0,0,0,0,0,0,0,1,220,15,30,18,terminal_customer_network_burst,0.18,0.018612705601629784,0.18
X000105841,2026-01-30 11:06:12,C000889,A0000889,M00685,T00672,Northeast,Northeast,87.39,USD,ecommerce,3ds,approved,APPROVE,134.65,0.6490159673226884,0,0,0,1,0,0,0,1,162,9,32,18,terminal_customer_network_burst,0.18,0.004804936620896533,0.18
X000212670,2026-01-30 11:06:39,C001735,A0001735,M00390,T00066,Northeast,Northeast,91.25,USD,card_present,chip_pin,approved,APPROVE,63.23,1.4431440771785546,0,0,0,0,0,0,0,5,57,8,12,43,customer_velocity;terminal_customer_network_burst,0.43,0.012993073139019956,0.43
X000020308,2026-01-30 11:07:01,C000176,A0000176,M00797,T00997,South,South,49.23,USD,card_present,chip_pin,soft_decline,CHALLENGE,43.89,1.121667805878332,0,0,1,0,0,0,0,0,131,12,14,26,terminal_customer_network_burst;authentication_soft_decline,0.26,0.05260314345901232,0.26
X000160869,2026-01-30 11:07:13,C001328,A0001328,M00528,T00475,Midwest,Midwest,19.48,USD,mobile_wallet,chip_pin,approved,APPROVE,36.79,0.5294917097037238,0,0,0,0,0,1,0,4,121,8,22,18,terminal_customer_network_burst,0.18,0.01025007950188432,0.18
X000104483,2026-01-30 11:07:18,C000879,A0000879,M00278,T01124,Northeast,Northeast,49.01,USD,card_present,chip_pin,approved,APPROVE,22.68,2.1609347442680775,0,0,0,0,0,0,0,2,155,14,22,18,terminal_customer_network_burst,0.18,0.022987764820946676,0.18
X000236053,2026-01-30 11:07:27,C001925,A0001925,M00563,T00173,Midwest,Midwest,92.23,USD,ecommerce,wallet_biometric,approved,APPROVE,57.51,1.6037210919840028,0,0,0,1,0,0,0,1,54,8,11,18,terminal_customer_network_burst,0.18,0.009396189595728476,0.18
X000089116,2026-01-30 11:07:30,C000746,A0000746,M00147,T00410,South,South,38.43,USD,ecommerce,chip_pin,approved,APPROVE,57.74,0.6655697956356079,0,0,0,1,0,0,0,4,87,9,23,18,terminal_customer_network_burst,0.18,0.00758923227840917,0.18
X000220302,2026-01-30 11:07:44,C001798,A0001798,M00105,T00482,West,West,78.9,USD,card_present,wallet_biometric,approved,APPROVE,56.99,1.3844534128794526,0,0,0,0,0,0,0,1,77,6,25,0,,0.0,0.004340733145732948,0.004340733145732948
X000023342,2026-01-30 11:08:16,C000199,A0000199,M00547,T00162,Northeast,Northeast,35.02,USD,card_present,wallet_biometric,approved,APPROVE,54.35,0.6443422263109476,0,0,0,0,0,0,0,1,80,9,20,18,terminal_customer_network_burst,0.18,0.005429071153165857,0.18
X000147186,2026-01-30 11:09:51,C001214,A0001214,M00073,T00757,South,South,38.66,USD,ecommerce,chip_pin,approved,APPROVE,24.85,1.5557344064386316,0,0,0,1,0,0,0,0,197,17,22,18,terminal_customer_network_burst,0.18,0.023808042122149188,0.18
X000001163,2026-01-30 11:10:01,C000012,A0000012,M00459,T00204,Northeast,Northeast,175.6,USD,ecommerce,3ds,approved,APPROVE,90.27,1.945275285255345,0,0,0,1,0,0,0,2,235,12,17,18,terminal_customer_network_burst,0.18,0.025271052308799054,0.18
X000158307,2026-01-30 11:10:34,C001302,A0001302,M00398,T00726,South,South,22.97,USD,ecommerce,magstripe,approved,APPROVE,24.26,0.946826051112943,0,0,0,1,1,0,0,1,119,9,10,18,terminal_customer_network_burst,0.18,0.02125103992958939,0.18
X000220711,2026-01-30 11:10:36,C001800,A0001800,M00168,T00981,Northeast,Northeast,117.54,USD,ecommerce,chip_pin,approved,APPROVE,186.73,0.6294650029454293,0,0,0,1,0,0,0,5,195,13,66,43,customer_velocity;terminal_customer_network_burst,0.43,0.004434091704545254,0.43
X000198873,2026-01-30 11:12:43,C001628,A0001628,M00679,T00775,Northeast,Northeast,34.48,USD,card_present,3ds,approved,APPROVE,36.56,0.9431072210065644,0,0,0,0,0,0,0,1,98,13,11,18,terminal_customer_network_burst,0.18,0.013741597171377259,0.18
X000051487,2026-01-30 11:12:48,C000435,A0000435,M00123,T00812,Midwest,Midwest,55.53,USD,mobile_wallet,chip_pin,approved,APPROVE,56.36,0.9852732434350604,0,0,0,0,0,1,0,0,266,19,15,18,terminal_customer_network_burst,0.18,0.04994825461547939,0.18
X000221136,2026-01-30 11:13:08,C001803,A0001803,M00434,T00133,South,South,23.46,USD,ecommerce,3ds,approved,APPROVE,35.8,0.6553072625698325,0,0,0,1,0,0,0,3,188,13,10,18,terminal_customer_network_burst,0.18,0.02111831833822508,0.18
X000148288,2026-01-30 11:14:06,C001224,A0001224,M00276,T00213,Northeast,Northeast,214.59,USD,card_present,3ds,approved,APPROVE,153.7,1.3961613532856214,0,0,0,0,0,0,0,5,87,8,33,43,customer_velocity;terminal_customer_network_burst,0.43,0.006998881749905758,0.43
X000134492,2026-01-30 11:15:33,C001104,A0001104,M00482,T00610,West,West,132.16,USD,card_present,wallet_biometric,approved,APPROVE,231.6,0.5706390328151986,0,0,0,0,0,0,0,4,144,10,54,18,terminal_customer_network_burst,0.18,0.0033076448085737307,0.18
X000140747,2026-01-30 11:16:09,C001159,A0001159,M00700,T00884,Northeast,Northeast,40.7,USD,mobile_wallet,3ds,approved,APPROVE,63.67,0.6392335479817811,0,0,0,0,0,1,0,2,148,10,18,18,terminal_customer_network_burst,0.18,0.01307802898198304,0.18
X000129623,2026-01-30 11:16:11,C001066,A0001066,M00409,T00971,Northeast,Northeast,51.81,USD,card_present,wallet_biometric,approved,APPROVE,57.96,0.8938923395445135,0,0,0,0,0,0,0,4,90,9,23,18,terminal_customer_network_burst,0.18,0.00795244503103587,0.18
X000121000,2026-01-30 11:16:13,C001005,A0001005,M00478,T00667,Midwest,Midwest,60.76,USD,card_present,chip_pin,approved,APPROVE,40.22,1.5106911984087519,0,0,0,0,0,0,0,4,173,14,14,18,terminal_customer_network_burst,0.18,0.030103734160730353,0.18
X000107077,2026-01-30 11:16:24,C000897,A0000897,M00789,T00886,Midwest,Midwest,54.02,USD,card_present,chip_pin,approved,APPROVE,33.2,1.6271084337349397,0,0,0,0,0,0,0,2,35,8,21,18,terminal_customer_network_burst,0.18,0.006973539942262496,0.18
X000118195,2026-01-30 11:16:46,C000978,A0000978,M00412,T00928,Northeast,Northeast,142.68,USD,ecommerce,chip_pin,approved,APPROVE,240.92,0.5922297858210195,0,0,0,1,0,0,0,6,192,14,48,43,customer_velocity;terminal_customer_network_burst,0.43,0.00980921019489542,0.43
X000134136,2026-01-30 11:17:24,C001103,A0001103,M00398,T00726,South,South,231.15,USD,card_present,chip_pin,approved,APPROVE,279.87,0.8259191767606389,0,0,0,0,0,0,0,7,120,9,49,43,customer_velocity;terminal_customer_network_burst,0.43,0.005126666610991153,0.43
X000153023,2026-01-30 11:18:01,C001258,A0001258,M00094,T00737,South,South,56.95,USD,ecommerce,chip_pin,approved,APPROVE,82.17,0.6930753316295485,0,0,0,1,0,0,0,4,332,18,28,18,terminal_customer_network_burst,0.18,0.03483364092728305,0.18
X000045992,2026-01-30 11:18:03,C000385,A0000385,M00706,T00053,Northeast,Northeast,18.33,USD,card_present,3ds,approved,APPROVE,56.78,0.32282493835857695,0,0,0,0,0,0,0,1,145,14,10,18,terminal_customer_network_burst,0.18,0.014006640726822481,0.18
X000144670,2026-01-30 11:18:13,C001191,A0001191,M00255,T01045,West,West,8.79,USD,card_present,magstripe,soft_decline,CHALLENGE,15.18,0.5790513833992095,0,0,1,0,1,0,0,1,58,11,11,26,terminal_customer_network_burst;authentication_soft_decline,0.26,0.08112085494233977,0.26
X000100947,2026-01-30 11:18:21,C000850,A0000850,M00366,T00195,Northeast,Northeast,213.52,USD,ecommerce,3ds,approved,APPROVE,158.88,1.3439073514602216,0,0,0,1,0,0,0,5,108,10,37,43,customer_velocity;terminal_customer_network_burst,0.43,0.008489630089318516,0.43
X000078868,2026-01-30 11:18:30,C000664,A0000664,M00320,T00150,West,West,35.31,USD,card_present,3ds,approved,APPROVE,35.11,1.005696382796924,0,0,0,0,0,0,0,2,166,10,21,18,terminal_customer_network_burst,0.18,0.009599108289939042,0.18
X000099913,2026-01-30 11:18:38,C000840,A0000840,M00341,T00741,Midwest,Midwest,125.18,USD,card_present,3ds,approved,APPROVE,44.93,2.786111729356777,0,0,0,0,0,0,0,1,61,8,14,18,terminal_customer_network_burst,0.18,0.01327747198277624,0.18
X000116902,2026-01-30 11:18:39,C000970,A0000970,M00192,T00798,South,South,28.49,USD,ecommerce,3ds,approved,APPROVE,32.99,0.8635950287966049,0,0,0,1,0,0,0,2,165,12,16,18,terminal_customer_network_burst,0.18,0.014165976693528698,0.18
X000173908,2026-01-30 11:19:18,C001434,A0001434,M00255,T00742,West,West,51.26,USD,ecommerce,wallet_biometric,approved,APPROVE,80.7,0.6351920693928128,0,0,0,1,0,0,0,0,51,11,20,18,terminal_customer_network_burst,0.18,0.0059681184802921,0.18
X000156868,2026-01-30 11:19:36,C001290,A0001290,M00003,T00787,South,South,118.01,USD,card_present,chip_pin,approved,APPROVE,83.05,1.4209512341962673,0,0,0,0,0,0,0,2,179,15,8,18,terminal_customer_network_burst,0.18,0.031809727027858,0.18
X000229275,2026-01-30 11:19:55,C001867,A0001867,M00625,T00763,West,Northeast,21.68,USD,mobile_wallet,chip_pin,approved,APPROVE,55.1,0.3934664246823956,0,0,0,0,0,1,1,1,59,8,0,45,new_customer_terminal_pair;terminal_customer_network_burst;home_region_mismatch,0.45,0.11520556988028063,0.45
X000120081,2026-01-30 11:20:10,C000997,A0000997,M00501,T01003,Northeast,Northeast,35.74,USD,card_present,chip_pin,approved,APPROVE,51.04,0.7002351097178684,0,0,0,0,0,0,0,7,120,11,37,43,customer_velocity;terminal_customer_network_burst,0.43,0.009091008400088375,0.43
X000198656,2026-01-30 11:21:16,C001627,A0001627,M00779,T00146,South,South,177.76,USD,card_present,magstripe,approved,APPROVE,272.19,0.653073220911863,0,0,0,0,1,0,0,8,280,16,43,43,customer_velocity;terminal_customer_network_burst,0.43,0.0473062710226463,0.43
X000015794,2026-01-30 11:21:25,C000134,A0000134,M00682,T00951,Northeast,Northeast,19.67,USD,mobile_wallet,wallet_biometric,approved,APPROVE,29.05,0.6771084337349398,0,0,0,0,0,1,0,2,101,10,29,18,terminal_customer_network_burst,0.18,0.008266329530012865,0.18
X000058943,2026-01-30 11:21:36,C000500,A0000500,M00180,T00539,West,West,48.39,USD,ecommerce,wallet_biometric,approved,APPROVE,28.95,1.6715025906735752,0,0,0,1,0,0,0,0,86,8,8,18,terminal_customer_network_burst,0.18,0.010270544021883732,0.18
X000189141,2026-01-30 11:21:39,C001554,A0001554,M00222,T00844,South,South,41.77,USD,ecommerce,chip_pin,approved,APPROVE,54.64,0.7644582723279649,0,0,0,1,0,0,0,3,132,12,18,18,terminal_customer_network_burst,0.18,0.013185373483299873,0.18
X000155414,2026-01-30 11:21:45,C001280,A0001280,M00012,T01105,West,West,211.32,USD,card_present,3ds,approved,APPROVE,118.5,1.7832911392405062,0,0,0,0,0,0,0,11,137,13,43,63,customer_velocity;high_customer_velocity;terminal_customer_network_burst,0.63,0.024361089289168497,0.63
X000160387,2026-01-30 11:22:08,C001324,A0001324,M00003,T00787,South,South,41.13,USD,card_present,magstripe,soft_decline,CHALLENGE,44.34,0.9276048714479026,0,0,1,0,1,0,0,2,180,15,26,26,terminal_customer_network_burst;authentication_soft_decline,0.26,0.1342537734192427,0.26
X000137527,2026-01-30 11:22:33,C001130,A0001130,M00720,T00705,Northeast,Northeast,76.37,USD,card_present,chip_pin,approved,APPROVE,59.28,1.288292847503374,0,0,0,0,0,0,0,4,182,15,11,18,terminal_customer_network_burst,0.18,0.03476858429750069,0.18
X000194687,2026-01-30 11:22:37,C001601,A0001601,M00253,T00291,South,South,244.08,USD,card_present,3ds,approved,APPROVE,129.9,1.8789838337182447,0,0,0,0,0,0,0,1,157,11,24,18,terminal_customer_network_burst,0.18,0.012134528837559631,0.18
X000112033,2026-01-30 11:22:51,C000935,A0000935,M00169,T01098,Midwest,Midwest,42.27,USD,mobile_wallet,wallet_biometric,approved,APPROVE,37.9,1.1153034300791558,0,0,0,0,0,1,0,0,58,10,11,18,terminal_customer_network_burst,0.18,0.012494962654513239,0.18
X000005312,2026-01-30 11:23:15,C000049,A0000049,M00750,T01142,South,South,54.29,USD,card_present,chip_pin,approved,APPROVE,99.71,0.5444789890682981,0,0,0,0,0,0,0,1,210,14,21,18,terminal_customer_network_burst,0.18,0.01269841895266679,0.18
X000075252,2026-01-30 11:23:20,C000632,A0000632,M00399,T01051,Midwest,West,160.82,USD,ecommerce,chip_pin,approved,APPROVE,125.48,1.2816385081287853,0,0,0,1,0,0,1,2,58,8,0,45,new_customer_terminal_pair;terminal_customer_network_burst;home_region_mismatch,0.45,0.12810617561179563,0.45
X000109208,2026-01-30 11:23:29,C000914,A0000914,M00326,T01151,Northeast,Northeast,135.75,USD,mobile_wallet,magstripe,approved,APPROVE,132.97,1.0209069714973302,0,0,0,0,1,1,0,5,126,11,33,43,customer_velocity;terminal_customer_network_burst,0.43,0.03041032690485337,0.43
X000236305,2026-01-30 11:23:42,C001928,A0001928,M00225,T00294,Midwest,Midwest,58.37,USD,mobile_wallet,wallet_biometric,approved,APPROVE,35.46,1.6460800902425268,0,0,0,0,0,1,0,1,142,10,17,18,terminal_customer_network_burst,0.18,0.0177535385409314,0.18
X000072660,2026-01-30 11:24:41,C000614,A0000614,M00067,T00948,South,South,402.21,USD,mobile_wallet,3ds,approved,APPROVE,325.59,1.235326637796001,0,0,0,0,0,1,0,2,205,17,26,18,terminal_customer_network_burst,0.18,0.0335541966465045,0.18
X000160953,2026-01-30 11:25:28,C001329,A0001329,M00675,T00836,Midwest,Midwest,20.82,USD,mobile_wallet,chip_pin,approved,APPROVE,43.4,0.4797235023041475,0,0,0,0,0,1,0,0,69,10,7,18,terminal_customer_network_burst,0.18,0.011305946997626827,0.18
X000102094,2026-01-30 11:25:48,C000859,A0000859,M00587,T00725,South,South,167.37,USD,card_present,3ds,approved,APPROVE,276.18,0.6060178144688246,0,0,0,0,0,0,0,5,96,10,45,43,customer_velocity;terminal_customer_network_burst,0.43,0.004465268517917319,0.43
X000244752,2026-01-30 11:25:53,C001995,A0001995,M00082,T00557,Northeast,Northeast,451.68,USD,card_present,3ds,approved,APPROVE,400.21,1.1286074810724371,0,0,0,0,0,0,0,5,139,10,44,43,customer_velocity;terminal_customer_network_burst,0.43,0.006369157371952907,0.43
X000076065,2026-01-30 11:26:01,C000639,A0000639,M00488,T00046,Northeast,Northeast,56.78,USD,card_present,chip_pin,approved,APPROVE,45.73,1.241635687732342,0,0,0,0,0,0,0,1,77,14,27,18,terminal_customer_network_burst,0.18,0.009881726563465938,0.18
X000159656,2026-01-30 11:26:29,C001316,A0001316,M00604,T00623,Northeast,Northeast,32.87,USD,ecommerce,chip_pin,approved,APPROVE,78.19,0.42038623864944363,0,0,0,1,0,0,0,5,118,12,10,43,customer_velocity;terminal_customer_network_burst,0.43,0.018058929000092143,0.43
X000075556,2026-01-30 11:26:38,C000635,A0000635,M00450,T00640,Northeast,Northeast,33.56,USD,ecommerce,chip_pin,approved,APPROVE,92.24,0.3638334778837815,0,0,0,1,0,0,0,1,231,9,19,18,terminal_customer_network_burst,0.18,0.007776097604156692,0.18
X000112745,2026-01-30 11:26:53,C000943,A0000943,M00376,T00309,South,South,296.5,USD,ecommerce,chip_pin,approved,APPROVE,211.71,1.4005006848991544,0,0,0,1,0,0,0,4,267,14,24,18,terminal_customer_network_burst,0.18,0.02802592649012711,0.18
X000232480,2026-01-30 11:27:43,C001896,A0001896,M00227,T00504,Midwest,Midwest,58.39,USD,card_present,wallet_biometric,approved,APPROVE,46.29,1.2613955497947722,0,0,0,0,0,0,0,1,183,11,16,18,terminal_customer_network_burst,0.18,0.013066811632605311,0.18
X000237093,2026-01-30 11:27:57,C001934,A0001934,M00437,T00942,Northeast,West,111.72,USD,mobile_wallet,chip_pin,approved,APPROVE,164.43,0.6794380587484036,0,0,0,0,0,1,1,5,69,6,0,52,customer_velocity;new_customer_terminal_pair;home_region_mismatch,0.52,0.15951666442866883,0.52
X000156436,2026-01-30 11:28:25,C001287,A0001287,M00798,T01060,Northeast,Northeast,38.63,USD,ecommerce,chip_pin,approved,APPROVE,23.67,1.6320236586396282,0,0,0,1,0,0,0,0,192,10,13,18,terminal_customer_network_burst,0.18,0.014268344931666458,0.18
X000183121,2026-01-30 11:28:33,C001506,A0001506,M00267,T00878,West,West,91.29,USD,ecommerce,3ds,approved,APPROVE,75.16,1.2146088344864292,0,0,0,1,0,0,0,0,72,10,17,18,terminal_customer_network_burst,0.18,0.007800242534470792,0.18
X000031108,2026-01-30 11:28:44,C000263,A0000263,M00440,T00334,West,West,87.89,USD,card_present,chip_pin,approved,APPROVE,149.88,0.5864024552975714,0,0,0,0,0,0,0,3,50,6,18,0,,0.0,0.00464434325286118,0.00464434325286118
X000052223,2026-01-30 11:29:27,C000441,A0000441,M00023,T00720,Midwest,Midwest,49.22,USD,card_present,chip_pin,approved,APPROVE,94.35,0.5216746157922628,0,0,0,0,0,0,0,1,182,12,32,18,terminal_customer_network_burst,0.18,0.006491475531616521,0.18
X000079859,2026-01-30 11:29:30,C000672,A0000672,M00366,T00709,Northeast,Northeast,28.66,USD,ecommerce,chip_pin,approved,APPROVE,65.95,0.43457164518574676,0,0,0,1,0,0,0,2,75,7,7,0,,0.0,0.007017254192324918,0.007017254192324918
X000190682,2026-01-30 11:29:35,C001566,A0001566,M00502,T00019,South,Northeast,223.21,USD,mobile_wallet,chip_pin,approved,APPROVE,151.95,1.4689700559394538,0,0,0,0,0,1,1,2,5,5,0,27,new_customer_terminal_pair;home_region_mismatch,0.27,0.121590431271441,0.27
X000213257,2026-01-30 11:29:48,C001741,A0001741,M00679,T00587,Northeast,Northeast,71.99,USD,card_present,wallet_biometric,approved,APPROVE,70.95,1.0146582100070471,0,0,0,0,0,0,0,4,202,12,20,18,terminal_customer_network_burst,0.18,0.01740592849426866,0.18
X000243962,2026-01-30 11:30:00,C001989,A0001989,M00048,T00107,Northeast,Northeast,77.24,USD,card_present,3ds,approved,APPROVE,45.7,1.6901531728665207,0,0,0,0,0,0,0,0,156,12,27,18,terminal_customer_network_burst,0.18,0.010192538346237399,0.18
X000192562,2026-01-30 11:30:08,C001581,A0001581,M00409,T01085,Northeast,Northeast,89.77,USD,card_present,3ds,approved,APPROVE,63.73,1.4085987760866154,0,0,0,0,0,0,0,2,111,14,22,18,terminal_customer_network_burst,0.18,0.015209348964475651,0.18
X000200074,2026-01-30 11:30:33,C001639,A0001639,M00302,T00011,Northeast,Northeast,96.11,USD,card_present,chip_pin,approved,APPROVE,99.93,0.9617732412688882,0,0,0,0,0,0,0,2,150,15,27,18,terminal_customer_network_burst,0.18,0.013439030121252145,0.18
X000007866,2026-01-30 11:31:05,C000072,A0000072,M00251,T00069,West,West,150.53,USD,mobile_wallet,chip_pin,approved,APPROVE,127.28,1.1826681332495286,0,0,0,0,0,1,0,5,86,9,25,43,customer_velocity;terminal_customer_network_burst,0.43,0.014004871722071602,0.43
X000242349,2026-01-30 11:31:15,C001979,A0001979,M00042,T00546,Northeast,Northeast,66.28,USD,card_present,3ds,approved,APPROVE,82.21,0.8062279528037952,0,0,0,0,0,0,0,4,155,11,22,18,terminal_customer_network_burst,0.18,0.011845644808571287,0.18
X000147187,2026-01-30 11:32:11,C001214,A0001214,M00073,T00757,South,South,32.47,USD,ecommerce,3ds,approved,APPROVE,24.85,1.306639839034205,0,0,0,1,0,0,0,1,198,17,23,18,terminal_customer_network_burst,0.18,0.0234916368619947,0.18
X000011503,2026-01-30 11:32:15,C000102,A0000102,M00756,T00999,West,West,367.33,USD,card_present,chip_pin,approved,APPROVE,246.43,1.4906058515602807,0,0,0,0,0,0,0,3,132,8,55,18,terminal_customer_network_burst,0.18,0.003167173479596036,0.18
X000177632,2026-01-30 11:32:29,C001461,A0001461,M00297,T00721,Northeast,Northeast,203.16,USD,ecommerce,chip_pin,approved,APPROVE,251.98,0.8062544646400508,0,0,0,1,0,0,0,4,175,16,42,18,terminal_customer_network_burst,0.18,0.012443897583171833,0.18
X000162548,2026-01-30 11:32:50,C001342,A0001342,M00549,T00456,South,South,85.28,USD,ecommerce,chip_pin,approved,APPROVE,177.7,0.4799099606077659,0,0,0,1,0,0,0,2,246,20,36,18,terminal_customer_network_burst,0.18,0.020052783986055193,0.18
X000052224,2026-01-30 11:33:03,C000441,A0000441,M00277,T00518,Midwest,Midwest,204.04,USD,mobile_wallet,wallet_biometric,approved,APPROVE,94.35,2.162586115527292,0,0,0,0,0,1,0,2,129,9,35,18,terminal_customer_network_burst,0.18,0.0118661795884351,0.18
X000235793,2026-01-30 11:34:12,C001922,A0001922,M00781,T00629,Northeast,Northeast,76.29,USD,card_present,wallet_biometric,approved,APPROVE,79.85,0.9554164057608017,0,0,0,0,0,0,0,5,51,5,31,25,customer_velocity,0.25,0.003990608149257599,0.25
X000087609,2026-01-30 11:34:27,C000735,A0000735,M00526,T00055,South,South,92.72,USD,mobile_wallet,3ds,approved,APPROVE,65.82,1.4086903676694016,0,0,0,0,0,1,0,4,100,11,22,18,terminal_customer_network_burst,0.18,0.01967962210789204,0.18
X000145346,2026-01-30 11:34:27,C001196,A0001196,M00376,T00048,South,South,305.2,USD,mobile_wallet,3ds,approved,APPROVE,146.0,2.0904109589041093,0,0,0,0,0,1,0,2,102,8,15,18,terminal_customer_network_burst,0.18,0.01816687339567027,0.18
X000014351,2026-01-30 11:35:00,C000122,A0000122,M00055,T01044,South,South,177.94,USD,card_present,magstripe,approved,APPROVE,63.73,2.792091636591872,0,0,0,0,1,0,0,1,253,17,12,18,terminal_customer_network_burst,0.18,0.13041062835077893,0.18
X000053779,2026-01-30 11:35:59,C000455,A0000455,M00606,T00224,West,West,66.05,USD,ecommerce,wallet_biometric,approved,APPROVE,43.21,1.5285813469104372,0,0,0,1,0,0,0,2,71,10,18,18,terminal_customer_network_burst,0.18,0.010808423652622332,0.18
X000182274,2026-01-30 11:36:18,C001500,A0001500,M00184,T01155,South,South,246.32,USD,ecommerce,chip_pin,approved,APPROVE,130.54,1.8869312088248813,0,0,0,1,0,0,0,10,184,14,48,63,customer_velocity;high_customer_velocity;terminal_customer_network_burst,0.63,0.02572625940454124,0.63
X000019316,2026-01-30 11:36:24,C000167,A0000167,M00387,T00438,Northeast,Northeast,63.39,USD,ecommerce,wallet_biometric,approved,APPROVE,36.23,1.7496549820590672,0,0,0,1,0,0,0,1,50,8,12,18,terminal_customer_network_burst,0.18,0.009553643754249292,0.18
X000100452,2026-01-30 11:37:06,C000845,A0000845,M00478,T00667,Midwest,Midwest,241.58,USD,card_present,chip_pin,approved,APPROVE,175.06,1.3799840054838342,0,0,0,0,0,0,0,1,174,14,34,18,terminal_customer_network_burst,0.18,0.010688362571271181,0.18
X000090289,2026-01-30 11:37:07,C000755,A0000755,M00007,T00210,Northeast,South,31.77,USD,card_present,chip_pin,approved,APPROVE,44.35,0.716347237880496,0,0,0,0,0,0,1,0,155,10,0,45,new_customer_terminal_pair;terminal_customer_network_burst;home_region_mismatch,0.45,0.12450937684613429,0.45
X000239325,2026-01-30 11:37:30,C001952,A0001952,M00304,T00684,Midwest,Midwest,78.14,USD,ecommerce,chip_pin,approved,APPROVE,96.54,0.8094054278019474,0,0,0,1,0,0,0,5,117,13,28,43,customer_velocity;terminal_customer_network_burst,0.43,0.013308197036054924,0.43
X000153579,2026-01-30 11:37:34,C001263,A0001263,M00575,T00637,West,West,60.49,USD,card_present,3ds,approved,APPROVE,46.94,1.2886663826161058,0,0,0,0,0,0,0,0,50,12,17,18,terminal_customer_network_burst,0.18,0.009118237561479418,0.18
X000055723,2026-01-30 11:37:36,C000471,A0000471,M00038,T00874,South,South,131.19,USD,card_present,wallet_biometric,approved,APPROVE,136.92,0.958150744960561,0,0,0,0,0,0,0,2,314,21,66,18,terminal_customer_network_burst,0.18,0.011787925995918755,0.18
X000122113,2026-01-30 11:37:49,C001013,A0001013,M00225,T00294,Midwest,Midwest,18.84,USD,ecommerce,wallet_biometric,approved,APPROVE,27.75,0.6789189189189189,0,0,0,1,0,0,0,5,143,10,29,43,customer_velocity;terminal_customer_network_burst,0.43,0.009179579610618138,0.43
X000201430,2026-01-30 11:37:50,C001649,A0001649,M00277,T00518,Midwest,Midwest,62.34,USD,ecommerce,chip_pin,approved,APPROVE,31.27,1.9936040933802368,0,0,0,1,0,0,0,1,130,9,15,18,terminal_customer_network_burst,0.18,0.013207860337169934,0.18
X000063398,2026-01-30 11:38:11,C000538,A0000538,M00394,T00597,South,South,37.59,USD,card_present,chip_pin,approved,APPROVE,46.77,0.8037203335471457,0,0,0,0,0,0,0,1,145,15,9,18,terminal_customer_network_burst,0.18,0.01972092746186827,0.18
X000232030,2026-01-30 11:38:34,C001893,A0001893,M00750,T01142,South,South,160.76,USD,ecommerce,wallet_biometric,approved,APPROVE,81.93,1.962162821921152,0,0,0,1,0,0,0,1,211,14,18,18,terminal_customer_network_burst,0.18,0.026079285795148493,0.18
X000187848,2026-01-30 11:38:37,C001543,A0001543,M00211,T01068,Midwest,Midwest,371.82,USD,ecommerce,3ds,approved,APPROVE,217.69,1.7080251734117322,0,0,0,1,0,0,0,2,130,8,68,18,terminal_customer_network_burst,0.18,0.0021184281864853366,0.18
X000000376,2026-01-30 11:39:03,C000004,A0000004,M00366,T00195,Northeast,Northeast,47.6,USD,ecommerce,3ds,approved,APPROVE,29.55,1.61082910321489,0,0,0,1,0,0,0,0,109,10,1,18,terminal_customer_network_burst,0.18,0.016823657958363374,0.18
X000121587,2026-01-30 11:39:54,C001009,A0001009,M00693,T00687,South,South,16.21,USD,card_present,3ds,approved,APPROVE,14.28,1.13515406162465,0,0,0,0,0,0,0,1,78,11,19,18,terminal_customer_network_burst,0.18,0.008622324392679109,0.18
X000063239,2026-01-30 11:40:03,C000536,A0000536,M00542,T00201,South,South,33.27,USD,ecommerce,wallet_biometric,soft_decline,CHALLENGE,59.86,0.5557968593384565,0,0,1,1,0,0,0,0,135,13,10,26,terminal_customer_network_burst;authentication_soft_decline,0.26,0.05684726701294801,0.26
X000215056,2026-01-30 11:40:18,C001756,A0001756,M00224,T01197,Northeast,Northeast,45.04,USD,card_present,3ds,approved,APPROVE,74.2,0.6070080862533692,0,0,0,0,0,0,0,2,93,11,7,18,terminal_customer_network_burst,0.18,0.011967448609462989,0.18
X000163474,2026-01-30 11:40:39,C001348,A0001348,M00323,T01185,South,South,44.72,USD,ecommerce,3ds,approved,APPROVE,58.02,0.7707687004481213,0,0,0,1,0,0,0,5,188,14,47,43,customer_velocity;terminal_customer_network_burst,0.43,0.009589550038166611,0.43
X000168161,2026-01-30 11:40:40,C001390,A0001390,M00341,T00572,Midwest,Midwest,80.82,USD,card_present,wallet_biometric,approved,APPROVE,129.37,0.6247197959341423,0,0,0,0,0,0,0,1,151,11,13,18,terminal_customer_network_burst,0.18,0.010254763705855123,0.18
X000072158,2026-01-30 11:41:07,C000610,A0000610,M00524,T00085,West,West,102.02,USD,card_present,wallet_biometric,approved,APPROVE,97.14,1.050236771669755,0,0,0,0,0,0,0,8,107,8,51,43,customer_velocity;terminal_customer_network_burst,0.43,0.0050865702520834916,0.43
X000038989,2026-01-30 11:41:29,C000332,A0000332,M00342,T00375,Midwest,Midwest,46.01,USD,mobile_wallet,3ds,approved,APPROVE,48.16,0.9553571428571429,0,0,0,0,0,1,0,6,203,15,18,43,customer_velocity;terminal_customer_network_burst,0.43,0.048076639478137846,0.43
X000085525,2026-01-30 11:42:09,C000715,A0000715,M00618,T00042,Midwest,Northeast,34.28,USD,ecommerce,wallet_biometric,approved,APPROVE,20.07,1.70802192326856,0,0,0,1,0,0,1,1,120,8,0,45,new_customer_terminal_pair;terminal_customer_network_burst;home_region_mismatch,0.45,0.15426286524251548,0.45
X000004848,2026-01-30 11:42:12,C000044,A0000044,M00345,T00208,South,South,15.82,USD,card_present,3ds,approved,APPROVE,23.35,0.6775160599571735,0,0,0,0,0,0,0,1,170,18,8,18,terminal_customer_network_burst,0.18,0.029204265378767445,0.18
X000183362,2026-01-30 11:42:28,C001508,A0001508,M00184,T00927,South,South,25.14,USD,card_present,3ds,approved,APPROVE,37.12,0.6772629310344829,0,0,0,0,0,0,0,1,258,18,15,18,terminal_customer_network_burst,0.18,0.029187791918553887,0.18
X000101902,2026-01-30 11:43:05,C000858,A0000858,M00768,T00457,South,South,89.8,USD,card_present,chip_pin,approved,APPROVE,117.42,0.7647760177141883,0,0,0,0,0,0,0,1,213,17,11,18,terminal_customer_network_burst,0.18,0.027287485041658777,0.18
X000117358,2026-01-30 11:43:27,C000973,A0000973,M00724,T01129,Northeast,West,411.45,USD,card_present,wallet_biometric,approved,APPROVE,257.81,1.5959427485357434,0,0,0,0,0,0,1,4,108,8,0,45,new_customer_terminal_pair;terminal_customer_network_burst;home_region_mismatch,0.45,0.185699384567968,0.45
X000122114,2026-01-30 11:43:31,C001013,A0001013,M00574,T00190,Midwest,Midwest,33.88,USD,card_present,3ds,approved,APPROVE,27.75,1.220900900900901,0,0,0,0,0,0,0,6,223,17,16,43,customer_velocity;terminal_customer_network_burst,0.43,0.05049708112406854,0.43
X000090460,2026-01-30 11:44:18,C000757,A0000757,M00013,T00686,South,South,32.57,USD,card_present,magstripe,approved,APPROVE,41.63,0.7823684842661541,0,0,0,0,1,0,0,0,229,19,13,18,terminal_customer_network_burst,0.18,0.06338405305688753,0.18
X000101196,2026-01-30 11:44:23,C000851,A0000851,M00524,T00477,West,West,1623.47,USD,ecommerce,chip_pin,approved,APPROVE,554.65,2.927017037771568,0,0,0,1,0,0,0,3,74,12,41,18,terminal_customer_network_burst,0.18,0.013002351844057174,0.18
X000085358,2026-01-30 11:44:27,C000713,A0000713,M00074,T01036,South,South,171.71,USD,card_present,magstripe,approved,APPROVE,87.02,1.9732245460813609,0,0,0,0,1,0,0,2,258,20,6,18,terminal_customer_network_burst,0.18,0.17523169626407165,0.18
X000223194,2026-01-30 11:44:47,C001819,A0001819,M00600,T00407,South,South,30.39,USD,ecommerce,3ds,approved,APPROVE,94.36,0.3220644340822382,0,0,0,1,0,0,0,4,160,12,34,18,terminal_customer_network_burst,0.18,0.007953244912227824,0.18
X000142767,2026-01-30 11:44:53,C001176,A0001176,M00198,T00837,Midwest,Midwest,265.5,USD,card_present,3ds,approved,APPROVE,86.99,3.0520749511438097,0,0,0,0,0,0,0,3,71,6,26,30,amount_vs_profile,0.3,0.010292602514486559,0.3
X000144543,2026-01-30 11:45:16,C001190,A0001190,M00784,T00756,South,South,345.5,USD,card_present,3ds,approved,APPROVE,253.9,1.3607719574635684,0,0,0,0,0,0,0,4,208,18,26,18,terminal_customer_network_burst,0.18,0.03363750664850385,0.18
X000097927,2026-01-30 11:45:42,C000820,A0000820,M00217,T00041,South,South,257.63,USD,ecommerce,wallet_biometric,approved,APPROVE,146.86,1.7542557537791093,0,0,0,1,0,0,0,1,67,12,33,18,terminal_customer_network_burst,0.18,0.008141330766779285,0.18
X000229879,2026-01-30 11:46:03,C001873,A0001873,M00130,T00939,South,South,108.81,USD,ecommerce,chip_pin,approved,APPROVE,203.78,0.5339581902051231,0,0,0,1,0,0,0,1,175,13,25,18,terminal_customer_network_burst,0.18,0.009534328547733527,0.18
X000004758,2026-01-30 11:46:36,C000043,A0000043,M00709,T01049,Northeast,Northeast,51.73,USD,card_present,3ds,approved,APPROVE,66.24,0.7809480676328503,0,0,0,0,0,0,0,1,55,11,20,18,terminal_customer_network_burst,0.18,0.0068179002992305995,0.18
X000189840,2026-01-30 11:46:47,C001560,A0001560,M00292,T00447,South,South,63.18,USD,ecommerce,3ds,approved,APPROVE,24.45,2.5840490797546014,0,0,0,1,0,0,0,3,88,11,9,18,terminal_customer_network_burst,0.18,0.02897947218184489,0.18
X000240000,2026-01-30 11:47:01,C001957,A0001957,M00328,T00351,Midwest,Midwest,50.91,USD,card_present,wallet_biometric,approved,APPROVE,49.97,1.0188112867720631,0,0,0,0,0,0,0,2,100,13,11,18,terminal_customer_network_burst,0.18,0.015994563862746777,0.18
X000143463,2026-01-30 11:47:13,C001182,A0001182,M00603,T01192,Midwest,Midwest,46.29,USD,card_present,3ds,approved,APPROVE,40.93,1.1309552895186905,0,0,0,0,0,0,0,2,100,9,23,18,terminal_customer_network_burst,0.18,0.007106290034154294,0.18
X000214220,2026-01-30 11:47:16,C001749,A0001749,M00191,T00397,Midwest,Midwest,157.57,USD,mobile_wallet,wallet_biometric,approved,APPROVE,63.07,2.4983351831298557,0,0,0,0,0,1,0,2,172,9,24,18,terminal_customer_network_burst,0.18,0.021537455543681933,0.18
X000141495,2026-01-30 11:47:18,C001165,A0001165,M00033,T00919,West,West,90.94,USD,ecommerce,chip_pin,approved,APPROVE,51.53,1.7647972055113526,0,0,0,1,0,0,0,2,16,7,10,0,,0.0,0.009389640766468208,0.009389640766468208
X000195574,2026-01-30 11:47:21,C001606,A0001606,M00125,T00414,West,West,222.95,USD,mobile_wallet,3ds,approved,APPROVE,119.37,1.8677222082600318,0,0,0,0,0,1,0,2,97,9,36,18,terminal_customer_network_burst,0.18,0.00939874864398571,0.18
X000124044,2026-01-30 11:47:34,C001026,A0001026,M00600,T00407,South,South,383.35,USD,ecommerce,chip_pin,approved,APPROVE,125.32,3.058969039259496,0,0,0,1,0,0,0,2,161,12,38,48,amount_vs_profile;terminal_customer_network_burst,0.48,0.016766357739529836,0.48
X000245432,2026-01-30 11:47:58,C001999,A0001999,M00251,T00104,West,West,122.14,USD,card_present,3ds,approved,APPROVE,131.76,0.9269884638737098,0,0,0,0,0,0,0,4,65,5,34,0,,0.0,0.003298882341841883,0.003298882341841883
X000058077,2026-01-30 11:48:43,C000493,A0000493,M00309,T00916,Northeast,Northeast,129.07,USD,ecommerce,wallet_biometric,approved,APPROVE,104.71,1.2326425365294624,0,0,0,1,0,0,0,1,123,14,23,18,terminal_customer_network_burst,0.18,0.013281007493389962,0.18
X000121841,2026-01-30 11:48:44,C001011,A0001011,M00170,T01059,Midwest,Midwest,186.35,USD,mobile_wallet,chip_pin,approved,APPROVE,167.1,1.1152004787552363,0,0,0,0,0,1,0,6,98,7,38,25,customer_velocity,0.25,0.008215222181729171,0.25
X000244091,2026-01-30 11:49:47,C001990,A0001990,M00641,T00525,West,West,63.12,USD,ecommerce,chip_pin,approved,APPROVE,64.22,0.9828713796325133,0,0,0,1,0,0,0,1,53,10,25,18,terminal_customer_network_burst,0.18,0.0058720048909645965,0.18
X000176225,2026-01-30 11:49:49,C001452,A0001452,M00286,T00067,West,West,37.85,USD,card_present,3ds,approved,APPROVE,57.59,0.6572321583608265,0,0,0,0,0,0,0,1,89,11,12,18,terminal_customer_network_burst,0.18,0.009157729832744566,0.18
X000017094,2026-01-30 11:50:05,C000146,A0000146,M00594,T01188,Northeast,Northeast,13.65,USD,card_present,magstripe,approved,APPROVE,39.66,0.34417549167927386,0,0,0,0,1,0,0,0,274,15,4,18,terminal_customer_network_burst,0.18,0.05025721580316547,0.18
X000195885,2026-01-30 11:51:24,C001609,A0001609,M00427,T01200,South,South,23.3,USD,card_present,chip_pin,approved,APPROVE,20.02,1.1638361638361638,0,0,0,0,0,0,0,3,162,14,20,18,terminal_customer_network_burst,0.18,0.01878366899634971,0.18
X000040769,2026-01-30 11:51:26,C000346,A0000346,M00586,T00036,Northeast,Northeast,82.01,USD,card_present,chip_pin,approved,APPROVE,74.92,1.094634276561666,0,0,0,0,0,0,0,1,115,13,17,18,terminal_customer_network_burst,0.18,0.012581986489508454,0.18
X000163071,2026-01-30 11:51:30,C001345,A0001345,M00331,T00956,Midwest,Midwest,231.68,USD,card_present,magstripe,approved,APPROVE,169.46,1.367166292930485,0,0,0,0,1,0,0,4,84,7,37,0,,0.0,0.010309051265626205,0.010309051265626205
X000226820,2026-01-30 11:51:36,C001849,A0001849,M00789,T00268,Midwest,Midwest,68.08,USD,card_present,3ds,approved,APPROVE,44.91,1.515920730349588,0,0,0,0,0,0,0,3,99,12,12,18,terminal_customer_network_burst,0.18,0.018848103397391725,0.18
X000140590,2026-01-30 11:52:26,C001157,A0001157,M00148,T01086,Midwest,Midwest,43.94,USD,ecommerce,chip_pin,soft_decline,CHALLENGE,67.25,0.6533828996282528,0,0,1,1,0,0,0,1,165,12,9,26,terminal_customer_network_burst;authentication_soft_decline,0.26,0.06537795612692145,0.26
X000005183,2026-01-30 11:52:33,C000048,A0000048,M00569,T00983,South,South,85.57,USD,ecommerce,wallet_biometric,approved,APPROVE,46.85,1.8264674493062965,0,0,0,1,0,0,0,1,96,8,10,18,terminal_customer_network_burst,0.18,0.011820244744485994,0.18
X000061190,2026-01-30 11:53:11,C000521,A0000521,M00738,T00002,South,South,45.36,USD,card_present,magstripe,approved,APPROVE,43.88,1.0337283500455787,0,0,0,0,1,0,0,4,115,12,17,18,terminal_customer_network_burst,0.18,0.03307430620955841,0.18
X000208574,2026-01-30 11:53:12,C001702,A0001702,M00092,T00788,West,West,311.38,USD,card_present,chip_pin,approved,APPROVE,260.4,1.1957757296466975,0,0,0,0,0,0,0,7,172,13,37,43,customer_velocity;terminal_customer_network_burst,0.43,0.016036536440867263,0.43
X000019974,2026-01-30 11:53:16,C000173,A0000173,M00735,T00059,Midwest,Midwest,67.4,USD,card_present,wallet_biometric,approved,APPROVE,96.15,0.7009880395215808,0,0,0,0,0,0,0,1,118,7,26,0,,0.0,0.003980580667722395,0.003980580667722395
X000185655,2026-01-30 11:53:21,C001526,A0001526,M00676,T00051,Midwest,Midwest,65.86,USD,card_present,wallet_biometric,approved,APPROVE,46.99,1.4015748031496063,0,0,0,0,0,0,0,2,213,16,9,18,terminal_customer_network_burst,0.18,0.03734956318566864,0.18
X000196579,2026-01-30 11:53:37,C001614,A0001614,M00316,T00389,South,South,27.49,USD,card_present,3ds,approved,APPROVE,45.32,0.6065754633715799,0,0,0,0,0,0,0,2,235,17,10,18,terminal_customer_network_burst,0.18,0.031341549488392906,0.18
X000076989,2026-01-30 11:54:39,C000647,A0000647,M00431,T00547,West,West,51.53,USD,ecommerce,magstripe,approved,APPROVE,58.76,0.8769571136827774,0,0,0,1,1,0,0,1,30,3,6,0,,0.0,0.009268658076655554,0.009268658076655554
X000240476,2026-01-30 11:55:00,C001961,A0001961,M00122,T00225,South,South,45.44,USD,card_present,chip_pin,approved,APPROVE,100.48,0.4522292993630573,0,0,0,0,0,0,0,3,107,10,40,18,terminal_customer_network_burst,0.18,0.004010567862381938,0.18
X000086879,2026-01-30 11:55:02,C000728,A0000728,M00562,T01175,South,West,101.64,USD,card_present,wallet_biometric,approved,APPROVE,159.7,0.6364433312460864,0,0,0,0,0,0,1,3,129,14,0,45,new_customer_terminal_pair;terminal_customer_network_burst;home_region_mismatch,0.45,0.22788023461213883,0.45
X000074560,2026-01-30 11:56:16,C000629,A0000629,M00604,T01134,Northeast,Northeast,183.25,USD,ecommerce,wallet_biometric,approved,APPROVE,118.88,1.541470390309556,0,0,0,1,0,0,0,10,267,17,57,63,customer_velocity;high_customer_velocity;terminal_customer_network_burst,0.63,0.029400512483627846,0.63
X000143969,2026-01-30 11:56:24,C001186,A0001186,M00323,T01185,South,South,273.45,USD,ecommerce,chip_pin,approved,APPROVE,248.53,1.1002695851607451,0,0,0,1,0,0,0,5,189,14,61,43,customer_velocity;terminal_customer_network_burst,0.43,0.006994931532033576,0.43
X000185189,2026-01-30 11:57:08,C001524,A0001524,M00532,T00040,West,West,47.52,USD,card_present,3ds,approved,APPROVE,133.37,0.35630201694534,0,0,0,0,0,0,0,7,106,11,44,43,customer_velocity;terminal_customer_network_burst,0.43,0.006085987478085871,0.43
X000162283,2026-01-30 11:58:26,C001340,A0001340,M00127,T00278,South,South,215.12,USD,mobile_wallet,chip_pin,approved,APPROVE,94.89,2.2670460533249024,0,0,0,0,0,1,0,1,94,13,23,18,terminal_customer_network_burst,0.18,0.02362056524451827,0.18
X000075804,2026-01-30 11:58:29,C000637,A0000637,M00282,T01131,South,South,49.01,USD,ecommerce,wallet_biometric,approved,APPROVE,51.12,0.9587245696400626,0,0,0,1,0,0,0,2,268,19,12,18,terminal_customer_network_burst,0.18,0.048562904268602027,0.18
X000029360,2026-01-30 11:58:35,C000253,A0000253,M00294,T00731,South,South,509.99,USD,ecommerce,wallet_biometric,approved,APPROVE,203.2,2.5097933070866145,0,0,0,1,0,0,0,5,157,15,39,43,customer_velocity;terminal_customer_network_burst,0.43,0.02588651750046144,0.43
X000063723,2026-01-30 11:58:43,C000541,A0000541,M00117,T00472,South,South,57.12,USD,ecommerce,chip_pin,approved,APPROVE,96.59,0.5913655657935604,0,0,0,1,0,0,0,8,82,11,46,43,customer_velocity;terminal_customer_network_burst,0.43,0.007000911475083153,0.43
X000145347,2026-01-30 11:58:47,C001196,A0001196,M00430,T00430,South,South,90.65,USD,mobile_wallet,chip_pin,approved,APPROVE,146.0,0.6208904109589042,0,0,0,0,0,1,0,3,82,11,24,18,terminal_customer_network_burst,0.18,0.01143353768028754,0.18
X000053008,2026-01-30 11:58:55,C000447,A0000447,M00289,T00362,South,South,20.84,USD,mobile_wallet,3ds,approved,APPROVE,31.58,0.6599113362887904,0,0,0,0,0,1,0,2,150,18,22,18,terminal_customer_network_burst,0.18,0.029640847122658052,0.18
X000060646,2026-01-30 11:59:15,C000516,A0000516,M00109,T00641,Northeast,Northeast,62.3,USD,card_present,3ds,approved,APPROVE,46.26,1.3467358408992651,0,0,0,0,0,0,0,1,93,10,12,18,terminal_customer_network_burst,0.18,0.010869519032193966,0.18
X000190869,2026-01-30 11:59:16,C001567,A0001567,M00013,T00686,South,South,147.41,USD,ecommerce,chip_pin,approved,APPROVE,209.18,0.7047040826082799,0,0,0,1,0,0,0,2,230,19,30,18,terminal_customer_network_burst,0.18,0.02270048391985733,0.18
X000145096,2026-01-30 11:59:30,C001194,A0001194,M00567,T01019,Northeast,Northeast,73.71,USD,ecommerce,3ds,approved,APPROVE,102.24,0.7209507042253521,0,0,0,1,0,0,0,6,176,16,35,43,customer_velocity;terminal_customer_network_burst,0.43,0.019028785942144428,0.43
X000212192,2026-01-30 12:00:05,C001731,A0001731,M00495,T00738,Midwest,Midwest,72.43,USD,mobile_wallet,wallet_biometric,approved,APPROVE,41.15,1.7601458080194412,0,0,0,0,0,1,0,0,141,9,12,18,terminal_customer_network_burst,0.18,0.017232289647710296,0.18
X000131668,2026-01-30 12:00:19,C001083,A0001083,M00484,T00479,South,South,14.05,USD,card_present,3ds,approved,APPROVE,34.04,0.41274970622796714,0,0,0,0,0,0,0,1,164,17,25,18,terminal_customer_network_burst,0.18,0.013396102828863067,0.18
X000045806,2026-01-30 12:00:40,C000383,A0000383,M00271,T00227,Northeast,Northeast,22.78,USD,ecommerce,magstripe,approved,APPROVE,34.56,0.6591435185185185,0,0,0,1,1,0,0,2,65,9,19,18,terminal_customer_network_burst,0.18,0.013904978735504815,0.18
X000228565,2026-01-30 12:00:55,C001861,A0001861,M00608,T00219,South,South,48.36,USD,ecommerce,chip_pin,approved,APPROVE,64.65,0.7480278422273782,0,0,0,1,0,0,0,1,275,16,18,18,terminal_customer_network_burst,0.18,0.02381964353808205,0.18
X000116465,2026-01-30 12:01:07,C000966,A0000966,M00154,T00860,South,South,102.39,USD,mobile_wallet,3ds,approved,APPROVE,110.51,0.9265224866527916,0,0,0,0,0,1,0,6,154,16,32,43,customer_velocity;terminal_customer_network_burst,0.43,0.03046231525603508,0.43
X000093501,2026-01-30 12:01:36,C000783,A0000783,M00399,T00567,West,West,132.25,USD,card_present,chip_pin,approved,APPROVE,111.36,1.1875897988505748,0,0,0,0,0,0,0,3,76,7,26,0,,0.0,0.005508601094760018,0.005508601094760018
X000070302,2026-01-30 12:01:44,C000597,A0000597,M00592,T00719,South,South,125.49,USD,ecommerce,chip_pin,approved,APPROVE,149.87,0.8373256822579568,0,0,0,1,0,0,0,5,197,14,51,43,customer_velocity;terminal_customer_network_burst,0.43,0.008861774023442275,0.43
X000173287,2026-01-30 12:03:01,C001429,A0001429,M00561,T00399,Midwest,Midwest,83.85,USD,card_present,3ds,approved,APPROVE,67.28,1.24628418549346,0,0,0,0,0,0,0,3,88,8,30,18,terminal_customer_network_burst,0.18,0.00575395513376529,0.18
X000122305,2026-01-30 12:03:52,C001014,A0001014,M00052,T00013,South,South,88.3,USD,ecommerce,chip_pin,approved,APPROVE,79.82,1.106239037835129,0,0,0,1,0,0,0,8,164,14,30,43,customer_velocity;terminal_customer_network_burst,0.43,0.025199403347478017,0.43
X000096670,2026-01-30 12:04:06,C000809,A0000809,M00556,T00589,South,South,15.6,USD,ecommerce,chip_pin,approved,APPROVE,35.12,0.44419134396355353,0,0,0,1,0,0,0,6,238,18,12,43,customer_velocity;terminal_customer_network_burst,0.43,0.05167669046597222,0.43
X000065547,2026-01-30 12:04:11,C000555,A0000555,M00687,T00937,Midwest,Midwest,120.01,USD,card_present,3ds,approved,APPROVE,92.42,1.29852845704393,0,0,0,0,0,0,0,2,77,11,25,18,terminal_customer_network_burst,0.18,0.008512324422838686,0.18
X000157208,2026-01-30 12:04:22,C001293,A0001293,M00160,T00039,South,South,98.33,USD,card_present,chip_pin,approved,APPROVE,103.07,0.9540118366158922,0,0,0,0,0,0,0,6,158,11,23,43,customer_velocity;terminal_customer_network_burst,0.43,0.015485465298810001,0.43
X000197465,2026-01-30 12:04:25,C001621,A0001621,M00269,T00339,West,West,62.91,USD,card_present,3ds,approved,APPROVE,173.71,0.36215531633181736,0,0,0,0,0,0,0,4,114,7,58,0,,0.0,0.0017302033137457323,0.0017302033137457323
X000162284,2026-01-30 12:04:35,C001340,A0001340,M00127,T00278,South,South,149.97,USD,card_present,wallet_biometric,approved,APPROVE,94.89,1.5804615871008536,0,0,0,0,0,0,0,2,95,13,24,18,terminal_customer_network_burst,0.18,0.013052957667543514,0.18
X000080283,2026-01-30 12:04:52,C000675,A0000675,M00067,T00948,South,South,28.49,USD,mobile_wallet,magstripe,approved,APPROVE,48.77,0.5841705966782857,0,0,0,0,1,1,0,2,206,17,25,18,terminal_customer_network_burst,0.18,0.056564220922229624,0.18
X000166392,2026-01-30 12:05:07,C001373,A0001373,M00153,T00753,South,South,79.72,USD,card_present,3ds,approved,APPROVE,37.26,2.1395598497047774,0,0,0,0,0,0,0,1,242,17,9,18,terminal_customer_network_burst,0.18,0.0535533782316192,0.18
X000144890,2026-01-30 12:05:44,C001193,A0001193,M00326,T00288,Northeast,Northeast,158.19,USD,ecommerce,wallet_biometric,approved,APPROVE,50.77,3.115816427023833,0,0,0,1,0,0,0,3,141,14,23,48,amount_vs_profile;terminal_customer_network_burst,0.48,0.03710756947256587,0.48
X000089647,2026-01-30 12:05:58,C000749,A0000749,M00341,T01190,Midwest,Midwest,129.68,USD,card_present,chip_pin,approved,APPROVE,63.34,2.0473634354278496,0,0,0,0,0,0,0,3,82,7,29,0,,0.0,0.007198132781705252,0.007198132781705252
X000082889,2026-01-30 12:06:31,C000694,A0000694,M00507,T01055,South,South,428.23,USD,card_present,chip_pin,approved,APPROVE,291.15,1.4708226000343467,0,0,0,0,0,0,0,2,172,14,44,18,terminal_customer_network_burst,0.18,0.008985536954222101,0.18
X000131669,2026-01-30 12:06:40,C001083,A0001083,M00094,T01093,South,South,64.06,USD,mobile_wallet,chip_pin,approved,APPROVE,34.04,1.881903642773208,0,0,0,0,0,1,0,2,150,9,17,18,terminal_customer_network_burst,0.18,0.01989502069509134,0.18
X000144407,2026-01-30 12:07:14,C001189,A0001189,M00159,T00555,Northeast,Northeast,30.4,USD,card_present,3ds,approved,APPROVE,48.86,0.6221858370855505,0,0,0,0,0,0,0,0,77,7,14,0,,0.0,0.004549738450886618,0.004549738450886618
X000090008,2026-01-30 12:07:31,C000752,A0000752,M00345,T01138,South,South,92.41,USD,ecommerce,chip_pin,approved,APPROVE,69.3,1.3334776334776335,0,0,0,1,0,0,0,3,141,11,27,18,terminal_customer_network_burst,0.18,0.01130318666194248,0.18
X000218998,2026-01-30 12:07:33,C001789,A0001789,M00194,T00803,Northeast,Northeast,106.37,USD,ecommerce,3ds,approved,APPROVE,97.43,1.091758185363851,0,0,0,1,0,0,0,3,144,9,33,18,terminal_customer_network_burst,0.18,0.006723759933486567,0.18
X000008954,2026-01-30 12:07:50,C000081,A0000081,M00567,T00161,Northeast,Northeast,47.31,USD,card_present,chip_pin,approved,APPROVE,43.2,1.0951388888888889,0,0,0,0,0,0,0,1,149,15,14,18,terminal_customer_network_burst,0.18,0.01908891209306692,0.18
X000077194,2026-01-30 12:07:52,C000649,A0000649,M00048,T01172,Northeast,Northeast,77.12,USD,card_present,chip_pin,approved,APPROVE,66.26,1.163899788711138,0,0,0,0,0,0,0,3,108,11,23,18,terminal_customer_network_burst,0.18,0.010460735816126466,0.18
X000235946,2026-01-30 12:07:59,C001923,A0001923,M00592,T00719,South,South,383.52,USD,card_present,3ds,soft_decline,CHALLENGE,95.8,4.003340292275574,0,0,1,0,0,0,0,1,198,14,16,56,amount_vs_profile;terminal_customer_network_burst;authentication_soft_decline,0.56,0.22275240227415935,0.56
X000084242,2026-01-30 12:08:34,C000705,A0000705,M00121,T00867,West,West,47.16,USD,mobile_wallet,wallet_biometric,approved,APPROVE,43.56,1.0826446280991735,0,0,0,0,0,1,0,1,63,6,20,0,,0.0,0.006556034610491719,0.006556034610491719
X000156518,2026-01-30 12:08:34,C001288,A0001288,M00050,T01119,Midwest,Midwest,219.35,USD,ecommerce,magstripe,approved,APPROVE,179.13,1.2245296711885223,0,0,0,1,1,0,0,0,160,13,12,18,terminal_customer_network_burst,0.18,0.034965341392993794,0.18
X000144223,2026-01-30 12:09:28,C001187,A0001187,M00786,T00092,Northeast,Northeast,110.86,USD,card_present,chip_pin,approved,APPROVE,65.0,1.7055384615384614,0,0,0,0,0,0,0,2,118,12,19,18,terminal_customer_network_burst,0.18,0.015195238417116069,0.18
X000075027,2026-01-30 12:09:39,C000631,A0000631,M00690,T00361,Northeast,Northeast,326.94,USD,ecommerce,3ds,approved,APPROVE,287.17,1.1384893965247065,0,0,0,1,0,0,0,6,66,9,50,43,customer_velocity;terminal_customer_network_burst,0.43,0.004602822460677268,0.43
X000088865,2026-01-30 12:09:39,C000745,A0000745,M00690,T00363,Northeast,Northeast,504.67,USD,ecommerce,chip_pin,approved,APPROVE,273.0,1.8486080586080587,0,0,0,1,0,0,0,6,135,11,53,43,customer_velocity;terminal_customer_network_burst,0.43,0.008426915490179347,0.43
X000066401,2026-01-30 12:09:45,C000563,A0000563,M00299,T01117,Northeast,Northeast,21.61,USD,card_present,3ds,approved,APPROVE,25.27,0.855164226355362,0,0,0,0,0,0,0,1,74,9,8,18,terminal_customer_network_burst,0.18,0.008580676384663479,0.18
X000011795,2026-01-30 12:09:52,C000104,A0000104,M00304,T00087,Midwest,Midwest,128.25,USD,ecommerce,chip_pin,approved,APPROVE,150.27,0.8534637652225993,0,0,0,1,0,0,0,2,126,11,32,18,terminal_customer_network_burst,0.18,0.00678132315846606,0.18
X000134886,2026-01-30 12:10:01,C001107,A0001107,M00382,T00233,Northeast,Midwest,22.63,USD,card_present,chip_pin,approved,APPROVE,77.96,0.29027706516162133,0,0,0,0,0,0,1,2,47,5,0,27,new_customer_terminal_pair;home_region_mismatch,0.27,0.05941046715528537,0.27
X000148123,2026-01-30 12:10:12,C001223,A0001223,M00398,T00726,South,South,36.3,USD,card_present,chip_pin,approved,APPROVE,42.23,0.8595784986976084,0,0,0,0,0,0,0,0,121,9,8,18,terminal_customer_network_burst,0.18,0.008624379504904358,0.18
X000188571,2026-01-30 12:10:37,C001549,A0001549,M00400,T00241,West,West,190.57,USD,card_present,magstripe,approved,APPROVE,153.09,1.2448233065517016,0,0,0,0,1,0,0,3,138,12,47,18,terminal_customer_network_burst,0.18,0.013081008440586175,0.18
X000022056,2026-01-30 12:10:40,C000190,A0000190,M00487,T00332,South,South,62.49,USD,card_present,3ds,approved,APPROVE,26.82,2.329977628635347,0,0,0,0,0,0,0,0,118,11,17,18,terminal_customer_network_burst,0.18,0.014683170827065908,0.18
X000132540,2026-01-30 12:11:00,C001092,A0001092,M00691,T00343,Northeast,Northeast,258.16,USD,mobile_wallet,chip_pin,approved,APPROVE,64.04,4.031230480949406,0,0,0,0,0,1,0,1,55,5,14,30,amount_vs_profile,0.3,0.022742398923622148,0.3
X000195729,2026-01-30 12:11:11,C001607,A0001607,M00564,T01141,Northeast,Northeast,21.65,USD,mobile_wallet,wallet_biometric,approved,APPROVE,27.54,0.7861292665214233,0,0,0,0,0,1,0,1,165,15,10,18,terminal_customer_network_burst,0.18,0.029804994588306086,0.18
X000182275,2026-01-30 12:11:22,C001500,A0001500,M00453,T00940,South,South,171.24,USD,card_present,wallet_biometric,approved,APPROVE,130.54,1.3117818293243453,0,0,0,0,0,0,0,10,265,19,40,63,customer_velocity;high_customer_velocity;terminal_customer_network_burst,0.63,0.054215766263781065,0.63
X000093613,2026-01-30 12:11:38,C000784,A0000784,M00042,T00766,Northeast,Northeast,19.79,USD,card_present,chip_pin,approved,APPROVE,63.34,0.31244079570571515,0,0,0,0,0,0,0,1,61,7,5,0,,0.0,0.00579313659292401,0.00579313659292401
X000070071,2026-01-30 12:12:03,C000596,A0000596,M00022,T00830,South,South,147.52,USD,card_present,chip_pin,approved,APPROVE,186.24,0.7920962199312714,0,0,0,0,0,0,0,5,166,13,36,43,customer_velocity;terminal_customer_network_burst,0.43,0.01097987737697445,0.43
X000208575,2026-01-30 12:12:06,C001702,A0001702,M00092,T00788,West,West,331.16,USD,card_present,wallet_biometric,approved,APPROVE,260.4,1.27173579109063,0,0,0,0,0,0,0,8,173,13,38,43,customer_velocity;terminal_customer_network_burst,0.43,0.018028468452300307,0.43
X000147352,2026-01-30 12:12:22,C001216,A0001216,M00122,T00125,South,South,21.16,USD,mobile_wallet,3ds,approved,APPROVE,43.69,0.4843213550011445,0,0,0,0,0,1,0,3,118,10,13,18,terminal_customer_network_burst,0.18,0.015012092573163266,0.18
X000113074,2026-01-30 12:12:38,C000944,A0000944,M00533,T00261,Northeast,Northeast,94.31,USD,ecommerce,chip_pin,approved,APPROVE,227.5,0.4145494505494506,0,0,0,1,0,0,0,7,176,13,64,43,customer_velocity;terminal_customer_network_burst,0.43,0.005221283282790456,0.43
X000186394,2026-01-30 12:12:48,C001532,A0001532,M00523,T00390,Midwest,Midwest,366.68,USD,card_present,3ds,approved,APPROVE,163.74,2.2394039330646147,0,0,0,0,0,0,0,5,69,6,28,25,customer_velocity,0.25,0.008730114526602004,0.25
X000198348,2026-01-30 12:12:57,C001626,A0001626,M00526,T00073,Midwest,South,188.04,USD,card_present,wallet_biometric,approved,APPROVE,262.11,0.7174087215291289,0,0,0,0,0,0,1,4,38,8,0,45,new_customer_terminal_pair;terminal_customer_network_burst;home_region_mismatch,0.45,0.11733985058192445,0.45
X000238246,2026-01-30 12:13:04,C001944,A0001944,M00427,T01200,South,South,219.38,USD,mobile_wallet,chip_pin,approved,APPROVE,93.15,2.355126140633387,0,0,0,0,0,1,0,2,163,14,17,18,terminal_customer_network_burst,0.18,0.0441286268326809,0.18
X000225545,2026-01-30 12:13:13,C001838,A0001838,M00049,T00271,West,West,127.24,USD,card_present,chip_pin,approved,APPROVE,168.06,0.7571105557538974,0,0,0,0,0,0,0,6,41,7,35,25,customer_velocity,0.25,0.004492587019438251,0.25
X000050081,2026-01-30 12:13:28,C000419,A0000419,M00139,T00632,Northeast,Northeast,57.3,USD,ecommerce,chip_pin,approved,APPROVE,131.33,0.43630548998705543,0,0,0,1,0,0,0,1,128,9,31,18,terminal_customer_network_burst,0.18,0.004170848130034416,0.18
X000084753,2026-01-30 12:13:41,C000709,A0000709,M00613,T00852,South,South,222.34,USD,card_present,3ds,approved,APPROVE,116.1,1.9150732127476315,0,0,0,0,0,0,0,4,152,16,40,18,terminal_customer_network_burst,0.18,0.01853822778236893,0.18
X000098306,2026-01-30 12:14:01,C000823,A0000823,M00244,T00277,South,South,54.15,USD,card_present,chip_pin,approved,APPROVE,37.97,1.426125888859626,0,0,0,0,0,0,0,6,209,13,24,43,customer_velocity;terminal_customer_network_burst,0.43,0.02602558796872035,0.43
X000031697,2026-01-30 12:14:02,C000268,A0000268,M00691,T00343,South,Northeast,90.88,USD,card_present,3ds,approved,APPROVE,67.99,1.3366671569348434,0,0,0,0,0,0,1,0,56,5,0,27,new_customer_terminal_pair;home_region_mismatch,0.27,0.07260861508395458,0.27
X000011287,2026-01-30 12:14:12,C000101,A0000101,M00439,T00933,West,West,205.24,USD,ecommerce,wallet_biometric,approved,APPROVE,65.68,3.1248477466504263,0,0,0,1,0,0,0,1,57,4,22,30,amount_vs_profile,0.3,0.007673212309399377,0.3
X000010535,2026-01-30 12:14:24,C000095,A0000095,M00077,T00306,South,South,21.76,USD,mobile_wallet,chip_pin,approved,APPROVE,30.37,0.7164965426407639,0,0,0,0,0,1,0,2,172,16,12,18,terminal_customer_network_burst,0.18,0.03484836040300832,0.18
X000077593,2026-01-30 12:14:29,C000653,A0000653,M00647,T00957,West,West,193.87,USD,card_present,magstripe,approved,APPROVE,208.69,0.9289855766927021,0,0,0,0,1,0,0,4,32,4,29,0,,0.0,0.0068657203105920725,0.0068657203105920725
X000213943,2026-01-30 12:14:46,C001747,A0001747,M00784,T00228,South,South,56.96,USD,card_present,chip_pin,approved,APPROVE,30.67,1.857189435930877,0,0,0,0,0,0,0,1,81,12,17,18,terminal_customer_network_burst,0.18,0.013953313270818571,0.18
X000025496,2026-01-30 12:14:49,C000217,A0000217,M00795,T00503,Northeast,Northeast,29.14,USD,ecommerce,3ds,approved,APPROVE,31.74,0.9180844360428482,0,0,0,1,0,0,0,3,101,12,21,18,terminal_customer_network_burst,0.18,0.011771861205346118,0.18
X000199737,2026-01-30 12:15:08,C001637,A0001637,M00153,T00753,South,South,355.05,USD,ecommerce,chip_pin,approved,APPROVE,150.55,2.3583527067419463,0,0,0,1,0,0,0,6,243,17,43,43,customer_velocity;terminal_customer_network_burst,0.43,0.03762136815480516,0.43
X000102957,2026-01-30 12:15:17,C000865,A0000865,M00544,T00081,South,South,56.14,USD,card_present,3ds,approved,APPROVE,77.13,0.7278620510825878,0,0,0,0,0,0,0,3,104,13,24,18,terminal_customer_network_burst,0.18,0.010637118268738926,0.18
X000107078,2026-01-30 12:15:18,C000897,A0000897,M00760,T00148,Midwest,Midwest,76.67,USD,card_present,chip_pin,approved,APPROVE,33.2,2.30933734939759,0,0,0,0,0,0,0,3,124,11,11,18,terminal_customer_network_burst,0.18,0.025331990085564977,0.18
X000081880,2026-01-30 12:15:39,C000685,A0000685,M00315,T01023,Midwest,Midwest,20.84,USD,mobile_wallet,chip_pin,approved,APPROVE,59.21,0.35196757304509374,0,0,0,0,0,1,0,2,114,8,16,18,terminal_customer_network_burst,0.18,0.00899844753338426,0.18
X000150120,2026-01-30 12:15:43,C001236,A0001236,M00054,T00545,West,West,190.62,USD,card_present,3ds,approved,APPROVE,94.07,2.0263633464441377,0,0,0,0,0,0,0,3,101,8,37,18,terminal_customer_network_burst,0.18,0.006512703752461034,0.18
X000103786,2026-01-30 12:15:47,C000873,A0000873,M00797,T00303,South,South,155.43,USD,mobile_wallet,chip_pin,approved,APPROVE,95.2,1.6326680672268907,0,0,0,0,0,1,0,0,157,18,17,18,terminal_customer_network_burst,0.18,0.04123317538498582,0.18
X000171148,2026-01-30 12:15:56,C001411,A0001411,M00180,T00539,West,West,306.51,USD,card_present,3ds,approved,APPROVE,135.24,2.2664152617568765,0,0,0,0,0,0,0,3,87,8,31,18,terminal_customer_network_burst,0.18,0.00840579400685459,0.18
X000212193,2026-01-30 12:16:32,C001731,A0001731,M00352,T00881,Midwest,Midwest,57.73,USD,ecommerce,magstripe,approved,APPROVE,41.15,1.4029161603888214,0,0,0,1,1,0,0,1,45,7,14,0,,0.0,0.01473694011235239,0.01473694011235239
X000234411,2026-01-30 12:16:51,C001911,A0001911,M00454,T00284,West,West,161.46,USD,ecommerce,wallet_biometric,approved,APPROVE,55.08,2.931372549019608,0,0,0,1,0,0,0,0,93,11,14,18,terminal_customer_network_burst,0.18,0.020360357865947785,0.18
X000048955,2026-01-30 12:16:52,C000410,A0000410,M00475,T00015,Midwest,Midwest,116.03,USD,card_present,chip_pin,approved,APPROVE,64.04,1.8118363522798249,0,0,0,0,0,0,0,4,41,5,20,0,,0.0,0.006991969089295165,0.006991969089295165
X000182906,2026-01-30 12:16:54,C001504,A0001504,M00056,T01147,South,Midwest,71.4,USD,card_present,chip_pin,approved,APPROVE,56.82,1.2565997888067584,0,0,0,0,0,0,1,2,222,12,0,45,new_customer_terminal_pair;terminal_customer_network_burst;home_region_mismatch,0.45,0.2529829687491236,0.45
X000195231,2026-01-30 12:17:22,C001604,A0001604,M00191,T00188,Midwest,Midwest,60.6,USD,ecommerce,3ds,approved,APPROVE,138.09,0.438844232022594,0,0,0,1,0,0,0,1,92,12,30,18,terminal_customer_network_burst,0.18,0.005607789127320636,0.18
X000019975,2026-01-30 12:17:35,C000173,A0000173,M00352,T01169,Midwest,Midwest,67.84,USD,card_present,chip_pin,approved,APPROVE,96.15,0.7055642225689027,0,0,0,0,0,0,0,2,89,6,28,0,,0.0,0.003465871453412236,0.003465871453412236
X000053593,2026-01-30 12:17:44,C000453,A0000453,M00148,T01086,Midwest,Midwest,11.0,USD,ecommerce,3ds,approved,APPROVE,51.29,0.21446675765256384,0,0,0,1,0,0,0,1,166,12,11,18,terminal_customer_network_burst,0.18,0.011422434598651783,0.18
X000096385,2026-01-30 12:17:58,C000806,A0000806,M00345,T00208,South,South,89.4,USD,ecommerce,wallet_biometric,approved,APPROVE,78.97,1.1320754716981134,0,0,0,1,0,0,0,5,171,18,32,43,customer_velocity;terminal_customer_network_burst,0.43,0.027383209518529013,0.43
X000126298,2026-01-30 12:18:36,C001040,A0001040,M00184,T00058,South,South,9.92,USD,card_present,magstripe,approved,APPROVE,14.22,0.6976090014064698,0,0,0,0,1,0,0,4,184,19,17,18,terminal_customer_network_burst,0.18,0.07572519311797204,0.18
X000010599,2026-01-30 12:18:56,C000096,A0000096,M00682,T00951,Northeast,Northeast,31.15,USD,card_present,magstripe,approved,APPROVE,21.53,1.4468183929400835,0,0,0,0,1,0,0,0,102,10,8,18,terminal_customer_network_burst,0.18,0.025150575333498452,0.18
X000036780,2026-01-30 12:19:01,C000315,A0000315,M00162,T00759,Midwest,Midwest,151.84,USD,card_present,chip_pin,approved,APPROVE,260.77,0.5822755685086475,0,0,0,0,0,0,0,3,124,12,31,18,terminal_customer_network_burst,0.18,0.007486239993293826,0.18
X000049076,2026-01-30 12:19:15,C000411,A0000411,M00193,T01039,West,West,37.94,USD,card_present,magstripe,approved,APPROVE,29.09,1.3042282571330353,0,0,0,0,1,0,0,0,136,13,13,18,terminal_customer_network_burst,0.18,0.03126044625676834,0.18
X000206511,2026-01-30 12:19:20,C001686,A0001686,M00245,T00626,West,West,28.59,USD,card_present,chip_pin,approved,APPROVE,109.29,0.26159758440845454,0,0,0,0,0,0,0,0,65,8,26,18,terminal_customer_network_burst,0.18,0.00290691529038859,0.18
X000040240,2026-01-30 12:19:27,C000341,A0000341,M00712,T00064,South,South,203.68,USD,card_present,chip_pin,approved,APPROVE,147.38,1.3820056995521781,0,0,0,0,0,0,0,1,200,16,20,18,terminal_customer_network_burst,0.18,0.022605738488654967,0.18
X000054797,2026-01-30 12:20:00,C000463,A0000463,M00303,T00765,Northeast,Northeast,7.27,USD,card_present,chip_pin,approved,APPROVE,13.75,0.5287272727272727,0,0,0,0,0,0,0,3,160,10,21,18,terminal_customer_network_burst,0.18,0.008759685652239588,0.18
X000108416,2026-01-30 12:20:02,C000908,A0000908,M00650,T01097,Midwest,Midwest,64.16,USD,card_present,chip_pin,approved,APPROVE,119.5,0.5369037656903766,0,0,0,0,0,0,0,3,116,13,11,18,terminal_customer_network_burst,0.18,0.015413731199623784,0.18
X000134772,2026-01-30 12:20:50,C001106,A0001106,M00122,T00125,South,South,83.6,USD,card_present,3ds,approved,APPROVE,34.38,2.4316463059918556,0,0,0,0,0,0,0,1,119,10,20,18,terminal_customer_network_burst,0.18,0.013916772241970063,0.18
X000232660,2026-01-30 12:21:36,C001897,A0001897,M00002,T00850,Midwest,Northeast,61.41,USD,ecommerce,3ds,approved,APPROVE,92.61,0.6631033365727242,0,0,0,1,0,0,1,6,110,11,0,70,customer_velocity;new_customer_terminal_pair;terminal_customer_network_burst;home_region_mismatch,0.7,0.23016576484083365,0.7
X000241015,2026-01-30 12:21:53,C001967,A0001967,M00763,T00601,South,South,73.2,USD,card_present,wallet_biometric,approved,APPROVE,81.83,0.8945374557008433,0,0,0,0,0,0,0,2,195,16,18,18,terminal_customer_network_burst,0.18,0.021973341678590212,0.18
X000078869,2026-01-30 12:22:08,C000664,A0000664,M00131,T00897,West,West,41.27,USD,card_present,chip_pin,approved,APPROVE,35.11,1.1754485901452578,0,0,0,0,0,0,0,3,145,10,28,18,terminal_customer_network_burst,0.18,0.008741110359796037,0.18
X000150762,2026-01-30 12:22:34,C001240,A0001240,M00320,T00150,West,West,304.55,USD,ecommerce,chip_pin,approved,APPROVE,285.64,1.0662022125752697,0,0,0,1,0,0,0,4,167,10,21,18,terminal_customer_network_burst,0.18,0.01313581033791388,0.18
X000234085,2026-01-30 12:24:00,C001908,A0001908,M00270,T00935,South,South,71.27,USD,card_present,wallet_biometric,approved,APPROVE,44.25,1.6106214689265537,0,0,0,0,0,0,0,0,90,9,8,18,terminal_customer_network_burst,0.18,0.010796629115625435,0.18
X000207398,2026-01-30 12:24:04,C001692,A0001692,M00516,T00435,Northeast,Northeast,89.41,USD,card_present,chip_pin,approved,APPROVE,67.58,1.3230245634803195,0,0,0,0,0,0,0,0,117,8,14,18,terminal_customer_network_burst,0.18,0.007543041718918784,0.18
X000207851,2026-01-30 12:24:54,C001696,A0001696,M00699,T00493,Midwest,Midwest,53.02,USD,ecommerce,chip_pin,approved,APPROVE,43.27,1.2253293274786226,0,0,0,1,0,0,0,3,160,11,21,18,terminal_customer_network_burst,0.18,0.013771244203118801,0.18
X000227393,2026-01-30 12:25:00,C001853,A0001853,M00553,T00807,West,West,72.62,USD,card_present,chip_pin,approved,APPROVE,242.76,0.2991431866864393,0,0,0,0,0,0,0,2,55,9,47,18,terminal_customer_network_burst,0.18,0.0020739615645416886,0.18
X000132541,2026-01-30 12:25:17,C001092,A0001092,M00691,T00343,Northeast,Northeast,75.54,USD,card_present,chip_pin,approved,APPROVE,64.04,1.179575265459088,0,0,0,0,0,0,0,2,57,6,15,0,,0.0,0.005896602683819685,0.005896602683819685
X000199341,2026-01-30 12:25:28,C001633,A0001633,M00244,T00277,South,South,53.65,USD,mobile_wallet,3ds,approved,APPROVE,66.73,0.8039862130975572,0,0,0,0,0,1,0,0,210,13,22,18,terminal_customer_network_burst,0.18,0.016213849135285358,0.18
X000203068,2026-01-30 12:25:29,C001663,A0001663,M00282,T00583,South,South,13.12,USD,ecommerce,3ds,approved,APPROVE,36.68,0.35768811341330425,0,0,0,1,0,0,0,4,253,18,10,18,terminal_customer_network_burst,0.18,0.044053748518487236,0.18
X000022169,2026-01-30 12:25:43,C000191,A0000191,M00285,T00370,Midwest,Midwest,65.2,USD,card_present,chip_pin,approved,APPROVE,106.58,0.6117470444736348,0,0,0,0,0,0,0,3,131,13,11,18,terminal_customer_network_burst,0.18,0.01650159015518534,0.18
X000079725,2026-01-30 12:26:05,C000671,A0000671,M00148,T01086,Midwest,Midwest,74.89,USD,card_present,3ds,approved,APPROVE,68.34,1.0958443078724027,0,0,0,0,0,0,0,3,167,12,33,18,terminal_customer_network_burst,0.18,0.00964737374921255,0.18
X000071054,2026-01-30 12:26:41,C000603,A0000603,M00286,T00067,West,West,37.78,USD,card_present,wallet_biometric,approved,APPROVE,20.25,1.865679012345679,0,0,0,0,0,0,0,1,90,11,7,18,terminal_customer_network_burst,0.18,0.017549718415080115,0.18
X000156714,2026-01-30 12:26:52,C001289,A0001289,M00351,T00802,West,West,349.61,USD,mobile_wallet,chip_pin,approved,APPROVE,454.02,0.7700321571736929,0,0,0,0,0,1,0,6,129,12,45,43,customer_velocity;terminal_customer_network_burst,0.43,0.011124578624757492,0.43
X000147895,2026-01-30 12:27:16,C001221,A0001221,M00699,T00493,Midwest,Midwest,171.22,USD,mobile_wallet,3ds,approved,APPROVE,130.45,1.312533537753929,0,0,0,0,0,1,0,6,161,11,39,43,customer_velocity;terminal_customer_network_burst,0.43,0.016191232843938853,0.43
X000183942,2026-01-30 12:27:56,C001515,A0001515,M00567,T00161,Northeast,Northeast,33.14,USD,card_present,magstripe,approved,APPROVE,52.06,0.6365731847867845,0,0,0,0,1,0,0,0,150,15,12,18,terminal_customer_network_burst,0.18,0.03229969569063265,0.18
X000169018,2026-01-30 12:27:57,C001397,A0001397,M00738,T00899,South,South,46.57,USD,ecommerce,magstripe,approved,APPROVE,55.89,0.8332438718912148,0,0,0,1,1,0,0,4,237,16,30,18,terminal_customer_network_burst,0.18,0.045852503600084395,0.18
X000141382,2026-01-30 12:28:02,C001164,A0001164,M00494,T00034,West,West,175.54,USD,card_present,chip_pin,approved,APPROVE,140.47,1.2496618495052323,0,0,0,0,0,0,0,4,92,7,24,0,,0.0,0.007060211206138411,0.007060211206138411
X000057096,2026-01-30 12:28:25,C000483,A0000483,M00452,T00329,Northeast,Northeast,43.7,USD,card_present,wallet_biometric,approved,APPROVE,101.51,0.43049945818145996,0,0,0,0,0,0,0,3,218,13,27,18,terminal_customer_network_burst,0.18,0.011458762455232429,0.18
X000018511,2026-01-30 12:28:26,C000158,A0000158,M00313,T00777,Northeast,Northeast,37.08,USD,mobile_wallet,magstripe,approved,APPROVE,26.2,1.415267175572519,0,0,0,0,1,1,0,2,211,13,11,18,terminal_customer_network_burst,0.18,0.0771177512085869,0.18
X000033366,2026-01-30 12:29:03,C000283,A0000283,M00698,T00516,West,West,53.93,USD,card_present,3ds,approved,APPROVE,52.48,1.0276295731707317,0,0,0,0,0,0,0,2,65,10,13,18,terminal_customer_network_burst,0.18,0.009679307944476322,0.18
X000033732,2026-01-30 12:29:25,C000287,A0000287,M00275,T00496,Northeast,Northeast,80.79,USD,ecommerce,chip_pin,approved,APPROVE,30.67,2.634170198891425,0,0,0,1,0,0,0,6,90,13,23,43,customer_velocity;terminal_customer_network_burst,0.43,0.03391200785964194,0.43
X000240098,2026-01-30 12:29:34,C001958,A0001958,M00716,T00263,West,West,102.45,USD,mobile_wallet,wallet_biometric,approved,APPROVE,101.3,1.0113524185587366,0,0,0,0,0,1,0,2,33,7,17,0,,0.0,0.008220790875310361,0.008220790875310361
X000221062,2026-01-30 12:30:03,C001802,A0001802,M00203,T00558,Northeast,Northeast,52.24,USD,ecommerce,chip_pin,approved,APPROVE,67.33,0.7758799940591119,0,0,0,1,0,0,0,2,73,8,16,18,terminal_customer_network_burst,0.18,0.006747579479231738,0.18
X000188406,2026-01-30 12:30:42,C001548,A0001548,M00706,T00409,Northeast,Northeast,55.79,USD,card_present,chip_pin,approved,APPROVE,35.54,1.5697805289814293,0,0,0,0,0,0,0,2,149,12,12,18,terminal_customer_network_burst,0.18,0.019469525847060708,0.18
X000226378,2026-01-30 12:30:47,C001844,A0001844,M00517,T00541,Midwest,Midwest,29.41,USD,card_present,chip_pin,approved,APPROVE,48.12,0.6111803823773899,0,0,0,0,0,0,0,2,148,16,22,18,terminal_customer_network_burst,0.18,0.015323789945613488,0.18
X000220051,2026-01-30 12:31:21,C001797,A0001797,M00700,T00884,Northeast,Northeast,568.36,USD,card_present,chip_pin,approved,APPROVE,161.59,3.517296862429606,0,0,0,0,0,0,0,1,149,10,37,48,amount_vs_profile;terminal_customer_network_burst,0.48,0.013486314765469435,0.48
X000037049,2026-01-30 12:31:37,C000317,A0000317,M00211,T01170,Midwest,Midwest,47.07,USD,card_present,chip_pin,approved,APPROVE,33.03,1.4250681198910082,0,0,0,0,0,0,0,1,169,9,13,18,terminal_customer_network_burst,0.18,0.01172620929494458,0.18
X000123568,2026-01-30 12:32:29,C001023,A0001023,M00042,T00546,Northeast,Northeast,69.69,USD,card_present,3ds,approved,APPROVE,96.87,0.7194177764013626,0,0,0,0,0,0,0,11,156,11,52,63,customer_velocity;high_customer_velocity;terminal_customer_network_burst,0.63,0.009889488816298907,0.63
X000234412,2026-01-30 12:32:32,C001911,A0001911,M00454,T00284,West,West,54.82,USD,ecommerce,magstripe,soft_decline,CHALLENGE,55.08,0.995279593318809,0,0,1,1,1,0,0,1,94,11,15,26,terminal_customer_network_burst;authentication_soft_decline,0.26,0.09618207412120128,0.26
X000129624,2026-01-30 12:33:10,C001066,A0001066,M00387,T00209,Northeast,Northeast,41.22,USD,mobile_wallet,chip_pin,approved,APPROVE,57.96,0.7111801242236024,0,0,0,0,0,1,0,5,122,13,20,43,customer_velocity;terminal_customer_network_burst,0.43,0.023764114802564896,0.43
X000028769,2026-01-30 12:33:43,C000247,A0000247,M00715,T00083,Midwest,Midwest,30.23,USD,mobile_wallet,chip_pin,approved,APPROVE,34.2,0.8839181286549707,0,0,0,0,0,1,0,1,132,12,16,18,terminal_customer_network_burst,0.18,0.016625508692832688,0.18
X000013650,2026-01-30 12:34:54,C000116,A0000116,M00504,T00422,Northeast,Northeast,158.66,USD,card_present,3ds,approved,APPROVE,197.15,0.8047679431904641,0,0,0,0,0,0,0,4,226,12,43,18,terminal_customer_network_burst,0.18,0.008120565919828954,0.18
X000014895,2026-01-30 12:35:23,C000126,A0000126,M00282,T01131,South,South,73.88,USD,card_present,3ds,approved,APPROVE,131.27,0.5628094766511769,0,0,0,0,0,0,0,3,269,19,49,18,terminal_customer_network_burst,0.18,0.013741031811658595,0.18
X000067400,2026-01-30 12:35:25,C000571,A0000571,M00372,T00095,South,South,242.86,USD,ecommerce,3ds,approved,APPROVE,119.82,2.026873643799032,0,0,0,1,0,0,0,5,206,19,43,43,customer_velocity;terminal_customer_network_burst,0.43,0.03380034840493382,0.43
X000172004,2026-01-30 12:36:04,C001419,A0001419,M00165,T00676,Midwest,West,47.62,USD,ecommerce,magstripe,approved,APPROVE,59.46,0.8008745375042045,0,0,0,1,1,0,1,1,32,9,0,45,new_customer_terminal_pair;terminal_customer_network_burst;home_region_mismatch,0.45,0.19731459641917265,0.45
X000016370,2026-01-30 12:36:25,C000138,A0000138,M00372,T00192,South,South,81.82,USD,card_present,chip_pin,approved,APPROVE,46.62,1.755040755040755,0,0,0,0,0,0,0,0,202,17,9,18,terminal_customer_network_burst,0.18,0.03731176305437144,0.18
X000080087,2026-01-30 12:36:36,C000674,A0000674,M00557,T00649,Midwest,Midwest,259.41,USD,card_present,3ds,approved,APPROVE,400.29,0.6480551600089935,0,0,0,0,0,0,0,1,130,15,27,18,terminal_customer_network_burst,0.18,0.010012208462901077,0.18
X000221982,2026-01-30 12:36:57,C001809,A0001809,M00695,T00084,Midwest,Midwest,16.89,USD,card_present,chip_pin,approved,APPROVE,40.93,0.4126557537258735,0,0,0,0,0,0,0,1,65,9,10,18,terminal_customer_network_burst,0.18,0.006569635328053676,0.18
X000062987,2026-01-30 12:37:25,C000534,A0000534,M00203,T00186,Northeast,Northeast,232.8,USD,card_present,3ds,approved,APPROVE,169.77,1.3712670083053542,0,0,0,0,0,0,0,2,113,5,46,0,,0.0,0.0023955990164450922,0.0023955990164450922
X000184812,2026-01-30 12:37:27,C001522,A0001522,M00087,T00716,South,South,98.96,USD,card_present,chip_pin,approved,APPROVE,75.5,1.310728476821192,0,0,0,0,0,0,0,2,206,15,16,18,terminal_customer_network_burst,0.18,0.02530386379432178,0.18
X000223195,2026-01-30 12:37:30,C001819,A0001819,M00787,T00660,South,South,76.51,USD,card_present,chip_pin,approved,APPROVE,94.36,0.8108308605341247,0,0,0,0,0,0,0,4,100,14,29,18,terminal_customer_network_burst,0.18,0.011718670964065333,0.18
X000059922,2026-01-30 12:37:32,C000510,A0000510,M00184,T00058,South,South,54.43,USD,mobile_wallet,chip_pin,approved,APPROVE,89.95,0.6051139521956642,0,0,0,0,0,1,0,0,185,19,17,18,terminal_customer_network_burst,0.18,0.03308568969943464,0.18
X000152735,2026-01-30 12:37:34,C001256,A0001256,M00366,T00709,Northeast,Northeast,105.14,USD,mobile_wallet,chip_pin,approved,APPROVE,54.39,1.933075933075933,0,0,0,0,0,1,0,2,76,7,18,0,,0.0,0.012897409396059814,0.012897409396059814
X000200233,2026-01-30 12:38:05,C001640,A0001640,M00687,T01156,Midwest,Midwest,45.85,USD,ecommerce,chip_pin,approved,APPROVE,67.1,0.6833084947839047,0,0,0,1,0,0,0,0,111,11,12,18,terminal_customer_network_burst,0.18,0.009188213471173785,0.18
X000004282,2026-01-30 12:38:37,C000038,A0000038,M00485,T00689,South,South,27.18,USD,mobile_wallet,magstripe,approved,APPROVE,35.46,0.766497461928934,0,0,0,0,1,1,0,1,48,8,13,18,terminal_customer_network_burst,0.18,0.018967735793628142,0.18
X000034335,2026-01-30 12:38:44,C000291,A0000291,M00282,T01071,South,South,133.57,USD,card_present,chip_pin,approved,APPROVE,109.29,1.2221612224357215,0,0,0,0,0,0,0,1,82,8,17,18,terminal_customer_network_burst,0.18,0.006755107501081419,0.18
X000079485,2026-01-30 12:39:03,C000669,A0000669,M00416,T00451,West,West,11.05,USD,ecommerce,3ds,approved,APPROVE,24.18,0.456989247311828,0,0,0,1,0,0,0,2,69,10,20,18,terminal_customer_network_burst,0.18,0.0065312450069583885,0.18
X000236504,2026-01-30 12:39:35,C001929,A0001929,M00452,T00101,Northeast,Northeast,74.93,USD,card_present,chip_pin,approved,APPROVE,150.31,0.4985030936065465,0,0,0,0,0,0,0,6,168,10,56,43,customer_velocity;terminal_customer_network_burst,0.43,0.004050974266284739,0.43
X000208140,2026-01-30 12:39:36,C001699,A0001699,M00668,T00417,Midwest,Midwest,69.92,USD,card_present,chip_pin,approved,APPROVE,131.03,0.5336182553613676,0,0,0,0,0,0,0,1,64,8,15,18,terminal_customer_network_burst,0.18,0.005202348711897337,0.18
X000085777,2026-01-30 12:40:34,C000718,A0000718,M00171,T01187,Northeast,Northeast,37.19,USD,card_present,chip_pin,approved,APPROVE,30.39,1.2237578150707469,0,0,0,0,0,0,0,3,78,10,12,18,terminal_customer_network_burst,0.18,0.012569823135672582,0.18
X000138703,2026-01-30 12:40:55,C001142,A0001142,M00283,T01004,Northeast,Northeast,639.31,USD,card_present,chip_pin,approved,APPROVE,318.46,2.0075048671732714,0,0,0,0,0,0,0,2,119,9,20,18,terminal_customer_network_burst,0.18,0.011717534010638242,0.18
X000242082,2026-01-30 12:41:19,C001976,A0001976,M00699,T00493,South,Midwest,29.03,USD,card_present,chip_pin,approved,APPROVE,29.33,0.9897715649505626,0,0,0,0,0,0,1,2,162,11,0,45,new_customer_terminal_pair;terminal_customer_network_burst;home_region_mismatch,0.45,0.18760692738371781,0.45
X000139987,2026-01-30 12:42:01,C001154,A0001154,M00556,T00223,South,South,130.38,USD,card_present,chip_pin,approved,APPROVE,200.38,0.6506637388960974,0,0,0,0,0,0,0,5,159,10,33,43,customer_velocity;terminal_customer_network_burst,0.43,0.007877785129764283,0.43
X000048012,2026-01-30 12:42:34,C000404,A0000404,M00017,T00257,Midwest,Midwest,341.95,USD,card_present,3ds,approved,APPROVE,227.96,1.5000438673451482,0,0,0,0,0,0,0,11,99,5,60,45,customer_velocity;high_customer_velocity,0.45,0.00445865112308321,0.45
X000002799,2026-01-30 12:42:49,C000027,A0000027,M00758,T00785,Northeast,Northeast,233.02,USD,ecommerce,chip_pin,approved,APPROVE,100.97,2.307814202238289,0,0,0,1,0,0,0,3,156,11,32,18,terminal_customer_network_burst,0.18,0.014816391617407589,0.18
X000245580,2026-01-30 12:42:58,C002000,A0002000,M00288,T00279,Northeast,Northeast,34.41,USD,card_present,chip_pin,approved,APPROVE,38.0,0.9055263157894736,0,0,0,0,0,0,0,1,118,11,12,18,terminal_customer_network_burst,0.18,0.010904210245843439,0.18
X000033463,2026-01-30 12:43:09,C000284,A0000284,M00311,T01079,Midwest,Midwest,61.96,USD,card_present,3ds,approved,APPROVE,48.91,1.2668166019218974,0,0,0,0,0,0,0,2,107,15,17,18,terminal_customer_network_burst,0.18,0.018757797865998814,0.18
X000159583,2026-01-30 12:43:22,C001315,A0001315,M00560,T00434,West,West,103.37,USD,card_present,chip_pin,approved,APPROVE,49.14,2.1035816035816035,0,0,0,0,0,0,0,0,64,11,8,18,terminal_customer_network_burst,0.18,0.015589179534851446,0.18
X000068544,2026-01-30 12:43:36,C000581,A0000581,M00257,T00772,South,South,57.9,USD,card_present,3ds,approved,APPROVE,47.33,1.223325586308895,0,0,0,0,0,0,0,2,249,17,14,18,terminal_customer_network_burst,0.18,0.036511922567177675,0.18
X000005184,2026-01-30 12:43:39,C000048,A0000048,M00569,T00983,South,South,41.51,USD,card_present,magstripe,approved,APPROVE,46.85,0.8860192102454642,0,0,0,0,1,0,0,2,97,8,11,18,terminal_customer_network_burst,0.18,0.018005845081513414,0.18
X000104574,2026-01-30 12:44:09,C000880,A0000880,M00487,T00270,South,South,48.0,USD,card_present,chip_pin,approved,APPROVE,74.29,0.6461165701978732,0,0,0,0,0,0,0,1,145,15,12,18,terminal_customer_network_burst,0.18,0.016821735650809903,0.18
X000077594,2026-01-30 12:44:26,C000653,A0000653,M00697,T00612,West,West,356.21,USD,ecommerce,chip_pin,approved,APPROVE,208.69,1.7068858114907277,0,0,0,1,0,0,0,5,70,4,27,25,customer_velocity,0.25,0.006067820630562402,0.25
X000154534,2026-01-30 12:44:28,C001273,A0001273,M00351,T00966,West,West,26.18,USD,ecommerce,chip_pin,approved,APPROVE,24.13,1.0849564857024452,0,0,0,1,0,0,0,2,73,11,10,18,terminal_customer_network_burst,0.18,0.013209464989363607,0.18
X000071270,2026-01-30 12:46:19,C000605,A0000605,M00066,T00171,West,West,312.41,USD,ecommerce,chip_pin,approved,APPROVE,186.41,1.6759294029290275,0,0,0,1,0,0,0,4,97,6,33,0,,0.0,0.005959105902392753,0.005959105902392753
X000036564,2026-01-30 12:46:45,C000313,A0000313,M00650,T01097,Midwest,Midwest,37.29,USD,mobile_wallet,3ds,approved,APPROVE,33.59,1.110151830902054,0,0,0,0,0,1,0,1,117,13,13,18,terminal_customer_network_burst,0.18,0.021672081350762172,0.18
X000218610,2026-01-30 12:46:48,C001786,A0001786,M00048,T00107,Northeast,Northeast,12.78,USD,mobile_wallet,wallet_biometric,approved,APPROVE,19.86,0.6435045317220544,0,0,0,0,0,1,0,4,157,12,21,18,terminal_customer_network_burst,0.18,0.019411023461606794,0.18
X000087729,2026-01-30 12:47:24,C000736,A0000736,M00745,T00344,Northeast,Northeast,14.26,USD,ecommerce,chip_pin,approved,APPROVE,35.02,0.4071958880639634,0,0,0,1,0,0,0,1,69,8,15,18,terminal_customer_network_burst,0.18,0.005281462330151117,0.18
X000141818,2026-01-30 12:48:32,C001169,A0001169,M00759,T00114,Northeast,Northeast,53.8,USD,mobile_wallet,3ds,approved,APPROVE,104.26,0.5160176481872242,0,0,0,0,0,1,0,2,59,12,19,18,terminal_customer_network_burst,0.18,0.01214786915072689,0.18
X000154971,2026-01-30 12:48:33,C001277,A0001277,M00123,T00812,Midwest,Midwest,75.2,USD,card_present,3ds,approved,APPROVE,129.22,0.5819532580095961,0,0,0,0,0,0,0,2,267,19,26,18,terminal_customer_network_burst,0.18,0.025559091166178664,0.18
X000070072,2026-01-30 12:48:45,C000596,A0000596,M00022,T00830,South,South,223.28,USD,card_present,chip_pin,approved,APPROVE,186.24,1.1988831615120275,0,0,0,0,0,0,0,6,167,13,37,43,customer_velocity;terminal_customer_network_burst,0.43,0.014114032730924847,0.43
X000139546,2026-01-30 12:49:07,C001150,A0001150,M00376,T00181,South,South,40.71,USD,card_present,chip_pin,approved,APPROVE,54.96,0.7407205240174672,0,0,0,0,0,0,0,4,252,17,33,18,terminal_customer_network_burst,0.18,0.02095376835801018,0.18
X000062988,2026-01-30 12:49:18,C000534,A0000534,M00085,T00814,Northeast,Northeast,107.48,USD,ecommerce,chip_pin,approved,APPROVE,169.77,0.6330918301231078,0,0,0,1,0,0,0,3,116,4,43,0,,0.0,0.0020764064743904378,0.0020764064743904378
X000018307,2026-01-30 12:49:19,C000156,A0000156,M00587,T01174,South,South,107.68,USD,ecommerce,magstripe,approved,APPROVE,107.47,1.0019540336838189,0,0,0,1,1,0,0,4,205,18,28,18,terminal_customer_network_burst,0.18,0.06030635340067993,0.18
X000025497,2026-01-30 12:49:26,C000217,A0000217,M00002,T00850,Northeast,Northeast,57.22,USD,mobile_wallet,chip_pin,approved,APPROVE,31.74,1.8027725267800883,0,0,0,0,0,1,0,4,111,12,19,18,terminal_customer_network_burst,0.18,0.029245080789753783,0.18
X000165100,2026-01-30 12:49:28,C001362,A0001362,M00168,T00981,Northeast,Northeast,189.28,USD,ecommerce,3ds,approved,APPROVE,83.35,2.270905818836233,0,0,0,1,0,0,0,4,196,13,17,18,terminal_customer_network_burst,0.18,0.036786146215910975,0.18
X000083788,2026-01-30 12:50:04,C000700,A0000700,M00354,T00072,Northeast,Northeast,69.99,USD,card_present,wallet_biometric,approved,APPROVE,52.12,1.3428626247122026,0,0,0,0,0,0,0,1,106,12,15,18,terminal_customer_network_burst,0.18,0.01288722862650939,0.18
X000034787,2026-01-30 12:50:11,C000295,A0000295,M00074,T00967,South,South,50.27,USD,mobile_wallet,3ds,approved,APPROVE,54.15,0.9283471837488458,0,0,0,0,0,1,0,3,208,15,18,18,terminal_customer_network_burst,0.18,0.03429505037400541,0.18
X000027198,2026-01-30 12:51:07,C000234,A0000234,M00420,T00678,West,West,92.61,USD,card_present,3ds,approved,APPROVE,126.7,0.730939226519337,0,0,0,0,0,0,0,2,95,11,30,18,terminal_customer_network_burst,0.18,0.006025310045091627,0.18
X000015050,2026-01-30 12:51:32,C000127,A0000127,M00038,T00321,South,South,53.23,USD,ecommerce,chip_pin,approved,APPROVE,52.26,1.0185610409491006,0,0,0,1,0,0,0,0,137,13,7,18,terminal_customer_network_burst,0.18,0.01669212475855426,0.18
X000040429,2026-01-30 12:52:18,C000343,A0000343,M00018,T00234,South,South,36.76,USD,mobile_wallet,chip_pin,approved,APPROVE,51.15,0.7186705767350928,0,0,0,0,0,1,0,2,93,9,19,18,terminal_customer_network_burst,0.18,0.010104053145687726,0.18
X000154972,2026-01-30 12:52:19,C001277,A0001277,M00123,T00812,Midwest,Midwest,113.26,USD,card_present,wallet_biometric,approved,APPROVE,129.22,0.876489707475623,0,0,0,0,0,0,0,3,268,19,27,18,terminal_customer_network_burst,0.18,0.03129641101810935,0.18
X000039696,2026-01-30 12:52:54,C000337,A0000337,M00684,T01008,West,West,50.62,USD,card_present,3ds,approved,APPROVE,43.99,1.1507160718345077,0,0,0,0,0,0,0,2,91,8,7,18,terminal_customer_network_burst,0.18,0.01042161563458963,0.18
X000092355,2026-01-30 12:52:55,C000773,A0000773,M00376,T00181,South,South,9.88,USD,ecommerce,3ds,approved,APPROVE,45.11,0.21902017291066284,0,0,0,1,0,0,0,3,253,17,39,18,terminal_customer_network_burst,0.18,0.01320239169931607,0.18
X000119581,2026-01-30 12:53:27,C000992,A0000992,M00788,T01136,South,South,24.33,USD,card_present,chip_pin,approved,APPROVE,20.57,1.1827904715605249,0,0,0,0,0,0,0,2,50,10,10,18,terminal_customer_network_burst,0.18,0.010924111815191501,0.18
X000093102,2026-01-30 12:53:33,C000780,A0000780,M00067,T00948,South,South,66.7,USD,card_present,3ds,approved,APPROVE,66.83,0.9980547658237319,0,0,0,0,0,0,0,7,207,17,19,43,customer_velocity;terminal_customer_network_burst,0.43,0.04539336891986372,0.43
X000204338,2026-01-30 12:54:07,C001668,A0001668,M00772,T00124,Midwest,Midwest,143.25,USD,ecommerce,chip_pin,approved,APPROVE,146.34,0.9788847888478884,0,0,0,1,0,0,0,4,123,12,51,18,terminal_customer_network_burst,0.18,0.0054524379837099105,0.18
X000191202,2026-01-30 12:54:12,C001569,A0001569,M00476,T00184,Midwest,Midwest,112.37,USD,mobile_wallet,chip_pin,approved,APPROVE,91.86,1.2232745482255607,0,0,0,0,0,1,0,5,99,10,24,43,customer_velocity;terminal_customer_network_burst,0.43,0.017080006591329452,0.43
X000185938,2026-01-30 12:54:15,C001528,A0001528,M00179,T00767,Midwest,Midwest,24.73,USD,card_present,3ds,approved,APPROVE,24.88,0.9939710610932476,0,0,0,0,0,0,0,2,82,13,25,18,terminal_customer_network_burst,0.18,0.009647950444135267,0.18
X000149849,2026-01-30 12:54:17,C001234,A0001234,M00271,T00227,Northeast,Northeast,44.2,USD,card_present,wallet_biometric,approved,APPROVE,62.77,0.7041580372789549,0,0,0,0,0,0,0,0,66,9,9,18,terminal_customer_network_burst,0.18,0.0068101183456963695,0.18
X000182907,2026-01-30 12:55:06,C001504,A0001504,M00231,T00811,South,South,87.33,USD,card_present,chip_pin,approved,APPROVE,56.82,1.536958817317846,0,0,0,0,0,0,0,3,130,13,11,18,terminal_customer_network_burst,0.18,0.02384109220782841,0.18
X000076488,2026-01-30 12:55:13,C000643,A0000643,M00283,T01004,Northeast,Northeast,69.91,USD,card_present,chip_pin,approved,APPROVE,44.49,1.5713643515396718,0,0,0,0,0,0,0,1,120,9,32,18,terminal_customer_network_burst,0.18,0.005947708422514474,0.18
X000119296,2026-01-30 12:55:25,C000988,A0000988,M00280,T00178,Northeast,Northeast,12.28,USD,ecommerce,3ds,approved,APPROVE,18.06,0.6799557032115172,0,0,0,1,0,0,0,1,100,11,13,18,terminal_customer_network_burst,0.18,0.009709638694840542,0.18
X000113075,2026-01-30 12:56:18,C000944,A0000944,M00534,T00729,Northeast,West,355.15,USD,mobile_wallet,wallet_biometric,approved,APPROVE,227.5,1.561098901098901,0,0,0,0,0,1,1,7,40,9,0,70,customer_velocity;new_customer_terminal_pair;terminal_customer_network_burst;home_region_mismatch,0.7,0.3135495197338663,0.7
X000052690,2026-01-30 12:56:44,C000444,A0000444,M00205,T00871,South,South,47.36,USD,card_present,wallet_biometric,approved,APPROVE,60.92,0.7774130006565988,0,0,0,0,0,0,0,3,109,9,9,18,terminal_customer_network_burst,0.18,0.011123250521742768,0.18
X000044830,2026-01-30 12:56:49,C000378,A0000378,M00005,T00817,South,South,321.97,USD,card_present,3ds,approved,APPROVE,165.46,1.9459083766469238,0,0,0,0,0,0,0,6,224,14,30,43,customer_velocity;terminal_customer_network_burst,0.43,0.03084683269103375,0.43
X000146338,2026-01-30 12:57:17,C001207,A0001207,M00553,T00625,West,West,12.87,USD,card_present,chip_pin,approved,APPROVE,39.48,0.32598784194528874,0,0,0,0,0,0,0,1,54,6,16,0,,0.0,0.0035597195197248905,0.0035597195197248905
X000060728,2026-01-30 12:57:19,C000517,A0000517,M00020,T00254,South,South,97.88,USD,ecommerce,chip_pin,approved,APPROVE,74.15,1.3200269723533378,0,0,0,1,0,0,0,3,208,17,18,18,terminal_customer_network_burst,0.18,0.03566003395187769,0.18
X000059208,2026-01-30 12:57:26,C000503,A0000503,M00544,T00846,South,South,319.08,USD,card_present,3ds,approved,APPROVE,101.75,3.135921375921376,0,0,0,0,0,0,0,2,183,14,11,48,amount_vs_profile;terminal_customer_network_burst,0.48,0.05111827169368751,0.48
X000047488,2026-01-30 12:57:29,C000400,A0000400,M00708,T00450,West,West,25.06,USD,card_present,3ds,approved,APPROVE,35.28,0.7103174603174602,0,0,0,0,0,0,0,1,57,9,17,18,terminal_customer_network_burst,0.18,0.005792419013711847,0.18
X000026321,2026-01-30 12:57:39,C000225,A0000225,M00282,T01131,South,South,12.23,USD,mobile_wallet,3ds,approved,APPROVE,31.9,0.3833855799373041,0,0,0,0,0,1,0,0,270,19,7,18,terminal_customer_network_burst,0.18,0.05112788252475333,0.18
X000184057,2026-01-30 12:57:48,C001516,A0001516,M00600,T00588,South,South,143.9,USD,card_present,chip_pin,approved,APPROVE,98.31,1.4637371579696878,0,0,0,0,0,0,0,0,123,14,19,18,terminal_customer_network_burst,0.18,0.013987965146404453,0.18
X000244588,2026-01-30 12:57:58,C001994,A0001994,M00667,T00609,Northeast,Northeast,101.07,USD,ecommerce,wallet_biometric,approved,APPROVE,25.69,3.9342156481121053,0,0,0,1,0,0,0,1,249,22,15,48,amount_vs_profile;terminal_customer_network_burst,0.48,0.15880448022958393,0.48
X000177633,2026-01-30 12:58:16,C001461,A0001461,M00339,T00123,Northeast,West,151.66,USD,ecommerce,3ds,approved,APPROVE,251.98,0.601873164536868,0,0,0,1,0,0,1,5,42,4,0,52,customer_velocity;new_customer_terminal_pair;home_region_mismatch,0.52,0.08638269550479034,0.52
X000237302,2026-01-30 12:58:24,C001935,A0001935,M00798,T00402,Northeast,Northeast,505.07,USD,card_present,chip_pin,approved,APPROVE,144.04,3.506456539850042,0,0,0,0,0,0,0,0,174,12,13,48,amount_vs_profile;terminal_customer_network_burst,0.48,0.034490898586831485,0.48
X000186256,2026-01-30 12:58:45,C001531,A0001531,M00191,T00441,Midwest,Midwest,36.1,USD,ecommerce,chip_pin,approved,APPROVE,28.07,1.2860705379408621,0,0,0,1,0,0,0,1,144,12,13,18,terminal_customer_network_burst,0.18,0.01560112564166407,0.18
X000244998,2026-01-30 12:59:00,C001996,A0001996,M00282,T01131,South,South,66.02,USD,card_present,wallet_biometric,approved,APPROVE,58.94,1.1201221581269087,0,0,0,0,0,0,0,2,271,19,21,18,terminal_customer_network_burst,0.18,0.03739719213694635,0.18
X000045587,2026-01-30 13:00:08,C000382,A0000382,M00679,T00587,Northeast,Northeast,672.51,USD,card_present,3ds,approved,APPROVE,572.35,1.174997816021665,0,0,0,0,0,0,0,4,203,12,38,18,terminal_customer_network_burst,0.18,0.010449506329975846,0.18
X000147353,2026-01-30 13:00:09,C001216,A0001216,M00490,T00340,South,South,43.32,USD,mobile_wallet,3ds,approved,APPROVE,43.69,0.9915312428473335,0,0,0,0,0,1,0,4,101,8,21,18,terminal_customer_network_burst,0.18,0.012122512567476202,0.18
X000034336,2026-01-30 13:00:27,C000291,A0000291,M00282,T01071,South,South,306.26,USD,ecommerce,wallet_biometric,approved,APPROVE,109.29,2.8022691920578278,0,0,0,1,0,0,0,2,83,8,18,18,terminal_customer_network_burst,0.18,0.014729249564392482,0.18
X000150763,2026-01-30 13:00:33,C001240,A0001240,M00320,T00150,West,West,210.99,USD,ecommerce,3ds,approved,APPROVE,285.64,0.7386570508332168,0,0,0,1,0,0,0,5,168,10,22,43,customer_velocity;terminal_customer_network_burst,0.43,0.012555680207196745,0.43
X000187849,2026-01-30 13:00:37,C001543,A0001543,M00211,T01068,Midwest,Midwest,592.35,USD,ecommerce,chip_pin,approved,APPROVE,217.69,2.721071248105104,0,0,0,1,0,0,0,2,131,8,69,18,terminal_customer_network_burst,0.18,0.003106995260748153,0.18
X000037825,2026-01-30 13:00:38,C000323,A0000323,M00669,T00703,South,South,134.62,USD,card_present,chip_pin,approved,APPROVE,179.55,0.7497632971317182,0,0,0,0,0,0,0,2,159,9,15,18,terminal_customer_network_burst,0.18,0.009167338354375,0.18
X000146111,2026-01-30 13:00:54,C001205,A0001205,M00588,T01157,West,West,54.11,USD,card_present,chip_pin,approved,APPROVE,69.5,0.7785611510791367,0,0,0,0,0,0,0,3,40,10,15,18,terminal_customer_network_burst,0.18,0.008651148117743075,0.18
X000166981,2026-01-30 13:01:25,C001379,A0001379,M00592,T00596,South,South,86.58,USD,card_present,chip_pin,approved,APPROVE,44.46,1.9473684210526314,0,0,0,0,0,0,0,5,153,13,17,43,customer_velocity;terminal_customer_network_burst,0.43,0.030940528751488987,0.43
X000136910,2026-01-30 13:01:36,C001126,A0001126,M00090,T00822,South,South,113.38,USD,card_present,chip_pin,approved,APPROVE,103.68,1.093557098765432,0,0,0,0,0,0,0,5,178,11,32,43,customer_velocity;terminal_customer_network_burst,0.43,0.011494617126816382,0.43
X000114706,2026-01-30 13:01:46,C000954,A0000954,M00328,T00351,Midwest,Midwest,78.96,USD,ecommerce,chip_pin,approved,APPROVE,30.99,2.547918683446273,0,0,0,1,0,0,0,1,101,13,17,18,terminal_customer_network_burst,0.18,0.022949028509957954,0.18
X000237094,2026-01-30 13:01:51,C001934,A0001934,M00786,T00776,Northeast,Northeast,293.84,USD,ecommerce,wallet_biometric,approved,APPROVE,164.43,1.7870218329988443,0,0,0,1,0,0,0,6,97,10,36,43,customer_velocity;terminal_customer_network_burst,0.43,0.01146193068797798,0.43
X000131836,2026-01-30 13:01:58,C001085,A0001085,M00661,T00337,Northeast,Northeast,32.6,USD,ecommerce,chip_pin,approved,APPROVE,30.1,1.0830564784053156,0,0,0,1,0,0,0,1,182,14,11,18,terminal_customer_network_burst,0.18,0.021319451157362702,0.18
X000150764,2026-01-30 13:02:18,C001240,A0001240,M00190,T00615,West,West,454.7,USD,card_present,chip_pin,approved,APPROVE,285.64,1.5918638846099986,0,0,0,0,0,0,0,6,65,9,30,43,customer_velocity;terminal_customer_network_burst,0.43,0.009978622435838642,0.43
X000070303,2026-01-30 13:02:35,C000597,A0000597,M00379,T01176,South,South,344.99,USD,card_present,3ds,approved,APPROVE,149.87,2.3019283378928406,0,0,0,0,0,0,0,6,169,13,33,43,customer_velocity;terminal_customer_network_burst,0.43,0.02507639351370515,0.43
X000069342,2026-01-30 13:02:50,C000589,A0000589,M00507,T00488,South,South,273.11,USD,card_present,chip_pin,approved,APPROVE,211.98,1.2883762619115011,0,0,0,0,0,0,0,6,179,11,37,43,customer_velocity;terminal_customer_network_burst,0.43,0.011929586487408902,0.43
X000149788,2026-01-30 13:04:12,C001233,A0001233,M00298,T00941,Northeast,Northeast,28.98,USD,card_present,magstripe,approved,APPROVE,36.19,0.8007736943907158,0,0,0,0,1,0,0,2,99,9,13,18,terminal_customer_network_burst,0.18,0.018439513998190327,0.18
X000204339,2026-01-30 13:04:51,C001668,A0001668,M00772,T00124,Midwest,Midwest,437.74,USD,card_present,3ds,approved,APPROVE,146.34,2.991253245865792,0,0,0,0,0,0,0,5,124,12,52,43,customer_velocity;terminal_customer_network_burst,0.43,0.012744230886976534,0.43
X000230888,2026-01-30 13:05:55,C001883,A0001883,M00240,T00605,Midwest,Midwest,55.54,USD,card_present,3ds,approved,APPROVE,63.6,0.8732704402515723,0,0,0,0,0,0,0,4,153,13,22,18,terminal_customer_network_burst,0.18,0.015311159883576857,0.18
X000229545,2026-01-30 13:06:00,C001870,A0001870,M00524,T00500,West,West,52.3,USD,card_present,chip_pin,approved,APPROVE,69.2,0.7557803468208092,0,0,0,0,0,0,0,2,48,8,13,18,terminal_customer_network_burst,0.18,0.006555302827836367,0.18
X000078337,2026-01-30 13:06:19,C000659,A0000659,M00434,T00133,South,South,38.22,USD,mobile_wallet,3ds,approved,APPROVE,31.77,1.2030217186024552,0,0,0,0,0,1,0,3,189,13,35,18,terminal_customer_network_burst,0.18,0.016865634943877713,0.18
X000014256,2026-01-30 13:06:32,C000121,A0000121,M00541,T00575,South,South,76.18,USD,card_present,wallet_biometric,approved,APPROVE,58.02,1.3129955187866253,0,0,0,0,0,0,0,4,117,9,20,18,terminal_customer_network_burst,0.18,0.01112049373225728,0.18
X000090106,2026-01-30 13:06:56,C000753,A0000753,M00492,T00550,West,West,35.09,USD,ecommerce,chip_pin,approved,APPROVE,60.36,0.5813452617627568,0,0,0,1,0,0,0,1,77,7,11,0,,0.0,0.005850778926789678,0.005850778926789678
X000104779,2026-01-30 13:06:58,C000882,A0000882,M00481,T00116,Northeast,Northeast,16.69,USD,card_present,3ds,approved,APPROVE,26.23,0.6362943194815097,0,0,0,0,0,0,0,2,95,10,30,18,terminal_customer_network_burst,0.18,0.005151174931853439,0.18
X000023079,2026-01-30 13:07:11,C000197,A0000197,M00753,T00413,South,South,59.34,USD,mobile_wallet,3ds,approved,APPROVE,131.98,0.4496135778148205,0,0,0,0,0,1,0,1,219,15,26,18,terminal_customer_network_burst,0.18,0.017963796286081708,0.18
X000173453,2026-01-30 13:07:24,C001430,A0001430,M00574,T00190,Midwest,Midwest,277.33,USD,card_present,chip_pin,approved,APPROVE,113.63,2.440640675877849,0,0,0,0,0,0,0,3,224,17,12,18,terminal_customer_network_burst,0.18,0.06555719113573873,0.18
X000224796,2026-01-30 13:07:26,C001833,A0001833,M00731,T00584,Northeast,Northeast,57.99,USD,ecommerce,wallet_biometric,approved,APPROVE,18.15,3.19504132231405,0,0,0,1,0,0,0,2,116,8,19,48,amount_vs_profile;terminal_customer_network_burst,0.48,0.01816491819595665,0.48
X000200842,2026-01-30 13:07:43,C001645,A0001645,M00191,T00591,Midwest,Midwest,64.42,USD,ecommerce,chip_pin,approved,APPROVE,71.08,0.9063027574563872,0,0,0,1,0,0,0,5,59,8,22,43,customer_velocity;terminal_customer_network_burst,0.43,0.00803605740841669,0.43
X000114316,2026-01-30 13:07:58,C000951,A0000951,M00080,T00590,Midwest,Midwest,57.21,USD,ecommerce,3ds,approved,APPROVE,90.52,0.6320150243040212,0,0,0,1,0,0,0,2,124,8,28,18,terminal_customer_network_burst,0.18,0.004921586368482222,0.18
X000214525,2026-01-30 13:08:00,C001752,A0001752,M00484,T00728,South,South,149.52,USD,mobile_wallet,chip_pin,approved,APPROVE,165.32,0.9044277764335834,0,0,0,0,0,1,0,0,235,14,27,18,terminal_customer_network_burst,0.18,0.01723167857954565,0.18
X000206512,2026-01-30 13:08:19,C001686,A0001686,M00663,T00502,West,West,138.19,USD,mobile_wallet,wallet_biometric,approved,APPROVE,109.29,1.2644340744807392,0,0,0,0,0,1,0,1,168,9,24,18,terminal_customer_network_burst,0.18,0.011558818102859523,0.18
X000026479,2026-01-30 13:08:30,C000227,A0000227,M00561,T00275,Midwest,Midwest,12.15,USD,card_present,chip_pin,approved,APPROVE,29.33,0.4142516195022162,0,0,0,0,0,0,0,1,68,9,10,18,terminal_customer_network_burst,0.18,0.0066246645167435695,0.18
X000040080,2026-01-30 13:08:36,C000340,A0000340,M00134,T00440,Midwest,Midwest,47.74,USD,card_present,chip_pin,approved,APPROVE,71.81,0.6648099150536138,0,0,0,0,0,0,0,2,54,10,22,18,terminal_customer_network_burst,0.18,0.006075601274544175,0.18
X000069343,2026-01-30 13:09:22,C000589,A0000589,M00173,T01167,South,South,128.27,USD,card_present,chip_pin,approved,APPROVE,211.98,0.6051042551184075,0,0,0,0,0,0,0,7,156,8,54,43,customer_velocity;terminal_customer_network_burst,0.43,0.0038839574365489666,0.43
X000092356,2026-01-30 13:09:56,C000773,A0000773,M00099,T00459,South,South,37.3,USD,ecommerce,3ds,approved,APPROVE,45.11,0.8268676568388383,0,0,0,1,0,0,0,4,119,11,20,18,terminal_customer_network_burst,0.18,0.012255863182772282,0.18
X000100453,2026-01-30 13:09:56,C000845,A0000845,M00478,T00667,Midwest,Midwest,88.31,USD,card_present,3ds,approved,APPROVE,175.06,0.5044556152176397,0,0,0,0,0,0,0,2,175,14,35,18,terminal_customer_network_burst,0.18,0.00818277673278199,0.18
X000073724,2026-01-30 13:10:00,C000623,A0000623,M00479,T00906,Midwest,Midwest,102.69,USD,ecommerce,magstripe,approved,APPROVE,104.99,0.9780931517287361,0,0,0,1,1,0,0,4,101,6,35,0,,0.0,0.00919879258026917,0.00919879258026917
X000218999,2026-01-30 13:11:04,C001789,A0001789,M00689,T01179,Northeast,Northeast,66.83,USD,mobile_wallet,chip_pin,approved,APPROVE,97.43,0.6859283588217181,0,0,0,0,0,1,0,4,183,18,44,18,terminal_customer_network_burst,0.18,0.02038905379722802,0.18
X000098558,2026-01-30 13:11:10,C000826,A0000826,M00441,T01043,West,West,17.12,USD,mobile_wallet,chip_pin,approved,APPROVE,29.66,0.5772083614295348,0,0,0,0,0,1,0,3,127,8,22,18,terminal_customer_network_burst,0.18,0.009441118398187044,0.18
X000080088,2026-01-30 13:11:25,C000674,A0000674,M00023,T00839,Midwest,Midwest,349.02,USD,ecommerce,chip_pin,approved,APPROVE,400.29,0.8719178595518249,0,0,0,1,0,0,0,2,95,9,32,18,terminal_customer_network_burst,0.18,0.004980790748678183,0.18
X000197466,2026-01-30 13:11:53,C001621,A0001621,M00416,T00403,West,West,166.02,USD,card_present,3ds,approved,APPROVE,173.71,0.9557308157273617,0,0,0,0,0,0,0,3,160,13,46,18,terminal_customer_network_burst,0.18,0.006623184236252592,0.18
X000163072,2026-01-30 13:11:54,C001345,A0001345,M00668,T00166,Midwest,Midwest,231.8,USD,card_present,wallet_biometric,approved,APPROVE,169.46,1.3678744246429837,0,0,0,0,0,0,0,4,78,12,55,18,terminal_customer_network_burst,0.18,0.004737626482351159,0.18
X000089431,2026-01-30 13:12:57,C000748,A0000748,M00295,T00163,South,South,305.51,USD,card_present,chip_pin,approved,APPROVE,224.36,1.3616954893920483,0,0,0,0,0,0,0,1,227,14,52,18,terminal_customer_network_burst,0.18,0.006800693862298679,0.18
X000235481,2026-01-30 13:14:30,C001919,A0001919,M00488,T00046,Northeast,Northeast,101.13,USD,card_present,chip_pin,approved,APPROVE,41.19,2.4552075746540423,0,0,0,0,0,0,0,1,78,14,15,18,terminal_customer_network_burst,0.18,0.023696627628480328,0.18
X000097244,2026-01-30 13:15:14,C000814,A0000814,M00304,T00317,Midwest,Midwest,122.97,USD,mobile_wallet,chip_pin,approved,APPROVE,51.9,2.369364161849711,0,0,0,0,0,1,0,2,47,10,9,18,terminal_customer_network_burst,0.18,0.02699355267866205,0.18
X000180929,2026-01-30 13:15:38,C001487,A0001487,M00797,T00418,South,South,68.18,USD,ecommerce,chip_pin,approved,APPROVE,70.38,0.9687411196362604,0,0,0,1,0,0,0,3,155,12,15,18,terminal_customer_network_burst,0.18,0.01670890156654117,0.18
X000216796,2026-01-30 13:15:38,C001772,A0001772,M00698,T00693,West,West,96.25,USD,ecommerce,wallet_biometric,approved,APPROVE,93.69,1.0273241541253069,0,0,0,1,0,0,0,2,101,10,56,18,terminal_customer_network_burst,0.18,0.0027876244659758016,0.18
X000202724,2026-01-30 13:15:43,C001659,A0001659,M00073,T00757,South,South,17.61,USD,card_present,chip_pin,approved,APPROVE,20.94,0.8409742120343838,0,0,0,0,0,0,0,0,199,17,12,18,terminal_customer_network_burst,0.18,0.023448853537253282,0.18
X000233805,2026-01-30 13:15:44,C001906,A0001906,M00675,T00405,Midwest,Midwest,52.4,USD,mobile_wallet,3ds,approved,APPROVE,45.33,1.1559673505404808,0,0,0,0,0,1,0,4,63,4,22,0,,0.0,0.007105589628447146,0.007105589628447146
X000161946,2026-01-30 13:16:00,C001336,A0001336,M00782,T00864,Midwest,Midwest,134.28,USD,card_present,chip_pin,approved,APPROVE,75.96,1.7677725118483414,0,0,0,0,0,0,0,1,98,11,17,18,terminal_customer_network_burst,0.18,0.012498284420172924,0.18
X000019976,2026-01-30 13:16:03,C000173,A0000173,M00352,T01169,Midwest,Midwest,67.3,USD,ecommerce,chip_pin,approved,APPROVE,96.15,0.6999479979199167,0,0,0,1,0,0,0,3,90,6,29,0,,0.0,0.003983422161741483,0.003983422161741483
X000029147,2026-01-30 13:16:15,C000251,A0000251,M00251,T00619,South,West,46.0,USD,mobile_wallet,3ds,soft_decline,CHALLENGE,44.67,1.029773897470338,0,0,1,0,0,1,1,0,55,7,0,35,new_customer_terminal_pair;authentication_soft_decline;home_region_mismatch,0.35,0.38532369391826793,0.38532369391826793
X000020773,2026-01-30 13:16:45,C000181,A0000181,M00282,T00583,South,South,40.48,USD,ecommerce,3ds,approved,APPROVE,51.75,0.7822222222222222,0,0,0,1,0,0,0,0,254,18,15,18,terminal_customer_network_burst,0.18,0.028307310339359255,0.18
X000023706,2026-01-30 13:16:52,C000201,A0000201,M00740,T00080,Northeast,Northeast,352.68,USD,card_present,3ds,approved,APPROVE,309.26,1.1403996637133804,0,0,0,0,0,0,0,8,150,16,50,43,customer_velocity;terminal_customer_network_burst,0.43,0.015610780037915589,0.43
X000148289,2026-01-30 13:17:03,C001224,A0001224,M00276,T00213,Northeast,Northeast,141.02,USD,ecommerce,chip_pin,approved,APPROVE,153.7,0.917501626545218,0,0,0,1,0,0,0,5,88,8,34,43,customer_velocity;terminal_customer_network_burst,0.43,0.0059018141616024936,0.43
X000166904,2026-01-30 13:17:11,C001378,A0001378,M00406,T00057,South,South,79.76,USD,ecommerce,wallet_biometric,approved,APPROVE,56.77,1.4049674123656861,0,0,0,1,0,0,0,1,161,16,7,18,terminal_customer_network_burst,0.18,0.03288579643052845,0.18
X000073357,2026-01-30 13:17:26,C000620,A0000620,M00675,T00110,Midwest,Midwest,17.79,USD,card_present,chip_pin,approved,APPROVE,16.5,1.0781818181818181,0,0,0,0,0,0,0,3,126,9,12,18,terminal_customer_network_burst,0.18,0.011910846466732824,0.18
X000158678,2026-01-30 13:17:31,C001305,A0001305,M00501,T01003,Northeast,Northeast,26.26,USD,mobile_wallet,chip_pin,approved,APPROVE,41.2,0.637378640776699,0,0,0,0,0,1,0,0,121,11,29,18,terminal_customer_network_burst,0.18,0.00762294815391711,0.18
X000056651,2026-01-30 13:17:47,C000479,A0000479,M00535,T00606,West,West,143.43,USD,ecommerce,3ds,approved,APPROVE,108.27,1.3247436963147687,0,0,0,1,0,0,0,3,202,12,24,18,terminal_customer_network_burst,0.18,0.016288479345926313,0.18
X000238804,2026-01-30 13:18:14,C001948,A0001948,M00266,T01058,Northeast,Northeast,205.61,USD,ecommerce,3ds,approved,APPROVE,121.1,1.6978530140379853,0,0,0,1,0,0,0,3,47,7,29,0,,0.0,0.006024065704083793,0.006024065704083793
X000209821,2026-01-30 13:18:15,C001712,A0001712,M00173,T01167,South,South,817.8,USD,mobile_wallet,chip_pin,approved,APPROVE,184.84,4.424367020125514,0,0,0,0,0,1,0,5,157,8,50,73,amount_vs_profile;customer_velocity;terminal_customer_network_burst,0.73,0.024639313693492978,0.73
X000155140,2026-01-30 13:18:39,C001278,A0001278,M00217,T00815,South,South,35.36,USD,ecommerce,chip_pin,approved,APPROVE,50.36,0.7021445591739476,0,0,0,1,0,0,0,5,126,14,20,43,customer_velocity;terminal_customer_network_burst,0.43,0.01893854761686706,0.43
X000231934,2026-01-30 13:18:56,C001892,A0001892,M00414,T00189,Midwest,Midwest,153.7,USD,ecommerce,3ds,approved,APPROVE,75.65,2.03172504957039,0,0,0,1,0,0,0,0,237,18,12,18,terminal_customer_network_burst,0.18,0.048720270276775605,0.18
X000091764,2026-01-30 13:19:01,C000769,A0000769,M00738,T00002,South,South,478.46,USD,card_present,chip_pin,approved,APPROVE,268.43,1.7824386245948662,0,0,0,0,0,0,0,5,116,12,61,43,customer_velocity;terminal_customer_network_burst,0.43,0.00572536634643986,0.43
X000118656,2026-01-30 13:19:15,C000982,A0000982,M00067,T00948,South,South,56.45,USD,card_present,chip_pin,approved,APPROVE,68.73,0.8213298414084097,0,0,0,0,0,0,0,0,208,17,11,18,terminal_customer_network_burst,0.18,0.02456705402166964,0.18
X000213870,2026-01-30 13:19:37,C001746,A0001746,M00509,T01064,West,West,119.83,USD,ecommerce,chip_pin,approved,APPROVE,38.93,3.0780888774723865,0,0,0,1,0,0,0,1,81,9,6,48,amount_vs_profile;terminal_customer_network_burst,0.48,0.024025040297975905,0.48
X000065278,2026-01-30 13:20:07,C000553,A0000553,M00552,T00463,Northeast,Northeast,55.71,USD,card_present,wallet_biometric,approved,APPROVE,69.68,0.79951205510907,0,0,0,0,0,0,0,2,134,12,11,18,terminal_customer_network_burst,0.18,0.014200673165144628,0.18
X000143970,2026-01-30 13:20:09,C001186,A0001186,M00323,T01185,South,South,433.02,USD,mobile_wallet,chip_pin,approved,APPROVE,248.53,1.7423248702369933,0,0,0,0,0,1,0,6,190,14,62,43,customer_velocity;terminal_customer_network_burst,0.43,0.014096270191155806,0.43
X000077381,2026-01-30 13:20:15,C000651,A0000651,M00388,T00170,Midwest,Midwest,69.36,USD,ecommerce,3ds,approved,APPROVE,29.9,2.319732441471572,0,0,0,1,0,0,0,0,78,11,8,18,terminal_customer_network_burst,0.18,0.01857680621900933,0.18
X000030479,2026-01-30 13:20:46,C000260,A0000260,M00353,T00378,Midwest,Midwest,117.82,USD,card_present,chip_pin,approved,APPROVE,214.67,0.548842409279359,0,0,0,0,0,0,0,3,174,8,77,18,terminal_customer_network_burst,0.18,0.0011770100480144301,0.18
X000080284,2026-01-30 13:21:01,C000675,A0000675,M00712,T00064,South,South,62.4,USD,card_present,chip_pin,approved,APPROVE,48.77,1.2794750871437357,0,0,0,0,0,0,0,3,201,16,27,18,terminal_customer_network_burst,0.18,0.021932120401396835,0.18
X000054798,2026-01-30 13:21:06,C000463,A0000463,M00288,T00279,Northeast,Northeast,26.32,USD,ecommerce,chip_pin,approved,APPROVE,13.75,1.9141818181818182,0,0,0,1,0,0,0,4,119,11,15,18,terminal_customer_network_burst,0.18,0.02225791119555576,0.18
X000162395,2026-01-30 13:21:17,C001341,A0001341,M00559,T00805,Midwest,Midwest,26.08,USD,card_present,magstripe,approved,APPROVE,53.74,0.48529959062151096,0,0,0,0,1,0,0,2,77,9,9,18,terminal_customer_network_burst,0.18,0.017459627275950535,0.18
X000088101,2026-01-30 13:21:31,C000740,A0000740,M00083,T00781,Midwest,Midwest,24.5,USD,ecommerce,chip_pin,approved,APPROVE,16.08,1.52363184079602,0,0,0,1,0,0,0,1,25,4,22,0,,0.0,0.003687331789033565,0.003687331789033565
X000040913,2026-01-30 13:21:46,C000347,A0000347,M00093,T01018,Northeast,Northeast,47.78,USD,card_present,magstripe,approved,APPROVE,153.65,0.3109664822648877,0,0,0,0,1,0,0,3,124,10,33,18,terminal_customer_network_burst,0.18,0.010732183222579758,0.18
X000082039,2026-01-30 13:21:47,C000687,A0000687,M00112,T00586,West,West,73.85,USD,ecommerce,chip_pin,approved,APPROVE,39.26,1.881049414161997,0,0,0,1,0,0,0,2,96,9,11,18,terminal_customer_network_burst,0.18,0.01478414393827705,0.18
X000234713,2026-01-30 13:21:51,C001914,A0001914,M00511,T00446,Midwest,Midwest,74.78,USD,card_present,chip_pin,approved,APPROVE,344.59,0.21701152093792625,0,0,0,0,0,0,0,3,55,7,40,0,,0.0,0.002233363246562285,0.002233363246562285
X000057534,2026-01-30 13:21:54,C000487,A0000487,M00227,T00504,Midwest,Midwest,36.27,USD,card_present,3ds,approved,APPROVE,37.67,0.9628351473320945,0,0,0,0,0,0,0,2,184,11,23,18,terminal_customer_network_burst,0.18,0.010419773237753031,0.18
X000207713,2026-01-30 13:22:10,C001695,A0001695,M00183,T00617,South,South,194.17,USD,ecommerce,chip_pin,approved,APPROVE,110.1,1.7635785649409628,0,0,0,1,0,0,0,0,123,13,8,18,terminal_customer_network_burst,0.18,0.021036236070726865,0.18
X000081881,2026-01-30 13:22:19,C000685,A0000685,M00315,T01023,Midwest,Midwest,21.84,USD,ecommerce,chip_pin,approved,APPROVE,59.21,0.36885661205877385,0,0,0,1,0,0,0,3,115,8,17,18,terminal_customer_network_burst,0.18,0.006935199630908067,0.18
X000236851,2026-01-30 13:22:33,C001932,A0001932,M00376,T00181,South,South,27.06,USD,card_present,wallet_biometric,approved,APPROVE,46.32,0.5841968911917098,0,0,0,0,0,0,0,1,254,17,12,18,terminal_customer_network_burst,0.18,0.027275302152728425,0.18
X000174671,2026-01-30 13:23:05,C001439,A0001439,M00679,T00775,Northeast,Northeast,166.54,USD,card_present,3ds,approved,APPROVE,141.68,1.1754658385093166,0,0,0,0,0,0,0,3,99,13,27,18,terminal_customer_network_burst,0.18,0.011426774589287751,0.18
X000080780,2026-01-30 13:23:13,C000678,A0000678,M00420,T00678,West,West,12.4,USD,mobile_wallet,chip_pin,approved,APPROVE,21.45,0.5780885780885782,0,0,0,0,0,1,0,2,96,11,10,18,terminal_customer_network_burst,0.18,0.016242470683666334,0.18
X000178687,2026-01-30 13:23:33,C001472,A0001472,M00031,T00031,South,South,39.24,USD,card_present,chip_pin,approved,APPROVE,48.86,0.8031109291854278,0,0,0,0,0,0,0,2,178,20,20,18,terminal_customer_network_burst,0.18,0.030289897508224764,0.18
X000111554,2026-01-30 13:24:26,C000931,A0000931,M00676,T00051,Midwest,Midwest,84.26,USD,ecommerce,3ds,approved,APPROVE,116.51,0.723199725345464,0,0,0,1,0,0,0,4,214,16,42,18,terminal_customer_network_burst,0.18,0.013291421550936551,0.18
X000195232,2026-01-30 13:24:58,C001604,A0001604,M00517,T01092,Midwest,Midwest,218.54,USD,ecommerce,chip_pin,approved,APPROVE,138.09,1.5825910637989715,0,0,0,1,0,0,0,2,128,12,39,18,terminal_customer_network_burst,0.18,0.008224243890704159,0.18
X000205716,2026-01-30 13:25:18,C001679,A0001679,M00191,T01127,Midwest,Midwest,161.17,USD,ecommerce,chip_pin,approved,APPROVE,208.94,0.7713697712261893,0,0,0,1,0,0,0,4,99,7,64,0,,0.0,0.0017083344909851982,0.0017083344909851982
X000093502,2026-01-30 13:26:08,C000783,A0000783,M00399,T00567,West,West,171.76,USD,card_present,wallet_biometric,approved,APPROVE,111.36,1.5423850574712643,0,0,0,0,0,0,0,3,77,7,27,0,,0.0,0.006175945493654547,0.006175945493654547
X000148124,2026-01-30 13:26:11,C001223,A0001223,M00398,T00726,South,South,43.38,USD,ecommerce,chip_pin,approved,APPROVE,42.23,1.0272318257163155,0,0,0,1,0,0,0,1,122,9,9,18,terminal_customer_network_burst,0.18,0.010623475498496085,0.18
X000160472,2026-01-30 13:26:16,C001325,A0001325,M00733,T00848,Northeast,Northeast,50.53,USD,card_present,3ds,approved,APPROVE,53.67,0.94149431712316,0,0,0,0,0,0,0,2,115,13,12,18,terminal_customer_network_burst,0.18,0.015599842945908604,0.18
X000242350,2026-01-30 13:26:33,C001979,A0001979,M00480,T00014,Northeast,West,78.36,USD,card_present,wallet_biometric,approved,APPROVE,82.21,0.9531687142683373,0,0,0,0,0,0,1,5,39,6,0,52,customer_velocity;new_customer_terminal_pair;home_region_mismatch,0.52,0.11518403681837634,0.52
X000015502,2026-01-30 13:26:38,C000132,A0000132,M00087,T00594,South,South,31.64,USD,card_present,wallet_biometric,approved,APPROVE,48.3,0.655072463768116,0,0,0,0,0,0,0,0,92,9,11,18,terminal_customer_network_burst,0.18,0.0066895832867704605,0.18
X000235201,2026-01-30 13:26:50,C001917,A0001917,M00223,T00651,South,South,168.39,USD,ecommerce,3ds,approved,APPROVE,143.14,1.1764007265614085,0,0,0,1,0,0,0,5,178,14,42,43,customer_velocity;terminal_customer_network_burst,0.43,0.012933526610538948,0.43
X000086534,2026-01-30 13:27:02,C000726,A0000726,M00295,T00425,South,South,61.27,USD,card_present,3ds,approved,APPROVE,88.57,0.6917692220842273,0,0,0,0,0,0,0,0,309,20,12,18,terminal_customer_network_burst,0.18,0.04111747648915765,0.18
X000227394,2026-01-30 13:27:03,C001853,A0001853,M00684,T01008,West,West,210.47,USD,mobile_wallet,chip_pin,approved,APPROVE,242.76,0.866987971659252,0,0,0,0,0,1,0,3,92,8,41,18,terminal_customer_network_burst,0.18,0.005256192996637026,0.18
X000062989,2026-01-30 13:27:18,C000534,A0000534,M00085,T00814,Northeast,Northeast,288.18,USD,ecommerce,3ds,approved,APPROVE,169.77,1.697473051775932,0,0,0,1,0,0,0,4,117,4,44,0,,0.0,0.00349794115145347,0.00349794115145347
X000063467,2026-01-30 13:27:19,C000539,A0000539,M00038,T00321,South,South,22.04,USD,card_present,3ds,approved,APPROVE,38.14,0.5778710015731515,0,0,0,0,0,0,0,1,138,13,3,18,terminal_customer_network_burst,0.18,0.016968589760342493,0.18
X000235947,2026-01-30 13:27:51,C001923,A0001923,M00592,T00719,South,South,158.84,USD,ecommerce,wallet_biometric,approved,APPROVE,95.8,1.6580375782881003,0,0,0,1,0,0,0,2,199,14,17,18,terminal_customer_network_burst,0.18,0.02596009179324667,0.18
X000008955,2026-01-30 13:28:07,C000081,A0000081,M00403,T00159,Northeast,Northeast,60.89,USD,ecommerce,wallet_biometric,approved,APPROVE,43.2,1.4094907407407407,0,0,0,1,0,0,0,2,74,10,18,18,terminal_customer_network_burst,0.18,0.010379632767097781,0.18
X000085952,2026-01-30 13:28:14,C000720,A0000720,M00077,T00783,South,South,27.91,USD,mobile_wallet,chip_pin,approved,APPROVE,29.11,0.958777052559258,0,0,0,0,0,1,0,4,165,17,20,18,terminal_customer_network_burst,0.18,0.041266666728503675,0.18
X000184058,2026-01-30 13:28:45,C001516,A0001516,M00374,T00569,South,South,65.23,USD,card_present,3ds,approved,APPROVE,98.31,0.6635133760553352,0,0,0,0,0,0,0,1,138,17,25,18,terminal_customer_network_burst,0.18,0.01387125544811369,0.18
X000125152,2026-01-30 13:30:19,C001032,A0001032,M00394,T00922,South,South,388.3,USD,card_present,wallet_biometric,approved,APPROVE,220.63,1.7599601142183747,0,0,0,0,0,0,0,9,221,15,67,43,customer_velocity;terminal_customer_network_burst,0.43,0.01390579673010262,0.43
X000059923,2026-01-30 13:30:57,C000510,A0000510,M00184,T00058,South,South,29.16,USD,mobile_wallet,chip_pin,approved,APPROVE,89.95,0.32418010005558645,0,0,0,0,0,1,0,1,186,19,18,18,terminal_customer_network_burst,0.18,0.03224172112062438,0.18
X000208894,2026-01-30 13:31:00,C001704,A0001704,M00006,T00419,Midwest,Midwest,31.56,USD,card_present,wallet_biometric,approved,APPROVE,82.48,0.3826382153249272,0,0,0,0,0,0,0,1,51,7,24,0,,0.0,0.003140171426098341,0.003140171426098341
X000237908,2026-01-30 13:31:04,C001941,A0001941,M00791,T00739,South,South,65.12,USD,ecommerce,3ds,approved,APPROVE,77.96,0.8353001539250899,0,0,0,1,0,0,0,1,170,17,8,18,terminal_customer_network_burst,0.18,0.0291882121626739,0.18
X000237095,2026-01-30 13:31:20,C001934,A0001934,M00667,T00182,Northeast,Northeast,272.88,USD,mobile_wallet,3ds,approved,APPROVE,164.43,1.659551176792556,0,0,0,0,0,1,0,7,155,9,48,43,customer_velocity;terminal_customer_network_burst,0.43,0.012209459567515447,0.43
X000079589,2026-01-30 13:32:30,C000670,A0000670,M00581,T00552,West,West,34.03,USD,ecommerce,wallet_biometric,approved,APPROVE,36.5,0.9323287671232877,0,0,0,1,0,0,0,2,29,8,9,18,terminal_customer_network_burst,0.18,0.008051513611161269,0.18
X000015795,2026-01-30 13:32:35,C000134,A0000134,M00271,T00851,Northeast,Northeast,50.51,USD,card_present,chip_pin,approved,APPROVE,29.05,1.7387263339070567,0,0,0,0,0,0,0,3,138,11,26,18,terminal_customer_network_burst,0.18,0.012934146342417815,0.18
X000229142,2026-01-30 13:32:36,C001866,A0001866,M00296,T00252,South,South,24.46,USD,mobile_wallet,wallet_biometric,approved,APPROVE,38.71,0.6318780676827693,0,0,0,0,0,1,0,2,161,15,22,18,terminal_customer_network_burst,0.18,0.021281043418226932,0.18
X000211196,2026-01-30 13:32:54,C001722,A0001722,M00716,T00866,West,West,148.07,USD,card_present,wallet_biometric,approved,APPROVE,151.59,0.9767794709413549,0,0,0,0,0,0,0,3,71,9,10,18,terminal_customer_network_burst,0.18,0.010595256959347404,0.18
X000058628,2026-01-30 13:32:58,C000497,A0000497,M00032,T00431,West,West,84.71,USD,card_present,chip_pin,approved,APPROVE,55.66,1.5219187926697808,0,0,0,0,0,0,0,1,39,9,20,18,terminal_customer_network_burst,0.18,0.0069791453929607655,0.18
X000219000,2026-01-30 13:33:23,C001789,A0001789,M00689,T01179,Northeast,Northeast,78.02,USD,card_present,wallet_biometric,approved,APPROVE,97.43,0.8007800472133839,0,0,0,0,0,0,0,5,184,18,45,43,customer_velocity;terminal_customer_network_burst,0.43,0.015541590670943134,0.43
X000230681,2026-01-30 13:33:24,C001881,A0001881,M00193,T00346,West,West,69.47,USD,card_present,3ds,approved,APPROVE,70.14,0.9904476760764186,0,0,0,0,0,0,0,2,102,11,21,18,terminal_customer_network_burst,0.18,0.00911263807313449,0.18
X000120610,2026-01-30 13:33:42,C001002,A0001002,M00271,T00851,Northeast,Northeast,143.67,USD,card_present,chip_pin,approved,APPROVE,121.99,1.1777194852037052,0,0,0,0,0,0,0,1,139,11,19,18,terminal_customer_network_burst,0.18,0.010253064792597922,0.18
X000080285,2026-01-30 13:33:58,C000675,A0000675,M00376,T00181,South,South,36.35,USD,ecommerce,3ds,approved,APPROVE,48.77,0.7453352470781218,0,0,0,1,0,0,0,4,255,17,29,18,terminal_customer_network_burst,0.18,0.02531735692051735,0.18
X000001633,2026-01-30 13:34:04,C000015,A0000015,M00763,T00455,South,South,144.08,USD,ecommerce,3ds,approved,APPROVE,115.21,1.2505858866417847,0,0,0,1,0,0,0,6,136,6,59,25,customer_velocity,0.25,0.003019857793783978,0.25
X000176531,2026-01-30 13:34:21,C001455,A0001455,M00476,T00028,Midwest,Midwest,55.69,USD,card_present,3ds,approved,APPROVE,52.23,1.0662454528049015,0,0,0,0,0,0,0,2,152,11,23,18,terminal_customer_network_burst,0.18,0.010011741036049676,0.18
X000111183,2026-01-30 13:34:47,C000927,A0000927,M00544,T00846,South,South,27.52,USD,ecommerce,3ds,approved,APPROVE,58.94,0.4669155072955548,0,0,0,1,0,0,0,3,184,14,15,18,terminal_customer_network_burst,0.18,0.018574260584462335,0.18
X000108713,2026-01-30 13:34:50,C000911,A0000911,M00211,T01170,Midwest,Midwest,112.76,USD,card_present,wallet_biometric,approved,APPROVE,89.36,1.2618621307072517,0,0,0,0,0,0,0,2,170,9,30,18,terminal_customer_network_burst,0.18,0.007152584212242923,0.18
X000034993,2026-01-30 13:34:56,C000297,A0000297,M00544,T00081,South,South,51.11,USD,ecommerce,3ds,approved,APPROVE,26.17,1.952999617883072,0,0,0,1,0,0,0,2,105,13,18,18,terminal_customer_network_burst,0.18,0.01986911486753212,0.18
X000066402,2026-01-30 13:35:18,C000563,A0000563,M00299,T01117,Northeast,Northeast,22.68,USD,mobile_wallet,wallet_biometric,approved,APPROVE,25.27,0.8975069252077562,0,0,0,0,0,1,0,2,75,9,9,18,terminal_customer_network_burst,0.18,0.014303595752394574,0.18
X000073127,2026-01-30 13:35:32,C000618,A0000618,M00745,T00255,Northeast,Northeast,51.71,USD,mobile_wallet,3ds,approved,APPROVE,59.7,0.8661641541038526,0,0,0,0,0,1,0,1,33,9,7,18,terminal_customer_network_burst,0.18,0.012044387475356643,0.18
X000235202,2026-01-30 13:35:38,C001917,A0001917,M00223,T00651,South,South,387.5,USD,card_present,chip_pin,approved,APPROVE,143.14,2.7071398630711196,0,0,0,0,0,0,0,6,179,14,43,43,customer_velocity;terminal_customer_network_burst,0.43,0.024714850742191766,0.43
X000114606,2026-01-30 13:36:38,C000953,A0000953,M00497,T00382,West,West,102.25,USD,card_present,wallet_biometric,approved,APPROVE,62.54,1.6349536296770066,0,0,0,0,0,0,0,0,47,10,16,18,terminal_customer_network_burst,0.18,0.008493204705414403,0.18
X000124045,2026-01-30 13:36:55,C001026,A0001026,M00600,T00407,South,South,236.41,USD,ecommerce,chip_pin,approved,APPROVE,125.32,1.8864506862432175,0,0,0,1,0,0,0,3,162,12,39,18,terminal_customer_network_burst,0.18,0.011402315481460994,0.18
X000178688,2026-01-30 13:37:51,C001472,A0001472,M00394,T00922,South,South,122.11,USD,card_present,wallet_biometric,approved,APPROVE,48.86,2.4991813344248874,0,0,0,0,0,0,0,3,222,15,21,18,terminal_customer_network_burst,0.18,0.04035377127595899,0.18
X000212401,2026-01-30 13:37:56,C001733,A0001733,M00391,T00267,Northeast,Northeast,191.15,USD,mobile_wallet,wallet_biometric,approved,APPROVE,162.51,1.1762353085963941,0,0,0,0,0,1,0,2,129,12,36,18,terminal_customer_network_burst,0.18,0.010978292616667034,0.18
X000022602,2026-01-30 13:38:08,C000195,A0000195,M00407,T00062,West,West,50.24,USD,ecommerce,chip_pin,approved,APPROVE,82.17,0.6114153584033102,0,0,0,1,0,0,0,3,47,9,27,18,terminal_customer_network_burst,0.18,0.0052362465355444724,0.18
X000087974,2026-01-30 13:38:53,C000739,A0000739,M00251,T00619,West,West,18.12,USD,card_present,chip_pin,approved,APPROVE,42.99,0.421493370551291,0,0,0,0,0,0,0,0,56,8,16,18,terminal_customer_network_burst,0.18,0.004191774955239037,0.18
X000237303,2026-01-30 13:39:15,C001935,A0001935,M00795,T00503,Northeast,Northeast,230.5,USD,card_present,3ds,approved,APPROVE,144.04,1.6002499305748403,0,0,0,0,0,0,0,1,102,12,20,18,terminal_customer_network_burst,0.18,0.012052921680853654,0.18
X000099623,2026-01-30 13:39:27,C000837,A0000837,M00758,T00785,Northeast,Northeast,20.93,USD,card_present,3ds,approved,APPROVE,44.81,0.46708324034813653,0,0,0,0,0,0,0,4,157,11,22,18,terminal_customer_network_burst,0.18,0.010381600541045989,0.18
X000063724,2026-01-30 13:40:17,C000541,A0000541,M00184,T00927,South,South,129.39,USD,ecommerce,chip_pin,approved,APPROVE,96.59,1.3395796666321564,0,0,0,1,0,0,0,9,259,18,40,43,customer_velocity;terminal_customer_network_burst,0.43,0.04538083620005963,0.43
X000131260,2026-01-30 13:40:18,C001080,A0001080,M00668,T00869,Midwest,Midwest,45.63,USD,ecommerce,chip_pin,approved,APPROVE,51.38,0.8880887504865707,0,0,0,1,0,0,0,2,146,10,28,18,terminal_customer_network_burst,0.18,0.007319530487973523,0.18
X000143230,2026-01-30 13:40:47,C001180,A0001180,M00587,T01174,South,South,35.35,USD,card_present,chip_pin,approved,APPROVE,87.75,0.4028490028490029,0,0,0,0,0,0,0,2,206,18,16,18,terminal_customer_network_burst,0.18,0.024958766572779262,0.18
X000037525,2026-01-30 13:41:19,C000320,A0000320,M00417,T00117,South,South,61.47,USD,card_present,chip_pin,approved,APPROVE,143.01,0.4298300818124607,0,0,0,0,0,0,0,0,179,10,31,18,terminal_customer_network_burst,0.18,0.0044988672488544094,0.18
X000095525,2026-01-30 13:41:20,C000798,A0000798,M00094,T01093,South,South,107.28,USD,card_present,chip_pin,approved,APPROVE,118.88,0.9024226110363393,0,0,0,0,0,0,0,2,151,9,21,18,terminal_customer_network_burst,0.18,0.007873779545281708,0.18
X000187604,2026-01-30 13:41:26,C001542,A0001542,M00266,T00421,Northeast,Northeast,119.46,USD,card_present,chip_pin,approved,APPROVE,46.1,2.5913232104121473,0,0,0,0,0,0,0,2,157,16,21,18,terminal_customer_network_burst,0.18,0.03563655799329411,0.18
X000240922,2026-01-30 13:41:29,C001966,A0001966,M00099,T00459,South,South,53.2,USD,card_present,chip_pin,approved,APPROVE,45.88,1.1595466434176112,0,0,0,0,0,0,0,0,120,11,21,18,terminal_customer_network_burst,0.18,0.008086767284451069,0.18
X000156975,2026-01-30 13:41:52,C001291,A0001291,M00484,T00479,South,South,90.47,USD,card_present,3ds,approved,APPROVE,200.77,0.4506151317427902,0,0,0,0,0,0,0,3,165,17,19,18,terminal_customer_network_burst,0.18,0.020834514987818954,0.18
X000110089,2026-01-30 13:42:07,C000920,A0000920,M00781,T00629,Northeast,Northeast,159.9,USD,card_present,3ds,approved,APPROVE,172.94,0.9245981265178675,0,0,0,0,0,0,0,1,52,5,17,0,,0.0,0.0038856811789203687,0.0038856811789203687
X000155616,2026-01-30 13:42:10,C001281,A0001281,M00019,T00529,Northeast,Northeast,25.73,USD,card_present,3ds,approved,APPROVE,45.06,0.5710164225477141,0,0,0,0,0,0,0,3,18,7,12,0,,0.0,0.005810508714893736,0.005810508714893736
X000192762,2026-01-30 13:42:15,C001583,A0001583,M00193,T01039,West,West,39.51,USD,mobile_wallet,chip_pin,approved,APPROVE,33.99,1.1624007060900263,0,0,0,0,0,1,0,0,137,13,12,18,terminal_customer_network_burst,0.18,0.021408387830365368,0.18
X000231496,2026-01-30 13:42:18,C001889,A0001889,M00487,T00270,South,South,418.68,USD,card_present,chip_pin,approved,APPROVE,324.26,1.2911860852402395,0,0,0,0,0,0,0,5,146,15,43,43,customer_velocity;terminal_customer_network_burst,0.43,0.012892744613054239,0.43
X000193707,2026-01-30 13:42:27,C001592,A0001592,M00736,T00065,South,South,173.4,USD,card_present,chip_pin,approved,APPROVE,183.44,0.9452682075883123,0,0,0,0,0,0,0,5,183,15,36,43,customer_velocity;terminal_customer_network_burst,0.43,0.015424183229777714,0.43
X000013092,2026-01-30 13:42:30,C000114,A0000114,M00592,T00596,South,South,28.83,USD,card_present,chip_pin,approved,APPROVE,34.85,0.8272596843615494,0,0,0,0,0,0,0,1,154,13,32,18,terminal_customer_network_burst,0.18,0.007696774497475523,0.18
X000138913,2026-01-30 13:42:48,C001144,A0001144,M00693,T00687,South,South,165.41,USD,card_present,chip_pin,approved,APPROVE,55.97,2.9553332142219046,0,0,0,0,0,0,0,3,79,11,20,18,terminal_customer_network_burst,0.18,0.021989413997470054,0.18
X000164871,2026-01-30 13:42:55,C001360,A0001360,M00156,T00697,West,West,89.23,USD,ecommerce,3ds,approved,APPROVE,30.76,2.900845253576073,0,0,0,1,0,0,0,0,61,8,7,18,terminal_customer_network_burst,0.18,0.01633653437852244,0.18
X000238805,2026-01-30 13:43:02,C001948,A0001948,M00266,T01058,Northeast,Northeast,92.93,USD,ecommerce,magstripe,approved,APPROVE,121.1,0.767382328654005,0,0,0,1,1,0,0,4,48,7,30,0,,0.0,0.00974900257287475,0.00974900257287475
X000125153,2026-01-30 13:43:43,C001032,A0001032,M00051,T00286,South,South,209.31,USD,card_present,wallet_biometric,approved,APPROVE,220.63,0.9486923809092146,0,0,0,0,0,0,0,10,206,13,68,63,customer_velocity;high_customer_velocity;terminal_customer_network_burst,0.63,0.008292680775151889,0.63
X000003042,2026-01-30 13:43:49,C000028,A0000028,M00675,T00836,Midwest,Midwest,108.65,USD,ecommerce,3ds,approved,APPROVE,126.86,0.8564559356771244,0,0,0,1,0,0,0,7,70,10,42,43,customer_velocity;terminal_customer_network_burst,0.43,0.006798486239813778,0.43
X000149205,2026-01-30 13:44:28,C001228,A0001228,M00282,T01131,South,South,37.13,USD,card_present,magstripe,approved,APPROVE,55.14,0.6733768589046065,0,0,0,0,1,0,0,1,272,19,36,18,terminal_customer_network_burst,0.18,0.03709087262437305,0.18
X000139289,2026-01-30 13:44:57,C001148,A0001148,M00377,T00663,Midwest,Midwest,182.26,USD,card_present,3ds,approved,APPROVE,81.06,2.248457932395756,0,0,0,0,0,0,0,1,86,11,11,18,terminal_customer_network_burst,0.18,0.017827390925517064,0.18
X000179428,2026-01-30 13:45:05,C001476,A0001476,M00219,T00193,Northeast,Northeast,421.49,USD,mobile_wallet,chip_pin,approved,APPROVE,246.77,1.7080277181180856,0,0,0,0,0,1,0,6,166,8,70,43,customer_velocity;terminal_customer_network_burst,0.43,0.0049790905929877225,0.43
X000018512,2026-01-30 13:45:27,C000158,A0000158,M00313,T00777,Northeast,Northeast,46.14,USD,card_present,chip_pin,approved,APPROVE,26.2,1.7610687022900764,0,0,0,0,0,0,0,3,212,13,12,18,terminal_customer_network_burst,0.18,0.031023973645788443,0.18
X000240192,2026-01-30 13:45:27,C001959,A0001959,M00289,T00362,South,South,56.31,USD,mobile_wallet,wallet_biometric,approved,APPROVE,72.77,0.7738078878658788,0,0,0,0,0,1,0,1,151,18,13,18,terminal_customer_network_burst,0.18,0.03680200847376215,0.18
X000157209,2026-01-30 13:45:45,C001293,A0001293,M00423,T00628,South,South,27.31,USD,card_present,chip_pin,approved,APPROVE,103.07,0.2649655573881828,0,0,0,0,0,0,0,6,54,10,22,43,customer_velocity;terminal_customer_network_burst,0.43,0.008254607498742537,0.43
X000011965,2026-01-30 13:46:20,C000105,A0000105,M00452,T00101,Northeast,Northeast,136.91,USD,card_present,chip_pin,approved,APPROVE,136.02,1.0065431554183208,0,0,0,0,0,0,0,4,169,10,23,18,terminal_customer_network_burst,0.18,0.011460001283508511,0.18
X000116791,2026-01-30 13:46:25,C000969,A0000969,M00270,T00356,South,South,139.02,USD,card_present,3ds,approved,APPROVE,222.91,0.6236597730025571,0,0,0,0,0,0,0,2,122,10,30,18,terminal_customer_network_burst,0.18,0.005492711393432671,0.18
X000122434,2026-01-30 13:47:15,C001015,A0001015,M00326,T01151,Northeast,Northeast,40.54,USD,mobile_wallet,3ds,approved,APPROVE,37.99,1.0671229270860751,0,0,0,0,0,1,0,2,127,11,7,18,terminal_customer_network_burst,0.18,0.023514511904306163,0.18
X000042683,2026-01-30 13:47:54,C000361,A0000361,M00387,T00209,Northeast,Northeast,49.84,USD,ecommerce,chip_pin,approved,APPROVE,43.71,1.1402425074353695,0,0,0,1,0,0,0,4,123,13,22,18,terminal_customer_network_burst,0.18,0.016655935098012914,0.18
X000046761,2026-01-30 13:48:37,C000393,A0000393,M00509,T01064,West,West,343.9,USD,card_present,3ds,approved,APPROVE,236.28,1.4554765532419163,0,0,0,0,0,0,0,2,82,9,28,18,terminal_customer_network_burst,0.18,0.0065864650885285045,0.18
X000234714,2026-01-30 13:49:33,C001914,A0001914,M00511,T00446,Midwest,Midwest,271.81,USD,card_present,wallet_biometric,approved,APPROVE,344.59,0.788792478017354,0,0,0,0,0,0,0,4,56,7,41,0,,0.0,0.0030782294203455913,0.0030782294203455913
X000099624,2026-01-30 13:50:16,C000837,A0000837,M00002,T00850,Northeast,Northeast,68.17,USD,ecommerce,magstripe,approved,APPROVE,44.81,1.5213122070966303,0,0,0,1,1,0,0,5,112,12,29,43,customer_velocity;terminal_customer_network_burst,0.43,0.03222589266919768,0.43
X000115465,2026-01-30 13:50:27,C000959,A0000959,M00745,T00823,Northeast,Northeast,190.0,USD,ecommerce,magstripe,approved,APPROVE,188.1,1.0101010101010102,0,0,0,1,1,0,0,1,216,8,38,18,terminal_customer_network_burst,0.18,0.010118853394127962,0.18
X000125664,2026-01-30 13:50:28,C001035,A0001035,M00633,T00292,West,West,68.96,USD,card_present,3ds,approved,APPROVE,47.5,1.4517894736842103,0,0,0,0,0,0,0,2,115,12,27,18,terminal_customer_network_burst,0.18,0.01052872555057975,0.18
X000121236,2026-01-30 13:50:33,C001007,A0001007,M00661,T00801,Northeast,Northeast,17.21,USD,card_present,3ds,approved,APPROVE,22.61,0.7611676249447148,0,0,0,0,0,0,0,0,101,12,14,18,terminal_customer_network_burst,0.18,0.009242864321724345,0.18
X000202896,2026-01-30 13:51:33,C001661,A0001661,M00146,T00711,Northeast,Northeast,37.43,USD,card_present,chip_pin,approved,APPROVE,38.15,0.981127129750983,0,0,0,0,0,0,0,2,63,11,12,18,terminal_customer_network_burst,0.18,0.010979052017795981,0.18
X000237417,2026-01-30 13:51:41,C001936,A0001936,M00516,T00435,Northeast,Northeast,61.48,USD,ecommerce,3ds,approved,APPROVE,53.89,1.1408424568565596,0,0,0,1,0,0,0,3,118,8,13,18,terminal_customer_network_burst,0.18,0.010868797992484268,0.18
X000028069,2026-01-30 13:52:06,C000242,A0000242,M00057,T00959,West,West,35.48,USD,card_present,magstripe,approved,APPROVE,21.51,1.6494653649465363,0,0,0,0,1,0,0,1,33,8,9,18,terminal_customer_network_burst,0.18,0.019740444630427994,0.18
X000244283,2026-01-30 13:53:22,C001991,A0001991,M00647,T01037,West,West,163.56,USD,ecommerce,chip_pin,approved,APPROVE,128.63,1.271554069812641,0,0,0,1,0,0,0,3,106,9,35,18,terminal_customer_network_burst,0.18,0.006150545924882441,0.18
X000243819,2026-01-30 13:53:48,C001988,A0001988,M00205,T00871,South,South,94.41,USD,ecommerce,chip_pin,approved,APPROVE,86.5,1.0914450867052023,0,0,0,1,0,0,0,5,110,9,36,43,customer_velocity;terminal_customer_network_burst,0.43,0.007069976524825235,0.43
X000211477,2026-01-30 13:54:15,C001725,A0001725,M00297,T00721,Northeast,Northeast,133.11,USD,mobile_wallet,wallet_biometric,approved,APPROVE,125.86,1.0576036866359448,0,0,0,0,0,1,0,2,176,16,12,18,terminal_customer_network_burst,0.18,0.040249255673027506,0.18
X000226821,2026-01-30 13:54:21,C001849,A0001849,M00789,T00268,Midwest,Midwest,56.9,USD,card_present,3ds,approved,APPROVE,44.91,1.2669784012469383,0,0,0,0,0,0,0,3,100,12,13,18,terminal_customer_network_burst,0.18,0.016561578323213887,0.18
X000063468,2026-01-30 13:54:24,C000539,A0000539,M00217,T00815,South,South,93.34,USD,card_present,chip_pin,approved,APPROVE,38.14,2.4472994231777663,0,0,0,0,0,0,0,2,127,14,13,18,terminal_customer_network_burst,0.18,0.03191896766788084,0.18
X000204908,2026-01-30 13:54:37,C001673,A0001673,M00295,T00926,South,South,36.25,USD,ecommerce,3ds,approved,APPROVE,27.33,1.3263812660080498,0,0,0,1,0,0,0,0,84,9,10,18,terminal_customer_network_burst,0.18,0.009373808803687458,0.18
X000042285,2026-01-30 13:54:56,C000358,A0000358,M00478,T00667,Midwest,Midwest,130.29,USD,card_present,chip_pin,approved,APPROVE,158.82,0.820362674726105,0,0,0,0,0,0,0,1,176,14,24,18,terminal_customer_network_burst,0.18,0.011819462185511137,0.18
X000101197,2026-01-30 13:55:05,C000851,A0000851,M00524,T00477,West,West,559.19,USD,ecommerce,chip_pin,approved,APPROVE,554.65,1.0081853421076357,0,0,0,1,0,0,0,3,75,12,42,18,terminal_customer_network_burst,0.18,0.005803457987413379,0.18
X000082890,2026-01-30 13:55:15,C000694,A0000694,M00376,T00048,South,South,208.2,USD,ecommerce,magstripe,approved,APPROVE,291.15,0.7150953116950026,0,0,0,1,1,0,0,3,103,8,28,18,terminal_customer_network_burst,0.18,0.011725600578019116,0.18
X000242900,2026-01-30 13:55:38,C001981,A0001981,M00077,T00306,South,South,50.13,USD,ecommerce,wallet_biometric,approved,APPROVE,34.63,1.4475887958417557,0,0,0,1,0,0,0,2,173,16,18,18,terminal_customer_network_burst,0.18,0.027315226240859986,0.18
X000200075,2026-01-30 13:55:41,C001639,A0001639,M00302,T00011,Northeast,Northeast,77.66,USD,card_present,3ds,approved,APPROVE,99.93,0.7771440008005603,0,0,0,0,0,0,0,3,151,15,28,18,terminal_customer_network_burst,0.18,0.013607603615050527,0.18
X000112417,2026-01-30 13:56:08,C000940,A0000940,M00153,T00753,South,South,72.14,USD,card_present,chip_pin,approved,APPROVE,79.58,0.9065091731590852,0,0,0,0,0,0,0,1,244,17,11,18,terminal_customer_network_burst,0.18,0.0311975413201704,0.18
X000068701,2026-01-30 13:56:22,C000583,A0000583,M00184,T00058,South,South,26.18,USD,card_present,chip_pin,approved,APPROVE,32.49,0.8057863958140966,0,0,0,0,0,0,0,2,187,19,11,18,terminal_customer_network_burst,0.18,0.03668169396602694,0.18
X000120082,2026-01-30 13:56:48,C000997,A0000997,M00790,T00840,Northeast,Northeast,87.68,USD,mobile_wallet,chip_pin,approved,APPROVE,51.04,1.7178683385579938,0,0,0,0,0,1,0,8,85,9,32,43,customer_velocity;terminal_customer_network_burst,0.43,0.019612709588759096,0.43
X000138914,2026-01-30 13:58:33,C001144,A0001144,M00693,T00687,South,South,69.64,USD,ecommerce,magstripe,approved,APPROVE,55.97,1.2442379846346256,0,0,0,1,1,0,0,4,80,11,21,18,terminal_customer_network_burst,0.18,0.02725635427718102,0.18
X000031109,2026-01-30 13:58:59,C000263,A0000263,M00562,T01175,West,West,378.62,USD,card_present,wallet_biometric,approved,APPROVE,149.88,2.5261542567387245,0,0,0,0,0,0,0,4,130,15,20,18,terminal_customer_network_burst,0.18,0.03751315232312235,0.18
X000097928,2026-01-30 13:59:07,C000820,A0000820,M00626,T01083,South,South,139.29,USD,ecommerce,3ds,approved,APPROVE,146.86,0.9484543102274273,0,0,0,1,0,0,0,2,138,14,31,18,terminal_customer_network_burst,0.18,0.010690972014405355,0.18
X000143971,2026-01-30 13:59:29,C001186,A0001186,M00029,T00167,South,South,142.34,USD,mobile_wallet,wallet_biometric,approved,APPROVE,248.53,0.5727276385144651,0,0,0,0,0,1,0,7,170,16,57,43,customer_velocity;terminal_customer_network_burst,0.43,0.013944515209580685,0.43
X000243277,2026-01-30 13:59:35,C001985,A0001985,M00372,T00192,South,South,28.98,USD,card_present,wallet_biometric,approved,APPROVE,35.73,0.8110831234256928,0,0,0,0,0,0,0,0,203,17,23,18,terminal_customer_network_burst,0.18,0.01648244867960041,0.18
X000075028,2026-01-30 14:00:53,C000631,A0000631,M00044,T01081,Northeast,Northeast,140.52,USD,card_present,3ds,approved,APPROVE,287.17,0.4893268795486994,0,0,0,0,0,0,0,7,192,16,50,43,customer_velocity;terminal_customer_network_burst,0.43,0.011895076323877865,0.43
X000157344,2026-01-30 14:00:56,C001294,A0001294,M00326,T01151,Northeast,Northeast,72.96,USD,card_present,chip_pin,approved,APPROVE,73.61,0.9911696780328759,0,0,0,0,0,0,0,0,128,11,10,18,terminal_customer_network_burst,0.18,0.010989086583226098,0.18
X000229880,2026-01-30 14:00:56,C001873,A0001873,M00243,T00806,South,South,147.34,USD,card_present,chip_pin,approved,APPROVE,203.78,0.7230346452056139,0,0,0,0,0,0,0,2,162,10,27,18,terminal_customer_network_burst,0.18,0.006982150643472041,0.18
X000042945,2026-01-30 14:01:03,C000363,A0000363,M00547,T00162,Northeast,Northeast,108.93,USD,card_present,chip_pin,approved,APPROVE,118.43,0.9197838385544204,0,0,0,0,0,0,0,7,81,9,29,43,customer_velocity;terminal_customer_network_burst,0.43,0.009193335549956914,0.43
X000182067,2026-01-30 14:01:29,C001499,A0001499,M00594,T01188,Northeast,Northeast,21.15,USD,ecommerce,magstripe,approved,APPROVE,23.65,0.8942917547568711,0,0,0,1,1,0,0,4,275,15,11,18,terminal_customer_network_burst,0.18,0.0821587647156502,0.18
X000200568,2026-01-30 14:01:41,C001643,A0001643,M00021,T00406,South,South,39.84,USD,ecommerce,magstripe,approved,APPROVE,53.74,0.7413472273911426,0,0,0,1,1,0,0,0,125,14,0,33,new_customer_terminal_pair;terminal_customer_network_burst,0.33,0.04325765180265195,0.33
X000047596,2026-01-30 14:01:53,C000401,A0000401,M00098,T01066,West,West,22.4,USD,ecommerce,3ds,approved,APPROVE,47.83,0.46832531883754963,0,0,0,1,0,0,0,1,42,9,19,18,terminal_customer_network_burst,0.18,0.004995945052920253,0.18
X000151769,2026-01-30 14:02:05,C001247,A0001247,M00601,T00769,South,South,236.01,USD,card_present,chip_pin,approved,APPROVE,119.65,1.9725031341412451,0,0,0,0,0,0,0,2,205,18,26,18,terminal_customer_network_burst,0.18,0.03383867609766857,0.18
X000075434,2026-01-30 14:03:13,C000634,A0000634,M00598,T00688,West,West,49.5,USD,card_present,chip_pin,approved,APPROVE,26.99,1.834012597258244,0,0,0,0,0,0,0,1,82,10,13,18,terminal_customer_network_burst,0.18,0.012460036186663618,0.18
X000232972,2026-01-30 14:03:40,C001899,A0001899,M00733,T00848,South,Northeast,59.9,USD,card_present,magstripe,approved,APPROVE,33.97,1.763320576979688,0,0,0,0,1,0,1,1,116,13,0,45,new_customer_terminal_pair;terminal_customer_network_burst;home_region_mismatch,0.45,0.40825639061380964,0.45
X000150455,2026-01-30 14:03:54,C001238,A0001238,M00074,T00967,South,South,34.43,USD,card_present,chip_pin,approved,APPROVE,130.71,0.263407543416724,0,0,0,0,0,0,0,4,209,15,22,18,terminal_customer_network_burst,0.18,0.01745621580100168,0.18
X000030199,2026-01-30 14:03:56,C000259,A0000259,M00003,T00787,South,South,37.26,USD,card_present,3ds,approved,APPROVE,66.02,0.564374431990306,0,0,0,0,0,0,0,1,181,15,25,18,terminal_customer_network_burst,0.18,0.01175825086112642,0.18
X000104940,2026-01-30 14:03:57,C000883,A0000883,M00223,T00651,South,South,33.19,USD,mobile_wallet,wallet_biometric,approved,APPROVE,48.23,0.6881608957080655,0,0,0,0,0,1,0,3,180,14,28,18,terminal_customer_network_burst,0.18,0.0188455074313636,0.18
X000125665,2026-01-30 14:04:11,C001035,A0001035,M00697,T00612,West,West,31.36,USD,card_present,chip_pin,approved,APPROVE,47.5,0.6602105263157895,0,0,0,0,0,0,0,3,71,4,19,0,,0.0,0.0038588943576991154,0.0038588943576991154
X000101739,2026-01-30 14:04:13,C000856,A0000856,M00545,T00484,South,South,42.05,USD,ecommerce,3ds,approved,APPROVE,71.24,0.5902582818641213,0,0,0,1,0,0,0,3,40,6,12,0,,0.0,0.005808328157559613,0.005808328157559613
X000184651,2026-01-30 14:04:41,C001521,A0001521,M00074,T00967,South,South,182.58,USD,mobile_wallet,chip_pin,approved,APPROVE,233.38,0.7823292484360271,0,0,0,0,0,1,0,5,210,15,40,43,customer_velocity;terminal_customer_network_burst,0.43,0.020395761899481998,0.43
X000075253,2026-01-30 14:04:48,C000632,A0000632,M00782,T00864,Midwest,Midwest,81.99,USD,mobile_wallet,chip_pin,approved,APPROVE,125.48,0.6534109021357984,0,0,0,0,0,1,0,3,99,11,16,18,terminal_customer_network_burst,0.18,0.015637061011632484,0.18
X000142050,2026-01-30 14:04:57,C001171,A0001171,M00327,T00251,South,South,175.31,USD,mobile_wallet,3ds,approved,APPROVE,107.06,1.6374929945824772,0,0,0,0,0,1,0,1,97,14,21,18,terminal_customer_network_burst,0.18,0.02215656115564523,0.18
X000238806,2026-01-30 14:04:59,C001948,A0001948,M00309,T01011,Northeast,Northeast,179.87,USD,card_present,3ds,approved,APPROVE,121.1,1.4853014037985137,0,0,0,0,0,0,0,5,161,14,39,43,customer_velocity;terminal_customer_network_burst,0.43,0.014644453984758254,0.43
X000082277,2026-01-30 14:05:04,C000689,A0000689,M00054,T00545,West,West,40.31,USD,card_present,chip_pin,approved,APPROVE,50.73,0.7945988566922926,0,0,0,0,0,0,0,2,102,8,11,18,terminal_customer_network_burst,0.18,0.008157772325225285,0.18
X000099827,2026-01-30 14:05:06,C000839,A0000839,M00294,T00731,South,South,49.33,USD,card_present,chip_pin,approved,APPROVE,27.92,1.766833810888252,0,0,0,0,0,0,0,2,158,15,20,18,terminal_customer_network_burst,0.18,0.02368790742617409,0.18
X000187850,2026-01-30 14:05:25,C001543,A0001543,M00211,T01068,Midwest,Midwest,81.48,USD,ecommerce,magstripe,approved,APPROVE,217.69,0.37429372042813175,0,0,0,1,1,0,0,3,132,8,70,18,terminal_customer_network_burst,0.18,0.0028303808682972804,0.18
X000118811,2026-01-30 14:05:27,C000984,A0000984,M00682,T00951,Northeast,Northeast,45.36,USD,mobile_wallet,chip_pin,approved,APPROVE,38.22,1.1868131868131868,0,0,0,0,0,1,0,4,103,10,13,18,terminal_customer_network_burst,0.18,0.021510752465776124,0.18
X000114937,2026-01-30 14:05:44,C000956,A0000956,M00566,T00310,West,West,162.56,USD,ecommerce,chip_pin,approved,APPROVE,222.07,0.7320214346827577,0,0,0,1,0,0,0,3,45,6,26,0,,0.0,0.0039616629580205166,0.0039616629580205166
X000083878,2026-01-30 14:06:10,C000701,A0000701,M00756,T00999,West,West,31.87,USD,ecommerce,3ds,approved,APPROVE,55.81,0.571044615660276,0,0,0,1,0,0,0,1,133,8,15,18,terminal_customer_network_burst,0.18,0.006652489179812805,0.18
X000136911,2026-01-30 14:07:04,C001126,A0001126,M00022,T00830,South,South,79.66,USD,card_present,chip_pin,approved,APPROVE,103.68,0.7683256172839505,0,0,0,0,0,0,0,6,168,13,34,43,customer_velocity;terminal_customer_network_burst,0.43,0.013097617309423784,0.43
X000098089,2026-01-30 14:07:22,C000821,A0000821,M00549,T00456,South,South,60.02,USD,card_present,chip_pin,approved,APPROVE,44.2,1.3579185520361992,0,0,0,0,0,0,0,0,247,20,12,18,terminal_customer_network_burst,0.18,0.045772610846919824,0.18
X000030945,2026-01-30 14:07:34,C000262,A0000262,M00168,T00020,Northeast,Northeast,169.37,USD,card_present,chip_pin,approved,APPROVE,84.93,1.9942305427999527,0,0,0,0,0,0,0,3,94,9,38,18,terminal_customer_network_burst,0.18,0.006879976697553333,0.18
X000039155,2026-01-30 14:07:35,C000333,A0000333,M00379,T01176,Midwest,South,120.04,USD,card_present,chip_pin,approved,APPROVE,85.49,1.404140835185402,0,0,0,0,0,0,1,4,170,13,0,45,new_customer_terminal_pair;terminal_customer_network_burst;home_region_mismatch,0.45,0.3096523479032908,0.45
X000053346,2026-01-30 14:07:49,C000450,A0000450,M00779,T00146,South,South,106.91,USD,card_present,magstripe,approved,APPROVE,92.33,1.15791183797249,0,0,0,0,1,0,0,1,281,16,8,18,terminal_customer_network_burst,0.18,0.07715747471949365,0.18
X000091215,2026-01-30 14:07:51,C000765,A0000765,M00268,T00608,West,West,50.58,USD,card_present,3ds,approved,APPROVE,53.85,0.939275766016713,0,0,0,0,0,0,0,2,122,6,21,0,,0.0,0.005204678873909186,0.005204678873909186
X000111698,2026-01-30 14:08:25,C000932,A0000932,M00735,T00059,Midwest,Midwest,51.16,USD,card_present,3ds,approved,APPROVE,31.07,1.646604441583521,0,0,0,0,0,0,0,1,119,7,14,0,,0.0,0.008636150586264796,0.008636150586264796
X000176127,2026-01-30 14:08:27,C001451,A0001451,M00740,T00080,Northeast,Northeast,109.35,USD,ecommerce,chip_pin,approved,APPROVE,40.14,2.724215246636771,0,0,0,1,0,0,0,2,151,16,16,18,terminal_customer_network_burst,0.18,0.04553118920728007,0.18
X000206513,2026-01-30 14:08:41,C001686,A0001686,M00663,T00502,West,West,97.47,USD,mobile_wallet,3ds,approved,APPROVE,109.29,0.8918473785341751,0,0,0,0,0,1,0,2,169,9,25,18,terminal_customer_network_burst,0.18,0.010848288793461528,0.18
X000062723,2026-01-30 14:08:52,C000532,A0000532,M00612,T01028,West,West,68.05,USD,ecommerce,3ds,approved,APPROVE,33.01,2.06149651620721,0,0,0,1,0,0,0,0,15,6,0,15,new_customer_terminal_pair,0.15,0.010253547638298556,0.15
X000042167,2026-01-30 14:08:53,C000357,A0000357,M00670,T00842,Northeast,Northeast,69.75,USD,mobile_wallet,wallet_biometric,approved,APPROVE,60.26,1.1574842349817458,0,0,0,0,0,1,0,1,86,10,10,18,terminal_customer_network_burst,0.18,0.015831413985939027,0.18
X000193708,2026-01-30 14:09:22,C001592,A0001592,M00544,T00846,South,South,84.48,USD,card_present,3ds,approved,APPROVE,183.44,0.4605320540776276,0,0,0,0,0,0,0,6,185,14,21,43,customer_velocity;terminal_customer_network_burst,0.43,0.020587512218608932,0.43
X000231497,2026-01-30 14:09:35,C001889,A0001889,M00460,T00355,South,Midwest,274.19,USD,mobile_wallet,wallet_biometric,approved,APPROVE,324.26,0.8455868747301548,0,0,0,0,0,1,1,6,116,13,0,70,customer_velocity;new_customer_terminal_pair;terminal_customer_network_burst;home_region_mismatch,0.7,0.3724022016609932,0.7
X000007149,2026-01-30 14:09:38,C000066,A0000066,M00560,T00894,West,West,69.21,USD,mobile_wallet,chip_pin,approved,APPROVE,42.7,1.6208430913348943,0,0,0,0,0,1,0,2,29,6,9,0,,0.0,0.011974776685588457,0.011974776685588457
X000009400,2026-01-30 14:09:57,C000086,A0000086,M00659,T00047,Northeast,Northeast,17.44,USD,ecommerce,chip_pin,approved,APPROVE,25.69,0.6788633709614637,0,0,0,1,0,0,0,1,117,13,12,18,terminal_customer_network_burst,0.18,0.013242272642172526,0.18
X000210636,2026-01-30 14:10:08,C001717,A0001717,M00318,T00746,Midwest,Midwest,189.13,USD,card_present,chip_pin,approved,APPROVE,95.87,1.9727756336705955,0,0,0,0,0,0,0,5,243,19,26,43,customer_velocity;terminal_customer_network_burst,0.43,0.05838592177123033,0.43
X000202798,2026-01-30 14:10:14,C001660,A0001660,M00618,T00042,Northeast,Northeast,53.41,USD,card_present,magstripe,approved,APPROVE,42.17,1.2665401944510315,0,0,0,0,1,0,0,1,121,9,18,18,terminal_customer_network_burst,0.18,0.01784239215257738,0.18
X000240099,2026-01-30 14:11:00,C001958,A0001958,M00716,T00263,West,West,60.62,USD,ecommerce,wallet_biometric,approved,APPROVE,101.3,0.5984205330700888,0,0,0,1,0,0,0,3,34,7,18,0,,0.0,0.005319862224341318,0.005319862224341318
X000058629,2026-01-30 14:11:12,C000497,A0000497,M00066,T00171,West,West,25.51,USD,ecommerce,magstripe,approved,APPROVE,55.66,0.4583183614804169,0,0,0,1,1,0,0,2,98,6,16,0,,0.0,0.01079671112218594,0.01079671112218594
X000037050,2026-01-30 14:11:13,C000317,A0000317,M00211,T01170,Midwest,Midwest,28.57,USD,card_present,3ds,approved,APPROVE,33.03,0.864971238268241,0,0,0,0,0,0,0,2,171,9,14,18,terminal_customer_network_burst,0.18,0.010228206811126173,0.18
X000017809,2026-01-30 14:11:31,C000152,A0000152,M00303,T00765,Northeast,Northeast,240.32,USD,card_present,3ds,approved,APPROVE,210.9,1.139497392128971,0,0,0,0,0,0,0,5,161,10,49,43,customer_velocity;terminal_customer_network_burst,0.43,0.005758708935306929,0.43
X000100663,2026-01-30 14:11:47,C000847,A0000847,M00520,T00143,Midwest,Midwest,20.63,USD,card_present,wallet_biometric,approved,APPROVE,28.04,0.7357346647646219,0,0,0,0,0,0,0,2,65,8,19,18,terminal_customer_network_burst,0.18,0.005594604597822521,0.18
X000181377,2026-01-30 14:11:55,C001491,A0001491,M00692,T00771,Northeast,Northeast,66.91,USD,card_present,3ds,approved,APPROVE,43.9,1.5241457858769931,0,0,0,0,0,0,0,1,163,16,29,18,terminal_customer_network_burst,0.18,0.01635339490779904,0.18
X000059924,2026-01-30 14:12:42,C000510,A0000510,M00184,T00058,South,South,104.38,USD,ecommerce,chip_pin,approved,APPROVE,89.95,1.1604224569205113,0,0,0,1,0,0,0,2,188,19,19,18,terminal_customer_network_burst,0.18,0.034660224368972196,0.18
X000130778,2026-01-30 14:14:11,C001076,A0001076,M00187,T00256,South,South,102.93,USD,card_present,chip_pin,approved,APPROVE,53.17,1.9358660899003197,0,0,0,0,0,0,0,1,157,11,15,18,terminal_customer_network_burst,0.18,0.01656844411917827,0.18
X000145871,2026-01-30 14:14:44,C001202,A0001202,M00183,T00617,South,South,52.54,USD,card_present,3ds,approved,APPROVE,35.16,1.494311717861206,0,0,0,0,0,0,0,2,124,13,7,18,terminal_customer_network_burst,0.18,0.02336091122228385,0.18
X000128467,2026-01-30 14:14:55,C001057,A0001057,M00304,T00684,Midwest,Midwest,77.82,USD,card_present,chip_pin,approved,APPROVE,68.53,1.1355610681453376,0,0,0,0,0,0,0,1,118,13,11,18,terminal_customer_network_burst,0.18,0.015623600488941177,0.18
X000058078,2026-01-30 14:15:47,C000493,A0000493,M00309,T00916,Northeast,Northeast,71.89,USD,ecommerce,magstripe,approved,APPROVE,104.71,0.6865628879763156,0,0,0,1,1,0,0,2,124,14,24,18,terminal_customer_network_burst,0.18,0.024944589079530358,0.18
X000047075,2026-01-30 14:16:17,C000396,A0000396,M00798,T01060,Northeast,Northeast,25.89,USD,card_present,3ds,approved,APPROVE,53.07,0.4878462408140192,0,0,0,0,0,0,0,0,193,10,12,18,terminal_customer_network_burst,0.18,0.008821987213484126,0.18
X000240923,2026-01-30 14:17:08,C001966,A0001966,M00645,T00155,South,South,122.63,USD,mobile_wallet,magstripe,approved,APPROVE,45.88,2.672842197035745,0,0,0,0,1,1,0,1,192,10,13,18,terminal_customer_network_burst,0.18,0.07193684209129825,0.18
X000039812,2026-01-30 14:17:33,C000338,A0000338,M00552,T00463,Northeast,Northeast,126.23,USD,ecommerce,wallet_biometric,approved,APPROVE,96.33,1.310391363022942,0,0,0,1,0,0,0,3,135,12,30,18,terminal_customer_network_burst,0.18,0.011263729917058764,0.18
X000065993,2026-01-30 14:17:53,C000559,A0000559,M00608,T00027,South,South,113.67,USD,ecommerce,wallet_biometric,approved,APPROVE,89.82,1.2655310621242486,0,0,0,1,0,0,0,2,226,17,19,18,terminal_customer_network_burst,0.18,0.03156149422569678,0.18
X000228851,2026-01-30 14:18:12,C001864,A0001864,M00038,T00813,South,South,71.72,USD,ecommerce,chip_pin,approved,APPROVE,38.74,1.851316468766133,0,0,0,1,0,0,0,2,174,10,12,18,terminal_customer_network_burst,0.18,0.019385389356548894,0.18
X000204909,2026-01-30 14:18:29,C001673,A0001673,M00295,T00926,South,South,37.38,USD,card_present,3ds,approved,APPROVE,27.33,1.3677277716794733,0,0,0,0,0,0,0,1,85,9,11,18,terminal_customer_network_burst,0.18,0.00985990526933323,0.18
X000197018,2026-01-30 14:19:21,C001618,A0001618,M00756,T00999,West,West,217.64,USD,ecommerce,3ds,approved,APPROVE,140.56,1.5483779169038132,0,0,0,1,0,0,0,2,134,8,39,18,terminal_customer_network_burst,0.18,0.005134059311610426,0.18
X000224202,2026-01-30 14:19:23,C001830,A0001830,M00151,T00462,West,Midwest,26.36,USD,mobile_wallet,magstripe,approved,APPROVE,48.32,0.5455298013245033,0,0,0,0,1,1,1,4,75,10,0,45,new_customer_terminal_pair;terminal_customer_network_burst;home_region_mismatch,0.45,0.362161403472489,0.45
X000155894,2026-01-30 14:20:16,C001283,A0001283,M00760,T00148,Midwest,Midwest,319.5,USD,card_present,3ds,approved,APPROVE,278.26,1.1482067131459786,0,0,0,0,0,0,0,3,125,11,32,18,terminal_customer_network_burst,0.18,0.008123497035874179,0.18
X000126588,2026-01-30 14:21:06,C001042,A0001042,M00052,T00843,South,South,10.09,USD,mobile_wallet,3ds,approved,APPROVE,16.47,0.6126290224650881,0,0,0,0,0,1,0,4,66,12,32,18,terminal_customer_network_burst,0.18,0.010691057959468689,0.18
X000171534,2026-01-30 14:21:23,C001414,A0001414,M00254,T00820,West,West,19.33,USD,card_present,3ds,approved,APPROVE,21.35,0.9053864168618265,0,0,0,0,0,0,0,1,39,6,24,0,,0.0,0.0033458654563789823,0.0033458654563789823
X000089117,2026-01-30 14:21:29,C000746,A0000746,M00147,T00410,South,South,91.83,USD,card_present,magstripe,approved,APPROVE,57.74,1.590405264980949,0,0,0,0,1,0,0,4,88,9,24,18,terminal_customer_network_burst,0.18,0.021835632093908593,0.18
X000168840,2026-01-30 14:21:35,C001396,A0001396,M00613,T00331,South,South,23.22,USD,card_present,chip_pin,approved,APPROVE,40.17,0.5780433159073936,0,0,0,0,0,0,0,3,195,13,20,18,terminal_customer_network_burst,0.18,0.01435906273500942,0.18
X000093980,2026-01-30 14:21:36,C000787,A0000787,M00015,T00330,South,South,19.78,USD,ecommerce,chip_pin,approved,APPROVE,42.71,0.46312339030671973,0,0,0,1,0,0,0,0,220,23,14,18,terminal_customer_network_burst,0.18,0.04201580985296186,0.18
X000161579,2026-01-30 14:21:56,C001333,A0001333,M00295,T00926,Northeast,South,308.4,USD,mobile_wallet,3ds,approved,APPROVE,151.48,2.0359123316609455,0,0,0,0,0,1,1,4,86,9,0,45,new_customer_terminal_pair;terminal_customer_network_burst;home_region_mismatch,0.45,0.30473208655776096,0.45
X000114489,2026-01-30 14:22:53,C000952,A0000952,M00531,T01106,Midwest,Midwest,315.03,USD,ecommerce,3ds,approved,APPROVE,180.81,1.7423261987721916,0,0,0,1,0,0,0,2,35,7,16,0,,0.0,0.008050162718998768,0.008050162718998768
X000236306,2026-01-30 14:23:26,C001928,A0001928,M00023,T00720,Midwest,Midwest,26.76,USD,ecommerce,wallet_biometric,approved,APPROVE,35.46,0.7546531302876481,0,0,0,1,0,0,0,2,183,12,11,18,terminal_customer_network_burst,0.18,0.016657844842715926,0.18
X000042286,2026-01-30 14:23:35,C000358,A0000358,M00478,T00667,Midwest,Midwest,78.28,USD,card_present,wallet_biometric,approved,APPROVE,158.82,0.49288502707467574,0,0,0,0,0,0,0,2,177,14,25,18,terminal_customer_network_burst,0.18,0.011297109898791395,0.18
X000123569,2026-01-30 14:24:00,C001023,A0001023,M00171,T00523,Northeast,Northeast,80.41,USD,ecommerce,chip_pin,approved,APPROVE,96.87,0.8300815525962629,0,0,0,1,0,0,0,12,148,15,65,63,customer_velocity;high_customer_velocity;terminal_customer_network_burst,0.63,0.012656713217652648,0.63
X000025321,2026-01-30 14:25:08,C000215,A0000215,M00560,T00868,West,West,80.38,USD,ecommerce,3ds,approved,APPROVE,44.1,1.822675736961451,0,0,0,1,0,0,0,2,59,7,13,0,,0.0,0.009740975554520357,0.009740975554520357
X000082556,2026-01-30 14:25:36,C000692,A0000692,M00012,T01105,South,West,11.06,USD,card_present,chip_pin,approved,APPROVE,71.28,0.15516273849607184,0,0,0,0,0,0,1,1,138,13,1,30,terminal_customer_network_burst;home_region_mismatch,0.3,0.1441511656011617,0.3
X000044405,2026-01-30 14:25:54,C000376,A0000376,M00439,T00144,West,West,86.1,USD,ecommerce,wallet_biometric,approved,APPROVE,189.71,0.4538506140951979,0,0,0,1,0,0,0,5,115,7,61,25,customer_velocity,0.25,0.0019395205741242567,0.25
X000119815,2026-01-30 14:26:04,C000995,A0000995,M00553,T00398,West,West,83.26,USD,mobile_wallet,wallet_biometric,approved,APPROVE,167.73,0.49639301257974133,0,0,0,0,0,1,0,0,67,11,10,18,terminal_customer_network_burst,0.18,0.011566333420831694,0.18
X000029623,2026-01-30 14:26:23,C000254,A0000254,M00139,T00632,Northeast,Northeast,190.84,USD,ecommerce,chip_pin,approved,APPROVE,244.89,0.7792886602147904,0,0,0,1,0,0,0,5,129,9,53,43,customer_velocity;terminal_customer_network_burst,0.43,0.003772728760104531,0.43
X000164040,2026-01-30 14:26:27,C001352,A0001352,M00416,T00403,West,West,20.91,USD,card_present,chip_pin,approved,APPROVE,28.12,0.7435988620199147,0,0,0,0,0,0,0,0,161,13,13,18,terminal_customer_network_burst,0.18,0.012426428274521856,0.18
X000163873,2026-01-30 14:26:34,C001350,A0001350,M00695,T00084,Midwest,Midwest,69.76,USD,ecommerce,3ds,approved,APPROVE,69.45,1.0044636429085674,0,0,0,1,0,0,0,1,66,9,9,18,terminal_customer_network_burst,0.18,0.009122199744688048,0.18
X000103988,2026-01-30 14:26:42,C000875,A0000875,M00541,T00575,South,South,54.05,USD,ecommerce,chip_pin,approved,APPROVE,68.19,0.7926382167473236,0,0,0,1,0,0,0,1,118,9,15,18,terminal_customer_network_burst,0.18,0.00788152613328335,0.18
X000012163,2026-01-30 14:26:46,C000106,A0000106,M00211,T00509,Midwest,Midwest,36.15,USD,mobile_wallet,chip_pin,approved,APPROVE,56.26,0.6425524351226448,0,0,0,0,0,1,0,2,180,16,47,18,terminal_customer_network_burst,0.18,0.011327549189277576,0.18
X000179672,2026-01-30 14:26:50,C001477,A0001477,M00607,T00470,South,South,55.84,USD,ecommerce,magstripe,approved,APPROVE,42.81,1.3043681382854473,0,0,0,1,1,0,0,0,206,16,14,18,terminal_customer_network_burst,0.18,0.05342256443102293,0.18
X000202002,2026-01-30 14:26:56,C001652,A0001652,M00458,T00358,West,West,17.49,USD,card_present,chip_pin,soft_decline,CHALLENGE,36.64,0.47734716157205237,0,0,1,0,0,0,0,2,57,10,11,26,terminal_customer_network_burst;authentication_soft_decline,0.26,0.03734309996461133,0.26
X000176335,2026-01-30 14:27:12,C001453,A0001453,M00509,T01064,West,West,12.35,USD,card_present,3ds,approved,APPROVE,19.12,0.6459205020920502,0,0,0,0,0,0,0,3,83,9,20,18,terminal_customer_network_burst,0.18,0.006921850476007012,0.18
X000025218,2026-01-30 14:27:33,C000214,A0000214,M00717,T00614,South,South,12.92,USD,ecommerce,wallet_biometric,approved,APPROVE,38.02,0.3398211467648606,0,0,0,1,0,0,0,1,183,14,20,18,terminal_customer_network_burst,0.18,0.011886671303195515,0.18
X000139395,2026-01-30 14:27:39,C001149,A0001149,M00250,T01135,Midwest,Midwest,109.29,USD,card_present,chip_pin,approved,APPROVE,106.79,1.0234104316883603,0,0,0,0,0,0,0,3,27,7,21,0,,0.0,0.005341531468821049,0.005341531468821049
X000015960,2026-01-30 14:28:43,C000135,A0000135,M00295,T00425,South,South,124.69,USD,card_present,3ds,approved,APPROVE,91.86,1.3573916829958632,0,0,0,0,0,0,0,1,310,20,24,18,terminal_customer_network_burst,0.18,0.04120777685692253,0.18
X000000697,2026-01-30 14:28:49,C000008,A0000008,M00598,T00298,South,West,165.43,USD,card_present,3ds,approved,APPROVE,124.57,1.3280083487195955,0,0,0,0,0,0,1,4,23,2,0,27,new_customer_terminal_pair;home_region_mismatch,0.27,0.07441105673839309,0.27
X000072661,2026-01-30 14:28:58,C000614,A0000614,M00067,T00948,South,South,379.63,USD,ecommerce,chip_pin,approved,APPROVE,325.59,1.1659756135016432,0,0,0,1,0,0,0,3,209,17,27,18,terminal_customer_network_burst,0.18,0.025320932697541782,0.18
X000183548,2026-01-30 14:29:09,C001510,A0001510,M00077,T00783,South,South,33.79,USD,card_present,wallet_biometric,approved,APPROVE,47.26,0.7149809564113415,0,0,0,0,0,0,0,0,166,17,9,18,terminal_customer_network_burst,0.18,0.022569909860649905,0.18
X000038804,2026-01-30 14:29:32,C000331,A0000331,M00213,T00642,Northeast,Northeast,107.78,USD,card_present,chip_pin,approved,APPROVE,98.47,1.0945465624047934,0,0,0,0,0,0,0,4,67,9,33,18,terminal_customer_network_burst,0.18,0.005888144331888577,0.18
X000129147,2026-01-30 14:29:33,C001062,A0001062,M00398,T00726,South,South,610.39,USD,card_present,chip_pin,approved,APPROVE,207.72,2.938523011746582,0,0,0,0,0,0,0,1,123,9,25,18,terminal_customer_network_burst,0.18,0.013063501861055546,0.18
X000188928,2026-01-30 14:30:14,C001552,A0001552,M00038,T00519,South,South,25.29,USD,card_present,3ds,approved,APPROVE,80.3,0.3149439601494396,0,0,0,0,0,0,0,2,74,12,19,18,terminal_customer_network_burst,0.18,0.007742755075568096,0.18
X000102514,2026-01-30 14:30:54,C000862,A0000862,M00588,T00145,West,West,33.0,USD,ecommerce,chip_pin,approved,APPROVE,51.02,0.6468051744413955,0,0,0,1,0,0,0,1,96,8,22,18,terminal_customer_network_burst,0.18,0.004975156186027662,0.18
X000003043,2026-01-30 14:32:03,C000028,A0000028,M00596,T01101,Midwest,Midwest,130.63,USD,card_present,chip_pin,approved,APPROVE,126.86,1.029717799148668,0,0,0,0,0,0,0,6,147,12,45,43,customer_velocity;terminal_customer_network_burst,0.43,0.008609402918663415,0.43
X000160217,2026-01-30 14:32:20,C001322,A0001322,M00698,T00693,West,West,50.29,USD,mobile_wallet,3ds,approved,APPROVE,56.36,0.8922995031937544,0,0,0,0,0,1,0,1,102,10,0,33,new_customer_terminal_pair;terminal_customer_network_burst,0.33,0.02039976903318123,0.33
X000147354,2026-01-30 14:32:52,C001216,A0001216,M00490,T00340,South,South,45.56,USD,card_present,3ds,approved,APPROVE,43.69,1.0428015564202335,0,0,0,0,0,0,0,5,102,8,22,43,customer_velocity;terminal_customer_network_burst,0.43,0.00898754524271346,0.43
X000093614,2026-01-30 14:33:09,C000784,A0000784,M00481,T00265,Northeast,Northeast,112.94,USD,card_present,chip_pin,approved,APPROVE,63.34,1.7830754657404482,0,0,0,0,0,0,0,2,175,12,15,18,terminal_customer_network_burst,0.18,0.02058201846739381,0.18
X000002450,2026-01-30 14:34:02,C000023,A0000023,M00282,T01131,South,South,14.46,USD,mobile_wallet,chip_pin,approved,APPROVE,34.6,0.41791907514450866,0,0,0,0,0,1,0,1,273,19,13,18,terminal_customer_network_burst,0.18,0.04851224632794396,0.18
X000136912,2026-01-30 14:34:02,C001126,A0001126,M00022,T00830,South,South,132.69,USD,ecommerce,chip_pin,approved,APPROVE,103.68,1.2798032407407407,0,0,0,1,0,0,0,7,169,13,35,43,customer_velocity;terminal_customer_network_burst,0.43,0.018502598320851996,0.43
X000088221,2026-01-30 14:35:55,C000741,A0000741,M00040,T00635,Northeast,Northeast,10.61,USD,card_present,chip_pin,approved,APPROVE,22.95,0.46230936819172114,0,0,0,0,0,0,0,1,97,7,13,0,,0.0,0.005213481323306573,0.005213481323306573
X000235391,2026-01-30 14:36:09,C001918,A0001918,M00187,T00256,South,South,17.42,USD,mobile_wallet,chip_pin,approved,APPROVE,32.71,0.532558850504433,0,0,0,0,0,1,0,1,158,11,10,18,terminal_customer_network_burst,0.18,0.01662131880188821,0.18
X000100454,2026-01-30 14:36:18,C000845,A0000845,M00382,T00233,Midwest,Midwest,140.72,USD,ecommerce,wallet_biometric,approved,APPROVE,175.06,0.8038386838798126,0,0,0,1,0,0,0,2,48,6,27,0,,0.0,0.003538279904385586,0.003538279904385586
X000012661,2026-01-30 14:37:18,C000110,A0000110,M00038,T00519,South,South,101.09,USD,card_present,chip_pin,approved,APPROVE,31.37,3.2225055785782595,0,0,0,0,0,0,0,0,75,12,14,48,amount_vs_profile;terminal_customer_network_burst,0.48,0.023292014818055137,0.48
X000025322,2026-01-30 14:38:00,C000215,A0000215,M00251,T00782,West,West,116.02,USD,mobile_wallet,3ds,approved,APPROVE,44.1,2.6308390022675736,0,0,0,0,0,1,0,3,50,5,14,0,,0.0,0.01614963530936023,0.01614963530936023
X000141383,2026-01-30 14:38:14,C001164,A0001164,M00320,T00150,West,West,185.76,USD,mobile_wallet,chip_pin,approved,APPROVE,140.47,1.3224175980636435,0,0,0,0,0,1,0,4,169,10,0,33,new_customer_terminal_pair;terminal_customer_network_burst,0.33,0.04035398348323014,0.33
X000053009,2026-01-30 14:38:34,C000447,A0000447,M00215,T00873,South,South,39.06,USD,ecommerce,wallet_biometric,approved,APPROVE,31.58,1.2368587713742876,0,0,0,1,0,0,0,3,90,10,16,18,terminal_customer_network_burst,0.18,0.012084824177313193,0.18
X000079860,2026-01-30 14:38:46,C000672,A0000672,M00731,T00394,Northeast,Northeast,72.61,USD,mobile_wallet,3ds,soft_decline,CHALLENGE,65.95,1.1009855951478391,0,0,1,0,0,1,0,3,69,11,9,26,terminal_customer_network_burst;authentication_soft_decline,0.26,0.09532047911200646,0.26
X000133552,2026-01-30 14:38:48,C001100,A0001100,M00380,T01026,Midwest,Midwest,24.39,USD,card_present,chip_pin,approved,APPROVE,33.78,0.7220248667850799,0,0,0,0,0,0,0,4,124,14,39,18,terminal_customer_network_burst,0.18,0.008711726845696904,0.18
X000177634,2026-01-30 14:38:55,C001461,A0001461,M00297,T00721,Northeast,Northeast,244.56,USD,card_present,chip_pin,approved,APPROVE,251.98,0.9705532185094056,0,0,0,0,0,0,0,6,177,16,43,43,customer_velocity;terminal_customer_network_burst,0.43,0.015487345276914028,0.43
X000217789,2026-01-30 14:40:53,C001778,A0001778,M00700,T00679,Northeast,Northeast,50.43,USD,card_present,chip_pin,approved,APPROVE,38.95,1.294736842105263,0,0,0,0,0,0,0,1,162,13,17,18,terminal_customer_network_burst,0.18,0.015371727692656132,0.18
X000085290,2026-01-30 14:41:03,C000712,A0000712,M00640,T00333,Midwest,Midwest,55.15,USD,card_present,wallet_biometric,approved,APPROVE,43.3,1.2736720554272518,0,0,0,0,0,0,0,2,47,5,18,0,,0.0,0.004814223957010308,0.004814223957010308
X000087975,2026-01-30 14:41:08,C000739,A0000739,M00251,T00619,West,West,169.48,USD,ecommerce,3ds,approved,APPROVE,42.99,3.9423121656199114,0,0,0,1,0,0,0,1,57,8,17,48,amount_vs_profile;terminal_customer_network_burst,0.48,0.0200378466784265,0.48
X000128217,2026-01-30 14:41:10,C001055,A0001055,M00608,T00219,South,South,225.55,USD,ecommerce,3ds,approved,APPROVE,152.46,1.4794044339498884,0,0,0,1,0,0,0,2,276,16,21,18,terminal_customer_network_burst,0.18,0.032569083563893285,0.18
X000214073,2026-01-30 14:41:42,C001748,A0001748,M00168,T00944,Northeast,Northeast,24.52,USD,ecommerce,chip_pin,approved,APPROVE,62.7,0.39106858054226473,0,0,0,1,0,0,0,2,183,15,25,18,terminal_customer_network_burst,0.18,0.013059594082505795,0.18
X000045042,2026-01-30 14:41:47,C000379,A0000379,M00212,T00443,Midwest,Midwest,397.44,USD,card_present,chip_pin,approved,APPROVE,300.48,1.3226837060702874,0,0,0,0,0,0,0,6,113,12,44,43,customer_velocity;terminal_customer_network_burst,0.43,0.009177286238880455,0.43
X000239819,2026-01-30 14:42:08,C001955,A0001955,M00601,T00458,South,South,19.41,USD,ecommerce,chip_pin,approved,APPROVE,16.49,1.1770770163735598,0,0,0,1,0,0,0,2,80,9,23,18,terminal_customer_network_burst,0.18,0.007256952043728171,0.18
X000205717,2026-01-30 14:42:14,C001679,A0001679,M00574,T00190,Midwest,Midwest,161.71,USD,ecommerce,magstripe,approved,APPROVE,208.94,0.7739542452378674,0,0,0,1,1,0,0,5,225,17,45,43,customer_velocity;terminal_customer_network_burst,0.43,0.03417584219854542,0.43
X000084050,2026-01-30 14:42:53,C000703,A0000703,M00602,T00692,Northeast,Northeast,39.09,USD,card_present,3ds,approved,APPROVE,34.84,1.1219862227324913,0,0,0,0,0,0,0,0,116,8,15,18,terminal_customer_network_burst,0.18,0.006714137581864217,0.18
X000074122,2026-01-30 14:42:54,C000626,A0000626,M00244,T00336,South,South,88.04,USD,ecommerce,chip_pin,approved,APPROVE,49.14,1.7916157916157918,0,0,0,1,0,0,0,3,194,14,27,18,terminal_customer_network_burst,0.18,0.022086969702505104,0.18
X000086880,2026-01-30 14:43:04,C000728,A0000728,M00122,T00225,South,South,131.62,USD,card_present,wallet_biometric,approved,APPROVE,159.7,0.824170319348779,0,0,0,0,0,0,0,4,108,10,42,18,terminal_customer_network_burst,0.18,0.00493093022108295,0.18
X000137528,2026-01-30 14:43:19,C001130,A0001130,M00093,T01018,Northeast,Northeast,82.34,USD,card_present,chip_pin,approved,APPROVE,59.28,1.3890013495276654,0,0,0,0,0,0,0,3,125,10,14,18,terminal_customer_network_burst,0.18,0.014202940333325836,0.18
X000014503,2026-01-30 14:44:04,C000123,A0000123,M00099,T00459,South,South,26.49,USD,ecommerce,magstripe,approved,APPROVE,125.44,0.2111766581632653,0,0,0,1,1,0,0,4,121,11,27,18,terminal_customer_network_burst,0.18,0.016525039744646433,0.18
X000210045,2026-01-30 14:44:21,C001713,A0001713,M00409,T00971,Northeast,Northeast,76.7,USD,card_present,3ds,approved,APPROVE,40.41,1.8980450383568426,0,0,0,0,0,0,0,1,91,9,16,18,terminal_customer_network_burst,0.18,0.01056263249380639,0.18
X000160870,2026-01-30 14:44:27,C001328,A0001328,M00528,T00475,Midwest,Midwest,17.16,USD,ecommerce,3ds,approved,APPROVE,36.79,0.46643109540636046,0,0,0,1,0,0,0,5,122,8,23,43,customer_velocity;terminal_customer_network_burst,0.43,0.007650115648897024,0.43
X000045902,2026-01-30 14:44:36,C000384,A0000384,M00377,T00663,Midwest,Midwest,69.61,USD,card_present,chip_pin,approved,APPROVE,65.87,1.0567785031121906,0,0,0,0,0,0,0,1,87,11,12,18,terminal_customer_network_burst,0.18,0.010709336707880936,0.18
X000008749,2026-01-30 14:45:20,C000079,A0000079,M00265,T00950,West,West,57.4,USD,mobile_wallet,chip_pin,approved,APPROVE,80.47,0.7133093078165776,0,0,0,0,0,1,0,1,87,9,16,18,terminal_customer_network_burst,0.18,0.0097297510935613,0.18
X000052052,2026-01-30 14:45:30,C000440,A0000440,M00036,T00993,Northeast,Northeast,59.15,USD,ecommerce,chip_pin,approved,APPROVE,46.14,1.2819679237104464,0,0,0,1,0,0,0,2,110,8,21,18,terminal_customer_network_burst,0.18,0.007751281734560336,0.18
X000033173,2026-01-30 14:45:32,C000281,A0000281,M00040,T00635,Northeast,Northeast,56.17,USD,ecommerce,wallet_biometric,approved,APPROVE,47.09,1.192822255255893,0,0,0,1,0,0,0,0,98,7,10,0,,0.0,0.007269648119770713,0.007269648119770713
X000133774,2026-01-30 14:45:55,C001101,A0001101,M00524,T00237,West,West,227.69,USD,ecommerce,3ds,approved,APPROVE,98.69,2.3071233154321615,0,0,0,1,0,0,0,5,176,14,17,43,customer_velocity;terminal_customer_network_burst,0.43,0.04457336879249428,0.43
X000098905,2026-01-30 14:46:45,C000829,A0000829,M00367,T00335,South,South,12.53,USD,ecommerce,chip_pin,approved,APPROVE,31.11,0.4027643844423015,0,0,0,1,0,0,0,1,153,12,20,18,terminal_customer_network_burst,0.18,0.008924279583065691,0.18
X000172207,2026-01-30 14:48:04,C001420,A0001420,M00087,T00078,South,South,104.11,USD,card_present,3ds,approved,APPROVE,88.1,1.1817253121452895,0,0,0,0,0,0,0,3,238,12,33,18,terminal_customer_network_burst,0.18,0.011973741681147653,0.18
X000235794,2026-01-30 14:48:13,C001922,A0001922,M00547,T00371,Northeast,Northeast,51.25,USD,ecommerce,chip_pin,approved,APPROVE,79.85,0.6418284283030683,0,0,0,1,0,0,0,4,188,13,0,33,new_customer_terminal_pair;terminal_customer_network_burst,0.33,0.032341165734848715,0.33
X000199005,2026-01-30 14:48:21,C001630,A0001630,M00493,T00917,West,West,157.88,USD,ecommerce,chip_pin,approved,APPROVE,86.33,1.8287964786285185,0,0,0,1,0,0,0,2,75,13,13,18,terminal_customer_network_burst,0.18,0.0205505656518841,0.18
X000101644,2026-01-30 14:48:29,C000855,A0000855,M00737,T00466,Midwest,Midwest,50.81,USD,card_present,chip_pin,approved,APPROVE,49.93,1.0176246745443622,0,0,0,0,0,0,0,3,101,10,17,18,terminal_customer_network_burst,0.18,0.010443621807724053,0.18
X000166832,2026-01-30 14:48:35,C001377,A0001377,M00196,T00164,Midwest,Midwest,61.85,USD,mobile_wallet,3ds,approved,APPROVE,53.56,1.1547796863330844,0,0,0,0,0,1,0,0,77,13,15,18,terminal_customer_network_burst,0.18,0.016660595025627088,0.18
X000145584,2026-01-30 14:48:40,C001199,A0001199,M00185,T00490,West,West,44.26,USD,card_present,magstripe,approved,APPROVE,54.05,0.8188714153561517,0,0,0,0,1,0,0,1,63,8,7,18,terminal_customer_network_burst,0.18,0.01627010201045775,0.18
X000006360,2026-01-30 14:48:47,C000057,A0000057,M00708,T00450,West,West,142.81,USD,card_present,wallet_biometric,approved,APPROVE,238.78,0.5980819164084095,0,0,0,0,0,0,0,3,58,9,19,18,terminal_customer_network_burst,0.18,0.0065762709228116235,0.18
X000004375,2026-01-30 14:49:49,C000039,A0000039,M00533,T00376,Northeast,Northeast,40.49,USD,card_present,chip_pin,approved,APPROVE,36.66,1.1044735406437536,0,0,0,0,0,0,0,1,52,7,12,0,,0.0,0.00622738688214535,0.00622738688214535
X000068058,2026-01-30 14:49:50,C000577,A0000577,M00048,T00107,Northeast,Northeast,38.29,USD,ecommerce,chip_pin,approved,APPROVE,168.98,0.22659486329743167,0,0,0,1,0,0,0,2,158,12,20,18,terminal_customer_network_burst,0.18,0.009460977291425476,0.18
X000168474,2026-01-30 14:50:11,C001393,A0001393,M00022,T00194,South,South,75.82,USD,mobile_wallet,magstripe,approved,APPROVE,56.24,1.3481507823613086,0,0,0,0,1,1,0,0,177,18,15,18,terminal_customer_network_burst,0.18,0.08558941879181883,0.18
X000222130,2026-01-30 14:50:34,C001810,A0001810,M00320,T00150,West,West,101.07,USD,card_present,chip_pin,approved,APPROVE,203.81,0.49590304695549775,0,0,0,0,0,0,0,3,170,11,34,18,terminal_customer_network_burst,0.18,0.00655968183466366,0.18
X000228425,2026-01-30 14:50:45,C001860,A0001860,M00366,T00709,Northeast,Northeast,56.64,USD,mobile_wallet,chip_pin,approved,APPROVE,63.88,0.886662492172824,0,0,0,0,0,1,0,3,77,7,31,0,,0.0,0.006258780847222962,0.006258780847222962
X000108578,2026-01-30 14:51:01,C000910,A0000910,M00784,T00354,South,South,86.78,USD,mobile_wallet,3ds,approved,APPROVE,32.0,2.711875,0,0,0,0,0,1,0,2,195,10,16,18,terminal_customer_network_burst,0.18,0.035900922269953305,0.18
X000113076,2026-01-30 14:51:34,C000944,A0000944,M00109,T00548,Northeast,Northeast,180.54,USD,card_present,chip_pin,approved,APPROVE,227.5,0.7935824175824175,0,0,0,0,0,0,0,8,183,14,65,43,customer_velocity;terminal_customer_network_burst,0.43,0.007200960610332421,0.43
X000142587,2026-01-30 14:51:51,C001175,A0001175,M00600,T00407,South,South,110.33,USD,ecommerce,3ds,approved,APPROVE,49.84,2.2136837881219904,0,0,0,1,0,0,0,0,163,12,11,18,terminal_customer_network_burst,0.18,0.022541462801398023,0.18
X000116792,2026-01-30 14:51:57,C000969,A0000969,M00434,T00133,South,South,149.29,USD,card_present,3ds,approved,APPROVE,222.91,0.669732178906285,0,0,0,0,0,0,0,3,190,13,11,18,terminal_customer_network_burst,0.18,0.01961493864940718,0.18
X000141496,2026-01-30 14:52:19,C001165,A0001165,M00033,T00919,West,West,37.33,USD,mobile_wallet,3ds,approved,APPROVE,51.53,0.7244323694934989,0,0,0,0,0,1,0,3,17,7,11,0,,0.0,0.009582181471919108,0.009582181471919108
X000163739,2026-01-30 14:53:10,C001349,A0001349,M00761,T00945,South,South,169.45,USD,card_present,chip_pin,approved,APPROVE,146.0,1.1606164383561643,0,0,0,0,0,0,0,2,108,9,38,18,terminal_customer_network_burst,0.18,0.0045200196715330185,0.18
X000243377,2026-01-30 14:53:16,C001986,A0001986,M00409,T00971,Northeast,Northeast,184.02,USD,card_present,chip_pin,approved,APPROVE,74.42,2.472722386455254,0,0,0,0,0,0,0,0,92,9,15,18,terminal_customer_network_burst,0.18,0.01227402533080379,0.18
X000054477,2026-01-30 14:53:57,C000461,A0000461,M00372,T00192,South,South,382.14,USD,card_present,3ds,approved,APPROVE,456.08,0.837879319417646,0,0,0,0,0,0,0,9,204,17,41,43,customer_velocity;terminal_customer_network_burst,0.43,0.026633522892098097,0.43
X000146759,2026-01-30 14:54:20,C001210,A0001210,M00561,T00275,Midwest,Midwest,323.35,USD,ecommerce,chip_pin,approved,APPROVE,138.79,2.3297788025073856,0,0,0,1,0,0,0,4,69,9,51,18,terminal_customer_network_burst,0.18,0.005762891551831189,0.18
X000197851,2026-01-30 14:55:12,C001623,A0001623,M00295,T00425,South,South,52.39,USD,ecommerce,wallet_biometric,approved,APPROVE,107.7,0.4864438254410399,0,0,0,1,0,0,0,5,311,20,42,43,customer_velocity;terminal_customer_network_burst,0.43,0.02765910272618577,0.43
X000143350,2026-01-30 14:55:41,C001181,A0001181,M00624,T00925,West,West,38.32,USD,card_present,wallet_biometric,approved,APPROVE,47.7,0.8033542976939203,0,0,0,0,0,0,0,0,22,5,18,0,,0.0,0.0029467957569880485,0.0029467957569880485
X000242173,2026-01-30 14:56:09,C001977,A0001977,M00309,T01011,Northeast,Northeast,25.85,USD,card_present,3ds,approved,APPROVE,38.63,0.6691690396065234,0,0,0,0,0,0,0,1,162,14,15,18,terminal_customer_network_burst,0.18,0.014324821811049297,0.18
X000159862,2026-01-30 14:56:52,C001318,A0001318,M00295,T00163,South,South,53.58,USD,card_present,3ds,approved,APPROVE,51.13,1.0479170741247799,0,0,0,0,0,0,0,1,228,14,10,18,terminal_customer_network_burst,0.18,0.023121804339828394,0.18
X000144224,2026-01-30 14:57:23,C001187,A0001187,M00758,T00785,Northeast,Northeast,54.62,USD,card_present,chip_pin,approved,APPROVE,65.0,0.8403076923076923,0,0,0,0,0,0,0,2,158,11,21,18,terminal_customer_network_burst,0.18,0.009895655412272464,0.18
X000190870,2026-01-30 14:57:57,C001567,A0001567,M00608,T00219,South,South,118.13,USD,ecommerce,magstripe,approved,APPROVE,209.18,0.5647289415814131,0,0,0,1,1,0,0,2,277,16,35,18,terminal_customer_network_burst,0.18,0.031054168372581598,0.18
X000025219,2026-01-30 14:58:00,C000214,A0000214,M00717,T00614,South,South,80.81,USD,card_present,3ds,approved,APPROVE,38.02,2.1254602840610204,0,0,0,0,0,0,0,2,184,14,21,18,terminal_customer_network_burst,0.18,0.025169200213089295,0.18
X000040770,2026-01-30 14:59:14,C000346,A0000346,M00586,T00036,Northeast,Northeast,61.64,USD,card_present,3ds,approved,APPROVE,74.92,0.8227442605445808,0,0,0,0,0,0,0,2,116,13,18,18,terminal_customer_network_burst,0.18,0.012299217227145807,0.18
X000158825,2026-01-30 15:00:39,C001306,A0001306,M00594,T01188,Northeast,Northeast,26.25,USD,mobile_wallet,chip_pin,approved,APPROVE,33.73,0.7782389564186185,0,0,0,0,0,1,0,0,276,15,14,18,terminal_customer_network_burst,0.18,0.03084073403927449,0.18
X000172005,2026-01-30 15:01:01,C001419,A0001419,M00208,T00633,Midwest,Midwest,67.69,USD,card_present,3ds,approved,APPROVE,59.46,1.1384123780692903,0,0,0,0,0,0,0,2,118,9,33,18,terminal_customer_network_burst,0.18,0.005403164547863849,0.18
X000158365,2026-01-30 15:01:02,C001303,A0001303,M00428,T00264,West,West,215.62,USD,card_present,chip_pin,approved,APPROVE,179.56,1.200824237023836,0,0,0,0,0,0,0,2,134,13,7,18,terminal_customer_network_burst,0.18,0.021307648492806423,0.18
X000007084,2026-01-30 15:01:03,C000065,A0000065,M00327,T00251,South,South,9.79,USD,ecommerce,chip_pin,approved,APPROVE,9.15,1.0699453551912568,0,0,0,1,0,0,0,0,98,14,4,18,terminal_customer_network_burst,0.18,0.019093071594319024,0.18
X000232211,2026-01-30 15:01:13,C001894,A0001894,M00040,T00439,Northeast,Northeast,449.3,USD,card_present,wallet_biometric,approved,APPROVE,590.99,0.7602497504187888,0,0,0,0,0,0,0,2,188,14,33,18,terminal_customer_network_burst,0.18,0.01000724286485495,0.18
X000012164,2026-01-30 15:01:49,C000106,A0000106,M00211,T00509,Midwest,Midwest,66.33,USD,ecommerce,wallet_biometric,approved,APPROVE,56.26,1.1789904017063633,0,0,0,1,0,0,0,3,181,16,48,18,terminal_customer_network_burst,0.18,0.010778462808433113,0.18
X000053508,2026-01-30 15:02:27,C000452,A0000452,M00445,T00086,Northeast,Northeast,32.02,USD,ecommerce,wallet_biometric,approved,APPROVE,36.97,0.8661076548552882,0,0,0,1,0,0,0,2,188,14,13,18,terminal_customer_network_burst,0.18,0.02090237071454754,0.18
X000150121,2026-01-30 15:02:39,C001236,A0001236,M00675,T00110,West,Midwest,94.96,USD,card_present,wallet_biometric,approved,APPROVE,94.07,1.0094610396513235,0,0,0,0,0,0,1,3,127,9,0,45,new_customer_terminal_pair;terminal_customer_network_burst;home_region_mismatch,0.45,0.1587126524988117,0.45
X000120882,2026-01-30 15:02:44,C001004,A0001004,M00262,T00060,South,South,83.03,USD,card_present,chip_pin,approved,APPROVE,131.79,0.6300174520069809,0,0,0,0,0,0,0,1,205,14,19,18,terminal_customer_network_burst,0.18,0.013837874015091881,0.18
X000122917,2026-01-30 15:03:48,C001019,A0001019,M00788,T00404,South,South,217.24,USD,card_present,chip_pin,approved,APPROVE,167.99,1.2931722126317042,0,0,0,0,0,0,0,3,111,9,37,18,terminal_customer_network_burst,0.18,0.00558390377923904,0.18
X000072662,2026-01-30 15:04:05,C000614,A0000614,M00507,T00639,South,South,417.14,USD,ecommerce,chip_pin,approved,APPROVE,325.59,1.2811818544795603,0,0,0,1,0,0,0,4,91,10,34,18,terminal_customer_network_burst,0.18,0.0077649048401858285,0.18
X000137361,2026-01-30 15:04:06,C001128,A0001128,M00191,T00441,Midwest,Midwest,214.76,USD,card_present,3ds,approved,APPROVE,144.34,1.4878758486905916,0,0,0,0,0,0,0,0,145,12,17,18,terminal_customer_network_burst,0.18,0.012596318321987144,0.18
X000090541,2026-01-30 15:04:21,C000758,A0000758,M00772,T00124,Midwest,Midwest,47.43,USD,card_present,chip_pin,approved,APPROVE,51.91,0.9136967828934696,0,0,0,0,0,0,0,1,125,12,9,18,terminal_customer_network_burst,0.18,0.013792898047015213,0.18
X000215898,2026-01-30 15:04:21,C001764,A0001764,M00687,T00302,Midwest,Midwest,49.18,USD,card_present,chip_pin,approved,APPROVE,40.69,1.2086507741459818,0,0,0,0,0,0,0,4,69,10,10,18,terminal_customer_network_burst,0.18,0.014626945683548567,0.18
X000119661,2026-01-30 15:04:46,C000993,A0000993,M00173,T01167,South,South,50.14,USD,mobile_wallet,magstripe,approved,APPROVE,91.2,0.549780701754386,0,0,0,0,1,1,0,5,158,8,16,43,customer_velocity;terminal_customer_network_burst,0.43,0.033055576311851013,0.43
X000235203,2026-01-30 15:05:51,C001917,A0001917,M00394,T00597,South,South,206.17,USD,card_present,3ds,approved,APPROVE,143.14,1.440338130501607,0,0,0,0,0,0,0,7,146,15,41,43,customer_velocity;terminal_customer_network_burst,0.43,0.01841323936818885,0.43
X000151012,2026-01-30 15:05:55,C001241,A0001241,M00685,T00672,Northeast,Northeast,629.31,USD,mobile_wallet,chip_pin,approved,APPROVE,279.08,2.254944818689981,0,0,0,0,0,1,0,6,163,9,43,43,customer_velocity;terminal_customer_network_burst,0.43,0.016549027784524974,0.43
X000170082,2026-01-30 15:06:30,C001402,A0001402,M00738,T00002,Midwest,South,196.74,USD,card_present,3ds,approved,APPROVE,250.08,0.7867082533589251,0,0,0,0,0,0,1,1,117,12,0,45,new_customer_terminal_pair;terminal_customer_network_burst;home_region_mismatch,0.45,0.15924774216995494,0.45
X000056255,2026-01-30 15:06:33,C000475,A0000475,M00275,T00496,Northeast,Northeast,132.87,USD,ecommerce,magstripe,approved,APPROVE,177.62,0.7480576511654093,0,0,0,1,1,0,0,2,91,13,22,18,terminal_customer_network_burst,0.18,0.022317543966790764,0.18
X000237096,2026-01-30 15:07:21,C001934,A0001934,M00790,T00112,Northeast,Northeast,90.12,USD,card_present,chip_pin,approved,APPROVE,164.43,0.548075168764824,0,0,0,0,0,0,0,8,154,16,38,43,customer_velocity;terminal_customer_network_burst,0.43,0.018244519006178895,0.43
X000212094,2026-01-30 15:07:27,C001730,A0001730,M00797,T00418,South,South,132.06,USD,mobile_wallet,chip_pin,approved,APPROVE,65.58,2.0137236962488565,0,0,0,0,0,1,0,2,156,12,26,18,terminal_customer_network_burst,0.18,0.022672146903678213,0.18
X000146760,2026-01-30 15:07:29,C001210,A0001210,M00561,T00275,Midwest,Midwest,172.38,USD,card_present,chip_pin,approved,APPROVE,138.79,1.2420203184667484,0,0,0,0,0,0,0,5,70,9,52,43,customer_velocity;terminal_customer_network_burst,0.43,0.0038308819632739397,0.43
X000074123,2026-01-30 15:07:34,C000626,A0000626,M00244,T00336,South,South,40.06,USD,mobile_wallet,3ds,approved,APPROVE,49.14,0.8152218152218152,0,0,0,0,0,1,0,4,195,14,28,18,terminal_customer_network_burst,0.18,0.023116904151280374,0.18
X000098906,2026-01-30 15:07:37,C000829,A0000829,M00367,T00335,South,South,70.81,USD,ecommerce,chip_pin,approved,APPROVE,31.11,2.2761170041787206,0,0,0,1,0,0,0,2,154,12,21,18,terminal_customer_network_burst,0.18,0.02070370102612759,0.18
X000199199,2026-01-30 15:07:53,C001632,A0001632,M00094,T00206,South,South,68.96,USD,card_present,chip_pin,approved,APPROVE,39.6,1.7414141414141413,0,0,0,0,0,0,0,0,136,17,21,18,terminal_customer_network_burst,0.18,0.021527891467081752,0.18
X000181738,2026-01-30 15:08:15,C001495,A0001495,M00387,T00289,Northeast,Northeast,32.46,USD,card_present,3ds,approved,APPROVE,43.33,0.749134548811447,0,0,0,0,0,0,0,1,72,11,15,18,terminal_customer_network_burst,0.18,0.008261431673651632,0.18
X000222891,2026-01-30 15:08:59,C001816,A0001816,M00096,T00202,West,West,150.7,USD,card_present,chip_pin,approved,APPROVE,94.91,1.5878200400379305,0,0,0,0,0,0,0,3,137,15,19,18,terminal_customer_network_burst,0.18,0.024229967864868276,0.18
X000113077,2026-01-30 15:09:56,C000944,A0000944,M00533,T00261,Northeast,Northeast,338.11,USD,ecommerce,magstripe,approved,APPROVE,227.5,1.4861978021978022,0,0,0,1,1,0,0,8,177,13,65,43,customer_velocity;terminal_customer_network_burst,0.43,0.018954313991842123,0.43
X000230889,2026-01-30 15:09:57,C001883,A0001883,M00240,T00605,Midwest,Midwest,167.88,USD,card_present,chip_pin,approved,APPROVE,63.6,2.6396226415094337,0,0,0,0,0,0,0,3,154,13,23,18,terminal_customer_network_burst,0.18,0.026857216027236605,0.18
X000053780,2026-01-30 15:10:19,C000455,A0000455,M00265,T00865,West,West,57.56,USD,ecommerce,wallet_biometric,approved,APPROVE,43.21,1.3320990511455681,0,0,0,1,0,0,0,3,125,7,26,0,,0.0,0.006988609797700135,0.006988609797700135
X000226728,2026-01-30 15:10:32,C001848,A0001848,M00031,T00031,South,South,48.61,USD,ecommerce,wallet_biometric,approved,APPROVE,31.99,1.5195373554235698,0,0,0,1,0,0,0,1,179,20,8,18,terminal_customer_network_burst,0.18,0.054955563861580584,0.18
X000164754,2026-01-30 15:10:40,C001358,A0001358,M00642,T00253,Midwest,Midwest,63.04,USD,ecommerce,wallet_biometric,approved,APPROVE,66.12,0.9534180278281911,0,0,0,1,0,0,0,0,83,13,8,18,terminal_customer_network_burst,0.18,0.013727525546838157,0.18
X000082557,2026-01-30 15:11:08,C000692,A0000692,M00007,T00196,South,South,44.37,USD,ecommerce,chip_pin,approved,APPROVE,71.28,0.6224747474747474,0,0,0,1,0,0,0,2,132,16,13,18,terminal_customer_network_burst,0.18,0.02077570849793913,0.18
X000160614,2026-01-30 15:11:21,C001326,A0001326,M00758,T00582,Northeast,Northeast,86.37,USD,card_present,chip_pin,approved,APPROVE,112.21,0.7697174939844934,0,0,0,0,0,0,0,1,200,13,33,18,terminal_customer_network_burst,0.18,0.008190893201443854,0.18
X000221983,2026-01-30 15:12:17,C001809,A0001809,M00304,T00684,Midwest,Midwest,45.53,USD,card_present,wallet_biometric,approved,APPROVE,40.93,1.1123870021988762,0,0,0,0,0,0,0,2,119,13,14,18,terminal_customer_network_burst,0.18,0.01583351264648482,0.18
X000055724,2026-01-30 15:12:23,C000471,A0000471,M00038,T00874,South,South,153.01,USD,ecommerce,chip_pin,approved,APPROVE,136.92,1.1175138767163308,0,0,0,1,0,0,0,3,315,21,67,18,terminal_customer_network_burst,0.18,0.014461232045584497,0.18
X000007867,2026-01-30 15:12:41,C000072,A0000072,M00494,T00136,West,West,39.02,USD,card_present,chip_pin,approved,APPROVE,127.28,0.30656819610307984,0,0,0,0,0,0,0,6,65,10,32,43,customer_velocity;terminal_customer_network_burst,0.43,0.006252361677768462,0.43
X000202639,2026-01-30 15:12:44,C001658,A0001658,M00471,T00670,Midwest,Midwest,64.26,USD,mobile_wallet,chip_pin,approved,APPROVE,70.79,0.9077553326741065,0,0,0,0,0,1,0,0,222,16,16,18,terminal_customer_network_burst,0.18,0.029881689831769767,0.18
X000075699,2026-01-30 15:13:34,C000636,A0000636,M00195,T00595,South,South,57.4,USD,ecommerce,chip_pin,approved,APPROVE,39.78,1.4429361488185017,0,0,0,1,0,0,0,1,148,12,17,18,terminal_customer_network_burst,0.18,0.014768807370414154,0.18
X000184213,2026-01-30 15:14:38,C001517,A0001517,M00459,T00809,Northeast,Northeast,57.32,USD,card_present,wallet_biometric,approved,APPROVE,72.94,0.7858513846997532,0,0,0,0,0,0,0,2,163,14,15,18,terminal_customer_network_burst,0.18,0.016905549943389265,0.18
X000105978,2026-01-30 15:15:29,C000890,A0000890,M00422,T00691,Midwest,Midwest,36.56,USD,card_present,chip_pin,approved,APPROVE,41.95,0.8715137067938021,0,0,0,0,0,0,0,1,66,9,15,18,terminal_customer_network_burst,0.18,0.006751241677685936,0.18
X000096039,2026-01-30 15:15:38,C000802,A0000802,M00739,T00701,South,South,82.76,USD,card_present,3ds,approved,APPROVE,92.76,0.8921949115998276,0,0,0,0,0,0,0,0,166,16,15,18,terminal_customer_network_burst,0.18,0.017810603736663135,0.18
X000068618,2026-01-30 15:15:54,C000582,A0000582,M00398,T00726,South,South,115.51,USD,card_present,3ds,approved,APPROVE,56.33,2.050594709746139,0,0,0,0,0,0,0,1,124,9,8,18,terminal_customer_network_burst,0.18,0.0157954385326728,0.18
X000087241,2026-01-30 15:15:56,C000732,A0000732,M00764,T00111,West,West,34.85,USD,ecommerce,magstripe,approved,APPROVE,68.51,0.5086848635235732,0,0,0,1,1,0,0,1,36,9,8,18,terminal_customer_network_burst,0.18,0.015396281832501257,0.18
X000127369,2026-01-30 15:16:14,C001050,A0001050,M00378,T00467,South,South,93.37,USD,ecommerce,3ds,approved,APPROVE,62.75,1.4879681274900398,0,0,0,1,0,0,0,2,158,13,28,18,terminal_customer_network_burst,0.18,0.013695140562786912,0.18
X000146112,2026-01-30 15:16:15,C001205,A0001205,M00588,T01157,West,West,49.15,USD,ecommerce,chip_pin,approved,APPROVE,69.5,0.7071942446043166,0,0,0,1,0,0,0,3,41,10,16,18,terminal_customer_network_burst,0.18,0.008606821030064599,0.18
X000241873,2026-01-30 15:16:21,C001974,A0001974,M00676,T00282,Midwest,Midwest,238.7,USD,card_present,wallet_biometric,approved,APPROVE,141.77,1.683713056358891,0,0,0,0,0,0,0,1,54,8,26,18,terminal_customer_network_burst,0.18,0.005668857877689883,0.18
X000102709,2026-01-30 15:16:40,C000863,A0000863,M00135,T00646,Midwest,Midwest,121.95,USD,mobile_wallet,chip_pin,approved,APPROVE,164.58,0.7409770324462267,0,0,0,0,0,1,0,3,109,10,40,18,terminal_customer_network_burst,0.18,0.006825443436860865,0.18
X000136081,2026-01-30 15:16:43,C001119,A0001119,M00511,T00501,Midwest,Midwest,137.02,USD,card_present,chip_pin,approved,APPROVE,78.7,1.7410419313850065,0,0,0,0,0,0,0,3,107,13,15,18,terminal_customer_network_burst,0.18,0.02149309480881827,0.18
X000164558,2026-01-30 15:16:53,C001356,A0001356,M00023,T00720,Midwest,Midwest,27.09,USD,card_present,chip_pin,approved,APPROVE,44.64,0.6068548387096774,0,0,0,0,0,0,0,0,184,12,11,18,terminal_customer_network_burst,0.18,0.011822846093998968,0.18
X000159219,2026-01-30 15:17:24,C001311,A0001311,M00797,T00997,South,South,136.38,USD,card_present,magstripe,approved,APPROVE,80.68,1.6903817550818045,0,0,0,0,1,0,0,1,132,12,11,18,terminal_customer_network_burst,0.18,0.038342966563645046,0.18
X000143972,2026-01-30 15:18:04,C001186,A0001186,M00029,T00167,South,South,114.88,USD,card_present,3ds,approved,APPROVE,248.53,0.4622379592000965,0,0,0,0,0,0,0,8,171,16,58,43,customer_velocity;terminal_customer_network_burst,0.43,0.009688194832895803,0.43
X000089432,2026-01-30 15:18:30,C000748,A0000748,M00791,T00304,South,South,148.59,USD,ecommerce,3ds,approved,APPROVE,224.36,0.6622838295596363,0,0,0,1,0,0,0,2,220,14,44,18,terminal_customer_network_burst,0.18,0.007724269820790514,0.18
X000132114,2026-01-30 15:18:53,C001088,A0001088,M00578,T01104,Midwest,Northeast,65.27,USD,card_present,3ds,approved,APPROVE,66.04,0.9883403997577225,0,0,0,0,0,0,1,2,129,12,0,45,new_customer_terminal_pair;terminal_customer_network_burst;home_region_mismatch,0.45,0.19271574039891345,0.45
X000213668,2026-01-30 15:19:24,C001744,A0001744,M00706,T00856,Northeast,Northeast,44.33,USD,card_present,chip_pin,approved,APPROVE,59.27,0.7479331871098363,0,0,0,0,0,0,0,3,86,9,26,18,terminal_customer_network_burst,0.18,0.005988929780839128,0.18
X000097331,2026-01-30 15:19:44,C000815,A0000815,M00726,T00829,Northeast,Northeast,77.07,USD,card_present,chip_pin,approved,APPROVE,73.05,1.0550308008213551,0,0,0,0,0,0,0,1,93,7,12,0,,0.0,0.006780451191960904,0.006780451191960904
X000085526,2026-01-30 15:20:12,C000715,A0000715,M00212,T00443,Midwest,Midwest,11.01,USD,card_present,chip_pin,approved,APPROVE,20.07,0.5485799701046338,0,0,0,0,0,0,0,2,114,12,14,18,terminal_customer_network_burst,0.18,0.011075426431331534,0.18
X000086535,2026-01-30 15:21:25,C000726,A0000726,M00094,T01093,South,South,194.44,USD,mobile_wallet,3ds,approved,APPROVE,88.57,2.1953257310601786,0,0,0,0,0,1,0,1,152,9,18,18,terminal_customer_network_burst,0.18,0.019560202600069538,0.18
X000101198,2026-01-30 15:21:55,C000851,A0000851,M00754,T01077,West,West,440.01,USD,ecommerce,chip_pin,approved,APPROVE,554.65,0.7933110970882539,0,0,0,1,0,0,0,4,83,7,46,0,,0.0,0.002966319588072127,0.002966319588072127
X000192190,2026-01-30 15:22:02,C001577,A0001577,M00784,T00354,South,South,483.72,USD,card_present,chip_pin,approved,APPROVE,271.97,1.7785785196896715,0,0,0,0,0,0,0,3,196,10,20,18,terminal_customer_network_burst,0.18,0.016420482126181347,0.18
X000228689,2026-01-30 15:22:17,C001862,A0001862,M00631,T00542,West,West,94.1,USD,card_present,wallet_biometric,approved,APPROVE,85.76,1.097248134328358,0,0,0,0,0,0,0,2,92,13,19,18,terminal_customer_network_burst,0.18,0.012515820458042322,0.18
X000195073,2026-01-30 15:22:21,C001603,A0001603,M00621,T00832,West,West,29.49,USD,ecommerce,chip_pin,approved,APPROVE,64.9,0.4543913713405238,0,0,0,1,0,0,0,0,31,6,9,0,,0.0,0.004160883287949598,0.004160883287949598
X000102095,2026-01-30 15:22:31,C000859,A0000859,M00587,T00725,South,South,256.18,USD,ecommerce,chip_pin,approved,APPROVE,276.18,0.9275834600622782,0,0,0,1,0,0,0,4,97,10,46,18,terminal_customer_network_burst,0.18,0.004634413459098749,0.18
X000211478,2026-01-30 15:22:32,C001725,A0001725,M00168,T00981,Northeast,Northeast,186.38,USD,ecommerce,chip_pin,approved,APPROVE,125.86,1.4808517400286032,0,0,0,1,0,0,0,3,197,13,16,18,terminal_customer_network_burst,0.18,0.02482255365912741,0.18
X000009553,2026-01-30 15:22:36,C000087,A0000087,M00793,T01052,South,South,74.3,USD,card_present,wallet_biometric,approved,APPROVE,68.99,1.0769676764748515,0,0,0,0,0,0,0,1,182,12,36,18,terminal_customer_network_burst,0.18,0.007146508635041547,0.18
X000035342,2026-01-30 15:22:48,C000299,A0000299,M00031,T00031,South,South,68.56,USD,card_present,chip_pin,approved,APPROVE,73.28,0.9355895196506551,0,0,0,0,0,0,0,1,180,20,21,18,terminal_customer_network_burst,0.18,0.027721676826943844,0.18
X000133919,2026-01-30 15:22:49,C001102,A0001102,M00077,T00530,South,South,58.95,USD,card_present,chip_pin,approved,APPROVE,32.6,1.8082822085889572,0,0,0,0,0,0,0,1,146,15,22,18,terminal_customer_network_burst,0.18,0.01953306542469103,0.18
X000024448,2026-01-30 15:22:52,C000206,A0000206,M00040,T00439,Northeast,Northeast,69.07,USD,ecommerce,chip_pin,approved,APPROVE,114.32,0.604181245626312,0,0,0,1,0,0,0,2,189,14,19,18,terminal_customer_network_burst,0.18,0.015575764343239975,0.18
X000152391,2026-01-30 15:22:53,C001253,A0001253,M00311,T00342,Midwest,Midwest,35.6,USD,card_present,magstripe,approved,APPROVE,45.07,0.7898824051475483,0,0,0,0,1,0,0,4,67,11,30,18,terminal_customer_network_burst,0.18,0.015663149334866854,0.18
X000183740,2026-01-30 15:23:00,C001512,A0001512,M00148,T00038,Midwest,Midwest,139.63,USD,ecommerce,chip_pin,approved,APPROVE,88.01,1.5865242586069763,0,0,0,1,0,0,0,2,61,10,12,18,terminal_customer_network_burst,0.18,0.01307917264278377,0.18
X000201698,2026-01-30 15:23:03,C001650,A0001650,M00566,T00559,West,West,410.85,USD,card_present,wallet_biometric,approved,APPROVE,267.79,1.5342245789611262,0,0,0,0,0,0,0,7,90,9,72,43,customer_velocity;terminal_customer_network_burst,0.43,0.003005736408980181,0.43
X000097757,2026-01-30 15:24:00,C000819,A0000819,M00013,T00686,South,South,38.29,USD,card_present,3ds,approved,APPROVE,37.28,1.0270922746781115,0,0,0,0,0,0,0,0,231,19,16,18,terminal_customer_network_burst,0.18,0.030391356368775622,0.18
X000236505,2026-01-30 15:24:45,C001929,A0001929,M00790,T00112,Northeast,Northeast,328.57,USD,mobile_wallet,chip_pin,approved,APPROVE,150.31,2.1859490386534493,0,0,0,0,0,1,0,7,155,16,38,43,customer_velocity;terminal_customer_network_burst,0.43,0.04651770944998993,0.43
X000070971,2026-01-30 15:25:33,C000602,A0000602,M00523,T00109,Midwest,Midwest,269.07,USD,ecommerce,chip_pin,approved,APPROVE,193.59,1.3898961723229506,0,0,0,1,0,0,0,1,65,7,31,0,,0.0,0.004125719626849004,0.004125719626849004
X000178597,2026-01-30 15:25:39,C001471,A0001471,M00633,T00292,West,West,148.88,USD,card_present,magstripe,approved,APPROVE,53.22,2.797444569710635,0,0,0,0,1,0,0,1,116,12,11,18,terminal_customer_network_burst,0.18,0.05672918072239548,0.18
X000002195,2026-01-30 15:25:51,C000020,A0000020,M00087,T00594,South,South,133.65,USD,ecommerce,magstripe,approved,APPROVE,53.24,2.510330578512397,0,0,0,1,1,0,0,0,93,9,11,18,terminal_customer_network_burst,0.18,0.0320245199628496,0.18
X000051488,2026-01-30 15:26:13,C000435,A0000435,M00056,T01147,Midwest,Midwest,88.86,USD,ecommerce,chip_pin,approved,APPROVE,56.36,1.5766501064584812,0,0,0,1,0,0,0,1,223,13,13,18,terminal_customer_network_burst,0.18,0.024054983694466785,0.18
X000052225,2026-01-30 15:26:17,C000441,A0000441,M00392,T00305,Midwest,Midwest,121.47,USD,card_present,3ds,approved,APPROVE,94.35,1.2874403815580286,0,0,0,0,0,0,0,3,107,10,35,18,terminal_customer_network_burst,0.18,0.006620524807460754,0.18
X000082891,2026-01-30 15:27:27,C000694,A0000694,M00376,T00048,South,South,421.49,USD,mobile_wallet,3ds,approved,APPROVE,291.15,1.447673020779667,0,0,0,0,0,1,0,4,104,8,29,18,terminal_customer_network_burst,0.18,0.011356343021857982,0.18
X000086178,2026-01-30 15:27:33,C000723,A0000723,M00055,T01054,South,South,22.27,USD,ecommerce,chip_pin,approved,APPROVE,62.35,0.35717722534081797,0,0,0,1,0,0,0,0,82,11,11,18,terminal_customer_network_burst,0.18,0.007719943095460773,0.18
X000112746,2026-01-30 15:27:36,C000943,A0000943,M00434,T00133,South,South,236.79,USD,ecommerce,3ds,approved,APPROVE,211.71,1.1184639365169335,0,0,0,1,0,0,0,4,191,13,35,18,terminal_customer_network_burst,0.18,0.012940924605635543,0.18
X000184375,2026-01-30 15:27:56,C001519,A0001519,M00690,T00361,Northeast,Northeast,119.89,USD,ecommerce,wallet_biometric,approved,APPROVE,98.44,1.2178992279561154,0,0,0,1,0,0,0,0,67,9,9,18,terminal_customer_network_burst,0.18,0.00887056896886661,0.18
X000053408,2026-01-30 15:28:12,C000451,A0000451,M00602,T01198,Northeast,Northeast,40.99,USD,card_present,wallet_biometric,approved,APPROVE,59.14,0.6931011159959418,0,0,0,0,0,0,0,1,13,6,8,0,,0.0,0.004819872362978519,0.004819872362978519
X000169019,2026-01-30 15:28:12,C001397,A0001397,M00738,T00899,South,South,121.53,USD,ecommerce,3ds,approved,APPROVE,55.89,2.1744498121309714,0,0,0,1,0,0,0,5,238,16,31,43,customer_velocity;terminal_customer_network_burst,0.43,0.04005662326875983,0.43
X000095654,2026-01-30 15:28:17,C000799,A0000799,M00712,T00650,South,South,66.69,USD,ecommerce,chip_pin,approved,APPROVE,51.04,1.3066222570532915,0,0,0,1,0,0,0,3,165,17,22,18,terminal_customer_network_burst,0.18,0.028086211450937964,0.18
X000008956,2026-01-30 15:28:22,C000081,A0000081,M00567,T00161,Northeast,Northeast,23.16,USD,card_present,chip_pin,soft_decline,CHALLENGE,43.2,0.5361111111111111,0,0,1,0,0,0,0,3,151,15,15,26,terminal_customer_network_burst;authentication_soft_decline,0.26,0.08315882535979431,0.26
X000116903,2026-01-30 15:28:35,C000970,A0000970,M00243,T00806,South,South,27.43,USD,card_present,3ds,approved,APPROVE,32.99,0.8314640800242498,0,0,0,0,0,0,0,3,163,10,14,18,terminal_customer_network_burst,0.18,0.01249686701738819,0.18
X000119913,2026-01-30 15:28:39,C000996,A0000996,M00476,T00028,Midwest,Midwest,55.33,USD,card_present,3ds,approved,APPROVE,35.55,1.5563994374120957,0,0,0,0,0,0,0,1,153,11,19,18,terminal_customer_network_burst,0.18,0.012382538986766674,0.18
X000218733,2026-01-30 15:28:55,C001787,A0001787,M00163,T00029,Midwest,Midwest,62.89,USD,card_present,3ds,approved,APPROVE,53.45,1.1766136576239477,0,0,0,0,0,0,0,1,52,10,10,18,terminal_customer_network_burst,0.18,0.009745339656401009,0.18
X000076289,2026-01-30 15:28:57,C000641,A0000641,M00446,T00838,South,South,201.4,USD,card_present,3ds,approved,APPROVE,169.2,1.190307328605201,0,0,0,0,0,0,0,3,130,11,12,18,terminal_customer_network_burst,0.18,0.015917683689445874,0.18
X000238807,2026-01-30 15:30:12,C001948,A0001948,M00667,T00609,Northeast,Northeast,131.1,USD,card_present,magstripe,approved,APPROVE,121.1,1.0825763831544177,0,0,0,0,1,0,0,6,250,22,34,43,customer_velocity;terminal_customer_network_burst,0.43,0.10581516353695658,0.43
X000122742,2026-01-30 15:30:34,C001018,A0001018,M00094,T01093,South,South,15.54,USD,card_present,3ds,approved,APPROVE,36.31,0.42798127237675565,0,0,0,0,0,0,0,3,153,9,20,18,terminal_customer_network_burst,0.18,0.007581291260484139,0.18
X000242649,2026-01-30 15:30:50,C001980,A0001980,M00191,T00568,Midwest,Midwest,147.69,USD,mobile_wallet,wallet_biometric,approved,APPROVE,221.06,0.6680991585994752,0,0,0,0,0,1,0,4,142,9,62,18,terminal_customer_network_burst,0.18,0.003535823527544295,0.18
X000018425,2026-01-30 15:31:03,C000157,A0000157,M00778,T00222,South,South,43.77,USD,card_present,3ds,approved,APPROVE,57.73,0.7581846526935736,0,0,0,0,0,0,0,1,76,7,7,0,,0.0,0.0067632260824641195,0.0067632260824641195
X000114490,2026-01-30 15:31:19,C000952,A0000952,M00350,T01102,Midwest,Midwest,143.84,USD,card_present,magstripe,approved,APPROVE,180.81,0.7955312206183286,0,0,0,0,1,0,0,3,71,10,22,18,terminal_customer_network_burst,0.18,0.01622554456025852,0.18
X000105367,2026-01-30 15:31:23,C000886,A0000886,M00603,T01192,Midwest,Midwest,62.49,USD,mobile_wallet,3ds,approved,APPROVE,30.48,2.050196850393701,0,0,0,0,0,1,0,1,101,9,23,18,terminal_customer_network_burst,0.18,0.013815194964498687,0.18
X000234489,2026-01-30 15:31:23,C001912,A0001912,M00086,T00198,South,Midwest,65.22,USD,ecommerce,3ds,approved,APPROVE,53.95,1.208897126969416,0,0,0,1,0,0,1,1,86,8,0,45,new_customer_terminal_pair;terminal_customer_network_burst;home_region_mismatch,0.45,0.11991255305046716,0.45
X000033464,2026-01-30 15:31:34,C000284,A0000284,M00495,T00961,Midwest,Midwest,99.75,USD,card_present,3ds,approved,APPROVE,48.91,2.0394602330811695,0,0,0,0,0,0,0,3,24,6,19,0,,0.0,0.007589292800863702,0.007589292800863702
X000027671,2026-01-30 15:31:46,C000238,A0000238,M00265,T00950,West,West,77.9,USD,mobile_wallet,chip_pin,approved,APPROVE,57.91,1.345190813331031,0,0,0,0,0,1,0,0,88,9,18,18,terminal_customer_network_burst,0.18,0.010507629610297721,0.18
X000051920,2026-01-30 15:32:21,C000439,A0000439,M00171,T00468,Northeast,Northeast,25.81,USD,card_present,3ds,approved,APPROVE,47.61,0.5421130014702793,0,0,0,0,0,0,0,3,88,8,33,18,terminal_customer_network_burst,0.18,0.003921400622886828,0.18
X000131122,2026-01-30 15:32:23,C001079,A0001079,M00154,T01001,South,South,65.24,USD,card_present,chip_pin,approved,APPROVE,31.71,2.0573951434878586,0,0,0,0,0,0,0,2,207,13,12,18,terminal_customer_network_burst,0.18,0.03072930219602084,0.18
X000117975,2026-01-30 15:32:32,C000977,A0000977,M00147,T00489,South,South,135.72,USD,mobile_wallet,3ds,approved,APPROVE,41.98,3.2329680800381135,0,0,0,0,0,1,0,2,90,6,21,30,amount_vs_profile,0.3,0.01821706829610644,0.3
X000042423,2026-01-30 15:32:45,C000359,A0000359,M00139,T00632,Northeast,Northeast,104.62,USD,card_present,chip_pin,approved,APPROVE,55.06,1.9001089720305122,0,0,0,0,0,0,0,0,130,9,14,18,terminal_customer_network_burst,0.18,0.011082346607531787,0.18
X000076705,2026-01-30 15:32:56,C000645,A0000645,M00634,T01016,Northeast,Northeast,51.94,USD,ecommerce,3ds,approved,APPROVE,32.93,1.577285150318858,0,0,0,1,0,0,0,1,139,15,7,18,terminal_customer_network_burst,0.18,0.0296954173173662,0.18
X000202799,2026-01-30 15:33:59,C001660,A0001660,M00618,T00042,Northeast,Northeast,22.47,USD,ecommerce,magstripe,approved,APPROVE,42.17,0.5328432534977472,0,0,0,1,1,0,0,2,122,9,19,18,terminal_customer_network_burst,0.18,0.015277788074399227,0.18
X000087610,2026-01-30 15:34:29,C000735,A0000735,M00394,T00980,South,South,46.06,USD,card_present,magstripe,soft_decline,CHALLENGE,65.82,0.6997872986934064,0,0,1,0,1,0,0,4,87,7,21,8,authentication_soft_decline,0.08,0.06008593902096369,0.08
X000079252,2026-01-30 15:34:49,C000667,A0000667,M00271,T00851,Northeast,Northeast,97.03,USD,ecommerce,3ds,approved,APPROVE,68.9,1.4082728592162554,0,0,0,1,0,0,0,1,140,11,28,18,terminal_customer_network_burst,0.18,0.008907850643166803,0.18
X000058244,2026-01-30 15:34:59,C000494,A0000494,M00171,T00523,Northeast,Northeast,20.85,USD,card_present,chip_pin,approved,APPROVE,19.63,1.0621497707590424,0,0,0,0,0,0,0,2,149,15,29,18,terminal_customer_network_burst,0.18,0.0130906970801233,0.18
X000000433,2026-01-30 15:35:12,C000005,A0000005,M00683,T01182,Midwest,Midwest,92.74,USD,card_present,chip_pin,approved,APPROVE,75.98,1.2205843643063963,0,0,0,0,0,0,0,1,10,6,5,0,,0.0,0.006529767430319794,0.006529767430319794
X000014352,2026-01-30 15:35:51,C000122,A0000122,M00484,T00479,South,South,51.14,USD,ecommerce,3ds,approved,APPROVE,63.73,0.8024478267691826,0,0,0,1,0,0,0,1,166,17,11,18,terminal_customer_network_burst,0.18,0.025940059822805128,0.18
X000057097,2026-01-30 15:36:34,C000483,A0000483,M00386,T00533,Northeast,Northeast,91.13,USD,card_present,3ds,approved,APPROVE,101.51,0.8977440646241749,0,0,0,0,0,0,0,3,66,10,17,18,terminal_customer_network_burst,0.18,0.009097630500364731,0.18
X000187233,2026-01-30 15:36:36,C001540,A0001540,M00769,T00996,West,West,105.34,USD,card_present,magstripe,approved,APPROVE,48.39,2.1768960529034924,0,0,0,0,1,0,0,0,181,7,12,0,,0.0,0.025528301619479474,0.025528301619479474
X000022603,2026-01-30 15:36:43,C000195,A0000195,M00413,T01078,West,West,109.68,USD,mobile_wallet,chip_pin,approved,APPROVE,82.17,1.334793720335889,0,0,0,0,0,1,0,4,88,15,0,33,new_customer_terminal_pair;terminal_customer_network_burst,0.33,0.05851573091169576,0.33
X000219835,2026-01-30 15:36:50,C001796,A0001796,M00162,T00759,Midwest,Midwest,63.5,USD,card_present,chip_pin,approved,APPROVE,29.05,2.1858864027538725,0,0,0,0,0,0,0,0,125,12,21,18,terminal_customer_network_burst,0.18,0.013950372232531042,0.18
X000147019,2026-01-30 15:37:28,C001212,A0001212,M00130,T01074,South,South,9.73,USD,mobile_wallet,magstripe,approved,APPROVE,21.65,0.4494226327944573,0,0,0,0,1,1,0,0,128,12,6,18,terminal_customer_network_burst,0.18,0.03614383292238786,0.18
X000013345,2026-01-30 15:37:36,C000115,A0000115,M00163,T01133,Midwest,Midwest,72.7,USD,card_present,chip_pin,approved,APPROVE,73.53,0.9887120903032776,0,0,0,0,0,0,0,8,94,8,56,43,customer_velocity;terminal_customer_network_burst,0.43,0.004080841448093907,0.43
X000131670,2026-01-30 15:37:51,C001083,A0001083,M00094,T01093,South,South,33.12,USD,ecommerce,3ds,approved,APPROVE,34.04,0.9729729729729729,0,0,0,1,0,0,0,3,154,9,18,18,terminal_customer_network_burst,0.18,0.010663139340618404,0.18
X000217892,2026-01-30 15:38:05,C001779,A0001779,M00191,T00491,Midwest,Midwest,24.26,USD,card_present,magstripe,approved,APPROVE,50.21,0.48317068313085043,0,0,0,0,1,0,0,0,46,5,14,0,,0.0,0.006789263495923041,0.006789263495923041
X000191484,2026-01-30 15:38:09,C001571,A0001571,M00720,T00705,Northeast,Northeast,38.22,USD,card_present,chip_pin,approved,APPROVE,34.49,1.1081472890692954,0,0,0,0,0,0,0,8,183,15,36,43,customer_velocity;terminal_customer_network_burst,0.43,0.023300975402843607,0.43
X000116466,2026-01-30 15:38:40,C000966,A0000966,M00262,T01103,South,South,64.66,USD,ecommerce,3ds,approved,APPROVE,110.51,0.5851054203239525,0,0,0,1,0,0,0,6,80,4,45,25,customer_velocity,0.25,0.002476115332231317,0.25
X000064295,2026-01-30 15:38:43,C000546,A0000546,M00055,T01054,West,South,52.51,USD,card_present,wallet_biometric,approved,APPROVE,59.16,0.8875929682217715,0,0,0,0,0,0,1,1,83,11,0,45,new_customer_terminal_pair;terminal_customer_network_burst;home_region_mismatch,0.45,0.13831657869168087,0.45
X000036204,2026-01-30 15:39:10,C000309,A0000309,M00484,T00090,South,South,69.04,USD,mobile_wallet,chip_pin,approved,APPROVE,56.14,1.2297826861417884,0,0,0,0,0,1,0,2,92,8,21,18,terminal_customer_network_burst,0.18,0.010329065901367507,0.18
X000187605,2026-01-30 15:39:24,C001542,A0001542,M00040,T00635,Northeast,Northeast,79.46,USD,card_present,chip_pin,approved,APPROVE,46.1,1.723644251626898,0,0,0,0,0,0,0,3,99,7,20,0,,0.0,0.008815523097230703,0.008815523097230703
X000051782,2026-01-30 15:39:48,C000438,A0000438,M00686,T00708,West,West,55.45,USD,ecommerce,3ds,approved,APPROVE,39.47,1.4048644540157083,0,0,0,1,0,0,0,0,51,8,14,18,terminal_customer_network_burst,0.18,0.006946229133368177,0.18
X000007655,2026-01-30 15:40:26,C000070,A0000070,M00703,T00135,Midwest,Midwest,12.04,USD,ecommerce,chip_pin,approved,APPROVE,21.98,0.5477707006369427,0,0,0,1,0,0,0,0,162,13,0,33,new_customer_terminal_pair;terminal_customer_network_burst,0.33,0.018412427721462867,0.33
X000231075,2026-01-30 15:40:34,C001885,A0001885,M00244,T00277,South,South,35.1,USD,mobile_wallet,chip_pin,approved,APPROVE,53.72,0.6533879374534625,0,0,0,0,0,1,0,1,211,13,22,18,terminal_customer_network_burst,0.18,0.017183388927816283,0.18
X000159220,2026-01-30 15:41:07,C001311,A0001311,M00797,T00997,South,South,93.76,USD,ecommerce,magstripe,approved,APPROVE,80.68,1.1621219633118491,0,0,0,1,1,0,0,2,133,12,12,18,terminal_customer_network_burst,0.18,0.03571095620484815,0.18
X000050358,2026-01-30 15:41:13,C000422,A0000422,M00211,T00509,Midwest,Midwest,54.28,USD,mobile_wallet,wallet_biometric,approved,APPROVE,47.92,1.1327212020033388,0,0,0,0,0,1,0,1,182,16,19,18,terminal_customer_network_burst,0.18,0.03014662590380948,0.18
X000223333,2026-01-30 15:42:14,C001820,A0001820,M00766,T00445,West,West,140.86,USD,mobile_wallet,chip_pin,approved,APPROVE,133.75,1.053158878504673,0,0,0,0,0,1,0,2,85,12,14,18,terminal_customer_network_burst,0.18,0.01890619013929619,0.18
X000094685,2026-01-30 15:42:21,C000791,A0000791,M00205,T00049,South,South,29.51,USD,mobile_wallet,chip_pin,approved,APPROVE,65.15,0.4529547198772064,0,0,0,0,0,1,0,2,149,10,17,18,terminal_customer_network_burst,0.18,0.012559192284819935,0.18
X000139290,2026-01-30 15:42:28,C001148,A0001148,M00640,T01025,Midwest,Midwest,72.6,USD,ecommerce,chip_pin,approved,APPROVE,81.06,0.8956328645447815,0,0,0,1,0,0,0,2,167,10,19,18,terminal_customer_network_burst,0.18,0.010355124081857561,0.18
X000123570,2026-01-30 15:43:26,C001023,A0001023,M00042,T00546,Northeast,Northeast,371.69,USD,card_present,3ds,approved,APPROVE,96.87,3.836998038608444,0,0,0,0,0,0,0,13,157,11,53,93,amount_vs_profile;customer_velocity;high_customer_velocity;terminal_customer_network_burst,0.93,0.042028660251549534,0.93
X000113374,2026-01-30 15:44:07,C000945,A0000945,M00763,T00601,South,South,25.42,USD,mobile_wallet,3ds,approved,APPROVE,24.33,1.0448006576243323,0,0,0,0,0,1,0,2,196,16,32,18,terminal_customer_network_burst,0.18,0.022408951039902283,0.18
X000074561,2026-01-30 15:44:09,C000629,A0000629,M00036,T00993,Northeast,Northeast,99.43,USD,card_present,wallet_biometric,approved,APPROVE,118.88,0.8363896366083446,0,0,0,0,0,0,0,10,111,8,67,63,customer_velocity;high_customer_velocity;terminal_customer_network_burst,0.63,0.0035493609643156266,0.63
X000155617,2026-01-30 15:44:32,C001281,A0001281,M00403,T01126,Northeast,Northeast,93.6,USD,card_present,wallet_biometric,approved,APPROVE,45.06,2.0772303595206387,0,0,0,0,0,0,0,4,107,14,17,18,terminal_customer_network_burst,0.18,0.02905685457297518,0.18
X000169560,2026-01-30 15:44:46,C001400,A0001400,M00743,T00089,South,South,340.29,USD,card_present,magstripe,approved,APPROVE,210.06,1.6199657240788348,0,0,0,0,1,0,0,6,90,10,64,43,customer_velocity;terminal_customer_network_burst,0.43,0.00874220594407463,0.43
X000173288,2026-01-30 15:44:48,C001429,A0001429,M00674,T00232,Midwest,Midwest,188.59,USD,card_present,chip_pin,approved,APPROVE,67.28,2.803061831153389,0,0,0,0,0,0,0,4,158,10,33,18,terminal_customer_network_burst,0.18,0.01667611921188952,0.18
X000198349,2026-01-30 15:44:51,C001626,A0001626,M00680,T00949,Midwest,Midwest,232.12,USD,ecommerce,wallet_biometric,approved,APPROVE,262.11,0.8855823890732898,0,0,0,1,0,0,0,4,128,11,56,18,terminal_customer_network_burst,0.18,0.004017762999453227,0.18
X000053594,2026-01-30 15:44:53,C000453,A0000453,M00148,T01086,Midwest,Midwest,89.0,USD,card_present,chip_pin,approved,APPROVE,51.29,1.7352310391889259,0,0,0,0,0,0,0,2,168,12,12,18,terminal_customer_network_burst,0.18,0.02182584710991059,0.18
X000213526,2026-01-30 15:46:33,C001743,A0001743,M00054,T00295,West,West,37.0,USD,ecommerce,chip_pin,approved,APPROVE,29.38,1.2593601089176312,0,0,0,1,0,0,0,0,148,11,11,18,terminal_customer_network_burst,0.18,0.01316167740984744,0.18
X000107271,2026-01-30 15:46:37,C000899,A0000899,M00409,T00444,Northeast,Northeast,8.46,USD,ecommerce,3ds,approved,APPROVE,38.17,0.22164003143830235,0,0,0,1,0,0,0,2,97,11,13,18,terminal_customer_network_burst,0.18,0.00899660863357607,0.18
X000183262,2026-01-30 15:46:46,C001507,A0001507,M00386,T00008,Northeast,Northeast,37.78,USD,card_present,wallet_biometric,approved,APPROVE,50.49,0.7482669835611012,0,0,0,0,0,0,0,1,128,10,16,18,terminal_customer_network_burst,0.18,0.008202153109361435,0.18
X000011134,2026-01-30 15:48:00,C000100,A0000100,M00697,T00612,West,West,71.5,USD,card_present,chip_pin,approved,APPROVE,102.67,0.696405960845427,0,0,0,0,0,0,0,4,72,4,23,0,,0.0,0.0038792992422171197,0.0038792992422171197
X000018426,2026-01-30 15:48:28,C000157,A0000157,M00372,T00192,South,South,30.09,USD,card_present,wallet_biometric,approved,APPROVE,57.73,0.5212194699463017,0,0,0,0,0,0,0,2,205,17,9,18,terminal_customer_network_burst,0.18,0.029007409831827244,0.18
X000232661,2026-01-30 15:48:57,C001897,A0001897,M00108,T00481,Midwest,Midwest,164.48,USD,ecommerce,chip_pin,approved,APPROVE,92.61,1.7760501025807147,0,0,0,1,0,0,0,7,188,13,34,43,customer_velocity;terminal_customer_network_burst,0.43,0.024438882751315786,0.43
X000182276,2026-01-30 15:50:17,C001500,A0001500,M00453,T00940,South,South,80.08,USD,card_present,chip_pin,approved,APPROVE,130.54,0.6134518155354681,0,0,0,0,0,0,0,9,266,19,41,43,customer_velocity;terminal_customer_network_burst,0.43,0.03583548384558105,0.43
X000117359,2026-01-30 15:50:23,C000973,A0000973,M00521,T00168,Northeast,Northeast,206.34,USD,card_present,chip_pin,approved,APPROVE,257.81,0.800356851945231,0,0,0,0,0,0,0,5,114,10,36,43,customer_velocity;terminal_customer_network_burst,0.43,0.0067705716054406884,0.43
X000016251,2026-01-30 15:52:10,C000137,A0000137,M00038,T00874,South,South,101.44,USD,card_present,3ds,approved,APPROVE,145.83,0.6956044709593361,0,0,0,0,0,0,0,1,316,21,28,18,terminal_customer_network_burst,0.18,0.03188885924808312,0.18
X000181649,2026-01-30 15:52:17,C001494,A0001494,M00326,T01151,Northeast,Northeast,40.48,USD,mobile_wallet,3ds,approved,APPROVE,41.44,0.9768339768339768,0,0,0,0,0,1,0,5,129,11,14,43,customer_velocity;terminal_customer_network_burst,0.43,0.025788857343227178,0.43
X000019841,2026-01-30 15:52:30,C000172,A0000172,M00258,T00943,West,West,41.61,USD,ecommerce,3ds,approved,APPROVE,60.07,0.6926918594972532,0,0,0,1,0,0,0,2,90,8,18,18,terminal_customer_network_burst,0.18,0.006387855878045344,0.18
X000083585,2026-01-30 15:53:07,C000698,A0000698,M00445,T00021,Northeast,Northeast,40.38,USD,mobile_wallet,wallet_biometric,approved,APPROVE,41.27,0.9784346983280834,0,0,0,0,0,1,0,1,163,10,13,18,terminal_customer_network_burst,0.18,0.016274570817364435,0.18
X000210637,2026-01-30 15:53:16,C001717,A0001717,M00182,T00913,Midwest,Midwest,38.79,USD,card_present,wallet_biometric,approved,APPROVE,95.87,0.40461040993011366,0,0,0,0,0,0,0,4,63,10,25,18,terminal_customer_network_burst,0.18,0.006419346003986828,0.18
X000079861,2026-01-30 15:53:24,C000672,A0000672,M00313,T00777,Northeast,Northeast,68.9,USD,card_present,chip_pin,approved,APPROVE,65.95,1.0447308567096285,0,0,0,0,0,0,0,4,213,13,12,18,terminal_customer_network_burst,0.18,0.026247971010672083,0.18
X000066184,2026-01-30 15:54:09,C000561,A0000561,M00282,T01131,South,South,46.1,USD,card_present,chip_pin,approved,APPROVE,56.65,0.8137687555163283,0,0,0,0,0,0,0,3,274,19,14,18,terminal_customer_network_burst,0.18,0.04653933432223502,0.18
X000023236,2026-01-30 15:54:12,C000198,A0000198,M00374,T00569,South,South,64.34,USD,card_present,chip_pin,approved,APPROVE,96.03,0.6699989586587525,0,0,0,0,0,0,0,1,139,17,17,18,terminal_customer_network_burst,0.18,0.01801171672229142,0.18
X000010297,2026-01-30 15:55:02,C000093,A0000093,M00128,T00044,Northeast,Northeast,68.35,USD,card_present,chip_pin,approved,APPROVE,44.96,1.5202402135231314,0,0,0,0,0,0,0,1,98,14,13,18,terminal_customer_network_burst,0.18,0.018275020793212023,0.18
X000114317,2026-01-30 15:55:39,C000951,A0000951,M00635,T01013,Midwest,Midwest,151.31,USD,card_present,chip_pin,approved,APPROVE,90.52,1.671564295183385,0,0,0,0,0,0,0,3,154,15,32,18,terminal_customer_network_burst,0.18,0.01728762730976174,0.18
X000210046,2026-01-30 15:55:47,C001713,A0001713,M00409,T00971,Northeast,Northeast,35.93,USD,mobile_wallet,chip_pin,approved,APPROVE,40.41,0.8891363523880228,0,0,0,0,0,1,0,2,93,9,17,18,terminal_customer_network_burst,0.18,0.011544108896761758,0.18
X000174672,2026-01-30 15:55:52,C001439,A0001439,M00298,T00941,Northeast,Northeast,77.06,USD,card_present,magstripe,approved,APPROVE,141.68,0.5439017504234895,0,0,0,0,1,0,0,4,100,9,23,18,terminal_customer_network_burst,0.18,0.015273915733562512,0.18
X000156715,2026-01-30 15:56:00,C001289,A0001289,M00588,T01164,West,West,404.23,USD,mobile_wallet,chip_pin,approved,APPROVE,454.02,0.8903352275230166,0,0,0,0,0,1,0,6,83,7,46,25,customer_velocity,0.25,0.005572645818510839,0.25
X000147020,2026-01-30 15:56:11,C001212,A0001212,M00394,T00980,South,South,11.73,USD,card_present,3ds,approved,APPROVE,21.65,0.5418013856812933,0,0,0,0,0,0,0,1,88,7,19,0,,0.0,0.0043329240715777794,0.0043329240715777794
X000121394,2026-01-30 15:57:10,C001008,A0001008,M00529,T00187,Midwest,Midwest,145.37,USD,ecommerce,chip_pin,approved,APPROVE,287.67,0.5053359752494178,0,0,0,1,0,0,0,0,65,6,26,0,,0.0,0.0026722694212457736,0.0026722694212457736
X000098559,2026-01-30 15:57:13,C000826,A0000826,M00310,T00621,West,West,38.03,USD,mobile_wallet,chip_pin,approved,APPROVE,29.66,1.282198246797033,0,0,0,0,0,1,0,4,36,6,14,0,,0.0,0.01143264274326851,0.01143264274326851
X000227395,2026-01-30 15:57:15,C001853,A0001853,M00708,T00618,West,West,149.15,USD,card_present,chip_pin,approved,APPROVE,242.76,0.6143928159499095,0,0,0,0,0,0,0,4,71,9,26,18,terminal_customer_network_burst,0.18,0.006137947532825129,0.18
X000211075,2026-01-30 15:57:54,C001721,A0001721,M00391,T00267,Northeast,Northeast,36.57,USD,card_present,wallet_biometric,approved,APPROVE,43.08,0.8488857938718664,0,0,0,0,0,0,0,0,130,12,16,18,terminal_customer_network_burst,0.18,0.009670512594489724,0.18
X000219836,2026-01-30 15:58:17,C001796,A0001796,M00056,T01161,Midwest,Midwest,25.77,USD,card_present,chip_pin,approved,APPROVE,29.05,0.887091222030981,0,0,0,0,0,0,0,1,64,7,26,0,,0.0,0.003737082351132368,0.003737082351132368
X000076706,2026-01-30 15:59:21,C000645,A0000645,M00634,T01016,Northeast,Northeast,43.3,USD,mobile_wallet,wallet_biometric,approved,APPROVE,32.93,1.3149104160340115,0,0,0,0,0,1,0,2,140,15,8,18,terminal_customer_network_burst,0.18,0.04116025441089078,0.18
X000186821,2026-01-30 15:59:46,C001536,A0001536,M00253,T00043,South,South,64.51,USD,ecommerce,chip_pin,approved,APPROVE,50.5,1.2774257425742575,0,0,0,1,0,0,0,1,81,7,10,0,,0.0,0.00809760150867075,0.00809760150867075
X000236925,2026-01-30 15:59:59,C001933,A0001933,M00745,T00344,Northeast,Northeast,119.08,USD,card_present,chip_pin,approved,APPROVE,36.56,3.257111597374179,0,0,0,0,0,0,0,0,70,8,10,48,amount_vs_profile;terminal_customer_network_burst,0.48,0.016617088135838336,0.48
