Transaction_ID,Timestamp,Customer_ID,Account_ID,Merchant_ID,Terminal_ID,Customer_Region,Merchant_Region,Amount,Currency,Channel,Auth_Type,Auth_Result,Incumbent_Decision,Typical_Spend,Amount_To_Typical_Spend,Is_Night,Is_Weekend,Auth_Soft_Decline,Is_Ecommerce,Is_Magstripe,Is_Mobile_Wallet,Region_Mismatch,Tx_Count_Prior_24h,Terminal_Prior_Tx_Count,Terminal_Prior_Distinct_Customers,Customer_Terminal_Prior_Count,Rule_Score,Rule_Reasons,Rule_Risk,Model_Score,Hybrid_Score
X000044381,2026-01-26 11:48:14,C000376,A0000376,M00265,T01076,West,West,205.42,USD,card_present,wallet_biometric,approved,APPROVE,189.71,1.0828106056612723,0,0,0,0,0,0,0,9,86,6,49,25,customer_velocity,0.25,0.004624264072182533,0.25
X000091109,2026-01-26 11:48:32,C000764,A0000764,M00113,T00323,West,West,73.08,USD,ecommerce,3ds,approved,APPROVE,50.25,1.4543283582089552,0,0,0,1,0,0,0,0,13,4,10,0,,0.0,0.0045584788828475975,0.0045584788828475975
X000098082,2026-01-26 11:49:43,C000821,A0000821,M00372,T00192,South,South,20.72,USD,ecommerce,chip_pin,approved,APPROVE,44.2,0.46877828054298637,0,0,0,1,0,0,0,0,178,17,6,18,terminal_customer_network_burst,0.18,0.024448393642994174,0.18
X000222973,2026-01-26 11:50:38,C001817,A0001817,M00040,T01012,Northeast,Northeast,37.62,USD,ecommerce,magstripe,approved,APPROVE,68.51,0.5491169172383593,0,0,0,1,1,0,0,2,104,15,6,18,terminal_customer_network_burst,0.18,0.04439279039948283,0.18
X000021078,2026-01-26 11:51:01,C000184,A0000184,M00212,T00443,Midwest,Midwest,127.97,USD,card_present,wallet_biometric,approved,APPROVE,126.84,1.008908861557868,0,0,0,0,0,0,0,3,101,10,29,18,terminal_customer_network_burst,0.18,0.007067919388045159,0.18
X000100931,2026-01-26 11:52:23,C000850,A0000850,M00481,T00265,Northeast,Northeast,319.62,USD,card_present,3ds,approved,APPROVE,158.88,2.0117069486404833,0,0,0,0,0,0,0,3,147,11,31,18,terminal_customer_network_burst,0.18,0.012583460262097534,0.18
X000027664,2026-01-26 11:52:44,C000238,A0000238,M00400,T00825,West,West,40.89,USD,ecommerce,chip_pin,approved,APPROVE,57.91,0.7060956656881369,0,0,0,1,0,0,0,2,50,10,10,18,terminal_customer_network_burst,0.18,0.00950252571790496,0.18
X000188843,2026-01-26 11:53:01,C001551,A0001551,M00436,T01032,Midwest,Midwest,58.05,USD,mobile_wallet,3ds,approved,APPROVE,34.63,1.6762922321686398,0,0,0,0,0,1,0,0,59,7,4,0,,0.0,0.013826232140251436,0.013826232140251436
X000052039,2026-01-26 11:53:58,C000440,A0000440,M00325,T00244,Northeast,Northeast,114.62,USD,ecommerce,wallet_biometric,approved,APPROVE,46.14,2.4841785869094064,0,0,0,1,0,0,0,0,31,4,17,0,,0.0,0.005785452172860183,0.005785452172860183
X000240277,2026-01-26 11:54:05,C001960,A0001960,M00396,T00828,South,West,114.03,USD,card_present,wallet_biometric,approved,APPROVE,31.09,3.6677388227725958,0,0,0,0,0,0,1,2,41,7,0,57,amount_vs_profile;new_customer_terminal_pair;home_region_mismatch,0.57,0.2387316778908215,0.57
X000062965,2026-01-26 11:54:21,C000534,A0000534,M00203,T00186,Northeast,Northeast,185.77,USD,card_present,chip_pin,approved,APPROVE,169.77,1.0942451552099899,0,0,0,0,0,0,0,6,96,4,38,25,customer_velocity,0.25,0.0037752173725195772,0.25
X000170505,2026-01-26 11:54:55,C001405,A0001405,M00604,T01180,Northeast,Northeast,97.18,USD,card_present,chip_pin,approved,APPROVE,111.64,0.8704765317090649,0,0,0,0,0,0,0,6,114,12,22,43,customer_velocity;terminal_customer_network_burst,0.43,0.015542807787384054,0.43
X000063706,2026-01-26 11:55:07,C000541,A0000541,M00117,T00472,South,South,89.86,USD,ecommerce,3ds,approved,APPROVE,96.59,0.9303240501087069,0,0,0,1,0,0,0,3,74,11,41,18,terminal_customer_network_burst,0.18,0.005146361177154925,0.18
X000176758,2026-01-26 11:55:27,C001457,A0001457,M00435,T00513,Midwest,Midwest,42.1,USD,card_present,chip_pin,approved,APPROVE,23.47,1.7937792927141032,0,0,0,0,0,0,0,1,88,10,16,18,terminal_customer_network_burst,0.18,0.011304258683481231,0.18
X000029897,2026-01-26 11:55:49,C000256,A0000256,M00420,T00678,West,West,60.58,USD,mobile_wallet,3ds,approved,APPROVE,25.82,2.346243222308288,0,0,0,0,0,1,0,1,88,10,17,18,terminal_customer_network_burst,0.18,0.020500588775933387,0.18
X000046632,2026-01-26 11:56:16,C000392,A0000392,M00020,T00254,South,South,69.62,USD,ecommerce,chip_pin,approved,APPROVE,28.06,2.4811119030648614,0,0,0,1,0,0,0,1,181,17,4,18,terminal_customer_network_burst,0.18,0.06455957183216486,0.18
X000054453,2026-01-26 11:56:19,C000461,A0000461,M00244,T00277,South,South,802.05,USD,ecommerce,chip_pin,approved,APPROVE,456.08,1.7585730573583582,0,0,0,1,0,0,0,10,177,11,43,63,customer_velocity;high_customer_velocity;terminal_customer_network_burst,0.63,0.01986088538156517,0.63
X000201904,2026-01-26 11:56:47,C001651,A0001651,M00282,T00583,South,South,38.45,USD,card_present,3ds,approved,APPROVE,48.25,0.7968911917098446,0,0,0,0,0,0,0,3,216,16,12,18,terminal_customer_network_burst,0.18,0.03022948493709486,0.18
X000192905,2026-01-26 11:56:51,C001584,A0001584,M00555,T00348,Midwest,Midwest,103.87,USD,card_present,wallet_biometric,approved,APPROVE,230.45,0.4507268387936646,0,0,0,0,0,0,0,4,98,10,30,18,terminal_customer_network_burst,0.18,0.006087489256857561,0.18
X000063538,2026-01-26 11:56:56,C000540,A0000540,M00620,T00585,South,South,34.86,USD,card_present,chip_pin,approved,APPROVE,50.16,0.6949760765550239,0,0,0,0,0,0,0,1,131,12,11,18,terminal_customer_network_burst,0.18,0.01202542718928282,0.18
X000205227,2026-01-26 11:57:25,C001677,A0001677,M00652,T00833,Northeast,West,56.25,USD,ecommerce,chip_pin,approved,APPROVE,57.72,0.9745322245322245,0,0,0,1,0,0,1,0,39,7,0,27,new_customer_terminal_pair;home_region_mismatch,0.27,0.07963495689985355,0.27
X000005298,2026-01-26 11:57:43,C000049,A0000049,M00295,T00425,South,South,139.34,USD,card_present,3ds,approved,APPROVE,99.71,1.397452612576472,0,0,0,0,0,0,0,1,265,18,29,18,terminal_customer_network_burst,0.18,0.025397758083499596,0.18
X000160137,2026-01-26 11:57:47,C001321,A0001321,M00376,T00266,South,South,35.16,USD,mobile_wallet,chip_pin,approved,APPROVE,48.21,0.729309271935283,0,0,0,0,0,1,0,0,71,9,9,18,terminal_customer_network_burst,0.18,0.010478312154547626,0.18
X000057230,2026-01-26 11:57:49,C000484,A0000484,M00116,T00469,West,West,139.52,USD,mobile_wallet,3ds,approved,APPROVE,92.9,1.5018299246501614,0,0,0,0,0,1,0,3,51,7,28,0,,0.0,0.008279177155798139,0.008279177155798139
X000223055,2026-01-26 11:58:18,C001818,A0001818,M00695,T00845,Midwest,Midwest,14.17,USD,card_present,3ds,approved,APPROVE,44.9,0.3155902004454343,0,0,0,0,0,0,0,2,15,5,11,0,,0.0,0.0037667671426265315,0.0037667671426265315
X000102396,2026-01-26 11:58:35,C000861,A0000861,M00335,T00138,South,South,334.99,USD,card_present,chip_pin,approved,APPROVE,192.95,1.7361492614667013,0,0,0,0,0,0,0,1,166,10,13,18,terminal_customer_network_burst,0.18,0.014834959034804477,0.18
X000019575,2026-01-26 11:58:42,C000169,A0000169,M00213,T01006,Northeast,Northeast,72.46,USD,ecommerce,3ds,approved,APPROVE,40.53,1.787811497656057,0,0,0,1,0,0,0,2,96,17,17,18,terminal_customer_network_burst,0.18,0.02986021329786213,0.18
X000155129,2026-01-26 11:58:52,C001278,A0001278,M00613,T00852,South,South,38.28,USD,card_present,chip_pin,approved,APPROVE,50.36,0.7601270849880858,0,0,0,0,0,0,0,3,132,16,18,18,terminal_customer_network_burst,0.18,0.019932870430863826,0.18
X000068537,2026-01-26 11:58:54,C000581,A0000581,M00587,T00374,South,South,43.9,USD,mobile_wallet,chip_pin,approved,APPROVE,47.33,0.9275301077540672,0,0,0,0,0,1,0,5,129,8,15,43,customer_velocity;terminal_customer_network_burst,0.43,0.01727258493446501,0.43
X000119196,2026-01-26 12:00:10,C000987,A0000987,M00255,T00819,West,West,51.09,USD,card_present,chip_pin,approved,APPROVE,52.63,0.9707391221736652,0,0,0,0,0,0,0,1,82,8,16,18,terminal_customer_network_burst,0.18,0.0063000184022257415,0.18
X000073864,2026-01-26 12:00:16,C000624,A0000624,M00614,T00113,South,South,159.53,USD,card_present,wallet_biometric,approved,APPROVE,94.14,1.6946037816018695,0,0,0,0,0,0,0,2,81,11,9,18,terminal_customer_network_burst,0.18,0.01687047575619163,0.18
X000193915,2026-01-26 12:01:16,C001594,A0001594,M00366,T00195,Northeast,Northeast,52.24,USD,card_present,chip_pin,approved,APPROVE,29.86,1.7494976557267248,0,0,0,0,0,0,0,1,92,10,12,18,terminal_customer_network_burst,0.18,0.012756401184510092,0.18
X000188400,2026-01-26 12:01:25,C001548,A0001548,M00404,T00936,Northeast,Northeast,47.57,USD,card_present,3ds,approved,APPROVE,35.54,1.3384918401800787,0,0,0,0,0,0,0,0,21,5,11,0,,0.0,0.004585036091995597,0.004585036091995597
X000205940,2026-01-26 12:01:31,C001680,A0001680,M00761,T01038,South,South,155.94,USD,card_present,3ds,approved,APPROVE,155.53,1.0026361473670675,0,0,0,0,0,0,0,2,147,13,25,18,terminal_customer_network_burst,0.18,0.011430525060573425,0.18
X000013627,2026-01-26 12:01:37,C000116,A0000116,M00099,T00891,Northeast,South,196.92,USD,ecommerce,wallet_biometric,approved,APPROVE,197.15,0.9988333756023332,0,0,0,1,0,0,1,4,67,9,0,45,new_customer_terminal_pair;terminal_customer_network_burst;home_region_mismatch,0.45,0.16041505717569024,0.45
X000164405,2026-01-26 12:01:46,C001355,A0001355,M00085,T00540,Northeast,Northeast,304.76,USD,card_present,magstripe,approved,APPROVE,213.19,1.4295229607392466,0,0,0,0,1,0,0,1,96,8,20,18,terminal_customer_network_burst,0.18,0.014918534942805718,0.18
X000202369,2026-01-26 12:02:14,C001655,A0001655,M00604,T01134,South,Northeast,31.93,USD,ecommerce,3ds,approved,APPROVE,33.4,0.9559880239520958,0,0,0,1,0,0,1,2,232,15,0,45,new_customer_terminal_pair;terminal_customer_network_burst;home_region_mismatch,0.45,0.3166959069404256,0.45
X000089104,2026-01-26 12:02:43,C000746,A0000746,M00741,T00732,South,South,66.81,USD,card_present,chip_pin,approved,APPROVE,57.74,1.157083477658469,0,0,0,0,0,0,0,3,105,10,22,18,terminal_customer_network_burst,0.18,0.009503268449494166,0.18
X000158975,2026-01-26 12:02:50,C001308,A0001308,M00192,T00126,South,South,83.38,USD,mobile_wallet,3ds,approved,APPROVE,55.99,1.4891944990176815,0,0,0,0,0,1,0,0,172,11,14,18,terminal_customer_network_burst,0.18,0.01981301713308407,0.18
X000080274,2026-01-26 12:03:01,C000675,A0000675,M00712,T00064,South,South,20.0,USD,mobile_wallet,chip_pin,approved,APPROVE,48.77,0.4100881689563256,0,0,0,0,0,1,0,2,173,16,23,18,terminal_customer_network_burst,0.18,0.02184623860602401,0.18
X000145071,2026-01-26 12:03:16,C001194,A0001194,M00638,T01099,Northeast,Northeast,107.25,USD,ecommerce,chip_pin,approved,APPROVE,102.24,1.0490023474178405,0,0,0,1,0,0,0,2,99,10,22,18,terminal_customer_network_burst,0.18,0.008406435958446815,0.18
X000032621,2026-01-26 12:03:29,C000276,A0000276,M00579,T01107,West,West,87.84,USD,card_present,wallet_biometric,approved,APPROVE,60.66,1.4480712166172107,0,0,0,0,0,0,0,0,58,8,9,18,terminal_customer_network_burst,0.18,0.008016795988964098,0.18
X000179403,2026-01-26 12:04:00,C001476,A0001476,M00450,T00640,Northeast,Northeast,236.52,USD,card_present,chip_pin,approved,APPROVE,246.77,0.9584633464359525,0,0,0,0,0,0,0,6,204,9,42,43,customer_velocity;terminal_customer_network_burst,0.43,0.007483762620875798,0.43
X000031571,2026-01-26 12:04:01,C000267,A0000267,M00050,T01119,Midwest,Midwest,123.23,USD,card_present,chip_pin,approved,APPROVE,99.17,1.242613693657356,0,0,0,0,0,0,0,4,142,12,19,18,terminal_customer_network_burst,0.18,0.016912933444305243,0.18
X000060846,2026-01-26 12:04:23,C000518,A0000518,M00302,T01118,Northeast,Northeast,44.29,USD,ecommerce,magstripe,approved,APPROVE,50.22,0.8819195539625647,0,0,0,1,1,0,0,4,84,9,16,18,terminal_customer_network_burst,0.18,0.022143084643405066,0.18
X000033538,2026-01-26 12:05:11,C000285,A0000285,M00052,T00013,South,South,43.59,USD,card_present,chip_pin,approved,APPROVE,49.02,0.8892288861689107,0,0,0,0,0,0,0,1,137,13,7,18,terminal_customer_network_burst,0.18,0.01687782234466632,0.18
X000143741,2026-01-26 12:05:31,C001185,A0001185,M00679,T01139,Northeast,Northeast,88.82,USD,card_present,chip_pin,approved,APPROVE,70.94,1.2520439808288695,0,0,0,0,0,0,0,3,115,12,9,18,terminal_customer_network_burst,0.18,0.019431103582632652,0.18
X000185457,2026-01-26 12:05:49,C001525,A0001525,M00304,T00087,Midwest,Midwest,83.85,USD,ecommerce,3ds,approved,APPROVE,133.44,0.6283723021582733,0,0,0,1,0,0,0,4,116,11,38,18,terminal_customer_network_burst,0.18,0.006282590885258348,0.18
X000211065,2026-01-26 12:05:53,C001721,A0001721,M00391,T00267,Northeast,Northeast,31.55,USD,mobile_wallet,wallet_biometric,approved,APPROVE,43.08,0.7323584029712163,0,0,0,0,0,1,0,2,116,12,13,18,terminal_customer_network_burst,0.18,0.018565672334412732,0.18
X000100439,2026-01-26 12:05:59,C000845,A0000845,M00382,T00233,Midwest,Midwest,89.05,USD,card_present,chip_pin,approved,APPROVE,175.06,0.5086827373471953,0,0,0,0,0,0,0,1,38,5,21,0,,0.0,0.002779413898902561,0.002779413898902561
X000159215,2026-01-26 12:06:20,C001311,A0001311,M00231,T01111,South,South,32.69,USD,card_present,chip_pin,approved,APPROVE,80.68,0.40518096182449176,0,0,0,0,0,0,0,0,107,15,11,18,terminal_customer_network_burst,0.18,0.012740432032790343,0.18
X000231476,2026-01-26 12:06:42,C001889,A0001889,M00717,T00614,South,South,352.93,USD,ecommerce,chip_pin,approved,APPROVE,324.26,1.0884167026460247,0,0,0,1,0,0,0,1,148,13,33,18,terminal_customer_network_burst,0.18,0.008606306543664984,0.18
X000153715,2026-01-26 12:07:00,C001264,A0001264,M00578,T01104,Northeast,Northeast,135.93,USD,card_present,chip_pin,approved,APPROVE,202.11,0.6725545495027461,0,0,0,0,0,0,0,3,109,11,27,18,terminal_customer_network_burst,0.18,0.007555656596443742,0.18
X000163457,2026-01-26 12:07:26,C001348,A0001348,M00753,T00413,South,South,72.53,USD,card_present,chip_pin,approved,APPROVE,58.02,1.2500861771802827,0,0,0,0,0,0,0,1,192,15,22,18,terminal_customer_network_burst,0.18,0.017545838357645335,0.18
X000058401,2026-01-26 12:07:29,C000495,A0000495,M00055,T01054,South,South,83.33,USD,ecommerce,magstripe,approved,APPROVE,84.94,0.9810454438427125,0,0,0,1,1,0,0,1,70,8,15,18,terminal_customer_network_burst,0.18,0.014429431456474247,0.18
X000147579,2026-01-26 12:07:59,C001219,A0001219,M00393,T00239,Northeast,Northeast,73.69,USD,card_present,wallet_biometric,approved,APPROVE,37.58,1.9608834486428952,0,0,0,0,0,0,0,0,184,12,4,18,terminal_customer_network_burst,0.18,0.02545800541784585,0.18
X000048247,2026-01-26 12:08:16,C000405,A0000405,M00042,T00546,Northeast,Northeast,18.89,USD,card_present,chip_pin,approved,APPROVE,61.46,0.30735437683045885,0,0,0,0,0,0,0,2,138,10,10,18,terminal_customer_network_burst,0.18,0.009600362272448407,0.18
X000143222,2026-01-26 12:08:19,C001180,A0001180,M00587,T01174,South,South,25.01,USD,mobile_wallet,magstripe,approved,APPROVE,87.75,0.28501424501424505,0,0,0,0,1,1,0,1,177,15,12,18,terminal_customer_network_burst,0.18,0.05000303006472143,0.18
X000011487,2026-01-26 12:08:29,C000102,A0000102,M00560,T00636,West,West,486.29,USD,ecommerce,chip_pin,approved,APPROVE,246.43,1.9733392849896523,0,0,0,1,0,0,0,2,81,7,52,0,,0.0,0.0031049489405246882,0.0031049489405246882
X000002375,2026-01-26 12:09:24,C000022,A0000022,M00022,T00194,South,South,38.65,USD,card_present,3ds,approved,APPROVE,29.61,1.3053022627490711,0,0,0,0,0,0,0,1,152,16,13,18,terminal_customer_network_burst,0.18,0.02426195029137166,0.18
X000238030,2026-01-26 12:09:44,C001942,A0001942,M00123,T00579,Midwest,Midwest,82.79,USD,card_present,wallet_biometric,approved,APPROVE,103.71,0.7982836756339795,0,0,0,0,0,0,0,3,75,8,20,18,terminal_customer_network_burst,0.18,0.0064099153421600845,0.18
X000177610,2026-01-26 12:09:48,C001461,A0001461,M00297,T00721,Northeast,Northeast,183.05,USD,card_present,chip_pin,approved,APPROVE,251.98,0.7264465433764585,0,0,0,0,0,0,0,4,146,13,29,18,terminal_customer_network_burst,0.18,0.011323780237280022,0.18
X000136282,2026-01-26 12:09:53,C001121,A0001121,M00367,T00335,South,South,98.52,USD,card_present,chip_pin,approved,APPROVE,103.73,0.9497734503036729,0,0,0,0,0,0,0,3,129,11,30,18,terminal_customer_network_burst,0.18,0.008077655811228468,0.18
X000132281,2026-01-26 12:10:21,C001090,A0001090,M00052,T00717,South,South,123.76,USD,ecommerce,3ds,approved,APPROVE,35.97,3.440644981929386,0,0,0,1,0,0,0,3,97,12,0,63,amount_vs_profile;new_customer_terminal_pair;terminal_customer_network_burst,0.63,0.061405754852272565,0.63
X000043289,2026-01-26 12:10:49,C000366,A0000366,M00376,T00266,South,South,18.34,USD,ecommerce,wallet_biometric,approved,APPROVE,28.9,0.6346020761245675,0,0,0,1,0,0,0,0,72,9,12,18,terminal_customer_network_burst,0.18,0.006437919054440454,0.18
X000072346,2026-01-26 12:10:50,C000611,A0000611,M00485,T00689,South,South,43.75,USD,card_present,chip_pin,approved,APPROVE,23.9,1.8305439330543933,0,0,0,0,0,0,0,0,39,6,9,0,,0.0,0.007041615596594486,0.007041615596594486
X000128545,2026-01-26 12:11:10,C001058,A0001058,M00380,T00989,Midwest,Midwest,325.15,USD,ecommerce,chip_pin,approved,APPROVE,41.97,7.747200381224684,0,0,0,1,0,0,0,1,72,8,20,73,amount_vs_profile;extreme_amount_vs_profile;terminal_customer_network_burst,0.73,0.06273153783885828,0.73
X000210036,2026-01-26 12:11:49,C001713,A0001713,M00690,T00363,Northeast,Northeast,29.28,USD,card_present,chip_pin,approved,APPROVE,40.41,0.7245731254639941,0,0,0,0,0,0,0,1,121,11,14,18,terminal_customer_network_burst,0.18,0.009575965001285968,0.18
X000001608,2026-01-26 12:11:53,C000015,A0000015,M00784,T00354,South,South,55.74,USD,card_present,3ds,approved,APPROVE,115.21,0.483812169082545,0,0,0,0,0,0,0,11,169,10,59,63,customer_velocity;high_customer_velocity;terminal_customer_network_burst,0.63,0.006589554618454156,0.63
X000128206,2026-01-26 12:11:54,C001055,A0001055,M00620,T00585,South,South,122.75,USD,mobile_wallet,3ds,approved,APPROVE,152.46,0.8051292142201233,0,0,0,0,0,1,0,4,132,12,25,18,terminal_customer_network_burst,0.18,0.017108814130775963,0.18
X000112410,2026-01-26 12:12:19,C000940,A0000940,M00430,T00430,South,South,159.43,USD,card_present,chip_pin,approved,APPROVE,79.58,2.003392812264388,0,0,0,0,0,0,0,0,71,9,9,18,terminal_customer_network_burst,0.18,0.011672727581986828,0.18
X000069853,2026-01-26 12:12:29,C000594,A0000594,M00655,T00487,Midwest,Midwest,28.83,USD,card_present,chip_pin,approved,APPROVE,27.81,1.0366774541531822,0,0,0,0,0,0,0,0,86,11,13,18,terminal_customer_network_burst,0.18,0.00912832328211543,0.18
X000080455,2026-01-26 12:12:38,C000676,A0000676,M00244,T00277,South,South,126.85,USD,card_present,wallet_biometric,approved,APPROVE,122.96,1.031636304489265,0,0,0,0,0,0,0,1,178,11,33,18,terminal_customer_network_burst,0.18,0.0067987633366055665,0.18
X000219414,2026-01-26 12:12:52,C001792,A0001792,M00412,T00593,Northeast,Northeast,81.66,USD,mobile_wallet,chip_pin,approved,APPROVE,54.3,1.503867403314917,0,0,0,0,0,1,0,3,112,10,18,18,terminal_customer_network_burst,0.18,0.018978164107861885,0.18
X000133033,2026-01-26 12:13:16,C001097,A0001097,M00213,T00320,Northeast,Northeast,56.25,USD,card_present,wallet_biometric,approved,APPROVE,49.17,1.1439902379499693,0,0,0,0,0,0,0,1,103,7,11,0,,0.0,0.007448823933779,0.007448823933779
X000079372,2026-01-26 12:13:29,C000668,A0000668,M00600,T00588,South,South,26.03,USD,mobile_wallet,chip_pin,approved,APPROVE,54.33,0.4791091478004786,0,0,0,0,0,1,0,3,107,13,17,18,terminal_customer_network_burst,0.18,0.018207760612014838,0.18
X000143670,2026-01-26 12:13:33,C001184,A0001184,M00789,T00268,Midwest,Midwest,155.22,USD,ecommerce,magstripe,approved,APPROVE,116.35,1.3340782122905028,0,0,0,1,1,0,0,3,89,12,10,18,terminal_customer_network_burst,0.18,0.04084743400882764,0.18
X000149685,2026-01-26 12:13:41,C001232,A0001232,M00691,T00755,Northeast,Northeast,81.67,USD,card_present,3ds,approved,APPROVE,54.23,1.5059929928084088,0,0,0,0,0,0,0,3,145,15,5,18,terminal_customer_network_burst,0.18,0.03721556010592726,0.18
X000163870,2026-01-26 12:14:04,C001350,A0001350,M00137,T01183,Midwest,Midwest,17.33,USD,card_present,chip_pin,approved,APPROVE,69.45,0.249532037437005,0,0,0,0,0,0,0,0,51,10,9,18,terminal_customer_network_burst,0.18,0.0061322894724992385,0.18
X000157448,2026-01-26 12:14:25,C001295,A0001295,M00782,T00464,Midwest,Midwest,25.69,USD,mobile_wallet,chip_pin,approved,APPROVE,77.06,0.3333765896703867,0,0,0,0,0,1,0,1,93,10,21,18,terminal_customer_network_burst,0.18,0.008112579090930728,0.18
X000088092,2026-01-26 12:14:26,C000740,A0000740,M00083,T00781,Midwest,Midwest,17.15,USD,card_present,chip_pin,approved,APPROVE,16.08,1.066542288557214,0,0,0,0,0,0,0,3,19,3,17,0,,0.0,0.0037747540787386193,0.0037747540787386193
X000240464,2026-01-26 12:14:32,C001961,A0001961,M00077,T00723,South,South,121.72,USD,card_present,chip_pin,approved,APPROVE,100.48,1.2113853503184713,0,0,0,0,0,0,0,8,237,18,41,43,customer_velocity;terminal_customer_network_burst,0.43,0.033574081914804814,0.43
X000129843,2026-01-26 12:15:00,C001067,A0001067,M00211,T01170,Midwest,Midwest,315.21,USD,ecommerce,chip_pin,approved,APPROVE,153.89,2.0482812398466437,0,0,0,1,0,0,0,3,147,9,50,18,terminal_customer_network_burst,0.18,0.005767804938924118,0.18
X000036303,2026-01-26 12:15:13,C000310,A0000310,M00229,T00063,Northeast,Northeast,17.7,USD,ecommerce,chip_pin,approved,APPROVE,36.53,0.48453326033397204,0,0,0,1,0,0,0,2,34,5,18,0,,0.0,0.0035635587577568534,0.0035635587577568534
X000035614,2026-01-26 12:15:33,C000302,A0000302,M00454,T00284,West,West,39.03,USD,card_present,chip_pin,approved,APPROVE,37.04,1.0537257019438446,0,0,0,0,0,0,0,3,78,11,11,18,terminal_customer_network_burst,0.18,0.013629387783192656,0.18
X000042930,2026-01-26 12:15:49,C000363,A0000363,M00798,T01060,Northeast,Northeast,261.16,USD,ecommerce,magstripe,approved,APPROVE,118.43,2.205184497171325,0,0,0,1,1,0,0,1,157,10,30,18,terminal_customer_network_burst,0.18,0.02299710146504383,0.18
X000038270,2026-01-26 12:15:56,C000327,A0000327,M00741,T00732,South,South,44.49,USD,ecommerce,3ds,approved,APPROVE,139.35,0.31926803013993543,0,0,0,1,0,0,0,3,106,10,29,18,terminal_customer_network_burst,0.18,0.005708662777621491,0.18
X000025797,2026-01-26 12:16:20,C000220,A0000220,M00285,T01108,Midwest,Midwest,309.79,USD,card_present,chip_pin,approved,APPROVE,356.98,0.8678077203204662,0,0,0,0,0,0,0,4,161,10,37,18,terminal_customer_network_burst,0.18,0.006759535772263746,0.18
X000223830,2026-01-26 12:16:40,C001826,A0001826,M00600,T00588,South,South,47.23,USD,ecommerce,chip_pin,approved,APPROVE,36.54,1.2925561029009305,0,0,0,1,0,0,0,1,108,13,13,18,terminal_customer_network_burst,0.18,0.016047532797500253,0.18
X000201671,2026-01-26 12:17:47,C001650,A0001650,M00566,T00559,West,West,303.89,USD,card_present,3ds,approved,APPROVE,267.79,1.1348071249859963,0,0,0,0,0,0,0,6,79,8,64,43,customer_velocity;terminal_customer_network_burst,0.43,0.0025411301845394483,0.43
X000024846,2026-01-26 12:18:05,C000210,A0000210,M00481,T00265,Northeast,Northeast,52.54,USD,card_present,chip_pin,approved,APPROVE,38.63,1.3600828371731815,0,0,0,0,0,0,0,0,148,11,14,18,terminal_customer_network_burst,0.18,0.011802990811340822,0.18
X000176325,2026-01-26 12:18:42,C001453,A0001453,M00509,T01064,West,West,15.1,USD,card_present,3ds,approved,APPROVE,19.12,0.7897489539748953,0,0,0,0,0,0,0,2,69,9,13,18,terminal_customer_network_burst,0.18,0.007892966468090238,0.18
X000022586,2026-01-26 12:19:45,C000195,A0000195,M00260,T00534,West,West,140.9,USD,ecommerce,3ds,approved,APPROVE,82.17,1.7147377388341245,0,0,0,1,0,0,0,3,43,6,26,0,,0.0,0.00587729790730848,0.00587729790730848
X000134474,2026-01-26 12:19:53,C001104,A0001104,M00416,T00403,West,West,349.08,USD,card_present,3ds,approved,APPROVE,231.6,1.5072538860103626,0,0,0,0,0,0,0,6,142,13,27,43,customer_velocity;terminal_customer_network_burst,0.43,0.020639543708994623,0.43
X000233944,2026-01-26 12:20:06,C001907,A0001907,M00766,T00816,West,West,59.05,USD,card_present,chip_pin,approved,APPROVE,168.05,0.35138351681047303,0,0,0,0,0,0,0,3,56,7,16,0,,0.0,0.005147989788202521,0.005147989788202521
X000245422,2026-01-26 12:20:11,C001999,A0001999,M00265,T00269,West,West,70.76,USD,card_present,3ds,approved,APPROVE,131.76,0.5370370370370371,0,0,0,0,0,0,0,2,39,5,35,0,,0.0,0.002013498290631487,0.002013498290631487
X000062493,2026-01-26 12:20:21,C000531,A0000531,M00318,T00746,Midwest,Midwest,322.98,USD,ecommerce,chip_pin,approved,APPROVE,214.99,1.502302432671287,0,0,0,1,0,0,0,3,210,18,48,18,terminal_customer_network_burst,0.18,0.016716572548447925,0.18
X000195555,2026-01-26 12:20:51,C001606,A0001606,M00125,T00414,West,West,100.35,USD,card_present,3ds,approved,APPROVE,119.37,0.840663483287258,0,0,0,0,0,0,0,5,80,8,29,43,customer_velocity;terminal_customer_network_burst,0.43,0.006243633361633778,0.43
X000141372,2026-01-26 12:20:57,C001164,A0001164,M00494,T00034,West,West,102.78,USD,ecommerce,chip_pin,approved,APPROVE,140.47,0.7316864810991671,0,0,0,1,0,0,0,3,77,7,20,0,,0.0,0.005878485247163797,0.005878485247163797
X000229368,2026-01-26 12:21:34,C001868,A0001868,M00556,T00589,South,South,44.22,USD,card_present,3ds,approved,APPROVE,102.48,0.4314988290398126,0,0,0,0,0,0,0,4,205,17,15,18,terminal_customer_network_burst,0.18,0.02912691191788987,0.18
X000003293,2026-01-26 12:21:37,C000029,A0000029,M00044,T01081,Northeast,Northeast,161.54,USD,card_present,3ds,approved,APPROVE,52.55,3.0740247383444337,0,0,0,0,0,0,0,1,170,16,27,48,amount_vs_profile;terminal_customer_network_burst,0.48,0.03291173781219048,0.48
X000040900,2026-01-26 12:21:38,C000347,A0000347,M00093,T01018,Northeast,Northeast,272.15,USD,mobile_wallet,wallet_biometric,approved,APPROVE,153.65,1.7712333224861696,0,0,0,0,0,1,0,4,110,10,29,18,terminal_customer_network_burst,0.18,0.016610651001012795,0.18
X000158361,2026-01-26 12:22:55,C001303,A0001303,M00330,T01113,West,West,84.79,USD,mobile_wallet,wallet_biometric,approved,APPROVE,179.56,0.47220984629093343,0,0,0,0,0,1,0,0,102,12,8,18,terminal_customer_network_burst,0.18,0.015015387296028172,0.18
X000032842,2026-01-26 12:23:18,C000278,A0000278,M00623,T00969,Midwest,Midwest,183.98,USD,card_present,wallet_biometric,approved,APPROVE,149.67,1.2292376561769225,0,0,0,0,0,0,0,1,104,9,23,18,terminal_customer_network_burst,0.18,0.0066453249163049,0.18
X000156691,2026-01-26 12:23:31,C001289,A0001289,M00588,T01164,West,West,380.89,USD,card_present,wallet_biometric,approved,APPROVE,454.02,0.8389278005374212,0,0,0,0,0,0,0,6,72,7,37,25,customer_velocity,0.25,0.004714388675686117,0.25
X000071809,2026-01-26 12:23:37,C000609,A0000609,M00194,T00803,Northeast,Northeast,130.39,USD,mobile_wallet,chip_pin,approved,APPROVE,131.74,0.9897525428875055,0,0,0,0,0,1,0,2,126,9,32,18,terminal_customer_network_burst,0.18,0.008069964943635244,0.18
X000132747,2026-01-26 12:24:22,C001094,A0001094,M00592,T00719,South,South,41.04,USD,card_present,wallet_biometric,approved,APPROVE,42.2,0.9725118483412322,0,0,0,0,0,0,0,0,167,14,9,18,terminal_customer_network_burst,0.18,0.01768208152671797,0.18
X000241139,2026-01-26 12:24:37,C001968,A0001968,M00620,T00551,South,South,82.07,USD,card_present,3ds,approved,APPROVE,96.5,0.8504663212435233,0,0,0,0,0,0,0,4,112,13,26,18,terminal_customer_network_burst,0.18,0.012021122466169357,0.18
X000094342,2026-01-26 12:26:06,C000789,A0000789,M00459,T00204,Northeast,Northeast,206.58,USD,card_present,chip_pin,approved,APPROVE,111.23,1.8572327609457882,0,0,0,0,0,0,0,4,207,12,57,18,terminal_customer_network_burst,0.18,0.007543126069161624,0.18
X000233486,2026-01-26 12:26:09,C001903,A0001903,M00125,T00855,West,West,21.13,USD,card_present,chip_pin,approved,APPROVE,28.9,0.7311418685121107,0,0,0,0,0,0,0,1,54,7,15,0,,0.0,0.004881093458019804,0.004881093458019804
X000091320,2026-01-26 12:26:16,C000766,A0000766,M00702,T00341,Midwest,Midwest,31.75,USD,card_present,3ds,approved,APPROVE,57.94,0.5479806696582672,0,0,0,0,0,0,0,1,63,10,12,18,terminal_customer_network_burst,0.18,0.007284687170109516,0.18
X000098994,2026-01-26 12:26:38,C000830,A0000830,M00670,T00842,Northeast,Northeast,57.51,USD,ecommerce,3ds,approved,APPROVE,65.44,0.878820293398533,0,0,0,1,0,0,0,2,73,10,12,18,terminal_customer_network_burst,0.18,0.010133274905697428,0.18
X000131245,2026-01-26 12:26:52,C001080,A0001080,M00668,T00869,Midwest,Midwest,19.12,USD,ecommerce,3ds,approved,APPROVE,51.38,0.3721292331646555,0,0,0,1,0,0,0,1,129,10,19,18,terminal_customer_network_burst,0.18,0.006760509406651112,0.18
X000046399,2026-01-26 12:26:54,C000389,A0000389,M00409,T01085,Northeast,Northeast,71.94,USD,card_present,3ds,approved,APPROVE,56.05,1.2834968777876896,0,0,0,0,0,0,0,4,95,14,9,18,terminal_customer_network_burst,0.18,0.02649056134494975,0.18
X000198026,2026-01-26 12:26:58,C001624,A0001624,M00321,T01046,Midwest,Midwest,53.63,USD,card_present,magstripe,approved,APPROVE,43.84,1.2233120437956204,0,0,0,0,1,0,0,3,106,11,22,18,terminal_customer_network_burst,0.18,0.023644011427914443,0.18
X000060962,2026-01-26 12:27:25,C000519,A0000519,M00667,T00609,Northeast,Northeast,154.37,USD,ecommerce,3ds,approved,APPROVE,98.05,1.57440081591025,0,0,0,1,0,0,0,2,211,21,11,18,terminal_customer_network_burst,0.18,0.06912034939121103,0.18
X000058402,2026-01-26 12:27:48,C000495,A0000495,M00005,T00817,South,South,157.08,USD,ecommerce,chip_pin,approved,APPROVE,84.94,1.8493053920414413,0,0,0,1,0,0,0,2,185,14,29,18,terminal_customer_network_burst,0.18,0.018466554100559945,0.18
X000045269,2026-01-26 12:28:21,C000380,A0000380,M00681,T00001,West,West,36.15,USD,mobile_wallet,chip_pin,approved,APPROVE,36.05,1.0027739251040222,0,0,0,0,0,1,0,6,53,6,26,25,customer_velocity,0.25,0.009154550935941088,0.25
X000099613,2026-01-26 12:28:35,C000837,A0000837,M00758,T00785,Northeast,Northeast,138.2,USD,card_present,chip_pin,approved,APPROVE,44.81,3.08413300602544,0,0,0,0,0,0,0,0,132,11,18,48,amount_vs_profile;terminal_customer_network_burst,0.48,0.019947424273544526,0.48
X000160294,2026-01-26 12:28:37,C001323,A0001323,M00513,T00882,Midwest,Midwest,105.91,USD,card_present,3ds,approved,APPROVE,37.38,2.833333333333333,0,0,0,0,0,0,0,4,24,10,8,18,terminal_customer_network_burst,0.18,0.02666275319490491,0.18
X000206303,2026-01-26 12:29:13,C001684,A0001684,M00064,T00627,Midwest,Midwest,66.5,USD,ecommerce,wallet_biometric,approved,APPROVE,47.34,1.4047317279256442,0,0,0,1,0,0,0,2,95,12,6,18,terminal_customer_network_burst,0.18,0.020291922634534346,0.18
X000204991,2026-01-26 12:29:26,C001674,A0001674,M00009,T00774,South,South,12.72,USD,card_present,chip_pin,approved,APPROVE,33.84,0.375886524822695,0,0,0,0,0,0,0,4,118,12,5,18,terminal_customer_network_burst,0.18,0.01757765540542406,0.18
X000224072,2026-01-26 12:29:38,C001829,A0001829,M00301,T01109,South,South,107.2,USD,ecommerce,chip_pin,approved,APPROVE,54.77,1.957275880956728,0,0,0,1,0,0,0,0,86,11,11,18,terminal_customer_network_burst,0.18,0.014889487821180776,0.18
X000189488,2026-01-26 12:29:41,C001557,A0001557,M00788,T00018,South,South,178.59,USD,ecommerce,3ds,approved,APPROVE,156.55,1.140785691472373,0,0,0,1,0,0,0,1,158,17,16,18,terminal_customer_network_burst,0.18,0.024826344654474624,0.18
X000189708,2026-01-26 12:30:01,C001559,A0001559,M00301,T00666,South,South,180.2,USD,card_present,chip_pin,approved,APPROVE,46.73,3.8561951637063983,0,0,0,0,0,0,0,2,87,12,14,48,amount_vs_profile;terminal_customer_network_burst,0.48,0.038785334447104254,0.48
X000080984,2026-01-26 12:30:48,C000680,A0000680,M00594,T00498,Northeast,Northeast,34.49,USD,mobile_wallet,chip_pin,approved,APPROVE,59.94,0.5754087420754088,0,0,0,0,0,1,0,0,58,7,10,0,,0.0,0.007283858751937294,0.007283858751937294
X000206505,2026-01-26 12:31:13,C001686,A0001686,M00245,T00626,West,West,240.67,USD,card_present,wallet_biometric,approved,APPROVE,109.29,2.2021227925702256,0,0,0,0,0,0,0,4,56,8,22,18,terminal_customer_network_burst,0.18,0.011362888475858883,0.18
X000054063,2026-01-26 12:31:21,C000458,A0000458,M00798,T00402,Northeast,Northeast,54.29,USD,card_present,chip_pin,approved,APPROVE,49.08,1.1061532192339039,0,0,0,0,0,0,0,1,153,11,15,18,terminal_customer_network_burst,0.18,0.011740727340455944,0.18
X000214696,2026-01-26 12:31:29,C001753,A0001753,M00669,T00703,South,South,124.62,USD,card_present,3ds,approved,APPROVE,148.46,0.8394180250572545,0,0,0,0,0,0,0,2,139,8,0,33,new_customer_terminal_pair;terminal_customer_network_burst,0.33,0.013009061809302329,0.33
X000239148,2026-01-26 12:31:57,C001951,A0001951,M00198,T00247,Midwest,Midwest,15.84,USD,ecommerce,3ds,approved,APPROVE,46.06,0.3438992618323925,0,0,0,1,0,0,0,3,115,11,17,18,terminal_customer_network_burst,0.18,0.00978060900759927,0.18
X000056471,2026-01-26 12:32:00,C000477,A0000477,M00377,T00901,Midwest,Midwest,8.94,USD,card_present,chip_pin,approved,APPROVE,27.84,0.3211206896551724,0,0,0,0,0,0,0,3,115,9,22,18,terminal_customer_network_burst,0.18,0.006173674774000057,0.18
X000160604,2026-01-26 12:32:21,C001326,A0001326,M00386,T00008,Northeast,Northeast,45.06,USD,card_present,3ds,approved,APPROVE,112.21,0.4015684876570716,0,0,0,0,0,0,0,4,115,10,20,18,terminal_customer_network_burst,0.18,0.008608264153888207,0.18
X000150442,2026-01-26 12:32:30,C001238,A0001238,M00335,T00070,South,South,87.0,USD,card_present,wallet_biometric,approved,APPROVE,130.71,0.6655955932981409,0,0,0,0,0,0,0,4,257,17,27,18,terminal_customer_network_burst,0.18,0.024918455482656122,0.18
X000081207,2026-01-26 12:32:31,C000681,A0000681,M00663,T00502,West,West,96.81,USD,mobile_wallet,chip_pin,approved,APPROVE,189.01,0.5121951219512195,0,0,0,0,0,1,0,3,142,8,54,18,terminal_customer_network_burst,0.18,0.0033960057039254758,0.18
X000081493,2026-01-26 12:32:31,C000682,A0000682,M00051,T01084,South,South,616.24,USD,ecommerce,wallet_biometric,approved,APPROVE,203.35,3.0304401278583724,0,0,0,1,0,0,0,1,149,13,16,48,amount_vs_profile;terminal_customer_network_burst,0.48,0.03236822425939899,0.48
X000143451,2026-01-26 12:32:32,C001182,A0001182,M00603,T01192,Midwest,Midwest,17.06,USD,ecommerce,chip_pin,approved,APPROVE,40.93,0.41680918641583187,0,0,0,1,0,0,0,4,80,9,18,18,terminal_customer_network_burst,0.18,0.007919274825865139,0.18
X000033819,2026-01-26 12:32:51,C000288,A0000288,M00758,T00785,Northeast,Northeast,114.23,USD,ecommerce,wallet_biometric,approved,APPROVE,71.3,1.6021037868162693,0,0,0,1,0,0,0,4,133,11,14,18,terminal_customer_network_burst,0.18,0.02101265926455428,0.18
X000222878,2026-01-26 12:33:29,C001816,A0001816,M00336,T00988,West,West,48.51,USD,card_present,wallet_biometric,approved,APPROVE,94.91,0.51111579391002,0,0,0,0,0,0,0,2,61,6,13,0,,0.0,0.004843728652961463,0.004843728652961463
X000122631,2026-01-26 12:34:53,C001017,A0001017,M00342,T00563,Midwest,Midwest,46.34,USD,ecommerce,chip_pin,approved,APPROVE,60.44,0.7667107875579088,0,0,0,1,0,0,0,0,82,11,9,18,terminal_customer_network_burst,0.18,0.009719781149822478,0.18
X000101544,2026-01-26 12:34:55,C000854,A0000854,M00005,T01091,Northeast,South,43.76,USD,card_present,chip_pin,approved,APPROVE,47.91,0.9133792527656022,0,0,0,0,0,0,1,1,127,13,0,45,new_customer_terminal_pair;terminal_customer_network_burst;home_region_mismatch,0.45,0.18735158432181506,0.45
X000065534,2026-01-26 12:34:58,C000555,A0000555,M00596,T01101,Midwest,Midwest,102.61,USD,ecommerce,chip_pin,approved,APPROVE,92.42,1.1102575200173121,0,0,0,1,0,0,0,0,129,11,26,18,terminal_customer_network_burst,0.18,0.007282261621549929,0.18
X000057522,2026-01-26 12:35:30,C000487,A0000487,M00610,T00995,Midwest,Midwest,52.72,USD,card_present,wallet_biometric,approved,APPROVE,37.67,1.399522166179984,0,0,0,0,0,0,0,2,113,11,16,18,terminal_customer_network_burst,0.18,0.012986315102559478,0.18
X000108699,2026-01-26 12:36:04,C000911,A0000911,M00211,T01170,Midwest,Midwest,178.56,USD,card_present,chip_pin,approved,APPROVE,89.36,1.998209489704566,0,0,0,0,0,0,0,4,148,9,23,18,terminal_customer_network_burst,0.18,0.01440948853407081,0.18
X000164801,2026-01-26 12:36:49,C001359,A0001359,M00130,T01074,South,South,22.82,USD,ecommerce,3ds,approved,APPROVE,56.51,0.403822332330561,0,0,0,1,0,0,0,1,107,11,11,18,terminal_customer_network_burst,0.18,0.009428112019748656,0.18
X000143582,2026-01-26 12:37:09,C001183,A0001183,M00800,T00448,West,West,55.26,USD,mobile_wallet,wallet_biometric,approved,APPROVE,47.72,1.158005029337804,0,0,0,0,0,1,0,0,53,7,11,0,,0.0,0.00881736924662298,0.00881736924662298
X000172197,2026-01-26 12:37:22,C001420,A0001420,M00087,T00078,South,South,130.59,USD,card_present,3ds,approved,APPROVE,88.1,1.4822928490351874,0,0,0,0,0,0,0,3,211,12,27,18,terminal_customer_network_burst,0.18,0.015295931242316456,0.18
X000234148,2026-01-26 12:38:14,C001909,A0001909,M00670,T00842,Northeast,Northeast,48.97,USD,card_present,chip_pin,approved,APPROVE,46.09,1.0624864395747449,0,0,0,0,0,0,0,0,74,10,10,18,terminal_customer_network_burst,0.18,0.008757729300711793,0.18
X000242236,2026-01-26 12:38:27,C001978,A0001978,M00157,T00598,Northeast,Northeast,27.87,USD,ecommerce,3ds,approved,APPROVE,38.97,0.7151655119322556,0,0,0,1,0,0,0,1,53,10,8,18,terminal_customer_network_burst,0.18,0.009119599443667628,0.18
X000188916,2026-01-26 12:38:40,C001552,A0001552,M00038,T00519,South,South,94.91,USD,card_present,3ds,approved,APPROVE,80.3,1.1819427148194273,0,0,0,0,0,0,0,1,63,12,12,18,terminal_customer_network_burst,0.18,0.01191774533877314,0.18
X000244265,2026-01-26 12:38:56,C001991,A0001991,M00560,T00868,West,West,110.15,USD,mobile_wallet,chip_pin,approved,APPROVE,128.63,0.856332115369665,0,0,0,0,0,1,0,5,53,7,34,25,customer_velocity,0.25,0.00667040564536107,0.25
X000115967,2026-01-26 12:39:05,C000963,A0000963,M00616,T01010,West,West,95.21,USD,card_present,3ds,approved,APPROVE,67.46,1.4113548769641269,0,0,0,0,0,0,0,1,41,8,12,18,terminal_customer_network_burst,0.18,0.007716793467496955,0.18
X000072347,2026-01-26 12:39:41,C000611,A0000611,M00094,T01093,South,South,18.6,USD,mobile_wallet,chip_pin,approved,APPROVE,23.9,0.7782426778242679,0,0,0,0,0,1,0,1,130,9,11,18,terminal_customer_network_burst,0.18,0.013091187779765446,0.18
X000043621,2026-01-26 12:40:24,C000370,A0000370,M00412,T00928,Northeast,Northeast,16.21,USD,card_present,3ds,approved,APPROVE,25.77,0.6290259992239038,0,0,0,0,0,0,0,0,171,12,9,18,terminal_customer_network_burst,0.18,0.012306010545292304,0.18
X000001903,2026-01-26 12:40:40,C000016,A0000016,M00579,T01107,West,West,48.67,USD,mobile_wallet,wallet_biometric,approved,APPROVE,33.48,1.453703703703704,0,0,0,0,0,1,0,1,59,8,6,18,terminal_customer_network_burst,0.18,0.01497493571784306,0.18
X000234082,2026-01-26 12:40:40,C001908,A0001908,M00020,T00254,South,South,35.16,USD,card_present,magstripe,approved,APPROVE,44.25,0.7945762711864406,0,0,0,0,1,0,0,1,182,17,7,18,terminal_customer_network_burst,0.18,0.06098722383912062,0.18
X000068435,2026-01-26 12:41:04,C000580,A0000580,M00409,T01085,Northeast,Northeast,25.58,USD,card_present,chip_pin,approved,APPROVE,54.61,0.46841237868522245,0,0,0,0,0,0,0,1,96,14,12,18,terminal_customer_network_burst,0.18,0.012295185730640243,0.18
X000202891,2026-01-26 12:41:23,C001661,A0001661,M00758,T00785,Northeast,Northeast,40.34,USD,mobile_wallet,3ds,approved,APPROVE,38.15,1.0574049803407604,0,0,0,0,0,1,0,3,134,11,10,18,terminal_customer_network_burst,0.18,0.024320956912257566,0.18
X000027665,2026-01-26 12:41:53,C000238,A0000238,M00265,T00950,West,West,48.17,USD,mobile_wallet,chip_pin,approved,APPROVE,57.91,0.8318079778967364,0,0,0,0,0,1,0,3,71,8,15,18,terminal_customer_network_burst,0.18,0.011361692269391691,0.18
X000160605,2026-01-26 12:41:58,C001326,A0001326,M00040,T00439,Northeast,Northeast,125.21,USD,card_present,wallet_biometric,approved,APPROVE,112.21,1.115854201942786,0,0,0,0,0,0,0,5,166,13,29,43,customer_velocity;terminal_customer_network_burst,0.43,0.0156623231370705,0.43
X000045023,2026-01-26 12:42:24,C000379,A0000379,M00212,T00443,Midwest,Midwest,179.6,USD,card_present,3ds,approved,APPROVE,300.48,0.5977103301384451,0,0,0,0,0,0,0,3,102,10,38,18,terminal_customer_network_burst,0.18,0.004481857979301303,0.18
X000222879,2026-01-26 12:42:59,C001816,A0001816,M00652,T00786,West,West,48.8,USD,mobile_wallet,chip_pin,approved,APPROVE,94.91,0.5141713201980824,0,0,0,0,0,1,0,3,52,5,19,0,,0.0,0.005870890786123711,0.005870890786123711
X000197832,2026-01-26 12:43:06,C001623,A0001623,M00200,T00991,South,Midwest,41.12,USD,ecommerce,wallet_biometric,approved,APPROVE,107.7,0.38180129990714945,0,0,0,1,0,0,1,8,41,10,0,70,customer_velocity;new_customer_terminal_pair;terminal_customer_network_burst;home_region_mismatch,0.7,0.2004690333053176,0.7
X000170336,2026-01-26 12:43:08,C001404,A0001404,M00700,T00884,West,Northeast,114.34,USD,card_present,chip_pin,approved,APPROVE,133.01,0.8596346139388017,0,0,0,0,0,0,1,1,124,9,0,45,new_customer_terminal_pair;terminal_customer_network_burst;home_region_mismatch,0.45,0.12208558583667516,0.45
X000022051,2026-01-26 12:43:24,C000190,A0000190,M00487,T00332,South,South,28.92,USD,ecommerce,chip_pin,approved,APPROVE,26.82,1.0782997762863535,0,0,0,1,0,0,0,4,100,9,16,18,terminal_customer_network_burst,0.18,0.01161753494646538,0.18
X000014341,2026-01-26 12:44:19,C000122,A0000122,M00055,T01044,South,South,56.13,USD,mobile_wallet,3ds,approved,APPROVE,63.73,0.8807469009885455,0,0,0,0,0,1,0,1,225,17,8,18,terminal_customer_network_burst,0.18,0.04804790445797922,0.18
X000013628,2026-01-26 12:44:27,C000116,A0000116,M00504,T00422,Northeast,Northeast,302.2,USD,ecommerce,3ds,approved,APPROVE,197.15,1.5328430129343138,0,0,0,1,0,0,0,5,198,12,36,43,customer_velocity;terminal_customer_network_burst,0.43,0.01506179950530786,0.43
X000203062,2026-01-26 12:45:16,C001663,A0001663,M00406,T00668,South,South,38.94,USD,card_present,3ds,approved,APPROVE,36.68,1.0616139585605233,0,0,0,0,0,0,0,3,133,15,11,18,terminal_customer_network_burst,0.18,0.025067835404390237,0.18
X000243584,2026-01-26 12:45:27,C001987,A0001987,M00615,T00908,South,Midwest,201.19,USD,card_present,chip_pin,approved,APPROVE,186.83,1.0768613177755177,0,0,0,0,0,0,1,6,84,9,0,70,customer_velocity;new_customer_terminal_pair;terminal_customer_network_burst;home_region_mismatch,0.7,0.19825028468465627,0.7
X000173697,2026-01-26 12:45:35,C001432,A0001432,M00633,T00292,West,West,18.09,USD,ecommerce,chip_pin,approved,APPROVE,33.08,0.5468561064087062,0,0,0,1,0,0,0,1,104,12,16,18,terminal_customer_network_burst,0.18,0.009494058744506885,0.18
X000028305,2026-01-26 12:45:38,C000244,A0000244,M00594,T01188,Northeast,Northeast,75.75,USD,ecommerce,wallet_biometric,approved,APPROVE,68.72,1.1022991850989523,0,0,0,1,0,0,0,3,227,15,24,18,terminal_customer_network_burst,0.18,0.022524631841054594,0.18
X000155725,2026-01-26 12:45:49,C001282,A0001282,M00408,T00920,Northeast,Northeast,21.42,USD,card_present,3ds,approved,APPROVE,101.36,0.21132596685082874,0,0,0,0,0,0,0,3,75,9,25,18,terminal_customer_network_burst,0.18,0.004835327516813042,0.18
X000072136,2026-01-26 12:46:11,C000610,A0000610,M00441,T01043,West,West,138.93,USD,card_present,chip_pin,approved,APPROVE,97.14,1.4302038295243977,0,0,0,0,0,0,0,2,111,8,55,18,terminal_customer_network_burst,0.18,0.002602570109859295,0.18
X000022809,2026-01-26 12:46:14,C000196,A0000196,M00086,T00892,Midwest,Midwest,222.05,USD,card_present,wallet_biometric,approved,APPROVE,195.69,1.1347028463385969,0,0,0,0,0,0,0,1,46,4,43,0,,0.0,0.0015926770215804766,0.0015926770215804766
X000169531,2026-01-26 12:46:40,C001400,A0001400,M00282,T00583,South,South,304.57,USD,card_present,3ds,approved,APPROVE,210.06,1.449919070741693,0,0,0,0,0,0,0,5,217,16,44,43,customer_velocity;terminal_customer_network_burst,0.43,0.01792387148304956,0.43
X000221861,2026-01-26 12:46:54,C001807,A0001807,M00109,T00548,Northeast,Northeast,19.64,USD,ecommerce,3ds,approved,APPROVE,44.02,0.44616083598364376,0,0,0,1,0,0,0,2,153,14,6,18,terminal_customer_network_burst,0.18,0.02021218806049611,0.18
X000152631,2026-01-26 12:47:02,C001255,A0001255,M00293,T00835,South,South,29.13,USD,mobile_wallet,chip_pin,approved,APPROVE,41.83,0.6963901506096103,0,0,0,0,0,1,0,0,79,6,8,0,,0.0,0.007652449682454349,0.007652449682454349
X000013629,2026-01-26 12:50:01,C000116,A0000116,M00085,T00540,Northeast,Northeast,105.78,USD,card_present,3ds,approved,APPROVE,197.15,0.5365457773269084,0,0,0,0,0,0,0,6,97,8,40,43,customer_velocity;terminal_customer_network_burst,0.43,0.004541103867379082,0.43
X000109188,2026-01-26 12:50:10,C000914,A0000914,M00305,T00675,Northeast,Northeast,73.18,USD,card_present,3ds,approved,APPROVE,132.97,0.550349702940513,0,0,0,0,0,0,0,3,99,8,26,18,terminal_customer_network_burst,0.18,0.005076937696460318,0.18
X000198321,2026-01-26 12:50:59,C001626,A0001626,M00640,T00037,Midwest,Midwest,401.23,USD,mobile_wallet,3ds,approved,APPROVE,262.11,1.5307695242455457,0,0,0,0,0,1,0,9,154,10,51,43,customer_velocity;terminal_customer_network_burst,0.43,0.01490492676655454,0.43
X000150102,2026-01-26 12:51:18,C001236,A0001236,M00054,T00545,West,West,177.5,USD,ecommerce,3ds,approved,APPROVE,94.07,1.8868927394493464,0,0,0,1,0,0,0,7,93,8,33,43,customer_velocity;terminal_customer_network_burst,0.43,0.011554697994784877,0.43
X000028757,2026-01-26 12:51:19,C000247,A0000247,M00520,T00143,Midwest,Midwest,34.0,USD,card_present,chip_pin,approved,APPROVE,34.2,0.9941520467836257,0,0,0,0,0,0,0,2,59,8,13,18,terminal_customer_network_burst,0.18,0.007427491126508175,0.18
X000063233,2026-01-26 12:52:07,C000536,A0000536,M00401,T01080,South,South,33.45,USD,card_present,3ds,approved,APPROVE,59.86,0.55880387570999,0,0,0,0,0,0,0,1,70,10,11,18,terminal_customer_network_burst,0.18,0.007693519367402009,0.18
X000151601,2026-01-26 12:52:12,C001245,A0001245,M00592,T00719,South,South,41.22,USD,card_present,wallet_biometric,approved,APPROVE,81.6,0.5051470588235294,0,0,0,0,0,0,0,0,168,14,5,18,terminal_customer_network_burst,0.18,0.016697640969334192,0.18
X000138499,2026-01-26 12:52:53,C001140,A0001140,M00666,T00992,South,South,97.25,USD,ecommerce,chip_pin,approved,APPROVE,44.53,2.183920952167078,0,0,0,1,0,0,0,1,88,14,4,18,terminal_customer_network_burst,0.18,0.03255264863189252,0.18
X000140274,2026-01-26 12:52:54,C001155,A0001155,M00613,T00449,South,South,411.85,USD,card_present,chip_pin,approved,APPROVE,293.03,1.405487492748183,0,0,0,0,0,0,0,5,138,12,43,43,customer_velocity;terminal_customer_network_burst,0.43,0.009295153883626393,0.43
X000042931,2026-01-26 12:53:16,C000363,A0000363,M00798,T01060,Northeast,Northeast,160.72,USD,mobile_wallet,chip_pin,approved,APPROVE,118.43,1.3570885755298487,0,0,0,0,0,1,0,2,158,10,31,18,terminal_customer_network_burst,0.18,0.011805313319925572,0.18
X000144877,2026-01-26 12:53:19,C001193,A0001193,M00445,T00086,Northeast,Northeast,85.05,USD,card_present,chip_pin,approved,APPROVE,50.77,1.6752018908804411,0,0,0,0,0,0,0,3,165,13,28,18,terminal_customer_network_burst,0.18,0.016012280418131256,0.18
X000222880,2026-01-26 12:53:38,C001816,A0001816,M00096,T00202,West,West,78.24,USD,ecommerce,chip_pin,approved,APPROVE,94.91,0.8243599199241386,0,0,0,1,0,0,0,4,117,13,12,18,terminal_customer_network_burst,0.18,0.019888559627139504,0.18
X000051905,2026-01-26 12:54:30,C000439,A0000439,M00171,T00468,Northeast,Northeast,75.45,USD,mobile_wallet,chip_pin,approved,APPROVE,47.61,1.584751102709515,0,0,0,0,0,1,0,5,72,8,27,43,customer_velocity;terminal_customer_network_burst,0.43,0.013254150961674928,0.43
X000198635,2026-01-26 12:54:30,C001627,A0001627,M00608,T00027,South,South,124.63,USD,card_present,3ds,approved,APPROVE,272.19,0.457878687681399,0,0,0,0,0,0,0,3,193,17,40,18,terminal_customer_network_burst,0.18,0.011454981895408872,0.18
X000066845,2026-01-26 12:54:50,C000567,A0000567,M00640,T00037,Midwest,Midwest,38.96,USD,ecommerce,3ds,approved,APPROVE,38.16,1.0209643605870022,0,0,0,1,0,0,0,1,155,10,13,18,terminal_customer_network_burst,0.18,0.011401827776453155,0.18
X000111061,2026-01-26 12:55:47,C000926,A0000926,M00401,T00536,South,South,14.91,USD,ecommerce,3ds,approved,APPROVE,23.01,0.6479791395045632,0,0,0,1,0,0,0,1,163,20,18,18,terminal_customer_network_burst,0.18,0.027455714322409317,0.18
X000200966,2026-01-26 12:56:00,C001646,A0001646,M00015,T00330,South,South,41.02,USD,card_present,wallet_biometric,approved,APPROVE,34.04,1.2050528789659225,0,0,0,0,0,0,0,0,188,22,7,18,terminal_customer_network_burst,0.18,0.05460538027445935,0.18
X000104078,2026-01-26 12:56:23,C000876,A0000876,M00400,T00412,West,West,37.73,USD,card_present,3ds,approved,APPROVE,29.33,1.2863961813842482,0,0,0,0,0,0,0,0,29,7,14,0,,0.0,0.00526887172431171,0.00526887172431171
X000029605,2026-01-26 12:56:33,C000254,A0000254,M00452,T00329,Northeast,Northeast,218.04,USD,card_present,chip_pin,approved,APPROVE,244.89,0.8903589366654416,0,0,0,0,0,0,0,0,195,12,41,18,terminal_customer_network_burst,0.18,0.005182509393467835,0.18
X000093365,2026-01-26 12:56:36,C000782,A0000782,M00493,T00281,South,West,118.52,USD,mobile_wallet,chip_pin,approved,APPROVE,41.2,2.8766990291262133,0,0,0,0,0,1,1,3,45,8,0,45,new_customer_terminal_pair;terminal_customer_network_burst;home_region_mismatch,0.45,0.3048846232872366,0.45
X000185645,2026-01-26 12:56:59,C001526,A0001526,M00148,T00038,Midwest,Midwest,87.65,USD,card_present,3ds,approved,APPROVE,46.99,1.8652904873377314,0,0,0,0,0,0,0,0,52,10,9,18,terminal_customer_network_burst,0.18,0.011829225087844522,0.18
X000091993,2026-01-26 12:57:17,C000770,A0000770,M00400,T00160,West,West,109.94,USD,ecommerce,chip_pin,approved,APPROVE,107.53,1.0224123500418487,0,0,0,1,0,0,0,4,55,8,30,18,terminal_customer_network_burst,0.18,0.005726956568754921,0.18
X000166223,2026-01-26 12:57:36,C001371,A0001371,M00380,T00352,Midwest,Midwest,91.63,USD,card_present,3ds,approved,APPROVE,149.32,0.6136485400482186,0,0,0,0,0,0,0,2,65,8,17,18,terminal_customer_network_burst,0.18,0.005679594195977194,0.18
X000192298,2026-01-26 12:57:51,C001578,A0001578,M00108,T00481,Midwest,Midwest,20.55,USD,card_present,3ds,approved,APPROVE,45.1,0.4556541019955654,0,0,0,0,0,0,0,1,167,13,15,18,terminal_customer_network_burst,0.18,0.01183701006184542,0.18
X000017272,2026-01-26 12:57:52,C000148,A0000148,M00736,T00065,South,South,82.49,USD,ecommerce,3ds,approved,APPROVE,72.66,1.135287641067988,0,0,0,1,0,0,0,3,162,15,21,18,terminal_customer_network_burst,0.18,0.021308284742772868,0.18
X000091994,2026-01-26 12:57:52,C000770,A0000770,M00397,T00349,West,Midwest,101.72,USD,card_present,3ds,approved,APPROVE,107.53,0.9459685669115595,0,0,0,0,0,0,1,5,74,5,0,52,customer_velocity;new_customer_terminal_pair;home_region_mismatch,0.52,0.11200847216128051,0.52
X000197833,2026-01-26 12:58:00,C001623,A0001623,M00295,T00425,South,South,269.71,USD,card_present,3ds,approved,APPROVE,107.7,2.5042711234911788,0,0,0,0,0,0,0,9,266,18,38,43,customer_velocity;terminal_customer_network_burst,0.43,0.07302319000529534,0.43
X000001153,2026-01-26 12:59:04,C000012,A0000012,M00459,T00204,Northeast,Northeast,66.13,USD,card_present,3ds,approved,APPROVE,90.27,0.7325800376647834,0,0,0,0,0,0,0,3,208,12,15,18,terminal_customer_network_burst,0.18,0.016487147833503694,0.18
X000107485,2026-01-26 12:59:07,C000900,A0000900,M00191,T00397,Midwest,Midwest,263.18,USD,mobile_wallet,wallet_biometric,approved,APPROVE,159.85,1.6464185173600252,0,0,0,0,0,1,0,5,149,7,54,25,customer_velocity,0.25,0.006161937926885368,0.25
X000129393,2026-01-26 12:59:08,C001064,A0001064,M00552,T00463,Northeast,Northeast,172.37,USD,card_present,chip_pin,approved,APPROVE,157.04,1.0976184411614875,0,0,0,0,0,0,0,3,117,12,34,18,terminal_customer_network_burst,0.18,0.008225536444095368,0.18
X000110365,2026-01-26 12:59:13,C000922,A0000922,M00231,T00176,South,South,207.16,USD,card_present,wallet_biometric,approved,APPROVE,230.67,0.8980795075215676,0,0,0,0,0,0,0,6,133,12,35,43,customer_velocity;terminal_customer_network_burst,0.43,0.010868524454411959,0.43
X000144523,2026-01-26 12:59:24,C001190,A0001190,M00282,T01071,South,South,104.02,USD,card_present,chip_pin,approved,APPROVE,253.9,0.40968885387948006,0,0,0,0,0,0,0,1,67,5,29,0,,0.0,0.0022189650098529815,0.0022189650098529815
X000083270,2026-01-26 12:59:43,C000696,A0000696,M00691,T01123,Northeast,Northeast,207.76,USD,ecommerce,chip_pin,approved,APPROVE,156.98,1.323480698178112,0,0,0,1,0,0,0,6,93,9,39,43,customer_velocity;terminal_customer_network_burst,0.43,0.0075889981054567375,0.43
X000227608,2026-01-26 12:59:50,C001855,A0001855,M00798,T01060,Northeast,Northeast,168.55,USD,card_present,wallet_biometric,approved,APPROVE,41.15,4.095990279465371,0,0,0,0,0,0,0,1,159,10,8,48,amount_vs_profile;terminal_customer_network_burst,0.48,0.04364294545924199,0.48
X000141373,2026-01-26 13:00:16,C001164,A0001164,M00054,T00295,West,West,392.98,USD,card_present,chip_pin,approved,APPROVE,140.47,2.797608030184381,0,0,0,0,0,0,0,4,125,11,24,18,terminal_customer_network_burst,0.18,0.02291624301517864,0.18
X000133533,2026-01-26 13:01:07,C001100,A0001100,M00342,T00563,Midwest,Midwest,51.71,USD,card_present,chip_pin,approved,APPROVE,33.78,1.5307874481941977,0,0,0,0,0,0,0,4,83,11,39,18,terminal_customer_network_burst,0.18,0.007640731205775874,0.18
X000160062,2026-01-26 13:01:21,C001320,A0001320,M00376,T00048,South,South,57.74,USD,card_present,wallet_biometric,approved,APPROVE,95.39,0.6053045392598805,0,0,0,0,0,0,0,3,86,8,10,18,terminal_customer_network_burst,0.18,0.008419876807206818,0.18
X000162275,2026-01-26 13:01:31,C001340,A0001340,M00739,T00701,South,South,79.2,USD,ecommerce,chip_pin,approved,APPROVE,94.89,0.8346506481188745,0,0,0,1,0,0,0,5,146,16,19,43,customer_velocity;terminal_customer_network_burst,0.43,0.02735190707569753,0.43
X000211955,2026-01-26 13:01:35,C001728,A0001728,M00594,T00498,Northeast,Northeast,133.8,USD,card_present,chip_pin,approved,APPROVE,108.82,1.2295533909207867,0,0,0,0,0,0,0,1,59,7,12,0,,0.0,0.0066704512187153115,0.0066704512187153115
X000012416,2026-01-26 13:01:57,C000108,A0000108,M00490,T00340,South,South,11.74,USD,card_present,chip_pin,approved,APPROVE,37.77,0.310828700026476,0,0,0,0,0,0,0,1,80,8,9,18,terminal_customer_network_burst,0.18,0.006011704893308471,0.18
X000037954,2026-01-26 13:02:05,C000324,A0000324,M00692,T00191,Northeast,Northeast,57.09,USD,card_present,wallet_biometric,approved,APPROVE,43.98,1.2980900409276945,0,0,0,0,0,0,0,0,114,14,19,18,terminal_customer_network_burst,0.18,0.012787891693075532,0.18
X000136175,2026-01-26 13:02:25,C001120,A0001120,M00496,T00236,Midwest,Midwest,39.14,USD,mobile_wallet,chip_pin,approved,APPROVE,34.57,1.1321955452704657,0,0,0,0,0,1,0,0,67,9,5,18,terminal_customer_network_burst,0.18,0.013877142341581841,0.18
X000212394,2026-01-26 13:02:31,C001733,A0001733,M00564,T01141,Northeast,Northeast,114.23,USD,ecommerce,3ds,approved,APPROVE,162.51,0.7029105901175313,0,0,0,1,0,0,0,4,144,15,35,18,terminal_customer_network_burst,0.18,0.012278485471536963,0.18
X000021079,2026-01-26 13:03:16,C000184,A0000184,M00531,T00724,Midwest,Midwest,142.2,USD,mobile_wallet,chip_pin,approved,APPROVE,126.84,1.1210974456007567,0,0,0,0,0,1,0,4,70,6,18,0,,0.0,0.010272866266025646,0.010272866266025646
X000134475,2026-01-26 13:03:36,C001104,A0001104,M00258,T00527,West,West,170.73,USD,card_present,3ds,approved,APPROVE,231.6,0.7371761658031087,0,0,0,0,0,0,0,7,87,7,42,25,customer_velocity,0.25,0.004496902836704515,0.25
X000166224,2026-01-26 13:03:38,C001371,A0001371,M00380,T00352,Midwest,Midwest,205.4,USD,card_present,wallet_biometric,approved,APPROVE,149.32,1.3755692472542191,0,0,0,0,0,0,0,3,66,8,18,18,terminal_customer_network_burst,0.18,0.008444172278265731,0.18
X000128366,2026-01-26 13:03:57,C001056,A0001056,M00203,T00558,Northeast,Northeast,37.05,USD,card_present,3ds,approved,APPROVE,49.67,0.7459230924099053,0,0,0,0,0,0,0,4,62,8,18,18,terminal_customer_network_burst,0.18,0.007279592072224096,0.18
X000186383,2026-01-26 13:04:14,C001532,A0001532,M00615,T00560,Midwest,Midwest,225.99,USD,ecommerce,3ds,approved,APPROVE,163.74,1.3801758886038842,0,0,0,1,0,0,0,1,103,11,20,18,terminal_customer_network_burst,0.18,0.010367134539501837,0.18
X000212890,2026-01-26 13:04:22,C001738,A0001738,M00376,T00181,South,South,26.41,USD,card_present,3ds,approved,APPROVE,50.26,0.5254675686430561,0,0,0,0,0,0,0,1,227,14,18,18,terminal_customer_network_burst,0.18,0.014488416277688774,0.18
X000203652,2026-01-26 13:04:27,C001666,A0001666,M00585,T00119,Midwest,Midwest,428.66,USD,mobile_wallet,wallet_biometric,approved,APPROVE,309.93,1.3830865034039945,0,0,0,0,0,1,0,3,95,11,28,18,terminal_customer_network_burst,0.18,0.01413572257505782,0.18
X000200674,2026-01-26 13:04:43,C001644,A0001644,M00094,T00737,South,South,32.36,USD,card_present,magstripe,approved,APPROVE,30.8,1.0506493506493506,0,0,0,0,1,0,0,1,281,17,15,18,terminal_customer_network_burst,0.18,0.06697326753720007,0.18
X000050480,2026-01-26 13:05:01,C000423,A0000423,M00249,T00554,South,South,95.01,USD,card_present,chip_pin,approved,APPROVE,41.14,2.3094312105007293,0,0,0,0,0,0,0,1,128,13,17,18,terminal_customer_network_burst,0.18,0.02118766189836362,0.18
X000224312,2026-01-26 13:05:06,C001831,A0001831,M00556,T00223,South,South,62.38,USD,ecommerce,3ds,approved,APPROVE,24.6,2.535772357723577,0,0,0,1,0,0,0,0,136,9,15,18,terminal_customer_network_burst,0.18,0.014852098568530899,0.18
X000095515,2026-01-26 13:05:52,C000798,A0000798,M00094,T01093,South,South,157.57,USD,ecommerce,chip_pin,approved,APPROVE,118.88,1.3254542395693136,0,0,0,1,0,0,0,2,131,9,17,18,terminal_customer_network_burst,0.18,0.010654178354244067,0.18
X000089410,2026-01-26 13:06:02,C000748,A0000748,M00295,T00163,South,South,179.12,USD,card_present,magstripe,approved,APPROVE,224.36,0.7983597789267248,0,0,0,0,1,0,0,8,203,14,46,43,customer_velocity;terminal_customer_network_burst,0.43,0.029957967321735692,0.43
X000095938,2026-01-26 13:06:05,C000801,A0000801,M00345,T00208,South,South,13.12,USD,ecommerce,chip_pin,approved,APPROVE,34.12,0.38452520515826494,0,0,0,1,0,0,0,4,139,16,16,18,terminal_customer_network_burst,0.18,0.022017217760458774,0.18
X000234982,2026-01-26 13:06:23,C001916,A0001916,M00610,T00045,Midwest,Midwest,85.67,USD,mobile_wallet,chip_pin,approved,APPROVE,62.11,1.379327000483014,0,0,0,0,0,1,0,2,50,8,18,18,terminal_customer_network_burst,0.18,0.010855500655496926,0.18
X000082874,2026-01-26 13:06:54,C000694,A0000694,M00507,T01055,South,South,199.0,USD,card_present,magstripe,approved,APPROVE,291.15,0.6834964794779324,0,0,0,0,1,0,0,4,146,13,41,18,terminal_customer_network_burst,0.18,0.016302159279888047,0.18
X000080873,2026-01-26 13:07:16,C000679,A0000679,M00613,T00852,South,South,84.52,USD,card_present,chip_pin,approved,APPROVE,48.41,1.7459202644081802,0,0,0,0,0,0,0,1,133,16,20,18,terminal_customer_network_burst,0.18,0.022075520422632177,0.18
X000202794,2026-01-26 13:07:28,C001660,A0001660,M00412,T00974,Northeast,Northeast,28.74,USD,ecommerce,3ds,approved,APPROVE,42.17,0.6815271520037941,0,0,0,1,0,0,0,2,112,11,8,18,terminal_customer_network_burst,0.18,0.013221100834426748,0.18
X000112734,2026-01-26 13:08:20,C000943,A0000943,M00434,T00133,South,South,349.08,USD,ecommerce,chip_pin,approved,APPROVE,211.71,1.6488592886495677,0,0,0,1,0,0,0,2,163,12,33,18,terminal_customer_network_burst,0.18,0.01120813242173771,0.18
X000008408,2026-01-26 13:08:38,C000077,A0000077,M00740,T00262,Northeast,Northeast,80.27,USD,card_present,3ds,approved,APPROVE,79.97,1.0037514067775415,0,0,0,0,0,0,0,0,42,9,15,18,terminal_customer_network_burst,0.18,0.005957101072300114,0.18
X000084740,2026-01-26 13:08:52,C000709,A0000709,M00417,T00117,South,South,90.49,USD,card_present,chip_pin,approved,APPROVE,116.1,0.7794142980189491,0,0,0,0,0,0,0,2,151,9,31,18,terminal_customer_network_burst,0.18,0.005422311447421582,0.18
X000093673,2026-01-26 13:09:21,C000785,A0000785,M00400,T00412,West,West,117.51,USD,ecommerce,wallet_biometric,approved,APPROVE,53.66,2.189899366380917,0,0,0,1,0,0,0,0,30,7,4,0,,0.0,0.0110986064771859,0.0110986064771859
X000066769,2026-01-26 13:09:22,C000566,A0000566,M00281,T00326,West,West,53.19,USD,ecommerce,chip_pin,approved,APPROVE,39.44,1.348630831643002,0,0,0,1,0,0,0,2,50,9,11,18,terminal_customer_network_burst,0.18,0.0106068074298739,0.18
X000139530,2026-01-26 13:09:49,C001150,A0001150,M00181,T00177,South,South,35.29,USD,ecommerce,3ds,approved,APPROVE,54.96,0.6421033478893741,0,0,0,1,0,0,0,3,74,13,16,18,terminal_customer_network_burst,0.18,0.012982308198562859,0.18
X000056245,2026-01-26 13:10:27,C000475,A0000475,M00275,T00496,Northeast,Northeast,123.4,USD,ecommerce,chip_pin,approved,APPROVE,177.62,0.6947415831550501,0,0,0,1,0,0,0,3,69,10,16,18,terminal_customer_network_burst,0.18,0.009199539559397701,0.18
X000031762,2026-01-26 13:10:29,C000269,A0000269,M00524,T00505,West,West,18.7,USD,mobile_wallet,wallet_biometric,approved,APPROVE,20.69,0.9038182696955049,0,0,0,0,0,1,0,2,51,10,9,18,terminal_customer_network_burst,0.18,0.0151682861662613,0.18
X000231247,2026-01-26 13:10:59,C001887,A0001887,M00398,T00528,South,South,61.83,USD,ecommerce,3ds,approved,APPROVE,45.77,1.3508848590779985,0,0,0,1,0,0,0,0,112,8,12,18,terminal_customer_network_burst,0.18,0.008475034793429955,0.18
X000111535,2026-01-26 13:11:22,C000931,A0000931,M00676,T00051,Midwest,Midwest,142.94,USD,card_present,chip_pin,approved,APPROVE,116.51,1.2268474809029266,0,0,0,0,0,0,0,3,192,14,37,18,terminal_customer_network_burst,0.18,0.01206278285647748,0.18
X000033172,2026-01-26 13:11:24,C000281,A0000281,M00700,T00884,Northeast,Northeast,43.72,USD,card_present,3ds,approved,APPROVE,47.09,0.9284349118708854,0,0,0,0,0,0,0,1,125,10,8,18,terminal_customer_network_burst,0.18,0.011328124607712745,0.18
X000013630,2026-01-26 13:11:31,C000116,A0000116,M00504,T00422,Northeast,Northeast,194.11,USD,mobile_wallet,chip_pin,approved,APPROVE,197.15,0.9845802688308395,0,0,0,0,0,1,0,7,199,12,37,43,customer_velocity;terminal_customer_network_burst,0.43,0.021023925897719734,0.43
X000092889,2026-01-26 13:11:32,C000778,A0000778,M00433,T00174,Midwest,Midwest,11.06,USD,ecommerce,chip_pin,approved,APPROVE,23.09,0.4789952360329147,0,0,0,1,0,0,0,0,129,14,12,18,terminal_customer_network_burst,0.18,0.012607757557037217,0.18
X000130218,2026-01-26 13:11:47,C001070,A0001070,M00410,T00952,South,South,56.55,USD,ecommerce,chip_pin,approved,APPROVE,24.07,2.3493975903614457,0,0,0,1,0,0,0,3,100,13,11,18,terminal_customer_network_burst,0.18,0.03217707644900136,0.18
X000237080,2026-01-26 13:11:57,C001934,A0001934,M00667,T00182,Northeast,Northeast,347.8,USD,ecommerce,chip_pin,approved,APPROVE,164.43,2.115185793346713,0,0,0,1,0,0,0,6,138,8,41,43,customer_velocity;terminal_customer_network_burst,0.43,0.009778073014446328,0.43
X000175553,2026-01-26 13:12:16,C001446,A0001446,M00244,T00336,South,South,61.85,USD,mobile_wallet,magstripe,approved,APPROVE,44.4,1.393018018018018,0,0,0,0,1,1,0,2,163,13,15,18,terminal_customer_network_burst,0.18,0.06035463438742647,0.18
X000134116,2026-01-26 13:12:38,C001103,A0001103,M00398,T00726,South,South,176.58,USD,mobile_wallet,magstripe,approved,APPROVE,279.87,0.6309357916175368,0,0,0,0,1,1,0,4,96,8,41,18,terminal_customer_network_burst,0.18,0.011728611946432392,0.18
X000061705,2026-01-26 13:12:42,C000526,A0000526,M00416,T01140,West,West,203.92,USD,mobile_wallet,magstripe,approved,APPROVE,156.59,1.302254294654831,0,0,0,0,1,1,0,7,63,8,42,43,customer_velocity;terminal_customer_network_burst,0.43,0.019392041955816872,0.43
X000214514,2026-01-26 13:13:31,C001752,A0001752,M00413,T01078,South,West,209.29,USD,ecommerce,chip_pin,approved,APPROVE,165.32,1.2659690297604647,0,0,0,1,0,0,1,1,82,14,0,45,new_customer_terminal_pair;terminal_customer_network_burst;home_region_mismatch,0.45,0.21984852631139953,0.45
X000145577,2026-01-26 13:13:44,C001199,A0001199,M00340,T01159,West,West,72.74,USD,ecommerce,wallet_biometric,approved,APPROVE,54.05,1.345790934320074,0,0,0,1,0,0,0,2,28,5,8,0,,0.0,0.0068829930350849024,0.0068829930350849024
X000165093,2026-01-26 13:14:20,C001362,A0001362,M00042,T00766,Northeast,Northeast,57.77,USD,ecommerce,chip_pin,approved,APPROVE,83.35,0.6931013797240553,0,0,0,1,0,0,0,1,53,7,11,0,,0.0,0.0057567496323804,0.0057567496323804
X000042277,2026-01-26 13:14:48,C000358,A0000358,M00392,T00305,Midwest,Midwest,176.41,USD,ecommerce,3ds,approved,APPROVE,158.82,1.1107543130588087,0,0,0,1,0,0,0,2,94,10,18,18,terminal_customer_network_burst,0.18,0.00968060682831336,0.18
X000071049,2026-01-26 13:14:52,C000603,A0000603,M00012,T01105,West,West,41.5,USD,card_present,3ds,approved,APPROVE,20.25,2.049382716049383,0,0,0,0,0,0,0,0,116,11,6,18,terminal_customer_network_burst,0.18,0.018554327268321843,0.18
X000120605,2026-01-26 13:15:32,C001002,A0001002,M00271,T00851,Northeast,Northeast,107.04,USD,card_present,3ds,approved,APPROVE,121.99,0.8774489712271498,0,0,0,0,0,0,0,1,113,11,18,18,terminal_customer_network_burst,0.18,0.008773937814749982,0.18
X000199719,2026-01-26 13:15:49,C001637,A0001637,M00247,T01144,South,South,61.49,USD,ecommerce,chip_pin,approved,APPROVE,150.55,0.40843573563600133,0,0,0,1,0,0,0,8,258,21,51,43,customer_velocity;terminal_customer_network_burst,0.43,0.027972653503992854,0.43
X000073708,2026-01-26 13:15:57,C000623,A0000623,M00640,T01025,Midwest,Midwest,97.56,USD,ecommerce,wallet_biometric,approved,APPROVE,104.99,0.9292313553671779,0,0,0,1,0,0,0,3,141,10,22,18,terminal_customer_network_burst,0.18,0.010022875673694961,0.18
X000036628,2026-01-26 13:16:00,C000314,A0000314,M00560,T00894,West,West,67.32,USD,card_present,wallet_biometric,approved,APPROVE,58.0,1.1606896551724137,0,0,0,0,0,0,0,1,25,5,14,0,,0.0,0.004397832030655803,0.004397832030655803
X000195556,2026-01-26 13:16:06,C001606,A0001606,M00125,T00414,West,West,149.98,USD,card_present,chip_pin,approved,APPROVE,119.37,1.256429588673871,0,0,0,0,0,0,0,6,81,8,30,43,customer_velocity;terminal_customer_network_burst,0.43,0.008066136562853744,0.43
X000158818,2026-01-26 13:16:28,C001306,A0001306,M00445,T00698,Northeast,Northeast,31.38,USD,ecommerce,magstripe,approved,APPROVE,33.73,0.9303290839015713,0,0,0,1,1,0,0,1,50,10,14,18,terminal_customer_network_burst,0.18,0.01753482120756244,0.18
X000176648,2026-01-26 13:16:48,C001456,A0001456,M00181,T00177,South,South,40.05,USD,mobile_wallet,chip_pin,approved,APPROVE,28.56,1.4023109243697478,0,0,0,0,0,1,0,2,75,13,18,18,terminal_customer_network_burst,0.18,0.020969908297239992,0.18
X000087168,2026-01-26 13:17:29,C000731,A0000731,M00050,T01119,Midwest,Midwest,65.25,USD,ecommerce,3ds,approved,APPROVE,50.68,1.287490134175217,0,0,0,1,0,0,0,0,143,12,8,18,terminal_customer_network_burst,0.18,0.016268999414901557,0.18
X000080275,2026-01-26 13:17:41,C000675,A0000675,M00067,T00948,South,South,41.44,USD,card_present,chip_pin,approved,APPROVE,48.77,0.8497026860775065,0,0,0,0,0,0,0,3,176,17,21,18,terminal_customer_network_burst,0.18,0.02357579328205538,0.18
X000016820,2026-01-26 13:17:52,C000143,A0000143,M00461,T00258,West,West,66.03,USD,card_present,3ds,approved,APPROVE,40.51,1.6299679091582326,0,0,0,0,0,0,0,2,34,7,13,0,,0.0,0.008011602401447384,0.008011602401447384
X000115968,2026-01-26 13:18:05,C000963,A0000963,M00407,T00062,West,West,62.38,USD,card_present,3ds,approved,APPROVE,67.46,0.9246961162170176,0,0,0,0,0,0,0,2,35,7,10,0,,0.0,0.006647571422077719,0.006647571422077719
X000018593,2026-01-26 13:18:45,C000159,A0000159,M00070,T00658,Northeast,Northeast,121.06,USD,ecommerce,chip_pin,approved,APPROVE,81.09,1.492909113330867,0,0,0,1,0,0,0,1,85,6,9,0,,0.0,0.008194060540856318,0.008194060540856318
X000136888,2026-01-26 13:18:54,C001126,A0001126,M00090,T00822,South,South,97.79,USD,mobile_wallet,wallet_biometric,approved,APPROVE,103.68,0.9431905864197531,0,0,0,0,0,1,0,2,153,11,26,18,terminal_customer_network_burst,0.18,0.013024865494703096,0.18
X000116250,2026-01-26 13:19:00,C000965,A0000965,M00193,T01039,West,West,608.6,USD,card_present,3ds,approved,APPROVE,147.52,4.125542299349241,0,0,0,0,0,0,0,2,119,12,28,48,amount_vs_profile;terminal_customer_network_burst,0.48,0.03009588704245671,0.48
X000122732,2026-01-26 13:19:10,C001018,A0001018,M00262,T00060,South,South,64.97,USD,card_present,3ds,approved,APPROVE,36.31,1.78931423850179,0,0,0,0,0,0,0,0,178,13,21,18,terminal_customer_network_burst,0.18,0.015300418502565277,0.18
X000112735,2026-01-26 13:19:34,C000943,A0000943,M00376,T00309,South,South,175.36,USD,card_present,chip_pin,approved,APPROVE,211.71,0.828302867129564,0,0,0,0,0,0,0,3,234,14,19,18,terminal_customer_network_burst,0.18,0.020342278986602926,0.18
X000197451,2026-01-26 13:20:16,C001621,A0001621,M00092,T00788,West,West,171.58,USD,card_present,wallet_biometric,approved,APPROVE,173.71,0.9877381843302055,0,0,0,0,0,0,0,5,150,12,46,43,customer_velocity;terminal_customer_network_burst,0.43,0.007346210993037134,0.43
X000054150,2026-01-26 13:20:17,C000459,A0000459,M00335,T00138,South,South,72.55,USD,card_present,chip_pin,approved,APPROVE,44.53,1.6292387154727148,0,0,0,0,0,0,0,1,167,10,19,18,terminal_customer_network_burst,0.18,0.011750286245505758,0.18
X000041233,2026-01-26 13:20:38,C000349,A0000349,M00352,T00215,Midwest,Midwest,274.98,USD,ecommerce,chip_pin,approved,APPROVE,285.86,0.9619394109004408,0,0,0,1,0,0,0,5,111,8,50,43,customer_velocity;terminal_customer_network_burst,0.43,0.0037982750065050177,0.43
X000137355,2026-01-26 13:20:44,C001128,A0001128,M00191,T00441,Midwest,Midwest,92.89,USD,card_present,chip_pin,approved,APPROVE,144.34,0.6435499515033948,0,0,0,0,0,0,0,2,123,11,16,18,terminal_customer_network_burst,0.18,0.009816267179654389,0.18
X000031339,2026-01-26 13:21:00,C000265,A0000265,M00687,T01115,Midwest,Midwest,51.49,USD,mobile_wallet,magstripe,approved,APPROVE,31.53,1.6330478908975579,0,0,0,0,1,1,0,1,97,5,21,0,,0.0,0.016588003361706613,0.016588003361706613
X000216786,2026-01-26 13:21:00,C001772,A0001772,M00437,T00139,West,West,192.14,USD,card_present,magstripe,approved,APPROVE,93.69,2.0508058490767422,0,0,0,0,1,0,0,2,99,13,38,18,terminal_customer_network_burst,0.18,0.021856543465428698,0.18
X000196398,2026-01-26 13:21:46,C001613,A0001613,M00676,T00979,Midwest,Midwest,1415.46,USD,mobile_wallet,chip_pin,approved,APPROVE,489.11,2.893950236143199,0,0,0,0,0,1,0,3,23,3,21,0,,0.0,0.010588526922728738,0.010588526922728738
X000207277,2026-01-26 13:21:57,C001691,A0001691,M00038,T00321,South,South,31.93,USD,ecommerce,3ds,approved,APPROVE,50.85,0.6279252704031465,0,0,0,1,0,0,0,0,111,13,9,18,terminal_customer_network_burst,0.18,0.012520867949538201,0.18
X000009146,2026-01-26 13:22:11,C000083,A0000083,M00604,T01180,South,Northeast,48.11,USD,mobile_wallet,magstripe,approved,APPROVE,52.58,0.9149866869532142,0,0,0,0,1,1,1,1,115,12,0,45,new_customer_terminal_pair;terminal_customer_network_burst;home_region_mismatch,0.45,0.39462465968195715,0.45
X000014244,2026-01-26 13:22:11,C000121,A0000121,M00541,T00575,South,South,21.58,USD,card_present,3ds,approved,APPROVE,58.02,0.3719407100999655,0,0,0,0,0,0,0,1,100,8,18,18,terminal_customer_network_burst,0.18,0.004849018061976888,0.18
X000050661,2026-01-26 13:22:11,C000425,A0000425,M00687,T01156,Midwest,Midwest,30.02,USD,ecommerce,3ds,approved,APPROVE,31.69,0.9473019880088356,0,0,0,1,0,0,0,2,100,11,19,18,terminal_customer_network_burst,0.18,0.010023320501975819,0.18
X000130219,2026-01-26 13:22:34,C001070,A0001070,M00791,T00304,South,South,29.4,USD,card_present,magstripe,approved,APPROVE,24.07,1.2214374740340672,0,0,0,0,1,0,0,4,196,13,11,18,terminal_customer_network_burst,0.18,0.05866399388028337,0.18
X000137149,2026-01-26 13:23:37,C001127,A0001127,M00698,T00153,West,West,84.56,USD,mobile_wallet,3ds,approved,APPROVE,244.62,0.345679012345679,0,0,0,0,0,1,0,7,134,10,48,43,customer_velocity;terminal_customer_network_burst,0.43,0.007650180756352577,0.43
X000044382,2026-01-26 13:24:17,C000376,A0000376,M00265,T01076,West,West,214.33,USD,card_present,chip_pin,approved,APPROVE,189.71,1.1297770280955142,0,0,0,0,0,0,0,9,87,6,50,25,customer_velocity,0.25,0.004575040268970998,0.25
X000223917,2026-01-26 13:24:17,C001827,A0001827,M00601,T00769,South,South,36.09,USD,card_present,magstripe,approved,APPROVE,22.77,1.5849802371541504,0,0,0,0,1,0,0,1,177,18,8,18,terminal_customer_network_burst,0.18,0.08804871206056324,0.18
X000229468,2026-01-26 13:24:28,C001869,A0001869,M00285,T00370,Midwest,Midwest,14.29,USD,card_present,chip_pin,approved,APPROVE,57.21,0.2497815067295927,0,0,0,0,0,0,0,0,112,12,12,18,terminal_customer_network_burst,0.18,0.008242956608383683,0.18
X000226723,2026-01-26 13:24:43,C001848,A0001848,M00031,T00031,South,South,30.71,USD,card_present,3ds,approved,APPROVE,31.99,0.959987496092529,0,0,0,0,0,0,0,3,153,18,7,18,terminal_customer_network_burst,0.18,0.04055386288435512,0.18
X000041234,2026-01-26 13:25:10,C000349,A0000349,M00352,T00215,Midwest,Midwest,206.9,USD,ecommerce,chip_pin,approved,APPROVE,285.86,0.7237808717554047,0,0,0,1,0,0,0,6,112,8,51,43,customer_velocity;terminal_customer_network_burst,0.43,0.0037634917919575615,0.43
X000206723,2026-01-26 13:25:44,C001687,A0001687,M00661,T00801,Northeast,Northeast,87.17,USD,ecommerce,3ds,approved,APPROVE,226.33,0.3851455838819423,0,0,0,1,0,0,0,4,88,12,42,18,terminal_customer_network_burst,0.18,0.005238487208885569,0.18
X000012328,2026-01-26 13:26:31,C000107,A0000107,M00489,T00616,Northeast,Northeast,57.74,USD,card_present,3ds,approved,APPROVE,40.86,1.4131179637787568,0,0,0,0,0,0,0,1,35,4,10,0,,0.0,0.005055827351294237,0.005055827351294237
X000139811,2026-01-26 13:26:39,C001153,A0001153,M00100,T00272,Northeast,Northeast,63.73,USD,card_present,chip_pin,approved,APPROVE,40.35,1.5794299876084261,0,0,0,0,0,0,0,0,81,8,11,18,terminal_customer_network_burst,0.18,0.008407693951773751,0.18
X000127654,2026-01-26 13:26:40,C001052,A0001052,M00282,T00583,South,South,156.6,USD,ecommerce,chip_pin,approved,APPROVE,146.14,1.071575201861229,0,0,0,1,0,0,0,8,218,16,46,43,customer_velocity;terminal_customer_network_burst,0.43,0.021612710810766392,0.43
X000132933,2026-01-26 13:27:31,C001096,A0001096,M00309,T00916,Northeast,Northeast,46.74,USD,ecommerce,magstripe,approved,APPROVE,37.28,1.253755364806867,0,0,0,1,1,0,0,2,109,12,14,18,terminal_customer_network_burst,0.18,0.03275181719440181,0.18
X000083582,2026-01-26 13:28:01,C000698,A0000698,M00171,T00468,Northeast,Northeast,73.98,USD,card_present,chip_pin,approved,APPROVE,41.27,1.7925854131330263,0,0,0,0,0,0,0,1,73,8,4,18,terminal_customer_network_burst,0.18,0.012641418641391842,0.18
X000195214,2026-01-26 13:28:18,C001604,A0001604,M00191,T00188,Midwest,Midwest,78.41,USD,ecommerce,chip_pin,approved,APPROVE,138.09,0.5678180896516763,0,0,0,1,0,0,0,3,83,11,27,18,terminal_customer_network_burst,0.18,0.007147136177499991,0.18
X000204320,2026-01-26 13:28:27,C001668,A0001668,M00772,T00124,Midwest,Midwest,339.13,USD,card_present,3ds,approved,APPROVE,146.34,2.3174115074484076,0,0,0,0,0,0,0,3,102,12,41,18,terminal_customer_network_burst,0.18,0.010351215438832183,0.18
X000009062,2026-01-26 13:28:57,C000082,A0000082,M00615,T00560,Midwest,Midwest,62.81,USD,card_present,3ds,approved,APPROVE,58.14,1.0803233574131408,0,0,0,0,0,0,0,3,104,11,0,33,new_customer_terminal_pair;terminal_customer_network_burst,0.33,0.02091671639034216,0.33
X000181730,2026-01-26 13:29:06,C001495,A0001495,M00667,T00609,Northeast,Northeast,43.93,USD,card_present,chip_pin,approved,APPROVE,43.33,1.0138472190168475,0,0,0,0,0,0,0,1,212,21,8,18,terminal_customer_network_burst,0.18,0.052099364197511426,0.18
X000003916,2026-01-26 13:29:45,C000034,A0000034,M00437,T00942,West,West,47.86,USD,card_present,wallet_biometric,approved,APPROVE,50.12,0.9549082202713488,0,0,0,0,0,0,0,1,58,5,9,0,,0.0,0.005176118705371342,0.005176118705371342
X000045570,2026-01-26 13:29:57,C000382,A0000382,M00618,T00042,Northeast,Northeast,1091.11,USD,card_present,chip_pin,approved,APPROVE,572.35,1.90636848082467,0,0,0,0,0,0,0,6,105,8,46,43,customer_velocity;terminal_customer_network_burst,0.43,0.006660823053197999,0.43
X000207839,2026-01-26 13:30:18,C001696,A0001696,M00699,T00493,Midwest,Midwest,55.68,USD,mobile_wallet,chip_pin,approved,APPROVE,43.27,1.2868037901548417,0,0,0,0,0,1,0,3,135,11,18,18,terminal_customer_network_burst,0.18,0.02072108040457234,0.18
X000050568,2026-01-26 13:30:30,C000424,A0000424,M00484,T00090,South,South,43.76,USD,card_present,chip_pin,approved,APPROVE,51.58,0.8483908491663436,0,0,0,0,0,0,0,1,82,7,6,0,,0.0,0.007357865491459965,0.007357865491459965
X000022587,2026-01-26 13:30:46,C000195,A0000195,M00260,T00534,West,West,76.65,USD,card_present,wallet_biometric,approved,APPROVE,82.17,0.9328221978824389,0,0,0,0,0,0,0,4,44,6,27,0,,0.0,0.004424838621022392,0.004424838621022392
X000072137,2026-01-26 13:31:35,C000610,A0000610,M00562,T01175,West,West,54.06,USD,ecommerce,magstripe,approved,APPROVE,97.14,0.5565163681284744,0,0,0,1,1,0,0,3,110,11,36,18,terminal_customer_network_burst,0.18,0.012318856329299148,0.18
X000017273,2026-01-26 13:31:38,C000148,A0000148,M00608,T00219,South,South,110.09,USD,mobile_wallet,wallet_biometric,approved,APPROVE,72.66,1.51513900357831,0,0,0,0,0,1,0,3,233,16,19,18,terminal_customer_network_burst,0.18,0.04987214362637335,0.18
X000170506,2026-01-26 13:31:59,C001405,A0001405,M00604,T01180,Northeast,Northeast,104.95,USD,ecommerce,chip_pin,approved,APPROVE,111.64,0.9400752418487998,0,0,0,1,0,0,0,7,116,13,23,43,customer_velocity;terminal_customer_network_burst,0.43,0.020703539182448903,0.43
X000082142,2026-01-26 13:33:45,C000688,A0000688,M00481,T00265,Northeast,Northeast,21.21,USD,mobile_wallet,magstripe,approved,APPROVE,48.53,0.4370492478879044,0,0,0,0,1,1,0,3,149,11,21,18,terminal_customer_network_burst,0.18,0.029683624874155375,0.18
X000055709,2026-01-26 13:34:19,C000471,A0000471,M00038,T00874,South,South,107.02,USD,ecommerce,3ds,approved,APPROVE,136.92,0.7816243061641835,0,0,0,1,0,0,0,5,278,20,61,43,customer_velocity;terminal_customer_network_burst,0.43,0.015638381887601353,0.43
X000107486,2026-01-26 13:34:41,C000900,A0000900,M00495,T00738,Midwest,Midwest,50.92,USD,card_present,chip_pin,approved,APPROVE,159.85,0.3185486393493901,0,0,0,0,0,0,0,6,129,9,61,43,customer_velocity;terminal_customer_network_burst,0.43,0.002571959148755957,0.43
X000023335,2026-01-26 13:34:42,C000199,A0000199,M00259,T00535,Northeast,Northeast,17.16,USD,card_present,chip_pin,approved,APPROVE,54.35,0.3157313707451702,0,0,0,0,0,0,0,1,105,13,13,18,terminal_customer_network_burst,0.18,0.010183003750481732,0.18
X000097082,2026-01-26 13:34:47,C000812,A0000812,M00402,T00179,South,South,86.13,USD,mobile_wallet,chip_pin,approved,APPROVE,81.23,1.0603225409331527,0,0,0,0,0,1,0,2,119,10,12,18,terminal_customer_network_burst,0.18,0.017440967606271823,0.18
X000031340,2026-01-26 13:35:30,C000265,A0000265,M00782,T00669,Midwest,Midwest,35.79,USD,card_present,chip_pin,approved,APPROVE,31.53,1.1351094196003806,0,0,0,0,0,0,0,2,113,11,18,18,terminal_customer_network_burst,0.18,0.010944998196757214,0.18
X000196199,2026-01-26 13:36:24,C001612,A0001612,M00798,T01060,Northeast,Northeast,157.57,USD,ecommerce,chip_pin,approved,APPROVE,157.68,0.9993023845763571,0,0,0,1,0,0,0,0,160,10,20,18,terminal_customer_network_burst,0.18,0.008129217676757335,0.18
X000032622,2026-01-26 13:36:48,C000276,A0000276,M00579,T01107,West,West,197.15,USD,card_present,chip_pin,approved,APPROVE,60.66,3.2500824266402906,0,0,0,0,0,0,0,1,60,8,10,48,amount_vs_profile;terminal_customer_network_burst,0.48,0.018141570724676922,0.48
X000215175,2026-01-26 13:36:54,C001757,A0001757,M00200,T00734,Midwest,Midwest,203.71,USD,ecommerce,chip_pin,approved,APPROVE,178.56,1.1408490143369177,0,0,0,1,0,0,0,5,67,6,23,25,customer_velocity,0.25,0.006897383209388196,0.25
X000078976,2026-01-26 13:37:20,C000665,A0000665,M00691,T00755,Northeast,Northeast,23.81,USD,ecommerce,chip_pin,approved,APPROVE,55.42,0.4296282930350054,0,0,0,1,0,0,0,4,146,15,16,18,terminal_customer_network_burst,0.18,0.020310043288723136,0.18
X000050353,2026-01-26 13:37:36,C000422,A0000422,M00211,T00509,Midwest,Midwest,77.91,USD,mobile_wallet,chip_pin,approved,APPROVE,47.92,1.6258347245409013,0,0,0,0,0,1,0,1,164,15,17,18,terminal_customer_network_burst,0.18,0.033247262335173416,0.18
X000074522,2026-01-26 13:37:45,C000629,A0000629,M00036,T00993,Northeast,Northeast,77.45,USD,ecommerce,magstripe,approved,APPROVE,118.88,0.6514973082099597,0,0,0,1,1,0,0,9,84,7,52,25,customer_velocity,0.25,0.009007667210729164,0.25
X000163055,2026-01-26 13:39:30,C001345,A0001345,M00331,T00956,Midwest,Midwest,322.97,USD,mobile_wallet,3ds,approved,APPROVE,169.46,1.905877493213738,0,0,0,0,0,1,0,5,74,7,32,25,customer_velocity,0.25,0.01148346898263446,0.25
X000030777,2026-01-26 13:39:42,C000261,A0000261,M00224,T01197,Northeast,Northeast,101.57,USD,card_present,3ds,approved,APPROVE,75.95,1.337327188940092,0,0,0,0,0,0,0,2,81,9,0,33,new_customer_terminal_pair;terminal_customer_network_burst,0.33,0.015422935852778392,0.33
X000084412,2026-01-26 13:39:55,C000707,A0000707,M00433,T00174,Midwest,Midwest,15.75,USD,ecommerce,chip_pin,approved,APPROVE,28.18,0.5589070262597587,0,0,0,1,0,0,0,4,130,14,13,18,terminal_customer_network_burst,0.18,0.020114588741485754,0.18
X000224790,2026-01-26 13:40:17,C001833,A0001833,M00325,T00368,Northeast,Northeast,17.28,USD,card_present,chip_pin,approved,APPROVE,18.15,0.9520661157024795,0,0,0,0,0,0,0,2,74,9,19,18,terminal_customer_network_burst,0.18,0.007035223184115432,0.18
X000097237,2026-01-26 13:41:07,C000814,A0000814,M00683,T00603,Midwest,Midwest,39.55,USD,mobile_wallet,chip_pin,approved,APPROVE,51.9,0.7620423892100192,0,0,0,0,0,1,0,1,71,5,9,0,,0.0,0.0074479739485316864,0.0074479739485316864
X000036765,2026-01-26 13:41:58,C000315,A0000315,M00200,T00734,Midwest,Midwest,724.88,USD,card_present,3ds,approved,APPROVE,260.77,2.7797676113049814,0,0,0,0,0,0,0,0,68,6,34,0,,0.0,0.004970707564716469,0.004970707564716469
X000210494,2026-01-26 13:42:03,C001716,A0001716,M00445,T00698,Northeast,Northeast,34.47,USD,card_present,chip_pin,approved,APPROVE,44.2,0.779864253393665,0,0,0,0,0,0,0,2,51,10,15,18,terminal_customer_network_burst,0.18,0.007919640133391553,0.18
X000052996,2026-01-26 13:42:34,C000447,A0000447,M00289,T00362,South,South,29.51,USD,card_present,magstripe,approved,APPROVE,31.58,0.9344521849271692,0,0,0,0,1,0,0,2,127,18,15,18,terminal_customer_network_burst,0.18,0.055085177112729616,0.18
X000117967,2026-01-26 13:42:55,C000977,A0000977,M00556,T00223,South,South,24.3,USD,ecommerce,3ds,approved,APPROVE,41.98,0.5788470700333492,0,0,0,1,0,0,0,7,137,9,19,43,customer_velocity;terminal_customer_network_burst,0.43,0.01344476281323886,0.43
X000082143,2026-01-26 13:43:19,C000688,A0000688,M00706,T00053,Northeast,Northeast,22.5,USD,ecommerce,chip_pin,approved,APPROVE,48.53,0.46363074386977127,0,0,0,1,0,0,0,4,121,11,22,18,terminal_customer_network_burst,0.18,0.009974354752433221,0.18
X000105829,2026-01-26 13:43:35,C000889,A0000889,M00685,T00672,Northeast,Northeast,83.46,USD,mobile_wallet,3ds,approved,APPROVE,134.65,0.6198291867805421,0,0,0,0,0,1,0,4,141,8,29,18,terminal_customer_network_burst,0.18,0.008930767505075645,0.18
X000094824,2026-01-26 13:43:48,C000792,A0000792,M00244,T00336,South,South,131.04,USD,mobile_wallet,chip_pin,approved,APPROVE,138.17,0.9483969023666498,0,0,0,0,0,1,0,5,164,13,25,43,customer_velocity;terminal_customer_network_burst,0.43,0.024776029436277148,0.43
X000102696,2026-01-26 13:44:07,C000863,A0000863,M00111,T01015,Midwest,Midwest,262.87,USD,ecommerce,chip_pin,approved,APPROVE,164.58,1.597217158828533,0,0,0,1,0,0,0,4,166,12,30,18,terminal_customer_network_burst,0.18,0.01537368893187812,0.18
X000123871,2026-01-26 13:45:52,C001025,A0001025,M00328,T00351,Midwest,Midwest,35.52,USD,card_present,chip_pin,approved,APPROVE,79.76,0.44533600802407225,0,0,0,0,0,0,0,0,86,13,24,18,terminal_customer_network_burst,0.18,0.006377020618071451,0.18
X000232640,2026-01-26 13:46:24,C001897,A0001897,M00285,T00604,Midwest,Midwest,95.29,USD,card_present,chip_pin,approved,APPROVE,92.61,1.0289385595508045,0,0,0,0,0,0,0,3,83,6,36,0,,0.0,0.0033788023220727003,0.0033788023220727003
X000234149,2026-01-26 13:46:48,C001909,A0001909,M00166,T00022,Northeast,Northeast,52.79,USD,ecommerce,3ds,approved,APPROVE,46.09,1.1453677587329139,0,0,0,1,0,0,0,1,120,15,8,18,terminal_customer_network_burst,0.18,0.02309746213754692,0.18
X000132105,2026-01-26 13:46:59,C001088,A0001088,M00211,T01050,Midwest,Midwest,75.4,USD,mobile_wallet,chip_pin,approved,APPROVE,66.04,1.141732283464567,0,0,0,0,0,1,0,2,124,8,20,18,terminal_customer_network_burst,0.18,0.011170413666053185,0.18
X000186732,2026-01-26 13:47:25,C001535,A0001535,M00351,T00966,West,West,103.65,USD,mobile_wallet,chip_pin,approved,APPROVE,41.18,2.51699854298203,0,0,0,0,0,1,0,2,66,11,16,18,terminal_customer_network_burst,0.18,0.027011066003899676,0.18
X000016521,2026-01-26 13:47:51,C000140,A0000140,M00655,T00487,Midwest,Midwest,26.14,USD,card_present,3ds,approved,APPROVE,38.22,0.6839351125065412,0,0,0,0,0,0,0,1,87,11,7,18,terminal_customer_network_burst,0.18,0.010818743271914951,0.18
X000106431,2026-01-26 13:48:35,C000893,A0000893,M00288,T00279,Northeast,Northeast,203.85,USD,card_present,chip_pin,approved,APPROVE,92.25,2.2097560975609754,0,0,0,0,0,0,0,1,101,9,19,18,terminal_customer_network_burst,0.18,0.011159901091887326,0.18
X000222521,2026-01-26 13:48:35,C001813,A0001813,M00017,T00257,Midwest,Midwest,289.45,USD,card_present,chip_pin,approved,APPROVE,190.87,1.5164771834232722,0,0,0,0,0,0,0,4,88,5,30,0,,0.0,0.0050638798242768615,0.0050638798242768615
X000060963,2026-01-26 13:48:52,C000519,A0000519,M00040,T01012,Northeast,Northeast,22.28,USD,card_present,chip_pin,approved,APPROVE,98.05,0.22723100458949516,0,0,0,0,0,0,0,3,105,15,16,18,terminal_customer_network_burst,0.18,0.01425072759276032,0.18
X000092890,2026-01-26 13:49:41,C000778,A0000778,M00523,T00390,Midwest,Midwest,22.38,USD,card_present,wallet_biometric,approved,APPROVE,23.09,0.9692507579038544,0,0,0,0,0,0,0,1,61,6,6,0,,0.0,0.006506763321743255,0.006506763321743255
X000243585,2026-01-26 13:50:06,C001987,A0001987,M00470,T00025,South,South,97.95,USD,card_present,3ds,approved,APPROVE,186.83,0.5242734036289675,0,0,0,0,0,0,0,6,96,9,38,43,customer_velocity;terminal_customer_network_burst,0.43,0.005412420177052858,0.43
X000122099,2026-01-26 13:50:07,C001013,A0001013,M00574,T00190,Midwest,Midwest,57.56,USD,card_present,chip_pin,approved,APPROVE,27.75,2.0742342342342344,0,0,0,0,0,0,0,1,195,16,15,18,terminal_customer_network_burst,0.18,0.034418083445571394,0.18
X000109189,2026-01-26 13:50:09,C000914,A0000914,M00745,T00823,Northeast,Northeast,112.76,USD,card_present,chip_pin,approved,APPROVE,132.97,0.848010829510416,0,0,0,0,0,0,0,4,202,8,39,18,terminal_customer_network_burst,0.18,0.005512480530876858,0.18
X000227383,2026-01-26 13:50:18,C001853,A0001853,M00553,T00807,West,West,401.23,USD,card_present,3ds,approved,APPROVE,242.76,1.6527846432690725,0,0,0,0,0,0,0,3,50,9,42,18,terminal_customer_network_burst,0.18,0.004700265070677695,0.18
X000026174,2026-01-26 13:51:26,C000223,A0000223,M00051,T00286,South,South,85.35,USD,card_present,chip_pin,approved,APPROVE,51.26,1.665040967616075,0,0,0,0,0,0,0,1,184,13,6,18,terminal_customer_network_burst,0.18,0.02675558432827126,0.18
X000159145,2026-01-26 13:51:34,C001310,A0001310,M00745,T00823,Northeast,Northeast,98.03,USD,mobile_wallet,3ds,approved,APPROVE,50.13,1.9555156592858567,0,0,0,0,0,1,0,2,203,8,8,18,terminal_customer_network_burst,0.18,0.02774560383107407,0.18
X000024170,2026-01-26 13:51:41,C000204,A0000204,M00462,T01033,Northeast,Northeast,38.7,USD,ecommerce,3ds,approved,APPROVE,33.64,1.1504161712247325,0,0,0,1,0,0,0,4,33,3,16,0,,0.0,0.0049629890262910285,0.0049629890262910285
X000168052,2026-01-26 13:51:49,C001389,A0001389,M00123,T00812,Midwest,Midwest,33.83,USD,card_present,chip_pin,soft_decline,CHALLENGE,53.07,0.6374599585453175,0,0,1,0,0,0,0,1,223,16,16,26,terminal_customer_network_burst;authentication_soft_decline,0.26,0.08927695221714295,0.26
X000094578,2026-01-26 13:52:09,C000790,A0000790,M00257,T00772,South,South,246.02,USD,card_present,3ds,approved,APPROVE,153.21,1.6057698583643365,0,0,0,0,0,0,0,0,213,17,13,18,terminal_customer_network_burst,0.18,0.03188846270668039,0.18
X000138339,2026-01-26 13:52:11,C001138,A0001138,M00154,T00515,South,South,111.48,USD,mobile_wallet,3ds,approved,APPROVE,79.55,1.4013827781269643,0,0,0,0,0,1,0,0,49,7,18,0,,0.0,0.0076853920532586,0.0076853920532586
X000202970,2026-01-26 13:52:17,C001662,A0001662,M00646,T00690,South,South,27.39,USD,ecommerce,wallet_biometric,approved,APPROVE,24.16,1.1336920529801324,0,0,0,1,0,0,0,1,64,11,7,18,terminal_customer_network_burst,0.18,0.012903206616285998,0.18
X000086276,2026-01-26 13:52:38,C000724,A0000724,M00350,T01102,Midwest,Midwest,15.03,USD,card_present,magstripe,approved,APPROVE,51.03,0.2945326278659612,0,0,0,0,1,0,0,1,67,10,11,18,terminal_customer_network_burst,0.18,0.014801477221270943,0.18
X000130769,2026-01-26 13:52:41,C001076,A0001076,M00778,T00222,South,South,44.52,USD,card_present,wallet_biometric,approved,APPROVE,53.17,0.8373142749670868,0,0,0,0,0,0,0,2,69,7,13,0,,0.0,0.006353787043750132,0.006353787043750132
X000144524,2026-01-26 13:53:03,C001190,A0001190,M00784,T00756,South,South,109.03,USD,card_present,3ds,approved,APPROVE,253.9,0.4294210319023237,0,0,0,0,0,0,0,2,185,16,19,18,terminal_customer_network_burst,0.18,0.01722388751329721,0.18
X000229735,2026-01-26 13:54:15,C001872,A0001872,M00595,T00231,South,West,78.13,USD,card_present,3ds,approved,APPROVE,79.78,0.979318124843319,0,0,0,0,0,0,1,0,34,4,0,27,new_customer_terminal_pair;home_region_mismatch,0.27,0.05370508039424788,0.27
X000241374,2026-01-26 13:54:16,C001970,A0001970,M00166,T00474,Northeast,Northeast,172.32,USD,ecommerce,3ds,approved,APPROVE,103.71,1.6615562626554816,0,0,0,1,0,0,0,1,63,9,22,18,terminal_customer_network_burst,0.18,0.007768032167925664,0.18
X000076211,2026-01-26 13:54:37,C000640,A0000640,M00734,T01137,Midwest,Midwest,48.37,USD,card_present,chip_pin,approved,APPROVE,45.4,1.0654185022026432,0,0,0,0,0,0,0,0,39,5,17,0,,0.0,0.003538169829468369,0.003538169829468369
X000019119,2026-01-26 13:54:43,C000165,A0000165,M00399,T00276,West,West,21.92,USD,mobile_wallet,wallet_biometric,approved,APPROVE,43.52,0.5036764705882353,0,0,0,0,0,1,0,3,32,7,11,0,,0.0,0.009105810629695382,0.009105810629695382
X000188322,2026-01-26 13:54:48,C001547,A0001547,M00137,T00381,Midwest,Midwest,67.59,USD,ecommerce,chip_pin,approved,APPROVE,42.0,1.6092857142857144,0,0,0,1,0,0,0,0,105,11,7,18,terminal_customer_network_burst,0.18,0.015441397785636713,0.18
X000213120,2026-01-26 13:55:03,C001740,A0001740,M00616,T01010,West,West,138.07,USD,card_present,chip_pin,approved,APPROVE,119.74,1.1530816769667613,0,0,0,0,0,0,0,1,42,8,15,18,terminal_customer_network_burst,0.18,0.006323608409793241,0.18
X000042668,2026-01-26 13:55:36,C000361,A0000361,M00500,T00274,Northeast,Midwest,22.71,USD,ecommerce,chip_pin,approved,APPROVE,43.71,0.5195607412491421,0,0,0,1,0,0,1,5,90,5,0,52,customer_velocity;new_customer_terminal_pair;home_region_mismatch,0.52,0.10438852293229106,0.52
X000063707,2026-01-26 13:55:38,C000541,A0000541,M00434,T00808,South,South,138.69,USD,card_present,wallet_biometric,approved,APPROVE,96.59,1.435862925768713,0,0,0,0,0,0,0,4,136,14,35,18,terminal_customer_network_burst,0.18,0.013632073304871897,0.18
X000001154,2026-01-26 13:56:34,C000012,A0000012,M00533,T01021,Northeast,Northeast,119.77,USD,ecommerce,magstripe,approved,APPROVE,90.27,1.326797385620915,0,0,0,1,1,0,0,4,91,7,14,0,,0.0,0.02273487177160783,0.02273487177160783
X000091206,2026-01-26 13:56:43,C000765,A0000765,M00780,T01096,West,West,48.36,USD,mobile_wallet,chip_pin,approved,APPROVE,53.85,0.8980501392757659,0,0,0,0,0,1,0,1,71,6,13,0,,0.0,0.007783741451590152,0.007783741451590152
X000189366,2026-01-26 13:57:05,C001556,A0001556,M00377,T00901,Midwest,Midwest,52.05,USD,card_present,wallet_biometric,soft_decline,CHALLENGE,74.51,0.6985639511474969,0,0,1,0,0,0,0,3,116,9,27,26,terminal_customer_network_burst;authentication_soft_decline,0.26,0.028521845087323305,0.26
X000167821,2026-01-26 13:57:38,C001387,A0001387,M00038,T00813,South,South,29.06,USD,card_present,chip_pin,soft_decline,CHALLENGE,37.98,0.7651395471300685,0,0,1,0,0,0,0,1,151,10,14,26,terminal_customer_network_burst;authentication_soft_decline,0.26,0.0429066595867699,0.26
X000058233,2026-01-26 13:58:03,C000494,A0000494,M00409,T01085,Northeast,Northeast,14.39,USD,card_present,3ds,approved,APPROVE,19.63,0.7330616403464086,0,0,0,0,0,0,0,0,97,14,15,18,terminal_customer_network_burst,0.18,0.011084683469420273,0.18
X000168574,2026-01-26 13:58:03,C001394,A0001394,M00019,T00745,Northeast,Northeast,24.65,USD,card_present,chip_pin,approved,APPROVE,52.48,0.46970274390243905,0,0,0,0,0,0,0,0,111,12,15,18,terminal_customer_network_burst,0.18,0.008159236951472054,0.18
X000000682,2026-01-26 13:58:05,C000008,A0000008,M00430,T01143,South,South,175.43,USD,ecommerce,chip_pin,approved,APPROVE,124.57,1.4082844986754437,0,0,0,1,0,0,0,1,159,13,19,18,terminal_customer_network_burst,0.18,0.015793896670708546,0.18
X000155387,2026-01-26 13:58:41,C001280,A0001280,M00619,T00624,West,West,338.4,USD,card_present,chip_pin,approved,APPROVE,118.5,2.8556962025316452,0,0,0,0,0,0,0,6,44,6,30,25,customer_velocity,0.25,0.011074515576190267,0.25
X000046917,2026-01-26 13:59:05,C000394,A0000394,M00497,T00779,West,West,36.16,USD,card_present,chip_pin,approved,APPROVE,54.01,0.6695056471023884,0,0,0,0,0,0,0,1,49,8,9,18,terminal_customer_network_burst,0.18,0.0064225500577493036,0.18
X000136889,2026-01-26 13:59:25,C001126,A0001126,M00022,T00830,South,South,58.1,USD,card_present,wallet_biometric,approved,APPROVE,103.68,0.5603780864197531,0,0,0,0,0,0,0,3,140,13,28,18,terminal_customer_network_burst,0.18,0.009581479883023892,0.18
X000093488,2026-01-26 14:00:08,C000783,A0000783,M00255,T01045,West,West,185.04,USD,card_present,magstripe,approved,APPROVE,111.36,1.6616379310344827,0,0,0,0,1,0,0,2,50,10,0,33,new_customer_terminal_pair;terminal_customer_network_burst,0.33,0.03887826563397291,0.33
X000184804,2026-01-26 14:00:28,C001522,A0001522,M00020,T00130,South,South,23.0,USD,mobile_wallet,3ds,approved,APPROVE,75.5,0.304635761589404,0,0,0,0,0,1,0,2,178,15,13,18,terminal_customer_network_burst,0.18,0.025943596934666115,0.18
X000123872,2026-01-26 14:00:50,C001025,A0001025,M00204,T00165,Midwest,Midwest,269.66,USD,ecommerce,chip_pin,approved,APPROVE,79.76,3.3808926780341024,0,0,0,1,0,0,0,1,43,6,19,30,amount_vs_profile,0.3,0.011448629578459699,0.3
X000000850,2026-01-26 14:01:10,C000009,A0000009,M00786,T00092,Northeast,Northeast,31.34,USD,card_present,chip_pin,approved,APPROVE,58.32,0.5373799725651578,0,0,0,0,0,0,0,1,98,12,13,18,terminal_customer_network_burst,0.18,0.009725199908883325,0.18
X000244584,2026-01-26 14:01:51,C001994,A0001994,M00667,T00609,Northeast,Northeast,14.8,USD,card_present,chip_pin,approved,APPROVE,25.69,0.576099649669132,0,0,0,0,0,0,0,2,213,21,14,18,terminal_customer_network_burst,0.18,0.040914614087367365,0.18
X000168153,2026-01-26 14:01:52,C001390,A0001390,M00676,T00051,Midwest,Midwest,321.18,USD,card_present,chip_pin,approved,APPROVE,129.37,2.4826466723351626,0,0,0,0,0,0,0,0,193,14,18,18,terminal_customer_network_burst,0.18,0.025933896571071514,0.18
X000234983,2026-01-26 14:02:00,C001916,A0001916,M00045,T00921,Midwest,Midwest,112.08,USD,card_present,chip_pin,approved,APPROVE,62.11,1.8045403316696185,0,0,0,0,0,0,0,3,86,10,26,18,terminal_customer_network_burst,0.18,0.010341748694424021,0.18
X000110366,2026-01-26 14:02:05,C000922,A0000922,M00184,T00058,South,South,321.14,USD,ecommerce,magstripe,approved,APPROVE,230.67,1.392205314952096,0,0,0,1,1,0,0,7,165,18,27,43,customer_velocity;terminal_customer_network_burst,0.43,0.09084457860739008,0.43
X000220293,2026-01-26 14:02:05,C001798,A0001798,M00411,T00744,West,West,62.47,USD,ecommerce,chip_pin,approved,APPROVE,56.99,1.0961572205650114,0,0,0,1,0,0,0,2,62,9,32,18,terminal_customer_network_burst,0.18,0.0050127501086047604,0.18
X000227528,2026-01-26 14:02:13,C001854,A0001854,M00239,T00747,South,South,119.08,USD,card_present,3ds,approved,APPROVE,95.99,1.2405458901968955,0,0,0,0,0,0,0,0,107,9,4,18,terminal_customer_network_burst,0.18,0.011042544171509523,0.18
X000240770,2026-01-26 14:02:13,C001964,A0001964,M00225,T00294,Midwest,Midwest,34.72,USD,card_present,wallet_biometric,approved,APPROVE,64.53,0.5380443204710987,0,0,0,0,0,0,0,1,120,9,7,18,terminal_customer_network_burst,0.18,0.008767309489643082,0.18
X000193068,2026-01-26 14:02:36,C001585,A0001585,M00316,T00389,South,South,35.57,USD,card_present,3ds,approved,APPROVE,38.48,0.9243762993762995,0,0,0,0,0,0,0,0,206,17,14,18,terminal_customer_network_burst,0.18,0.023155329904665123,0.18
X000131025,2026-01-26 14:02:38,C001078,A0001078,M00488,T00046,Northeast,Northeast,66.38,USD,ecommerce,chip_pin,approved,APPROVE,48.16,1.3783222591362125,0,0,0,1,0,0,0,1,66,14,12,18,terminal_customer_network_burst,0.18,0.01732834997936493,0.18
X000059126,2026-01-26 14:02:53,C000502,A0000502,M00345,T01165,South,South,39.43,USD,card_present,chip_pin,approved,APPROVE,44.15,0.8930917327293318,0,0,0,0,0,0,0,1,44,10,12,18,terminal_customer_network_burst,0.18,0.007980727802295876,0.18
X000050964,2026-01-26 14:03:20,C000428,A0000428,M00320,T00150,West,West,84.28,USD,ecommerce,wallet_biometric,approved,APPROVE,58.17,1.4488567990373045,0,0,0,1,0,0,0,2,138,10,12,18,terminal_customer_network_burst,0.18,0.015052633097958946,0.18
X000094579,2026-01-26 14:03:29,C000790,A0000790,M00249,T00554,South,South,291.24,USD,card_present,chip_pin,approved,APPROVE,153.21,1.9009203054630899,0,0,0,0,0,0,0,1,129,13,7,18,terminal_customer_network_burst,0.18,0.02479452457432541,0.18
X000221300,2026-01-26 14:03:46,C001804,A0001804,M00645,T00155,South,South,287.29,USD,ecommerce,chip_pin,approved,APPROVE,206.37,1.3921112564810778,0,0,0,1,0,0,0,7,162,10,47,43,customer_velocity;terminal_customer_network_burst,0.43,0.009098728280103018,0.43
X000003709,2026-01-26 14:04:09,C000032,A0000032,M00453,T00831,South,South,26.66,USD,card_present,chip_pin,approved,APPROVE,40.96,0.65087890625,0,0,0,0,0,0,0,3,210,16,17,18,terminal_customer_network_burst,0.18,0.02398611344262303,0.18
X000235586,2026-01-26 14:05:14,C001920,A0001920,M00740,T00080,Northeast,Northeast,704.12,USD,card_present,3ds,approved,APPROVE,117.86,5.974206685898523,0,0,0,0,0,0,0,1,129,15,13,48,amount_vs_profile;terminal_customer_network_burst,0.48,0.12292937076534542,0.48
X000196000,2026-01-26 14:05:32,C001610,A0001610,M00120,T00900,Midwest,Midwest,68.45,USD,ecommerce,3ds,approved,APPROVE,44.09,1.5525062372420049,0,0,0,1,0,0,0,3,37,6,17,0,,0.0,0.007247420392980378,0.007247420392980378
X000117623,2026-01-26 14:05:42,C000975,A0000975,M00211,T01050,Midwest,Midwest,18.78,USD,ecommerce,3ds,approved,APPROVE,46.6,0.4030042918454936,0,0,0,1,0,0,0,3,125,8,18,18,terminal_customer_network_burst,0.18,0.00698527921043244,0.18
X000175147,2026-01-26 14:05:44,C001442,A0001442,M00185,T00296,West,West,218.45,USD,card_present,chip_pin,approved,APPROVE,79.02,2.7644900025310046,0,0,0,0,0,0,0,2,36,7,18,0,,0.0,0.010849548498753964,0.010849548498753964
X000241666,2026-01-26 14:06:21,C001972,A0001972,M00453,T00831,South,South,27.44,USD,card_present,chip_pin,approved,APPROVE,28.9,0.9494809688581316,0,0,0,0,0,0,0,1,211,16,18,18,terminal_customer_network_burst,0.18,0.020837031281820812,0.18
X000139282,2026-01-26 14:08:19,C001148,A0001148,M00640,T01025,Midwest,Midwest,18.12,USD,ecommerce,wallet_biometric,approved,APPROVE,81.06,0.22353811991117692,0,0,0,1,0,0,0,1,142,10,17,18,terminal_customer_network_burst,0.18,0.007019773025498355,0.18
X000201239,2026-01-26 14:08:34,C001648,A0001648,M00430,T01143,South,South,462.79,USD,mobile_wallet,3ds,approved,APPROVE,190.18,2.4334314859606687,0,0,0,0,0,1,0,2,160,13,31,18,terminal_customer_network_burst,0.18,0.025943894764080298,0.18
X000152870,2026-01-26 14:09:15,C001257,A0001257,M00703,T00135,Midwest,Midwest,60.54,USD,ecommerce,wallet_biometric,approved,APPROVE,93.65,0.6464495461825948,0,0,0,1,0,0,0,3,141,13,21,18,terminal_customer_network_burst,0.18,0.013138656436089078,0.18
X000071810,2026-01-26 14:10:02,C000609,A0000609,M00298,T00088,Northeast,Northeast,157.11,USD,card_present,3ds,approved,APPROVE,131.74,1.1925762866251708,0,0,0,0,0,0,0,3,171,12,52,18,terminal_customer_network_burst,0.18,0.005489284735792804,0.18
X000045981,2026-01-26 14:10:09,C000385,A0000385,M00012,T01105,Northeast,West,120.25,USD,ecommerce,chip_pin,approved,APPROVE,56.78,2.1178231771750617,0,0,0,1,0,0,1,1,117,11,0,45,new_customer_terminal_pair;terminal_customer_network_burst;home_region_mismatch,0.45,0.23415457948685675,0.45
X000019746,2026-01-26 14:11:26,C000171,A0000171,M00513,T00695,Midwest,Midwest,80.81,USD,mobile_wallet,magstripe,approved,APPROVE,43.72,1.8483531564501374,0,0,0,0,1,1,0,2,108,5,13,0,,0.0,0.026915010753724218,0.026915010753724218
X000207706,2026-01-26 14:11:31,C001695,A0001695,M00323,T01185,South,South,112.34,USD,ecommerce,3ds,approved,APPROVE,110.1,1.0203451407811082,0,0,0,1,0,0,0,0,162,14,11,18,terminal_customer_network_burst,0.18,0.017604252926746156,0.18
X000131246,2026-01-26 14:11:32,C001080,A0001080,M00517,T00541,Midwest,Midwest,22.25,USD,card_present,magstripe,approved,APPROVE,51.38,0.43304787855196575,0,0,0,0,1,0,0,2,122,14,24,18,terminal_customer_network_burst,0.18,0.021279518520828333,0.18
X000165831,2026-01-26 14:11:37,C001368,A0001368,M00454,T00977,West,West,221.67,USD,card_present,magstripe,approved,APPROVE,257.01,0.8624956227384148,0,0,0,0,1,0,0,5,58,9,29,43,customer_velocity;terminal_customer_network_burst,0.43,0.01446300699354921,0.43
X000085943,2026-01-26 14:12:17,C000720,A0000720,M00077,T00783,South,South,43.49,USD,card_present,wallet_biometric,approved,APPROVE,29.11,1.4939883201648918,0,0,0,0,0,0,0,2,136,16,18,18,terminal_customer_network_burst,0.18,0.02405426047272557,0.18
X000143583,2026-01-26 14:13:10,C001183,A0001183,M00532,T00040,West,West,60.57,USD,card_present,chip_pin,approved,APPROVE,47.72,1.269279128248114,0,0,0,0,0,0,0,1,93,10,11,18,terminal_customer_network_burst,0.18,0.010878929973646747,0.18
X000234403,2026-01-26 14:13:45,C001911,A0001911,M00413,T00299,West,West,44.37,USD,ecommerce,chip_pin,approved,APPROVE,55.08,0.8055555555555556,0,0,0,1,0,0,0,0,65,6,10,0,,0.0,0.005071031690116471,0.005071031690116471
X000063708,2026-01-26 14:13:56,C000541,A0000541,M00434,T00808,South,South,146.65,USD,ecommerce,wallet_biometric,approved,APPROVE,96.59,1.5182731131587122,0,0,0,1,0,0,0,5,137,14,36,43,customer_velocity;terminal_customer_network_burst,0.43,0.016207493829042827,0.43
X000209035,2026-01-26 14:13:58,C001705,A0001705,M00634,T01016,Northeast,Northeast,69.92,USD,ecommerce,3ds,approved,APPROVE,62.52,1.1183621241202815,0,0,0,1,0,0,0,2,123,15,15,18,terminal_customer_network_burst,0.18,0.020681912211120118,0.18
X000094343,2026-01-26 14:14:07,C000789,A0000789,M00459,T00204,Northeast,Northeast,77.73,USD,card_present,3ds,approved,APPROVE,111.23,0.6988222601816056,0,0,0,0,0,0,0,5,209,12,58,43,customer_velocity;terminal_customer_network_burst,0.43,0.005157155321929964,0.43
X000140739,2026-01-26 14:15:01,C001159,A0001159,M00412,T00928,Northeast,Northeast,114.56,USD,card_present,magstripe,approved,APPROVE,63.67,1.7992775247369248,0,0,0,0,1,0,0,3,172,12,0,33,new_customer_terminal_pair;terminal_customer_network_burst,0.33,0.07723259551706199,0.33
X000103246,2026-01-26 14:15:04,C000868,A0000868,M00382,T00976,Midwest,Midwest,49.45,USD,ecommerce,chip_pin,approved,APPROVE,44.62,1.1082474226804124,0,0,0,1,0,0,0,2,45,5,13,0,,0.0,0.005554501402681779,0.005554501402681779
X000147580,2026-01-26 14:15:10,C001219,A0001219,M00275,T00496,Northeast,Northeast,34.96,USD,mobile_wallet,chip_pin,approved,APPROVE,37.58,0.9302820649281534,0,0,0,0,0,1,0,1,70,10,10,18,terminal_customer_network_burst,0.18,0.013871676269261914,0.18
X000122906,2026-01-26 14:15:29,C001019,A0001019,M00788,T00404,South,South,208.78,USD,mobile_wallet,wallet_biometric,approved,APPROVE,167.99,1.2428120721471516,0,0,0,0,0,1,0,2,95,8,32,18,terminal_customer_network_burst,0.18,0.007339707569808283,0.18
X000185781,2026-01-26 14:16:12,C001527,A0001527,M00431,T00547,West,West,16.85,USD,card_present,wallet_biometric,approved,APPROVE,28.9,0.583044982698962,0,0,0,0,0,0,0,3,26,3,20,0,,0.0,0.0028639557519643402,0.0028639557519643402
X000209531,2026-01-26 14:16:14,C001710,A0001710,M00655,T00487,Midwest,Midwest,76.43,USD,card_present,3ds,approved,APPROVE,109.77,0.6962740275120708,0,0,0,0,0,0,0,3,88,11,24,18,terminal_customer_network_burst,0.18,0.007963992760520133,0.18
X000010528,2026-01-26 14:16:27,C000095,A0000095,M00613,T00449,South,South,19.61,USD,card_present,wallet_biometric,approved,APPROVE,30.37,0.6457029963780045,0,0,0,0,0,0,0,0,139,12,11,18,terminal_customer_network_burst,0.18,0.010706639387644759,0.18
X000022810,2026-01-26 14:16:37,C000196,A0000196,M00352,T01169,Midwest,Midwest,203.84,USD,ecommerce,3ds,approved,APPROVE,195.69,1.0416475037048394,0,0,0,1,0,0,0,2,74,6,34,0,,0.0,0.0033217330033642628,0.0033217330033642628
X000221523,2026-01-26 14:17:22,C001805,A0001805,M00365,T00733,South,South,49.28,USD,card_present,chip_pin,approved,APPROVE,89.08,0.5532105972159856,0,0,0,0,0,0,0,2,169,17,19,18,terminal_customer_network_burst,0.18,0.019534251543176215,0.18
X000207950,2026-01-26 14:17:52,C001697,A0001697,M00546,T00452,West,West,51.49,USD,ecommerce,chip_pin,approved,APPROVE,53.36,0.9649550224887556,0,0,0,1,0,0,0,2,37,12,8,18,terminal_customer_network_burst,0.18,0.01376868537201524,0.18
X000002279,2026-01-26 14:18:23,C000021,A0000021,M00211,T00509,Midwest,Midwest,40.84,USD,card_present,3ds,approved,APPROVE,43.71,0.9343399679707162,0,0,0,0,0,0,0,0,165,15,11,18,terminal_customer_network_burst,0.18,0.018267149122156053,0.18
X000073348,2026-01-26 14:19:49,C000620,A0000620,M00285,T00604,Midwest,Midwest,7.41,USD,card_present,wallet_biometric,approved,APPROVE,16.5,0.4490909090909091,0,0,0,0,0,0,0,2,84,6,13,0,,0.0,0.0050105779347121,0.0050105779347121
X000244733,2026-01-26 14:20:14,C001995,A0001995,M00338,T00600,Northeast,Northeast,732.39,USD,ecommerce,3ds,approved,APPROVE,400.21,1.8300142425226757,0,0,0,1,0,0,0,5,129,8,51,43,customer_velocity;terminal_customer_network_burst,0.43,0.005482067790477002,0.43
X000225249,2026-01-26 14:20:52,C001836,A0001836,M00613,T00638,South,South,110.53,USD,card_present,chip_pin,approved,APPROVE,99.19,1.1143260409315456,0,0,0,0,0,0,0,2,123,9,25,18,terminal_customer_network_burst,0.18,0.007018892341553765,0.18
X000130141,2026-01-26 14:21:02,C001069,A0001069,M00556,T00589,South,South,51.6,USD,mobile_wallet,wallet_biometric,approved,APPROVE,51.8,0.9961389961389963,0,0,0,0,0,1,0,0,206,17,5,18,terminal_customer_network_burst,0.18,0.04703593233319329,0.18
X000049358,2026-01-26 14:21:14,C000413,A0000413,M00689,T01179,Northeast,Northeast,132.9,USD,card_present,chip_pin,approved,APPROVE,97.53,1.3626576438019071,0,0,0,0,0,0,0,5,161,17,31,43,customer_velocity;terminal_customer_network_burst,0.43,0.025530664586367328,0.43
X000218826,2026-01-26 14:21:57,C001788,A0001788,M00352,T00215,Midwest,Midwest,137.68,USD,card_present,3ds,approved,APPROVE,148.33,0.928200633722106,0,0,0,0,0,0,0,2,113,8,13,18,terminal_customer_network_burst,0.18,0.008304216759106768,0.18
X000018689,2026-01-26 14:22:18,C000160,A0000160,M00397,T00349,Midwest,Midwest,27.34,USD,ecommerce,3ds,approved,APPROVE,47.76,0.5724455611390284,0,0,0,1,0,0,0,2,75,6,7,0,,0.0,0.006594119058688794,0.006594119058688794
X000027666,2026-01-26 14:22:27,C000238,A0000238,M00265,T00950,West,West,120.08,USD,card_present,chip_pin,approved,APPROVE,57.91,2.0735624244517354,0,0,0,0,0,0,0,4,72,8,16,18,terminal_customer_network_burst,0.18,0.013625916016877017,0.18
X000135634,2026-01-26 14:22:37,C001114,A0001114,M00020,T00130,South,South,92.99,USD,ecommerce,3ds,approved,APPROVE,63.2,1.4713607594936708,0,0,0,1,0,0,0,1,179,15,7,18,terminal_customer_network_burst,0.18,0.031473411998471264,0.18
X000011783,2026-01-26 14:23:24,C000104,A0000104,M00382,T00436,Midwest,Midwest,481.18,USD,ecommerce,wallet_biometric,approved,APPROVE,150.27,3.2021028814800023,0,0,0,1,0,0,0,1,46,10,28,48,amount_vs_profile;terminal_customer_network_burst,0.48,0.012861559397875684,0.48
X000028758,2026-01-26 14:23:28,C000247,A0000247,M00392,T00577,Midwest,Midwest,23.28,USD,mobile_wallet,chip_pin,approved,APPROVE,34.2,0.6807017543859649,0,0,0,0,0,1,0,3,57,8,12,18,terminal_customer_network_burst,0.18,0.011358162791229443,0.18
X000045024,2026-01-26 14:23:34,C000379,A0000379,M00212,T00443,Midwest,Midwest,121.67,USD,card_present,chip_pin,approved,APPROVE,300.48,0.40491879659211927,0,0,0,0,0,0,0,3,103,10,39,18,terminal_customer_network_burst,0.18,0.004022031727985859,0.18
X000038271,2026-01-26 14:23:42,C000327,A0000327,M00376,T00702,South,South,167.17,USD,card_present,chip_pin,approved,APPROVE,139.35,1.1996411912450664,0,0,0,0,0,0,0,4,107,10,21,18,terminal_customer_network_burst,0.18,0.011278850555449546,0.18
X000127655,2026-01-26 14:24:08,C001052,A0001052,M00282,T00583,South,South,120.46,USD,ecommerce,chip_pin,approved,APPROVE,146.14,0.8242780895032161,0,0,0,1,0,0,0,7,219,16,47,43,customer_velocity;terminal_customer_network_burst,0.43,0.016929550841266586,0.43
X000221048,2026-01-26 14:25:06,C001802,A0001802,M00303,T00765,Northeast,Northeast,32.39,USD,card_present,chip_pin,approved,APPROVE,67.33,0.4810634189811377,0,0,0,0,0,0,0,3,137,10,21,18,terminal_customer_network_burst,0.18,0.008100884850979175,0.18
X000210495,2026-01-26 14:25:13,C001716,A0001716,M00445,T00698,Northeast,Northeast,52.68,USD,ecommerce,3ds,approved,APPROVE,44.2,1.1918552036199095,0,0,0,1,0,0,0,3,52,10,16,18,terminal_customer_network_burst,0.18,0.0107702987088567,0.18
X000100440,2026-01-26 14:25:31,C000845,A0000845,M00382,T00233,Midwest,Midwest,203.2,USD,ecommerce,chip_pin,approved,APPROVE,175.06,1.160744887467154,0,0,0,1,0,0,0,2,39,5,22,0,,0.0,0.004175575315011933,0.004175575315011933
X000154677,2026-01-26 14:25:45,C001275,A0001275,M00592,T00719,South,South,168.24,USD,ecommerce,magstripe,approved,APPROVE,166.44,1.010814708002884,0,0,0,1,1,0,0,0,169,14,13,18,terminal_customer_network_burst,0.18,0.035727182454183146,0.18
X000243586,2026-01-26 14:25:50,C001987,A0001987,M00470,T00025,South,South,150.51,USD,card_present,chip_pin,approved,APPROVE,186.83,0.805598672590055,0,0,0,0,0,0,0,7,97,9,39,43,customer_velocity;terminal_customer_network_burst,0.43,0.006622655866121536,0.43
X000087963,2026-01-26 14:26:30,C000739,A0000739,M00286,T00067,West,West,58.36,USD,ecommerce,3ds,approved,APPROVE,42.99,1.3575250058153059,0,0,0,1,0,0,0,3,69,10,12,18,terminal_customer_network_burst,0.18,0.013674312150177654,0.18
X000071517,2026-01-26 14:26:50,C000607,A0000607,M00730,T00009,West,West,111.0,USD,card_present,chip_pin,approved,APPROVE,158.41,0.7007133388043685,0,0,0,0,0,0,0,4,44,5,22,0,,0.0,0.004205016895879694,0.004205016895879694
X000098083,2026-01-26 14:27:12,C000821,A0000821,M00217,T00815,South,South,101.66,USD,ecommerce,chip_pin,approved,APPROVE,44.2,2.3,0,0,0,1,0,0,0,1,107,13,7,18,terminal_customer_network_burst,0.18,0.028977093542530755,0.18
X000078857,2026-01-26 14:27:44,C000664,A0000664,M00652,T00561,West,West,18.82,USD,ecommerce,chip_pin,approved,APPROVE,35.11,0.536029621190544,0,0,0,1,0,0,0,1,25,6,0,15,new_customer_terminal_pair,0.15,0.006373099861609708,0.15
X000201672,2026-01-26 14:27:51,C001650,A0001650,M00131,T00897,West,West,256.19,USD,ecommerce,3ds,approved,APPROVE,267.79,0.9566824750737517,0,0,0,1,0,0,0,7,126,10,64,43,customer_velocity;terminal_customer_network_burst,0.43,0.004012947205517189,0.43
X000026474,2026-01-26 14:27:57,C000227,A0000227,M00561,T00275,Midwest,Midwest,21.61,USD,ecommerce,magstripe,approved,APPROVE,29.33,0.7367882713944767,0,0,0,1,1,0,0,0,61,7,8,0,,0.0,0.012663416968468465,0.012663416968468465
X000167533,2026-01-26 14:28:28,C001384,A0001384,M00077,T00306,South,South,135.94,USD,ecommerce,3ds,approved,APPROVE,83.35,1.6309538092381524,0,0,0,1,0,0,0,1,154,16,20,18,terminal_customer_network_burst,0.18,0.0234351365398762,0.18
X000105830,2026-01-26 14:28:54,C000889,A0000889,M00638,T00151,Northeast,Northeast,154.38,USD,card_present,chip_pin,approved,APPROVE,134.65,1.1465280356479761,0,0,0,0,0,0,0,4,100,13,22,18,terminal_customer_network_burst,0.18,0.014936190517602286,0.18
X000144400,2026-01-26 14:29:05,C001189,A0001189,M00502,T00353,Northeast,Northeast,50.23,USD,mobile_wallet,chip_pin,approved,APPROVE,48.86,1.0280392959476055,0,0,0,0,0,1,0,0,56,8,6,18,terminal_customer_network_burst,0.18,0.011140477953578583,0.18
X000022457,2026-01-26 14:30:03,C000194,A0000194,M00731,T00584,Northeast,Northeast,35.25,USD,card_present,wallet_biometric,approved,APPROVE,38.38,0.9184471078686816,0,0,0,0,0,0,0,2,99,8,9,18,terminal_customer_network_burst,0.18,0.009078823347738692,0.18
X000150103,2026-01-26 14:30:03,C001236,A0001236,M00232,T00156,West,West,147.67,USD,ecommerce,3ds,approved,APPROVE,94.07,1.569788455405549,0,0,0,1,0,0,0,7,67,4,55,25,customer_velocity,0.25,0.0029090029324952697,0.25
X000167940,2026-01-26 14:30:10,C001388,A0001388,M00585,T00052,Midwest,Midwest,91.33,USD,mobile_wallet,chip_pin,approved,APPROVE,50.6,1.8049407114624505,0,0,0,0,0,1,0,0,136,13,19,18,terminal_customer_network_burst,0.18,0.022095471716158447,0.18
X000201240,2026-01-26 14:30:14,C001648,A0001648,M00717,T00614,South,South,364.66,USD,card_present,3ds,approved,APPROVE,190.18,1.9174466295088863,0,0,0,0,0,0,0,3,149,13,21,18,terminal_customer_network_burst,0.18,0.021187507529108245,0.18
X000149192,2026-01-26 14:31:34,C001228,A0001228,M00795,T00503,South,Northeast,40.14,USD,card_present,3ds,approved,APPROVE,55.14,0.7279651795429815,0,0,0,0,0,0,1,3,89,8,0,45,new_customer_terminal_pair;terminal_customer_network_burst;home_region_mismatch,0.45,0.11921284223018123,0.45
X000243587,2026-01-26 14:33:33,C001987,A0001987,M00484,T00728,South,South,271.02,USD,card_present,3ds,approved,APPROVE,186.83,1.4506235615265213,0,0,0,0,0,0,0,8,213,13,45,43,customer_velocity;terminal_customer_network_burst,0.43,0.017142328687002516,0.43
X000086173,2026-01-26 14:35:13,C000723,A0000723,M00055,T01054,South,South,208.21,USD,ecommerce,chip_pin,approved,APPROVE,62.35,3.3393744987971132,0,0,0,1,0,0,0,5,71,8,9,73,amount_vs_profile;customer_velocity;terminal_customer_network_burst,0.73,0.03331501786711422,0.73
X000093804,2026-01-26 14:35:45,C000786,A0000786,M00205,T00049,Midwest,South,232.33,USD,ecommerce,chip_pin,approved,APPROVE,167.98,1.3830813192046674,0,0,0,1,0,0,1,5,125,8,0,70,customer_velocity;new_customer_terminal_pair;terminal_customer_network_burst;home_region_mismatch,0.7,0.20597618896173273,0.7
X000045799,2026-01-26 14:36:02,C000383,A0000383,M00036,T00993,Northeast,Northeast,22.56,USD,card_present,chip_pin,approved,APPROVE,34.56,0.6527777777777777,0,0,0,0,0,0,0,0,85,7,11,0,,0.0,0.0051818080990224955,0.0051818080990224955
X000091745,2026-01-26 14:36:19,C000769,A0000769,M00738,T00002,South,South,552.79,USD,ecommerce,chip_pin,approved,APPROVE,268.43,2.059345080654174,0,0,0,1,0,0,0,5,106,11,56,43,customer_velocity;terminal_customer_network_burst,0.43,0.006880187747924026,0.43
X000242622,2026-01-26 14:36:28,C001980,A0001980,M00782,T00669,Midwest,Midwest,238.06,USD,ecommerce,3ds,approved,APPROVE,221.06,1.0769021984981453,0,0,0,1,0,0,0,10,114,11,63,63,customer_velocity;high_customer_velocity;terminal_customer_network_burst,0.63,0.006755962175788976,0.63
X000133172,2026-01-26 14:36:34,C001098,A0001098,M00087,T00594,Midwest,South,37.81,USD,card_present,chip_pin,approved,APPROVE,53.75,0.7034418604651164,0,0,0,0,0,0,1,3,78,8,0,45,new_customer_terminal_pair;terminal_customer_network_burst;home_region_mismatch,0.45,0.11523762751602361,0.45
X000206133,2026-01-26 14:36:39,C001682,A0001682,M00386,T00008,Northeast,Northeast,49.64,USD,mobile_wallet,wallet_biometric,approved,APPROVE,64.09,0.7745358090185676,0,0,0,0,0,1,0,2,116,10,19,18,terminal_customer_network_burst,0.18,0.012327625784671522,0.18
X000174820,2026-01-26 14:37:28,C001440,A0001440,M00431,T00216,West,West,162.4,USD,card_present,chip_pin,approved,APPROVE,39.9,4.0701754385964914,0,0,0,0,0,0,0,2,58,7,12,30,amount_vs_profile,0.3,0.023492254058565358,0.3
X000183449,2026-01-26 14:37:31,C001509,A0001509,M00540,T01173,West,West,17.48,USD,ecommerce,wallet_biometric,approved,APPROVE,25.62,0.682279469164715,0,0,0,1,0,0,0,1,63,7,15,0,,0.0,0.005166887251750065,0.005166887251750065
X000000069,2026-01-26 14:37:58,C000001,A0000001,M00073,T00757,South,South,192.36,USD,ecommerce,wallet_biometric,approved,APPROVE,215.65,0.892000927428704,0,0,0,1,0,0,0,0,170,17,19,18,terminal_customer_network_burst,0.18,0.018762365188104858,0.18
X000241667,2026-01-26 14:38:45,C001972,A0001972,M00154,T01001,South,South,17.03,USD,mobile_wallet,chip_pin,approved,APPROVE,28.9,0.5892733564013841,0,0,0,0,0,1,0,2,181,13,7,18,terminal_customer_network_burst,0.18,0.028078462802268445,0.18
X000017968,2026-01-26 14:39:07,C000153,A0000153,M00461,T00958,West,West,48.3,USD,ecommerce,3ds,approved,APPROVE,51.46,0.938593082005441,0,0,0,1,0,0,0,0,58,9,10,18,terminal_customer_network_burst,0.18,0.007495097765221339,0.18
X000194151,2026-01-26 14:41:26,C001596,A0001596,M00706,T00856,Northeast,Northeast,35.96,USD,card_present,wallet_biometric,approved,APPROVE,43.85,0.8200684150513112,0,0,0,0,0,0,0,1,69,9,10,18,terminal_customer_network_burst,0.18,0.007830114059725144,0.18
X000165613,2026-01-26 14:41:32,C001367,A0001367,M00257,T00772,South,South,160.19,USD,ecommerce,chip_pin,approved,APPROVE,154.49,1.0368955919476988,0,0,0,1,0,0,0,2,214,17,22,18,terminal_customer_network_burst,0.18,0.025438837499999714,0.18
X000058517,2026-01-26 14:41:43,C000496,A0000496,M00372,T00192,South,South,97.75,USD,card_present,3ds,approved,APPROVE,48.44,2.017960363336086,0,0,0,0,0,0,0,2,179,17,9,18,terminal_customer_network_burst,0.18,0.0489696457949258,0.18
X000222117,2026-01-26 14:42:30,C001810,A0001810,M00320,T00150,West,West,142.12,USD,card_present,chip_pin,approved,APPROVE,203.81,0.6973161277660567,0,0,0,0,0,0,0,5,139,10,29,43,customer_velocity;terminal_customer_network_burst,0.43,0.00867772796898695,0.43
X000133762,2026-01-26 14:42:33,C001101,A0001101,M00503,T00931,West,West,235.32,USD,card_present,wallet_biometric,approved,APPROVE,98.69,2.384436113081366,0,0,0,0,0,0,0,2,51,7,21,0,,0.0,0.008776604730267144,0.008776604730267144
X000208761,2026-01-26 14:42:44,C001703,A0001703,M00464,T00082,West,West,147.02,USD,card_present,chip_pin,approved,APPROVE,89.83,1.6366469998886788,0,0,0,0,0,0,0,2,33,4,17,0,,0.0,0.004939096144649072,0.004939096144649072
X000022458,2026-01-26 14:43:04,C000194,A0000194,M00146,T01149,Northeast,Northeast,57.13,USD,card_present,3ds,approved,APPROVE,38.38,1.4885356956748306,0,0,0,0,0,0,0,3,24,3,14,0,,0.0,0.0050027942611952465,0.0050027942611952465
X000142208,2026-01-26 14:43:19,C001172,A0001172,M00425,T00883,West,West,133.09,USD,ecommerce,chip_pin,approved,APPROVE,78.86,1.6876743596246513,0,0,0,1,0,0,0,3,55,5,33,0,,0.0,0.004246298498356776,0.004246298498356776
X000099748,2026-01-26 14:43:30,C000838,A0000838,M00341,T00572,Midwest,Midwest,76.84,USD,card_present,chip_pin,approved,APPROVE,40.51,1.8968156010861517,0,0,0,0,0,0,0,3,128,10,13,18,terminal_customer_network_burst,0.18,0.018123611616766015,0.18
X000128207,2026-01-26 14:43:59,C001055,A0001055,M00077,T00306,South,South,163.57,USD,ecommerce,chip_pin,approved,APPROVE,152.46,1.0728715728715728,0,0,0,1,0,0,0,5,155,16,19,43,customer_velocity;terminal_customer_network_burst,0.43,0.03074892306416492,0.43
X000110225,2026-01-26 14:44:01,C000921,A0000921,M00095,T00821,Northeast,Northeast,150.39,USD,ecommerce,magstripe,approved,APPROVE,132.49,1.1351045361914105,0,0,0,1,1,0,0,3,57,8,22,18,terminal_customer_network_burst,0.18,0.014976323177688468,0.18
X000128546,2026-01-26 14:44:10,C001058,A0001058,M00675,T00834,Midwest,Midwest,41.28,USD,card_present,3ds,approved,APPROVE,41.97,0.9835596854896355,0,0,0,0,0,0,0,2,79,7,26,0,,0.0,0.004543277164377717,0.004543277164377717
X000203491,2026-01-26 14:44:32,C001665,A0001665,M00007,T00210,South,South,62.25,USD,card_present,wallet_biometric,approved,APPROVE,58.12,1.0710598761183758,0,0,0,0,0,0,0,2,135,9,15,18,terminal_customer_network_burst,0.18,0.00981888503158423,0.18
X000215048,2026-01-26 14:45:07,C001756,A0001756,M00692,T00191,Northeast,Northeast,184.12,USD,mobile_wallet,magstripe,approved,APPROVE,74.2,2.4814016172506737,0,0,0,0,1,1,0,2,115,14,12,18,terminal_customer_network_burst,0.18,0.09903748405741866,0.18
X000195557,2026-01-26 14:46:26,C001606,A0001606,M00442,T00553,West,West,111.72,USD,ecommerce,chip_pin,approved,APPROVE,119.37,0.9359135461171149,0,0,0,1,0,0,0,7,57,6,37,25,customer_velocity,0.25,0.004974081382674734,0.25
X000064986,2026-01-26 14:46:39,C000551,A0000551,M00299,T00384,Northeast,Northeast,395.81,USD,ecommerce,wallet_biometric,approved,APPROVE,293.22,1.349873814883023,0,0,0,1,0,0,0,7,65,9,20,43,customer_velocity;terminal_customer_network_burst,0.43,0.014788629277791659,0.43
X000048424,2026-01-26 14:46:52,C000406,A0000406,M00675,T00110,Midwest,Midwest,321.17,USD,ecommerce,chip_pin,approved,APPROVE,126.82,2.5324869894338433,0,0,0,1,0,0,0,5,109,8,28,43,customer_velocity;terminal_customer_network_burst,0.43,0.014523289955272701,0.43
X000123224,2026-01-26 14:46:53,C001021,A0001021,M00562,T01175,West,West,20.31,USD,card_present,chip_pin,approved,APPROVE,27.09,0.7497231450719822,0,0,0,0,0,0,0,2,111,11,18,18,terminal_customer_network_burst,0.18,0.009317562623016173,0.18
X000125122,2026-01-26 14:47:03,C001032,A0001032,M00316,T00389,South,South,196.4,USD,ecommerce,chip_pin,approved,APPROVE,220.63,0.8901781262747587,0,0,0,1,0,0,0,8,207,17,63,43,customer_velocity;terminal_customer_network_burst,0.43,0.012754098538578423,0.43
X000070670,2026-01-26 14:47:06,C000600,A0000600,M00655,T00487,Midwest,Midwest,21.86,USD,ecommerce,wallet_biometric,approved,APPROVE,29.61,0.7382640999662277,0,0,0,1,0,0,0,3,89,11,7,18,terminal_customer_network_burst,0.18,0.014798937444863906,0.18
X000162861,2026-01-26 14:48:19,C001344,A0001344,M00428,T00264,West,West,181.96,USD,ecommerce,magstripe,approved,APPROVE,110.89,1.6409054017494815,0,0,0,1,1,0,0,5,121,12,18,43,customer_velocity;terminal_customer_network_burst,0.43,0.048689218311316104,0.43
X000027187,2026-01-26 14:48:34,C000234,A0000234,M00442,T00713,West,West,205.88,USD,ecommerce,3ds,approved,APPROVE,126.7,1.6249408050513021,0,0,0,1,0,0,0,4,85,9,27,18,terminal_customer_network_burst,0.18,0.00978882587725669,0.18
X000013080,2026-01-26 14:48:46,C000114,A0000114,M00541,T00575,South,South,38.78,USD,mobile_wallet,3ds,approved,APPROVE,34.85,1.1127690100430416,0,0,0,0,0,1,0,2,101,8,19,18,terminal_customer_network_burst,0.18,0.010751064108991322,0.18
X000091995,2026-01-26 14:49:40,C000770,A0000770,M00190,T00615,West,West,164.98,USD,ecommerce,3ds,approved,APPROVE,107.53,1.5342695061843206,0,0,0,1,0,0,0,5,56,9,24,43,customer_velocity;terminal_customer_network_burst,0.43,0.010846486989784545,0.43
X000005551,2026-01-26 14:49:48,C000051,A0000051,M00587,T01174,South,South,17.46,USD,mobile_wallet,chip_pin,approved,APPROVE,23.11,0.7555170921678928,0,0,0,0,0,1,0,2,178,15,28,18,terminal_customer_network_burst,0.18,0.019281131430559352,0.18
X000000851,2026-01-26 14:50:05,C000009,A0000009,M00004,T00199,Northeast,Northeast,87.12,USD,ecommerce,3ds,approved,APPROVE,58.32,1.4938271604938271,0,0,0,1,0,0,0,2,79,10,20,18,terminal_customer_network_burst,0.18,0.0101996034055206,0.18
X000074108,2026-01-26 14:50:23,C000626,A0000626,M00365,T01114,South,South,76.1,USD,ecommerce,magstripe,approved,APPROVE,49.14,1.5486365486365485,0,0,0,1,1,0,0,2,89,8,30,18,terminal_customer_network_burst,0.18,0.013218703225844583,0.18
X000171327,2026-01-26 14:50:40,C001412,A0001412,M00240,T00605,Midwest,Midwest,58.66,USD,mobile_wallet,chip_pin,approved,APPROVE,62.79,0.9342251950947603,0,0,0,0,0,1,0,3,135,12,26,18,terminal_customer_network_burst,0.18,0.015658643924665882,0.18
X000245141,2026-01-26 14:50:49,C001997,A0001997,M00253,T00291,South,South,195.38,USD,ecommerce,wallet_biometric,approved,APPROVE,191.59,1.0197818257737878,0,0,0,1,0,0,0,5,138,11,31,43,customer_velocity;terminal_customer_network_burst,0.43,0.010973031243769017,0.43
X000140740,2026-01-26 14:50:59,C001159,A0001159,M00412,T00593,Northeast,Northeast,87.18,USD,card_present,magstripe,approved,APPROVE,63.67,1.369247683367363,0,0,0,0,1,0,0,4,113,10,13,18,terminal_customer_network_burst,0.18,0.033854051498344875,0.18
X000241984,2026-01-26 14:51:04,C001975,A0001975,M00459,T00809,Northeast,Northeast,43.12,USD,card_present,chip_pin,approved,APPROVE,41.74,1.0330618112122663,0,0,0,0,0,0,0,1,144,14,8,18,terminal_customer_network_burst,0.18,0.019811860775726598,0.18
X000061072,2026-01-26 14:51:29,C000520,A0000520,M00022,T00830,South,South,27.35,USD,card_present,magstripe,approved,APPROVE,29.58,0.9246112237998648,0,0,0,0,1,0,0,2,141,13,14,18,terminal_customer_network_burst,0.18,0.03317136008300427,0.18
X000119197,2026-01-26 14:51:51,C000987,A0000987,M00255,T00819,West,West,159.74,USD,ecommerce,3ds,approved,APPROVE,52.63,3.035151054531636,0,0,0,1,0,0,0,2,83,8,17,48,amount_vs_profile;terminal_customer_network_burst,0.48,0.016701617108677416,0.48
X000128850,2026-01-26 14:52:01,C001060,A0001060,M00412,T00928,Northeast,Northeast,508.83,USD,ecommerce,3ds,approved,APPROVE,203.81,2.496589961238408,0,0,0,1,0,0,0,1,173,13,52,18,terminal_customer_network_burst,0.18,0.008795787423300902,0.18
X000028306,2026-01-26 14:52:21,C000244,A0000244,M00594,T01188,Northeast,Northeast,89.65,USD,mobile_wallet,3ds,approved,APPROVE,68.72,1.3045692665890571,0,0,0,0,0,1,0,4,228,15,25,18,terminal_customer_network_burst,0.18,0.03760995400012063,0.18
X000242237,2026-01-26 14:52:28,C001978,A0001978,M00040,T01012,Northeast,Northeast,22.31,USD,ecommerce,chip_pin,approved,APPROVE,38.97,0.5724916602514755,0,0,0,1,0,0,0,2,106,15,8,18,terminal_customer_network_burst,0.18,0.01990145625855192,0.18
X000002791,2026-01-26 14:52:37,C000027,A0000027,M00758,T00785,Northeast,Northeast,40.2,USD,card_present,magstripe,approved,APPROVE,100.97,0.39813806081014164,0,0,0,0,1,0,0,1,135,11,28,18,terminal_customer_network_burst,0.18,0.011959873656203539,0.18
X000212998,2026-01-26 14:53:16,C001739,A0001739,M00443,T00564,South,South,70.14,USD,mobile_wallet,3ds,approved,APPROVE,40.84,1.71743388834476,0,0,0,0,0,1,0,2,119,11,12,18,terminal_customer_network_burst,0.18,0.02548373135160258,0.18
X000234984,2026-01-26 14:53:22,C001916,A0001916,M00045,T00921,Midwest,Midwest,57.85,USD,card_present,3ds,approved,APPROVE,62.11,0.9314120109483175,0,0,0,0,0,0,0,4,87,10,27,18,terminal_customer_network_burst,0.18,0.007924472171260154,0.18
X000189134,2026-01-26 14:53:41,C001554,A0001554,M00222,T00844,South,South,40.76,USD,card_present,chip_pin,approved,APPROVE,54.64,0.7459736456808199,0,0,0,0,0,0,0,0,120,12,15,18,terminal_customer_network_burst,0.18,0.009337845981959214,0.18
X000140741,2026-01-26 14:54:13,C001159,A0001159,M00305,T00827,Northeast,Northeast,47.98,USD,card_present,wallet_biometric,approved,APPROVE,63.67,0.7535731113554264,0,0,0,0,0,0,0,5,105,10,12,43,customer_velocity;terminal_customer_network_burst,0.43,0.014061046277481868,0.43
X000079237,2026-01-26 14:55:02,C000667,A0000667,M00271,T00851,Northeast,Northeast,37.36,USD,ecommerce,chip_pin,approved,APPROVE,68.9,0.5422351233671988,0,0,0,1,0,0,0,6,114,11,22,43,customer_velocity;terminal_customer_network_burst,0.43,0.012772063471974137,0.43
X000186999,2026-01-26 14:55:14,C001538,A0001538,M00170,T01059,Midwest,Midwest,114.22,USD,mobile_wallet,3ds,approved,APPROVE,53.88,2.1198960653303636,0,0,0,0,0,1,0,2,83,7,18,0,,0.0,0.014156205875857418,0.014156205875857418
X000160138,2026-01-26 14:55:45,C001321,A0001321,M00301,T00666,South,South,50.42,USD,ecommerce,3ds,approved,APPROVE,48.21,1.0458411118025306,0,0,0,1,0,0,0,1,88,12,5,18,terminal_customer_network_burst,0.18,0.01587150893893881,0.18
X000177061,2026-01-26 14:55:47,C001459,A0001459,M00376,T00702,South,South,238.85,USD,card_present,magstripe,approved,APPROVE,151.37,1.5779216489396841,0,0,0,0,1,0,0,0,108,10,26,18,terminal_customer_network_burst,0.18,0.015161017760404837,0.18
X000164151,2026-01-26 14:55:52,C001353,A0001353,M00535,T00606,West,West,67.78,USD,ecommerce,3ds,approved,APPROVE,94.56,0.7167935702199661,0,0,0,1,0,0,0,1,181,11,23,18,terminal_customer_network_burst,0.18,0.008784491992495206,0.18
X000193692,2026-01-26 14:56:02,C001592,A0001592,M00712,T00064,South,South,136.08,USD,mobile_wallet,wallet_biometric,approved,APPROVE,183.44,0.741822939380724,0,0,0,0,0,1,0,3,174,16,20,18,terminal_customer_network_burst,0.18,0.030830530248491774,0.18
X000072806,2026-01-26 14:56:28,C000615,A0000615,M00222,T00844,South,South,15.55,USD,card_present,chip_pin,approved,APPROVE,24.79,0.627269060104881,0,0,0,0,0,0,0,0,121,12,15,18,terminal_customer_network_burst,0.18,0.008922495295633853,0.18
X000123873,2026-01-26 14:56:39,C001025,A0001025,M00328,T00351,Midwest,Midwest,55.58,USD,ecommerce,wallet_biometric,approved,APPROVE,79.76,0.696840521564694,0,0,0,1,0,0,0,2,87,13,25,18,terminal_customer_network_burst,0.18,0.009140196674801353,0.18
X000173276,2026-01-26 14:56:49,C001429,A0001429,M00561,T00399,Midwest,Midwest,84.2,USD,ecommerce,chip_pin,approved,APPROVE,67.28,1.2514863258026159,0,0,0,1,0,0,0,2,78,8,27,18,terminal_customer_network_burst,0.18,0.005810186742786889,0.18
X000068860,2026-01-26 14:57:02,C000585,A0000585,M00787,T00660,South,South,32.79,USD,ecommerce,wallet_biometric,approved,APPROVE,42.72,0.7675561797752809,0,0,0,1,0,0,0,3,84,13,16,18,terminal_customer_network_burst,0.18,0.014007903297757635,0.18
X000008409,2026-01-26 14:57:07,C000077,A0000077,M00452,T00329,Northeast,Northeast,101.43,USD,ecommerce,magstripe,approved,APPROVE,79.97,1.2683506314868076,0,0,0,1,1,0,0,1,196,12,11,18,terminal_customer_network_burst,0.18,0.04010273670805054,0.18
X000047989,2026-01-26 14:57:14,C000404,A0000404,M00760,T00148,Midwest,Midwest,278.6,USD,card_present,chip_pin,approved,APPROVE,227.96,1.2221442358308476,0,0,0,0,0,0,0,4,97,9,53,18,terminal_customer_network_burst,0.18,0.003505968154585189,0.18
X000156692,2026-01-26 14:57:46,C001289,A0001289,M00351,T00802,West,West,621.08,USD,card_present,3ds,approved,APPROVE,454.02,1.3679573587066651,0,0,0,0,0,0,0,6,110,11,39,43,customer_velocity;terminal_customer_network_burst,0.43,0.009685513598306725,0.43
X000184204,2026-01-26 14:58:37,C001517,A0001517,M00726,T00829,Northeast,Northeast,89.06,USD,ecommerce,chip_pin,approved,APPROVE,72.94,1.2210035645736221,0,0,0,1,0,0,0,2,80,7,15,0,,0.0,0.007552539896992107,0.007552539896992107
X000070048,2026-01-26 14:59:01,C000596,A0000596,M00253,T00291,South,South,229.15,USD,mobile_wallet,wallet_biometric,approved,APPROVE,186.24,1.2304016323024054,0,0,0,0,0,1,0,2,139,11,21,18,terminal_customer_network_burst,0.18,0.016561656561629116,0.18
X000216618,2026-01-26 14:59:08,C001771,A0001771,M00005,T00817,South,South,19.17,USD,ecommerce,wallet_biometric,approved,APPROVE,27.71,0.6918080115481776,0,0,0,1,0,0,0,2,186,14,14,18,terminal_customer_network_burst,0.18,0.018786153283953038,0.18
X000206724,2026-01-26 14:59:19,C001687,A0001687,M00172,T00722,Northeast,Northeast,414.67,USD,card_present,wallet_biometric,approved,APPROVE,226.33,1.8321477488622806,0,0,0,0,0,0,0,5,209,12,35,43,customer_velocity;terminal_customer_network_burst,0.43,0.01710511159818948,0.43
X000181211,2026-01-26 14:59:29,C001490,A0001490,M00780,T01096,West,West,77.38,USD,mobile_wallet,chip_pin,approved,APPROVE,140.67,0.5500817516172603,0,0,0,0,0,1,0,5,72,6,28,25,customer_velocity,0.25,0.006671090428205563,0.25
X000179081,2026-01-26 14:59:37,C001474,A0001474,M00489,T01009,Northeast,Northeast,38.51,USD,card_present,chip_pin,approved,APPROVE,29.57,1.302333446060196,0,0,0,0,0,0,0,4,82,7,27,0,,0.0,0.0063808187408997555,0.0063808187408997555
X000073029,2026-01-26 15:00:10,C000617,A0000617,M00786,T00776,Northeast,Northeast,44.33,USD,card_present,3ds,approved,APPROVE,36.33,1.2202036884117808,0,0,0,0,0,0,0,4,83,10,11,18,terminal_customer_network_burst,0.18,0.014747638727529263,0.18
X000008574,2026-01-26 15:00:19,C000078,A0000078,M00552,T00602,Northeast,Northeast,262.09,USD,card_present,3ds,approved,APPROVE,106.16,2.4688206480783723,0,0,0,0,0,0,0,2,136,9,34,18,terminal_customer_network_burst,0.18,0.009397925671553828,0.18
X000226488,2026-01-26 15:00:25,C001845,A0001845,M00552,T00602,Northeast,Northeast,12.22,USD,card_present,wallet_biometric,approved,APPROVE,40.69,0.3003194888178914,0,0,0,0,0,0,0,1,137,9,11,18,terminal_customer_network_burst,0.18,0.007309437449897475,0.18
X000227154,2026-01-26 15:02:40,C001852,A0001852,M00110,T00096,South,South,389.23,USD,ecommerce,chip_pin,approved,APPROVE,160.6,2.42359900373599,0,0,0,1,0,0,0,4,171,14,35,18,terminal_customer_network_burst,0.18,0.023344841627778945,0.18
X000202202,2026-01-26 15:02:54,C001654,A0001654,M00588,T00145,West,West,89.91,USD,ecommerce,chip_pin,approved,APPROVE,195.33,0.4602979573030256,0,0,0,1,0,0,0,2,82,6,24,0,,0.0,0.0037004493431806846,0.0037004493431806846
X000128679,2026-01-26 15:03:11,C001059,A0001059,M00068,T00683,Northeast,Northeast,138.43,USD,card_present,wallet_biometric,approved,APPROVE,58.72,2.357459128065395,0,0,0,0,0,0,0,2,90,11,15,18,terminal_customer_network_burst,0.18,0.018592222694348338,0.18
X000117145,2026-01-26 15:03:36,C000972,A0000972,M00594,T01188,Northeast,Northeast,98.69,USD,card_present,chip_pin,approved,APPROVE,68.08,1.4496180963572267,0,0,0,0,0,0,0,3,229,15,17,18,terminal_customer_network_burst,0.18,0.030782195007317138,0.18
X000125123,2026-01-26 15:04:24,C001032,A0001032,M00316,T00389,South,South,254.91,USD,card_present,chip_pin,approved,APPROVE,220.63,1.15537324933146,0,0,0,0,0,0,0,9,208,17,64,43,customer_velocity;terminal_customer_network_burst,0.43,0.014678881298734792,0.43
X000101545,2026-01-26 15:04:50,C000854,A0000854,M00068,T00683,Northeast,Northeast,77.28,USD,mobile_wallet,3ds,approved,APPROVE,47.91,1.6130244207889795,0,0,0,0,0,1,0,2,91,11,9,18,terminal_customer_network_burst,0.18,0.025055726800103584,0.18
X000121823,2026-01-26 15:06:15,C001011,A0001011,M00798,T00402,Midwest,Northeast,198.02,USD,mobile_wallet,chip_pin,approved,APPROVE,167.1,1.1850388988629563,0,0,0,0,0,1,1,3,154,11,0,45,new_customer_terminal_pair;terminal_customer_network_burst;home_region_mismatch,0.45,0.29378380246146657,0.45
X000110910,2026-01-26 15:06:26,C000925,A0000925,M00767,T00890,South,South,39.49,USD,card_present,chip_pin,approved,APPROVE,49.37,0.7998784687056918,0,0,0,0,0,0,0,2,142,9,40,18,terminal_customer_network_burst,0.18,0.0039923646214908865,0.18
X000226080,2026-01-26 15:06:42,C001842,A0001842,M00352,T01169,Midwest,Midwest,16.78,USD,card_present,chip_pin,approved,APPROVE,46.36,0.36194995685936154,0,0,0,0,0,0,0,1,75,6,11,0,,0.0,0.00448291728317151,0.00448291728317151
X000137519,2026-01-26 15:06:49,C001130,A0001130,M00720,T00705,Northeast,Northeast,52.5,USD,mobile_wallet,wallet_biometric,approved,APPROVE,59.28,0.8856275303643725,0,0,0,0,0,1,0,4,144,15,8,18,terminal_customer_network_burst,0.18,0.04405359725474681,0.18
X000150307,2026-01-26 15:07:20,C001237,A0001237,M00365,T01114,South,South,47.68,USD,ecommerce,wallet_biometric,approved,APPROVE,35.77,1.3329605814928709,0,0,0,1,0,0,0,1,90,8,13,18,terminal_customer_network_burst,0.18,0.00865653507156864,0.18
X000064987,2026-01-26 15:07:27,C000551,A0000551,M00445,T00021,Northeast,Northeast,256.95,USD,ecommerce,chip_pin,approved,APPROVE,293.22,0.8763044812768569,0,0,0,1,0,0,0,7,144,10,29,43,customer_velocity;terminal_customer_network_burst,0.43,0.012588609878123923,0.43
X000166225,2026-01-26 15:07:57,C001371,A0001371,M00380,T00352,Midwest,Midwest,93.13,USD,card_present,wallet_biometric,approved,APPROVE,149.32,0.6236940798285561,0,0,0,0,0,0,0,4,67,8,19,18,terminal_customer_network_burst,0.18,0.006793788834592612,0.18
X000021235,2026-01-26 15:08:21,C000185,A0000185,M00005,T01091,South,South,276.61,USD,card_present,chip_pin,approved,APPROVE,90.81,3.0460301728884485,0,0,0,0,0,0,0,2,128,14,13,48,amount_vs_profile;terminal_customer_network_burst,0.48,0.040508082717882636,0.48
X000097914,2026-01-26 15:08:26,C000820,A0000820,M00192,T00126,South,South,119.26,USD,card_present,magstripe,approved,APPROVE,146.86,0.8120659131145308,0,0,0,0,1,0,0,3,173,11,42,18,terminal_customer_network_burst,0.18,0.012539795798465002,0.18
X000218073,2026-01-26 15:08:27,C001781,A0001781,M00162,T00759,Midwest,Midwest,476.6,USD,ecommerce,3ds,approved,APPROVE,63.39,7.518536046695063,0,0,0,1,0,0,0,1,113,11,12,73,amount_vs_profile;extreme_amount_vs_profile;terminal_customer_network_burst,0.73,0.12118861323369154,0.73
X000201082,2026-01-26 15:08:33,C001647,A0001647,M00121,T00867,West,West,47.3,USD,ecommerce,wallet_biometric,approved,APPROVE,140.11,0.33759189208479046,0,0,0,1,0,0,0,1,51,6,22,0,,0.0,0.0030831138271054017,0.0030831138271054017
X000209805,2026-01-26 15:08:37,C001712,A0001712,M00376,T00309,South,South,137.43,USD,card_present,3ds,approved,APPROVE,184.84,0.7435078987232201,0,0,0,0,0,0,0,3,235,14,40,18,terminal_customer_network_burst,0.18,0.010055411938152747,0.18
X000230335,2026-01-26 15:08:46,C001878,A0001878,M00074,T00967,South,South,35.1,USD,ecommerce,3ds,approved,APPROVE,54.75,0.6410958904109589,0,0,0,1,0,0,0,1,177,15,4,18,terminal_customer_network_burst,0.18,0.02475983544814607,0.18
X000100225,2026-01-26 15:08:54,C000844,A0000844,M00137,T00381,Midwest,Midwest,67.58,USD,card_present,magstripe,approved,APPROVE,68.6,0.985131195335277,0,0,0,0,1,0,0,1,106,11,25,18,terminal_customer_network_burst,0.18,0.015494885854037972,0.18
X000095077,2026-01-26 15:09:24,C000794,A0000794,M00185,T00296,West,West,84.74,USD,card_present,3ds,approved,APPROVE,72.89,1.1625737412539443,0,0,0,0,0,0,0,2,37,7,13,0,,0.0,0.0066792671158737585,0.0066792671158737585
X000043094,2026-01-26 15:09:50,C000364,A0000364,M00056,T01147,Midwest,Midwest,53.07,USD,card_present,chip_pin,approved,APPROVE,55.3,0.9596745027124775,0,0,0,0,0,0,0,1,188,11,23,18,terminal_customer_network_burst,0.18,0.009353989099883045,0.18
X000048674,2026-01-26 15:11:08,C000408,A0000408,M00387,T00289,Northeast,Northeast,38.22,USD,ecommerce,3ds,approved,APPROVE,71.27,0.5362705205556335,0,0,0,1,0,0,0,1,59,10,20,18,terminal_customer_network_burst,0.18,0.00584653948011945,0.18
X000222288,2026-01-26 15:11:10,C001811,A0001811,M00305,T00345,Northeast,Northeast,217.37,USD,card_present,chip_pin,approved,APPROVE,63.03,3.448675234015548,0,0,0,0,0,0,0,4,46,5,15,30,amount_vs_profile,0.3,0.016116385418727345,0.3
X000218596,2026-01-26 15:11:25,C001786,A0001786,M00390,T00066,Northeast,Northeast,33.26,USD,card_present,chip_pin,approved,APPROVE,19.86,1.67472306143001,0,0,0,0,0,0,0,3,44,8,20,18,terminal_customer_network_burst,0.18,0.008447433616980018,0.18
X000155869,2026-01-26 15:11:57,C001283,A0001283,M00448,T00142,Midwest,Midwest,655.26,USD,ecommerce,3ds,approved,APPROVE,278.26,2.35484798389995,0,0,0,1,0,0,0,3,62,9,37,18,terminal_customer_network_burst,0.18,0.007993794961910192,0.18
X000227738,2026-01-26 15:12:05,C001856,A0001856,M00692,T00191,South,Northeast,106.19,USD,card_present,chip_pin,approved,APPROVE,120.97,0.8778209473423163,0,0,0,0,0,0,1,5,116,14,0,70,customer_velocity;new_customer_terminal_pair;terminal_customer_network_burst;home_region_mismatch,0.7,0.2851148774972087,0.7
X000134960,2026-01-26 15:13:34,C001108,A0001108,M00286,T00067,West,West,104.42,USD,ecommerce,magstripe,approved,APPROVE,97.95,1.0660541092394078,0,0,0,1,1,0,0,1,70,10,11,18,terminal_customer_network_burst,0.18,0.02143164447313777,0.18
X000038642,2026-01-26 15:13:38,C000330,A0000330,M00293,T00835,South,South,13.46,USD,card_present,wallet_biometric,approved,APPROVE,14.95,0.9003344481605352,0,0,0,0,0,0,0,0,80,6,10,0,,0.0,0.005191143095298697,0.005191143095298697
X000081208,2026-01-26 15:14:55,C000681,A0000681,M00663,T00502,West,West,108.92,USD,card_present,chip_pin,soft_decline,CHALLENGE,189.01,0.5762658060420084,0,0,1,0,0,0,0,4,143,8,55,26,terminal_customer_network_burst;authentication_soft_decline,0.26,0.011891331675506583,0.26
X000088563,2026-01-26 15:15:02,C000744,A0000744,M00517,T00541,Midwest,Midwest,129.86,USD,ecommerce,wallet_biometric,approved,APPROVE,103.24,1.2578457962030223,0,0,0,1,0,0,0,1,123,14,32,18,terminal_customer_network_burst,0.18,0.010046288638844226,0.18
X000143947,2026-01-26 15:15:31,C001186,A0001186,M00154,T01001,South,South,169.3,USD,ecommerce,3ds,approved,APPROVE,248.53,0.6812054882710337,0,0,0,1,0,0,0,4,182,13,46,18,terminal_customer_network_burst,0.18,0.007435891340933909,0.18
X000188553,2026-01-26 15:15:33,C001549,A0001549,M00400,T00241,West,West,191.4,USD,ecommerce,chip_pin,approved,APPROVE,153.09,1.2502449539486578,0,0,0,1,0,0,0,2,120,11,39,18,terminal_customer_network_burst,0.18,0.006256816745419219,0.18
X000013829,2026-01-26 15:16:28,C000117,A0000117,M00289,T00362,South,South,61.63,USD,mobile_wallet,3ds,approved,APPROVE,44.03,1.399727458550988,0,0,0,0,0,1,0,1,128,18,3,18,terminal_customer_network_burst,0.18,0.06047649892550679,0.18
X000212891,2026-01-26 15:16:33,C001738,A0001738,M00074,T01036,South,South,69.04,USD,mobile_wallet,chip_pin,approved,APPROVE,50.26,1.373656983684839,0,0,0,0,0,1,0,2,230,20,14,18,terminal_customer_network_burst,0.18,0.07640143656403113,0.18
X000201083,2026-01-26 15:16:39,C001647,A0001647,M00494,T00136,West,West,168.98,USD,mobile_wallet,wallet_biometric,approved,APPROVE,140.11,1.206052387409892,0,0,0,0,0,1,0,2,59,9,23,18,terminal_customer_network_burst,0.18,0.009918447603573438,0.18
X000165295,2026-01-26 15:16:59,C001364,A0001364,M00661,T00141,Northeast,Northeast,129.09,USD,card_present,wallet_biometric,approved,APPROVE,58.11,2.2214765100671143,0,0,0,0,0,0,0,0,93,11,23,18,terminal_customer_network_burst,0.18,0.010875932234003264,0.18
X000165296,2026-01-26 15:17:01,C001364,A0001364,M00070,T00658,Northeast,Northeast,68.08,USD,card_present,wallet_biometric,approved,APPROVE,58.11,1.1715711581483392,0,0,0,0,0,0,0,1,86,6,15,0,,0.0,0.005630654755544722,0.005630654755544722
X000218483,2026-01-26 15:17:09,C001785,A0001785,M00526,T00055,South,South,32.53,USD,ecommerce,chip_pin,approved,APPROVE,44.84,0.7254683318465656,0,0,0,1,0,0,0,1,87,11,14,18,terminal_customer_network_burst,0.18,0.009263501405829508,0.18
X000139531,2026-01-26 15:17:44,C001150,A0001150,M00376,T00181,South,South,48.52,USD,ecommerce,3ds,approved,APPROVE,54.96,0.8828238719068414,0,0,0,1,0,0,0,3,228,14,31,18,terminal_customer_network_burst,0.18,0.01471496256418925,0.18
X000052040,2026-01-26 15:19:06,C000440,A0000440,M00036,T00993,Northeast,Northeast,79.89,USD,card_present,chip_pin,approved,APPROVE,46.14,1.7314694408322497,0,0,0,0,0,0,0,1,86,7,17,0,,0.0,0.007456312878899474,0.007456312878899474
X000163056,2026-01-26 15:19:13,C001345,A0001345,M00331,T00956,Midwest,Midwest,115.24,USD,ecommerce,wallet_biometric,approved,APPROVE,169.46,0.6800424879027499,0,0,0,1,0,0,0,6,75,7,33,25,customer_velocity,0.25,0.005348505513744885,0.25
X000076055,2026-01-26 15:19:25,C000639,A0000639,M00271,T01087,Northeast,Northeast,71.03,USD,ecommerce,chip_pin,approved,APPROVE,45.73,1.5532473212333262,0,0,0,1,0,0,0,2,135,16,24,18,terminal_customer_network_burst,0.18,0.0214010787244502,0.18
X000122907,2026-01-26 15:19:45,C001019,A0001019,M00365,T00324,South,South,105.48,USD,card_present,chip_pin,approved,APPROVE,167.99,0.6278945175308054,0,0,0,0,0,0,0,3,165,19,29,18,terminal_customer_network_burst,0.18,0.020532996746358508,0.18
X000041609,2026-01-26 15:20:09,C000352,A0000352,M00434,T00808,South,South,86.88,USD,card_present,chip_pin,approved,APPROVE,46.87,1.8536377213569448,0,0,0,0,0,0,0,1,138,14,9,18,terminal_customer_network_burst,0.18,0.02623176919667061,0.18
X000140742,2026-01-26 15:20:12,C001159,A0001159,M00700,T00884,Northeast,Northeast,212.84,USD,card_present,chip_pin,approved,APPROVE,63.67,3.342861630281137,0,0,0,0,0,0,0,6,126,10,16,73,amount_vs_profile;customer_velocity;terminal_customer_network_burst,0.73,0.04108699133863564,0.73
X000038789,2026-01-26 15:20:17,C000331,A0000331,M00450,T00640,Northeast,Northeast,119.47,USD,mobile_wallet,3ds,approved,APPROVE,98.47,1.2132629227175789,0,0,0,0,0,1,0,4,205,9,31,18,terminal_customer_network_burst,0.18,0.01409575481863687,0.18
X000152038,2026-01-26 15:20:21,C001250,A0001250,M00383,T00570,Midwest,Midwest,15.47,USD,card_present,chip_pin,approved,APPROVE,34.64,0.4465935334872979,0,0,0,0,0,0,0,2,43,8,14,18,terminal_customer_network_burst,0.18,0.005526476266078046,0.18
X000015499,2026-01-26 15:20:52,C000132,A0000132,M00484,T00728,South,South,107.22,USD,card_present,wallet_biometric,approved,APPROVE,48.3,2.2198757763975157,0,0,0,0,0,0,0,1,214,13,7,18,terminal_customer_network_burst,0.18,0.034815026389302506,0.18
X000231477,2026-01-26 15:20:57,C001889,A0001889,M00761,T01038,South,South,784.68,USD,ecommerce,magstripe,approved,APPROVE,324.26,2.419909948806513,0,0,0,1,1,0,0,2,148,13,26,18,terminal_customer_network_burst,0.18,0.043954086373581766,0.18
X000119364,2026-01-26 15:21:12,C000989,A0000989,M00094,T00737,South,South,33.51,USD,card_present,chip_pin,approved,APPROVE,26.49,1.2650056625141564,0,0,0,0,0,0,0,2,282,17,8,18,terminal_customer_network_burst,0.18,0.04854208449278309,0.18
X000118936,2026-01-26 15:21:15,C000985,A0000985,M00750,T01142,South,South,76.15,USD,mobile_wallet,3ds,approved,APPROVE,65.16,1.1686617556783303,0,0,0,0,0,1,0,3,183,14,22,18,terminal_customer_network_burst,0.18,0.02783446388816948,0.18
X000067377,2026-01-26 15:21:22,C000571,A0000571,M00372,T00095,South,South,128.08,USD,card_present,wallet_biometric,approved,APPROVE,119.82,1.068936738440995,0,0,0,0,0,0,0,6,177,16,36,43,customer_velocity;terminal_customer_network_burst,0.43,0.020148556662303356,0.43
X000147459,2026-01-26 15:21:22,C001217,A0001217,M00671,T00424,Midwest,Midwest,36.35,USD,card_present,chip_pin,approved,APPROVE,31.3,1.1613418530351438,0,0,0,0,0,0,0,1,101,8,13,18,terminal_customer_network_burst,0.18,0.007873185974207157,0.18
X000004747,2026-01-26 15:22:39,C000043,A0000043,M00682,T00517,Northeast,Northeast,31.17,USD,mobile_wallet,magstripe,approved,APPROVE,66.24,0.4705615942028986,0,0,0,0,1,1,0,3,91,17,17,18,terminal_customer_network_burst,0.18,0.05845531509047028,0.18
X000183116,2026-01-26 15:22:59,C001506,A0001506,M00255,T00006,West,West,30.88,USD,card_present,chip_pin,approved,APPROVE,75.16,0.4108568387440128,0,0,0,0,0,0,0,1,45,7,26,0,,0.0,0.0029314054809929835,0.0029314054809929835
X000109411,2026-01-26 15:23:11,C000915,A0000915,M00354,T00770,Northeast,Northeast,64.57,USD,ecommerce,3ds,approved,APPROVE,81.31,0.7941212642971344,0,0,0,1,0,0,0,2,42,8,28,18,terminal_customer_network_burst,0.18,0.004258177585954602,0.18
X000021457,2026-01-26 15:23:41,C000186,A0000186,M00232,T00367,West,West,198.0,USD,ecommerce,chip_pin,approved,APPROVE,223.8,0.8847184986595173,0,0,0,1,0,0,0,6,159,6,59,25,customer_velocity,0.25,0.0027603545824092706,0.25
X000166969,2026-01-26 15:23:50,C001379,A0001379,M00282,T00583,South,South,38.62,USD,ecommerce,3ds,approved,APPROVE,44.46,0.8686459739091317,0,0,0,1,0,0,0,0,220,16,9,18,terminal_customer_network_burst,0.18,0.025802242501458895,0.18
X000241140,2026-01-26 15:24:17,C001968,A0001968,M00394,T00597,South,South,20.87,USD,card_present,3ds,approved,APPROVE,96.5,0.21626943005181348,0,0,0,0,0,0,0,4,125,15,19,18,terminal_customer_network_burst,0.18,0.015232193048762558,0.18
X000214393,2026-01-26 15:24:38,C001751,A0001751,M00376,T00309,South,South,116.71,USD,ecommerce,chip_pin,approved,APPROVE,69.61,1.6766269214193363,0,0,0,1,0,0,0,0,236,14,5,18,terminal_customer_network_burst,0.18,0.03332560398073682,0.18
X000218186,2026-01-26 15:24:55,C001782,A0001782,M00166,T00474,Northeast,Northeast,27.98,USD,card_present,wallet_biometric,approved,APPROVE,46.59,0.600558059669457,0,0,0,0,0,0,0,1,64,9,9,18,terminal_customer_network_burst,0.18,0.007304082138896149,0.18
X000208556,2026-01-26 15:25:15,C001702,A0001702,M00168,T00020,West,Northeast,363.78,USD,card_present,chip_pin,approved,APPROVE,260.4,1.3970046082949308,0,0,0,0,0,0,1,3,84,8,0,45,new_customer_terminal_pair;terminal_customer_network_burst;home_region_mismatch,0.45,0.1493821630504879,0.45
X000137815,2026-01-26 15:25:34,C001133,A0001133,M00038,T00874,South,South,32.04,USD,mobile_wallet,3ds,approved,APPROVE,38.62,0.829621957534956,0,0,0,0,0,1,0,0,279,20,10,18,terminal_customer_network_burst,0.18,0.06332835496059783,0.18
X000183450,2026-01-26 15:26:07,C001509,A0001509,M00011,T01040,West,West,85.54,USD,card_present,chip_pin,approved,APPROVE,25.62,3.33879781420765,0,0,0,0,0,0,0,2,47,8,17,48,amount_vs_profile;terminal_customer_network_burst,0.48,0.016331428633546374,0.48
X000140969,2026-01-26 15:27:42,C001161,A0001161,M00454,T00566,West,West,50.2,USD,card_present,chip_pin,approved,APPROVE,68.85,0.7291212781408861,0,0,0,0,0,0,0,2,19,6,14,0,,0.0,0.0045999896144521095,0.0045999896144521095
X000236297,2026-01-26 15:27:53,C001928,A0001928,M00382,T00499,Midwest,Midwest,74.7,USD,mobile_wallet,chip_pin,approved,APPROVE,35.46,2.1065989847715736,0,0,0,0,0,1,0,0,102,13,15,18,terminal_customer_network_burst,0.18,0.02597073991355696,0.18
X000114924,2026-01-26 15:28:03,C000956,A0000956,M00494,T01193,West,West,650.67,USD,ecommerce,chip_pin,approved,APPROVE,222.07,2.9300220651146036,0,0,0,1,0,0,0,1,61,6,31,0,,0.0,0.006783941576396895,0.006783941576396895
X000104770,2026-01-26 15:28:26,C000882,A0000882,M00481,T00116,Northeast,Northeast,66.28,USD,card_present,magstripe,approved,APPROVE,26.23,2.5268776210446053,0,0,0,0,1,0,0,1,82,8,28,18,terminal_customer_network_burst,0.18,0.017325796962988138,0.18
X000207840,2026-01-26 15:29:14,C001696,A0001696,M00699,T00493,Midwest,Midwest,40.02,USD,card_present,chip_pin,approved,APPROVE,43.27,0.9248902241737925,0,0,0,0,0,0,0,4,136,11,19,18,terminal_customer_network_burst,0.18,0.013036526013011739,0.18
X000179856,2026-01-26 15:29:45,C001479,A0001479,M00205,T00154,South,South,284.53,USD,card_present,chip_pin,soft_decline,CHALLENGE,221.32,1.2856045544912342,0,0,1,0,0,0,0,0,78,9,24,26,terminal_customer_network_burst;authentication_soft_decline,0.26,0.025509406532404126,0.26
X000067378,2026-01-26 15:30:01,C000571,A0000571,M00372,T00095,South,South,105.9,USD,card_present,chip_pin,approved,APPROVE,119.82,0.8838257386079119,0,0,0,0,0,0,0,7,178,16,37,43,customer_velocity;terminal_customer_network_burst,0.43,0.020395618227992962,0.43
X000170710,2026-01-26 15:30:06,C001407,A0001407,M00733,T00848,Northeast,Northeast,48.2,USD,ecommerce,3ds,approved,APPROVE,65.08,0.7406269207129688,0,0,0,1,0,0,0,1,96,12,14,18,terminal_customer_network_burst,0.18,0.010729340557941128,0.18
X000169006,2026-01-26 15:30:18,C001397,A0001397,M00793,T01052,South,South,69.24,USD,mobile_wallet,3ds,approved,APPROVE,55.89,1.2388620504562533,0,0,0,0,0,1,0,4,156,11,22,18,terminal_customer_network_burst,0.18,0.02118361688194562,0.18
X000224188,2026-01-26 15:31:07,C001830,A0001830,M00619,T00644,West,West,56.47,USD,ecommerce,wallet_biometric,approved,APPROVE,48.32,1.1686672185430462,0,0,0,1,0,0,0,1,22,7,16,0,,0.0,0.005486614737787964,0.005486614737787964
X000244266,2026-01-26 15:31:48,C001991,A0001991,M00647,T01037,West,West,64.4,USD,card_present,wallet_biometric,approved,APPROVE,128.63,0.5006608100754102,0,0,0,0,0,0,0,6,94,8,30,43,customer_velocity;terminal_customer_network_burst,0.43,0.006137290415003079,0.43
X000103247,2026-01-26 15:32:35,C000868,A0000868,M00382,T00976,Midwest,Midwest,45.06,USD,ecommerce,chip_pin,approved,APPROVE,44.62,1.009861048857015,0,0,0,1,0,0,0,3,46,5,14,0,,0.0,0.005825297999994778,0.005825297999994778
X000243262,2026-01-26 15:33:00,C001985,A0001985,M00372,T00192,South,South,20.36,USD,card_present,chip_pin,approved,APPROVE,35.73,0.5698292751189477,0,0,0,0,0,0,0,2,180,17,14,18,terminal_customer_network_burst,0.18,0.023705472637447177,0.18
X000101636,2026-01-26 15:33:09,C000855,A0000855,M00737,T00466,Midwest,Midwest,85.82,USD,card_present,wallet_biometric,approved,APPROVE,49.93,1.7188063288604045,0,0,0,0,0,0,0,3,84,9,13,18,terminal_customer_network_burst,0.18,0.01341965905530562,0.18
X000021792,2026-01-26 15:33:57,C000188,A0000188,M00067,T00948,South,South,46.6,USD,card_present,3ds,approved,APPROVE,45.35,1.0275633958103638,0,0,0,0,0,0,0,2,177,17,12,18,terminal_customer_network_burst,0.18,0.030068840966371305,0.18
X000230000,2026-01-26 15:34:09,C001874,A0001874,M00459,T00809,Northeast,Northeast,78.85,USD,card_present,chip_pin,approved,APPROVE,91.3,0.8636363636363636,0,0,0,0,0,0,0,2,145,14,18,18,terminal_customer_network_burst,0.18,0.015137639902770218,0.18
X000027667,2026-01-26 15:34:15,C000238,A0000238,M00265,T00950,West,West,33.37,USD,ecommerce,chip_pin,approved,APPROVE,57.91,0.5762389915385944,0,0,0,1,0,0,0,5,73,8,17,43,customer_velocity;terminal_customer_network_burst,0.43,0.00856174911275286,0.43
X000236694,2026-01-26 15:35:02,C001930,A0001930,M00212,T00443,South,Midwest,68.85,USD,ecommerce,chip_pin,approved,APPROVE,32.14,2.1421904169259487,0,0,0,1,0,0,1,1,104,10,0,45,new_customer_terminal_pair;terminal_customer_network_burst;home_region_mismatch,0.45,0.2095638789506622,0.45
X000032623,2026-01-26 15:35:35,C000276,A0000276,M00595,T00068,West,West,15.22,USD,ecommerce,3ds,approved,APPROVE,60.66,0.2509066930431916,0,0,0,1,0,0,0,2,43,9,18,18,terminal_customer_network_burst,0.18,0.005325886261711116,0.18
X000108970,2026-01-26 15:35:46,C000913,A0000913,M00224,T01197,Northeast,Northeast,85.75,USD,card_present,3ds,approved,APPROVE,132.83,0.6455619965369268,0,0,0,0,0,0,0,4,82,10,38,18,terminal_customer_network_burst,0.18,0.004882068677606665,0.18
X000007854,2026-01-26 15:36:20,C000072,A0000072,M00494,T00136,West,West,56.83,USD,card_present,magstripe,approved,APPROVE,127.28,0.4464959145191703,0,0,0,0,1,0,0,2,60,9,29,18,terminal_customer_network_burst,0.18,0.008659155758902594,0.18
X000105967,2026-01-26 15:36:21,C000890,A0000890,M00392,T00760,Midwest,Midwest,26.1,USD,mobile_wallet,wallet_biometric,approved,APPROVE,41.95,0.6221692491060786,0,0,0,0,0,1,0,0,46,8,11,18,terminal_customer_network_burst,0.18,0.00784325554380681,0.18
X000077744,2026-01-26 15:36:24,C000654,A0000654,M00339,T00824,South,West,69.72,USD,card_present,3ds,approved,APPROVE,57.79,1.2064370998442637,0,0,0,0,0,0,1,4,17,5,0,27,new_customer_terminal_pair;home_region_mismatch,0.27,0.09716504596393638,0.27
X000011121,2026-01-26 15:36:37,C000100,A0000100,M00368,T00442,West,West,66.54,USD,card_present,chip_pin,approved,APPROVE,102.67,0.648095841044122,0,0,0,0,0,0,0,1,82,11,30,18,terminal_customer_network_burst,0.18,0.005010653879919623,0.18
X000158220,2026-01-26 15:36:40,C001301,A0001301,M00547,T00371,South,Northeast,37.78,USD,card_present,chip_pin,approved,APPROVE,38.75,0.9749677419354839,0,0,0,0,0,0,1,1,158,12,0,45,new_customer_terminal_pair;terminal_customer_network_burst;home_region_mismatch,0.45,0.18526567253503629,0.45
X000194512,2026-01-26 15:36:44,C001599,A0001599,M00544,T00081,West,South,62.59,USD,ecommerce,chip_pin,approved,APPROVE,58.37,1.0722974130546514,0,0,0,1,0,0,1,0,89,11,0,45,new_customer_terminal_pair;terminal_customer_network_burst;home_region_mismatch,0.45,0.14154927033469364,0.45
X000192299,2026-01-26 15:36:54,C001578,A0001578,M00108,T00481,Midwest,Midwest,35.54,USD,card_present,chip_pin,approved,APPROVE,45.1,0.7880266075388026,0,0,0,0,0,0,0,2,168,13,16,18,terminal_customer_network_burst,0.18,0.014763237550439193,0.18
X000237081,2026-01-26 15:36:58,C001934,A0001934,M00790,T00112,Northeast,Northeast,283.09,USD,card_present,3ds,approved,APPROVE,164.43,1.7216444687709054,0,0,0,0,0,0,0,5,140,16,36,43,customer_velocity;terminal_customer_network_burst,0.43,0.021225141753131147,0.43
X000093489,2026-01-26 15:37:09,C000783,A0000783,M00193,T01039,West,West,208.51,USD,card_present,chip_pin,approved,APPROVE,111.36,1.8723958333333333,0,0,0,0,0,0,0,3,120,12,20,18,terminal_customer_network_burst,0.18,0.017764453291350547,0.18
X000175993,2026-01-26 15:37:26,C001450,A0001450,M00575,T00637,West,West,651.85,USD,ecommerce,chip_pin,approved,APPROVE,119.11,5.472672319704475,0,0,0,1,0,0,0,0,44,11,21,48,amount_vs_profile;terminal_customer_network_burst,0.48,0.03956591802586011,0.48
X000185646,2026-01-26 15:37:42,C001526,A0001526,M00460,T00677,Midwest,Midwest,29.76,USD,ecommerce,chip_pin,approved,APPROVE,46.99,0.6333262396254522,0,0,0,1,0,0,0,1,155,17,15,18,terminal_customer_network_burst,0.18,0.02076969402225271,0.18
X000093972,2026-01-26 15:37:52,C000787,A0000787,M00294,T00731,South,South,16.76,USD,card_present,magstripe,approved,APPROVE,42.71,0.3924139545773824,0,0,0,0,1,0,0,3,132,14,16,18,terminal_customer_network_burst,0.18,0.031035568378078013,0.18
X000149779,2026-01-26 15:38:01,C001233,A0001233,M00298,T00941,Northeast,Northeast,26.65,USD,ecommerce,chip_pin,approved,APPROVE,36.19,0.736391268306162,0,0,0,1,0,0,0,1,86,9,10,18,terminal_customer_network_burst,0.18,0.008340133801571843,0.18
X000167445,2026-01-26 15:38:06,C001383,A0001383,M00094,T00737,South,South,20.66,USD,card_present,chip_pin,approved,APPROVE,29.52,0.6998644986449865,0,0,0,0,0,0,0,0,283,17,7,18,terminal_customer_network_burst,0.18,0.03206514885715033,0.18
X000028875,2026-01-26 15:38:38,C000248,A0000248,M00262,T00060,South,South,28.38,USD,mobile_wallet,wallet_biometric,approved,APPROVE,55.67,0.509789832944135,0,0,0,0,0,1,0,3,179,13,0,33,new_customer_terminal_pair;terminal_customer_network_burst,0.33,0.03782449418321504,0.33
X000079238,2026-01-26 15:39:34,C000667,A0000667,M00228,T00522,Northeast,Northeast,90.18,USD,card_present,chip_pin,approved,APPROVE,68.9,1.3088534107402032,0,0,0,0,0,0,0,6,109,14,31,43,customer_velocity;terminal_customer_network_burst,0.43,0.017342790476471175,0.43
X000012329,2026-01-26 15:39:51,C000107,A0000107,M00326,T00127,Northeast,Northeast,61.58,USD,mobile_wallet,chip_pin,approved,APPROVE,40.86,1.5070974057758197,0,0,0,0,0,1,0,2,111,11,9,18,terminal_customer_network_burst,0.18,0.025260552803066983,0.18
X000185929,2026-01-26 15:39:57,C001528,A0001528,M00179,T00767,Midwest,Midwest,11.14,USD,ecommerce,3ds,approved,APPROVE,24.88,0.4477491961414791,0,0,0,1,0,0,0,4,73,12,22,18,terminal_customer_network_burst,0.18,0.009861897906443368,0.18
X000230669,2026-01-26 15:40:44,C001881,A0001881,M00193,T00346,West,West,116.55,USD,card_present,wallet_biometric,approved,APPROVE,70.14,1.6616766467065869,0,0,0,0,0,0,0,2,90,11,17,18,terminal_customer_network_burst,0.18,0.0131827621845835,0.18
X000090284,2026-01-26 15:40:52,C000755,A0000755,M00271,T00851,Northeast,Northeast,34.14,USD,ecommerce,chip_pin,approved,APPROVE,44.35,0.7697857948139797,0,0,0,1,0,0,0,0,115,11,13,18,terminal_customer_network_burst,0.18,0.009308584856685103,0.18
X000008737,2026-01-26 15:41:04,C000079,A0000079,M00008,T01199,West,West,112.08,USD,card_present,3ds,approved,APPROVE,80.47,1.3928171989561327,0,0,0,0,0,0,0,3,44,5,16,0,,0.0,0.006015633015757806,0.006015633015757806
X000185930,2026-01-26 15:41:04,C001528,A0001528,M00597,T00544,Midwest,Midwest,92.49,USD,card_present,chip_pin,approved,APPROVE,24.88,3.717443729903537,0,0,0,0,0,0,0,5,36,7,10,55,amount_vs_profile;customer_velocity,0.55,0.029053261011468733,0.55
X000149910,2026-01-26 15:41:22,C001235,A0001235,M00662,T00093,Midwest,Midwest,141.49,USD,mobile_wallet,3ds,approved,APPROVE,100.16,1.4126397763578276,0,0,0,0,0,1,0,0,11,4,8,0,,0.0,0.006787557837047988,0.006787557837047988
X000134476,2026-01-26 15:42:14,C001104,A0001104,M00258,T00527,West,West,357.18,USD,ecommerce,wallet_biometric,approved,APPROVE,231.6,1.5422279792746114,0,0,0,1,0,0,0,7,88,7,43,25,customer_velocity,0.25,0.006387838759455467,0.25
X000228845,2026-01-26 15:42:26,C001864,A0001864,M00545,T00484,South,South,57.02,USD,ecommerce,chip_pin,approved,APPROVE,38.74,1.4718637067630356,0,0,0,1,0,0,0,1,34,6,8,0,,0.0,0.007363310563224713,0.007363310563224713
X000139532,2026-01-26 15:43:20,C001150,A0001150,M00181,T00177,South,South,91.89,USD,card_present,wallet_biometric,approved,APPROVE,54.96,1.671943231441048,0,0,0,0,0,0,0,4,76,13,17,18,terminal_customer_network_burst,0.18,0.020360477073306484,0.18
X000169007,2026-01-26 15:43:33,C001397,A0001397,M00793,T01052,South,South,90.65,USD,card_present,3ds,approved,APPROVE,55.89,1.6219359456074434,0,0,0,0,0,0,0,5,157,11,23,43,customer_velocity;terminal_customer_network_burst,0.43,0.017987278956506633,0.43
X000022588,2026-01-26 15:44:06,C000195,A0000195,M00407,T00062,West,West,67.48,USD,card_present,3ds,approved,APPROVE,82.17,0.8212242911038092,0,0,0,0,0,0,0,5,36,7,20,25,customer_velocity,0.25,0.006576119254037659,0.25
X000171133,2026-01-26 15:44:28,C001411,A0001411,M00413,T00003,West,West,60.65,USD,ecommerce,3ds,approved,APPROVE,135.24,0.4484619934930493,0,0,0,1,0,0,0,3,50,6,33,0,,0.0,0.0028495831104258383,0.0028495831104258383
X000214059,2026-01-26 15:44:38,C001748,A0001748,M00168,T00944,Northeast,Northeast,94.35,USD,ecommerce,wallet_biometric,approved,APPROVE,62.7,1.5047846889952152,0,0,0,1,0,0,0,3,157,13,22,18,terminal_customer_network_burst,0.18,0.0187159393733603,0.18
X000032093,2026-01-26 15:45:12,C000272,A0000272,M00619,T00982,West,West,17.53,USD,ecommerce,chip_pin,approved,APPROVE,36.14,0.48505810736026567,0,0,0,1,0,0,0,0,87,12,6,18,terminal_customer_network_burst,0.18,0.010884457738296754,0.18
X000193391,2026-01-26 15:45:21,C001588,A0001588,M00355,T00664,Midwest,Midwest,150.15,USD,ecommerce,wallet_biometric,approved,APPROVE,48.62,3.088235294117647,0,0,0,1,0,0,0,0,34,5,15,30,amount_vs_profile,0.3,0.008941621707764885,0.3
X000230137,2026-01-26 15:45:41,C001876,A0001876,M00540,T01173,West,West,112.11,USD,mobile_wallet,chip_pin,approved,APPROVE,87.96,1.274556616643929,0,0,0,0,0,1,0,3,64,7,17,0,,0.0,0.01112635080980801,0.01112635080980801
X000108572,2026-01-26 15:45:53,C000910,A0000910,M00784,T00354,South,South,31.64,USD,card_present,3ds,approved,APPROVE,32.0,0.98875,0,0,0,0,0,0,0,0,170,10,14,18,terminal_customer_network_burst,0.18,0.009551993705209275,0.18
X000111694,2026-01-26 15:45:54,C000932,A0000932,M00559,T00805,Midwest,Midwest,62.02,USD,card_present,3ds,approved,APPROVE,31.07,1.9961377534599292,0,0,0,0,0,0,0,4,61,8,11,18,terminal_customer_network_burst,0.18,0.015075685046881821,0.18
X000004113,2026-01-26 15:45:58,C000036,A0000036,M00501,T00506,Northeast,Northeast,86.06,USD,ecommerce,chip_pin,approved,APPROVE,88.98,0.9671836367723083,0,0,0,1,0,0,0,3,94,8,16,18,terminal_customer_network_burst,0.18,0.008650839421659109,0.18
X000093490,2026-01-26 15:46:04,C000783,A0000783,M00399,T00567,West,West,140.36,USD,ecommerce,3ds,approved,APPROVE,111.36,1.2604166666666667,0,0,0,1,0,0,0,4,59,6,20,0,,0.0,0.0069507024603869495,0.0069507024603869495
X000067833,2026-01-26 15:46:54,C000575,A0000575,M00039,T00918,Midwest,Midwest,60.78,USD,ecommerce,magstripe,approved,APPROVE,61.13,0.9942744969736627,0,0,0,1,1,0,0,0,22,6,14,0,,0.0,0.009323419831202337,0.009323419831202337
X000201426,2026-01-26 15:47:22,C001649,A0001649,M00277,T00518,Midwest,Midwest,41.1,USD,mobile_wallet,chip_pin,approved,APPROVE,31.27,1.3143588103613688,0,0,0,0,0,1,0,2,107,8,12,18,terminal_customer_network_burst,0.18,0.014826112055730655,0.18
X000191633,2026-01-26 15:47:24,C001572,A0001572,M00645,T00155,South,South,139.54,USD,ecommerce,chip_pin,approved,APPROVE,64.87,2.151071373516263,0,0,0,1,0,0,0,1,163,10,11,18,terminal_customer_network_burst,0.18,0.019549283584405427,0.18
X000147346,2026-01-26 15:48:14,C001216,A0001216,M00549,T00456,South,South,83.6,USD,ecommerce,3ds,approved,APPROVE,43.69,1.9134813458457312,0,0,0,1,0,0,0,1,221,20,12,18,terminal_customer_network_burst,0.18,0.0626547980182569,0.18
X000071131,2026-01-26 15:48:26,C000604,A0000604,M00184,T00927,South,South,62.86,USD,ecommerce,chip_pin,approved,APPROVE,137.88,0.4559036843632144,0,0,0,1,0,0,0,3,226,18,12,18,terminal_customer_network_burst,0.18,0.03591849431839377,0.18
X000088564,2026-01-26 15:48:52,C000744,A0000744,M00696,T00129,Midwest,Midwest,186.24,USD,ecommerce,3ds,approved,APPROVE,103.24,1.803951956605967,0,0,0,1,0,0,0,2,99,9,28,18,terminal_customer_network_burst,0.18,0.008359653301384964,0.18
X000035336,2026-01-26 15:49:27,C000299,A0000299,M00247,T01144,South,South,68.81,USD,card_present,chip_pin,approved,APPROVE,73.28,0.9390010917030568,0,0,0,0,0,0,0,4,259,21,23,18,terminal_customer_network_burst,0.18,0.05001424588601661,0.18
X000006722,2026-01-26 15:50:12,C000060,A0000060,M00120,T00900,Midwest,Midwest,13.54,USD,card_present,chip_pin,approved,APPROVE,53.72,0.2520476545048399,0,0,0,0,0,0,0,2,38,6,16,0,,0.0,0.0037285149065521732,0.0037285149065521732
X000004460,2026-01-26 15:50:33,C000040,A0000040,M00434,T00808,South,South,58.0,USD,ecommerce,3ds,approved,APPROVE,36.27,1.599117728149986,0,0,0,1,0,0,0,1,139,14,18,18,terminal_customer_network_burst,0.18,0.01880964175788389,0.18
X000145866,2026-01-26 15:50:34,C001202,A0001202,M00292,T00447,South,South,31.28,USD,ecommerce,3ds,approved,APPROVE,35.16,0.8896473265073949,0,0,0,1,0,0,0,1,70,10,10,18,terminal_customer_network_burst,0.18,0.009583947120932086,0.18
X000162733,2026-01-26 15:50:57,C001343,A0001343,M00219,T00193,Northeast,Northeast,188.43,USD,ecommerce,chip_pin,approved,APPROVE,77.13,2.443018280824582,0,0,0,1,0,0,0,2,150,7,24,0,,0.0,0.011085317675178024,0.011085317675178024
X000152039,2026-01-26 15:51:04,C001250,A0001250,M00699,T00493,Midwest,Midwest,55.9,USD,card_present,chip_pin,approved,APPROVE,34.64,1.613741339491917,0,0,0,0,0,0,0,3,137,11,6,18,terminal_customer_network_burst,0.18,0.02324683792165381,0.18
X000058234,2026-01-26 15:51:30,C000494,A0000494,M00171,T00523,Northeast,Northeast,41.81,USD,mobile_wallet,chip_pin,approved,APPROVE,19.63,2.1299032093734085,0,0,0,0,0,1,0,1,126,14,23,18,terminal_customer_network_burst,0.18,0.027220044946702063,0.18
X000032964,2026-01-26 15:51:34,C000279,A0000279,M00130,T00939,South,South,88.0,USD,card_present,wallet_biometric,approved,APPROVE,70.8,1.2429378531073447,0,0,0,0,0,0,0,3,153,13,12,18,terminal_customer_network_burst,0.18,0.021764019437093877,0.18
X000105113,2026-01-26 15:51:56,C000884,A0000884,M00738,T00899,South,South,12.57,USD,ecommerce,magstripe,approved,APPROVE,29.77,0.4222371514947934,0,0,0,1,1,0,0,2,204,14,16,18,terminal_customer_network_burst,0.18,0.03532740224248962,0.18
X000214515,2026-01-26 15:52:26,C001752,A0001752,M00013,T00686,South,South,337.4,USD,card_present,wallet_biometric,approved,APPROVE,165.32,2.040890394386644,0,0,0,0,0,0,0,2,195,18,23,18,terminal_customer_network_burst,0.18,0.037253904773081915,0.18
X000070049,2026-01-26 15:53:19,C000596,A0000596,M00022,T00830,South,South,199.72,USD,mobile_wallet,3ds,approved,APPROVE,186.24,1.0723797250859106,0,0,0,0,0,1,0,3,142,13,26,18,terminal_customer_network_burst,0.18,0.018937759999528715,0.18
X000116251,2026-01-26 15:53:23,C000965,A0000965,M00269,T00339,West,West,266.94,USD,card_present,chip_pin,approved,APPROVE,147.52,1.8095173535791755,0,0,0,0,0,0,0,3,95,7,28,0,,0.0,0.006979276183091234,0.006979276183091234
X000223831,2026-01-26 15:54:17,C001826,A0001826,M00608,T00027,South,South,119.07,USD,ecommerce,magstripe,approved,APPROVE,36.54,3.258620689655172,0,0,0,1,1,0,0,2,194,17,8,48,amount_vs_profile;terminal_customer_network_burst,0.48,0.17407634709256675,0.48
X000201996,2026-01-26 15:55:53,C001652,A0001652,M00633,T00292,West,West,19.29,USD,card_present,3ds,approved,APPROVE,36.64,0.5264737991266375,0,0,0,0,0,0,0,1,105,12,10,18,terminal_customer_network_burst,0.18,0.010856455334685173,0.18
X000004274,2026-01-26 15:56:01,C000038,A0000038,M00007,T00210,South,South,69.72,USD,mobile_wallet,chip_pin,approved,APPROVE,35.46,1.9661590524534687,0,0,0,0,0,1,0,0,136,9,13,18,terminal_customer_network_burst,0.18,0.01790083939477962,0.18
X000013631,2026-01-26 15:56:35,C000116,A0000116,M00564,T01141,Northeast,Northeast,218.81,USD,ecommerce,wallet_biometric,approved,APPROVE,197.15,1.1098655845802687,0,0,0,1,0,0,0,7,145,15,34,43,customer_velocity;terminal_customer_network_burst,0.43,0.021204032650630908,0.43
X000004275,2026-01-26 15:57:12,C000038,A0000038,M00645,T00905,South,South,29.18,USD,ecommerce,chip_pin,approved,APPROVE,35.46,0.8228990411731528,0,0,0,1,0,0,0,1,215,17,15,18,terminal_customer_network_burst,0.18,0.026060700471143155,0.18
X000051298,2026-01-26 15:57:24,C000432,A0000432,M00251,T00104,West,West,27.11,USD,card_present,chip_pin,approved,APPROVE,43.84,0.6183850364963503,0,0,0,0,0,0,0,0,60,5,14,0,,0.0,0.003430985170941493,0.003430985170941493
X000133534,2026-01-26 15:57:31,C001100,A0001100,M00528,T00301,Midwest,Midwest,18.13,USD,card_present,3ds,approved,APPROVE,33.78,0.5367081113084665,0,0,0,0,0,0,0,4,80,11,50,18,terminal_customer_network_burst,0.18,0.003546475782910535,0.18
X000036304,2026-01-26 15:58:00,C000310,A0000310,M00552,T00463,Northeast,Northeast,33.35,USD,mobile_wallet,3ds,approved,APPROVE,36.53,0.9129482617027102,0,0,0,0,0,1,0,3,118,12,11,18,terminal_customer_network_burst,0.18,0.02399334486582604,0.18
X000057639,2026-01-26 15:58:14,C000488,A0000488,M00311,T01079,Midwest,Midwest,71.54,USD,ecommerce,chip_pin,approved,APPROVE,49.29,1.4514100223169002,0,0,0,1,0,0,0,1,89,13,9,18,terminal_customer_network_burst,0.18,0.01852241347610038,0.18
X000136890,2026-01-26 15:58:38,C001126,A0001126,M00669,T00703,South,South,86.03,USD,card_present,chip_pin,approved,APPROVE,103.68,0.8297646604938271,0,0,0,0,0,0,0,3,140,9,30,18,terminal_customer_network_burst,0.18,0.0062488777416407565,0.18
X000035337,2026-01-26 15:58:44,C000299,A0000299,M00247,T01144,South,South,98.02,USD,ecommerce,chip_pin,approved,APPROVE,73.28,1.3376091703056767,0,0,0,1,0,0,0,5,260,21,24,43,customer_velocity;terminal_customer_network_burst,0.43,0.06665261919703151,0.43
X000071257,2026-01-26 15:58:44,C000605,A0000605,M00480,T00012,West,West,36.15,USD,ecommerce,3ds,approved,APPROVE,186.41,0.1939273644117805,0,0,0,1,0,0,0,2,90,6,21,0,,0.0,0.0037352131232024,0.0037352131232024
X000184938,2026-01-26 15:58:48,C001523,A0001523,M00094,T00737,South,South,56.37,USD,mobile_wallet,3ds,soft_decline,CHALLENGE,127.72,0.44135609145004695,0,0,1,0,0,1,0,7,284,17,22,51,customer_velocity;terminal_customer_network_burst;authentication_soft_decline,0.51,0.23115000976729402,0.51
X000058620,2026-01-26 15:58:53,C000497,A0000497,M00473,T00408,West,West,39.8,USD,ecommerce,3ds,approved,APPROVE,55.66,0.7150556952928494,0,0,0,1,0,0,0,0,49,11,14,18,terminal_customer_network_burst,0.18,0.007445035549863127,0.18
X000178876,2026-01-26 15:58:55,C001473,A0001473,M00055,T01044,South,South,41.34,USD,ecommerce,chip_pin,approved,APPROVE,57.26,0.7219699615787636,0,0,0,1,0,0,0,4,226,17,32,18,terminal_customer_network_burst,0.18,0.021194281140437636,0.18
X000106656,2026-01-26 15:59:19,C000894,A0000894,M00613,T00331,South,South,411.02,USD,ecommerce,chip_pin,approved,APPROVE,442.56,0.928732827187274,0,0,0,1,0,0,0,3,167,12,39,18,terminal_customer_network_burst,0.18,0.007838249223276738,0.18
X000048944,2026-01-26 15:59:31,C000410,A0000410,M00083,T00024,Midwest,Midwest,78.23,USD,card_present,chip_pin,approved,APPROVE,64.04,1.22158026233604,0,0,0,0,0,0,0,2,93,13,17,18,terminal_customer_network_burst,0.18,0.014067226705094835,0.18
X000072807,2026-01-26 16:00:19,C000615,A0000615,M00761,T01038,South,South,19.49,USD,card_present,chip_pin,approved,APPROVE,24.79,0.7862041145623235,0,0,0,0,0,0,0,1,149,13,10,18,terminal_customer_network_burst,0.18,0.01516602225569332,0.18
X000233945,2026-01-26 16:00:24,C001907,A0001907,M00540,T01173,West,West,195.25,USD,mobile_wallet,chip_pin,approved,APPROVE,168.05,1.1618565903005058,0,0,0,0,0,1,0,3,65,7,27,0,,0.0,0.007721916381523083,0.007721916381523083
X000087964,2026-01-26 16:01:07,C000739,A0000739,M00251,T00619,West,West,64.67,USD,card_present,3ds,approved,APPROVE,42.99,1.5043033263549663,0,0,0,0,0,0,0,4,47,7,13,0,,0.0,0.009946119027662938,0.009946119027662938
X000135566,2026-01-26 16:01:25,C001113,A0001113,M00281,T01194,West,West,96.91,USD,card_present,magstripe,approved,APPROVE,90.26,1.0736760469754043,0,0,0,0,1,0,0,2,39,11,9,18,terminal_customer_network_burst,0.18,0.02533161640053201,0.18
X000007519,2026-01-26 16:01:34,C000069,A0000069,M00380,T00989,Midwest,Midwest,31.5,USD,card_present,chip_pin,approved,APPROVE,40.89,0.7703595011005135,0,0,0,0,0,0,0,3,73,8,24,18,terminal_customer_network_burst,0.18,0.005540354210290138,0.18
X000192064,2026-01-26 16:01:52,C001576,A0001576,M00023,T00108,Midwest,Midwest,99.16,USD,mobile_wallet,chip_pin,approved,APPROVE,52.06,1.9047253169419898,0,0,0,0,0,1,0,3,150,12,13,18,terminal_customer_network_burst,0.18,0.03616237847131622,0.18
X000059795,2026-01-26 16:01:53,C000509,A0000509,M00255,T00819,West,West,60.76,USD,ecommerce,chip_pin,approved,APPROVE,61.15,0.9936222403924775,0,0,0,1,0,0,0,3,84,8,18,18,terminal_customer_network_burst,0.18,0.007990583027402293,0.18
X000225675,2026-01-26 16:02:04,C001839,A0001839,M00077,T00723,South,South,142.11,USD,ecommerce,3ds,approved,APPROVE,134.66,1.055324521015892,0,0,0,1,0,0,0,2,238,18,13,18,terminal_customer_network_burst,0.18,0.04052110571581509,0.18
X000032206,2026-01-26 16:02:05,C000273,A0000273,M00401,T00536,South,South,26.11,USD,mobile_wallet,chip_pin,approved,APPROVE,31.83,0.8202953188815583,0,0,0,0,0,1,0,0,164,20,12,18,terminal_customer_network_burst,0.18,0.04479892986269338,0.18
X000051906,2026-01-26 16:02:17,C000439,A0000439,M00604,T00623,Northeast,Northeast,52.49,USD,card_present,chip_pin,approved,APPROVE,47.61,1.102499474900231,0,0,0,0,0,0,0,5,106,12,23,43,customer_velocity;terminal_customer_network_burst,0.43,0.014416213745056309,0.43
X000206946,2026-01-26 16:02:35,C001688,A0001688,M00581,T00552,Midwest,West,90.9,USD,card_present,3ds,approved,APPROVE,94.31,0.9638426465910296,0,0,0,0,0,0,1,2,27,7,0,27,new_customer_terminal_pair;home_region_mismatch,0.27,0.09107702284180771,0.27
X000038272,2026-01-26 16:02:39,C000327,A0000327,M00376,T00702,South,South,161.2,USD,mobile_wallet,magstripe,approved,APPROVE,139.35,1.1567994259059922,0,0,0,0,1,1,0,5,109,10,22,43,customer_velocity;terminal_customer_network_burst,0.43,0.03872929047858442,0.43
X000168053,2026-01-26 16:02:42,C001389,A0001389,M00123,T00812,Midwest,Midwest,107.37,USD,card_present,3ds,approved,APPROVE,53.07,2.023176936122103,0,0,0,0,0,0,0,2,224,16,17,18,terminal_customer_network_burst,0.18,0.03815578192141415,0.18
X000103135,2026-01-26 16:03:06,C000867,A0000867,M00005,T00817,South,South,55.26,USD,ecommerce,chip_pin,approved,APPROVE,56.05,0.9859054415700268,0,0,0,1,0,0,0,2,187,14,11,18,terminal_customer_network_burst,0.18,0.023308379412340197,0.18
X000215049,2026-01-26 16:03:08,C001756,A0001756,M00786,T00776,Northeast,Northeast,33.19,USD,mobile_wallet,wallet_biometric,approved,APPROVE,74.2,0.44730458221024255,0,0,0,0,0,1,0,2,84,10,14,18,terminal_customer_network_burst,0.18,0.01169063244599628,0.18
X000076212,2026-01-26 16:03:11,C000640,A0000640,M00382,T00499,Midwest,Midwest,25.59,USD,mobile_wallet,wallet_biometric,approved,APPROVE,45.4,0.5636563876651982,0,0,0,0,0,1,0,1,103,13,7,18,terminal_customer_network_burst,0.18,0.02034996222495136,0.18
X000167661,2026-01-26 16:03:57,C001385,A0001385,M00517,T00531,Midwest,Midwest,56.22,USD,ecommerce,3ds,approved,APPROVE,49.85,1.1277833500501504,0,0,0,1,0,0,0,1,98,9,12,18,terminal_customer_network_burst,0.18,0.009448081800197121,0.18
X000222118,2026-01-26 16:03:58,C001810,A0001810,M00351,T00966,West,West,92.87,USD,mobile_wallet,3ds,approved,APPROVE,203.81,0.4556694960993082,0,0,0,0,0,1,0,6,67,11,32,43,customer_velocity;terminal_customer_network_burst,0.43,0.011294577007442378,0.43
X000068363,2026-01-26 16:04:05,C000579,A0000579,M00247,T01144,South,South,13.95,USD,ecommerce,magstripe,approved,APPROVE,45.42,0.3071334214002642,0,0,0,1,1,0,0,0,261,21,9,18,terminal_customer_network_burst,0.18,0.08450073041863433,0.18
X000099374,2026-01-26 16:04:36,C000834,A0000834,M00692,T00771,Northeast,Northeast,41.46,USD,ecommerce,3ds,approved,APPROVE,47.15,0.87932131495228,0,0,0,1,0,0,0,1,137,16,10,18,terminal_customer_network_burst,0.18,0.02285262577808,0.18
X000112736,2026-01-26 16:05:54,C000943,A0000943,M00434,T00133,South,South,338.36,USD,card_present,chip_pin,approved,APPROVE,211.71,1.598223985640735,0,0,0,0,0,0,0,4,164,12,34,18,terminal_customer_network_burst,0.18,0.012762936186597965,0.18
X000226563,2026-01-26 16:06:09,C001846,A0001846,M00184,T00058,South,South,89.35,USD,ecommerce,magstripe,approved,APPROVE,154.77,0.577308263875428,0,0,0,1,1,0,0,2,166,18,13,18,terminal_customer_network_burst,0.18,0.05905075299058786,0.18
X000156864,2026-01-26 16:07:03,C001290,A0001290,M00738,T00899,South,South,53.16,USD,card_present,chip_pin,approved,APPROVE,83.05,0.6400963275135461,0,0,0,0,0,0,0,0,205,14,8,18,terminal_customer_network_burst,0.18,0.017592043340249518,0.18
X000222701,2026-01-26 16:07:10,C001814,A0001814,M00675,T00834,Midwest,Midwest,28.39,USD,mobile_wallet,wallet_biometric,approved,APPROVE,50.89,0.5578699155040283,0,0,0,0,0,1,0,2,80,7,12,0,,0.0,0.009065498494612129,0.009065498494612129
X000186733,2026-01-26 16:07:39,C001535,A0001535,M00574,T00190,West,Midwest,46.38,USD,mobile_wallet,magstripe,approved,APPROVE,41.18,1.1262748907236524,0,0,0,0,1,1,1,3,196,16,0,45,new_customer_terminal_pair;terminal_customer_network_burst;home_region_mismatch,0.45,0.6409207056720952,0.6409207056720952
X000145072,2026-01-26 16:07:57,C001194,A0001194,M00567,T01019,Northeast,Northeast,105.49,USD,ecommerce,3ds,approved,APPROVE,102.24,1.0317879499217528,0,0,0,1,0,0,0,3,149,14,26,18,terminal_customer_network_burst,0.18,0.01500083698246933,0.18
X000213416,2026-01-26 16:07:58,C001742,A0001742,M00086,T00198,Midwest,Midwest,30.12,USD,card_present,chip_pin,approved,APPROVE,28.4,1.0605633802816903,0,0,0,0,0,0,0,4,75,8,17,18,terminal_customer_network_burst,0.18,0.008829970960919666,0.18
X000098463,2026-01-26 16:08:03,C000825,A0000825,M00555,T00348,Midwest,Midwest,134.97,USD,mobile_wallet,chip_pin,approved,APPROVE,42.75,3.15719298245614,0,0,0,0,0,1,0,0,99,10,13,48,amount_vs_profile;terminal_customer_network_burst,0.48,0.02946129572613495,0.48
X000045800,2026-01-26 16:08:10,C000383,A0000383,M00036,T00993,Northeast,Northeast,38.57,USD,card_present,chip_pin,approved,APPROVE,34.56,1.1160300925925926,0,0,0,0,0,0,0,1,87,7,12,0,,0.0,0.00684427928683728,0.00684427928683728
X000166970,2026-01-26 16:08:21,C001379,A0001379,M00282,T00583,South,South,8.83,USD,card_present,chip_pin,approved,APPROVE,44.46,0.19860548807917228,0,0,0,0,0,0,0,1,221,16,10,18,terminal_customer_network_burst,0.18,0.02041686333827987,0.18
X000001059,2026-01-26 16:09:02,C000011,A0000011,M00015,T00330,South,South,165.16,USD,ecommerce,chip_pin,approved,APPROVE,85.4,1.933957845433255,0,0,0,1,0,0,0,0,189,22,9,18,terminal_customer_network_burst,0.18,0.0716113781331504,0.18
X000193304,2026-01-26 16:09:20,C001587,A0001587,M00023,T00099,Northeast,Midwest,11.97,USD,ecommerce,chip_pin,approved,APPROVE,27.78,0.43088552915766737,0,0,0,1,0,0,1,1,12,3,0,27,new_customer_terminal_pair;home_region_mismatch,0.27,0.04323354826650261,0.27
X000139812,2026-01-26 16:09:59,C001153,A0001153,M00338,T00847,Northeast,Northeast,24.63,USD,card_present,chip_pin,approved,APPROVE,40.35,0.6104089219330855,0,0,0,0,0,0,0,1,158,13,17,18,terminal_customer_network_burst,0.18,0.011547569249030559,0.18
X000217608,2026-01-26 16:10:09,C001777,A0001777,M00553,T00764,Midwest,West,311.4,USD,card_present,3ds,approved,APPROVE,197.68,1.5752731687575878,0,0,0,0,0,0,1,4,34,7,0,27,new_customer_terminal_pair;home_region_mismatch,0.27,0.14226107424193105,0.27
X000196001,2026-01-26 16:10:11,C001610,A0001610,M00433,T00174,Midwest,Midwest,23.92,USD,ecommerce,chip_pin,approved,APPROVE,44.09,0.5425266500340213,0,0,0,1,0,0,0,3,131,14,16,18,terminal_customer_network_burst,0.18,0.01621161874550035,0.18
X000003294,2026-01-26 16:10:43,C000029,A0000029,M00044,T01081,Northeast,Northeast,60.47,USD,card_present,wallet_biometric,approved,APPROVE,52.55,1.1507136060894387,0,0,0,0,0,0,0,2,171,16,28,18,terminal_customer_network_burst,0.18,0.016655477035525817,0.18
X000017523,2026-01-26 16:11:28,C000150,A0000150,M00138,T00350,South,South,158.72,USD,card_present,3ds,approved,APPROVE,224.61,0.7066470771559592,0,0,0,0,0,0,0,2,59,4,25,0,,0.0,0.0027907155225953767,0.0027907155225953767
X000197268,2026-01-26 16:12:23,C001620,A0001620,M00345,T01160,South,South,48.35,USD,card_present,3ds,approved,APPROVE,46.96,1.0295996592844974,0,0,0,0,0,0,0,0,70,12,10,18,terminal_customer_network_burst,0.18,0.010826424041827008,0.18
X000172437,2026-01-26 16:12:45,C001422,A0001422,M00191,T00188,Midwest,Midwest,53.87,USD,card_present,3ds,approved,APPROVE,41.11,1.3103867672099245,0,0,0,0,0,0,0,0,84,11,14,18,terminal_customer_network_burst,0.18,0.0098239878233849,0.18
X000089775,2026-01-26 16:12:55,C000750,A0000750,M00424,T01128,Midwest,Midwest,72.49,USD,card_present,chip_pin,approved,APPROVE,91.76,0.7899956408020923,0,0,0,0,0,0,0,4,48,10,20,18,terminal_customer_network_burst,0.18,0.008487404363779791,0.18
X000188323,2026-01-26 16:13:13,C001547,A0001547,M00355,T00664,Midwest,Midwest,42.31,USD,ecommerce,3ds,approved,APPROVE,42.0,1.0073809523809525,0,0,0,1,0,0,0,1,35,5,12,0,,0.0,0.00477252346959059,0.00477252346959059
X000225994,2026-01-26 16:13:25,C001841,A0001841,M00763,T00601,South,South,17.82,USD,ecommerce,wallet_biometric,approved,APPROVE,36.24,0.4917218543046357,0,0,0,1,0,0,0,4,178,16,13,18,terminal_customer_network_burst,0.18,0.027878655690223134,0.18
X000095644,2026-01-26 16:13:28,C000799,A0000799,M00205,T00049,South,South,47.03,USD,card_present,chip_pin,approved,APPROVE,51.04,0.9214341692789969,0,0,0,0,0,0,0,1,126,9,23,18,terminal_customer_network_burst,0.18,0.006205202538519092,0.18
X000056118,2026-01-26 16:13:31,C000474,A0000474,M00130,T00214,South,South,38.9,USD,card_present,3ds,approved,APPROVE,37.2,1.0456989247311828,0,0,0,0,0,0,0,3,97,6,9,0,,0.0,0.00844455950528885,0.00844455950528885
X000082694,2026-01-26 16:14:10,C000693,A0000693,M00343,T00030,West,West,75.43,USD,ecommerce,3ds,approved,APPROVE,100.52,0.7503979307600479,0,0,0,1,0,0,0,1,58,9,17,18,terminal_customer_network_burst,0.18,0.0062275842180125615,0.18
X000226081,2026-01-26 16:14:37,C001842,A0001842,M00460,T00677,Midwest,Midwest,22.59,USD,card_present,3ds,approved,APPROVE,46.36,0.4872735116479724,0,0,0,0,0,0,0,2,156,17,9,18,terminal_customer_network_burst,0.18,0.025304694702897663,0.18
X000013830,2026-01-26 16:15:17,C000117,A0000117,M00289,T00362,South,South,101.98,USD,card_present,3ds,approved,APPROVE,44.03,2.316148080853963,0,0,0,0,0,0,0,2,129,18,4,18,terminal_customer_network_burst,0.18,0.06344559165795141,0.18
X000040421,2026-01-26 16:16:04,C000343,A0000343,M00645,T00905,South,South,35.53,USD,ecommerce,3ds,approved,APPROVE,51.15,0.6946236559139786,0,0,0,1,0,0,0,1,216,17,10,18,terminal_customer_network_burst,0.18,0.029081571486629175,0.18
X000047586,2026-01-26 16:16:43,C000401,A0000401,M00619,T00624,West,West,137.87,USD,card_present,chip_pin,approved,APPROVE,47.83,2.882500522684508,0,0,0,0,0,0,0,0,45,6,10,0,,0.0,0.010601809914866294,0.010601809914866294
X000063462,2026-01-26 16:17:24,C000539,A0000539,M00038,T00321,South,South,25.61,USD,card_present,chip_pin,approved,APPROVE,38.14,0.6714735186156267,0,0,0,0,0,0,0,0,112,13,1,18,terminal_customer_network_burst,0.18,0.01565597671451898,0.18
X000093086,2026-01-26 16:17:35,C000780,A0000780,M00051,T01084,South,South,46.55,USD,ecommerce,chip_pin,approved,APPROVE,66.83,0.6965434685021696,0,0,0,1,0,0,0,1,150,13,21,18,terminal_customer_network_burst,0.18,0.01086486791609151,0.18
X000111895,2026-01-26 16:17:38,C000934,A0000934,M00227,T00238,Midwest,Midwest,90.54,USD,ecommerce,chip_pin,approved,APPROVE,114.46,0.7910186964878562,0,0,0,1,0,0,0,2,44,10,28,18,terminal_customer_network_burst,0.18,0.005416654211521369,0.18
X000177062,2026-01-26 16:17:52,C001459,A0001459,M00376,T00702,South,South,87.28,USD,card_present,magstripe,approved,APPROVE,151.37,0.5766003831670741,0,0,0,0,1,0,0,1,110,10,27,18,terminal_customer_network_burst,0.18,0.01107181110904867,0.18
X000121382,2026-01-26 16:18:46,C001008,A0001008,M00574,T00190,Midwest,Midwest,185.42,USD,ecommerce,3ds,approved,APPROVE,287.67,0.6445580004866687,0,0,0,1,0,0,0,6,197,17,39,43,customer_velocity;terminal_customer_network_burst,0.43,0.019251505324604172,0.43
X000192906,2026-01-26 16:18:50,C001584,A0001584,M00680,T00949,Midwest,Midwest,336.33,USD,card_present,chip_pin,approved,APPROVE,230.45,1.4594489043176393,0,0,0,0,0,0,0,4,108,11,29,18,terminal_customer_network_burst,0.18,0.01092220330783173,0.18
X000107070,2026-01-26 16:19:19,C000897,A0000897,M00760,T00148,Midwest,Midwest,25.9,USD,card_present,chip_pin,approved,APPROVE,33.2,0.7801204819277108,0,0,0,0,0,0,0,2,98,9,8,18,terminal_customer_network_burst,0.18,0.009948702252475839,0.18
X000075909,2026-01-26 16:19:43,C000638,A0000638,M00400,T00241,West,West,52.31,USD,card_present,chip_pin,approved,APPROVE,27.22,1.9217487141807497,0,0,0,0,0,0,0,2,121,11,18,18,terminal_customer_network_burst,0.18,0.015340387168359752,0.18
X000023336,2026-01-26 16:19:51,C000199,A0000199,M00326,T01042,Northeast,Northeast,25.31,USD,card_present,3ds,approved,APPROVE,54.35,0.46568537258509657,0,0,0,0,0,0,0,1,54,8,15,18,terminal_customer_network_burst,0.18,0.004932320181230703,0.18
X000164152,2026-01-26 16:20:10,C001353,A0001353,M00535,T00606,West,West,95.71,USD,ecommerce,3ds,approved,APPROVE,94.56,1.0121615905245347,0,0,0,1,0,0,0,1,182,11,24,18,terminal_customer_network_burst,0.18,0.009610876296438356,0.18
X000225814,2026-01-26 16:20:51,C001840,A0001840,M00005,T01091,South,South,169.45,USD,card_present,chip_pin,approved,APPROVE,193.68,0.8748967368855843,0,0,0,0,0,0,0,2,129,14,29,18,terminal_customer_network_burst,0.18,0.01025411320514779,0.18
X000233793,2026-01-26 16:20:53,C001906,A0001906,M00158,T01121,Midwest,Midwest,36.77,USD,card_present,chip_pin,approved,APPROVE,45.33,0.8111625854842269,0,0,0,0,0,0,0,5,17,5,13,25,customer_velocity,0.25,0.006174571048320146,0.25
X000023337,2026-01-26 16:21:53,C000199,A0000199,M00547,T00162,Northeast,Northeast,35.6,USD,ecommerce,chip_pin,approved,APPROVE,54.35,0.6550137994480221,0,0,0,1,0,0,0,2,67,8,18,18,terminal_customer_network_burst,0.18,0.005930377592704792,0.18
X000081722,2026-01-26 16:22:00,C000684,A0000684,M00037,T00050,West,West,99.4,USD,card_present,wallet_biometric,approved,APPROVE,87.94,1.1303161246304299,0,0,0,0,0,0,0,1,91,9,22,18,terminal_customer_network_burst,0.18,0.006377190558595589,0.18
X000223832,2026-01-26 16:22:03,C001826,A0001826,M00750,T01142,South,South,16.98,USD,card_present,3ds,approved,APPROVE,36.54,0.464696223316913,0,0,0,0,0,0,0,3,184,14,12,18,terminal_customer_network_burst,0.18,0.01936966455978217,0.18
X000060641,2026-01-26 16:22:14,C000516,A0000516,M00661,T00337,Northeast,Northeast,60.03,USD,ecommerce,chip_pin,soft_decline,CHALLENGE,46.26,1.2976653696498055,0,0,1,1,0,0,0,1,160,13,17,26,terminal_customer_network_burst;authentication_soft_decline,0.26,0.07236947758682323,0.26
X000101546,2026-01-26 16:22:38,C000854,A0000854,M00036,T01181,Northeast,Northeast,27.42,USD,mobile_wallet,chip_pin,approved,APPROVE,47.91,0.5723231058234189,0,0,0,0,0,1,0,3,87,10,15,18,terminal_customer_network_burst,0.18,0.013481132102427917,0.18
X000047990,2026-01-26 16:22:43,C000404,A0000404,M00017,T00257,Midwest,Midwest,210.35,USD,card_present,3ds,approved,APPROVE,227.96,0.9227496051938936,0,0,0,0,0,0,0,4,89,5,55,0,,0.0,0.0017724596626772318,0.0017724596626772318
X000036766,2026-01-26 16:23:00,C000315,A0000315,M00211,T01050,Midwest,Midwest,341.48,USD,mobile_wallet,3ds,approved,APPROVE,260.77,1.3095064616328567,0,0,0,0,0,1,0,1,126,8,27,18,terminal_customer_network_burst,0.18,0.00853328034208203,0.18
X000130307,2026-01-26 16:23:07,C001071,A0001071,M00335,T00070,South,South,31.58,USD,ecommerce,chip_pin,approved,APPROVE,47.75,0.6613612565445026,0,0,0,1,0,0,0,0,258,17,0,33,new_customer_terminal_pair;terminal_customer_network_burst,0.33,0.0389371625172702,0.33
X000081209,2026-01-26 16:23:08,C000681,A0000681,M00663,T00502,West,West,179.24,USD,card_present,chip_pin,approved,APPROVE,189.01,0.9483096132479764,0,0,0,0,0,0,0,5,144,8,56,43,customer_velocity;terminal_customer_network_burst,0.43,0.0032081975015805166,0.43
X000154361,2026-01-26 16:23:14,C001271,A0001271,M00376,T00266,South,South,52.64,USD,card_present,chip_pin,approved,APPROVE,37.52,1.4029850746268655,0,0,0,0,0,0,0,3,73,9,17,18,terminal_customer_network_burst,0.18,0.010100178243940215,0.18
X000218827,2026-01-26 16:23:15,C001788,A0001788,M00137,T00381,Midwest,Midwest,136.11,USD,mobile_wallet,3ds,approved,APPROVE,148.33,0.9176161262050833,0,0,0,0,0,1,0,3,107,11,19,18,terminal_customer_network_burst,0.18,0.016122021576810055,0.18
X000191040,2026-01-26 16:23:21,C001568,A0001568,M00038,T00874,South,South,139.89,USD,mobile_wallet,3ds,approved,APPROVE,122.57,1.1413070082401893,0,0,0,0,0,1,0,1,280,20,30,18,terminal_customer_network_burst,0.18,0.04325167524496242,0.18
X000150750,2026-01-26 16:24:01,C001240,A0001240,M00190,T00615,West,West,365.32,USD,mobile_wallet,chip_pin,approved,APPROVE,285.64,1.278952527657191,0,0,0,0,0,1,0,3,57,9,25,18,terminal_customer_network_burst,0.18,0.01071010764277124,0.18
X000167219,2026-01-26 16:24:12,C001381,A0001381,M00068,T00322,Northeast,Northeast,255.92,USD,ecommerce,magstripe,approved,APPROVE,184.34,1.3883042204621894,0,0,0,1,1,0,0,0,147,13,21,18,terminal_customer_network_burst,0.18,0.02719490767257148,0.18
X000218828,2026-01-26 16:24:14,C001788,A0001788,M00352,T00215,Midwest,Midwest,141.43,USD,mobile_wallet,chip_pin,approved,APPROVE,148.33,0.9534821007213645,0,0,0,0,0,1,0,4,114,8,14,18,terminal_customer_network_burst,0.18,0.015446242288113097,0.18
X000056246,2026-01-26 16:24:22,C000475,A0000475,M00679,T00947,Northeast,Northeast,218.24,USD,card_present,chip_pin,approved,APPROVE,177.62,1.2286904627857222,0,0,0,0,0,0,0,3,76,7,34,0,,0.0,0.004323713802912976,0.004323713802912976
X000069318,2026-01-26 16:24:53,C000589,A0000589,M00507,T00488,South,South,157.92,USD,mobile_wallet,3ds,approved,APPROVE,211.98,0.7449759411265213,0,0,0,0,0,1,0,6,148,10,29,43,customer_velocity;terminal_customer_network_burst,0.43,0.015275000007973091,0.43
X000078204,2026-01-26 16:25:11,C000658,A0000658,M00374,T00569,South,South,26.68,USD,ecommerce,chip_pin,approved,APPROVE,28.9,0.9231833910034603,0,0,0,1,0,0,0,1,120,17,10,18,terminal_customer_network_burst,0.18,0.025023834381877136,0.18
X000177611,2026-01-26 16:25:20,C001461,A0001461,M00276,T00213,Northeast,Northeast,379.39,USD,card_present,wallet_biometric,approved,APPROVE,251.98,1.5056353678863401,0,0,0,0,0,0,0,3,73,7,30,0,,0.0,0.005465564742254374,0.005465564742254374
X000065535,2026-01-26 16:25:39,C000555,A0000555,M00596,T01101,Midwest,Midwest,65.88,USD,card_present,magstripe,approved,APPROVE,92.42,0.7128327201904349,0,0,0,0,1,0,0,1,130,11,27,18,terminal_customer_network_burst,0.18,0.013843864134123607,0.18
X000055940,2026-01-26 16:25:41,C000472,A0000472,M00181,T00177,South,South,7.08,USD,ecommerce,chip_pin,approved,APPROVE,26.64,0.26576576576576577,0,0,0,1,0,0,0,3,77,13,0,33,new_customer_terminal_pair;terminal_customer_network_burst,0.33,0.018766052607582025,0.33
X000220438,2026-01-26 16:25:51,C001799,A0001799,M00414,T00189,South,Midwest,82.87,USD,card_present,wallet_biometric,approved,APPROVE,62.89,1.317697567180792,0,0,0,0,0,0,1,0,199,17,0,45,new_customer_terminal_pair;terminal_customer_network_burst;home_region_mismatch,0.45,0.3189845845389631,0.45
X000104771,2026-01-26 16:25:58,C000882,A0000882,M00533,T00261,Northeast,Northeast,38.15,USD,card_present,3ds,approved,APPROVE,26.23,1.4544414792222644,0,0,0,0,0,0,0,2,148,12,19,18,terminal_customer_network_burst,0.18,0.014823489513600853,0.18
X000097327,2026-01-26 16:26:35,C000815,A0000815,M00726,T00829,Northeast,Northeast,46.75,USD,mobile_wallet,wallet_biometric,approved,APPROVE,73.05,0.6399726214921287,0,0,0,0,0,1,0,1,81,7,11,0,,0.0,0.00863262531448693,0.00863262531448693
X000132282,2026-01-26 16:26:38,C001090,A0001090,M00406,T00668,South,South,54.22,USD,ecommerce,chip_pin,approved,APPROVE,35.97,1.5073672504865165,0,0,0,1,0,0,0,4,134,15,14,18,terminal_customer_network_burst,0.18,0.03224211147703371,0.18
X000001609,2026-01-26 16:27:03,C000015,A0000015,M00784,T00354,South,South,504.28,USD,card_present,chip_pin,approved,APPROVE,115.21,4.377050603246246,0,0,0,0,0,0,0,11,171,10,60,93,amount_vs_profile;customer_velocity;high_customer_velocity;terminal_customer_network_burst,0.93,0.030700191766012935,0.93
X000225815,2026-01-26 16:27:10,C001840,A0001840,M00005,T01091,South,South,220.62,USD,card_present,chip_pin,approved,APPROVE,193.68,1.13909541511772,0,0,0,0,0,0,0,3,130,14,30,18,terminal_customer_network_burst,0.18,0.012447015667563838,0.18
X000039146,2026-01-26 16:27:58,C000333,A0000333,M00353,T00378,Midwest,Midwest,120.44,USD,card_present,chip_pin,approved,APPROVE,85.49,1.408819744999415,0,0,0,0,0,0,0,1,149,8,29,18,terminal_customer_network_burst,0.18,0.005871734009906604,0.18
X000032624,2026-01-26 16:28:07,C000276,A0000276,M00579,T01107,West,West,34.37,USD,card_present,chip_pin,approved,APPROVE,60.66,0.5666007253544345,0,0,0,0,0,0,0,3,61,8,11,18,terminal_customer_network_burst,0.18,0.007527917773363924,0.18
X000116448,2026-01-26 16:28:29,C000966,A0000966,M00154,T00860,South,South,92.73,USD,mobile_wallet,wallet_biometric,approved,APPROVE,110.51,0.8391095828431816,0,0,0,0,0,1,0,2,137,14,27,18,terminal_customer_network_burst,0.18,0.016507751012028303,0.18
X000067834,2026-01-26 16:28:38,C000575,A0000575,M00039,T00918,Midwest,Midwest,63.71,USD,ecommerce,3ds,approved,APPROVE,61.13,1.0422051365941436,0,0,0,1,0,0,0,1,23,6,15,0,,0.0,0.004794588949601186,0.004794588949601186
X000072642,2026-01-26 16:28:56,C000614,A0000614,M00278,T01124,South,Northeast,195.02,USD,mobile_wallet,magstripe,approved,APPROVE,325.59,0.5989741699683652,0,0,0,0,1,1,1,3,132,13,0,45,new_customer_terminal_pair;terminal_customer_network_burst;home_region_mismatch,0.45,0.4605412907039062,0.4605412907039062
X000039418,2026-01-26 16:30:30,C000335,A0000335,M00349,T00076,West,West,38.57,USD,ecommerce,chip_pin,approved,APPROVE,50.05,0.7706293706293706,0,0,0,1,0,0,0,4,64,7,22,0,,0.0,0.006088534568605189,0.006088534568605189
X000164406,2026-01-26 16:30:32,C001355,A0001355,M00790,T00112,Northeast,Northeast,392.41,USD,mobile_wallet,magstripe,approved,APPROVE,213.19,1.8406585674750224,0,0,0,0,1,1,0,2,141,16,29,18,terminal_customer_network_burst,0.18,0.06194176487968572,0.18
X000241668,2026-01-26 16:30:57,C001972,A0001972,M00138,T00350,South,South,13.95,USD,ecommerce,3ds,approved,APPROVE,28.9,0.4826989619377163,0,0,0,1,0,0,0,3,60,4,15,0,,0.0,0.004191795386965416,0.004191795386965416
X000061263,2026-01-26 16:31:25,C000522,A0000522,M00453,T00831,South,South,48.47,USD,card_present,3ds,approved,APPROVE,51.45,0.9420796890184645,0,0,0,0,0,0,0,1,212,16,5,18,terminal_customer_network_burst,0.18,0.031443435773913515,0.18
X000155388,2026-01-26 16:32:29,C001280,A0001280,M00619,T00624,West,West,93.39,USD,mobile_wallet,chip_pin,approved,APPROVE,118.5,0.7881012658227848,0,0,0,0,0,1,0,7,46,6,31,25,customer_velocity,0.25,0.007886470744139434,0.25
X000069052,2026-01-26 16:33:05,C000587,A0000587,M00766,T00445,West,West,73.08,USD,ecommerce,chip_pin,approved,APPROVE,48.72,1.5,0,0,0,1,0,0,0,0,75,12,13,18,terminal_customer_network_burst,0.18,0.012699356695901857,0.18
X000173698,2026-01-26 16:33:07,C001432,A0001432,M00281,T01053,West,West,70.78,USD,card_present,chip_pin,approved,APPROVE,33.08,2.1396614268440146,0,0,0,0,0,0,0,2,53,12,11,18,terminal_customer_network_burst,0.18,0.019807095604303538,0.18
X000027994,2026-01-26 16:33:10,C000241,A0000241,M00271,T01087,Northeast,Northeast,19.58,USD,card_present,chip_pin,approved,APPROVE,38.62,0.506991196271362,0,0,0,0,0,0,0,0,136,16,13,18,terminal_customer_network_burst,0.18,0.015071246156188788,0.18
X000085843,2026-01-26 16:33:15,C000719,A0000719,M00618,T00042,Northeast,Northeast,55.94,USD,card_present,magstripe,approved,APPROVE,107.92,0.518346923647146,0,0,0,0,1,0,0,0,106,8,9,18,terminal_customer_network_burst,0.18,0.013428426886537382,0.18
X000228560,2026-01-26 16:33:32,C001861,A0001861,M00160,T00039,South,South,33.96,USD,mobile_wallet,magstripe,approved,APPROVE,64.65,0.5252900232018561,0,0,0,0,1,1,0,2,137,11,15,18,terminal_customer_network_burst,0.18,0.03214482859046038,0.18
X000220684,2026-01-26 16:33:45,C001800,A0001800,M00587,T01174,Northeast,South,82.44,USD,ecommerce,chip_pin,approved,APPROVE,186.73,0.44149306485299633,0,0,0,1,0,0,1,4,179,15,0,45,new_customer_terminal_pair;terminal_customer_network_burst;home_region_mismatch,0.45,0.2931760077998377,0.45
X000106657,2026-01-26 16:34:12,C000894,A0000894,M00613,T00331,South,South,727.08,USD,ecommerce,wallet_biometric,approved,APPROVE,442.56,1.642895878524946,0,0,0,1,0,0,0,4,168,12,40,18,terminal_customer_network_burst,0.18,0.011418879201946676,0.18
X000217081,2026-01-26 16:34:36,C001773,A0001773,M00183,T01168,South,South,411.4,USD,mobile_wallet,chip_pin,approved,APPROVE,311.99,1.3186320074361357,0,0,0,0,0,1,0,4,137,8,53,18,terminal_customer_network_burst,0.18,0.005407057232189333,0.18
X000177947,2026-01-26 16:34:55,C001464,A0001464,M00542,T01166,South,South,29.82,USD,mobile_wallet,wallet_biometric,approved,APPROVE,35.35,0.8435643564356435,0,0,0,0,0,1,0,0,75,8,11,18,terminal_customer_network_burst,0.18,0.00924025329769305,0.18
X000217082,2026-01-26 16:35:54,C001773,A0001773,M00335,T00138,South,South,215.52,USD,ecommerce,3ds,approved,APPROVE,311.99,0.6907913715183179,0,0,0,1,0,0,0,5,168,10,51,43,customer_velocity;terminal_customer_network_burst,0.43,0.004831977526010886,0.43
X000087965,2026-01-26 16:36:03,C000739,A0000739,M00686,T00708,West,West,52.84,USD,ecommerce,chip_pin,approved,APPROVE,42.99,1.2291230518725285,0,0,0,1,0,0,0,5,47,8,20,43,customer_velocity;terminal_customer_network_burst,0.43,0.009473077189719875,0.43
X000054151,2026-01-26 16:36:09,C000459,A0000459,M00335,T00138,South,South,25.28,USD,mobile_wallet,chip_pin,approved,APPROVE,44.53,0.5677071637098585,0,0,0,0,0,1,0,2,169,10,20,18,terminal_customer_network_burst,0.18,0.012570981982478018,0.18
X000064988,2026-01-26 16:36:11,C000551,A0000551,M00299,T00384,Northeast,Northeast,173.5,USD,ecommerce,chip_pin,approved,APPROVE,293.22,0.5917058863651865,0,0,0,1,0,0,0,8,66,9,21,43,customer_velocity;terminal_customer_network_burst,0.43,0.011882915154958516,0.43
X000211791,2026-01-26 16:36:17,C001727,A0001727,M00153,T00753,South,South,307.37,USD,card_present,wallet_biometric,approved,APPROVE,189.29,1.6238047440435313,0,0,0,0,0,0,0,3,214,17,25,18,terminal_customer_network_burst,0.18,0.03108712098485626,0.18
X000121383,2026-01-26 16:36:23,C001008,A0001008,M00529,T00187,Midwest,Midwest,265.36,USD,card_present,wallet_biometric,approved,APPROVE,287.67,0.9224458581012966,0,0,0,0,0,0,0,7,58,5,22,25,customer_velocity,0.25,0.006783311949369392,0.25
X000014175,2026-01-26 16:36:51,C000120,A0000120,M00793,T01052,South,South,33.53,USD,ecommerce,chip_pin,approved,APPROVE,72.63,0.4616549635136996,0,0,0,1,0,0,0,0,158,11,5,18,terminal_customer_network_burst,0.18,0.011865600936978289,0.18
X000111536,2026-01-26 16:37:00,C000931,A0000931,M00342,T00903,Midwest,Midwest,101.27,USD,mobile_wallet,magstripe,approved,APPROVE,116.51,0.8691957771865075,0,0,0,0,1,1,0,4,54,5,27,0,,0.0,0.012785856320413758,0.012785856320413758
X000173578,2026-01-26 16:37:31,C001431,A0001431,M00056,T01147,Midwest,Midwest,22.48,USD,card_present,magstripe,approved,APPROVE,35.72,0.6293393057110862,0,0,0,0,1,0,0,4,189,11,23,18,terminal_customer_network_burst,0.18,0.024998044514901487,0.18
X000193693,2026-01-26 16:37:43,C001592,A0001592,M00712,T00064,South,South,56.73,USD,card_present,3ds,approved,APPROVE,183.44,0.3092564326210205,0,0,0,0,0,0,0,4,175,16,21,18,terminal_customer_network_burst,0.18,0.018927793999813036,0.18
X000020493,2026-01-26 16:37:53,C000178,A0000178,M00460,T00677,Midwest,Midwest,79.27,USD,mobile_wallet,chip_pin,approved,APPROVE,110.87,0.7149815098764318,0,0,0,0,0,1,0,4,157,17,26,18,terminal_customer_network_burst,0.18,0.030443795930714578,0.18
X000161276,2026-01-26 16:37:53,C001331,A0001331,M00285,T00604,Midwest,Midwest,46.19,USD,card_present,wallet_biometric,approved,APPROVE,34.02,1.3577307466196353,0,0,0,0,0,0,0,0,85,6,31,0,,0.0,0.0032083781310256743,0.0032083781310256743
X000074109,2026-01-26 16:38:01,C000626,A0000626,M00244,T00336,South,South,88.98,USD,card_present,chip_pin,approved,APPROVE,49.14,1.8107448107448108,0,0,0,0,0,0,0,3,165,13,21,18,terminal_customer_network_burst,0.18,0.02114004299214653,0.18
X000179857,2026-01-26 16:38:21,C001479,A0001479,M00020,T00254,South,South,787.28,USD,ecommerce,magstripe,approved,APPROVE,221.32,3.5572022410988615,0,0,0,1,1,0,0,1,183,17,37,48,amount_vs_profile;terminal_customer_network_burst,0.48,0.07415318088029671,0.48
X000135174,2026-01-26 16:38:27,C001110,A0001110,M00626,T01083,South,South,67.44,USD,card_present,chip_pin,approved,APPROVE,129.57,0.5204908543644362,0,0,0,0,0,0,0,1,120,13,26,18,terminal_customer_network_burst,0.18,0.007560662332473167,0.18
X000086028,2026-01-26 16:38:33,C000721,A0000721,M00716,T00263,West,West,138.35,USD,card_present,3ds,approved,APPROVE,55.97,2.4718599249597997,0,0,0,0,0,0,0,0,27,7,8,0,,0.0,0.010289140514924588,0.010289140514924588
X000126289,2026-01-26 16:38:37,C001040,A0001040,M00779,T00146,South,South,7.93,USD,card_present,wallet_biometric,approved,APPROVE,14.22,0.5576652601969058,0,0,0,0,0,0,0,2,240,16,15,18,terminal_customer_network_burst,0.18,0.023669622625833334,0.18
X000086657,2026-01-26 16:38:40,C000727,A0000727,M00219,T00193,South,Northeast,57.39,USD,card_present,chip_pin,approved,APPROVE,98.78,0.5809880542619964,0,0,0,0,0,0,1,2,151,7,0,27,new_customer_terminal_pair;home_region_mismatch,0.27,0.10556492009024504,0.27
X000104296,2026-01-26 16:38:40,C000878,A0000878,M00784,T00354,South,South,135.09,USD,ecommerce,3ds,approved,APPROVE,146.02,0.9251472401040953,0,0,0,1,0,0,0,4,172,10,36,18,terminal_customer_network_burst,0.18,0.0077540771166796345,0.18
X000208133,2026-01-26 16:38:58,C001699,A0001699,M00668,T00417,Midwest,Midwest,192.12,USD,card_present,chip_pin,approved,APPROVE,131.03,1.4662291078378997,0,0,0,0,0,0,0,1,52,7,13,0,,0.0,0.006983016436647264,0.006983016436647264
X000205068,2026-01-26 16:39:24,C001675,A0001675,M00302,T00011,Northeast,Northeast,147.38,USD,card_present,chip_pin,approved,APPROVE,73.73,1.9989149599891494,0,0,0,0,0,0,0,1,128,14,8,18,terminal_customer_network_burst,0.18,0.02797316918590752,0.18
X000058713,2026-01-26 16:39:32,C000498,A0000498,M00147,T00410,South,South,39.04,USD,card_present,chip_pin,approved,APPROVE,40.99,0.9524274213222736,0,0,0,0,0,0,0,0,73,8,8,18,terminal_customer_network_burst,0.18,0.007037549087691458,0.18
X000041032,2026-01-26 16:39:39,C000348,A0000348,M00778,T01132,South,South,50.93,USD,card_present,magstripe,approved,APPROVE,38.38,1.3269932256383532,0,0,0,0,1,0,0,2,142,15,16,18,terminal_customer_network_burst,0.18,0.04597967399147822,0.18
X000092495,2026-01-26 16:39:50,C000774,A0000774,M00476,T00184,Midwest,Midwest,106.27,USD,card_present,wallet_biometric,approved,APPROVE,72.34,1.4690351119712468,0,0,0,0,0,0,0,0,89,9,7,18,terminal_customer_network_burst,0.18,0.010502593502532602,0.18
X000038080,2026-01-26 16:40:09,C000325,A0000325,M00800,T00448,West,West,29.18,USD,card_present,chip_pin,approved,APPROVE,28.62,1.0195667365478687,0,0,0,0,0,0,0,1,54,7,12,0,,0.0,0.006047286632827664,0.006047286632827664
X000216358,2026-01-26 16:41:09,C001768,A0001768,M00517,T01092,Midwest,Midwest,54.04,USD,ecommerce,chip_pin,approved,APPROVE,46.85,1.1534685165421557,0,0,0,1,0,0,0,1,115,12,9,18,terminal_customer_network_burst,0.18,0.015617181563353044,0.18
X000058518,2026-01-26 16:41:32,C000496,A0000496,M00372,T00192,South,South,39.99,USD,card_present,chip_pin,approved,APPROVE,48.44,0.8255573905862924,0,0,0,0,0,0,0,3,181,17,10,18,terminal_customer_network_burst,0.18,0.03347569196339015,0.18
X000090196,2026-01-26 16:41:37,C000754,A0000754,M00452,T00329,Northeast,Northeast,100.36,USD,card_present,magstripe,approved,APPROVE,47.26,2.123571730850614,0,0,0,0,1,0,0,1,197,12,18,18,terminal_customer_network_burst,0.18,0.042903664781618805,0.18
X000159754,2026-01-26 16:41:45,C001317,A0001317,M00608,T00219,South,South,95.09,USD,ecommerce,chip_pin,approved,APPROVE,37.63,2.5269731597129947,0,0,0,1,0,0,0,3,234,16,13,18,terminal_customer_network_burst,0.18,0.0633583270418379,0.18
X000209036,2026-01-26 16:41:58,C001705,A0001705,M00745,T00344,Northeast,Northeast,76.35,USD,mobile_wallet,magstripe,approved,APPROVE,62.52,1.2212092130518233,0,0,0,0,1,1,0,2,59,7,0,15,new_customer_terminal_pair,0.15,0.03523557432573842,0.15
X000243810,2026-01-26 16:42:01,C001988,A0001988,M00394,T00980,South,South,72.0,USD,card_present,chip_pin,approved,APPROVE,86.5,0.8323699421965318,0,0,0,0,0,0,0,7,77,7,21,25,customer_velocity,0.25,0.008979342995266008,0.25
X000238236,2026-01-26 16:42:18,C001944,A0001944,M00750,T01142,South,South,111.31,USD,ecommerce,wallet_biometric,approved,APPROVE,93.15,1.1949543746645195,0,0,0,1,0,0,0,2,185,14,15,18,terminal_customer_network_burst,0.18,0.022200340262290896,0.18
X000177612,2026-01-26 16:42:35,C001461,A0001461,M00297,T00721,Northeast,Northeast,226.35,USD,card_present,chip_pin,approved,APPROVE,251.98,0.8982855782204937,0,0,0,0,0,0,0,4,147,13,30,18,terminal_customer_network_burst,0.18,0.011783608293490221,0.18
X000180706,2026-01-26 16:43:04,C001484,A0001484,M00278,T01124,Northeast,Northeast,78.55,USD,card_present,3ds,approved,APPROVE,62.68,1.2531908104658582,0,0,0,0,0,0,0,1,133,14,14,18,terminal_customer_network_burst,0.18,0.017377393635945825,0.18
X000207396,2026-01-26 16:43:18,C001692,A0001692,M00516,T00435,Northeast,Northeast,24.41,USD,ecommerce,chip_pin,approved,APPROVE,67.58,0.3612015389168393,0,0,0,1,0,0,0,1,102,8,12,18,terminal_customer_network_burst,0.18,0.0062166404997515004,0.18
X000091110,2026-01-26 16:43:22,C000764,A0000764,M00012,T01105,West,West,20.3,USD,mobile_wallet,magstripe,approved,APPROVE,50.25,0.4039800995024876,0,0,0,0,1,1,0,1,118,12,13,18,terminal_customer_network_burst,0.18,0.031144970834325814,0.18
X000152380,2026-01-26 16:43:30,C001253,A0001253,M00311,T00342,Midwest,Midwest,36.24,USD,card_present,3ds,approved,APPROVE,45.07,0.8040825382737964,0,0,0,0,0,0,0,2,57,9,25,18,terminal_customer_network_burst,0.18,0.005224015580990311,0.18
X000162538,2026-01-26 16:43:31,C001342,A0001342,M00544,T00846,South,South,153.57,USD,card_present,magstripe,approved,APPROVE,177.7,0.8642093415869443,0,0,0,0,1,0,0,1,151,14,26,18,terminal_customer_network_burst,0.18,0.022742197226239425,0.18
X000036767,2026-01-26 16:43:48,C000315,A0000315,M00211,T01050,Midwest,Midwest,243.93,USD,mobile_wallet,chip_pin,approved,APPROVE,260.77,0.9354220194040727,0,0,0,0,0,1,0,2,127,8,28,18,terminal_customer_network_burst,0.18,0.008002367159677715,0.18
X000030007,2026-01-26 16:43:53,C000257,A0000257,M00560,T00369,West,West,37.96,USD,card_present,chip_pin,approved,APPROVE,21.9,1.7333333333333334,0,0,0,0,0,0,0,0,51,9,9,18,terminal_customer_network_burst,0.18,0.009944589641301098,0.18
X000149780,2026-01-26 16:43:54,C001233,A0001233,M00302,T01118,Northeast,Northeast,23.95,USD,card_present,3ds,approved,APPROVE,36.19,0.6617850234871512,0,0,0,0,0,0,0,2,85,9,18,18,terminal_customer_network_burst,0.18,0.006643505256113926,0.18
X000136397,2026-01-26 16:44:07,C001122,A0001122,M00613,T00638,South,South,43.08,USD,ecommerce,wallet_biometric,approved,APPROVE,29.22,1.4743326488706365,0,0,0,1,0,0,0,2,124,9,5,18,terminal_customer_network_burst,0.18,0.01633357601018449,0.18
X000113920,2026-01-26 16:44:08,C000948,A0000948,M00642,T00253,Midwest,Midwest,75.13,USD,card_present,3ds,approved,APPROVE,62.39,1.2041993909280333,0,0,0,0,0,0,0,4,72,13,25,18,terminal_customer_network_burst,0.18,0.012929786194154259,0.18
X000143349,2026-01-26 16:44:10,C001181,A0001181,M00349,T00076,West,West,54.69,USD,mobile_wallet,chip_pin,approved,APPROVE,47.7,1.1465408805031445,0,0,0,0,0,1,0,1,65,7,17,0,,0.0,0.00838407852849194,0.00838407852849194
X000175994,2026-01-26 16:44:10,C001450,A0001450,M00575,T00637,West,West,121.74,USD,ecommerce,chip_pin,approved,APPROVE,119.11,1.0220804298547561,0,0,0,1,0,0,0,1,45,11,22,18,terminal_customer_network_burst,0.18,0.007247807130093267,0.18
X000241985,2026-01-26 16:44:12,C001975,A0001975,M00326,T01042,Northeast,Northeast,36.16,USD,card_present,chip_pin,approved,APPROVE,41.74,0.866315285098227,0,0,0,0,0,0,0,2,55,8,13,18,terminal_customer_network_burst,0.18,0.006980219313358464,0.18
X000234700,2026-01-26 16:44:27,C001914,A0001914,M00615,T00908,Midwest,Midwest,394.48,USD,ecommerce,chip_pin,approved,APPROVE,344.59,1.1447807539394643,0,0,0,1,0,0,0,5,85,10,47,43,customer_velocity;terminal_customer_network_burst,0.43,0.00534441208924146,0.43
X000069319,2026-01-26 16:44:28,C000589,A0000589,M00173,T01167,South,South,1124.74,USD,ecommerce,3ds,approved,APPROVE,211.98,5.3058779130106615,0,0,0,1,0,0,0,7,127,8,40,73,amount_vs_profile;customer_velocity;terminal_customer_network_burst,0.73,0.039468488616039535,0.73
X000062718,2026-01-26 16:44:35,C000532,A0000532,M00754,T00696,West,West,23.26,USD,mobile_wallet,chip_pin,approved,APPROVE,33.01,0.7046349591033021,0,0,0,0,0,1,0,0,78,12,8,18,terminal_customer_network_burst,0.18,0.015511453961939124,0.18
X000157656,2026-01-26 16:44:47,C001296,A0001296,M00476,T00071,Midwest,Midwest,72.89,USD,ecommerce,chip_pin,approved,APPROVE,115.44,0.6314102564102564,0,0,0,1,0,0,0,5,84,8,38,43,customer_velocity;terminal_customer_network_burst,0.43,0.0045689856752045566,0.43
X000014875,2026-01-26 16:45:06,C000126,A0000126,M00378,T00730,South,South,43.08,USD,card_present,chip_pin,approved,APPROVE,131.27,0.3281785632665498,0,0,0,0,0,0,0,4,104,12,33,18,terminal_customer_network_burst,0.18,0.00676196440050412,0.18
X000068230,2026-01-26 16:45:08,C000578,A0000578,M00013,T00686,South,South,110.72,USD,mobile_wallet,chip_pin,approved,APPROVE,43.34,2.5546838947854176,0,0,0,0,0,1,0,1,196,18,25,18,terminal_customer_network_burst,0.18,0.05672362058989572,0.18
X000056992,2026-01-26 16:45:32,C000482,A0000482,M00134,T00440,Midwest,Midwest,39.02,USD,ecommerce,wallet_biometric,approved,APPROVE,22.0,1.7736363636363637,0,0,0,1,0,0,0,2,47,7,6,0,,0.0,0.011601131829897847,0.011601131829897847
X000146098,2026-01-26 16:45:34,C001205,A0001205,M00588,T01157,West,West,92.66,USD,card_present,chip_pin,approved,APPROVE,69.5,1.3332374100719424,0,0,0,0,0,0,0,2,32,9,11,18,terminal_customer_network_burst,0.18,0.009543814871985596,0.18
X000230062,2026-01-26 16:45:46,C001875,A0001875,M00604,T01180,Northeast,Northeast,29.91,USD,ecommerce,3ds,approved,APPROVE,47.57,0.6287576203489594,0,0,0,1,0,0,0,1,117,13,4,18,terminal_customer_network_burst,0.18,0.01676915157252664,0.18
X000164970,2026-01-26 16:45:48,C001361,A0001361,M00798,T00402,Northeast,Northeast,46.27,USD,card_present,3ds,approved,APPROVE,54.12,0.8549519586104953,0,0,0,0,0,0,0,1,155,12,20,18,terminal_customer_network_burst,0.18,0.010211120018921714,0.18
X000211956,2026-01-26 16:45:48,C001728,A0001728,M00661,T00141,Northeast,Northeast,61.3,USD,ecommerce,chip_pin,approved,APPROVE,108.82,0.5633155669913619,0,0,0,1,0,0,0,2,94,11,19,18,terminal_customer_network_burst,0.18,0.008449631385889937,0.18
X000128547,2026-01-26 16:45:50,C001058,A0001058,M00380,T00989,Midwest,Midwest,32.86,USD,ecommerce,3ds,approved,APPROVE,41.97,0.7829401953776507,0,0,0,1,0,0,0,2,74,8,21,18,terminal_customer_network_burst,0.18,0.005772004761546852,0.18
X000018594,2026-01-26 16:45:52,C000159,A0000159,M00191,T00568,Northeast,Midwest,82.32,USD,card_present,chip_pin,approved,APPROVE,81.09,1.0151683314835367,0,0,0,0,0,0,1,2,127,8,0,45,new_customer_terminal_pair;terminal_customer_network_burst;home_region_mismatch,0.45,0.12982888022921665,0.45
X000183254,2026-01-26 16:45:56,C001507,A0001507,M00795,T00503,Northeast,Northeast,72.48,USD,mobile_wallet,chip_pin,approved,APPROVE,50.49,1.435531788472965,0,0,0,0,0,1,0,1,90,9,21,18,terminal_customer_network_burst,0.18,0.011177974305275899,0.18
X000245423,2026-01-26 16:45:56,C001999,A0001999,M00251,T00104,West,West,177.4,USD,card_present,chip_pin,approved,APPROVE,131.76,1.3463873709775351,0,0,0,0,0,0,0,2,61,5,30,0,,0.0,0.0034850846240414356,0.0034850846240414356
X000013632,2026-01-26 16:46:23,C000116,A0000116,M00085,T00540,Northeast,Northeast,319.78,USD,ecommerce,chip_pin,approved,APPROVE,197.15,1.6220136951559725,0,0,0,1,0,0,0,8,98,8,41,43,customer_velocity;terminal_customer_network_burst,0.43,0.009134462787660756,0.43
X000043705,2026-01-26 16:46:47,C000371,A0000371,M00645,T00905,South,South,126.28,USD,ecommerce,wallet_biometric,approved,APPROVE,66.0,1.9133333333333333,0,0,0,1,0,0,0,2,217,17,12,18,terminal_customer_network_burst,0.18,0.04951753408882053,0.18
X000043542,2026-01-26 16:48:03,C000369,A0000369,M00012,T00789,West,West,138.45,USD,card_present,chip_pin,approved,APPROVE,83.11,1.6658645169053061,0,0,0,0,0,0,0,2,63,12,14,18,terminal_customer_network_burst,0.18,0.015261448285713235,0.18
X000235587,2026-01-26 16:48:46,C001920,A0001920,M00504,T00422,Northeast,Northeast,77.96,USD,card_present,chip_pin,approved,APPROVE,117.86,0.6614627524181231,0,0,0,0,0,0,0,2,200,12,23,18,terminal_customer_network_burst,0.18,0.010809590218473476,0.18
X000092496,2026-01-26 16:48:52,C000774,A0000774,M00476,T00184,Midwest,Midwest,56.63,USD,card_present,3ds,approved,APPROVE,72.34,0.7828310754769146,0,0,0,0,0,0,0,1,90,9,8,18,terminal_customer_network_burst,0.18,0.00868122430809765,0.18
X000084991,2026-01-26 16:48:57,C000710,A0000710,M00535,T00606,West,West,101.35,USD,card_present,chip_pin,approved,APPROVE,85.75,1.1819241982507287,0,0,0,0,0,0,0,5,183,11,56,43,customer_velocity;terminal_customer_network_burst,0.43,0.005564094775828846,0.43
X000145867,2026-01-26 16:49:07,C001202,A0001202,M00693,T00687,South,South,30.1,USD,ecommerce,chip_pin,approved,APPROVE,35.16,0.8560864618885098,0,0,0,1,0,0,0,2,64,11,9,18,terminal_customer_network_burst,0.18,0.01215544117403081,0.18
X000106432,2026-01-26 16:49:18,C000893,A0000893,M00398,T00960,Northeast,South,25.35,USD,ecommerce,chip_pin,approved,APPROVE,92.25,0.2747967479674797,0,0,0,1,0,0,1,2,97,12,0,45,new_customer_terminal_pair;terminal_customer_network_burst;home_region_mismatch,0.45,0.14770774153602848,0.45
X000052206,2026-01-26 16:50:49,C000441,A0000441,M00392,T00305,Midwest,Midwest,119.31,USD,card_present,chip_pin,approved,APPROVE,94.35,1.2645468998410176,0,0,0,0,0,0,0,1,95,10,29,18,terminal_customer_network_burst,0.18,0.0061071832730219934,0.18
X000087599,2026-01-26 16:50:52,C000735,A0000735,M00556,T00223,South,South,123.18,USD,mobile_wallet,3ds,approved,APPROVE,65.82,1.8714676390154972,0,0,0,0,0,1,0,1,138,9,15,18,terminal_customer_network_burst,0.18,0.018245872209961225,0.18
X000134762,2026-01-26 16:51:50,C001106,A0001106,M00544,T00846,South,South,39.43,USD,card_present,chip_pin,approved,APPROVE,34.38,1.1468877254217567,0,0,0,0,0,0,0,1,152,14,10,18,terminal_customer_network_burst,0.18,0.019852976613440574,0.18
X000006793,2026-01-26 16:52:13,C000061,A0000061,M00060,T00662,Northeast,West,20.27,USD,card_present,chip_pin,approved,APPROVE,24.76,0.8186591276252019,0,0,0,0,0,0,1,0,44,6,0,27,new_customer_terminal_pair;home_region_mismatch,0.27,0.06470837375234545,0.27
X000153013,2026-01-26 16:52:30,C001258,A0001258,M00094,T00737,South,South,162.84,USD,card_present,chip_pin,approved,APPROVE,82.17,1.981745162468054,0,0,0,0,0,0,0,3,285,17,24,18,terminal_customer_network_burst,0.18,0.04405264115350501,0.18
X000135057,2026-01-26 16:53:48,C001109,A0001109,M00770,T00870,Midwest,Midwest,91.18,USD,card_present,chip_pin,approved,APPROVE,54.51,1.6727206017244545,0,0,0,0,0,0,0,0,89,8,11,18,terminal_customer_network_burst,0.18,0.008912084040088928,0.18
X000206055,2026-01-26 16:53:49,C001681,A0001681,M00698,T00693,West,West,89.99,USD,ecommerce,chip_pin,approved,APPROVE,58.0,1.5515517241379309,0,0,0,1,0,0,0,2,90,10,10,18,terminal_customer_network_burst,0.18,0.014803944489395229,0.18
X000132399,2026-01-26 16:54:05,C001091,A0001091,M00294,T00904,South,South,15.83,USD,mobile_wallet,chip_pin,approved,APPROVE,24.03,0.6587598834789846,0,0,0,0,0,1,0,3,147,10,24,18,terminal_customer_network_burst,0.18,0.01218389130931601,0.18
X000006872,2026-01-26 16:54:07,C000062,A0000062,M00745,T00183,Northeast,Northeast,31.36,USD,ecommerce,chip_pin,approved,APPROVE,23.3,1.345922746781116,0,0,0,1,0,0,0,2,92,12,8,18,terminal_customer_network_burst,0.18,0.018453962273252387,0.18
X000018504,2026-01-26 16:54:08,C000158,A0000158,M00297,T00721,Northeast,Northeast,29.77,USD,ecommerce,wallet_biometric,approved,APPROVE,26.2,1.1362595419847328,0,0,0,1,0,0,0,0,148,13,0,33,new_customer_terminal_pair;terminal_customer_network_burst,0.33,0.022492130868298835,0.33
X000115588,2026-01-26 16:54:34,C000960,A0000960,M00150,T00526,South,South,64.55,USD,ecommerce,wallet_biometric,approved,APPROVE,37.6,1.716755319148936,0,0,0,1,0,0,0,0,78,11,13,18,terminal_customer_network_burst,0.18,0.012418537039410881,0.18
X000037170,2026-01-26 16:54:36,C000318,A0000318,M00326,T00127,Northeast,Northeast,53.3,USD,ecommerce,3ds,approved,APPROVE,87.26,0.6108182443272977,0,0,0,1,0,0,0,1,112,11,18,18,terminal_customer_network_burst,0.18,0.008286875523499508,0.18
X000061926,2026-01-26 16:54:58,C000527,A0000527,M00483,T00098,West,West,26.03,USD,ecommerce,chip_pin,approved,APPROVE,46.07,0.5650097677447363,0,0,0,1,0,0,0,1,23,6,18,0,,0.0,0.0035828669290477485,0.0035828669290477485
X000112328,2026-01-26 16:54:59,C000939,A0000939,M00084,T00910,Midwest,Midwest,40.6,USD,card_present,3ds,approved,APPROVE,62.85,0.6459824980111376,0,0,0,0,0,0,0,1,110,12,10,18,terminal_customer_network_burst,0.18,0.01153984612352789,0.18
X000157198,2026-01-26 16:55:15,C001293,A0001293,M00423,T00628,South,South,138.41,USD,card_present,3ds,approved,APPROVE,103.07,1.342873775104298,0,0,0,0,0,0,0,4,50,10,19,18,terminal_customer_network_burst,0.18,0.0110188701187382,0.18
X000126575,2026-01-26 16:55:57,C001042,A0001042,M00074,T00967,South,South,26.15,USD,card_present,3ds,approved,APPROVE,16.47,1.5877352762598664,0,0,0,0,0,0,0,1,178,15,26,18,terminal_customer_network_burst,0.18,0.017065037301676148,0.18
X000234701,2026-01-26 16:55:58,C001914,A0001914,M00511,T00446,Midwest,Midwest,380.12,USD,card_present,3ds,approved,APPROVE,344.59,1.1031080414405527,0,0,0,0,0,0,0,6,49,7,35,25,customer_velocity,0.25,0.005278596965911634,0.25
X000090361,2026-01-26 16:56:39,C000756,A0000756,M00513,T00882,Midwest,Midwest,18.8,USD,card_present,3ds,approved,APPROVE,26.53,0.7086317376554844,0,0,0,0,0,0,0,2,25,10,8,18,terminal_customer_network_burst,0.18,0.009021996579049656,0.18
X000072516,2026-01-26 16:56:45,C000613,A0000613,M00171,T00643,Northeast,Northeast,63.24,USD,ecommerce,magstripe,approved,APPROVE,35.98,1.7576431350750419,0,0,0,1,1,0,0,0,114,8,5,18,terminal_customer_network_burst,0.18,0.02696592317176072,0.18
X000060964,2026-01-26 16:56:46,C000519,A0000519,M00691,T00755,Northeast,Northeast,161.86,USD,card_present,chip_pin,approved,APPROVE,98.05,1.650790413054564,0,0,0,0,0,0,0,4,147,15,10,18,terminal_customer_network_burst,0.18,0.037928856078019185,0.18
X000182758,2026-01-26 16:56:56,C001503,A0001503,M00380,T00352,Midwest,Midwest,59.85,USD,card_present,chip_pin,approved,APPROVE,113.48,0.5274057102573141,0,0,0,0,0,0,0,1,68,8,27,18,terminal_customer_network_burst,0.18,0.0035547451446636107,0.18
X000099437,2026-01-26 16:57:01,C000835,A0000835,M00110,T00096,South,South,54.02,USD,mobile_wallet,3ds,approved,APPROVE,56.47,0.9566141313972021,0,0,0,0,0,1,0,0,172,14,8,18,terminal_customer_network_burst,0.18,0.027464445265275108,0.18
X000170993,2026-01-26 16:57:36,C001410,A0001410,M00196,T00915,Midwest,Midwest,44.63,USD,card_present,chip_pin,approved,APPROVE,101.46,0.43987778434851177,0,0,0,0,0,0,0,1,85,16,9,18,terminal_customer_network_burst,0.18,0.016451355220776825,0.18
X000017524,2026-01-26 16:58:39,C000150,A0000150,M00394,T00597,South,South,270.44,USD,ecommerce,3ds,approved,APPROVE,224.61,1.2040425626641733,0,0,0,1,0,0,0,3,126,15,29,18,terminal_customer_network_burst,0.18,0.015487009875423528,0.18
X000108305,2026-01-26 16:58:57,C000907,A0000907,M00123,T00812,Midwest,Midwest,21.62,USD,mobile_wallet,chip_pin,approved,APPROVE,29.34,0.7368779822767553,0,0,0,0,0,1,0,2,225,16,9,18,terminal_customer_network_burst,0.18,0.044000341189899865,0.18
X000235940,2026-01-26 16:59:07,C001923,A0001923,M00592,T00719,South,South,73.51,USD,card_present,chip_pin,approved,APPROVE,95.8,0.7673277661795408,0,0,0,0,0,0,0,0,170,14,14,18,terminal_customer_network_burst,0.18,0.013979769459902572,0.18
X000116252,2026-01-26 16:59:25,C000965,A0000965,M00193,T01039,West,West,49.23,USD,card_present,3ds,approved,APPROVE,147.52,0.3337174620390455,0,0,0,0,0,0,0,4,121,12,29,18,terminal_customer_network_burst,0.18,0.008054661907462547,0.18
X000117337,2026-01-26 16:59:27,C000973,A0000973,M00171,T00643,Northeast,Northeast,211.13,USD,mobile_wallet,chip_pin,approved,APPROVE,257.81,0.818936426050192,0,0,0,0,0,1,0,2,115,8,30,18,terminal_customer_network_burst,0.18,0.0069392277134245235,0.18
X000009835,2026-01-26 16:59:35,C000089,A0000089,M00190,T01150,West,West,80.87,USD,card_present,3ds,approved,APPROVE,166.7,0.48512297540491905,0,0,0,0,0,0,0,2,76,10,24,18,terminal_customer_network_burst,0.18,0.005601813446215455,0.18
X000058403,2026-01-26 16:59:37,C000495,A0000495,M00055,T01054,South,South,77.73,USD,card_present,chip_pin,approved,APPROVE,84.94,0.915116552860843,0,0,0,0,0,0,0,3,72,8,16,18,terminal_customer_network_burst,0.18,0.007589300819121431,0.18
X000139813,2026-01-26 16:59:46,C001153,A0001153,M00338,T00847,Northeast,Northeast,13.57,USD,card_present,magstripe,approved,APPROVE,40.35,0.3363073110285006,0,0,0,0,1,0,0,2,159,13,18,18,terminal_customer_network_burst,0.18,0.024213654353806596,0.18
X000031763,2026-01-26 16:59:53,C000269,A0000269,M00400,T00412,West,West,88.6,USD,card_present,chip_pin,approved,APPROVE,20.69,4.282261962300628,0,0,0,0,0,0,0,3,31,7,7,30,amount_vs_profile,0.3,0.03137902856594515,0.3
X000189602,2026-01-26 16:59:55,C001558,A0001558,M00082,T00557,Northeast,Northeast,52.97,USD,card_present,magstripe,approved,APPROVE,36.33,1.4580236718965043,0,0,0,0,1,0,0,0,124,10,15,18,terminal_customer_network_burst,0.18,0.021380023461623893,0.18
X000024847,2026-01-26 17:00:06,C000210,A0000210,M00567,T00161,Northeast,Northeast,31.4,USD,card_present,wallet_biometric,approved,APPROVE,38.63,0.812839761843127,0,0,0,0,0,0,0,1,133,15,15,18,terminal_customer_network_burst,0.18,0.015850999690659996,0.18
X000160856,2026-01-26 17:00:14,C001328,A0001328,M00576,T00152,Midwest,Midwest,21.39,USD,card_present,wallet_biometric,approved,APPROVE,36.79,0.5814079913019843,0,0,0,0,0,0,0,5,60,12,14,43,customer_velocity;terminal_customer_network_burst,0.43,0.013873000662029086,0.43
X000023338,2026-01-26 17:01:25,C000199,A0000199,M00259,T00535,Northeast,Northeast,61.91,USD,card_present,chip_pin,approved,APPROVE,54.35,1.1390984360625573,0,0,0,0,0,0,0,3,106,13,14,18,terminal_customer_network_burst,0.18,0.017390301347065866,0.18
X000191984,2026-01-26 17:01:36,C001575,A0001575,M00394,T00597,South,South,72.23,USD,ecommerce,wallet_biometric,approved,APPROVE,33.83,2.13508720070943,0,0,0,1,0,0,0,0,127,15,7,18,terminal_customer_network_burst,0.18,0.03205564042045853,0.18
X000116678,2026-01-26 17:02:31,C000968,A0000968,M00051,T00286,South,South,11.39,USD,ecommerce,chip_pin,approved,APPROVE,34.2,0.3330409356725146,0,0,0,1,0,0,0,0,185,13,11,18,terminal_customer_network_burst,0.18,0.012589147064131855,0.18
X000121120,2026-01-26 17:02:38,C001006,A0001006,M00430,T00430,Northeast,South,43.82,USD,ecommerce,magstripe,approved,APPROVE,37.46,1.169781099839829,0,0,0,1,1,0,1,1,72,9,0,45,new_customer_terminal_pair;terminal_customer_network_burst;home_region_mismatch,0.45,0.24064054166870605,0.45
X000182759,2026-01-26 17:03:00,C001503,A0001503,M00183,T00617,Midwest,South,153.36,USD,ecommerce,chip_pin,approved,APPROVE,113.48,1.351427564328516,0,0,0,1,0,0,1,2,100,11,0,45,new_customer_terminal_pair;terminal_customer_network_burst;home_region_mismatch,0.45,0.19403394107648217,0.45
X000007855,2026-01-26 17:03:05,C000072,A0000072,M00437,T00942,West,West,144.98,USD,card_present,chip_pin,approved,APPROVE,127.28,1.1390634820867378,0,0,0,0,0,0,0,3,59,5,37,0,,0.0,0.002856528488737901,0.002856528488737901
X000011488,2026-01-26 17:03:47,C000102,A0000102,M00756,T00999,West,West,149.51,USD,card_present,chip_pin,approved,APPROVE,246.43,0.6067037292537434,0,0,0,0,0,0,0,3,122,8,49,18,terminal_customer_network_burst,0.18,0.0026157839075402972,0.18
X000212087,2026-01-26 17:03:55,C001730,A0001730,M00021,T00406,South,South,57.32,USD,ecommerce,3ds,approved,APPROVE,65.58,0.8740469655382739,0,0,0,1,0,0,0,3,106,12,16,18,terminal_customer_network_burst,0.18,0.0137526693670375,0.18
X000167446,2026-01-26 17:04:26,C001383,A0001383,M00385,T00962,South,South,43.54,USD,mobile_wallet,magstripe,approved,APPROVE,29.52,1.4749322493224932,0,0,0,0,1,1,0,1,81,10,14,18,terminal_customer_network_burst,0.18,0.03338041155180305,0.18
X000035338,2026-01-26 17:04:40,C000299,A0000299,M00020,T00254,South,South,27.65,USD,ecommerce,3ds,approved,APPROVE,73.28,0.3773198689956332,0,0,0,1,0,0,0,6,184,17,19,43,customer_velocity;terminal_customer_network_burst,0.43,0.031583513337082696,0.43
X000071258,2026-01-26 17:04:57,C000605,A0000605,M00066,T00171,West,West,379.21,USD,ecommerce,wallet_biometric,approved,APPROVE,186.41,2.0342792768628293,0,0,0,1,0,0,0,3,83,6,27,0,,0.0,0.0071784801755303326,0.0071784801755303326
X000045025,2026-01-26 17:05:12,C000379,A0000379,M00212,T00443,Midwest,Midwest,154.69,USD,card_present,3ds,approved,APPROVE,300.48,0.514809637912673,0,0,0,0,0,0,0,3,105,11,40,18,terminal_customer_network_burst,0.18,0.004607531422760208,0.18
X000020605,2026-01-26 17:05:26,C000179,A0000179,M00502,T00353,Northeast,Northeast,24.53,USD,mobile_wallet,chip_pin,approved,APPROVE,52.04,0.4713681783243659,0,0,0,0,0,1,0,2,57,8,13,18,terminal_customer_network_burst,0.18,0.008991335427707036,0.18
X000233037,2026-01-26 17:06:31,C001900,A0001900,M00487,T00332,South,South,45.79,USD,ecommerce,chip_pin,approved,APPROVE,44.08,1.0387931034482758,0,0,0,1,0,0,0,1,101,9,15,18,terminal_customer_network_burst,0.18,0.008337386537358929,0.18
X000136635,2026-01-26 17:06:53,C001124,A0001124,M00764,T00111,West,West,55.62,USD,mobile_wallet,chip_pin,approved,APPROVE,39.79,1.3978386529278712,0,0,0,0,0,1,0,0,31,9,14,18,terminal_customer_network_burst,0.18,0.010554003854198687,0.18
X000243263,2026-01-26 17:07:37,C001985,A0001985,M00402,T00179,South,South,21.85,USD,ecommerce,wallet_biometric,approved,APPROVE,35.73,0.6115309263923875,0,0,0,1,0,0,0,3,120,10,17,18,terminal_customer_network_burst,0.18,0.009812669171889443,0.18
X000194462,2026-01-26 17:09:24,C001598,A0001598,M00077,T00723,South,South,43.21,USD,mobile_wallet,chip_pin,approved,APPROVE,77.14,0.5601503759398496,0,0,0,0,0,1,0,1,239,18,11,18,terminal_customer_network_burst,0.18,0.044797159101987276,0.18
X000121384,2026-01-26 17:09:33,C001008,A0001008,M00039,T01145,Midwest,Midwest,131.76,USD,card_present,wallet_biometric,approved,APPROVE,287.67,0.45802482010637185,0,0,0,0,0,0,0,8,94,10,36,43,customer_velocity;terminal_customer_network_burst,0.43,0.007956026359322037,0.43
X000160857,2026-01-26 17:09:34,C001328,A0001328,M00528,T00475,Midwest,Midwest,92.4,USD,card_present,3ds,approved,APPROVE,36.79,2.5115520521880947,0,0,0,0,0,0,0,6,101,8,18,43,customer_velocity;terminal_customer_network_burst,0.43,0.02068877356958575,0.43
X000222119,2026-01-26 17:09:43,C001810,A0001810,M00255,T00573,West,West,170.58,USD,card_present,wallet_biometric,approved,APPROVE,203.81,0.8369559884205878,0,0,0,0,0,0,0,7,73,7,33,25,customer_velocity,0.25,0.006044576721250385,0.25
X000141707,2026-01-26 17:10:19,C001168,A0001168,M00077,T00306,South,South,57.82,USD,card_present,3ds,approved,APPROVE,130.37,0.4435069417810846,0,0,0,0,0,0,0,1,156,16,10,18,terminal_customer_network_burst,0.18,0.01910516896014902,0.18
X000008738,2026-01-26 17:10:29,C000079,A0000079,M00754,T00696,West,West,67.16,USD,card_present,chip_pin,approved,APPROVE,80.47,0.8345967441282465,0,0,0,0,0,0,0,4,79,12,16,18,terminal_customer_network_burst,0.18,0.013461076659614001,0.18
X000060011,2026-01-26 17:11:26,C000511,A0000511,M00282,T00583,South,South,24.79,USD,card_present,wallet_biometric,approved,APPROVE,42.14,0.5882771713336498,0,0,0,0,0,0,0,0,222,16,7,18,terminal_customer_network_burst,0.18,0.023444004228444768,0.18
X000232867,2026-01-26 17:11:28,C001898,A0001898,M00770,T00715,Midwest,Midwest,52.6,USD,card_present,3ds,approved,APPROVE,61.86,0.8503071451665051,0,0,0,0,0,0,0,1,60,7,18,0,,0.0,0.004721566370271884,0.004721566370271884
X000163458,2026-01-26 17:11:40,C001348,A0001348,M00099,T00459,South,South,64.36,USD,card_present,chip_pin,approved,APPROVE,58.02,1.1092726645984143,0,0,0,0,0,0,0,2,101,10,39,18,terminal_customer_network_burst,0.18,0.0047382984310101565,0.18
X000138013,2026-01-26 17:12:44,C001135,A0001135,M00683,T00986,Midwest,Midwest,25.85,USD,mobile_wallet,3ds,approved,APPROVE,39.91,0.6477073415184166,0,0,0,0,0,1,0,1,43,9,7,18,terminal_customer_network_burst,0.18,0.011312377511860913,0.18
X000127357,2026-01-26 17:12:48,C001050,A0001050,M00378,T00467,South,South,27.22,USD,card_present,3ds,approved,APPROVE,62.75,0.4337848605577689,0,0,0,0,0,0,0,1,134,12,24,18,terminal_customer_network_burst,0.18,0.0071718111991851,0.18
X000193820,2026-01-26 17:13:03,C001593,A0001593,M00380,T01026,Midwest,Midwest,21.5,USD,card_present,chip_pin,approved,APPROVE,29.74,0.722932078009415,0,0,0,0,0,0,0,2,111,14,10,18,terminal_customer_network_burst,0.18,0.016949850907492604,0.18
X000120062,2026-01-26 17:13:07,C000997,A0000997,M00501,T01003,Northeast,Northeast,24.01,USD,card_present,3ds,approved,APPROVE,51.04,0.47041536050156746,0,0,0,0,0,0,0,1,108,11,29,18,terminal_customer_network_burst,0.18,0.0051473163093686955,0.18
X000194889,2026-01-26 17:13:21,C001602,A0001602,M00542,T00201,South,South,209.16,USD,card_present,chip_pin,approved,APPROVE,87.97,2.3776287370694553,0,0,0,0,0,0,0,2,114,12,37,18,terminal_customer_network_burst,0.18,0.011067783881787982,0.18
X000245574,2026-01-26 17:14:27,C002000,A0002000,M00288,T00279,Northeast,Northeast,23.03,USD,card_present,3ds,approved,APPROVE,38.0,0.6060526315789474,0,0,0,0,0,0,0,2,102,9,10,18,terminal_customer_network_burst,0.18,0.00878266026245867,0.18
X000076368,2026-01-26 17:14:33,C000642,A0000642,M00720,T00705,Northeast,Northeast,17.98,USD,ecommerce,3ds,approved,APPROVE,40.94,0.43917928676111384,0,0,0,1,0,0,0,1,145,15,9,18,terminal_customer_network_burst,0.18,0.017965312295890257,0.18
X000021236,2026-01-26 17:14:38,C000185,A0000185,M00645,T00428,South,South,121.33,USD,card_present,3ds,approved,APPROVE,90.81,1.3360863341041735,0,0,0,0,0,0,0,3,73,8,0,33,new_customer_terminal_pair;terminal_customer_network_burst,0.33,0.015090933783282832,0.33
X000057950,2026-01-26 17:14:42,C000492,A0000492,M00613,T00449,South,South,26.02,USD,card_present,chip_pin,approved,APPROVE,38.22,0.6807953950811094,0,0,0,0,0,0,0,0,140,12,4,18,terminal_customer_network_burst,0.18,0.01363280341168543,0.18
X000040651,2026-01-26 17:14:56,C000345,A0000345,M00270,T00562,South,South,223.31,USD,ecommerce,magstripe,approved,APPROVE,84.45,2.6442865600947307,0,0,0,1,1,0,0,3,126,12,23,18,terminal_customer_network_burst,0.18,0.04982400559373455,0.18
X000239928,2026-01-26 17:15:09,C001956,A0001956,M00296,T00758,South,South,97.52,USD,mobile_wallet,chip_pin,approved,APPROVE,44.53,2.1899842802604983,0,0,0,0,0,1,0,1,44,7,8,0,,0.0,0.01617185568665285,0.01617185568665285
X000148922,2026-01-26 17:15:11,C001226,A0001226,M00068,T01154,Northeast,Northeast,100.63,USD,ecommerce,wallet_biometric,approved,APPROVE,148.88,0.6759134873723804,0,0,0,1,0,0,0,1,35,5,22,0,,0.0,0.0030161513036872597,0.0030161513036872597
X000074523,2026-01-26 17:15:17,C000629,A0000629,M00036,T00993,Northeast,Northeast,127.12,USD,card_present,wallet_biometric,approved,APPROVE,118.88,1.069313593539704,0,0,0,0,0,0,0,6,88,7,53,25,customer_velocity,0.25,0.003212997227718502,0.25
X000159755,2026-01-26 17:15:35,C001317,A0001317,M00608,T00219,South,South,65.58,USD,ecommerce,3ds,approved,APPROVE,37.63,1.7427584374169545,0,0,0,1,0,0,0,4,235,16,14,18,terminal_customer_network_burst,0.18,0.0508909473661896,0.18
X000007856,2026-01-26 17:16:25,C000072,A0000072,M00437,T00942,West,West,119.61,USD,mobile_wallet,chip_pin,approved,APPROVE,127.28,0.9397391577624136,0,0,0,0,0,1,0,4,60,5,38,0,,0.0,0.004332617773635561,0.004332617773635561
X000243264,2026-01-26 17:16:39,C001985,A0001985,M00486,T00218,South,South,40.29,USD,ecommerce,3ds,approved,APPROVE,35.73,1.1276238455079766,0,0,0,1,0,0,0,4,112,12,18,18,terminal_customer_network_burst,0.18,0.016292742220098976,0.18
X000183633,2026-01-26 17:17:20,C001511,A0001511,M00608,T00219,South,South,38.15,USD,ecommerce,chip_pin,approved,APPROVE,28.99,1.315971024491204,0,0,0,1,0,0,0,1,236,16,22,18,terminal_customer_network_burst,0.18,0.023849433835216975,0.18
X000092982,2026-01-26 17:17:38,C000779,A0000779,M00661,T00337,Northeast,Northeast,21.18,USD,card_present,chip_pin,approved,APPROVE,43.44,0.48756906077348067,0,0,0,0,0,0,0,2,161,13,13,18,terminal_customer_network_burst,0.18,0.014146960944426261,0.18
X000201084,2026-01-26 17:17:39,C001647,A0001647,M00570,T00794,West,West,28.4,USD,ecommerce,3ds,approved,APPROVE,140.11,0.20269788023695665,0,0,0,1,0,0,0,3,73,11,15,18,terminal_customer_network_burst,0.18,0.008848679714754724,0.18
X000053118,2026-01-26 17:17:44,C000448,A0000448,M00255,T00573,Midwest,West,133.38,USD,card_present,chip_pin,approved,APPROVE,68.62,1.9437481783736519,0,0,0,0,0,0,1,0,74,7,0,27,new_customer_terminal_pair;home_region_mismatch,0.27,0.11764999634768009,0.27
X000113053,2026-01-26 17:17:45,C000944,A0000944,M00533,T00261,Northeast,Northeast,187.59,USD,card_present,3ds,approved,APPROVE,227.5,0.8245714285714286,0,0,0,0,0,0,0,10,149,12,57,63,customer_velocity;high_customer_velocity;terminal_customer_network_burst,0.63,0.008636152216212509,0.63
X000188917,2026-01-26 17:19:12,C001552,A0001552,M00378,T01130,South,South,49.36,USD,card_present,3ds,approved,APPROVE,80.3,0.614694894146949,0,0,0,0,0,0,0,2,164,14,14,18,terminal_customer_network_burst,0.18,0.016336357519947452,0.18
X000191041,2026-01-26 17:19:29,C001568,A0001568,M00038,T00874,South,South,61.37,USD,ecommerce,chip_pin,approved,APPROVE,122.57,0.5006934812760055,0,0,0,1,0,0,0,2,281,20,31,18,terminal_customer_network_burst,0.18,0.02588990891272416,0.18
X000162150,2026-01-26 17:20:36,C001339,A0001339,M00166,T00022,Northeast,Northeast,113.17,USD,card_present,magstripe,approved,APPROVE,127.04,0.8908217884130982,0,0,0,0,1,0,0,3,121,15,18,18,terminal_customer_network_burst,0.18,0.038718773657479964,0.18
X000235476,2026-01-26 17:20:53,C001919,A0001919,M00305,T01095,Northeast,Northeast,39.39,USD,card_present,chip_pin,approved,APPROVE,41.19,0.9563000728332121,0,0,0,0,0,0,0,1,66,11,12,18,terminal_customer_network_burst,0.18,0.009745664022981567,0.18
X000108700,2026-01-26 17:20:56,C000911,A0000911,M00211,T01170,Midwest,Midwest,172.72,USD,ecommerce,3ds,approved,APPROVE,89.36,1.9328558639212174,0,0,0,1,0,0,0,4,149,9,24,18,terminal_customer_network_burst,0.18,0.01437084251742542,0.18
X000071387,2026-01-26 17:20:59,C000606,A0000606,M00689,T01179,Northeast,Northeast,54.22,USD,mobile_wallet,magstripe,approved,APPROVE,52.74,1.0280621918847175,0,0,0,0,1,1,0,1,162,17,19,18,terminal_customer_network_burst,0.18,0.06481219291664753,0.18
X000228680,2026-01-26 17:21:01,C001862,A0001862,M00631,T00542,West,West,165.95,USD,ecommerce,chip_pin,approved,APPROVE,85.76,1.935051305970149,0,0,0,1,0,0,0,5,81,13,17,43,customer_velocity;terminal_customer_network_burst,0.43,0.027086827933248372,0.43
X000192555,2026-01-26 17:21:14,C001581,A0001581,M00409,T01085,Northeast,Northeast,75.67,USD,card_present,chip_pin,approved,APPROVE,63.73,1.1873528950258905,0,0,0,0,0,0,0,1,98,14,18,18,terminal_customer_network_burst,0.18,0.013621366768516543,0.18
X000040901,2026-01-26 17:21:23,C000347,A0000347,M00093,T01018,Northeast,Northeast,426.54,USD,ecommerce,wallet_biometric,approved,APPROVE,153.65,2.7760494630654082,0,0,0,1,0,0,0,5,111,10,30,43,customer_velocity;terminal_customer_network_burst,0.43,0.019080332225963368,0.43
X000038790,2026-01-26 17:21:24,C000331,A0000331,M00600,T00407,Northeast,South,56.92,USD,mobile_wallet,wallet_biometric,approved,APPROVE,98.47,0.5780440743373616,0,0,0,0,0,1,1,3,140,11,0,45,new_customer_terminal_pair;terminal_customer_network_burst;home_region_mismatch,0.45,0.23844432006204774,0.45
X000220685,2026-01-26 17:21:26,C001800,A0001800,M00213,T00320,Northeast,Northeast,144.15,USD,ecommerce,chip_pin,approved,APPROVE,186.73,0.7719702243881541,0,0,0,1,0,0,0,4,104,7,59,0,,0.0,0.002035937346161014,0.002035937346161014
X000071518,2026-01-26 17:22:04,C000607,A0000607,M00730,T00009,West,West,105.2,USD,card_present,3ds,approved,APPROVE,158.41,0.6640994886686447,0,0,0,0,0,0,0,4,45,5,23,0,,0.0,0.004021127209194881,0.004021127209194881
X000119095,2026-01-26 17:22:45,C000986,A0000986,M00645,T00905,South,South,31.0,USD,card_present,chip_pin,approved,APPROVE,68.2,0.45454545454545453,0,0,0,0,0,0,0,2,218,17,24,18,terminal_customer_network_burst,0.18,0.018122969595358345,0.18
X000090285,2026-01-26 17:22:59,C000755,A0000755,M00604,T00623,Northeast,Northeast,27.67,USD,ecommerce,chip_pin,approved,APPROVE,44.35,0.6239007891770011,0,0,0,1,0,0,0,1,107,12,12,18,terminal_customer_network_burst,0.18,0.011225971608470007,0.18
X000193916,2026-01-26 17:23:21,C001594,A0001594,M00159,T00555,Northeast,Northeast,33.83,USD,card_present,chip_pin,approved,APPROVE,29.86,1.1329537843268587,0,0,0,0,0,0,0,2,67,7,17,0,,0.0,0.0062631456187415,0.0062631456187415
X000094972,2026-01-26 17:23:41,C000793,A0000793,M00558,T00507,South,South,44.68,USD,ecommerce,wallet_biometric,approved,APPROVE,26.09,1.7125335377539288,0,0,0,1,0,0,0,0,42,5,12,0,,0.0,0.0057549394504682215,0.0057549394504682215
X000217314,2026-01-26 17:24:09,C001774,A0001774,M00459,T00809,Northeast,Northeast,69.93,USD,card_present,chip_pin,approved,APPROVE,47.2,1.4815677966101695,0,0,0,0,0,0,0,1,146,14,10,18,terminal_customer_network_burst,0.18,0.022355069201244922,0.18
X000198322,2026-01-26 17:25:20,C001626,A0001626,M00680,T00949,Midwest,Midwest,164.64,USD,ecommerce,3ds,approved,APPROVE,262.11,0.6281332265079546,0,0,0,1,0,0,0,9,109,11,47,43,customer_velocity;terminal_customer_network_burst,0.43,0.008289244625334771,0.43
X000071811,2026-01-26 17:27:02,C000609,A0000609,M00133,T00854,Northeast,Northeast,111.23,USD,mobile_wallet,3ds,approved,APPROVE,131.74,0.8443145589798087,0,0,0,0,0,1,0,4,133,14,37,18,terminal_customer_network_burst,0.18,0.014998741662797245,0.18
X000175995,2026-01-26 17:27:08,C001450,A0001450,M00400,T00825,West,West,71.34,USD,card_present,3ds,approved,APPROVE,119.11,0.598942154311141,0,0,0,0,0,0,0,2,51,10,16,18,terminal_customer_network_burst,0.18,0.007125654211469067,0.18
X000123874,2026-01-26 17:27:11,C001025,A0001025,M00204,T00165,Midwest,Midwest,87.3,USD,mobile_wallet,wallet_biometric,approved,APPROVE,79.76,1.0945336008024071,0,0,0,0,0,1,0,3,44,6,20,0,,0.0,0.007931447280413603,0.007931447280413603
X000112601,2026-01-26 17:27:37,C000942,A0000942,M00068,T00683,Northeast,Northeast,107.32,USD,card_present,magstripe,approved,APPROVE,66.3,1.6187028657616893,0,0,0,0,1,0,0,0,92,11,14,18,terminal_customer_network_burst,0.18,0.024383307666557698,0.18
X000109635,2026-01-26 17:28:01,C000916,A0000916,M00080,T00347,Midwest,Midwest,266.56,USD,card_present,wallet_biometric,approved,APPROVE,125.73,2.1200986240356317,0,0,0,0,0,0,0,6,70,7,33,25,customer_velocity,0.25,0.008977474085180195,0.25
X000045571,2026-01-26 17:28:02,C000382,A0000382,M00302,T01118,Northeast,Northeast,749.83,USD,card_present,magstripe,approved,APPROVE,572.35,1.3100899799073993,0,0,0,0,1,0,0,5,86,9,0,58,customer_velocity;new_customer_terminal_pair;terminal_customer_network_burst,0.58,0.04638531390139793,0.58
X000185647,2026-01-26 17:28:17,C001526,A0001526,M00676,T00051,Midwest,Midwest,80.6,USD,card_present,chip_pin,approved,APPROVE,46.99,1.7152585656522663,0,0,0,0,0,0,0,2,194,14,8,18,terminal_customer_network_burst,0.18,0.03306562295222152,0.18
X000138138,2026-01-26 17:28:28,C001136,A0001136,M00037,T00050,West,West,33.31,USD,mobile_wallet,3ds,approved,APPROVE,22.87,1.4564932225623088,0,0,0,0,0,1,0,1,92,9,12,18,terminal_customer_network_burst,0.18,0.015125395472158857,0.18
X000153569,2026-01-26 17:28:33,C001263,A0001263,M00273,T00611,West,West,50.34,USD,card_present,3ds,approved,APPROVE,46.94,1.0724328930549638,0,0,0,0,0,0,0,1,32,9,10,18,terminal_customer_network_burst,0.18,0.00788932558010867,0.18
X000141927,2026-01-26 17:29:39,C001170,A0001170,M00659,T00047,South,Northeast,29.97,USD,card_present,chip_pin,approved,APPROVE,87.17,0.3438109441321555,0,0,0,0,0,0,1,1,108,11,0,45,new_customer_terminal_pair;terminal_customer_network_burst;home_region_mismatch,0.45,0.12057636172353035,0.45
X000184939,2026-01-26 17:30:07,C001523,A0001523,M00087,T00078,South,South,185.86,USD,card_present,3ds,approved,APPROVE,127.72,1.455214531788287,0,0,0,0,0,0,0,7,212,12,27,43,customer_velocity;terminal_customer_network_burst,0.43,0.024099220803633532,0.43
X000172647,2026-01-26 17:30:23,C001424,A0001424,M00625,T00763,Northeast,Northeast,52.93,USD,card_present,wallet_biometric,approved,APPROVE,44.21,1.1972404433386112,0,0,0,0,0,0,0,2,52,7,11,0,,0.0,0.007509024392758956,0.007509024392758956
X000071132,2026-01-26 17:30:25,C000604,A0000604,M00743,T00220,South,South,233.48,USD,ecommerce,3ds,approved,APPROVE,137.88,1.6933565419205105,0,0,0,1,0,0,0,4,97,12,13,18,terminal_customer_network_burst,0.18,0.023077007268851632,0.18
X000138231,2026-01-26 17:31:04,C001137,A0001137,M00787,T00660,South,South,49.15,USD,ecommerce,chip_pin,approved,APPROVE,38.38,1.2806149035956227,0,0,0,1,0,0,0,1,85,13,12,18,terminal_customer_network_burst,0.18,0.015554088252226256,0.18
X000208762,2026-01-26 17:31:05,C001703,A0001703,M00251,T00782,West,West,49.77,USD,mobile_wallet,wallet_biometric,approved,APPROVE,89.83,0.5540465323388624,0,0,0,0,0,1,0,3,41,5,21,0,,0.0,0.005437352871534699,0.005437352871534699
X000090099,2026-01-26 17:31:34,C000753,A0000753,M00454,T00284,West,West,46.84,USD,ecommerce,chip_pin,approved,APPROVE,60.36,0.7760106030483764,0,0,0,1,0,0,0,2,79,11,14,18,terminal_customer_network_burst,0.18,0.010411742515886694,0.18
X000066178,2026-01-26 17:32:11,C000561,A0000561,M00277,T00518,South,Midwest,32.03,USD,card_present,3ds,approved,APPROVE,56.65,0.5654015887025596,0,0,0,0,0,0,1,0,108,8,0,45,new_customer_terminal_pair;terminal_customer_network_burst;home_region_mismatch,0.45,0.08538619595744426,0.45
X000222289,2026-01-26 17:32:35,C001811,A0001811,M00305,T00345,Northeast,Northeast,45.06,USD,card_present,3ds,approved,APPROVE,63.03,0.714897667777249,0,0,0,0,0,0,0,4,47,5,16,0,,0.0,0.005175718197336051,0.005175718197336051
X000141568,2026-01-26 17:33:10,C001166,A0001166,M00710,T01065,Midwest,Midwest,93.91,USD,mobile_wallet,wallet_biometric,approved,APPROVE,52.38,1.7928598701794576,0,0,0,0,0,1,0,1,27,6,13,0,,0.0,0.009992384658918444,0.009992384658918444
X000172554,2026-01-26 17:33:13,C001423,A0001423,M00555,T00348,Midwest,Midwest,39.89,USD,card_present,chip_pin,approved,APPROVE,40.02,0.996751624187906,0,0,0,0,0,0,0,3,100,10,15,18,terminal_customer_network_burst,0.18,0.011015989876698037,0.18
X000216194,2026-01-26 17:33:27,C001766,A0001766,M00641,T00246,West,West,28.91,USD,mobile_wallet,wallet_biometric,approved,APPROVE,30.82,0.9380272550292018,0,0,0,0,0,1,0,0,19,8,12,18,terminal_customer_network_burst,0.18,0.008054812844234297,0.18
X000111170,2026-01-26 17:34:05,C000927,A0000927,M00544,T00846,South,South,87.96,USD,ecommerce,chip_pin,approved,APPROVE,58.94,1.4923651170682048,0,0,0,1,0,0,0,0,153,14,10,18,terminal_customer_network_burst,0.18,0.02146346352891238,0.18
X000215050,2026-01-26 17:34:47,C001756,A0001756,M00692,T00191,Northeast,Northeast,229.89,USD,card_present,magstripe,approved,APPROVE,74.2,3.0982479784366572,0,0,0,0,1,0,0,3,117,15,13,48,amount_vs_profile;terminal_customer_network_burst,0.48,0.10361027186053347,0.48
X000167534,2026-01-26 17:35:05,C001384,A0001384,M00301,T00790,South,South,56.48,USD,ecommerce,chip_pin,approved,APPROVE,83.35,0.677624475104979,0,0,0,1,0,0,0,2,56,11,9,18,terminal_customer_network_burst,0.18,0.011081687794037088,0.18
X000034328,2026-01-26 17:35:36,C000291,A0000291,M00282,T01071,South,South,156.45,USD,ecommerce,chip_pin,approved,APPROVE,109.29,1.4315124897062859,0,0,0,1,0,0,0,2,68,5,15,0,,0.0,0.006298255685349504,0.006298255685349504
X000103623,2026-01-26 17:35:39,C000872,A0000872,M00296,T00252,South,South,109.9,USD,card_present,wallet_biometric,approved,APPROVE,65.88,1.668184578020644,0,0,0,0,0,0,0,5,140,13,30,43,customer_velocity;terminal_customer_network_burst,0.43,0.017728718570452908,0.43
X000226900,2026-01-26 17:35:56,C001850,A0001850,M00336,T00988,South,West,50.39,USD,card_present,3ds,approved,APPROVE,35.81,1.4071488411058364,0,0,0,0,0,0,1,2,62,6,0,27,new_customer_terminal_pair;home_region_mismatch,0.27,0.10451596104248588,0.27
X000198323,2026-01-26 17:36:02,C001626,A0001626,M00640,T00037,Midwest,Midwest,144.77,USD,card_present,chip_pin,approved,APPROVE,262.11,0.5523253595818549,0,0,0,0,0,0,0,10,156,10,52,63,customer_velocity;high_customer_velocity;terminal_customer_network_burst,0.63,0.007307049248361173,0.63
X000197834,2026-01-26 17:36:19,C001623,A0001623,M00192,T00798,South,South,97.41,USD,ecommerce,chip_pin,soft_decline,CHALLENGE,107.7,0.9044568245125347,0,0,1,1,0,0,0,8,137,11,43,51,customer_velocity;terminal_customer_network_burst;authentication_soft_decline,0.51,0.04616461889818688,0.51
X000085769,2026-01-26 17:36:38,C000718,A0000718,M00171,T01187,Northeast,Northeast,32.79,USD,ecommerce,chip_pin,approved,APPROVE,30.39,1.0789733464955578,0,0,0,1,0,0,0,0,66,9,9,18,terminal_customer_network_burst,0.18,0.00836374075537405,0.18
X000037046,2026-01-26 17:36:46,C000317,A0000317,M00561,T00399,Midwest,Midwest,13.31,USD,mobile_wallet,chip_pin,approved,APPROVE,33.03,0.4029669996972449,0,0,0,0,0,1,0,0,79,8,2,18,terminal_customer_network_burst,0.18,0.010437117042017028,0.18
X000139533,2026-01-26 17:36:50,C001150,A0001150,M00181,T00177,South,South,81.09,USD,card_present,chip_pin,approved,APPROVE,54.96,1.4754366812227075,0,0,0,0,0,0,0,5,78,14,18,43,customer_velocity;terminal_customer_network_burst,0.43,0.02310633310496627,0.43
X000064706,2026-01-26 17:37:10,C000549,A0000549,M00050,T01119,Midwest,Midwest,65.93,USD,ecommerce,chip_pin,approved,APPROVE,77.83,0.8471026596428114,0,0,0,1,0,0,0,2,144,12,25,18,terminal_customer_network_burst,0.18,0.00998833328354152,0.18
X000103624,2026-01-26 17:37:23,C000872,A0000872,M00378,T01130,South,South,44.28,USD,ecommerce,chip_pin,approved,APPROVE,65.88,0.6721311475409837,0,0,0,1,0,0,0,6,165,14,35,43,customer_velocity;terminal_customer_network_burst,0.43,0.014360062799791004,0.43
X000083089,2026-01-26 17:37:24,C000695,A0000695,M00679,T00947,Northeast,Northeast,41.71,USD,card_present,3ds,approved,APPROVE,56.36,0.7400638750887154,0,0,0,0,0,0,0,2,77,7,18,0,,0.0,0.005303742197466824,0.005303742197466824
X000128367,2026-01-26 17:37:36,C001056,A0001056,M00203,T00558,Northeast,Northeast,26.31,USD,mobile_wallet,chip_pin,approved,APPROVE,49.67,0.5296959935574793,0,0,0,0,0,1,0,4,63,8,19,18,terminal_customer_network_burst,0.18,0.009734971313410891,0.18
X000154531,2026-01-26 17:37:37,C001273,A0001273,M00701,T00740,West,West,44.45,USD,card_present,chip_pin,approved,APPROVE,24.13,1.842105263157895,0,0,0,0,0,0,0,2,55,8,13,18,terminal_customer_network_burst,0.18,0.010364207441790682,0.18
X000165094,2026-01-26 17:37:42,C001362,A0001362,M00168,T00981,Northeast,Northeast,68.13,USD,ecommerce,wallet_biometric,approved,APPROVE,83.35,0.8173965206958609,0,0,0,1,0,0,0,2,169,13,14,18,terminal_customer_network_burst,0.18,0.01683698880294807,0.18
X000198324,2026-01-26 17:38:51,C001626,A0001626,M00680,T00949,Midwest,Midwest,258.43,USD,mobile_wallet,wallet_biometric,approved,APPROVE,262.11,0.9859600930906871,0,0,0,0,0,1,0,11,110,11,48,63,customer_velocity;high_customer_velocity;terminal_customer_network_burst,0.63,0.016713423594133907,0.63
X000051299,2026-01-26 17:41:22,C000432,A0000432,M00514,T00978,West,West,57.6,USD,ecommerce,3ds,approved,APPROVE,43.84,1.313868613138686,0,0,0,1,0,0,0,1,51,5,5,0,,0.0,0.0070622259811646175,0.0070622259811646175
X000055331,2026-01-26 17:41:26,C000468,A0000468,M00676,T00282,Midwest,Midwest,25.3,USD,card_present,3ds,approved,APPROVE,38.84,0.6513903192584963,0,0,0,0,0,0,0,1,46,7,8,0,,0.0,0.0058058094888656505,0.0058058094888656505
X000056369,2026-01-26 17:42:20,C000476,A0000476,M00271,T00851,Northeast,Northeast,67.61,USD,card_present,magstripe,approved,APPROVE,44.55,1.5176206509539845,0,0,0,0,1,0,0,0,116,11,7,18,terminal_customer_network_burst,0.18,0.03104272209881568,0.18
X000078858,2026-01-26 17:43:05,C000664,A0000664,M00131,T00897,West,West,36.5,USD,ecommerce,chip_pin,approved,APPROVE,35.11,1.0395898604386216,0,0,0,1,0,0,0,2,127,10,23,18,terminal_customer_network_burst,0.18,0.00871117225105255,0.18
X000175554,2026-01-26 17:43:12,C001446,A0001446,M00294,T00471,South,South,31.87,USD,ecommerce,3ds,approved,APPROVE,44.4,0.7177927927927928,0,0,0,1,0,0,0,3,106,15,18,18,terminal_customer_network_burst,0.18,0.017213405017892404,0.18
X000027472,2026-01-26 17:43:30,C000236,A0000236,M00148,T00250,Midwest,Midwest,211.46,USD,ecommerce,chip_pin,approved,APPROVE,99.34,2.1286490839540972,0,0,0,1,0,0,0,3,111,9,20,18,terminal_customer_network_burst,0.18,0.014285733791448532,0.18
X000145224,2026-01-26 17:44:32,C001195,A0001195,M00251,T00619,West,West,36.34,USD,ecommerce,wallet_biometric,approved,APPROVE,24.02,1.5129059117402166,0,0,0,1,0,0,0,3,48,7,11,0,,0.0,0.010015743823103109,0.010015743823103109
X000121578,2026-01-26 17:44:33,C001009,A0001009,M00613,T00449,South,South,18.24,USD,ecommerce,chip_pin,approved,APPROVE,14.28,1.2773109243697478,0,0,0,1,0,0,0,1,141,12,9,18,terminal_customer_network_burst,0.18,0.017534032401981432,0.18
X000164660,2026-01-26 17:44:42,C001357,A0001357,M00550,T00423,West,West,66.7,USD,mobile_wallet,chip_pin,approved,APPROVE,40.93,1.629611531883704,0,0,0,0,0,1,0,0,63,7,12,0,,0.0,0.010600559967178187,0.010600559967178187
X000243265,2026-01-26 17:45:00,C001985,A0001985,M00402,T00179,South,South,150.57,USD,mobile_wallet,3ds,approved,APPROVE,35.73,4.214105793450882,0,0,0,0,0,1,0,5,121,10,18,73,amount_vs_profile;customer_velocity;terminal_customer_network_burst,0.73,0.07052284122191059,0.73
X000100787,2026-01-26 17:45:01,C000849,A0000849,M00526,T00055,South,South,46.71,USD,ecommerce,3ds,approved,APPROVE,37.79,1.2360412807621064,0,0,0,1,0,0,0,1,88,11,15,18,terminal_customer_network_burst,0.18,0.01105565725207538,0.18
X000200675,2026-01-26 17:45:21,C001644,A0001644,M00094,T00737,South,South,34.76,USD,card_present,3ds,approved,APPROVE,30.8,1.1285714285714286,0,0,0,0,0,0,0,2,286,17,16,18,terminal_customer_network_burst,0.18,0.036223110050842576,0.18
X000126576,2026-01-26 17:45:24,C001042,A0001042,M00074,T00967,South,South,10.69,USD,card_present,chip_pin,approved,APPROVE,16.47,0.6490588949605344,0,0,0,0,0,0,0,2,179,15,27,18,terminal_customer_network_burst,0.18,0.012755365586933338,0.18
X000172335,2026-01-26 17:45:36,C001421,A0001421,M00706,T00053,Northeast,Northeast,785.89,USD,card_present,3ds,approved,APPROVE,270.74,2.902748023934402,0,0,0,0,0,0,0,1,122,11,0,33,new_customer_terminal_pair;terminal_customer_network_burst,0.33,0.035880729109298896,0.33
X000188844,2026-01-26 17:46:05,C001551,A0001551,M00436,T01032,Midwest,Midwest,50.84,USD,mobile_wallet,3ds,approved,APPROVE,34.63,1.4680912503609587,0,0,0,0,0,1,0,1,60,7,5,0,,0.0,0.013867271183355177,0.013867271183355177
X000207611,2026-01-26 17:46:16,C001694,A0001694,M00210,T01163,South,South,55.96,USD,mobile_wallet,wallet_biometric,approved,APPROVE,51.94,1.077396996534463,0,0,0,0,0,1,0,2,81,10,11,18,terminal_customer_network_burst,0.18,0.01646461687522798,0.18
X000053587,2026-01-26 17:47:05,C000453,A0000453,M00064,T00627,Midwest,Midwest,28.81,USD,card_present,chip_pin,approved,APPROVE,51.29,0.5617079352700332,0,0,0,0,0,0,0,0,96,12,10,18,terminal_customer_network_burst,0.18,0.009575446298461,0.18
X000144215,2026-01-26 17:47:06,C001187,A0001187,M00790,T01171,Northeast,Northeast,17.81,USD,mobile_wallet,3ds,approved,APPROVE,65.0,0.27399999999999997,0,0,0,0,0,1,0,0,77,12,16,18,terminal_customer_network_burst,0.18,0.010058227283129585,0.18
X000219823,2026-01-26 17:47:16,C001796,A0001796,M00056,T01161,Midwest,Midwest,22.87,USD,ecommerce,chip_pin,approved,APPROVE,29.05,0.787263339070568,0,0,0,1,0,0,0,2,55,6,22,0,,0.0,0.004207547310957613,0.004207547310957613
X000179668,2026-01-26 17:47:24,C001477,A0001477,M00607,T00470,South,South,21.07,USD,card_present,chip_pin,approved,APPROVE,42.81,0.4921747255314179,0,0,0,0,0,0,0,1,185,16,13,18,terminal_customer_network_burst,0.18,0.019052457012139336,0.18
X000183451,2026-01-26 17:47:38,C001509,A0001509,M00011,T01040,West,West,14.32,USD,card_present,chip_pin,approved,APPROVE,25.62,0.5589383294301327,0,0,0,0,0,0,0,3,48,8,18,18,terminal_customer_network_burst,0.18,0.005789350157964758,0.18
X000025798,2026-01-26 17:48:26,C000220,A0000220,M00084,T00910,Midwest,Midwest,288.14,USD,ecommerce,chip_pin,approved,APPROVE,356.98,0.8071600649896352,0,0,0,1,0,0,0,5,111,12,26,43,customer_velocity;terminal_customer_network_burst,0.43,0.01241579419796717,0.43
X000159488,2026-01-26 17:48:47,C001314,A0001314,M00445,T00021,Northeast,Northeast,32.04,USD,ecommerce,chip_pin,approved,APPROVE,28.25,1.1341592920353982,0,0,0,1,0,0,0,2,145,10,15,18,terminal_customer_network_burst,0.18,0.012259586107319956,0.18
X000056893,2026-01-26 17:48:50,C000481,A0000481,M00786,T00092,Northeast,Northeast,44.02,USD,ecommerce,chip_pin,approved,APPROVE,78.62,0.5599084202493004,0,0,0,1,0,0,0,7,99,12,31,43,customer_velocity;terminal_customer_network_burst,0.43,0.01171756933303883,0.43
X000217609,2026-01-26 17:48:56,C001777,A0001777,M00023,T00108,Midwest,Midwest,91.5,USD,card_present,3ds,approved,APPROVE,197.68,0.4628692836908134,0,0,0,0,0,0,0,5,151,12,34,43,customer_velocity;terminal_customer_network_burst,0.43,0.008768357830039602,0.43
X000054877,2026-01-26 17:49:07,C000464,A0000464,M00391,T01061,Northeast,Northeast,92.38,USD,card_present,chip_pin,approved,APPROVE,119.75,0.7714405010438413,0,0,0,0,0,0,0,0,109,12,13,18,terminal_customer_network_burst,0.18,0.009783317788746014,0.18
X000240087,2026-01-26 17:49:14,C001958,A0001958,M00716,T00263,West,West,111.65,USD,ecommerce,3ds,approved,APPROVE,101.3,1.102171767028628,0,0,0,1,0,0,0,2,28,7,14,0,,0.0,0.006505614561461079,0.006505614561461079
X000038643,2026-01-26 17:50:24,C000330,A0000330,M00293,T00835,South,South,15.36,USD,card_present,3ds,approved,APPROVE,14.95,1.0274247491638797,0,0,0,0,0,0,0,1,81,6,11,0,,0.0,0.005966580543529261,0.005966580543529261
X000175457,2026-01-26 17:50:54,C001445,A0001445,M00213,T01006,Northeast,Northeast,38.88,USD,card_present,magstripe,approved,APPROVE,40.61,0.9573996552573258,0,0,0,0,1,0,0,1,97,17,10,18,terminal_customer_network_burst,0.18,0.04812463228958884,0.18
X000119365,2026-01-26 17:50:59,C000989,A0000989,M00253,T00043,South,South,26.37,USD,ecommerce,magstripe,approved,APPROVE,26.49,0.9954699886749718,0,0,0,1,1,0,0,3,71,7,8,0,,0.0,0.020417311076962867,0.020417311076962867
X000101734,2026-01-26 17:51:32,C000856,A0000856,M00257,T00514,South,South,47.65,USD,card_present,wallet_biometric,approved,APPROVE,71.24,0.6688658057271196,0,0,0,0,0,0,0,2,47,8,13,18,terminal_customer_network_burst,0.18,0.0063118318400096785,0.18
X000093805,2026-01-26 17:51:34,C000786,A0000786,M00789,T00365,Midwest,Midwest,104.17,USD,ecommerce,wallet_biometric,approved,APPROVE,167.98,0.6201333492082391,0,0,0,1,0,0,0,5,81,8,26,43,customer_velocity;terminal_customer_network_burst,0.43,0.006653296977282598,0.43
X000182760,2026-01-26 17:51:59,C001503,A0001503,M00380,T00352,Midwest,Midwest,448.55,USD,ecommerce,3ds,approved,APPROVE,113.48,3.9526788861473388,0,0,0,1,0,0,0,3,69,8,28,48,amount_vs_profile;terminal_customer_network_burst,0.48,0.018407896547419714,0.48
X000027473,2026-01-26 17:52:16,C000236,A0000236,M00176,T00556,Midwest,Midwest,132.4,USD,card_present,magstripe,approved,APPROVE,99.34,1.33279645661365,0,0,0,0,1,0,0,4,55,5,20,0,,0.0,0.01289033962629373,0.01289033962629373
X000077442,2026-01-26 17:52:39,C000652,A0000652,M00345,T01165,South,South,73.37,USD,mobile_wallet,magstripe,approved,APPROVE,50.82,1.4437229437229437,0,0,0,0,1,1,0,0,45,10,10,18,terminal_customer_network_burst,0.18,0.030488335738839425,0.18
X000041432,2026-01-26 17:53:10,C000350,A0000350,M00194,T00803,Northeast,Northeast,79.68,USD,card_present,chip_pin,approved,APPROVE,48.26,1.6510567757977623,0,0,0,0,0,0,0,2,127,9,12,18,terminal_customer_network_burst,0.18,0.013391032843526982,0.18
X000045982,2026-01-26 17:53:22,C000385,A0000385,M00171,T00643,Northeast,Northeast,36.98,USD,ecommerce,chip_pin,approved,APPROVE,56.78,0.6512856639661853,0,0,0,1,0,0,0,2,116,8,14,18,terminal_customer_network_burst,0.18,0.007640252564556808,0.18
X000144323,2026-01-26 17:53:32,C001188,A0001188,M00171,T00754,Northeast,Northeast,53.5,USD,card_present,chip_pin,approved,APPROVE,25.41,2.105470287288469,0,0,0,0,0,0,0,2,41,6,13,0,,0.0,0.008789056622356328,0.008789056622356328
X000081723,2026-01-26 17:53:42,C000684,A0000684,M00037,T00050,West,West,58.57,USD,ecommerce,chip_pin,approved,APPROVE,87.94,0.6660222879235843,0,0,0,1,0,0,0,2,93,9,23,18,terminal_customer_network_burst,0.18,0.006097502832816692,0.18
X000090100,2026-01-26 17:54:11,C000753,A0000753,M00454,T00284,West,West,27.57,USD,card_present,3ds,approved,APPROVE,60.36,0.45675944333996027,0,0,0,0,0,0,0,2,80,11,15,18,terminal_customer_network_burst,0.18,0.008420292353636774,0.18
X000233331,2026-01-26 17:54:20,C001902,A0001902,M00074,T01036,South,South,68.9,USD,card_present,3ds,approved,APPROVE,144.3,0.4774774774774775,0,0,0,0,0,0,0,2,231,20,30,18,terminal_customer_network_burst,0.18,0.022147547512545027,0.18
X000158669,2026-01-26 17:55:20,C001305,A0001305,M00369,T00207,Northeast,Northeast,88.87,USD,card_present,chip_pin,approved,APPROVE,41.2,2.1570388349514564,0,0,0,0,0,0,0,1,107,12,26,18,terminal_customer_network_burst,0.18,0.012604033313453382,0.18
X000112104,2026-01-26 17:55:54,C000936,A0000936,M00712,T00064,South,South,31.24,USD,ecommerce,3ds,approved,APPROVE,32.3,0.9671826625386998,0,0,0,1,0,0,0,0,176,16,7,18,terminal_customer_network_burst,0.18,0.02559481860610792,0.18
X000090535,2026-01-26 17:56:08,C000758,A0000758,M00383,T00570,Midwest,Midwest,29.04,USD,card_present,magstripe,approved,APPROVE,51.91,0.5594297823155462,0,0,0,0,1,0,0,1,44,8,7,18,terminal_customer_network_burst,0.18,0.01396585128685802,0.18
X000120993,2026-01-26 17:56:24,C001005,A0001005,M00478,T00667,Midwest,Midwest,36.77,USD,ecommerce,3ds,approved,APPROVE,40.22,0.9142217802088515,0,0,0,1,0,0,0,1,151,14,11,18,terminal_customer_network_burst,0.18,0.01842232999586245,0.18
X000083482,2026-01-26 17:56:40,C000697,A0000697,M00061,T00492,West,West,12.22,USD,ecommerce,chip_pin,approved,APPROVE,18.65,0.6552278820375336,0,0,0,1,0,0,0,2,53,9,21,18,terminal_customer_network_burst,0.18,0.005844522653775476,0.18
X000044383,2026-01-26 17:57:15,C000376,A0000376,M00494,T01020,West,West,187.69,USD,card_present,3ds,approved,APPROVE,189.71,0.9893521691002055,0,0,0,0,0,0,0,8,79,11,49,43,customer_velocity;terminal_customer_network_burst,0.43,0.007024448294627663,0.43
X000164153,2026-01-26 17:57:25,C001353,A0001353,M00535,T00606,West,West,91.7,USD,ecommerce,3ds,approved,APPROVE,94.56,0.9697546531302876,0,0,0,1,0,0,0,2,184,11,25,18,terminal_customer_network_burst,0.18,0.010334544704174964,0.18
X000023059,2026-01-26 17:57:48,C000197,A0000197,M00620,T00585,South,South,114.04,USD,card_present,chip_pin,approved,APPROVE,131.98,0.8640703136838916,0,0,0,0,0,0,0,2,133,12,31,18,terminal_customer_network_burst,0.18,0.007639024165753288,0.18
X000234404,2026-01-26 17:58:10,C001911,A0001911,M00413,T00299,West,West,99.89,USD,card_present,3ds,approved,APPROVE,55.08,1.8135439360929557,0,0,0,0,0,0,0,1,66,6,11,0,,0.0,0.007898712684326738,0.007898712684326738
X000075246,2026-01-26 17:58:30,C000632,A0000632,M00191,T00397,Midwest,Midwest,67.05,USD,ecommerce,3ds,approved,APPROVE,125.48,0.5343481032833918,0,0,0,1,0,0,0,2,150,7,23,0,,0.0,0.005281156924485226,0.005281156924485226
X000146448,2026-01-26 17:59:06,C001208,A0001208,M00690,T00363,Northeast,Northeast,185.4,USD,card_present,wallet_biometric,approved,APPROVE,52.39,3.538843290704333,0,0,0,0,0,0,0,3,122,11,16,48,amount_vs_profile;terminal_customer_network_burst,0.48,0.035044991634765446,0.48
X000177063,2026-01-26 17:59:09,C001459,A0001459,M00712,T00650,South,South,52.51,USD,card_present,chip_pin,approved,APPROVE,151.37,0.3468983285987976,0,0,0,0,0,0,0,2,136,16,25,18,terminal_customer_network_burst,0.18,0.012135217816396196,0.18
X000062966,2026-01-26 18:00:33,C000534,A0000534,M00085,T00814,Northeast,Northeast,169.9,USD,mobile_wallet,chip_pin,approved,APPROVE,169.77,1.0007657418860811,0,0,0,0,0,1,0,6,97,4,34,25,customer_velocity,0.25,0.006245533360912788,0.25
X000232375,2026-01-26 18:01:06,C001895,A0001895,M00587,T01174,South,South,31.93,USD,card_present,magstripe,approved,APPROVE,63.18,0.5053814498258943,0,0,0,0,1,0,0,2,180,16,16,18,terminal_customer_network_burst,0.18,0.041046801126334395,0.18
X000111769,2026-01-26 18:01:58,C000933,A0000933,M00398,T00960,South,South,44.66,USD,ecommerce,wallet_biometric,approved,APPROVE,62.09,0.7192784667418263,0,0,0,1,0,0,0,1,98,13,6,18,terminal_customer_network_burst,0.18,0.015544027236918664,0.18
X000191736,2026-01-26 18:02:11,C001573,A0001573,M00514,T00978,West,West,305.99,USD,ecommerce,3ds,approved,APPROVE,95.09,3.217898832684825,0,0,0,1,0,0,0,1,52,5,18,30,amount_vs_profile,0.3,0.010069105891618656,0.3
X000014876,2026-01-26 18:03:11,C000126,A0000126,M00183,T01168,South,South,61.44,USD,card_present,3ds,approved,APPROVE,131.27,0.4680429648815418,0,0,0,0,0,0,0,4,138,8,35,18,terminal_customer_network_burst,0.18,0.0045612223915417,0.18
X000007857,2026-01-26 18:03:32,C000072,A0000072,M00437,T00942,West,West,206.19,USD,ecommerce,wallet_biometric,approved,APPROVE,127.28,1.6199717159019484,0,0,0,1,0,0,0,5,61,5,39,25,customer_velocity,0.25,0.0043694798471327215,0.25
X000241375,2026-01-26 18:03:42,C001970,A0001970,M00166,T00474,Northeast,Northeast,180.27,USD,card_present,chip_pin,approved,APPROVE,103.71,1.7382123228232573,0,0,0,0,0,0,0,2,65,9,23,18,terminal_customer_network_burst,0.18,0.008310554299851416,0.18
X000142041,2026-01-26 18:04:21,C001171,A0001171,M00327,T00251,South,South,103.82,USD,card_present,chip_pin,approved,APPROVE,107.06,0.9697365963011395,0,0,0,0,0,0,0,1,83,14,18,18,terminal_customer_network_burst,0.18,0.01200874367180313,0.18
X000002280,2026-01-26 18:05:29,C000021,A0000021,M00211,T01170,Midwest,Midwest,73.68,USD,ecommerce,chip_pin,approved,APPROVE,43.71,1.6856554564172959,0,0,0,1,0,0,0,1,150,9,23,18,terminal_customer_network_burst,0.18,0.009489655068464074,0.18
X000132400,2026-01-26 18:06:27,C001091,A0001091,M00294,T00904,South,South,10.38,USD,card_present,wallet_biometric,approved,APPROVE,24.03,0.43196004993757803,0,0,0,0,0,0,0,4,148,10,25,18,terminal_customer_network_burst,0.18,0.008070876125223298,0.18
X000117338,2026-01-26 18:06:47,C000973,A0000973,M00171,T00643,Northeast,Northeast,211.29,USD,card_present,3ds,approved,APPROVE,257.81,0.8195570381288545,0,0,0,0,0,0,0,3,117,8,31,18,terminal_customer_network_burst,0.18,0.005045966454384708,0.18
X000179727,2026-01-26 18:06:51,C001478,A0001478,M00057,T00959,West,West,45.65,USD,mobile_wallet,3ds,approved,APPROVE,45.51,1.003076246978686,0,0,0,0,0,1,0,0,29,7,3,0,,0.0,0.010078164409558665,0.010078164409558665
X000227972,2026-01-26 18:07:11,C001857,A0001857,M00354,T00072,Northeast,Northeast,107.34,USD,card_present,chip_pin,approved,APPROVE,94.68,1.1337135614702154,0,0,0,0,0,0,0,2,94,11,45,18,terminal_customer_network_burst,0.18,0.004357045163757185,0.18
X000099118,2026-01-26 18:07:22,C000831,A0000831,M00367,T00335,South,South,42.54,USD,card_present,3ds,approved,APPROVE,25.5,1.668235294117647,0,0,0,0,0,0,0,2,130,11,15,18,terminal_customer_network_burst,0.18,0.015602683888832791,0.18
X000009284,2026-01-26 18:08:04,C000085,A0000085,M00123,T00579,Midwest,Midwest,212.78,USD,mobile_wallet,magstripe,approved,APPROVE,141.88,1.499718071609811,0,0,0,0,1,1,0,2,76,8,17,18,terminal_customer_network_burst,0.18,0.026959868161630048,0.18
X000102072,2026-01-26 18:08:17,C000859,A0000859,M00587,T00725,South,South,262.83,USD,card_present,wallet_biometric,approved,APPROVE,276.18,0.9516619595915706,0,0,0,0,0,0,0,2,85,10,39,18,terminal_customer_network_burst,0.18,0.0042650376669194036,0.18
X000042669,2026-01-26 18:08:35,C000361,A0000361,M00758,T00785,Northeast,Northeast,40.69,USD,ecommerce,3ds,approved,APPROVE,43.71,0.9309082589796385,0,0,0,1,0,0,0,5,136,11,21,43,customer_velocity;terminal_customer_network_burst,0.43,0.014521002826766286,0.43
X000053232,2026-01-26 18:08:50,C000449,A0000449,M00171,T00468,Northeast,Northeast,101.81,USD,mobile_wallet,chip_pin,approved,APPROVE,67.69,1.5040626384990399,0,0,0,0,0,1,0,2,74,8,27,18,terminal_customer_network_burst,0.18,0.009085506441657221,0.18
X000169285,2026-01-26 18:08:58,C001399,A0001399,M00163,T00029,Midwest,Midwest,146.66,USD,ecommerce,chip_pin,approved,APPROVE,96.42,1.5210537232939223,0,0,0,1,0,0,0,2,51,10,23,18,terminal_customer_network_burst,0.18,0.008715643128098057,0.18
X000195558,2026-01-26 18:09:11,C001606,A0001606,M00125,T00414,West,West,37.22,USD,mobile_wallet,3ds,approved,APPROVE,119.37,0.31180363575437714,0,0,0,0,0,1,0,8,82,8,31,43,customer_velocity;terminal_customer_network_burst,0.43,0.010146384713289675,0.43
X000179669,2026-01-26 18:09:21,C001477,A0001477,M00205,T00049,South,South,19.48,USD,ecommerce,wallet_biometric,approved,APPROVE,42.81,0.4550338705909834,0,0,0,1,0,0,0,2,127,9,16,18,terminal_customer_network_burst,0.18,0.0076563437112668565,0.18
X000093220,2026-01-26 18:09:25,C000781,A0000781,M00761,T01038,South,South,133.95,USD,card_present,3ds,soft_decline,CHALLENGE,75.59,1.7720597962693476,0,0,1,0,0,0,0,3,150,13,17,26,terminal_customer_network_burst;authentication_soft_decline,0.26,0.09968530932444433,0.26
X000046918,2026-01-26 18:10:10,C000394,A0000394,M00497,T00779,West,West,20.09,USD,ecommerce,chip_pin,approved,APPROVE,54.01,0.3719681540455471,0,0,0,1,0,0,0,2,50,8,10,18,terminal_customer_network_burst,0.18,0.006554194608408735,0.18
X000142905,2026-01-26 18:11:04,C001177,A0001177,M00169,T01098,Midwest,Midwest,53.54,USD,ecommerce,chip_pin,approved,APPROVE,25.95,2.063198458574181,0,0,0,1,0,0,0,1,51,9,16,18,terminal_customer_network_burst,0.18,0.010753844009331147,0.18
X000203653,2026-01-26 18:12:57,C001666,A0001666,M00674,T00232,Midwest,Midwest,822.86,USD,card_present,3ds,approved,APPROVE,309.93,2.6549866098796504,0,0,0,0,0,0,0,2,143,10,38,18,terminal_customer_network_burst,0.18,0.010202924204182244,0.18
X000079854,2026-01-26 18:13:02,C000672,A0000672,M00366,T00709,Northeast,Northeast,20.0,USD,card_present,3ds,approved,APPROVE,65.95,0.3032600454890068,0,0,0,0,0,0,0,2,69,7,6,0,,0.0,0.006413738497170256,0.006413738497170256
X000181078,2026-01-26 18:13:20,C001489,A0001489,M00635,T01013,Midwest,Midwest,45.35,USD,ecommerce,chip_pin,approved,APPROVE,25.75,1.7611650485436894,0,0,0,1,0,0,0,0,140,15,15,18,terminal_customer_network_burst,0.18,0.02215909444257459,0.18
X000119653,2026-01-26 18:13:56,C000993,A0000993,M00614,T00113,South,South,157.59,USD,card_present,3ds,approved,APPROVE,91.2,1.7279605263157896,0,0,0,0,0,0,0,0,82,11,12,18,terminal_customer_network_burst,0.18,0.012339175706651568,0.18
X000044012,2026-01-26 18:14:03,C000374,A0000374,M00767,T00890,South,South,833.03,USD,mobile_wallet,3ds,approved,APPROVE,251.37,3.3139595019294266,0,0,0,0,0,1,0,1,143,9,25,48,amount_vs_profile;terminal_customer_network_burst,0.48,0.023931418568255782,0.48
X000050846,2026-01-26 18:14:03,C000427,A0000427,M00423,T00106,South,South,220.01,USD,card_present,3ds,approved,APPROVE,187.71,1.172073943849555,0,0,0,0,0,0,0,3,110,15,11,18,terminal_customer_network_burst,0.18,0.024722056372405675,0.18
X000020372,2026-01-26 18:14:14,C000177,A0000177,M00638,T00151,Northeast,Northeast,63.04,USD,ecommerce,wallet_biometric,approved,APPROVE,69.88,0.9021179164281626,0,0,0,1,0,0,0,1,101,13,7,18,terminal_customer_network_burst,0.18,0.016326808423064946,0.18
X000186604,2026-01-26 18:14:15,C001534,A0001534,M00386,T00008,Northeast,Northeast,168.78,USD,card_present,3ds,approved,APPROVE,208.41,0.8098459766805816,0,0,0,0,0,0,0,2,117,10,17,18,terminal_customer_network_burst,0.18,0.008899078720630574,0.18
X000237082,2026-01-26 18:14:34,C001934,A0001934,M00667,T00182,Northeast,Northeast,414.93,USD,ecommerce,3ds,approved,APPROVE,164.43,2.5234446268929025,0,0,0,1,0,0,0,6,139,8,42,43,customer_velocity;terminal_customer_network_burst,0.43,0.011196218964668651,0.43
X000127137,2026-01-26 18:14:43,C001047,A0001047,M00215,T00873,South,South,52.88,USD,card_present,chip_pin,approved,APPROVE,32.88,1.608272506082725,0,0,0,0,0,0,0,1,76,8,9,18,terminal_customer_network_burst,0.18,0.010068445738874596,0.18
X000089776,2026-01-26 18:15:02,C000750,A0000750,M00064,T00120,Midwest,Midwest,44.18,USD,card_present,wallet_biometric,approved,APPROVE,91.76,0.4814734088927637,0,0,0,0,0,0,0,5,85,7,20,25,customer_velocity,0.25,0.006496128922706766,0.25
X000238237,2026-01-26 18:15:12,C001944,A0001944,M00247,T01144,South,South,64.06,USD,ecommerce,chip_pin,approved,APPROVE,93.15,0.6877079978529254,0,0,0,1,0,0,0,3,262,21,14,18,terminal_customer_network_burst,0.18,0.056761465414515794,0.18
X000118801,2026-01-26 18:15:15,C000984,A0000984,M00682,T00951,Northeast,Northeast,69.38,USD,ecommerce,magstripe,approved,APPROVE,38.22,1.8152799581371009,0,0,0,1,1,0,0,0,88,9,7,18,terminal_customer_network_burst,0.18,0.027238459643220525,0.18
X000181731,2026-01-26 18:15:41,C001495,A0001495,M00387,T00289,Northeast,Northeast,95.9,USD,card_present,wallet_biometric,approved,APPROVE,43.33,2.213247172859451,0,0,0,0,0,0,0,2,60,10,11,18,terminal_customer_network_burst,0.18,0.016439732607022514,0.18
X000057088,2026-01-26 18:16:04,C000483,A0000483,M00386,T00533,Northeast,Northeast,26.13,USD,card_present,chip_pin,approved,APPROVE,101.51,0.25741306275243814,0,0,0,0,0,0,0,3,55,8,14,18,terminal_customer_network_burst,0.18,0.00593481888945991,0.18
X000025799,2026-01-26 18:16:13,C000220,A0000220,M00285,T01108,Midwest,Midwest,288.09,USD,card_present,chip_pin,approved,APPROVE,356.98,0.8070200011205109,0,0,0,0,0,0,0,6,162,10,38,43,customer_velocity;terminal_customer_network_burst,0.43,0.008091884816752796,0.43
X000131118,2026-01-26 18:16:28,C001079,A0001079,M00051,T00286,South,South,44.62,USD,card_present,chip_pin,approved,APPROVE,31.71,1.4071270892462944,0,0,0,0,0,0,0,1,186,13,13,18,terminal_customer_network_burst,0.18,0.019421433537555904,0.18
X000154962,2026-01-26 18:16:31,C001277,A0001277,M00623,T00969,Midwest,Midwest,137.34,USD,card_present,magstripe,approved,APPROVE,129.22,1.0628385698808234,0,0,0,0,1,0,0,3,105,9,29,18,terminal_customer_network_burst,0.18,0.014002351006960269,0.18
X000115107,2026-01-26 18:17:22,C000957,A0000957,M00368,T00442,West,West,39.9,USD,card_present,chip_pin,approved,APPROVE,24.15,1.6521739130434783,0,0,0,0,0,0,0,1,83,11,10,18,terminal_customer_network_burst,0.18,0.014373588771457373,0.18
X000040760,2026-01-26 18:17:34,C000346,A0000346,M00692,T00191,Northeast,Northeast,195.04,USD,mobile_wallet,wallet_biometric,approved,APPROVE,74.92,2.603310197544047,0,0,0,0,0,1,0,0,118,15,19,18,terminal_customer_network_burst,0.18,0.03653020175678427,0.18
X000113054,2026-01-26 18:17:36,C000944,A0000944,M00109,T00548,Northeast,Northeast,167.89,USD,mobile_wallet,chip_pin,approved,APPROVE,227.5,0.7379780219780219,0,0,0,0,0,1,0,11,154,14,58,63,customer_velocity;high_customer_velocity;terminal_customer_network_burst,0.63,0.017450434351207945,0.63
X000062967,2026-01-26 18:18:04,C000534,A0000534,M00085,T00814,Northeast,Northeast,61.35,USD,mobile_wallet,chip_pin,approved,APPROVE,169.77,0.36137126700830535,0,0,0,0,0,1,0,7,98,4,35,25,customer_velocity,0.25,0.0052576652956733425,0.25
X000208342,2026-01-26 18:19:49,C001701,A0001701,M00417,T00117,South,South,42.09,USD,ecommerce,wallet_biometric,approved,APPROVE,79.94,0.5265198899174381,0,0,0,1,0,0,0,2,152,9,20,18,terminal_customer_network_burst,0.18,0.007385108312288146,0.18
X000080985,2026-01-26 18:20:04,C000680,A0000680,M00567,T00161,Northeast,Northeast,43.0,USD,ecommerce,wallet_biometric,approved,APPROVE,59.94,0.7173840507173841,0,0,0,1,0,0,0,1,134,15,8,18,terminal_customer_network_burst,0.18,0.020165924717719226,0.18
X000051696,2026-01-26 18:20:24,C000437,A0000437,M00726,T00829,Northeast,Northeast,50.08,USD,ecommerce,wallet_biometric,approved,APPROVE,21.49,2.3303862261516985,0,0,0,1,0,0,0,4,82,7,12,0,,0.0,0.01652436735843801,0.01652436735843801
X000119198,2026-01-26 18:20:49,C000987,A0000987,M00595,T00068,West,West,77.17,USD,card_present,3ds,approved,APPROVE,52.63,1.4662739882196465,0,0,0,0,0,0,0,3,44,9,7,18,terminal_customer_network_burst,0.18,0.013270752484146907,0.18
X000083971,2026-01-26 18:21:09,C000702,A0000702,M00709,T00393,Northeast,Northeast,47.06,USD,card_present,chip_pin,approved,APPROVE,33.84,1.3906619385342789,0,0,0,0,0,0,0,0,63,7,12,0,,0.0,0.00639873211016624,0.00639873211016624
X000018595,2026-01-26 18:21:29,C000159,A0000159,M00070,T00658,Northeast,Northeast,62.55,USD,card_present,magstripe,approved,APPROVE,81.09,0.7713651498335182,0,0,0,0,1,0,0,3,87,6,10,0,,0.0,0.015384057279467444,0.015384057279467444
X000097752,2026-01-26 18:22:09,C000819,A0000819,M00013,T00686,South,South,24.78,USD,mobile_wallet,chip_pin,approved,APPROVE,37.28,0.6646995708154506,0,0,0,0,0,1,0,1,197,18,14,18,terminal_customer_network_burst,0.18,0.03830724609447312,0.18
X000229868,2026-01-26 18:22:26,C001873,A0001873,M00376,T00309,South,South,376.26,USD,ecommerce,3ds,approved,APPROVE,203.78,1.8464029836097753,0,0,0,1,0,0,0,3,237,14,27,18,terminal_customer_network_burst,0.18,0.02515946839972073,0.18
X000213518,2026-01-26 18:22:56,C001743,A0001743,M00054,T00295,West,West,58.09,USD,card_present,3ds,approved,APPROVE,29.38,1.9771953710006809,0,0,0,0,0,0,0,1,126,11,7,18,terminal_customer_network_burst,0.18,0.02010432737180226,0.18
X000223584,2026-01-26 18:23:07,C001823,A0001823,M00184,T00058,South,South,19.68,USD,mobile_wallet,wallet_biometric,approved,APPROVE,33.66,0.5846702317290553,0,0,0,0,0,1,0,2,167,18,18,18,terminal_customer_network_burst,0.18,0.034050123074850405,0.18
X000006496,2026-01-26 18:23:08,C000058,A0000058,M00326,T00288,Northeast,Northeast,146.83,USD,card_present,magstripe,approved,APPROVE,206.58,0.7107658050150063,0,0,0,0,1,0,0,1,120,14,20,18,terminal_customer_network_burst,0.18,0.023936639840100617,0.18
X000046163,2026-01-26 18:23:37,C000387,A0000387,M00315,T01023,Midwest,Midwest,71.59,USD,ecommerce,chip_pin,approved,APPROVE,36.39,1.9672987084363838,0,0,0,1,0,0,0,0,103,8,18,18,terminal_customer_network_burst,0.18,0.008761117929476632,0.18
X000177297,2026-01-26 18:23:42,C001460,A0001460,M00023,T00720,Midwest,Midwest,162.54,USD,card_present,chip_pin,approved,APPROVE,140.53,1.1566213619867642,0,0,0,0,0,0,0,2,158,12,30,18,terminal_customer_network_burst,0.18,0.009468947450736202,0.18
X000144878,2026-01-26 18:23:45,C001193,A0001193,M00552,T00463,Northeast,Northeast,69.08,USD,card_present,chip_pin,approved,APPROVE,50.77,1.3606460508174116,0,0,0,0,0,0,0,4,119,12,19,18,terminal_customer_network_burst,0.18,0.01672853201536208,0.18
X000191191,2026-01-26 18:24:13,C001569,A0001569,M00211,T01068,Midwest,Midwest,69.87,USD,mobile_wallet,wallet_biometric,approved,APPROVE,91.86,0.7606139777922927,0,0,0,0,0,1,0,0,119,8,15,18,terminal_customer_network_burst,0.18,0.008790145204115161,0.18
X000128680,2026-01-26 18:24:43,C001059,A0001059,M00691,T00755,Northeast,Northeast,68.16,USD,card_present,chip_pin,approved,APPROVE,58.72,1.1607629427792916,0,0,0,0,0,0,0,3,148,15,19,18,terminal_customer_network_burst,0.18,0.02100578814291491,0.18
X000080077,2026-01-26 18:24:58,C000674,A0000674,M00023,T00839,Midwest,Midwest,218.86,USD,ecommerce,wallet_biometric,approved,APPROVE,400.29,0.5467536036373629,0,0,0,1,0,0,0,3,86,9,29,18,terminal_customer_network_burst,0.18,0.00528447682148944,0.18
X000004276,2026-01-26 18:25:12,C000038,A0000038,M00645,T00905,South,South,71.89,USD,ecommerce,chip_pin,approved,APPROVE,35.46,2.0273547659334463,0,0,0,1,0,0,0,2,219,17,16,18,terminal_customer_network_burst,0.18,0.045957886593175984,0.18
X000076610,2026-01-26 18:26:18,C000644,A0000644,M00276,T00665,Northeast,Northeast,21.82,USD,mobile_wallet,3ds,approved,APPROVE,41.47,0.5261634916807331,0,0,0,0,0,1,0,0,84,8,11,18,terminal_customer_network_burst,0.18,0.008314927393412696,0.18
X000036558,2026-01-26 18:26:41,C000313,A0000313,M00329,T00094,Midwest,Midwest,34.73,USD,card_present,3ds,approved,APPROVE,33.59,1.033938672223876,0,0,0,0,0,0,0,0,70,10,8,18,terminal_customer_network_burst,0.18,0.009139502022874136,0.18
X000114797,2026-01-26 18:26:48,C000955,A0000955,M00460,T00478,Midwest,Midwest,27.08,USD,card_present,wallet_biometric,approved,APPROVE,63.4,0.42712933753943216,0,0,0,0,0,0,0,1,38,8,20,18,terminal_customer_network_burst,0.18,0.003963437187926672,0.18
X000123775,2026-01-26 18:27:17,C001024,A0001024,M00239,T00791,South,South,19.67,USD,card_present,3ds,approved,APPROVE,26.09,0.753928708317363,0,0,0,0,0,0,0,0,102,10,8,18,terminal_customer_network_burst,0.18,0.008856000976175005,0.18
X000119293,2026-01-26 18:27:50,C000988,A0000988,M00743,T00220,Northeast,South,9.0,USD,ecommerce,chip_pin,approved,APPROVE,18.06,0.49833887043189373,0,0,0,1,0,0,1,2,98,12,0,45,new_customer_terminal_pair;terminal_customer_network_burst;home_region_mismatch,0.45,0.15992627637114512,0.45
X000196574,2026-01-26 18:27:52,C001614,A0001614,M00316,T00389,South,South,69.32,USD,mobile_wallet,3ds,approved,APPROVE,45.32,1.529567519858782,0,0,0,0,0,1,0,1,209,17,9,18,terminal_customer_network_burst,0.18,0.05759242878938735,0.18
X000113055,2026-01-26 18:28:38,C000944,A0000944,M00533,T00261,Northeast,Northeast,198.08,USD,ecommerce,chip_pin,approved,APPROVE,227.5,0.8706813186813187,0,0,0,1,0,0,0,12,150,12,58,63,customer_velocity;high_customer_velocity;terminal_customer_network_burst,0.63,0.011381946336639328,0.63
X000021458,2026-01-26 18:29:00,C000186,A0000186,M00232,T00367,West,West,112.43,USD,ecommerce,chip_pin,approved,APPROVE,223.8,0.5023681858802502,0,0,0,1,0,0,0,7,160,6,60,25,customer_velocity,0.25,0.0025789746885629926,0.25
X000067044,2026-01-26 18:29:21,C000569,A0000569,M00710,T01065,Midwest,Midwest,227.8,USD,ecommerce,3ds,approved,APPROVE,109.96,2.0716624226991636,0,0,0,1,0,0,0,1,28,6,10,0,,0.0,0.00866877020066539,0.00866877020066539
X000044013,2026-01-26 18:29:40,C000374,A0000374,M00249,T00554,South,South,134.42,USD,card_present,chip_pin,approved,APPROVE,251.37,0.5347495723435572,0,0,0,0,0,0,0,2,130,13,12,18,terminal_customer_network_burst,0.18,0.013758601242914156,0.18
X000094825,2026-01-26 18:29:55,C000792,A0000792,M00367,T00335,South,South,175.54,USD,ecommerce,chip_pin,approved,APPROVE,138.17,1.2704639212564233,0,0,0,1,0,0,0,5,131,11,26,43,customer_velocity;terminal_customer_network_burst,0.43,0.014003917821864382,0.43
X000089411,2026-01-26 18:29:57,C000748,A0000748,M00791,T00304,South,South,251.05,USD,ecommerce,chip_pin,approved,APPROVE,224.36,1.1189605990372615,0,0,0,1,0,0,0,6,197,13,42,43,customer_velocity;terminal_customer_network_burst,0.43,0.013251917698089869,0.43
X000051907,2026-01-26 18:30:20,C000439,A0000439,M00171,T00468,Northeast,Northeast,37.81,USD,card_present,3ds,approved,APPROVE,47.61,0.7941608905692082,0,0,0,0,0,0,0,5,75,8,28,43,customer_velocity;terminal_customer_network_burst,0.43,0.006247446408326501,0.43
X000214060,2026-01-26 18:30:27,C001748,A0001748,M00309,T01011,Northeast,Northeast,220.09,USD,ecommerce,chip_pin,approved,APPROVE,62.7,3.510207336523126,0,0,0,1,0,0,0,4,131,13,21,48,amount_vs_profile;terminal_customer_network_burst,0.48,0.04492956132481296,0.48
X000179858,2026-01-26 18:30:29,C001479,A0001479,M00020,T00254,South,South,171.65,USD,card_present,wallet_biometric,approved,APPROVE,221.32,0.7755738297487801,0,0,0,0,0,0,0,2,185,17,38,18,terminal_customer_network_burst,0.18,0.012108968733987568,0.18
X000165297,2026-01-26 18:30:56,C001364,A0001364,M00070,T00658,Northeast,Northeast,68.45,USD,mobile_wallet,chip_pin,approved,APPROVE,58.11,1.1779383927034934,0,0,0,0,0,1,0,2,88,6,16,0,,0.0,0.009292488321189172,0.009292488321189172
X000166826,2026-01-26 18:32:03,C001377,A0001377,M00230,T01120,Midwest,West,142.42,USD,mobile_wallet,chip_pin,approved,APPROVE,53.56,2.6590739357729647,0,0,0,0,0,1,1,1,29,10,0,45,new_customer_terminal_pair;terminal_customer_network_burst;home_region_mismatch,0.45,0.27838440688815985,0.45
X000045898,2026-01-26 18:33:07,C000384,A0000384,M00359,T00984,Midwest,Midwest,102.19,USD,card_present,chip_pin,approved,APPROVE,65.87,1.5513890997419157,0,0,0,0,0,0,0,2,64,6,12,0,,0.0,0.007691567390487104,0.007691567390487104
X000156693,2026-01-26 18:33:17,C001289,A0001289,M00351,T00802,West,West,498.47,USD,card_present,chip_pin,approved,APPROVE,454.02,1.0979031760715388,0,0,0,0,0,0,0,6,111,11,40,43,customer_velocity;terminal_customer_network_burst,0.43,0.008428503998500852,0.43
X000108971,2026-01-26 18:34:07,C000913,A0000913,M00224,T01197,Northeast,Northeast,61.67,USD,card_present,chip_pin,approved,APPROVE,132.83,0.4642776481216592,0,0,0,0,0,0,0,1,83,10,39,18,terminal_customer_network_burst,0.18,0.0030935298942486858,0.18
X000200060,2026-01-26 18:34:18,C001639,A0001639,M00387,T00932,Northeast,Northeast,101.77,USD,card_present,magstripe,approved,APPROVE,99.93,1.0184128890223154,0,0,0,0,1,0,0,2,114,8,31,18,terminal_customer_network_burst,0.18,0.010442668202685058,0.18
X000150992,2026-01-26 18:34:36,C001241,A0001241,M00302,T00011,Northeast,Northeast,614.93,USD,ecommerce,chip_pin,approved,APPROVE,279.08,2.203418374659596,0,0,0,1,0,0,0,2,129,14,37,18,terminal_customer_network_burst,0.18,0.01429822016252673,0.18
X000133327,2026-01-26 18:34:57,C001099,A0001099,M00547,T00162,Northeast,Northeast,157.6,USD,card_present,magstripe,approved,APPROVE,103.35,1.524915336236091,0,0,0,0,1,0,0,3,68,8,13,18,terminal_customer_network_burst,0.18,0.022759641705940203,0.18
X000180199,2026-01-26 18:35:32,C001481,A0001481,M00604,T01180,Northeast,Northeast,7.29,USD,ecommerce,wallet_biometric,approved,APPROVE,18.39,0.39641109298531807,0,0,0,1,0,0,0,2,118,13,18,18,terminal_customer_network_burst,0.18,0.010976568614390574,0.18
X000098464,2026-01-26 18:35:34,C000825,A0000825,M00264,T00543,Midwest,Midwest,38.09,USD,ecommerce,3ds,approved,APPROVE,42.75,0.8909941520467837,0,0,0,1,0,0,0,1,35,9,9,18,terminal_customer_network_burst,0.18,0.008047840066984882,0.18
X000218187,2026-01-26 18:35:46,C001782,A0001782,M00213,T00876,Northeast,Northeast,64.1,USD,card_present,wallet_biometric,approved,APPROVE,46.59,1.375831723545825,0,0,0,0,0,0,0,2,101,7,20,0,,0.0,0.006845141226248171,0.006845141226248171
X000072643,2026-01-26 18:35:56,C000614,A0000614,M00067,T00948,South,South,671.63,USD,card_present,chip_pin,approved,APPROVE,325.59,2.062809054332136,0,0,0,0,0,0,0,4,178,17,23,18,terminal_customer_network_burst,0.18,0.04031468636434078,0.18
X000077577,2026-01-26 18:36:44,C000653,A0000653,M00012,T01105,West,West,174.61,USD,mobile_wallet,magstripe,approved,APPROVE,208.69,0.8366955771718818,0,0,0,0,1,1,0,3,119,12,35,18,terminal_customer_network_burst,0.18,0.02325859554244894,0.18
X000163057,2026-01-26 18:37:08,C001345,A0001345,M00668,T00166,Midwest,Midwest,146.86,USD,card_present,3ds,approved,APPROVE,169.46,0.8666351941461112,0,0,0,0,0,0,0,6,67,11,47,43,customer_velocity;terminal_customer_network_burst,0.43,0.00546771870953284,0.43
X000078322,2026-01-26 18:37:54,C000659,A0000659,M00087,T00594,South,South,27.61,USD,ecommerce,3ds,approved,APPROVE,31.77,0.869058860560277,0,0,0,1,0,0,0,5,79,9,30,43,customer_velocity;terminal_customer_network_burst,0.43,0.0072422075053910455,0.43
X000202370,2026-01-26 18:37:54,C001655,A0001655,M00717,T00614,South,South,26.34,USD,card_present,3ds,approved,APPROVE,33.4,0.788622754491018,0,0,0,0,0,0,0,3,150,13,7,18,terminal_customer_network_burst,0.18,0.021118714503211893,0.18
X000134961,2026-01-26 18:38:15,C001108,A0001108,M00708,T00914,West,West,65.94,USD,mobile_wallet,chip_pin,approved,APPROVE,97.95,0.6732006125574272,0,0,0,0,0,1,0,2,35,4,11,0,,0.0,0.006135204626498745,0.006135204626498745
X000114307,2026-01-26 18:39:01,C000951,A0000951,M00687,T01115,Midwest,Midwest,196.32,USD,card_present,3ds,approved,APPROVE,90.52,2.1688024745912506,0,0,0,0,0,0,0,1,98,5,30,0,,0.0,0.0047623431217616126,0.0047623431217616126
X000138139,2026-01-26 18:39:41,C001136,A0001136,M00493,T00917,West,West,38.74,USD,mobile_wallet,3ds,approved,APPROVE,22.87,1.6939221687800612,0,0,0,0,0,1,0,2,65,13,15,18,terminal_customer_network_burst,0.18,0.025269205474796587,0.18
X000223585,2026-01-26 18:40:50,C001823,A0001823,M00378,T00467,South,South,15.01,USD,card_present,chip_pin,approved,APPROVE,33.66,0.4459298871063577,0,0,0,0,0,0,0,3,135,12,16,18,terminal_customer_network_burst,0.18,0.011813269488892364,0.18
X000239810,2026-01-26 18:41:28,C001955,A0001955,M00601,T00458,South,South,20.75,USD,mobile_wallet,3ds,approved,APPROVE,16.49,1.2583383869011524,0,0,0,0,0,1,0,1,69,8,19,18,terminal_customer_network_burst,0.18,0.009349040490328225,0.18
X000210751,2026-01-26 18:41:41,C001718,A0001718,M00446,T00838,South,South,24.47,USD,mobile_wallet,chip_pin,approved,APPROVE,35.21,0.694973019028685,0,0,0,0,0,1,0,1,113,11,11,18,terminal_customer_network_burst,0.18,0.015327775580211518,0.18
X000138232,2026-01-26 18:43:06,C001137,A0001137,M00787,T00660,South,South,48.8,USD,card_present,chip_pin,approved,APPROVE,38.38,1.2714955706096924,0,0,0,0,0,0,0,2,86,13,13,18,terminal_customer_network_burst,0.18,0.01602694619997346,0.18
X000124030,2026-01-26 18:43:07,C001026,A0001026,M00600,T00407,South,South,142.53,USD,card_present,3ds,approved,APPROVE,125.32,1.1373284391956593,0,0,0,0,0,0,0,2,141,12,35,18,terminal_customer_network_burst,0.18,0.007655807175399866,0.18
X000187136,2026-01-26 18:43:12,C001539,A0001539,M00231,T01111,South,South,63.92,USD,ecommerce,chip_pin,approved,APPROVE,50.48,1.2662440570522981,0,0,0,1,0,0,0,1,108,15,13,18,terminal_customer_network_burst,0.18,0.02005795708487942,0.18
X000207486,2026-01-26 18:43:42,C001693,A0001693,M00434,T00133,South,South,112.16,USD,card_present,chip_pin,approved,APPROVE,110.59,1.0141965819694365,0,0,0,0,0,0,0,2,165,12,13,18,terminal_customer_network_burst,0.18,0.015712480556591763,0.18
X000121121,2026-01-26 18:44:23,C001006,A0001006,M00326,T01151,Northeast,Northeast,55.12,USD,mobile_wallet,chip_pin,approved,APPROVE,37.46,1.4714361986118525,0,0,0,0,0,1,0,2,107,9,18,18,terminal_customer_network_burst,0.18,0.014651812521423283,0.18
X000171988,2026-01-26 18:44:28,C001419,A0001419,M00460,T00355,Midwest,Midwest,56.79,USD,mobile_wallet,chip_pin,approved,APPROVE,59.46,0.9550958627648839,0,0,0,0,0,1,0,2,97,11,21,18,terminal_customer_network_burst,0.18,0.013322660222725208,0.18
X000073960,2026-01-26 18:44:35,C000625,A0000625,M00550,T00423,West,West,41.02,USD,card_present,chip_pin,approved,APPROVE,38.54,1.064348728593669,0,0,0,0,0,0,0,0,64,7,16,0,,0.0,0.004936890044241109,0.004936890044241109
X000072138,2026-01-26 18:44:50,C000610,A0000610,M00562,T01175,West,West,88.21,USD,ecommerce,3ds,approved,APPROVE,97.14,0.908070825612518,0,0,0,1,0,0,0,3,112,11,37,18,terminal_customer_network_burst,0.18,0.006398911652222572,0.18
X000110082,2026-01-26 18:44:51,C000920,A0000920,M00781,T00629,Northeast,Northeast,202.33,USD,card_present,chip_pin,approved,APPROVE,172.94,1.1699433329478433,0,0,0,0,0,0,0,1,41,5,14,0,,0.0,0.00459971878512476,0.00459971878512476
X000011279,2026-01-26 18:45:01,C000101,A0000101,M00267,T00249,West,West,43.32,USD,card_present,chip_pin,approved,APPROVE,65.68,0.6595615103532277,0,0,0,0,0,0,0,2,47,5,17,0,,0.0,0.003873377795023176,0.003873377795023176
X000160606,2026-01-26 18:45:07,C001326,A0001326,M00386,T00008,Northeast,Northeast,46.37,USD,card_present,3ds,approved,APPROVE,112.21,0.4132430264682292,0,0,0,0,0,0,0,4,118,10,21,18,terminal_customer_network_burst,0.18,0.00843918323037099,0.18
X000052207,2026-01-26 18:45:49,C000441,A0000441,M00277,T00518,Midwest,Midwest,50.73,USD,card_present,3ds,approved,APPROVE,94.35,0.5376788553259142,0,0,0,0,0,0,0,2,109,9,28,18,terminal_customer_network_burst,0.18,0.004862035180090529,0.18
X000205698,2026-01-26 18:45:58,C001679,A0001679,M00574,T00190,Midwest,Midwest,287.5,USD,card_present,3ds,approved,APPROVE,208.94,1.3759931080693022,0,0,0,0,0,0,0,3,198,17,39,18,terminal_customer_network_burst,0.18,0.017339905021886447,0.18
X000013831,2026-01-26 18:46:16,C000117,A0000117,M00289,T00362,South,South,15.76,USD,card_present,wallet_biometric,approved,APPROVE,44.03,0.3579377697024756,0,0,0,0,0,0,0,3,130,18,5,18,terminal_customer_network_burst,0.18,0.03216931368092449,0.18
X000004369,2026-01-26 18:46:27,C000039,A0000039,M00366,T00195,Northeast,Northeast,80.1,USD,card_present,3ds,approved,APPROVE,36.66,2.1849427168576105,0,0,0,0,0,0,0,1,93,10,17,18,terminal_customer_network_burst,0.18,0.012983610724502308,0.18
X000195559,2026-01-26 18:46:27,C001606,A0001606,M00442,T00553,West,West,121.47,USD,card_present,chip_pin,approved,APPROVE,119.37,1.0175923598894194,0,0,0,0,0,0,0,8,58,6,38,25,customer_velocity,0.25,0.005319717851195999,0.25
X000031100,2026-01-26 18:46:58,C000263,A0000263,M00562,T01175,West,West,244.38,USD,card_present,3ds,approved,APPROVE,149.88,1.6305044035228182,0,0,0,0,0,0,0,0,113,11,17,18,terminal_customer_network_burst,0.18,0.010933151916149813,0.18
X000138899,2026-01-26 18:47:26,C001144,A0001144,M00693,T00687,South,South,53.34,USD,mobile_wallet,chip_pin,approved,APPROVE,55.97,0.9530105413614437,0,0,0,0,0,1,0,0,65,11,12,18,terminal_customer_network_burst,0.18,0.012975079305817882,0.18
X000085689,2026-01-26 18:47:34,C000717,A0000717,M00567,T00161,Northeast,Northeast,208.3,USD,ecommerce,chip_pin,approved,APPROVE,66.89,3.1140678726267006,0,0,0,1,0,0,0,1,135,15,12,48,amount_vs_profile;terminal_customer_network_burst,0.48,0.046016244514542656,0.48
X000110911,2026-01-26 18:47:42,C000925,A0000925,M00365,T00324,South,South,147.52,USD,ecommerce,wallet_biometric,approved,APPROVE,49.37,2.9880494227263523,0,0,0,1,0,0,0,3,166,19,35,18,terminal_customer_network_burst,0.18,0.04568210794983782,0.18
X000051697,2026-01-26 18:47:47,C000437,A0000437,M00412,T00593,Northeast,Northeast,34.94,USD,card_present,chip_pin,approved,APPROVE,21.49,1.6258724988366682,0,0,0,0,0,0,0,5,114,10,11,43,customer_velocity;terminal_customer_network_burst,0.43,0.021082121578449877,0.43
X000201673,2026-01-26 18:47:47,C001650,A0001650,M00566,T00559,West,West,119.55,USD,ecommerce,chip_pin,approved,APPROVE,267.79,0.44643190559766976,0,0,0,1,0,0,0,8,80,8,65,43,customer_velocity;terminal_customer_network_burst,0.43,0.0024878250491290896,0.43
X000090983,2026-01-26 18:48:02,C000762,A0000762,M00294,T00731,South,South,29.43,USD,card_present,chip_pin,approved,APPROVE,32.91,0.8942570647219691,0,0,0,0,0,0,0,3,133,14,11,18,terminal_customer_network_burst,0.18,0.02087484989360633,0.18
X000113545,2026-01-26 18:48:27,C000946,A0000946,M00745,T00183,Northeast,Northeast,161.65,USD,card_present,chip_pin,approved,APPROVE,163.27,0.9900777852636736,0,0,0,0,0,0,0,1,93,12,32,18,terminal_customer_network_burst,0.18,0.006248584305137715,0.18
X000224313,2026-01-26 18:48:37,C001831,A0001831,M00294,T00471,South,South,48.77,USD,mobile_wallet,wallet_biometric,approved,APPROVE,24.6,1.982520325203252,0,0,0,0,0,1,0,1,107,15,19,18,terminal_customer_network_burst,0.18,0.03117613698723018,0.18
X000046271,2026-01-26 18:48:48,C000388,A0000388,M00544,T00846,South,South,32.15,USD,card_present,chip_pin,approved,APPROVE,83.44,0.38530680728667305,0,0,0,0,0,0,0,1,154,14,17,18,terminal_customer_network_burst,0.18,0.011739210516512982,0.18
X000117511,2026-01-26 18:49:08,C000974,A0000974,M00733,T00848,Northeast,Northeast,18.39,USD,ecommerce,3ds,approved,APPROVE,34.46,0.5336622170632618,0,0,0,1,0,0,0,1,97,12,10,18,terminal_customer_network_burst,0.18,0.011252187854357774,0.18
X000116781,2026-01-26 18:49:31,C000969,A0000969,M00003,T00787,South,South,530.42,USD,ecommerce,3ds,approved,APPROVE,222.91,2.3795253689829976,0,0,0,1,0,0,0,0,154,13,21,18,terminal_customer_network_burst,0.18,0.019239826315555188,0.18
X000230336,2026-01-26 18:49:41,C001878,A0001878,M00434,T00808,South,South,194.88,USD,ecommerce,3ds,approved,APPROVE,54.75,3.5594520547945203,0,0,0,1,0,0,0,2,140,14,10,48,amount_vs_profile;terminal_customer_network_burst,0.48,0.05881948412117447,0.48
X000127656,2026-01-26 18:49:46,C001052,A0001052,M00335,T00070,South,South,167.56,USD,ecommerce,wallet_biometric,approved,APPROVE,146.14,1.146571780484467,0,0,0,1,0,0,0,8,259,18,52,43,customer_velocity;terminal_customer_network_burst,0.43,0.025746676080646454,0.43
X000105491,2026-01-26 18:50:11,C000887,A0000887,M00146,T00938,Northeast,Northeast,131.75,USD,card_present,3ds,approved,APPROVE,82.43,1.5983258522382626,0,0,0,0,0,0,0,2,44,7,32,0,,0.0,0.0043907265484901935,0.0043907265484901935
X000057357,2026-01-26 18:50:27,C000485,A0000485,M00459,T00795,Northeast,Northeast,55.43,USD,ecommerce,wallet_biometric,approved,APPROVE,54.45,1.0179981634527089,0,0,0,1,0,0,0,0,144,10,7,18,terminal_customer_network_burst,0.18,0.01194999342943702,0.18
X000146330,2026-01-26 18:50:31,C001207,A0001207,M00255,T00742,West,West,28.07,USD,card_present,chip_pin,approved,APPROVE,39.48,0.7109929078014185,0,0,0,0,0,0,0,3,46,9,19,18,terminal_customer_network_burst,0.18,0.006676019758566763,0.18
X000008739,2026-01-26 18:50:38,C000079,A0000079,M00754,T00696,West,West,52.68,USD,mobile_wallet,chip_pin,approved,APPROVE,80.47,0.6546539082888033,0,0,0,0,0,1,0,5,80,12,17,43,customer_velocity;terminal_customer_network_burst,0.43,0.020463528879479866,0.43
X000062051,2026-01-26 18:51:11,C000528,A0000528,M00148,T00038,Midwest,Midwest,70.72,USD,card_present,wallet_biometric,approved,APPROVE,100.2,0.7057884231536926,0,0,0,0,0,0,0,3,53,10,18,18,terminal_customer_network_burst,0.18,0.007883137024393387,0.18
X000203973,2026-01-26 18:51:11,C001667,A0001667,M00645,T00905,South,South,107.2,USD,mobile_wallet,chip_pin,approved,APPROVE,187.97,0.5703037718784912,0,0,0,0,0,1,0,2,220,17,49,18,terminal_customer_network_burst,0.18,0.012850057658576136,0.18
X000167739,2026-01-26 18:51:21,C001386,A0001386,M00254,T01162,West,West,41.27,USD,ecommerce,3ds,approved,APPROVE,22.1,1.867420814479638,0,0,0,1,0,0,0,1,43,11,12,18,terminal_customer_network_burst,0.18,0.014003734044385483,0.18
X000107487,2026-01-26 18:51:27,C000900,A0000900,M00414,T00189,Midwest,Midwest,750.32,USD,card_present,wallet_biometric,approved,APPROVE,159.85,4.693900531748515,0,0,0,0,0,0,0,6,200,18,52,73,amount_vs_profile;customer_velocity;terminal_customer_network_burst,0.73,0.06746825959350554,0.73
X000105831,2026-01-26 18:53:18,C000889,A0000889,M00638,T00151,Northeast,Northeast,111.12,USD,ecommerce,3ds,approved,APPROVE,134.65,0.8252506498329001,0,0,0,1,0,0,0,4,102,13,23,18,terminal_customer_network_burst,0.18,0.01347133009354652,0.18
X000238448,2026-01-26 18:53:43,C001946,A0001946,M00795,T00503,South,Northeast,45.34,USD,mobile_wallet,3ds,approved,APPROVE,45.22,1.00265369305617,0,0,0,0,0,1,1,4,91,9,0,45,new_customer_terminal_pair;terminal_customer_network_burst;home_region_mismatch,0.45,0.22545963790181858,0.45
X000176117,2026-01-26 18:53:49,C001451,A0001451,M00403,T01126,Northeast,Northeast,52.05,USD,mobile_wallet,chip_pin,approved,APPROVE,40.14,1.296711509715994,0,0,0,0,0,1,0,3,94,14,16,18,terminal_customer_network_burst,0.18,0.028317244187306783,0.18
X000002044,2026-01-26 18:54:01,C000018,A0000018,M00296,T00252,South,South,39.53,USD,card_present,chip_pin,approved,APPROVE,17.43,2.267928858290304,0,0,0,0,0,0,0,0,141,13,10,18,terminal_customer_network_burst,0.18,0.023970382675161075,0.18
X000210496,2026-01-26 18:54:14,C001716,A0001716,M00403,T00159,Northeast,Northeast,46.24,USD,card_present,chip_pin,approved,APPROVE,44.2,1.0461538461538462,0,0,0,0,0,0,0,4,70,10,9,18,terminal_customer_network_burst,0.18,0.01418275269250486,0.18
X000110367,2026-01-26 18:54:47,C000922,A0000922,M00231,T00176,South,South,195.98,USD,card_present,3ds,approved,APPROVE,230.67,0.8496119998265921,0,0,0,0,0,0,0,7,134,12,36,43,customer_velocity;terminal_customer_network_burst,0.43,0.011627502452777301,0.43
X000243373,2026-01-26 18:54:52,C001986,A0001986,M00691,T00755,Northeast,Northeast,146.99,USD,mobile_wallet,chip_pin,approved,APPROVE,74.42,1.975141091104542,0,0,0,0,0,1,0,3,149,15,16,18,terminal_customer_network_burst,0.18,0.0475424131907855,0.18
X000095438,2026-01-26 18:55:17,C000797,A0000797,M00367,T00335,South,South,31.04,USD,ecommerce,3ds,approved,APPROVE,26.27,1.1815759421393224,0,0,0,1,0,0,0,1,132,11,11,18,terminal_customer_network_burst,0.18,0.013758156401124308,0.18
X000007520,2026-01-26 18:56:06,C000069,A0000069,M00610,T00995,Midwest,Midwest,34.53,USD,ecommerce,3ds,approved,APPROVE,40.89,0.8444607483492297,0,0,0,1,0,0,0,4,114,11,26,18,terminal_customer_network_burst,0.18,0.010048090333685113,0.18
X000111770,2026-01-26 18:56:41,C000933,A0000933,M00191,T00591,South,Midwest,60.96,USD,ecommerce,magstripe,approved,APPROVE,62.09,0.9818006120148172,0,0,0,1,1,0,1,2,51,7,0,27,new_customer_terminal_pair;home_region_mismatch,0.27,0.19780312445515563,0.27
X000058621,2026-01-26 18:56:49,C000497,A0000497,M00195,T00595,West,South,42.3,USD,card_present,3ds,approved,APPROVE,55.66,0.7599712540424003,0,0,0,0,0,0,1,1,132,11,0,45,new_customer_terminal_pair;terminal_customer_network_burst;home_region_mismatch,0.45,0.14741901214729647,0.45
X000205699,2026-01-26 18:57:29,C001679,A0001679,M00191,T01127,Midwest,Midwest,107.42,USD,card_present,3ds,approved,APPROVE,208.94,0.5141188858045372,0,0,0,0,0,0,0,4,85,7,54,0,,0.0,0.0019451464693719881,0.0019451464693719881
X000062209,2026-01-26 18:57:48,C000529,A0000529,M00712,T00650,South,South,89.19,USD,card_present,3ds,approved,APPROVE,60.13,1.483286213204723,0,0,0,0,0,0,0,4,137,16,18,18,terminal_customer_network_burst,0.18,0.03021140942135678,0.18
X000127062,2026-01-26 18:57:55,C001046,A0001046,M00691,T01123,Northeast,Northeast,34.63,USD,ecommerce,magstripe,approved,APPROVE,61.16,0.5662197514715501,0,0,0,1,1,0,0,2,94,9,12,18,terminal_customer_network_burst,0.18,0.01804016806259262,0.18
X000215704,2026-01-26 18:57:56,C001762,A0001762,M00720,T00311,Northeast,Northeast,123.43,USD,mobile_wallet,wallet_biometric,approved,APPROVE,40.4,3.0551980198019804,0,0,0,0,0,1,0,1,94,10,15,48,amount_vs_profile;terminal_customer_network_burst,0.48,0.02941522237380755,0.48
X000055479,2026-01-26 18:58:07,C000470,A0000470,M00557,T00649,Northeast,Midwest,44.02,USD,ecommerce,chip_pin,approved,APPROVE,81.02,0.5433226363860776,0,0,0,1,0,0,1,0,108,13,0,45,new_customer_terminal_pair;terminal_customer_network_burst;home_region_mismatch,0.45,0.15037588849252334,0.45
X000132650,2026-01-26 18:58:26,C001093,A0001093,M00095,T00821,Northeast,Northeast,52.09,USD,card_present,chip_pin,approved,APPROVE,25.97,2.005775895263766,0,0,0,0,0,0,0,1,58,8,11,18,terminal_customer_network_burst,0.18,0.010588627184369159,0.18
X000073865,2026-01-26 18:58:34,C000624,A0000624,M00127,T00810,South,South,105.5,USD,ecommerce,wallet_biometric,approved,APPROVE,94.14,1.1206713405566178,0,0,0,1,0,0,0,2,62,7,13,0,,0.0,0.007386349890109545,0.007386349890109545
X000187228,2026-01-26 18:58:40,C001540,A0001540,M00413,T00003,West,West,29.47,USD,card_present,chip_pin,approved,APPROVE,48.39,0.6090101260591031,0,0,0,0,0,0,0,1,51,6,7,0,,0.0,0.005304338458428556,0.005304338458428556
X000102073,2026-01-26 18:58:43,C000859,A0000859,M00052,T00013,South,South,278.28,USD,ecommerce,chip_pin,approved,APPROVE,276.18,1.0076037366934607,0,0,0,1,0,0,0,3,138,13,38,18,terminal_customer_network_burst,0.18,0.008731606111999995,0.18
X000169008,2026-01-26 18:58:54,C001397,A0001397,M00743,T00220,South,South,21.73,USD,card_present,chip_pin,approved,APPROVE,55.89,0.38879942744677043,0,0,0,0,0,0,0,6,99,13,23,43,customer_velocity;terminal_customer_network_burst,0.43,0.01341877140200332,0.43
X000110368,2026-01-26 18:59:10,C000922,A0000922,M00184,T00058,South,South,249.57,USD,ecommerce,3ds,approved,APPROVE,230.67,1.0819352321498243,0,0,0,1,0,0,0,8,168,18,28,43,customer_velocity;terminal_customer_network_burst,0.43,0.04252692597343906,0.43
X000194035,2026-01-26 18:59:15,C001595,A0001595,M00264,T01070,Midwest,Midwest,70.1,USD,ecommerce,wallet_biometric,approved,APPROVE,70.55,0.9936215450035435,0,0,0,1,0,0,0,3,58,9,16,18,terminal_customer_network_burst,0.18,0.008972369509890723,0.18
X000196200,2026-01-26 18:59:25,C001612,A0001612,M00798,T01060,Northeast,Northeast,135.96,USD,mobile_wallet,3ds,approved,APPROVE,157.68,0.8622526636225266,0,0,0,0,0,1,0,1,161,10,21,18,terminal_customer_network_burst,0.18,0.0119552673815405,0.18
X000052208,2026-01-26 18:59:27,C000441,A0000441,M00023,T00720,Midwest,Midwest,76.2,USD,ecommerce,chip_pin,approved,APPROVE,94.35,0.8076311605723371,0,0,0,1,0,0,0,3,159,12,28,18,terminal_customer_network_burst,0.18,0.010423066200105658,0.18
X000104476,2026-01-26 18:59:29,C000879,A0000879,M00278,T01124,Northeast,Northeast,10.95,USD,card_present,wallet_biometric,approved,APPROVE,22.68,0.4828042328042328,0,0,0,0,0,0,0,1,134,14,20,18,terminal_customer_network_burst,0.18,0.010535896340789523,0.18
X000070277,2026-01-26 19:00:30,C000597,A0000597,M00592,T00719,South,South,118.33,USD,card_present,chip_pin,approved,APPROVE,149.87,0.789550944151598,0,0,0,0,0,0,0,4,171,14,42,18,terminal_customer_network_burst,0.18,0.009166615854915605,0.18
X000041433,2026-01-26 19:01:09,C000350,A0000350,M00504,T00422,Northeast,Northeast,47.0,USD,ecommerce,wallet_biometric,approved,APPROVE,48.26,0.9738914214670535,0,0,0,1,0,0,0,3,201,12,12,18,terminal_customer_network_burst,0.18,0.020703353379785853,0.18
X000193917,2026-01-26 19:01:20,C001594,A0001594,M00318,T00746,Northeast,Midwest,38.84,USD,card_present,3ds,approved,APPROVE,29.86,1.3007367716008038,0,0,0,0,0,0,1,3,211,18,0,45,new_customer_terminal_pair;terminal_customer_network_burst;home_region_mismatch,0.45,0.43501985164840856,0.45
