Transaction_ID,Timestamp,Customer_ID,Account_ID,Merchant_ID,Terminal_ID,Customer_Region,Merchant_Region,Amount,Currency,Channel,Auth_Type,Auth_Result,Incumbent_Decision
X000178598,2026-01-30 17:00:28,C001471,A0001471,M00633,T00292,West,West,30.27,USD,ecommerce,magstripe,approved,APPROVE
X000216204,2026-01-30 17:00:30,C001766,A0001766,M00692,T00771,West,Northeast,35.15,USD,card_present,3ds,approved,APPROVE
X000071835,2026-01-30 17:00:50,C000609,A0000609,M00298,T00088,Northeast,Northeast,88.01,USD,card_present,chip_pin,approved,APPROVE
X000112171,2026-01-30 17:02:09,C000937,A0000937,M00738,T00899,South,South,17.9,USD,card_present,3ds,approved,APPROVE
X000040339,2026-01-30 17:02:35,C000342,A0000342,M00034,T00307,Northeast,Northeast,73.77,USD,card_present,3ds,soft_decline,CHALLENGE
X000075557,2026-01-30 17:02:46,C000635,A0000635,M00450,T00640,Northeast,Northeast,224.7,USD,ecommerce,chip_pin,approved,APPROVE
X000191485,2026-01-30 17:02:55,C001571,A0001571,M00283,T01004,Northeast,Northeast,17.02,USD,card_present,3ds,approved,APPROVE
X000038649,2026-01-30 17:02:58,C000330,A0000330,M00293,T00835,South,South,8.63,USD,ecommerce,chip_pin,approved,APPROVE
X000108067,2026-01-30 17:03:27,C000904,A0000904,M00089,T00946,Midwest,Midwest,101.5,USD,mobile_wallet,chip_pin,approved,APPROVE
X000206388,2026-01-30 17:03:29,C001685,A0001685,M00524,T00505,West,West,20.26,USD,ecommerce,chip_pin,approved,APPROVE
X000240100,2026-01-30 17:03:30,C001958,A0001958,M00716,T00263,West,West,74.16,USD,ecommerce,wallet_biometric,approved,APPROVE
X000204726,2026-01-30 17:03:46,C001671,A0001671,M00413,T01078,West,West,98.62,USD,card_present,chip_pin,approved,APPROVE
X000001634,2026-01-30 17:03:59,C000015,A0000015,M00074,T01036,South,South,66.97,USD,ecommerce,3ds,approved,APPROVE
X000090629,2026-01-30 17:04:39,C000759,A0000759,M00618,T00042,Northeast,Northeast,17.23,USD,card_present,wallet_biometric,approved,APPROVE
X000117360,2026-01-30 17:04:56,C000973,A0000973,M00171,T00643,Northeast,Northeast,176.2,USD,card_present,chip_pin,approved,APPROVE
X000056375,2026-01-30 17:05:01,C000476,A0000476,M00213,T00642,Northeast,Northeast,68.8,USD,card_present,magstripe,approved,APPROVE
X000038277,2026-01-30 17:05:06,C000327,A0000327,M00365,T00733,South,South,202.51,USD,ecommerce,magstripe,approved,APPROVE
X000142588,2026-01-30 17:05:14,C001175,A0001175,M00335,T00138,South,South,53.71,USD,ecommerce,3ds,approved,APPROVE
X000214074,2026-01-30 17:05:39,C001748,A0001748,M00459,T00795,Northeast,Northeast,153.35,USD,card_present,wallet_biometric,approved,APPROVE
X000228690,2026-01-30 17:05:48,C001862,A0001862,M00092,T00788,West,West,188.13,USD,card_present,chip_pin,approved,APPROVE
X000094686,2026-01-30 17:06:12,C000791,A0000791,M00205,T00049,South,South,23.29,USD,card_present,3ds,approved,APPROVE
X000219421,2026-01-30 17:06:23,C001792,A0001792,M00679,T01139,Northeast,Northeast,133.49,USD,mobile_wallet,chip_pin,approved,APPROVE
X000075030,2026-01-30 17:06:45,C000631,A0000631,M00219,T00193,Northeast,Northeast,224.16,USD,card_present,3ds,approved,APPROVE
X000122544,2026-01-30 17:06:54,C001016,A0001016,M00070,T00169,Northeast,Northeast,17.38,USD,ecommerce,chip_pin,approved,APPROVE
X000118657,2026-01-30 17:07:04,C000982,A0000982,M00094,T00206,South,South,47.84,USD,mobile_wallet,chip_pin,approved,APPROVE
X000035620,2026-01-30 17:07:29,C000302,A0000302,M00595,T00231,West,West,20.33,USD,card_present,chip_pin,approved,APPROVE
X000172208,2026-01-30 17:07:34,C001420,A0001420,M00020,T00130,South,South,167.91,USD,ecommerce,3ds,approved,APPROVE
X000137173,2026-01-30 17:08:10,C001127,A0001127,M00560,T00180,West,West,295.11,USD,ecommerce,chip_pin,approved,APPROVE
X000232031,2026-01-30 17:08:21,C001893,A0001893,M00544,T00081,South,South,38.08,USD,card_present,wallet_biometric,approved,APPROVE
X000200569,2026-01-30 17:08:41,C001643,A0001643,M00282,T01131,South,South,45.5,USD,card_present,wallet_biometric,approved,APPROVE
X000043628,2026-01-30 17:08:45,C000370,A0000370,M00700,T00679,Northeast,Northeast,50.01,USD,ecommerce,chip_pin,approved,APPROVE
X000024559,2026-01-30 17:08:51,C000207,A0000207,M00345,T01138,South,South,85.11,USD,ecommerce,3ds,approved,APPROVE
X000028882,2026-01-30 17:08:51,C000248,A0000248,M00055,T01044,South,South,89.03,USD,ecommerce,3ds,approved,APPROVE
X000094366,2026-01-30 17:09:04,C000789,A0000789,M00313,T00777,Northeast,Northeast,112.6,USD,ecommerce,chip_pin,approved,APPROVE
X000072159,2026-01-30 17:09:30,C000610,A0000610,M00441,T01043,West,West,106.69,USD,mobile_wallet,3ds,approved,APPROVE
X000084555,2026-01-30 17:09:40,C000708,A0000708,M00489,T01009,Northeast,Northeast,16.14,USD,mobile_wallet,chip_pin,approved,APPROVE
X000205070,2026-01-30 17:10:15,C001675,A0001675,M00302,T00011,Northeast,Northeast,65.32,USD,ecommerce,magstripe,approved,APPROVE
X000158227,2026-01-30 17:10:47,C001301,A0001301,M00712,T00064,South,South,88.44,USD,card_present,chip_pin,approved,APPROVE
X000176129,2026-01-30 17:11:03,C001451,A0001451,M00403,T01126,Northeast,Northeast,31.26,USD,card_present,3ds,approved,APPROVE
X000153197,2026-01-30 17:11:37,C001259,A0001259,M00198,T00247,Midwest,Midwest,41.22,USD,card_present,magstripe,approved,APPROVE
X000110682,2026-01-30 17:11:43,C000924,A0000924,M00769,T00996,West,West,195.05,USD,card_present,wallet_biometric,approved,APPROVE
X000244754,2026-01-30 17:11:53,C001995,A0001995,M00276,T00665,Northeast,Northeast,334.02,USD,card_present,3ds,approved,APPROVE
X000119297,2026-01-30 17:12:59,C000988,A0000988,M00280,T00178,Northeast,Northeast,24.46,USD,card_present,chip_pin,approved,APPROVE
X000193925,2026-01-30 17:13:37,C001594,A0001594,M00366,T00195,Northeast,Northeast,19.6,USD,ecommerce,wallet_biometric,approved,APPROVE
X000023917,2026-01-30 17:13:44,C000202,A0000202,M00592,T00719,South,South,56.87,USD,card_present,3ds,approved,APPROVE
X000213871,2026-01-30 17:14:01,C001746,A0001746,M00652,T00561,West,West,90.61,USD,card_present,3ds,approved,APPROVE
X000169562,2026-01-30 17:14:15,C001400,A0001400,M00378,T01196,South,South,208.25,USD,card_present,3ds,soft_decline,CHALLENGE
X000231824,2026-01-30 17:14:17,C001891,A0001891,M00144,T00486,Northeast,West,143.52,USD,card_present,wallet_biometric,approved,APPROVE
X000167949,2026-01-30 17:14:44,C001388,A0001388,M00789,T00365,Midwest,Midwest,73.6,USD,card_present,chip_pin,approved,APPROVE
X000175772,2026-01-30 17:15:06,C001448,A0001448,M00675,T01030,Midwest,Midwest,71.65,USD,card_present,wallet_biometric,approved,APPROVE
X000203999,2026-01-30 17:15:13,C001667,A0001667,M00038,T00321,South,South,245.57,USD,ecommerce,chip_pin,approved,APPROVE
X000213422,2026-01-30 17:15:25,C001742,A0001742,M00377,T00901,Midwest,Midwest,32.17,USD,card_present,chip_pin,approved,APPROVE
X000205071,2026-01-30 17:16:15,C001675,A0001675,M00354,T00796,Northeast,Northeast,71.4,USD,card_present,wallet_biometric,approved,APPROVE
X000099625,2026-01-30 17:17:07,C000837,A0000837,M00002,T00850,Northeast,Northeast,56.69,USD,card_present,3ds,approved,APPROVE
X000177956,2026-01-30 17:17:54,C001464,A0001464,M00248,T00017,South,South,37.31,USD,ecommerce,3ds,approved,APPROVE
X000118375,2026-01-30 17:18:04,C000979,A0000979,M00019,T00745,Northeast,Northeast,73.08,USD,card_present,3ds,approved,APPROVE
X000038278,2026-01-30 17:18:07,C000327,A0000327,M00376,T00702,South,South,170.32,USD,ecommerce,magstripe,approved,APPROVE
X000043900,2026-01-30 17:18:10,C000373,A0000373,M00299,T01117,Northeast,Northeast,102.08,USD,ecommerce,chip_pin,approved,APPROVE
X000066853,2026-01-30 17:18:52,C000567,A0000567,M00737,T00466,Midwest,Midwest,47.94,USD,card_present,chip_pin,approved,APPROVE
X000200843,2026-01-30 17:19:13,C001645,A0001645,M00675,T00834,Midwest,Midwest,60.21,USD,ecommerce,3ds,approved,APPROVE
X000022170,2026-01-30 17:19:19,C000191,A0000191,M00285,T00370,Midwest,Midwest,58.79,USD,card_present,3ds,approved,APPROVE
X000087175,2026-01-30 17:19:40,C000731,A0000731,M00050,T01119,Midwest,Midwest,49.65,USD,card_present,chip_pin,approved,APPROVE
X000222542,2026-01-30 17:19:52,C001813,A0001813,M00017,T00257,Midwest,Midwest,111.55,USD,card_present,chip_pin,approved,APPROVE
X000236003,2026-01-30 17:20:00,C001924,A0001924,M00514,T01089,West,West,36.36,USD,card_present,chip_pin,approved,APPROVE
X000075700,2026-01-30 17:21:07,C000636,A0000636,M00778,T01132,South,South,23.36,USD,card_present,3ds,approved,APPROVE
X000167665,2026-01-30 17:21:35,C001385,A0001385,M00377,T00663,Midwest,Midwest,74.03,USD,ecommerce,chip_pin,approved,APPROVE
X000227987,2026-01-30 17:21:45,C001857,A0001857,M00412,T00974,Northeast,Northeast,362.15,USD,ecommerce,magstripe,approved,APPROVE
X000145097,2026-01-30 17:22:00,C001194,A0001194,M00276,T01082,Northeast,Northeast,50.38,USD,mobile_wallet,wallet_biometric,approved,APPROVE
X000202004,2026-01-30 17:22:03,C001652,A0001652,M00458,T00358,West,West,54.88,USD,card_present,magstripe,approved,APPROVE
X000158081,2026-01-30 17:22:52,C001300,A0001300,M00055,T01044,South,South,179.03,USD,mobile_wallet,3ds,approved,APPROVE
X000179090,2026-01-30 17:22:59,C001474,A0001474,M00168,T00944,Northeast,Northeast,37.68,USD,card_present,magstripe,approved,APPROVE
X000209186,2026-01-30 17:23:01,C001707,A0001707,M00621,T01090,West,West,45.94,USD,card_present,wallet_biometric,approved,APPROVE
X000067051,2026-01-30 17:23:04,C000569,A0000569,M00520,T00143,Midwest,Midwest,127.0,USD,ecommerce,3ds,approved,APPROVE
X000036781,2026-01-30 17:23:58,C000315,A0000315,M00211,T01050,Midwest,Midwest,108.67,USD,ecommerce,3ds,approved,APPROVE
X000206138,2026-01-30 17:24:15,C001682,A0001682,M00280,T00178,Northeast,Northeast,32.99,USD,card_present,wallet_biometric,approved,APPROVE
X000092011,2026-01-30 17:25:06,C000770,A0000770,M00324,T00243,West,West,69.37,USD,mobile_wallet,3ds,approved,APPROVE
X000127370,2026-01-30 17:25:18,C001050,A0001050,M00378,T00467,South,South,86.98,USD,card_present,3ds,approved,APPROVE
X000134137,2026-01-30 17:25:39,C001103,A0001103,M00398,T00726,South,South,108.27,USD,card_present,chip_pin,approved,APPROVE
X000028000,2026-01-30 17:25:44,C000241,A0000241,M00167,T00818,Northeast,Northeast,51.15,USD,card_present,3ds,approved,APPROVE
X000081730,2026-01-30 17:26:48,C000684,A0000684,M00185,T00490,West,West,117.85,USD,card_present,3ds,approved,APPROVE
X000032463,2026-01-30 17:26:55,C000275,A0000275,M00130,T01074,South,South,34.7,USD,card_present,chip_pin,approved,APPROVE
X000055014,2026-01-30 17:26:55,C000465,A0000465,M00460,T00355,Midwest,Midwest,43.46,USD,ecommerce,chip_pin,approved,APPROVE
X000012165,2026-01-30 17:27:08,C000106,A0000106,M00023,T00108,Midwest,Midwest,31.35,USD,ecommerce,3ds,approved,APPROVE
X000023080,2026-01-30 17:27:09,C000197,A0000197,M00779,T00146,South,South,81.8,USD,ecommerce,wallet_biometric,approved,APPROVE
X000083879,2026-01-30 17:27:20,C000701,A0000701,M00730,T01027,West,West,41.12,USD,card_present,chip_pin,approved,APPROVE
X000192458,2026-01-30 17:28:14,C001580,A0001580,M00376,T00309,South,South,41.26,USD,ecommerce,chip_pin,approved,APPROVE
X000073034,2026-01-30 17:28:23,C000617,A0000617,M00786,T00776,Northeast,Northeast,39.83,USD,ecommerce,magstripe,approved,APPROVE
X000016524,2026-01-30 17:28:47,C000140,A0000140,M00019,T00826,Midwest,Northeast,73.03,USD,mobile_wallet,3ds,approved,APPROVE
X000033253,2026-01-30 17:29:26,C000282,A0000282,M00055,T01044,South,South,260.37,USD,ecommerce,wallet_biometric,approved,APPROVE
X000202216,2026-01-30 17:29:36,C001654,A0001654,M00588,T00145,West,West,109.49,USD,card_present,wallet_biometric,soft_decline,CHALLENGE
X000057098,2026-01-30 17:30:35,C000483,A0000483,M00386,T00533,Northeast,Northeast,118.55,USD,card_present,chip_pin,approved,APPROVE
X000085778,2026-01-30 17:30:42,C000718,A0000718,M00171,T01187,Northeast,Northeast,20.94,USD,card_present,3ds,approved,APPROVE
X000186068,2026-01-30 17:30:44,C001529,A0001529,M00631,T00542,West,West,84.51,USD,card_present,chip_pin,approved,APPROVE
X000006726,2026-01-30 17:31:20,C000060,A0000060,M00674,T00232,Midwest,Midwest,30.47,USD,card_present,chip_pin,approved,APPROVE
X000112034,2026-01-30 17:31:29,C000935,A0000935,M00285,T00370,Midwest,Midwest,37.45,USD,card_present,chip_pin,approved,APPROVE
X000014177,2026-01-30 17:31:49,C000120,A0000120,M00379,T01176,South,South,95.34,USD,card_present,chip_pin,approved,APPROVE
X000153728,2026-01-30 17:31:49,C001264,A0001264,M00070,T00169,Northeast,Northeast,80.97,USD,card_present,3ds,approved,APPROVE
X000048434,2026-01-30 17:32:33,C000406,A0000406,M00650,T01097,Midwest,Midwest,81.41,USD,card_present,3ds,approved,APPROVE
X000214075,2026-01-30 17:32:46,C001748,A0001748,M00459,T00795,Northeast,Northeast,78.35,USD,mobile_wallet,chip_pin,approved,APPROVE
X000241874,2026-01-30 17:32:56,C001974,A0001974,M00227,T00504,Midwest,Midwest,108.18,USD,ecommerce,magstripe,approved,APPROVE
X000041248,2026-01-30 17:33:37,C000349,A0000349,M00471,T00670,Midwest,Midwest,251.77,USD,ecommerce,3ds,approved,APPROVE
X000212009,2026-01-30 17:34:53,C001729,A0001729,M00524,T00085,West,West,29.33,USD,ecommerce,magstripe,approved,APPROVE
X000146762,2026-01-30 17:35:02,C001210,A0001210,M00561,T00275,Midwest,Midwest,200.9,USD,card_present,chip_pin,approved,APPROVE
X000090865,2026-01-30 17:35:06,C000761,A0000761,M00517,T00531,Midwest,Midwest,210.19,USD,ecommerce,3ds,approved,APPROVE
X000155240,2026-01-30 17:35:28,C001279,A0001279,M00128,T00044,Northeast,Northeast,145.82,USD,card_present,wallet_biometric,approved,APPROVE
X000002118,2026-01-30 17:36:24,C000019,A0000019,M00790,T01171,West,Northeast,113.25,USD,ecommerce,chip_pin,approved,APPROVE
X000158367,2026-01-30 17:36:31,C001303,A0001303,M00428,T00264,West,West,162.07,USD,ecommerce,3ds,approved,APPROVE
X000070577,2026-01-30 17:37:40,C000599,A0000599,M00517,T00531,Midwest,Midwest,35.45,USD,card_present,chip_pin,approved,APPROVE
X000230145,2026-01-30 17:37:58,C001876,A0001876,M00708,T00618,West,West,77.16,USD,card_present,chip_pin,approved,APPROVE
X000194908,2026-01-30 17:38:03,C001602,A0001602,M00779,T00146,South,South,77.07,USD,ecommerce,3ds,approved,APPROVE
X000156716,2026-01-30 17:38:12,C001289,A0001289,M00351,T00802,West,West,1664.05,USD,mobile_wallet,chip_pin,approved,APPROVE
X000191744,2026-01-30 17:38:58,C001573,A0001573,M00514,T00978,West,West,151.72,USD,mobile_wallet,3ds,approved,APPROVE
X000136531,2026-01-30 17:39:19,C001123,A0001123,M00598,T00298,West,West,137.71,USD,mobile_wallet,chip_pin,approved,APPROVE
X000155416,2026-01-30 17:39:28,C001280,A0001280,M00012,T01105,West,West,131.23,USD,mobile_wallet,chip_pin,approved,APPROVE
X000009069,2026-01-30 17:40:35,C000082,A0000082,M00561,T00399,Midwest,Midwest,60.4,USD,ecommerce,chip_pin,approved,APPROVE
X000042548,2026-01-30 17:41:12,C000360,A0000360,M00706,T00856,Northeast,Northeast,38.1,USD,card_present,magstripe,approved,APPROVE
X000025323,2026-01-30 17:41:22,C000215,A0000215,M00008,T00319,West,West,17.01,USD,card_present,chip_pin,approved,APPROVE
X000185656,2026-01-30 17:41:37,C001526,A0001526,M00148,T00038,Midwest,Midwest,70.08,USD,ecommerce,chip_pin,approved,APPROVE
X000098560,2026-01-30 17:41:59,C000826,A0000826,M00441,T01043,West,West,20.71,USD,ecommerce,3ds,approved,APPROVE
X000132842,2026-01-30 17:42:06,C001095,A0001095,M00255,T00573,West,West,60.07,USD,ecommerce,chip_pin,approved,APPROVE
X000166982,2026-01-30 17:42:07,C001379,A0001379,M00592,T00596,South,South,22.57,USD,ecommerce,3ds,approved,APPROVE
X000155417,2026-01-30 17:42:24,C001280,A0001280,M00118,T00907,West,West,125.26,USD,card_present,3ds,approved,APPROVE
X000032851,2026-01-30 17:42:37,C000278,A0000278,M00623,T00969,Midwest,Midwest,239.16,USD,mobile_wallet,chip_pin,approved,APPROVE
X000108982,2026-01-30 17:43:02,C000913,A0000913,M00386,T00008,Northeast,Northeast,167.54,USD,card_present,chip_pin,approved,APPROVE
X000153580,2026-01-30 17:43:26,C001263,A0001263,M00273,T00611,West,West,135.09,USD,ecommerce,3ds,approved,APPROVE
X000080464,2026-01-30 17:44:03,C000676,A0000676,M00244,T00277,South,South,41.78,USD,card_present,chip_pin,approved,APPROVE
X000090107,2026-01-30 17:44:03,C000753,A0000753,M00492,T00550,West,West,35.28,USD,mobile_wallet,wallet_biometric,approved,APPROVE
X000152736,2026-01-30 17:44:55,C001256,A0001256,M00376,T00309,Northeast,South,112.75,USD,ecommerce,wallet_biometric,approved,APPROVE
X000005023,2026-01-30 17:45:28,C000046,A0000046,M00645,T00428,South,South,15.46,USD,mobile_wallet,magstripe,approved,APPROVE
X000064715,2026-01-30 17:45:29,C000549,A0000549,M00050,T01119,Midwest,Midwest,59.8,USD,card_present,chip_pin,approved,APPROVE
X000041617,2026-01-30 17:45:39,C000352,A0000352,M00005,T01091,South,South,115.36,USD,ecommerce,chip_pin,soft_decline,CHALLENGE
X000112747,2026-01-30 17:45:40,C000943,A0000943,M00434,T00133,South,South,277.63,USD,card_present,3ds,approved,APPROVE
X000139821,2026-01-30 17:45:49,C001153,A0001153,M00602,T00692,Northeast,Northeast,40.91,USD,ecommerce,3ds,approved,APPROVE
X000011504,2026-01-30 17:46:09,C000102,A0000102,M00255,T01045,West,West,387.56,USD,mobile_wallet,chip_pin,approved,APPROVE
X000175462,2026-01-30 17:46:12,C001445,A0001445,M00788,T01136,Northeast,South,48.82,USD,card_present,wallet_biometric,approved,APPROVE
X000102710,2026-01-30 17:46:22,C000863,A0000863,M00111,T01015,Midwest,Midwest,101.18,USD,card_present,chip_pin,approved,APPROVE
X000019035,2026-01-30 17:46:26,C000164,A0000164,M00684,T00007,West,West,49.52,USD,card_present,chip_pin,approved,APPROVE
X000044669,2026-01-30 17:46:36,C000377,A0000377,M00038,T00813,South,South,66.17,USD,card_present,magstripe,approved,APPROVE
X000018308,2026-01-30 17:46:57,C000156,A0000156,M00051,T00286,South,South,58.91,USD,mobile_wallet,chip_pin,approved,APPROVE
X000021485,2026-01-30 17:47:04,C000186,A0000186,M00232,T00367,West,West,302.25,USD,card_present,wallet_biometric,approved,APPROVE
X000088222,2026-01-30 17:47:04,C000741,A0000741,M00670,T00842,Northeast,Northeast,18.4,USD,card_present,3ds,approved,APPROVE
X000025025,2026-01-30 17:48:13,C000212,A0000212,M00326,T00288,Northeast,Northeast,105.83,USD,card_present,chip_pin,approved,APPROVE
X000181573,2026-01-30 17:48:15,C001493,A0001493,M00365,T00733,South,South,46.69,USD,card_present,wallet_biometric,approved,APPROVE
X000189024,2026-01-30 17:49:06,C001553,A0001553,M00315,T01023,Midwest,Midwest,49.02,USD,mobile_wallet,chip_pin,approved,APPROVE
X000003044,2026-01-30 17:49:55,C000028,A0000028,M00596,T01101,Midwest,Midwest,67.66,USD,ecommerce,chip_pin,approved,APPROVE
X000135467,2026-01-30 17:50:16,C001112,A0001112,M00771,T00411,South,South,48.72,USD,card_present,chip_pin,approved,APPROVE
X000185191,2026-01-30 17:51:46,C001524,A0001524,M00598,T00149,West,West,72.86,USD,card_present,chip_pin,approved,APPROVE
X000227750,2026-01-30 17:52:38,C001856,A0001856,M00270,T00356,South,South,158.69,USD,ecommerce,chip_pin,approved,APPROVE
X000198031,2026-01-30 17:52:43,C001624,A0001624,M00433,T00174,Midwest,Midwest,39.66,USD,card_present,3ds,approved,APPROVE
X000188572,2026-01-30 17:53:09,C001549,A0001549,M00400,T00241,West,West,137.69,USD,card_present,3ds,approved,APPROVE
X000086031,2026-01-30 17:53:38,C000721,A0000721,M00104,T00520,West,West,52.03,USD,card_present,wallet_biometric,approved,APPROVE
X000125154,2026-01-30 17:53:46,C001032,A0001032,M00394,T00922,South,South,430.89,USD,card_present,chip_pin,approved,APPROVE
X000238457,2026-01-30 17:54:38,C001946,A0001946,M00487,T00270,South,South,73.59,USD,card_present,wallet_biometric,approved,APPROVE
X000208773,2026-01-30 17:55:02,C001703,A0001703,M00251,T00782,West,West,76.68,USD,card_present,3ds,approved,APPROVE
X000039156,2026-01-30 17:55:21,C000333,A0000333,M00513,T00308,Midwest,Midwest,188.96,USD,card_present,chip_pin,approved,APPROVE
X000069344,2026-01-30 17:55:23,C000589,A0000589,M00173,T01167,South,South,160.03,USD,card_present,magstripe,approved,APPROVE
X000046497,2026-01-30 17:56:11,C000390,A0000390,M00477,T00694,West,West,37.25,USD,ecommerce,chip_pin,approved,APPROVE
X000019581,2026-01-30 17:56:34,C000169,A0000169,M00004,T00199,Northeast,Northeast,66.96,USD,ecommerce,chip_pin,approved,APPROVE
X000171535,2026-01-30 17:56:44,C001414,A0001414,M00254,T00820,West,West,10.89,USD,ecommerce,magstripe,approved,APPROVE
X000117020,2026-01-30 17:56:48,C000971,A0000971,M00270,T00562,South,South,152.32,USD,card_present,chip_pin,soft_decline,CHALLENGE
X000110090,2026-01-30 17:57:22,C000920,A0000920,M00781,T00629,Northeast,Northeast,369.0,USD,ecommerce,chip_pin,approved,APPROVE
X000048258,2026-01-30 17:58:15,C000405,A0000405,M00659,T00047,Northeast,Northeast,55.55,USD,card_present,chip_pin,approved,APPROVE
X000210758,2026-01-30 17:58:37,C001718,A0001718,M00051,T01084,South,South,16.7,USD,card_present,chip_pin,approved,APPROVE
X000154468,2026-01-30 17:58:48,C001272,A0001272,M00311,T00342,Midwest,Midwest,59.46,USD,card_present,chip_pin,approved,APPROVE
X000056056,2026-01-30 17:59:25,C000473,A0000473,M00243,T00806,South,South,55.97,USD,card_present,3ds,approved,APPROVE
X000165207,2026-01-30 18:00:21,C001363,A0001363,M00680,T00949,Midwest,Midwest,31.31,USD,ecommerce,3ds,approved,APPROVE
X000096386,2026-01-30 18:00:32,C000806,A0000806,M00345,T00208,South,South,49.07,USD,card_present,3ds,approved,APPROVE
X000012166,2026-01-30 18:00:42,C000106,A0000106,M00023,T00108,Midwest,Midwest,32.62,USD,ecommerce,chip_pin,approved,APPROVE
X000029361,2026-01-30 18:01:53,C000253,A0000253,M00160,T00039,South,South,328.59,USD,ecommerce,chip_pin,approved,APPROVE
X000012768,2026-01-30 18:03:16,C000111,A0000111,M00378,T00730,South,South,46.23,USD,mobile_wallet,wallet_biometric,approved,APPROVE
X000111252,2026-01-30 18:03:59,C000928,A0000928,M00227,T00504,Midwest,Midwest,14.82,USD,card_present,chip_pin,approved,APPROVE
X000127679,2026-01-30 18:04:32,C001052,A0001052,M00335,T00070,South,South,253.96,USD,card_present,3ds,approved,APPROVE
X000037655,2026-01-30 18:05:41,C000321,A0000321,M00797,T00303,South,South,101.36,USD,card_present,wallet_biometric,approved,APPROVE
X000056652,2026-01-30 18:05:47,C000479,A0000479,M00760,T00859,West,Midwest,50.44,USD,card_present,chip_pin,approved,APPROVE
X000240001,2026-01-30 18:05:54,C001957,A0001957,M00668,T00869,Midwest,Midwest,19.56,USD,card_present,chip_pin,approved,APPROVE
X000198350,2026-01-30 18:06:02,C001626,A0001626,M00412,T00928,Midwest,Northeast,492.89,USD,card_present,chip_pin,approved,APPROVE
X000125155,2026-01-30 18:06:12,C001032,A0001032,M00051,T00286,South,South,489.35,USD,card_present,chip_pin,approved,APPROVE
X000111906,2026-01-30 18:06:23,C000934,A0000934,M00471,T00285,Midwest,Midwest,127.9,USD,card_present,chip_pin,approved,APPROVE
X000151226,2026-01-30 18:06:33,C001242,A0001242,M00005,T00817,South,South,96.72,USD,mobile_wallet,wallet_biometric,approved,APPROVE
X000230449,2026-01-30 18:06:33,C001879,A0001879,M00401,T01080,South,South,81.72,USD,card_present,magstripe,approved,APPROVE
X000114491,2026-01-30 18:07:11,C000952,A0000952,M00695,T00084,Midwest,Midwest,570.84,USD,card_present,magstripe,approved,APPROVE
X000021935,2026-01-30 18:07:23,C000189,A0000189,M00096,T00202,West,West,36.3,USD,ecommerce,chip_pin,approved,APPROVE
X000200234,2026-01-30 18:07:34,C001640,A0001640,M00179,T00767,Midwest,Midwest,112.28,USD,ecommerce,3ds,approved,APPROVE
X000107517,2026-01-30 18:08:53,C000900,A0000900,M00495,T00738,Midwest,Midwest,144.2,USD,card_present,3ds,approved,APPROVE
X000113742,2026-01-30 18:09:06,C000947,A0000947,M00295,T00926,South,South,55.94,USD,card_present,magstripe,approved,APPROVE
X000062064,2026-01-30 18:09:24,C000528,A0000528,M00148,T00038,Midwest,Midwest,35.59,USD,ecommerce,chip_pin,approved,APPROVE
X000126130,2026-01-30 18:09:41,C001039,A0001039,M00400,T00160,Northeast,West,274.69,USD,ecommerce,3ds,approved,APPROVE
X000182277,2026-01-30 18:10:08,C001500,A0001500,M00453,T00940,South,South,78.55,USD,ecommerce,chip_pin,approved,APPROVE
X000184813,2026-01-30 18:10:41,C001522,A0001522,M00087,T00716,South,South,20.0,USD,ecommerce,chip_pin,approved,APPROVE
X000075254,2026-01-30 18:10:42,C000632,A0000632,M00684,T01008,Midwest,West,114.11,USD,card_present,chip_pin,approved,APPROVE
X000242083,2026-01-30 18:10:58,C001976,A0001976,M00372,T00192,South,South,29.71,USD,ecommerce,chip_pin,approved,APPROVE
X000012167,2026-01-30 18:12:00,C000106,A0000106,M00023,T00108,Midwest,Midwest,70.37,USD,card_present,chip_pin,approved,APPROVE
X000105842,2026-01-30 18:12:06,C000889,A0000889,M00638,T00151,Northeast,Northeast,73.83,USD,mobile_wallet,chip_pin,approved,APPROVE
X000235795,2026-01-30 18:12:13,C001922,A0001922,M00042,T00546,Northeast,Northeast,17.32,USD,card_present,wallet_biometric,approved,APPROVE
X000057239,2026-01-30 18:12:27,C000484,A0000484,M00116,T00469,West,West,123.42,USD,card_present,wallet_biometric,approved,APPROVE
X000144891,2026-01-30 18:12:41,C001193,A0001193,M00552,T00463,Northeast,Northeast,18.8,USD,card_present,chip_pin,approved,APPROVE
X000030480,2026-01-30 18:13:18,C000260,A0000260,M00500,T00274,Midwest,Midwest,134.19,USD,card_present,3ds,approved,APPROVE
X000058245,2026-01-30 18:13:42,C000494,A0000494,M00740,T00080,Northeast,Northeast,21.81,USD,card_present,chip_pin,approved,APPROVE
X000057689,2026-01-30 18:14:02,C000489,A0000489,M00297,T00721,Northeast,Northeast,58.4,USD,card_present,magstripe,approved,APPROVE
X000091329,2026-01-30 18:14:09,C000766,A0000766,M00642,T00253,Midwest,Midwest,69.75,USD,card_present,chip_pin,approved,APPROVE
X000087976,2026-01-30 18:14:29,C000739,A0000739,M00251,T00619,West,West,30.29,USD,mobile_wallet,chip_pin,approved,APPROVE
X000087892,2026-01-30 18:14:57,C000738,A0000738,M00292,T00447,South,South,66.72,USD,mobile_wallet,magstripe,approved,APPROVE
X000241390,2026-01-30 18:15:04,C001970,A0001970,M00412,T00928,Northeast,Northeast,64.84,USD,card_present,chip_pin,approved,APPROVE
X000150608,2026-01-30 18:15:30,C001239,A0001239,M00500,T00780,Midwest,Midwest,34.11,USD,card_present,3ds,approved,APPROVE
X000154794,2026-01-30 18:15:32,C001276,A0001276,M00679,T00775,Northeast,Northeast,38.35,USD,ecommerce,3ds,approved,APPROVE
X000028001,2026-01-30 18:15:53,C000241,A0000241,M00271,T01087,Northeast,Northeast,23.46,USD,mobile_wallet,chip_pin,approved,APPROVE
X000036379,2026-01-30 18:16:48,C000311,A0000311,M00376,T00309,South,South,19.64,USD,ecommerce,chip_pin,approved,APPROVE
X000023081,2026-01-30 18:17:04,C000197,A0000197,M00779,T00146,South,South,74.77,USD,card_present,chip_pin,approved,APPROVE
X000120083,2026-01-30 18:17:53,C000997,A0000997,M00501,T01003,Northeast,Northeast,17.33,USD,mobile_wallet,chip_pin,approved,APPROVE
X000009402,2026-01-30 18:18:10,C000086,A0000086,M00552,T00602,Northeast,Northeast,13.46,USD,card_present,chip_pin,approved,APPROVE
X000087977,2026-01-30 18:18:37,C000739,A0000739,M00686,T00708,West,West,24.96,USD,mobile_wallet,chip_pin,approved,APPROVE
X000114707,2026-01-30 18:18:48,C000954,A0000954,M00123,T00812,Midwest,Midwest,22.46,USD,card_present,chip_pin,approved,APPROVE
X000233961,2026-01-30 18:18:55,C001907,A0001907,M00766,T00816,West,West,109.09,USD,ecommerce,chip_pin,approved,APPROVE
X000031348,2026-01-30 18:18:59,C000265,A0000265,M00687,T01115,Midwest,Midwest,18.21,USD,ecommerce,chip_pin,approved,APPROVE
X000194327,2026-01-30 18:21:15,C001597,A0001597,M00452,T00329,Northeast,Northeast,286.95,USD,card_present,chip_pin,approved,APPROVE
X000062807,2026-01-30 18:21:23,C000533,A0000533,M00460,T00677,Midwest,Midwest,28.26,USD,mobile_wallet,chip_pin,approved,APPROVE
X000010996,2026-01-30 18:22:17,C000099,A0000099,M00700,T00679,Northeast,Northeast,26.07,USD,card_present,chip_pin,approved,APPROVE
X000111315,2026-01-30 18:22:39,C000929,A0000929,M00666,T00992,South,South,55.21,USD,mobile_wallet,3ds,approved,APPROVE
X000236004,2026-01-30 18:23:43,C001924,A0001924,M00514,T01089,West,West,50.01,USD,mobile_wallet,wallet_biometric,approved,APPROVE
X000133920,2026-01-30 18:24:36,C001102,A0001102,M00614,T00113,South,South,94.9,USD,card_present,chip_pin,soft_decline,CHALLENGE
X000172654,2026-01-30 18:24:50,C001424,A0001424,M00740,T00262,Northeast,Northeast,66.35,USD,card_present,3ds,approved,APPROVE
X000103488,2026-01-30 18:25:27,C000871,A0000871,M00240,T00605,Midwest,Midwest,35.7,USD,card_present,3ds,approved,APPROVE
X000161767,2026-01-30 18:26:36,C001334,A0001334,M00503,T00131,West,West,101.25,USD,mobile_wallet,wallet_biometric,approved,APPROVE
X000145098,2026-01-30 18:27:31,C001194,A0001194,M00567,T01019,Northeast,Northeast,48.06,USD,ecommerce,wallet_biometric,approved,APPROVE
X000138704,2026-01-30 18:27:45,C001142,A0001142,M00325,T00244,Northeast,Northeast,215.08,USD,card_present,chip_pin,approved,APPROVE
X000168689,2026-01-30 18:28:09,C001395,A0001395,M00535,T00606,West,West,19.06,USD,card_present,chip_pin,approved,APPROVE
X000018601,2026-01-30 18:28:13,C000159,A0000159,M00280,T00178,Northeast,Northeast,157.83,USD,card_present,chip_pin,approved,APPROVE
X000216205,2026-01-30 18:28:17,C001766,A0001766,M00663,T00862,West,West,29.04,USD,ecommerce,chip_pin,approved,APPROVE
X000212729,2026-01-30 18:28:29,C001736,A0001736,M00281,T00326,West,West,68.48,USD,card_present,chip_pin,approved,APPROVE
X000042287,2026-01-30 18:29:06,C000358,A0000358,M00478,T00667,Midwest,Midwest,256.19,USD,ecommerce,chip_pin,approved,APPROVE
X000232380,2026-01-30 18:30:25,C001895,A0001895,M00453,T00940,South,South,68.31,USD,card_present,3ds,approved,APPROVE
X000026176,2026-01-30 18:30:53,C000223,A0000223,M00051,T00286,South,South,52.79,USD,mobile_wallet,magstripe,approved,APPROVE
X000217449,2026-01-30 18:31:02,C001776,A0001776,M00400,T00160,West,West,70.52,USD,mobile_wallet,wallet_biometric,approved,APPROVE
X000129404,2026-01-30 18:31:40,C001064,A0001064,M00552,T00463,Northeast,Northeast,116.47,USD,ecommerce,chip_pin,approved,APPROVE
X000097535,2026-01-30 18:31:57,C000817,A0000817,M00219,T00193,Northeast,Northeast,49.14,USD,card_present,chip_pin,approved,APPROVE
X000178426,2026-01-30 18:32:43,C001469,A0001469,M00321,T00416,South,Midwest,99.75,USD,ecommerce,chip_pin,approved,APPROVE
X000134887,2026-01-30 18:33:08,C001107,A0001107,M00280,T00178,Northeast,Northeast,50.35,USD,ecommerce,3ds,approved,APPROVE
X000142051,2026-01-30 18:33:36,C001171,A0001171,M00734,T01137,South,Midwest,157.04,USD,card_present,chip_pin,approved,APPROVE
X000091116,2026-01-30 18:35:17,C000764,A0000764,M00012,T01105,West,West,103.39,USD,card_present,chip_pin,approved,APPROVE
X000130147,2026-01-30 18:35:17,C001069,A0001069,M00556,T00589,South,South,33.69,USD,card_present,chip_pin,approved,APPROVE
X000203671,2026-01-30 18:35:21,C001666,A0001666,M00674,T00232,Midwest,Midwest,129.85,USD,card_present,chip_pin,approved,APPROVE
X000087324,2026-01-30 18:35:42,C000733,A0000733,M00513,T00308,Midwest,Midwest,49.99,USD,ecommerce,wallet_biometric,approved,APPROVE
X000087325,2026-01-30 18:36:09,C000733,A0000733,M00513,T00308,Midwest,Midwest,602.59,USD,card_present,3ds,approved,APPROVE
X000135817,2026-01-30 18:36:30,C001116,A0001116,M00526,T00055,South,South,60.5,USD,mobile_wallet,chip_pin,approved,APPROVE
X000043629,2026-01-30 18:36:48,C000370,A0000370,M00786,T00092,Northeast,Northeast,45.48,USD,card_present,chip_pin,approved,APPROVE
X000127963,2026-01-30 18:36:48,C001053,A0001053,M00184,T00058,South,South,99.39,USD,ecommerce,3ds,approved,APPROVE
X000203271,2026-01-30 18:37:18,C001664,A0001664,M00507,T01055,South,South,198.21,USD,ecommerce,chip_pin,approved,APPROVE
X000049763,2026-01-30 18:38:15,C000416,A0000416,M00040,T01012,Northeast,Northeast,14.74,USD,card_present,wallet_biometric,approved,APPROVE
X000095441,2026-01-30 18:38:17,C000797,A0000797,M00345,T01160,South,South,36.34,USD,card_present,wallet_biometric,approved,APPROVE
X000243004,2026-01-30 18:39:02,C001982,A0001982,M00260,T00534,South,West,48.07,USD,ecommerce,wallet_biometric,approved,APPROVE
X000227396,2026-01-30 18:39:31,C001853,A0001853,M00553,T00807,West,West,336.0,USD,card_present,magstripe,approved,APPROVE
X000201094,2026-01-30 18:39:45,C001647,A0001647,M00494,T00136,West,West,112.12,USD,card_present,wallet_biometric,approved,APPROVE
X000081499,2026-01-30 18:40:45,C000682,A0000682,M00018,T00234,South,South,352.54,USD,card_present,chip_pin,approved,APPROVE
X000000215,2026-01-30 18:40:59,C000002,A0000002,M00553,T00764,West,West,26.3,USD,card_present,wallet_biometric,approved,APPROVE
X000157668,2026-01-30 18:40:59,C001296,A0001296,M00476,T00071,Midwest,Midwest,77.13,USD,mobile_wallet,chip_pin,approved,APPROVE
X000241875,2026-01-30 18:41:17,C001974,A0001974,M00056,T01147,Midwest,Midwest,268.45,USD,ecommerce,chip_pin,approved,APPROVE
X000033254,2026-01-30 18:42:13,C000282,A0000282,M00763,T00601,South,South,94.58,USD,card_present,chip_pin,approved,APPROVE
X000107518,2026-01-30 18:42:16,C000900,A0000900,M00191,T00397,Midwest,Midwest,143.74,USD,card_present,magstripe,approved,APPROVE
X000073233,2026-01-30 18:42:52,C000619,A0000619,M00428,T00264,West,West,65.08,USD,ecommerce,3ds,approved,APPROVE
X000196407,2026-01-30 18:42:56,C001613,A0001613,M00782,T00464,Midwest,Midwest,134.79,USD,mobile_wallet,3ds,approved,APPROVE
X000020941,2026-01-30 18:42:58,C000183,A0000183,M00569,T00983,South,South,19.16,USD,mobile_wallet,3ds,approved,APPROVE
X000200076,2026-01-30 18:43:15,C001639,A0001639,M00213,T00876,Northeast,Northeast,103.31,USD,ecommerce,chip_pin,approved,APPROVE
X000050269,2026-01-30 18:43:56,C000421,A0000421,M00645,T00905,South,South,28.12,USD,card_present,3ds,approved,APPROVE
X000172006,2026-01-30 18:44:10,C001419,A0001419,M00208,T00633,Midwest,Midwest,91.51,USD,ecommerce,magstripe,approved,APPROVE
X000173701,2026-01-30 18:44:21,C001432,A0001432,M00590,T01110,West,West,22.37,USD,card_present,wallet_biometric,approved,APPROVE
X000059621,2026-01-30 18:45:23,C000507,A0000507,M00784,T00228,South,South,33.71,USD,ecommerce,chip_pin,approved,APPROVE
X000137174,2026-01-30 18:45:33,C001127,A0001127,M00268,T00608,West,West,211.57,USD,card_present,3ds,approved,APPROVE
X000071395,2026-01-30 18:46:17,C000606,A0000606,M00167,T00818,Northeast,Northeast,26.12,USD,ecommerce,3ds,approved,APPROVE
X000240101,2026-01-30 18:46:45,C001958,A0001958,M00064,T00627,West,Midwest,65.49,USD,card_present,chip_pin,approved,APPROVE
X000058848,2026-01-30 18:47:27,C000499,A0000499,M00255,T00819,West,West,191.86,USD,ecommerce,3ds,approved,APPROVE
X000060535,2026-01-30 18:47:31,C000515,A0000515,M00647,T01037,West,West,128.59,USD,card_present,chip_pin,approved,APPROVE
X000051783,2026-01-30 18:47:46,C000438,A0000438,M00701,T01094,West,West,22.06,USD,card_present,chip_pin,approved,APPROVE
X000173089,2026-01-30 18:48:01,C001428,A0001428,M00731,T00584,Northeast,Northeast,62.95,USD,ecommerce,chip_pin,approved,APPROVE
X000118951,2026-01-30 18:48:34,C000985,A0000985,M00183,T01168,South,South,57.65,USD,ecommerce,chip_pin,approved,APPROVE
X000199738,2026-01-30 18:48:38,C001637,A0001637,M00247,T01144,South,South,86.65,USD,card_present,chip_pin,approved,APPROVE
X000016832,2026-01-30 18:48:40,C000143,A0000143,M00494,T00034,West,West,22.06,USD,ecommerce,3ds,approved,APPROVE
X000208354,2026-01-30 18:48:50,C001701,A0001701,M00791,T00304,South,South,51.62,USD,card_present,3ds,approved,APPROVE
X000053246,2026-01-30 18:49:28,C000449,A0000449,M00594,T00841,Northeast,Northeast,85.9,USD,card_present,wallet_biometric,approved,APPROVE
X000243278,2026-01-30 18:49:45,C001985,A0001985,M00486,T00218,South,South,13.62,USD,card_present,chip_pin,approved,APPROVE
X000209254,2026-01-30 18:50:18,C001708,A0001708,M00611,T00035,West,West,63.31,USD,card_present,chip_pin,approved,APPROVE
X000169878,2026-01-30 18:51:04,C001401,A0001401,M00504,T00422,Northeast,Northeast,71.32,USD,ecommerce,chip_pin,approved,APPROVE
X000196211,2026-01-30 18:51:17,C001612,A0001612,M00133,T00854,Northeast,Northeast,126.03,USD,card_present,3ds,approved,APPROVE
X000067571,2026-01-30 18:51:45,C000572,A0000572,M00283,T01004,Northeast,Northeast,15.1,USD,ecommerce,3ds,approved,APPROVE
X000037966,2026-01-30 18:52:00,C000324,A0000324,M00298,T00088,Northeast,Northeast,21.4,USD,ecommerce,3ds,approved,APPROVE
X000135060,2026-01-30 18:52:14,C001109,A0001109,M00770,T00870,Midwest,Midwest,64.74,USD,card_present,magstripe,approved,APPROVE
X000181223,2026-01-30 18:52:56,C001490,A0001490,M00766,T00445,West,West,315.12,USD,card_present,magstripe,approved,APPROVE
X000061418,2026-01-30 18:53:50,C000524,A0000524,M00683,T00986,Midwest,Midwest,102.15,USD,card_present,3ds,approved,APPROVE
X000123232,2026-01-30 18:55:15,C001021,A0001021,M00530,T00217,West,West,63.54,USD,ecommerce,chip_pin,approved,APPROVE
X000137913,2026-01-30 18:56:03,C001134,A0001134,M00015,T00330,South,South,174.72,USD,card_present,3ds,approved,APPROVE
X000024754,2026-01-30 18:56:12,C000209,A0000209,M00623,T00969,Midwest,Midwest,98.45,USD,card_present,3ds,approved,APPROVE
X000189143,2026-01-30 18:57:02,C001554,A0001554,M00022,T00194,South,South,34.03,USD,mobile_wallet,magstripe,approved,APPROVE
X000173289,2026-01-30 18:57:23,C001429,A0001429,M00561,T00399,Midwest,Midwest,213.55,USD,mobile_wallet,chip_pin,approved,APPROVE
X000035754,2026-01-30 18:57:26,C000304,A0000304,M00594,T01188,Northeast,Northeast,49.28,USD,ecommerce,chip_pin,approved,APPROVE
X000072437,2026-01-30 18:57:37,C000612,A0000612,M00302,T00325,Northeast,Northeast,119.75,USD,card_present,wallet_biometric,approved,APPROVE
X000059622,2026-01-30 18:58:02,C000507,A0000507,M00784,T00228,South,South,22.1,USD,card_present,chip_pin,approved,APPROVE
X000212402,2026-01-30 18:58:10,C001733,A0001733,M00391,T00267,Northeast,Northeast,334.5,USD,ecommerce,chip_pin,approved,APPROVE
X000118952,2026-01-30 18:58:33,C000985,A0000985,M00013,T00686,South,South,49.79,USD,ecommerce,chip_pin,approved,APPROVE
X000199739,2026-01-30 18:58:44,C001637,A0001637,M00153,T00753,South,South,168.13,USD,mobile_wallet,chip_pin,approved,APPROVE
X000019977,2026-01-30 18:59:19,C000173,A0000173,M00359,T00984,Midwest,Midwest,177.5,USD,ecommerce,chip_pin,approved,APPROVE
X000004120,2026-01-30 18:59:46,C000036,A0000036,M00452,T00329,Northeast,Northeast,151.55,USD,ecommerce,chip_pin,approved,APPROVE
X000219001,2026-01-30 19:00:25,C001789,A0001789,M00602,T00692,Northeast,Northeast,290.59,USD,mobile_wallet,3ds,approved,APPROVE
X000062808,2026-01-30 19:00:29,C000533,A0000533,M00635,T00849,Midwest,Midwest,21.5,USD,mobile_wallet,chip_pin,approved,APPROVE
X000099123,2026-01-30 19:00:45,C000831,A0000831,M00608,T00219,South,South,18.49,USD,card_present,3ds,approved,APPROVE
X000032852,2026-01-30 19:00:56,C000278,A0000278,M00191,T00568,Midwest,Midwest,91.42,USD,card_present,chip_pin,approved,APPROVE
X000051207,2026-01-30 19:01:13,C000431,A0000431,M00171,T00061,Northeast,Northeast,38.72,USD,mobile_wallet,chip_pin,approved,APPROVE
X000095946,2026-01-30 19:01:20,C000801,A0000801,M00712,T00064,South,South,13.96,USD,card_present,chip_pin,approved,APPROVE
X000039292,2026-01-30 19:01:37,C000334,A0000334,M00347,T01022,Midwest,Midwest,38.8,USD,card_present,wallet_biometric,approved,APPROVE
X000011505,2026-01-30 19:01:38,C000102,A0000102,M00255,T01045,West,West,250.86,USD,ecommerce,wallet_biometric,approved,APPROVE
X000080286,2026-01-30 19:01:38,C000675,A0000675,M00376,T00181,South,South,38.16,USD,card_present,wallet_biometric,approved,APPROVE
X000192074,2026-01-30 19:01:51,C001576,A0001576,M00695,T00084,Midwest,Midwest,32.11,USD,card_present,3ds,approved,APPROVE
X000069860,2026-01-30 19:01:56,C000594,A0000594,M00770,T00715,Midwest,Midwest,33.8,USD,card_present,3ds,approved,APPROVE
X000216287,2026-01-30 19:01:59,C001767,A0001767,M00169,T01098,Northeast,Midwest,44.26,USD,card_present,3ds,approved,APPROVE
X000190139,2026-01-30 19:02:04,C001562,A0001562,M00700,T00679,Northeast,Northeast,120.51,USD,ecommerce,wallet_biometric,approved,APPROVE
X000240477,2026-01-30 19:02:06,C001961,A0001961,M00122,T00225,South,South,157.58,USD,card_present,3ds,approved,APPROVE
X000206058,2026-01-30 19:02:29,C001681,A0001681,M00598,T00688,West,West,61.55,USD,ecommerce,3ds,approved,APPROVE
X000033367,2026-01-30 19:02:55,C000283,A0000283,M00698,T00516,West,West,116.35,USD,card_present,3ds,approved,APPROVE
X000096671,2026-01-30 19:02:56,C000809,A0000809,M00518,T00379,South,South,48.52,USD,ecommerce,chip_pin,approved,APPROVE
X000101740,2026-01-30 19:03:24,C000856,A0000856,M00244,T00336,South,South,56.56,USD,ecommerce,chip_pin,approved,APPROVE
X000190871,2026-01-30 19:03:25,C001567,A0001567,M00608,T00219,South,South,140.55,USD,card_present,chip_pin,approved,APPROVE
X000006361,2026-01-30 19:03:28,C000057,A0000057,M00708,T00450,West,West,257.23,USD,mobile_wallet,3ds,approved,APPROVE
X000066185,2026-01-30 19:03:32,C000561,A0000561,M00244,T00336,South,South,107.82,USD,mobile_wallet,chip_pin,approved,APPROVE
X000216206,2026-01-30 19:03:35,C001766,A0001766,M00663,T00862,West,West,50.48,USD,card_present,magstripe,approved,APPROVE
X000029625,2026-01-30 19:03:49,C000254,A0000254,M00452,T00329,Northeast,Northeast,218.31,USD,ecommerce,3ds,approved,APPROVE
X000198657,2026-01-30 19:04:10,C001627,A0001627,M00779,T00146,South,South,374.43,USD,mobile_wallet,3ds,approved,APPROVE
X000085009,2026-01-30 19:04:43,C000710,A0000710,M00265,T00865,West,West,81.05,USD,card_present,chip_pin,approved,APPROVE
X000145348,2026-01-30 19:05:00,C001196,A0001196,M00376,T00048,South,South,78.33,USD,card_present,chip_pin,approved,APPROVE
X000020377,2026-01-30 19:05:56,C000177,A0000177,M00638,T00151,Northeast,Northeast,75.31,USD,mobile_wallet,wallet_biometric,approved,APPROVE
X000211382,2026-01-30 19:06:38,C001724,A0001724,M00309,T01011,Northeast,Northeast,66.32,USD,card_present,chip_pin,approved,APPROVE
X000055015,2026-01-30 19:06:44,C000465,A0000465,M00392,T00760,Midwest,Midwest,120.97,USD,card_present,chip_pin,approved,APPROVE
X000237418,2026-01-30 19:06:58,C001936,A0001936,M00689,T00395,Northeast,Northeast,38.11,USD,mobile_wallet,3ds,approved,APPROVE
X000139731,2026-01-30 19:07:23,C001152,A0001152,M00266,T00421,Northeast,Northeast,40.83,USD,card_present,magstripe,approved,APPROVE
X000233962,2026-01-30 19:07:57,C001907,A0001907,M00540,T01173,West,West,303.74,USD,ecommerce,chip_pin,approved,APPROVE
X000039428,2026-01-30 19:08:57,C000335,A0000335,M00349,T00076,West,West,33.99,USD,ecommerce,wallet_biometric,approved,APPROVE
X000110920,2026-01-30 19:08:57,C000925,A0000925,M00094,T01093,South,South,51.13,USD,ecommerce,chip_pin,approved,APPROVE
X000181476,2026-01-30 19:09:27,C001492,A0001492,M00022,T00194,South,South,26.76,USD,ecommerce,chip_pin,approved,APPROVE
X000126928,2026-01-30 19:10:21,C001045,A0001045,M00767,T00313,South,South,17.89,USD,ecommerce,chip_pin,approved,APPROVE
X000204822,2026-01-30 19:10:56,C001672,A0001672,M00069,T00652,West,West,69.16,USD,card_present,chip_pin,approved,APPROVE
X000079111,2026-01-30 19:11:24,C000666,A0000666,M00060,T00662,West,West,28.53,USD,card_present,chip_pin,approved,APPROVE
X000245151,2026-01-30 19:11:52,C001997,A0001997,M00580,T00415,South,South,451.5,USD,card_present,chip_pin,approved,APPROVE
X000150456,2026-01-30 19:12:11,C001238,A0001238,M00791,T00304,South,South,259.2,USD,ecommerce,wallet_biometric,approved,APPROVE
X000051921,2026-01-30 19:12:22,C000439,A0000439,M00679,T00587,Northeast,Northeast,96.38,USD,card_present,wallet_biometric,approved,APPROVE
X000057866,2026-01-30 19:12:31,C000491,A0000491,M00610,T00995,Midwest,Midwest,106.42,USD,card_present,chip_pin,approved,APPROVE
X000080465,2026-01-30 19:13:03,C000676,A0000676,M00205,T00934,South,South,143.14,USD,card_present,3ds,approved,APPROVE
X000098397,2026-01-30 19:13:10,C000824,A0000824,M00555,T00348,Midwest,Midwest,29.65,USD,ecommerce,wallet_biometric,approved,APPROVE
X000048259,2026-01-30 19:13:37,C000405,A0000405,M00659,T00047,Northeast,Northeast,40.42,USD,ecommerce,chip_pin,approved,APPROVE
X000136291,2026-01-30 19:14:05,C001121,A0001121,M00620,T00551,South,South,136.85,USD,ecommerce,chip_pin,approved,APPROVE
X000056653,2026-01-30 19:14:36,C000479,A0000479,M00746,T00565,West,West,104.49,USD,ecommerce,wallet_biometric,approved,APPROVE
X000079940,2026-01-30 19:14:36,C000673,A0000673,M00537,T00054,West,West,57.91,USD,ecommerce,3ds,approved,APPROVE
X000011796,2026-01-30 19:15:19,C000104,A0000104,M00517,T00647,Midwest,Midwest,222.68,USD,mobile_wallet,3ds,approved,APPROVE
X000159221,2026-01-30 19:15:33,C001311,A0001311,M00231,T01111,South,South,63.64,USD,card_present,wallet_biometric,approved,APPROVE
X000184214,2026-01-30 19:15:33,C001517,A0001517,M00726,T00829,Northeast,Northeast,62.84,USD,card_present,chip_pin,approved,APPROVE
X000149850,2026-01-30 19:15:42,C001234,A0001234,M00190,T01150,Northeast,West,34.2,USD,card_present,wallet_biometric,approved,APPROVE
X000126131,2026-01-30 19:16:08,C001039,A0001039,M00109,T00641,Northeast,Northeast,298.32,USD,mobile_wallet,3ds,approved,APPROVE
X000145941,2026-01-30 19:16:08,C001203,A0001203,M00509,T01064,West,West,154.15,USD,card_present,3ds,approved,APPROVE
X000235596,2026-01-30 19:16:14,C001920,A0001920,M00504,T00422,Northeast,Northeast,66.3,USD,ecommerce,3ds,approved,APPROVE
X000180851,2026-01-30 19:16:31,C001486,A0001486,M00077,T00723,South,South,26.37,USD,mobile_wallet,chip_pin,approved,APPROVE
X000127680,2026-01-30 19:16:38,C001052,A0001052,M00282,T00583,South,South,144.52,USD,ecommerce,chip_pin,approved,APPROVE
X000229648,2026-01-30 19:17:02,C001871,A0001871,M00321,T01046,Midwest,Midwest,77.82,USD,ecommerce,magstripe,soft_decline,CHALLENGE
X000055016,2026-01-30 19:17:28,C000465,A0000465,M00460,T00355,Midwest,Midwest,103.43,USD,ecommerce,chip_pin,approved,APPROVE
X000089648,2026-01-30 19:17:30,C000749,A0000749,M00341,T01190,Midwest,Midwest,108.9,USD,card_present,chip_pin,approved,APPROVE
X000011506,2026-01-30 19:17:33,C000102,A0000102,M00756,T00999,West,West,174.59,USD,card_present,chip_pin,approved,APPROVE
X000080642,2026-01-30 19:18:20,C000677,A0000677,M00288,T00279,Northeast,Northeast,712.25,USD,card_present,3ds,approved,APPROVE
X000189610,2026-01-30 19:18:45,C001558,A0001558,M00082,T00557,Northeast,Northeast,30.19,USD,ecommerce,chip_pin,approved,APPROVE
X000188116,2026-01-30 19:18:54,C001544,A0001544,M00481,T00265,Northeast,Northeast,40.93,USD,ecommerce,chip_pin,approved,APPROVE
X000121987,2026-01-30 19:19:32,C001012,A0001012,M00585,T00052,Midwest,Midwest,60.42,USD,card_present,3ds,approved,APPROVE
X000203272,2026-01-30 19:19:55,C001664,A0001664,M00507,T01055,South,South,433.96,USD,card_present,chip_pin,approved,APPROVE
X000058246,2026-01-30 19:20:17,C000494,A0000494,M00171,T00523,Northeast,Northeast,35.16,USD,card_present,wallet_biometric,approved,APPROVE
X000166587,2026-01-30 19:20:25,C001375,A0001375,M00459,T00204,Northeast,Northeast,23.83,USD,card_present,chip_pin,approved,APPROVE
X000014504,2026-01-30 19:20:38,C000123,A0000123,M00296,T00252,South,South,78.41,USD,mobile_wallet,chip_pin,approved,APPROVE
X000152636,2026-01-30 19:21:03,C001255,A0001255,M00293,T00835,South,South,42.98,USD,mobile_wallet,chip_pin,approved,APPROVE
X000219183,2026-01-30 19:21:22,C001790,A0001790,M00484,T00479,South,South,50.42,USD,card_present,3ds,approved,APPROVE
X000050201,2026-01-30 19:22:04,C000420,A0000420,M00205,T00871,South,South,14.69,USD,mobile_wallet,3ds,approved,APPROVE
X000020774,2026-01-30 19:22:06,C000181,A0000181,M00484,T00479,South,South,29.46,USD,mobile_wallet,wallet_biometric,approved,APPROVE
X000073459,2026-01-30 19:22:42,C000621,A0000621,M00649,T00134,Midwest,Midwest,26.66,USD,ecommerce,wallet_biometric,approved,APPROVE
X000066404,2026-01-30 19:22:55,C000563,A0000563,M00299,T01117,Northeast,Northeast,31.75,USD,card_present,chip_pin,soft_decline,CHALLENGE
X000132754,2026-01-30 19:23:08,C001094,A0001094,M00031,T00031,South,South,52.82,USD,card_present,magstripe,approved,APPROVE
X000224554,2026-01-30 19:23:36,C001832,A0001832,M00205,T00934,South,South,237.29,USD,ecommerce,chip_pin,approved,APPROVE
X000076849,2026-01-30 19:23:40,C000646,A0000646,M00649,T00134,Midwest,Midwest,162.05,USD,card_present,chip_pin,approved,APPROVE
X000164803,2026-01-30 19:23:59,C001359,A0001359,M00739,T00701,South,South,62.36,USD,ecommerce,chip_pin,approved,APPROVE
X000240924,2026-01-30 19:24:08,C001966,A0001966,M00099,T00459,South,South,35.87,USD,mobile_wallet,3ds,approved,APPROVE
X000224797,2026-01-30 19:24:15,C001833,A0001833,M00369,T00207,Northeast,Northeast,12.64,USD,card_present,chip_pin,approved,APPROVE
X000168841,2026-01-30 19:25:06,C001396,A0001396,M00613,T00331,South,South,32.04,USD,ecommerce,wallet_biometric,approved,APPROVE
X000088102,2026-01-30 19:25:16,C000740,A0000740,M00083,T00781,Midwest,Midwest,12.48,USD,mobile_wallet,chip_pin,approved,APPROVE
X000152880,2026-01-30 19:25:22,C001257,A0001257,M00125,T00855,Midwest,West,91.17,USD,ecommerce,chip_pin,approved,APPROVE
X000212255,2026-01-30 19:25:47,C001732,A0001732,M00587,T00725,South,South,50.19,USD,card_present,chip_pin,approved,APPROVE
X000030481,2026-01-30 19:25:54,C000260,A0000260,M00353,T00378,Midwest,Midwest,127.16,USD,card_present,3ds,approved,APPROVE
X000016710,2026-01-30 19:25:57,C000142,A0000142,M00768,T00457,South,South,27.41,USD,card_present,chip_pin,approved,APPROVE
X000170996,2026-01-30 19:25:59,C001410,A0001410,M00668,T00869,Midwest,Midwest,51.36,USD,card_present,magstripe,approved,APPROVE
X000007534,2026-01-30 19:26:11,C000069,A0000069,M00380,T00989,Midwest,Midwest,56.81,USD,card_present,3ds,soft_decline,CHALLENGE
X000031110,2026-01-30 19:26:25,C000263,A0000263,M00562,T01175,West,West,213.09,USD,card_present,3ds,approved,APPROVE
X000156150,2026-01-30 19:26:32,C001285,A0001285,M00270,T00473,South,South,59.62,USD,card_present,magstripe,approved,APPROVE
X000217977,2026-01-30 19:26:33,C001780,A0001780,M00285,T01108,Midwest,Midwest,43.41,USD,card_present,wallet_biometric,approved,APPROVE
X000191203,2026-01-30 19:26:41,C001569,A0001569,M00476,T00184,Midwest,Midwest,65.55,USD,card_present,3ds,approved,APPROVE
X000032853,2026-01-30 19:27:32,C000278,A0000278,M00191,T00568,Midwest,Midwest,191.65,USD,card_present,chip_pin,approved,APPROVE
X000079862,2026-01-30 19:27:38,C000672,A0000672,M00731,T00394,Northeast,Northeast,47.18,USD,card_present,chip_pin,approved,APPROVE
X000235796,2026-01-30 19:28:08,C001922,A0001922,M00042,T00546,Northeast,Northeast,65.34,USD,mobile_wallet,3ds,approved,APPROVE
X000009292,2026-01-30 19:28:45,C000085,A0000085,M00123,T00579,Midwest,Midwest,90.82,USD,mobile_wallet,3ds,approved,APPROVE
X000100948,2026-01-30 19:28:55,C000850,A0000850,M00366,T00195,Northeast,Northeast,214.45,USD,card_present,magstripe,approved,APPROVE
X000164415,2026-01-30 19:29:54,C001355,A0001355,M00365,T00733,Northeast,South,180.37,USD,card_present,chip_pin,approved,APPROVE
X000134493,2026-01-30 19:30:40,C001104,A0001104,M00482,T00610,West,West,252.76,USD,ecommerce,chip_pin,approved,APPROVE
X000120479,2026-01-30 19:31:09,C001001,A0001001,M00635,T01013,Midwest,Midwest,19.62,USD,ecommerce,wallet_biometric,approved,APPROVE
X000011288,2026-01-30 19:31:36,C000101,A0000101,M00557,T00649,West,Midwest,46.04,USD,mobile_wallet,3ds,approved,APPROVE
X000146454,2026-01-30 19:31:38,C001208,A0001208,M00312,T00115,Northeast,Northeast,139.9,USD,card_present,wallet_biometric,approved,APPROVE
X000174141,2026-01-30 19:31:44,C001435,A0001435,M00398,T00960,South,South,117.22,USD,ecommerce,chip_pin,approved,APPROVE
X000132937,2026-01-30 19:31:48,C001096,A0001096,M00309,T00916,Northeast,Northeast,37.66,USD,mobile_wallet,3ds,approved,APPROVE
X000208895,2026-01-30 19:32:21,C001704,A0001704,M00258,T00527,Midwest,West,78.55,USD,mobile_wallet,chip_pin,approved,APPROVE
X000187007,2026-01-30 19:32:29,C001538,A0001538,M00342,T00483,Midwest,Midwest,68.31,USD,ecommerce,3ds,approved,APPROVE
X000241391,2026-01-30 19:33:19,C001970,A0001970,M00166,T00474,Northeast,Northeast,258.77,USD,card_present,wallet_biometric,approved,APPROVE
X000137630,2026-01-30 19:33:47,C001131,A0001131,M00661,T00337,Northeast,Northeast,66.75,USD,ecommerce,chip_pin,approved,APPROVE
X000214076,2026-01-30 19:34:17,C001748,A0001748,M00168,T00944,Northeast,Northeast,23.57,USD,ecommerce,magstripe,approved,APPROVE
X000138021,2026-01-30 19:34:33,C001135,A0001135,M00023,T00495,Midwest,Midwest,69.36,USD,ecommerce,3ds,approved,APPROVE
X000214916,2026-01-30 19:34:55,C001755,A0001755,M00129,T00930,Northeast,West,24.15,USD,ecommerce,3ds,approved,APPROVE
X000120883,2026-01-30 19:34:59,C001004,A0001004,M00022,T00194,South,South,214.4,USD,card_present,chip_pin,approved,APPROVE
X000173290,2026-01-30 19:35:39,C001429,A0001429,M00342,T00375,Midwest,Midwest,55.1,USD,mobile_wallet,chip_pin,approved,APPROVE
X000023707,2026-01-30 19:35:42,C000201,A0000201,M00594,T01188,Northeast,Northeast,240.14,USD,mobile_wallet,3ds,approved,APPROVE
X000016608,2026-01-30 19:36:51,C000141,A0000141,M00565,T01035,Midwest,Midwest,22.89,USD,ecommerce,magstripe,approved,APPROVE
X000208576,2026-01-30 19:36:52,C001702,A0001702,M00477,T00694,West,West,618.17,USD,card_present,chip_pin,approved,APPROVE
X000078153,2026-01-30 19:36:56,C000657,A0000657,M00295,T00163,South,South,46.6,USD,mobile_wallet,3ds,approved,APPROVE
X000165853,2026-01-30 19:36:56,C001368,A0001368,M00524,T00237,West,West,359.5,USD,card_present,chip_pin,soft_decline,CHALLENGE
X000152548,2026-01-30 19:38:11,C001254,A0001254,M00529,T00187,Midwest,Midwest,80.12,USD,card_present,wallet_biometric,approved,APPROVE
X000024311,2026-01-30 19:38:17,C000205,A0000205,M00055,T01054,South,South,19.43,USD,card_present,3ds,approved,APPROVE
X000144544,2026-01-30 19:39:11,C001190,A0001190,M00282,T01071,South,South,520.5,USD,ecommerce,chip_pin,approved,APPROVE
X000225255,2026-01-30 19:39:42,C001836,A0001836,M00613,T00638,South,South,191.36,USD,mobile_wallet,magstripe,approved,APPROVE
X000094367,2026-01-30 19:39:49,C000789,A0000789,M00459,T00204,Northeast,Northeast,89.56,USD,ecommerce,magstripe,approved,APPROVE
X000093227,2026-01-30 19:40:32,C000781,A0000781,M00484,T00728,South,South,89.52,USD,card_present,magstripe,approved,APPROVE
X000146552,2026-01-30 19:40:38,C001209,A0001209,M00217,T00815,South,South,22.62,USD,card_present,chip_pin,approved,APPROVE
X000176532,2026-01-30 19:40:40,C001455,A0001455,M00476,T00028,Midwest,Midwest,33.66,USD,mobile_wallet,chip_pin,approved,APPROVE
X000069345,2026-01-30 19:40:42,C000589,A0000589,M00087,T00716,South,South,113.47,USD,card_present,chip_pin,approved,APPROVE
X000232212,2026-01-30 19:41:21,C001894,A0001894,M00040,T00439,Northeast,Northeast,761.74,USD,mobile_wallet,chip_pin,approved,APPROVE
X000231498,2026-01-30 19:41:32,C001889,A0001889,M00717,T00614,South,South,514.63,USD,card_present,chip_pin,approved,APPROVE
X000167080,2026-01-30 19:41:39,C001380,A0001380,M00289,T00362,South,South,66.91,USD,ecommerce,chip_pin,approved,APPROVE
X000145942,2026-01-30 19:42:12,C001203,A0001203,M00442,T00105,West,West,72.88,USD,card_present,chip_pin,approved,APPROVE
X000166833,2026-01-30 19:42:17,C001377,A0001377,M00108,T00481,Midwest,Midwest,73.95,USD,card_present,3ds,approved,APPROVE
X000105979,2026-01-30 19:42:29,C000890,A0000890,M00460,T00355,Midwest,Midwest,21.74,USD,ecommerce,wallet_biometric,approved,APPROVE
X000058079,2026-01-30 19:42:52,C000493,A0000493,M00459,T00795,Northeast,Northeast,186.1,USD,ecommerce,chip_pin,approved,APPROVE
X000075558,2026-01-30 19:43:07,C000635,A0000635,M00450,T00640,Northeast,Northeast,46.37,USD,ecommerce,3ds,approved,APPROVE
X000061191,2026-01-30 19:43:11,C000521,A0000521,M00750,T01142,South,South,25.49,USD,card_present,3ds,approved,APPROVE
X000238329,2026-01-30 19:43:41,C001945,A0001945,M00556,T00223,South,South,23.53,USD,mobile_wallet,chip_pin,approved,APPROVE
X000120084,2026-01-30 19:43:43,C000997,A0000997,M00445,T00021,Northeast,Northeast,35.41,USD,ecommerce,3ds,approved,APPROVE
X000130226,2026-01-30 19:43:56,C001070,A0001070,M00345,T00208,South,South,30.9,USD,ecommerce,chip_pin,approved,APPROVE
X000057867,2026-01-30 19:44:06,C000491,A0000491,M00315,T01023,Midwest,Midwest,82.93,USD,ecommerce,wallet_biometric,approved,APPROVE
X000051784,2026-01-30 19:44:10,C000438,A0000438,M00701,T01094,West,West,31.05,USD,card_present,magstripe,approved,APPROVE
X000005557,2026-01-30 19:44:48,C000051,A0000051,M00587,T01174,South,South,167.43,USD,card_present,3ds,approved,APPROVE
X000164260,2026-01-30 19:44:54,C001354,A0001354,M00399,T00276,West,West,94.16,USD,card_present,wallet_biometric,approved,APPROVE
X000140591,2026-01-30 19:45:06,C001157,A0001157,M00148,T01086,Midwest,Midwest,53.78,USD,card_present,magstripe,approved,APPROVE
X000005313,2026-01-30 19:45:26,C000049,A0000049,M00750,T01142,South,South,51.68,USD,ecommerce,3ds,approved,APPROVE
X000210759,2026-01-30 19:45:31,C001718,A0001718,M00051,T01084,South,South,41.47,USD,ecommerce,wallet_biometric,approved,APPROVE
X000166041,2026-01-30 19:46:03,C001369,A0001369,M00343,T00377,West,West,24.05,USD,card_present,3ds,approved,APPROVE
X000109982,2026-01-30 19:46:18,C000919,A0000919,M00239,T00791,South,South,20.0,USD,ecommerce,3ds,approved,APPROVE
X000175773,2026-01-30 19:46:20,C001448,A0001448,M00675,T01030,Midwest,Midwest,78.22,USD,ecommerce,chip_pin,approved,APPROVE
X000050668,2026-01-30 19:47:03,C000425,A0000425,M00715,T00083,Midwest,Midwest,22.41,USD,ecommerce,chip_pin,approved,APPROVE
X000112748,2026-01-30 19:47:11,C000943,A0000943,M00434,T00133,South,South,279.19,USD,card_present,chip_pin,approved,APPROVE
X000000698,2026-01-30 19:47:24,C000008,A0000008,M00590,T01110,South,West,135.49,USD,ecommerce,3ds,approved,APPROVE
X000004121,2026-01-30 19:47:52,C000036,A0000036,M00604,T00623,Northeast,Northeast,64.61,USD,card_present,chip_pin,approved,APPROVE
X000158082,2026-01-30 19:47:53,C001300,A0001300,M00657,T00743,South,South,232.49,USD,card_present,chip_pin,approved,APPROVE
X000130315,2026-01-30 19:47:57,C001071,A0001071,M00365,T00733,South,South,43.88,USD,mobile_wallet,chip_pin,approved,APPROVE
X000211808,2026-01-30 19:48:10,C001727,A0001727,M00153,T00753,South,South,211.67,USD,card_present,wallet_biometric,approved,APPROVE
X000028440,2026-01-30 19:48:21,C000245,A0000245,M00368,T00453,Northeast,West,74.69,USD,mobile_wallet,chip_pin,approved,APPROVE
X000197669,2026-01-30 19:48:40,C001622,A0001622,M00666,T00992,South,South,23.44,USD,card_present,wallet_biometric,approved,APPROVE
X000042288,2026-01-30 19:48:58,C000358,A0000358,M00392,T00305,Midwest,Midwest,410.54,USD,mobile_wallet,chip_pin,approved,APPROVE
X000132542,2026-01-30 19:49:30,C001092,A0001092,M00691,T00343,Northeast,Northeast,117.13,USD,card_present,magstripe,approved,APPROVE
X000148935,2026-01-30 19:49:42,C001226,A0001226,M00070,T00658,Northeast,Northeast,260.14,USD,mobile_wallet,chip_pin,approved,APPROVE
X000220713,2026-01-30 19:49:52,C001800,A0001800,M00213,T00320,Northeast,Northeast,75.3,USD,card_present,magstripe,approved,APPROVE
X000215193,2026-01-30 19:50:23,C001757,A0001757,M00200,T00734,Midwest,Midwest,192.84,USD,card_present,chip_pin,approved,APPROVE
X000063725,2026-01-30 19:50:26,C000541,A0000541,M00434,T00808,South,South,190.27,USD,mobile_wallet,3ds,approved,APPROVE
X000034006,2026-01-30 19:50:37,C000289,A0000289,M00780,T00700,West,West,440.98,USD,ecommerce,chip_pin,approved,APPROVE
X000008257,2026-01-30 19:50:53,C000075,A0000075,M00790,T00112,Northeast,Northeast,52.61,USD,card_present,magstripe,approved,APPROVE
X000193926,2026-01-30 19:51:06,C001594,A0001594,M00159,T00555,Northeast,Northeast,45.07,USD,ecommerce,chip_pin,approved,APPROVE
X000178092,2026-01-30 19:51:27,C001465,A0001465,M00406,T00057,South,South,58.22,USD,card_present,wallet_biometric,approved,APPROVE
X000037365,2026-01-30 19:51:43,C000319,A0000319,M00262,T00060,South,South,47.74,USD,card_present,3ds,approved,APPROVE
X000235797,2026-01-30 19:52:45,C001922,A0001922,M00042,T00546,Northeast,Northeast,83.42,USD,mobile_wallet,3ds,approved,APPROVE
X000139194,2026-01-30 19:52:47,C001147,A0001147,M00613,T00638,South,South,57.26,USD,card_present,magstripe,approved,APPROVE
X000188573,2026-01-30 19:52:51,C001549,A0001549,M00416,T00451,West,West,143.68,USD,card_present,chip_pin,approved,APPROVE
X000003045,2026-01-30 19:52:52,C000028,A0000028,M00596,T01101,Midwest,Midwest,103.23,USD,card_present,chip_pin,approved,APPROVE
X000025596,2026-01-30 19:52:56,C000218,A0000218,M00094,T00737,South,South,51.05,USD,card_present,chip_pin,approved,APPROVE
X000096672,2026-01-30 19:52:57,C000809,A0000809,M00518,T00379,South,South,33.7,USD,mobile_wallet,magstripe,approved,APPROVE
X000121001,2026-01-30 19:53:10,C001005,A0001005,M00008,T00319,Midwest,West,57.87,USD,card_present,chip_pin,approved,APPROVE
X000147188,2026-01-30 19:53:11,C001214,A0001214,M00073,T00757,South,South,15.98,USD,mobile_wallet,3ds,approved,APPROVE
X000177319,2026-01-30 19:53:59,C001460,A0001460,M00148,T00250,Midwest,Midwest,194.09,USD,card_present,wallet_biometric,approved,APPROVE
X000071836,2026-01-30 19:54:16,C000609,A0000609,M00298,T00088,Northeast,Northeast,231.24,USD,mobile_wallet,3ds,approved,APPROVE
X000202800,2026-01-30 19:54:38,C001660,A0001660,M00745,T00183,Northeast,Northeast,42.37,USD,ecommerce,wallet_biometric,approved,APPROVE
X000189025,2026-01-30 19:54:40,C001553,A0001553,M00315,T01023,Midwest,Midwest,63.19,USD,card_present,magstripe,approved,APPROVE
X000158491,2026-01-30 19:54:58,C001304,A0001304,M00184,T01155,South,South,166.36,USD,card_present,chip_pin,approved,APPROVE
X000106830,2026-01-30 19:55:05,C000895,A0000895,M00613,T00331,South,South,15.37,USD,card_present,chip_pin,approved,APPROVE
X000060647,2026-01-30 19:55:10,C000516,A0000516,M00171,T01187,Northeast,Northeast,99.85,USD,ecommerce,wallet_biometric,approved,APPROVE
X000030200,2026-01-30 19:55:40,C000259,A0000259,M00003,T00787,South,South,88.36,USD,ecommerce,magstripe,approved,APPROVE
X000121842,2026-01-30 19:56:04,C001011,A0001011,M00699,T00493,Midwest,Midwest,108.38,USD,ecommerce,chip_pin,approved,APPROVE
X000179869,2026-01-30 19:56:17,C001479,A0001479,M00205,T00154,South,South,870.01,USD,card_present,wallet_biometric,approved,APPROVE
X000019842,2026-01-30 19:56:36,C000172,A0000172,M00258,T00943,West,West,103.13,USD,ecommerce,chip_pin,approved,APPROVE
X000035621,2026-01-30 19:56:47,C000302,A0000302,M00595,T00231,West,West,23.97,USD,card_present,wallet_biometric,approved,APPROVE
X000229373,2026-01-30 19:56:50,C001868,A0001868,M00067,T00654,South,South,116.45,USD,card_present,wallet_biometric,approved,APPROVE
X000012423,2026-01-30 19:57:57,C000108,A0000108,M00055,T01044,South,South,31.24,USD,ecommerce,wallet_biometric,approved,APPROVE
X000101741,2026-01-30 19:59:36,C000856,A0000856,M00453,T00940,South,South,66.88,USD,card_present,wallet_biometric,approved,APPROVE
X000050669,2026-01-30 19:59:37,C000425,A0000425,M00541,T00575,Midwest,South,26.47,USD,mobile_wallet,wallet_biometric,approved,APPROVE
X000029204,2026-01-30 19:59:40,C000252,A0000252,M00239,T00747,South,South,44.34,USD,mobile_wallet,3ds,approved,APPROVE
X000088103,2026-01-30 19:59:57,C000740,A0000740,M00371,T00911,Midwest,Midwest,8.57,USD,mobile_wallet,chip_pin,approved,APPROVE
X000144752,2026-01-30 20:01:03,C001192,A0001192,M00033,T00091,West,West,95.42,USD,card_present,3ds,approved,APPROVE
X000119207,2026-01-30 20:01:19,C000987,A0000987,M00193,T01056,West,West,27.25,USD,card_present,3ds,approved,APPROVE
X000031854,2026-01-30 20:01:37,C000270,A0000270,M00012,T00789,West,West,88.02,USD,mobile_wallet,wallet_biometric,approved,APPROVE
X000080287,2026-01-30 20:01:46,C000675,A0000675,M00712,T00064,South,South,67.9,USD,card_present,magstripe,approved,APPROVE
X000210944,2026-01-30 20:01:51,C001720,A0001720,M00376,T00702,South,South,28.26,USD,card_present,chip_pin,approved,APPROVE
X000076850,2026-01-30 20:01:56,C000646,A0000646,M00649,T00134,Midwest,Midwest,117.06,USD,card_present,3ds,approved,APPROVE
X000018801,2026-01-30 20:03:07,C000161,A0000161,M00183,T01168,South,South,90.95,USD,card_present,chip_pin,approved,APPROVE
X000240725,2026-01-30 20:03:14,C001963,A0001963,M00645,T00155,South,South,55.86,USD,card_present,chip_pin,approved,APPROVE
X000232664,2026-01-30 20:03:38,C001897,A0001897,M00285,T00604,Midwest,Midwest,55.65,USD,card_present,wallet_biometric,approved,APPROVE
X000190515,2026-01-30 20:03:55,C001564,A0001564,M00544,T00846,South,South,43.98,USD,ecommerce,chip_pin,approved,APPROVE
X000110231,2026-01-30 20:04:19,C000921,A0000921,M00002,T00850,Northeast,Northeast,112.96,USD,card_present,chip_pin,approved,APPROVE
X000051922,2026-01-30 20:04:56,C000439,A0000439,M00171,T00468,Northeast,Northeast,30.86,USD,ecommerce,chip_pin,approved,APPROVE
X000058080,2026-01-30 20:05:18,C000493,A0000493,M00459,T00795,Northeast,Northeast,116.08,USD,ecommerce,wallet_biometric,approved,APPROVE
X000145099,2026-01-30 20:06:45,C001194,A0001194,M00638,T01099,Northeast,Northeast,80.62,USD,ecommerce,chip_pin,approved,APPROVE
X000112606,2026-01-30 20:06:50,C000942,A0000942,M00068,T00683,Northeast,Northeast,62.93,USD,ecommerce,chip_pin,approved,APPROVE
X000105368,2026-01-30 20:07:09,C000886,A0000886,M00436,T01032,Midwest,Midwest,17.53,USD,mobile_wallet,chip_pin,approved,APPROVE
X000065409,2026-01-30 20:07:26,C000554,A0000554,M00791,T00739,South,South,39.01,USD,mobile_wallet,chip_pin,approved,APPROVE
X000025498,2026-01-30 20:07:50,C000217,A0000217,M00002,T00850,Northeast,Northeast,28.96,USD,card_present,3ds,approved,APPROVE
X000119439,2026-01-30 20:07:57,C000990,A0000990,M00635,T01013,Midwest,Midwest,77.34,USD,mobile_wallet,magstripe,approved,APPROVE
X000032854,2026-01-30 20:08:02,C000278,A0000278,M00191,T00568,Midwest,Midwest,69.2,USD,ecommerce,chip_pin,approved,APPROVE
X000102098,2026-01-30 20:08:24,C000859,A0000859,M00052,T00013,South,South,227.82,USD,card_present,3ds,approved,APPROVE
X000029626,2026-01-30 20:08:37,C000254,A0000254,M00452,T00329,Northeast,Northeast,524.41,USD,ecommerce,3ds,approved,APPROVE
X000070578,2026-01-30 20:09:03,C000599,A0000599,M00517,T00531,Midwest,Midwest,86.0,USD,card_present,3ds,approved,APPROVE
X000067052,2026-01-30 20:09:11,C000569,A0000569,M00710,T01065,Midwest,Midwest,105.51,USD,mobile_wallet,chip_pin,approved,APPROVE
X000035343,2026-01-30 20:09:17,C000299,A0000299,M00031,T00031,South,South,101.2,USD,card_present,chip_pin,approved,APPROVE
X000084418,2026-01-30 20:09:56,C000707,A0000707,M00433,T00174,Midwest,Midwest,61.79,USD,ecommerce,chip_pin,approved,APPROVE
X000010846,2026-01-30 20:10:56,C000098,A0000098,M00130,T01074,South,South,52.9,USD,card_present,chip_pin,approved,APPROVE
X000162396,2026-01-30 20:11:15,C001341,A0001341,M00211,T01068,Midwest,Midwest,67.19,USD,ecommerce,chip_pin,approved,APPROVE
X000154795,2026-01-30 20:11:38,C001276,A0001276,M00573,T00460,Northeast,Northeast,100.57,USD,card_present,3ds,approved,APPROVE
X000113375,2026-01-30 20:12:02,C000945,A0000945,M00147,T00489,South,South,54.7,USD,card_present,chip_pin,approved,APPROVE
X000008136,2026-01-30 20:12:14,C000074,A0000074,M00183,T00617,South,South,41.16,USD,card_present,chip_pin,approved,APPROVE
X000196856,2026-01-30 20:12:44,C001617,A0001617,M00213,T00876,Northeast,Northeast,106.52,USD,mobile_wallet,chip_pin,approved,APPROVE
X000142914,2026-01-30 20:13:07,C001177,A0001177,M00382,T00499,Midwest,Midwest,17.34,USD,card_present,wallet_biometric,approved,APPROVE
X000202640,2026-01-30 20:13:08,C001658,A0001658,M00471,T00670,Midwest,Midwest,67.6,USD,card_present,3ds,approved,APPROVE
X000052691,2026-01-30 20:13:26,C000444,A0000444,M00753,T00413,South,South,71.23,USD,mobile_wallet,wallet_biometric,approved,APPROVE
X000122435,2026-01-30 20:13:27,C001015,A0001015,M00391,T00267,Northeast,Northeast,27.91,USD,ecommerce,chip_pin,approved,APPROVE
X000170517,2026-01-30 20:14:13,C001405,A0001405,M00604,T01180,Northeast,Northeast,145.59,USD,mobile_wallet,magstripe,approved,APPROVE
X000245152,2026-01-30 20:14:21,C001997,A0001997,M00580,T00415,South,South,286.14,USD,ecommerce,wallet_biometric,approved,APPROVE
X000074124,2026-01-30 20:14:43,C000626,A0000626,M00447,T00749,South,South,41.87,USD,card_present,wallet_biometric,approved,APPROVE
X000145100,2026-01-30 20:15:11,C001194,A0001194,M00567,T01019,Northeast,Northeast,286.57,USD,ecommerce,wallet_biometric,approved,APPROVE
X000176766,2026-01-30 20:15:45,C001457,A0001457,M00435,T00513,Midwest,Midwest,31.33,USD,card_present,chip_pin,approved,APPROVE
X000118376,2026-01-30 20:15:58,C000979,A0000979,M00019,T00745,Northeast,Northeast,225.07,USD,card_present,3ds,approved,APPROVE
X000049371,2026-01-30 20:16:31,C000413,A0000413,M00689,T01179,Northeast,Northeast,84.29,USD,card_present,3ds,approved,APPROVE
X000104172,2026-01-30 20:16:46,C000877,A0000877,M00583,T00327,Midwest,Midwest,317.48,USD,ecommerce,wallet_biometric,approved,APPROVE
X000157669,2026-01-30 20:16:55,C001296,A0001296,M00123,T00812,Midwest,Midwest,430.64,USD,ecommerce,chip_pin,approved,APPROVE
X000118448,2026-01-30 20:16:57,C000980,A0000980,M00496,T00236,Midwest,Midwest,83.61,USD,card_present,magstripe,approved,APPROVE
X000184480,2026-01-30 20:17:01,C001520,A0001520,M00431,T00216,West,West,286.35,USD,card_present,chip_pin,soft_decline,CHALLENGE
X000229649,2026-01-30 20:17:08,C001871,A0001871,M00610,T00995,Midwest,Midwest,32.52,USD,card_present,3ds,approved,APPROVE
X000028169,2026-01-30 20:17:51,C000243,A0000243,M00191,T00441,Midwest,Midwest,47.6,USD,ecommerce,chip_pin,approved,APPROVE
X000230890,2026-01-30 20:17:56,C001883,A0001883,M00479,T00906,Midwest,Midwest,41.28,USD,card_present,magstripe,approved,APPROVE
X000053409,2026-01-30 20:18:21,C000451,A0000451,M00602,T01198,Northeast,Northeast,51.23,USD,ecommerce,3ds,approved,APPROVE
X000050202,2026-01-30 20:18:28,C000420,A0000420,M00486,T00714,South,South,9.34,USD,card_present,wallet_biometric,approved,APPROVE
X000069153,2026-01-30 20:19:10,C000588,A0000588,M00430,T01143,South,South,63.21,USD,ecommerce,3ds,approved,APPROVE
X000230450,2026-01-30 20:19:12,C001879,A0001879,M00243,T00806,South,South,88.83,USD,card_present,magstripe,approved,APPROVE
X000213527,2026-01-30 20:19:46,C001743,A0001743,M00716,T00578,West,West,21.16,USD,ecommerce,chip_pin,approved,APPROVE
X000133553,2026-01-30 20:19:56,C001100,A0001100,M00380,T01026,Midwest,Midwest,62.25,USD,card_present,chip_pin,approved,APPROVE
X000150457,2026-01-30 20:19:58,C001238,A0001238,M00217,T00815,South,South,65.45,USD,ecommerce,chip_pin,approved,APPROVE
X000226906,2026-01-30 20:20:22,C001850,A0001850,M00231,T01111,South,South,56.67,USD,mobile_wallet,3ds,approved,APPROVE
X000191311,2026-01-30 20:20:51,C001570,A0001570,M00347,T01022,Midwest,Midwest,19.73,USD,card_present,wallet_biometric,approved,APPROVE
X000134138,2026-01-30 20:20:57,C001103,A0001103,M00453,T00940,South,South,292.29,USD,card_present,3ds,approved,APPROVE
X000143464,2026-01-30 20:21:09,C001182,A0001182,M00603,T01192,Midwest,Midwest,51.25,USD,card_present,chip_pin,approved,APPROVE
X000097245,2026-01-30 20:21:21,C000814,A0000814,M00683,T00603,Midwest,Midwest,68.38,USD,card_present,chip_pin,approved,APPROVE
X000224204,2026-01-30 20:22:11,C001830,A0001830,M00796,T00571,West,West,27.46,USD,card_present,3ds,approved,APPROVE
X000067950,2026-01-30 20:23:24,C000576,A0000576,M00400,T00241,West,West,73.67,USD,card_present,chip_pin,approved,APPROVE
X000014896,2026-01-30 20:24:22,C000126,A0000126,M00183,T01168,South,South,69.21,USD,card_present,3ds,approved,APPROVE
X000218734,2026-01-30 20:24:26,C001787,A0001787,M00436,T01032,Midwest,Midwest,43.58,USD,mobile_wallet,chip_pin,approved,APPROVE
X000162549,2026-01-30 20:24:39,C001342,A0001342,M00544,T00846,South,South,300.75,USD,card_present,chip_pin,approved,APPROVE
X000005093,2026-01-30 20:25:29,C000047,A0000047,M00420,T00678,West,West,44.16,USD,card_present,wallet_biometric,approved,APPROVE
X000117795,2026-01-30 20:25:56,C000976,A0000976,M00397,T00349,Midwest,Midwest,353.55,USD,card_present,3ds,approved,APPROVE
X000173090,2026-01-30 20:26:01,C001428,A0001428,M00070,T00004,Northeast,Northeast,368.08,USD,ecommerce,chip_pin,approved,APPROVE
X000078778,2026-01-30 20:26:07,C000663,A0000663,M00251,T00619,West,West,29.86,USD,card_present,wallet_biometric,approved,APPROVE
X000118197,2026-01-30 20:26:36,C000978,A0000978,M00412,T00928,Northeast,Northeast,43.94,USD,ecommerce,chip_pin,approved,APPROVE
X000230451,2026-01-30 20:26:47,C001879,A0001879,M00243,T00806,South,South,167.48,USD,card_present,magstripe,approved,APPROVE
X000001635,2026-01-30 20:26:49,C000015,A0000015,M00074,T01036,South,South,64.3,USD,card_present,3ds,approved,APPROVE
X000020775,2026-01-30 20:26:55,C000181,A0000181,M00484,T00479,South,South,31.42,USD,card_present,3ds,approved,APPROVE
X000082464,2026-01-30 20:27:16,C000691,A0000691,M00285,T00370,Midwest,Midwest,59.13,USD,ecommerce,wallet_biometric,approved,APPROVE
X000226647,2026-01-30 20:27:17,C001847,A0001847,M00529,T00187,Midwest,Midwest,16.04,USD,card_present,3ds,approved,APPROVE
X000223196,2026-01-30 20:27:43,C001819,A0001819,M00787,T00660,South,South,56.26,USD,card_present,magstripe,approved,APPROVE
X000204000,2026-01-30 20:28:35,C001667,A0001667,M00038,T00321,South,South,299.0,USD,ecommerce,3ds,approved,APPROVE
X000127681,2026-01-30 20:28:36,C001052,A0001052,M00738,T00899,South,South,112.15,USD,ecommerce,3ds,soft_decline,CHALLENGE
X000150122,2026-01-30 20:28:48,C001236,A0001236,M00232,T00156,West,West,104.23,USD,mobile_wallet,chip_pin,approved,APPROVE
X000025026,2026-01-30 20:29:28,C000212,A0000212,M00326,T00288,Northeast,Northeast,64.05,USD,ecommerce,chip_pin,approved,APPROVE
X000021486,2026-01-30 20:29:43,C000186,A0000186,M00442,T00105,West,West,168.26,USD,ecommerce,3ds,approved,APPROVE
X000086536,2026-01-30 20:30:04,C000726,A0000726,M00094,T01093,South,South,40.3,USD,ecommerce,chip_pin,approved,APPROVE
X000235482,2026-01-30 20:30:05,C001919,A0001919,M00213,T00320,Northeast,Northeast,126.08,USD,ecommerce,wallet_biometric,approved,APPROVE
X000200077,2026-01-30 20:30:06,C001639,A0001639,M00717,T00614,Northeast,South,83.82,USD,card_present,wallet_biometric,approved,APPROVE
X000085291,2026-01-30 20:30:10,C000712,A0000712,M00640,T00333,Midwest,Midwest,29.52,USD,card_present,chip_pin,approved,APPROVE
X000150315,2026-01-30 20:30:28,C001237,A0001237,M00365,T01114,South,South,28.89,USD,card_present,3ds,approved,APPROVE
X000044021,2026-01-30 20:30:56,C000374,A0000374,M00447,T00749,South,South,418.0,USD,card_present,3ds,approved,APPROVE
X000172869,2026-01-30 20:31:29,C001426,A0001426,M00068,T00322,Northeast,Northeast,120.7,USD,ecommerce,3ds,approved,APPROVE
X000150123,2026-01-30 20:32:04,C001236,A0001236,M00054,T00545,West,West,149.38,USD,card_present,chip_pin,soft_decline,CHALLENGE
X000151013,2026-01-30 20:32:47,C001241,A0001241,M00685,T00672,Northeast,Northeast,365.48,USD,card_present,chip_pin,approved,APPROVE
X000077903,2026-01-30 20:33:21,C000655,A0000655,M00192,T00126,South,South,209.89,USD,mobile_wallet,chip_pin,approved,APPROVE
X000170518,2026-01-30 20:33:47,C001405,A0001405,M00070,T00004,Northeast,Northeast,208.38,USD,card_present,chip_pin,approved,APPROVE
X000193313,2026-01-30 20:34:13,C001587,A0001587,M00302,T01118,Northeast,Northeast,49.28,USD,mobile_wallet,3ds,approved,APPROVE
X000194160,2026-01-30 20:34:17,C001596,A0001596,M00731,T00461,Northeast,Northeast,28.76,USD,card_present,magstripe,approved,APPROVE
X000102958,2026-01-30 20:34:25,C000865,A0000865,M00544,T00081,South,South,36.69,USD,ecommerce,wallet_biometric,approved,APPROVE
X000057099,2026-01-30 20:34:55,C000483,A0000483,M00452,T00329,Northeast,Northeast,96.87,USD,mobile_wallet,chip_pin,approved,APPROVE
X000029904,2026-01-30 20:35:07,C000256,A0000256,M00180,T01184,West,West,40.82,USD,card_present,3ds,approved,APPROVE
X000156299,2026-01-30 20:35:14,C001286,A0001286,M00266,T00421,Northeast,Northeast,104.06,USD,ecommerce,wallet_biometric,approved,APPROVE
X000230257,2026-01-30 20:35:29,C001877,A0001877,M00089,T00946,Midwest,Midwest,82.36,USD,card_present,3ds,approved,APPROVE
X000096515,2026-01-30 20:36:20,C000807,A0000807,M00706,T00053,Northeast,Northeast,49.46,USD,card_present,chip_pin,approved,APPROVE
X000122115,2026-01-30 20:36:37,C001013,A0001013,M00225,T00294,Midwest,Midwest,77.44,USD,card_present,chip_pin,approved,APPROVE
X000235949,2026-01-30 20:37:56,C001923,A0001923,M00646,T00690,South,South,51.24,USD,mobile_wallet,3ds,approved,APPROVE
X000195576,2026-01-30 20:38:11,C001606,A0001606,M00319,T00631,West,West,331.5,USD,mobile_wallet,chip_pin,approved,APPROVE
X000138587,2026-01-30 20:38:14,C001141,A0001141,M00453,T00940,South,South,46.33,USD,ecommerce,chip_pin,approved,APPROVE
X000043901,2026-01-30 20:38:16,C000373,A0000373,M00303,T00765,Northeast,Northeast,164.65,USD,ecommerce,chip_pin,approved,APPROVE
X000008013,2026-01-30 20:39:12,C000073,A0000073,M00069,T00652,West,West,193.36,USD,card_present,3ds,approved,APPROVE
X000009554,2026-01-30 20:39:22,C000087,A0000087,M00763,T00455,South,South,48.38,USD,ecommerce,chip_pin,approved,APPROVE
X000176002,2026-01-30 20:39:27,C001450,A0001450,M00400,T00825,West,West,96.49,USD,ecommerce,chip_pin,approved,APPROVE
X000203273,2026-01-30 20:39:29,C001664,A0001664,M00507,T01055,South,South,212.89,USD,card_present,wallet_biometric,approved,APPROVE
X000084556,2026-01-30 20:39:51,C000708,A0000708,M00019,T00826,Northeast,Northeast,53.58,USD,card_present,wallet_biometric,approved,APPROVE
X000153581,2026-01-30 20:40:10,C001263,A0001263,M00273,T00611,West,West,26.15,USD,card_present,chip_pin,approved,APPROVE
X000136641,2026-01-30 20:40:19,C001124,A0001124,M00764,T00111,West,West,21.94,USD,card_present,wallet_biometric,approved,APPROVE
X000094687,2026-01-30 20:40:27,C000791,A0000791,M00143,T00157,South,South,76.08,USD,card_present,chip_pin,approved,APPROVE
X000151014,2026-01-30 20:41:08,C001241,A0001241,M00685,T00672,Northeast,Northeast,243.45,USD,card_present,3ds,approved,APPROVE
X000184215,2026-01-30 20:41:16,C001517,A0001517,M00679,T01139,Northeast,Northeast,67.57,USD,ecommerce,chip_pin,approved,APPROVE
X000034337,2026-01-30 20:41:21,C000291,A0000291,M00282,T01071,South,South,165.55,USD,card_present,wallet_biometric,approved,APPROVE
X000125156,2026-01-30 20:41:52,C001032,A0001032,M00316,T00389,South,South,445.66,USD,ecommerce,wallet_biometric,approved,APPROVE
X000120884,2026-01-30 20:42:20,C001004,A0001004,M00345,T01138,South,South,120.26,USD,card_present,wallet_biometric,approved,APPROVE
X000116468,2026-01-30 20:43:05,C000966,A0000966,M00763,T00601,South,South,110.07,USD,card_present,chip_pin,approved,APPROVE
X000121395,2026-01-30 20:43:12,C001008,A0001008,M00529,T00187,Midwest,Midwest,279.74,USD,card_present,chip_pin,approved,APPROVE
X000031581,2026-01-30 20:43:27,C000267,A0000267,M00342,T00483,Midwest,Midwest,194.13,USD,mobile_wallet,chip_pin,approved,APPROVE
X000088104,2026-01-30 20:43:35,C000740,A0000740,M00163,T00147,Midwest,Midwest,19.87,USD,ecommerce,chip_pin,approved,APPROVE
X000046571,2026-01-30 20:43:47,C000391,A0000391,M00613,T00638,Northeast,South,61.0,USD,card_present,wallet_biometric,approved,APPROVE
X000167743,2026-01-30 20:43:49,C001386,A0001386,M00281,T01194,West,West,20.87,USD,card_present,3ds,approved,APPROVE
X000143088,2026-01-30 20:43:59,C001179,A0001179,M00315,T01023,West,Midwest,57.85,USD,ecommerce,wallet_biometric,approved,APPROVE
X000085213,2026-01-30 20:44:10,C000711,A0000711,M00205,T00934,South,South,32.18,USD,ecommerce,chip_pin,approved,APPROVE
X000051923,2026-01-30 20:44:18,C000439,A0000439,M00171,T00468,Northeast,Northeast,35.89,USD,ecommerce,chip_pin,approved,APPROVE
X000175564,2026-01-30 20:46:02,C001446,A0001446,M00244,T00336,South,South,76.27,USD,ecommerce,chip_pin,approved,APPROVE
X000143974,2026-01-30 20:46:05,C001186,A0001186,M00323,T01185,South,South,207.18,USD,card_present,chip_pin,approved,APPROVE
X000055113,2026-01-30 20:46:06,C000466,A0000466,M00691,T01123,Northeast,Northeast,30.25,USD,ecommerce,3ds,approved,APPROVE
X000129405,2026-01-30 20:46:31,C001064,A0001064,M00280,T00178,Northeast,Northeast,282.14,USD,ecommerce,chip_pin,approved,APPROVE
X000062990,2026-01-30 20:46:56,C000534,A0000534,M00203,T00186,Northeast,Northeast,238.82,USD,mobile_wallet,magstripe,approved,APPROVE
X000243279,2026-01-30 20:47:19,C001985,A0001985,M00372,T00192,South,South,59.3,USD,mobile_wallet,3ds,approved,APPROVE
X000032969,2026-01-30 20:47:25,C000279,A0000279,M00365,T00324,South,South,64.05,USD,card_present,wallet_biometric,approved,APPROVE
X000230981,2026-01-30 20:47:52,C001884,A0001884,M00601,T00769,South,South,40.1,USD,mobile_wallet,chip_pin,approved,APPROVE
X000060858,2026-01-30 20:48:07,C000518,A0000518,M00049,T00271,Northeast,West,50.27,USD,card_present,chip_pin,approved,APPROVE
X000214221,2026-01-30 20:48:09,C001749,A0001749,M00696,T00129,Midwest,Midwest,65.67,USD,mobile_wallet,wallet_biometric,approved,APPROVE
X000161288,2026-01-30 20:48:17,C001331,A0001331,M00321,T00416,Midwest,Midwest,77.22,USD,ecommerce,chip_pin,approved,APPROVE
X000009969,2026-01-30 20:48:24,C000090,A0000090,M00638,T00151,Northeast,Northeast,5.47,USD,card_present,wallet_biometric,approved,APPROVE
X000065001,2026-01-30 20:48:52,C000551,A0000551,M00628,T01005,Northeast,West,168.82,USD,ecommerce,wallet_biometric,approved,APPROVE
X000099124,2026-01-30 20:48:54,C000831,A0000831,M00608,T00219,South,South,101.53,USD,card_present,chip_pin,approved,APPROVE
X000219002,2026-01-30 20:49:05,C001789,A0001789,M00194,T00803,Northeast,Northeast,39.05,USD,ecommerce,3ds,approved,APPROVE
X000164755,2026-01-30 20:49:06,C001358,A0001358,M00414,T00189,Midwest,Midwest,133.94,USD,ecommerce,wallet_biometric,approved,APPROVE
X000221527,2026-01-30 20:49:08,C001805,A0001805,M00365,T00733,South,South,66.49,USD,ecommerce,chip_pin,approved,APPROVE
X000028170,2026-01-30 20:49:15,C000243,A0000243,M00620,T00551,Midwest,South,198.05,USD,card_present,3ds,approved,APPROVE
X000208896,2026-01-30 20:49:32,C001704,A0001704,M00517,T00541,Midwest,Midwest,92.73,USD,mobile_wallet,magstripe,approved,APPROVE
X000037051,2026-01-30 20:49:38,C000317,A0000317,M00561,T00399,Midwest,Midwest,45.57,USD,ecommerce,3ds,approved,APPROVE
X000054478,2026-01-30 20:49:44,C000461,A0000461,M00778,T01132,South,South,419.25,USD,mobile_wallet,chip_pin,approved,APPROVE
X000043293,2026-01-30 20:49:48,C000366,A0000366,M00376,T00266,South,South,46.5,USD,card_present,3ds,approved,APPROVE
X000159863,2026-01-30 20:50:23,C001318,A0001318,M00147,T00338,South,South,27.05,USD,card_present,chip_pin,approved,APPROVE
X000239326,2026-01-30 20:50:33,C001952,A0001952,M00655,T00487,Midwest,Midwest,107.51,USD,mobile_wallet,chip_pin,approved,APPROVE
X000133334,2026-01-30 20:51:55,C001099,A0001099,M00547,T00162,Northeast,Northeast,41.51,USD,card_present,chip_pin,approved,APPROVE
X000132543,2026-01-30 20:52:03,C001092,A0001092,M00604,T00623,Northeast,Northeast,60.83,USD,ecommerce,chip_pin,approved,APPROVE
X000049537,2026-01-30 20:52:11,C000414,A0000414,M00153,T00753,South,South,15.48,USD,ecommerce,chip_pin,approved,APPROVE
X000121588,2026-01-30 20:52:29,C001009,A0001009,M00693,T00687,South,South,8.47,USD,mobile_wallet,magstripe,approved,APPROVE
X000203672,2026-01-30 20:52:40,C001666,A0001666,M00585,T00119,Midwest,Midwest,290.51,USD,card_present,3ds,approved,APPROVE
X000029905,2026-01-30 20:53:22,C000256,A0000256,M00112,T00586,West,West,24.21,USD,card_present,chip_pin,approved,APPROVE
X000039604,2026-01-30 20:53:36,C000336,A0000336,M00219,T00102,Northeast,Northeast,162.23,USD,card_present,chip_pin,approved,APPROVE
X000046068,2026-01-30 20:53:47,C000386,A0000386,M00681,T00888,West,West,87.56,USD,mobile_wallet,chip_pin,approved,APPROVE
X000126929,2026-01-30 20:53:57,C001045,A0001045,M00767,T00313,South,South,18.8,USD,card_present,3ds,approved,APPROVE
X000069558,2026-01-30 20:54:10,C000591,A0000591,M00387,T00289,Northeast,Northeast,26.21,USD,ecommerce,3ds,approved,APPROVE
X000123573,2026-01-30 20:55:59,C001023,A0001023,M00499,T00391,Northeast,Northeast,55.82,USD,ecommerce,chip_pin,approved,APPROVE
X000229144,2026-01-30 20:56:05,C001866,A0001866,M00296,T00252,South,South,22.4,USD,card_present,magstripe,approved,APPROVE
X000012971,2026-01-30 20:56:17,C000113,A0000113,M00309,T01075,Northeast,Northeast,37.27,USD,card_present,chip_pin,approved,APPROVE
X000050270,2026-01-30 20:56:19,C000421,A0000421,M00153,T00753,South,South,31.29,USD,card_present,chip_pin,approved,APPROVE
X000076370,2026-01-30 20:56:23,C000642,A0000642,M00167,T00818,Northeast,Northeast,103.19,USD,card_present,chip_pin,approved,APPROVE
X000169294,2026-01-30 20:56:51,C001399,A0001399,M00639,T00245,Midwest,Midwest,74.37,USD,card_present,chip_pin,approved,APPROVE
X000117796,2026-01-30 20:57:32,C000976,A0000976,M00148,T01086,Midwest,Midwest,168.51,USD,card_present,chip_pin,approved,APPROVE
X000075806,2026-01-30 20:57:46,C000637,A0000637,M00761,T00945,South,South,32.04,USD,card_present,chip_pin,approved,APPROVE
X000078779,2026-01-30 20:57:46,C000663,A0000663,M00230,T00912,West,West,75.85,USD,mobile_wallet,3ds,approved,APPROVE
X000202005,2026-01-30 20:57:51,C001652,A0001652,M00633,T00292,West,West,39.85,USD,ecommerce,wallet_biometric,approved,APPROVE
X000012168,2026-01-30 20:58:28,C000106,A0000106,M00023,T00108,Midwest,Midwest,44.85,USD,card_present,3ds,approved,APPROVE
X000194161,2026-01-30 20:58:31,C001596,A0001596,M00309,T00916,Northeast,Northeast,71.7,USD,ecommerce,chip_pin,approved,APPROVE
X000006144,2026-01-30 20:58:39,C000056,A0000056,M00205,T00934,South,South,104.65,USD,card_present,chip_pin,approved,APPROVE
X000227612,2026-01-30 20:59:09,C001855,A0001855,M00171,T01187,Northeast,Northeast,31.57,USD,ecommerce,3ds,approved,APPROVE
X000016252,2026-01-30 20:59:25,C000137,A0000137,M00038,T00874,South,South,238.6,USD,mobile_wallet,chip_pin,approved,APPROVE
X000232665,2026-01-30 20:59:44,C001897,A0001897,M00285,T00604,Midwest,Midwest,80.63,USD,mobile_wallet,wallet_biometric,approved,APPROVE
X000150316,2026-01-30 20:59:50,C001237,A0001237,M00365,T01114,South,South,38.75,USD,mobile_wallet,chip_pin,approved,APPROVE
X000133775,2026-01-30 20:59:53,C001101,A0001101,M00535,T00606,West,West,103.21,USD,card_present,chip_pin,approved,APPROVE
X000008957,2026-01-30 20:59:59,C000081,A0000081,M00706,T00409,Northeast,Northeast,128.25,USD,ecommerce,3ds,approved,APPROVE
X000099982,2026-01-30 21:00:19,C000841,A0000841,M00266,T00421,Northeast,Northeast,65.83,USD,ecommerce,chip_pin,approved,APPROVE
X000143089,2026-01-30 21:00:31,C001179,A0001179,M00604,T00623,West,Northeast,45.8,USD,card_present,3ds,approved,APPROVE
X000183465,2026-01-30 21:00:39,C001509,A0001509,M00011,T01040,West,West,22.29,USD,card_present,wallet_biometric,approved,APPROVE
X000007721,2026-01-30 21:01:06,C000071,A0000071,M00168,T00944,Northeast,Northeast,36.01,USD,card_present,magstripe,approved,APPROVE
X000244284,2026-01-30 21:01:24,C001991,A0001991,M00442,T00713,West,West,87.3,USD,ecommerce,chip_pin,approved,APPROVE
X000018969,2026-01-30 21:01:41,C000163,A0000163,M00668,T00417,Midwest,Midwest,40.94,USD,card_present,chip_pin,approved,APPROVE
X000041529,2026-01-30 21:01:44,C000351,A0000351,M00461,T00574,West,West,54.31,USD,card_present,magstripe,approved,APPROVE
X000136406,2026-01-30 21:01:57,C001122,A0001122,M00613,T00638,South,South,34.28,USD,card_present,wallet_biometric,approved,APPROVE
X000044406,2026-01-30 21:02:00,C000376,A0000376,M00494,T01020,West,West,139.98,USD,mobile_wallet,3ds,approved,APPROVE
X000187143,2026-01-30 21:02:02,C001539,A0001539,M00231,T01111,South,South,67.74,USD,ecommerce,wallet_biometric,approved,APPROVE
X000057535,2026-01-30 21:02:09,C000487,A0000487,M00438,T00385,Midwest,Midwest,35.08,USD,card_present,3ds,approved,APPROVE
X000084557,2026-01-30 21:02:41,C000708,A0000708,M00489,T01009,Northeast,Northeast,29.0,USD,mobile_wallet,3ds,approved,APPROVE
X000103059,2026-01-30 21:02:43,C000866,A0000866,M00077,T00723,South,South,38.57,USD,ecommerce,magstripe,approved,APPROVE
X000222787,2026-01-30 21:02:49,C001815,A0001815,M00412,T00593,Northeast,Northeast,102.47,USD,card_present,3ds,approved,APPROVE
X000092357,2026-01-30 21:03:14,C000773,A0000773,M00099,T00459,South,South,31.8,USD,mobile_wallet,3ds,approved,APPROVE
X000233342,2026-01-30 21:05:47,C001902,A0001902,M00607,T00470,South,South,119.34,USD,card_present,3ds,approved,APPROVE
X000237757,2026-01-30 21:06:18,C001939,A0001939,M00145,T00673,Northeast,Northeast,49.56,USD,card_present,3ds,approved,APPROVE
X000080781,2026-01-30 21:06:48,C000678,A0000678,M00524,T00033,West,West,16.54,USD,card_present,wallet_biometric,approved,APPROVE
X000030482,2026-01-30 21:06:50,C000260,A0000260,M00056,T01147,Midwest,Midwest,128.62,USD,card_present,chip_pin,approved,APPROVE
X000057868,2026-01-30 21:07:12,C000491,A0000491,M00331,T00956,Midwest,Midwest,84.66,USD,card_present,magstripe,approved,APPROVE
X000110377,2026-01-30 21:07:29,C000922,A0000922,M00761,T01038,South,South,289.79,USD,card_present,chip_pin,approved,APPROVE
X000152881,2026-01-30 21:08:18,C001257,A0001257,M00703,T00135,Midwest,Midwest,111.38,USD,ecommerce,chip_pin,approved,APPROVE
X000056485,2026-01-30 21:08:40,C000477,A0000477,M00341,T00572,Midwest,Midwest,22.09,USD,card_present,3ds,approved,APPROVE
X000041249,2026-01-30 21:08:44,C000349,A0000349,M00471,T00670,Midwest,Midwest,402.57,USD,mobile_wallet,chip_pin,approved,APPROVE
X000162742,2026-01-30 21:08:55,C001343,A0001343,M00594,T01188,Northeast,Northeast,53.72,USD,card_present,3ds,approved,APPROVE
X000068059,2026-01-30 21:09:20,C000577,A0000577,M00019,T00745,Northeast,Northeast,114.69,USD,mobile_wallet,wallet_biometric,approved,APPROVE
X000188929,2026-01-30 21:09:31,C001552,A0001552,M00296,T00758,South,South,58.42,USD,ecommerce,chip_pin,approved,APPROVE
X000040242,2026-01-30 21:10:31,C000341,A0000341,M00077,T00723,South,South,184.61,USD,card_present,3ds,approved,APPROVE
X000113560,2026-01-30 21:10:33,C000946,A0000946,M00745,T00183,Northeast,Northeast,128.62,USD,ecommerce,wallet_biometric,approved,APPROVE
X000143588,2026-01-30 21:11:23,C001183,A0001183,M00532,T00040,West,West,26.54,USD,card_present,wallet_biometric,approved,APPROVE
X000116469,2026-01-30 21:12:02,C000966,A0000966,M00262,T01103,South,South,107.24,USD,card_present,magstripe,approved,APPROVE
X000092128,2026-01-30 21:12:05,C000771,A0000771,M00547,T00371,Northeast,Northeast,39.91,USD,card_present,wallet_biometric,approved,APPROVE
X000059623,2026-01-30 21:12:59,C000507,A0000507,M00009,T00774,South,South,19.29,USD,ecommerce,wallet_biometric,approved,APPROVE
X000183263,2026-01-30 21:14:09,C001507,A0001507,M00386,T00008,Northeast,Northeast,55.6,USD,ecommerce,3ds,approved,APPROVE
X000125157,2026-01-30 21:15:04,C001032,A0001032,M00316,T00389,South,South,167.95,USD,ecommerce,chip_pin,approved,APPROVE
X000037176,2026-01-30 21:15:42,C000318,A0000318,M00046,T00132,Northeast,Northeast,39.63,USD,mobile_wallet,chip_pin,approved,APPROVE
X000067401,2026-01-30 21:15:58,C000571,A0000571,M00608,T00219,South,South,116.59,USD,mobile_wallet,wallet_biometric,approved,APPROVE
X000006362,2026-01-30 21:16:08,C000057,A0000057,M00349,T00076,West,West,223.78,USD,ecommerce,magstripe,approved,APPROVE
X000061081,2026-01-30 21:16:08,C000520,A0000520,M00022,T00830,South,South,50.57,USD,card_present,chip_pin,approved,APPROVE
X000154277,2026-01-30 21:17:28,C001270,A0001270,M00325,T00368,Northeast,Northeast,20.26,USD,card_present,magstripe,approved,APPROVE
X000037177,2026-01-30 21:17:39,C000318,A0000318,M00046,T00132,Northeast,Northeast,39.93,USD,mobile_wallet,3ds,approved,APPROVE
X000176651,2026-01-30 21:17:54,C001456,A0001456,M00213,T01006,South,Northeast,33.53,USD,ecommerce,3ds,approved,APPROVE
X000107272,2026-01-30 21:17:56,C000899,A0000899,M00409,T00444,Northeast,Northeast,36.84,USD,card_present,3ds,approved,APPROVE
X000127682,2026-01-30 21:18:42,C001052,A0001052,M00335,T00070,South,South,131.12,USD,ecommerce,wallet_biometric,approved,APPROVE
X000020118,2026-01-30 21:18:43,C000174,A0000174,M00684,T01008,West,West,17.42,USD,card_present,3ds,approved,APPROVE
X000120296,2026-01-30 21:18:45,C000999,A0000999,M00416,T00403,West,West,27.83,USD,card_present,chip_pin,approved,APPROVE
X000203069,2026-01-30 21:19:12,C001663,A0001663,M00282,T00583,South,South,39.61,USD,ecommerce,3ds,approved,APPROVE
X000003302,2026-01-30 21:19:19,C000029,A0000029,M00573,T00212,Northeast,Northeast,44.05,USD,mobile_wallet,3ds,approved,APPROVE
X000141935,2026-01-30 21:19:31,C001170,A0001170,M00183,T00617,South,South,125.25,USD,card_present,3ds,approved,APPROVE
X000137914,2026-01-30 21:19:34,C001134,A0001134,M00015,T00330,South,South,172.08,USD,mobile_wallet,3ds,approved,APPROVE
X000056654,2026-01-30 21:19:48,C000479,A0000479,M00746,T00565,West,West,144.48,USD,card_present,magstripe,approved,APPROVE
X000173291,2026-01-30 21:20:44,C001429,A0001429,M00342,T00375,Midwest,Midwest,27.18,USD,ecommerce,wallet_biometric,approved,APPROVE
X000141819,2026-01-30 21:21:11,C001169,A0001169,M00679,T00947,Northeast,Northeast,238.46,USD,mobile_wallet,chip_pin,approved,APPROVE
X000192075,2026-01-30 21:21:14,C001576,A0001576,M00023,T00108,Midwest,Midwest,111.92,USD,ecommerce,3ds,approved,APPROVE
X000168690,2026-01-30 21:21:43,C001395,A0001395,M00535,T00606,West,West,53.28,USD,ecommerce,chip_pin,approved,APPROVE
X000093819,2026-01-30 21:21:55,C000786,A0000786,M00615,T00560,Midwest,Midwest,137.77,USD,card_present,wallet_biometric,approved,APPROVE
X000065676,2026-01-30 21:22:10,C000556,A0000556,M00726,T00968,Northeast,Northeast,42.13,USD,card_present,3ds,approved,APPROVE
X000101742,2026-01-30 21:22:23,C000856,A0000856,M00545,T00484,South,South,77.97,USD,card_present,chip_pin,approved,APPROVE
X000197193,2026-01-30 21:22:26,C001619,A0001619,M00337,T00318,West,West,26.89,USD,card_present,chip_pin,approved,APPROVE
X000180208,2026-01-30 21:22:45,C001481,A0001481,M00276,T00665,Northeast,Northeast,21.32,USD,card_present,chip_pin,approved,APPROVE
X000191990,2026-01-30 21:23:11,C001575,A0001575,M00270,T00356,South,South,30.13,USD,card_present,3ds,approved,APPROVE
X000034418,2026-01-30 21:23:26,C000292,A0000292,M00068,T00322,Northeast,Northeast,44.42,USD,ecommerce,chip_pin,approved,APPROVE
X000199006,2026-01-30 21:23:29,C001630,A0001630,M00396,T00828,West,West,96.68,USD,card_present,chip_pin,approved,APPROVE
X000172655,2026-01-30 21:23:44,C001424,A0001424,M00667,T00609,Northeast,Northeast,23.9,USD,card_present,chip_pin,approved,APPROVE
X000228270,2026-01-30 21:23:46,C001859,A0001859,M00438,T00385,Midwest,Midwest,138.97,USD,ecommerce,wallet_biometric,approved,APPROVE
X000042424,2026-01-30 21:24:42,C000359,A0000359,M00139,T00632,Northeast,Northeast,128.27,USD,ecommerce,chip_pin,approved,APPROVE
X000021725,2026-01-30 21:25:10,C000187,A0000187,M00029,T00167,South,South,28.87,USD,ecommerce,wallet_biometric,approved,APPROVE
X000159657,2026-01-30 21:25:12,C001316,A0001316,M00501,T01003,Northeast,Northeast,151.62,USD,card_present,chip_pin,approved,APPROVE
X000224798,2026-01-30 21:25:43,C001833,A0001833,M00731,T00584,Northeast,Northeast,30.83,USD,mobile_wallet,wallet_biometric,approved,APPROVE
X000112749,2026-01-30 21:25:44,C000943,A0000943,M00434,T00133,South,South,309.11,USD,card_present,chip_pin,approved,APPROVE
X000211479,2026-01-30 21:25:53,C001725,A0001725,M00297,T00721,Northeast,Northeast,79.33,USD,card_present,3ds,approved,APPROVE
X000092012,2026-01-30 21:26:02,C000770,A0000770,M00190,T00615,West,West,98.55,USD,card_present,magstripe,approved,APPROVE
X000086881,2026-01-30 21:26:04,C000728,A0000728,M00122,T00225,South,South,242.53,USD,card_present,3ds,approved,APPROVE
X000076707,2026-01-30 21:26:08,C000645,A0000645,M00634,T01016,Northeast,Northeast,25.69,USD,card_present,chip_pin,approved,APPROVE
X000092358,2026-01-30 21:26:09,C000773,A0000773,M00205,T00934,South,South,19.85,USD,mobile_wallet,chip_pin,approved,APPROVE
X000192303,2026-01-30 21:26:24,C001578,A0001578,M00108,T00481,Midwest,Midwest,73.22,USD,card_present,wallet_biometric,approved,APPROVE
X000027199,2026-01-30 21:28:09,C000234,A0000234,M00245,T00626,West,West,107.43,USD,card_present,3ds,approved,APPROVE
X000022832,2026-01-30 21:28:10,C000196,A0000196,M00086,T00892,Midwest,Midwest,184.35,USD,mobile_wallet,chip_pin,approved,APPROVE
X000126930,2026-01-30 21:28:21,C001045,A0001045,M00394,T00922,South,South,31.0,USD,mobile_wallet,3ds,approved,APPROVE
X000107519,2026-01-30 21:28:29,C000900,A0000900,M00191,T00397,Midwest,Midwest,106.1,USD,ecommerce,magstripe,approved,APPROVE
X000127683,2026-01-30 21:28:29,C001052,A0001052,M00738,T00899,South,South,50.64,USD,mobile_wallet,chip_pin,approved,APPROVE
X000120363,2026-01-30 21:28:51,C001000,A0001000,M00613,T00852,South,South,44.91,USD,card_present,magstripe,approved,APPROVE
X000211607,2026-01-30 21:28:52,C001726,A0001726,M00376,T00181,South,South,43.3,USD,card_present,3ds,approved,APPROVE
X000059802,2026-01-30 21:29:31,C000509,A0000509,M00255,T00819,West,West,96.79,USD,card_present,chip_pin,approved,APPROVE
X000244497,2026-01-30 21:30:06,C001993,A0001993,M00005,T00817,South,South,56.26,USD,card_present,3ds,approved,APPROVE
X000194909,2026-01-30 21:30:28,C001602,A0001602,M00187,T00256,South,South,79.86,USD,card_present,magstripe,approved,APPROVE
X000086882,2026-01-30 21:30:37,C000728,A0000728,M00645,T00155,South,South,64.86,USD,card_present,magstripe,approved,APPROVE
X000065002,2026-01-30 21:30:51,C000551,A0000551,M00299,T00384,Northeast,Northeast,646.16,USD,ecommerce,chip_pin,approved,APPROVE
X000087823,2026-01-30 21:30:53,C000737,A0000737,M00731,T00584,Northeast,Northeast,17.13,USD,card_present,wallet_biometric,approved,APPROVE
X000155418,2026-01-30 21:31:26,C001280,A0001280,M00012,T01105,West,West,179.14,USD,card_present,chip_pin,approved,APPROVE
X000244755,2026-01-30 21:31:54,C001995,A0001995,M00276,T00665,Northeast,Northeast,1443.46,USD,mobile_wallet,wallet_biometric,approved,APPROVE
X000061268,2026-01-30 21:32:04,C000522,A0000522,M00031,T00031,South,South,84.57,USD,card_present,3ds,approved,APPROVE
X000199558,2026-01-30 21:32:29,C001636,A0001636,M00321,T01046,Midwest,Midwest,54.73,USD,card_present,magstripe,approved,APPROVE
X000195233,2026-01-30 21:32:48,C001604,A0001604,M00517,T01092,Midwest,Midwest,199.67,USD,card_present,chip_pin,approved,APPROVE
X000004584,2026-01-30 21:33:32,C000041,A0000041,M00763,T00601,South,South,168.44,USD,ecommerce,magstripe,approved,APPROVE
X000051924,2026-01-30 21:34:10,C000439,A0000439,M00679,T00587,Northeast,Northeast,117.18,USD,card_present,wallet_biometric,approved,APPROVE
X000156869,2026-01-30 21:34:15,C001290,A0001290,M00257,T00514,South,South,121.34,USD,card_present,chip_pin,approved,APPROVE
X000230783,2026-01-30 21:34:39,C001882,A0001882,M00383,T00570,Midwest,Midwest,39.05,USD,ecommerce,chip_pin,approved,APPROVE
X000132843,2026-01-30 21:34:42,C001095,A0001095,M00337,T00357,West,West,32.78,USD,card_present,magstripe,approved,APPROVE
X000196408,2026-01-30 21:34:47,C001613,A0001613,M00782,T00464,Midwest,Midwest,369.5,USD,mobile_wallet,wallet_biometric,approved,APPROVE
X000219529,2026-01-30 21:35:15,C001793,A0001793,M00159,T01088,Northeast,Northeast,106.38,USD,card_present,chip_pin,approved,APPROVE
X000161436,2026-01-30 21:35:34,C001332,A0001332,M00434,T00808,South,South,60.07,USD,mobile_wallet,3ds,approved,APPROVE
X000067572,2026-01-30 21:35:37,C000572,A0000572,M00726,T00968,Northeast,Northeast,32.03,USD,card_present,chip_pin,approved,APPROVE
X000035150,2026-01-30 21:35:39,C000298,A0000298,M00162,T00759,Midwest,Midwest,130.16,USD,card_present,chip_pin,approved,APPROVE
X000204823,2026-01-30 21:35:43,C001672,A0001672,M00343,T00792,West,West,226.85,USD,ecommerce,chip_pin,approved,APPROVE
X000062724,2026-01-30 21:36:06,C000532,A0000532,M00494,T00034,West,West,54.58,USD,ecommerce,wallet_biometric,approved,APPROVE
X000102515,2026-01-30 21:36:52,C000862,A0000862,M00588,T00145,West,West,94.28,USD,ecommerce,magstripe,approved,APPROVE
X000106448,2026-01-30 21:37:03,C000893,A0000893,M00564,T01141,Northeast,Northeast,121.61,USD,card_present,3ds,approved,APPROVE
X000209363,2026-01-30 21:37:18,C001709,A0001709,M00640,T00037,Midwest,Midwest,38.84,USD,card_present,wallet_biometric,approved,APPROVE
X000240478,2026-01-30 21:37:24,C001961,A0001961,M00453,T00831,South,South,135.71,USD,card_present,chip_pin,approved,APPROVE
X000198874,2026-01-30 21:38:08,C001628,A0001628,M00586,T00036,Northeast,Northeast,59.58,USD,card_present,magstripe,approved,APPROVE
X000062216,2026-01-30 21:38:17,C000529,A0000529,M00231,T00176,South,South,44.57,USD,ecommerce,3ds,approved,APPROVE
X000173796,2026-01-30 21:38:27,C001433,A0001433,M00258,T00527,West,West,21.25,USD,mobile_wallet,chip_pin,approved,APPROVE
X000241149,2026-01-30 21:38:27,C001968,A0001968,M00669,T00703,South,South,168.59,USD,mobile_wallet,wallet_biometric,approved,APPROVE
X000041437,2026-01-30 21:38:32,C000350,A0000350,M00194,T00803,Northeast,Northeast,58.9,USD,ecommerce,3ds,approved,APPROVE
X000071837,2026-01-30 21:38:58,C000609,A0000609,M00194,T00803,Northeast,Northeast,568.63,USD,mobile_wallet,3ds,approved,APPROVE
X000148290,2026-01-30 21:39:12,C001224,A0001224,M00313,T00777,Northeast,Northeast,255.22,USD,card_present,wallet_biometric,approved,APPROVE
X000165630,2026-01-30 21:39:29,C001367,A0001367,M00090,T00822,South,South,129.23,USD,ecommerce,3ds,approved,APPROVE
X000074562,2026-01-30 21:39:40,C000629,A0000629,M00036,T00993,Northeast,Northeast,35.5,USD,card_present,3ds,approved,APPROVE
X000076990,2026-01-30 21:39:46,C000647,A0000647,M00681,T00001,West,West,67.08,USD,ecommerce,wallet_biometric,approved,APPROVE
X000028883,2026-01-30 21:39:47,C000248,A0000248,M00385,T00962,South,South,91.75,USD,card_present,3ds,approved,APPROVE
X000225996,2026-01-30 21:40:13,C001841,A0001841,M00215,T00873,South,South,31.58,USD,card_present,magstripe,approved,APPROVE
X000209255,2026-01-30 21:41:14,C001708,A0001708,M00611,T00035,West,West,36.21,USD,card_present,chip_pin,approved,APPROVE
X000158083,2026-01-30 21:41:39,C001300,A0001300,M00657,T00743,South,South,118.89,USD,card_present,chip_pin,approved,APPROVE
X000233343,2026-01-30 21:41:52,C001902,A0001902,M00074,T01036,South,South,261.48,USD,card_present,3ds,approved,APPROVE
X000165303,2026-01-30 21:42:22,C001364,A0001364,M00661,T00141,Northeast,Northeast,85.53,USD,card_present,chip_pin,approved,APPROVE
X000060273,2026-01-30 21:43:01,C000513,A0000513,M00608,T00027,South,South,48.73,USD,card_present,3ds,approved,APPROVE
X000080782,2026-01-30 21:43:05,C000678,A0000678,M00616,T01010,West,West,17.62,USD,ecommerce,3ds,approved,APPROVE
X000080288,2026-01-30 21:44:06,C000675,A0000675,M00712,T00064,South,South,17.82,USD,card_present,chip_pin,approved,APPROVE
X000236852,2026-01-30 21:44:35,C001932,A0001932,M00074,T01036,South,South,45.51,USD,card_present,3ds,approved,APPROVE
X000224555,2026-01-30 21:46:04,C001832,A0001832,M00205,T00934,South,South,254.35,USD,card_present,chip_pin,approved,APPROVE
X000119440,2026-01-30 21:46:07,C000990,A0000990,M00635,T01013,Midwest,Midwest,33.2,USD,ecommerce,wallet_biometric,approved,APPROVE
X000168842,2026-01-30 21:46:36,C001396,A0001396,M00073,T00757,South,South,35.58,USD,mobile_wallet,3ds,approved,APPROVE
X000222543,2026-01-30 21:47:08,C001813,A0001813,M00017,T00257,Midwest,Midwest,132.48,USD,ecommerce,wallet_biometric,approved,APPROVE
X000087242,2026-01-30 21:47:17,C000732,A0000732,M00764,T00111,West,West,40.91,USD,mobile_wallet,chip_pin,approved,APPROVE
X000018703,2026-01-30 21:47:19,C000160,A0000160,M00179,T00056,Midwest,Midwest,14.48,USD,card_present,wallet_biometric,approved,APPROVE
X000091117,2026-01-30 21:48:04,C000764,A0000764,M00012,T01105,West,West,58.07,USD,ecommerce,chip_pin,approved,APPROVE
X000162285,2026-01-30 21:48:04,C001340,A0001340,M00052,T00843,South,South,110.07,USD,card_present,3ds,approved,APPROVE
X000013093,2026-01-30 21:48:06,C000114,A0000114,M00592,T00596,South,South,45.14,USD,ecommerce,chip_pin,approved,APPROVE
X000081242,2026-01-30 21:48:29,C000681,A0000681,M00769,T00996,West,West,147.7,USD,ecommerce,wallet_biometric,approved,APPROVE
X000116265,2026-01-30 21:48:59,C000965,A0000965,M00193,T01039,West,West,203.1,USD,ecommerce,magstripe,approved,APPROVE
X000116092,2026-01-30 21:49:23,C000964,A0000964,M00462,T01033,Northeast,Northeast,91.18,USD,mobile_wallet,3ds,approved,APPROVE
X000170716,2026-01-30 21:49:32,C001407,A0001407,M00338,T00847,Northeast,Northeast,108.05,USD,card_present,3ds,approved,APPROVE
X000056997,2026-01-30 21:49:35,C000482,A0000482,M00644,T00681,Midwest,West,34.79,USD,card_present,chip_pin,approved,APPROVE
X000098179,2026-01-30 21:49:38,C000822,A0000822,M00192,T00126,South,South,91.21,USD,card_present,magstripe,approved,APPROVE
X000074563,2026-01-30 21:49:46,C000629,A0000629,M00604,T01134,Northeast,Northeast,96.57,USD,ecommerce,chip_pin,approved,APPROVE
X000074564,2026-01-30 21:49:46,C000629,A0000629,M00604,T01134,Northeast,Northeast,103.3,USD,ecommerce,chip_pin,approved,APPROVE
X000171337,2026-01-30 21:49:59,C001412,A0001412,M00603,T01192,Midwest,Midwest,246.09,USD,ecommerce,wallet_biometric,approved,APPROVE
X000238045,2026-01-30 21:50:04,C001942,A0001942,M00585,T00052,Midwest,Midwest,61.05,USD,mobile_wallet,chip_pin,approved,APPROVE
X000245153,2026-01-30 21:50:34,C001997,A0001997,M00253,T00291,South,South,185.89,USD,card_present,chip_pin,approved,APPROVE
X000215821,2026-01-30 21:51:02,C001763,A0001763,M00754,T01077,West,West,120.79,USD,ecommerce,chip_pin,approved,APPROVE
X000119441,2026-01-30 21:51:24,C000990,A0000990,M00148,T00250,Midwest,Midwest,12.94,USD,ecommerce,chip_pin,approved,APPROVE
X000051363,2026-01-30 21:51:50,C000433,A0000433,M00712,T00064,South,South,56.5,USD,card_present,chip_pin,approved,APPROVE
X000194046,2026-01-30 21:52:09,C001595,A0001595,M00457,T00242,Midwest,Midwest,101.45,USD,card_present,chip_pin,approved,APPROVE
X000128375,2026-01-30 21:52:27,C001056,A0001056,M00602,T00692,Northeast,Northeast,84.57,USD,ecommerce,chip_pin,approved,APPROVE
X000231499,2026-01-30 21:52:40,C001889,A0001889,M00761,T01038,South,South,377.7,USD,card_present,3ds,approved,APPROVE
X000176905,2026-01-30 21:53:00,C001458,A0001458,M00667,T00609,Northeast,Northeast,86.3,USD,card_present,3ds,approved,APPROVE
X000019582,2026-01-30 21:53:09,C000169,A0000169,M00004,T00199,Northeast,Northeast,37.78,USD,card_present,chip_pin,approved,APPROVE
X000102099,2026-01-30 21:53:09,C000859,A0000859,M00587,T00725,South,South,141.14,USD,card_present,chip_pin,approved,APPROVE
X000148936,2026-01-30 21:53:10,C001226,A0001226,M00068,T01154,Northeast,Northeast,240.27,USD,ecommerce,chip_pin,approved,APPROVE
X000054884,2026-01-30 21:53:33,C000464,A0000464,M00391,T01061,Northeast,Northeast,280.53,USD,card_present,magstripe,approved,APPROVE
X000031855,2026-01-30 21:53:39,C000270,A0000270,M00336,T00988,West,West,92.61,USD,card_present,chip_pin,approved,APPROVE
X000167545,2026-01-30 21:53:39,C001384,A0001384,M00301,T00790,South,South,19.01,USD,card_present,chip_pin,approved,APPROVE
X000058081,2026-01-30 21:54:03,C000493,A0000493,M00720,T00705,Northeast,Northeast,115.42,USD,card_present,chip_pin,approved,APPROVE
X000026551,2026-01-30 21:54:35,C000228,A0000228,M00094,T00737,South,South,15.31,USD,ecommerce,3ds,approved,APPROVE
X000019978,2026-01-30 21:54:37,C000173,A0000173,M00359,T00984,Midwest,Midwest,68.5,USD,card_present,3ds,approved,APPROVE
X000130916,2026-01-30 21:54:37,C001077,A0001077,M00784,T00756,South,South,67.51,USD,card_present,magstripe,approved,APPROVE
X000132212,2026-01-30 21:54:57,C001089,A0001089,M00285,T00370,Midwest,Midwest,8.93,USD,ecommerce,magstripe,approved,APPROVE
X000171150,2026-01-30 21:56:03,C001411,A0001411,M00096,T00202,West,West,128.31,USD,ecommerce,3ds,approved,APPROVE
X000208897,2026-01-30 21:56:05,C001704,A0001704,M00517,T00541,Midwest,Midwest,112.49,USD,card_present,wallet_biometric,approved,APPROVE
X000090290,2026-01-30 21:56:06,C000755,A0000755,M00044,T01081,Northeast,Northeast,25.04,USD,card_present,3ds,approved,APPROVE
X000085694,2026-01-30 21:56:28,C000717,A0000717,M00298,T00088,Northeast,Northeast,103.88,USD,ecommerce,3ds,approved,APPROVE
X000093503,2026-01-30 21:56:33,C000783,A0000783,M00482,T01158,West,West,317.43,USD,ecommerce,chip_pin,approved,APPROVE
X000156300,2026-01-30 21:56:59,C001286,A0001286,M00266,T00421,Northeast,Northeast,90.81,USD,mobile_wallet,chip_pin,approved,APPROVE
X000077078,2026-01-30 21:57:07,C000648,A0000648,M00259,T00535,Northeast,Northeast,18.4,USD,ecommerce,chip_pin,approved,APPROVE
X000051785,2026-01-30 21:57:12,C000438,A0000438,M00524,T00607,West,West,44.27,USD,card_present,3ds,approved,APPROVE
X000214077,2026-01-30 21:57:28,C001748,A0001748,M00309,T01011,Northeast,Northeast,88.63,USD,ecommerce,3ds,approved,APPROVE
X000097758,2026-01-30 21:57:53,C000819,A0000819,M00447,T00749,South,South,43.75,USD,card_present,chip_pin,approved,APPROVE
X000130531,2026-01-30 21:58:41,C001073,A0001073,M00295,T00926,Northeast,South,24.0,USD,card_present,chip_pin,approved,APPROVE
X000213129,2026-01-30 21:58:48,C001740,A0001740,M00628,T01005,West,West,52.31,USD,card_present,3ds,approved,APPROVE
X000204824,2026-01-30 21:58:52,C001672,A0001672,M00069,T00652,West,West,76.12,USD,card_present,3ds,approved,APPROVE
X000207714,2026-01-30 21:59:56,C001695,A0001695,M00323,T01185,South,South,52.08,USD,card_present,chip_pin,approved,APPROVE
X000104085,2026-01-30 22:00:01,C000876,A0000876,M00553,T00625,West,West,24.6,USD,card_present,chip_pin,approved,APPROVE
X000136292,2026-01-30 22:00:08,C001121,A0001121,M00367,T00335,South,South,83.54,USD,card_present,3ds,approved,APPROVE
X000135061,2026-01-30 22:00:11,C001109,A0001109,M00528,T00301,Midwest,Midwest,29.69,USD,ecommerce,chip_pin,approved,APPROVE
X000147705,2026-01-30 22:00:31,C001220,A0001220,M00483,T00465,West,West,116.63,USD,ecommerce,chip_pin,approved,APPROVE
X000076066,2026-01-30 22:00:49,C000639,A0000639,M00488,T00046,Northeast,Northeast,69.87,USD,ecommerce,magstripe,approved,APPROVE
X000122116,2026-01-30 22:01:09,C001013,A0001013,M00675,T01030,Midwest,Midwest,15.12,USD,card_present,chip_pin,approved,APPROVE
X000052226,2026-01-30 22:01:24,C000441,A0000441,M00421,T00140,Midwest,Midwest,53.44,USD,card_present,3ds,approved,APPROVE
X000237758,2026-01-30 22:01:30,C001939,A0001939,M00042,T00546,Northeast,Northeast,42.42,USD,card_present,chip_pin,approved,APPROVE
X000150124,2026-01-30 22:02:19,C001236,A0001236,M00663,T00502,West,West,96.13,USD,card_present,chip_pin,approved,APPROVE
X000008014,2026-01-30 22:02:41,C000073,A0000073,M00716,T00578,West,West,489.91,USD,card_present,3ds,approved,APPROVE
X000068442,2026-01-30 22:03:00,C000580,A0000580,M00313,T00777,Northeast,Northeast,34.7,USD,ecommerce,chip_pin,approved,APPROVE
X000239820,2026-01-30 22:03:47,C001955,A0001955,M00484,T00728,South,South,9.65,USD,ecommerce,3ds,approved,APPROVE
X000228781,2026-01-30 22:04:51,C001863,A0001863,M00184,T00058,South,South,35.47,USD,card_present,wallet_biometric,approved,APPROVE
X000004283,2026-01-30 22:05:22,C000038,A0000038,M00007,T00210,South,South,36.24,USD,mobile_wallet,3ds,approved,APPROVE
X000119743,2026-01-30 22:06:38,C000994,A0000994,M00369,T00207,Northeast,Northeast,54.04,USD,card_present,magstripe,approved,APPROVE
X000000216,2026-01-30 22:07:34,C000002,A0000002,M00535,T00761,West,West,95.66,USD,mobile_wallet,wallet_biometric,approved,APPROVE
X000004122,2026-01-30 22:07:35,C000036,A0000036,M00501,T00506,Northeast,Northeast,67.52,USD,card_present,chip_pin,approved,APPROVE
X000013942,2026-01-30 22:07:36,C000118,A0000118,M00790,T01171,Northeast,Northeast,106.75,USD,card_present,magstripe,approved,APPROVE
X000239687,2026-01-30 22:07:58,C001954,A0001954,M00793,T01052,South,South,207.9,USD,card_present,wallet_biometric,approved,APPROVE
X000131261,2026-01-30 22:08:02,C001080,A0001080,M00517,T00541,Midwest,Midwest,44.78,USD,card_present,chip_pin,approved,APPROVE
X000090630,2026-01-30 22:08:12,C000759,A0000759,M00618,T00042,Northeast,Northeast,27.21,USD,ecommerce,chip_pin,approved,APPROVE
X000107520,2026-01-30 22:08:47,C000900,A0000900,M00495,T00738,Midwest,Midwest,174.79,USD,mobile_wallet,3ds,approved,APPROVE
X000147462,2026-01-30 22:09:07,C001217,A0001217,M00471,T00670,Midwest,Midwest,34.2,USD,ecommerce,chip_pin,approved,APPROVE
X000116266,2026-01-30 22:09:21,C000965,A0000965,M00193,T01039,West,West,110.37,USD,ecommerce,chip_pin,approved,APPROVE
X000017533,2026-01-30 22:10:03,C000150,A0000150,M00173,T01167,South,South,250.35,USD,ecommerce,magstripe,approved,APPROVE
X000033622,2026-01-30 22:10:21,C000286,A0000286,M00192,T00798,South,South,23.15,USD,card_present,3ds,approved,APPROVE
X000055017,2026-01-30 22:10:45,C000465,A0000465,M00675,T01030,Midwest,Midwest,38.95,USD,card_present,chip_pin,approved,APPROVE
X000134696,2026-01-30 22:10:52,C001105,A0001105,M00621,T00383,West,West,28.78,USD,mobile_wallet,chip_pin,approved,APPROVE
X000014897,2026-01-30 22:11:01,C000126,A0000126,M00378,T00730,South,South,117.67,USD,card_present,wallet_biometric,approved,APPROVE
X000001164,2026-01-30 22:11:09,C000012,A0000012,M00387,T00209,Northeast,Northeast,67.79,USD,ecommerce,3ds,approved,APPROVE
X000201431,2026-01-30 22:11:14,C001649,A0001649,M00135,T00646,Midwest,Midwest,66.69,USD,card_present,3ds,approved,APPROVE
X000030946,2026-01-30 22:11:22,C000262,A0000262,M00128,T00044,Northeast,Northeast,60.9,USD,card_present,chip_pin,approved,APPROVE
X000237097,2026-01-30 22:11:24,C001934,A0001934,M00667,T00182,Northeast,Northeast,139.25,USD,card_present,wallet_biometric,approved,APPROVE
X000013652,2026-01-30 22:11:41,C000116,A0000116,M00085,T00540,Northeast,Northeast,127.07,USD,ecommerce,chip_pin,approved,APPROVE
X000103060,2026-01-30 22:11:48,C000866,A0000866,M00077,T00723,South,South,162.58,USD,ecommerce,chip_pin,approved,APPROVE
X000212403,2026-01-30 22:12:02,C001733,A0001733,M00391,T00267,Northeast,Northeast,342.28,USD,card_present,chip_pin,approved,APPROVE
X000026322,2026-01-30 22:12:29,C000225,A0000225,M00335,T00070,South,South,40.39,USD,card_present,3ds,approved,APPROVE
X000176003,2026-01-30 22:12:33,C001450,A0001450,M00400,T00825,West,West,237.28,USD,card_present,chip_pin,approved,APPROVE
X000020378,2026-01-30 22:12:35,C000177,A0000177,M00638,T00151,Northeast,Northeast,70.68,USD,mobile_wallet,3ds,approved,APPROVE
X000101820,2026-01-30 22:12:42,C000857,A0000857,M00681,T00888,West,West,108.59,USD,ecommerce,3ds,approved,APPROVE
X000029627,2026-01-30 22:12:47,C000254,A0000254,M00298,T00088,Northeast,Northeast,157.7,USD,card_present,chip_pin,approved,APPROVE
X000044407,2026-01-30 22:13:42,C000376,A0000376,M00439,T00144,West,West,327.45,USD,mobile_wallet,wallet_biometric,approved,APPROVE
X000073725,2026-01-30 22:13:56,C000623,A0000623,M00479,T00906,Midwest,Midwest,229.69,USD,card_present,chip_pin,approved,APPROVE
X000121843,2026-01-30 22:14:01,C001011,A0001011,M00170,T01059,Midwest,Midwest,162.9,USD,card_present,chip_pin,approved,APPROVE
X000222544,2026-01-30 22:14:03,C001813,A0001813,M00017,T00257,Midwest,Midwest,64.99,USD,card_present,magstripe,approved,APPROVE
X000104941,2026-01-30 22:14:29,C000883,A0000883,M00645,T00905,South,South,38.09,USD,ecommerce,wallet_biometric,approved,APPROVE
X000065994,2026-01-30 22:14:30,C000559,A0000559,M00788,T01136,South,South,121.8,USD,card_present,wallet_biometric,approved,APPROVE
X000142589,2026-01-30 22:14:46,C001175,A0001175,M00009,T00774,South,South,84.79,USD,mobile_wallet,chip_pin,approved,APPROVE
X000093504,2026-01-30 22:14:48,C000783,A0000783,M00482,T01158,West,West,79.19,USD,card_present,3ds,approved,APPROVE
X000226379,2026-01-30 22:14:58,C001844,A0001844,M00517,T00541,Midwest,Midwest,89.0,USD,card_present,3ds,approved,APPROVE
X000031349,2026-01-30 22:15:12,C000265,A0000265,M00782,T00669,Midwest,Midwest,52.49,USD,card_present,3ds,approved,APPROVE
X000040772,2026-01-30 22:15:43,C000346,A0000346,M00481,T00116,Northeast,Northeast,63.3,USD,ecommerce,chip_pin,approved,APPROVE
X000245581,2026-01-30 22:15:48,C002000,A0002000,M00638,T00151,Northeast,Northeast,18.51,USD,card_present,wallet_biometric,approved,APPROVE
X000137175,2026-01-30 22:15:53,C001127,A0001127,M00560,T00180,West,West,116.56,USD,card_present,wallet_biometric,approved,APPROVE
X000235205,2026-01-30 22:16:25,C001917,A0001917,M00223,T00651,South,South,112.98,USD,ecommerce,3ds,approved,APPROVE
X000021487,2026-01-30 22:16:36,C000186,A0000186,M00232,T00367,West,West,329.44,USD,mobile_wallet,magstripe,approved,APPROVE
X000025405,2026-01-30 22:16:43,C000216,A0000216,M00007,T00196,South,South,42.06,USD,card_present,3ds,approved,APPROVE
X000021488,2026-01-30 22:17:03,C000186,A0000186,M00760,T00859,West,Midwest,474.57,USD,card_present,chip_pin,approved,APPROVE
X000064296,2026-01-30 22:17:30,C000546,A0000546,M00118,T01152,West,West,49.83,USD,card_present,wallet_biometric,approved,APPROVE
X000133554,2026-01-30 22:17:58,C001100,A0001100,M00342,T00563,Midwest,Midwest,16.81,USD,card_present,chip_pin,approved,APPROVE
X000006954,2026-01-30 22:18:29,C000063,A0000063,M00247,T01144,South,South,102.83,USD,card_present,wallet_biometric,approved,APPROVE
X000090542,2026-01-30 22:18:51,C000758,A0000758,M00772,T00124,Midwest,Midwest,71.37,USD,card_present,chip_pin,approved,APPROVE
X000155895,2026-01-30 22:19:11,C001283,A0001283,M00448,T00142,Midwest,Midwest,303.78,USD,card_present,chip_pin,approved,APPROVE
X000226729,2026-01-30 22:19:27,C001848,A0001848,M00327,T00251,South,South,24.1,USD,card_present,chip_pin,approved,APPROVE
X000124646,2026-01-30 22:19:40,C001030,A0001030,M00604,T01134,Northeast,Northeast,508.42,USD,card_present,chip_pin,approved,APPROVE
X000184652,2026-01-30 22:19:53,C001521,A0001521,M00295,T00425,South,South,216.16,USD,mobile_wallet,wallet_biometric,approved,APPROVE
X000063957,2026-01-30 22:20:03,C000542,A0000542,M00606,T00224,West,West,278.9,USD,card_present,3ds,approved,APPROVE
X000204001,2026-01-30 22:20:37,C001667,A0001667,M00645,T00905,South,South,172.94,USD,mobile_wallet,3ds,approved,APPROVE
X000040660,2026-01-30 22:20:41,C000345,A0000345,M00130,T00939,South,South,122.39,USD,ecommerce,wallet_biometric,approved,APPROVE
X000000217,2026-01-30 22:20:47,C000002,A0000002,M00061,T00492,West,West,85.52,USD,card_present,3ds,approved,APPROVE
X000110091,2026-01-30 22:21:02,C000920,A0000920,M00731,T00964,Northeast,Northeast,249.2,USD,card_present,chip_pin,approved,APPROVE
X000000084,2026-01-30 22:21:18,C000001,A0000001,M00372,T00095,South,South,275.4,USD,card_present,chip_pin,approved,APPROVE
X000058522,2026-01-30 22:21:35,C000496,A0000496,M00067,T00948,South,South,46.23,USD,ecommerce,3ds,approved,APPROVE
X000169563,2026-01-30 22:21:38,C001400,A0001400,M00282,T00583,South,South,169.98,USD,card_present,3ds,approved,APPROVE
X000191991,2026-01-30 22:21:55,C001575,A0001575,M00394,T00597,South,South,25.8,USD,card_present,wallet_biometric,approved,APPROVE
X000074125,2026-01-30 22:22:20,C000626,A0000626,M00244,T00336,South,South,62.35,USD,card_present,3ds,approved,APPROVE
X000002452,2026-01-30 22:22:21,C000023,A0000023,M00294,T00731,South,South,15.11,USD,card_present,wallet_biometric,approved,APPROVE
X000085614,2026-01-30 22:22:43,C000716,A0000716,M00216,T00994,West,West,39.95,USD,ecommerce,wallet_biometric,approved,APPROVE
X000012887,2026-01-30 22:23:00,C000112,A0000112,M00084,T00910,Midwest,Midwest,72.65,USD,card_present,3ds,approved,APPROVE
X000035989,2026-01-30 22:23:11,C000307,A0000307,M00294,T00471,South,South,34.96,USD,mobile_wallet,chip_pin,approved,APPROVE
X000092587,2026-01-30 22:23:29,C000775,A0000775,M00700,T00679,Northeast,Northeast,37.83,USD,ecommerce,chip_pin,approved,APPROVE
X000201912,2026-01-30 22:23:49,C001651,A0001651,M00282,T00583,South,South,18.82,USD,card_present,chip_pin,approved,APPROVE
X000047181,2026-01-30 22:24:13,C000397,A0000397,M00345,T01138,South,South,70.45,USD,ecommerce,chip_pin,approved,APPROVE
X000113079,2026-01-30 22:24:58,C000944,A0000944,M00109,T00548,Northeast,Northeast,578.29,USD,card_present,3ds,approved,APPROVE
X000161079,2026-01-30 22:25:13,C001330,A0001330,M00559,T00805,Midwest,Midwest,78.89,USD,card_present,wallet_biometric,approved,APPROVE
X000179429,2026-01-30 22:25:35,C001476,A0001476,M00667,T00182,Northeast,Northeast,461.64,USD,ecommerce,magstripe,approved,APPROVE
X000004284,2026-01-30 22:25:46,C000038,A0000038,M00645,T00905,South,South,83.74,USD,ecommerce,wallet_biometric,approved,APPROVE
X000234287,2026-01-30 22:25:47,C001910,A0001910,M00549,T00456,South,South,99.23,USD,ecommerce,3ds,approved,APPROVE
X000152157,2026-01-30 22:26:24,C001251,A0001251,M00615,T00908,Midwest,Midwest,80.34,USD,card_present,wallet_biometric,approved,APPROVE
X000157210,2026-01-30 22:26:42,C001293,A0001293,M00423,T00628,South,South,424.07,USD,ecommerce,3ds,approved,APPROVE
X000071648,2026-01-30 22:26:54,C000608,A0000608,M00495,T00738,Midwest,Midwest,147.74,USD,card_present,3ds,approved,APPROVE
X000106449,2026-01-30 22:27:24,C000893,A0000893,M00068,T00683,Northeast,Northeast,206.83,USD,ecommerce,3ds,approved,APPROVE
X000008417,2026-01-30 22:28:19,C000077,A0000077,M00452,T00329,Northeast,Northeast,22.75,USD,ecommerce,3ds,approved,APPROVE
X000141820,2026-01-30 22:28:31,C001169,A0001169,M00679,T00947,Northeast,Northeast,193.63,USD,card_present,3ds,approved,APPROVE
X000209364,2026-01-30 22:29:07,C001709,A0001709,M00341,T00572,Midwest,Midwest,26.26,USD,mobile_wallet,3ds,approved,APPROVE
X000215355,2026-01-30 22:29:15,C001758,A0001758,M00085,T00540,Northeast,Northeast,41.51,USD,card_present,3ds,approved,APPROVE
X000145943,2026-01-30 22:29:32,C001203,A0001203,M00509,T01064,West,West,29.72,USD,card_present,wallet_biometric,approved,APPROVE
X000030947,2026-01-30 22:29:47,C000262,A0000262,M00168,T00020,Northeast,Northeast,50.83,USD,card_present,chip_pin,approved,APPROVE
X000243280,2026-01-30 22:29:57,C001985,A0001985,M00486,T00218,South,South,72.47,USD,card_present,3ds,approved,APPROVE
X000202534,2026-01-30 22:30:00,C001657,A0001657,M00620,T00585,South,South,61.82,USD,ecommerce,chip_pin,approved,APPROVE
X000024755,2026-01-30 22:30:25,C000209,A0000209,M00304,T00684,Midwest,Midwest,130.94,USD,card_present,chip_pin,approved,APPROVE
X000231704,2026-01-30 22:31:38,C001890,A0001890,M00123,T00812,Midwest,Midwest,145.24,USD,card_present,chip_pin,approved,APPROVE
X000011507,2026-01-30 22:31:47,C000102,A0000102,M00756,T00999,West,West,165.59,USD,ecommerce,chip_pin,soft_decline,CHALLENGE
X000033368,2026-01-30 22:32:57,C000283,A0000283,M00368,T00453,West,West,39.02,USD,card_present,3ds,approved,APPROVE
X000194688,2026-01-30 22:33:26,C001601,A0001601,M00231,T00176,South,South,96.83,USD,card_present,chip_pin,approved,APPROVE
X000055224,2026-01-30 22:33:57,C000467,A0000467,M00258,T00943,West,West,380.41,USD,card_present,3ds,soft_decline,CHALLENGE
X000202725,2026-01-30 22:34:05,C001659,A0001659,M00402,T00179,South,South,19.23,USD,ecommerce,3ds,approved,APPROVE
X000085010,2026-01-30 22:34:09,C000710,A0000710,M00265,T00865,West,West,54.8,USD,mobile_wallet,3ds,approved,APPROVE
X000223064,2026-01-30 22:34:35,C001818,A0001818,M00311,T01079,Midwest,Midwest,33.98,USD,card_present,wallet_biometric,approved,APPROVE
X000093676,2026-01-30 22:36:16,C000785,A0000785,M00400,T00412,West,West,42.11,USD,card_present,magstripe,approved,APPROVE
X000098090,2026-01-30 22:36:17,C000821,A0000821,M00217,T00815,South,South,47.22,USD,card_present,magstripe,approved,APPROVE
X000216512,2026-01-30 22:36:31,C001770,A0001770,M00669,T00703,Midwest,South,105.7,USD,card_present,chip_pin,approved,APPROVE
X000128218,2026-01-30 22:36:45,C001055,A0001055,M00608,T00219,South,South,101.43,USD,mobile_wallet,3ds,approved,APPROVE
X000121131,2026-01-30 22:37:02,C001006,A0001006,M00326,T01151,Northeast,Northeast,78.4,USD,card_present,3ds,approved,APPROVE
X000078554,2026-01-30 22:37:18,C000661,A0000661,M00700,T00884,Northeast,Northeast,66.44,USD,card_present,wallet_biometric,approved,APPROVE
X000122117,2026-01-30 22:37:30,C001013,A0001013,M00225,T00294,Midwest,Midwest,38.72,USD,ecommerce,3ds,approved,APPROVE
X000056123,2026-01-30 22:37:50,C000474,A0000474,M00120,T00900,South,Midwest,88.33,USD,mobile_wallet,chip_pin,approved,APPROVE
X000188574,2026-01-30 22:38:09,C001549,A0001549,M00400,T00241,West,West,406.41,USD,card_present,wallet_biometric,approved,APPROVE
X000049873,2026-01-30 22:38:13,C000417,A0000417,M00343,T00030,West,West,19.67,USD,card_present,chip_pin,approved,APPROVE
X000179430,2026-01-30 22:38:18,C001476,A0001476,M00478,T00667,Northeast,Midwest,210.69,USD,card_present,chip_pin,approved,APPROVE
X000120737,2026-01-30 22:38:20,C001003,A0001003,M00675,T00026,Midwest,Midwest,216.48,USD,card_present,wallet_biometric,approved,APPROVE
X000128219,2026-01-30 22:38:46,C001055,A0001055,M00608,T00219,South,South,122.1,USD,card_present,3ds,approved,APPROVE
X000142215,2026-01-30 22:39:05,C001172,A0001172,M00425,T00883,West,West,134.14,USD,ecommerce,chip_pin,approved,APPROVE
X000173454,2026-01-30 22:40:06,C001430,A0001430,M00227,T00504,Midwest,Midwest,109.48,USD,card_present,magstripe,approved,APPROVE
X000161768,2026-01-30 22:40:07,C001334,A0001334,M00775,T00581,West,West,109.41,USD,ecommerce,magstripe,approved,APPROVE
X000047412,2026-01-30 22:40:33,C000399,A0000399,M00347,T00674,Midwest,Midwest,47.92,USD,card_present,3ds,approved,APPROVE
X000145349,2026-01-30 22:41:52,C001196,A0001196,M00001,T00800,South,South,75.24,USD,ecommerce,wallet_biometric,approved,APPROVE
X000043218,2026-01-30 22:42:25,C000365,A0000365,M00477,T00694,West,West,25.86,USD,ecommerce,3ds,approved,APPROVE
X000184814,2026-01-30 22:42:28,C001522,A0001522,M00130,T00939,South,South,132.1,USD,mobile_wallet,3ds,approved,APPROVE
X000059032,2026-01-30 22:42:49,C000501,A0000501,M00282,T01131,South,South,37.33,USD,ecommerce,3ds,approved,APPROVE
X000237098,2026-01-30 22:43:26,C001934,A0001934,M00786,T00776,Northeast,Northeast,306.31,USD,mobile_wallet,chip_pin,approved,APPROVE
X000146004,2026-01-30 22:44:10,C001204,A0001204,M00105,T00482,West,West,44.25,USD,ecommerce,wallet_biometric,approved,APPROVE
X000099828,2026-01-30 22:44:29,C000839,A0000839,M00294,T00731,South,South,29.97,USD,mobile_wallet,magstripe,approved,APPROVE
X000059925,2026-01-30 22:44:53,C000510,A0000510,M00090,T00822,South,South,89.21,USD,card_present,wallet_biometric,approved,APPROVE
X000106831,2026-01-30 22:45:02,C000895,A0000895,M00613,T00331,South,South,107.03,USD,card_present,chip_pin,approved,APPROVE
X000083880,2026-01-30 22:47:20,C000701,A0000701,M00598,T00688,West,West,37.75,USD,mobile_wallet,3ds,soft_decline,CHALLENGE
X000109650,2026-01-30 22:48:48,C000916,A0000916,M00315,T01023,Midwest,Midwest,134.06,USD,card_present,magstripe,approved,APPROVE
X000144545,2026-01-30 22:49:02,C001190,A0001190,M00784,T00756,South,South,432.04,USD,card_present,magstripe,approved,APPROVE
X000181739,2026-01-30 22:49:05,C001495,A0001495,M00517,T01092,Northeast,Midwest,29.74,USD,card_present,chip_pin,approved,APPROVE
X000154686,2026-01-30 22:49:15,C001275,A0001275,M00592,T00719,South,South,326.02,USD,card_present,3ds,approved,APPROVE
X000059624,2026-01-30 22:49:16,C000507,A0000507,M00788,T00018,South,South,26.29,USD,card_present,3ds,approved,APPROVE
X000202535,2026-01-30 22:49:20,C001657,A0001657,M00753,T00413,South,South,111.52,USD,ecommerce,chip_pin,approved,APPROVE
X000148937,2026-01-30 22:49:26,C001226,A0001226,M00070,T00658,Northeast,Northeast,184.81,USD,card_present,chip_pin,approved,APPROVE
X000005461,2026-01-30 22:49:43,C000050,A0000050,M00359,T00592,Midwest,Midwest,37.64,USD,card_present,magstripe,approved,APPROVE
X000243603,2026-01-30 22:49:54,C001987,A0001987,M00784,T00756,South,South,182.06,USD,card_present,chip_pin,approved,APPROVE
X000149388,2026-01-30 22:50:12,C001229,A0001229,M00111,T01015,Midwest,Midwest,66.0,USD,card_present,3ds,approved,APPROVE
X000127066,2026-01-30 22:50:23,C001046,A0001046,M00497,T00382,Northeast,West,61.06,USD,card_present,3ds,approved,APPROVE
X000066776,2026-01-30 22:50:40,C000566,A0000566,M00286,T00097,West,West,56.35,USD,card_present,chip_pin,approved,APPROVE
X000165102,2026-01-30 22:50:46,C001362,A0001362,M00042,T00766,Northeast,Northeast,44.29,USD,card_present,wallet_biometric,approved,APPROVE
X000233163,2026-01-30 22:50:54,C001901,A0001901,M00640,T01025,Midwest,Midwest,45.18,USD,ecommerce,3ds,approved,APPROVE
X000223496,2026-01-30 22:50:55,C001822,A0001822,M00549,T00456,South,South,130.3,USD,card_present,chip_pin,approved,APPROVE
X000029906,2026-01-30 22:51:00,C000256,A0000256,M00112,T00586,West,West,6.17,USD,card_present,wallet_biometric,approved,APPROVE
X000190372,2026-01-30 22:51:21,C001563,A0001563,M00423,T00106,South,South,426.46,USD,ecommerce,chip_pin,approved,APPROVE
X000013653,2026-01-30 22:51:27,C000116,A0000116,M00564,T01141,Northeast,Northeast,259.95,USD,mobile_wallet,magstripe,approved,APPROVE
X000210760,2026-01-30 22:51:30,C001718,A0001718,M00446,T00838,South,South,20.83,USD,card_present,3ds,approved,APPROVE
X000175463,2026-01-30 22:51:32,C001445,A0001445,M00133,T00854,Northeast,Northeast,59.67,USD,card_present,chip_pin,approved,APPROVE
X000026004,2026-01-30 22:53:06,C000221,A0000221,M00422,T00197,Midwest,Midwest,180.82,USD,ecommerce,chip_pin,approved,APPROVE
X000145437,2026-01-30 22:53:18,C001197,A0001197,M00706,T00053,Northeast,Northeast,43.52,USD,card_present,chip_pin,soft_decline,CHALLENGE
X000015961,2026-01-30 22:53:39,C000135,A0000135,M00490,T00340,South,South,38.84,USD,card_present,chip_pin,approved,APPROVE
X000159495,2026-01-30 22:53:53,C001314,A0001314,M00229,T00063,Northeast,Northeast,38.03,USD,ecommerce,chip_pin,approved,APPROVE
X000104173,2026-01-30 22:53:54,C000877,A0000877,M00064,T00627,Midwest,Midwest,222.36,USD,ecommerce,wallet_biometric,approved,APPROVE
X000000863,2026-01-30 22:55:01,C000009,A0000009,M00786,T00092,Northeast,Northeast,56.89,USD,mobile_wallet,wallet_biometric,approved,APPROVE
X000157211,2026-01-30 22:55:15,C001293,A0001293,M00406,T00668,South,South,20.17,USD,card_present,chip_pin,approved,APPROVE
X000193824,2026-01-30 22:55:18,C001593,A0001593,M00311,T01079,Midwest,Midwest,24.66,USD,ecommerce,3ds,approved,APPROVE
X000185192,2026-01-30 22:56:17,C001524,A0001524,M00524,T00237,West,West,192.33,USD,card_present,chip_pin,approved,APPROVE
X000177073,2026-01-30 22:56:26,C001459,A0001459,M00376,T00702,South,South,204.83,USD,card_present,wallet_biometric,approved,APPROVE
X000081243,2026-01-30 22:56:51,C000681,A0000681,M00769,T00996,West,West,131.08,USD,card_present,chip_pin,approved,APPROVE
X000157964,2026-01-30 22:56:51,C001299,A0001299,M00382,T00233,Midwest,Midwest,112.12,USD,card_present,3ds,approved,APPROVE
X000126931,2026-01-30 22:56:58,C001045,A0001045,M00067,T00654,South,South,34.29,USD,ecommerce,3ds,approved,APPROVE
X000239327,2026-01-30 22:57:12,C001952,A0001952,M00655,T00487,Midwest,Midwest,78.24,USD,mobile_wallet,chip_pin,approved,APPROVE
X000125869,2026-01-30 22:57:39,C001037,A0001037,M00620,T00585,South,South,26.59,USD,ecommerce,chip_pin,approved,APPROVE
X000000575,2026-01-30 22:58:28,C000007,A0000007,M00778,T01132,South,South,56.73,USD,ecommerce,chip_pin,approved,APPROVE
X000069346,2026-01-30 22:59:20,C000589,A0000589,M00507,T00488,South,South,94.48,USD,ecommerce,chip_pin,approved,APPROVE
X000190872,2026-01-30 22:59:38,C001567,A0001567,M00587,T00374,South,South,375.31,USD,card_present,3ds,approved,APPROVE
X000030483,2026-01-30 22:59:39,C000260,A0000260,M00056,T01147,Midwest,Midwest,217.11,USD,card_present,3ds,approved,APPROVE
X000228426,2026-01-30 22:59:43,C001860,A0001860,M00560,T00369,Northeast,West,57.59,USD,ecommerce,chip_pin,approved,APPROVE
X000075255,2026-01-30 22:59:51,C000632,A0000632,M00782,T00864,Midwest,Midwest,136.46,USD,card_present,chip_pin,approved,APPROVE
X000218298,2026-01-30 23:00:13,C001783,A0001783,M00369,T00207,Northeast,Northeast,28.48,USD,card_present,magstripe,approved,APPROVE
X000186822,2026-01-30 23:00:21,C001536,A0001536,M00253,T00043,South,South,65.76,USD,card_present,chip_pin,approved,APPROVE
X000228974,2026-01-30 23:00:45,C001865,A0001865,M00770,T00870,Midwest,Midwest,401.0,USD,card_present,chip_pin,approved,APPROVE
X000169158,2026-01-30 23:00:53,C001398,A0001398,M00020,T00254,South,South,11.25,USD,card_present,magstripe,approved,APPROVE
X000213258,2026-01-30 23:00:57,C001741,A0001741,M00667,T00609,Northeast,Northeast,21.77,USD,card_present,wallet_biometric,approved,APPROVE
X000122436,2026-01-30 23:01:05,C001015,A0001015,M00326,T01151,Northeast,Northeast,57.07,USD,card_present,3ds,approved,APPROVE
X000187008,2026-01-30 23:01:32,C001538,A0001538,M00342,T00483,Midwest,Midwest,132.96,USD,ecommerce,3ds,approved,APPROVE
X000052605,2026-01-30 23:02:00,C000443,A0000443,M00398,T00726,South,South,78.81,USD,card_present,chip_pin,approved,APPROVE
X000085953,2026-01-30 23:02:01,C000720,A0000720,M00736,T00065,South,South,79.31,USD,card_present,3ds,approved,APPROVE
X000006876,2026-01-30 23:02:05,C000062,A0000062,M00745,T00255,Northeast,Northeast,20.94,USD,ecommerce,3ds,approved,APPROVE
X000076991,2026-01-30 23:02:44,C000647,A0000647,M00681,T00001,West,West,74.27,USD,ecommerce,3ds,approved,APPROVE
X000119816,2026-01-30 23:02:51,C000995,A0000995,M00343,T00792,West,West,161.05,USD,ecommerce,chip_pin,approved,APPROVE
X000103142,2026-01-30 23:03:07,C000867,A0000867,M00005,T00817,South,South,58.05,USD,ecommerce,chip_pin,approved,APPROVE
X000044670,2026-01-30 23:03:08,C000377,A0000377,M00712,T00650,South,South,100.96,USD,card_present,chip_pin,approved,APPROVE
X000148291,2026-01-30 23:03:49,C001224,A0001224,M00276,T00213,Northeast,Northeast,145.4,USD,ecommerce,3ds,approved,APPROVE
X000217108,2026-01-30 23:04:01,C001773,A0001773,M00183,T01168,South,South,335.95,USD,card_present,chip_pin,approved,APPROVE
X000210507,2026-01-30 23:04:09,C001716,A0001716,M00403,T00159,Northeast,Northeast,20.52,USD,card_present,3ds,approved,APPROVE
X000066854,2026-01-30 23:04:21,C000567,A0000567,M00640,T00037,Midwest,Midwest,104.92,USD,card_present,chip_pin,approved,APPROVE
X000052227,2026-01-30 23:04:25,C000441,A0000441,M00277,T00518,Midwest,Midwest,55.34,USD,ecommerce,chip_pin,approved,APPROVE
X000223837,2026-01-30 23:04:25,C001826,A0001826,M00600,T00588,South,South,14.31,USD,ecommerce,wallet_biometric,approved,APPROVE
X000172450,2026-01-30 23:04:45,C001422,A0001422,M00191,T00188,Midwest,Midwest,57.15,USD,ecommerce,chip_pin,approved,APPROVE
X000105369,2026-01-30 23:04:46,C000886,A0000886,M00603,T01192,Midwest,Midwest,12.44,USD,ecommerce,3ds,approved,APPROVE
X000122545,2026-01-30 23:05:23,C001016,A0001016,M00745,T00823,Northeast,Northeast,22.16,USD,card_present,magstripe,approved,APPROVE
X000110532,2026-01-30 23:05:25,C000923,A0000923,M00642,T00253,Midwest,Midwest,35.64,USD,card_present,chip_pin,approved,APPROVE
X000214078,2026-01-30 23:05:33,C001748,A0001748,M00309,T01011,Northeast,Northeast,121.68,USD,ecommerce,3ds,approved,APPROVE
X000241150,2026-01-30 23:05:35,C001968,A0001968,M00620,T00551,South,South,110.84,USD,ecommerce,chip_pin,approved,APPROVE
X000112515,2026-01-30 23:05:51,C000941,A0000941,M00184,T00927,South,South,23.67,USD,card_present,chip_pin,approved,APPROVE
X000183122,2026-01-30 23:06:23,C001506,A0001506,M00721,T00476,West,West,105.34,USD,ecommerce,chip_pin,approved,APPROVE
X000064562,2026-01-30 23:06:33,C000548,A0000548,M00276,T00213,Midwest,Northeast,37.52,USD,ecommerce,magstripe,approved,APPROVE
X000035344,2026-01-30 23:06:34,C000299,A0000299,M00031,T00031,South,South,185.69,USD,ecommerce,wallet_biometric,approved,APPROVE
X000000085,2026-01-30 23:07:07,C000001,A0000001,M00742,T00512,South,Northeast,193.82,USD,ecommerce,chip_pin,approved,APPROVE
X000108579,2026-01-30 23:08:00,C000910,A0000910,M00378,T01130,South,South,35.7,USD,card_present,chip_pin,approved,APPROVE
X000180209,2026-01-30 23:08:06,C001481,A0001481,M00276,T00665,Northeast,Northeast,6.74,USD,card_present,chip_pin,approved,APPROVE
X000117976,2026-01-30 23:08:09,C000977,A0000977,M00147,T00489,South,South,26.4,USD,card_present,chip_pin,approved,APPROVE
X000033255,2026-01-30 23:08:12,C000282,A0000282,M00487,T00332,South,South,190.22,USD,mobile_wallet,chip_pin,approved,APPROVE
X000210214,2026-01-30 23:08:12,C001714,A0001714,M00127,T00699,South,South,80.88,USD,card_present,3ds,approved,APPROVE
X000073460,2026-01-30 23:08:47,C000621,A0000621,M00500,T00780,Midwest,Midwest,62.8,USD,card_present,wallet_biometric,approved,APPROVE
X000141936,2026-01-30 23:08:55,C001170,A0001170,M00183,T00617,South,South,129.07,USD,card_present,3ds,approved,APPROVE
X000055725,2026-01-30 23:09:19,C000471,A0000471,M00580,T00415,South,South,161.19,USD,card_present,3ds,approved,APPROVE
X000202006,2026-01-30 23:09:35,C001652,A0001652,M00458,T00358,West,West,31.44,USD,card_present,chip_pin,approved,APPROVE
X000161289,2026-01-30 23:09:37,C001331,A0001331,M00321,T00416,Midwest,Midwest,43.26,USD,ecommerce,chip_pin,approved,APPROVE
X000052606,2026-01-30 23:09:47,C000443,A0000443,M00257,T00772,South,South,36.12,USD,ecommerce,chip_pin,approved,APPROVE
X000138588,2026-01-30 23:11:15,C001141,A0001141,M00020,T00254,South,South,74.74,USD,card_present,3ds,approved,APPROVE
X000202536,2026-01-30 23:11:26,C001657,A0001657,M00753,T00413,South,South,30.42,USD,card_present,3ds,approved,APPROVE
X000217616,2026-01-30 23:11:44,C001777,A0001777,M00198,T00247,Midwest,Midwest,247.39,USD,ecommerce,wallet_biometric,approved,APPROVE
X000017534,2026-01-30 23:11:55,C000150,A0000150,M00483,T00098,South,West,312.19,USD,mobile_wallet,3ds,approved,APPROVE
X000104780,2026-01-30 23:12:04,C000882,A0000882,M00481,T00116,Northeast,Northeast,29.03,USD,ecommerce,wallet_biometric,approved,APPROVE
X000050485,2026-01-30 23:12:57,C000423,A0000423,M00646,T00690,South,South,40.78,USD,card_present,chip_pin,approved,APPROVE
X000244498,2026-01-30 23:13:04,C001993,A0001993,M00021,T00406,South,South,23.79,USD,card_present,magstripe,approved,APPROVE
X000075916,2026-01-30 23:13:16,C000638,A0000638,M00730,T00009,West,West,10.79,USD,mobile_wallet,chip_pin,approved,APPROVE
X000038083,2026-01-30 23:13:38,C000325,A0000325,M00800,T00448,West,West,15.12,USD,ecommerce,chip_pin,approved,APPROVE
X000020849,2026-01-30 23:13:55,C000182,A0000182,M00544,T00081,South,South,163.3,USD,card_present,chip_pin,approved,APPROVE
X000129406,2026-01-30 23:14:03,C001064,A0001064,M00552,T00463,Northeast,Northeast,96.87,USD,ecommerce,3ds,approved,APPROVE
X000203274,2026-01-30 23:14:16,C001664,A0001664,M00051,T01084,South,South,203.49,USD,mobile_wallet,chip_pin,approved,APPROVE
X000243005,2026-01-30 23:14:28,C001982,A0001982,M00601,T00769,South,South,27.92,USD,ecommerce,chip_pin,approved,APPROVE
X000116470,2026-01-30 23:14:54,C000966,A0000966,M00077,T00783,South,South,43.68,USD,ecommerce,chip_pin,approved,APPROVE
X000053247,2026-01-30 23:15:57,C000449,A0000449,M00171,T00468,Northeast,Northeast,104.37,USD,mobile_wallet,3ds,approved,APPROVE
X000023343,2026-01-30 23:16:13,C000199,A0000199,M00739,T00701,Northeast,South,67.93,USD,mobile_wallet,wallet_biometric,approved,APPROVE
X000069861,2026-01-30 23:17:41,C000594,A0000594,M00655,T00487,Midwest,Midwest,53.7,USD,card_present,wallet_biometric,approved,APPROVE
X000076489,2026-01-30 23:17:59,C000643,A0000643,M00445,T00021,Northeast,Northeast,35.71,USD,card_present,chip_pin,approved,APPROVE
X000020776,2026-01-30 23:18:03,C000181,A0000181,M00484,T00479,South,South,64.89,USD,mobile_wallet,chip_pin,approved,APPROVE
X000071142,2026-01-30 23:18:07,C000604,A0000604,M00184,T00927,South,South,181.09,USD,card_present,chip_pin,approved,APPROVE
X000057364,2026-01-30 23:18:32,C000485,A0000485,M00305,T01095,Northeast,Northeast,29.92,USD,ecommerce,wallet_biometric,approved,APPROVE
X000025499,2026-01-30 23:19:35,C000217,A0000217,M00010,T00620,Northeast,Northeast,62.86,USD,card_present,wallet_biometric,approved,APPROVE
X000078047,2026-01-30 23:19:58,C000656,A0000656,M00001,T00955,South,South,40.38,USD,ecommerce,wallet_biometric,approved,APPROVE
X000010997,2026-01-30 23:20:02,C000099,A0000099,M00271,T01087,Northeast,Northeast,76.79,USD,card_present,3ds,approved,APPROVE
X000117520,2026-01-30 23:20:03,C000974,A0000974,M00040,T00656,Northeast,Northeast,22.95,USD,card_present,wallet_biometric,approved,APPROVE
X000011797,2026-01-30 23:20:25,C000104,A0000104,M00304,T00087,Midwest,Midwest,201.6,USD,card_present,chip_pin,approved,APPROVE
X000188407,2026-01-30 23:20:43,C001548,A0001548,M00706,T00409,Northeast,Northeast,32.15,USD,card_present,3ds,approved,APPROVE
X000049664,2026-01-30 23:20:55,C000415,A0000415,M00402,T00179,South,South,43.12,USD,ecommerce,chip_pin,approved,APPROVE
X000216513,2026-01-30 23:21:17,C001770,A0001770,M00285,T01108,Midwest,Midwest,113.29,USD,ecommerce,chip_pin,approved,APPROVE
X000154973,2026-01-30 23:21:25,C001277,A0001277,M00191,T00568,Midwest,Midwest,90.34,USD,ecommerce,chip_pin,approved,APPROVE
X000091765,2026-01-30 23:21:38,C000769,A0000769,M00738,T00002,South,South,267.44,USD,mobile_wallet,wallet_biometric,approved,APPROVE
X000199087,2026-01-30 23:21:45,C001631,A0001631,M00130,T00939,South,South,56.08,USD,card_present,chip_pin,approved,APPROVE
X000034419,2026-01-30 23:21:52,C000292,A0000292,M00109,T00548,Northeast,Northeast,59.71,USD,card_present,3ds,approved,APPROVE
X000080089,2026-01-30 23:22:01,C000674,A0000674,M00023,T00839,Midwest,Midwest,704.27,USD,ecommerce,chip_pin,approved,APPROVE
X000181224,2026-01-30 23:22:51,C001490,A0001490,M00766,T00445,West,West,77.87,USD,card_present,wallet_biometric,approved,APPROVE
X000205948,2026-01-30 23:23:54,C001680,A0001680,M00761,T01038,South,South,221.51,USD,card_present,3ds,approved,APPROVE
X000198658,2026-01-30 23:24:30,C001627,A0001627,M00608,T00027,South,South,287.94,USD,card_present,3ds,approved,APPROVE
X000238945,2026-01-30 23:25:30,C001949,A0001949,M00191,T00188,Midwest,Midwest,101.41,USD,card_present,magstripe,approved,APPROVE
X000038990,2026-01-30 23:26:28,C000332,A0000332,M00342,T00375,Midwest,Midwest,102.98,USD,card_present,chip_pin,approved,APPROVE
X000014257,2026-01-30 23:26:38,C000121,A0000121,M00376,T00048,South,South,47.21,USD,card_present,3ds,approved,APPROVE
X000015413,2026-01-30 23:26:47,C000131,A0000131,M00391,T01061,Northeast,Northeast,42.81,USD,ecommerce,3ds,approved,APPROVE
X000063543,2026-01-30 23:27:01,C000540,A0000540,M00620,T00551,South,South,31.58,USD,card_present,chip_pin,approved,APPROVE
X000047489,2026-01-30 23:27:35,C000400,A0000400,M00131,T00706,West,West,36.64,USD,card_present,wallet_biometric,approved,APPROVE
X000176533,2026-01-30 23:27:43,C001455,A0001455,M00395,T00889,Midwest,Midwest,63.04,USD,card_present,chip_pin,approved,APPROVE
X000020942,2026-01-30 23:28:20,C000183,A0000183,M00569,T00983,South,South,62.39,USD,mobile_wallet,chip_pin,approved,APPROVE
X000155419,2026-01-30 23:28:40,C001280,A0001280,M00118,T00907,West,West,79.88,USD,mobile_wallet,3ds,approved,APPROVE
X000067173,2026-01-30 23:29:31,C000570,A0000570,M00150,T00526,South,South,32.9,USD,card_present,chip_pin,approved,APPROVE
X000046402,2026-01-30 23:29:43,C000389,A0000389,M00382,T00233,Northeast,Midwest,38.75,USD,ecommerce,3ds,approved,APPROVE
X000019129,2026-01-30 23:29:57,C000165,A0000165,M00399,T00276,West,West,41.23,USD,ecommerce,3ds,approved,APPROVE
X000102959,2026-01-30 23:29:58,C000865,A0000865,M00231,T00176,South,South,105.22,USD,mobile_wallet,wallet_biometric,approved,APPROVE
X000146763,2026-01-30 23:30:22,C001210,A0001210,M00561,T00275,Midwest,Midwest,654.56,USD,mobile_wallet,wallet_biometric,approved,APPROVE
X000187410,2026-01-30 23:30:27,C001541,A0001541,M00457,T00634,Midwest,Midwest,62.09,USD,card_present,magstripe,approved,APPROVE
X000206514,2026-01-30 23:30:35,C001686,A0001686,M00663,T00502,West,West,81.61,USD,card_present,chip_pin,approved,APPROVE
X000177794,2026-01-30 23:30:57,C001462,A0001462,M00281,T00497,West,West,53.95,USD,ecommerce,chip_pin,approved,APPROVE
X000021936,2026-01-30 23:31:06,C000189,A0000189,M00096,T00202,West,West,32.79,USD,ecommerce,chip_pin,approved,APPROVE
X000136181,2026-01-30 23:31:25,C001120,A0001120,M00496,T00236,Midwest,Midwest,46.12,USD,card_present,3ds,approved,APPROVE
X000058411,2026-01-30 23:31:34,C000495,A0000495,M00005,T00817,South,South,122.59,USD,ecommerce,chip_pin,approved,APPROVE
X000007234,2026-01-30 23:31:36,C000067,A0000067,M00788,T01136,South,South,51.55,USD,card_present,3ds,approved,APPROVE
X000210215,2026-01-30 23:31:40,C001714,A0001714,M00486,T00218,South,South,443.04,USD,ecommerce,3ds,approved,APPROVE
X000118377,2026-01-30 23:31:55,C000979,A0000979,M00393,T00239,Northeast,Northeast,40.99,USD,ecommerce,3ds,approved,APPROVE
X000157965,2026-01-30 23:31:57,C001299,A0001299,M00382,T00233,Midwest,Midwest,34.37,USD,card_present,chip_pin,approved,APPROVE
X000071531,2026-01-30 23:32:15,C000607,A0000607,M00619,T00982,West,West,166.43,USD,card_present,3ds,approved,APPROVE
X000068244,2026-01-30 23:33:25,C000578,A0000578,M00223,T00651,South,South,51.6,USD,card_present,3ds,approved,APPROVE
X000119914,2026-01-30 23:33:43,C000996,A0000996,M00476,T00028,Midwest,Midwest,29.58,USD,card_present,wallet_biometric,approved,APPROVE
X000176767,2026-01-30 23:34:07,C001457,A0001457,M00435,T00513,Midwest,Midwest,19.3,USD,ecommerce,chip_pin,approved,APPROVE
X000009693,2026-01-30 23:34:39,C000088,A0000088,M00442,T00105,South,West,64.75,USD,card_present,wallet_biometric,approved,APPROVE
X000082558,2026-01-30 23:34:39,C000692,A0000692,M00007,T00196,South,South,39.35,USD,card_present,3ds,approved,APPROVE
X000107521,2026-01-30 23:34:48,C000900,A0000900,M00191,T00397,Midwest,Midwest,181.84,USD,ecommerce,magstripe,approved,APPROVE
X000071838,2026-01-30 23:35:20,C000609,A0000609,M00133,T00854,Northeast,Northeast,154.62,USD,ecommerce,3ds,approved,APPROVE
X000011669,2026-01-30 23:36:12,C000103,A0000103,M00342,T00375,Midwest,Midwest,76.64,USD,ecommerce,3ds,approved,APPROVE
X000184314,2026-01-30 23:36:15,C001518,A0001518,M00382,T00499,Midwest,Midwest,190.06,USD,card_present,3ds,approved,APPROVE
X000202897,2026-01-30 23:36:20,C001661,A0001661,M00338,T00600,Northeast,Northeast,61.45,USD,card_present,3ds,approved,APPROVE
X000162550,2026-01-30 23:36:48,C001342,A0001342,M00372,T00192,South,South,115.4,USD,mobile_wallet,chip_pin,approved,APPROVE
X000245582,2026-01-30 23:37:39,C002000,A0002000,M00638,T00151,Northeast,Northeast,28.39,USD,card_present,chip_pin,approved,APPROVE
X000100588,2026-01-30 23:37:50,C000846,A0000846,M00095,T00821,Northeast,Northeast,32.29,USD,card_present,wallet_biometric,approved,APPROVE
X000000699,2026-01-30 23:37:52,C000008,A0000008,M00015,T00330,South,South,225.98,USD,card_present,chip_pin,approved,APPROVE
X000238458,2026-01-30 23:38:12,C001946,A0001946,M00323,T01185,South,South,16.95,USD,card_present,chip_pin,approved,APPROVE
X000014898,2026-01-30 23:38:32,C000126,A0000126,M00183,T01168,South,South,76.64,USD,mobile_wallet,3ds,approved,APPROVE
X000102100,2026-01-30 23:39:01,C000859,A0000859,M00007,T00210,South,South,221.45,USD,mobile_wallet,chip_pin,approved,APPROVE
X000148635,2026-01-30 23:39:33,C001225,A0001225,M00507,T00488,South,South,132.35,USD,mobile_wallet,chip_pin,approved,APPROVE
X000110378,2026-01-30 23:39:48,C000922,A0000922,M00761,T01038,South,South,910.69,USD,card_present,3ds,approved,APPROVE
X000060648,2026-01-30 23:40:48,C000516,A0000516,M00171,T01187,Northeast,Northeast,63.38,USD,card_present,wallet_biometric,approved,APPROVE
X000052692,2026-01-30 23:40:57,C000444,A0000444,M00434,T00133,South,South,139.04,USD,card_present,magstripe,approved,APPROVE
X000087460,2026-01-30 23:41:05,C000734,A0000734,M00249,T00554,South,South,77.84,USD,mobile_wallet,3ds,soft_decline,CHALLENGE
X000136082,2026-01-30 23:41:34,C001119,A0001119,M00687,T01156,Midwest,Midwest,72.63,USD,card_present,3ds,approved,APPROVE
X000123574,2026-01-30 23:41:35,C001023,A0001023,M00499,T00391,Northeast,Northeast,160.15,USD,mobile_wallet,chip_pin,approved,APPROVE
X000099003,2026-01-30 23:41:40,C000830,A0000830,M00667,T00609,Northeast,Northeast,161.68,USD,card_present,chip_pin,approved,APPROVE
X000066405,2026-01-30 23:41:54,C000563,A0000563,M00259,T00535,Northeast,Northeast,14.61,USD,ecommerce,3ds,approved,APPROVE
X000147896,2026-01-30 23:42:29,C001221,A0001221,M00699,T00493,Midwest,Midwest,187.26,USD,mobile_wallet,wallet_biometric,approved,APPROVE
X000235206,2026-01-30 23:42:34,C001917,A0001917,M00608,T00027,South,South,62.22,USD,card_present,chip_pin,approved,APPROVE
X000118449,2026-01-30 23:42:48,C000980,A0000980,M00528,T00475,Midwest,Midwest,97.17,USD,card_present,wallet_biometric,approved,APPROVE
X000195408,2026-01-30 23:43:28,C001605,A0001605,M00191,T00491,Midwest,Midwest,36.01,USD,ecommerce,chip_pin,approved,APPROVE
X000090992,2026-01-30 23:43:36,C000762,A0000762,M00262,T00060,South,South,40.19,USD,card_present,chip_pin,approved,APPROVE
X000145438,2026-01-30 23:44:00,C001197,A0001197,M00706,T00053,Northeast,Northeast,159.85,USD,card_present,wallet_biometric,approved,APPROVE
X000129148,2026-01-30 23:44:01,C001062,A0001062,M00788,T00404,South,South,275.88,USD,card_present,3ds,approved,APPROVE
X000007235,2026-01-30 23:44:03,C000067,A0000067,M00788,T01136,South,South,53.07,USD,card_present,3ds,approved,APPROVE
X000155241,2026-01-30 23:44:03,C001279,A0001279,M00128,T00044,Northeast,Northeast,106.41,USD,card_present,3ds,approved,APPROVE
X000063544,2026-01-30 23:44:06,C000540,A0000540,M00620,T00585,South,South,58.86,USD,card_present,wallet_biometric,approved,APPROVE
X000165488,2026-01-30 23:44:47,C001366,A0001366,M00215,T00873,South,South,64.76,USD,card_present,3ds,approved,APPROVE
X000061192,2026-01-30 23:45:09,C000521,A0000521,M00738,T00002,South,South,85.91,USD,card_present,chip_pin,approved,APPROVE
X000103254,2026-01-30 23:45:09,C000868,A0000868,M00341,T01190,Midwest,Midwest,10.63,USD,card_present,chip_pin,approved,APPROVE
X000239510,2026-01-30 23:46:09,C001953,A0001953,M00257,T00514,South,South,323.99,USD,card_present,wallet_biometric,approved,APPROVE
X000143231,2026-01-30 23:46:24,C001180,A0001180,M00587,T01174,South,South,80.75,USD,ecommerce,3ds,approved,APPROVE
X000012888,2026-01-30 23:46:26,C000112,A0000112,M00212,T00443,Midwest,Midwest,158.47,USD,card_present,wallet_biometric,approved,APPROVE
X000079590,2026-01-30 23:46:29,C000670,A0000670,M00581,T00552,West,West,40.33,USD,ecommerce,chip_pin,approved,APPROVE
X000234996,2026-01-30 23:46:34,C001916,A0001916,M00045,T00921,Midwest,Midwest,47.33,USD,ecommerce,chip_pin,approved,APPROVE
X000113941,2026-01-30 23:46:54,C000948,A0000948,M00574,T00190,Midwest,Midwest,53.35,USD,ecommerce,3ds,approved,APPROVE
X000174825,2026-01-30 23:47:05,C001440,A0001440,M00477,T00694,West,West,40.42,USD,card_present,chip_pin,approved,APPROVE
X000220714,2026-01-30 23:47:05,C001800,A0001800,M00168,T00981,Northeast,Northeast,338.71,USD,ecommerce,chip_pin,approved,APPROVE
X000244092,2026-01-30 23:47:43,C001990,A0001990,M00193,T01039,West,West,147.73,USD,ecommerce,chip_pin,approved,APPROVE
X000161437,2026-01-30 23:49:34,C001332,A0001332,M00434,T00808,South,South,129.66,USD,ecommerce,chip_pin,approved,APPROVE
X000215058,2026-01-30 23:50:32,C001756,A0001756,M00224,T01197,Northeast,Northeast,87.66,USD,ecommerce,chip_pin,approved,APPROVE
X000220715,2026-01-30 23:50:52,C001800,A0001800,M00172,T00722,Northeast,Northeast,235.12,USD,mobile_wallet,chip_pin,approved,APPROVE
X000030948,2026-01-30 23:51:24,C000262,A0000262,M00168,T00020,Northeast,Northeast,69.0,USD,ecommerce,chip_pin,approved,APPROVE
X000241993,2026-01-30 23:51:24,C001975,A0001975,M00044,T01081,Northeast,Northeast,71.98,USD,ecommerce,magstripe,approved,APPROVE
X000113080,2026-01-30 23:51:32,C000944,A0000944,M00109,T00548,Northeast,Northeast,237.25,USD,card_present,wallet_biometric,soft_decline,CHALLENGE
X000029628,2026-01-30 23:51:45,C000254,A0000254,M00139,T00632,Northeast,Northeast,385.02,USD,ecommerce,wallet_biometric,approved,APPROVE
X000216797,2026-01-30 23:51:55,C001772,A0001772,M00265,T00865,West,West,68.16,USD,ecommerce,chip_pin,approved,APPROVE
X000227170,2026-01-30 23:52:37,C001852,A0001852,M00257,T00772,South,South,78.88,USD,card_present,chip_pin,approved,APPROVE
X000147463,2026-01-30 23:52:51,C001217,A0001217,M00496,T00236,Midwest,Midwest,13.73,USD,ecommerce,3ds,approved,APPROVE
X000201432,2026-01-30 23:53:11,C001649,A0001649,M00135,T00646,Midwest,Midwest,68.46,USD,ecommerce,wallet_biometric,approved,APPROVE
X000194910,2026-01-30 23:53:35,C001602,A0001602,M00542,T00201,South,South,101.56,USD,card_present,wallet_biometric,approved,APPROVE
X000128556,2026-01-30 23:53:53,C001058,A0001058,M00475,T00965,Midwest,Midwest,35.04,USD,mobile_wallet,wallet_biometric,approved,APPROVE
X000052607,2026-01-30 23:54:20,C000443,A0000443,M00257,T00772,South,South,46.81,USD,card_present,chip_pin,approved,APPROVE
X000101903,2026-01-30 23:54:38,C000858,A0000858,M00282,T01131,South,South,82.22,USD,card_present,3ds,approved,APPROVE
X000046763,2026-01-30 23:55:03,C000393,A0000393,M00509,T01064,West,West,431.56,USD,ecommerce,3ds,approved,APPROVE
X000147543,2026-01-30 23:55:16,C001218,A0001218,M00378,T00467,South,South,11.93,USD,ecommerce,3ds,approved,APPROVE
X000088223,2026-01-30 23:56:42,C000741,A0000741,M00670,T00842,Northeast,Northeast,20.21,USD,card_present,3ds,approved,APPROVE
X000142052,2026-01-30 23:57:03,C001171,A0001171,M00645,T00428,South,South,75.17,USD,ecommerce,chip_pin,approved,APPROVE
X000054682,2026-01-30 23:57:27,C000462,A0000462,M00445,T00086,South,Northeast,56.4,USD,ecommerce,wallet_biometric,approved,APPROVE
X000102711,2026-01-30 23:57:28,C000863,A0000863,M00111,T01015,Midwest,Midwest,110.09,USD,card_present,chip_pin,approved,APPROVE
X000181083,2026-01-30 23:57:31,C001489,A0001489,M00603,T01192,Midwest,Midwest,17.03,USD,mobile_wallet,chip_pin,approved,APPROVE
X000151388,2026-01-30 23:57:33,C001243,A0001243,M00583,T00327,Midwest,Midwest,35.31,USD,card_present,wallet_biometric,approved,APPROVE
X000026005,2026-01-30 23:57:58,C000221,A0000221,M00675,T00110,Midwest,Midwest,92.33,USD,card_present,magstripe,approved,APPROVE
X000075559,2026-01-30 23:58:10,C000635,A0000635,M00166,T00022,Northeast,Northeast,36.79,USD,card_present,chip_pin,approved,APPROVE
X000054067,2026-01-30 23:59:34,C000458,A0000458,M00798,T00402,Northeast,Northeast,105.0,USD,card_present,chip_pin,approved,APPROVE
X000143975,2026-01-30 23:59:40,C001186,A0001186,M00029,T00167,South,South,210.78,USD,ecommerce,chip_pin,approved,APPROVE
X000060536,2026-01-31 00:00:12,C000515,A0000515,M00724,T00630,West,West,82.69,USD,ecommerce,chip_pin,approved,APPROVE
X000218299,2026-01-31 00:00:31,C001783,A0001783,M00305,T00827,Northeast,Northeast,104.33,USD,mobile_wallet,wallet_biometric,approved,APPROVE
X000019439,2026-01-31 00:00:34,C000168,A0000168,M00778,T00222,South,South,92.1,USD,card_present,3ds,approved,APPROVE
X000062512,2026-01-31 00:00:51,C000531,A0000531,M00318,T00746,Midwest,Midwest,201.29,USD,mobile_wallet,3ds,approved,APPROVE
X000088224,2026-01-31 00:01:02,C000741,A0000741,M00040,T00635,Northeast,Northeast,58.02,USD,ecommerce,wallet_biometric,approved,APPROVE
X000145872,2026-01-31 00:01:15,C001202,A0001202,M00183,T00617,South,South,18.39,USD,card_present,chip_pin,approved,APPROVE
X000167453,2026-01-31 00:02:29,C001383,A0001383,M00385,T00962,South,South,5.61,USD,ecommerce,chip_pin,approved,APPROVE
X000076215,2026-01-31 00:03:16,C000640,A0000640,M00382,T00499,Midwest,Midwest,50.92,USD,mobile_wallet,wallet_biometric,approved,APPROVE
X000227171,2026-01-31 00:03:30,C001852,A0001852,M00130,T00214,South,South,92.13,USD,card_present,3ds,approved,APPROVE
X000060537,2026-01-31 00:03:33,C000515,A0000515,M00647,T01037,West,West,198.77,USD,card_present,3ds,approved,APPROVE
X000092359,2026-01-31 00:03:48,C000773,A0000773,M00376,T00181,South,South,69.68,USD,ecommerce,magstripe,approved,APPROVE
X000128468,2026-01-31 00:03:56,C001057,A0001057,M00191,T00591,Midwest,Midwest,63.0,USD,ecommerce,3ds,approved,APPROVE
X000077446,2026-01-31 00:04:00,C000652,A0000652,M00015,T00330,South,South,120.54,USD,mobile_wallet,wallet_biometric,approved,APPROVE
X000164668,2026-01-31 00:04:09,C001357,A0001357,M00193,T00346,West,West,38.92,USD,card_present,chip_pin,approved,APPROVE
X000044408,2026-01-31 00:04:11,C000376,A0000376,M00494,T01020,West,West,193.92,USD,mobile_wallet,magstripe,approved,APPROVE
X000225997,2026-01-31 00:04:14,C001841,A0001841,M00587,T00725,South,South,13.79,USD,card_present,wallet_biometric,approved,APPROVE
X000014702,2026-01-31 00:04:34,C000125,A0000125,M00737,T00466,Midwest,Midwest,14.24,USD,ecommerce,chip_pin,approved,APPROVE
X000032316,2026-01-31 00:05:07,C000274,A0000274,M00217,T00815,South,South,45.47,USD,card_present,chip_pin,approved,APPROVE
X000074236,2026-01-31 00:05:30,C000627,A0000627,M00379,T01176,South,South,21.22,USD,ecommerce,chip_pin,approved,APPROVE
X000016711,2026-01-31 00:05:51,C000142,A0000142,M00768,T00457,South,South,26.29,USD,mobile_wallet,chip_pin,approved,APPROVE
X000220052,2026-01-31 00:07:09,C001797,A0001797,M00659,T00047,Northeast,Northeast,201.77,USD,ecommerce,chip_pin,approved,APPROVE
X000200844,2026-01-31 00:07:10,C001645,A0001645,M00479,T00906,Midwest,Midwest,188.91,USD,card_present,3ds,approved,APPROVE
X000038279,2026-01-31 00:07:28,C000327,A0000327,M00741,T00732,South,South,116.1,USD,card_present,chip_pin,approved,APPROVE
X000201253,2026-01-31 00:07:37,C001648,A0001648,M00381,T00872,South,West,296.82,USD,mobile_wallet,wallet_biometric,approved,APPROVE
X000066186,2026-01-31 00:08:10,C000561,A0000561,M00282,T01131,South,South,50.48,USD,mobile_wallet,magstripe,approved,APPROVE
X000092129,2026-01-31 00:08:13,C000771,A0000771,M00068,T00322,Northeast,Northeast,44.88,USD,ecommerce,chip_pin,approved,APPROVE
X000126932,2026-01-31 00:08:51,C001045,A0001045,M00767,T00313,South,South,37.53,USD,ecommerce,magstripe,approved,APPROVE
X000216045,2026-01-31 00:09:11,C001765,A0001765,M00243,T00806,South,South,89.47,USD,card_present,3ds,approved,APPROVE
X000159071,2026-01-31 00:09:12,C001309,A0001309,M00486,T00218,South,South,27.59,USD,mobile_wallet,3ds,approved,APPROVE
X000003046,2026-01-31 00:09:13,C000028,A0000028,M00675,T00836,Midwest,Midwest,178.65,USD,card_present,chip_pin,approved,APPROVE
X000165103,2026-01-31 00:09:41,C001362,A0001362,M00042,T00766,Northeast,Northeast,102.27,USD,ecommerce,wallet_biometric,approved,APPROVE
X000225825,2026-01-31 00:10:23,C001840,A0001840,M00569,T00983,South,South,392.24,USD,card_present,magstripe,approved,APPROVE
X000244422,2026-01-31 00:10:58,C001992,A0001992,M00380,T01026,Midwest,Midwest,46.0,USD,card_present,wallet_biometric,approved,APPROVE
X000062991,2026-01-31 00:11:16,C000534,A0000534,M00085,T00814,Northeast,Northeast,116.96,USD,mobile_wallet,3ds,approved,APPROVE
X000239688,2026-01-31 00:12:18,C001954,A0001954,M00793,T01052,South,South,56.9,USD,ecommerce,chip_pin,approved,APPROVE
X000070677,2026-01-31 00:12:19,C000600,A0000600,M00415,T00857,Midwest,Midwest,32.69,USD,card_present,3ds,approved,APPROVE
X000225684,2026-01-31 00:12:47,C001839,A0001839,M00298,T00088,South,Northeast,96.31,USD,card_present,3ds,approved,APPROVE
X000066855,2026-01-31 00:14:11,C000567,A0000567,M00640,T00037,Midwest,Midwest,40.53,USD,card_present,3ds,approved,APPROVE
X000095811,2026-01-31 00:14:29,C000800,A0000800,M00393,T00751,Northeast,Northeast,44.56,USD,ecommerce,chip_pin,approved,APPROVE
X000202217,2026-01-31 00:14:52,C001654,A0001654,M00480,T00433,West,West,189.75,USD,card_present,3ds,approved,APPROVE
X000168475,2026-01-31 00:15:15,C001393,A0001393,M00262,T00060,South,South,52.74,USD,card_present,magstripe,approved,APPROVE
X000021089,2026-01-31 00:15:23,C000184,A0000184,M00476,T00028,Midwest,Midwest,233.26,USD,card_present,chip_pin,approved,APPROVE
X000088225,2026-01-31 00:15:31,C000741,A0000741,M00386,T00533,Northeast,Northeast,21.1,USD,card_present,wallet_biometric,approved,APPROVE
X000217978,2026-01-31 00:16:55,C001780,A0001780,M00341,T00741,Midwest,Midwest,62.83,USD,ecommerce,3ds,approved,APPROVE
X000221315,2026-01-31 00:16:57,C001804,A0001804,M00645,T00155,South,South,478.23,USD,card_present,wallet_biometric,approved,APPROVE
X000050486,2026-01-31 00:17:01,C000423,A0000423,M00646,T00690,South,South,35.8,USD,ecommerce,chip_pin,approved,APPROVE
X000220053,2026-01-31 00:17:07,C001797,A0001797,M00167,T00818,Northeast,Northeast,175.98,USD,ecommerce,chip_pin,approved,APPROVE
X000071143,2026-01-31 00:17:34,C000604,A0000604,M00743,T00220,South,South,114.28,USD,card_present,wallet_biometric,approved,APPROVE
X000086400,2026-01-31 00:17:40,C000725,A0000725,M00445,T00021,Northeast,Northeast,104.31,USD,card_present,chip_pin,approved,APPROVE
X000197019,2026-01-31 00:17:58,C001618,A0001618,M00351,T00802,West,West,180.09,USD,ecommerce,magstripe,approved,APPROVE
X000032464,2026-01-31 00:18:27,C000275,A0000275,M00110,T00096,South,South,76.71,USD,card_present,chip_pin,approved,APPROVE
X000209046,2026-01-31 00:18:51,C001705,A0001705,M00634,T01016,Northeast,Northeast,28.67,USD,mobile_wallet,magstripe,approved,APPROVE
X000000086,2026-01-31 00:19:18,C000001,A0000001,M00372,T00095,South,South,146.33,USD,card_present,3ds,approved,APPROVE
X000136532,2026-01-31 00:19:49,C001123,A0001123,M00598,T00298,West,West,17.5,USD,card_present,magstripe,approved,APPROVE
X000146954,2026-01-31 00:19:50,C001211,A0001211,M00675,T00110,Midwest,Midwest,27.81,USD,ecommerce,chip_pin,approved,APPROVE
X000210216,2026-01-31 00:20:14,C001714,A0001714,M00486,T00218,South,South,36.26,USD,card_present,3ds,approved,APPROVE
X000169879,2026-01-31 00:20:20,C001401,A0001401,M00445,T00086,Northeast,Northeast,142.25,USD,card_present,chip_pin,approved,APPROVE
X000052693,2026-01-31 00:20:52,C000444,A0000444,M00702,T00341,South,Midwest,35.38,USD,card_present,magstripe,approved,APPROVE
X000111184,2026-01-31 00:21:08,C000927,A0000927,M00616,T01010,South,West,60.21,USD,card_present,wallet_biometric,approved,APPROVE
X000237099,2026-01-31 00:21:24,C001934,A0001934,M00790,T00112,Northeast,Northeast,213.27,USD,ecommerce,chip_pin,approved,APPROVE
X000209823,2026-01-31 00:21:45,C001712,A0001712,M00173,T01167,South,South,154.7,USD,ecommerce,magstripe,approved,APPROVE
X000000576,2026-01-31 00:22:03,C000007,A0000007,M00253,T00291,South,South,102.05,USD,card_present,3ds,approved,APPROVE
X000018802,2026-01-31 00:22:34,C000161,A0000161,M00183,T01168,South,South,137.59,USD,mobile_wallet,chip_pin,approved,APPROVE
X000227397,2026-01-31 00:22:40,C001853,A0001853,M00684,T01008,West,West,141.41,USD,ecommerce,3ds,approved,APPROVE
X000095812,2026-01-31 00:22:51,C000800,A0000800,M00720,T00705,Northeast,Northeast,60.48,USD,card_present,wallet_biometric,approved,APPROVE
X000100246,2026-01-31 00:23:23,C000844,A0000844,M00208,T00633,Midwest,Midwest,33.15,USD,ecommerce,wallet_biometric,approved,APPROVE
X000191204,2026-01-31 00:24:44,C001569,A0001569,M00615,T00908,Midwest,Midwest,227.52,USD,mobile_wallet,chip_pin,approved,APPROVE
X000159584,2026-01-31 00:24:59,C001315,A0001315,M00560,T00434,West,West,34.69,USD,card_present,wallet_biometric,approved,APPROVE
X000029629,2026-01-31 00:25:54,C000254,A0000254,M00139,T00632,Northeast,Northeast,276.87,USD,ecommerce,chip_pin,soft_decline,CHALLENGE
X000181378,2026-01-31 00:26:00,C001491,A0001491,M00567,T01019,Northeast,Northeast,27.46,USD,ecommerce,chip_pin,approved,APPROVE
X000038280,2026-01-31 00:26:04,C000327,A0000327,M00741,T00732,South,South,210.48,USD,ecommerce,3ds,approved,APPROVE
X000017279,2026-01-31 00:26:12,C000148,A0000148,M00608,T00219,South,South,196.25,USD,card_present,chip_pin,approved,APPROVE
X000233570,2026-01-31 00:27:55,C001904,A0001904,M00042,T00766,Northeast,Northeast,19.4,USD,ecommerce,3ds,approved,APPROVE
X000191053,2026-01-31 00:27:57,C001568,A0001568,M00443,T00564,South,South,111.3,USD,card_present,chip_pin,approved,APPROVE
X000097929,2026-01-31 00:28:38,C000820,A0000820,M00217,T00041,South,South,426.28,USD,card_present,wallet_biometric,approved,APPROVE
X000137631,2026-01-31 00:29:08,C001131,A0001131,M00501,T00506,Northeast,Northeast,153.97,USD,ecommerce,3ds,approved,APPROVE
X000150125,2026-01-31 00:29:45,C001236,A0001236,M00232,T00156,West,West,132.23,USD,ecommerce,wallet_biometric,approved,APPROVE
X000088866,2026-01-31 00:29:47,C000745,A0000745,M00690,T00363,Northeast,Northeast,322.33,USD,card_present,3ds,approved,APPROVE
X000192563,2026-01-31 00:30:28,C001581,A0001581,M00786,T00776,Northeast,Northeast,105.92,USD,ecommerce,chip_pin,approved,APPROVE
X000012424,2026-01-31 00:31:04,C000108,A0000108,M00490,T00340,South,South,24.44,USD,ecommerce,chip_pin,approved,APPROVE
X000006363,2026-01-31 00:31:20,C000057,A0000057,M00524,T00085,West,West,108.19,USD,card_present,chip_pin,approved,APPROVE
X000020223,2026-01-31 00:32:09,C000175,A0000175,M00090,T00822,South,South,21.88,USD,card_present,chip_pin,approved,APPROVE
X000124046,2026-01-31 00:32:09,C001026,A0001026,M00600,T00407,South,South,96.54,USD,mobile_wallet,chip_pin,approved,APPROVE
X000027587,2026-01-31 00:32:17,C000237,A0000237,M00711,T00893,West,West,60.28,USD,card_present,magstripe,approved,APPROVE
X000080466,2026-01-31 00:32:20,C000676,A0000676,M00244,T00277,South,South,56.51,USD,ecommerce,3ds,approved,APPROVE
X000218488,2026-01-31 00:32:39,C001785,A0001785,M00205,T00154,South,South,43.46,USD,ecommerce,magstripe,approved,APPROVE
X000140978,2026-01-31 00:32:48,C001161,A0001161,M00644,T00681,West,West,45.74,USD,card_present,wallet_biometric,approved,APPROVE
X000012769,2026-01-31 00:33:34,C000111,A0000111,M00447,T00749,South,South,79.7,USD,mobile_wallet,chip_pin,approved,APPROVE
X000190683,2026-01-31 00:33:40,C001566,A0001566,M00147,T00338,South,South,79.87,USD,card_present,chip_pin,approved,APPROVE
X000021489,2026-01-31 00:34:06,C000186,A0000186,M00193,T00346,West,West,115.45,USD,ecommerce,chip_pin,approved,APPROVE
X000137915,2026-01-31 00:34:10,C001134,A0001134,M00518,T00379,South,South,110.83,USD,mobile_wallet,3ds,approved,APPROVE
X000053889,2026-01-31 00:34:24,C000456,A0000456,M00396,T00828,West,West,29.99,USD,ecommerce,wallet_biometric,approved,APPROVE
X000040340,2026-01-31 00:34:49,C000342,A0000342,M00034,T00307,Northeast,Northeast,52.0,USD,card_present,wallet_biometric,approved,APPROVE
X000097930,2026-01-31 00:35:30,C000820,A0000820,M00217,T00041,South,South,243.22,USD,card_present,chip_pin,approved,APPROVE
X000148938,2026-01-31 00:35:34,C001226,A0001226,M00040,T00439,Northeast,Northeast,146.34,USD,card_present,3ds,approved,APPROVE
X000021490,2026-01-31 00:35:42,C000186,A0000186,M00232,T00367,West,West,259.09,USD,card_present,wallet_biometric,approved,APPROVE
X000013654,2026-01-31 00:35:48,C000116,A0000116,M00085,T00540,Northeast,Northeast,114.88,USD,mobile_wallet,chip_pin,approved,APPROVE
X000090108,2026-01-31 00:35:57,C000753,A0000753,M00492,T00550,West,West,22.49,USD,card_present,chip_pin,approved,APPROVE
X000225685,2026-01-31 00:36:19,C001839,A0001839,M00077,T00723,South,South,115.65,USD,ecommerce,chip_pin,approved,APPROVE
X000008958,2026-01-31 00:37:21,C000081,A0000081,M00567,T00161,Northeast,Northeast,116.1,USD,ecommerce,chip_pin,approved,APPROVE
X000190873,2026-01-31 00:37:28,C001567,A0001567,M00013,T00686,South,South,1020.63,USD,card_present,chip_pin,approved,APPROVE
X000112750,2026-01-31 00:38:37,C000943,A0000943,M00184,T01155,South,South,338.75,USD,card_present,3ds,approved,APPROVE
X000186164,2026-01-31 00:39:34,C001530,A0001530,M00661,T00141,Northeast,Northeast,207.02,USD,card_present,chip_pin,approved,APPROVE
X000136083,2026-01-31 00:40:52,C001119,A0001119,M00225,T00294,Midwest,Midwest,111.83,USD,card_present,3ds,approved,APPROVE
X000152549,2026-01-31 00:41:44,C001254,A0001254,M00775,T00511,Midwest,West,92.46,USD,mobile_wallet,3ds,approved,APPROVE
X000224556,2026-01-31 00:42:02,C001832,A0001832,M00486,T00218,South,South,210.88,USD,ecommerce,chip_pin,approved,APPROVE
X000041828,2026-01-31 00:42:04,C000354,A0000354,M00487,T00332,South,South,112.21,USD,card_present,wallet_biometric,approved,APPROVE
X000114318,2026-01-31 00:42:06,C000951,A0000951,M00080,T00590,Midwest,Midwest,72.2,USD,ecommerce,chip_pin,approved,APPROVE
X000030782,2026-01-31 00:42:15,C000261,A0000261,M00726,T00829,Northeast,Northeast,99.61,USD,card_present,chip_pin,approved,APPROVE
X000157828,2026-01-31 00:42:17,C001297,A0001297,M00253,T01072,South,South,58.98,USD,ecommerce,wallet_biometric,approved,APPROVE
X000155618,2026-01-31 00:42:38,C001281,A0001281,M00019,T00745,Northeast,Northeast,51.72,USD,ecommerce,chip_pin,approved,APPROVE
X000171648,2026-01-31 00:42:38,C001415,A0001415,M00091,T00954,Midwest,Midwest,42.41,USD,mobile_wallet,chip_pin,approved,APPROVE
X000072438,2026-01-31 00:43:01,C000612,A0000612,M00302,T00325,Northeast,Northeast,422.87,USD,ecommerce,chip_pin,approved,APPROVE
X000214712,2026-01-31 00:43:24,C001753,A0001753,M00316,T00389,South,South,132.73,USD,card_present,wallet_biometric,approved,APPROVE
X000203498,2026-01-31 00:43:30,C001665,A0001665,M00007,T00210,South,South,47.21,USD,ecommerce,wallet_biometric,approved,APPROVE
X000182618,2026-01-31 00:43:37,C001502,A0001502,M00689,T01179,Northeast,Northeast,45.32,USD,card_present,chip_pin,approved,APPROVE
X000225826,2026-01-31 00:43:58,C001840,A0001840,M00569,T00983,South,South,154.29,USD,ecommerce,3ds,soft_decline,CHALLENGE
X000134888,2026-01-31 00:44:16,C001107,A0001107,M00731,T00394,Northeast,Northeast,48.43,USD,card_present,chip_pin,approved,APPROVE
X000027040,2026-01-31 00:45:00,C000233,A0000233,M00251,T00619,South,West,31.55,USD,mobile_wallet,chip_pin,approved,APPROVE
X000111907,2026-01-31 00:45:14,C000934,A0000934,M00574,T00190,Midwest,Midwest,85.56,USD,mobile_wallet,wallet_biometric,approved,APPROVE
X000213423,2026-01-31 00:45:23,C001742,A0001742,M00086,T00198,Midwest,Midwest,62.65,USD,mobile_wallet,chip_pin,approved,APPROVE
X000065279,2026-01-31 00:45:37,C000553,A0000553,M00745,T00823,Northeast,Northeast,51.45,USD,card_present,3ds,approved,APPROVE
X000049184,2026-01-31 00:45:40,C000412,A0000412,M00184,T00927,South,South,29.12,USD,mobile_wallet,chip_pin,approved,APPROVE
X000205422,2026-01-31 00:46:06,C001678,A0001678,M00039,T01145,Midwest,Midwest,124.87,USD,ecommerce,magstripe,approved,APPROVE
X000018602,2026-01-31 00:46:16,C000159,A0000159,M00517,T01092,Northeast,Midwest,54.13,USD,mobile_wallet,wallet_biometric,approved,APPROVE
X000167235,2026-01-31 00:46:19,C001381,A0001381,M00271,T01087,Northeast,Northeast,352.58,USD,mobile_wallet,magstripe,approved,APPROVE
X000132116,2026-01-31 00:46:49,C001088,A0001088,M00333,T00400,Midwest,Midwest,75.76,USD,card_present,3ds,approved,APPROVE
X000193825,2026-01-31 00:46:56,C001593,A0001593,M00559,T00805,Midwest,Midwest,17.98,USD,ecommerce,chip_pin,approved,APPROVE
X000194328,2026-01-31 00:47:11,C001597,A0001597,M00387,T00932,Northeast,Northeast,74.52,USD,card_present,wallet_biometric,approved,APPROVE
X000062725,2026-01-31 00:47:39,C000532,A0000532,M00494,T00034,West,West,46.38,USD,ecommerce,chip_pin,approved,APPROVE
X000172870,2026-01-31 00:47:44,C001426,A0001426,M00068,T00322,Northeast,Northeast,126.73,USD,mobile_wallet,chip_pin,approved,APPROVE
X000100247,2026-01-31 00:47:49,C000844,A0000844,M00208,T00633,Midwest,Midwest,41.72,USD,card_present,3ds,approved,APPROVE
X000021726,2026-01-31 00:48:36,C000187,A0000187,M00029,T00167,South,South,57.82,USD,ecommerce,wallet_biometric,approved,APPROVE
X000128867,2026-01-31 00:48:55,C001060,A0001060,M00679,T00587,Northeast,Northeast,170.17,USD,mobile_wallet,chip_pin,approved,APPROVE
X000171338,2026-01-31 00:49:41,C001412,A0001412,M00699,T00493,Midwest,Midwest,69.79,USD,card_present,3ds,approved,APPROVE
X000239328,2026-01-31 00:50:40,C001952,A0001952,M00533,T00261,Midwest,Northeast,51.04,USD,mobile_wallet,wallet_biometric,approved,APPROVE
X000176534,2026-01-31 00:51:28,C001455,A0001455,M00476,T00028,Midwest,Midwest,56.02,USD,card_present,chip_pin,approved,APPROVE
X000215599,2026-01-31 00:51:31,C001761,A0001761,M00248,T00017,South,South,20.56,USD,ecommerce,chip_pin,approved,APPROVE
X000071055,2026-01-31 00:52:32,C000603,A0000603,M00286,T00067,West,West,14.37,USD,mobile_wallet,wallet_biometric,approved,APPROVE
X000192076,2026-01-31 00:52:39,C001576,A0001576,M00023,T00108,Midwest,Midwest,52.6,USD,card_present,chip_pin,approved,APPROVE
X000010847,2026-01-31 00:52:53,C000098,A0000098,M00750,T01142,South,South,53.5,USD,ecommerce,chip_pin,approved,APPROVE
X000036782,2026-01-31 00:52:59,C000315,A0000315,M00162,T00759,Midwest,Midwest,449.87,USD,ecommerce,wallet_biometric,approved,APPROVE
X000058247,2026-01-31 00:53:01,C000494,A0000494,M00409,T01085,Northeast,Northeast,17.81,USD,ecommerce,wallet_biometric,approved,APPROVE
X000158906,2026-01-31 00:53:14,C001307,A0001307,M00518,T00379,South,South,47.38,USD,ecommerce,chip_pin,approved,APPROVE
X000003047,2026-01-31 00:53:24,C000028,A0000028,M00151,T00462,Midwest,Midwest,63.45,USD,ecommerce,chip_pin,approved,APPROVE
X000183865,2026-01-31 00:54:42,C001514,A0001514,M00790,T00112,Northeast,Northeast,29.92,USD,ecommerce,3ds,approved,APPROVE
X000058719,2026-01-31 00:55:02,C000498,A0000498,M00401,T00536,South,South,20.57,USD,mobile_wallet,chip_pin,approved,APPROVE
X000135572,2026-01-31 00:55:15,C001113,A0001113,M00624,T00793,West,West,73.27,USD,card_present,chip_pin,approved,APPROVE
X000224557,2026-01-31 00:55:19,C001832,A0001832,M00205,T00934,South,South,151.83,USD,card_present,chip_pin,approved,APPROVE
X000182908,2026-01-31 00:55:25,C001504,A0001504,M00231,T00811,South,South,44.29,USD,card_present,3ds,approved,APPROVE
X000108580,2026-01-31 00:55:27,C000910,A0000910,M00378,T01130,South,South,22.78,USD,ecommerce,magstripe,approved,APPROVE
X000232666,2026-01-31 00:55:36,C001897,A0001897,M00064,T00120,Midwest,Midwest,72.6,USD,card_present,wallet_biometric,approved,APPROVE
X000100456,2026-01-31 00:55:44,C000845,A0000845,M00596,T00100,Midwest,Midwest,94.69,USD,card_present,chip_pin,approved,APPROVE
X000136913,2026-01-31 00:55:45,C001126,A0001126,M00090,T00822,South,South,244.86,USD,ecommerce,chip_pin,approved,APPROVE
X000188408,2026-01-31 00:56:07,C001548,A0001548,M00404,T00936,Northeast,Northeast,32.99,USD,card_present,chip_pin,approved,APPROVE
X000131917,2026-01-31 00:56:27,C001086,A0001086,M00335,T00070,South,South,64.55,USD,mobile_wallet,chip_pin,approved,APPROVE
X000090371,2026-01-31 00:56:46,C000756,A0000756,M00198,T00247,Midwest,Midwest,15.25,USD,mobile_wallet,wallet_biometric,approved,APPROVE
X000080988,2026-01-31 00:57:02,C000680,A0000680,M00586,T00036,Northeast,Northeast,60.26,USD,ecommerce,wallet_biometric,approved,APPROVE
X000157670,2026-01-31 00:57:02,C001296,A0001296,M00476,T00071,Midwest,Midwest,96.39,USD,card_present,chip_pin,approved,APPROVE
X000035449,2026-01-31 00:57:08,C000300,A0000300,M00795,T00576,Northeast,Northeast,40.2,USD,card_present,chip_pin,approved,APPROVE
X000138503,2026-01-31 00:57:30,C001140,A0001140,M00231,T00176,South,South,46.26,USD,card_present,3ds,approved,APPROVE
X000069058,2026-01-31 00:57:32,C000587,A0000587,M00588,T01164,West,West,42.84,USD,ecommerce,wallet_biometric,approved,APPROVE
X000228852,2026-01-31 00:57:48,C001864,A0001864,M00754,T01077,South,West,32.32,USD,card_present,magstripe,approved,APPROVE
X000091449,2026-01-31 00:57:53,C000767,A0000767,M00067,T00948,South,South,251.39,USD,card_present,3ds,approved,APPROVE
X000201254,2026-01-31 00:58:04,C001648,A0001648,M00430,T01143,South,South,227.71,USD,card_present,3ds,approved,APPROVE
X000231178,2026-01-31 00:58:34,C001886,A0001886,M00227,T01146,Midwest,Midwest,151.14,USD,ecommerce,chip_pin,approved,APPROVE
X000187852,2026-01-31 00:58:55,C001543,A0001543,M00211,T01068,Midwest,Midwest,177.31,USD,card_present,chip_pin,approved,APPROVE
X000052228,2026-01-31 00:59:11,C000441,A0000441,M00277,T00518,Midwest,Midwest,46.76,USD,card_present,magstripe,approved,APPROVE
X000098785,2026-01-31 00:59:40,C000828,A0000828,M00401,T01080,South,South,378.27,USD,ecommerce,chip_pin,approved,APPROVE
X000049372,2026-01-31 00:59:48,C000413,A0000413,M00689,T01179,Northeast,Northeast,47.97,USD,mobile_wallet,chip_pin,approved,APPROVE
X000209256,2026-01-31 01:00:25,C001708,A0001708,M00156,T00697,West,West,63.17,USD,card_present,chip_pin,approved,APPROVE
X000220054,2026-01-31 01:00:37,C001797,A0001797,M00700,T00884,Northeast,Northeast,189.26,USD,card_present,magstripe,approved,APPROVE
X000065410,2026-01-31 01:00:38,C000554,A0000554,M00616,T00727,South,West,100.55,USD,card_present,3ds,approved,APPROVE
X000240102,2026-01-31 01:00:57,C001958,A0001958,M00493,T00281,West,West,85.88,USD,ecommerce,3ds,approved,APPROVE
X000149790,2026-01-31 01:01:49,C001233,A0001233,M00044,T01081,Northeast,Northeast,20.5,USD,card_present,chip_pin,approved,APPROVE
X000233963,2026-01-31 01:02:06,C001907,A0001907,M00766,T00816,West,West,183.88,USD,ecommerce,chip_pin,approved,APPROVE
X000160388,2026-01-31 01:02:11,C001324,A0001324,M00231,T00176,South,South,46.87,USD,ecommerce,3ds,approved,APPROVE
X000009848,2026-01-31 01:02:14,C000089,A0000089,M00631,T00542,West,West,329.01,USD,card_present,chip_pin,approved,APPROVE
X000123781,2026-01-31 01:02:25,C001024,A0001024,M00051,T00286,South,South,22.35,USD,card_present,chip_pin,approved,APPROVE
X000088387,2026-01-31 01:02:28,C000743,A0000743,M00793,T01052,South,South,277.24,USD,card_present,magstripe,approved,APPROVE
X000094368,2026-01-31 01:02:57,C000789,A0000789,M00459,T00204,Northeast,Northeast,102.31,USD,card_present,3ds,approved,APPROVE
X000148939,2026-01-31 01:03:04,C001226,A0001226,M00070,T00658,Northeast,Northeast,131.47,USD,ecommerce,chip_pin,approved,APPROVE
X000115735,2026-01-31 01:03:14,C000961,A0000961,M00484,T00479,South,South,257.45,USD,card_present,3ds,approved,APPROVE
X000082156,2026-01-31 01:03:34,C000688,A0000688,M00481,T00265,Northeast,Northeast,22.48,USD,card_present,3ds,approved,APPROVE
X000140979,2026-01-31 01:03:34,C001161,A0001161,M00644,T00681,West,West,38.26,USD,mobile_wallet,chip_pin,approved,APPROVE
X000032099,2026-01-31 01:03:40,C000272,A0000272,M00193,T00346,West,West,25.62,USD,card_present,3ds,approved,APPROVE
X000180800,2026-01-31 01:04:09,C001485,A0001485,M00056,T01147,Midwest,Midwest,77.68,USD,card_present,wallet_biometric,approved,APPROVE
X000058720,2026-01-31 01:04:39,C000498,A0000498,M00147,T00410,South,South,23.71,USD,card_present,wallet_biometric,approved,APPROVE
X000220055,2026-01-31 01:04:45,C001797,A0001797,M00167,T00818,Northeast,Northeast,169.05,USD,ecommerce,wallet_biometric,approved,APPROVE
X000034662,2026-01-31 01:04:48,C000294,A0000294,M00666,T00992,South,South,32.69,USD,card_present,chip_pin,approved,APPROVE
X000208142,2026-01-31 01:04:52,C001699,A0001699,M00475,T00015,Midwest,Midwest,143.39,USD,card_present,chip_pin,approved,APPROVE
X000202537,2026-01-31 01:05:13,C001657,A0001657,M00753,T00413,South,South,63.58,USD,card_present,wallet_biometric,approved,APPROVE
X000209047,2026-01-31 01:05:33,C001705,A0001705,M00733,T00848,Northeast,Northeast,48.47,USD,ecommerce,chip_pin,approved,APPROVE
X000163475,2026-01-31 01:06:21,C001348,A0001348,M00753,T00413,South,South,51.85,USD,ecommerce,3ds,approved,APPROVE
X000163073,2026-01-31 01:07:05,C001345,A0001345,M00668,T00166,Midwest,Midwest,161.18,USD,ecommerce,chip_pin,approved,APPROVE
X000120085,2026-01-31 01:07:14,C000997,A0000997,M00501,T01003,Northeast,Northeast,53.76,USD,ecommerce,chip_pin,approved,APPROVE
X000087116,2026-01-31 01:07:17,C000730,A0000730,M00341,T01190,Midwest,Midwest,64.96,USD,card_present,3ds,approved,APPROVE
X000245433,2026-01-31 01:07:41,C001999,A0001999,M00482,T00610,West,West,146.94,USD,card_present,chip_pin,approved,APPROVE
X000147897,2026-01-31 01:07:44,C001221,A0001221,M00563,T00283,Midwest,Midwest,119.91,USD,card_present,wallet_biometric,approved,APPROVE
X000082892,2026-01-31 01:07:48,C000694,A0000694,M00376,T00048,South,South,288.31,USD,card_present,chip_pin,approved,APPROVE
X000129867,2026-01-31 01:08:01,C001067,A0001067,M00696,T00129,Midwest,Midwest,282.42,USD,ecommerce,magstripe,approved,APPROVE
X000000087,2026-01-31 01:08:09,C000001,A0000001,M00073,T00757,South,South,115.32,USD,card_present,3ds,approved,APPROVE
X000199740,2026-01-31 01:08:12,C001637,A0001637,M00153,T00753,South,South,118.83,USD,ecommerce,chip_pin,approved,APPROVE
X000077595,2026-01-31 01:08:46,C000653,A0000653,M00012,T01105,West,West,68.26,USD,card_present,chip_pin,approved,APPROVE
X000088105,2026-01-31 01:09:38,C000740,A0000740,M00163,T00147,Midwest,Midwest,13.82,USD,card_present,3ds,approved,APPROVE
X000119104,2026-01-31 01:10:38,C000986,A0000986,M00215,T00873,South,South,85.56,USD,card_present,3ds,approved,APPROVE
X000237667,2026-01-31 01:10:54,C001938,A0001938,M00147,T00489,South,South,128.82,USD,ecommerce,chip_pin,approved,APPROVE
X000105508,2026-01-31 01:11:07,C000887,A0000887,M00509,T01064,Northeast,West,57.75,USD,mobile_wallet,magstripe,approved,APPROVE
X000016253,2026-01-31 01:11:14,C000137,A0000137,M00736,T00065,South,South,120.79,USD,card_present,chip_pin,approved,APPROVE
X000156870,2026-01-31 01:11:14,C001290,A0001290,M00003,T00787,South,South,59.23,USD,card_present,wallet_biometric,approved,APPROVE
X000001636,2026-01-31 01:12:08,C000015,A0000015,M00763,T00455,South,South,166.01,USD,ecommerce,wallet_biometric,approved,APPROVE
X000046498,2026-01-31 01:12:43,C000390,A0000390,M00477,T00694,West,West,8.57,USD,card_present,wallet_biometric,approved,APPROVE
X000020943,2026-01-31 01:13:06,C000183,A0000183,M00296,T00252,South,South,15.53,USD,ecommerce,3ds,approved,APPROVE
X000031111,2026-01-31 01:13:06,C000263,A0000263,M00562,T01175,West,West,103.35,USD,card_present,magstripe,approved,APPROVE
X000017535,2026-01-31 01:13:25,C000150,A0000150,M00138,T00350,South,South,269.41,USD,card_present,wallet_biometric,approved,APPROVE
X000187411,2026-01-31 01:13:55,C001541,A0001541,M00471,T00670,Midwest,Midwest,118.58,USD,ecommerce,chip_pin,approved,APPROVE
X000050970,2026-01-31 01:13:57,C000428,A0000428,M00320,T00150,West,West,43.03,USD,card_present,wallet_biometric,approved,APPROVE
X000171339,2026-01-31 01:14:16,C001412,A0001412,M00240,T00605,Midwest,Midwest,48.72,USD,ecommerce,chip_pin,approved,APPROVE
X000178689,2026-01-31 01:14:35,C001472,A0001472,M00031,T00031,South,South,95.1,USD,mobile_wallet,chip_pin,approved,APPROVE
X000146455,2026-01-31 01:14:44,C001208,A0001208,M00690,T00363,Northeast,Northeast,62.32,USD,card_present,chip_pin,approved,APPROVE
X000142768,2026-01-31 01:15:37,C001176,A0001176,M00517,T00531,Midwest,Midwest,74.08,USD,mobile_wallet,chip_pin,approved,APPROVE
X000198659,2026-01-31 01:15:43,C001627,A0001627,M00779,T00146,South,South,176.7,USD,mobile_wallet,3ds,approved,APPROVE
X000001165,2026-01-31 01:16:11,C000012,A0000012,M00533,T01021,Northeast,Northeast,84.19,USD,mobile_wallet,wallet_biometric,soft_decline,CHALLENGE
X000118198,2026-01-31 01:16:17,C000978,A0000978,M00412,T00928,Northeast,Northeast,203.3,USD,mobile_wallet,wallet_biometric,approved,APPROVE
X000210638,2026-01-31 01:17:29,C001717,A0001717,M00285,T01108,Midwest,Midwest,42.46,USD,ecommerce,chip_pin,approved,APPROVE
X000200442,2026-01-31 01:17:54,C001642,A0001642,M00151,T00462,Midwest,Midwest,70.66,USD,card_present,chip_pin,approved,APPROVE
X000099752,2026-01-31 01:18:08,C000838,A0000838,M00343,T00377,Midwest,West,50.28,USD,card_present,chip_pin,approved,APPROVE
X000152550,2026-01-31 01:18:41,C001254,A0001254,M00050,T01119,Midwest,Midwest,59.83,USD,card_present,3ds,approved,APPROVE
X000065280,2026-01-31 01:18:57,C000553,A0000553,M00552,T00463,Northeast,Northeast,37.6,USD,card_present,chip_pin,approved,APPROVE
X000220716,2026-01-31 01:19:21,C001800,A0001800,M00168,T00981,Northeast,Northeast,301.52,USD,card_present,chip_pin,approved,APPROVE
X000053890,2026-01-31 01:19:31,C000456,A0000456,M00396,T00828,West,West,23.08,USD,ecommerce,chip_pin,approved,APPROVE
X000122743,2026-01-31 01:19:55,C001018,A0001018,M00262,T00060,South,South,43.36,USD,card_present,wallet_biometric,approved,APPROVE
X000032734,2026-01-31 01:20:10,C000277,A0000277,M00130,T01074,South,South,21.48,USD,ecommerce,chip_pin,approved,APPROVE
X000181740,2026-01-31 01:20:17,C001495,A0001495,M00667,T00609,Northeast,Northeast,27.09,USD,ecommerce,chip_pin,approved,APPROVE
X000200686,2026-01-31 01:20:26,C001644,A0001644,M00094,T00737,South,South,31.72,USD,card_present,chip_pin,approved,APPROVE
X000028316,2026-01-31 01:20:38,C000244,A0000244,M00604,T01134,Northeast,Northeast,92.09,USD,mobile_wallet,3ds,approved,APPROVE
X000204727,2026-01-31 01:20:50,C001671,A0001671,M00497,T00121,West,West,117.07,USD,ecommerce,wallet_biometric,approved,APPROVE
X000062992,2026-01-31 01:20:54,C000534,A0000534,M00085,T00814,Northeast,Northeast,48.47,USD,card_present,wallet_biometric,approved,APPROVE
X000208774,2026-01-31 01:21:01,C001703,A0001703,M00316,T00389,West,South,115.13,USD,card_present,3ds,approved,APPROVE
X000004022,2026-01-31 01:21:23,C000035,A0000035,M00566,T00310,West,West,24.57,USD,ecommerce,3ds,approved,APPROVE
X000049874,2026-01-31 01:21:53,C000417,A0000417,M00343,T00030,West,West,44.22,USD,ecommerce,chip_pin,approved,APPROVE
X000140299,2026-01-31 01:21:56,C001155,A0001155,M00147,T00338,South,South,605.95,USD,ecommerce,3ds,approved,APPROVE
X000186508,2026-01-31 01:22:19,C001533,A0001533,M00586,T00314,Northeast,Northeast,49.96,USD,ecommerce,chip_pin,approved,APPROVE
X000102960,2026-01-31 01:23:16,C000865,A0000865,M00231,T00176,South,South,46.64,USD,ecommerce,3ds,approved,APPROVE
X000034220,2026-01-31 01:23:24,C000290,A0000290,M00191,T00441,Midwest,Midwest,123.99,USD,ecommerce,chip_pin,approved,APPROVE
X000030783,2026-01-31 01:23:51,C000261,A0000261,M00798,T00402,Northeast,Northeast,68.23,USD,card_present,3ds,approved,APPROVE
X000054885,2026-01-31 01:24:40,C000464,A0000464,M00271,T00851,Northeast,Northeast,285.99,USD,card_present,chip_pin,approved,APPROVE
X000026653,2026-01-31 01:25:31,C000229,A0000229,M00031,T00031,South,South,10.05,USD,mobile_wallet,chip_pin,approved,APPROVE
X000210945,2026-01-31 01:26:10,C001720,A0001720,M00556,T00223,South,South,43.74,USD,card_present,chip_pin,approved,APPROVE
X000233344,2026-01-31 01:26:23,C001902,A0001902,M00798,T00402,South,Northeast,563.34,USD,card_present,3ds,approved,APPROVE
X000065411,2026-01-31 01:26:26,C000554,A0000554,M00793,T01052,South,South,47.48,USD,card_present,chip_pin,approved,APPROVE
X000210217,2026-01-31 01:26:54,C001714,A0001714,M00021,T00406,South,South,67.14,USD,mobile_wallet,3ds,approved,APPROVE
X000021090,2026-01-31 01:27:16,C000184,A0000184,M00476,T00028,Midwest,Midwest,54.92,USD,card_present,chip_pin,approved,APPROVE
X000169564,2026-01-31 01:27:36,C001400,A0001400,M00378,T01196,South,South,340.12,USD,mobile_wallet,chip_pin,approved,APPROVE
X000213944,2026-01-31 01:27:38,C001747,A0001747,M00784,T00228,South,South,5.63,USD,mobile_wallet,3ds,approved,APPROVE
X000107522,2026-01-31 01:28:45,C000900,A0000900,M00495,T00738,Midwest,Midwest,241.88,USD,ecommerce,chip_pin,approved,APPROVE
X000145515,2026-01-31 01:28:48,C001198,A0001198,M00270,T00935,South,South,41.88,USD,mobile_wallet,chip_pin,approved,APPROVE
X000219305,2026-01-31 01:28:52,C001791,A0001791,M00171,T00523,Northeast,Northeast,16.68,USD,ecommerce,3ds,approved,APPROVE
X000172007,2026-01-31 01:28:55,C001419,A0001419,M00460,T00355,Midwest,Midwest,70.29,USD,ecommerce,3ds,approved,APPROVE
X000121002,2026-01-31 01:29:12,C001005,A0001005,M00478,T00667,Midwest,Midwest,29.74,USD,mobile_wallet,chip_pin,approved,APPROVE
X000137176,2026-01-31 01:29:35,C001127,A0001127,M00560,T00180,West,West,353.23,USD,card_present,3ds,approved,APPROVE
X000181084,2026-01-31 01:30:15,C001489,A0001489,M00476,T00184,Midwest,Midwest,65.97,USD,mobile_wallet,magstripe,approved,APPROVE
X000023708,2026-01-31 01:30:41,C000201,A0000201,M00740,T00080,Northeast,Northeast,612.33,USD,ecommerce,chip_pin,approved,APPROVE
X000029362,2026-01-31 01:30:45,C000253,A0000253,M00160,T00039,South,South,97.99,USD,ecommerce,wallet_biometric,approved,APPROVE
X000163962,2026-01-31 01:31:10,C001351,A0001351,M00657,T00743,South,South,18.16,USD,mobile_wallet,3ds,approved,APPROVE
X000120237,2026-01-31 01:31:43,C000998,A0000998,M00780,T00990,South,West,15.1,USD,card_present,3ds,approved,APPROVE
X000070073,2026-01-31 01:32:02,C000596,A0000596,M00022,T00830,South,South,133.22,USD,card_present,chip_pin,approved,APPROVE
X000063726,2026-01-31 01:32:37,C000541,A0000541,M00184,T00927,South,South,46.02,USD,card_present,3ds,approved,APPROVE
X000145688,2026-01-31 01:33:01,C001200,A0001200,M00685,T00672,Northeast,Northeast,55.51,USD,card_present,wallet_biometric,approved,APPROVE
X000235392,2026-01-31 01:33:14,C001918,A0001918,M00205,T00871,South,South,47.1,USD,mobile_wallet,wallet_biometric,approved,APPROVE
X000105244,2026-01-31 01:33:47,C000885,A0000885,M00779,T00146,South,South,87.98,USD,card_present,wallet_biometric,approved,APPROVE
X000084419,2026-01-31 01:34:04,C000707,A0000707,M00433,T00174,Midwest,Midwest,47.11,USD,card_present,chip_pin,approved,APPROVE
X000011508,2026-01-31 01:34:07,C000102,A0000102,M00560,T00636,West,West,359.31,USD,card_present,chip_pin,approved,APPROVE
X000077752,2026-01-31 01:34:40,C000654,A0000654,M00542,T00201,South,South,64.47,USD,card_present,chip_pin,approved,APPROVE
X000239821,2026-01-31 01:34:59,C001955,A0001955,M00484,T00728,South,South,5.13,USD,mobile_wallet,chip_pin,approved,APPROVE
X000113081,2026-01-31 01:35:50,C000944,A0000944,M00533,T00261,Northeast,Northeast,138.13,USD,ecommerce,chip_pin,approved,APPROVE
X000160296,2026-01-31 01:35:55,C001323,A0001323,M00513,T00882,Midwest,Midwest,75.95,USD,card_present,magstripe,approved,APPROVE
X000197467,2026-01-31 01:35:57,C001621,A0001621,M00092,T00788,West,West,205.69,USD,card_present,chip_pin,approved,APPROVE
X000239329,2026-01-31 01:36:05,C001952,A0001952,M00615,T00560,Midwest,Midwest,82.17,USD,ecommerce,chip_pin,approved,APPROVE
X000123233,2026-01-31 01:36:41,C001021,A0001021,M00075,T00297,West,West,14.47,USD,ecommerce,chip_pin,approved,APPROVE
X000050670,2026-01-31 01:37:40,C000425,A0000425,M00687,T01156,Midwest,Midwest,39.8,USD,ecommerce,wallet_biometric,approved,APPROVE
X000091766,2026-01-31 01:37:48,C000769,A0000769,M00738,T00002,South,South,216.87,USD,card_present,chip_pin,approved,APPROVE
X000209824,2026-01-31 01:37:52,C001712,A0001712,M00376,T00309,South,South,195.84,USD,mobile_wallet,chip_pin,approved,APPROVE
X000112035,2026-01-31 01:38:01,C000935,A0000935,M00285,T00370,Midwest,Midwest,51.1,USD,ecommerce,chip_pin,approved,APPROVE
X000180498,2026-01-31 01:38:01,C001483,A0001483,M00393,T00239,Northeast,Northeast,312.86,USD,ecommerce,wallet_biometric,soft_decline,CHALLENGE
X000021796,2026-01-31 01:38:05,C000188,A0000188,M00029,T00167,South,South,71.01,USD,card_present,magstripe,approved,APPROVE
X000165854,2026-01-31 01:38:11,C001368,A0001368,M00454,T00977,West,West,242.76,USD,ecommerce,wallet_biometric,approved,APPROVE
X000076851,2026-01-31 01:38:22,C000646,A0000646,M00649,T00134,Midwest,Midwest,182.95,USD,mobile_wallet,3ds,approved,APPROVE
X000187853,2026-01-31 01:38:40,C001543,A0001543,M00285,T01108,Midwest,Midwest,412.06,USD,card_present,chip_pin,approved,APPROVE
X000041041,2026-01-31 01:39:43,C000348,A0000348,M00430,T00430,South,South,57.01,USD,ecommerce,wallet_biometric,approved,APPROVE
X000086883,2026-01-31 01:39:47,C000728,A0000728,M00099,T00891,South,South,174.98,USD,mobile_wallet,wallet_biometric,approved,APPROVE
X000020707,2026-01-31 01:41:05,C000180,A0000180,M00542,T00201,South,South,12.69,USD,card_present,3ds,approved,APPROVE
X000070972,2026-01-31 01:41:05,C000602,A0000602,M00517,T00647,Midwest,Midwest,170.01,USD,card_present,chip_pin,approved,APPROVE
X000151227,2026-01-31 01:41:27,C001242,A0001242,M00020,T00130,South,South,92.38,USD,ecommerce,chip_pin,approved,APPROVE
X000113082,2026-01-31 01:42:46,C000944,A0000944,M00533,T00261,Northeast,Northeast,84.96,USD,ecommerce,chip_pin,approved,APPROVE
X000025665,2026-01-31 01:42:55,C000219,A0000219,M00084,T00910,Midwest,Midwest,120.68,USD,card_present,chip_pin,approved,APPROVE
X000093505,2026-01-31 01:43:26,C000783,A0000783,M00482,T01158,West,West,119.04,USD,card_present,chip_pin,approved,APPROVE
X000033077,2026-01-31 01:43:44,C000280,A0000280,M00292,T00447,Northeast,South,855.44,USD,ecommerce,chip_pin,approved,APPROVE
X000057365,2026-01-31 01:43:53,C000485,A0000485,M00690,T00363,Northeast,Northeast,56.94,USD,card_present,magstripe,approved,APPROVE
X000178690,2026-01-31 01:44:59,C001472,A0001472,M00031,T00031,South,South,43.72,USD,mobile_wallet,chip_pin,approved,APPROVE
X000008959,2026-01-31 01:45:09,C000081,A0000081,M00567,T00161,Northeast,Northeast,27.81,USD,card_present,3ds,approved,APPROVE
X000232213,2026-01-31 01:45:35,C001894,A0001894,M00758,T00582,Northeast,Northeast,596.08,USD,card_present,magstripe,approved,APPROVE
X000065769,2026-01-31 01:45:47,C000557,A0000557,M00023,T00720,Midwest,Midwest,30.65,USD,ecommerce,chip_pin,approved,APPROVE
X000153582,2026-01-31 01:45:49,C001263,A0001263,M00273,T00611,West,West,53.96,USD,card_present,chip_pin,approved,APPROVE
X000166128,2026-01-31 01:45:51,C001370,A0001370,M00111,T01015,Midwest,Midwest,48.68,USD,mobile_wallet,magstripe,approved,APPROVE
X000205718,2026-01-31 01:45:55,C001679,A0001679,M00574,T00190,Midwest,Midwest,70.72,USD,mobile_wallet,3ds,approved,APPROVE
X000094369,2026-01-31 01:45:59,C000789,A0000789,M00459,T00204,Northeast,Northeast,60.6,USD,ecommerce,wallet_biometric,approved,APPROVE
X000032465,2026-01-31 01:46:33,C000275,A0000275,M00130,T01074,South,South,70.58,USD,card_present,chip_pin,approved,APPROVE
X000197468,2026-01-31 01:47:00,C001621,A0001621,M00416,T00403,West,West,405.11,USD,card_present,chip_pin,approved,APPROVE
X000052864,2026-01-31 01:47:09,C000446,A0000446,M00253,T01072,South,South,101.05,USD,card_present,wallet_biometric,approved,APPROVE
X000034420,2026-01-31 01:47:13,C000292,A0000292,M00533,T00261,Northeast,Northeast,94.15,USD,card_present,chip_pin,approved,APPROVE
X000038084,2026-01-31 01:49:35,C000325,A0000325,M00442,T00713,West,West,35.64,USD,card_present,wallet_biometric,approved,APPROVE
X000174462,2026-01-31 01:50:10,C001437,A0001437,M00130,T00939,South,South,63.01,USD,mobile_wallet,chip_pin,approved,APPROVE
X000121844,2026-01-31 01:50:12,C001011,A0001011,M00435,T00513,Midwest,Midwest,76.8,USD,ecommerce,3ds,approved,APPROVE
X000245154,2026-01-31 01:50:22,C001997,A0001997,M00239,T00791,South,South,87.12,USD,mobile_wallet,3ds,approved,APPROVE
X000031350,2026-01-31 01:50:43,C000265,A0000265,M00692,T00191,Midwest,Northeast,51.31,USD,ecommerce,chip_pin,approved,APPROVE
X000177074,2026-01-31 01:50:54,C001459,A0001459,M00239,T00747,South,South,162.18,USD,ecommerce,chip_pin,approved,APPROVE
X000226569,2026-01-31 01:51:21,C001846,A0001846,M00184,T00058,South,South,98.68,USD,card_present,wallet_biometric,approved,APPROVE
X000044409,2026-01-31 01:51:23,C000376,A0000376,M00439,T00144,West,West,274.42,USD,ecommerce,chip_pin,soft_decline,CHALLENGE
X000025811,2026-01-31 01:51:38,C000220,A0000220,M00213,T00642,Midwest,Northeast,514.48,USD,card_present,chip_pin,approved,APPROVE
X000004285,2026-01-31 01:51:44,C000038,A0000038,M00007,T00210,South,South,43.57,USD,ecommerce,3ds,approved,APPROVE
X000240193,2026-01-31 01:51:49,C001959,A0001959,M00243,T00806,South,South,92.26,USD,ecommerce,wallet_biometric,approved,APPROVE
X000225827,2026-01-31 01:52:01,C001840,A0001840,M00077,T00783,South,South,608.52,USD,card_present,wallet_biometric,approved,APPROVE
X000161080,2026-01-31 01:52:40,C001330,A0001330,M00559,T00805,Midwest,Midwest,37.29,USD,card_present,chip_pin,approved,APPROVE
X000108312,2026-01-31 01:53:33,C000907,A0000907,M00137,T00707,Midwest,Midwest,29.68,USD,ecommerce,magstripe,approved,APPROVE
X000218078,2026-01-31 01:53:43,C001781,A0001781,M00328,T00351,Midwest,Midwest,42.49,USD,card_present,magstripe,approved,APPROVE
X000135062,2026-01-31 01:53:58,C001109,A0001109,M00528,T00301,Midwest,Midwest,48.47,USD,card_present,chip_pin,approved,APPROVE
X000213259,2026-01-31 01:54:22,C001741,A0001741,M00679,T00587,Northeast,Northeast,52.97,USD,mobile_wallet,chip_pin,approved,APPROVE
X000069154,2026-01-31 01:54:35,C000588,A0000588,M00323,T01185,South,South,187.56,USD,ecommerce,chip_pin,approved,APPROVE
X000096570,2026-01-31 01:55:05,C000808,A0000808,M00795,T00576,Northeast,Northeast,53.57,USD,ecommerce,magstripe,approved,APPROVE
X000243964,2026-01-31 01:55:18,C001989,A0001989,M00552,T00602,Northeast,Northeast,46.5,USD,card_present,wallet_biometric,approved,APPROVE
X000206746,2026-01-31 01:55:48,C001687,A0001687,M00661,T00801,Northeast,Northeast,422.64,USD,card_present,3ds,approved,APPROVE
X000028171,2026-01-31 01:55:49,C000243,A0000243,M00699,T00248,Midwest,Midwest,293.01,USD,ecommerce,wallet_biometric,approved,APPROVE
X000182068,2026-01-31 01:55:49,C001499,A0001499,M00594,T01188,Northeast,Northeast,24.47,USD,card_present,3ds,approved,APPROVE
X000032317,2026-01-31 01:55:56,C000274,A0000274,M00067,T00654,South,South,21.04,USD,card_present,magstripe,approved,APPROVE
X000095242,2026-01-31 01:56:05,C000795,A0000795,M00297,T00721,Northeast,Northeast,98.15,USD,card_present,3ds,approved,APPROVE
X000068619,2026-01-31 01:56:43,C000582,A0000582,M00398,T00726,South,South,115.24,USD,card_present,chip_pin,approved,APPROVE
X000131123,2026-01-31 01:57:24,C001079,A0001079,M00051,T00286,South,South,41.07,USD,ecommerce,chip_pin,approved,APPROVE
X000050573,2026-01-31 01:58:06,C000424,A0000424,M00453,T00940,South,South,59.96,USD,card_present,chip_pin,approved,APPROVE
X000018427,2026-01-31 01:58:23,C000157,A0000157,M00445,T00698,South,Northeast,112.13,USD,mobile_wallet,chip_pin,approved,APPROVE
X000154796,2026-01-31 01:58:25,C001276,A0001276,M00573,T00460,Northeast,Northeast,26.27,USD,card_present,magstripe,approved,APPROVE
X000053983,2026-01-31 01:59:20,C000457,A0000457,M00454,T00284,West,West,72.95,USD,card_present,wallet_biometric,approved,APPROVE
X000220717,2026-01-31 01:59:34,C001800,A0001800,M00168,T00981,Northeast,Northeast,188.97,USD,card_present,wallet_biometric,approved,APPROVE
X000036205,2026-01-31 01:59:36,C000309,A0000309,M00055,T01044,South,South,33.76,USD,card_present,chip_pin,approved,APPROVE
X000189499,2026-01-31 01:59:45,C001557,A0001557,M00662,T00093,South,Midwest,108.87,USD,card_present,magstripe,approved,APPROVE
X000235950,2026-01-31 02:00:25,C001923,A0001923,M00296,T00758,South,South,133.26,USD,card_present,magstripe,approved,APPROVE
X000142769,2026-01-31 02:00:37,C001176,A0001176,M00198,T00837,Midwest,Midwest,139.06,USD,ecommerce,chip_pin,approved,APPROVE
X000044832,2026-01-31 02:00:51,C000378,A0000378,M00301,T01109,South,South,167.28,USD,ecommerce,magstripe,approved,APPROVE
X000245155,2026-01-31 02:01:00,C001997,A0001997,M00239,T00791,South,South,873.05,USD,ecommerce,3ds,approved,APPROVE
X000117632,2026-01-31 02:01:08,C000975,A0000975,M00517,T01092,Midwest,Midwest,55.84,USD,ecommerce,chip_pin,approved,APPROVE
X000072817,2026-01-31 02:03:09,C000615,A0000615,M00222,T00844,South,South,25.45,USD,card_present,chip_pin,approved,APPROVE
X000222788,2026-01-31 02:03:34,C001815,A0001815,M00412,T00593,Northeast,Northeast,163.47,USD,ecommerce,wallet_biometric,approved,APPROVE
X000172451,2026-01-31 02:03:41,C001422,A0001422,M00353,T00378,Midwest,Midwest,69.52,USD,card_present,wallet_biometric,approved,APPROVE
X000070678,2026-01-31 02:03:55,C000600,A0000600,M00415,T00857,Midwest,Midwest,56.46,USD,card_present,chip_pin,approved,APPROVE
X000086281,2026-01-31 02:04:10,C000724,A0000724,M00350,T01102,Midwest,Midwest,26.27,USD,mobile_wallet,magstripe,approved,APPROVE
X000048435,2026-01-31 02:04:13,C000406,A0000406,M00380,T01026,Midwest,Midwest,138.59,USD,card_present,wallet_biometric,approved,APPROVE
X000186888,2026-01-31 02:04:25,C001537,A0001537,M00368,T01069,West,West,24.59,USD,card_present,chip_pin,approved,APPROVE
X000151524,2026-01-31 02:04:29,C001244,A0001244,M00624,T00793,West,West,35.62,USD,card_present,chip_pin,approved,APPROVE
X000225828,2026-01-31 02:05:03,C001840,A0001840,M00012,T01105,South,West,264.7,USD,card_present,3ds,approved,APPROVE
X000192923,2026-01-31 02:05:40,C001584,A0001584,M00555,T00348,Midwest,Midwest,248.47,USD,card_present,chip_pin,approved,APPROVE
X000175565,2026-01-31 02:05:43,C001446,A0001446,M00427,T01200,South,South,74.47,USD,ecommerce,chip_pin,approved,APPROVE
X000060859,2026-01-31 02:05:45,C000518,A0000518,M00594,T00498,Northeast,Northeast,11.82,USD,card_present,wallet_biometric,approved,APPROVE
X000232214,2026-01-31 02:05:55,C001894,A0001894,M00393,T00239,Northeast,Northeast,470.28,USD,card_present,chip_pin,approved,APPROVE
X000000434,2026-01-31 02:06:15,C000005,A0000005,M00683,T01182,Midwest,Midwest,127.59,USD,card_present,3ds,approved,APPROVE
X000157462,2026-01-31 02:06:45,C001295,A0001295,M00084,T00910,Midwest,Midwest,50.13,USD,card_present,wallet_biometric,approved,APPROVE
X000234715,2026-01-31 02:07:42,C001914,A0001914,M00615,T00908,Midwest,Midwest,428.08,USD,mobile_wallet,wallet_biometric,approved,APPROVE
X000099218,2026-01-31 02:07:54,C000832,A0000832,M00639,T00245,Midwest,Midwest,23.4,USD,card_present,chip_pin,approved,APPROVE
X000127964,2026-01-31 02:07:54,C001053,A0001053,M00301,T00666,South,South,66.79,USD,card_present,chip_pin,approved,APPROVE
X000182766,2026-01-31 02:07:58,C001503,A0001503,M00227,T00504,Midwest,Midwest,259.11,USD,card_present,3ds,approved,APPROVE
X000046636,2026-01-31 02:08:10,C000392,A0000392,M00020,T00254,South,South,21.62,USD,ecommerce,wallet_biometric,approved,APPROVE
X000046173,2026-01-31 02:08:20,C000387,A0000387,M00784,T00756,Midwest,South,54.43,USD,card_present,chip_pin,approved,APPROVE
X000230570,2026-01-31 02:08:23,C001880,A0001880,M00395,T00889,Midwest,Midwest,19.24,USD,card_present,magstripe,approved,APPROVE
X000057240,2026-01-31 02:08:27,C000484,A0000484,M00116,T00469,West,West,83.18,USD,card_present,3ds,approved,APPROVE
X000044410,2026-01-31 02:09:08,C000376,A0000376,M00265,T01076,West,West,109.51,USD,card_present,chip_pin,approved,APPROVE
X000052865,2026-01-31 02:09:27,C000446,A0000446,M00613,T00449,South,South,46.17,USD,card_present,magstripe,approved,APPROVE
X000228427,2026-01-31 02:09:50,C001860,A0001860,M00366,T00709,Northeast,Northeast,45.13,USD,card_present,chip_pin,approved,APPROVE
X000032214,2026-01-31 02:10:22,C000273,A0000273,M00127,T00699,South,South,70.75,USD,mobile_wallet,magstripe,approved,APPROVE
X000235951,2026-01-31 02:10:23,C001923,A0001923,M00592,T00719,South,South,131.66,USD,mobile_wallet,3ds,approved,APPROVE
X000107523,2026-01-31 02:10:51,C000900,A0000900,M00191,T00397,Midwest,Midwest,109.9,USD,mobile_wallet,chip_pin,approved,APPROVE
X000227398,2026-01-31 02:11:00,C001853,A0001853,M00684,T01008,West,West,120.11,USD,card_present,chip_pin,approved,APPROVE
X000215600,2026-01-31 02:11:18,C001761,A0001761,M00222,T00844,South,South,81.96,USD,ecommerce,chip_pin,approved,APPROVE
X000015503,2026-01-31 02:12:35,C000132,A0000132,M00613,T00449,South,South,89.85,USD,ecommerce,chip_pin,approved,APPROVE
X000103990,2026-01-31 02:12:42,C000875,A0000875,M00541,T00575,South,South,55.23,USD,card_present,wallet_biometric,approved,APPROVE
X000225829,2026-01-31 02:12:53,C001840,A0001840,M00005,T01091,South,South,254.54,USD,mobile_wallet,wallet_biometric,approved,APPROVE
X000037731,2026-01-31 02:13:37,C000322,A0000322,M00461,T00574,South,West,36.9,USD,ecommerce,wallet_biometric,approved,APPROVE
X000063166,2026-01-31 02:13:55,C000535,A0000535,M00614,T00113,South,South,73.79,USD,card_present,chip_pin,approved,APPROVE
X000022270,2026-01-31 02:14:14,C000192,A0000192,M00586,T00314,Northeast,Northeast,34.37,USD,ecommerce,3ds,approved,APPROVE
X000031351,2026-01-31 02:15:32,C000265,A0000265,M00687,T01115,Midwest,Midwest,13.21,USD,card_present,chip_pin,approved,APPROVE
X000098561,2026-01-31 02:15:51,C000826,A0000826,M00310,T00621,West,West,27.66,USD,card_present,3ds,approved,APPROVE
X000213424,2026-01-31 02:15:58,C001742,A0001742,M00377,T00901,Midwest,Midwest,27.67,USD,ecommerce,3ds,approved,APPROVE
X000028981,2026-01-31 02:16:10,C000249,A0000249,M00682,T00517,South,Northeast,42.25,USD,card_present,3ds,approved,APPROVE
X000191312,2026-01-31 02:16:16,C001570,A0001570,M00347,T01022,Midwest,Midwest,81.6,USD,card_present,magstripe,approved,APPROVE
X000162551,2026-01-31 02:16:21,C001342,A0001342,M00549,T00456,South,South,145.61,USD,card_present,chip_pin,approved,APPROVE
X000233964,2026-01-31 02:16:47,C001907,A0001907,M00540,T01173,West,West,79.16,USD,card_present,3ds,approved,APPROVE
X000075701,2026-01-31 02:18:27,C000636,A0000636,M00195,T00595,South,South,40.02,USD,card_present,chip_pin,approved,APPROVE
X000104942,2026-01-31 02:19:36,C000883,A0000883,M00645,T00905,South,South,69.33,USD,ecommerce,3ds,approved,APPROVE
X000059033,2026-01-31 02:19:38,C000501,A0000501,M00295,T00425,South,South,33.55,USD,mobile_wallet,3ds,approved,APPROVE
X000066406,2026-01-31 02:19:41,C000563,A0000563,M00638,T01099,Northeast,Northeast,18.0,USD,card_present,3ds,approved,APPROVE
X000183123,2026-01-31 02:19:56,C001506,A0001506,M00721,T00476,West,West,54.32,USD,ecommerce,chip_pin,approved,APPROVE
X000005314,2026-01-31 02:20:29,C000049,A0000049,M00486,T00218,South,South,102.46,USD,card_present,magstripe,approved,APPROVE
X000163476,2026-01-31 02:20:38,C001348,A0001348,M00753,T00413,South,South,39.84,USD,ecommerce,chip_pin,approved,APPROVE
X000033623,2026-01-31 02:20:44,C000286,A0000286,M00210,T01163,South,South,90.72,USD,ecommerce,chip_pin,approved,APPROVE
X000235207,2026-01-31 02:20:45,C001917,A0001917,M00223,T00651,South,South,71.01,USD,card_present,wallet_biometric,approved,APPROVE
X000207502,2026-01-31 02:20:53,C001693,A0001693,M00507,T01055,South,South,218.76,USD,ecommerce,3ds,approved,APPROVE
X000049971,2026-01-31 02:21:14,C000418,A0000418,M00391,T01061,Northeast,Northeast,36.84,USD,ecommerce,chip_pin,approved,APPROVE
X000181835,2026-01-31 02:21:45,C001496,A0001496,M00480,T00433,West,West,26.88,USD,card_present,chip_pin,approved,APPROVE
X000156717,2026-01-31 02:22:30,C001289,A0001289,M00588,T01164,West,West,427.82,USD,ecommerce,chip_pin,approved,APPROVE
X000082893,2026-01-31 02:22:45,C000694,A0000694,M00507,T01055,South,South,380.99,USD,card_present,chip_pin,approved,APPROVE
X000096953,2026-01-31 02:23:49,C000811,A0000811,M00739,T00701,South,South,69.58,USD,ecommerce,chip_pin,approved,APPROVE
X000050203,2026-01-31 02:23:54,C000420,A0000420,M00007,T00196,South,South,14.81,USD,card_present,3ds,approved,APPROVE
X000072160,2026-01-31 02:24:26,C000610,A0000610,M00562,T01175,West,West,363.76,USD,card_present,magstripe,approved,APPROVE
X000004123,2026-01-31 02:24:53,C000036,A0000036,M00501,T00506,Northeast,Northeast,114.37,USD,card_present,wallet_biometric,approved,APPROVE
X000222131,2026-01-31 02:25:29,C001810,A0001810,M00255,T00573,West,West,219.61,USD,ecommerce,wallet_biometric,approved,APPROVE
X000076067,2026-01-31 02:25:30,C000639,A0000639,M00488,T00046,Northeast,Northeast,75.24,USD,ecommerce,3ds,approved,APPROVE
X000121238,2026-01-31 02:25:35,C001007,A0001007,M00338,T00388,Northeast,Northeast,10.18,USD,card_present,chip_pin,approved,APPROVE
X000160615,2026-01-31 02:25:51,C001326,A0001326,M00758,T00582,Northeast,Northeast,155.51,USD,ecommerce,3ds,approved,APPROVE
X000092783,2026-01-31 02:26:11,C000777,A0000777,M00191,T00397,Midwest,Midwest,188.23,USD,ecommerce,wallet_biometric,approved,APPROVE
X000093228,2026-01-31 02:26:14,C000781,A0000781,M00170,T01059,South,Midwest,47.34,USD,card_present,chip_pin,approved,APPROVE
X000142053,2026-01-31 02:26:15,C001171,A0001171,M00074,T01036,South,South,42.03,USD,card_present,3ds,approved,APPROVE
X000068967,2026-01-31 02:26:25,C000586,A0000586,M00251,T00619,West,West,119.54,USD,mobile_wallet,3ds,approved,APPROVE
X000162876,2026-01-31 02:26:26,C001344,A0001344,M00711,T00893,West,West,110.58,USD,card_present,chip_pin,approved,APPROVE
X000051587,2026-01-31 02:26:48,C000436,A0000436,M00735,T00059,Midwest,Midwest,34.12,USD,mobile_wallet,magstripe,approved,APPROVE
X000182909,2026-01-31 02:26:53,C001504,A0001504,M00248,T00017,South,South,71.97,USD,card_present,chip_pin,approved,APPROVE
X000140853,2026-01-31 02:27:25,C001160,A0001160,M00737,T00804,Midwest,Midwest,46.3,USD,ecommerce,3ds,approved,APPROVE
X000195074,2026-01-31 02:27:36,C001603,A0001603,M00566,T00559,West,West,29.69,USD,mobile_wallet,chip_pin,approved,APPROVE
X000007868,2026-01-31 02:27:41,C000072,A0000072,M00437,T00942,West,West,107.79,USD,mobile_wallet,chip_pin,approved,APPROVE
X000235208,2026-01-31 02:27:55,C001917,A0001917,M00608,T00027,South,South,172.32,USD,card_present,wallet_biometric,approved,APPROVE
X000236506,2026-01-31 02:28:06,C001929,A0001929,M00790,T00112,Northeast,Northeast,170.58,USD,card_present,chip_pin,approved,APPROVE
X000167833,2026-01-31 02:28:07,C001387,A0001387,M00446,T00838,South,South,26.26,USD,mobile_wallet,3ds,approved,APPROVE
X000230452,2026-01-31 02:28:22,C001879,A0001879,M00507,T00639,South,South,46.16,USD,card_present,wallet_biometric,approved,APPROVE
X000163477,2026-01-31 02:28:35,C001348,A0001348,M00412,T00974,South,Northeast,62.07,USD,card_present,magstripe,approved,APPROVE
X000153024,2026-01-31 02:28:38,C001258,A0001258,M00094,T00737,South,South,42.15,USD,mobile_wallet,3ds,approved,APPROVE
X000027345,2026-01-31 02:28:49,C000235,A0000235,M00784,T00354,South,South,33.8,USD,card_present,chip_pin,approved,APPROVE
X000116093,2026-01-31 02:28:58,C000964,A0000964,M00700,T00679,Northeast,Northeast,81.07,USD,mobile_wallet,3ds,approved,APPROVE
X000113561,2026-01-31 02:28:59,C000946,A0000946,M00745,T00183,Northeast,Northeast,264.32,USD,ecommerce,chip_pin,approved,APPROVE
X000114938,2026-01-31 02:29:04,C000956,A0000956,M00494,T01193,West,West,128.05,USD,card_present,3ds,approved,APPROVE
X000219184,2026-01-31 02:29:53,C001790,A0001790,M00244,T00336,South,South,121.42,USD,ecommerce,3ds,approved,APPROVE
X000225069,2026-01-31 02:30:24,C001835,A0001835,M00461,T00958,West,West,111.37,USD,card_present,3ds,approved,APPROVE
X000015624,2026-01-31 02:30:26,C000133,A0000133,M00093,T01018,Northeast,Northeast,56.43,USD,card_present,wallet_biometric,approved,APPROVE
X000070305,2026-01-31 02:30:37,C000597,A0000597,M00592,T00719,South,South,215.11,USD,card_present,3ds,approved,APPROVE
X000180053,2026-01-31 02:31:34,C001480,A0001480,M00690,T00363,Northeast,Northeast,182.5,USD,card_present,chip_pin,approved,APPROVE
X000166905,2026-01-31 02:31:50,C001378,A0001378,M00231,T00811,South,South,26.01,USD,card_present,chip_pin,approved,APPROVE
X000116471,2026-01-31 02:31:53,C000966,A0000966,M00262,T01103,South,South,118.61,USD,card_present,chip_pin,approved,APPROVE
X000044671,2026-01-31 02:32:21,C000377,A0000377,M00712,T00650,South,South,54.97,USD,mobile_wallet,wallet_biometric,approved,APPROVE
X000223594,2026-01-31 02:33:02,C001823,A0001823,M00378,T00467,South,South,10.53,USD,card_present,3ds,approved,APPROVE
X000030484,2026-01-31 02:33:30,C000260,A0000260,M00056,T01147,Midwest,Midwest,318.05,USD,card_present,chip_pin,approved,APPROVE
X000169880,2026-01-31 02:34:10,C001401,A0001401,M00504,T00422,Northeast,Northeast,219.47,USD,ecommerce,chip_pin,approved,APPROVE
X000142216,2026-01-31 02:34:14,C001172,A0001172,M00330,T01113,West,West,89.02,USD,ecommerce,wallet_biometric,approved,APPROVE
X000040773,2026-01-31 02:34:16,C000346,A0000346,M00692,T00191,Northeast,Northeast,239.29,USD,ecommerce,chip_pin,approved,APPROVE
X000071839,2026-01-31 02:34:25,C000609,A0000609,M00194,T00803,Northeast,Northeast,87.95,USD,card_present,chip_pin,approved,APPROVE
X000159072,2026-01-31 02:34:36,C001309,A0001309,M00486,T00218,South,South,42.31,USD,card_present,chip_pin,approved,APPROVE
X000144892,2026-01-31 02:34:53,C001193,A0001193,M00552,T00463,Northeast,Northeast,58.11,USD,card_present,3ds,approved,APPROVE
X000224318,2026-01-31 02:35:36,C001831,A0001831,M00556,T00223,South,South,28.11,USD,ecommerce,chip_pin,approved,APPROVE
X000131262,2026-01-31 02:35:45,C001080,A0001080,M00517,T00541,Midwest,Midwest,34.19,USD,card_present,magstripe,approved,APPROVE
X000153583,2026-01-31 02:35:57,C001263,A0001263,M00273,T00611,West,West,117.3,USD,ecommerce,chip_pin,approved,APPROVE
X000032466,2026-01-31 02:36:21,C000275,A0000275,M00406,T00057,South,South,25.09,USD,ecommerce,chip_pin,approved,APPROVE
X000001637,2026-01-31 02:36:26,C000015,A0000015,M00784,T00354,South,South,107.89,USD,mobile_wallet,3ds,approved,APPROVE
X000055335,2026-01-31 02:37:18,C000468,A0000468,M00529,T00863,Midwest,Midwest,19.4,USD,ecommerce,wallet_biometric,approved,APPROVE
X000170717,2026-01-31 02:37:39,C001407,A0001407,M00733,T00848,Northeast,Northeast,43.84,USD,card_present,chip_pin,approved,APPROVE
X000023479,2026-01-31 02:37:49,C000200,A0000200,M00531,T00724,Midwest,Midwest,60.1,USD,card_present,wallet_biometric,approved,APPROVE
X000108185,2026-01-31 02:38:06,C000905,A0000905,M00071,T00437,West,West,45.81,USD,card_present,3ds,approved,APPROVE
X000026952,2026-01-31 02:38:13,C000232,A0000232,M00497,T00121,West,West,82.21,USD,card_present,chip_pin,approved,APPROVE
X000122437,2026-01-31 02:39:00,C001015,A0001015,M00573,T00460,Northeast,Northeast,93.1,USD,mobile_wallet,wallet_biometric,approved,APPROVE
X000239511,2026-01-31 02:39:04,C001953,A0001953,M00666,T00992,South,South,172.95,USD,card_present,chip_pin,approved,APPROVE
X000065878,2026-01-31 02:39:05,C000558,A0000558,M00737,T00804,Midwest,Midwest,106.38,USD,ecommerce,3ds,approved,APPROVE
X000222299,2026-01-31 02:39:35,C001811,A0001811,M00044,T00290,Northeast,Northeast,90.88,USD,card_present,3ds,approved,APPROVE
X000050487,2026-01-31 02:39:51,C000423,A0000423,M00794,T01041,South,Midwest,40.03,USD,card_present,chip_pin,approved,APPROVE
X000219306,2026-01-31 02:39:53,C001791,A0001791,M00298,T00941,Northeast,Northeast,25.24,USD,card_present,chip_pin,approved,APPROVE
X000137177,2026-01-31 02:40:03,C001127,A0001127,M00404,T00936,West,Northeast,313.02,USD,card_present,magstripe,approved,APPROVE
X000026177,2026-01-31 02:40:24,C000223,A0000223,M00248,T00017,South,South,43.82,USD,card_present,chip_pin,approved,APPROVE
X000101821,2026-01-31 02:40:33,C000857,A0000857,M00681,T00888,West,West,76.93,USD,card_present,3ds,approved,APPROVE
X000169565,2026-01-31 02:40:33,C001400,A0001400,M00282,T00583,South,South,189.47,USD,mobile_wallet,chip_pin,approved,APPROVE
X000017402,2026-01-31 02:41:38,C000149,A0000149,M00181,T01063,South,South,33.03,USD,ecommerce,chip_pin,approved,APPROVE
X000015962,2026-01-31 02:41:50,C000135,A0000135,M00490,T00340,South,South,57.83,USD,ecommerce,wallet_biometric,approved,APPROVE
X000108983,2026-01-31 02:43:06,C000913,A0000913,M00386,T00008,Northeast,Northeast,202.31,USD,card_present,3ds,approved,APPROVE
X000144753,2026-01-31 02:43:10,C001192,A0001192,M00033,T00091,West,West,132.75,USD,card_present,3ds,approved,APPROVE
X000077596,2026-01-31 02:43:25,C000653,A0000653,M00647,T00957,West,West,163.76,USD,card_present,3ds,approved,APPROVE
X000082278,2026-01-31 02:43:42,C000689,A0000689,M00482,T00610,West,West,31.77,USD,ecommerce,chip_pin,approved,APPROVE
X000020309,2026-01-31 02:43:57,C000176,A0000176,M00797,T00997,South,South,36.25,USD,mobile_wallet,3ds,approved,APPROVE
X000090461,2026-01-31 02:44:09,C000757,A0000757,M00779,T00146,South,South,49.63,USD,ecommerce,chip_pin,approved,APPROVE
X000063399,2026-01-31 02:44:16,C000538,A0000538,M00394,T00597,South,South,22.79,USD,mobile_wallet,chip_pin,approved,APPROVE
X000042050,2026-01-31 02:44:27,C000356,A0000356,M00588,T00221,West,West,90.61,USD,ecommerce,chip_pin,approved,APPROVE
X000188328,2026-01-31 02:44:34,C001547,A0001547,M00355,T00664,Midwest,Midwest,55.89,USD,card_present,chip_pin,approved,APPROVE
X000089118,2026-01-31 02:44:41,C000746,A0000746,M00147,T00410,South,South,66.95,USD,card_present,chip_pin,approved,APPROVE
X000218489,2026-01-31 02:44:54,C001785,A0001785,M00486,T00714,South,South,24.1,USD,ecommerce,chip_pin,approved,APPROVE
X000142987,2026-01-31 02:45:06,C001178,A0001178,M00770,T01186,Midwest,Midwest,93.68,USD,ecommerce,chip_pin,approved,APPROVE
X000204340,2026-01-31 02:45:41,C001668,A0001668,M00640,T01025,Midwest,Midwest,158.45,USD,card_present,3ds,approved,APPROVE
X000163741,2026-01-31 02:45:45,C001349,A0001349,M00761,T00945,South,South,439.56,USD,ecommerce,wallet_biometric,approved,APPROVE
X000188249,2026-01-31 02:45:50,C001546,A0001546,M00753,T00413,South,South,52.68,USD,mobile_wallet,chip_pin,approved,APPROVE
X000111185,2026-01-31 02:45:53,C000927,A0000927,M00544,T00846,South,South,39.06,USD,card_present,chip_pin,approved,APPROVE
X000237909,2026-01-31 02:46:40,C001941,A0001941,M00717,T00614,South,South,51.03,USD,ecommerce,3ds,approved,APPROVE
X000207196,2026-01-31 02:47:28,C001690,A0001690,M00295,T00425,South,South,39.89,USD,mobile_wallet,chip_pin,approved,APPROVE
X000021491,2026-01-31 02:47:34,C000186,A0000186,M00232,T00367,West,West,115.77,USD,card_present,wallet_biometric,approved,APPROVE
X000202726,2026-01-31 02:48:51,C001659,A0001659,M00038,T00321,South,South,24.94,USD,ecommerce,chip_pin,approved,APPROVE
X000062513,2026-01-31 02:49:05,C000531,A0000531,M00583,T00599,Midwest,Midwest,89.39,USD,mobile_wallet,3ds,approved,APPROVE
X000101645,2026-01-31 02:49:08,C000855,A0000855,M00635,T00849,Midwest,Midwest,66.02,USD,card_present,chip_pin,approved,APPROVE
X000006727,2026-01-31 02:49:58,C000060,A0000060,M00191,T00591,Midwest,Midwest,60.17,USD,card_present,wallet_biometric,approved,APPROVE
X000007361,2026-01-31 02:50:22,C000068,A0000068,M00520,T00622,Midwest,Midwest,166.42,USD,ecommerce,3ds,approved,APPROVE
X000127965,2026-01-31 02:50:37,C001053,A0001053,M00301,T00666,South,South,123.74,USD,card_present,3ds,approved,APPROVE
X000107908,2026-01-31 02:50:52,C000903,A0000903,M00293,T00835,South,South,165.72,USD,card_present,chip_pin,approved,APPROVE
X000156068,2026-01-31 02:51:15,C001284,A0001284,M00732,T00420,West,West,92.49,USD,mobile_wallet,chip_pin,approved,APPROVE
X000133555,2026-01-31 02:51:19,C001100,A0001100,M00528,T00301,Midwest,Midwest,19.61,USD,ecommerce,chip_pin,approved,APPROVE
X000164159,2026-01-31 02:51:33,C001353,A0001353,M00535,T00606,West,West,123.92,USD,mobile_wallet,3ds,approved,APPROVE
X000062514,2026-01-31 02:52:17,C000531,A0000531,M00583,T00599,Midwest,Midwest,164.98,USD,card_present,chip_pin,approved,APPROVE
X000153926,2026-01-31 02:52:36,C001266,A0001266,M00754,T00696,West,West,47.67,USD,card_present,wallet_biometric,approved,APPROVE
X000133037,2026-01-31 02:53:10,C001097,A0001097,M00625,T00763,Northeast,Northeast,55.2,USD,card_present,3ds,approved,APPROVE
X000072161,2026-01-31 02:53:35,C000610,A0000610,M00562,T01175,West,West,25.51,USD,ecommerce,chip_pin,approved,APPROVE
X000077079,2026-01-31 02:53:35,C000648,A0000648,M00259,T00535,Northeast,Northeast,76.86,USD,card_present,chip_pin,approved,APPROVE
X000153584,2026-01-31 02:53:43,C001263,A0001263,M00492,T00550,West,West,19.62,USD,card_present,wallet_biometric,approved,APPROVE
X000002532,2026-01-31 02:53:52,C000024,A0000024,M00288,T01177,Northeast,Northeast,32.95,USD,ecommerce,magstripe,approved,APPROVE
X000184653,2026-01-31 02:54:07,C001521,A0001521,M00295,T00425,South,South,219.74,USD,ecommerce,3ds,approved,APPROVE
X000194329,2026-01-31 02:54:15,C001597,A0001597,M00412,T00593,Northeast,Northeast,135.66,USD,card_present,wallet_biometric,approved,APPROVE
X000160871,2026-01-31 02:54:45,C001328,A0001328,M00576,T00152,Midwest,Midwest,22.11,USD,mobile_wallet,3ds,approved,APPROVE
X000079376,2026-01-31 02:54:49,C000668,A0000668,M00524,T00237,South,West,83.53,USD,ecommerce,chip_pin,approved,APPROVE
X000132755,2026-01-31 02:55:13,C001094,A0001094,M00372,T00095,South,South,36.68,USD,ecommerce,3ds,approved,APPROVE
X000073358,2026-01-31 02:55:42,C000620,A0000620,M00735,T00059,Midwest,Midwest,7.3,USD,card_present,wallet_biometric,approved,APPROVE
X000240285,2026-01-31 02:55:47,C001960,A0001960,M00406,T00668,South,South,26.73,USD,ecommerce,wallet_biometric,approved,APPROVE
X000219003,2026-01-31 02:56:23,C001789,A0001789,M00689,T01179,Northeast,Northeast,110.88,USD,card_present,chip_pin,approved,APPROVE
X000000435,2026-01-31 02:56:40,C000005,A0000005,M00476,T00184,Midwest,Midwest,77.21,USD,ecommerce,chip_pin,approved,APPROVE
X000056783,2026-01-31 02:57:26,C000480,A0000480,M00049,T01047,West,West,138.17,USD,card_present,magstripe,approved,APPROVE
X000211076,2026-01-31 02:57:43,C001721,A0001721,M00391,T00267,Northeast,Northeast,29.6,USD,card_present,wallet_biometric,approved,APPROVE
X000184216,2026-01-31 02:57:56,C001517,A0001517,M00726,T00829,Northeast,Northeast,59.3,USD,card_present,wallet_biometric,approved,APPROVE
X000014090,2026-01-31 02:58:35,C000119,A0000119,M00430,T01143,South,South,39.7,USD,ecommerce,chip_pin,approved,APPROVE
X000058630,2026-01-31 02:58:35,C000497,A0000497,M00032,T00431,West,West,44.43,USD,ecommerce,wallet_biometric,approved,APPROVE
X000060860,2026-01-31 02:58:46,C000518,A0000518,M00594,T00498,Northeast,Northeast,183.17,USD,card_present,3ds,approved,APPROVE
X000245273,2026-01-31 02:58:46,C001998,A0001998,M00675,T00110,Midwest,Midwest,32.25,USD,card_present,magstripe,approved,APPROVE
X000201255,2026-01-31 02:59:04,C001648,A0001648,M00430,T01143,South,South,156.86,USD,card_present,chip_pin,approved,APPROVE
X000244999,2026-01-31 02:59:58,C001996,A0001996,M00378,T00467,South,South,34.41,USD,card_present,wallet_biometric,approved,APPROVE
X000019979,2026-01-31 03:00:04,C000173,A0000173,M00735,T00059,Midwest,Midwest,38.2,USD,card_present,chip_pin,approved,APPROVE
X000002285,2026-01-31 03:00:09,C000021,A0000021,M00285,T00370,Midwest,Midwest,36.99,USD,card_present,3ds,approved,APPROVE
X000040661,2026-01-31 03:01:06,C000345,A0000345,M00087,T00594,South,South,56.57,USD,card_present,chip_pin,approved,APPROVE
X000076852,2026-01-31 03:01:15,C000646,A0000646,M00649,T00134,Midwest,Midwest,86.45,USD,card_present,wallet_biometric,approved,APPROVE
X000226219,2026-01-31 03:01:18,C001843,A0001843,M00778,T01132,South,South,64.67,USD,card_present,wallet_biometric,approved,APPROVE
X000004932,2026-01-31 03:02:03,C000045,A0000045,M00207,T00387,West,West,32.61,USD,ecommerce,3ds,approved,APPROVE
X000211608,2026-01-31 03:02:22,C001726,A0001726,M00376,T00181,South,South,39.34,USD,card_present,chip_pin,approved,APPROVE
X000087611,2026-01-31 03:02:28,C000735,A0000735,M00394,T00980,South,South,64.04,USD,ecommerce,chip_pin,approved,APPROVE
X000030949,2026-01-31 03:02:30,C000262,A0000262,M00502,T00353,Northeast,Northeast,114.21,USD,mobile_wallet,chip_pin,approved,APPROVE
X000115875,2026-01-31 03:02:31,C000962,A0000962,M00549,T00456,South,South,243.31,USD,ecommerce,chip_pin,approved,APPROVE
X000150766,2026-01-31 03:03:01,C001240,A0001240,M00461,T00574,West,West,357.72,USD,mobile_wallet,3ds,approved,APPROVE
X000154606,2026-01-31 03:04:00,C001274,A0001274,M00588,T01164,West,West,17.03,USD,card_present,chip_pin,approved,APPROVE
X000092013,2026-01-31 03:05:04,C000770,A0000770,M00324,T00243,West,West,61.74,USD,card_present,wallet_biometric,approved,APPROVE
X000019440,2026-01-31 03:05:52,C000168,A0000168,M00778,T00222,South,South,160.1,USD,mobile_wallet,3ds,approved,APPROVE
X000140980,2026-01-31 03:05:56,C001161,A0001161,M00454,T00566,West,West,97.66,USD,card_present,magstripe,approved,APPROVE
X000137916,2026-01-31 03:06:14,C001134,A0001134,M00518,T00379,South,South,124.0,USD,card_present,chip_pin,approved,APPROVE
X000082894,2026-01-31 03:06:18,C000694,A0000694,M00797,T00418,South,South,455.34,USD,card_present,magstripe,approved,APPROVE
X000222300,2026-01-31 03:06:27,C001811,A0001811,M00305,T00345,Northeast,Northeast,82.34,USD,card_present,chip_pin,approved,APPROVE
X000004470,2026-01-31 03:07:20,C000040,A0000040,M00779,T00146,South,South,83.4,USD,ecommerce,3ds,approved,APPROVE
X000244756,2026-01-31 03:07:21,C001995,A0001995,M00082,T00557,Northeast,Northeast,621.95,USD,card_present,wallet_biometric,approved,APPROVE
X000139016,2026-01-31 03:07:34,C001145,A0001145,M00706,T00856,Northeast,Northeast,18.33,USD,card_present,chip_pin,approved,APPROVE
X000096673,2026-01-31 03:07:40,C000809,A0000809,M00518,T00379,South,South,22.87,USD,card_present,3ds,approved,APPROVE
X000156976,2026-01-31 03:08:35,C001291,A0001291,M00007,T00196,South,South,403.3,USD,card_present,3ds,approved,APPROVE
X000059392,2026-01-31 03:08:44,C000505,A0000505,M00521,T00168,Northeast,Northeast,171.17,USD,ecommerce,3ds,approved,APPROVE
X000199342,2026-01-31 03:09:04,C001633,A0001633,M00244,T00277,South,South,62.48,USD,card_present,wallet_biometric,approved,APPROVE
X000044411,2026-01-31 03:09:29,C000376,A0000376,M00494,T01020,West,West,131.16,USD,card_present,chip_pin,approved,APPROVE
X000104307,2026-01-31 03:10:16,C000878,A0000878,M00718,T00580,South,South,250.02,USD,card_present,3ds,approved,APPROVE
X000196676,2026-01-31 03:10:27,C001615,A0001615,M00219,T00102,Northeast,Northeast,76.52,USD,mobile_wallet,chip_pin,approved,APPROVE
X000169020,2026-01-31 03:10:44,C001397,A0001397,M00743,T00220,South,South,127.38,USD,card_present,wallet_biometric,approved,APPROVE
X000043547,2026-01-31 03:11:39,C000369,A0000369,M00464,T00082,West,West,100.78,USD,mobile_wallet,magstripe,approved,APPROVE
X000097168,2026-01-31 03:11:47,C000813,A0000813,M00265,T00950,West,West,41.78,USD,ecommerce,wallet_biometric,approved,APPROVE
X000075031,2026-01-31 03:12:07,C000631,A0000631,M00690,T00361,Northeast,Northeast,696.36,USD,ecommerce,3ds,approved,APPROVE
X000148292,2026-01-31 03:12:25,C001224,A0001224,M00313,T00777,Northeast,Northeast,118.22,USD,ecommerce,3ds,approved,APPROVE
X000001166,2026-01-31 03:12:50,C000012,A0000012,M00533,T01021,Northeast,Northeast,39.01,USD,mobile_wallet,chip_pin,approved,APPROVE
X000230571,2026-01-31 03:12:50,C001880,A0001880,M00511,T00446,Midwest,Midwest,64.54,USD,mobile_wallet,3ds,approved,APPROVE
X000025500,2026-01-31 03:12:56,C000217,A0000217,M00795,T00503,Northeast,Northeast,96.32,USD,card_present,chip_pin,approved,APPROVE
X000053669,2026-01-31 03:12:59,C000454,A0000454,M00244,T00277,South,South,73.39,USD,ecommerce,chip_pin,approved,APPROVE
X000120611,2026-01-31 03:14:15,C001002,A0001002,M00271,T00851,Northeast,Northeast,84.49,USD,mobile_wallet,chip_pin,approved,APPROVE
X000026552,2026-01-31 03:14:18,C000228,A0000228,M00645,T00155,South,South,85.16,USD,card_present,chip_pin,approved,APPROVE
X000208143,2026-01-31 03:14:39,C001699,A0001699,M00668,T00417,Midwest,Midwest,102.1,USD,ecommerce,magstripe,approved,APPROVE
X000084139,2026-01-31 03:14:45,C000704,A0000704,M00051,T00286,South,South,81.95,USD,card_present,chip_pin,approved,APPROVE
X000126132,2026-01-31 03:14:53,C001039,A0001039,M00168,T00944,Northeast,Northeast,78.08,USD,card_present,chip_pin,approved,APPROVE
X000027485,2026-01-31 03:15:48,C000236,A0000236,M00148,T00250,Midwest,Midwest,45.92,USD,ecommerce,3ds,approved,APPROVE
X000206747,2026-01-31 03:16:22,C001687,A0001687,M00661,T00801,Northeast,Northeast,168.25,USD,ecommerce,3ds,approved,APPROVE
X000195577,2026-01-31 03:16:28,C001606,A0001606,M00037,T00050,West,West,121.32,USD,card_present,wallet_biometric,approved,APPROVE
X000154797,2026-01-31 03:17:05,C001276,A0001276,M00395,T00889,Northeast,Midwest,67.64,USD,ecommerce,3ds,approved,APPROVE
X000037967,2026-01-31 03:17:29,C000324,A0000324,M00689,T00395,Northeast,Northeast,86.73,USD,mobile_wallet,3ds,approved,APPROVE
X000117021,2026-01-31 03:17:53,C000971,A0000971,M00378,T00467,South,South,100.11,USD,ecommerce,wallet_biometric,approved,APPROVE
X000010409,2026-01-31 03:18:10,C000094,A0000094,M00556,T00589,South,South,28.63,USD,card_present,chip_pin,approved,APPROVE
X000085848,2026-01-31 03:18:34,C000719,A0000719,M00070,T00658,Northeast,Northeast,185.11,USD,card_present,chip_pin,approved,APPROVE
X000125788,2026-01-31 03:19:38,C001036,A0001036,M00430,T01143,South,South,52.11,USD,card_present,chip_pin,approved,APPROVE
X000186257,2026-01-31 03:20:10,C001531,A0001531,M00191,T00441,Midwest,Midwest,32.97,USD,mobile_wallet,wallet_biometric,approved,APPROVE
X000084558,2026-01-31 03:20:47,C000708,A0000708,M00533,T01021,Northeast,Northeast,135.73,USD,mobile_wallet,chip_pin,approved,APPROVE
X000181085,2026-01-31 03:21:06,C001489,A0001489,M00476,T00184,Midwest,Midwest,38.15,USD,ecommerce,3ds,approved,APPROVE
X000135468,2026-01-31 03:21:11,C001112,A0001112,M00771,T00411,South,South,23.19,USD,card_present,chip_pin,approved,APPROVE
X000165104,2026-01-31 03:21:48,C001362,A0001362,M00042,T00766,Northeast,Northeast,81.87,USD,card_present,magstripe,approved,APPROVE
X000085421,2026-01-31 03:21:55,C000714,A0000714,M00023,T00720,Midwest,Midwest,37.63,USD,ecommerce,chip_pin,approved,APPROVE
X000094838,2026-01-31 03:21:59,C000792,A0000792,M00244,T00336,South,South,484.45,USD,card_present,chip_pin,approved,APPROVE
X000035622,2026-01-31 03:22:01,C000302,A0000302,M00454,T00284,West,West,30.42,USD,mobile_wallet,wallet_biometric,approved,APPROVE
X000220444,2026-01-31 03:22:39,C001799,A0001799,M00094,T00206,South,South,58.38,USD,card_present,3ds,approved,APPROVE
X000173455,2026-01-31 03:22:40,C001430,A0001430,M00574,T00190,Midwest,Midwest,278.84,USD,mobile_wallet,3ds,approved,APPROVE
X000177320,2026-01-31 03:22:48,C001460,A0001460,M00148,T00250,Midwest,Midwest,241.11,USD,ecommerce,3ds,approved,APPROVE
X000094688,2026-01-31 03:22:58,C000791,A0000791,M00143,T00157,South,South,26.86,USD,card_present,3ds,approved,APPROVE
X000054068,2026-01-31 03:23:22,C000458,A0000458,M00798,T00402,Northeast,Northeast,50.43,USD,card_present,wallet_biometric,soft_decline,CHALLENGE
X000003048,2026-01-31 03:23:25,C000028,A0000028,M00151,T00462,Midwest,Midwest,103.76,USD,card_present,chip_pin,approved,APPROVE
X000006796,2026-01-31 03:24:48,C000061,A0000061,M00276,T01082,Northeast,Northeast,19.02,USD,ecommerce,3ds,approved,APPROVE
X000163478,2026-01-31 03:25:22,C001348,A0001348,M00099,T00459,South,South,85.03,USD,card_present,wallet_biometric,approved,APPROVE
X000144893,2026-01-31 03:25:24,C001193,A0001193,M00445,T00086,Northeast,Northeast,33.04,USD,card_present,wallet_biometric,approved,APPROVE
X000183640,2026-01-31 03:25:27,C001511,A0001511,M00117,T00472,South,South,18.56,USD,card_present,chip_pin,approved,APPROVE
X000092130,2026-01-31 03:26:10,C000771,A0000771,M00547,T00371,Northeast,Northeast,34.93,USD,card_present,wallet_biometric,approved,APPROVE
X000029064,2026-01-31 03:26:21,C000250,A0000250,M00482,T01158,West,West,66.69,USD,ecommerce,chip_pin,approved,APPROVE
X000025501,2026-01-31 03:26:31,C000217,A0000217,M00002,T00850,Northeast,Northeast,49.42,USD,ecommerce,3ds,approved,APPROVE
X000067174,2026-01-31 03:27:11,C000570,A0000570,M00150,T00526,South,South,35.48,USD,ecommerce,magstripe,approved,APPROVE
X000018803,2026-01-31 03:27:15,C000161,A0000161,M00183,T01168,South,South,47.84,USD,card_present,3ds,approved,APPROVE
X000129868,2026-01-31 03:28:33,C001067,A0001067,M00414,T00189,Midwest,Midwest,170.59,USD,card_present,wallet_biometric,approved,APPROVE
X000103787,2026-01-31 03:28:39,C000873,A0000873,M00797,T00303,South,South,86.67,USD,card_present,3ds,approved,APPROVE
X000018081,2026-01-31 03:28:43,C000154,A0000154,M00007,T00196,South,South,41.38,USD,mobile_wallet,chip_pin,approved,APPROVE
X000137917,2026-01-31 03:28:53,C001134,A0001134,M00295,T00425,South,South,109.76,USD,card_present,chip_pin,approved,APPROVE
X000212671,2026-01-31 03:28:57,C001735,A0001735,M00488,T00046,Northeast,Northeast,104.07,USD,ecommerce,3ds,approved,APPROVE
X000079486,2026-01-31 03:29:08,C000669,A0000669,M00416,T00451,West,West,39.84,USD,ecommerce,chip_pin,approved,APPROVE
X000096387,2026-01-31 03:29:09,C000806,A0000806,M00184,T00927,South,South,48.16,USD,card_present,3ds,approved,APPROVE
X000089649,2026-01-31 03:29:33,C000749,A0000749,M00151,T00524,Midwest,Midwest,22.71,USD,mobile_wallet,3ds,approved,APPROVE
X000165304,2026-01-31 03:29:35,C001364,A0001364,M00228,T00522,Northeast,Northeast,51.23,USD,mobile_wallet,wallet_biometric,approved,APPROVE
X000052054,2026-01-31 03:30:01,C000440,A0000440,M00080,T00590,Northeast,Midwest,44.91,USD,card_present,chip_pin,approved,APPROVE
X000040914,2026-01-31 03:30:30,C000347,A0000347,M00093,T01018,Northeast,Northeast,133.38,USD,card_present,magstripe,approved,APPROVE
X000193709,2026-01-31 03:30:52,C001592,A0001592,M00736,T00065,South,South,165.41,USD,ecommerce,magstripe,approved,APPROVE
X000085011,2026-01-31 03:32:04,C000710,A0000710,M00535,T00606,West,West,129.05,USD,mobile_wallet,3ds,approved,APPROVE
X000095526,2026-01-31 03:32:04,C000798,A0000798,M00262,T00998,South,South,132.96,USD,card_present,3ds,approved,APPROVE
X000169566,2026-01-31 03:32:08,C001400,A0001400,M00743,T00089,South,South,331.4,USD,card_present,chip_pin,approved,APPROVE
X000010410,2026-01-31 03:32:11,C000094,A0000094,M00295,T00163,South,South,35.84,USD,ecommerce,chip_pin,approved,APPROVE
X000195730,2026-01-31 03:32:14,C001607,A0001607,M00564,T01141,Northeast,Northeast,36.15,USD,card_present,chip_pin,approved,APPROVE
X000084754,2026-01-31 03:32:53,C000709,A0000709,M00778,T00222,South,South,31.09,USD,ecommerce,chip_pin,approved,APPROVE
X000134963,2026-01-31 03:33:07,C001108,A0001108,M00708,T00914,West,West,43.65,USD,mobile_wallet,wallet_biometric,approved,APPROVE
X000164872,2026-01-31 03:33:34,C001360,A0001360,M00442,T00105,West,West,38.13,USD,mobile_wallet,chip_pin,approved,APPROVE
X000074326,2026-01-31 03:33:51,C000628,A0000628,M00112,T00586,West,West,57.64,USD,card_present,magstripe,approved,APPROVE
X000099753,2026-01-31 03:33:51,C000838,A0000838,M00668,T00869,Midwest,Midwest,58.69,USD,mobile_wallet,wallet_biometric,approved,APPROVE
X000231705,2026-01-31 03:34:05,C001890,A0001890,M00211,T01068,Midwest,Midwest,271.81,USD,card_present,wallet_biometric,approved,APPROVE
X000001062,2026-01-31 03:34:22,C000011,A0000011,M00738,T00899,South,South,167.12,USD,card_present,chip_pin,approved,APPROVE
X000062217,2026-01-31 03:34:24,C000529,A0000529,M00094,T00737,South,South,76.48,USD,card_present,chip_pin,approved,APPROVE
X000026654,2026-01-31 03:34:41,C000229,A0000229,M00074,T01036,South,South,24.29,USD,ecommerce,chip_pin,approved,APPROVE
X000174142,2026-01-31 03:35:01,C001435,A0001435,M00398,T00960,South,South,114.52,USD,card_present,chip_pin,approved,APPROVE
X000222710,2026-01-31 03:35:07,C001814,A0001814,M00331,T00956,Midwest,Midwest,28.2,USD,mobile_wallet,wallet_biometric,approved,APPROVE
X000148293,2026-01-31 03:36:01,C001224,A0001224,M00276,T00213,Northeast,Northeast,59.43,USD,card_present,3ds,approved,APPROVE
X000106450,2026-01-31 03:36:16,C000893,A0000893,M00564,T01141,Northeast,Northeast,57.7,USD,card_present,chip_pin,approved,APPROVE
X000077597,2026-01-31 03:37:24,C000653,A0000653,M00697,T00612,West,West,199.92,USD,ecommerce,chip_pin,approved,APPROVE
X000119582,2026-01-31 03:37:26,C000992,A0000992,M00077,T00783,South,South,19.01,USD,card_present,3ds,approved,APPROVE
X000034007,2026-01-31 03:37:48,C000289,A0000289,M00096,T00202,West,West,196.67,USD,ecommerce,magstripe,approved,APPROVE
X000022171,2026-01-31 03:37:53,C000191,A0000191,M00433,T00752,Midwest,Midwest,169.3,USD,card_present,chip_pin,approved,APPROVE
X000017403,2026-01-31 03:38:31,C000149,A0000149,M00181,T01063,South,South,29.97,USD,card_present,magstripe,approved,APPROVE
X000094839,2026-01-31 03:38:36,C000792,A0000792,M00244,T00336,South,South,73.65,USD,mobile_wallet,3ds,approved,APPROVE
X000110683,2026-01-31 03:38:51,C000924,A0000924,M00258,T00943,West,West,650.72,USD,card_present,3ds,approved,APPROVE
X000237558,2026-01-31 03:39:50,C001937,A0001937,M00270,T00473,South,South,37.76,USD,mobile_wallet,chip_pin,approved,APPROVE
X000163742,2026-01-31 03:40:25,C001349,A0001349,M00249,T00554,South,South,125.12,USD,card_present,chip_pin,approved,APPROVE
X000225256,2026-01-31 03:40:35,C001836,A0001836,M00294,T00471,South,South,69.76,USD,ecommerce,3ds,approved,APPROVE
X000130227,2026-01-31 03:40:47,C001070,A0001070,M00791,T00304,South,South,13.67,USD,ecommerce,wallet_biometric,approved,APPROVE
X000136407,2026-01-31 03:41:46,C001122,A0001122,M00613,T00638,South,South,76.09,USD,mobile_wallet,chip_pin,approved,APPROVE
X000152737,2026-01-31 03:41:52,C001256,A0001256,M00366,T00709,Northeast,Northeast,47.15,USD,mobile_wallet,3ds,approved,APPROVE
X000157671,2026-01-31 03:41:57,C001296,A0001296,M00476,T00071,Midwest,Midwest,66.54,USD,card_present,3ds,approved,APPROVE
X000171798,2026-01-31 03:42:59,C001417,A0001417,M00051,T01084,South,South,183.46,USD,card_present,chip_pin,approved,APPROVE
X000230007,2026-01-31 03:43:10,C001874,A0001874,M00502,T00353,Northeast,Northeast,91.16,USD,ecommerce,chip_pin,approved,APPROVE
X000218611,2026-01-31 03:43:36,C001786,A0001786,M00048,T00107,Northeast,Northeast,35.65,USD,card_present,chip_pin,approved,APPROVE
X000082704,2026-01-31 03:43:41,C000693,A0000693,M00343,T00030,West,West,177.46,USD,card_present,chip_pin,approved,APPROVE
X000090543,2026-01-31 03:44:27,C000758,A0000758,M00010,T00620,Midwest,Northeast,50.85,USD,ecommerce,3ds,approved,APPROVE
X000104943,2026-01-31 03:46:21,C000883,A0000883,M00192,T00126,South,South,69.32,USD,card_present,chip_pin,approved,APPROVE
X000164160,2026-01-31 03:47:07,C001353,A0001353,M00368,T00442,West,West,175.33,USD,card_present,chip_pin,approved,APPROVE
X000136914,2026-01-31 03:48:01,C001126,A0001126,M00022,T00830,South,South,45.64,USD,mobile_wallet,3ds,approved,APPROVE
X000145873,2026-01-31 03:48:48,C001202,A0001202,M00183,T00617,South,South,30.01,USD,card_present,wallet_biometric,approved,APPROVE
X000155729,2026-01-31 03:49:09,C001282,A0001282,M00412,T00974,Northeast,Northeast,117.42,USD,mobile_wallet,3ds,approved,APPROVE
X000056908,2026-01-31 03:49:13,C000481,A0000481,M00393,T00239,Northeast,Northeast,115.23,USD,card_present,wallet_biometric,approved,APPROVE
X000184654,2026-01-31 03:49:28,C001521,A0001521,M00295,T00425,South,South,222.79,USD,ecommerce,chip_pin,approved,APPROVE
X000162552,2026-01-31 03:49:30,C001342,A0001342,M00372,T00192,South,South,92.67,USD,ecommerce,3ds,approved,APPROVE
X000092014,2026-01-31 03:49:52,C000770,A0000770,M00190,T00615,West,West,80.28,USD,card_present,3ds,approved,APPROVE
X000149598,2026-01-31 03:50:38,C001231,A0001231,M00292,T00447,South,South,57.43,USD,card_present,magstripe,approved,APPROVE
X000018704,2026-01-31 03:51:08,C000160,A0000160,M00397,T00349,Midwest,Midwest,60.09,USD,card_present,3ds,approved,APPROVE
X000208577,2026-01-31 03:51:14,C001702,A0001702,M00092,T00788,West,West,257.96,USD,card_present,chip_pin,approved,APPROVE
X000224932,2026-01-31 03:51:47,C001834,A0001834,M00075,T00297,West,West,40.6,USD,mobile_wallet,wallet_biometric,approved,APPROVE
X000036632,2026-01-31 03:52:28,C000314,A0000314,M00320,T00150,West,West,42.15,USD,ecommerce,3ds,approved,APPROVE
X000116267,2026-01-31 03:53:10,C000965,A0000965,M00112,T00122,West,West,118.88,USD,card_present,chip_pin,approved,APPROVE
X000130316,2026-01-31 03:53:37,C001071,A0001071,M00231,T00811,South,South,46.84,USD,card_present,chip_pin,approved,APPROVE
X000234288,2026-01-31 03:53:40,C001910,A0001910,M00549,T00456,South,South,77.08,USD,ecommerce,chip_pin,approved,APPROVE
X000109420,2026-01-31 03:53:55,C000915,A0000915,M00354,T00770,Northeast,Northeast,113.05,USD,mobile_wallet,wallet_biometric,approved,APPROVE
X000171151,2026-01-31 03:53:59,C001411,A0001411,M00096,T00202,West,West,79.68,USD,card_present,chip_pin,approved,APPROVE
X000095527,2026-01-31 03:55:00,C000798,A0000798,M00094,T01093,South,South,163.1,USD,card_present,3ds,approved,APPROVE
X000205423,2026-01-31 03:55:07,C001678,A0001678,M00108,T00481,Midwest,Midwest,66.67,USD,ecommerce,3ds,approved,APPROVE
X000172209,2026-01-31 03:56:10,C001420,A0001420,M00768,T00929,South,South,82.96,USD,card_present,chip_pin,approved,APPROVE
X000171799,2026-01-31 03:56:12,C001417,A0001417,M00051,T01084,South,South,45.58,USD,card_present,chip_pin,approved,APPROVE
X000054157,2026-01-31 03:57:34,C000459,A0000459,M00335,T00138,South,South,22.87,USD,card_present,wallet_biometric,approved,APPROVE
X000094689,2026-01-31 03:57:55,C000791,A0000791,M00038,T00321,South,South,110.29,USD,ecommerce,wallet_biometric,approved,APPROVE
X000124047,2026-01-31 03:58:14,C001026,A0001026,M00410,T00952,South,South,159.74,USD,ecommerce,3ds,approved,APPROVE
X000139108,2026-01-31 03:58:52,C001146,A0001146,M00249,T00554,South,South,47.26,USD,card_present,chip_pin,approved,APPROVE
X000028770,2026-01-31 03:58:56,C000247,A0000247,M00715,T00083,Midwest,Midwest,18.4,USD,ecommerce,chip_pin,approved,APPROVE
X000027200,2026-01-31 04:01:10,C000234,A0000234,M00245,T00626,West,West,197.4,USD,ecommerce,chip_pin,approved,APPROVE
X000051072,2026-01-31 04:02:37,C000429,A0000429,M00701,T00494,West,West,46.81,USD,card_present,chip_pin,approved,APPROVE
X000218079,2026-01-31 04:02:49,C001781,A0001781,M00695,T00010,Midwest,Midwest,141.22,USD,card_present,chip_pin,approved,APPROVE
X000050860,2026-01-31 04:03:01,C000427,A0000427,M00443,T00564,South,South,143.11,USD,card_present,chip_pin,approved,APPROVE
X000114939,2026-01-31 04:03:26,C000956,A0000956,M00566,T00310,West,West,174.6,USD,mobile_wallet,wallet_biometric,approved,APPROVE
X000223197,2026-01-31 04:03:47,C001819,A0001819,M00600,T00407,South,South,54.22,USD,ecommerce,chip_pin,soft_decline,CHALLENGE
X000145789,2026-01-31 04:04:04,C001201,A0001201,M00231,T00811,South,South,50.24,USD,card_present,magstripe,approved,APPROVE
X000035891,2026-01-31 04:04:16,C000306,A0000306,M00550,T01034,West,West,150.23,USD,ecommerce,chip_pin,approved,APPROVE
X000209048,2026-01-31 04:04:45,C001705,A0001705,M00288,T01177,Northeast,Northeast,58.75,USD,card_present,chip_pin,approved,APPROVE
X000050082,2026-01-31 04:05:39,C000419,A0000419,M00139,T00632,Northeast,Northeast,75.33,USD,ecommerce,wallet_biometric,approved,APPROVE
X000185470,2026-01-31 04:05:58,C001525,A0001525,M00649,T00134,Midwest,Midwest,68.08,USD,card_present,chip_pin,approved,APPROVE
X000182767,2026-01-31 04:06:13,C001503,A0001503,M00599,T00736,Midwest,West,187.17,USD,card_present,chip_pin,approved,APPROVE
X000036206,2026-01-31 04:06:46,C000309,A0000309,M00055,T01044,South,South,62.17,USD,card_present,wallet_biometric,approved,APPROVE
X000116684,2026-01-31 04:07:07,C000968,A0000968,M00549,T00456,South,South,19.04,USD,ecommerce,3ds,approved,APPROVE
X000033546,2026-01-31 04:07:15,C000285,A0000285,M00052,T00013,South,South,61.05,USD,card_present,wallet_biometric,approved,APPROVE
X000077382,2026-01-31 04:08:04,C000651,A0000651,M00135,T00646,Midwest,Midwest,23.96,USD,card_present,wallet_biometric,approved,APPROVE
X000239155,2026-01-31 04:08:41,C001951,A0001951,M00557,T00649,Midwest,Midwest,44.42,USD,card_present,chip_pin,approved,APPROVE
X000232667,2026-01-31 04:08:43,C001897,A0001897,M00108,T00481,Midwest,Midwest,94.33,USD,ecommerce,chip_pin,approved,APPROVE
X000219837,2026-01-31 04:09:05,C001796,A0001796,M00478,T00667,Midwest,Midwest,19.45,USD,card_present,chip_pin,approved,APPROVE
X000200570,2026-01-31 04:09:07,C001643,A0001643,M00192,T00126,South,South,95.45,USD,mobile_wallet,chip_pin,approved,APPROVE
X000114319,2026-01-31 04:09:28,C000951,A0000951,M00687,T01115,Midwest,Midwest,112.03,USD,ecommerce,wallet_biometric,approved,APPROVE
X000173091,2026-01-31 04:09:35,C001428,A0001428,M00046,T00132,Northeast,Northeast,99.37,USD,card_present,chip_pin,approved,APPROVE
X000096795,2026-01-31 04:09:40,C000810,A0000810,M00750,T01142,South,South,185.37,USD,mobile_wallet,magstripe,approved,APPROVE
X000209365,2026-01-31 04:09:53,C001709,A0001709,M00341,T00572,Midwest,Midwest,93.7,USD,card_present,chip_pin,approved,APPROVE
X000164978,2026-01-31 04:09:58,C001361,A0001361,M00387,T00932,Northeast,Northeast,39.98,USD,ecommerce,chip_pin,approved,APPROVE
X000037178,2026-01-31 04:10:27,C000318,A0000318,M00718,T00580,Northeast,South,171.38,USD,mobile_wallet,magstripe,approved,APPROVE
X000100949,2026-01-31 04:10:43,C000850,A0000850,M00366,T00195,Northeast,Northeast,164.25,USD,ecommerce,3ds,approved,APPROVE
X000159073,2026-01-31 04:10:44,C001309,A0001309,M00486,T00218,South,South,55.7,USD,ecommerce,chip_pin,approved,APPROVE
X000196677,2026-01-31 04:11:05,C001615,A0001615,M00219,T00102,Northeast,Northeast,113.51,USD,card_present,3ds,approved,APPROVE
X000231076,2026-01-31 04:11:13,C001885,A0001885,M00244,T00277,South,South,29.02,USD,card_present,chip_pin,approved,APPROVE
X000051135,2026-01-31 04:11:18,C000430,A0000430,M00295,T00425,South,South,34.43,USD,card_present,chip_pin,approved,APPROVE
X000239330,2026-01-31 04:11:34,C001952,A0001952,M00655,T00487,Midwest,Midwest,105.09,USD,card_present,chip_pin,approved,APPROVE
X000011135,2026-01-31 04:11:56,C000100,A0000100,M00697,T00612,West,West,74.03,USD,card_present,3ds,approved,APPROVE
X000015796,2026-01-31 04:12:00,C000134,A0000134,M00168,T00020,Northeast,Northeast,32.53,USD,ecommerce,chip_pin,approved,APPROVE
X000157212,2026-01-31 04:12:04,C001293,A0001293,M00406,T00668,South,South,52.77,USD,ecommerce,chip_pin,approved,APPROVE
X000159405,2026-01-31 04:12:16,C001313,A0001313,M00720,T00705,Northeast,Northeast,94.2,USD,ecommerce,wallet_biometric,approved,APPROVE
X000210639,2026-01-31 04:13:06,C001717,A0001717,M00318,T00746,Midwest,Midwest,206.65,USD,mobile_wallet,chip_pin,approved,APPROVE
X000136915,2026-01-31 04:13:39,C001126,A0001126,M00090,T00822,South,South,94.75,USD,ecommerce,chip_pin,approved,APPROVE
X000096796,2026-01-31 04:14:31,C000810,A0000810,M00327,T00251,South,South,70.61,USD,card_present,chip_pin,approved,APPROVE
X000008137,2026-01-31 04:14:58,C000074,A0000074,M00005,T01091,South,South,41.46,USD,ecommerce,chip_pin,approved,APPROVE
X000091330,2026-01-31 04:15:16,C000766,A0000766,M00642,T00253,Midwest,Midwest,48.82,USD,card_present,chip_pin,approved,APPROVE
X000040081,2026-01-31 04:15:23,C000340,A0000340,M00565,T01035,Midwest,Midwest,89.71,USD,mobile_wallet,chip_pin,approved,APPROVE
X000238621,2026-01-31 04:15:25,C001947,A0001947,M00556,T00223,South,South,277.51,USD,card_present,magstripe,approved,APPROVE
X000224205,2026-01-31 04:15:34,C001830,A0001830,M00129,T00930,West,West,25.06,USD,card_present,magstripe,approved,APPROVE
X000003303,2026-01-31 04:15:49,C000029,A0000029,M00044,T01081,Northeast,Northeast,19.45,USD,mobile_wallet,chip_pin,approved,APPROVE
X000025220,2026-01-31 04:16:01,C000214,A0000214,M00248,T00017,South,South,33.83,USD,card_present,magstripe,approved,APPROVE
X000048015,2026-01-31 04:16:05,C000404,A0000404,M00017,T00257,Midwest,Midwest,368.55,USD,card_present,chip_pin,approved,APPROVE
X000072663,2026-01-31 04:16:30,C000614,A0000614,M00507,T00639,South,South,570.92,USD,card_present,chip_pin,approved,APPROVE
X000068060,2026-01-31 04:16:53,C000577,A0000577,M00048,T00107,Northeast,Northeast,289.85,USD,mobile_wallet,chip_pin,approved,APPROVE
X000106670,2026-01-31 04:17:06,C000894,A0000894,M00005,T00817,South,South,388.52,USD,card_present,wallet_biometric,approved,APPROVE
X000021797,2026-01-31 04:17:09,C000188,A0000188,M00669,T00703,South,South,112.18,USD,ecommerce,chip_pin,approved,APPROVE
X000212898,2026-01-31 04:17:20,C001738,A0001738,M00074,T01036,South,South,18.85,USD,card_present,wallet_biometric,approved,APPROVE
X000151389,2026-01-31 04:17:22,C001243,A0001243,M00563,T00173,Midwest,Midwest,18.26,USD,ecommerce,chip_pin,approved,APPROVE
X000007535,2026-01-31 04:18:17,C000069,A0000069,M00610,T00995,Midwest,Midwest,69.16,USD,ecommerce,3ds,approved,APPROVE
X000030485,2026-01-31 04:18:28,C000260,A0000260,M00353,T00378,Midwest,Midwest,206.48,USD,card_present,magstripe,approved,APPROVE
X000181650,2026-01-31 04:18:46,C001494,A0001494,M00326,T01151,Northeast,Northeast,31.17,USD,card_present,chip_pin,approved,APPROVE
X000048569,2026-01-31 04:19:02,C000407,A0000407,M00191,T00591,Midwest,Midwest,36.79,USD,card_present,3ds,approved,APPROVE
X000032467,2026-01-31 04:19:13,C000275,A0000275,M00130,T01074,South,South,70.66,USD,ecommerce,wallet_biometric,approved,APPROVE
X000024036,2026-01-31 04:19:50,C000203,A0000203,M00567,T01019,Northeast,Northeast,157.24,USD,ecommerce,wallet_biometric,approved,APPROVE
X000209187,2026-01-31 04:19:58,C001707,A0001707,M00754,T00696,West,West,73.31,USD,ecommerce,wallet_biometric,approved,APPROVE
X000192564,2026-01-31 04:20:22,C001581,A0001581,M00100,T00272,Northeast,Northeast,63.26,USD,card_present,magstripe,approved,APPROVE
X000228428,2026-01-31 04:20:32,C001860,A0001860,M00366,T00709,Northeast,Northeast,61.26,USD,ecommerce,3ds,approved,APPROVE
X000112607,2026-01-31 04:21:21,C000942,A0000942,M00068,T00683,Northeast,Northeast,122.4,USD,card_present,chip_pin,approved,APPROVE
X000101199,2026-01-31 04:22:13,C000851,A0000851,M00066,T00171,West,West,206.57,USD,card_present,3ds,approved,APPROVE
X000128376,2026-01-31 04:22:16,C001056,A0001056,M00203,T00558,Northeast,Northeast,45.88,USD,ecommerce,chip_pin,approved,APPROVE
X000088867,2026-01-31 04:22:20,C000745,A0000745,M00690,T00363,Northeast,Northeast,471.73,USD,mobile_wallet,3ds,approved,APPROVE
X000148636,2026-01-31 04:22:26,C001225,A0001225,M00507,T00488,South,South,144.96,USD,card_present,chip_pin,approved,APPROVE
X000053984,2026-01-31 04:22:41,C000457,A0000457,M00416,T01140,West,West,81.08,USD,card_present,3ds,approved,APPROVE
X000104781,2026-01-31 04:22:49,C000882,A0000882,M00533,T00261,Northeast,Northeast,29.93,USD,card_present,wallet_biometric,approved,APPROVE
X000180054,2026-01-31 04:22:53,C001480,A0001480,M00393,T00751,Northeast,Northeast,154.95,USD,ecommerce,chip_pin,approved,APPROVE
X000164559,2026-01-31 04:23:01,C001356,A0001356,M00023,T00495,Midwest,Midwest,117.98,USD,mobile_wallet,3ds,approved,APPROVE
X000189144,2026-01-31 04:23:25,C001554,A0001554,M00222,T00844,South,South,19.76,USD,card_present,3ds,approved,APPROVE
X000091767,2026-01-31 04:23:40,C000769,A0000769,M00077,T00530,South,South,297.16,USD,mobile_wallet,3ds,approved,APPROVE
X000206748,2026-01-31 04:23:42,C001687,A0001687,M00745,T00823,Northeast,Northeast,190.94,USD,ecommerce,3ds,approved,APPROVE
X000222892,2026-01-31 04:23:54,C001816,A0001816,M00561,T00399,West,Midwest,62.28,USD,card_present,3ds,approved,APPROVE
X000050359,2026-01-31 04:23:55,C000422,A0000422,M00084,T00910,Midwest,Midwest,46.38,USD,card_present,chip_pin,approved,APPROVE
X000146113,2026-01-31 04:24:07,C001205,A0001205,M00330,T01113,West,West,100.14,USD,mobile_wallet,chip_pin,approved,APPROVE
X000161081,2026-01-31 04:24:07,C001330,A0001330,M00148,T01086,Midwest,Midwest,42.16,USD,ecommerce,magstripe,approved,APPROVE
X000121396,2026-01-31 04:24:13,C001008,A0001008,M00529,T00187,Midwest,Midwest,659.97,USD,ecommerce,chip_pin,approved,APPROVE
X000019980,2026-01-31 04:24:28,C000173,A0000173,M00359,T00984,Midwest,Midwest,74.09,USD,card_present,wallet_biometric,approved,APPROVE
X000112516,2026-01-31 04:25:09,C000941,A0000941,M00580,T00415,South,South,42.75,USD,card_present,wallet_biometric,approved,APPROVE
X000031582,2026-01-31 04:25:21,C000267,A0000267,M00050,T01119,Midwest,Midwest,194.33,USD,ecommerce,magstripe,approved,APPROVE
X000015125,2026-01-31 04:25:58,C000128,A0000128,M00253,T00291,South,South,187.73,USD,card_present,3ds,approved,APPROVE
X000120364,2026-01-31 04:26:17,C001000,A0001000,M00613,T00852,South,South,44.54,USD,ecommerce,3ds,approved,APPROVE
X000209825,2026-01-31 04:26:22,C001712,A0001712,M00173,T01167,South,South,367.24,USD,card_present,3ds,approved,APPROVE
X000225257,2026-01-31 04:27:28,C001836,A0001836,M00613,T00638,South,South,62.71,USD,card_present,chip_pin,approved,APPROVE
X000139396,2026-01-31 04:27:51,C001149,A0001149,M00610,T00995,Midwest,Midwest,65.97,USD,ecommerce,chip_pin,approved,APPROVE
X000096040,2026-01-31 04:28:22,C000802,A0000802,M00739,T00701,South,South,47.19,USD,card_present,wallet_biometric,approved,APPROVE
X000155420,2026-01-31 04:29:28,C001280,A0001280,M00619,T00624,West,West,246.45,USD,card_present,3ds,approved,APPROVE
X000093103,2026-01-31 04:29:32,C000780,A0000780,M00009,T00774,South,South,112.22,USD,card_present,3ds,approved,APPROVE
X000061520,2026-01-31 04:30:56,C000525,A0000525,M00683,T00986,Midwest,Midwest,48.63,USD,ecommerce,magstripe,approved,APPROVE
X000023918,2026-01-31 04:31:00,C000202,A0000202,M00592,T00719,South,South,45.62,USD,card_present,3ds,approved,APPROVE
X000050971,2026-01-31 04:31:30,C000428,A0000428,M00207,T00387,West,West,26.87,USD,ecommerce,chip_pin,approved,APPROVE
X000212010,2026-01-31 04:31:58,C001729,A0001729,M00766,T00445,West,West,4.86,USD,card_present,magstripe,approved,APPROVE
X000089788,2026-01-31 04:32:48,C000750,A0000750,M00424,T01128,Midwest,Midwest,333.58,USD,card_present,3ds,approved,APPROVE
X000186069,2026-01-31 04:32:51,C001529,A0001529,M00631,T00542,West,West,168.34,USD,card_present,magstripe,approved,APPROVE
X000222545,2026-01-31 04:32:54,C001813,A0001813,M00135,T00646,Midwest,Midwest,92.58,USD,card_present,wallet_biometric,approved,APPROVE
X000202085,2026-01-31 04:32:59,C001653,A0001653,M00355,T00032,Midwest,Midwest,41.75,USD,ecommerce,wallet_biometric,approved,APPROVE
X000031976,2026-01-31 04:33:08,C000271,A0000271,M00131,T00706,West,West,106.52,USD,ecommerce,wallet_biometric,approved,APPROVE
X000237419,2026-01-31 04:33:11,C001936,A0001936,M00516,T00435,Northeast,Northeast,29.51,USD,card_present,chip_pin,approved,APPROVE
X000190684,2026-01-31 04:34:52,C001566,A0001566,M00147,T00338,South,South,41.4,USD,ecommerce,wallet_biometric,approved,APPROVE
X000031352,2026-01-31 04:34:53,C000265,A0000265,M00782,T00669,Midwest,Midwest,58.83,USD,card_present,3ds,approved,APPROVE
X000161769,2026-01-31 04:34:53,C001334,A0001334,M00503,T00131,West,West,61.29,USD,card_present,magstripe,approved,APPROVE
X000238622,2026-01-31 04:35:24,C001947,A0001947,M00119,T00895,South,South,138.4,USD,mobile_wallet,magstripe,soft_decline,CHALLENGE
X000171800,2026-01-31 04:36:29,C001417,A0001417,M00789,T00268,South,Midwest,52.78,USD,card_present,chip_pin,approved,APPROVE
X000150609,2026-01-31 04:36:42,C001239,A0001239,M00170,T01059,Midwest,Midwest,53.3,USD,mobile_wallet,3ds,approved,APPROVE
X000241392,2026-01-31 04:36:45,C001970,A0001970,M00228,T00522,Northeast,Northeast,72.88,USD,ecommerce,wallet_biometric,approved,APPROVE
X000075702,2026-01-31 04:37:11,C000636,A0000636,M00195,T00595,South,South,15.07,USD,card_present,chip_pin,approved,APPROVE
X000163325,2026-01-31 04:37:29,C001347,A0001347,M00181,T00177,South,South,28.41,USD,card_present,3ds,approved,APPROVE
X000118953,2026-01-31 04:37:44,C000985,A0000985,M00750,T01142,South,South,74.52,USD,ecommerce,3ds,approved,APPROVE
X000108313,2026-01-31 04:38:14,C000907,A0000907,M00137,T00707,Midwest,Midwest,14.12,USD,card_present,3ds,approved,APPROVE
X000142770,2026-01-31 04:38:20,C001176,A0001176,M00517,T00531,Midwest,Midwest,95.05,USD,ecommerce,3ds,approved,APPROVE
X000221063,2026-01-31 04:38:42,C001802,A0001802,M00203,T00558,Northeast,Northeast,67.88,USD,ecommerce,chip_pin,approved,APPROVE
X000006631,2026-01-31 04:39:42,C000059,A0000059,M00002,T00850,Northeast,Northeast,28.24,USD,card_present,chip_pin,approved,APPROVE
X000090631,2026-01-31 04:40:20,C000759,A0000759,M00618,T00042,Northeast,Northeast,41.72,USD,card_present,3ds,approved,APPROVE
X000125965,2026-01-31 04:40:56,C001038,A0001038,M00448,T00142,Midwest,Midwest,40.96,USD,card_present,chip_pin,approved,APPROVE
X000026553,2026-01-31 04:41:03,C000228,A0000228,M00645,T00155,South,South,11.33,USD,mobile_wallet,chip_pin,approved,APPROVE
X000166129,2026-01-31 04:41:04,C001370,A0001370,M00191,T01127,Midwest,Midwest,69.77,USD,card_present,chip_pin,approved,APPROVE
X000054255,2026-01-31 04:41:32,C000460,A0000460,M00320,T00150,West,West,86.55,USD,card_present,3ds,approved,APPROVE
X000087612,2026-01-31 04:41:33,C000735,A0000735,M00556,T00223,South,South,179.57,USD,mobile_wallet,magstripe,approved,APPROVE
X000200443,2026-01-31 04:42:12,C001642,A0001642,M00151,T00462,Midwest,Midwest,45.95,USD,card_present,chip_pin,approved,APPROVE
X000009694,2026-01-31 04:42:48,C000088,A0000088,M00038,T00321,South,South,28.94,USD,card_present,chip_pin,approved,APPROVE
X000130599,2026-01-31 04:44:09,C001074,A0001074,M00151,T00462,Northeast,Midwest,47.38,USD,card_present,chip_pin,approved,APPROVE
X000155896,2026-01-31 04:44:10,C001283,A0001283,M00148,T01086,Midwest,Midwest,226.39,USD,mobile_wallet,chip_pin,approved,APPROVE
X000137742,2026-01-31 04:44:20,C001132,A0001132,M00709,T01049,Northeast,Northeast,17.28,USD,mobile_wallet,3ds,approved,APPROVE
X000059926,2026-01-31 04:44:52,C000510,A0000510,M00542,T01166,South,South,31.27,USD,card_present,chip_pin,approved,APPROVE
X000036307,2026-01-31 04:44:59,C000310,A0000310,M00552,T00463,Northeast,Northeast,22.77,USD,card_present,3ds,approved,APPROVE
X000200444,2026-01-31 04:45:55,C001642,A0001642,M00438,T00385,Midwest,Midwest,24.11,USD,card_present,3ds,approved,APPROVE
X000068863,2026-01-31 04:46:02,C000585,A0000585,M00365,T00733,South,South,20.11,USD,card_present,chip_pin,approved,APPROVE
X000024655,2026-01-31 04:46:09,C000208,A0000208,M00441,T01043,West,West,67.95,USD,card_present,chip_pin,approved,APPROVE
X000064847,2026-01-31 04:46:10,C000550,A0000550,M00378,T01130,South,South,76.75,USD,ecommerce,chip_pin,soft_decline,CHALLENGE
X000216288,2026-01-31 04:46:30,C001767,A0001767,M00299,T00392,Northeast,Northeast,52.58,USD,card_present,chip_pin,approved,APPROVE
X000080289,2026-01-31 04:47:13,C000675,A0000675,M00535,T00606,South,West,74.41,USD,ecommerce,chip_pin,approved,APPROVE
X000217109,2026-01-31 04:47:14,C001773,A0001773,M00183,T01168,South,South,648.84,USD,card_present,chip_pin,approved,APPROVE
X000204341,2026-01-31 04:47:20,C001668,A0001668,M00495,T00909,Midwest,Midwest,240.76,USD,card_present,3ds,approved,APPROVE
X000176768,2026-01-31 04:47:36,C001457,A0001457,M00435,T00513,Midwest,Midwest,35.21,USD,mobile_wallet,3ds,approved,APPROVE
X000024312,2026-01-31 04:47:47,C000205,A0000205,M00004,T00199,South,Northeast,13.77,USD,card_present,chip_pin,approved,APPROVE
X000028601,2026-01-31 04:48:08,C000246,A0000246,M00703,T00135,Midwest,Midwest,132.81,USD,card_present,chip_pin,approved,APPROVE
X000170919,2026-01-31 04:48:18,C001409,A0001409,M00154,T00860,South,South,46.83,USD,card_present,chip_pin,approved,APPROVE
X000232668,2026-01-31 04:48:36,C001897,A0001897,M00285,T00604,Midwest,Midwest,25.58,USD,card_present,chip_pin,approved,APPROVE
X000071144,2026-01-31 04:49:05,C000604,A0000604,M00743,T00220,South,South,333.76,USD,card_present,chip_pin,approved,APPROVE
X000019130,2026-01-31 04:49:13,C000165,A0000165,M00399,T00276,West,West,34.41,USD,card_present,3ds,approved,APPROVE
X000117797,2026-01-31 04:49:50,C000976,A0000976,M00397,T00349,Midwest,Midwest,269.54,USD,ecommerce,chip_pin,approved,APPROVE
X000170084,2026-01-31 04:49:52,C001402,A0001402,M00359,T00592,Midwest,Midwest,160.69,USD,card_present,wallet_biometric,approved,APPROVE
X000216514,2026-01-31 04:49:59,C001770,A0001770,M00433,T01191,Midwest,Midwest,102.55,USD,mobile_wallet,3ds,approved,APPROVE
X000057536,2026-01-31 04:50:04,C000487,A0000487,M00227,T00504,Midwest,Midwest,99.23,USD,card_present,chip_pin,approved,APPROVE
X000081500,2026-01-31 04:51:10,C000682,A0000682,M00018,T00234,South,South,129.75,USD,card_present,chip_pin,approved,APPROVE
X000238046,2026-01-31 04:51:10,C001942,A0001942,M00392,T00577,Midwest,Midwest,149.99,USD,card_present,chip_pin,approved,APPROVE
X000185657,2026-01-31 04:51:14,C001526,A0001526,M00676,T00051,Midwest,Midwest,48.05,USD,mobile_wallet,chip_pin,approved,APPROVE
X000162743,2026-01-31 04:51:22,C001343,A0001343,M00219,T00193,Northeast,Northeast,88.21,USD,card_present,3ds,approved,APPROVE
X000015797,2026-01-31 04:51:39,C000134,A0000134,M00682,T00951,Northeast,Northeast,23.87,USD,mobile_wallet,3ds,approved,APPROVE
X000244285,2026-01-31 04:51:51,C001991,A0001991,M00560,T00868,West,West,80.36,USD,card_present,chip_pin,approved,APPROVE
X000228271,2026-01-31 04:52:22,C001859,A0001859,M00433,T00174,Midwest,Midwest,305.14,USD,ecommerce,magstripe,approved,APPROVE
X000071532,2026-01-31 04:52:39,C000607,A0000607,M00321,T01046,West,Midwest,239.07,USD,mobile_wallet,chip_pin,approved,APPROVE
X000072439,2026-01-31 04:53:08,C000612,A0000612,M00302,T00325,Northeast,Northeast,125.83,USD,mobile_wallet,chip_pin,approved,APPROVE
X000013655,2026-01-31 04:53:43,C000116,A0000116,M00504,T00422,Northeast,Northeast,195.12,USD,card_present,3ds,approved,APPROVE
X000059393,2026-01-31 04:54:05,C000505,A0000505,M00521,T00168,Northeast,Northeast,72.04,USD,mobile_wallet,chip_pin,approved,APPROVE
X000174463,2026-01-31 04:54:26,C001437,A0001437,M00289,T00362,South,South,39.35,USD,card_present,3ds,approved,APPROVE
X000018603,2026-01-31 04:54:31,C000159,A0000159,M00171,T00754,Northeast,Northeast,45.97,USD,mobile_wallet,chip_pin,approved,APPROVE
X000212785,2026-01-31 04:54:38,C001737,A0001737,M00635,T00849,Midwest,Midwest,89.05,USD,card_present,wallet_biometric,approved,APPROVE
X000048260,2026-01-31 04:56:23,C000405,A0000405,M00042,T00546,Northeast,Northeast,91.71,USD,card_present,chip_pin,approved,APPROVE
X000186070,2026-01-31 04:56:29,C001529,A0001529,M00193,T01056,West,West,141.57,USD,mobile_wallet,magstripe,approved,APPROVE
X000100102,2026-01-31 04:56:39,C000843,A0000843,M00204,T00165,Midwest,Midwest,57.82,USD,card_present,magstripe,approved,APPROVE
X000036380,2026-01-31 04:57:38,C000311,A0000311,M00251,T00069,South,West,56.73,USD,card_present,chip_pin,approved,APPROVE
X000091331,2026-01-31 04:57:45,C000766,A0000766,M00640,T00333,Midwest,Midwest,65.3,USD,card_present,wallet_biometric,approved,APPROVE
X000215719,2026-01-31 04:57:56,C001762,A0001762,M00720,T00311,Northeast,Northeast,18.73,USD,card_present,chip_pin,approved,APPROVE
X000217321,2026-01-31 04:58:09,C001774,A0001774,M00168,T00944,Northeast,Northeast,45.65,USD,ecommerce,magstripe,approved,APPROVE
X000046928,2026-01-31 04:59:15,C000394,A0000394,M00754,T00696,West,West,34.8,USD,card_present,wallet_biometric,approved,APPROVE
X000020119,2026-01-31 04:59:17,C000174,A0000174,M00684,T01008,West,West,35.72,USD,card_present,3ds,approved,APPROVE
X000001638,2026-01-31 04:59:22,C000015,A0000015,M00784,T00354,South,South,244.89,USD,card_present,wallet_biometric,approved,APPROVE
X000137817,2026-01-31 04:59:57,C001133,A0001133,M00094,T00206,South,South,30.69,USD,card_present,wallet_biometric,approved,APPROVE
X000037526,2026-01-31 05:00:09,C000320,A0000320,M00652,T00786,South,West,261.58,USD,card_present,3ds,approved,APPROVE
X000142217,2026-01-31 05:00:34,C001172,A0001172,M00425,T00883,West,West,83.87,USD,card_present,3ds,approved,APPROVE
X000055225,2026-01-31 05:00:38,C000467,A0000467,M00532,T00040,West,West,75.03,USD,card_present,chip_pin,approved,APPROVE
X000101822,2026-01-31 05:00:42,C000857,A0000857,M00118,T01000,West,West,106.79,USD,mobile_wallet,wallet_biometric,approved,APPROVE
X000090632,2026-01-31 05:00:56,C000759,A0000759,M00618,T00042,Northeast,Northeast,38.23,USD,ecommerce,chip_pin,approved,APPROVE
X000015306,2026-01-31 05:01:01,C000130,A0000130,M00131,T00706,West,West,15.09,USD,card_present,wallet_biometric,approved,APPROVE
X000073969,2026-01-31 05:01:16,C000625,A0000625,M00368,T00442,West,West,51.88,USD,card_present,chip_pin,approved,APPROVE
X000075703,2026-01-31 05:01:35,C000636,A0000636,M00778,T01132,South,South,43.98,USD,ecommerce,chip_pin,approved,APPROVE
X000075917,2026-01-31 05:01:45,C000638,A0000638,M00144,T00521,West,West,21.4,USD,card_present,chip_pin,approved,APPROVE
X000193927,2026-01-31 05:01:53,C001594,A0001594,M00366,T00195,Northeast,Northeast,39.85,USD,card_present,3ds,approved,APPROVE
X000012560,2026-01-31 05:02:21,C000109,A0000109,M00730,T01027,West,West,80.88,USD,card_present,3ds,approved,APPROVE
X000046764,2026-01-31 05:02:30,C000393,A0000393,M00647,T01037,West,West,414.26,USD,card_present,3ds,approved,APPROVE
X000180499,2026-01-31 05:03:16,C001483,A0001483,M00481,T00116,Northeast,Northeast,1038.01,USD,mobile_wallet,3ds,approved,APPROVE
X000146224,2026-01-31 05:03:32,C001206,A0001206,M00298,T00941,Northeast,Northeast,38.43,USD,ecommerce,chip_pin,approved,APPROVE
X000157213,2026-01-31 05:05:01,C001293,A0001293,M00406,T00668,South,South,118.28,USD,card_present,3ds,approved,APPROVE
X000187606,2026-01-31 05:05:07,C001542,A0001542,M00266,T00421,Northeast,Northeast,72.49,USD,card_present,chip_pin,approved,APPROVE
X000223334,2026-01-31 05:05:32,C001820,A0001820,M00319,T00631,West,West,117.5,USD,ecommerce,3ds,approved,APPROVE
X000112751,2026-01-31 05:06:10,C000943,A0000943,M00184,T01155,South,South,238.5,USD,ecommerce,wallet_biometric,approved,APPROVE
X000187234,2026-01-31 05:06:19,C001540,A0001540,M00514,T01089,West,West,38.79,USD,card_present,chip_pin,approved,APPROVE
X000216798,2026-01-31 05:06:43,C001772,A0001772,M00698,T00693,West,West,73.48,USD,ecommerce,chip_pin,approved,APPROVE
X000099125,2026-01-31 05:07:01,C000831,A0000831,M00608,T00219,South,South,23.4,USD,ecommerce,3ds,approved,APPROVE
X000074565,2026-01-31 05:07:06,C000629,A0000629,M00391,T01061,Northeast,Northeast,212.48,USD,card_present,wallet_biometric,approved,APPROVE
X000193928,2026-01-31 05:07:42,C001594,A0001594,M00159,T00555,Northeast,Northeast,61.96,USD,card_present,wallet_biometric,approved,APPROVE
X000098786,2026-01-31 05:08:10,C000828,A0000828,M00401,T01080,South,South,113.9,USD,card_present,wallet_biometric,approved,APPROVE
X000134774,2026-01-31 05:08:18,C001106,A0001106,M00122,T00125,South,South,19.28,USD,card_present,wallet_biometric,approved,APPROVE
X000194330,2026-01-31 05:08:24,C001597,A0001597,M00387,T00932,Northeast,Northeast,59.66,USD,card_present,wallet_biometric,approved,APPROVE
X000025115,2026-01-31 05:08:57,C000213,A0000213,M00476,T00071,Midwest,Midwest,43.31,USD,card_present,chip_pin,approved,APPROVE
X000130684,2026-01-31 05:09:02,C001075,A0001075,M00171,T00523,Northeast,Northeast,26.71,USD,card_present,wallet_biometric,approved,APPROVE
X000102101,2026-01-31 05:09:11,C000859,A0000859,M00052,T00013,South,South,268.28,USD,card_present,3ds,approved,APPROVE
X000112752,2026-01-31 05:09:59,C000943,A0000943,M00434,T00133,South,South,546.29,USD,card_present,chip_pin,approved,APPROVE
X000066407,2026-01-31 05:10:32,C000563,A0000563,M00259,T00535,Northeast,Northeast,21.57,USD,ecommerce,magstripe,approved,APPROVE
X000124892,2026-01-31 05:10:34,C001031,A0001031,M00706,T00856,Northeast,Northeast,24.66,USD,ecommerce,3ds,approved,APPROVE
X000137178,2026-01-31 05:11:00,C001127,A0001127,M00560,T00180,West,West,310.44,USD,card_present,wallet_biometric,approved,APPROVE
X000095243,2026-01-31 05:11:32,C000795,A0000795,M00297,T00721,Northeast,Northeast,45.6,USD,ecommerce,3ds,approved,APPROVE
X000029148,2026-01-31 05:11:37,C000251,A0000251,M00712,T00064,South,South,23.97,USD,ecommerce,3ds,approved,APPROVE
X000233494,2026-01-31 05:11:54,C001903,A0001903,M00125,T00855,West,West,23.83,USD,card_present,chip_pin,approved,APPROVE
X000069155,2026-01-31 05:12:12,C000588,A0000588,M00323,T01185,South,South,18.83,USD,card_present,3ds,approved,APPROVE
X000149693,2026-01-31 05:12:37,C001232,A0001232,M00533,T00261,Northeast,Northeast,34.77,USD,mobile_wallet,chip_pin,approved,APPROVE
X000110379,2026-01-31 05:12:44,C000922,A0000922,M00231,T00176,South,South,187.19,USD,mobile_wallet,chip_pin,approved,APPROVE
X000045903,2026-01-31 05:13:38,C000384,A0000384,M00359,T00984,Midwest,Midwest,98.26,USD,card_present,chip_pin,approved,APPROVE
X000073359,2026-01-31 05:13:59,C000620,A0000620,M00285,T00604,Midwest,Midwest,29.28,USD,card_present,wallet_biometric,approved,APPROVE
X000138022,2026-01-31 05:14:04,C001135,A0001135,M00170,T01059,Midwest,Midwest,6.72,USD,card_present,3ds,approved,APPROVE
X000193710,2026-01-31 05:14:09,C001592,A0001592,M00712,T00064,South,South,223.22,USD,ecommerce,magstripe,approved,APPROVE
X000104575,2026-01-31 05:14:16,C000880,A0000880,M00183,T00617,South,South,64.67,USD,ecommerce,chip_pin,approved,APPROVE
X000019583,2026-01-31 05:14:55,C000169,A0000169,M00700,T00679,Northeast,Northeast,30.82,USD,mobile_wallet,chip_pin,approved,APPROVE
X000158979,2026-01-31 05:15:37,C001308,A0001308,M00295,T00163,South,South,81.37,USD,card_present,chip_pin,approved,APPROVE
X000172758,2026-01-31 05:15:42,C001425,A0001425,M00233,T00645,West,West,11.68,USD,card_present,chip_pin,approved,APPROVE
X000173092,2026-01-31 05:15:57,C001428,A0001428,M00731,T00584,Northeast,Northeast,205.32,USD,ecommerce,3ds,approved,APPROVE
X000170519,2026-01-31 05:16:17,C001405,A0001405,M00604,T01180,Northeast,Northeast,51.72,USD,ecommerce,chip_pin,approved,APPROVE
X000132407,2026-01-31 05:16:22,C001091,A0001091,M00022,T00830,South,South,7.29,USD,card_present,3ds,approved,APPROVE
X000194689,2026-01-31 05:16:27,C001601,A0001601,M00231,T00176,South,South,149.4,USD,mobile_wallet,chip_pin,approved,APPROVE
X000094094,2026-01-31 05:16:38,C000788,A0000788,M00402,T00179,South,South,173.2,USD,card_present,magstripe,approved,APPROVE
X000032468,2026-01-31 05:17:12,C000275,A0000275,M00110,T00096,South,South,83.13,USD,mobile_wallet,magstripe,approved,APPROVE
X000070488,2026-01-31 05:17:33,C000598,A0000598,M00094,T01093,South,South,95.31,USD,card_present,wallet_biometric,approved,APPROVE
X000164261,2026-01-31 05:17:37,C001354,A0001354,M00399,T00276,West,West,233.04,USD,ecommerce,3ds,approved,APPROVE
X000163743,2026-01-31 05:17:54,C001349,A0001349,M00249,T00554,South,South,189.59,USD,mobile_wallet,chip_pin,approved,APPROVE
X000037366,2026-01-31 05:17:56,C000319,A0000319,M00184,T00927,South,South,77.59,USD,ecommerce,chip_pin,approved,APPROVE
X000181836,2026-01-31 05:18:06,C001496,A0001496,M00621,T00383,West,West,41.7,USD,ecommerce,chip_pin,approved,APPROVE
X000110380,2026-01-31 05:18:14,C000922,A0000922,M00184,T00058,South,South,531.81,USD,card_present,chip_pin,approved,APPROVE
X000056486,2026-01-31 05:18:37,C000477,A0000477,M00377,T00901,Midwest,Midwest,18.14,USD,mobile_wallet,wallet_biometric,approved,APPROVE
X000129869,2026-01-31 05:18:45,C001067,A0001067,M00414,T00189,Midwest,Midwest,230.78,USD,card_present,chip_pin,approved,APPROVE
X000088868,2026-01-31 05:19:14,C000745,A0000745,M00459,T00204,Northeast,Northeast,179.75,USD,card_present,chip_pin,approved,APPROVE
X000106832,2026-01-31 05:19:16,C000895,A0000895,M00613,T00331,South,South,22.35,USD,ecommerce,chip_pin,approved,APPROVE
X000073564,2026-01-31 05:19:33,C000622,A0000622,M00494,T01189,West,West,51.13,USD,ecommerce,chip_pin,approved,APPROVE
X000113083,2026-01-31 05:19:58,C000944,A0000944,M00109,T00548,Northeast,Northeast,404.97,USD,card_present,chip_pin,approved,APPROVE
X000104576,2026-01-31 05:20:29,C000880,A0000880,M00487,T00270,South,South,82.85,USD,mobile_wallet,wallet_biometric,approved,APPROVE
X000066962,2026-01-31 05:20:47,C000568,A0000568,M00313,T00777,Northeast,Northeast,34.39,USD,card_present,wallet_biometric,approved,APPROVE
X000044672,2026-01-31 05:20:55,C000377,A0000377,M00712,T00650,South,South,101.65,USD,card_present,chip_pin,approved,APPROVE
X000137447,2026-01-31 05:21:00,C001129,A0001129,M00298,T00088,Northeast,Northeast,19.58,USD,card_present,magstripe,approved,APPROVE
X000028172,2026-01-31 05:22:08,C000243,A0000243,M00699,T00248,Midwest,Midwest,147.67,USD,card_present,chip_pin,approved,APPROVE
X000018309,2026-01-31 05:22:18,C000156,A0000156,M00051,T00286,South,South,61.31,USD,card_present,3ds,approved,APPROVE
X000031856,2026-01-31 05:22:31,C000270,A0000270,M00012,T00789,West,West,30.75,USD,ecommerce,magstripe,approved,APPROVE
X000223065,2026-01-31 05:22:50,C001818,A0001818,M00695,T00845,Midwest,Midwest,49.91,USD,mobile_wallet,3ds,approved,APPROVE
X000058248,2026-01-31 05:23:23,C000494,A0000494,M00171,T00523,Northeast,Northeast,15.67,USD,card_present,chip_pin,approved,APPROVE
X000049077,2026-01-31 05:24:02,C000411,A0000411,M00193,T01056,West,West,62.29,USD,card_present,3ds,approved,APPROVE
X000228975,2026-01-31 05:24:03,C001865,A0001865,M00583,T00327,Midwest,Midwest,60.96,USD,card_present,3ds,approved,APPROVE
X000197020,2026-01-31 05:24:04,C001618,A0001618,M00351,T00802,West,West,129.41,USD,mobile_wallet,3ds,approved,APPROVE
X000121845,2026-01-31 05:24:09,C001011,A0001011,M00613,T00638,Midwest,South,119.69,USD,mobile_wallet,chip_pin,approved,APPROVE
X000131511,2026-01-31 05:24:27,C001082,A0001082,M00191,T00441,Midwest,Midwest,61.46,USD,mobile_wallet,wallet_biometric,approved,APPROVE
X000064222,2026-01-31 05:24:55,C000545,A0000545,M00447,T00749,South,South,67.02,USD,card_present,wallet_biometric,approved,APPROVE
X000161866,2026-01-31 05:25:14,C001335,A0001335,M00040,T00439,Northeast,Northeast,16.38,USD,card_present,3ds,approved,APPROVE
X000173702,2026-01-31 05:25:15,C001432,A0001432,M00633,T00292,West,West,35.55,USD,ecommerce,chip_pin,approved,APPROVE
X000194466,2026-01-31 05:25:17,C001598,A0001598,M00434,T00133,South,South,49.76,USD,ecommerce,chip_pin,approved,APPROVE
X000195578,2026-01-31 05:25:39,C001606,A0001606,M00442,T00553,West,West,162.68,USD,ecommerce,wallet_biometric,approved,APPROVE
X000234543,2026-01-31 05:26:04,C001913,A0001913,M00726,T00968,Northeast,Northeast,21.37,USD,card_present,wallet_biometric,approved,APPROVE
X000127966,2026-01-31 05:26:43,C001053,A0001053,M00301,T00666,South,South,44.28,USD,card_present,3ds,approved,APPROVE
X000051588,2026-01-31 05:26:55,C000436,A0000436,M00735,T00059,Midwest,Midwest,29.53,USD,ecommerce,chip_pin,approved,APPROVE
X000068864,2026-01-31 05:27:08,C000585,A0000585,M00787,T00660,South,South,18.92,USD,mobile_wallet,chip_pin,approved,APPROVE
X000033624,2026-01-31 05:27:56,C000286,A0000286,M00210,T01163,South,South,31.82,USD,card_present,wallet_biometric,approved,APPROVE
X000038650,2026-01-31 05:28:02,C000330,A0000330,M00130,T01074,South,South,21.72,USD,ecommerce,chip_pin,approved,APPROVE
X000183943,2026-01-31 05:28:41,C001515,A0001515,M00278,T01124,Northeast,Northeast,191.23,USD,card_present,wallet_biometric,approved,APPROVE
X000209548,2026-01-31 05:29:02,C001710,A0001710,M00264,T00659,Midwest,Midwest,35.87,USD,mobile_wallet,chip_pin,approved,APPROVE
X000029630,2026-01-31 05:29:06,C000254,A0000254,M00139,T00632,Northeast,Northeast,285.31,USD,ecommerce,wallet_biometric,approved,APPROVE
X000144894,2026-01-31 05:29:17,C001193,A0001193,M00552,T00463,Northeast,Northeast,34.68,USD,ecommerce,3ds,approved,APPROVE
X000171436,2026-01-31 05:29:27,C001413,A0001413,M00416,T00451,West,West,26.04,USD,card_present,3ds,approved,APPROVE
X000047182,2026-01-31 05:29:33,C000397,A0000397,M00345,T01138,South,South,58.64,USD,card_present,chip_pin,approved,APPROVE
X000069734,2026-01-31 05:29:46,C000593,A0000593,M00738,T00899,South,South,175.36,USD,card_present,wallet_biometric,approved,APPROVE
X000227613,2026-01-31 05:30:06,C001855,A0001855,M00798,T01060,Northeast,Northeast,66.4,USD,ecommerce,chip_pin,approved,APPROVE
X000065995,2026-01-31 05:31:01,C000559,A0000559,M00110,T00096,South,South,73.59,USD,card_present,3ds,approved,APPROVE
X000030486,2026-01-31 05:31:29,C000260,A0000260,M00500,T00274,Midwest,Midwest,123.81,USD,mobile_wallet,3ds,approved,APPROVE
X000124271,2026-01-31 05:31:33,C001028,A0001028,M00091,T00954,Midwest,Midwest,290.66,USD,card_present,3ds,approved,APPROVE
X000014258,2026-01-31 05:31:47,C000121,A0000121,M00462,T01033,South,Northeast,63.25,USD,card_present,3ds,approved,APPROVE
X000169881,2026-01-31 05:32:28,C001401,A0001401,M00504,T00422,Northeast,Northeast,35.37,USD,card_present,3ds,approved,APPROVE
X000129522,2026-01-31 05:32:37,C001065,A0001065,M00594,T01188,Northeast,Northeast,21.95,USD,card_present,3ds,approved,APPROVE
X000234413,2026-01-31 05:33:56,C001911,A0001911,M00454,T00284,West,West,38.58,USD,mobile_wallet,chip_pin,approved,APPROVE
X000114168,2026-01-31 05:34:02,C000950,A0000950,M00587,T00374,South,South,45.84,USD,card_present,chip_pin,approved,APPROVE
X000100457,2026-01-31 05:34:54,C000845,A0000845,M00168,T00020,Midwest,Northeast,159.59,USD,card_present,magstripe,approved,APPROVE
X000233495,2026-01-31 05:35:31,C001903,A0001903,M00125,T00855,West,West,31.18,USD,ecommerce,3ds,approved,APPROVE
X000011798,2026-01-31 05:35:35,C000104,A0000104,M00304,T00087,Midwest,Midwest,44.95,USD,card_present,chip_pin,approved,APPROVE
X000026554,2026-01-31 05:37:20,C000228,A0000228,M00645,T00155,South,South,68.21,USD,card_present,chip_pin,approved,APPROVE
X000172958,2026-01-31 05:37:42,C001427,A0001427,M00542,T01166,South,South,11.76,USD,mobile_wallet,chip_pin,approved,APPROVE
X000103788,2026-01-31 05:38:19,C000873,A0000873,M00282,T01131,South,South,51.12,USD,ecommerce,wallet_biometric,approved,APPROVE
X000014505,2026-01-31 05:38:34,C000123,A0000123,M00296,T00252,South,South,226.08,USD,card_present,chip_pin,approved,APPROVE
X000017280,2026-01-31 05:38:41,C000148,A0000148,M00470,T00025,South,South,36.23,USD,card_present,chip_pin,approved,APPROVE
X000010998,2026-01-31 05:40:16,C000099,A0000099,M00271,T01087,Northeast,Northeast,65.22,USD,card_present,magstripe,approved,APPROVE
X000117361,2026-01-31 05:40:55,C000973,A0000973,M00521,T00168,Northeast,Northeast,216.33,USD,ecommerce,chip_pin,approved,APPROVE
X000163074,2026-01-31 05:41:41,C001345,A0001345,M00695,T00203,Midwest,Midwest,44.59,USD,card_present,chip_pin,approved,APPROVE
X000087613,2026-01-31 05:41:42,C000735,A0000735,M00556,T00223,South,South,61.72,USD,card_present,chip_pin,approved,APPROVE
X000099626,2026-01-31 05:41:50,C000837,A0000837,M00758,T00785,Northeast,Northeast,20.39,USD,card_present,chip_pin,approved,APPROVE
X000043803,2026-01-31 05:42:28,C000372,A0000372,M00309,T01075,Northeast,Northeast,14.64,USD,mobile_wallet,3ds,approved,APPROVE
X000123575,2026-01-31 05:42:42,C001023,A0001023,M00499,T00391,Northeast,Northeast,353.61,USD,card_present,3ds,approved,APPROVE
X000187144,2026-01-31 05:43:35,C001539,A0001539,M00231,T01111,South,South,91.22,USD,ecommerce,magstripe,approved,APPROVE
X000074566,2026-01-31 05:44:10,C000629,A0000629,M00036,T00993,Northeast,Northeast,48.81,USD,card_present,chip_pin,approved,APPROVE
X000173588,2026-01-31 05:44:13,C001431,A0001431,M00056,T01147,Midwest,Midwest,59.47,USD,card_present,chip_pin,approved,APPROVE
X000106671,2026-01-31 05:44:50,C000894,A0000894,M00005,T00817,South,South,627.15,USD,card_present,chip_pin,approved,APPROVE
X000221316,2026-01-31 05:45:08,C001804,A0001804,M00645,T00155,South,South,225.69,USD,card_present,chip_pin,approved,APPROVE
X000069156,2026-01-31 05:45:17,C000588,A0000588,M00423,T00106,South,South,55.89,USD,card_present,chip_pin,approved,APPROVE
X000091768,2026-01-31 05:45:31,C000769,A0000769,M00262,T00060,South,South,713.76,USD,ecommerce,wallet_biometric,approved,APPROVE
X000089119,2026-01-31 05:46:13,C000746,A0000746,M00741,T00732,South,South,106.95,USD,card_present,3ds,approved,APPROVE
X000028070,2026-01-31 05:46:28,C000242,A0000242,M00553,T00625,West,West,10.31,USD,ecommerce,chip_pin,approved,APPROVE
X000042051,2026-01-31 05:46:42,C000356,A0000356,M00549,T00456,West,South,95.68,USD,card_present,chip_pin,approved,APPROVE
X000086667,2026-01-31 05:46:42,C000727,A0000727,M00453,T00831,South,South,205.33,USD,card_present,3ds,approved,APPROVE
X000022833,2026-01-31 05:47:10,C000196,A0000196,M00352,T01169,Midwest,Midwest,212.0,USD,mobile_wallet,chip_pin,approved,APPROVE
X000235952,2026-01-31 05:47:20,C001923,A0001923,M00296,T00758,South,South,103.41,USD,card_present,3ds,approved,APPROVE
X000052229,2026-01-31 05:48:00,C000441,A0000441,M00392,T00305,Midwest,Midwest,61.92,USD,card_present,3ds,approved,APPROVE
X000085012,2026-01-31 05:48:06,C000710,A0000710,M00400,T00360,West,West,137.94,USD,ecommerce,3ds,approved,APPROVE
X000243281,2026-01-31 05:48:10,C001985,A0001985,M00402,T00179,South,South,56.0,USD,card_present,3ds,approved,APPROVE
X000212404,2026-01-31 05:48:13,C001733,A0001733,M00391,T00267,Northeast,Northeast,163.64,USD,mobile_wallet,chip_pin,approved,APPROVE
X000203673,2026-01-31 05:48:17,C001666,A0001666,M00674,T00232,Midwest,Midwest,417.6,USD,card_present,3ds,approved,APPROVE
X000034008,2026-01-31 05:48:45,C000289,A0000289,M00125,T00414,West,West,170.3,USD,card_present,chip_pin,approved,APPROVE
X000185193,2026-01-31 05:49:07,C001524,A0001524,M00524,T00237,West,West,320.35,USD,card_present,3ds,approved,APPROVE
X000107909,2026-01-31 05:49:08,C000903,A0000903,M00791,T00739,South,South,70.7,USD,ecommerce,wallet_biometric,approved,APPROVE
X000057537,2026-01-31 05:49:33,C000487,A0000487,M00610,T00995,Midwest,Midwest,39.42,USD,card_present,chip_pin,approved,APPROVE
X000157829,2026-01-31 05:49:35,C001297,A0001297,M00253,T01072,South,South,116.51,USD,card_present,3ds,approved,APPROVE
X000170632,2026-01-31 05:49:36,C001406,A0001406,M00732,T00420,West,West,23.18,USD,card_present,chip_pin,approved,APPROVE
X000122918,2026-01-31 05:49:39,C001019,A0001019,M00378,T01130,South,South,265.64,USD,ecommerce,chip_pin,approved,APPROVE
X000195579,2026-01-31 05:50:03,C001606,A0001606,M00442,T00553,West,West,50.81,USD,mobile_wallet,wallet_biometric,approved,APPROVE
X000018310,2026-01-31 05:50:17,C000156,A0000156,M00587,T01174,South,South,60.5,USD,ecommerce,wallet_biometric,approved,APPROVE
X000086282,2026-01-31 05:50:39,C000724,A0000724,M00123,T00579,Midwest,Midwest,128.78,USD,ecommerce,3ds,approved,APPROVE
X000104086,2026-01-31 05:51:25,C000876,A0000876,M00553,T00625,West,West,21.46,USD,ecommerce,3ds,approved,APPROVE
X000122919,2026-01-31 05:51:41,C001019,A0001019,M00788,T00404,South,South,231.84,USD,mobile_wallet,3ds,approved,APPROVE
X000033078,2026-01-31 05:52:04,C000280,A0000280,M00326,T01042,Northeast,Northeast,166.51,USD,ecommerce,3ds,approved,APPROVE
X000098307,2026-01-31 05:52:47,C000823,A0000823,M00244,T00277,South,South,51.34,USD,card_present,chip_pin,approved,APPROVE
X000120297,2026-01-31 05:52:48,C000999,A0000999,M00416,T00403,West,West,23.46,USD,card_present,3ds,approved,APPROVE
X000198660,2026-01-31 05:52:56,C001627,A0001627,M00608,T00027,South,South,259.8,USD,card_present,chip_pin,approved,APPROVE
X000224319,2026-01-31 05:53:26,C001831,A0001831,M00601,T00769,South,South,53.54,USD,card_present,3ds,approved,APPROVE
X000069926,2026-01-31 05:53:40,C000595,A0000595,M00526,T00055,South,South,33.88,USD,card_present,3ds,approved,APPROVE
X000007722,2026-01-31 05:53:41,C000071,A0000071,M00040,T00439,Northeast,Northeast,25.33,USD,card_present,wallet_biometric,approved,APPROVE
X000239038,2026-01-31 05:53:46,C001950,A0001950,M00650,T01097,Midwest,Midwest,75.22,USD,card_present,wallet_biometric,approved,APPROVE
X000111699,2026-01-31 05:53:58,C000932,A0000932,M00559,T00805,Midwest,Midwest,45.11,USD,ecommerce,chip_pin,approved,APPROVE
X000226220,2026-01-31 05:54:10,C001843,A0001843,M00778,T01132,South,South,32.86,USD,ecommerce,magstripe,approved,APPROVE
X000122546,2026-01-31 05:54:30,C001016,A0001016,M00326,T00288,Northeast,Northeast,34.58,USD,card_present,chip_pin,approved,APPROVE
X000009555,2026-01-31 05:54:53,C000087,A0000087,M00763,T00455,South,South,51.69,USD,ecommerce,chip_pin,approved,APPROVE
X000118199,2026-01-31 05:55:17,C000978,A0000978,M00412,T00928,Northeast,Northeast,298.03,USD,card_present,3ds,approved,APPROVE
X000000864,2026-01-31 05:55:26,C000009,A0000009,M00667,T00609,Northeast,Northeast,28.3,USD,card_present,wallet_biometric,approved,APPROVE
X000028602,2026-01-31 05:56:08,C000246,A0000246,M00123,T00812,Midwest,Midwest,119.11,USD,ecommerce,chip_pin,approved,APPROVE
X000154607,2026-01-31 05:56:45,C001274,A0001274,M00588,T01164,West,West,15.02,USD,card_present,chip_pin,approved,APPROVE
X000024449,2026-01-31 05:56:58,C000206,A0000206,M00299,T00384,Northeast,Northeast,245.6,USD,ecommerce,3ds,approved,APPROVE
X000053781,2026-01-31 05:57:04,C000455,A0000455,M00698,T00516,West,West,27.48,USD,ecommerce,3ds,approved,APPROVE
X000171536,2026-01-31 05:57:04,C001414,A0001414,M00254,T00820,West,West,40.64,USD,card_present,chip_pin,approved,APPROVE
X000094095,2026-01-31 05:57:19,C000788,A0000788,M00130,T00939,South,South,260.91,USD,card_present,chip_pin,approved,APPROVE
X000167546,2026-01-31 05:57:31,C001384,A0001384,M00077,T00306,South,South,16.44,USD,ecommerce,chip_pin,approved,APPROVE
X000014899,2026-01-31 05:57:34,C000126,A0000126,M00282,T01131,South,South,131.74,USD,card_present,3ds,approved,APPROVE
X000160142,2026-01-31 05:57:39,C001321,A0001321,M00376,T00266,South,South,37.29,USD,ecommerce,chip_pin,approved,APPROVE
X000003304,2026-01-31 05:57:53,C000029,A0000029,M00573,T00212,Northeast,Northeast,56.89,USD,mobile_wallet,wallet_biometric,approved,APPROVE
X000096041,2026-01-31 05:58:14,C000802,A0000802,M00335,T00070,South,South,83.03,USD,card_present,chip_pin,approved,APPROVE
X000192924,2026-01-31 05:58:17,C001584,A0001584,M00680,T00949,Midwest,Midwest,476.04,USD,ecommerce,chip_pin,approved,APPROVE
X000170997,2026-01-31 05:58:43,C001410,A0001410,M00668,T00869,Midwest,Midwest,171.37,USD,card_present,3ds,approved,APPROVE
X000086537,2026-01-31 05:58:45,C000726,A0000726,M00295,T00425,South,South,39.92,USD,card_present,3ds,approved,APPROVE
X000120086,2026-01-31 05:59:45,C000997,A0000997,M00790,T00840,Northeast,Northeast,21.16,USD,ecommerce,chip_pin,approved,APPROVE
X000234414,2026-01-31 06:00:07,C001911,A0001911,M00454,T00284,West,West,32.9,USD,card_present,wallet_biometric,approved,APPROVE
X000117798,2026-01-31 06:00:27,C000976,A0000976,M00321,T00416,Midwest,Midwest,211.36,USD,card_present,chip_pin,approved,APPROVE
X000003305,2026-01-31 06:00:46,C000029,A0000029,M00044,T01081,Northeast,Northeast,26.27,USD,card_present,magstripe,approved,APPROVE
X000241151,2026-01-31 06:00:50,C001968,A0001968,M00394,T00597,South,South,190.91,USD,ecommerce,wallet_biometric,approved,APPROVE
X000015798,2026-01-31 06:01:23,C000134,A0000134,M00682,T00951,Northeast,Northeast,11.56,USD,ecommerce,chip_pin,approved,APPROVE
X000099627,2026-01-31 06:01:43,C000837,A0000837,M00758,T00785,Northeast,Northeast,42.98,USD,mobile_wallet,chip_pin,approved,APPROVE
X000092588,2026-01-31 06:02:03,C000775,A0000775,M00326,T01151,Northeast,Northeast,17.37,USD,card_present,magstripe,approved,APPROVE
X000239331,2026-01-31 06:02:06,C001952,A0001952,M00615,T00560,Midwest,Midwest,78.07,USD,card_present,wallet_biometric,approved,APPROVE
X000015963,2026-01-31 06:02:34,C000135,A0000135,M00378,T01130,South,South,119.49,USD,mobile_wallet,chip_pin,approved,APPROVE
X000024037,2026-01-31 06:02:42,C000203,A0000203,M00157,T00598,Northeast,Northeast,177.34,USD,card_present,3ds,approved,APPROVE
X000171437,2026-01-31 06:02:48,C001413,A0001413,M00098,T00432,West,West,38.3,USD,ecommerce,3ds,approved,APPROVE
X000155421,2026-01-31 06:02:56,C001280,A0001280,M00619,T00624,West,West,65.45,USD,ecommerce,3ds,approved,APPROVE
X000058082,2026-01-31 06:03:17,C000493,A0000493,M00720,T00705,Northeast,Northeast,108.89,USD,ecommerce,chip_pin,approved,APPROVE
X000173909,2026-01-31 06:03:20,C001434,A0001434,M00598,T00149,West,West,53.43,USD,ecommerce,chip_pin,approved,APPROVE
X000061933,2026-01-31 06:03:35,C000527,A0000527,M00483,T00098,West,West,43.24,USD,card_present,chip_pin,approved,APPROVE
X000241016,2026-01-31 06:03:49,C001967,A0001967,M00763,T00601,South,South,79.14,USD,card_present,chip_pin,approved,APPROVE
X000065677,2026-01-31 06:03:58,C000556,A0000556,M00731,T00394,Northeast,Northeast,22.09,USD,mobile_wallet,wallet_biometric,approved,APPROVE
X000146114,2026-01-31 06:04:15,C001205,A0001205,M00480,T00012,West,West,135.82,USD,card_present,wallet_biometric,approved,APPROVE
X000149500,2026-01-31 06:04:15,C001230,A0001230,M00408,T00920,Northeast,Northeast,96.86,USD,card_present,wallet_biometric,approved,APPROVE
X000137179,2026-01-31 06:04:46,C001127,A0001127,M00560,T00180,West,West,186.49,USD,ecommerce,chip_pin,approved,APPROVE
X000135818,2026-01-31 06:05:09,C001116,A0001116,M00289,T00362,South,South,57.47,USD,card_present,3ds,soft_decline,CHALLENGE
X000042549,2026-01-31 06:05:13,C000360,A0000360,M00758,T00785,Northeast,Northeast,53.27,USD,card_present,chip_pin,approved,APPROVE
X000047490,2026-01-31 06:05:24,C000400,A0000400,M00131,T00706,West,West,24.35,USD,card_present,wallet_biometric,approved,APPROVE
X000131837,2026-01-31 06:05:28,C001085,A0001085,M00573,T00212,Northeast,Northeast,22.88,USD,ecommerce,wallet_biometric,approved,APPROVE
X000227988,2026-01-31 06:06:31,C001857,A0001857,M00412,T00974,Northeast,Northeast,43.63,USD,card_present,3ds,approved,APPROVE
X000118450,2026-01-31 06:06:53,C000980,A0000980,M00528,T00475,Midwest,Midwest,490.63,USD,ecommerce,3ds,approved,APPROVE
X000170085,2026-01-31 06:06:54,C001402,A0001402,M00565,T01035,Midwest,Midwest,112.2,USD,card_present,3ds,approved,APPROVE
X000028173,2026-01-31 06:07:11,C000243,A0000243,M00500,T00274,Midwest,Midwest,138.49,USD,card_present,chip_pin,approved,APPROVE
X000191745,2026-01-31 06:07:26,C001573,A0001573,M00652,T00833,West,West,204.69,USD,ecommerce,3ds,approved,APPROVE
X000164979,2026-01-31 06:07:29,C001361,A0001361,M00387,T00932,Northeast,Northeast,28.76,USD,mobile_wallet,3ds,approved,APPROVE
X000057100,2026-01-31 06:07:53,C000483,A0000483,M00386,T00533,Northeast,Northeast,98.91,USD,mobile_wallet,chip_pin,approved,APPROVE
X000224206,2026-01-31 06:07:57,C001830,A0001830,M00619,T00644,West,West,53.83,USD,card_present,chip_pin,approved,APPROVE
X000099219,2026-01-31 06:08:47,C000832,A0000832,M00614,T00113,Midwest,South,50.53,USD,ecommerce,3ds,approved,APPROVE
X000092994,2026-01-31 06:09:34,C000779,A0000779,M00661,T00337,Northeast,Northeast,31.08,USD,card_present,chip_pin,approved,APPROVE
X000118200,2026-01-31 06:09:47,C000978,A0000978,M00594,T01188,Northeast,Northeast,188.14,USD,card_present,wallet_biometric,approved,APPROVE
X000102862,2026-01-31 06:10:15,C000864,A0000864,M00001,T00955,South,South,82.23,USD,ecommerce,chip_pin,approved,APPROVE
X000141108,2026-01-31 06:10:34,C001162,A0001162,M00091,T00954,Midwest,Midwest,184.7,USD,mobile_wallet,chip_pin,approved,APPROVE
X000050671,2026-01-31 06:10:41,C000425,A0000425,M00086,T00198,Midwest,Midwest,35.41,USD,card_present,3ds,approved,APPROVE
X000021091,2026-01-31 06:11:08,C000184,A0000184,M00531,T00724,Midwest,Midwest,213.87,USD,ecommerce,magstripe,approved,APPROVE
X000127967,2026-01-31 06:11:15,C001053,A0001053,M00077,T00723,South,South,100.6,USD,card_present,chip_pin,approved,APPROVE
X000205424,2026-01-31 06:11:32,C001678,A0001678,M00687,T01115,Midwest,Midwest,53.61,USD,card_present,3ds,approved,APPROVE
X000087042,2026-01-31 06:11:42,C000729,A0000729,M00516,T00435,Northeast,Northeast,19.38,USD,card_present,chip_pin,approved,APPROVE
X000200687,2026-01-31 06:12:04,C001644,A0001644,M00327,T00251,South,South,22.26,USD,ecommerce,chip_pin,approved,APPROVE
X000059394,2026-01-31 06:12:21,C000505,A0000505,M00213,T00320,Northeast,Northeast,160.85,USD,card_present,chip_pin,approved,APPROVE
X000125666,2026-01-31 06:12:47,C001035,A0001035,M00697,T00612,West,West,109.13,USD,card_present,wallet_biometric,approved,APPROVE
X000051589,2026-01-31 06:13:09,C000436,A0000436,M00321,T00416,Midwest,Midwest,54.1,USD,ecommerce,wallet_biometric,approved,APPROVE
X000199910,2026-01-31 06:13:22,C001638,A0001638,M00368,T00453,West,West,56.97,USD,card_present,magstripe,approved,APPROVE
X000225070,2026-01-31 06:13:28,C001835,A0001835,M00616,T01002,West,West,228.11,USD,card_present,chip_pin,approved,APPROVE
X000199200,2026-01-31 06:14:08,C001632,A0001632,M00009,T00774,South,South,82.94,USD,card_present,magstripe,approved,APPROVE
X000002051,2026-01-31 06:14:14,C000018,A0000018,M00296,T00252,South,South,12.73,USD,card_present,chip_pin,approved,APPROVE
X000236201,2026-01-31 06:14:22,C001927,A0001927,M00194,T00803,Northeast,Northeast,52.34,USD,card_present,chip_pin,approved,APPROVE
X000038651,2026-01-31 06:14:32,C000330,A0000330,M00293,T00835,South,South,39.18,USD,card_present,3ds,approved,APPROVE
X000030487,2026-01-31 06:15:00,C000260,A0000260,M00353,T00378,Midwest,Midwest,224.98,USD,card_present,chip_pin,approved,APPROVE
X000068443,2026-01-31 06:15:43,C000580,A0000580,M00604,T01180,Northeast,Northeast,59.79,USD,card_present,wallet_biometric,approved,APPROVE
X000183641,2026-01-31 06:16:14,C001511,A0001511,M00117,T00472,South,South,12.96,USD,card_present,3ds,approved,APPROVE
X000204910,2026-01-31 06:16:17,C001673,A0001673,M00295,T00163,South,South,51.82,USD,ecommerce,chip_pin,approved,APPROVE
X000016118,2026-01-31 06:17:18,C000136,A0000136,M00768,T00457,South,South,29.57,USD,ecommerce,chip_pin,approved,APPROVE
X000115594,2026-01-31 06:17:30,C000960,A0000960,M00015,T00330,South,South,28.21,USD,card_present,3ds,approved,APPROVE
X000059522,2026-01-31 06:17:31,C000506,A0000506,M00499,T00391,Northeast,Northeast,57.51,USD,card_present,wallet_biometric,approved,APPROVE
X000026750,2026-01-31 06:17:52,C000230,A0000230,M00693,T01048,South,South,98.5,USD,card_present,chip_pin,approved,APPROVE
X000123093,2026-01-31 06:17:54,C001020,A0001020,M00012,T00789,West,West,269.7,USD,ecommerce,3ds,approved,APPROVE
X000225546,2026-01-31 06:18:02,C001838,A0001838,M00579,T01107,West,West,356.21,USD,mobile_wallet,3ds,approved,APPROVE
X000151965,2026-01-31 06:18:16,C001249,A0001249,M00067,T00654,South,South,52.43,USD,ecommerce,chip_pin,approved,APPROVE
X000188117,2026-01-31 06:18:21,C001544,A0001544,M00747,T00259,Northeast,West,107.61,USD,ecommerce,chip_pin,approved,APPROVE
X000168476,2026-01-31 06:18:35,C001393,A0001393,M00335,T00070,South,South,53.97,USD,ecommerce,chip_pin,approved,APPROVE
X000132844,2026-01-31 06:18:59,C001095,A0001095,M00255,T00573,West,West,14.97,USD,ecommerce,3ds,approved,APPROVE
X000175881,2026-01-31 06:19:16,C001449,A0001449,M00621,T00832,West,West,97.1,USD,ecommerce,magstripe,approved,APPROVE
X000066630,2026-01-31 06:19:25,C000565,A0000565,M00277,T00518,Midwest,Midwest,25.76,USD,card_present,wallet_biometric,approved,APPROVE
X000028884,2026-01-31 06:19:48,C000248,A0000248,M00055,T01044,South,South,56.75,USD,ecommerce,3ds,approved,APPROVE
X000198661,2026-01-31 06:20:03,C001627,A0001627,M00779,T00146,South,South,541.06,USD,ecommerce,chip_pin,approved,APPROVE
X000125158,2026-01-31 06:20:38,C001032,A0001032,M00316,T00389,South,South,144.2,USD,card_present,chip_pin,approved,APPROVE
X000020505,2026-01-31 06:20:44,C000178,A0000178,M00683,T00603,Midwest,Midwest,112.96,USD,card_present,chip_pin,approved,APPROVE
X000020120,2026-01-31 06:20:51,C000174,A0000174,M00391,T00267,West,Northeast,12.4,USD,mobile_wallet,chip_pin,approved,APPROVE
X000161947,2026-01-31 06:21:00,C001336,A0001336,M00496,T00236,Midwest,Midwest,33.34,USD,ecommerce,3ds,approved,APPROVE
X000075032,2026-01-31 06:21:13,C000631,A0000631,M00044,T01081,Northeast,Northeast,196.33,USD,ecommerce,chip_pin,approved,APPROVE
X000222893,2026-01-31 06:21:16,C001816,A0001816,M00652,T00786,West,West,61.63,USD,ecommerce,chip_pin,approved,APPROVE
X000167547,2026-01-31 06:21:26,C001384,A0001384,M00077,T00306,South,South,75.51,USD,mobile_wallet,3ds,approved,APPROVE
X000204619,2026-01-31 06:23:02,C001670,A0001670,M00282,T00583,South,South,82.09,USD,ecommerce,chip_pin,approved,APPROVE
X000049764,2026-01-31 06:23:04,C000416,A0000416,M00408,T00920,Northeast,Northeast,21.14,USD,mobile_wallet,wallet_biometric,approved,APPROVE
X000059803,2026-01-31 06:23:18,C000509,A0000509,M00255,T00819,West,West,51.19,USD,ecommerce,chip_pin,approved,APPROVE
X000125667,2026-01-31 06:23:18,C001035,A0001035,M00497,T00779,West,West,37.17,USD,mobile_wallet,3ds,approved,APPROVE
X000140854,2026-01-31 06:23:51,C001160,A0001160,M00715,T00083,Midwest,Midwest,35.2,USD,card_present,magstripe,approved,APPROVE
X000174359,2026-01-31 06:24:00,C001436,A0001436,M00023,T00720,Midwest,Midwest,99.35,USD,card_present,wallet_biometric,approved,APPROVE
X000005558,2026-01-31 06:24:03,C000051,A0000051,M00270,T00473,South,South,40.86,USD,card_present,3ds,approved,APPROVE
X000128220,2026-01-31 06:24:30,C001055,A0001055,M00570,T01153,South,West,81.08,USD,card_present,wallet_biometric,approved,APPROVE
X000018705,2026-01-31 06:24:58,C000160,A0000160,M00397,T00349,Midwest,Midwest,64.09,USD,card_present,chip_pin,approved,APPROVE
X000062515,2026-01-31 06:25:26,C000531,A0000531,M00211,T01050,Midwest,Midwest,149.92,USD,card_present,chip_pin,approved,APPROVE
X000049875,2026-01-31 06:25:30,C000417,A0000417,M00492,T00550,West,West,22.6,USD,ecommerce,chip_pin,approved,APPROVE
X000161867,2026-01-31 06:26:01,C001335,A0001335,M00445,T00698,Northeast,Northeast,33.62,USD,card_present,magstripe,approved,APPROVE
X000090866,2026-01-31 06:26:31,C000761,A0000761,M00517,T00531,Midwest,Midwest,366.93,USD,card_present,chip_pin,approved,APPROVE
X000178599,2026-01-31 06:26:58,C001471,A0001471,M00633,T00292,West,West,61.75,USD,mobile_wallet,chip_pin,approved,APPROVE
X000051701,2026-01-31 06:27:04,C000437,A0000437,M00726,T00829,Northeast,Northeast,44.41,USD,ecommerce,chip_pin,approved,APPROVE
X000028603,2026-01-31 06:27:38,C000246,A0000246,M00123,T00812,Midwest,Midwest,153.79,USD,ecommerce,wallet_biometric,approved,APPROVE
X000014091,2026-01-31 06:27:55,C000119,A0000119,M00183,T00617,South,South,112.57,USD,card_present,3ds,approved,APPROVE
X000244757,2026-01-31 06:28:26,C001995,A0001995,M00276,T00665,Northeast,Northeast,430.66,USD,card_present,chip_pin,approved,APPROVE
X000197194,2026-01-31 06:28:39,C001619,A0001619,M00497,T00382,West,West,43.85,USD,mobile_wallet,magstripe,approved,APPROVE
X000028771,2026-01-31 06:28:54,C000247,A0000247,M00325,T00368,Midwest,Northeast,29.69,USD,mobile_wallet,chip_pin,approved,APPROVE
X000130434,2026-01-31 06:29:09,C001072,A0001072,M00588,T01164,West,West,19.84,USD,card_present,3ds,approved,APPROVE
X000127371,2026-01-31 06:30:05,C001050,A0001050,M00367,T00335,South,South,92.97,USD,card_present,chip_pin,approved,APPROVE
X000140505,2026-01-31 06:30:59,C001156,A0001156,M00504,T00422,Northeast,Northeast,39.23,USD,card_present,magstripe,approved,APPROVE
X000114492,2026-01-31 06:31:03,C000952,A0000952,M00350,T01102,Midwest,Midwest,258.97,USD,ecommerce,3ds,approved,APPROVE
X000051786,2026-01-31 06:32:10,C000438,A0000438,M00501,T00506,West,Northeast,47.95,USD,ecommerce,chip_pin,approved,APPROVE
X000189145,2026-01-31 06:32:35,C001554,A0001554,M00022,T00194,South,South,71.76,USD,mobile_wallet,chip_pin,approved,APPROVE
X000114320,2026-01-31 06:32:37,C000951,A0000951,M00687,T01115,Midwest,Midwest,92.77,USD,card_present,chip_pin,approved,APPROVE
X000224079,2026-01-31 06:32:53,C001829,A0001829,M00507,T00639,South,South,209.9,USD,ecommerce,chip_pin,approved,APPROVE
X000238247,2026-01-31 06:32:54,C001944,A0001944,M00427,T01200,South,South,161.82,USD,card_present,3ds,approved,APPROVE
X000044022,2026-01-31 06:33:01,C000374,A0000374,M00447,T00749,South,South,170.63,USD,card_present,chip_pin,approved,APPROVE
X000089789,2026-01-31 06:33:17,C000750,A0000750,M00311,T01079,Midwest,Midwest,114.91,USD,card_present,3ds,approved,APPROVE
X000045277,2026-01-31 06:33:36,C000380,A0000380,M00057,T00373,West,West,19.61,USD,card_present,chip_pin,approved,APPROVE
X000103891,2026-01-31 06:34:17,C000874,A0000874,M00507,T01055,South,South,65.32,USD,card_present,chip_pin,approved,APPROVE
X000157214,2026-01-31 06:34:45,C001293,A0001293,M00423,T00628,South,South,91.21,USD,ecommerce,chip_pin,approved,APPROVE
X000133184,2026-01-31 06:35:56,C001098,A0001098,M00674,T00232,Midwest,Midwest,97.17,USD,mobile_wallet,3ds,approved,APPROVE
X000194577,2026-01-31 06:36:04,C001600,A0001600,M00338,T00847,Northeast,Northeast,36.5,USD,card_present,magstripe,approved,APPROVE
X000057869,2026-01-31 06:36:15,C000491,A0000491,M00610,T00995,Midwest,Midwest,64.42,USD,mobile_wallet,chip_pin,approved,APPROVE
X000156977,2026-01-31 06:36:42,C001291,A0001291,M00295,T00926,South,South,43.51,USD,card_present,3ds,approved,APPROVE
X000041618,2026-01-31 06:36:45,C000352,A0000352,M00005,T01091,South,South,96.27,USD,ecommerce,wallet_biometric,approved,APPROVE
X000128377,2026-01-31 06:37:18,C001056,A0001056,M00602,T00692,Northeast,Northeast,49.91,USD,mobile_wallet,magstripe,approved,APPROVE
X000228272,2026-01-31 06:37:32,C001859,A0001859,M00433,T00174,Midwest,Midwest,535.65,USD,ecommerce,chip_pin,approved,APPROVE
X000214320,2026-01-31 06:37:56,C001750,A0001750,M00159,T00555,Northeast,Northeast,37.62,USD,mobile_wallet,chip_pin,approved,APPROVE
X000004124,2026-01-31 06:38:14,C000036,A0000036,M00452,T00329,Northeast,Northeast,105.37,USD,card_present,wallet_biometric,approved,APPROVE
X000236853,2026-01-31 06:38:58,C001932,A0001932,M00074,T01036,South,South,39.9,USD,card_present,wallet_biometric,approved,APPROVE
X000192668,2026-01-31 06:39:14,C001582,A0001582,M00517,T01092,Midwest,Midwest,144.18,USD,ecommerce,3ds,approved,APPROVE
X000186258,2026-01-31 06:39:38,C001531,A0001531,M00191,T00441,Midwest,Midwest,22.24,USD,ecommerce,3ds,approved,APPROVE
X000096797,2026-01-31 06:39:48,C000810,A0000810,M00327,T00251,South,South,77.61,USD,ecommerce,chip_pin,approved,APPROVE
X000024180,2026-01-31 06:40:51,C000204,A0000204,M00133,T00854,Northeast,Northeast,34.19,USD,card_present,3ds,approved,APPROVE
X000009556,2026-01-31 06:40:59,C000087,A0000087,M00763,T00455,South,South,67.09,USD,mobile_wallet,3ds,approved,APPROVE
X000163075,2026-01-31 06:41:08,C001345,A0001345,M00668,T00166,Midwest,Midwest,118.77,USD,card_present,chip_pin,approved,APPROVE
X000092671,2026-01-31 06:41:14,C000776,A0000776,M00110,T00096,South,South,120.89,USD,ecommerce,3ds,approved,APPROVE
X000055114,2026-01-31 06:41:19,C000466,A0000466,M00040,T00439,Northeast,Northeast,21.17,USD,card_present,chip_pin,approved,APPROVE
X000228976,2026-01-31 06:41:36,C001865,A0001865,M00143,T00157,Midwest,South,155.26,USD,card_present,3ds,approved,APPROVE
