Transaction_ID,Timestamp,Customer_ID,Account_ID,Merchant_ID,Terminal_ID,Customer_Region,Merchant_Region,Amount,Currency,Channel,Auth_Type,Auth_Result,Incumbent_Decision
X000162382,2026-01-17 06:06:44,C001341,A0001341,M00179,T00767,Midwest,Midwest,37.96,USD,ecommerce,chip_pin,approved,APPROVE
X000239654,2026-01-17 06:07:03,C001954,A0001954,M00055,T01044,South,South,24.22,USD,card_present,wallet_biometric,approved,APPROVE
X000157617,2026-01-17 06:07:12,C001296,A0001296,M00615,T00704,Midwest,Midwest,97.89,USD,card_present,3ds,approved,APPROVE
X000021776,2026-01-17 06:07:14,C000188,A0000188,M00067,T00948,South,South,46.93,USD,mobile_wallet,chip_pin,approved,APPROVE
X000227345,2026-01-17 06:07:20,C001853,A0001853,M00708,T00618,West,West,229.96,USD,ecommerce,3ds,approved,APPROVE
X000124380,2026-01-17 06:07:48,C001029,A0001029,M00552,T00602,Northeast,Northeast,34.48,USD,mobile_wallet,wallet_biometric,approved,APPROVE
X000162130,2026-01-17 06:08:15,C001339,A0001339,M00166,T00022,Northeast,Northeast,194.5,USD,card_present,chip_pin,approved,APPROVE
X000132082,2026-01-17 06:08:34,C001088,A0001088,M00211,T01050,Midwest,Midwest,70.61,USD,card_present,3ds,approved,APPROVE
X000220604,2026-01-17 06:08:47,C001800,A0001800,M00172,T00722,Northeast,Northeast,175.84,USD,card_present,3ds,approved,APPROVE
X000150948,2026-01-17 06:10:20,C001241,A0001241,M00685,T00672,Northeast,Northeast,314.57,USD,ecommerce,3ds,approved,APPROVE
X000001534,2026-01-17 06:10:45,C000015,A0000015,M00074,T01036,South,South,74.97,USD,mobile_wallet,magstripe,approved,APPROVE
X000242545,2026-01-17 06:11:31,C001980,A0001980,M00191,T00568,Midwest,Midwest,529.53,USD,card_present,magstripe,approved,APPROVE
X000242873,2026-01-17 06:11:34,C001981,A0001981,M00401,T00536,South,South,22.45,USD,ecommerce,chip_pin,approved,APPROVE
X000034402,2026-01-17 06:11:37,C000292,A0000292,M00068,T00322,Northeast,Northeast,75.46,USD,ecommerce,wallet_biometric,approved,APPROVE
X000037144,2026-01-17 06:11:51,C000318,A0000318,M00326,T00127,Northeast,Northeast,175.94,USD,card_present,chip_pin,approved,APPROVE
X000205643,2026-01-17 06:11:53,C001679,A0001679,M00574,T00190,Midwest,Midwest,498.33,USD,card_present,chip_pin,approved,APPROVE
X000193142,2026-01-17 06:12:17,C001586,A0001586,M00634,T01016,Northeast,Northeast,251.78,USD,card_present,wallet_biometric,approved,APPROVE
X000181715,2026-01-17 06:12:48,C001495,A0001495,M00661,T00801,Northeast,Northeast,52.64,USD,ecommerce,chip_pin,approved,APPROVE
X000162712,2026-01-17 06:13:02,C001343,A0001343,M00594,T01188,Northeast,Northeast,98.7,USD,ecommerce,chip_pin,approved,APPROVE
X000116061,2026-01-17 06:13:25,C000964,A0000964,M00700,T00679,Northeast,Northeast,183.23,USD,card_present,3ds,approved,APPROVE
X000127180,2026-01-17 06:13:46,C001048,A0001048,M00193,T00346,West,West,70.3,USD,card_present,chip_pin,approved,APPROVE
X000074959,2026-01-17 06:13:48,C000631,A0000631,M00044,T01081,Northeast,Northeast,121.08,USD,card_present,3ds,approved,APPROVE
X000157817,2026-01-17 06:13:57,C001297,A0001297,M00253,T01072,South,South,61.22,USD,ecommerce,chip_pin,approved,APPROVE
X000173053,2026-01-17 06:15:13,C001428,A0001428,M00731,T00584,Northeast,Northeast,343.01,USD,ecommerce,3ds,approved,APPROVE
X000040875,2026-01-17 06:15:54,C000347,A0000347,M00171,T01187,Northeast,Northeast,152.25,USD,card_present,3ds,approved,APPROVE
X000146694,2026-01-17 06:16:05,C001210,A0001210,M00080,T00590,Midwest,Midwest,78.38,USD,card_present,3ds,approved,APPROVE
X000117749,2026-01-17 06:16:28,C000976,A0000976,M00321,T00416,Midwest,Midwest,214.28,USD,card_present,chip_pin,approved,APPROVE
X000043278,2026-01-17 06:16:55,C000366,A0000366,M00712,T00064,South,South,19.02,USD,mobile_wallet,chip_pin,approved,APPROVE
X000031939,2026-01-17 06:17:10,C000271,A0000271,M00698,T00153,West,West,172.65,USD,card_present,chip_pin,approved,APPROVE
X000211277,2026-01-17 06:17:14,C001723,A0001723,M00634,T01016,Northeast,Northeast,123.93,USD,card_present,chip_pin,soft_decline,CHALLENGE
X000240068,2026-01-17 06:17:21,C001958,A0001958,M00286,T00067,West,West,171.46,USD,card_present,3ds,approved,APPROVE
X000070781,2026-01-17 06:17:30,C000601,A0000601,M00130,T00939,South,South,218.69,USD,card_present,chip_pin,approved,APPROVE
X000211997,2026-01-17 06:17:38,C001729,A0001729,M00524,T00085,West,West,15.46,USD,card_present,3ds,approved,APPROVE
X000213220,2026-01-17 06:17:54,C001741,A0001741,M00667,T00609,Northeast,Northeast,228.65,USD,mobile_wallet,chip_pin,approved,APPROVE
X000066161,2026-01-17 06:17:55,C000561,A0000561,M00282,T01131,South,South,64.0,USD,mobile_wallet,wallet_biometric,approved,APPROVE
X000030383,2026-01-17 06:18:04,C000260,A0000260,M00056,T01147,Midwest,Midwest,207.96,USD,ecommerce,magstripe,approved,APPROVE
X000008109,2026-01-17 06:18:24,C000074,A0000074,M00689,T01179,South,Northeast,40.49,USD,ecommerce,wallet_biometric,approved,APPROVE
X000137337,2026-01-17 06:18:29,C001128,A0001128,M00191,T00441,Midwest,Midwest,188.42,USD,mobile_wallet,chip_pin,approved,APPROVE
X000043614,2026-01-17 06:18:33,C000370,A0000370,M00700,T00679,Northeast,Northeast,42.1,USD,ecommerce,3ds,approved,APPROVE
X000198590,2026-01-17 06:18:51,C001627,A0001627,M00779,T00146,South,South,128.98,USD,card_present,chip_pin,approved,APPROVE
X000006777,2026-01-17 06:19:50,C000061,A0000061,M00259,T00535,Northeast,Northeast,24.1,USD,card_present,chip_pin,approved,APPROVE
X000034180,2026-01-17 06:19:55,C000290,A0000290,M00191,T00441,Midwest,Midwest,153.76,USD,card_present,chip_pin,approved,APPROVE
X000120847,2026-01-17 06:19:58,C001004,A0001004,M00022,T00194,South,South,149.3,USD,card_present,chip_pin,approved,APPROVE
X000164236,2026-01-17 06:20:20,C001354,A0001354,M00343,T00792,West,West,219.86,USD,ecommerce,3ds,approved,APPROVE
X000154933,2026-01-17 06:20:33,C001277,A0001277,M00623,T00969,Midwest,Midwest,91.97,USD,ecommerce,wallet_biometric,approved,APPROVE
X000136500,2026-01-17 06:20:43,C001123,A0001123,M00560,T00636,West,West,31.81,USD,card_present,chip_pin,approved,APPROVE
X000014615,2026-01-17 06:21:34,C000124,A0000124,M00119,T00895,South,South,32.08,USD,card_present,3ds,approved,APPROVE
X000192647,2026-01-17 06:21:36,C001582,A0001582,M00737,T00804,Midwest,Midwest,19.42,USD,card_present,3ds,approved,APPROVE
X000133484,2026-01-17 06:22:34,C001100,A0001100,M00380,T01026,Midwest,Midwest,16.6,USD,card_present,3ds,approved,APPROVE
X000206667,2026-01-17 06:22:52,C001687,A0001687,M00172,T00722,Northeast,Northeast,520.21,USD,card_present,wallet_biometric,approved,APPROVE
X000010976,2026-01-17 06:22:53,C000099,A0000099,M00271,T01087,Northeast,Northeast,49.02,USD,ecommerce,3ds,approved,APPROVE
X000157174,2026-01-17 06:22:53,C001293,A0001293,M00160,T00039,South,South,71.75,USD,mobile_wallet,chip_pin,approved,APPROVE
X000024410,2026-01-17 06:23:02,C000206,A0000206,M00299,T00384,Northeast,Northeast,93.67,USD,card_present,chip_pin,approved,APPROVE
X000148541,2026-01-17 06:23:07,C001225,A0001225,M00247,T01144,South,South,129.95,USD,mobile_wallet,chip_pin,approved,APPROVE
X000172328,2026-01-17 06:23:09,C001421,A0001421,M00762,T00158,Northeast,Northeast,326.77,USD,ecommerce,3ds,approved,APPROVE
X000133742,2026-01-17 06:24:03,C001101,A0001101,M00524,T00237,West,West,57.21,USD,card_present,chip_pin,approved,APPROVE
X000168141,2026-01-17 06:24:11,C001390,A0001390,M00676,T00051,Midwest,Midwest,96.77,USD,ecommerce,chip_pin,approved,APPROVE
X000041503,2026-01-17 06:24:22,C000351,A0000351,M00461,T00574,West,West,49.08,USD,card_present,3ds,approved,APPROVE
X000044316,2026-01-17 06:24:52,C000376,A0000376,M00587,T00374,West,South,243.14,USD,card_present,3ds,approved,APPROVE
X000066162,2026-01-17 06:25:46,C000561,A0000561,M00244,T00336,South,South,41.49,USD,mobile_wallet,chip_pin,approved,APPROVE
X000052175,2026-01-17 06:26:07,C000441,A0000441,M00392,T00305,Midwest,Midwest,129.97,USD,card_present,chip_pin,approved,APPROVE
X000050334,2026-01-17 06:26:21,C000422,A0000422,M00683,T00603,Midwest,Midwest,107.48,USD,card_present,3ds,approved,APPROVE
X000212562,2026-01-17 06:26:43,C001734,A0001734,M00163,T00147,Midwest,Midwest,57.14,USD,mobile_wallet,wallet_biometric,approved,APPROVE
X000024831,2026-01-17 06:26:48,C000210,A0000210,M00567,T00161,Northeast,Northeast,49.75,USD,mobile_wallet,3ds,approved,APPROVE
X000214895,2026-01-17 06:26:53,C001755,A0001755,M00459,T00809,Northeast,Northeast,16.56,USD,card_present,3ds,approved,APPROVE
X000223313,2026-01-17 06:26:59,C001820,A0001820,M00536,T00537,West,West,164.25,USD,mobile_wallet,chip_pin,approved,APPROVE
X000040209,2026-01-17 06:27:13,C000341,A0000341,M00077,T00723,South,South,177.96,USD,card_present,chip_pin,approved,APPROVE
X000227707,2026-01-17 06:28:34,C001856,A0001856,M00372,T00192,South,South,178.01,USD,ecommerce,3ds,approved,APPROVE
X000007324,2026-01-17 06:29:09,C000068,A0000068,M00123,T00812,Midwest,Midwest,232.43,USD,card_present,3ds,approved,APPROVE
X000109954,2026-01-17 06:29:26,C000919,A0000919,M00012,T00789,South,West,35.66,USD,ecommerce,magstripe,approved,APPROVE
X000115850,2026-01-17 06:29:30,C000962,A0000962,M00549,T00456,South,South,73.73,USD,card_present,chip_pin,approved,APPROVE
X000175755,2026-01-17 06:29:47,C001448,A0001448,M00668,T00417,Midwest,Midwest,78.46,USD,ecommerce,3ds,approved,APPROVE
X000129356,2026-01-17 06:29:50,C001064,A0001064,M00758,T00582,Northeast,Northeast,133.79,USD,card_present,magstripe,approved,APPROVE
X000183727,2026-01-17 06:30:30,C001512,A0001512,M00148,T00038,Midwest,Midwest,68.1,USD,card_present,3ds,approved,APPROVE
X000064534,2026-01-17 06:30:48,C000548,A0000548,M00703,T00135,Midwest,Midwest,41.75,USD,card_present,wallet_biometric,approved,APPROVE
X000041417,2026-01-17 06:31:04,C000350,A0000350,M00194,T00803,Northeast,Northeast,35.23,USD,ecommerce,3ds,soft_decline,CHALLENGE
X000236181,2026-01-17 06:31:43,C001927,A0001927,M00194,T00803,Northeast,Northeast,242.8,USD,ecommerce,3ds,approved,APPROVE
X000210474,2026-01-17 06:32:02,C001716,A0001716,M00048,T01172,Northeast,Northeast,39.64,USD,mobile_wallet,wallet_biometric,approved,APPROVE
X000072421,2026-01-17 06:33:17,C000612,A0000612,M00002,T00312,Northeast,Northeast,81.62,USD,card_present,wallet_biometric,approved,APPROVE
X000142571,2026-01-17 06:33:28,C001175,A0001175,M00009,T00774,South,South,52.53,USD,card_present,chip_pin,approved,APPROVE
X000058818,2026-01-17 06:33:42,C000499,A0000499,M00492,T00550,West,West,129.97,USD,card_present,3ds,approved,APPROVE
X000244234,2026-01-17 06:34:00,C001991,A0001991,M00442,T00713,West,West,75.77,USD,mobile_wallet,wallet_biometric,approved,APPROVE
X000242546,2026-01-17 06:34:36,C001980,A0001980,M00782,T00669,Midwest,Midwest,59.98,USD,mobile_wallet,chip_pin,approved,APPROVE
X000109584,2026-01-17 06:34:40,C000916,A0000916,M00315,T01023,Midwest,Midwest,51.45,USD,mobile_wallet,3ds,approved,APPROVE
X000082837,2026-01-17 06:34:44,C000694,A0000694,M00797,T00418,South,South,187.06,USD,ecommerce,chip_pin,approved,APPROVE
X000050335,2026-01-17 06:35:30,C000422,A0000422,M00084,T00910,Midwest,Midwest,36.43,USD,ecommerce,wallet_biometric,approved,APPROVE
X000156409,2026-01-17 06:35:55,C001287,A0001287,M00798,T01060,Northeast,Northeast,51.45,USD,card_present,chip_pin,approved,APPROVE
X000151504,2026-01-17 06:36:44,C001244,A0001244,M00624,T00793,West,West,45.25,USD,card_present,3ds,approved,APPROVE
X000187351,2026-01-17 06:37:07,C001541,A0001541,M00671,T00424,Midwest,Midwest,160.84,USD,mobile_wallet,3ds,approved,APPROVE
X000116062,2026-01-17 06:37:25,C000964,A0000964,M00706,T00409,Northeast,Northeast,64.85,USD,card_present,3ds,approved,APPROVE
X000033530,2026-01-17 06:37:31,C000285,A0000285,M00592,T00596,South,South,61.07,USD,ecommerce,magstripe,approved,APPROVE
X000034403,2026-01-17 06:37:34,C000292,A0000292,M00533,T00261,Northeast,Northeast,51.46,USD,card_present,3ds,approved,APPROVE
X000102030,2026-01-17 06:38:04,C000859,A0000859,M00587,T00725,South,South,137.06,USD,ecommerce,wallet_biometric,approved,APPROVE
X000179341,2026-01-17 06:38:16,C001476,A0001476,M00219,T00193,Northeast,Northeast,139.06,USD,ecommerce,wallet_biometric,approved,APPROVE
X000207816,2026-01-17 06:38:23,C001696,A0001696,M00623,T00969,Midwest,Midwest,55.96,USD,ecommerce,chip_pin,approved,APPROVE
X000056759,2026-01-17 06:38:29,C000480,A0000480,M00049,T01047,West,West,82.27,USD,mobile_wallet,chip_pin,approved,APPROVE
X000141787,2026-01-17 06:38:37,C001169,A0001169,M00679,T00947,Northeast,Northeast,96.96,USD,card_present,magstripe,approved,APPROVE
X000150949,2026-01-17 06:38:42,C001241,A0001241,M00685,T00672,Northeast,Northeast,359.06,USD,ecommerce,wallet_biometric,approved,APPROVE
X000203618,2026-01-17 06:39:08,C001666,A0001666,M00585,T00119,Midwest,Midwest,258.77,USD,card_present,wallet_biometric,approved,APPROVE
X000056211,2026-01-17 06:39:25,C000475,A0000475,M00275,T00496,Northeast,Northeast,142.98,USD,card_present,3ds,approved,APPROVE
X000186978,2026-01-17 06:39:36,C001538,A0001538,M00170,T01059,Midwest,Midwest,25.62,USD,card_present,chip_pin,approved,APPROVE
X000030384,2026-01-17 06:40:03,C000260,A0000260,M00353,T00378,Midwest,Midwest,317.41,USD,card_present,3ds,approved,APPROVE
X000164637,2026-01-17 06:40:26,C001357,A0001357,M00550,T00423,West,West,32.17,USD,card_present,magstripe,approved,APPROVE
X000037638,2026-01-17 06:40:29,C000321,A0000321,M00248,T00017,South,South,47.74,USD,card_present,magstripe,approved,APPROVE
X000009811,2026-01-17 06:40:36,C000089,A0000089,M00631,T00542,West,West,214.81,USD,card_present,chip_pin,approved,APPROVE
X000119074,2026-01-17 06:40:42,C000986,A0000986,M00215,T00873,South,South,142.24,USD,card_present,wallet_biometric,approved,APPROVE
X000186715,2026-01-17 06:40:47,C001535,A0001535,M00780,T01096,West,West,29.19,USD,ecommerce,chip_pin,approved,APPROVE
X000085827,2026-01-17 06:41:00,C000719,A0000719,M00305,T01095,Northeast,Northeast,139.6,USD,ecommerce,chip_pin,approved,APPROVE
X000057067,2026-01-17 06:41:07,C000483,A0000483,M00595,T00231,Northeast,West,108.27,USD,mobile_wallet,wallet_biometric,approved,APPROVE
X000122521,2026-01-17 06:41:14,C001016,A0001016,M00596,T00100,Northeast,Midwest,9.34,USD,mobile_wallet,3ds,approved,APPROVE
X000171706,2026-01-17 06:41:38,C001416,A0001416,M00493,T00917,West,West,35.48,USD,card_present,wallet_biometric,approved,APPROVE
X000062448,2026-01-17 06:42:03,C000531,A0000531,M00318,T00746,Midwest,Midwest,161.18,USD,card_present,wallet_biometric,approved,APPROVE
X000224058,2026-01-17 06:42:03,C001829,A0001829,M00398,T00960,South,South,64.1,USD,card_present,chip_pin,approved,APPROVE
X000088785,2026-01-17 06:42:58,C000745,A0000745,M00690,T00363,Northeast,Northeast,442.43,USD,card_present,chip_pin,approved,APPROVE
X000169825,2026-01-17 06:43:15,C001401,A0001401,M00445,T00086,Northeast,Northeast,76.14,USD,card_present,magstripe,approved,APPROVE
X000024738,2026-01-17 06:44:47,C000209,A0000209,M00576,T00152,Midwest,Midwest,57.38,USD,card_present,chip_pin,soft_decline,CHALLENGE
X000136501,2026-01-17 06:44:48,C001123,A0001123,M00598,T00149,West,West,51.47,USD,card_present,chip_pin,approved,APPROVE
X000055916,2026-01-17 06:45:51,C000472,A0000472,M00486,T00714,South,South,22.74,USD,card_present,magstripe,approved,APPROVE
X000245384,2026-01-17 06:46:14,C001999,A0001999,M00251,T00104,West,West,185.61,USD,ecommerce,chip_pin,approved,APPROVE
X000157175,2026-01-17 06:46:45,C001293,A0001293,M00406,T00668,South,South,72.17,USD,mobile_wallet,chip_pin,approved,APPROVE
X000021714,2026-01-17 06:47:24,C000187,A0000187,M00029,T00167,South,South,42.37,USD,mobile_wallet,3ds,approved,APPROVE
X000038627,2026-01-17 06:47:36,C000330,A0000330,M00293,T00835,South,South,16.41,USD,ecommerce,chip_pin,approved,APPROVE
X000199668,2026-01-17 06:48:00,C001637,A0001637,M00398,T00528,South,South,245.96,USD,ecommerce,3ds,approved,APPROVE
X000073849,2026-01-17 06:48:08,C000624,A0000624,M00127,T00810,South,South,60.13,USD,card_present,3ds,approved,APPROVE
X000057353,2026-01-17 06:48:23,C000485,A0000485,M00305,T01095,Northeast,Northeast,94.2,USD,card_present,3ds,approved,APPROVE
X000120848,2026-01-17 06:48:24,C001004,A0001004,M00345,T01138,South,South,114.95,USD,card_present,3ds,approved,APPROVE
X000012109,2026-01-17 06:48:27,C000106,A0000106,M00457,T00634,Midwest,Midwest,26.91,USD,card_present,wallet_biometric,approved,APPROVE
X000136621,2026-01-17 06:48:29,C001124,A0001124,M00681,T01024,West,West,75.02,USD,ecommerce,wallet_biometric,approved,APPROVE
X000050042,2026-01-17 06:49:00,C000419,A0000419,M00720,T00705,Northeast,Northeast,167.27,USD,card_present,magstripe,approved,APPROVE
X000210475,2026-01-17 06:49:00,C001716,A0001716,M00048,T01172,Northeast,Northeast,88.0,USD,ecommerce,3ds,approved,APPROVE
X000049326,2026-01-17 06:49:36,C000413,A0000413,M00692,T00771,Northeast,Northeast,159.45,USD,mobile_wallet,3ds,approved,APPROVE
X000078526,2026-01-17 06:50:17,C000661,A0000661,M00700,T00884,Northeast,Northeast,13.94,USD,card_present,chip_pin,approved,APPROVE
X000004910,2026-01-17 06:50:21,C000045,A0000045,M00207,T00387,West,West,26.37,USD,ecommerce,3ds,approved,APPROVE
X000120029,2026-01-17 06:51:09,C000997,A0000997,M00501,T01003,Northeast,Northeast,30.12,USD,card_present,chip_pin,approved,APPROVE
X000059011,2026-01-17 06:51:10,C000501,A0000501,M00613,T00638,South,South,40.12,USD,card_present,chip_pin,approved,APPROVE
X000129592,2026-01-17 06:51:20,C001066,A0001066,M00338,T00600,Northeast,Northeast,49.71,USD,ecommerce,3ds,approved,APPROVE
X000206108,2026-01-17 06:51:25,C001682,A0001682,M00280,T00178,Northeast,Northeast,40.66,USD,mobile_wallet,magstripe,approved,APPROVE
X000025101,2026-01-17 06:51:29,C000213,A0000213,M00476,T00071,Midwest,Midwest,28.53,USD,ecommerce,chip_pin,approved,APPROVE
X000139943,2026-01-17 06:52:04,C001154,A0001154,M00031,T00031,South,South,265.26,USD,card_present,magstripe,approved,APPROVE
X000007138,2026-01-17 06:52:43,C000066,A0000066,M00121,T00867,West,West,24.19,USD,card_present,3ds,approved,APPROVE
X000092568,2026-01-17 06:52:43,C000775,A0000775,M00471,T00285,Northeast,Midwest,36.86,USD,ecommerce,chip_pin,approved,APPROVE
X000187771,2026-01-17 06:53:17,C001543,A0001543,M00211,T00509,Midwest,Midwest,155.74,USD,mobile_wallet,3ds,approved,APPROVE
X000203212,2026-01-17 06:53:23,C001664,A0001664,M00453,T00940,South,South,415.13,USD,card_present,3ds,approved,APPROVE
X000112977,2026-01-17 06:53:37,C000944,A0000944,M00533,T00261,Northeast,Northeast,296.71,USD,mobile_wallet,3ds,approved,APPROVE
X000229626,2026-01-17 06:54:37,C001871,A0001871,M00341,T01190,Midwest,Midwest,76.91,USD,ecommerce,chip_pin,approved,APPROVE
X000191015,2026-01-17 06:55:10,C001568,A0001568,M00171,T00523,South,Northeast,252.24,USD,card_present,chip_pin,approved,APPROVE
X000129113,2026-01-17 06:55:15,C001062,A0001062,M00788,T00404,South,South,165.28,USD,mobile_wallet,wallet_biometric,approved,APPROVE
X000143433,2026-01-17 06:55:41,C001182,A0001182,M00676,T00051,Midwest,Midwest,38.18,USD,card_present,chip_pin,approved,APPROVE
X000157176,2026-01-17 06:56:19,C001293,A0001293,M00208,T00633,South,Midwest,84.24,USD,ecommerce,chip_pin,approved,APPROVE
X000215999,2026-01-17 06:56:26,C001765,A0001765,M00779,T00146,South,South,49.77,USD,card_present,3ds,approved,APPROVE
X000241349,2026-01-17 06:56:38,C001970,A0001970,M00412,T00928,Northeast,Northeast,75.51,USD,ecommerce,3ds,approved,APPROVE
X000017485,2026-01-17 06:57:16,C000150,A0000150,M00518,T00379,South,South,132.03,USD,ecommerce,wallet_biometric,approved,APPROVE
X000181171,2026-01-17 06:57:30,C001490,A0001490,M00112,T00586,West,West,237.56,USD,card_present,3ds,approved,APPROVE
X000009038,2026-01-17 06:57:33,C000082,A0000082,M00561,T00399,Midwest,Midwest,36.22,USD,mobile_wallet,chip_pin,approved,APPROVE
X000042248,2026-01-17 06:57:41,C000358,A0000358,M00392,T00305,Midwest,Midwest,246.84,USD,card_present,wallet_biometric,approved,APPROVE
X000225772,2026-01-17 06:57:52,C001840,A0001840,M00005,T01091,South,South,96.44,USD,card_present,chip_pin,approved,APPROVE
X000209501,2026-01-17 06:58:40,C001710,A0001710,M00264,T00659,Midwest,Midwest,61.74,USD,card_present,chip_pin,approved,APPROVE
X000016210,2026-01-17 06:58:44,C000137,A0000137,M00736,T00065,South,South,50.25,USD,ecommerce,wallet_biometric,approved,APPROVE
X000245260,2026-01-17 06:58:44,C001998,A0001998,M00675,T00110,Midwest,Midwest,70.72,USD,card_present,3ds,approved,APPROVE
X000117498,2026-01-17 06:58:45,C000974,A0000974,M00733,T00848,Northeast,Northeast,31.98,USD,card_present,chip_pin,approved,APPROVE
X000048227,2026-01-17 07:00:37,C000405,A0000405,M00516,T00435,Northeast,Northeast,86.63,USD,card_present,3ds,approved,APPROVE
X000122414,2026-01-17 07:00:47,C001015,A0001015,M00573,T00460,Northeast,Northeast,40.05,USD,card_present,3ds,approved,APPROVE
X000219985,2026-01-17 07:01:40,C001797,A0001797,M00700,T00884,Northeast,Northeast,193.54,USD,card_present,wallet_biometric,approved,APPROVE
X000109955,2026-01-17 07:01:47,C000919,A0000919,M00009,T00774,South,South,28.43,USD,ecommerce,chip_pin,approved,APPROVE
X000179827,2026-01-17 07:01:53,C001479,A0001479,M00020,T00254,South,South,311.49,USD,card_present,magstripe,approved,APPROVE
X000167432,2026-01-17 07:01:56,C001383,A0001383,M00094,T00737,South,South,29.18,USD,mobile_wallet,chip_pin,approved,APPROVE
X000152025,2026-01-17 07:02:18,C001250,A0001250,M00383,T00570,Midwest,Midwest,39.4,USD,card_present,chip_pin,approved,APPROVE
X000215150,2026-01-17 07:03:13,C001757,A0001757,M00737,T00804,Midwest,Midwest,78.11,USD,card_present,chip_pin,approved,APPROVE
X000021398,2026-01-17 07:03:40,C000186,A0000186,M00724,T01129,West,West,487.92,USD,mobile_wallet,3ds,approved,APPROVE
X000022257,2026-01-17 07:03:42,C000192,A0000192,M00670,T00842,Northeast,Northeast,36.75,USD,ecommerce,wallet_biometric,approved,APPROVE
X000043067,2026-01-17 07:03:42,C000364,A0000364,M00457,T00242,Midwest,Midwest,100.4,USD,mobile_wallet,chip_pin,approved,APPROVE
X000178499,2026-01-17 07:04:21,C001470,A0001470,M00585,T00119,Midwest,Midwest,295.42,USD,ecommerce,chip_pin,approved,APPROVE
X000101876,2026-01-17 07:04:30,C000858,A0000858,M00282,T01131,South,South,67.36,USD,card_present,chip_pin,approved,APPROVE
X000155105,2026-01-17 07:04:58,C001278,A0001278,M00613,T00852,South,South,51.97,USD,card_present,3ds,approved,APPROVE
X000118431,2026-01-17 07:05:55,C000980,A0000980,M00528,T00475,Midwest,Midwest,328.19,USD,ecommerce,chip_pin,approved,APPROVE
X000130582,2026-01-17 07:06:21,C001074,A0001074,M00667,T00182,Northeast,Northeast,114.35,USD,card_present,chip_pin,approved,APPROVE
X000034633,2026-01-17 07:06:43,C000294,A0000294,M00073,T00757,South,South,65.54,USD,ecommerce,chip_pin,approved,APPROVE
X000152354,2026-01-17 07:06:55,C001253,A0001253,M00475,T00965,Midwest,Midwest,41.24,USD,card_present,3ds,approved,APPROVE
X000128812,2026-01-17 07:06:59,C001060,A0001060,M00682,T00517,Northeast,Northeast,180.94,USD,ecommerce,chip_pin,approved,APPROVE
X000079461,2026-01-17 07:07:28,C000669,A0000669,M00260,T00534,West,West,16.88,USD,card_present,wallet_biometric,approved,APPROVE
X000133485,2026-01-17 07:07:35,C001100,A0001100,M00528,T00301,Midwest,Midwest,14.46,USD,card_present,chip_pin,soft_decline,CHALLENGE
X000054771,2026-01-17 07:08:35,C000463,A0000463,M00303,T00765,Northeast,Northeast,19.56,USD,card_present,3ds,approved,APPROVE
X000161244,2026-01-17 07:08:42,C001331,A0001331,M00285,T00604,Midwest,Midwest,20.66,USD,ecommerce,magstripe,approved,APPROVE
X000207696,2026-01-17 07:08:49,C001695,A0001695,M00087,T00716,South,South,271.42,USD,card_present,wallet_biometric,approved,APPROVE
X000088786,2026-01-17 07:10:29,C000745,A0000745,M00459,T00204,Northeast,Northeast,228.3,USD,card_present,wallet_biometric,approved,APPROVE
X000239275,2026-01-17 07:10:30,C001952,A0001952,M00655,T00487,Midwest,Midwest,58.4,USD,card_present,3ds,approved,APPROVE
X000121217,2026-01-17 07:10:48,C001007,A0001007,M00040,T01012,Northeast,Northeast,27.35,USD,ecommerce,3ds,approved,APPROVE
X000241112,2026-01-17 07:10:54,C001968,A0001968,M00394,T00597,South,South,118.37,USD,ecommerce,magstripe,approved,APPROVE
X000071041,2026-01-17 07:11:08,C000603,A0000603,M00251,T00782,West,West,16.35,USD,card_present,chip_pin,approved,APPROVE
X000106814,2026-01-17 07:11:14,C000895,A0000895,M00301,T00790,South,South,53.92,USD,ecommerce,wallet_biometric,approved,APPROVE
X000019403,2026-01-17 07:11:36,C000168,A0000168,M00295,T00163,South,South,50.31,USD,card_present,wallet_biometric,approved,APPROVE
X000180425,2026-01-17 07:11:41,C001483,A0001483,M00691,T00755,Northeast,Northeast,429.4,USD,card_present,chip_pin,approved,APPROVE
X000181172,2026-01-17 07:11:46,C001490,A0001490,M00766,T00445,West,West,218.73,USD,ecommerce,chip_pin,approved,APPROVE
X000227926,2026-01-17 07:12:15,C001857,A0001857,M00276,T01082,Northeast,Northeast,233.68,USD,mobile_wallet,3ds,soft_decline,CHALLENGE
X000047933,2026-01-17 07:12:16,C000404,A0000404,M00017,T00257,Midwest,Midwest,204.68,USD,ecommerce,chip_pin,approved,APPROVE
X000190825,2026-01-17 07:12:25,C001567,A0001567,M00099,T00891,South,South,150.06,USD,ecommerce,chip_pin,approved,APPROVE
X000174441,2026-01-17 07:12:43,C001437,A0001437,M00323,T00655,South,South,38.52,USD,ecommerce,3ds,approved,APPROVE
X000121097,2026-01-17 07:13:25,C001006,A0001006,M00677,T00293,Northeast,Northeast,88.6,USD,card_present,magstripe,approved,APPROVE
X000046254,2026-01-17 07:13:45,C000388,A0000388,M00443,T00564,South,South,75.34,USD,mobile_wallet,wallet_biometric,approved,APPROVE
X000126375,2026-01-17 07:13:58,C001041,A0001041,M00068,T00322,Northeast,Northeast,42.31,USD,card_present,chip_pin,approved,APPROVE
X000206219,2026-01-17 07:13:58,C001683,A0001683,M00511,T00501,Midwest,Midwest,35.88,USD,mobile_wallet,magstripe,approved,APPROVE
X000103592,2026-01-17 07:14:07,C000872,A0000872,M00147,T00489,South,South,19.71,USD,ecommerce,3ds,approved,APPROVE
X000002771,2026-01-17 07:15:07,C000027,A0000027,M00758,T00785,Northeast,Northeast,156.49,USD,card_present,chip_pin,approved,APPROVE
X000179828,2026-01-17 07:15:41,C001479,A0001479,M00020,T00254,South,South,312.96,USD,card_present,chip_pin,approved,APPROVE
X000077543,2026-01-17 07:15:49,C000653,A0000653,M00647,T00957,West,West,164.53,USD,ecommerce,wallet_biometric,approved,APPROVE
X000109150,2026-01-17 07:15:50,C000914,A0000914,M00326,T01151,Northeast,Northeast,93.26,USD,card_present,magstripe,approved,APPROVE
X000212975,2026-01-17 07:16:23,C001739,A0001739,M00153,T00753,South,South,48.39,USD,ecommerce,chip_pin,approved,APPROVE
X000221652,2026-01-17 07:16:36,C001806,A0001806,M00798,T00402,Northeast,Northeast,426.98,USD,card_present,chip_pin,approved,APPROVE
X000001535,2026-01-17 07:16:46,C000015,A0000015,M00784,T00354,South,South,102.21,USD,ecommerce,chip_pin,approved,APPROVE
X000241113,2026-01-17 07:16:46,C001968,A0001968,M00396,T00828,South,West,48.71,USD,ecommerce,magstripe,approved,APPROVE
X000220427,2026-01-17 07:17:37,C001799,A0001799,M00150,T00526,South,South,116.13,USD,card_present,chip_pin,approved,APPROVE
X000051884,2026-01-17 07:17:45,C000439,A0000439,M00604,T00623,Northeast,Northeast,51.47,USD,card_present,chip_pin,approved,APPROVE
X000231673,2026-01-17 07:18:52,C001890,A0001890,M00211,T01068,Midwest,Midwest,177.29,USD,card_present,wallet_biometric,approved,APPROVE
X000107249,2026-01-17 07:18:56,C000899,A0000899,M00159,T01088,Northeast,Northeast,88.18,USD,card_present,chip_pin,approved,APPROVE
X000156641,2026-01-17 07:19:10,C001289,A0001289,M00351,T00802,West,West,243.86,USD,card_present,wallet_biometric,approved,APPROVE
X000216747,2026-01-17 07:19:12,C001772,A0001772,M00265,T00865,West,West,39.81,USD,card_present,chip_pin,approved,APPROVE
X000007484,2026-01-17 07:19:56,C000069,A0000069,M00610,T00995,Midwest,Midwest,49.62,USD,ecommerce,magstripe,approved,APPROVE
X000148542,2026-01-17 07:20:00,C001225,A0001225,M00507,T00488,South,South,136.19,USD,card_present,chip_pin,approved,APPROVE
X000018678,2026-01-17 07:20:29,C000160,A0000160,M00342,T00375,Midwest,Midwest,24.59,USD,ecommerce,chip_pin,approved,APPROVE
X000087302,2026-01-17 07:20:33,C000733,A0000733,M00513,T00308,Midwest,Midwest,196.53,USD,card_present,3ds,approved,APPROVE
X000142891,2026-01-17 07:20:41,C001177,A0001177,M00732,T00420,Midwest,West,43.81,USD,card_present,chip_pin,approved,APPROVE
X000186356,2026-01-17 07:20:43,C001532,A0001532,M00523,T00390,Midwest,Midwest,252.72,USD,ecommerce,wallet_biometric,approved,APPROVE
X000130883,2026-01-17 07:20:55,C001077,A0001077,M00021,T00406,South,South,51.31,USD,card_present,3ds,approved,APPROVE
X000239276,2026-01-17 07:21:10,C001952,A0001952,M00655,T00487,Midwest,Midwest,38.94,USD,card_present,3ds,approved,APPROVE
X000069685,2026-01-17 07:21:33,C000593,A0000593,M00052,T00717,South,South,921.08,USD,card_present,wallet_biometric,approved,APPROVE
X000086643,2026-01-17 07:22:06,C000727,A0000727,M00767,T00890,South,South,62.08,USD,card_present,chip_pin,approved,APPROVE
X000117601,2026-01-17 07:22:18,C000975,A0000975,M00211,T01050,Midwest,Midwest,81.12,USD,card_present,3ds,approved,APPROVE
X000161425,2026-01-17 07:22:40,C001332,A0001332,M00434,T00808,South,South,264.71,USD,card_present,3ds,approved,APPROVE
X000017486,2026-01-17 07:23:09,C000150,A0000150,M00518,T00379,South,South,398.1,USD,card_present,magstripe,approved,APPROVE
X000060224,2026-01-17 07:23:15,C000513,A0000513,M00262,T00998,South,South,130.32,USD,card_present,3ds,soft_decline,CHALLENGE
X000074078,2026-01-17 07:23:23,C000626,A0000626,M00447,T00749,South,South,53.55,USD,card_present,chip_pin,approved,APPROVE
X000167806,2026-01-17 07:24:07,C001387,A0001387,M00446,T00838,South,South,39.56,USD,card_present,chip_pin,approved,APPROVE
X000085345,2026-01-17 07:24:25,C000713,A0000713,M00074,T01036,South,South,48.25,USD,mobile_wallet,3ds,approved,APPROVE
X000047268,2026-01-17 07:24:32,C000398,A0000398,M00406,T00057,South,South,39.01,USD,card_present,chip_pin,approved,APPROVE
X000039777,2026-01-17 07:24:47,C000338,A0000338,M00637,T00508,Northeast,Northeast,100.47,USD,card_present,magstripe,approved,APPROVE
X000020093,2026-01-17 07:25:30,C000174,A0000174,M00684,T01008,West,West,24.38,USD,ecommerce,3ds,approved,APPROVE
X000037929,2026-01-17 07:25:54,C000324,A0000324,M00689,T00395,Northeast,Northeast,25.72,USD,card_present,wallet_biometric,approved,APPROVE
X000036460,2026-01-17 07:26:20,C000312,A0000312,M00480,T00012,West,West,12.3,USD,card_present,3ds,approved,APPROVE
X000007804,2026-01-17 07:27:12,C000072,A0000072,M00251,T00069,West,West,171.97,USD,card_present,chip_pin,approved,APPROVE
X000184445,2026-01-17 07:27:29,C001520,A0001520,M00595,T00231,West,West,295.4,USD,card_present,magstripe,approved,APPROVE
X000101802,2026-01-17 07:27:53,C000857,A0000857,M00681,T00888,West,West,45.11,USD,card_present,3ds,approved,APPROVE
X000205207,2026-01-17 07:28:33,C001677,A0001677,M00309,T00916,Northeast,Northeast,27.83,USD,card_present,3ds,approved,APPROVE
X000125950,2026-01-17 07:29:44,C001038,A0001038,M00585,T00052,Midwest,Midwest,21.88,USD,mobile_wallet,chip_pin,approved,APPROVE
X000211043,2026-01-17 07:30:06,C001721,A0001721,M00269,T00339,Northeast,West,52.49,USD,mobile_wallet,chip_pin,approved,APPROVE
X000041905,2026-01-17 07:30:16,C000355,A0000355,M00217,T00041,South,South,74.65,USD,mobile_wallet,chip_pin,approved,APPROVE
X000192279,2026-01-17 07:30:16,C001578,A0001578,M00770,T00715,Midwest,Midwest,35.63,USD,mobile_wallet,3ds,approved,APPROVE
X000206668,2026-01-17 07:30:43,C001687,A0001687,M00745,T00823,Northeast,Northeast,85.63,USD,mobile_wallet,wallet_biometric,approved,APPROVE
X000027765,2026-01-17 07:30:46,C000239,A0000239,M00535,T00761,West,West,33.83,USD,card_present,3ds,approved,APPROVE
X000030385,2026-01-17 07:30:55,C000260,A0000260,M00056,T01147,Midwest,Midwest,51.25,USD,ecommerce,magstripe,approved,APPROVE
X000091694,2026-01-17 07:31:12,C000769,A0000769,M00738,T00002,South,South,741.32,USD,mobile_wallet,chip_pin,approved,APPROVE
X000244967,2026-01-17 07:31:28,C001996,A0001996,M00282,T01131,South,South,44.69,USD,ecommerce,chip_pin,approved,APPROVE
X000157419,2026-01-17 07:31:29,C001295,A0001295,M00347,T00674,Midwest,Midwest,58.22,USD,card_present,magstripe,approved,APPROVE
X000208860,2026-01-17 07:32:13,C001704,A0001704,M00737,T00466,Midwest,Midwest,134.33,USD,ecommerce,chip_pin,approved,APPROVE
X000193672,2026-01-17 07:32:19,C001592,A0001592,M00502,T00019,South,Northeast,222.39,USD,ecommerce,chip_pin,approved,APPROVE
X000070232,2026-01-17 07:32:20,C000597,A0000597,M00090,T00822,South,South,201.31,USD,card_present,chip_pin,approved,APPROVE
X000135790,2026-01-17 07:32:31,C001116,A0001116,M00753,T00413,South,South,77.55,USD,card_present,chip_pin,approved,APPROVE
X000163417,2026-01-17 07:32:42,C001348,A0001348,M00099,T00459,South,South,39.3,USD,ecommerce,magstripe,approved,APPROVE
X000195982,2026-01-17 07:33:22,C001610,A0001610,M00735,T00059,Midwest,Midwest,59.24,USD,ecommerce,3ds,soft_decline,CHALLENGE
X000012110,2026-01-17 07:34:56,C000106,A0000106,M00457,T00634,Midwest,Midwest,107.76,USD,card_present,chip_pin,approved,APPROVE
X000175358,2026-01-17 07:35:23,C001444,A0001444,M00599,T00736,West,West,12.47,USD,card_present,chip_pin,approved,APPROVE
X000223562,2026-01-17 07:35:25,C001823,A0001823,M00378,T00467,South,South,40.07,USD,mobile_wallet,chip_pin,approved,APPROVE
X000205644,2026-01-17 07:35:26,C001679,A0001679,M00342,T00375,Midwest,Midwest,303.8,USD,ecommerce,wallet_biometric,approved,APPROVE
X000103765,2026-01-17 07:35:44,C000873,A0000873,M00282,T01131,South,South,122.78,USD,card_present,3ds,approved,APPROVE
X000215151,2026-01-17 07:35:58,C001757,A0001757,M00200,T00734,Midwest,Midwest,136.35,USD,card_present,chip_pin,approved,APPROVE
X000138681,2026-01-17 07:36:12,C001142,A0001142,M00283,T01004,Northeast,Northeast,627.79,USD,card_present,3ds,approved,APPROVE
X000196966,2026-01-17 07:36:21,C001618,A0001618,M00351,T00802,West,West,66.68,USD,card_present,3ds,approved,APPROVE
X000228540,2026-01-17 07:36:43,C001861,A0001861,M00160,T00039,South,South,77.62,USD,ecommerce,magstripe,approved,APPROVE
X000127049,2026-01-17 07:36:56,C001046,A0001046,M00146,T00711,Northeast,Northeast,108.79,USD,card_present,wallet_biometric,approved,APPROVE
X000129114,2026-01-17 07:37:28,C001062,A0001062,M00788,T00404,South,South,69.94,USD,card_present,chip_pin,approved,APPROVE
X000064390,2026-01-17 07:37:41,C000547,A0000547,M00754,T00229,West,West,151.9,USD,card_present,wallet_biometric,approved,APPROVE
X000053481,2026-01-17 07:37:58,C000452,A0000452,M00459,T00795,Northeast,Northeast,74.12,USD,ecommerce,chip_pin,approved,APPROVE
X000187217,2026-01-17 07:38:11,C001540,A0001540,M00769,T00996,West,West,54.35,USD,card_present,chip_pin,approved,APPROVE
X000105213,2026-01-17 07:38:40,C000885,A0000885,M00222,T00844,South,South,123.97,USD,mobile_wallet,chip_pin,approved,APPROVE
X000124578,2026-01-17 07:39:05,C001030,A0001030,M00452,T00101,Northeast,Northeast,325.86,USD,ecommerce,magstripe,approved,APPROVE
X000224904,2026-01-17 07:39:06,C001834,A0001834,M00037,T00364,West,West,40.97,USD,card_present,wallet_biometric,approved,APPROVE
X000025763,2026-01-17 07:39:40,C000220,A0000220,M00285,T01108,Midwest,Midwest,237.76,USD,card_present,3ds,approved,APPROVE
X000012644,2026-01-17 07:39:46,C000110,A0000110,M00038,T00519,South,South,36.73,USD,card_present,3ds,approved,APPROVE
X000112094,2026-01-17 07:41:03,C000936,A0000936,M00738,T00899,South,South,19.67,USD,ecommerce,3ds,approved,APPROVE
X000219986,2026-01-17 07:41:15,C001797,A0001797,M00659,T00047,Northeast,Northeast,129.98,USD,card_present,wallet_biometric,approved,APPROVE
X000026532,2026-01-17 07:42:04,C000228,A0000228,M00645,T00155,South,South,11.39,USD,ecommerce,chip_pin,approved,APPROVE
X000233293,2026-01-17 07:42:09,C001902,A0001902,M00074,T01036,South,South,173.99,USD,card_present,magstripe,approved,APPROVE
X000027321,2026-01-17 07:43:04,C000235,A0000235,M00507,T00488,South,South,15.1,USD,ecommerce,chip_pin,approved,APPROVE
X000209765,2026-01-17 07:43:28,C001712,A0001712,M00173,T01167,South,South,55.5,USD,card_present,3ds,approved,APPROVE
X000148543,2026-01-17 07:44:06,C001225,A0001225,M00247,T01144,South,South,104.5,USD,card_present,wallet_biometric,approved,APPROVE
X000144191,2026-01-17 07:44:33,C001187,A0001187,M00786,T00092,Northeast,Northeast,62.58,USD,ecommerce,chip_pin,approved,APPROVE
X000126058,2026-01-17 07:44:34,C001039,A0001039,M00168,T00944,Northeast,Northeast,141.12,USD,ecommerce,wallet_biometric,approved,APPROVE
X000239017,2026-01-17 07:44:43,C001950,A0001950,M00596,T00100,Midwest,Midwest,14.58,USD,ecommerce,3ds,approved,APPROVE
X000190080,2026-01-17 07:44:48,C001562,A0001562,M00229,T00718,Northeast,Northeast,242.21,USD,card_present,3ds,approved,APPROVE
X000033954,2026-01-17 07:45:10,C000289,A0000289,M00096,T00202,West,West,112.22,USD,card_present,chip_pin,approved,APPROVE
X000138794,2026-01-17 07:45:18,C001143,A0001143,M00534,T00729,West,West,105.4,USD,card_present,chip_pin,approved,APPROVE
X000129791,2026-01-17 07:46:16,C001067,A0001067,M00180,T01184,Midwest,West,186.98,USD,card_present,3ds,approved,APPROVE
X000113334,2026-01-17 07:46:31,C000945,A0000945,M00147,T00489,South,South,19.34,USD,card_present,chip_pin,approved,APPROVE
X000130057,2026-01-17 07:47:05,C001068,A0001068,M00044,T01081,Northeast,Northeast,23.29,USD,card_present,chip_pin,approved,APPROVE
X000006077,2026-01-17 07:47:20,C000056,A0000056,M00074,T00967,South,South,86.62,USD,card_present,chip_pin,approved,APPROVE
X000102031,2026-01-17 07:47:52,C000859,A0000859,M00052,T00013,South,South,245.41,USD,ecommerce,chip_pin,approved,APPROVE
X000185120,2026-01-17 07:47:52,C001524,A0001524,M00532,T00040,West,West,143.1,USD,mobile_wallet,wallet_biometric,approved,APPROVE
X000161426,2026-01-17 07:47:57,C001332,A0001332,M00768,T00929,South,South,113.91,USD,card_present,wallet_biometric,approved,APPROVE
X000007074,2026-01-17 07:48:19,C000065,A0000065,M00657,T00743,South,South,18.5,USD,card_present,chip_pin,approved,APPROVE
X000213507,2026-01-17 07:49:18,C001743,A0001743,M00054,T00295,West,West,12.68,USD,ecommerce,magstripe,approved,APPROVE
X000081577,2026-01-17 07:49:49,C000683,A0000683,M00087,T00594,South,South,68.99,USD,mobile_wallet,3ds,approved,APPROVE
X000023630,2026-01-17 07:50:16,C000201,A0000201,M00085,T00814,Northeast,Northeast,750.61,USD,mobile_wallet,3ds,approved,APPROVE
X000207029,2026-01-17 07:50:24,C001689,A0001689,M00335,T00070,South,South,93.99,USD,card_present,chip_pin,approved,APPROVE
X000119888,2026-01-17 07:50:43,C000996,A0000996,M00596,T01101,Midwest,Midwest,14.33,USD,ecommerce,chip_pin,approved,APPROVE
X000025184,2026-01-17 07:50:50,C000214,A0000214,M00248,T00017,South,South,53.11,USD,ecommerce,chip_pin,approved,APPROVE
X000124579,2026-01-17 07:51:24,C001030,A0001030,M00452,T00101,Northeast,Northeast,120.27,USD,card_present,chip_pin,approved,APPROVE
X000007805,2026-01-17 07:51:39,C000072,A0000072,M00251,T00069,West,West,189.59,USD,card_present,chip_pin,approved,APPROVE
X000024146,2026-01-17 07:51:50,C000204,A0000204,M00439,T00973,Northeast,West,36.46,USD,ecommerce,chip_pin,approved,APPROVE
X000221256,2026-01-17 07:52:20,C001804,A0001804,M00154,T01001,South,South,111.12,USD,mobile_wallet,wallet_biometric,approved,APPROVE
X000235460,2026-01-17 07:52:20,C001919,A0001919,M00758,T00785,Northeast,Northeast,28.05,USD,card_present,chip_pin,approved,APPROVE
X000150572,2026-01-17 07:52:23,C001239,A0001239,M00170,T01059,Midwest,Midwest,50.67,USD,ecommerce,magstripe,soft_decline,CHALLENGE
X000223900,2026-01-17 07:52:47,C001827,A0001827,M00015,T00330,South,South,20.74,USD,card_present,chip_pin,approved,APPROVE
X000034181,2026-01-17 07:52:51,C000290,A0000290,M00111,T01015,Midwest,Midwest,165.67,USD,card_present,magstripe,approved,APPROVE
X000092120,2026-01-17 07:52:52,C000771,A0000771,M00547,T00371,Northeast,Northeast,24.3,USD,ecommerce,3ds,approved,APPROVE
X000195714,2026-01-17 07:53:15,C001607,A0001607,M00095,T00821,Northeast,Northeast,65.46,USD,card_present,chip_pin,approved,APPROVE
X000000286,2026-01-17 07:53:44,C000003,A0000003,M00385,T00962,South,South,72.19,USD,ecommerce,chip_pin,approved,APPROVE
X000179342,2026-01-17 07:54:03,C001476,A0001476,M00520,T00143,Northeast,Midwest,280.45,USD,mobile_wallet,3ds,approved,APPROVE
X000118790,2026-01-17 07:54:06,C000984,A0000984,M00521,T00168,Northeast,Northeast,19.38,USD,card_present,chip_pin,approved,APPROVE
X000030069,2026-01-17 07:54:12,C000258,A0000258,M00533,T00376,Northeast,Northeast,11.84,USD,card_present,wallet_biometric,approved,APPROVE
X000069841,2026-01-17 07:54:14,C000594,A0000594,M00789,T00886,Midwest,Midwest,28.79,USD,card_present,magstripe,approved,APPROVE
X000242547,2026-01-17 07:55:00,C001980,A0001980,M00342,T00483,Midwest,Midwest,211.47,USD,card_present,3ds,approved,APPROVE
X000208500,2026-01-17 07:55:01,C001702,A0001702,M00413,T00299,West,West,306.67,USD,card_present,chip_pin,approved,APPROVE
X000015106,2026-01-17 07:55:59,C000128,A0000128,M00253,T00291,South,South,41.42,USD,card_present,wallet_biometric,approved,APPROVE
X000238002,2026-01-17 07:56:06,C001942,A0001942,M00392,T00577,Midwest,Midwest,60.37,USD,ecommerce,chip_pin,approved,APPROVE
X000236445,2026-01-17 07:56:08,C001929,A0001929,M00790,T00112,Northeast,Northeast,134.64,USD,card_present,magstripe,approved,APPROVE
X000050186,2026-01-17 07:56:17,C000420,A0000420,M00486,T00714,South,South,14.14,USD,card_present,chip_pin,approved,APPROVE
X000001344,2026-01-17 07:56:38,C000014,A0000014,M00345,T00208,South,South,102.02,USD,card_present,chip_pin,soft_decline,CHALLENGE
X000092169,2026-01-17 07:56:47,C000772,A0000772,M00517,T00647,Midwest,Midwest,19.69,USD,card_present,chip_pin,approved,APPROVE
X000152355,2026-01-17 07:57:14,C001253,A0001253,M00585,T00052,Midwest,Midwest,58.66,USD,card_present,chip_pin,approved,APPROVE
X000069133,2026-01-17 07:57:24,C000588,A0000588,M00323,T01185,South,South,244.28,USD,card_present,3ds,approved,APPROVE
X000015486,2026-01-17 07:57:26,C000132,A0000132,M00484,T00728,South,South,129.52,USD,ecommerce,3ds,approved,APPROVE
X000105651,2026-01-17 07:57:58,C000888,A0000888,M00378,T00467,West,South,132.96,USD,card_present,chip_pin,approved,APPROVE
X000168242,2026-01-17 07:58:26,C001391,A0001391,M00193,T00346,West,West,232.32,USD,card_present,chip_pin,approved,APPROVE
X000003694,2026-01-17 07:58:50,C000032,A0000032,M00453,T00831,South,South,37.26,USD,mobile_wallet,3ds,approved,APPROVE
X000216000,2026-01-17 08:01:03,C001765,A0001765,M00779,T00146,South,South,62.65,USD,ecommerce,chip_pin,approved,APPROVE
X000107424,2026-01-17 08:01:08,C000900,A0000900,M00414,T00189,Midwest,Midwest,376.58,USD,ecommerce,chip_pin,approved,APPROVE
X000099094,2026-01-17 08:01:22,C000831,A0000831,M00608,T00219,South,South,41.32,USD,ecommerce,chip_pin,approved,APPROVE
X000141348,2026-01-17 08:01:31,C001164,A0001164,M00193,T01073,West,West,120.17,USD,ecommerce,chip_pin,approved,APPROVE
X000206371,2026-01-17 08:02:12,C001685,A0001685,M00524,T00505,West,West,28.56,USD,ecommerce,3ds,approved,APPROVE
X000099425,2026-01-17 08:02:33,C000835,A0000835,M00110,T00096,South,South,56.54,USD,card_present,chip_pin,approved,APPROVE
X000206669,2026-01-17 08:02:37,C001687,A0001687,M00745,T00823,Northeast,Northeast,316.75,USD,ecommerce,chip_pin,approved,APPROVE
X000112022,2026-01-17 08:02:39,C000935,A0000935,M00191,T00441,Midwest,Midwest,28.87,USD,ecommerce,3ds,approved,APPROVE
X000052981,2026-01-17 08:03:00,C000447,A0000447,M00077,T00723,South,South,45.2,USD,ecommerce,3ds,approved,APPROVE
X000044792,2026-01-17 08:03:17,C000378,A0000378,M00301,T01109,South,South,400.46,USD,card_present,3ds,approved,APPROVE
X000028051,2026-01-17 08:03:19,C000242,A0000242,M00057,T00959,West,West,10.07,USD,card_present,chip_pin,approved,APPROVE
X000203475,2026-01-17 08:03:24,C001665,A0001665,M00007,T00210,South,South,50.68,USD,mobile_wallet,wallet_biometric,approved,APPROVE
X000027149,2026-01-17 08:03:57,C000234,A0000234,M00420,T00678,West,West,129.32,USD,card_present,chip_pin,approved,APPROVE
X000116762,2026-01-17 08:04:00,C000969,A0000969,M00003,T00787,South,South,241.48,USD,ecommerce,chip_pin,approved,APPROVE
X000220605,2026-01-17 08:04:29,C001800,A0001800,M00168,T00981,Northeast,Northeast,552.75,USD,card_present,3ds,approved,APPROVE
X000079203,2026-01-17 08:04:53,C000667,A0000667,M00679,T00587,Northeast,Northeast,109.49,USD,card_present,chip_pin,approved,APPROVE
X000007806,2026-01-17 08:05:00,C000072,A0000072,M00251,T00069,West,West,248.31,USD,mobile_wallet,3ds,approved,APPROVE
X000183532,2026-01-17 08:05:05,C001510,A0001510,M00077,T00783,South,South,32.31,USD,card_present,3ds,approved,APPROVE
X000004356,2026-01-17 08:06:21,C000039,A0000039,M00366,T00195,Northeast,Northeast,13.47,USD,card_present,chip_pin,approved,APPROVE
X000079683,2026-01-17 08:06:46,C000671,A0000671,M00148,T01086,Midwest,Midwest,140.3,USD,ecommerce,wallet_biometric,approved,APPROVE
X000110629,2026-01-17 08:06:46,C000924,A0000924,M00769,T00996,West,West,338.98,USD,mobile_wallet,chip_pin,approved,APPROVE
X000003405,2026-01-17 08:07:33,C000030,A0000030,M00596,T01101,Midwest,Midwest,29.15,USD,mobile_wallet,chip_pin,approved,APPROVE
X000189001,2026-01-17 08:07:39,C001553,A0001553,M00023,T00108,Midwest,Midwest,106.0,USD,ecommerce,3ds,approved,APPROVE
X000126545,2026-01-17 08:08:01,C001042,A0001042,M00601,T00458,South,South,7.73,USD,ecommerce,chip_pin,approved,APPROVE
X000074960,2026-01-17 08:08:16,C000631,A0000631,M00690,T00361,Northeast,Northeast,626.89,USD,ecommerce,3ds,approved,APPROVE
X000154658,2026-01-17 08:08:44,C001275,A0001275,M00327,T00251,South,South,124.25,USD,card_present,chip_pin,approved,APPROVE
X000185756,2026-01-17 08:08:46,C001527,A0001527,M00431,T00547,West,West,26.11,USD,ecommerce,chip_pin,approved,APPROVE
X000097515,2026-01-17 08:08:52,C000817,A0000817,M00326,T00127,Northeast,Northeast,30.37,USD,mobile_wallet,chip_pin,approved,APPROVE
X000097878,2026-01-17 08:09:28,C000820,A0000820,M00217,T00041,South,South,115.58,USD,ecommerce,chip_pin,approved,APPROVE
X000103319,2026-01-17 08:09:50,C000869,A0000869,M00679,T00587,Northeast,Northeast,54.14,USD,card_present,3ds,approved,APPROVE
X000197387,2026-01-17 08:09:57,C001621,A0001621,M00269,T00339,West,West,137.23,USD,card_present,chip_pin,approved,APPROVE
X000201588,2026-01-17 08:10:15,C001650,A0001650,M00232,T00367,West,West,295.33,USD,card_present,3ds,approved,APPROVE
X000234389,2026-01-17 08:10:37,C001911,A0001911,M00413,T00299,West,West,26.01,USD,card_present,3ds,approved,APPROVE
X000138795,2026-01-17 08:11:03,C001143,A0001143,M00534,T00729,West,West,41.75,USD,mobile_wallet,wallet_biometric,approved,APPROVE
X000162834,2026-01-17 08:12:41,C001344,A0001344,M00428,T00264,West,West,51.73,USD,card_present,3ds,approved,APPROVE
X000180026,2026-01-17 08:12:42,C001480,A0001480,M00795,T00503,Northeast,Northeast,118.61,USD,card_present,3ds,approved,APPROVE
X000029307,2026-01-17 08:13:32,C000253,A0000253,M00294,T00731,South,South,143.41,USD,mobile_wallet,wallet_biometric,approved,APPROVE
X000217028,2026-01-17 08:13:58,C001773,A0001773,M00183,T01168,South,South,709.83,USD,ecommerce,chip_pin,approved,APPROVE
X000210476,2026-01-17 08:14:03,C001716,A0001716,M00048,T01172,Northeast,Northeast,76.61,USD,mobile_wallet,chip_pin,approved,APPROVE
X000243534,2026-01-17 08:14:29,C001987,A0001987,M00784,T00756,South,South,238.35,USD,mobile_wallet,3ds,approved,APPROVE
X000227105,2026-01-17 08:14:33,C001852,A0001852,M00130,T00214,South,South,171.5,USD,card_present,3ds,approved,APPROVE
X000073107,2026-01-17 08:14:34,C000618,A0000618,M00309,T01011,Northeast,Northeast,29.36,USD,ecommerce,chip_pin,approved,APPROVE
X000051123,2026-01-17 08:15:15,C000430,A0000430,M00253,T00043,South,South,28.69,USD,card_present,chip_pin,approved,APPROVE
X000164638,2026-01-17 08:15:20,C001357,A0001357,M00724,T00630,West,West,14.43,USD,ecommerce,wallet_biometric,approved,APPROVE
X000236769,2026-01-17 08:15:33,C001931,A0001931,M00264,T01070,Midwest,Midwest,23.85,USD,ecommerce,chip_pin,approved,APPROVE
X000150723,2026-01-17 08:15:57,C001240,A0001240,M00190,T00615,West,West,136.44,USD,card_present,chip_pin,approved,APPROVE
X000095427,2026-01-17 08:16:56,C000797,A0000797,M00367,T00335,South,South,13.9,USD,card_present,3ds,approved,APPROVE
X000236287,2026-01-17 08:17:00,C001928,A0001928,M00225,T00294,Midwest,Midwest,41.68,USD,card_present,3ds,approved,APPROVE
X000027451,2026-01-17 08:17:14,C000236,A0000236,M00264,T00543,Midwest,Midwest,110.79,USD,mobile_wallet,3ds,approved,APPROVE
X000118130,2026-01-17 08:17:17,C000978,A0000978,M00594,T01188,Northeast,Northeast,286.07,USD,card_present,chip_pin,approved,APPROVE
X000041013,2026-01-17 08:17:43,C000348,A0000348,M00778,T01132,South,South,37.28,USD,card_present,chip_pin,approved,APPROVE
X000087027,2026-01-17 08:17:49,C000729,A0000729,M00726,T00968,Northeast,Northeast,74.76,USD,card_present,wallet_biometric,approved,APPROVE
X000117750,2026-01-17 08:18:19,C000976,A0000976,M00148,T01086,Midwest,Midwest,258.23,USD,mobile_wallet,chip_pin,approved,APPROVE
X000112488,2026-01-17 08:18:37,C000941,A0000941,M00580,T00415,South,South,65.71,USD,ecommerce,3ds,approved,APPROVE
X000113335,2026-01-17 08:19:08,C000945,A0000945,M00293,T00835,South,South,30.09,USD,card_present,chip_pin,approved,APPROVE
X000240715,2026-01-17 08:19:16,C001963,A0001963,M00712,T00064,South,South,28.1,USD,card_present,wallet_biometric,approved,APPROVE
X000174442,2026-01-17 08:19:30,C001437,A0001437,M00323,T00655,South,South,87.99,USD,mobile_wallet,3ds,approved,APPROVE
X000177023,2026-01-17 08:20:13,C001459,A0001459,M00239,T00747,South,South,161.19,USD,mobile_wallet,chip_pin,approved,APPROVE
X000207467,2026-01-17 08:20:17,C001693,A0001693,M00434,T00133,South,South,91.11,USD,ecommerce,3ds,approved,APPROVE
X000037639,2026-01-17 08:21:07,C000321,A0000321,M00195,T00595,South,South,18.12,USD,card_present,chip_pin,soft_decline,CHALLENGE
X000132268,2026-01-17 08:21:13,C001090,A0001090,M00406,T00668,South,South,67.97,USD,card_present,chip_pin,approved,APPROVE
X000242061,2026-01-17 08:21:37,C001976,A0001976,M00592,T00596,South,South,23.82,USD,mobile_wallet,3ds,approved,APPROVE
X000244570,2026-01-17 08:21:38,C001994,A0001994,M00025,T00427,Northeast,Northeast,18.52,USD,ecommerce,chip_pin,approved,APPROVE
X000139711,2026-01-17 08:22:12,C001152,A0001152,M00048,T01172,Northeast,Northeast,111.76,USD,card_present,chip_pin,approved,APPROVE
X000228383,2026-01-17 08:22:14,C001860,A0001860,M00139,T00128,Northeast,Northeast,63.63,USD,mobile_wallet,magstripe,approved,APPROVE
X000114275,2026-01-17 08:22:32,C000951,A0000951,M00687,T01115,Midwest,Midwest,80.01,USD,card_present,chip_pin,approved,APPROVE
X000161527,2026-01-17 08:22:43,C001333,A0001333,M00036,T01181,Northeast,Northeast,233.08,USD,ecommerce,wallet_biometric,approved,APPROVE
X000015756,2026-01-17 08:23:25,C000134,A0000134,M00227,T00504,Northeast,Midwest,31.81,USD,mobile_wallet,wallet_biometric,approved,APPROVE
X000230118,2026-01-17 08:23:25,C001876,A0001876,M00540,T01173,West,West,125.26,USD,ecommerce,3ds,approved,APPROVE
X000049836,2026-01-17 08:23:37,C000417,A0000417,M00343,T00030,West,West,53.52,USD,ecommerce,chip_pin,approved,APPROVE
X000195186,2026-01-17 08:23:51,C001604,A0001604,M00517,T01092,Midwest,Midwest,127.3,USD,card_present,chip_pin,approved,APPROVE
X000148544,2026-01-17 08:23:53,C001225,A0001225,M00247,T01144,South,South,322.91,USD,card_present,chip_pin,approved,APPROVE
X000209502,2026-01-17 08:23:58,C001710,A0001710,M00264,T00659,Midwest,Midwest,248.18,USD,card_present,chip_pin,approved,APPROVE
X000026094,2026-01-17 08:25:39,C000222,A0000222,M00606,T00185,West,West,36.09,USD,card_present,chip_pin,approved,APPROVE
X000027322,2026-01-17 08:25:52,C000235,A0000235,M00038,T00874,South,South,33.49,USD,ecommerce,chip_pin,approved,APPROVE
X000078458,2026-01-17 08:26:01,C000660,A0000660,M00001,T00955,South,South,32.49,USD,card_present,chip_pin,approved,APPROVE
X000218063,2026-01-17 08:26:19,C001781,A0001781,M00328,T00351,Midwest,Midwest,41.9,USD,ecommerce,chip_pin,approved,APPROVE
X000090267,2026-01-17 08:26:30,C000755,A0000755,M00604,T00623,Northeast,Northeast,46.58,USD,ecommerce,3ds,approved,APPROVE
X000087588,2026-01-17 08:26:46,C000735,A0000735,M00526,T00055,South,South,105.89,USD,ecommerce,wallet_biometric,approved,APPROVE
X000189695,2026-01-17 08:26:51,C001559,A0001559,M00270,T00562,South,South,83.79,USD,mobile_wallet,3ds,approved,APPROVE
X000206670,2026-01-17 08:26:51,C001687,A0001687,M00745,T00823,Northeast,Northeast,251.53,USD,card_present,3ds,approved,APPROVE
X000243355,2026-01-17 08:26:52,C001986,A0001986,M00276,T00685,Northeast,Northeast,29.24,USD,card_present,3ds,soft_decline,CHALLENGE
X000039384,2026-01-17 08:27:24,C000335,A0000335,M00349,T00076,West,West,42.46,USD,card_present,chip_pin,approved,APPROVE
X000027150,2026-01-17 08:27:42,C000234,A0000234,M00420,T00678,West,West,69.96,USD,ecommerce,chip_pin,approved,APPROVE
X000009951,2026-01-17 08:28:11,C000090,A0000090,M00638,T00151,Northeast,Northeast,51.74,USD,card_present,magstripe,approved,APPROVE
X000056444,2026-01-17 08:28:11,C000477,A0000477,M00341,T00572,Midwest,Midwest,39.06,USD,ecommerce,wallet_biometric,approved,APPROVE
X000178056,2026-01-17 08:28:20,C001465,A0001465,M00587,T01174,South,South,76.61,USD,ecommerce,3ds,approved,APPROVE
X000014058,2026-01-17 08:28:37,C000119,A0000119,M00430,T01143,South,South,80.46,USD,ecommerce,wallet_biometric,approved,APPROVE
X000017487,2026-01-17 08:29:03,C000150,A0000150,M00394,T00597,South,South,207.88,USD,mobile_wallet,3ds,approved,APPROVE
X000199669,2026-01-17 08:29:16,C001637,A0001637,M00398,T00528,South,South,162.34,USD,card_present,3ds,approved,APPROVE
X000007485,2026-01-17 08:30:37,C000069,A0000069,M00610,T00995,Midwest,Midwest,27.65,USD,card_present,wallet_biometric,approved,APPROVE
X000090722,2026-01-17 08:30:51,C000760,A0000760,M00183,T00617,South,South,55.26,USD,mobile_wallet,chip_pin,approved,APPROVE
X000156642,2026-01-17 08:30:52,C001289,A0001289,M00351,T00802,West,West,549.41,USD,mobile_wallet,3ds,approved,APPROVE
X000121971,2026-01-17 08:31:02,C001012,A0001012,M00191,T00591,Midwest,Midwest,96.6,USD,card_present,wallet_biometric,approved,APPROVE
X000095063,2026-01-17 08:31:19,C000794,A0000794,M00413,T01078,West,West,44.75,USD,ecommerce,wallet_biometric,approved,APPROVE
X000084940,2026-01-17 08:31:22,C000710,A0000710,M00265,T00865,West,West,177.18,USD,ecommerce,3ds,approved,APPROVE
X000237732,2026-01-17 08:31:52,C001939,A0001939,M00271,T00227,Northeast,Northeast,32.0,USD,card_present,3ds,approved,APPROVE
X000002364,2026-01-17 08:32:48,C000022,A0000022,M00486,T00714,South,South,71.79,USD,card_present,magstripe,approved,APPROVE
X000151740,2026-01-17 08:33:48,C001247,A0001247,M00486,T00714,South,South,47.67,USD,card_present,chip_pin,approved,APPROVE
X000078833,2026-01-17 08:34:19,C000664,A0000664,M00131,T00897,West,West,37.63,USD,card_present,chip_pin,approved,APPROVE
X000160734,2026-01-17 08:35:07,C001327,A0001327,M00553,T00764,West,West,39.79,USD,card_present,3ds,approved,APPROVE
X000124004,2026-01-17 08:35:12,C001026,A0001026,M00600,T00407,South,South,237.63,USD,card_present,3ds,approved,APPROVE
X000101455,2026-01-17 08:36:32,C000853,A0000853,M00125,T00778,West,West,37.26,USD,card_present,chip_pin,approved,APPROVE
X000116882,2026-01-17 08:36:36,C000970,A0000970,M00038,T00321,South,South,17.67,USD,card_present,chip_pin,approved,APPROVE
X000029879,2026-01-17 08:36:49,C000256,A0000256,M00112,T00586,West,West,54.01,USD,card_present,wallet_biometric,approved,APPROVE
X000013582,2026-01-17 08:36:51,C000116,A0000116,M00504,T00422,Northeast,Northeast,419.51,USD,ecommerce,chip_pin,approved,APPROVE
X000016508,2026-01-17 08:37:16,C000140,A0000140,M00703,T00135,Midwest,Midwest,26.87,USD,mobile_wallet,wallet_biometric,approved,APPROVE
X000129792,2026-01-17 08:37:36,C001067,A0001067,M00414,T00189,Midwest,Midwest,357.32,USD,card_present,chip_pin,approved,APPROVE
X000045391,2026-01-17 08:37:38,C000381,A0000381,M00416,T00403,West,West,106.05,USD,ecommerce,wallet_biometric,approved,APPROVE
X000211451,2026-01-17 08:37:55,C001725,A0001725,M00213,T00876,Northeast,Northeast,71.47,USD,ecommerce,chip_pin,approved,APPROVE
X000018413,2026-01-17 08:38:07,C000157,A0000157,M00778,T00222,South,South,78.77,USD,card_present,3ds,approved,APPROVE
X000096919,2026-01-17 08:38:17,C000811,A0000811,M00335,T00138,South,South,79.8,USD,card_present,magstripe,approved,APPROVE
X000125395,2026-01-17 08:38:17,C001033,A0001033,M00270,T00935,South,South,7.44,USD,ecommerce,wallet_biometric,approved,APPROVE
X000141072,2026-01-17 08:38:30,C001162,A0001162,M00091,T00954,Midwest,Midwest,85.08,USD,card_present,chip_pin,approved,APPROVE
X000070461,2026-01-17 08:38:47,C000598,A0000598,M00736,T00065,South,South,29.25,USD,ecommerce,wallet_biometric,approved,APPROVE
X000150053,2026-01-17 08:39:07,C001236,A0001236,M00232,T00156,West,West,112.11,USD,ecommerce,chip_pin,approved,APPROVE
X000039682,2026-01-17 08:39:43,C000337,A0000337,M00579,T01107,West,West,81.4,USD,card_present,chip_pin,approved,APPROVE
X000102932,2026-01-17 08:39:48,C000865,A0000865,M00301,T01109,South,South,330.46,USD,mobile_wallet,chip_pin,approved,APPROVE
X000116993,2026-01-17 08:40:06,C000971,A0000971,M00270,T00562,South,South,82.74,USD,card_present,chip_pin,approved,APPROVE
X000120349,2026-01-17 08:40:09,C001000,A0001000,M00791,T00739,South,South,24.81,USD,card_present,chip_pin,approved,APPROVE
X000196967,2026-01-17 08:40:48,C001618,A0001618,M00069,T00652,West,West,82.78,USD,ecommerce,chip_pin,approved,APPROVE
X000059779,2026-01-17 08:40:54,C000509,A0000509,M00011,T01040,West,West,60.26,USD,card_present,3ds,approved,APPROVE
X000040736,2026-01-17 08:41:33,C000346,A0000346,M00692,T00191,Northeast,Northeast,84.51,USD,ecommerce,3ds,approved,APPROVE
X000152026,2026-01-17 08:41:40,C001250,A0001250,M00383,T00570,Midwest,Midwest,25.45,USD,ecommerce,3ds,approved,APPROVE
X000196356,2026-01-17 08:41:48,C001613,A0001613,M00687,T01156,Midwest,Midwest,796.82,USD,mobile_wallet,wallet_biometric,approved,APPROVE
X000130511,2026-01-17 08:42:29,C001073,A0001073,M00387,T00289,Northeast,Northeast,67.95,USD,mobile_wallet,chip_pin,approved,APPROVE
X000109585,2026-01-17 08:43:41,C000916,A0000916,M00315,T01023,Midwest,Midwest,59.07,USD,card_present,chip_pin,approved,APPROVE
X000239277,2026-01-17 08:44:09,C001952,A0001952,M00615,T00560,Midwest,Midwest,104.71,USD,ecommerce,wallet_biometric,approved,APPROVE
X000114779,2026-01-17 08:44:19,C000955,A0000955,M00460,T00478,Midwest,Midwest,70.51,USD,ecommerce,chip_pin,approved,APPROVE
X000240069,2026-01-17 08:44:26,C001958,A0001958,M00286,T00067,West,West,96.66,USD,card_present,3ds,approved,APPROVE
X000002772,2026-01-17 08:44:28,C000027,A0000027,M00354,T00796,Northeast,Northeast,107.98,USD,card_present,wallet_biometric,approved,APPROVE
X000082682,2026-01-17 08:44:56,C000693,A0000693,M00343,T00030,West,West,149.89,USD,card_present,chip_pin,approved,APPROVE
X000185121,2026-01-17 08:45:08,C001524,A0001524,M00524,T00237,West,West,192.33,USD,card_present,magstripe,approved,APPROVE
X000090087,2026-01-17 08:45:32,C000753,A0000753,M00492,T00550,West,West,46.59,USD,card_present,chip_pin,approved,APPROVE
X000107425,2026-01-17 08:45:43,C000900,A0000900,M00414,T00189,Midwest,Midwest,80.18,USD,card_present,3ds,approved,APPROVE
X000189118,2026-01-17 08:46:36,C001554,A0001554,M00022,T00194,South,South,31.62,USD,ecommerce,chip_pin,approved,APPROVE
X000025005,2026-01-17 08:47:11,C000212,A0000212,M00326,T00288,Northeast,Northeast,129.42,USD,card_present,wallet_biometric,approved,APPROVE
X000147083,2026-01-17 08:47:11,C001213,A0001213,M00331,T00956,Midwest,Midwest,76.81,USD,card_present,3ds,approved,APPROVE
X000243784,2026-01-17 08:48:02,C001988,A0001988,M00305,T00827,South,Northeast,43.01,USD,card_present,magstripe,approved,APPROVE
X000151505,2026-01-17 08:49:18,C001244,A0001244,M00265,T01076,West,West,86.81,USD,ecommerce,chip_pin,approved,APPROVE
X000240070,2026-01-17 08:49:43,C001958,A0001958,M00493,T00281,West,West,209.35,USD,ecommerce,chip_pin,approved,APPROVE
X000237043,2026-01-17 08:51:53,C001934,A0001934,M00790,T00112,Northeast,Northeast,110.42,USD,ecommerce,3ds,approved,APPROVE
X000243785,2026-01-17 08:52:12,C001988,A0001988,M00394,T00980,South,South,143.33,USD,mobile_wallet,chip_pin,approved,APPROVE
X000238759,2026-01-17 08:52:33,C001948,A0001948,M00266,T01058,Northeast,Northeast,149.89,USD,card_present,wallet_biometric,approved,APPROVE
X000175447,2026-01-17 08:52:34,C001445,A0001445,M00213,T01006,Northeast,Northeast,85.26,USD,card_present,chip_pin,approved,APPROVE
X000178057,2026-01-17 08:53:05,C001465,A0001465,M00587,T01174,South,South,127.5,USD,card_present,wallet_biometric,approved,APPROVE
X000131103,2026-01-17 08:54:05,C001079,A0001079,M00154,T01001,South,South,57.48,USD,card_present,3ds,approved,APPROVE
X000039385,2026-01-17 08:54:10,C000335,A0000335,M00349,T00076,West,West,192.63,USD,mobile_wallet,3ds,approved,APPROVE
X000037802,2026-01-17 08:54:36,C000323,A0000323,M00669,T00703,South,South,193.9,USD,card_present,wallet_biometric,approved,APPROVE
X000212244,2026-01-17 08:55:30,C001732,A0001732,M00187,T00256,South,South,74.41,USD,card_present,chip_pin,approved,APPROVE
X000112978,2026-01-17 08:56:16,C000944,A0000944,M00109,T00548,Northeast,Northeast,200.3,USD,card_present,wallet_biometric,approved,APPROVE
X000106054,2026-01-17 08:56:24,C000891,A0000891,M00295,T00163,South,South,29.34,USD,card_present,3ds,approved,APPROVE
X000239278,2026-01-17 08:56:28,C001952,A0001952,M00304,T00684,Midwest,Midwest,172.19,USD,ecommerce,chip_pin,approved,APPROVE
X000089079,2026-01-17 08:56:35,C000746,A0000746,M00784,T00354,South,South,88.11,USD,card_present,3ds,approved,APPROVE
X000086824,2026-01-17 08:56:38,C000728,A0000728,M00122,T00225,South,South,140.97,USD,card_present,wallet_biometric,approved,APPROVE
X000162713,2026-01-17 08:56:48,C001343,A0001343,M00594,T01188,Northeast,Northeast,51.34,USD,mobile_wallet,magstripe,approved,APPROVE
X000230119,2026-01-17 08:57:20,C001876,A0001876,M00302,T01118,West,Northeast,195.05,USD,card_present,chip_pin,approved,APPROVE
X000238936,2026-01-17 08:57:37,C001949,A0001949,M00191,T00188,Midwest,Midwest,63.67,USD,mobile_wallet,3ds,approved,APPROVE
X000191713,2026-01-17 08:58:02,C001573,A0001573,M00125,T00414,West,West,138.75,USD,card_present,wallet_biometric,approved,APPROVE
X000049633,2026-01-17 08:58:48,C000415,A0000415,M00549,T00456,South,South,67.18,USD,mobile_wallet,wallet_biometric,approved,APPROVE
X000189910,2026-01-17 08:58:56,C001561,A0001561,M00542,T01166,South,South,97.63,USD,card_present,magstripe,approved,APPROVE
X000077051,2026-01-17 08:59:23,C000648,A0000648,M00602,T00692,Northeast,Northeast,12.07,USD,mobile_wallet,chip_pin,approved,APPROVE
X000198591,2026-01-17 08:59:26,C001627,A0001627,M00608,T00027,South,South,407.35,USD,ecommerce,magstripe,approved,APPROVE
X000067338,2026-01-17 09:00:05,C000571,A0000571,M00094,T00737,South,South,436.3,USD,ecommerce,chip_pin,approved,APPROVE
X000074780,2026-01-17 09:00:44,C000630,A0000630,M00216,T00994,West,West,204.38,USD,mobile_wallet,wallet_biometric,approved,APPROVE
X000089981,2026-01-17 09:01:16,C000752,A0000752,M00253,T01072,South,South,97.9,USD,mobile_wallet,chip_pin,approved,APPROVE
X000147844,2026-01-17 09:01:31,C001221,A0001221,M00699,T00493,Midwest,Midwest,89.93,USD,card_present,3ds,approved,APPROVE
X000201201,2026-01-17 09:01:31,C001648,A0001648,M00768,T00457,South,South,129.27,USD,ecommerce,chip_pin,approved,APPROVE
X000143726,2026-01-17 09:01:58,C001185,A0001185,M00679,T01139,Northeast,Northeast,137.43,USD,mobile_wallet,chip_pin,approved,APPROVE
X000051680,2026-01-17 09:02:07,C000437,A0000437,M00412,T00593,Northeast,Northeast,32.91,USD,ecommerce,chip_pin,approved,APPROVE
X000075886,2026-01-17 09:02:21,C000638,A0000638,M00730,T00009,West,West,18.8,USD,ecommerce,3ds,approved,APPROVE
X000091695,2026-01-17 09:02:33,C000769,A0000769,M00262,T00060,South,South,319.46,USD,card_present,3ds,approved,APPROVE
X000031314,2026-01-17 09:02:36,C000265,A0000265,M00770,T01186,Midwest,Midwest,29.92,USD,card_present,wallet_biometric,approved,APPROVE
X000115089,2026-01-17 09:02:45,C000957,A0000957,M00368,T00442,West,West,30.04,USD,mobile_wallet,wallet_biometric,approved,APPROVE
X000238312,2026-01-17 09:03:20,C001945,A0001945,M00406,T00057,South,South,23.11,USD,card_present,3ds,approved,APPROVE
X000125760,2026-01-17 09:03:22,C001036,A0001036,M00430,T01143,South,South,48.5,USD,card_present,3ds,approved,APPROVE
X000083075,2026-01-17 09:03:38,C000695,A0000695,M00604,T01180,Northeast,Northeast,67.62,USD,card_present,chip_pin,approved,APPROVE
X000179054,2026-01-17 09:03:41,C001474,A0001474,M00489,T01009,Northeast,Northeast,29.51,USD,card_present,magstripe,approved,APPROVE
X000174927,2026-01-17 09:03:47,C001441,A0001441,M00566,T00359,West,West,321.77,USD,card_present,chip_pin,approved,APPROVE
X000231674,2026-01-17 09:04:08,C001890,A0001890,M00511,T00366,Midwest,Midwest,73.12,USD,ecommerce,chip_pin,approved,APPROVE
X000088787,2026-01-17 09:04:13,C000745,A0000745,M00690,T00363,Northeast,Northeast,278.38,USD,ecommerce,chip_pin,approved,APPROVE
X000223042,2026-01-17 09:04:25,C001818,A0001818,M00695,T00845,Midwest,Midwest,103.03,USD,ecommerce,wallet_biometric,approved,APPROVE
X000017083,2026-01-17 09:04:44,C000146,A0000146,M00508,T01195,Northeast,Northeast,36.45,USD,card_present,3ds,approved,APPROVE
X000017762,2026-01-17 09:05:18,C000152,A0000152,M00412,T00974,Northeast,Northeast,232.92,USD,card_present,wallet_biometric,approved,APPROVE
X000217029,2026-01-17 09:05:18,C001773,A0001773,M00335,T00138,South,South,102.18,USD,card_present,wallet_biometric,approved,APPROVE
X000070558,2026-01-17 09:05:22,C000599,A0000599,M00264,T01070,Midwest,Midwest,166.03,USD,ecommerce,3ds,approved,APPROVE
X000026634,2026-01-17 09:06:06,C000229,A0000229,M00535,T00606,South,West,24.07,USD,mobile_wallet,wallet_biometric,approved,APPROVE
X000164237,2026-01-17 09:06:13,C001354,A0001354,M00681,T01024,West,West,176.86,USD,ecommerce,magstripe,approved,APPROVE
X000210736,2026-01-17 09:06:43,C001718,A0001718,M00613,T00449,South,South,11.61,USD,card_present,magstripe,approved,APPROVE
X000137993,2026-01-17 09:07:31,C001135,A0001135,M00683,T00986,Midwest,Midwest,28.22,USD,card_present,3ds,approved,APPROVE
X000075679,2026-01-17 09:07:38,C000636,A0000636,M00195,T00595,South,South,24.95,USD,mobile_wallet,3ds,approved,APPROVE
X000227106,2026-01-17 09:07:44,C001852,A0001852,M00257,T00772,South,South,131.39,USD,card_present,magstripe,approved,APPROVE
X000015583,2026-01-17 09:07:46,C000133,A0000133,M00299,T01117,Northeast,Northeast,55.63,USD,card_present,chip_pin,approved,APPROVE
X000131217,2026-01-17 09:07:47,C001080,A0001080,M00737,T00804,Midwest,Midwest,18.77,USD,card_present,wallet_biometric,approved,APPROVE
X000068519,2026-01-17 09:08:05,C000581,A0000581,M00580,T00415,South,South,14.08,USD,mobile_wallet,wallet_biometric,approved,APPROVE
X000125506,2026-01-17 09:08:17,C001034,A0001034,M00094,T00737,South,South,66.09,USD,card_present,chip_pin,approved,APPROVE
X000226182,2026-01-17 09:08:25,C001843,A0001843,M00205,T00154,South,South,25.91,USD,ecommerce,chip_pin,approved,APPROVE
X000038399,2026-01-17 09:08:51,C000328,A0000328,M00555,T00877,Midwest,Midwest,28.87,USD,ecommerce,magstripe,approved,APPROVE
X000038954,2026-01-17 09:08:52,C000332,A0000332,M00603,T01192,Midwest,Midwest,48.67,USD,ecommerce,3ds,approved,APPROVE
X000205913,2026-01-17 09:09:19,C001680,A0001680,M00761,T01038,South,South,79.42,USD,card_present,chip_pin,approved,APPROVE
X000123065,2026-01-17 09:09:32,C001020,A0001020,M00698,T00516,West,West,319.94,USD,ecommerce,chip_pin,approved,APPROVE
X000209503,2026-01-17 09:10:07,C001710,A0001710,M00264,T00659,Midwest,Midwest,155.9,USD,card_present,chip_pin,approved,APPROVE
X000160569,2026-01-17 09:10:12,C001326,A0001326,M00040,T00439,Northeast,Northeast,49.41,USD,card_present,3ds,approved,APPROVE
X000008548,2026-01-17 09:10:13,C000078,A0000078,M00278,T01124,Northeast,Northeast,105.07,USD,ecommerce,3ds,approved,APPROVE
X000032946,2026-01-17 09:10:25,C000279,A0000279,M00130,T00939,South,South,53.22,USD,ecommerce,3ds,approved,APPROVE
X000011092,2026-01-17 09:10:34,C000100,A0000100,M00697,T00612,West,West,107.41,USD,card_present,chip_pin,approved,APPROVE
X000102032,2026-01-17 09:10:39,C000859,A0000859,M00007,T00210,South,South,173.75,USD,ecommerce,chip_pin,approved,APPROVE
X000035088,2026-01-17 09:10:57,C000298,A0000298,M00675,T00405,Midwest,Midwest,207.19,USD,ecommerce,wallet_biometric,approved,APPROVE
X000072609,2026-01-17 09:10:57,C000614,A0000614,M00739,T00701,South,South,425.22,USD,mobile_wallet,chip_pin,approved,APPROVE
X000119726,2026-01-17 09:11:12,C000994,A0000994,M00070,T00004,Northeast,Northeast,122.02,USD,mobile_wallet,chip_pin,approved,APPROVE
X000119185,2026-01-17 09:11:33,C000987,A0000987,M00255,T00819,West,West,60.28,USD,ecommerce,3ds,approved,APPROVE
X000112308,2026-01-17 09:11:35,C000939,A0000939,M00352,T00215,Midwest,Midwest,63.87,USD,ecommerce,chip_pin,approved,APPROVE
X000095344,2026-01-17 09:12:09,C000796,A0000796,M00513,T00308,Midwest,Midwest,13.4,USD,card_present,wallet_biometric,approved,APPROVE
X000003695,2026-01-17 09:12:21,C000032,A0000032,M00295,T00163,South,South,39.91,USD,card_present,chip_pin,approved,APPROVE
X000204703,2026-01-17 09:13:32,C001671,A0001671,M00413,T01078,West,West,54.68,USD,ecommerce,magstripe,approved,APPROVE
X000023448,2026-01-17 09:14:15,C000200,A0000200,M00531,T00724,Midwest,Midwest,35.83,USD,card_present,3ds,approved,APPROVE
X000081147,2026-01-17 09:14:54,C000681,A0000681,M00054,T00295,West,West,155.59,USD,card_present,chip_pin,approved,APPROVE
X000054232,2026-01-17 09:15:01,C000460,A0000460,M00320,T00150,West,West,73.71,USD,card_present,chip_pin,approved,APPROVE
X000227107,2026-01-17 09:15:17,C001852,A0001852,M00250,T01135,South,Midwest,70.99,USD,ecommerce,chip_pin,approved,APPROVE
X000202177,2026-01-17 09:15:31,C001654,A0001654,M00508,T01195,West,Northeast,184.11,USD,card_present,chip_pin,approved,APPROVE
X000004726,2026-01-17 09:15:44,C000043,A0000043,M00168,T00020,Northeast,Northeast,69.98,USD,ecommerce,3ds,approved,APPROVE
X000162714,2026-01-17 09:16:08,C001343,A0001343,M00391,T00211,Northeast,Northeast,77.57,USD,mobile_wallet,wallet_biometric,approved,APPROVE
X000188518,2026-01-17 09:16:18,C001549,A0001549,M00105,T00482,West,West,207.03,USD,mobile_wallet,chip_pin,approved,APPROVE
X000151741,2026-01-17 09:16:53,C001247,A0001247,M00122,T00225,South,South,147.58,USD,ecommerce,wallet_biometric,approved,APPROVE
X000083224,2026-01-17 09:16:58,C000696,A0000696,M00691,T01123,Northeast,Northeast,79.01,USD,card_present,chip_pin,approved,APPROVE
X000176879,2026-01-17 09:16:58,C001458,A0001458,M00046,T00132,Northeast,Northeast,81.92,USD,ecommerce,3ds,approved,APPROVE
X000171501,2026-01-17 09:17:22,C001414,A0001414,M00588,T00145,West,West,23.38,USD,mobile_wallet,3ds,approved,APPROVE
X000124580,2026-01-17 09:17:45,C001030,A0001030,M00452,T00101,Northeast,Northeast,183.64,USD,mobile_wallet,magstripe,approved,APPROVE
X000155351,2026-01-17 09:18:08,C001280,A0001280,M00012,T01105,West,West,124.01,USD,mobile_wallet,chip_pin,approved,APPROVE
X000206109,2026-01-17 09:18:12,C001682,A0001682,M00280,T00178,Northeast,Northeast,42.24,USD,card_present,3ds,approved,APPROVE
X000131218,2026-01-17 09:18:39,C001080,A0001080,M00668,T00869,Midwest,Midwest,43.79,USD,card_present,magstripe,approved,APPROVE
X000212976,2026-01-17 09:19:17,C001739,A0001739,M00153,T00753,South,South,11.16,USD,card_present,chip_pin,approved,APPROVE
X000191714,2026-01-17 09:20:06,C001573,A0001573,M00125,T00414,West,West,93.79,USD,card_present,3ds,approved,APPROVE
X000196175,2026-01-17 09:20:57,C001612,A0001612,M00303,T00765,Northeast,Northeast,232.59,USD,ecommerce,3ds,approved,APPROVE
X000028418,2026-01-17 09:21:08,C000245,A0000245,M00068,T01154,Northeast,Northeast,56.32,USD,ecommerce,wallet_biometric,approved,APPROVE
X000101137,2026-01-17 09:21:27,C000851,A0000851,M00066,T00171,West,West,632.23,USD,ecommerce,chip_pin,approved,APPROVE
X000176103,2026-01-17 09:22:20,C001451,A0001451,M00276,T00685,Northeast,Northeast,45.05,USD,ecommerce,3ds,approved,APPROVE
X000239483,2026-01-17 09:22:20,C001953,A0001953,M00666,T00992,South,South,104.24,USD,mobile_wallet,chip_pin,approved,APPROVE
X000195505,2026-01-17 09:23:04,C001606,A0001606,M00442,T00553,West,West,46.9,USD,card_present,wallet_biometric,approved,APPROVE
X000088346,2026-01-17 09:23:17,C000743,A0000743,M00335,T00070,South,South,264.09,USD,card_present,wallet_biometric,approved,APPROVE
X000210477,2026-01-17 09:23:40,C001716,A0001716,M00048,T01172,Northeast,Northeast,77.68,USD,mobile_wallet,wallet_biometric,approved,APPROVE
X000010511,2026-01-17 09:23:47,C000095,A0000095,M00077,T00306,South,South,44.85,USD,mobile_wallet,3ds,approved,APPROVE
X000230234,2026-01-17 09:24:03,C001877,A0001877,M00064,T00120,Midwest,Midwest,52.25,USD,card_present,chip_pin,approved,APPROVE
X000118432,2026-01-17 09:24:36,C000980,A0000980,M00496,T00236,Midwest,Midwest,260.21,USD,card_present,chip_pin,approved,APPROVE
X000064147,2026-01-17 09:25:16,C000544,A0000544,M00476,T00184,Midwest,Midwest,39.08,USD,ecommerce,chip_pin,approved,APPROVE
X000233294,2026-01-17 09:25:31,C001902,A0001902,M00607,T00470,South,South,115.07,USD,ecommerce,chip_pin,approved,APPROVE
X000227108,2026-01-17 09:26:07,C001852,A0001852,M00257,T00772,South,South,75.86,USD,mobile_wallet,3ds,approved,APPROVE
X000120445,2026-01-17 09:26:53,C001001,A0001001,M00668,T00869,Midwest,Midwest,41.76,USD,ecommerce,chip_pin,approved,APPROVE
X000005737,2026-01-17 09:27:31,C000053,A0000053,M00013,T00686,South,South,16.22,USD,card_present,3ds,approved,APPROVE
X000218946,2026-01-17 09:27:33,C001789,A0001789,M00602,T00692,Northeast,Northeast,186.55,USD,card_present,magstripe,approved,APPROVE
X000004357,2026-01-17 09:27:35,C000039,A0000039,M00366,T00195,Northeast,Northeast,20.27,USD,ecommerce,wallet_biometric,approved,APPROVE
X000023896,2026-01-17 09:27:40,C000202,A0000202,M00592,T00719,South,South,79.85,USD,card_present,3ds,approved,APPROVE
X000142892,2026-01-17 09:27:55,C001177,A0001177,M00476,T00184,Midwest,Midwest,27.99,USD,ecommerce,magstripe,approved,APPROVE
X000146311,2026-01-17 09:28:06,C001207,A0001207,M00255,T00742,West,West,40.65,USD,card_present,chip_pin,approved,APPROVE
X000224059,2026-01-17 09:28:19,C001829,A0001829,M00507,T00639,South,South,48.08,USD,card_present,3ds,approved,APPROVE
X000193811,2026-01-17 09:28:31,C001593,A0001593,M00559,T00805,Midwest,Midwest,18.75,USD,mobile_wallet,wallet_biometric,approved,APPROVE
X000024011,2026-01-17 09:28:56,C000203,A0000203,M00567,T01019,Northeast,Northeast,72.08,USD,ecommerce,chip_pin,approved,APPROVE
X000029551,2026-01-17 09:29:05,C000254,A0000254,M00452,T00329,Northeast,Northeast,345.5,USD,ecommerce,3ds,approved,APPROVE
X000163692,2026-01-17 09:29:22,C001349,A0001349,M00633,T00292,South,West,207.25,USD,card_present,wallet_biometric,approved,APPROVE
X000126059,2026-01-17 09:29:37,C001039,A0001039,M00301,T01109,Northeast,South,236.13,USD,ecommerce,chip_pin,approved,APPROVE
X000232005,2026-01-17 09:30:13,C001893,A0001893,M00544,T00081,South,South,217.98,USD,ecommerce,3ds,approved,APPROVE
X000081691,2026-01-17 09:30:15,C000684,A0000684,M00230,T00074,West,West,153.69,USD,card_present,chip_pin,approved,APPROVE
X000059271,2026-01-17 09:32:01,C000504,A0000504,M00797,T00303,South,South,143.2,USD,card_present,chip_pin,approved,APPROVE
X000016924,2026-01-17 09:33:11,C000144,A0000144,M00312,T00115,Northeast,Northeast,56.25,USD,mobile_wallet,chip_pin,approved,APPROVE
X000152988,2026-01-17 09:33:23,C001258,A0001258,M00154,T01001,South,South,140.57,USD,card_present,3ds,approved,APPROVE
X000026827,2026-01-17 09:33:30,C000231,A0000231,M00347,T00680,Midwest,Midwest,94.1,USD,ecommerce,3ds,approved,APPROVE
X000148899,2026-01-17 09:33:31,C001226,A0001226,M00068,T01154,Northeast,Northeast,233.37,USD,card_present,3ds,approved,APPROVE
X000004200,2026-01-17 09:33:55,C000037,A0000037,M00614,T00113,South,South,67.89,USD,ecommerce,3ds,approved,APPROVE
X000159293,2026-01-17 09:33:58,C001312,A0001312,M00552,T00463,Northeast,Northeast,98.66,USD,card_present,chip_pin,approved,APPROVE
X000165785,2026-01-17 09:35:06,C001368,A0001368,M00454,T00977,West,West,713.32,USD,card_present,wallet_biometric,approved,APPROVE
X000140216,2026-01-17 09:35:07,C001155,A0001155,M00038,T00813,South,South,160.64,USD,card_present,3ds,approved,APPROVE
X000231805,2026-01-17 09:35:53,C001891,A0001891,M00604,T01134,Northeast,Northeast,113.76,USD,card_present,3ds,approved,APPROVE
X000040633,2026-01-17 09:36:37,C000345,A0000345,M00270,T00562,South,South,57.45,USD,card_present,3ds,approved,APPROVE
X000150950,2026-01-17 09:38:24,C001241,A0001241,M00168,T00981,Northeast,Northeast,358.15,USD,card_present,wallet_biometric,approved,APPROVE
X000035960,2026-01-17 09:38:38,C000307,A0000307,M00294,T00471,South,South,36.18,USD,card_present,3ds,approved,APPROVE
X000113336,2026-01-17 09:38:54,C000945,A0000945,M00147,T00489,South,South,21.69,USD,card_present,magstripe,approved,APPROVE
X000113337,2026-01-17 09:39:44,C000945,A0000945,M00763,T00601,South,South,28.56,USD,card_present,magstripe,approved,APPROVE
X000108811,2026-01-17 09:40:26,C000912,A0000912,M00452,T00101,Northeast,Northeast,27.48,USD,ecommerce,chip_pin,approved,APPROVE
X000172162,2026-01-17 09:40:59,C001420,A0001420,M00020,T00130,South,South,55.85,USD,card_present,wallet_biometric,approved,APPROVE
X000044989,2026-01-17 09:41:28,C000379,A0000379,M00212,T00443,Midwest,Midwest,241.32,USD,card_present,chip_pin,approved,APPROVE
X000196968,2026-01-17 09:41:46,C001618,A0001618,M00756,T00999,West,West,284.91,USD,card_present,magstripe,approved,APPROVE
X000180786,2026-01-17 09:42:05,C001485,A0001485,M00227,T01146,Midwest,Midwest,82.96,USD,ecommerce,chip_pin,approved,APPROVE
X000061167,2026-01-17 09:42:07,C000521,A0000521,M00738,T00002,South,South,28.64,USD,card_present,chip_pin,approved,APPROVE
X000223818,2026-01-17 09:42:53,C001826,A0001826,M00608,T00027,South,South,11.08,USD,card_present,chip_pin,approved,APPROVE
X000005165,2026-01-17 09:42:55,C000048,A0000048,M00077,T00783,South,South,56.29,USD,ecommerce,3ds,approved,APPROVE
X000098447,2026-01-17 09:43:38,C000825,A0000825,M00264,T00543,Midwest,Midwest,29.1,USD,card_present,3ds,approved,APPROVE
X000158807,2026-01-17 09:43:44,C001306,A0001306,M00594,T00498,Northeast,Northeast,31.67,USD,ecommerce,chip_pin,approved,APPROVE
X000170044,2026-01-17 09:44:15,C001402,A0001402,M00148,T00103,Midwest,Midwest,751.69,USD,ecommerce,wallet_biometric,approved,APPROVE
X000020593,2026-01-17 09:44:26,C000179,A0000179,M00502,T00353,Northeast,Northeast,97.16,USD,card_present,chip_pin,approved,APPROVE
X000058216,2026-01-17 09:44:33,C000494,A0000494,M00740,T00080,Northeast,Northeast,16.86,USD,ecommerce,3ds,approved,APPROVE
X000076450,2026-01-17 09:44:33,C000643,A0000643,M00445,T00021,Northeast,Northeast,30.53,USD,card_present,wallet_biometric,approved,APPROVE
X000007216,2026-01-17 09:44:34,C000067,A0000067,M00020,T00130,South,South,49.77,USD,ecommerce,chip_pin,approved,APPROVE
X000027452,2026-01-17 09:44:34,C000236,A0000236,M00089,T00946,Midwest,Midwest,96.33,USD,ecommerce,chip_pin,soft_decline,CHALLENGE
X000037930,2026-01-17 09:44:47,C000324,A0000324,M00118,T00907,Northeast,West,35.26,USD,ecommerce,chip_pin,approved,APPROVE
X000192534,2026-01-17 09:44:48,C001581,A0001581,M00100,T00272,Northeast,Northeast,39.14,USD,card_present,chip_pin,approved,APPROVE
X000189342,2026-01-17 09:45:04,C001556,A0001556,M00668,T00869,Midwest,Midwest,366.08,USD,mobile_wallet,3ds,approved,APPROVE
X000050948,2026-01-17 09:45:07,C000428,A0000428,M00207,T00387,West,West,86.93,USD,card_present,magstripe,approved,APPROVE
X000173768,2026-01-17 09:45:12,C001433,A0001433,M00368,T00442,West,West,50.86,USD,mobile_wallet,chip_pin,approved,APPROVE
X000186979,2026-01-17 09:45:13,C001538,A0001538,M00170,T01059,Midwest,Midwest,58.35,USD,ecommerce,chip_pin,approved,APPROVE
X000212170,2026-01-17 09:45:15,C001731,A0001731,M00012,T00789,Midwest,West,60.42,USD,card_present,chip_pin,approved,APPROVE
X000120590,2026-01-17 09:45:45,C001002,A0001002,M00271,T00851,Northeast,Northeast,162.76,USD,mobile_wallet,chip_pin,approved,APPROVE
X000119637,2026-01-17 09:46:52,C000993,A0000993,M00184,T00058,South,South,94.42,USD,card_present,chip_pin,approved,APPROVE
X000145315,2026-01-17 09:47:21,C001196,A0001196,M00185,T00490,South,West,239.63,USD,mobile_wallet,chip_pin,approved,APPROVE
X000069595,2026-01-17 09:47:26,C000592,A0000592,M00470,T00025,South,South,52.16,USD,ecommerce,chip_pin,approved,APPROVE
X000095625,2026-01-17 09:48:12,C000799,A0000799,M00712,T00650,South,South,78.87,USD,card_present,chip_pin,approved,APPROVE
X000090596,2026-01-17 09:48:53,C000759,A0000759,M00387,T00209,Northeast,Northeast,48.13,USD,card_present,chip_pin,approved,APPROVE
X000098159,2026-01-17 09:50:06,C000822,A0000822,M00600,T00407,South,South,30.68,USD,card_present,wallet_biometric,approved,APPROVE
X000043789,2026-01-17 09:50:44,C000372,A0000372,M00309,T01075,Northeast,Northeast,16.01,USD,card_present,chip_pin,approved,APPROVE
X000046717,2026-01-17 09:50:44,C000393,A0000393,M00647,T01037,West,West,270.62,USD,card_present,chip_pin,approved,APPROVE
X000014469,2026-01-17 09:51:40,C000123,A0000123,M00296,T00252,South,South,97.91,USD,mobile_wallet,3ds,approved,APPROVE
X000169482,2026-01-17 09:52:29,C001400,A0001400,M00282,T00583,South,South,134.39,USD,ecommerce,chip_pin,approved,APPROVE
X000233024,2026-01-17 09:53:01,C001900,A0001900,M00487,T00332,South,South,36.39,USD,mobile_wallet,3ds,approved,APPROVE
X000068757,2026-01-17 09:53:20,C000584,A0000584,M00110,T00096,South,South,45.58,USD,ecommerce,magstripe,approved,APPROVE
X000171967,2026-01-17 09:53:35,C001419,A0001419,M00208,T00633,Midwest,Midwest,43.32,USD,mobile_wallet,3ds,approved,APPROVE
X000084313,2026-01-17 09:53:37,C000706,A0000706,M00285,T00370,Midwest,Midwest,28.72,USD,mobile_wallet,chip_pin,approved,APPROVE
X000047687,2026-01-17 09:53:40,C000402,A0000402,M00383,T00570,Midwest,Midwest,10.06,USD,ecommerce,3ds,approved,APPROVE
X000244235,2026-01-17 09:53:41,C001991,A0001991,M00442,T00713,West,West,180.82,USD,mobile_wallet,wallet_biometric,approved,APPROVE
X000017956,2026-01-17 09:54:00,C000153,A0000153,M00180,T00539,West,West,70.71,USD,mobile_wallet,chip_pin,approved,APPROVE
X000068520,2026-01-17 09:54:11,C000581,A0000581,M00257,T00772,South,South,80.72,USD,ecommerce,chip_pin,approved,APPROVE
X000238421,2026-01-17 09:54:38,C001946,A0001946,M00526,T00073,South,South,38.42,USD,card_present,chip_pin,approved,APPROVE
X000032198,2026-01-17 09:54:39,C000273,A0000273,M00127,T00699,South,South,58.61,USD,card_present,chip_pin,approved,APPROVE
X000076692,2026-01-17 09:55:22,C000645,A0000645,M00229,T00718,Northeast,Northeast,10.51,USD,card_present,wallet_biometric,approved,APPROVE
X000186812,2026-01-17 09:55:36,C001536,A0001536,M00253,T00043,South,South,24.18,USD,ecommerce,chip_pin,approved,APPROVE
X000111043,2026-01-17 09:56:39,C000926,A0000926,M00181,T00177,South,South,30.08,USD,card_present,3ds,approved,APPROVE
X000016678,2026-01-17 09:56:47,C000142,A0000142,M00345,T00208,South,South,44.08,USD,ecommerce,chip_pin,approved,APPROVE
X000145046,2026-01-17 09:56:48,C001194,A0001194,M00745,T00823,Northeast,Northeast,321.68,USD,card_present,chip_pin,approved,APPROVE
X000126268,2026-01-17 09:57:19,C001040,A0001040,M00184,T00058,South,South,10.95,USD,mobile_wallet,wallet_biometric,approved,APPROVE
X000230645,2026-01-17 09:57:24,C001881,A0001881,M00193,T00346,West,West,74.52,USD,ecommerce,chip_pin,approved,APPROVE
X000206110,2026-01-17 09:57:25,C001682,A0001682,M00280,T00178,Northeast,Northeast,19.16,USD,card_present,wallet_biometric,approved,APPROVE
X000189911,2026-01-17 09:57:51,C001561,A0001561,M00345,T01160,South,South,137.89,USD,card_present,3ds,approved,APPROVE
X000139266,2026-01-17 09:57:58,C001148,A0001148,M00200,T00991,Midwest,Midwest,113.67,USD,ecommerce,3ds,approved,APPROVE
X000026533,2026-01-17 09:58:13,C000228,A0000228,M00410,T00952,South,South,67.27,USD,card_present,3ds,approved,APPROVE
X000017009,2026-01-17 09:58:34,C000145,A0000145,M00067,T00948,South,South,43.76,USD,card_present,3ds,approved,APPROVE
X000092487,2026-01-17 09:58:37,C000774,A0000774,M00476,T00184,Midwest,Midwest,55.22,USD,ecommerce,3ds,approved,APPROVE
X000075887,2026-01-17 09:58:46,C000638,A0000638,M00400,T00241,West,West,55.64,USD,ecommerce,chip_pin,approved,APPROVE
X000184782,2026-01-17 09:59:06,C001522,A0001522,M00020,T00130,South,South,42.55,USD,ecommerce,3ds,approved,APPROVE
X000090184,2026-01-17 09:59:20,C000754,A0000754,M00452,T00329,Northeast,Northeast,50.78,USD,card_present,magstripe,approved,APPROVE
X000055463,2026-01-17 10:00:25,C000470,A0000470,M00667,T00182,Northeast,Northeast,185.87,USD,ecommerce,magstripe,approved,APPROVE
X000105214,2026-01-17 10:00:42,C000885,A0000885,M00222,T00844,South,South,211.05,USD,ecommerce,magstripe,approved,APPROVE
X000087303,2026-01-17 10:02:01,C000733,A0000733,M00563,T00173,Midwest,Midwest,358.91,USD,card_present,wallet_biometric,approved,APPROVE
X000188100,2026-01-17 10:02:02,C001544,A0001544,M00271,T01087,Northeast,Northeast,63.94,USD,ecommerce,chip_pin,approved,APPROVE
X000081692,2026-01-17 10:02:08,C000684,A0000684,M00037,T00050,West,West,62.32,USD,mobile_wallet,3ds,approved,APPROVE
X000123066,2026-01-17 10:02:10,C001020,A0001020,M00698,T00516,West,West,73.62,USD,ecommerce,chip_pin,approved,APPROVE
X000131897,2026-01-17 10:02:51,C001086,A0001086,M00669,T00703,South,South,28.16,USD,card_present,3ds,approved,APPROVE
X000033348,2026-01-17 10:04:03,C000283,A0000283,M00368,T00453,West,West,40.49,USD,mobile_wallet,chip_pin,approved,APPROVE
X000001949,2026-01-17 10:04:23,C000017,A0000017,M00148,T00250,Midwest,Midwest,29.19,USD,card_present,3ds,approved,APPROVE
X000178414,2026-01-17 10:04:29,C001469,A0001469,M00005,T01091,South,South,48.09,USD,card_present,wallet_biometric,approved,APPROVE
X000036066,2026-01-17 10:04:40,C000308,A0000308,M00740,T00262,Northeast,Northeast,225.01,USD,card_present,chip_pin,approved,APPROVE
X000053967,2026-01-17 10:05:45,C000457,A0000457,M00655,T00487,West,Midwest,96.9,USD,mobile_wallet,chip_pin,approved,APPROVE
X000127330,2026-01-17 10:05:49,C001050,A0001050,M00793,T01052,South,South,105.22,USD,card_present,chip_pin,approved,APPROVE
X000175848,2026-01-17 10:05:57,C001449,A0001449,M00636,T00750,West,West,60.43,USD,mobile_wallet,wallet_biometric,approved,APPROVE
X000166024,2026-01-17 10:06:06,C001369,A0001369,M00747,T00259,West,West,13.9,USD,mobile_wallet,3ds,approved,APPROVE
X000092751,2026-01-17 10:06:23,C000777,A0000777,M00199,T00748,Midwest,Midwest,52.06,USD,card_present,wallet_biometric,approved,APPROVE
X000069686,2026-01-17 10:07:53,C000593,A0000593,M00052,T00717,South,South,179.11,USD,card_present,chip_pin,approved,APPROVE
X000010274,2026-01-17 10:08:16,C000093,A0000093,M00213,T01006,Northeast,Northeast,26.82,USD,card_present,magstripe,approved,APPROVE
X000108232,2026-01-17 10:08:49,C000906,A0000906,M00689,T01179,Northeast,Northeast,141.82,USD,ecommerce,chip_pin,approved,APPROVE
X000148003,2026-01-17 10:08:53,C001222,A0001222,M00133,T00854,Northeast,Northeast,46.45,USD,ecommerce,chip_pin,approved,APPROVE
X000048919,2026-01-17 10:09:33,C000410,A0000410,M00475,T00015,Midwest,Midwest,76.6,USD,card_present,chip_pin,approved,APPROVE
X000064830,2026-01-17 10:09:57,C000550,A0000550,M00262,T01103,South,South,72.47,USD,card_present,3ds,approved,APPROVE
X000093595,2026-01-17 10:10:10,C000784,A0000784,M00481,T00265,Northeast,Northeast,26.12,USD,card_present,wallet_biometric,approved,APPROVE
X000031833,2026-01-17 10:10:26,C000270,A0000270,M00012,T00789,West,West,28.57,USD,mobile_wallet,wallet_biometric,approved,APPROVE
X000040407,2026-01-17 10:11:20,C000343,A0000343,M00282,T01071,South,South,44.19,USD,ecommerce,3ds,approved,APPROVE
X000205208,2026-01-17 10:11:23,C001677,A0001677,M00309,T00916,Northeast,Northeast,52.84,USD,ecommerce,wallet_biometric,approved,APPROVE
X000050187,2026-01-17 10:11:32,C000420,A0000420,M00205,T00871,South,South,26.83,USD,card_present,3ds,approved,APPROVE
X000242308,2026-01-17 10:11:41,C001979,A0001979,M00299,T00392,Northeast,Northeast,216.88,USD,card_present,3ds,approved,APPROVE
X000177261,2026-01-17 10:11:42,C001460,A0001460,M00148,T00250,Midwest,Midwest,316.85,USD,ecommerce,chip_pin,approved,APPROVE
X000167642,2026-01-17 10:12:01,C001385,A0001385,M00341,T00572,Midwest,Midwest,90.12,USD,card_present,chip_pin,approved,APPROVE
X000202355,2026-01-17 10:12:04,C001655,A0001655,M00784,T00756,South,South,66.79,USD,ecommerce,chip_pin,approved,APPROVE
X000025764,2026-01-17 10:12:08,C000220,A0000220,M00084,T00910,Midwest,Midwest,749.54,USD,card_present,wallet_biometric,approved,APPROVE
X000115237,2026-01-17 10:12:19,C000958,A0000958,M00282,T01131,Northeast,South,70.79,USD,ecommerce,chip_pin,approved,APPROVE
X000125507,2026-01-17 10:12:33,C001034,A0001034,M00094,T00737,South,South,21.36,USD,mobile_wallet,3ds,approved,APPROVE
X000243242,2026-01-17 10:12:54,C001985,A0001985,M00486,T00218,South,South,57.84,USD,card_present,chip_pin,approved,APPROVE
X000155106,2026-01-17 10:13:29,C001278,A0001278,M00090,T00822,South,South,44.69,USD,card_present,3ds,approved,APPROVE
X000124243,2026-01-17 10:13:57,C001028,A0001028,M00091,T00954,Midwest,Midwest,109.16,USD,card_present,chip_pin,approved,APPROVE
X000036733,2026-01-17 10:14:23,C000315,A0000315,M00200,T00734,Midwest,Midwest,286.91,USD,mobile_wallet,3ds,approved,APPROVE
X000132632,2026-01-17 10:14:27,C001093,A0001093,M00547,T00371,Northeast,Northeast,19.92,USD,ecommerce,3ds,approved,APPROVE
X000180841,2026-01-17 10:15:33,C001486,A0001486,M00788,T00018,South,South,70.16,USD,card_present,chip_pin,approved,APPROVE
X000049517,2026-01-17 10:16:21,C000414,A0000414,M00153,T00753,South,South,15.91,USD,mobile_wallet,chip_pin,approved,APPROVE
X000046718,2026-01-17 10:16:52,C000393,A0000393,M00112,T00122,West,West,392.35,USD,ecommerce,magstripe,approved,APPROVE
X000148004,2026-01-17 10:17:16,C001222,A0001222,M00288,T00279,Northeast,Northeast,47.55,USD,card_present,chip_pin,approved,APPROVE
X000012322,2026-01-17 10:18:15,C000107,A0000107,M00326,T00127,Northeast,Northeast,18.0,USD,card_present,chip_pin,approved,APPROVE
X000194845,2026-01-17 10:18:16,C001602,A0001602,M00542,T00201,South,South,121.04,USD,card_present,chip_pin,approved,APPROVE
X000002182,2026-01-17 10:19:37,C000020,A0000020,M00239,T00747,South,South,58.57,USD,card_present,chip_pin,approved,APPROVE
X000069906,2026-01-17 10:19:50,C000595,A0000595,M00434,T00133,South,South,21.04,USD,mobile_wallet,chip_pin,approved,APPROVE
X000075530,2026-01-17 10:20:04,C000635,A0000635,M00166,T00022,Northeast,Northeast,127.87,USD,card_present,chip_pin,approved,APPROVE
X000153156,2026-01-17 10:20:24,C001259,A0001259,M00397,T00682,Midwest,Midwest,114.28,USD,mobile_wallet,magstripe,approved,APPROVE
X000019557,2026-01-17 10:20:58,C000169,A0000169,M00213,T01006,Northeast,Northeast,19.22,USD,mobile_wallet,chip_pin,approved,APPROVE
X000161245,2026-01-17 10:21:17,C001331,A0001331,M00318,T00923,Midwest,Midwest,17.27,USD,mobile_wallet,3ds,approved,APPROVE
X000057427,2026-01-17 10:21:34,C000486,A0000486,M00644,T00200,West,West,35.3,USD,ecommerce,chip_pin,approved,APPROVE
X000193056,2026-01-17 10:21:45,C001585,A0001585,M00743,T00089,South,South,46.77,USD,card_present,magstripe,approved,APPROVE
X000244236,2026-01-17 10:21:53,C001991,A0001991,M00560,T00868,West,West,60.42,USD,mobile_wallet,chip_pin,approved,APPROVE
X000077052,2026-01-17 10:22:18,C000648,A0000648,M00602,T00692,Northeast,Northeast,7.55,USD,card_present,chip_pin,approved,APPROVE
X000098980,2026-01-17 10:22:19,C000830,A0000830,M00670,T00842,Northeast,Northeast,116.39,USD,card_present,chip_pin,approved,APPROVE
X000011264,2026-01-17 10:22:25,C000101,A0000101,M00536,T00537,West,West,89.09,USD,card_present,3ds,approved,APPROVE
X000040737,2026-01-17 10:22:40,C000346,A0000346,M00481,T00116,Northeast,Northeast,89.53,USD,card_present,wallet_biometric,approved,APPROVE
X000146312,2026-01-17 10:22:41,C001207,A0001207,M00562,T01175,West,West,34.36,USD,card_present,chip_pin,approved,APPROVE
X000106202,2026-01-17 10:24:04,C000892,A0000892,M00094,T00737,South,South,158.89,USD,card_present,3ds,approved,APPROVE
X000234140,2026-01-17 10:25:27,C001909,A0001909,M00166,T00022,Northeast,Northeast,38.69,USD,card_present,3ds,approved,APPROVE
X000002970,2026-01-17 10:25:34,C000028,A0000028,M00151,T00462,Midwest,Midwest,354.64,USD,card_present,3ds,approved,APPROVE
X000089362,2026-01-17 10:25:40,C000748,A0000748,M00295,T00163,South,South,589.13,USD,mobile_wallet,chip_pin,approved,APPROVE
X000186716,2026-01-17 10:26:00,C001535,A0001535,M00305,T00345,West,Northeast,31.83,USD,card_present,3ds,approved,APPROVE
X000053201,2026-01-17 10:26:06,C000449,A0000449,M00391,T00267,Northeast,Northeast,72.52,USD,ecommerce,wallet_biometric,approved,APPROVE
X000042647,2026-01-17 10:26:31,C000361,A0000361,M00758,T00785,Northeast,Northeast,51.48,USD,card_present,wallet_biometric,approved,APPROVE
X000180913,2026-01-17 10:26:37,C001487,A0001487,M00073,T00757,South,South,50.04,USD,card_present,3ds,approved,APPROVE
X000091421,2026-01-17 10:27:01,C000767,A0000767,M00020,T00254,South,South,173.99,USD,mobile_wallet,chip_pin,approved,APPROVE
X000101138,2026-01-17 10:27:30,C000851,A0000851,M00524,T00477,West,West,468.56,USD,card_present,chip_pin,approved,APPROVE
X000036067,2026-01-17 10:28:12,C000308,A0000308,M00171,T00061,Northeast,Northeast,192.35,USD,ecommerce,wallet_biometric,approved,APPROVE
X000011265,2026-01-17 10:28:16,C000101,A0000101,M00720,T00705,West,Northeast,53.11,USD,ecommerce,chip_pin,approved,APPROVE
X000155594,2026-01-17 10:28:31,C001281,A0001281,M00019,T00745,Northeast,Northeast,48.7,USD,card_present,chip_pin,approved,APPROVE
X000068025,2026-01-17 10:29:08,C000577,A0000577,M00019,T00745,Northeast,Northeast,210.57,USD,ecommerce,3ds,approved,APPROVE
X000205645,2026-01-17 10:29:27,C001679,A0001679,M00191,T01127,Midwest,Midwest,721.95,USD,card_present,chip_pin,approved,APPROVE
X000172163,2026-01-17 10:29:36,C001420,A0001420,M00087,T00078,South,South,41.82,USD,mobile_wallet,wallet_biometric,approved,APPROVE
X000176313,2026-01-17 10:29:55,C001453,A0001453,M00509,T01064,West,West,9.57,USD,card_present,wallet_biometric,approved,APPROVE
X000230646,2026-01-17 10:30:11,C001881,A0001881,M00510,T00773,West,West,32.05,USD,ecommerce,chip_pin,approved,APPROVE
X000223408,2026-01-17 10:30:39,C001821,A0001821,M00243,T00806,South,South,75.86,USD,mobile_wallet,wallet_biometric,approved,APPROVE
X000119280,2026-01-17 10:32:49,C000988,A0000988,M00691,T00755,Northeast,Northeast,9.43,USD,card_present,wallet_biometric,approved,APPROVE
X000228929,2026-01-17 10:33:04,C001865,A0001865,M00770,T00870,Midwest,Midwest,208.92,USD,mobile_wallet,wallet_biometric,approved,APPROVE
X000191874,2026-01-17 10:33:12,C001574,A0001574,M00411,T00744,West,West,167.42,USD,card_present,chip_pin,approved,APPROVE
X000126060,2026-01-17 10:33:28,C001039,A0001039,M00109,T00641,Northeast,Northeast,294.48,USD,ecommerce,3ds,approved,APPROVE
X000191016,2026-01-17 10:33:41,C001568,A0001568,M00443,T00564,South,South,53.97,USD,mobile_wallet,3ds,approved,APPROVE
X000174338,2026-01-17 10:33:45,C001436,A0001436,M00006,T00419,Midwest,Midwest,22.89,USD,card_present,3ds,approved,APPROVE
X000062449,2026-01-17 10:33:51,C000531,A0000531,M00583,T00599,Midwest,Midwest,202.29,USD,mobile_wallet,magstripe,approved,APPROVE
X000169483,2026-01-17 10:34:15,C001400,A0001400,M00282,T00583,South,South,299.46,USD,card_present,wallet_biometric,approved,APPROVE
X000219987,2026-01-17 10:35:13,C001797,A0001797,M00167,T00818,Northeast,Northeast,154.21,USD,card_present,chip_pin,approved,APPROVE
X000076693,2026-01-17 10:35:21,C000645,A0000645,M00634,T01016,Northeast,Northeast,37.08,USD,mobile_wallet,3ds,approved,APPROVE
X000039571,2026-01-17 10:35:56,C000336,A0000336,M00219,T00102,Northeast,Northeast,51.04,USD,card_present,chip_pin,approved,APPROVE
X000160570,2026-01-17 10:36:21,C001326,A0001326,M00758,T00582,Northeast,Northeast,34.44,USD,card_present,chip_pin,approved,APPROVE
X000137107,2026-01-17 10:36:31,C001127,A0001127,M00560,T00180,West,West,318.74,USD,card_present,3ds,approved,APPROVE
X000217426,2026-01-17 10:37:10,C001776,A0001776,M00442,T00105,West,West,64.55,USD,card_present,3ds,approved,APPROVE
X000222867,2026-01-17 10:37:14,C001816,A0001816,M00336,T00988,West,West,209.76,USD,card_present,wallet_biometric,approved,APPROVE
X000165786,2026-01-17 10:37:28,C001368,A0001368,M00524,T00237,West,West,933.69,USD,card_present,wallet_biometric,approved,APPROVE
X000195983,2026-01-17 10:38:16,C001610,A0001610,M00120,T00900,Midwest,Midwest,30.65,USD,mobile_wallet,chip_pin,approved,APPROVE
X000159132,2026-01-17 10:38:42,C001310,A0001310,M00409,T01085,Northeast,Northeast,44.94,USD,card_present,3ds,approved,APPROVE
X000145566,2026-01-17 10:38:56,C001199,A0001199,M00581,T00552,West,West,83.99,USD,card_present,magstripe,approved,APPROVE
X000163418,2026-01-17 10:39:28,C001348,A0001348,M00323,T01185,South,South,198.1,USD,ecommerce,3ds,approved,APPROVE
X000178058,2026-01-17 10:39:41,C001465,A0001465,M00406,T00057,South,South,137.44,USD,card_present,magstripe,approved,APPROVE
X000042648,2026-01-17 10:40:03,C000361,A0000361,M00387,T00209,Northeast,Northeast,20.98,USD,card_present,3ds,approved,APPROVE
X000140481,2026-01-17 10:40:24,C001156,A0001156,M00504,T00422,Northeast,Northeast,93.76,USD,mobile_wallet,wallet_biometric,approved,APPROVE
X000056212,2026-01-17 10:41:33,C000475,A0000475,M00679,T00947,Northeast,Northeast,95.81,USD,ecommerce,wallet_biometric,approved,APPROVE
X000159470,2026-01-17 10:41:50,C001314,A0001314,M00229,T00063,Northeast,Northeast,37.73,USD,ecommerce,3ds,approved,APPROVE
X000000835,2026-01-17 10:43:42,C000009,A0000009,M00667,T00609,Northeast,Northeast,53.93,USD,ecommerce,chip_pin,approved,APPROVE
X000080770,2026-01-17 10:43:43,C000678,A0000678,M00524,T00033,West,West,20.52,USD,ecommerce,wallet_biometric,approved,APPROVE
X000063910,2026-01-17 10:44:00,C000542,A0000542,M00008,T01199,West,West,82.25,USD,mobile_wallet,chip_pin,approved,APPROVE
X000099426,2026-01-17 10:44:26,C000835,A0000835,M00038,T00813,South,South,47.16,USD,card_present,chip_pin,approved,APPROVE
X000079684,2026-01-17 10:44:36,C000671,A0000671,M00557,T00649,Midwest,Midwest,85.91,USD,card_present,3ds,approved,APPROVE
X000192869,2026-01-17 10:45:05,C001584,A0001584,M00680,T00949,Midwest,Midwest,300.62,USD,card_present,3ds,approved,APPROVE
X000075416,2026-01-17 10:45:16,C000634,A0000634,M00766,T00816,West,West,33.41,USD,mobile_wallet,wallet_biometric,approved,APPROVE
X000219395,2026-01-17 10:45:24,C001792,A0001792,M00412,T00593,Northeast,Northeast,121.98,USD,ecommerce,chip_pin,approved,APPROVE
X000188519,2026-01-17 10:45:44,C001549,A0001549,M00416,T00451,West,West,34.47,USD,mobile_wallet,3ds,approved,APPROVE
X000035593,2026-01-17 10:45:53,C000302,A0000302,M00595,T00231,West,West,34.28,USD,card_present,3ds,approved,APPROVE
X000155697,2026-01-17 10:45:55,C001282,A0001282,M00552,T00602,Northeast,Northeast,172.07,USD,card_present,wallet_biometric,soft_decline,CHALLENGE
X000197388,2026-01-17 10:46:04,C001621,A0001621,M00416,T00403,West,West,158.82,USD,card_present,chip_pin,approved,APPROVE
X000142020,2026-01-17 10:46:22,C001171,A0001171,M00074,T01036,South,South,79.44,USD,ecommerce,magstripe,soft_decline,CHALLENGE
X000012323,2026-01-17 10:46:35,C000107,A0000107,M00157,T00598,Northeast,Northeast,46.78,USD,ecommerce,wallet_biometric,approved,APPROVE
X000147845,2026-01-17 10:46:43,C001221,A0001221,M00557,T00649,Midwest,Midwest,174.28,USD,card_present,magstripe,approved,APPROVE
X000073203,2026-01-17 10:46:59,C000619,A0000619,M00428,T00264,West,West,256.15,USD,mobile_wallet,magstripe,approved,APPROVE
X000120979,2026-01-17 10:47:07,C001005,A0001005,M00478,T00667,Midwest,Midwest,11.48,USD,ecommerce,magstripe,approved,APPROVE
X000159839,2026-01-17 10:47:07,C001318,A0001318,M00147,T00338,South,South,40.62,USD,card_present,chip_pin,approved,APPROVE
X000216490,2026-01-17 10:47:40,C001770,A0001770,M00721,T00372,Midwest,West,144.39,USD,card_present,magstripe,approved,APPROVE
X000125627,2026-01-17 10:49:30,C001035,A0001035,M00697,T00612,West,West,96.03,USD,ecommerce,3ds,approved,APPROVE
X000094566,2026-01-17 10:49:32,C000790,A0000790,M00231,T00811,South,South,201.41,USD,ecommerce,3ds,approved,APPROVE
X000213629,2026-01-17 10:50:01,C001744,A0001744,M00706,T00856,Northeast,Northeast,111.28,USD,card_present,wallet_biometric,soft_decline,CHALLENGE
X000160832,2026-01-17 10:50:33,C001328,A0001328,M00555,T00348,Midwest,Midwest,12.96,USD,card_present,3ds,approved,APPROVE
X000012860,2026-01-17 10:50:41,C000112,A0000112,M00084,T00910,Midwest,Midwest,63.53,USD,ecommerce,chip_pin,approved,APPROVE
X000103231,2026-01-17 10:50:42,C000868,A0000868,M00674,T00232,Midwest,Midwest,28.51,USD,ecommerce,chip_pin,soft_decline,CHALLENGE
X000148545,2026-01-17 10:51:08,C001225,A0001225,M00507,T00488,South,South,234.55,USD,card_present,wallet_biometric,approved,APPROVE
X000229112,2026-01-17 10:51:12,C001866,A0001866,M00296,T00252,South,South,47.34,USD,ecommerce,wallet_biometric,approved,APPROVE
X000116214,2026-01-17 10:51:51,C000965,A0000965,M00112,T00122,West,West,100.33,USD,card_present,wallet_biometric,approved,APPROVE
X000205646,2026-01-17 10:51:51,C001679,A0001679,M00342,T00375,Midwest,Midwest,104.35,USD,card_present,chip_pin,approved,APPROVE
X000174339,2026-01-17 10:52:14,C001436,A0001436,M00006,T00419,Midwest,Midwest,22.66,USD,ecommerce,chip_pin,approved,APPROVE
X000198592,2026-01-17 10:52:17,C001627,A0001627,M00608,T00027,South,South,189.12,USD,ecommerce,magstripe,approved,APPROVE
X000184446,2026-01-17 10:52:34,C001520,A0001520,M00431,T00216,West,West,229.73,USD,ecommerce,3ds,approved,APPROVE
X000000427,2026-01-17 10:52:48,C000005,A0000005,M00476,T00184,Midwest,Midwest,35.82,USD,ecommerce,chip_pin,approved,APPROVE
X000213508,2026-01-17 10:53:06,C001743,A0001743,M00265,T00269,West,West,27.36,USD,ecommerce,chip_pin,approved,APPROVE
X000092966,2026-01-17 10:53:20,C000779,A0000779,M00070,T00169,Northeast,Northeast,35.62,USD,card_present,wallet_biometric,approved,APPROVE
X000168806,2026-01-17 10:53:50,C001396,A0001396,M00073,T00757,South,South,47.61,USD,card_present,wallet_biometric,approved,APPROVE
X000110875,2026-01-17 10:54:30,C000925,A0000925,M00365,T00324,South,South,33.28,USD,card_present,magstripe,approved,APPROVE
X000146205,2026-01-17 10:56:12,C001206,A0001206,M00298,T00941,Northeast,Northeast,83.21,USD,card_present,chip_pin,approved,APPROVE
X000038752,2026-01-17 10:56:23,C000331,A0000331,M00450,T00640,Northeast,Northeast,183.99,USD,card_present,chip_pin,approved,APPROVE
X000091964,2026-01-17 10:56:24,C000770,A0000770,M00190,T00615,West,West,257.38,USD,mobile_wallet,3ds,approved,APPROVE
X000128813,2026-01-17 10:56:56,C001060,A0001060,M00679,T00587,Northeast,Northeast,224.98,USD,ecommerce,chip_pin,approved,APPROVE
X000021777,2026-01-17 10:56:58,C000188,A0000188,M00029,T00167,South,South,86.03,USD,mobile_wallet,chip_pin,soft_decline,CHALLENGE
X000029990,2026-01-17 10:57:02,C000257,A0000257,M00570,T01153,West,West,38.46,USD,mobile_wallet,chip_pin,approved,APPROVE
X000009952,2026-01-17 10:57:18,C000090,A0000090,M00638,T00151,Northeast,Northeast,23.75,USD,card_present,3ds,approved,APPROVE
X000152989,2026-01-17 10:58:17,C001258,A0001258,M00094,T00737,South,South,34.45,USD,mobile_wallet,chip_pin,approved,APPROVE
X000077165,2026-01-17 10:58:49,C000649,A0000649,M00048,T01172,Northeast,Northeast,40.6,USD,card_present,chip_pin,approved,APPROVE
X000144851,2026-01-17 10:59:30,C001193,A0001193,M00445,T00086,Northeast,Northeast,102.03,USD,card_present,chip_pin,approved,APPROVE
X000004558,2026-01-17 11:00:01,C000041,A0000041,M00301,T00790,South,South,63.66,USD,mobile_wallet,3ds,approved,APPROVE
X000172543,2026-01-17 11:00:26,C001423,A0001423,M00311,T00342,Midwest,Midwest,91.74,USD,card_present,chip_pin,approved,APPROVE
X000234961,2026-01-17 11:00:55,C001916,A0001916,M00610,T00045,Midwest,Midwest,124.58,USD,card_present,chip_pin,approved,APPROVE
X000094292,2026-01-17 11:01:10,C000789,A0000789,M00313,T00777,Northeast,Northeast,160.49,USD,ecommerce,wallet_biometric,approved,APPROVE
X000150414,2026-01-17 11:01:26,C001238,A0001238,M00335,T00070,South,South,174.95,USD,ecommerce,3ds,approved,APPROVE
X000159840,2026-01-17 11:01:36,C001318,A0001318,M00147,T00338,South,South,80.85,USD,ecommerce,wallet_biometric,approved,APPROVE
X000132915,2026-01-17 11:01:37,C001096,A0001096,M00309,T00916,Northeast,Northeast,19.74,USD,card_present,3ds,approved,APPROVE
X000194283,2026-01-17 11:02:40,C001597,A0001597,M00387,T00932,Northeast,Northeast,261.02,USD,card_present,3ds,approved,APPROVE
X000237894,2026-01-17 11:02:53,C001941,A0001941,M00717,T00614,South,South,108.27,USD,card_present,chip_pin,approved,APPROVE
X000117602,2026-01-17 11:03:18,C000975,A0000975,M00086,T00198,Midwest,Midwest,49.44,USD,mobile_wallet,3ds,approved,APPROVE
X000009039,2026-01-17 11:03:28,C000082,A0000082,M00395,T00889,Midwest,Midwest,127.11,USD,card_present,chip_pin,approved,APPROVE
X000004201,2026-01-17 11:03:44,C000037,A0000037,M00614,T00113,South,South,30.52,USD,mobile_wallet,chip_pin,approved,APPROVE
X000076027,2026-01-17 11:05:54,C000639,A0000639,M00488,T00046,Northeast,Northeast,18.56,USD,ecommerce,3ds,approved,APPROVE
X000057847,2026-01-17 11:06:34,C000491,A0000491,M00315,T01023,Midwest,Midwest,248.13,USD,card_present,chip_pin,approved,APPROVE
X000173884,2026-01-17 11:06:54,C001434,A0001434,M00740,T00262,West,Northeast,175.89,USD,card_present,chip_pin,approved,APPROVE
X000150724,2026-01-17 11:08:02,C001240,A0001240,M00461,T00574,West,West,464.84,USD,card_present,chip_pin,soft_decline,CHALLENGE
X000203920,2026-01-17 11:08:14,C001667,A0001667,M00038,T00321,South,South,89.89,USD,card_present,3ds,approved,APPROVE
X000019202,2026-01-17 11:08:39,C000166,A0000166,M00471,T00285,Midwest,Midwest,28.87,USD,mobile_wallet,chip_pin,approved,APPROVE
X000103869,2026-01-17 11:08:45,C000874,A0000874,M00507,T01055,South,South,112.75,USD,card_present,chip_pin,approved,APPROVE
X000094795,2026-01-17 11:08:55,C000792,A0000792,M00244,T00336,South,South,164.95,USD,card_present,magstripe,approved,APPROVE
X000241972,2026-01-17 11:09:01,C001975,A0001975,M00459,T00809,Northeast,Northeast,32.16,USD,card_present,chip_pin,approved,APPROVE
X000079084,2026-01-17 11:10:04,C000666,A0000666,M00037,T00364,West,West,50.27,USD,ecommerce,chip_pin,approved,APPROVE
X000183533,2026-01-17 11:10:39,C001510,A0001510,M00077,T00783,South,South,36.14,USD,ecommerce,3ds,approved,APPROVE
X000021057,2026-01-17 11:11:04,C000184,A0000184,M00212,T00443,Midwest,Midwest,199.9,USD,card_present,wallet_biometric,approved,APPROVE
X000157420,2026-01-17 11:12:08,C001295,A0001295,M00084,T00910,Midwest,Midwest,76.4,USD,card_present,chip_pin,approved,APPROVE
X000075784,2026-01-17 11:12:12,C000637,A0000637,M00282,T01131,South,South,57.72,USD,card_present,magstripe,approved,APPROVE
X000053396,2026-01-17 11:12:32,C000451,A0000451,M00070,T00004,Northeast,Northeast,48.27,USD,mobile_wallet,wallet_biometric,approved,APPROVE
X000141349,2026-01-17 11:12:54,C001164,A0001164,M00193,T01073,West,West,155.63,USD,card_present,3ds,approved,APPROVE
X000197389,2026-01-17 11:13:02,C001621,A0001621,M00269,T00339,West,West,237.88,USD,card_present,3ds,approved,APPROVE
X000167184,2026-01-17 11:13:19,C001381,A0001381,M00068,T00322,Northeast,Northeast,107.57,USD,card_present,magstripe,approved,APPROVE
X000031315,2026-01-17 11:13:38,C000265,A0000265,M00770,T01186,Midwest,Midwest,32.86,USD,mobile_wallet,3ds,approved,APPROVE
X000163006,2026-01-17 11:14:10,C001345,A0001345,M00331,T00956,Midwest,Midwest,140.98,USD,card_present,magstripe,approved,APPROVE
X000034765,2026-01-17 11:15:15,C000295,A0000295,M00542,T01166,South,South,71.67,USD,mobile_wallet,wallet_biometric,approved,APPROVE
X000146074,2026-01-17 11:15:44,C001205,A0001205,M00480,T00012,West,West,38.1,USD,card_present,3ds,approved,APPROVE
X000001950,2026-01-17 11:15:45,C000017,A0000017,M00148,T00250,Midwest,Midwest,50.13,USD,card_present,chip_pin,approved,APPROVE
X000072902,2026-01-17 11:16:07,C000616,A0000616,M00283,T01004,South,Northeast,111.44,USD,mobile_wallet,chip_pin,approved,APPROVE
X000243243,2026-01-17 11:16:11,C001985,A0001985,M00372,T00192,South,South,106.02,USD,card_present,chip_pin,approved,APPROVE
X000066383,2026-01-17 11:16:25,C000563,A0000563,M00259,T00535,Northeast,Northeast,15.47,USD,ecommerce,chip_pin,approved,APPROVE
X000068426,2026-01-17 11:16:47,C000580,A0000580,M00604,T01180,Northeast,Northeast,41.1,USD,card_present,3ds,approved,APPROVE
X000011437,2026-01-17 11:16:52,C000102,A0000102,M00560,T00636,West,West,854.49,USD,card_present,wallet_biometric,approved,APPROVE
X000050043,2026-01-17 11:16:57,C000419,A0000419,M00139,T00632,Northeast,Northeast,98.86,USD,card_present,chip_pin,approved,APPROVE
X000110205,2026-01-17 11:17:10,C000921,A0000921,M00002,T00850,Northeast,Northeast,199.05,USD,card_present,3ds,approved,APPROVE
X000068758,2026-01-17 11:18:09,C000584,A0000584,M00018,T00234,South,South,29.37,USD,mobile_wallet,3ds,approved,APPROVE
X000232006,2026-01-17 11:18:10,C001893,A0001893,M00544,T00081,South,South,195.32,USD,ecommerce,wallet_biometric,approved,APPROVE
X000172164,2026-01-17 11:18:17,C001420,A0001420,M00087,T00078,South,South,78.89,USD,ecommerce,3ds,approved,APPROVE
X000054402,2026-01-17 11:19:07,C000461,A0000461,M00244,T00277,South,South,971.0,USD,ecommerce,wallet_biometric,approved,APPROVE
X000098276,2026-01-17 11:19:12,C000823,A0000823,M00761,T00945,South,South,40.52,USD,card_present,wallet_biometric,approved,APPROVE
X000180175,2026-01-17 11:19:49,C001481,A0001481,M00604,T01180,Northeast,Northeast,18.08,USD,card_present,chip_pin,approved,APPROVE
X000168807,2026-01-17 11:21:01,C001396,A0001396,M00771,T00411,South,South,93.61,USD,ecommerce,3ds,approved,APPROVE
X000178650,2026-01-17 11:21:34,C001472,A0001472,M00289,T00362,South,South,39.34,USD,ecommerce,chip_pin,approved,APPROVE
X000074079,2026-01-17 11:22:03,C000626,A0000626,M00365,T01114,South,South,141.05,USD,card_present,chip_pin,approved,APPROVE
X000160949,2026-01-17 11:22:12,C001329,A0001329,M00675,T00836,Midwest,Midwest,22.95,USD,card_present,chip_pin,approved,APPROVE
X000141619,2026-01-17 11:22:34,C001167,A0001167,M00295,T00926,South,South,112.12,USD,ecommerce,3ds,approved,APPROVE
X000078834,2026-01-17 11:23:15,C000664,A0000664,M00320,T00150,West,West,30.27,USD,ecommerce,chip_pin,approved,APPROVE
X000089750,2026-01-17 11:23:41,C000750,A0000750,M00311,T01079,Midwest,Midwest,39.25,USD,card_present,wallet_biometric,approved,APPROVE
X000136719,2026-01-17 11:24:17,C001125,A0001125,M00415,T00857,South,Midwest,92.6,USD,card_present,wallet_biometric,approved,APPROVE
X000185418,2026-01-17 11:24:30,C001525,A0001525,M00304,T00087,Midwest,Midwest,116.96,USD,card_present,chip_pin,approved,APPROVE
X000105464,2026-01-17 11:24:34,C000887,A0000887,M00305,T00827,Northeast,Northeast,82.85,USD,ecommerce,magstripe,approved,APPROVE
X000049067,2026-01-17 11:25:34,C000411,A0000411,M00193,T01056,West,West,29.4,USD,mobile_wallet,wallet_biometric,approved,APPROVE
X000116883,2026-01-17 11:26:16,C000970,A0000970,M00192,T00798,South,South,16.59,USD,ecommerce,chip_pin,approved,APPROVE
X000046382,2026-01-17 11:26:41,C000389,A0000389,M00409,T01085,Northeast,Northeast,118.5,USD,ecommerce,magstripe,approved,APPROVE
X000227927,2026-01-17 11:26:57,C001857,A0001857,M00412,T00974,Northeast,Northeast,56.38,USD,card_present,magstripe,approved,APPROVE
X000177780,2026-01-17 11:28:02,C001462,A0001462,M00281,T00497,West,West,31.2,USD,card_present,3ds,approved,APPROVE
X000233918,2026-01-17 11:28:33,C001907,A0001907,M00766,T00816,West,West,241.87,USD,ecommerce,chip_pin,approved,APPROVE
X000223901,2026-01-17 11:28:41,C001827,A0001827,M00657,T00743,South,South,28.58,USD,card_present,chip_pin,approved,APPROVE
X000219988,2026-01-17 11:29:23,C001797,A0001797,M00167,T00818,Northeast,Northeast,204.86,USD,card_present,magstripe,approved,APPROVE
X000039386,2026-01-17 11:29:31,C000335,A0000335,M00492,T00550,West,West,29.55,USD,card_present,3ds,approved,APPROVE
X000028052,2026-01-17 11:30:10,C000242,A0000242,M00553,T00625,West,West,25.85,USD,mobile_wallet,3ds,approved,APPROVE
X000122259,2026-01-17 11:30:23,C001014,A0001014,M00052,T00013,South,South,107.39,USD,card_present,wallet_biometric,approved,APPROVE
X000237044,2026-01-17 11:31:06,C001934,A0001934,M00786,T00776,Northeast,Northeast,272.32,USD,card_present,chip_pin,approved,APPROVE
X000235134,2026-01-17 11:31:29,C001917,A0001917,M00608,T00027,South,South,191.49,USD,card_present,chip_pin,approved,APPROVE
X000081148,2026-01-17 11:31:39,C000681,A0000681,M00769,T00996,West,West,417.56,USD,mobile_wallet,3ds,approved,APPROVE
X000119075,2026-01-17 11:31:40,C000986,A0000986,M00544,T00081,South,South,124.77,USD,ecommerce,chip_pin,approved,APPROVE
X000132505,2026-01-17 11:32:05,C001092,A0001092,M00604,T00623,Northeast,Northeast,76.75,USD,mobile_wallet,chip_pin,approved,APPROVE
X000214668,2026-01-17 11:32:07,C001753,A0001753,M00110,T00096,South,South,376.32,USD,ecommerce,3ds,approved,APPROVE
X000217308,2026-01-17 11:32:19,C001774,A0001774,M00168,T00944,Northeast,Northeast,30.58,USD,ecommerce,chip_pin,approved,APPROVE
X000025185,2026-01-17 11:32:21,C000214,A0000214,M00715,T00083,South,Midwest,60.54,USD,card_present,3ds,approved,APPROVE
X000195506,2026-01-17 11:32:37,C001606,A0001606,M00037,T00050,West,West,79.85,USD,ecommerce,wallet_biometric,approved,APPROVE
X000186050,2026-01-17 11:32:39,C001529,A0001529,M00193,T01056,West,West,211.78,USD,ecommerce,chip_pin,approved,APPROVE
X000238138,2026-01-17 11:33:03,C001943,A0001943,M00222,T00844,South,South,82.3,USD,ecommerce,wallet_biometric,approved,APPROVE
X000020594,2026-01-17 11:34:30,C000179,A0000179,M00283,T01004,Northeast,Northeast,65.39,USD,card_present,chip_pin,approved,APPROVE
X000106613,2026-01-17 11:34:40,C000894,A0000894,M00613,T00331,South,South,646.77,USD,card_present,chip_pin,approved,APPROVE
X000154341,2026-01-17 11:34:54,C001271,A0001271,M00376,T00266,South,South,54.29,USD,ecommerce,wallet_biometric,approved,APPROVE
X000151651,2026-01-17 11:35:43,C001246,A0001246,M00118,T00907,West,West,21.81,USD,mobile_wallet,chip_pin,approved,APPROVE
X000221032,2026-01-17 11:35:48,C001802,A0001802,M00354,T00072,Northeast,Northeast,92.65,USD,ecommerce,3ds,approved,APPROVE
X000046719,2026-01-17 11:35:49,C000393,A0000393,M00112,T00122,West,West,193.48,USD,mobile_wallet,chip_pin,approved,APPROVE
X000105956,2026-01-17 11:36:02,C000890,A0000890,M00121,T00867,Midwest,West,277.78,USD,card_present,wallet_biometric,approved,APPROVE
X000100566,2026-01-17 11:36:29,C000846,A0000846,M00095,T00821,Northeast,Northeast,38.77,USD,card_present,3ds,approved,APPROVE
X000082250,2026-01-17 11:36:52,C000689,A0000689,M00482,T00610,West,West,45.22,USD,card_present,wallet_biometric,approved,APPROVE
X000120227,2026-01-17 11:37:44,C000998,A0000998,M00430,T01143,South,South,40.08,USD,ecommerce,3ds,approved,APPROVE
X000005738,2026-01-17 11:39:34,C000053,A0000053,M00013,T00686,South,South,80.38,USD,mobile_wallet,chip_pin,approved,APPROVE
X000007807,2026-01-17 11:39:54,C000072,A0000072,M00494,T00136,West,West,110.03,USD,ecommerce,chip_pin,approved,APPROVE
X000217030,2026-01-17 11:40:12,C001773,A0001773,M00335,T00138,South,South,204.25,USD,mobile_wallet,chip_pin,approved,APPROVE
X000050188,2026-01-17 11:40:22,C000420,A0000420,M00205,T00871,South,South,17.44,USD,card_present,chip_pin,approved,APPROVE
X000064535,2026-01-17 11:40:26,C000548,A0000548,M00703,T00135,Midwest,Midwest,38.79,USD,ecommerce,3ds,approved,APPROVE
X000195187,2026-01-17 11:40:42,C001604,A0001604,M00517,T01092,Midwest,Midwest,85.09,USD,card_present,3ds,approved,APPROVE
X000154934,2026-01-17 11:41:27,C001277,A0001277,M00191,T00568,Midwest,Midwest,136.48,USD,card_present,wallet_biometric,approved,APPROVE
X000042904,2026-01-17 11:42:21,C000363,A0000363,M00445,T00086,Northeast,Northeast,117.72,USD,ecommerce,3ds,approved,APPROVE
X000106614,2026-01-17 11:42:23,C000894,A0000894,M00423,T00106,South,South,350.84,USD,card_present,chip_pin,approved,APPROVE
X000014470,2026-01-17 11:43:05,C000123,A0000123,M00556,T00589,South,South,234.12,USD,ecommerce,3ds,approved,APPROVE
X000101803,2026-01-17 11:44:04,C000857,A0000857,M00267,T00249,West,West,102.92,USD,card_present,chip_pin,approved,APPROVE
X000185122,2026-01-17 11:44:34,C001524,A0001524,M00598,T00149,West,West,68.55,USD,ecommerce,chip_pin,approved,APPROVE
X000226791,2026-01-17 11:44:42,C001849,A0001849,M00517,T00647,Midwest,Midwest,69.03,USD,card_present,chip_pin,approved,APPROVE
X000108023,2026-01-17 11:45:18,C000904,A0000904,M00382,T00499,Midwest,Midwest,415.25,USD,card_present,chip_pin,approved,APPROVE
X000020595,2026-01-17 11:45:20,C000179,A0000179,M00046,T00132,Northeast,Northeast,43.15,USD,card_present,wallet_biometric,approved,APPROVE
X000223147,2026-01-17 11:45:27,C001819,A0001819,M00787,T00660,South,South,268.55,USD,card_present,chip_pin,approved,APPROVE
X000219797,2026-01-17 11:45:56,C001796,A0001796,M00162,T00759,Midwest,Midwest,8.81,USD,card_present,chip_pin,approved,APPROVE
X000164132,2026-01-17 11:46:51,C001353,A0001353,M00413,T01078,West,West,66.93,USD,ecommerce,chip_pin,soft_decline,CHALLENGE
X000167061,2026-01-17 11:46:56,C001380,A0001380,M00289,T00362,South,South,110.72,USD,card_present,3ds,approved,APPROVE
X000153291,2026-01-17 11:46:57,C001260,A0001260,M00119,T00895,South,South,13.03,USD,ecommerce,chip_pin,approved,APPROVE
X000162498,2026-01-17 11:46:57,C001342,A0001342,M00544,T00846,South,South,310.6,USD,card_present,3ds,approved,APPROVE
X000034404,2026-01-17 11:47:58,C000292,A0000292,M00533,T00261,Northeast,Northeast,70.39,USD,mobile_wallet,chip_pin,approved,APPROVE
X000120030,2026-01-17 11:48:07,C000997,A0000997,M00501,T01003,Northeast,Northeast,74.33,USD,mobile_wallet,3ds,approved,APPROVE
X000128525,2026-01-17 11:48:28,C001058,A0001058,M00675,T00834,Midwest,Midwest,46.74,USD,mobile_wallet,3ds,approved,APPROVE
X000110630,2026-01-17 11:49:00,C000924,A0000924,M00769,T00996,West,West,186.3,USD,card_present,chip_pin,approved,APPROVE
X000210169,2026-01-17 11:49:00,C001714,A0001714,M00021,T00406,South,South,192.35,USD,card_present,chip_pin,approved,APPROVE
X000093342,2026-01-17 11:49:17,C000782,A0000782,M00031,T00031,South,South,47.34,USD,ecommerce,chip_pin,approved,APPROVE
X000041805,2026-01-17 11:49:51,C000354,A0000354,M00487,T00332,South,South,80.26,USD,card_present,3ds,approved,APPROVE
X000092752,2026-01-17 11:50:02,C000777,A0000777,M00199,T00748,Midwest,Midwest,73.95,USD,card_present,3ds,approved,APPROVE
X000051192,2026-01-17 11:50:25,C000431,A0000431,M00171,T00061,Northeast,Northeast,26.67,USD,card_present,chip_pin,approved,APPROVE
X000231675,2026-01-17 11:50:49,C001890,A0001890,M00123,T00812,Midwest,Midwest,65.9,USD,ecommerce,3ds,approved,APPROVE
X000178059,2026-01-17 11:50:51,C001465,A0001465,M00417,T00117,South,South,38.09,USD,card_present,3ds,approved,APPROVE
X000136260,2026-01-17 11:51:12,C001121,A0001121,M00367,T00335,South,South,109.91,USD,card_present,3ds,approved,APPROVE
X000009385,2026-01-17 11:51:22,C000086,A0000086,M00552,T00602,Northeast,Northeast,53.28,USD,ecommerce,wallet_biometric,approved,APPROVE
X000041194,2026-01-17 11:51:34,C000349,A0000349,M00513,T00308,Midwest,Midwest,217.4,USD,card_present,chip_pin,approved,APPROVE
X000071233,2026-01-17 11:51:38,C000605,A0000605,M00724,T00630,West,West,148.05,USD,card_present,wallet_biometric,approved,APPROVE
X000138682,2026-01-17 11:51:44,C001142,A0001142,M00325,T00244,Northeast,Northeast,627.61,USD,card_present,wallet_biometric,approved,APPROVE
X000176499,2026-01-17 11:51:59,C001455,A0001455,M00395,T00889,Midwest,Midwest,99.55,USD,card_present,chip_pin,soft_decline,CHALLENGE
X000037931,2026-01-17 11:52:19,C000324,A0000324,M00692,T00191,Northeast,Northeast,38.87,USD,mobile_wallet,3ds,approved,APPROVE
X000233295,2026-01-17 11:52:38,C001902,A0001902,M00607,T00470,South,South,137.76,USD,card_present,chip_pin,approved,APPROVE
X000176500,2026-01-17 11:52:50,C001455,A0001455,M00615,T01067,Midwest,Midwest,21.75,USD,mobile_wallet,chip_pin,approved,APPROVE
X000152613,2026-01-17 11:52:56,C001255,A0001255,M00160,T00039,South,South,38.27,USD,card_present,3ds,approved,APPROVE
X000004727,2026-01-17 11:52:58,C000043,A0000043,M00168,T00020,Northeast,Northeast,42.79,USD,card_present,wallet_biometric,approved,APPROVE
X000082251,2026-01-17 11:53:31,C000689,A0000689,M00054,T00545,West,West,78.18,USD,ecommerce,magstripe,approved,APPROVE
X000009510,2026-01-17 11:53:40,C000087,A0000087,M00763,T00455,South,South,95.52,USD,mobile_wallet,3ds,approved,APPROVE
X000147846,2026-01-17 11:53:42,C001221,A0001221,M00557,T00649,Midwest,Midwest,74.04,USD,card_present,wallet_biometric,approved,APPROVE
X000083856,2026-01-17 11:53:43,C000701,A0000701,M00730,T01027,West,West,64.97,USD,ecommerce,3ds,approved,APPROVE
X000201060,2026-01-17 11:54:25,C001647,A0001647,M00494,T00136,West,West,175.45,USD,mobile_wallet,wallet_biometric,approved,APPROVE
X000231806,2026-01-17 11:54:58,C001891,A0001891,M00393,T00751,Northeast,Northeast,98.76,USD,card_present,wallet_biometric,approved,APPROVE
X000146695,2026-01-17 11:55:10,C001210,A0001210,M00080,T00590,Midwest,Midwest,138.04,USD,card_present,chip_pin,approved,APPROVE
X000222767,2026-01-17 11:55:13,C001815,A0001815,M00536,T00537,Northeast,West,95.32,USD,card_present,chip_pin,approved,APPROVE
X000139944,2026-01-17 11:55:30,C001154,A0001154,M00556,T00223,South,South,145.05,USD,ecommerce,chip_pin,approved,APPROVE
X000072610,2026-01-17 11:55:34,C000614,A0000614,M00739,T00701,South,South,166.42,USD,ecommerce,chip_pin,approved,APPROVE
X000185419,2026-01-17 11:56:50,C001525,A0001525,M00342,T00375,Midwest,Midwest,130.28,USD,card_present,3ds,approved,APPROVE
X000215034,2026-01-17 11:56:52,C001756,A0001756,M00786,T00776,Northeast,Northeast,200.58,USD,ecommerce,chip_pin,approved,APPROVE
X000207170,2026-01-17 11:56:55,C001690,A0001690,M00295,T00425,South,South,51.25,USD,ecommerce,3ds,approved,APPROVE
X000024147,2026-01-17 11:57:03,C000204,A0000204,M00133,T00854,Northeast,Northeast,23.68,USD,mobile_wallet,chip_pin,approved,APPROVE
X000006704,2026-01-17 11:57:42,C000060,A0000060,M00151,T00524,Midwest,Midwest,41.07,USD,ecommerce,magstripe,approved,APPROVE
X000153685,2026-01-17 11:57:43,C001264,A0001264,M00667,T00609,Northeast,Northeast,248.18,USD,card_present,chip_pin,approved,APPROVE
X000036180,2026-01-17 11:57:58,C000309,A0000309,M00484,T00090,South,South,102.48,USD,mobile_wallet,chip_pin,approved,APPROVE
X000023631,2026-01-17 11:58:23,C000201,A0000201,M00594,T01188,Northeast,Northeast,254.43,USD,card_present,3ds,approved,APPROVE
X000123473,2026-01-17 11:58:26,C001023,A0001023,M00499,T00391,Northeast,Northeast,132.09,USD,mobile_wallet,magstripe,approved,APPROVE
X000225773,2026-01-17 11:58:48,C001840,A0001840,M00569,T00983,South,South,136.62,USD,mobile_wallet,chip_pin,approved,APPROVE
X000131642,2026-01-17 11:58:54,C001083,A0001083,M00094,T01093,South,South,30.14,USD,card_present,chip_pin,approved,APPROVE
X000035594,2026-01-17 11:58:58,C000302,A0000302,M00454,T00284,West,West,35.78,USD,mobile_wallet,3ds,approved,APPROVE
X000227928,2026-01-17 11:59:17,C001857,A0001857,M00412,T00974,Northeast,Northeast,56.39,USD,ecommerce,3ds,approved,APPROVE
X000149015,2026-01-17 11:59:30,C001227,A0001227,M00230,T00074,West,West,32.45,USD,card_present,chip_pin,approved,APPROVE
X000238592,2026-01-17 11:59:49,C001947,A0001947,M00205,T00934,South,South,252.69,USD,card_present,chip_pin,approved,APPROVE
X000007325,2026-01-17 11:59:57,C000068,A0000068,M00520,T00622,Midwest,Midwest,188.52,USD,card_present,3ds,approved,APPROVE
X000080853,2026-01-17 11:59:59,C000679,A0000679,M00613,T00852,South,South,41.47,USD,ecommerce,chip_pin,approved,APPROVE
X000096502,2026-01-17 12:00:10,C000807,A0000807,M00733,T00848,Northeast,Northeast,28.01,USD,card_present,chip_pin,approved,APPROVE
X000042249,2026-01-17 12:00:22,C000358,A0000358,M00392,T00305,Midwest,Midwest,140.16,USD,mobile_wallet,3ds,approved,APPROVE
X000234073,2026-01-17 12:01:06,C001908,A0001908,M00020,T00254,South,South,34.22,USD,mobile_wallet,3ds,approved,APPROVE
X000109586,2026-01-17 12:01:49,C000916,A0000916,M00513,T00695,Midwest,Midwest,343.41,USD,card_present,wallet_biometric,approved,APPROVE
X000125761,2026-01-17 12:01:59,C001036,A0001036,M00430,T01143,South,South,39.16,USD,ecommerce,chip_pin,approved,APPROVE
X000158462,2026-01-17 12:02:21,C001304,A0001304,M00020,T00130,South,South,82.76,USD,card_present,wallet_biometric,approved,APPROVE
X000094062,2026-01-17 12:02:46,C000788,A0000788,M00402,T00179,South,South,550.38,USD,ecommerce,wallet_biometric,approved,APPROVE
X000146940,2026-01-17 12:03:16,C001211,A0001211,M00023,T00839,Midwest,Midwest,38.09,USD,card_present,chip_pin,approved,APPROVE
X000024012,2026-01-17 12:03:25,C000203,A0000203,M00726,T00968,Northeast,Northeast,191.08,USD,card_present,chip_pin,approved,APPROVE
X000232602,2026-01-17 12:04:09,C001897,A0001897,M00285,T00604,Midwest,Midwest,101.28,USD,ecommerce,wallet_biometric,approved,APPROVE
X000029991,2026-01-17 12:04:34,C000257,A0000257,M00570,T01153,West,West,18.31,USD,card_present,chip_pin,approved,APPROVE
X000225774,2026-01-17 12:04:39,C001840,A0001840,M00569,T00983,South,South,94.22,USD,ecommerce,chip_pin,approved,APPROVE
X000142021,2026-01-17 12:05:19,C001171,A0001171,M00327,T00251,South,South,42.56,USD,card_present,wallet_biometric,approved,APPROVE
X000017239,2026-01-17 12:06:01,C000148,A0000148,M00608,T00219,South,South,79.48,USD,card_present,wallet_biometric,approved,APPROVE
X000192362,2026-01-17 12:06:21,C001579,A0001579,M00002,T00850,Northeast,Northeast,30.02,USD,card_present,chip_pin,approved,APPROVE
X000083225,2026-01-17 12:07:24,C000696,A0000696,M00691,T01123,Northeast,Northeast,54.43,USD,card_present,chip_pin,approved,APPROVE
X000218269,2026-01-17 12:07:31,C001783,A0001783,M00070,T00004,Northeast,Northeast,33.06,USD,mobile_wallet,3ds,approved,APPROVE
X000171968,2026-01-17 12:07:36,C001419,A0001419,M00460,T00355,Midwest,Midwest,84.89,USD,card_present,3ds,approved,APPROVE
X000233296,2026-01-17 12:07:44,C001902,A0001902,M00607,T00470,South,South,234.96,USD,card_present,3ds,approved,APPROVE
X000112979,2026-01-17 12:08:38,C000944,A0000944,M00109,T00548,Northeast,Northeast,91.17,USD,ecommerce,3ds,approved,APPROVE
X000086506,2026-01-17 12:08:43,C000726,A0000726,M00613,T00331,South,South,86.33,USD,ecommerce,chip_pin,approved,APPROVE
X000138127,2026-01-17 12:09:04,C001136,A0001136,M00493,T00917,West,West,16.68,USD,ecommerce,3ds,approved,APPROVE
X000077733,2026-01-17 12:09:11,C000654,A0000654,M00736,T00065,South,South,79.68,USD,mobile_wallet,chip_pin,approved,APPROVE
X000238593,2026-01-17 12:09:42,C001947,A0001947,M00119,T00895,South,South,239.01,USD,card_present,wallet_biometric,approved,APPROVE
X000046255,2026-01-17 12:09:46,C000388,A0000388,M00443,T00564,South,South,81.61,USD,card_present,wallet_biometric,approved,APPROVE
X000141692,2026-01-17 12:10:05,C001168,A0001168,M00613,T00638,South,South,116.64,USD,ecommerce,wallet_biometric,soft_decline,CHALLENGE
X000171299,2026-01-17 12:10:51,C001412,A0001412,M00699,T00493,Midwest,Midwest,55.13,USD,ecommerce,wallet_biometric,approved,APPROVE
X000167433,2026-01-17 12:10:59,C001383,A0001383,M00247,T01144,South,South,34.9,USD,mobile_wallet,3ds,approved,APPROVE
X000021778,2026-01-17 12:11:09,C000188,A0000188,M00029,T00167,South,South,38.33,USD,ecommerce,chip_pin,approved,APPROVE
X000164238,2026-01-17 12:11:27,C001354,A0001354,M00681,T01024,West,West,138.98,USD,mobile_wallet,3ds,approved,APPROVE
X000069687,2026-01-17 12:11:28,C000593,A0000593,M00052,T00717,South,South,155.7,USD,card_present,magstripe,approved,APPROVE
X000012525,2026-01-17 12:12:27,C000109,A0000109,M00012,T00789,West,West,44.17,USD,mobile_wallet,magstripe,approved,APPROVE
X000087431,2026-01-17 12:12:41,C000734,A0000734,M00249,T00554,South,South,187.65,USD,card_present,magstripe,approved,APPROVE
X000026534,2026-01-17 12:13:21,C000228,A0000228,M00645,T00155,South,South,50.91,USD,card_present,3ds,approved,APPROVE
X000224472,2026-01-17 12:14:04,C001832,A0001832,M00791,T00304,South,South,109.47,USD,card_present,magstripe,approved,APPROVE
X000171707,2026-01-17 12:15:13,C001416,A0001416,M00131,T00706,West,West,47.34,USD,ecommerce,3ds,approved,APPROVE
X000202961,2026-01-17 12:15:16,C001662,A0001662,M00761,T01038,South,South,20.14,USD,card_present,wallet_biometric,approved,APPROVE
X000179343,2026-01-17 12:17:16,C001476,A0001476,M00450,T00640,Northeast,Northeast,212.51,USD,ecommerce,chip_pin,soft_decline,CHALLENGE
X000124581,2026-01-17 12:18:00,C001030,A0001030,M00604,T01134,Northeast,Northeast,359.59,USD,card_present,3ds,approved,APPROVE
X000156643,2026-01-17 12:18:09,C001289,A0001289,M00112,T00122,West,West,355.82,USD,card_present,chip_pin,approved,APPROVE
X000165392,2026-01-17 12:18:14,C001365,A0001365,M00205,T00049,South,South,151.82,USD,card_present,wallet_biometric,approved,APPROVE
X000200957,2026-01-17 12:18:20,C001646,A0001646,M00379,T01176,South,South,19.75,USD,mobile_wallet,wallet_biometric,approved,APPROVE
X000225775,2026-01-17 12:18:33,C001840,A0001840,M00091,T00954,South,Midwest,253.42,USD,ecommerce,3ds,approved,APPROVE
X000053202,2026-01-17 12:19:04,C000449,A0000449,M00171,T00468,Northeast,Northeast,71.33,USD,ecommerce,chip_pin,approved,APPROVE
X000127921,2026-01-17 12:19:18,C001053,A0001053,M00077,T00723,South,South,37.09,USD,ecommerce,wallet_biometric,approved,APPROVE
X000039104,2026-01-17 12:19:24,C000333,A0000333,M00513,T00308,Midwest,Midwest,267.54,USD,card_present,chip_pin,approved,APPROVE
X000154768,2026-01-17 12:20:37,C001276,A0001276,M00547,T00371,Northeast,Northeast,9.58,USD,card_present,magstripe,approved,APPROVE
X000047269,2026-01-17 12:21:05,C000398,A0000398,M00406,T00057,South,South,60.96,USD,mobile_wallet,magstripe,approved,APPROVE
X000178651,2026-01-17 12:21:27,C001472,A0001472,M00031,T00031,South,South,23.25,USD,card_present,chip_pin,approved,APPROVE
X000211573,2026-01-17 12:21:49,C001726,A0001726,M00376,T00181,South,South,90.41,USD,ecommerce,3ds,approved,APPROVE
X000128656,2026-01-17 12:21:57,C001059,A0001059,M00691,T00755,Northeast,Northeast,120.96,USD,ecommerce,3ds,approved,APPROVE
X000090185,2026-01-17 12:22:02,C000754,A0000754,M00275,T00496,Northeast,Northeast,79.15,USD,card_present,wallet_biometric,approved,APPROVE
X000151742,2026-01-17 12:23:08,C001247,A0001247,M00083,T00985,South,Midwest,89.4,USD,card_present,chip_pin,approved,APPROVE
X000074464,2026-01-17 12:23:16,C000629,A0000629,M00036,T00993,Northeast,Northeast,148.67,USD,ecommerce,wallet_biometric,approved,APPROVE
X000224161,2026-01-17 12:23:23,C001830,A0001830,M00619,T00644,West,West,31.78,USD,card_present,3ds,approved,APPROVE
X000069688,2026-01-17 12:24:15,C000593,A0000593,M00052,T00717,South,South,230.54,USD,card_present,chip_pin,approved,APPROVE
X000174069,2026-01-17 12:24:31,C001435,A0001435,M00398,T00960,South,South,72.36,USD,card_present,chip_pin,approved,APPROVE
X000004358,2026-01-17 12:24:32,C000039,A0000039,M00409,T00444,Northeast,Northeast,69.35,USD,card_present,chip_pin,approved,APPROVE
X000115851,2026-01-17 12:24:52,C000962,A0000962,M00549,T00456,South,South,83.47,USD,card_present,magstripe,approved,APPROVE
X000014471,2026-01-17 12:25:22,C000123,A0000123,M00556,T00589,South,South,126.33,USD,card_present,wallet_biometric,approved,APPROVE
X000166554,2026-01-17 12:25:29,C001375,A0001375,M00459,T00204,Northeast,Northeast,15.03,USD,ecommerce,wallet_biometric,approved,APPROVE
X000224473,2026-01-17 12:26:43,C001832,A0001832,M00486,T00218,South,South,234.27,USD,mobile_wallet,wallet_biometric,approved,APPROVE
X000212770,2026-01-17 12:26:58,C001737,A0001737,M00371,T00911,Midwest,Midwest,56.37,USD,card_present,chip_pin,approved,APPROVE
X000150725,2026-01-17 12:28:17,C001240,A0001240,M00190,T00615,West,West,339.94,USD,card_present,wallet_biometric,approved,APPROVE
X000107157,2026-01-17 12:28:19,C000898,A0000898,M00610,T00045,Midwest,Midwest,71.02,USD,card_present,3ds,approved,APPROVE
X000235750,2026-01-17 12:28:21,C001922,A0001922,M00093,T01018,Northeast,Northeast,37.04,USD,mobile_wallet,wallet_biometric,approved,APPROVE
X000084941,2026-01-17 12:28:32,C000710,A0000710,M00535,T00606,West,West,47.79,USD,ecommerce,chip_pin,approved,APPROVE
X000113715,2026-01-17 12:28:42,C000947,A0000947,M00753,T00413,South,South,32.91,USD,mobile_wallet,chip_pin,approved,APPROVE
X000042649,2026-01-17 12:28:57,C000361,A0000361,M00167,T00818,Northeast,Northeast,16.29,USD,ecommerce,chip_pin,approved,APPROVE
X000237276,2026-01-17 12:28:58,C001935,A0001935,M00798,T00402,Northeast,Northeast,117.13,USD,mobile_wallet,magstripe,approved,APPROVE
X000113520,2026-01-17 12:29:02,C000946,A0000946,M00019,T00826,Northeast,Northeast,124.52,USD,card_present,chip_pin,approved,APPROVE
X000202356,2026-01-17 12:29:24,C001655,A0001655,M00181,T01063,South,South,61.33,USD,card_present,3ds,approved,APPROVE
X000062024,2026-01-17 12:29:47,C000528,A0000528,M00782,T00864,Midwest,Midwest,60.41,USD,ecommerce,3ds,approved,APPROVE
X000117936,2026-01-17 12:29:55,C000977,A0000977,M00763,T00601,South,South,26.01,USD,card_present,chip_pin,approved,APPROVE
X000045534,2026-01-17 12:29:59,C000382,A0000382,M00661,T00337,Northeast,Northeast,869.0,USD,ecommerce,magstripe,approved,APPROVE
X000049965,2026-01-17 12:30:28,C000418,A0000418,M00044,T01081,Northeast,Northeast,87.65,USD,card_present,wallet_biometric,approved,APPROVE
X000107058,2026-01-17 12:31:05,C000897,A0000897,M00495,T00738,Midwest,Midwest,28.99,USD,card_present,chip_pin,approved,APPROVE
X000023213,2026-01-17 12:32:04,C000198,A0000198,M00374,T00569,South,South,90.34,USD,ecommerce,3ds,approved,APPROVE
X000169484,2026-01-17 12:32:32,C001400,A0001400,M00743,T00089,South,South,204.73,USD,card_present,chip_pin,approved,APPROVE
X000191625,2026-01-17 12:33:14,C001572,A0001572,M00645,T00155,South,South,43.87,USD,ecommerce,wallet_biometric,approved,APPROVE
X000098070,2026-01-17 12:33:17,C000821,A0000821,M00549,T00456,South,South,83.63,USD,card_present,chip_pin,approved,APPROVE
X000024739,2026-01-17 12:33:53,C000209,A0000209,M00623,T00969,Midwest,Midwest,21.41,USD,ecommerce,chip_pin,approved,APPROVE
X000055654,2026-01-17 12:34:11,C000471,A0000471,M00580,T00415,South,South,532.29,USD,ecommerce,chip_pin,approved,APPROVE
X000214196,2026-01-17 12:34:25,C001749,A0001749,M00696,T00129,Midwest,Midwest,66.0,USD,ecommerce,wallet_biometric,approved,APPROVE
X000016211,2026-01-17 12:34:29,C000137,A0000137,M00544,T00846,South,South,215.21,USD,ecommerce,3ds,approved,APPROVE
X000170475,2026-01-17 12:35:02,C001405,A0001405,M00604,T01180,Northeast,Northeast,55.61,USD,mobile_wallet,chip_pin,approved,APPROVE
X000023632,2026-01-17 12:35:32,C000201,A0000201,M00740,T00080,Northeast,Northeast,377.85,USD,mobile_wallet,3ds,approved,APPROVE
X000238760,2026-01-17 12:35:42,C001948,A0001948,M00309,T01011,Northeast,Northeast,375.98,USD,card_present,wallet_biometric,approved,APPROVE
X000174928,2026-01-17 12:35:54,C001441,A0001441,M00464,T00875,West,West,108.15,USD,ecommerce,3ds,approved,APPROVE
X000025580,2026-01-17 12:36:03,C000218,A0000218,M00396,T00828,South,West,42.84,USD,ecommerce,chip_pin,approved,APPROVE
X000018777,2026-01-17 12:36:08,C000161,A0000161,M00038,T00874,South,South,36.36,USD,card_present,wallet_biometric,approved,APPROVE
X000001345,2026-01-17 12:36:19,C000014,A0000014,M00021,T00406,South,South,216.02,USD,card_present,wallet_biometric,approved,APPROVE
X000172727,2026-01-17 12:36:21,C001425,A0001425,M00233,T00645,West,West,7.88,USD,card_present,magstripe,approved,APPROVE
X000099591,2026-01-17 12:37:42,C000837,A0000837,M00002,T00850,Northeast,Northeast,27.66,USD,mobile_wallet,magstripe,approved,APPROVE
X000070012,2026-01-17 12:38:41,C000596,A0000596,M00231,T01111,South,South,50.82,USD,mobile_wallet,3ds,approved,APPROVE
X000204809,2026-01-17 12:39:17,C001672,A0001672,M00069,T00652,West,West,49.01,USD,ecommerce,3ds,approved,APPROVE
X000195850,2026-01-17 12:39:20,C001609,A0001609,M00587,T00374,South,South,14.9,USD,card_present,chip_pin,approved,APPROVE
X000087230,2026-01-17 12:39:27,C000732,A0000732,M00764,T00111,West,West,43.11,USD,mobile_wallet,chip_pin,approved,APPROVE
X000030386,2026-01-17 12:39:44,C000260,A0000260,M00056,T01147,Midwest,Midwest,277.91,USD,ecommerce,wallet_biometric,approved,APPROVE
X000128352,2026-01-17 12:40:35,C001056,A0001056,M00726,T00829,Northeast,Northeast,22.81,USD,ecommerce,chip_pin,approved,APPROVE
X000210019,2026-01-17 12:40:35,C001713,A0001713,M00409,T00971,Northeast,Northeast,33.24,USD,card_present,chip_pin,approved,APPROVE
X000081693,2026-01-17 12:40:52,C000684,A0000684,M00230,T00074,West,West,136.63,USD,mobile_wallet,3ds,approved,APPROVE
X000093757,2026-01-17 12:41:13,C000786,A0000786,M00511,T00501,Midwest,Midwest,156.99,USD,mobile_wallet,chip_pin,approved,APPROVE
X000013263,2026-01-17 12:41:21,C000115,A0000115,M00163,T01133,Midwest,Midwest,87.93,USD,card_present,3ds,approved,APPROVE
X000013583,2026-01-17 12:41:39,C000116,A0000116,M00564,T01141,Northeast,Northeast,124.49,USD,card_present,magstripe,approved,APPROVE
X000210170,2026-01-17 12:41:40,C001714,A0001714,M00127,T00699,South,South,41.83,USD,card_present,magstripe,approved,APPROVE
X000112489,2026-01-17 12:42:31,C000941,A0000941,M00580,T00415,South,South,127.88,USD,ecommerce,chip_pin,approved,APPROVE
X000173054,2026-01-17 12:42:45,C001428,A0001428,M00046,T00132,Northeast,Northeast,157.63,USD,mobile_wallet,3ds,approved,APPROVE
X000053968,2026-01-17 12:43:18,C000457,A0000457,M00416,T01140,West,West,30.0,USD,mobile_wallet,chip_pin,approved,APPROVE
X000218719,2026-01-17 12:43:26,C001787,A0001787,M00347,T00680,Midwest,Midwest,68.93,USD,ecommerce,chip_pin,approved,APPROVE
X000131104,2026-01-17 12:43:41,C001079,A0001079,M00051,T00286,South,South,17.0,USD,ecommerce,chip_pin,approved,APPROVE
X000207171,2026-01-17 12:44:53,C001690,A0001690,M00295,T00425,South,South,42.38,USD,ecommerce,3ds,approved,APPROVE
X000104255,2026-01-17 12:44:59,C000878,A0000878,M00372,T00095,South,South,85.64,USD,ecommerce,chip_pin,approved,APPROVE
X000033804,2026-01-17 12:45:12,C000288,A0000288,M00326,T00127,Northeast,Northeast,69.96,USD,card_present,chip_pin,approved,APPROVE
X000062925,2026-01-17 12:45:40,C000534,A0000534,M00171,T00643,Northeast,Northeast,185.02,USD,card_present,wallet_biometric,approved,APPROVE
X000190826,2026-01-17 12:46:12,C001567,A0001567,M00587,T00374,South,South,141.88,USD,mobile_wallet,wallet_biometric,approved,APPROVE
X000066754,2026-01-17 12:46:42,C000566,A0000566,M00286,T00097,West,West,34.57,USD,ecommerce,3ds,approved,APPROVE
X000193893,2026-01-17 12:47:52,C001594,A0001594,M00159,T00555,Northeast,Northeast,24.36,USD,mobile_wallet,magstripe,approved,APPROVE
X000009511,2026-01-17 12:48:35,C000087,A0000087,M00793,T01052,South,South,79.44,USD,card_present,magstripe,approved,APPROVE
X000107426,2026-01-17 12:48:49,C000900,A0000900,M00191,T00397,Midwest,Midwest,237.8,USD,card_present,chip_pin,approved,APPROVE
X000162499,2026-01-17 12:49:11,C001342,A0001342,M00372,T00192,South,South,159.05,USD,ecommerce,chip_pin,approved,APPROVE
X000220261,2026-01-17 12:50:04,C001798,A0001798,M00411,T00744,West,West,20.57,USD,card_present,wallet_biometric,approved,APPROVE
X000245107,2026-01-17 12:51:01,C001997,A0001997,M00253,T00291,South,South,320.55,USD,mobile_wallet,3ds,approved,APPROVE
X000050556,2026-01-17 12:51:20,C000424,A0000424,M00484,T00090,South,South,40.01,USD,card_present,3ds,approved,APPROVE
X000140217,2026-01-17 12:53:03,C001155,A0001155,M00147,T00338,South,South,150.55,USD,ecommerce,3ds,approved,APPROVE
X000206372,2026-01-17 12:53:44,C001685,A0001685,M00754,T01077,West,West,43.52,USD,ecommerce,3ds,approved,APPROVE
X000197390,2026-01-17 12:53:57,C001621,A0001621,M00092,T00788,West,West,88.05,USD,mobile_wallet,wallet_biometric,approved,APPROVE
X000143892,2026-01-17 12:54:09,C001186,A0001186,M00323,T01185,South,South,295.45,USD,card_present,chip_pin,approved,APPROVE
X000201589,2026-01-17 12:54:20,C001650,A0001650,M00566,T00559,West,West,213.82,USD,card_present,chip_pin,approved,APPROVE
X000189233,2026-01-17 12:54:32,C001555,A0001555,M00701,T00740,West,West,15.53,USD,card_present,chip_pin,approved,APPROVE
X000132386,2026-01-17 12:54:34,C001091,A0001091,M00294,T00904,South,South,31.71,USD,ecommerce,chip_pin,approved,APPROVE
X000219989,2026-01-17 12:55:22,C001797,A0001797,M00700,T00884,Northeast,Northeast,46.77,USD,mobile_wallet,chip_pin,approved,APPROVE
X000010275,2026-01-17 12:56:02,C000093,A0000093,M00731,T00394,Northeast,Northeast,64.5,USD,ecommerce,chip_pin,approved,APPROVE
X000163943,2026-01-17 12:56:14,C001351,A0001351,M00187,T00256,South,South,22.49,USD,ecommerce,3ds,approved,APPROVE
X000189343,2026-01-17 12:56:28,C001556,A0001556,M00377,T00901,Midwest,Midwest,56.71,USD,ecommerce,magstripe,approved,APPROVE
X000109384,2026-01-17 12:56:39,C000915,A0000915,M00640,T00037,Northeast,Midwest,60.13,USD,card_present,chip_pin,approved,APPROVE
X000147160,2026-01-17 12:57:16,C001214,A0001214,M00122,T00125,South,South,9.49,USD,ecommerce,chip_pin,approved,APPROVE
X000123208,2026-01-17 12:57:48,C001021,A0001021,M00562,T01175,West,West,16.3,USD,ecommerce,magstripe,approved,APPROVE
X000120446,2026-01-17 12:58:00,C001001,A0001001,M00635,T01013,Midwest,Midwest,24.52,USD,mobile_wallet,chip_pin,approved,APPROVE
X000010977,2026-01-17 12:58:15,C000099,A0000099,M00700,T00679,Northeast,Northeast,86.82,USD,ecommerce,chip_pin,approved,APPROVE
X000134433,2026-01-17 12:58:19,C001104,A0001104,M00258,T00527,West,West,537.81,USD,card_present,3ds,approved,APPROVE
X000221911,2026-01-17 12:59:34,C001808,A0001808,M00687,T00302,Midwest,Midwest,85.27,USD,ecommerce,chip_pin,approved,APPROVE
X000235135,2026-01-17 13:00:04,C001917,A0001917,M00394,T00597,South,South,65.82,USD,ecommerce,magstripe,approved,APPROVE
X000109587,2026-01-17 13:00:10,C000916,A0000916,M00080,T00347,Midwest,Midwest,131.4,USD,mobile_wallet,chip_pin,approved,APPROVE
X000235136,2026-01-17 13:00:26,C001917,A0001917,M00394,T00597,South,South,92.38,USD,card_present,3ds,approved,APPROVE
X000003518,2026-01-17 13:00:52,C000031,A0000031,M00475,T00965,Midwest,Midwest,82.29,USD,mobile_wallet,wallet_biometric,approved,APPROVE
X000007808,2026-01-17 13:00:59,C000072,A0000072,M00494,T00136,West,West,115.55,USD,card_present,chip_pin,approved,APPROVE
X000225221,2026-01-17 13:02:01,C001836,A0001836,M00294,T00471,South,South,218.47,USD,card_present,magstripe,approved,APPROVE
X000036068,2026-01-17 13:02:09,C000308,A0000308,M00740,T00262,Northeast,Northeast,164.45,USD,ecommerce,chip_pin,approved,APPROVE
X000021399,2026-01-17 13:02:10,C000186,A0000186,M00724,T01129,West,West,193.05,USD,ecommerce,3ds,approved,APPROVE
X000038153,2026-01-17 13:02:16,C000326,A0000326,M00162,T00759,Northeast,Midwest,94.61,USD,card_present,chip_pin,approved,APPROVE
X000234962,2026-01-17 13:03:05,C001916,A0001916,M00045,T00921,Midwest,Midwest,31.38,USD,ecommerce,magstripe,approved,APPROVE
X000122714,2026-01-17 13:03:24,C001018,A0001018,M00430,T00430,South,South,18.05,USD,ecommerce,chip_pin,approved,APPROVE
X000064831,2026-01-17 13:03:35,C000550,A0000550,M00262,T01103,South,South,99.02,USD,card_present,chip_pin,approved,APPROVE
X000029552,2026-01-17 13:03:38,C000254,A0000254,M00298,T00088,Northeast,Northeast,204.97,USD,mobile_wallet,chip_pin,approved,APPROVE
X000135149,2026-01-17 13:03:53,C001110,A0001110,M00626,T01083,South,South,72.7,USD,card_present,3ds,approved,APPROVE
X000082528,2026-01-17 13:03:55,C000692,A0000692,M00645,T00905,South,South,46.92,USD,ecommerce,chip_pin,approved,APPROVE
X000213221,2026-01-17 13:05:25,C001741,A0001741,M00547,T00371,Northeast,Northeast,43.16,USD,card_present,chip_pin,approved,APPROVE
X000028952,2026-01-17 13:06:19,C000249,A0000249,M00741,T00732,South,South,61.63,USD,ecommerce,wallet_biometric,approved,APPROVE
X000028419,2026-01-17 13:06:32,C000245,A0000245,M00068,T01154,Northeast,Northeast,49.58,USD,ecommerce,3ds,approved,APPROVE
X000018778,2026-01-17 13:06:33,C000161,A0000161,M00183,T01168,South,South,73.9,USD,ecommerce,3ds,approved,APPROVE
X000005845,2026-01-17 13:06:54,C000054,A0000054,M00038,T00321,South,South,73.36,USD,card_present,chip_pin,approved,APPROVE
X000161043,2026-01-17 13:07:01,C001330,A0001330,M00559,T00805,Midwest,Midwest,42.86,USD,ecommerce,wallet_biometric,approved,APPROVE
X000142725,2026-01-17 13:07:42,C001176,A0001176,M00517,T00531,Midwest,Midwest,23.86,USD,ecommerce,chip_pin,approved,APPROVE
X000009670,2026-01-17 13:07:49,C000088,A0000088,M00127,T00278,South,South,138.47,USD,card_present,chip_pin,approved,APPROVE
X000047387,2026-01-17 13:08:16,C000399,A0000399,M00715,T01057,Midwest,Midwest,58.25,USD,card_present,chip_pin,approved,APPROVE
X000016805,2026-01-17 13:08:17,C000143,A0000143,M00754,T00229,West,West,28.51,USD,mobile_wallet,3ds,approved,APPROVE
X000002971,2026-01-17 13:08:55,C000028,A0000028,M00596,T01101,Midwest,Midwest,81.48,USD,card_present,chip_pin,approved,APPROVE
X000238422,2026-01-17 13:08:59,C001946,A0001946,M00013,T00686,South,South,55.06,USD,card_present,chip_pin,approved,APPROVE
X000064681,2026-01-17 13:09:23,C000549,A0000549,M00137,T01183,Midwest,Midwest,100.95,USD,card_present,chip_pin,approved,APPROVE
X000021400,2026-01-17 13:10:31,C000186,A0000186,M00442,T00105,West,West,232.11,USD,ecommerce,magstripe,approved,APPROVE
X000114454,2026-01-17 13:10:40,C000952,A0000952,M00350,T01102,Midwest,Midwest,110.22,USD,ecommerce,chip_pin,approved,APPROVE
X000180684,2026-01-17 13:10:52,C001484,A0001484,M00604,T01134,Northeast,Northeast,63.06,USD,card_present,chip_pin,approved,APPROVE
X000071764,2026-01-17 13:11:00,C000609,A0000609,M00194,T00803,Northeast,Northeast,39.79,USD,mobile_wallet,3ds,approved,APPROVE
X000232007,2026-01-17 13:11:24,C001893,A0001893,M00544,T00081,South,South,57.74,USD,card_present,chip_pin,approved,APPROVE
X000093459,2026-01-17 13:11:29,C000783,A0000783,M00482,T01158,West,West,204.24,USD,ecommerce,chip_pin,approved,APPROVE
X000072611,2026-01-17 13:11:44,C000614,A0000614,M00067,T00948,South,South,275.01,USD,card_present,chip_pin,approved,APPROVE
X000056445,2026-01-17 13:11:59,C000477,A0000477,M00341,T00572,Midwest,Midwest,66.18,USD,card_present,chip_pin,approved,APPROVE
X000191626,2026-01-17 13:12:05,C001572,A0001572,M00768,T00457,South,South,41.44,USD,card_present,3ds,approved,APPROVE
X000067339,2026-01-17 13:12:14,C000571,A0000571,M00372,T00095,South,South,52.1,USD,ecommerce,wallet_biometric,approved,APPROVE
X000181068,2026-01-17 13:12:22,C001489,A0001489,M00476,T00184,Midwest,Midwest,54.71,USD,card_present,3ds,approved,APPROVE
X000223314,2026-01-17 13:12:29,C001820,A0001820,M00319,T00631,West,West,125.86,USD,card_present,chip_pin,approved,APPROVE
X000000287,2026-01-17 13:13:38,C000003,A0000003,M00385,T00962,South,South,46.27,USD,ecommerce,chip_pin,approved,APPROVE
X000137803,2026-01-17 13:14:00,C001133,A0001133,M00712,T01100,South,South,43.18,USD,card_present,chip_pin,approved,APPROVE
X000190647,2026-01-17 13:14:07,C001566,A0001566,M00147,T00338,South,South,186.3,USD,mobile_wallet,chip_pin,approved,APPROVE
X000223563,2026-01-17 13:14:22,C001823,A0001823,M00645,T00905,South,South,7.47,USD,card_present,3ds,approved,APPROVE
X000218270,2026-01-17 13:14:25,C001783,A0001783,M00070,T00004,Northeast,Northeast,159.45,USD,ecommerce,3ds,approved,APPROVE
X000203213,2026-01-17 13:14:27,C001664,A0001664,M00507,T01055,South,South,649.52,USD,ecommerce,chip_pin,approved,APPROVE
X000068026,2026-01-17 13:14:39,C000577,A0000577,M00019,T00745,Northeast,Northeast,169.36,USD,ecommerce,chip_pin,approved,APPROVE
X000176501,2026-01-17 13:14:46,C001455,A0001455,M00395,T00889,Midwest,Midwest,72.7,USD,ecommerce,chip_pin,approved,APPROVE
X000173557,2026-01-17 13:15:01,C001431,A0001431,M00382,T01062,Midwest,Midwest,35.14,USD,card_present,wallet_biometric,approved,APPROVE
X000195188,2026-01-17 13:15:32,C001604,A0001604,M00191,T00188,Midwest,Midwest,250.41,USD,ecommerce,3ds,approved,APPROVE
X000184593,2026-01-17 13:15:37,C001521,A0001521,M00295,T00425,South,South,139.43,USD,card_present,chip_pin,approved,APPROVE
X000088788,2026-01-17 13:16:03,C000745,A0000745,M00690,T00363,Northeast,Northeast,193.41,USD,ecommerce,chip_pin,approved,APPROVE
X000175127,2026-01-17 13:16:07,C001442,A0001442,M00796,T00571,West,West,89.31,USD,card_present,chip_pin,approved,APPROVE
X000055655,2026-01-17 13:16:16,C000471,A0000471,M00087,T00716,South,South,213.98,USD,card_present,chip_pin,approved,APPROVE
X000047388,2026-01-17 13:16:20,C000399,A0000399,M00080,T00396,Midwest,Midwest,20.5,USD,card_present,chip_pin,approved,APPROVE
X000190081,2026-01-17 13:16:35,C001562,A0001562,M00700,T00679,Northeast,Northeast,114.73,USD,card_present,magstripe,approved,APPROVE
X000230647,2026-01-17 13:16:37,C001881,A0001881,M00510,T00773,West,West,65.8,USD,ecommerce,wallet_biometric,approved,APPROVE
X000107884,2026-01-17 13:16:57,C000903,A0000903,M00293,T00835,South,South,412.89,USD,ecommerce,chip_pin,approved,APPROVE
X000049837,2026-01-17 13:16:58,C000417,A0000417,M00343,T00030,West,West,53.71,USD,card_present,chip_pin,approved,APPROVE
X000125508,2026-01-17 13:17:35,C001034,A0001034,M00130,T00214,South,South,87.68,USD,card_present,magstripe,approved,APPROVE
X000171420,2026-01-17 13:17:50,C001413,A0001413,M00416,T00451,West,West,36.41,USD,card_present,chip_pin,soft_decline,CHALLENGE
X000010055,2026-01-17 13:18:12,C000091,A0000091,M00408,T00920,Northeast,Northeast,28.86,USD,card_present,chip_pin,approved,APPROVE
X000065388,2026-01-17 13:18:20,C000554,A0000554,M00791,T00739,South,South,91.04,USD,ecommerce,chip_pin,approved,APPROVE
X000039778,2026-01-17 13:18:21,C000338,A0000338,M00338,T00847,Northeast,Northeast,139.77,USD,card_present,chip_pin,approved,APPROVE
X000235571,2026-01-17 13:18:28,C001920,A0001920,M00504,T00422,Northeast,Northeast,59.26,USD,card_present,chip_pin,approved,APPROVE
X000214385,2026-01-17 13:18:34,C001751,A0001751,M00739,T00701,South,South,128.46,USD,ecommerce,3ds,approved,APPROVE
X000030895,2026-01-17 13:18:39,C000262,A0000262,M00168,T00020,Northeast,Northeast,91.64,USD,ecommerce,3ds,approved,APPROVE
X000208861,2026-01-17 13:18:45,C001704,A0001704,M00006,T00419,Midwest,Midwest,106.19,USD,ecommerce,chip_pin,approved,APPROVE
X000011658,2026-01-17 13:18:53,C000103,A0000103,M00163,T01133,Midwest,Midwest,16.12,USD,card_present,chip_pin,approved,APPROVE
X000111677,2026-01-17 13:19:09,C000932,A0000932,M00695,T00203,Midwest,Midwest,61.72,USD,mobile_wallet,chip_pin,soft_decline,CHALLENGE
X000230235,2026-01-17 13:19:47,C001877,A0001877,M00616,T01002,Midwest,West,69.99,USD,card_present,wallet_biometric,approved,APPROVE
X000130201,2026-01-17 13:19:54,C001070,A0001070,M00791,T00304,South,South,34.3,USD,card_present,3ds,approved,APPROVE
X000178415,2026-01-17 13:20:04,C001469,A0001469,M00645,T00428,South,South,45.75,USD,ecommerce,3ds,soft_decline,CHALLENGE
X000174070,2026-01-17 13:21:28,C001435,A0001435,M00147,T00338,South,South,95.01,USD,ecommerce,chip_pin,approved,APPROVE
X000126546,2026-01-17 13:21:33,C001042,A0001042,M00275,T00496,South,Northeast,38.45,USD,mobile_wallet,chip_pin,approved,APPROVE
X000196176,2026-01-17 13:22:00,C001612,A0001612,M00303,T00765,Northeast,Northeast,454.83,USD,ecommerce,chip_pin,approved,APPROVE
X000177024,2026-01-17 13:22:20,C001459,A0001459,M00712,T00650,South,South,207.77,USD,card_present,chip_pin,approved,APPROVE
X000054772,2026-01-17 13:22:24,C000463,A0000463,M00267,T00249,Northeast,West,12.27,USD,card_present,3ds,approved,APPROVE
X000176104,2026-01-17 13:22:28,C001451,A0001451,M00403,T01126,Northeast,Northeast,38.65,USD,ecommerce,3ds,approved,APPROVE
X000105347,2026-01-17 13:22:34,C000886,A0000886,M00457,T00634,Midwest,Midwest,15.09,USD,ecommerce,chip_pin,approved,APPROVE
X000055656,2026-01-17 13:22:37,C000471,A0000471,M00038,T00874,South,South,118.62,USD,card_present,wallet_biometric,approved,APPROVE
X000065155,2026-01-17 13:22:37,C000552,A0000552,M00608,T00219,South,South,38.78,USD,ecommerce,magstripe,approved,APPROVE
X000133018,2026-01-17 13:23:18,C001097,A0001097,M00213,T00320,Northeast,Northeast,72.12,USD,card_present,wallet_biometric,approved,APPROVE
X000105215,2026-01-17 13:23:51,C000885,A0000885,M00779,T00146,South,South,150.43,USD,ecommerce,chip_pin,approved,APPROVE
X000004202,2026-01-17 13:23:58,C000037,A0000037,M00282,T01131,South,South,35.67,USD,mobile_wallet,chip_pin,approved,APPROVE
X000001134,2026-01-17 13:24:05,C000012,A0000012,M00459,T00204,Northeast,Northeast,50.25,USD,card_present,3ds,approved,APPROVE
X000078279,2026-01-17 13:24:19,C000659,A0000659,M00434,T00133,South,South,8.77,USD,card_present,chip_pin,approved,APPROVE
X000181173,2026-01-17 13:24:23,C001490,A0001490,M00112,T00586,West,West,72.53,USD,mobile_wallet,3ds,approved,APPROVE
X000218720,2026-01-17 13:25:44,C001787,A0001787,M00163,T00029,Midwest,Midwest,186.86,USD,ecommerce,chip_pin,approved,APPROVE
X000178207,2026-01-17 13:25:49,C001466,A0001466,M00508,T01195,Northeast,Northeast,21.97,USD,card_present,3ds,approved,APPROVE
X000039572,2026-01-17 13:25:52,C000336,A0000336,M00219,T00102,Northeast,Northeast,40.14,USD,ecommerce,chip_pin,soft_decline,CHALLENGE
X000075531,2026-01-17 13:26:56,C000635,A0000635,M00166,T00022,Northeast,Northeast,124.22,USD,ecommerce,3ds,approved,APPROVE
X000160571,2026-01-17 13:27:39,C001326,A0001326,M00403,T01126,Northeast,Northeast,180.79,USD,ecommerce,3ds,approved,APPROVE
X000019099,2026-01-17 13:27:51,C000165,A0000165,M00800,T00613,West,West,68.36,USD,card_present,chip_pin,approved,APPROVE
X000236446,2026-01-17 13:28:14,C001929,A0001929,M00452,T00101,Northeast,Northeast,163.4,USD,mobile_wallet,magstripe,approved,APPROVE
X000155698,2026-01-17 13:28:21,C001282,A0001282,M00412,T00974,Northeast,Northeast,151.21,USD,ecommerce,wallet_biometric,approved,APPROVE
X000067551,2026-01-17 13:28:40,C000572,A0000572,M00638,T01099,Northeast,Northeast,76.48,USD,ecommerce,3ds,approved,APPROVE
X000099975,2026-01-17 13:29:31,C000841,A0000841,M00224,T01197,Northeast,Northeast,40.15,USD,ecommerce,chip_pin,approved,APPROVE
X000007809,2026-01-17 13:29:37,C000072,A0000072,M00437,T00942,West,West,297.64,USD,card_present,magstripe,approved,APPROVE
X000128814,2026-01-17 13:29:48,C001060,A0001060,M00679,T00587,Northeast,Northeast,364.05,USD,ecommerce,magstripe,approved,APPROVE
X000220262,2026-01-17 13:31:13,C001798,A0001798,M00105,T00482,West,West,59.77,USD,card_present,chip_pin,approved,APPROVE
X000059366,2026-01-17 13:31:38,C000505,A0000505,M00521,T00168,Northeast,Northeast,159.76,USD,card_present,chip_pin,approved,APPROVE
X000134064,2026-01-17 13:31:40,C001103,A0001103,M00398,T00726,South,South,259.8,USD,ecommerce,3ds,approved,APPROVE
X000159936,2026-01-17 13:32:01,C001319,A0001319,M00702,T00341,Midwest,Midwest,84.69,USD,card_present,magstripe,approved,APPROVE
X000012111,2026-01-17 13:32:09,C000106,A0000106,M00457,T00634,Midwest,Midwest,35.34,USD,ecommerce,3ds,approved,APPROVE
X000197391,2026-01-17 13:32:17,C001621,A0001621,M00269,T00339,West,West,272.41,USD,mobile_wallet,magstripe,approved,APPROVE
X000089751,2026-01-17 13:32:59,C000750,A0000750,M00311,T01079,Midwest,Midwest,65.8,USD,ecommerce,wallet_biometric,approved,APPROVE
X000037037,2026-01-17 13:33:17,C000317,A0000317,M00198,T00247,Midwest,Midwest,18.07,USD,card_present,3ds,approved,APPROVE
X000167185,2026-01-17 13:33:59,C001381,A0001381,M00305,T00675,Northeast,Northeast,151.24,USD,ecommerce,3ds,approved,APPROVE
X000140482,2026-01-17 13:34:16,C001156,A0001156,M00159,T01088,Northeast,Northeast,64.41,USD,card_present,chip_pin,approved,APPROVE
X000063158,2026-01-17 13:34:38,C000535,A0000535,M00434,T00808,South,South,73.94,USD,ecommerce,chip_pin,approved,APPROVE
X000094796,2026-01-17 13:34:46,C000792,A0000792,M00244,T00336,South,South,195.1,USD,card_present,3ds,approved,APPROVE
X000066936,2026-01-17 13:35:26,C000568,A0000568,M00524,T00033,Northeast,West,38.41,USD,card_present,chip_pin,approved,APPROVE
X000244059,2026-01-17 13:35:29,C001990,A0001990,M00230,T00912,West,West,108.0,USD,ecommerce,chip_pin,approved,APPROVE
X000120447,2026-01-17 13:35:30,C001001,A0001001,M00179,T00056,Midwest,Midwest,47.52,USD,card_present,magstripe,approved,APPROVE
X000076694,2026-01-17 13:35:37,C000645,A0000645,M00309,T01075,Northeast,Northeast,24.37,USD,ecommerce,chip_pin,approved,APPROVE
X000129593,2026-01-17 13:35:58,C001066,A0001066,M00409,T00971,Northeast,Northeast,50.13,USD,ecommerce,chip_pin,approved,APPROVE
X000128526,2026-01-17 13:36:46,C001058,A0001058,M00675,T00834,Midwest,Midwest,30.56,USD,card_present,chip_pin,approved,APPROVE
X000201986,2026-01-17 13:36:55,C001652,A0001652,M00458,T00358,West,West,75.95,USD,card_present,chip_pin,approved,APPROVE
X000032725,2026-01-17 13:37:18,C000277,A0000277,M00127,T00699,South,South,54.82,USD,card_present,wallet_biometric,soft_decline,CHALLENGE
X000003898,2026-01-17 13:38:33,C000034,A0000034,M00437,T00942,West,West,35.23,USD,card_present,chip_pin,approved,APPROVE
X000225018,2026-01-17 13:38:36,C001835,A0001835,M00156,T00697,West,West,82.73,USD,ecommerce,chip_pin,approved,APPROVE
X000131756,2026-01-17 13:39:38,C001084,A0001084,M00431,T00216,West,West,35.1,USD,card_present,3ds,approved,APPROVE
X000230050,2026-01-17 13:39:41,C001875,A0001875,M00594,T01188,Northeast,Northeast,75.81,USD,mobile_wallet,chip_pin,approved,APPROVE
X000051681,2026-01-17 13:39:42,C000437,A0000437,M00266,T00421,Northeast,Northeast,26.39,USD,ecommerce,3ds,approved,APPROVE
X000108554,2026-01-17 13:39:56,C000910,A0000910,M00378,T01130,South,South,76.9,USD,mobile_wallet,chip_pin,approved,APPROVE
X000178060,2026-01-17 13:40:39,C001465,A0001465,M00417,T00117,South,South,71.62,USD,ecommerce,wallet_biometric,approved,APPROVE
X000178208,2026-01-17 13:40:49,C001466,A0001466,M00508,T01195,Northeast,Northeast,116.56,USD,ecommerce,3ds,approved,APPROVE
X000121098,2026-01-17 13:41:14,C001006,A0001006,M00044,T00290,Northeast,Northeast,78.63,USD,ecommerce,chip_pin,approved,APPROVE
X000244237,2026-01-17 13:41:43,C001991,A0001991,M00442,T00713,West,West,104.41,USD,mobile_wallet,3ds,approved,APPROVE
X000058601,2026-01-17 13:41:47,C000497,A0000497,M00032,T00431,West,West,26.38,USD,mobile_wallet,3ds,approved,APPROVE
X000216491,2026-01-17 13:42:02,C001770,A0001770,M00285,T01108,Midwest,Midwest,161.88,USD,card_present,wallet_biometric,approved,APPROVE
X000228766,2026-01-17 13:42:11,C001863,A0001863,M00184,T00058,South,South,43.29,USD,mobile_wallet,chip_pin,approved,APPROVE
X000069480,2026-01-17 13:43:30,C000590,A0000590,M00189,T00768,West,West,18.22,USD,card_present,wallet_biometric,approved,APPROVE
X000236037,2026-01-17 13:43:44,C001925,A0001925,M00563,T00173,Midwest,Midwest,38.02,USD,mobile_wallet,3ds,approved,APPROVE
X000073850,2026-01-17 13:43:45,C000624,A0000624,M00127,T00810,South,South,34.93,USD,mobile_wallet,3ds,approved,APPROVE
X000178416,2026-01-17 13:44:08,C001469,A0001469,M00005,T01091,South,South,61.58,USD,card_present,chip_pin,approved,APPROVE
X000054864,2026-01-17 13:44:46,C000464,A0000464,M00351,T00802,Northeast,West,171.2,USD,ecommerce,3ds,approved,APPROVE
X000112400,2026-01-17 13:44:56,C000940,A0000940,M00430,T00430,South,South,51.44,USD,card_present,3ds,approved,APPROVE
X000134434,2026-01-17 13:45:09,C001104,A0001104,M00258,T00527,West,West,229.59,USD,mobile_wallet,3ds,approved,APPROVE
X000240261,2026-01-17 13:45:39,C001960,A0001960,M00580,T00415,South,South,18.41,USD,card_present,wallet_biometric,approved,APPROVE
X000161246,2026-01-17 13:47:00,C001331,A0001331,M00318,T00923,Midwest,Midwest,19.14,USD,ecommerce,wallet_biometric,approved,APPROVE
X000241350,2026-01-17 13:47:14,C001970,A0001970,M00696,T00129,Northeast,Midwest,97.5,USD,ecommerce,wallet_biometric,approved,APPROVE
X000053969,2026-01-17 13:47:34,C000457,A0000457,M00193,T00346,West,West,112.31,USD,card_present,chip_pin,approved,APPROVE
X000149672,2026-01-17 13:47:39,C001232,A0001232,M00459,T00809,Northeast,Northeast,20.99,USD,card_present,chip_pin,approved,APPROVE
X000187122,2026-01-17 13:47:55,C001539,A0001539,M00231,T01111,South,South,37.14,USD,card_present,3ds,approved,APPROVE
X000168974,2026-01-17 13:48:15,C001397,A0001397,M00793,T01052,South,South,80.57,USD,card_present,chip_pin,approved,APPROVE
X000048389,2026-01-17 13:48:26,C000406,A0000406,M00675,T00110,Midwest,Midwest,153.82,USD,card_present,wallet_biometric,approved,APPROVE
X000239655,2026-01-17 13:48:29,C001954,A0001954,M00621,T00832,South,West,98.79,USD,ecommerce,3ds,approved,APPROVE
X000098378,2026-01-17 13:48:41,C000824,A0000824,M00329,T00094,Midwest,Midwest,56.08,USD,card_present,3ds,approved,APPROVE
X000229348,2026-01-17 13:49:03,C001868,A0001868,M00294,T00904,South,South,150.27,USD,card_present,3ds,approved,APPROVE
X000096193,2026-01-17 13:50:04,C000804,A0000804,M00239,T00791,South,South,40.94,USD,card_present,3ds,approved,APPROVE
X000140572,2026-01-17 13:52:04,C001157,A0001157,M00687,T01156,Midwest,Midwest,196.23,USD,ecommerce,magstripe,approved,APPROVE
X000145421,2026-01-17 13:52:04,C001197,A0001197,M00533,T00376,Northeast,Northeast,114.16,USD,card_present,chip_pin,approved,APPROVE
X000218372,2026-01-17 13:52:47,C001784,A0001784,M00433,T00752,Midwest,Midwest,75.82,USD,mobile_wallet,wallet_biometric,approved,APPROVE
X000154935,2026-01-17 13:52:49,C001277,A0001277,M00123,T00812,Midwest,Midwest,164.85,USD,card_present,chip_pin,approved,APPROVE
X000138998,2026-01-17 13:53:00,C001145,A0001145,M00706,T00053,Northeast,Northeast,73.65,USD,ecommerce,3ds,approved,APPROVE
X000130405,2026-01-17 13:53:25,C001072,A0001072,M00588,T01164,West,West,37.7,USD,card_present,chip_pin,approved,APPROVE
X000214300,2026-01-17 13:53:27,C001750,A0001750,M00040,T01012,Northeast,Northeast,62.45,USD,card_present,chip_pin,approved,APPROVE
X000132193,2026-01-17 13:53:56,C001089,A0001089,M00285,T00370,Midwest,Midwest,39.68,USD,card_present,chip_pin,approved,APPROVE
X000224474,2026-01-17 13:53:59,C001832,A0001832,M00791,T00304,South,South,72.92,USD,card_present,wallet_biometric,approved,APPROVE
X000092753,2026-01-17 13:54:13,C000777,A0000777,M00191,T00397,Midwest,Midwest,136.44,USD,card_present,chip_pin,approved,APPROVE
X000060225,2026-01-17 13:54:32,C000513,A0000513,M00608,T00027,South,South,71.18,USD,card_present,magstripe,approved,APPROVE
X000240172,2026-01-17 13:55:39,C001959,A0001959,M00289,T00362,South,South,97.3,USD,card_present,wallet_biometric,approved,APPROVE
X000158463,2026-01-17 13:56:40,C001304,A0001304,M00020,T00130,South,South,64.58,USD,card_present,3ds,approved,APPROVE
X000089363,2026-01-17 13:56:52,C000748,A0000748,M00791,T00304,South,South,129.93,USD,ecommerce,chip_pin,approved,APPROVE
X000140650,2026-01-17 13:57:14,C001158,A0001158,M00400,T00825,West,West,67.96,USD,mobile_wallet,chip_pin,approved,APPROVE
X000136385,2026-01-17 13:57:20,C001122,A0001122,M00398,T00960,South,South,51.91,USD,card_present,magstripe,approved,APPROVE
X000046986,2026-01-17 13:58:07,C000395,A0000395,M00303,T00765,Northeast,Northeast,23.9,USD,ecommerce,wallet_biometric,approved,APPROVE
X000059012,2026-01-17 13:58:43,C000501,A0000501,M00613,T00638,South,South,30.13,USD,ecommerce,wallet_biometric,approved,APPROVE
X000058383,2026-01-17 13:59:08,C000495,A0000495,M00005,T00817,South,South,139.35,USD,ecommerce,chip_pin,approved,APPROVE
X000114780,2026-01-17 13:59:22,C000955,A0000955,M00091,T00954,Midwest,Midwest,50.72,USD,card_present,wallet_biometric,approved,APPROVE
X000106203,2026-01-17 13:59:33,C000892,A0000892,M00592,T00596,South,South,87.72,USD,card_present,chip_pin,approved,APPROVE
X000225019,2026-01-17 13:59:46,C001835,A0001835,M00616,T01002,West,West,96.17,USD,mobile_wallet,3ds,approved,APPROVE
X000175981,2026-01-17 14:00:03,C001450,A0001450,M00400,T00825,West,West,110.13,USD,card_present,wallet_biometric,approved,APPROVE
X000100894,2026-01-17 14:00:14,C000850,A0000850,M00706,T00409,Northeast,Northeast,161.42,USD,mobile_wallet,chip_pin,approved,APPROVE
X000234254,2026-01-17 14:00:20,C001910,A0001910,M00077,T00530,South,South,151.9,USD,card_present,wallet_biometric,approved,APPROVE
X000036734,2026-01-17 14:00:36,C000315,A0000315,M00211,T01050,Midwest,Midwest,394.41,USD,card_present,chip_pin,approved,APPROVE
X000178061,2026-01-17 14:00:42,C001465,A0001465,M00406,T00057,South,South,47.39,USD,card_present,wallet_biometric,approved,APPROVE
X000131643,2026-01-17 14:00:43,C001083,A0001083,M00094,T01093,South,South,31.73,USD,mobile_wallet,magstripe,approved,APPROVE
X000189818,2026-01-17 14:00:59,C001560,A0001560,M00210,T01163,South,South,21.57,USD,ecommerce,wallet_biometric,approved,APPROVE
X000126547,2026-01-17 14:01:27,C001042,A0001042,M00052,T00843,South,South,13.2,USD,ecommerce,chip_pin,approved,APPROVE
X000090723,2026-01-17 14:01:33,C000760,A0000760,M00077,T00783,South,South,51.5,USD,card_present,chip_pin,approved,APPROVE
X000168808,2026-01-17 14:02:26,C001396,A0001396,M00771,T00411,South,South,58.83,USD,ecommerce,magstripe,approved,APPROVE
X000088203,2026-01-17 14:02:31,C000741,A0000741,M00040,T00635,Northeast,Northeast,14.98,USD,card_present,3ds,approved,APPROVE
X000209766,2026-01-17 14:02:31,C001712,A0001712,M00173,T01167,South,South,201.65,USD,ecommerce,chip_pin,approved,APPROVE
X000219674,2026-01-17 14:02:35,C001795,A0001795,M00227,T00504,Midwest,Midwest,55.07,USD,card_present,3ds,approved,APPROVE
X000100196,2026-01-17 14:02:38,C000844,A0000844,M00225,T00294,Midwest,Midwest,111.32,USD,card_present,wallet_biometric,approved,APPROVE
X000046987,2026-01-17 14:02:47,C000395,A0000395,M00691,T00343,Northeast,Northeast,14.81,USD,card_present,chip_pin,approved,APPROVE
X000015487,2026-01-17 14:03:17,C000132,A0000132,M00484,T00728,South,South,47.77,USD,ecommerce,chip_pin,approved,APPROVE
X000199670,2026-01-17 14:03:35,C001637,A0001637,M00153,T00753,South,South,56.66,USD,card_present,chip_pin,approved,APPROVE
X000140218,2026-01-17 14:03:40,C001155,A0001155,M00038,T00813,South,South,365.99,USD,card_present,3ds,approved,APPROVE
X000222267,2026-01-17 14:03:42,C001811,A0001811,M00720,T00311,Northeast,Northeast,15.81,USD,mobile_wallet,chip_pin,approved,APPROVE
X000031453,2026-01-17 14:03:43,C000266,A0000266,M00060,T00662,West,West,93.75,USD,card_present,wallet_biometric,approved,APPROVE
X000218947,2026-01-17 14:05:43,C001789,A0001789,M00602,T00692,Northeast,Northeast,102.53,USD,mobile_wallet,wallet_biometric,approved,APPROVE
X000117751,2026-01-17 14:05:54,C000976,A0000976,M00321,T00416,Midwest,Midwest,306.0,USD,card_present,chip_pin,approved,APPROVE
X000004094,2026-01-17 14:06:04,C000036,A0000036,M00501,T00506,Northeast,Northeast,105.21,USD,ecommerce,wallet_biometric,approved,APPROVE
X000063294,2026-01-17 14:06:08,C000537,A0000537,M00743,T00220,South,South,30.48,USD,card_present,chip_pin,approved,APPROVE
X000242548,2026-01-17 14:06:22,C001980,A0001980,M00191,T00568,Midwest,Midwest,74.32,USD,ecommerce,chip_pin,approved,APPROVE
X000071234,2026-01-17 14:06:32,C000605,A0000605,M00724,T00630,West,West,170.98,USD,ecommerce,chip_pin,approved,APPROVE
X000097879,2026-01-17 14:06:38,C000820,A0000820,M00217,T00041,South,South,151.92,USD,card_present,chip_pin,approved,APPROVE
X000048550,2026-01-17 14:06:43,C000407,A0000407,M00671,T00424,Midwest,Midwest,35.71,USD,ecommerce,chip_pin,approved,APPROVE
X000121336,2026-01-17 14:06:48,C001008,A0001008,M00574,T00190,Midwest,Midwest,680.25,USD,mobile_wallet,3ds,approved,APPROVE
X000191875,2026-01-17 14:06:57,C001574,A0001574,M00054,T00902,West,West,126.91,USD,card_present,chip_pin,approved,APPROVE
X000228145,2026-01-17 14:07:09,C001858,A0001858,M00663,T00862,West,West,27.27,USD,card_present,magstripe,approved,APPROVE
X000085761,2026-01-17 14:07:35,C000718,A0000718,M00004,T00199,Northeast,Northeast,17.96,USD,ecommerce,chip_pin,approved,APPROVE
X000110325,2026-01-17 14:08:09,C000922,A0000922,M00184,T00058,South,South,175.51,USD,card_present,3ds,approved,APPROVE
X000174340,2026-01-17 14:08:45,C001436,A0001436,M00023,T00720,Midwest,Midwest,26.86,USD,card_present,3ds,approved,APPROVE
X000240173,2026-01-17 14:08:51,C001959,A0001959,M00243,T00806,South,South,105.08,USD,card_present,chip_pin,approved,APPROVE
X000104068,2026-01-17 14:08:55,C000876,A0000876,M00400,T00412,West,West,143.05,USD,ecommerce,chip_pin,approved,APPROVE
X000084942,2026-01-17 14:08:56,C000710,A0000710,M00535,T00606,West,West,250.3,USD,mobile_wallet,chip_pin,approved,APPROVE
X000209504,2026-01-17 14:08:58,C001710,A0001710,M00264,T00659,Midwest,Midwest,60.23,USD,ecommerce,wallet_biometric,approved,APPROVE
X000031543,2026-01-17 14:09:20,C000267,A0000267,M00050,T01119,Midwest,Midwest,539.16,USD,card_present,3ds,approved,APPROVE
X000052404,2026-01-17 14:09:35,C000442,A0000442,M00758,T00785,Midwest,Northeast,156.29,USD,card_present,wallet_biometric,approved,APPROVE
X000181454,2026-01-17 14:10:07,C001492,A0001492,M00767,T00313,South,South,20.74,USD,card_present,wallet_biometric,approved,APPROVE
X000190827,2026-01-17 14:11:28,C001567,A0001567,M00608,T00219,South,South,455.82,USD,card_present,3ds,approved,APPROVE
X000047163,2026-01-17 14:11:34,C000397,A0000397,M00345,T01138,South,South,41.51,USD,card_present,3ds,approved,APPROVE
X000071765,2026-01-17 14:11:57,C000609,A0000609,M00298,T00088,Northeast,Northeast,181.49,USD,mobile_wallet,chip_pin,approved,APPROVE
X000230236,2026-01-17 14:12:05,C001877,A0001877,M00083,T00985,Midwest,Midwest,47.09,USD,mobile_wallet,chip_pin,approved,APPROVE
X000079462,2026-01-17 14:13:36,C000669,A0000669,M00260,T00534,West,West,15.16,USD,card_present,chip_pin,approved,APPROVE
X000114781,2026-01-17 14:14:54,C000955,A0000955,M00460,T00478,Midwest,Midwest,31.88,USD,ecommerce,3ds,approved,APPROVE
X000074465,2026-01-17 14:14:59,C000629,A0000629,M00391,T01061,Northeast,Northeast,189.25,USD,mobile_wallet,chip_pin,approved,APPROVE
X000143893,2026-01-17 14:15:26,C001186,A0001186,M00323,T01185,South,South,377.78,USD,card_present,chip_pin,approved,APPROVE
X000172839,2026-01-17 14:15:58,C001426,A0001426,M00068,T00322,Northeast,Northeast,137.12,USD,card_present,3ds,approved,APPROVE
X000174929,2026-01-17 14:16:47,C001441,A0001441,M00464,T00875,West,West,202.47,USD,mobile_wallet,chip_pin,approved,APPROVE
X000138486,2026-01-17 14:17:58,C001140,A0001140,M00231,T00176,South,South,151.7,USD,ecommerce,chip_pin,approved,APPROVE
X000046560,2026-01-17 14:18:01,C000391,A0000391,M00309,T01075,Northeast,Northeast,13.88,USD,mobile_wallet,3ds,approved,APPROVE
X000164239,2026-01-17 14:18:27,C001354,A0001354,M00343,T00792,West,West,86.69,USD,card_present,chip_pin,approved,APPROVE
X000051124,2026-01-17 14:18:33,C000430,A0000430,M00253,T00043,South,South,41.11,USD,card_present,chip_pin,approved,APPROVE
X000184447,2026-01-17 14:18:33,C001520,A0001520,M00595,T00231,West,West,117.77,USD,ecommerce,chip_pin,approved,APPROVE
X000084708,2026-01-17 14:19:13,C000709,A0000709,M00778,T00222,South,South,449.81,USD,card_present,chip_pin,approved,APPROVE
X000113716,2026-01-17 14:19:38,C000947,A0000947,M00753,T00413,South,South,24.89,USD,card_present,chip_pin,approved,APPROVE
X000032294,2026-01-17 14:19:40,C000274,A0000274,M00217,T00815,South,South,48.61,USD,card_present,wallet_biometric,approved,APPROVE
X000227346,2026-01-17 14:20:38,C001853,A0001853,M00708,T00618,West,West,150.5,USD,card_present,3ds,approved,APPROVE
X000003406,2026-01-17 14:20:50,C000030,A0000030,M00596,T01101,Midwest,Midwest,53.41,USD,ecommerce,chip_pin,approved,APPROVE
X000053656,2026-01-17 14:20:54,C000454,A0000454,M00739,T00701,South,South,127.66,USD,mobile_wallet,wallet_biometric,approved,APPROVE
X000095064,2026-01-17 14:21:19,C000794,A0000794,M00437,T00139,West,West,17.12,USD,card_present,3ds,approved,APPROVE
X000169485,2026-01-17 14:21:36,C001400,A0001400,M00378,T01196,South,South,114.2,USD,card_present,wallet_biometric,approved,APPROVE
X000233650,2026-01-17 14:21:49,C001905,A0001905,M00001,T00955,South,South,45.02,USD,ecommerce,wallet_biometric,approved,APPROVE
X000063656,2026-01-17 14:22:11,C000541,A0000541,M00117,T00472,South,South,157.97,USD,card_present,3ds,approved,APPROVE
X000067928,2026-01-17 14:22:47,C000576,A0000576,M00628,T01005,West,West,122.62,USD,mobile_wallet,chip_pin,approved,APPROVE
X000050557,2026-01-17 14:22:51,C000424,A0000424,M00453,T00940,South,South,44.89,USD,ecommerce,wallet_biometric,approved,APPROVE
X000140219,2026-01-17 14:23:02,C001155,A0001155,M00613,T00449,South,South,122.6,USD,card_present,3ds,approved,APPROVE
X000206289,2026-01-17 14:23:06,C001684,A0001684,M00782,T00864,Midwest,Midwest,21.71,USD,card_present,chip_pin,approved,APPROVE
X000121561,2026-01-17 14:23:53,C001009,A0001009,M00205,T00934,South,South,21.81,USD,mobile_wallet,3ds,approved,APPROVE
X000223688,2026-01-17 14:23:57,C001824,A0001824,M00294,T00904,South,South,77.86,USD,ecommerce,magstripe,approved,APPROVE
X000007486,2026-01-17 14:24:30,C000069,A0000069,M00211,T01170,Midwest,Midwest,41.3,USD,ecommerce,chip_pin,approved,APPROVE
X000100645,2026-01-17 14:24:36,C000847,A0000847,M00615,T00704,Midwest,Midwest,18.38,USD,ecommerce,chip_pin,approved,APPROVE
X000089982,2026-01-17 14:25:01,C000752,A0000752,M00253,T01072,South,South,39.66,USD,card_present,wallet_biometric,approved,APPROVE
X000160572,2026-01-17 14:25:02,C001326,A0001326,M00386,T00008,Northeast,Northeast,65.73,USD,ecommerce,wallet_biometric,approved,APPROVE
X000015757,2026-01-17 14:25:07,C000134,A0000134,M00271,T00851,Northeast,Northeast,28.47,USD,card_present,magstripe,approved,APPROVE
X000135434,2026-01-17 14:25:09,C001112,A0001112,M00424,T01128,South,Midwest,11.36,USD,card_present,wallet_biometric,approved,APPROVE
X000024411,2026-01-17 14:27:04,C000206,A0000206,M00040,T00439,Northeast,Northeast,58.6,USD,ecommerce,3ds,approved,APPROVE
X000077857,2026-01-17 14:27:17,C000655,A0000655,M00003,T00787,South,South,677.78,USD,mobile_wallet,chip_pin,approved,APPROVE
X000118791,2026-01-17 14:27:17,C000984,A0000984,M00521,T00168,Northeast,Northeast,17.54,USD,card_present,3ds,approved,APPROVE
X000021779,2026-01-17 14:27:39,C000188,A0000188,M00669,T00703,South,South,47.67,USD,ecommerce,3ds,approved,APPROVE
X000170619,2026-01-17 14:27:39,C001406,A0001406,M00054,T00295,West,West,19.78,USD,ecommerce,chip_pin,approved,APPROVE
X000122522,2026-01-17 14:28:10,C001016,A0001016,M00070,T00169,Northeast,Northeast,30.37,USD,mobile_wallet,magstripe,approved,APPROVE
X000156410,2026-01-17 14:28:12,C001287,A0001287,M00790,T00840,Northeast,Northeast,26.52,USD,card_present,chip_pin,approved,APPROVE
X000139372,2026-01-17 14:28:13,C001149,A0001149,M00250,T01135,Midwest,Midwest,71.26,USD,card_present,chip_pin,approved,APPROVE
X000113521,2026-01-17 14:28:14,C000946,A0000946,M00745,T00183,Northeast,Northeast,185.54,USD,card_present,chip_pin,approved,APPROVE
X000171628,2026-01-17 14:28:51,C001415,A0001415,M00039,T01014,Midwest,Midwest,43.76,USD,card_present,chip_pin,approved,APPROVE
X000159383,2026-01-17 14:28:52,C001313,A0001313,M00720,T00705,Northeast,Northeast,52.76,USD,card_present,wallet_biometric,approved,APPROVE
X000176738,2026-01-17 14:29:15,C001457,A0001457,M00023,T00720,Midwest,Midwest,11.87,USD,card_present,wallet_biometric,approved,APPROVE
X000183428,2026-01-17 14:29:42,C001509,A0001509,M00399,T00567,West,West,23.02,USD,card_present,chip_pin,approved,APPROVE
X000193673,2026-01-17 14:29:53,C001592,A0001592,M00736,T00065,South,South,95.19,USD,mobile_wallet,wallet_biometric,approved,APPROVE
X000032608,2026-01-17 14:30:47,C000276,A0000276,M00641,T00175,West,West,132.43,USD,card_present,magstripe,approved,APPROVE
X000058384,2026-01-17 14:30:48,C000495,A0000495,M00055,T01054,South,South,220.85,USD,ecommerce,chip_pin,approved,APPROVE
X000187352,2026-01-17 14:31:34,C001541,A0001541,M00457,T00634,Midwest,Midwest,199.62,USD,mobile_wallet,wallet_biometric,approved,APPROVE
X000223148,2026-01-17 14:31:58,C001819,A0001819,M00253,T00043,South,South,136.55,USD,ecommerce,chip_pin,approved,APPROVE
X000141478,2026-01-17 14:32:03,C001165,A0001165,M00033,T00919,West,West,89.59,USD,ecommerce,wallet_biometric,approved,APPROVE
X000058217,2026-01-17 14:32:06,C000494,A0000494,M00129,T00930,Northeast,West,13.31,USD,ecommerce,3ds,approved,APPROVE
X000165787,2026-01-17 14:33:14,C001368,A0001368,M00524,T00237,West,West,285.56,USD,ecommerce,wallet_biometric,approved,APPROVE
X000122715,2026-01-17 14:34:11,C001018,A0001018,M00094,T01093,South,South,42.7,USD,card_present,chip_pin,approved,APPROVE
X000090597,2026-01-17 14:34:33,C000759,A0000759,M00145,T00673,Northeast,Northeast,27.95,USD,ecommerce,chip_pin,approved,APPROVE
X000138128,2026-01-17 14:34:56,C001136,A0001136,M00473,T00408,West,West,12.61,USD,mobile_wallet,magstripe,approved,APPROVE
X000172840,2026-01-17 14:34:57,C001426,A0001426,M00790,T00840,Northeast,Northeast,66.58,USD,ecommerce,wallet_biometric,approved,APPROVE
X000002773,2026-01-17 14:35:13,C000027,A0000027,M00758,T00785,Northeast,Northeast,126.39,USD,ecommerce,3ds,approved,APPROVE
X000223043,2026-01-17 14:35:17,C001818,A0001818,M00695,T00845,Midwest,Midwest,60.06,USD,mobile_wallet,3ds,approved,APPROVE
X000024148,2026-01-17 14:35:29,C000204,A0000204,M00462,T01033,Northeast,Northeast,31.68,USD,ecommerce,chip_pin,approved,APPROVE
X000238003,2026-01-17 14:35:53,C001942,A0001942,M00585,T00052,Midwest,Midwest,159.0,USD,ecommerce,3ds,approved,APPROVE
X000137338,2026-01-17 14:36:00,C001128,A0001128,M00380,T01026,Midwest,Midwest,228.38,USD,card_present,chip_pin,approved,APPROVE
X000138796,2026-01-17 14:36:24,C001143,A0001143,M00534,T00729,West,West,182.4,USD,card_present,chip_pin,approved,APPROVE
X000079463,2026-01-17 14:37:12,C000669,A0000669,M00416,T00451,West,West,16.38,USD,mobile_wallet,3ds,approved,APPROVE
X000172841,2026-01-17 14:37:47,C001426,A0001426,M00726,T00968,Northeast,Northeast,60.21,USD,card_present,chip_pin,approved,APPROVE
X000072612,2026-01-17 14:38:09,C000614,A0000614,M00739,T00701,South,South,159.03,USD,card_present,chip_pin,approved,APPROVE
X000082252,2026-01-17 14:38:26,C000689,A0000689,M00054,T00545,West,West,61.72,USD,card_present,wallet_biometric,approved,APPROVE
X000214896,2026-01-17 14:38:55,C001755,A0001755,M00259,T00535,Northeast,Northeast,29.79,USD,card_present,3ds,approved,APPROVE
X000131644,2026-01-17 14:39:34,C001083,A0001083,M00253,T00043,South,South,40.15,USD,ecommerce,chip_pin,approved,APPROVE
X000222478,2026-01-17 14:39:41,C001813,A0001813,M00135,T00646,Midwest,Midwest,186.59,USD,mobile_wallet,chip_pin,approved,APPROVE
X000030387,2026-01-17 14:39:57,C000260,A0000260,M00500,T00274,Midwest,Midwest,151.01,USD,card_present,3ds,approved,APPROVE
X000207263,2026-01-17 14:41:03,C001691,A0001691,M00038,T00321,South,South,34.46,USD,mobile_wallet,chip_pin,approved,APPROVE
X000048775,2026-01-17 14:41:21,C000409,A0000409,M00091,T00954,Midwest,Midwest,41.61,USD,ecommerce,chip_pin,approved,APPROVE
X000012742,2026-01-17 14:41:44,C000111,A0000111,M00447,T00749,South,South,26.18,USD,ecommerce,chip_pin,approved,APPROVE
X000227347,2026-01-17 14:41:52,C001853,A0001853,M00553,T00807,West,West,167.71,USD,card_present,3ds,approved,APPROVE
X000007139,2026-01-17 14:42:31,C000066,A0000066,M00324,T00243,West,West,37.17,USD,ecommerce,3ds,approved,APPROVE
X000227348,2026-01-17 14:43:10,C001853,A0001853,M00684,T01008,West,West,250.85,USD,card_present,chip_pin,approved,APPROVE
X000229255,2026-01-17 14:43:20,C001867,A0001867,M00766,T00816,West,West,69.21,USD,card_present,3ds,soft_decline,CHALLENGE
X000077284,2026-01-17 14:43:54,C000650,A0000650,M00271,T01087,Northeast,Northeast,23.92,USD,card_present,chip_pin,approved,APPROVE
X000019100,2026-01-17 14:44:16,C000165,A0000165,M00190,T01150,West,West,28.67,USD,ecommerce,chip_pin,approved,APPROVE
X000206671,2026-01-17 14:44:25,C001687,A0001687,M00745,T00823,Northeast,Northeast,413.44,USD,card_present,wallet_biometric,approved,APPROVE
X000147847,2026-01-17 14:44:31,C001221,A0001221,M00563,T00283,Midwest,Midwest,115.03,USD,ecommerce,chip_pin,approved,APPROVE
X000022565,2026-01-17 14:45:25,C000195,A0000195,M00724,T01129,West,West,113.01,USD,ecommerce,magstripe,approved,APPROVE
X000231676,2026-01-17 14:45:28,C001890,A0001890,M00123,T00812,Midwest,Midwest,124.78,USD,card_present,chip_pin,approved,APPROVE
X000233651,2026-01-17 14:45:35,C001905,A0001905,M00003,T00787,South,South,30.02,USD,card_present,chip_pin,approved,APPROVE
X000207264,2026-01-17 14:45:46,C001691,A0001691,M00693,T01048,South,South,67.26,USD,ecommerce,3ds,approved,APPROVE
X000009040,2026-01-17 14:46:53,C000082,A0000082,M00134,T00440,Midwest,Midwest,51.02,USD,card_present,3ds,approved,APPROVE
X000114899,2026-01-17 14:47:55,C000956,A0000956,M00566,T00310,West,West,410.91,USD,card_present,magstripe,approved,APPROVE
X000242982,2026-01-17 14:48:10,C001982,A0001982,M00601,T00769,South,South,63.51,USD,card_present,chip_pin,approved,APPROVE
X000183604,2026-01-17 14:48:35,C001511,A0001511,M00608,T00219,South,South,19.66,USD,card_present,wallet_biometric,approved,APPROVE
X000172728,2026-01-17 14:49:20,C001425,A0001425,M00579,T01107,West,West,14.49,USD,mobile_wallet,3ds,approved,APPROVE
X000160735,2026-01-17 14:49:49,C001327,A0001327,M00560,T00369,West,West,32.0,USD,card_present,magstripe,approved,APPROVE
X000121676,2026-01-17 14:49:55,C001010,A0001010,M00537,T00054,West,West,38.56,USD,card_present,wallet_biometric,approved,APPROVE
X000018490,2026-01-17 14:49:57,C000158,A0000158,M00085,T00540,Northeast,Northeast,23.32,USD,card_present,3ds,approved,APPROVE
X000155107,2026-01-17 14:50:34,C001278,A0001278,M00613,T00852,South,South,47.1,USD,ecommerce,3ds,approved,APPROVE
X000128657,2026-01-17 14:50:49,C001059,A0001059,M00547,T00371,Northeast,Northeast,42.47,USD,card_present,chip_pin,approved,APPROVE
X000163419,2026-01-17 14:51:30,C001348,A0001348,M00099,T00459,South,South,72.83,USD,card_present,wallet_biometric,approved,APPROVE
X000019558,2026-01-17 14:51:46,C000169,A0000169,M00004,T00199,Northeast,Northeast,55.41,USD,card_present,chip_pin,approved,APPROVE
X000101139,2026-01-17 14:51:50,C000851,A0000851,M00524,T00477,West,West,382.05,USD,mobile_wallet,3ds,approved,APPROVE
X000100089,2026-01-17 14:51:57,C000843,A0000843,M00476,T00184,Midwest,Midwest,81.37,USD,ecommerce,wallet_biometric,approved,APPROVE
X000064391,2026-01-17 14:52:15,C000547,A0000547,M00144,T00521,West,West,86.82,USD,ecommerce,magstripe,approved,APPROVE
X000129594,2026-01-17 14:52:19,C001066,A0001066,M00409,T00971,Northeast,Northeast,61.69,USD,card_present,chip_pin,approved,APPROVE
X000081694,2026-01-17 14:53:12,C000684,A0000684,M00230,T00074,West,West,271.19,USD,card_present,3ds,approved,APPROVE
X000023633,2026-01-17 14:53:44,C000201,A0000201,M00085,T00814,Northeast,Northeast,222.64,USD,card_present,magstripe,approved,APPROVE
X000135622,2026-01-17 14:54:00,C001114,A0001114,M00391,T00267,South,Northeast,41.09,USD,card_present,chip_pin,approved,APPROVE
X000006078,2026-01-17 14:54:22,C000056,A0000056,M00205,T00934,South,South,147.74,USD,ecommerce,chip_pin,approved,APPROVE
X000147001,2026-01-17 14:54:22,C001212,A0001212,M00295,T00425,South,South,21.95,USD,card_present,chip_pin,approved,APPROVE
X000196648,2026-01-17 14:54:42,C001615,A0001615,M00706,T00053,Northeast,Northeast,28.71,USD,card_present,magstripe,approved,APPROVE
X000081149,2026-01-17 14:55:52,C000681,A0000681,M00663,T00502,West,West,149.64,USD,card_present,chip_pin,approved,APPROVE
X000149016,2026-01-17 14:55:58,C001227,A0001227,M00619,T00982,West,West,125.72,USD,card_present,chip_pin,approved,APPROVE
X000047472,2026-01-17 14:56:23,C000400,A0000400,M00131,T00706,West,West,24.52,USD,card_present,wallet_biometric,approved,APPROVE
X000089752,2026-01-17 14:57:19,C000750,A0000750,M00064,T00120,Midwest,Midwest,80.99,USD,card_present,wallet_biometric,approved,APPROVE
X000200663,2026-01-17 14:58:05,C001644,A0001644,M00327,T00251,South,South,16.7,USD,card_present,wallet_biometric,approved,APPROVE
X000081150,2026-01-17 14:58:55,C000681,A0000681,M00769,T00996,West,West,223.15,USD,card_present,wallet_biometric,approved,APPROVE
X000184448,2026-01-17 14:58:58,C001520,A0001520,M00595,T00231,West,West,287.33,USD,ecommerce,chip_pin,approved,APPROVE
X000011932,2026-01-17 14:59:05,C000105,A0000105,M00679,T01139,Northeast,Northeast,241.67,USD,ecommerce,3ds,approved,APPROVE
X000097427,2026-01-17 14:59:18,C000816,A0000816,M00083,T00024,Midwest,Midwest,44.2,USD,card_present,chip_pin,approved,APPROVE
X000041702,2026-01-17 14:59:44,C000353,A0000353,M00619,T00982,West,West,35.41,USD,card_present,magstripe,approved,APPROVE
X000180426,2026-01-17 15:00:03,C001483,A0001483,M00040,T00656,Northeast,Northeast,196.58,USD,card_present,wallet_biometric,approved,APPROVE
X000229349,2026-01-17 15:00:06,C001868,A0001868,M00294,T00904,South,South,208.51,USD,card_present,chip_pin,approved,APPROVE
X000103388,2026-01-17 15:00:13,C000870,A0000870,M00148,T01086,Midwest,Midwest,53.56,USD,ecommerce,3ds,approved,APPROVE
X000054659,2026-01-17 15:00:55,C000462,A0000462,M00029,T00167,South,South,36.08,USD,mobile_wallet,magstripe,approved,APPROVE
X000036181,2026-01-17 15:01:22,C000309,A0000309,M00055,T01044,South,South,15.46,USD,ecommerce,3ds,approved,APPROVE
X000178837,2026-01-17 15:01:38,C001473,A0001473,M00767,T00313,South,South,34.51,USD,card_present,magstripe,approved,APPROVE
X000205374,2026-01-17 15:01:53,C001678,A0001678,M00039,T01145,Midwest,Midwest,119.24,USD,ecommerce,chip_pin,approved,APPROVE
X000065261,2026-01-17 15:02:25,C000553,A0000553,M00692,T00191,Northeast,Northeast,64.79,USD,card_present,chip_pin,approved,APPROVE
X000116994,2026-01-17 15:02:32,C000971,A0000971,M00143,T00157,South,South,99.68,USD,card_present,chip_pin,approved,APPROVE
X000206373,2026-01-17 15:02:47,C001685,A0001685,M00524,T00505,West,West,17.63,USD,card_present,chip_pin,approved,APPROVE
X000109956,2026-01-17 15:03:01,C000919,A0000919,M00239,T00791,South,South,18.43,USD,ecommerce,magstripe,approved,APPROVE
X000062186,2026-01-17 15:03:15,C000529,A0000529,M00712,T00650,South,South,80.14,USD,mobile_wallet,3ds,approved,APPROVE
X000044317,2026-01-17 15:03:36,C000376,A0000376,M00494,T01020,West,West,126.86,USD,card_present,3ds,approved,APPROVE
X000189344,2026-01-17 15:03:36,C001556,A0001556,M00200,T00991,Midwest,Midwest,63.2,USD,mobile_wallet,wallet_biometric,approved,APPROVE
X000111503,2026-01-17 15:03:46,C000931,A0000931,M00091,T00954,Midwest,Midwest,119.46,USD,ecommerce,chip_pin,soft_decline,CHALLENGE
X000218473,2026-01-17 15:04:28,C001785,A0001785,M00526,T00055,South,South,15.49,USD,mobile_wallet,magstripe,approved,APPROVE
X000225020,2026-01-17 15:04:39,C001835,A0001835,M00156,T00697,West,West,222.26,USD,card_present,chip_pin,approved,APPROVE
X000097880,2026-01-17 15:04:51,C000820,A0000820,M00626,T01083,South,South,240.55,USD,mobile_wallet,3ds,approved,APPROVE
X000081151,2026-01-17 15:04:58,C000681,A0000681,M00054,T00295,West,West,176.38,USD,card_present,chip_pin,approved,APPROVE
X000230325,2026-01-17 15:06:01,C001878,A0001878,M00434,T00808,South,South,148.04,USD,mobile_wallet,chip_pin,approved,APPROVE
X000054051,2026-01-17 15:07:05,C000458,A0000458,M00168,T00020,Northeast,Northeast,26.21,USD,card_present,wallet_biometric,approved,APPROVE
X000120031,2026-01-17 15:07:12,C000997,A0000997,M00790,T00840,Northeast,Northeast,156.59,USD,ecommerce,3ds,approved,APPROVE
X000060002,2026-01-17 15:07:17,C000511,A0000511,M00600,T00407,South,South,23.64,USD,ecommerce,wallet_biometric,approved,APPROVE
X000159205,2026-01-17 15:08:02,C001311,A0001311,M00797,T00997,South,South,62.07,USD,mobile_wallet,chip_pin,approved,APPROVE
X000122716,2026-01-17 15:08:09,C001018,A0001018,M00094,T01093,South,South,54.24,USD,card_present,chip_pin,approved,APPROVE
X000179344,2026-01-17 15:08:25,C001476,A0001476,M00667,T00182,Northeast,Northeast,185.88,USD,card_present,chip_pin,approved,APPROVE
X000089364,2026-01-17 15:08:43,C000748,A0000748,M00067,T00948,South,South,174.81,USD,mobile_wallet,3ds,approved,APPROVE
X000111241,2026-01-17 15:08:48,C000928,A0000928,M00227,T00504,Midwest,Midwest,56.17,USD,card_present,chip_pin,approved,APPROVE
X000094662,2026-01-17 15:10:21,C000791,A0000791,M00143,T00157,South,South,67.44,USD,ecommerce,3ds,approved,APPROVE
X000099810,2026-01-17 15:10:37,C000839,A0000839,M00294,T00731,South,South,16.47,USD,card_present,3ds,approved,APPROVE
X000195780,2026-01-17 15:10:42,C001608,A0001608,M00171,T00523,South,Northeast,29.97,USD,card_present,3ds,approved,APPROVE
X000026726,2026-01-17 15:11:27,C000230,A0000230,M00693,T01048,South,South,33.52,USD,mobile_wallet,wallet_biometric,approved,APPROVE
X000120702,2026-01-17 15:11:47,C001003,A0001003,M00471,T00670,Midwest,Midwest,101.73,USD,ecommerce,3ds,approved,APPROVE
X000231434,2026-01-17 15:11:49,C001889,A0001889,M00761,T01038,South,South,227.55,USD,card_present,3ds,approved,APPROVE
X000106615,2026-01-17 15:11:56,C000894,A0000894,M00613,T00331,South,South,571.99,USD,card_present,magstripe,approved,APPROVE
X000201590,2026-01-17 15:11:57,C001650,A0001650,M00232,T00367,West,West,98.39,USD,card_present,wallet_biometric,approved,APPROVE
X000058385,2026-01-17 15:12:01,C000495,A0000495,M00767,T00890,South,South,120.11,USD,card_present,wallet_biometric,approved,APPROVE
X000033703,2026-01-17 15:12:03,C000287,A0000287,M00567,T00161,Northeast,Northeast,71.1,USD,ecommerce,chip_pin,approved,APPROVE
X000241516,2026-01-17 15:12:07,C001971,A0001971,M00075,T00297,West,West,202.77,USD,mobile_wallet,chip_pin,approved,APPROVE
X000228541,2026-01-17 15:12:14,C001861,A0001861,M00022,T00194,South,South,93.92,USD,card_present,wallet_biometric,approved,APPROVE
X000085595,2026-01-17 15:12:34,C000716,A0000716,M00216,T00994,West,West,21.32,USD,card_present,magstripe,approved,APPROVE
X000140220,2026-01-17 15:13:01,C001155,A0001155,M00411,T00744,South,West,558.4,USD,ecommerce,wallet_biometric,approved,APPROVE
X000122874,2026-01-17 15:13:09,C001019,A0001019,M00788,T00404,South,South,44.91,USD,ecommerce,wallet_biometric,approved,APPROVE
X000023449,2026-01-17 15:13:43,C000200,A0000200,M00531,T00724,Midwest,Midwest,53.86,USD,ecommerce,chip_pin,approved,APPROVE
X000231053,2026-01-17 15:14:10,C001885,A0001885,M00244,T00277,South,South,50.15,USD,card_present,3ds,approved,APPROVE
X000192280,2026-01-17 15:14:42,C001578,A0001578,M00770,T00715,Midwest,Midwest,69.56,USD,ecommerce,3ds,approved,APPROVE
X000233652,2026-01-17 15:15:07,C001905,A0001905,M00001,T00955,South,South,62.54,USD,card_present,chip_pin,approved,APPROVE
X000050829,2026-01-17 15:15:12,C000427,A0000427,M00443,T00564,South,South,107.9,USD,card_present,magstripe,approved,APPROVE
X000059013,2026-01-17 15:15:30,C000501,A0000501,M00295,T00425,South,South,38.38,USD,mobile_wallet,3ds,approved,APPROVE
X000180427,2026-01-17 15:15:41,C001483,A0001483,M00393,T00239,Northeast,Northeast,209.1,USD,ecommerce,3ds,approved,APPROVE
X000228248,2026-01-17 15:15:43,C001859,A0001859,M00211,T01050,Midwest,Midwest,144.02,USD,mobile_wallet,wallet_biometric,approved,APPROVE
X000027453,2026-01-17 15:15:54,C000236,A0000236,M00089,T00946,Midwest,Midwest,232.41,USD,card_present,3ds,approved,APPROVE
X000086105,2026-01-17 15:16:22,C000722,A0000722,M00345,T01160,South,South,47.48,USD,ecommerce,chip_pin,approved,APPROVE
X000039573,2026-01-17 15:16:23,C000336,A0000336,M00637,T00508,Northeast,Northeast,118.94,USD,ecommerce,magstripe,approved,APPROVE
X000094797,2026-01-17 15:16:27,C000792,A0000792,M00244,T00336,South,South,121.07,USD,card_present,chip_pin,approved,APPROVE
X000061399,2026-01-17 15:16:41,C000524,A0000524,M00683,T00986,Midwest,Midwest,32.72,USD,card_present,magstripe,approved,APPROVE
X000230558,2026-01-17 15:16:50,C001880,A0001880,M00511,T00446,Midwest,Midwest,34.45,USD,card_present,chip_pin,approved,APPROVE
X000097516,2026-01-17 15:17:34,C000817,A0000817,M00326,T00127,Northeast,Northeast,20.09,USD,card_present,3ds,approved,APPROVE
X000214484,2026-01-17 15:17:34,C001752,A0001752,M00013,T00686,South,South,123.01,USD,card_present,wallet_biometric,approved,APPROVE
X000162500,2026-01-17 15:17:35,C001342,A0001342,M00372,T00192,South,South,183.47,USD,mobile_wallet,chip_pin,approved,APPROVE
X000043435,2026-01-17 15:17:58,C000368,A0000368,M00676,T00051,Midwest,Midwest,82.82,USD,card_present,chip_pin,approved,APPROVE
X000089753,2026-01-17 15:18:24,C000750,A0000750,M00064,T00120,Midwest,Midwest,256.58,USD,card_present,chip_pin,approved,APPROVE
X000100779,2026-01-17 15:18:26,C000849,A0000849,M00526,T00055,South,South,14.11,USD,ecommerce,magstripe,approved,APPROVE
X000221502,2026-01-17 15:19:06,C001805,A0001805,M00376,T00181,South,South,46.89,USD,card_present,wallet_biometric,approved,APPROVE
X000077858,2026-01-17 15:19:12,C000655,A0000655,M00022,T00830,South,South,163.68,USD,card_present,chip_pin,approved,APPROVE
X000232603,2026-01-17 15:20:46,C001897,A0001897,M00064,T00120,Midwest,Midwest,53.22,USD,card_present,chip_pin,approved,APPROVE
X000127592,2026-01-17 15:21:09,C001052,A0001052,M00738,T00899,South,South,194.68,USD,card_present,wallet_biometric,approved,APPROVE
X000223755,2026-01-17 15:21:38,C001825,A0001825,M00392,T00305,Midwest,Midwest,66.02,USD,ecommerce,3ds,approved,APPROVE
X000076451,2026-01-17 15:21:58,C000643,A0000643,M00445,T00021,Northeast,Northeast,44.04,USD,card_present,chip_pin,approved,APPROVE
X000227593,2026-01-17 15:22:21,C001855,A0001855,M00578,T01104,Northeast,Northeast,45.53,USD,card_present,magstripe,approved,APPROVE
X000135791,2026-01-17 15:22:32,C001116,A0001116,M00154,T01001,South,South,126.44,USD,card_present,chip_pin,approved,APPROVE
X000218805,2026-01-17 15:23:13,C001788,A0001788,M00108,T00481,Midwest,Midwest,94.66,USD,card_present,magstripe,approved,APPROVE
X000039105,2026-01-17 15:24:11,C000333,A0000333,M00353,T00378,Midwest,Midwest,104.2,USD,card_present,wallet_biometric,approved,APPROVE
X000218271,2026-01-17 15:24:34,C001783,A0001783,M00604,T00623,Northeast,Northeast,53.49,USD,card_present,chip_pin,approved,APPROVE
X000080609,2026-01-17 15:25:15,C000677,A0000677,M00288,T00279,Northeast,Northeast,290.65,USD,ecommerce,chip_pin,approved,APPROVE
X000131464,2026-01-17 15:25:31,C001082,A0001082,M00414,T00189,Midwest,Midwest,59.26,USD,card_present,3ds,approved,APPROVE
X000058930,2026-01-17 15:25:51,C000500,A0000500,M00118,T01000,West,West,23.32,USD,ecommerce,chip_pin,approved,APPROVE
X000064392,2026-01-17 15:25:51,C000547,A0000547,M00144,T00521,West,West,77.01,USD,ecommerce,3ds,approved,APPROVE
X000145047,2026-01-17 15:26:18,C001194,A0001194,M00567,T01019,Northeast,Northeast,88.54,USD,card_present,magstripe,approved,APPROVE
X000138212,2026-01-17 15:26:27,C001137,A0001137,M00119,T00895,South,South,35.46,USD,card_present,3ds,approved,APPROVE
X000126376,2026-01-17 15:27:02,C001041,A0001041,M00504,T00422,Northeast,Northeast,79.63,USD,mobile_wallet,magstripe,approved,APPROVE
X000056446,2026-01-17 15:27:40,C000477,A0000477,M00341,T00572,Midwest,Midwest,56.14,USD,card_present,wallet_biometric,approved,APPROVE
X000023634,2026-01-17 15:27:43,C000201,A0000201,M00740,T00080,Northeast,Northeast,424.53,USD,ecommerce,wallet_biometric,approved,APPROVE
X000146206,2026-01-17 15:27:46,C001206,A0001206,M00299,T00384,Northeast,Northeast,45.26,USD,ecommerce,chip_pin,approved,APPROVE
X000112490,2026-01-17 15:28:23,C000941,A0000941,M00508,T01195,South,Northeast,57.36,USD,card_present,chip_pin,approved,APPROVE
X000161247,2026-01-17 15:28:36,C001331,A0001331,M00321,T00416,Midwest,Midwest,22.47,USD,card_present,3ds,approved,APPROVE
X000029553,2026-01-17 15:28:39,C000254,A0000254,M00452,T00329,Northeast,Northeast,237.24,USD,ecommerce,chip_pin,approved,APPROVE
X000120032,2026-01-17 15:29:07,C000997,A0000997,M00501,T01003,Northeast,Northeast,83.75,USD,ecommerce,chip_pin,approved,APPROVE
X000112491,2026-01-17 15:29:26,C000941,A0000941,M00580,T00415,South,South,44.41,USD,card_present,3ds,approved,APPROVE
X000134746,2026-01-17 15:29:42,C001106,A0001106,M00122,T00125,South,South,42.47,USD,mobile_wallet,3ds,approved,APPROVE
X000163308,2026-01-17 15:29:43,C001347,A0001347,M00181,T00177,South,South,44.88,USD,card_present,3ds,approved,APPROVE
X000244571,2026-01-17 15:29:57,C001994,A0001994,M00326,T00288,Northeast,Northeast,22.37,USD,card_present,chip_pin,approved,APPROVE
X000172634,2026-01-17 15:30:06,C001424,A0001424,M00667,T00609,Northeast,Northeast,42.99,USD,mobile_wallet,chip_pin,approved,APPROVE
X000062296,2026-01-17 15:30:42,C000530,A0000530,M00203,T00186,Northeast,Northeast,167.56,USD,ecommerce,3ds,approved,APPROVE
X000186234,2026-01-17 15:30:44,C001531,A0001531,M00528,T00475,Midwest,Midwest,24.96,USD,card_present,chip_pin,approved,APPROVE
X000154659,2026-01-17 15:30:50,C001275,A0001275,M00645,T00905,South,South,88.55,USD,ecommerce,wallet_biometric,approved,APPROVE
X000242227,2026-01-17 15:31:07,C001978,A0001978,M00040,T01012,Northeast,Northeast,41.05,USD,card_present,wallet_biometric,approved,APPROVE
X000029132,2026-01-17 15:31:22,C000251,A0000251,M00051,T00286,South,South,42.01,USD,card_present,magstripe,approved,APPROVE
X000242062,2026-01-17 15:31:26,C001976,A0001976,M00372,T00192,South,South,16.93,USD,ecommerce,3ds,approved,APPROVE
X000020687,2026-01-17 15:31:29,C000180,A0000180,M00127,T00278,South,South,25.43,USD,mobile_wallet,chip_pin,approved,APPROVE
X000028053,2026-01-17 15:32:07,C000242,A0000242,M00766,T00445,West,West,39.01,USD,card_present,chip_pin,approved,APPROVE
X000026095,2026-01-17 15:32:19,C000222,A0000222,M00535,T00606,West,West,23.23,USD,ecommerce,3ds,approved,APPROVE
X000041195,2026-01-17 15:32:33,C000349,A0000349,M00352,T00215,Midwest,Midwest,543.35,USD,ecommerce,chip_pin,approved,APPROVE
X000098756,2026-01-17 15:32:56,C000828,A0000828,M00262,T00998,South,South,54.18,USD,card_present,3ds,approved,APPROVE
X000231435,2026-01-17 15:33:10,C001889,A0001889,M00487,T00270,South,South,338.95,USD,card_present,chip_pin,approved,APPROVE
X000072336,2026-01-17 15:33:56,C000611,A0000611,M00485,T00689,South,South,101.51,USD,card_present,3ds,approved,APPROVE
X000079685,2026-01-17 15:33:57,C000671,A0000671,M00148,T01086,Midwest,Midwest,32.39,USD,ecommerce,chip_pin,approved,APPROVE
X000208318,2026-01-17 15:34:03,C001701,A0001701,M00038,T00813,South,South,183.21,USD,card_present,magstripe,approved,APPROVE
X000182036,2026-01-17 15:34:11,C001499,A0001499,M00547,T00371,Northeast,Northeast,21.63,USD,card_present,wallet_biometric,approved,APPROVE
X000186357,2026-01-17 15:34:11,C001532,A0001532,M00460,T00677,Midwest,Midwest,311.38,USD,mobile_wallet,3ds,approved,APPROVE
X000033349,2026-01-17 15:34:15,C000283,A0000283,M00605,T00661,West,West,29.59,USD,mobile_wallet,wallet_biometric,approved,APPROVE
X000034971,2026-01-17 15:34:32,C000297,A0000297,M00558,T00507,South,South,5.02,USD,card_present,3ds,approved,APPROVE
X000044318,2026-01-17 15:34:55,C000376,A0000376,M00494,T01020,West,West,129.39,USD,mobile_wallet,chip_pin,approved,APPROVE
X000078652,2026-01-17 15:36:05,C000662,A0000662,M00130,T01074,South,South,122.27,USD,card_present,3ds,approved,APPROVE
X000153686,2026-01-17 15:37:09,C001264,A0001264,M00667,T00609,Northeast,Northeast,488.96,USD,card_present,wallet_biometric,approved,APPROVE
X000244404,2026-01-17 15:37:28,C001992,A0001992,M00342,T00483,Midwest,Midwest,24.96,USD,card_present,wallet_biometric,approved,APPROVE
X000099095,2026-01-17 15:38:41,C000831,A0000831,M00239,T00791,South,South,39.66,USD,card_present,wallet_biometric,approved,APPROVE
X000140573,2026-01-17 15:38:51,C001157,A0001157,M00294,T00471,Midwest,South,43.81,USD,card_present,chip_pin,approved,APPROVE
X000112980,2026-01-17 15:39:07,C000944,A0000944,M00109,T00548,Northeast,Northeast,143.39,USD,ecommerce,3ds,approved,APPROVE
X000114455,2026-01-17 15:40:40,C000952,A0000952,M00350,T01102,Midwest,Midwest,211.61,USD,card_present,3ds,approved,APPROVE
X000036735,2026-01-17 15:40:58,C000315,A0000315,M00200,T00734,Midwest,Midwest,248.57,USD,card_present,chip_pin,approved,APPROVE
X000074961,2026-01-17 15:41:04,C000631,A0000631,M00219,T00193,Northeast,Northeast,426.06,USD,ecommerce,chip_pin,approved,APPROVE
X000021058,2026-01-17 15:41:43,C000184,A0000184,M00212,T00443,Midwest,Midwest,64.45,USD,mobile_wallet,magstripe,approved,APPROVE
X000214897,2026-01-17 15:41:44,C001755,A0001755,M00459,T00809,Northeast,Northeast,73.36,USD,mobile_wallet,chip_pin,approved,APPROVE
X000058931,2026-01-17 15:42:24,C000500,A0000500,M00795,T00503,West,Northeast,63.98,USD,card_present,chip_pin,approved,APPROVE
X000140953,2026-01-17 15:42:31,C001161,A0001161,M00454,T00566,West,West,39.64,USD,card_present,wallet_biometric,approved,APPROVE
X000126698,2026-01-17 15:42:52,C001043,A0001043,M00225,T00880,Midwest,Midwest,19.35,USD,mobile_wallet,chip_pin,approved,APPROVE
X000094293,2026-01-17 15:43:48,C000789,A0000789,M00459,T00204,Northeast,Northeast,93.15,USD,ecommerce,3ds,approved,APPROVE
X000042769,2026-01-17 15:44:05,C000362,A0000362,M00083,T00024,Midwest,Midwest,93.7,USD,card_present,3ds,approved,APPROVE
X000035510,2026-01-17 15:44:19,C000301,A0000301,M00172,T00722,Northeast,Northeast,73.13,USD,card_present,3ds,approved,APPROVE
X000112309,2026-01-17 15:44:30,C000939,A0000939,M00734,T01137,Midwest,Midwest,96.98,USD,ecommerce,chip_pin,approved,APPROVE
X000052834,2026-01-17 15:44:31,C000446,A0000446,M00613,T00449,South,South,179.64,USD,mobile_wallet,chip_pin,approved,APPROVE
X000163248,2026-01-17 15:44:48,C001346,A0001346,M00768,T00929,South,South,34.5,USD,card_present,chip_pin,approved,APPROVE
X000042404,2026-01-17 15:45:37,C000359,A0000359,M00048,T01172,Northeast,Northeast,67.85,USD,ecommerce,3ds,approved,APPROVE
X000084943,2026-01-17 15:45:46,C000710,A0000710,M00265,T00865,West,West,102.25,USD,card_present,chip_pin,approved,APPROVE
X000098160,2026-01-17 15:46:12,C000822,A0000822,M00601,T00769,South,South,50.68,USD,card_present,3ds,approved,APPROVE
X000202357,2026-01-17 15:46:46,C001655,A0001655,M00181,T01063,South,South,44.58,USD,card_present,wallet_biometric,approved,APPROVE
X000160362,2026-01-17 15:47:11,C001324,A0001324,M00003,T00787,South,South,33.08,USD,card_present,wallet_biometric,approved,APPROVE
X000215425,2026-01-17 15:47:13,C001759,A0001759,M00788,T00018,South,South,47.32,USD,ecommerce,magstripe,approved,APPROVE
X000222479,2026-01-17 15:47:51,C001813,A0001813,M00529,T00863,Midwest,Midwest,123.09,USD,card_present,3ds,approved,APPROVE
X000099427,2026-01-17 15:47:58,C000835,A0000835,M00038,T00813,South,South,59.35,USD,card_present,chip_pin,approved,APPROVE
X000055464,2026-01-17 15:48:02,C000470,A0000470,M00489,T00616,Northeast,Northeast,49.83,USD,ecommerce,3ds,approved,APPROVE
X000182599,2026-01-17 15:48:31,C001502,A0001502,M00070,T00658,Northeast,Northeast,46.25,USD,card_present,chip_pin,approved,APPROVE
X000037932,2026-01-17 15:48:33,C000324,A0000324,M00692,T00191,Northeast,Northeast,51.64,USD,card_present,chip_pin,approved,APPROVE
X000168026,2026-01-17 15:48:53,C001389,A0001389,M00511,T00366,Midwest,Midwest,109.18,USD,mobile_wallet,3ds,approved,APPROVE
X000033601,2026-01-17 15:49:08,C000286,A0000286,M00210,T01163,South,South,41.83,USD,card_present,chip_pin,approved,APPROVE
X000117752,2026-01-17 15:49:18,C000976,A0000976,M00397,T00349,Midwest,Midwest,202.27,USD,ecommerce,wallet_biometric,approved,APPROVE
X000020094,2026-01-17 15:49:46,C000174,A0000174,M00684,T01008,West,West,18.29,USD,card_present,chip_pin,approved,APPROVE
X000196565,2026-01-17 15:49:46,C001614,A0001614,M00738,T00899,South,South,33.99,USD,card_present,wallet_biometric,approved,APPROVE
X000052835,2026-01-17 15:50:25,C000446,A0000446,M00253,T01072,South,South,87.02,USD,ecommerce,chip_pin,approved,APPROVE
X000191017,2026-01-17 15:50:26,C001568,A0001568,M00038,T00874,South,South,139.68,USD,card_present,3ds,approved,APPROVE
X000189581,2026-01-17 15:50:57,C001558,A0001558,M00326,T00127,Northeast,Northeast,46.74,USD,ecommerce,chip_pin,approved,APPROVE
X000055657,2026-01-17 15:51:08,C000471,A0000471,M00580,T00415,South,South,302.18,USD,ecommerce,wallet_biometric,approved,APPROVE
X000068027,2026-01-17 15:51:14,C000577,A0000577,M00019,T00745,Northeast,Northeast,262.98,USD,card_present,wallet_biometric,approved,APPROVE
X000156853,2026-01-17 15:51:16,C001290,A0001290,M00003,T00787,South,South,256.61,USD,ecommerce,3ds,approved,APPROVE
X000128815,2026-01-17 15:51:21,C001060,A0001060,M00412,T00928,Northeast,Northeast,145.99,USD,mobile_wallet,chip_pin,approved,APPROVE
X000243930,2026-01-17 15:51:21,C001989,A0001989,M00552,T00602,Northeast,Northeast,109.27,USD,card_present,3ds,approved,APPROVE
X000171502,2026-01-17 15:52:31,C001414,A0001414,M00588,T00145,West,West,13.55,USD,mobile_wallet,wallet_biometric,approved,APPROVE
X000019559,2026-01-17 15:52:32,C000169,A0000169,M00004,T00199,Northeast,Northeast,51.43,USD,card_present,chip_pin,approved,APPROVE
X000193894,2026-01-17 15:52:47,C001594,A0001594,M00504,T00422,Northeast,Northeast,23.18,USD,mobile_wallet,3ds,approved,APPROVE
X000166555,2026-01-17 15:52:57,C001375,A0001375,M00547,T00371,Northeast,Northeast,42.34,USD,card_present,3ds,approved,APPROVE
X000035961,2026-01-17 15:53:12,C000307,A0000307,M00490,T00340,South,South,26.94,USD,ecommerce,chip_pin,approved,APPROVE
X000205059,2026-01-17 15:53:21,C001675,A0001675,M00302,T00011,Northeast,Northeast,125.15,USD,ecommerce,chip_pin,approved,APPROVE
X000082838,2026-01-17 15:53:32,C000694,A0000694,M00376,T00048,South,South,726.72,USD,mobile_wallet,3ds,approved,APPROVE
X000212873,2026-01-17 15:53:55,C001738,A0001738,M00376,T00181,South,South,50.04,USD,card_present,3ds,approved,APPROVE
X000091965,2026-01-17 15:54:39,C000770,A0000770,M00265,T00865,West,West,133.86,USD,card_present,chip_pin,approved,APPROVE
X000019404,2026-01-17 15:54:59,C000168,A0000168,M00394,T00922,South,South,48.17,USD,ecommerce,3ds,soft_decline,CHALLENGE
X000170476,2026-01-17 15:55:34,C001405,A0001405,M00604,T01180,Northeast,Northeast,172.64,USD,ecommerce,chip_pin,approved,APPROVE
X000033434,2026-01-17 15:56:06,C000284,A0000284,M00676,T00051,Midwest,Midwest,27.58,USD,card_present,chip_pin,approved,APPROVE
X000240421,2026-01-17 15:56:23,C001961,A0001961,M00122,T00225,South,South,233.42,USD,card_present,3ds,approved,APPROVE
X000193674,2026-01-17 15:57:01,C001592,A0001592,M00544,T00846,South,South,235.13,USD,ecommerce,3ds,approved,APPROVE
X000113522,2026-01-17 15:57:13,C000946,A0000946,M00048,T00107,Northeast,Northeast,361.48,USD,card_present,chip_pin,approved,APPROVE
X000179829,2026-01-17 15:57:21,C001479,A0001479,M00205,T00154,South,South,182.73,USD,card_present,3ds,approved,APPROVE
X000088070,2026-01-17 15:57:48,C000740,A0000740,M00163,T00147,Midwest,Midwest,21.91,USD,ecommerce,3ds,approved,APPROVE
X000081152,2026-01-17 15:58:01,C000681,A0000681,M00054,T00295,West,West,124.62,USD,card_present,chip_pin,approved,APPROVE
X000106204,2026-01-17 15:58:45,C000892,A0000892,M00592,T00596,South,South,217.38,USD,ecommerce,wallet_biometric,approved,APPROVE
X000165077,2026-01-17 15:59:18,C001362,A0001362,M00731,T00964,Northeast,Northeast,114.51,USD,ecommerce,chip_pin,approved,APPROVE
X000244238,2026-01-17 15:59:38,C001991,A0001991,M00442,T00713,West,West,107.28,USD,ecommerce,magstripe,approved,APPROVE
X000031751,2026-01-17 16:00:19,C000269,A0000269,M00524,T00505,West,West,34.74,USD,card_present,magstripe,approved,APPROVE
X000230237,2026-01-17 16:00:20,C001877,A0001877,M00089,T00946,Midwest,Midwest,82.9,USD,card_present,chip_pin,approved,APPROVE
X000015925,2026-01-17 16:00:41,C000135,A0000135,M00490,T00340,South,South,141.58,USD,mobile_wallet,chip_pin,approved,APPROVE
X000045241,2026-01-17 16:01:31,C000380,A0000380,M00681,T00001,West,West,58.96,USD,card_present,wallet_biometric,approved,APPROVE
X000111870,2026-01-17 16:01:35,C000934,A0000934,M00318,T00746,Midwest,Midwest,105.34,USD,card_present,3ds,approved,APPROVE
X000204277,2026-01-17 16:01:49,C001668,A0001668,M00771,T00411,Midwest,South,449.3,USD,card_present,chip_pin,approved,APPROVE
X000240262,2026-01-17 16:02:57,C001960,A0001960,M00580,T00415,South,South,32.32,USD,card_present,3ds,approved,APPROVE
X000047061,2026-01-17 16:03:30,C000396,A0000396,M00146,T00938,Northeast,Northeast,35.76,USD,mobile_wallet,chip_pin,approved,APPROVE
X000086371,2026-01-17 16:03:30,C000725,A0000725,M00758,T00582,Northeast,Northeast,122.78,USD,card_present,chip_pin,approved,APPROVE
X000007326,2026-01-17 16:04:27,C000068,A0000068,M00123,T00812,Midwest,Midwest,70.51,USD,card_present,chip_pin,approved,APPROVE
X000213768,2026-01-17 16:04:41,C001745,A0001745,M00056,T01147,Midwest,Midwest,45.37,USD,card_present,wallet_biometric,approved,APPROVE
X000029554,2026-01-17 16:04:48,C000254,A0000254,M00452,T00329,Northeast,Northeast,388.18,USD,card_present,3ds,approved,APPROVE
X000030896,2026-01-17 16:05:17,C000262,A0000262,M00168,T00020,Northeast,Northeast,283.76,USD,card_present,3ds,approved,APPROVE
X000165476,2026-01-17 16:05:21,C001366,A0001366,M00486,T00714,South,South,145.53,USD,mobile_wallet,wallet_biometric,approved,APPROVE
X000209767,2026-01-17 16:05:33,C001712,A0001712,M00173,T01167,South,South,245.96,USD,mobile_wallet,chip_pin,approved,APPROVE
X000188899,2026-01-17 16:05:37,C001552,A0001552,M00378,T01130,South,South,210.83,USD,mobile_wallet,magstripe,approved,APPROVE
X000098529,2026-01-17 16:05:56,C000826,A0000826,M00441,T01043,West,West,39.29,USD,ecommerce,wallet_biometric,approved,APPROVE
X000212361,2026-01-17 16:06:01,C001733,A0001733,M00391,T00267,Northeast,Northeast,110.85,USD,card_present,chip_pin,approved,APPROVE
X000123305,2026-01-17 16:06:58,C001022,A0001022,M00339,T00123,West,West,162.48,USD,card_present,wallet_biometric,approved,APPROVE
X000011659,2026-01-17 16:07:00,C000103,A0000103,M00662,T00510,Midwest,Midwest,14.66,USD,ecommerce,chip_pin,approved,APPROVE
X000120277,2026-01-17 16:07:28,C000999,A0000999,M00351,T00802,West,West,22.13,USD,mobile_wallet,3ds,approved,APPROVE
X000098161,2026-01-17 16:07:35,C000822,A0000822,M00601,T00769,South,South,216.46,USD,ecommerce,chip_pin,soft_decline,CHALLENGE
X000242549,2026-01-17 16:08:33,C001980,A0001980,M00191,T00568,Midwest,Midwest,398.17,USD,ecommerce,chip_pin,approved,APPROVE
X000224162,2026-01-17 16:09:35,C001830,A0001830,M00619,T00644,West,West,21.3,USD,ecommerce,chip_pin,approved,APPROVE
X000025765,2026-01-17 16:09:36,C000220,A0000220,M00084,T00910,Midwest,Midwest,468.63,USD,card_present,chip_pin,approved,APPROVE
X000104907,2026-01-17 16:09:46,C000883,A0000883,M00223,T00651,South,South,48.25,USD,card_present,3ds,approved,APPROVE
X000222480,2026-01-17 16:09:50,C001813,A0001813,M00135,T00646,Midwest,Midwest,137.35,USD,ecommerce,wallet_biometric,approved,APPROVE
X000141073,2026-01-17 16:09:58,C001162,A0001162,M00123,T00812,Midwest,Midwest,44.79,USD,card_present,chip_pin,approved,APPROVE
X000216748,2026-01-17 16:10:01,C001772,A0001772,M00437,T00139,West,West,40.54,USD,ecommerce,chip_pin,approved,APPROVE
X000234654,2026-01-17 16:10:20,C001914,A0001914,M00668,T00869,Midwest,Midwest,286.32,USD,ecommerce,magstripe,approved,APPROVE
X000020918,2026-01-17 16:10:41,C000183,A0000183,M00797,T00997,South,South,56.4,USD,card_present,3ds,approved,APPROVE
X000235751,2026-01-17 16:11:21,C001922,A0001922,M00093,T01018,Northeast,Northeast,193.6,USD,card_present,3ds,approved,APPROVE
X000159736,2026-01-17 16:11:27,C001317,A0001317,M00365,T01114,South,South,19.63,USD,ecommerce,chip_pin,approved,APPROVE
X000002774,2026-01-17 16:11:57,C000027,A0000027,M00409,T00444,Northeast,Northeast,116.02,USD,card_present,magstripe,approved,APPROVE
X000010805,2026-01-17 16:12:04,C000098,A0000098,M00750,T01142,South,South,72.37,USD,card_present,magstripe,approved,APPROVE
X000175448,2026-01-17 16:12:22,C001445,A0001445,M00213,T01006,Northeast,Northeast,70.26,USD,ecommerce,chip_pin,approved,APPROVE
X000225776,2026-01-17 16:12:48,C001840,A0001840,M00569,T00983,South,South,259.13,USD,card_present,3ds,approved,APPROVE
X000229839,2026-01-17 16:13:56,C001873,A0001873,M00376,T00309,South,South,204.99,USD,ecommerce,3ds,approved,APPROVE
X000139945,2026-01-17 16:14:03,C001154,A0001154,M00556,T00223,South,South,209.45,USD,ecommerce,chip_pin,approved,APPROVE
X000074080,2026-01-17 16:14:22,C000626,A0000626,M00244,T00336,South,South,38.74,USD,card_present,wallet_biometric,approved,APPROVE
X000111504,2026-01-17 16:15:00,C000931,A0000931,M00775,T00511,Midwest,West,174.68,USD,card_present,chip_pin,approved,APPROVE
X000238004,2026-01-17 16:15:02,C001942,A0001942,M00123,T00579,Midwest,Midwest,177.58,USD,ecommerce,chip_pin,approved,APPROVE
X000208319,2026-01-17 16:15:07,C001701,A0001701,M00417,T00117,South,South,118.39,USD,mobile_wallet,3ds,approved,APPROVE
X000078527,2026-01-17 16:15:39,C000661,A0000661,M00490,T00340,Northeast,South,53.7,USD,ecommerce,chip_pin,approved,APPROVE
X000212771,2026-01-17 16:15:57,C001737,A0001737,M00635,T00849,Midwest,Midwest,63.58,USD,card_present,3ds,approved,APPROVE
X000172943,2026-01-17 16:15:58,C001427,A0001427,M00615,T00908,South,Midwest,23.21,USD,ecommerce,chip_pin,approved,APPROVE
X000051558,2026-01-17 16:17:03,C000436,A0000436,M00735,T00059,Midwest,Midwest,47.17,USD,mobile_wallet,chip_pin,approved,APPROVE
X000029045,2026-01-17 16:17:22,C000250,A0000250,M00482,T01158,West,West,19.11,USD,ecommerce,3ds,approved,APPROVE
X000226183,2026-01-17 16:17:25,C001843,A0001843,M00205,T00154,South,South,60.31,USD,ecommerce,3ds,approved,APPROVE
X000136168,2026-01-17 16:17:31,C001120,A0001120,M00342,T00483,Midwest,Midwest,23.42,USD,card_present,chip_pin,approved,APPROVE
X000123067,2026-01-17 16:17:35,C001020,A0001020,M00012,T00789,West,West,157.4,USD,ecommerce,3ds,approved,APPROVE
X000230648,2026-01-17 16:18:10,C001881,A0001881,M00553,T01122,West,West,223.73,USD,card_present,wallet_biometric,approved,APPROVE
X000224475,2026-01-17 16:19:36,C001832,A0001832,M00205,T00934,South,South,140.9,USD,ecommerce,magstripe,approved,APPROVE
X000019405,2026-01-17 16:19:48,C000168,A0000168,M00394,T00922,South,South,71.86,USD,ecommerce,magstripe,approved,APPROVE
X000097428,2026-01-17 16:20:10,C000816,A0000816,M00083,T00024,Midwest,Midwest,61.47,USD,card_present,chip_pin,approved,APPROVE
X000008395,2026-01-17 16:20:19,C000077,A0000077,M00740,T00262,Northeast,Northeast,160.54,USD,ecommerce,3ds,approved,APPROVE
X000069842,2026-01-17 16:20:43,C000594,A0000594,M00770,T00715,Midwest,Midwest,56.23,USD,card_present,magstripe,approved,APPROVE
X000097881,2026-01-17 16:21:20,C000820,A0000820,M00192,T00126,South,South,137.87,USD,mobile_wallet,chip_pin,approved,APPROVE
X000063657,2026-01-17 16:21:22,C000541,A0000541,M00117,T00472,South,South,41.88,USD,card_present,chip_pin,approved,APPROVE
X000042250,2026-01-17 16:21:25,C000358,A0000358,M00045,T00921,Midwest,Midwest,172.96,USD,card_present,3ds,approved,APPROVE
X000200813,2026-01-17 16:21:37,C001645,A0001645,M00191,T00591,Midwest,Midwest,144.8,USD,card_present,3ds,approved,APPROVE
X000219990,2026-01-17 16:21:50,C001797,A0001797,M00659,T00047,Northeast,Northeast,210.33,USD,mobile_wallet,chip_pin,approved,APPROVE
X000193376,2026-01-17 16:23:58,C001588,A0001588,M00555,T00877,Midwest,Midwest,74.16,USD,card_present,chip_pin,approved,APPROVE
X000228146,2026-01-17 16:24:26,C001858,A0001858,M00524,T00477,West,West,71.49,USD,card_present,3ds,approved,APPROVE
X000091422,2026-01-17 16:24:41,C000767,A0000767,M00067,T00948,South,South,125.16,USD,card_present,3ds,approved,APPROVE
X000158636,2026-01-17 16:26:47,C001305,A0001305,M00100,T00272,Northeast,Northeast,53.78,USD,mobile_wallet,chip_pin,approved,APPROVE
X000237045,2026-01-17 16:27:36,C001934,A0001934,M00667,T00182,Northeast,Northeast,84.95,USD,card_present,wallet_biometric,approved,APPROVE
X000240422,2026-01-17 16:28:14,C001961,A0001961,M00077,T00723,South,South,51.48,USD,card_present,3ds,approved,APPROVE
X000239917,2026-01-17 16:28:59,C001956,A0001956,M00750,T01142,South,South,26.79,USD,ecommerce,3ds,approved,APPROVE
X000104746,2026-01-17 16:30:14,C000882,A0000882,M00070,T00004,Northeast,Northeast,15.45,USD,ecommerce,3ds,approved,APPROVE
X000073108,2026-01-17 16:30:27,C000618,A0000618,M00720,T00705,Northeast,Northeast,100.45,USD,card_present,wallet_biometric,approved,APPROVE
X000211998,2026-01-17 16:30:37,C001729,A0001729,M00716,T00866,West,West,37.46,USD,ecommerce,chip_pin,approved,APPROVE
X000159471,2026-01-17 16:31:33,C001314,A0001314,M00745,T00823,Northeast,Northeast,17.21,USD,card_present,wallet_biometric,approved,APPROVE
X000140954,2026-01-17 16:32:26,C001161,A0001161,M00454,T00566,West,West,124.51,USD,ecommerce,wallet_biometric,approved,APPROVE
X000134435,2026-01-17 16:32:35,C001104,A0001104,M00258,T00527,West,West,265.51,USD,card_present,3ds,approved,APPROVE
X000000836,2026-01-17 16:32:40,C000009,A0000009,M00786,T00092,Northeast,Northeast,36.31,USD,ecommerce,wallet_biometric,approved,APPROVE
X000042905,2026-01-17 16:33:17,C000363,A0000363,M00547,T00162,Northeast,Northeast,571.27,USD,card_present,chip_pin,approved,APPROVE
X000018779,2026-01-17 16:34:15,C000161,A0000161,M00183,T01168,South,South,22.9,USD,ecommerce,magstripe,approved,APPROVE
X000083226,2026-01-17 16:34:20,C000696,A0000696,M00145,T00673,Northeast,Northeast,102.62,USD,card_present,3ds,approved,APPROVE
X000245385,2026-01-17 16:34:44,C001999,A0001999,M00482,T00610,West,West,177.42,USD,ecommerce,chip_pin,approved,APPROVE
X000081153,2026-01-17 16:34:49,C000681,A0000681,M00769,T00996,West,West,213.91,USD,card_present,chip_pin,approved,APPROVE
X000202962,2026-01-17 16:35:04,C001662,A0001662,M00210,T01163,South,South,30.36,USD,ecommerce,wallet_biometric,approved,APPROVE
X000205647,2026-01-17 16:35:05,C001679,A0001679,M00276,T01082,Midwest,Northeast,269.69,USD,card_present,3ds,approved,APPROVE
X000066592,2026-01-17 16:35:14,C000565,A0000565,M00277,T00518,Midwest,Midwest,16.83,USD,ecommerce,3ds,approved,APPROVE
X000196969,2026-01-17 16:35:21,C001618,A0001618,M00778,T01132,West,South,94.94,USD,mobile_wallet,wallet_biometric,approved,APPROVE
X000055465,2026-01-17 16:35:27,C000470,A0000470,M00489,T00616,Northeast,Northeast,87.31,USD,ecommerce,wallet_biometric,approved,APPROVE
X000212068,2026-01-17 16:35:36,C001730,A0001730,M00797,T00418,South,South,67.29,USD,ecommerce,3ds,approved,APPROVE
X000101456,2026-01-17 16:35:47,C000853,A0000853,M00125,T00778,West,West,45.62,USD,card_present,3ds,soft_decline,CHALLENGE
X000234655,2026-01-17 16:35:53,C001914,A0001914,M00778,T00222,Midwest,South,470.24,USD,card_present,wallet_biometric,approved,APPROVE
X000049634,2026-01-17 16:36:24,C000415,A0000415,M00676,T00051,South,Midwest,24.86,USD,card_present,chip_pin,approved,APPROVE
X000118131,2026-01-17 16:36:46,C000978,A0000978,M00578,T01104,Northeast,Northeast,593.55,USD,ecommerce,3ds,soft_decline,CHALLENGE
X000043790,2026-01-17 16:36:50,C000372,A0000372,M00309,T01075,Northeast,Northeast,66.44,USD,card_present,3ds,approved,APPROVE
X000186492,2026-01-17 16:37:51,C001533,A0001533,M00213,T01006,Northeast,Northeast,27.99,USD,card_present,chip_pin,approved,APPROVE
X000099735,2026-01-17 16:37:53,C000838,A0000838,M00080,T00347,Midwest,Midwest,64.26,USD,ecommerce,3ds,approved,APPROVE
X000178500,2026-01-17 16:40:00,C001470,A0001470,M00675,T00834,Midwest,Midwest,127.09,USD,mobile_wallet,wallet_biometric,approved,APPROVE
X000174071,2026-01-17 16:40:23,C001435,A0001435,M00147,T00338,South,South,371.62,USD,card_present,wallet_biometric,approved,APPROVE
X000069273,2026-01-17 16:40:55,C000589,A0000589,M00173,T01167,South,South,253.18,USD,mobile_wallet,chip_pin,approved,APPROVE
X000181557,2026-01-17 16:40:55,C001493,A0001493,M00087,T00716,South,South,91.94,USD,card_present,wallet_biometric,approved,APPROVE
X000070462,2026-01-17 16:42:08,C000598,A0000598,M00613,T00331,South,South,16.57,USD,ecommerce,wallet_biometric,approved,APPROVE
X000138317,2026-01-17 16:42:27,C001138,A0001138,M00587,T01174,South,South,28.13,USD,mobile_wallet,wallet_biometric,approved,APPROVE
X000076595,2026-01-17 16:42:34,C000644,A0000644,M00302,T00011,Northeast,Northeast,47.68,USD,card_present,3ds,approved,APPROVE
X000237046,2026-01-17 16:42:35,C001934,A0001934,M00667,T00182,Northeast,Northeast,128.31,USD,ecommerce,3ds,approved,APPROVE
X000039387,2026-01-17 16:42:40,C000335,A0000335,M00473,T00408,West,West,36.02,USD,ecommerce,chip_pin,approved,APPROVE
X000096352,2026-01-17 16:42:40,C000806,A0000806,M00345,T00208,South,South,45.0,USD,card_present,magstripe,approved,APPROVE
X000115852,2026-01-17 16:42:43,C000962,A0000962,M00549,T00456,South,South,128.18,USD,mobile_wallet,chip_pin,approved,APPROVE
X000105096,2026-01-17 16:43:21,C000884,A0000884,M00761,T01038,South,South,27.16,USD,mobile_wallet,chip_pin,approved,APPROVE
X000141350,2026-01-17 16:43:44,C001164,A0001164,M00494,T00034,West,West,627.03,USD,ecommerce,chip_pin,approved,APPROVE
X000161853,2026-01-17 16:43:45,C001335,A0001335,M00445,T00698,Northeast,Northeast,46.84,USD,ecommerce,wallet_biometric,approved,APPROVE
X000201413,2026-01-17 16:43:45,C001649,A0001649,M00135,T00646,Midwest,Midwest,43.12,USD,ecommerce,wallet_biometric,approved,APPROVE
X000131465,2026-01-17 16:43:49,C001082,A0001082,M00191,T00441,Midwest,Midwest,17.82,USD,ecommerce,chip_pin,approved,APPROVE
X000014835,2026-01-17 16:43:53,C000126,A0000126,M00378,T00730,South,South,201.15,USD,mobile_wallet,3ds,approved,APPROVE
X000120033,2026-01-17 16:44:04,C000997,A0000997,M00445,T00021,Northeast,Northeast,92.31,USD,card_present,wallet_biometric,approved,APPROVE
X000188520,2026-01-17 16:44:09,C001549,A0001549,M00400,T00241,West,West,146.67,USD,ecommerce,magstripe,approved,APPROVE
X000149154,2026-01-17 16:45:30,C001228,A0001228,M00282,T01131,South,South,39.36,USD,card_present,wallet_biometric,approved,APPROVE
X000112492,2026-01-17 16:45:39,C000941,A0000941,M00580,T00415,South,South,53.91,USD,ecommerce,chip_pin,approved,APPROVE
X000086507,2026-01-17 16:45:43,C000726,A0000726,M00613,T00331,South,South,49.26,USD,ecommerce,chip_pin,approved,APPROVE
X000104638,2026-01-17 16:45:49,C000881,A0000881,M00471,T00670,Midwest,Midwest,57.96,USD,card_present,chip_pin,approved,APPROVE
X000098162,2026-01-17 16:45:57,C000822,A0000822,M00192,T00126,South,South,121.65,USD,ecommerce,chip_pin,approved,APPROVE
X000096629,2026-01-17 16:46:37,C000809,A0000809,M00518,T00379,South,South,35.7,USD,ecommerce,chip_pin,approved,APPROVE
X000067148,2026-01-17 16:47:06,C000570,A0000570,M00693,T00687,South,South,31.15,USD,card_present,chip_pin,approved,APPROVE
X000006866,2026-01-17 16:47:18,C000062,A0000062,M00745,T00255,Northeast,Northeast,5.43,USD,ecommerce,chip_pin,approved,APPROVE
X000070233,2026-01-17 16:47:18,C000597,A0000597,M00718,T00580,South,South,294.91,USD,mobile_wallet,wallet_biometric,soft_decline,CHALLENGE
X000142022,2026-01-17 16:47:18,C001171,A0001171,M00645,T00428,South,South,51.23,USD,mobile_wallet,wallet_biometric,approved,APPROVE
X000184910,2026-01-17 16:47:54,C001523,A0001523,M00578,T01104,South,Northeast,240.43,USD,card_present,wallet_biometric,approved,APPROVE
X000084709,2026-01-17 16:48:35,C000709,A0000709,M00417,T00117,South,South,197.5,USD,mobile_wallet,3ds,approved,APPROVE
X000150726,2026-01-17 16:48:52,C001240,A0001240,M00461,T00574,West,West,422.71,USD,card_present,chip_pin,approved,APPROVE
X000227109,2026-01-17 16:50:04,C001852,A0001852,M00110,T00096,South,South,78.03,USD,card_present,chip_pin,approved,APPROVE
X000110062,2026-01-17 16:50:51,C000920,A0000920,M00781,T00629,Northeast,Northeast,134.44,USD,card_present,magstripe,approved,APPROVE
X000103870,2026-01-17 16:52:47,C000874,A0000874,M00301,T00666,South,South,28.88,USD,ecommerce,magstripe,approved,APPROVE
X000115573,2026-01-17 16:52:58,C000960,A0000960,M00150,T00526,South,South,64.67,USD,ecommerce,chip_pin,approved,APPROVE
X000210356,2026-01-17 16:53:00,C001715,A0001715,M00556,T00589,South,South,52.88,USD,mobile_wallet,chip_pin,approved,APPROVE
X000198259,2026-01-17 16:53:05,C001626,A0001626,M00137,T00381,Midwest,Midwest,225.69,USD,card_present,3ds,approved,APPROVE
X000176414,2026-01-17 16:54:23,C001454,A0001454,M00267,T00878,West,West,31.25,USD,card_present,magstripe,approved,APPROVE
X000137882,2026-01-17 16:54:32,C001134,A0001134,M00511,T00366,South,Midwest,70.33,USD,card_present,3ds,approved,APPROVE
X000141351,2026-01-17 16:54:36,C001164,A0001164,M00193,T01073,West,West,88.06,USD,mobile_wallet,chip_pin,approved,APPROVE
X000108677,2026-01-17 16:55:07,C000911,A0000911,M00211,T01170,Midwest,Midwest,398.26,USD,mobile_wallet,chip_pin,approved,APPROVE
X000033229,2026-01-17 16:55:18,C000282,A0000282,M00487,T00332,South,South,117.71,USD,card_present,chip_pin,approved,APPROVE
X000045535,2026-01-17 16:55:30,C000382,A0000382,M00618,T00042,Northeast,Northeast,1024.01,USD,ecommerce,3ds,approved,APPROVE
X000011660,2026-01-17 16:55:59,C000103,A0000103,M00163,T01133,Midwest,Midwest,41.14,USD,ecommerce,chip_pin,approved,APPROVE
X000134436,2026-01-17 16:56:17,C001104,A0001104,M00482,T00610,West,West,76.36,USD,card_present,3ds,approved,APPROVE
X000067703,2026-01-17 16:56:45,C000574,A0000574,M00295,T00926,South,South,26.52,USD,card_present,chip_pin,approved,APPROVE
X000033230,2026-01-17 16:56:49,C000282,A0000282,M00077,T00723,South,South,80.98,USD,card_present,3ds,approved,APPROVE
X000130406,2026-01-17 16:57:08,C001072,A0001072,M00324,T00243,West,West,21.98,USD,card_present,magstripe,approved,APPROVE
X000112154,2026-01-17 16:57:14,C000937,A0000937,M00239,T00747,South,South,45.87,USD,card_present,wallet_biometric,approved,APPROVE
X000166375,2026-01-17 16:57:58,C001373,A0001373,M00556,T00589,South,South,146.61,USD,card_present,chip_pin,approved,APPROVE
X000061913,2026-01-17 16:58:17,C000527,A0000527,M00483,T00098,West,West,90.11,USD,mobile_wallet,chip_pin,approved,APPROVE
X000149155,2026-01-17 16:58:21,C001228,A0001228,M00365,T01114,South,South,72.42,USD,card_present,3ds,approved,APPROVE
X000117603,2026-01-17 16:58:49,C000975,A0000975,M00086,T00198,Midwest,Midwest,73.8,USD,ecommerce,magstripe,approved,APPROVE
X000043868,2026-01-17 16:59:24,C000373,A0000373,M00299,T01117,Northeast,Northeast,94.29,USD,mobile_wallet,chip_pin,approved,APPROVE
X000105465,2026-01-17 17:00:13,C000887,A0000887,M00661,T00141,Northeast,Northeast,76.72,USD,card_present,3ds,approved,APPROVE
X000240762,2026-01-17 17:00:14,C001964,A0001964,M00225,T00294,Midwest,Midwest,52.06,USD,ecommerce,chip_pin,approved,APPROVE
X000207030,2026-01-17 17:00:34,C001689,A0001689,M00788,T00404,South,South,100.55,USD,ecommerce,chip_pin,approved,APPROVE
X000175254,2026-01-17 17:00:42,C001443,A0001443,M00533,T00261,Northeast,Northeast,23.19,USD,card_present,magstripe,approved,APPROVE
X000141693,2026-01-17 17:00:49,C001168,A0001168,M00205,T00871,South,South,92.93,USD,mobile_wallet,3ds,approved,APPROVE
X000209505,2026-01-17 17:00:53,C001710,A0001710,M00285,T00370,Midwest,Midwest,180.01,USD,card_present,3ds,approved,APPROVE
X000205375,2026-01-17 17:00:54,C001678,A0001678,M00210,T01163,Midwest,South,68.93,USD,card_present,chip_pin,approved,APPROVE
X000035089,2026-01-17 17:01:12,C000298,A0000298,M00610,T00995,Midwest,Midwest,165.19,USD,card_present,3ds,approved,APPROVE
X000155699,2026-01-17 17:01:15,C001282,A0001282,M00408,T00920,Northeast,Northeast,109.22,USD,ecommerce,3ds,approved,APPROVE
X000107427,2026-01-17 17:02:17,C000900,A0000900,M00495,T00738,Midwest,Midwest,113.89,USD,mobile_wallet,3ds,approved,APPROVE
X000153555,2026-01-17 17:02:22,C001263,A0001263,M00575,T00637,West,West,71.4,USD,card_present,chip_pin,approved,APPROVE
X000116424,2026-01-17 17:02:40,C000966,A0000966,M00154,T00860,South,South,91.56,USD,card_present,wallet_biometric,approved,APPROVE
X000097068,2026-01-17 17:02:52,C000812,A0000812,M00507,T00488,South,South,98.96,USD,mobile_wallet,chip_pin,approved,APPROVE
X000213769,2026-01-17 17:03:07,C001745,A0001745,M00191,T00568,Midwest,Midwest,194.55,USD,card_present,chip_pin,approved,APPROVE
X000173558,2026-01-17 17:03:47,C001431,A0001431,M00056,T01147,Midwest,Midwest,20.95,USD,ecommerce,magstripe,approved,APPROVE
X000208501,2026-01-17 17:03:57,C001702,A0001702,M00477,T00694,West,West,643.34,USD,card_present,3ds,approved,APPROVE
X000070013,2026-01-17 17:03:59,C000596,A0000596,M00253,T00291,South,South,779.29,USD,card_present,wallet_biometric,approved,APPROVE
X000121562,2026-01-17 17:04:25,C001009,A0001009,M00615,T01067,South,Midwest,13.23,USD,ecommerce,3ds,approved,APPROVE
X000223149,2026-01-17 17:04:32,C001819,A0001819,M00253,T00043,South,South,196.69,USD,card_present,wallet_biometric,approved,APPROVE
X000212874,2026-01-17 17:04:38,C001738,A0001738,M00434,T00808,South,South,6.66,USD,card_present,wallet_biometric,approved,APPROVE
X000169248,2026-01-17 17:04:57,C001399,A0001399,M00639,T00245,Midwest,Midwest,131.32,USD,mobile_wallet,wallet_biometric,approved,APPROVE
X000124381,2026-01-17 17:05:32,C001029,A0001029,M00305,T00675,Northeast,Northeast,16.69,USD,ecommerce,chip_pin,approved,APPROVE
X000184594,2026-01-17 17:05:43,C001521,A0001521,M00295,T00425,South,South,259.97,USD,card_present,wallet_biometric,approved,APPROVE
X000240818,2026-01-17 17:06:04,C001965,A0001965,M00557,T00649,Midwest,Midwest,30.08,USD,card_present,magstripe,approved,APPROVE
X000019406,2026-01-17 17:06:10,C000168,A0000168,M00778,T00222,South,South,71.63,USD,card_present,3ds,approved,APPROVE
X000240263,2026-01-17 17:06:11,C001960,A0001960,M00406,T00668,South,South,44.38,USD,card_present,3ds,approved,APPROVE
X000163420,2026-01-17 17:06:36,C001348,A0001348,M00753,T00413,South,South,58.64,USD,card_present,3ds,approved,APPROVE
X000175533,2026-01-17 17:06:51,C001446,A0001446,M00427,T01200,South,South,50.0,USD,card_present,chip_pin,approved,APPROVE
X000218569,2026-01-17 17:07:00,C001786,A0001786,M00544,T00846,Northeast,South,19.22,USD,mobile_wallet,chip_pin,approved,APPROVE
X000224476,2026-01-17 17:07:12,C001832,A0001832,M00791,T00304,South,South,227.97,USD,ecommerce,chip_pin,approved,APPROVE
X000019733,2026-01-17 17:07:26,C000171,A0000171,M00696,T00853,Midwest,Midwest,40.9,USD,ecommerce,chip_pin,approved,APPROVE
X000024290,2026-01-17 17:07:31,C000205,A0000205,M00736,T00065,South,South,25.98,USD,mobile_wallet,3ds,approved,APPROVE
X000116763,2026-01-17 17:08:29,C000969,A0000969,M00434,T00133,South,South,532.96,USD,card_present,chip_pin,approved,APPROVE
X000037331,2026-01-17 17:08:37,C000319,A0000319,M00262,T00060,South,South,52.04,USD,ecommerce,3ds,approved,APPROVE
X000234074,2026-01-17 17:09:08,C001908,A0001908,M00296,T00252,South,South,28.85,USD,card_present,chip_pin,approved,APPROVE
X000055917,2026-01-17 17:09:42,C000472,A0000472,M00067,T00654,South,South,24.63,USD,ecommerce,chip_pin,approved,APPROVE
X000029880,2026-01-17 17:13:33,C000256,A0000256,M00420,T00678,West,West,29.89,USD,card_present,3ds,approved,APPROVE
X000156411,2026-01-17 17:13:48,C001287,A0001287,M00790,T00840,Northeast,Northeast,29.87,USD,mobile_wallet,wallet_biometric,approved,APPROVE
X000237397,2026-01-17 17:14:02,C001936,A0001936,M00516,T00435,Northeast,Northeast,68.4,USD,card_present,chip_pin,approved,APPROVE
X000155839,2026-01-17 17:14:05,C001283,A0001283,M00022,T00194,Midwest,South,745.74,USD,card_present,wallet_biometric,approved,APPROVE
X000245108,2026-01-17 17:14:24,C001997,A0001997,M00253,T00291,South,South,276.3,USD,mobile_wallet,wallet_biometric,approved,APPROVE
X000091423,2026-01-17 17:14:32,C000767,A0000767,M00067,T00948,South,South,227.88,USD,ecommerce,chip_pin,approved,APPROVE
X000105652,2026-01-17 17:14:40,C000888,A0000888,M00652,T00786,West,West,79.24,USD,card_present,3ds,approved,APPROVE
X000101804,2026-01-17 17:15:34,C000857,A0000857,M00550,T01034,West,West,110.22,USD,card_present,magstripe,approved,APPROVE
X000125047,2026-01-17 17:15:48,C001032,A0001032,M00394,T00922,South,South,181.86,USD,card_present,chip_pin,approved,APPROVE
X000116215,2026-01-17 17:16:09,C000965,A0000965,M00112,T00122,West,West,98.97,USD,card_present,chip_pin,approved,APPROVE
X000079686,2026-01-17 17:16:18,C000671,A0000671,M00557,T00649,Midwest,Midwest,110.62,USD,ecommerce,wallet_biometric,approved,APPROVE
X000172729,2026-01-17 17:16:48,C001425,A0001425,M00310,T00621,West,West,4.26,USD,card_present,chip_pin,approved,APPROVE
X000033046,2026-01-17 17:17:20,C000280,A0000280,M00034,T00307,Northeast,Northeast,319.38,USD,card_present,chip_pin,approved,APPROVE
X000046256,2026-01-17 17:18:16,C000388,A0000388,M00518,T00379,South,South,125.67,USD,ecommerce,wallet_biometric,approved,APPROVE
X000086825,2026-01-17 17:18:58,C000728,A0000728,M00645,T00155,South,South,153.82,USD,ecommerce,wallet_biometric,approved,APPROVE
X000166376,2026-01-17 17:19:30,C001373,A0001373,M00556,T00589,South,South,55.84,USD,mobile_wallet,chip_pin,approved,APPROVE
X000133486,2026-01-17 17:21:11,C001100,A0001100,M00342,T00563,Midwest,Midwest,28.86,USD,mobile_wallet,chip_pin,approved,APPROVE
X000064536,2026-01-17 17:22:02,C000548,A0000548,M00703,T00135,Midwest,Midwest,18.27,USD,card_present,wallet_biometric,approved,APPROVE
X000224477,2026-01-17 17:22:11,C001832,A0001832,M00791,T00304,South,South,350.34,USD,ecommerce,chip_pin,approved,APPROVE
X000049838,2026-01-17 17:22:19,C000417,A0000417,M00343,T00030,West,West,71.81,USD,card_present,wallet_biometric,approved,APPROVE
X000120703,2026-01-17 17:22:20,C001003,A0001003,M00471,T00670,Midwest,Midwest,110.2,USD,card_present,wallet_biometric,approved,APPROVE
X000224291,2026-01-17 17:22:29,C001831,A0001831,M00556,T00223,South,South,42.4,USD,ecommerce,wallet_biometric,approved,APPROVE
X000106937,2026-01-17 17:22:48,C000896,A0000896,M00685,T00672,Northeast,Northeast,181.34,USD,mobile_wallet,wallet_biometric,approved,APPROVE
X000079687,2026-01-17 17:22:51,C000671,A0000671,M00111,T01015,Midwest,Midwest,38.93,USD,mobile_wallet,chip_pin,approved,APPROVE
X000157421,2026-01-17 17:24:30,C001295,A0001295,M00084,T00910,Midwest,Midwest,67.43,USD,mobile_wallet,chip_pin,approved,APPROVE
X000173885,2026-01-17 17:24:41,C001434,A0001434,M00112,T00122,West,West,151.49,USD,card_present,3ds,approved,APPROVE
X000054403,2026-01-17 17:24:46,C000461,A0000461,M00778,T01132,South,South,232.3,USD,mobile_wallet,3ds,approved,APPROVE
X000204278,2026-01-17 17:24:54,C001668,A0001668,M00640,T01025,Midwest,Midwest,611.14,USD,ecommerce,chip_pin,approved,APPROVE
X000164133,2026-01-17 17:25:04,C001353,A0001353,M00368,T00442,West,West,80.82,USD,card_present,wallet_biometric,approved,APPROVE
X000128527,2026-01-17 17:25:35,C001058,A0001058,M00380,T00989,Midwest,Midwest,74.3,USD,ecommerce,chip_pin,approved,APPROVE
X000213630,2026-01-17 17:25:51,C001744,A0001744,M00706,T00856,Northeast,Northeast,45.89,USD,mobile_wallet,chip_pin,approved,APPROVE
X000238005,2026-01-17 17:25:52,C001942,A0001942,M00585,T00052,Midwest,Midwest,146.24,USD,ecommerce,wallet_biometric,approved,APPROVE
X000003519,2026-01-17 17:26:02,C000031,A0000031,M00240,T00605,Midwest,Midwest,22.04,USD,card_present,chip_pin,approved,APPROVE
X000011933,2026-01-17 17:26:18,C000105,A0000105,M00679,T01139,Northeast,Northeast,101.32,USD,ecommerce,chip_pin,approved,APPROVE
X000199671,2026-01-17 17:26:33,C001637,A0001637,M00153,T00753,South,South,501.21,USD,card_present,3ds,approved,APPROVE
X000236182,2026-01-17 17:26:53,C001927,A0001927,M00309,T00916,Northeast,Northeast,425.77,USD,mobile_wallet,wallet_biometric,approved,APPROVE
X000208320,2026-01-17 17:28:21,C001701,A0001701,M00038,T00813,South,South,68.62,USD,ecommerce,3ds,approved,APPROVE
X000101140,2026-01-17 17:28:23,C000851,A0000851,M00754,T01077,West,West,161.51,USD,mobile_wallet,magstripe,approved,APPROVE
X000092311,2026-01-17 17:28:41,C000773,A0000773,M00099,T00459,South,South,47.88,USD,card_present,wallet_biometric,approved,APPROVE
X000073944,2026-01-17 17:28:45,C000625,A0000625,M00550,T00423,West,West,26.98,USD,card_present,chip_pin,approved,APPROVE
X000202178,2026-01-17 17:29:04,C001654,A0001654,M00588,T00145,West,West,418.93,USD,ecommerce,magstripe,approved,APPROVE
X000109588,2026-01-17 17:29:31,C000916,A0000916,M00513,T00695,Midwest,Midwest,96.99,USD,ecommerce,chip_pin,approved,APPROVE
X000022767,2026-01-17 17:29:59,C000196,A0000196,M00086,T00892,Midwest,Midwest,239.52,USD,card_present,magstripe,approved,APPROVE
X000032084,2026-01-17 17:30:02,C000272,A0000272,M00193,T00346,West,West,14.95,USD,ecommerce,wallet_biometric,approved,APPROVE
X000097069,2026-01-17 17:30:10,C000812,A0000812,M00507,T00488,South,South,65.38,USD,ecommerce,3ds,approved,APPROVE
X000069907,2026-01-17 17:30:42,C000595,A0000595,M00247,T01144,South,South,54.29,USD,card_present,3ds,approved,APPROVE
X000059272,2026-01-17 17:31:20,C000504,A0000504,M00797,T00303,South,South,58.95,USD,card_present,chip_pin,approved,APPROVE
X000073679,2026-01-17 17:31:41,C000623,A0000623,M00479,T00906,Midwest,Midwest,274.79,USD,card_present,chip_pin,approved,APPROVE
X000067929,2026-01-17 17:32:01,C000576,A0000576,M00628,T01005,West,West,91.99,USD,mobile_wallet,3ds,approved,APPROVE
X000153556,2026-01-17 17:32:48,C001263,A0001263,M00575,T00637,West,West,47.72,USD,card_present,chip_pin,approved,APPROVE
X000168809,2026-01-17 17:33:16,C001396,A0001396,M00771,T00411,South,South,44.62,USD,card_present,3ds,approved,APPROVE
X000043692,2026-01-17 17:34:15,C000371,A0000371,M00645,T00905,South,South,78.91,USD,ecommerce,wallet_biometric,approved,APPROVE
X000190082,2026-01-17 17:35:26,C001562,A0001562,M00229,T00718,Northeast,Northeast,238.11,USD,card_present,chip_pin,approved,APPROVE
X000108812,2026-01-17 17:35:31,C000912,A0000912,M00452,T00101,Northeast,Northeast,19.5,USD,ecommerce,chip_pin,approved,APPROVE
X000184783,2026-01-17 17:35:59,C001522,A0001522,M00130,T00939,South,South,101.07,USD,card_present,chip_pin,approved,APPROVE
X000104908,2026-01-17 17:36:27,C000883,A0000883,M00192,T00126,South,South,81.55,USD,card_present,3ds,approved,APPROVE
X000010276,2026-01-17 17:37:09,C000093,A0000093,M00731,T00394,Northeast,Northeast,94.53,USD,card_present,wallet_biometric,approved,APPROVE
X000202511,2026-01-17 17:37:25,C001657,A0001657,M00753,T00413,South,South,47.16,USD,card_present,chip_pin,approved,APPROVE
X000082118,2026-01-17 17:37:28,C000688,A0000688,M00706,T00053,Northeast,Northeast,82.37,USD,card_present,3ds,approved,APPROVE
X000165278,2026-01-17 17:38:22,C001364,A0001364,M00070,T00658,Northeast,Northeast,189.93,USD,ecommerce,chip_pin,approved,APPROVE
X000244968,2026-01-17 17:38:47,C001996,A0001996,M00378,T00467,South,South,59.41,USD,mobile_wallet,3ds,approved,APPROVE
X000237398,2026-01-17 17:39:02,C001936,A0001936,M00689,T00395,Northeast,Northeast,59.91,USD,ecommerce,wallet_biometric,approved,APPROVE
X000187772,2026-01-17 17:39:26,C001543,A0001543,M00211,T00509,Midwest,Midwest,348.18,USD,ecommerce,3ds,approved,APPROVE
X000066276,2026-01-17 17:39:31,C000562,A0000562,M00652,T00561,West,West,96.0,USD,card_present,3ds,approved,APPROVE
X000115707,2026-01-17 17:39:32,C000961,A0000961,M00398,T00528,South,South,112.36,USD,ecommerce,wallet_biometric,approved,APPROVE
X000142023,2026-01-17 17:39:34,C001171,A0001171,M00327,T00251,South,South,86.98,USD,mobile_wallet,chip_pin,approved,APPROVE
X000057756,2026-01-17 17:39:51,C000490,A0000490,M00503,T00931,West,West,16.93,USD,card_present,chip_pin,approved,APPROVE
X000133743,2026-01-17 17:40:06,C001101,A0001101,M00535,T00606,West,West,178.38,USD,card_present,chip_pin,approved,APPROVE
X000210171,2026-01-17 17:40:34,C001714,A0001714,M00021,T00406,South,South,64.67,USD,mobile_wallet,chip_pin,approved,APPROVE
X000100646,2026-01-17 17:40:36,C000847,A0000847,M00520,T00143,Midwest,Midwest,48.87,USD,card_present,3ds,approved,APPROVE
X000099288,2026-01-17 17:40:42,C000833,A0000833,M00610,T00045,Midwest,Midwest,69.99,USD,card_present,3ds,approved,APPROVE
X000094063,2026-01-17 17:40:50,C000788,A0000788,M00211,T01170,South,Midwest,280.82,USD,ecommerce,chip_pin,approved,APPROVE
X000076028,2026-01-17 17:41:01,C000639,A0000639,M00271,T01087,Northeast,Northeast,73.78,USD,card_present,3ds,approved,APPROVE
X000106616,2026-01-17 17:41:05,C000894,A0000894,M00613,T00331,South,South,174.76,USD,card_present,wallet_biometric,approved,APPROVE
X000219592,2026-01-17 17:41:36,C001794,A0001794,M00598,T00149,West,West,16.21,USD,mobile_wallet,chip_pin,approved,APPROVE
X000107428,2026-01-17 17:42:35,C000900,A0000900,M00414,T00189,Midwest,Midwest,311.59,USD,card_present,wallet_biometric,approved,APPROVE
X000220606,2026-01-17 17:42:42,C001800,A0001800,M00172,T00722,Northeast,Northeast,114.26,USD,card_present,chip_pin,approved,APPROVE
X000016509,2026-01-17 17:42:48,C000140,A0000140,M00655,T00487,Midwest,Midwest,82.46,USD,ecommerce,chip_pin,approved,APPROVE
X000144494,2026-01-17 17:43:10,C001190,A0001190,M00282,T01071,South,South,469.29,USD,card_present,wallet_biometric,approved,APPROVE
X000206939,2026-01-17 17:43:47,C001688,A0001688,M00715,T00083,Midwest,Midwest,308.51,USD,ecommerce,wallet_biometric,approved,APPROVE
X000031081,2026-01-17 17:44:27,C000263,A0000263,M00562,T01175,West,West,89.97,USD,card_present,3ds,approved,APPROVE
X000104639,2026-01-17 17:45:39,C000881,A0000881,M00680,T00949,Midwest,Midwest,33.42,USD,mobile_wallet,chip_pin,approved,APPROVE
X000092488,2026-01-17 17:45:41,C000774,A0000774,M00476,T00184,Midwest,Midwest,84.0,USD,mobile_wallet,3ds,approved,APPROVE
X000128451,2026-01-17 17:45:50,C001057,A0001057,M00513,T00695,Midwest,Midwest,256.18,USD,card_present,wallet_biometric,approved,APPROVE
X000100197,2026-01-17 17:46:53,C000844,A0000844,M00137,T00381,Midwest,Midwest,79.95,USD,ecommerce,chip_pin,approved,APPROVE
X000021401,2026-01-17 17:46:55,C000186,A0000186,M00232,T00367,West,West,351.07,USD,mobile_wallet,magstripe,approved,APPROVE
X000069040,2026-01-17 17:46:57,C000587,A0000587,M00216,T00671,West,West,52.48,USD,ecommerce,3ds,approved,APPROVE
X000205648,2026-01-17 17:47:05,C001679,A0001679,M00574,T00190,Midwest,Midwest,306.08,USD,mobile_wallet,wallet_biometric,approved,APPROVE
X000128528,2026-01-17 17:47:16,C001058,A0001058,M00475,T00965,Midwest,Midwest,26.99,USD,card_present,chip_pin,approved,APPROVE
X000144393,2026-01-17 17:47:36,C001189,A0001189,M00326,T00127,Northeast,Northeast,87.88,USD,card_present,3ds,approved,APPROVE
X000089983,2026-01-17 17:47:55,C000752,A0000752,M00427,T01200,South,South,89.71,USD,mobile_wallet,3ds,approved,APPROVE
X000213631,2026-01-17 17:48:15,C001744,A0001744,M00276,T01082,Northeast,Northeast,64.85,USD,card_present,chip_pin,approved,APPROVE
X000065643,2026-01-17 17:48:52,C000556,A0000556,M00302,T00011,Northeast,Northeast,25.81,USD,ecommerce,chip_pin,approved,APPROVE
X000062926,2026-01-17 17:49:32,C000534,A0000534,M00203,T00186,Northeast,Northeast,119.64,USD,ecommerce,3ds,approved,APPROVE
X000222481,2026-01-17 17:50:33,C001813,A0001813,M00153,T00753,Midwest,South,168.65,USD,card_present,magstripe,approved,APPROVE
X000010380,2026-01-17 17:51:48,C000094,A0000094,M00556,T00589,South,South,41.13,USD,card_present,3ds,approved,APPROVE
X000089080,2026-01-17 17:51:50,C000746,A0000746,M00741,T00732,South,South,31.62,USD,ecommerce,3ds,approved,APPROVE
X000202874,2026-01-17 17:52:37,C001661,A0001661,M00338,T00600,Northeast,Northeast,29.23,USD,mobile_wallet,magstripe,approved,APPROVE
X000154660,2026-01-17 17:52:48,C001275,A0001275,M00645,T00905,South,South,299.19,USD,ecommerce,3ds,approved,APPROVE
X000084944,2026-01-17 17:53:50,C000710,A0000710,M00631,T00542,West,West,95.3,USD,card_present,chip_pin,approved,APPROVE
X000135792,2026-01-17 17:54:02,C001116,A0001116,M00289,T00362,South,South,54.87,USD,ecommerce,3ds,approved,APPROVE
X000122072,2026-01-17 17:54:28,C001013,A0001013,M00225,T00294,Midwest,Midwest,28.93,USD,ecommerce,chip_pin,approved,APPROVE
X000017488,2026-01-17 17:54:34,C000150,A0000150,M00138,T00350,South,South,377.87,USD,card_present,magstripe,approved,APPROVE
X000009041,2026-01-17 17:54:36,C000082,A0000082,M00395,T00889,Midwest,Midwest,28.16,USD,ecommerce,3ds,approved,APPROVE
X000076810,2026-01-17 17:54:44,C000646,A0000646,M00347,T00077,Midwest,Midwest,165.05,USD,card_present,wallet_biometric,approved,APPROVE
X000198593,2026-01-17 17:55:06,C001627,A0001627,M00608,T00027,South,South,270.33,USD,ecommerce,magstripe,approved,APPROVE
X000149156,2026-01-17 17:55:14,C001228,A0001228,M00282,T01131,South,South,107.79,USD,card_present,chip_pin,approved,APPROVE
X000059780,2026-01-17 17:56:12,C000509,A0000509,M00011,T01040,West,West,98.4,USD,card_present,chip_pin,approved,APPROVE
X000189582,2026-01-17 17:56:34,C001558,A0001558,M00326,T00127,Northeast,Northeast,25.9,USD,card_present,3ds,approved,APPROVE
X000094955,2026-01-17 17:56:37,C000793,A0000793,M00558,T00507,South,South,83.21,USD,card_present,chip_pin,approved,APPROVE
X000130202,2026-01-17 17:57:00,C001070,A0001070,M00345,T00208,South,South,32.05,USD,ecommerce,3ds,approved,APPROVE
X000025766,2026-01-17 17:57:06,C000220,A0000220,M00388,T00170,Midwest,Midwest,424.28,USD,mobile_wallet,wallet_biometric,approved,APPROVE
X000005078,2026-01-17 17:57:16,C000047,A0000047,M00309,T01011,West,Northeast,34.49,USD,ecommerce,3ds,approved,APPROVE
X000228930,2026-01-17 17:57:27,C001865,A0001865,M00392,T00305,Midwest,Midwest,249.06,USD,card_present,chip_pin,approved,APPROVE
X000112704,2026-01-17 17:58:00,C000943,A0000943,M00434,T00133,South,South,170.41,USD,ecommerce,3ds,approved,APPROVE
X000243535,2026-01-17 17:58:55,C001987,A0001987,M00470,T00025,South,South,340.26,USD,card_present,chip_pin,approved,APPROVE
X000030388,2026-01-17 17:59:12,C000260,A0000260,M00056,T01147,Midwest,Midwest,211.64,USD,card_present,wallet_biometric,approved,APPROVE
X000187353,2026-01-17 17:59:19,C001541,A0001541,M00457,T00634,Midwest,Midwest,226.8,USD,card_present,magstripe,approved,APPROVE
X000043279,2026-01-17 17:59:48,C000366,A0000366,M00128,T00044,South,Northeast,45.04,USD,ecommerce,3ds,approved,APPROVE
X000212720,2026-01-17 18:00:31,C001736,A0001736,M00747,T00259,West,West,43.02,USD,card_present,3ds,approved,APPROVE
X000002183,2026-01-17 18:00:56,C000020,A0000020,M00087,T00594,South,South,200.17,USD,card_present,chip_pin,approved,APPROVE
X000128452,2026-01-17 18:01:28,C001057,A0001057,M00513,T00695,Midwest,Midwest,73.5,USD,card_present,3ds,approved,APPROVE
X000009136,2026-01-17 18:02:06,C000083,A0000083,M00301,T00666,South,South,85.87,USD,mobile_wallet,3ds,approved,APPROVE
X000244480,2026-01-17 18:02:31,C001993,A0001993,M00005,T00817,South,South,21.77,USD,card_present,chip_pin,approved,APPROVE
X000158889,2026-01-17 18:03:00,C001307,A0001307,M00518,T00379,South,South,30.07,USD,card_present,chip_pin,approved,APPROVE
X000127462,2026-01-17 18:03:15,C001051,A0001051,M00231,T00176,South,South,64.48,USD,mobile_wallet,wallet_biometric,approved,APPROVE
X000075219,2026-01-17 18:03:31,C000632,A0000632,M00191,T00397,Midwest,Midwest,167.26,USD,card_present,chip_pin,approved,APPROVE
X000035962,2026-01-17 18:03:55,C000307,A0000307,M00294,T00471,South,South,83.83,USD,card_present,3ds,approved,APPROVE
X000199313,2026-01-17 18:04:35,C001633,A0001633,M00717,T00614,South,South,47.42,USD,card_present,3ds,approved,APPROVE
X000080610,2026-01-17 18:04:40,C000677,A0000677,M00742,T00512,Northeast,Northeast,176.27,USD,card_present,3ds,approved,APPROVE
X000008835,2026-01-17 18:05:12,C000080,A0000080,M00517,T01092,Midwest,Midwest,47.3,USD,card_present,chip_pin,approved,APPROVE
X000202179,2026-01-17 18:05:17,C001654,A0001654,M00233,T00645,West,West,123.62,USD,mobile_wallet,chip_pin,approved,APPROVE
X000165279,2026-01-17 18:05:21,C001364,A0001364,M00330,T01113,Northeast,West,56.67,USD,card_present,3ds,approved,APPROVE
X000154095,2026-01-17 18:05:31,C001268,A0001268,M00461,T00958,West,West,59.28,USD,card_present,3ds,approved,APPROVE
X000079464,2026-01-17 18:06:00,C000669,A0000669,M00416,T00451,West,West,11.74,USD,card_present,wallet_biometric,approved,APPROVE
X000137440,2026-01-17 18:06:35,C001129,A0001129,M00010,T00620,Northeast,Northeast,57.56,USD,card_present,magstripe,approved,APPROVE
X000223474,2026-01-17 18:08:11,C001822,A0001822,M00549,T00456,South,South,22.83,USD,card_present,chip_pin,approved,APPROVE
X000206111,2026-01-17 18:09:03,C001682,A0001682,M00682,T00951,Northeast,Northeast,61.39,USD,ecommerce,3ds,approved,APPROVE
X000225656,2026-01-17 18:09:11,C001839,A0001839,M00244,T00277,South,South,143.64,USD,mobile_wallet,3ds,approved,APPROVE
X000234390,2026-01-17 18:10:09,C001911,A0001911,M00454,T00284,West,West,118.75,USD,card_present,3ds,approved,APPROVE
X000186051,2026-01-17 18:10:17,C001529,A0001529,M00193,T01056,West,West,92.61,USD,card_present,wallet_biometric,approved,APPROVE
X000200814,2026-01-17 18:10:37,C001645,A0001645,M00191,T00591,Midwest,Midwest,33.77,USD,card_present,3ds,approved,APPROVE
X000171969,2026-01-17 18:10:54,C001419,A0001419,M00208,T00633,Midwest,Midwest,55.31,USD,card_present,chip_pin,approved,APPROVE
X000045242,2026-01-17 18:11:18,C000380,A0000380,M00681,T00001,West,West,14.94,USD,card_present,chip_pin,approved,APPROVE
X000091696,2026-01-17 18:11:53,C000769,A0000769,M00262,T00060,South,South,382.37,USD,card_present,chip_pin,approved,APPROVE
X000038753,2026-01-17 18:12:01,C000331,A0000331,M00213,T00642,Northeast,Northeast,65.9,USD,card_present,chip_pin,approved,APPROVE
X000171421,2026-01-17 18:12:09,C001413,A0001413,M00098,T00432,West,West,33.65,USD,mobile_wallet,chip_pin,approved,APPROVE
X000190322,2026-01-17 18:12:33,C001563,A0001563,M00423,T00106,South,South,550.25,USD,ecommerce,chip_pin,approved,APPROVE
X000239484,2026-01-17 18:13:05,C001953,A0001953,M00666,T00992,South,South,77.52,USD,card_present,chip_pin,approved,APPROVE
X000049839,2026-01-17 18:14:37,C000417,A0000417,M00514,T00978,West,West,53.56,USD,card_present,chip_pin,approved,APPROVE
X000042251,2026-01-17 18:15:12,C000358,A0000358,M00528,T00301,Midwest,Midwest,280.71,USD,ecommerce,chip_pin,approved,APPROVE
X000044990,2026-01-17 18:15:12,C000379,A0000379,M00212,T00443,Midwest,Midwest,402.26,USD,ecommerce,magstripe,approved,APPROVE
X000213864,2026-01-17 18:16:47,C001746,A0001746,M00509,T01064,West,West,20.79,USD,ecommerce,wallet_biometric,approved,APPROVE
X000127922,2026-01-17 18:16:49,C001053,A0001053,M00077,T00723,South,South,102.85,USD,card_present,wallet_biometric,approved,APPROVE
X000214669,2026-01-17 18:17:00,C001753,A0001753,M00613,T00638,South,South,159.78,USD,card_present,magstripe,approved,APPROVE
X000148234,2026-01-17 18:17:01,C001224,A0001224,M00313,T00777,Northeast,Northeast,228.76,USD,mobile_wallet,3ds,approved,APPROVE
X000078021,2026-01-17 18:17:20,C000656,A0000656,M00119,T00895,South,South,126.12,USD,card_present,chip_pin,approved,APPROVE
X000227929,2026-01-17 18:17:27,C001857,A0001857,M00412,T00974,Northeast,Northeast,55.19,USD,ecommerce,chip_pin,approved,APPROVE
X000102649,2026-01-17 18:17:40,C000863,A0000863,M00397,T00349,Midwest,Midwest,273.59,USD,card_present,chip_pin,approved,APPROVE
X000125048,2026-01-17 18:17:47,C001032,A0001032,M00051,T00286,South,South,307.9,USD,ecommerce,wallet_biometric,approved,APPROVE
X000222482,2026-01-17 18:17:49,C001813,A0001813,M00452,T00101,Midwest,Northeast,104.35,USD,card_present,wallet_biometric,approved,APPROVE
X000096353,2026-01-17 18:17:52,C000806,A0000806,M00184,T00927,South,South,88.16,USD,card_present,3ds,approved,APPROVE
X000153465,2026-01-17 18:18:25,C001262,A0001262,M00139,T00128,South,Northeast,13.66,USD,card_present,magstripe,approved,APPROVE
X000076203,2026-01-17 18:18:48,C000640,A0000640,M00382,T00499,Midwest,Midwest,46.26,USD,card_present,chip_pin,approved,APPROVE
X000185634,2026-01-17 18:19:08,C001526,A0001526,M00148,T00038,Midwest,Midwest,91.68,USD,card_present,wallet_biometric,approved,APPROVE
X000187773,2026-01-17 18:19:22,C001543,A0001543,M00211,T01068,Midwest,Midwest,366.14,USD,ecommerce,3ds,approved,APPROVE
X000110206,2026-01-17 18:19:46,C000921,A0000921,M00171,T00754,Northeast,Northeast,114.35,USD,card_present,chip_pin,approved,APPROVE
X000112234,2026-01-17 18:20:14,C000938,A0000938,M00501,T01003,Northeast,Northeast,136.07,USD,card_present,wallet_biometric,approved,APPROVE
X000083857,2026-01-17 18:20:46,C000701,A0000701,M00756,T00999,West,West,49.37,USD,card_present,wallet_biometric,approved,APPROVE
X000007810,2026-01-17 18:21:52,C000072,A0000072,M00437,T00942,West,West,208.4,USD,ecommerce,chip_pin,approved,APPROVE
X000195189,2026-01-17 18:21:52,C001604,A0001604,M00191,T00188,Midwest,Midwest,225.89,USD,card_present,wallet_biometric,approved,APPROVE
X000011934,2026-01-17 18:21:58,C000105,A0000105,M00679,T01139,Northeast,Northeast,124.19,USD,card_present,3ds,approved,APPROVE
X000011935,2026-01-17 18:22:01,C000105,A0000105,M00302,T01118,Northeast,Northeast,132.9,USD,card_present,magstripe,approved,APPROVE
X000199895,2026-01-17 18:22:01,C001638,A0001638,M00255,T00573,West,West,152.74,USD,mobile_wallet,chip_pin,approved,APPROVE
X000067704,2026-01-17 18:22:14,C000574,A0000574,M00784,T00756,South,South,56.94,USD,card_present,3ds,approved,APPROVE
X000111044,2026-01-17 18:22:58,C000926,A0000926,M00038,T00813,South,South,13.09,USD,ecommerce,chip_pin,approved,APPROVE
X000149364,2026-01-17 18:23:02,C001229,A0001229,M00436,T01032,Midwest,Midwest,14.34,USD,card_present,chip_pin,approved,APPROVE
X000002432,2026-01-17 18:23:42,C000023,A0000023,M00294,T00731,South,South,51.43,USD,card_present,magstripe,approved,APPROVE
X000167186,2026-01-17 18:24:05,C001381,A0001381,M00128,T00044,Northeast,Northeast,124.48,USD,card_present,3ds,approved,APPROVE
X000181349,2026-01-17 18:24:25,C001491,A0001491,M00692,T00771,Northeast,Northeast,96.14,USD,ecommerce,chip_pin,approved,APPROVE
X000007644,2026-01-17 18:25:10,C000070,A0000070,M00304,T00317,Midwest,Midwest,60.12,USD,ecommerce,magstripe,approved,APPROVE
X000073204,2026-01-17 18:25:14,C000619,A0000619,M00428,T00264,West,West,126.93,USD,card_present,3ds,approved,APPROVE
X000039388,2026-01-17 18:25:41,C000335,A0000335,M00473,T00408,West,West,89.0,USD,card_present,chip_pin,approved,APPROVE
X000133892,2026-01-17 18:26:02,C001102,A0001102,M00253,T01072,South,South,19.3,USD,ecommerce,3ds,approved,APPROVE
X000014059,2026-01-17 18:26:12,C000119,A0000119,M00430,T01143,South,South,101.12,USD,card_present,3ds,approved,APPROVE
X000241734,2026-01-17 18:27:00,C001973,A0001973,M00359,T00592,Midwest,Midwest,229.13,USD,card_present,magstripe,approved,APPROVE
X000176639,2026-01-17 18:27:33,C001456,A0001456,M00394,T00922,South,South,75.55,USD,card_present,3ds,approved,APPROVE
X000236447,2026-01-17 18:28:02,C001929,A0001929,M00790,T00112,Northeast,Northeast,261.12,USD,card_present,chip_pin,approved,APPROVE
X000232174,2026-01-17 18:28:03,C001894,A0001894,M00040,T00439,Northeast,Northeast,314.87,USD,mobile_wallet,chip_pin,approved,APPROVE
X000170045,2026-01-17 18:28:54,C001402,A0001402,M00359,T00592,Midwest,Midwest,452.71,USD,mobile_wallet,chip_pin,approved,APPROVE
X000040738,2026-01-17 18:29:36,C000346,A0000346,M00586,T00036,Northeast,Northeast,201.63,USD,ecommerce,3ds,approved,APPROVE
X000174633,2026-01-17 18:29:42,C001439,A0001439,M00305,T00675,Northeast,Northeast,625.52,USD,card_present,wallet_biometric,approved,APPROVE
X000119800,2026-01-17 18:29:56,C000995,A0000995,M00663,T00862,West,West,131.56,USD,card_present,chip_pin,approved,APPROVE
X000177581,2026-01-17 18:29:59,C001461,A0001461,M00034,T00307,Northeast,Northeast,273.82,USD,ecommerce,chip_pin,approved,APPROVE
X000212245,2026-01-17 18:30:01,C001732,A0001732,M00029,T00167,South,South,51.84,USD,card_present,3ds,approved,APPROVE
X000184595,2026-01-17 18:31:07,C001521,A0001521,M00295,T00425,South,South,164.5,USD,card_present,wallet_biometric,approved,APPROVE
X000069689,2026-01-17 18:31:14,C000593,A0000593,M00187,T00256,South,South,181.45,USD,card_present,3ds,approved,APPROVE
X000134947,2026-01-17 18:31:32,C001108,A0001108,M00428,T00264,West,West,61.15,USD,card_present,3ds,approved,APPROVE
X000232175,2026-01-17 18:31:37,C001894,A0001894,M00040,T00439,Northeast,Northeast,605.56,USD,card_present,3ds,approved,APPROVE
X000059781,2026-01-17 18:31:40,C000509,A0000509,M00473,T01017,West,West,41.81,USD,card_present,3ds,approved,APPROVE
X000238423,2026-01-17 18:31:57,C001946,A0001946,M00125,T00855,South,West,52.16,USD,mobile_wallet,wallet_biometric,approved,APPROVE
X000071492,2026-01-17 18:32:14,C000607,A0000607,M00524,T00085,West,West,292.08,USD,card_present,wallet_biometric,approved,APPROVE
X000025767,2026-01-17 18:32:43,C000220,A0000220,M00388,T00170,Midwest,Midwest,258.1,USD,ecommerce,magstripe,approved,APPROVE
X000194660,2026-01-17 18:33:07,C001601,A0001601,M00231,T00176,South,South,178.35,USD,mobile_wallet,magstripe,approved,APPROVE
X000148900,2026-01-17 18:33:13,C001226,A0001226,M00070,T00658,Northeast,Northeast,150.11,USD,ecommerce,chip_pin,approved,APPROVE
X000150415,2026-01-17 18:33:17,C001238,A0001238,M00791,T00304,South,South,64.95,USD,ecommerce,magstripe,approved,APPROVE
X000138999,2026-01-17 18:33:20,C001145,A0001145,M00706,T00856,Northeast,Northeast,28.45,USD,ecommerce,chip_pin,approved,APPROVE
X000026535,2026-01-17 18:33:48,C000228,A0000228,M00410,T00952,South,South,65.29,USD,card_present,3ds,approved,APPROVE
X000198594,2026-01-17 18:33:59,C001627,A0001627,M00608,T00027,South,South,210.47,USD,mobile_wallet,3ds,approved,APPROVE
X000130670,2026-01-17 18:34:18,C001075,A0001075,M00573,T00212,Northeast,Northeast,45.96,USD,card_present,wallet_biometric,approved,APPROVE
X000120228,2026-01-17 18:34:22,C000998,A0000998,M00289,T00362,South,South,18.81,USD,card_present,3ds,approved,APPROVE
X000124382,2026-01-17 18:34:38,C001029,A0001029,M00552,T00602,Northeast,Northeast,29.49,USD,card_present,wallet_biometric,approved,APPROVE
X000166556,2026-01-17 18:34:45,C001375,A0001375,M00459,T00204,Northeast,Northeast,26.61,USD,ecommerce,chip_pin,approved,APPROVE
X000096630,2026-01-17 18:35:16,C000809,A0000809,M00779,T00146,South,South,41.61,USD,card_present,3ds,approved,APPROVE
X000171708,2026-01-17 18:35:30,C001416,A0001416,M00652,T00833,West,West,66.91,USD,ecommerce,magstripe,approved,APPROVE
X000105348,2026-01-17 18:35:42,C000886,A0000886,M00603,T01192,Midwest,Midwest,28.6,USD,ecommerce,chip_pin,approved,APPROVE
X000054660,2026-01-17 18:36:08,C000462,A0000462,M00443,T00564,South,South,71.89,USD,mobile_wallet,chip_pin,approved,APPROVE
X000189467,2026-01-17 18:36:38,C001557,A0001557,M00253,T01072,South,South,118.76,USD,card_present,3ds,approved,APPROVE
X000172842,2026-01-17 18:37:10,C001426,A0001426,M00790,T00840,Northeast,Northeast,48.83,USD,ecommerce,chip_pin,approved,APPROVE
X000186588,2026-01-17 18:37:18,C001534,A0001534,M00386,T00008,Northeast,Northeast,717.56,USD,card_present,wallet_biometric,approved,APPROVE
X000222768,2026-01-17 18:37:32,C001815,A0001815,M00661,T00337,Northeast,Northeast,131.29,USD,card_present,wallet_biometric,approved,APPROVE
X000217031,2026-01-17 18:37:36,C001773,A0001773,M00183,T01168,South,South,282.14,USD,ecommerce,chip_pin,approved,APPROVE
X000009812,2026-01-17 18:38:00,C000089,A0000089,M00621,T01090,West,West,138.55,USD,card_present,chip_pin,approved,APPROVE
X000078835,2026-01-17 18:38:19,C000664,A0000664,M00320,T00150,West,West,44.25,USD,card_present,chip_pin,approved,APPROVE
X000033704,2026-01-17 18:38:29,C000287,A0000287,M00275,T00496,Northeast,Northeast,45.06,USD,ecommerce,chip_pin,approved,APPROVE
X000183088,2026-01-17 18:38:35,C001506,A0001506,M00721,T00476,West,West,207.55,USD,card_present,wallet_biometric,approved,APPROVE
X000056617,2026-01-17 18:38:43,C000479,A0000479,M00746,T00565,West,West,186.34,USD,card_present,3ds,soft_decline,CHALLENGE
X000022768,2026-01-17 18:39:40,C000196,A0000196,M00352,T01169,Midwest,Midwest,675.83,USD,ecommerce,chip_pin,approved,APPROVE
X000005922,2026-01-17 18:39:51,C000055,A0000055,M00090,T00822,South,South,34.51,USD,ecommerce,chip_pin,approved,APPROVE
X000131981,2026-01-17 18:39:55,C001087,A0001087,M00797,T00303,South,South,43.72,USD,card_present,wallet_biometric,approved,APPROVE
X000086508,2026-01-17 18:39:58,C000726,A0000726,M00613,T00331,South,South,54.99,USD,card_present,chip_pin,approved,APPROVE
X000198595,2026-01-17 18:40:09,C001627,A0001627,M00087,T00078,South,South,204.47,USD,card_present,chip_pin,approved,APPROVE
X000039277,2026-01-17 18:40:40,C000334,A0000334,M00347,T01022,Midwest,Midwest,21.9,USD,ecommerce,wallet_biometric,approved,APPROVE
X000225976,2026-01-17 18:40:48,C001841,A0001841,M00763,T00601,South,South,24.51,USD,card_present,chip_pin,approved,APPROVE
X000054984,2026-01-17 18:41:41,C000465,A0000465,M00675,T01030,Midwest,Midwest,33.29,USD,card_present,3ds,approved,APPROVE
X000004911,2026-01-17 18:41:54,C000045,A0000045,M00663,T00862,West,West,15.91,USD,card_present,chip_pin,approved,APPROVE
X000084217,2026-01-17 18:42:27,C000705,A0000705,M00343,T00426,West,West,56.03,USD,ecommerce,wallet_biometric,soft_decline,CHALLENGE
X000223150,2026-01-17 18:42:47,C001819,A0001819,M00600,T00407,South,South,382.76,USD,ecommerce,wallet_biometric,approved,APPROVE
X000192048,2026-01-17 18:42:56,C001576,A0001576,M00111,T01015,Midwest,Midwest,56.04,USD,ecommerce,wallet_biometric,approved,APPROVE
X000122627,2026-01-17 18:44:02,C001017,A0001017,M00031,T00031,Midwest,South,70.51,USD,ecommerce,chip_pin,approved,APPROVE
X000069274,2026-01-17 18:45:19,C000589,A0000589,M00507,T00488,South,South,213.53,USD,card_present,chip_pin,approved,APPROVE
X000083960,2026-01-17 18:45:22,C000702,A0000702,M00709,T00393,Northeast,Northeast,11.37,USD,card_present,chip_pin,approved,APPROVE
X000079204,2026-01-17 18:46:36,C000667,A0000667,M00271,T00851,Northeast,Northeast,52.72,USD,ecommerce,chip_pin,approved,APPROVE
X000221850,2026-01-17 18:46:46,C001807,A0001807,M00109,T00548,Northeast,Northeast,85.52,USD,card_present,magstripe,approved,APPROVE
X000165280,2026-01-17 18:46:57,C001364,A0001364,M00661,T00141,Northeast,Northeast,22.16,USD,card_present,3ds,approved,APPROVE
X000218806,2026-01-17 18:47:29,C001788,A0001788,M00352,T00215,Midwest,Midwest,87.26,USD,ecommerce,3ds,approved,APPROVE
X000141225,2026-01-17 18:47:36,C001163,A0001163,M00406,T00057,South,South,34.08,USD,card_present,wallet_biometric,approved,APPROVE
X000224163,2026-01-17 18:48:37,C001830,A0001830,M00129,T00930,West,West,36.19,USD,mobile_wallet,chip_pin,approved,APPROVE
X000078956,2026-01-17 18:48:51,C000665,A0000665,M00168,T00944,Northeast,Northeast,46.17,USD,card_present,chip_pin,approved,APPROVE
X000038242,2026-01-17 18:49:09,C000327,A0000327,M00301,T01109,South,South,106.37,USD,ecommerce,chip_pin,approved,APPROVE
X000059902,2026-01-17 18:49:21,C000510,A0000510,M00184,T00058,South,South,202.03,USD,mobile_wallet,3ds,approved,APPROVE
X000183534,2026-01-17 18:49:21,C001510,A0001510,M00077,T00783,South,South,130.53,USD,mobile_wallet,chip_pin,approved,APPROVE
X000065262,2026-01-17 18:49:22,C000553,A0000553,M00552,T00463,Northeast,Northeast,54.93,USD,ecommerce,wallet_biometric,approved,APPROVE
X000168654,2026-01-17 18:49:24,C001395,A0001395,M00681,T00001,West,West,39.34,USD,ecommerce,3ds,approved,APPROVE
X000089860,2026-01-17 18:50:37,C000751,A0000751,M00015,T00330,South,South,163.62,USD,card_present,chip_pin,approved,APPROVE
X000240997,2026-01-17 18:50:50,C001967,A0001967,M00763,T00601,South,South,123.95,USD,ecommerce,chip_pin,approved,APPROVE
X000083460,2026-01-17 18:51:11,C000697,A0000697,M00424,T01128,West,Midwest,17.75,USD,card_present,wallet_biometric,approved,APPROVE
X000046257,2026-01-17 18:51:44,C000388,A0000388,M00518,T00379,South,South,117.06,USD,ecommerce,wallet_biometric,approved,APPROVE
X000126061,2026-01-17 18:51:57,C001039,A0001039,M00109,T00641,Northeast,Northeast,269.35,USD,ecommerce,magstripe,approved,APPROVE
X000177262,2026-01-17 18:52:04,C001460,A0001460,M00148,T00250,Midwest,Midwest,148.19,USD,card_present,3ds,approved,APPROVE
X000242152,2026-01-17 18:52:22,C001977,A0001977,M00689,T01179,Northeast,Northeast,49.57,USD,card_present,3ds,approved,APPROVE
X000149579,2026-01-17 18:52:35,C001231,A0001231,M00292,T00447,South,South,97.19,USD,ecommerce,chip_pin,approved,APPROVE
X000048660,2026-01-17 18:53:11,C000408,A0000408,M00387,T00289,Northeast,Northeast,70.39,USD,card_present,chip_pin,approved,APPROVE
X000007487,2026-01-17 18:53:16,C000069,A0000069,M00380,T00989,Midwest,Midwest,49.84,USD,mobile_wallet,wallet_biometric,approved,APPROVE
X000196177,2026-01-17 18:53:46,C001612,A0001612,M00798,T01060,Northeast,Northeast,90.78,USD,ecommerce,chip_pin,approved,APPROVE
X000165583,2026-01-17 18:54:00,C001367,A0001367,M00090,T00822,South,South,61.33,USD,ecommerce,chip_pin,approved,APPROVE
X000038955,2026-01-17 18:54:53,C000332,A0000332,M00460,T00677,Midwest,Midwest,20.44,USD,card_present,chip_pin,approved,APPROVE
X000164949,2026-01-17 18:55:02,C001361,A0001361,M00798,T00402,Northeast,Northeast,48.1,USD,ecommerce,chip_pin,approved,APPROVE
X000156854,2026-01-17 18:56:50,C001290,A0001290,M00003,T00787,South,South,77.39,USD,ecommerce,3ds,approved,APPROVE
X000050460,2026-01-17 18:57:36,C000423,A0000423,M00249,T00554,South,South,42.62,USD,card_present,chip_pin,approved,APPROVE
X000137604,2026-01-17 18:57:52,C001131,A0001131,M00573,T00460,Northeast,Northeast,81.35,USD,ecommerce,3ds,approved,APPROVE
X000021402,2026-01-17 18:57:54,C000186,A0000186,M00693,T00687,West,South,126.21,USD,card_present,chip_pin,approved,APPROVE
X000203476,2026-01-17 18:58:16,C001665,A0001665,M00086,T00198,South,Midwest,177.62,USD,card_present,3ds,approved,APPROVE
X000054985,2026-01-17 18:58:22,C000465,A0000465,M00675,T01030,Midwest,Midwest,77.75,USD,card_present,3ds,approved,APPROVE
X000025768,2026-01-17 18:58:29,C000220,A0000220,M00285,T01108,Midwest,Midwest,583.96,USD,ecommerce,3ds,approved,APPROVE
X000183851,2026-01-17 18:58:50,C001514,A0001514,M00790,T00112,Northeast,Northeast,39.24,USD,ecommerce,chip_pin,approved,APPROVE
X000131466,2026-01-17 18:59:43,C001082,A0001082,M00191,T00441,Midwest,Midwest,33.5,USD,ecommerce,chip_pin,approved,APPROVE
X000194019,2026-01-17 19:00:14,C001595,A0001595,M00264,T01070,Midwest,Midwest,149.66,USD,ecommerce,3ds,approved,APPROVE
X000157618,2026-01-17 19:00:28,C001296,A0001296,M00615,T00704,Midwest,Midwest,60.49,USD,card_present,chip_pin,approved,APPROVE
X000089081,2026-01-17 19:00:44,C000746,A0000746,M00347,T00680,South,Midwest,123.36,USD,card_present,chip_pin,approved,APPROVE
X000196970,2026-01-17 19:00:50,C001618,A0001618,M00351,T00802,West,West,90.21,USD,card_present,chip_pin,approved,APPROVE
X000085927,2026-01-17 19:00:56,C000720,A0000720,M00077,T00783,South,South,14.48,USD,mobile_wallet,chip_pin,approved,APPROVE
X000063658,2026-01-17 19:00:59,C000541,A0000541,M00117,T00472,South,South,88.99,USD,card_present,wallet_biometric,approved,APPROVE
X000212362,2026-01-17 19:01:31,C001733,A0001733,M00564,T01141,Northeast,Northeast,81.51,USD,ecommerce,chip_pin,approved,APPROVE
X000173433,2026-01-17 19:01:49,C001430,A0001430,M00433,T00752,Midwest,Midwest,159.82,USD,card_present,3ds,approved,APPROVE
X000035595,2026-01-17 19:02:42,C000302,A0000302,M00595,T00231,West,West,43.55,USD,ecommerce,chip_pin,approved,APPROVE
X000117604,2026-01-17 19:02:54,C000975,A0000975,M00211,T01050,Midwest,Midwest,98.3,USD,card_present,3ds,approved,APPROVE
X000202627,2026-01-17 19:03:30,C001658,A0001658,M00277,T00518,Midwest,Midwest,44.78,USD,card_present,chip_pin,approved,APPROVE
X000192281,2026-01-17 19:03:32,C001578,A0001578,M00341,T00572,Midwest,Midwest,52.54,USD,card_present,chip_pin,approved,APPROVE
X000071235,2026-01-17 19:03:47,C000605,A0000605,M00480,T00012,West,West,161.39,USD,ecommerce,wallet_biometric,approved,APPROVE
X000006778,2026-01-17 19:03:49,C000061,A0000061,M00452,T00329,Northeast,Northeast,16.43,USD,ecommerce,3ds,approved,APPROVE
X000074303,2026-01-17 19:05:05,C000628,A0000628,M00494,T01193,West,West,116.59,USD,ecommerce,3ds,approved,APPROVE
X000186874,2026-01-17 19:06:20,C001537,A0001537,M00545,T00484,West,South,50.48,USD,ecommerce,chip_pin,approved,APPROVE
X000106617,2026-01-17 19:06:52,C000894,A0000894,M00423,T00106,South,South,244.15,USD,card_present,wallet_biometric,approved,APPROVE
X000134747,2026-01-17 19:06:54,C001106,A0001106,M00122,T00125,South,South,89.61,USD,mobile_wallet,chip_pin,approved,APPROVE
X000027151,2026-01-17 19:08:15,C000234,A0000234,M00442,T00713,West,West,65.26,USD,card_present,3ds,approved,APPROVE
X000047574,2026-01-17 19:08:15,C000401,A0000401,M00098,T01066,West,West,27.52,USD,card_present,magstripe,approved,APPROVE
X000189002,2026-01-17 19:08:34,C001553,A0001553,M00123,T00579,Midwest,Midwest,96.91,USD,card_present,chip_pin,approved,APPROVE
X000203214,2026-01-17 19:08:38,C001664,A0001664,M00507,T01055,South,South,109.17,USD,ecommerce,chip_pin,approved,APPROVE
X000036289,2026-01-17 19:09:47,C000310,A0000310,M00229,T00063,Northeast,Northeast,44.63,USD,ecommerce,wallet_biometric,approved,APPROVE
X000206672,2026-01-17 19:09:53,C001687,A0001687,M00661,T00801,Northeast,Northeast,69.14,USD,mobile_wallet,magstripe,approved,APPROVE
X000187774,2026-01-17 19:10:25,C001543,A0001543,M00285,T01108,Midwest,Midwest,100.52,USD,card_present,chip_pin,approved,APPROVE
X000120034,2026-01-17 19:10:27,C000997,A0000997,M00501,T01003,Northeast,Northeast,47.9,USD,ecommerce,3ds,approved,APPROVE
X000101141,2026-01-17 19:10:34,C000851,A0000851,M00754,T01077,West,West,226.01,USD,ecommerce,3ds,approved,APPROVE
X000078836,2026-01-17 19:12:01,C000664,A0000664,M00131,T00897,West,West,36.86,USD,card_present,3ds,approved,APPROVE
X000120980,2026-01-17 19:12:35,C001005,A0001005,M00478,T00667,Midwest,Midwest,31.42,USD,card_present,chip_pin,approved,APPROVE
X000102847,2026-01-17 19:12:47,C000864,A0000864,M00001,T00955,South,South,41.37,USD,card_present,3ds,approved,APPROVE
X000208025,2026-01-17 19:12:51,C001698,A0001698,M00077,T00723,South,South,90.82,USD,card_present,chip_pin,approved,APPROVE
X000011438,2026-01-17 19:13:42,C000102,A0000102,M00255,T01045,West,West,444.55,USD,ecommerce,wallet_biometric,approved,APPROVE
X000198260,2026-01-17 19:13:43,C001626,A0001626,M00137,T00381,Midwest,Midwest,166.19,USD,ecommerce,chip_pin,approved,APPROVE
X000077544,2026-01-17 19:13:50,C000653,A0000653,M00647,T00957,West,West,147.1,USD,card_present,chip_pin,approved,APPROVE
X000204978,2026-01-17 19:14:21,C001674,A0001674,M00022,T00194,South,South,45.24,USD,card_present,chip_pin,approved,APPROVE
X000108233,2026-01-17 19:15:05,C000906,A0000906,M00689,T01179,Northeast,Northeast,50.25,USD,card_present,magstripe,approved,APPROVE
X000089217,2026-01-17 19:16:15,C000747,A0000747,M00422,T00691,Midwest,Midwest,29.15,USD,ecommerce,3ds,approved,APPROVE
X000206043,2026-01-17 19:16:21,C001681,A0001681,M00588,T00221,West,West,43.63,USD,card_present,magstripe,soft_decline,CHALLENGE
X000042906,2026-01-17 19:17:06,C000363,A0000363,M00798,T01060,Northeast,Northeast,91.62,USD,ecommerce,chip_pin,approved,APPROVE
X000007327,2026-01-17 19:17:29,C000068,A0000068,M00464,T00875,Midwest,West,93.78,USD,ecommerce,chip_pin,approved,APPROVE
X000048228,2026-01-17 19:17:44,C000405,A0000405,M00516,T00435,Northeast,Northeast,84.0,USD,card_present,3ds,approved,APPROVE
X000018780,2026-01-17 19:18:36,C000161,A0000161,M00183,T01168,South,South,56.88,USD,card_present,3ds,approved,APPROVE
X000098071,2026-01-17 19:20:09,C000821,A0000821,M00217,T00815,South,South,52.15,USD,card_present,chip_pin,approved,APPROVE
X000097517,2026-01-17 19:20:17,C000817,A0000817,M00326,T00127,Northeast,Northeast,39.03,USD,card_present,chip_pin,approved,APPROVE
X000096194,2026-01-17 19:20:37,C000804,A0000804,M00094,T00206,South,South,10.28,USD,card_present,chip_pin,approved,APPROVE
X000135793,2026-01-17 19:21:10,C001116,A0001116,M00535,T00761,South,West,25.51,USD,card_present,chip_pin,approved,APPROVE
X000106055,2026-01-17 19:21:23,C000891,A0000891,M00099,T00891,South,South,79.31,USD,ecommerce,3ds,approved,APPROVE
X000091092,2026-01-17 19:21:29,C000764,A0000764,M00012,T01105,West,West,85.8,USD,card_present,3ds,approved,APPROVE
X000065841,2026-01-17 19:21:46,C000558,A0000558,M00123,T00812,Midwest,Midwest,99.6,USD,ecommerce,chip_pin,approved,APPROVE
X000148108,2026-01-17 19:22:08,C001223,A0001223,M00184,T00927,South,South,81.82,USD,card_present,chip_pin,approved,APPROVE
X000199072,2026-01-17 19:22:23,C001631,A0001631,M00696,T00853,South,Midwest,29.73,USD,card_present,chip_pin,approved,APPROVE
X000220428,2026-01-17 19:22:38,C001799,A0001799,M00094,T00206,South,South,31.06,USD,mobile_wallet,3ds,approved,APPROVE
X000205376,2026-01-17 19:23:01,C001678,A0001678,M00039,T01145,Midwest,Midwest,95.07,USD,mobile_wallet,chip_pin,approved,APPROVE
X000062025,2026-01-17 19:23:08,C000528,A0000528,M00703,T00135,Midwest,Midwest,187.64,USD,mobile_wallet,3ds,approved,APPROVE
X000087304,2026-01-17 19:23:08,C000733,A0000733,M00513,T00308,Midwest,Midwest,716.48,USD,ecommerce,magstripe,approved,APPROVE
X000094663,2026-01-17 19:23:37,C000791,A0000791,M00205,T00049,South,South,106.81,USD,ecommerce,chip_pin,soft_decline,CHALLENGE
X000157422,2026-01-17 19:23:49,C001295,A0001295,M00084,T00910,Midwest,Midwest,88.16,USD,card_present,magstripe,approved,APPROVE
X000204279,2026-01-17 19:23:57,C001668,A0001668,M00772,T00124,Midwest,Midwest,188.51,USD,mobile_wallet,chip_pin,approved,APPROVE
X000116995,2026-01-17 19:24:23,C000971,A0000971,M00143,T00157,South,South,71.29,USD,card_present,chip_pin,approved,APPROVE
X000239018,2026-01-17 19:24:34,C001950,A0001950,M00285,T01108,Midwest,Midwest,43.42,USD,ecommerce,wallet_biometric,approved,APPROVE
X000121099,2026-01-17 19:24:47,C001006,A0001006,M00677,T00293,Northeast,Northeast,167.84,USD,card_present,3ds,approved,APPROVE
X000221257,2026-01-17 19:24:58,C001804,A0001804,M00645,T00155,South,South,323.99,USD,card_present,wallet_biometric,approved,APPROVE
X000109385,2026-01-17 19:26:08,C000915,A0000915,M00354,T00770,Northeast,Northeast,117.21,USD,card_present,wallet_biometric,approved,APPROVE
X000174072,2026-01-17 19:26:12,C001435,A0001435,M00398,T00960,South,South,88.1,USD,card_present,wallet_biometric,approved,APPROVE
X000112023,2026-01-17 19:26:26,C000935,A0000935,M00285,T00370,Midwest,Midwest,34.72,USD,card_present,magstripe,approved,APPROVE
X000218166,2026-01-17 19:26:38,C001782,A0001782,M00166,T00474,Northeast,Northeast,40.86,USD,card_present,chip_pin,approved,APPROVE
X000074466,2026-01-17 19:27:02,C000629,A0000629,M00391,T01061,Northeast,Northeast,132.35,USD,card_present,chip_pin,approved,APPROVE
X000200547,2026-01-17 19:28:02,C001643,A0001643,M00282,T01131,South,South,31.89,USD,ecommerce,chip_pin,approved,APPROVE
X000074467,2026-01-17 19:28:12,C000629,A0000629,M00604,T01134,Northeast,Northeast,96.29,USD,ecommerce,magstripe,approved,APPROVE
X000089218,2026-01-17 19:28:14,C000747,A0000747,M00198,T00247,Midwest,Midwest,54.93,USD,card_present,wallet_biometric,approved,APPROVE
X000010277,2026-01-17 19:28:27,C000093,A0000093,M00731,T00394,Northeast,Northeast,42.47,USD,card_present,chip_pin,approved,APPROVE
X000101142,2026-01-17 19:28:35,C000851,A0000851,M00754,T01077,West,West,632.12,USD,card_present,wallet_biometric,approved,APPROVE
X000208227,2026-01-17 19:29:07,C001700,A0001700,M00611,T00035,West,West,14.74,USD,card_present,wallet_biometric,approved,APPROVE
X000175665,2026-01-17 19:29:34,C001447,A0001447,M00382,T01062,Midwest,Midwest,25.35,USD,card_present,wallet_biometric,soft_decline,CHALLENGE
X000199544,2026-01-17 19:30:02,C001636,A0001636,M00321,T01046,Midwest,Midwest,30.09,USD,ecommerce,chip_pin,approved,APPROVE
X000240423,2026-01-17 19:30:31,C001961,A0001961,M00302,T00011,South,Northeast,60.91,USD,ecommerce,wallet_biometric,approved,APPROVE
X000175534,2026-01-17 19:30:35,C001446,A0001446,M00427,T01200,South,South,74.58,USD,ecommerce,chip_pin,approved,APPROVE
X000171300,2026-01-17 19:31:10,C001412,A0001412,M00699,T00493,Midwest,Midwest,130.19,USD,ecommerce,chip_pin,approved,APPROVE
X000051193,2026-01-17 19:31:14,C000431,A0000431,M00171,T00061,Northeast,Northeast,24.86,USD,ecommerce,3ds,approved,APPROVE
X000164639,2026-01-17 19:32:13,C001357,A0001357,M00193,T00346,West,West,76.85,USD,card_present,chip_pin,approved,APPROVE
X000019941,2026-01-17 19:32:17,C000173,A0000173,M00359,T00984,Midwest,Midwest,179.53,USD,mobile_wallet,chip_pin,approved,APPROVE
X000070463,2026-01-17 19:32:55,C000598,A0000598,M00613,T00331,South,South,12.06,USD,ecommerce,magstripe,approved,APPROVE
X000098881,2026-01-17 19:34:29,C000829,A0000829,M00367,T00335,South,South,34.83,USD,ecommerce,wallet_biometric,approved,APPROVE
X000007811,2026-01-17 19:34:32,C000072,A0000072,M00437,T00942,West,West,100.99,USD,card_present,magstripe,approved,APPROVE
X000150054,2026-01-17 19:34:45,C001236,A0001236,M00232,T00156,West,West,132.75,USD,mobile_wallet,chip_pin,approved,APPROVE
X000093758,2026-01-17 19:35:16,C000786,A0000786,M00615,T00560,Midwest,Midwest,106.19,USD,card_present,chip_pin,approved,APPROVE
X000239918,2026-01-17 19:35:19,C001956,A0001956,M00068,T01154,South,Northeast,23.24,USD,card_present,chip_pin,approved,APPROVE
X000011439,2026-01-17 19:35:43,C000102,A0000102,M00560,T00636,West,West,191.78,USD,ecommerce,chip_pin,approved,APPROVE
X000085409,2026-01-17 19:37:41,C000714,A0000714,M00377,T00663,Midwest,Midwest,36.3,USD,ecommerce,chip_pin,approved,APPROVE
X000173055,2026-01-17 19:38:01,C001428,A0001428,M00046,T00132,Northeast,Northeast,227.01,USD,ecommerce,wallet_biometric,approved,APPROVE
X000125628,2026-01-17 19:38:32,C001035,A0001035,M00697,T00612,West,West,89.56,USD,ecommerce,chip_pin,approved,APPROVE
X000057204,2026-01-17 19:39:04,C000484,A0000484,M00049,T00970,West,West,88.14,USD,mobile_wallet,chip_pin,approved,APPROVE
X000081940,2026-01-17 19:39:15,C000686,A0000686,M00745,T00344,Northeast,Northeast,17.3,USD,ecommerce,wallet_biometric,approved,APPROVE
X000205377,2026-01-17 19:39:31,C001678,A0001678,M00108,T00481,Midwest,Midwest,114.6,USD,ecommerce,chip_pin,approved,APPROVE
X000148235,2026-01-17 19:40:10,C001224,A0001224,M00276,T00213,Northeast,Northeast,140.19,USD,card_present,chip_pin,approved,APPROVE
X000174634,2026-01-17 19:41:01,C001439,A0001439,M00298,T00941,Northeast,Northeast,223.35,USD,ecommerce,chip_pin,approved,APPROVE
X000214485,2026-01-17 19:41:41,C001752,A0001752,M00484,T00728,South,South,159.71,USD,ecommerce,magstripe,approved,APPROVE
X000007328,2026-01-17 19:42:02,C000068,A0000068,M00123,T00812,Midwest,Midwest,153.81,USD,card_present,chip_pin,approved,APPROVE
X000063659,2026-01-17 19:42:05,C000541,A0000541,M00184,T00927,South,South,156.28,USD,ecommerce,chip_pin,approved,APPROVE
X000044319,2026-01-17 19:42:39,C000376,A0000376,M00265,T01076,West,West,409.26,USD,card_present,chip_pin,approved,APPROVE
X000039930,2026-01-17 19:42:40,C000339,A0000339,M00052,T00843,West,South,132.66,USD,ecommerce,wallet_biometric,approved,APPROVE
X000010278,2026-01-17 19:44:18,C000093,A0000093,M00213,T01006,Northeast,Northeast,49.5,USD,card_present,chip_pin,approved,APPROVE
X000237047,2026-01-17 19:44:28,C001934,A0001934,M00667,T00182,Northeast,Northeast,313.73,USD,mobile_wallet,chip_pin,approved,APPROVE
X000125049,2026-01-17 19:44:44,C001032,A0001032,M00394,T00922,South,South,270.88,USD,card_present,wallet_biometric,approved,APPROVE
X000169249,2026-01-17 19:44:58,C001399,A0001399,M00639,T00245,Midwest,Midwest,389.66,USD,card_present,chip_pin,approved,APPROVE
X000012743,2026-01-17 19:45:18,C000111,A0000111,M00378,T00730,South,South,35.95,USD,mobile_wallet,wallet_biometric,approved,APPROVE
X000124582,2026-01-17 19:45:18,C001030,A0001030,M00338,T00847,Northeast,Northeast,216.33,USD,ecommerce,chip_pin,approved,APPROVE
X000160363,2026-01-17 19:45:21,C001324,A0001324,M00768,T00457,South,South,70.27,USD,mobile_wallet,3ds,approved,APPROVE
X000201202,2026-01-17 19:45:24,C001648,A0001648,M00717,T00614,South,South,99.82,USD,card_present,wallet_biometric,approved,APPROVE
X000218570,2026-01-17 19:45:53,C001786,A0001786,M00048,T00107,Northeast,Northeast,24.0,USD,ecommerce,3ds,approved,APPROVE
X000031544,2026-01-17 19:46:27,C000267,A0000267,M00342,T00483,Midwest,Midwest,235.82,USD,mobile_wallet,wallet_biometric,approved,APPROVE
X000217579,2026-01-17 19:46:44,C001777,A0001777,M00198,T00247,Midwest,Midwest,354.25,USD,card_present,chip_pin,approved,APPROVE
X000084116,2026-01-17 19:46:54,C000704,A0000704,M00410,T00952,South,South,65.32,USD,ecommerce,chip_pin,approved,APPROVE
X000181558,2026-01-17 19:47:48,C001493,A0001493,M00600,T00588,South,South,39.34,USD,ecommerce,wallet_biometric,approved,APPROVE
X000019942,2026-01-17 19:47:54,C000173,A0000173,M00359,T00984,Midwest,Midwest,253.13,USD,card_present,chip_pin,approved,APPROVE
X000023450,2026-01-17 19:47:56,C000200,A0000200,M00610,T00260,Midwest,Midwest,69.53,USD,card_present,wallet_biometric,approved,APPROVE
X000034405,2026-01-17 19:48:00,C000292,A0000292,M00203,T00558,Northeast,Northeast,33.03,USD,ecommerce,3ds,approved,APPROVE
X000135549,2026-01-17 19:48:24,C001113,A0001113,M00624,T00793,West,West,49.21,USD,card_present,chip_pin,approved,APPROVE
X000064393,2026-01-17 19:48:26,C000547,A0000547,M00663,T00862,West,West,67.35,USD,card_present,3ds,approved,APPROVE
X000211177,2026-01-17 19:48:40,C001722,A0001722,M00216,T00671,West,West,102.84,USD,card_present,chip_pin,approved,APPROVE
X000091966,2026-01-17 19:49:02,C000770,A0000770,M00400,T00160,West,West,84.31,USD,ecommerce,chip_pin,approved,APPROVE
X000149017,2026-01-17 19:49:40,C001227,A0001227,M00615,T01067,West,Midwest,92.83,USD,ecommerce,wallet_biometric,approved,APPROVE
X000108024,2026-01-17 19:49:49,C000904,A0000904,M00382,T00499,Midwest,Midwest,947.74,USD,mobile_wallet,wallet_biometric,approved,APPROVE
X000136261,2026-01-17 19:50:16,C001121,A0001121,M00376,T00702,South,South,182.04,USD,card_present,chip_pin,soft_decline,CHALLENGE
X000225777,2026-01-17 19:51:03,C001840,A0001840,M00005,T01091,South,South,157.71,USD,card_present,wallet_biometric,approved,APPROVE
X000083858,2026-01-17 19:51:13,C000701,A0000701,M00730,T01027,West,West,70.59,USD,ecommerce,wallet_biometric,approved,APPROVE
X000005846,2026-01-17 19:51:43,C000054,A0000054,M00087,T00078,South,South,35.81,USD,card_present,wallet_biometric,approved,APPROVE
X000133304,2026-01-17 19:52:00,C001099,A0001099,M00547,T00162,Northeast,Northeast,137.69,USD,card_present,chip_pin,approved,APPROVE
X000224164,2026-01-17 19:52:11,C001830,A0001830,M00098,T01066,West,West,47.43,USD,mobile_wallet,chip_pin,approved,APPROVE
X000009386,2026-01-17 19:52:20,C000086,A0000086,M00638,T01099,Northeast,Northeast,24.87,USD,ecommerce,3ds,soft_decline,CHALLENGE
X000124583,2026-01-17 19:53:14,C001030,A0001030,M00452,T00101,Northeast,Northeast,192.9,USD,card_present,magstripe,approved,APPROVE
X000015584,2026-01-17 19:53:55,C000133,A0000133,M00093,T01018,Northeast,Northeast,35.32,USD,ecommerce,chip_pin,approved,APPROVE
X000066593,2026-01-17 19:55:44,C000565,A0000565,M00696,T00129,Midwest,Midwest,18.96,USD,ecommerce,chip_pin,approved,APPROVE
X000026933,2026-01-17 19:57:11,C000232,A0000232,M00265,T00950,West,West,110.49,USD,mobile_wallet,3ds,approved,APPROVE
X000216001,2026-01-17 19:57:30,C001765,A0001765,M00779,T00146,South,South,57.71,USD,card_present,chip_pin,approved,APPROVE
X000050949,2026-01-17 19:57:57,C000428,A0000428,M00633,T00292,West,West,33.71,USD,mobile_wallet,3ds,approved,APPROVE
X000027766,2026-01-17 19:58:31,C000239,A0000239,M00061,T00492,West,West,37.72,USD,card_present,chip_pin,approved,APPROVE
X000236116,2026-01-17 19:59:51,C001926,A0001926,M00753,T00413,South,South,20.75,USD,card_present,3ds,approved,APPROVE
X000047688,2026-01-17 20:00:16,C000402,A0000402,M00329,T00094,Midwest,Midwest,26.26,USD,ecommerce,3ds,soft_decline,CHALLENGE
X000150055,2026-01-17 20:00:42,C001236,A0001236,M00663,T00502,West,West,53.75,USD,card_present,chip_pin,approved,APPROVE
X000240819,2026-01-17 20:01:55,C001965,A0001965,M00557,T00649,Midwest,Midwest,35.35,USD,card_present,wallet_biometric,approved,APPROVE
X000100415,2026-01-17 20:02:54,C000845,A0000845,M00478,T00667,Midwest,Midwest,498.58,USD,ecommerce,3ds,approved,APPROVE
X000058819,2026-01-17 20:03:16,C000499,A0000499,M00566,T00359,West,West,215.65,USD,card_present,3ds,approved,APPROVE
X000176105,2026-01-17 20:03:25,C001451,A0001451,M00403,T01126,Northeast,Northeast,52.31,USD,mobile_wallet,chip_pin,approved,APPROVE
X000019943,2026-01-17 20:04:46,C000173,A0000173,M00231,T01111,Midwest,South,96.9,USD,card_present,chip_pin,approved,APPROVE
X000096126,2026-01-17 20:04:49,C000803,A0000803,M00400,T00360,West,West,83.86,USD,ecommerce,chip_pin,approved,APPROVE
X000037332,2026-01-17 20:05:32,C000319,A0000319,M00184,T00927,South,South,110.38,USD,ecommerce,chip_pin,approved,APPROVE
X000040504,2026-01-17 20:06:04,C000344,A0000344,M00699,T00248,Midwest,Midwest,26.16,USD,mobile_wallet,chip_pin,approved,APPROVE
X000125050,2026-01-17 20:06:05,C001032,A0001032,M00316,T00389,South,South,178.54,USD,card_present,chip_pin,approved,APPROVE
X000244060,2026-01-17 20:06:09,C001990,A0001990,M00641,T00525,West,West,118.21,USD,card_present,3ds,approved,APPROVE
X000125629,2026-01-17 20:06:18,C001035,A0001035,M00336,T00988,West,West,65.54,USD,ecommerce,3ds,approved,APPROVE
X000196754,2026-01-17 20:07:08,C001616,A0001616,M00376,T00266,South,South,56.77,USD,ecommerce,magstripe,approved,APPROVE
X000150951,2026-01-17 20:07:23,C001241,A0001241,M00040,T00635,Northeast,Northeast,573.42,USD,card_present,wallet_biometric,approved,APPROVE
X000084218,2026-01-17 20:07:33,C000705,A0000705,M00216,T00994,West,West,55.95,USD,card_present,chip_pin,approved,APPROVE
X000224165,2026-01-17 20:07:40,C001830,A0001830,M00619,T00644,West,West,10.99,USD,card_present,chip_pin,approved,APPROVE
X000205209,2026-01-17 20:08:17,C001677,A0001677,M00309,T00916,Northeast,Northeast,14.83,USD,ecommerce,magstripe,approved,APPROVE
X000011093,2026-01-17 20:08:18,C000100,A0000100,M00368,T00442,West,West,31.62,USD,mobile_wallet,chip_pin,approved,APPROVE
X000215332,2026-01-17 20:09:23,C001758,A0001758,M00085,T00540,Northeast,Northeast,20.89,USD,ecommerce,chip_pin,approved,APPROVE
X000090598,2026-01-17 20:09:45,C000759,A0000759,M00145,T00673,Northeast,Northeast,42.89,USD,card_present,chip_pin,approved,APPROVE
X000224060,2026-01-17 20:09:55,C001829,A0001829,M00398,T00960,South,South,132.36,USD,card_present,3ds,approved,APPROVE
X000044642,2026-01-17 20:10:24,C000377,A0000377,M00712,T00650,South,South,153.73,USD,card_present,3ds,approved,APPROVE
X000242550,2026-01-17 20:10:42,C001980,A0001980,M00342,T00483,Midwest,Midwest,168.22,USD,card_present,chip_pin,approved,APPROVE
X000091967,2026-01-17 20:11:34,C000770,A0000770,M00190,T00615,West,West,233.88,USD,card_present,3ds,approved,APPROVE
X000211360,2026-01-17 20:11:58,C001724,A0001724,M00070,T00004,Northeast,Northeast,33.51,USD,card_present,3ds,approved,APPROVE
X000117499,2026-01-17 20:12:37,C000974,A0000974,M00040,T00656,Northeast,Northeast,22.04,USD,card_present,wallet_biometric,approved,APPROVE
X000167921,2026-01-17 20:13:11,C001388,A0001388,M00789,T00365,Midwest,Midwest,67.1,USD,card_present,3ds,approved,APPROVE
X000232462,2026-01-17 20:13:20,C001896,A0001896,M00227,T00504,Midwest,Midwest,136.49,USD,card_present,magstripe,approved,APPROVE
X000075785,2026-01-17 20:13:43,C000637,A0000637,M00282,T01131,South,South,86.1,USD,ecommerce,3ds,approved,APPROVE
X000233774,2026-01-17 20:13:50,C001906,A0001906,M00715,T01057,Midwest,Midwest,42.86,USD,ecommerce,wallet_biometric,approved,APPROVE
X000093951,2026-01-17 20:13:55,C000787,A0000787,M00015,T00330,South,South,33.56,USD,card_present,chip_pin,approved,APPROVE
X000093596,2026-01-17 20:14:06,C000784,A0000784,M00604,T00623,Northeast,Northeast,72.5,USD,card_present,3ds,approved,APPROVE
X000117305,2026-01-17 20:14:39,C000973,A0000973,M00171,T00643,Northeast,Northeast,309.94,USD,ecommerce,magstripe,approved,APPROVE
X000004728,2026-01-17 20:15:05,C000043,A0000043,M00682,T00517,Northeast,Northeast,92.89,USD,card_present,3ds,approved,APPROVE
X000098757,2026-01-17 20:15:29,C000828,A0000828,M00401,T01080,South,South,55.22,USD,card_present,3ds,approved,APPROVE
X000234255,2026-01-17 20:15:47,C001910,A0001910,M00549,T00456,South,South,44.08,USD,card_present,wallet_biometric,approved,APPROVE
X000013584,2026-01-17 20:15:49,C000116,A0000116,M00085,T00540,Northeast,Northeast,289.25,USD,card_present,3ds,approved,APPROVE
X000024532,2026-01-17 20:15:50,C000207,A0000207,M00645,T00155,South,South,238.33,USD,ecommerce,chip_pin,approved,APPROVE
X000208321,2026-01-17 20:16:15,C001701,A0001701,M00791,T00304,South,South,62.01,USD,ecommerce,chip_pin,approved,APPROVE
X000179345,2026-01-17 20:17:22,C001476,A0001476,M00450,T00640,Northeast,Northeast,308.26,USD,ecommerce,chip_pin,approved,APPROVE
X000103119,2026-01-17 20:17:51,C000867,A0000867,M00376,T00309,South,South,32.56,USD,ecommerce,chip_pin,approved,APPROVE
X000018951,2026-01-17 20:19:47,C000163,A0000163,M00255,T01045,Midwest,West,38.19,USD,card_present,3ds,approved,APPROVE
X000114683,2026-01-17 20:20:08,C000954,A0000954,M00285,T01108,Midwest,Midwest,30.87,USD,ecommerce,wallet_biometric,approved,APPROVE
X000074081,2026-01-17 20:20:53,C000626,A0000626,M00244,T00336,South,South,27.09,USD,ecommerce,chip_pin,approved,APPROVE
X000207817,2026-01-17 20:21:17,C001696,A0001696,M00623,T00969,Midwest,Midwest,35.87,USD,ecommerce,chip_pin,approved,APPROVE
X000051354,2026-01-17 20:21:33,C000433,A0000433,M00592,T00596,South,South,160.21,USD,ecommerce,wallet_biometric,approved,APPROVE
X000077545,2026-01-17 20:21:55,C000653,A0000653,M00012,T01105,West,West,179.95,USD,card_present,wallet_biometric,approved,APPROVE
X000220263,2026-01-17 20:22:31,C001798,A0001798,M00105,T00482,West,West,76.24,USD,ecommerce,chip_pin,soft_decline,CHALLENGE
X000187775,2026-01-17 20:23:27,C001543,A0001543,M00782,T00464,Midwest,Midwest,117.76,USD,card_present,wallet_biometric,approved,APPROVE
X000096354,2026-01-17 20:23:46,C000806,A0000806,M00184,T00927,South,South,177.34,USD,ecommerce,chip_pin,approved,APPROVE
X000104152,2026-01-17 20:24:14,C000877,A0000877,M00064,T00627,Midwest,Midwest,86.23,USD,mobile_wallet,chip_pin,approved,APPROVE
X000238222,2026-01-17 20:24:16,C001944,A0001944,M00427,T01200,South,South,158.36,USD,mobile_wallet,magstripe,approved,APPROVE
X000097225,2026-01-17 20:24:43,C000814,A0000814,M00683,T00603,Midwest,Midwest,70.55,USD,ecommerce,wallet_biometric,approved,APPROVE
X000228147,2026-01-17 20:24:43,C001858,A0001858,M00524,T00477,West,West,64.25,USD,card_present,wallet_biometric,approved,APPROVE
X000199672,2026-01-17 20:25:32,C001637,A0001637,M00247,T01144,South,South,233.64,USD,card_present,wallet_biometric,approved,APPROVE
X000029555,2026-01-17 20:25:48,C000254,A0000254,M00452,T00329,Northeast,Northeast,369.25,USD,ecommerce,chip_pin,approved,APPROVE
X000101532,2026-01-17 20:26:15,C000854,A0000854,M00070,T00169,Northeast,Northeast,78.35,USD,ecommerce,chip_pin,approved,APPROVE
X000199453,2026-01-17 20:26:18,C001635,A0001635,M00316,T00389,South,South,55.22,USD,ecommerce,chip_pin,approved,APPROVE
X000195058,2026-01-17 20:26:22,C001603,A0001603,M00055,T01054,West,South,98.09,USD,card_present,chip_pin,approved,APPROVE
X000060226,2026-01-17 20:26:37,C000513,A0000513,M00608,T00027,South,South,182.07,USD,ecommerce,chip_pin,approved,APPROVE
X000116425,2026-01-17 20:27:14,C000966,A0000966,M00262,T01103,South,South,120.69,USD,mobile_wallet,chip_pin,approved,APPROVE
X000042405,2026-01-17 20:27:51,C000359,A0000359,M00048,T01172,Northeast,Northeast,33.13,USD,ecommerce,wallet_biometric,approved,APPROVE
X000205649,2026-01-17 20:28:19,C001679,A0001679,M00574,T00190,Midwest,Midwest,240.02,USD,ecommerce,3ds,approved,APPROVE
X000018582,2026-01-17 20:28:21,C000159,A0000159,M00070,T00658,Northeast,Northeast,80.38,USD,card_present,magstripe,approved,APPROVE
X000164545,2026-01-17 20:28:36,C001356,A0001356,M00165,T00676,Midwest,West,61.52,USD,mobile_wallet,wallet_biometric,approved,APPROVE
X000194661,2026-01-17 20:28:39,C001601,A0001601,M00406,T00057,South,South,158.08,USD,card_present,chip_pin,approved,APPROVE
X000139503,2026-01-17 20:28:51,C001150,A0001150,M00387,T00289,South,Northeast,135.55,USD,card_present,wallet_biometric,approved,APPROVE
X000195059,2026-01-17 20:29:05,C001603,A0001603,M00057,T00959,West,West,17.13,USD,card_present,wallet_biometric,approved,APPROVE
X000020919,2026-01-17 20:29:36,C000183,A0000183,M00296,T00252,South,South,19.3,USD,card_present,chip_pin,approved,APPROVE
X000076270,2026-01-17 20:29:57,C000641,A0000641,M00365,T00733,South,South,188.08,USD,card_present,wallet_biometric,approved,APPROVE
X000030389,2026-01-17 20:30:09,C000260,A0000260,M00056,T01147,Midwest,Midwest,147.69,USD,card_present,wallet_biometric,approved,APPROVE
X000101620,2026-01-17 20:30:18,C000855,A0000855,M00635,T00849,Midwest,Midwest,26.37,USD,card_present,3ds,approved,APPROVE
X000039574,2026-01-17 20:30:27,C000336,A0000336,M00219,T00102,Northeast,Northeast,117.22,USD,ecommerce,chip_pin,approved,APPROVE
X000128181,2026-01-17 20:30:49,C001055,A0001055,M00077,T00306,South,South,172.98,USD,card_present,magstripe,approved,APPROVE
X000133893,2026-01-17 20:31:03,C001102,A0001102,M00253,T01072,South,South,49.42,USD,card_present,chip_pin,approved,APPROVE
X000189119,2026-01-17 20:31:13,C001554,A0001554,M00301,T00790,South,South,112.98,USD,ecommerce,wallet_biometric,approved,APPROVE
X000235752,2026-01-17 20:31:21,C001922,A0001922,M00042,T00546,Northeast,Northeast,36.62,USD,card_present,chip_pin,approved,APPROVE
X000201061,2026-01-17 20:31:52,C001647,A0001647,M00121,T00867,West,West,65.75,USD,card_present,chip_pin,approved,APPROVE
X000217032,2026-01-17 20:32:32,C001773,A0001773,M00183,T01168,South,South,154.17,USD,ecommerce,chip_pin,approved,APPROVE
X000102650,2026-01-17 20:32:49,C000863,A0000863,M00111,T01015,Midwest,Midwest,78.41,USD,card_present,wallet_biometric,approved,APPROVE
X000164377,2026-01-17 20:34:19,C001355,A0001355,M00459,T00795,Northeast,Northeast,104.74,USD,mobile_wallet,chip_pin,approved,APPROVE
X000178501,2026-01-17 20:34:47,C001470,A0001470,M00675,T00834,Midwest,Midwest,57.02,USD,card_present,3ds,approved,APPROVE
X000143894,2026-01-17 20:34:52,C001186,A0001186,M00154,T01001,South,South,151.21,USD,card_present,3ds,approved,APPROVE
X000027152,2026-01-17 20:35:11,C000234,A0000234,M00420,T00678,West,West,66.28,USD,ecommerce,3ds,approved,APPROVE
X000096016,2026-01-17 20:35:32,C000802,A0000802,M00335,T00070,South,South,67.48,USD,card_present,chip_pin,approved,APPROVE
X000202512,2026-01-17 20:36:16,C001657,A0001657,M00753,T00413,South,South,86.64,USD,card_present,3ds,approved,APPROVE
X000141620,2026-01-17 20:36:27,C001167,A0001167,M00217,T00815,South,South,262.55,USD,mobile_wallet,wallet_biometric,approved,APPROVE
X000067340,2026-01-17 20:37:07,C000571,A0000571,M00094,T00737,South,South,114.15,USD,ecommerce,3ds,approved,APPROVE
X000091968,2026-01-17 20:37:47,C000770,A0000770,M00190,T00615,West,West,187.62,USD,card_present,chip_pin,approved,APPROVE
X000029556,2026-01-17 20:38:14,C000254,A0000254,M00298,T00088,Northeast,Northeast,107.71,USD,card_present,chip_pin,approved,APPROVE
X000236770,2026-01-17 20:39:05,C001931,A0001931,M00460,T00355,Midwest,Midwest,49.08,USD,card_present,chip_pin,approved,APPROVE
X000108931,2026-01-17 20:39:08,C000913,A0000913,M00224,T01197,Northeast,Northeast,146.15,USD,ecommerce,3ds,approved,APPROVE
X000109589,2026-01-17 20:39:11,C000916,A0000916,M00315,T01023,Midwest,Midwest,203.94,USD,ecommerce,chip_pin,approved,APPROVE
X000199673,2026-01-17 20:39:39,C001637,A0001637,M00247,T01144,South,South,214.23,USD,card_present,chip_pin,approved,APPROVE
X000240174,2026-01-17 20:40:16,C001959,A0001959,M00289,T00362,South,South,132.51,USD,ecommerce,chip_pin,approved,APPROVE
X000125849,2026-01-17 20:40:17,C001037,A0001037,M00620,T00585,South,South,40.94,USD,ecommerce,magstripe,approved,APPROVE
X000188741,2026-01-17 20:40:30,C001550,A0001550,M00745,T00183,Northeast,Northeast,278.54,USD,mobile_wallet,chip_pin,approved,APPROVE
X000031545,2026-01-17 20:40:59,C000267,A0000267,M00050,T01119,Midwest,Midwest,66.13,USD,card_present,wallet_biometric,approved,APPROVE
X000040210,2026-01-17 20:41:24,C000341,A0000341,M00712,T00064,South,South,191.67,USD,card_present,wallet_biometric,approved,APPROVE
X000022769,2026-01-17 20:41:38,C000196,A0000196,M00086,T00892,Midwest,Midwest,188.94,USD,card_present,3ds,approved,APPROVE
X000090829,2026-01-17 20:41:39,C000761,A0000761,M00517,T00531,Midwest,Midwest,137.58,USD,mobile_wallet,3ds,approved,APPROVE
X000233653,2026-01-17 20:41:44,C001905,A0001905,M00763,T00455,South,South,20.1,USD,mobile_wallet,3ds,approved,APPROVE
X000104747,2026-01-17 20:42:04,C000882,A0000882,M00533,T00261,Northeast,Northeast,19.82,USD,ecommerce,chip_pin,approved,APPROVE
X000135150,2026-01-17 20:42:10,C001110,A0001110,M00626,T01083,South,South,284.23,USD,mobile_wallet,wallet_biometric,approved,APPROVE
X000185635,2026-01-17 20:42:16,C001526,A0001526,M00460,T00677,Midwest,Midwest,75.1,USD,ecommerce,chip_pin,approved,APPROVE
X000156412,2026-01-17 20:43:34,C001287,A0001287,M00679,T00587,Northeast,Northeast,25.93,USD,ecommerce,chip_pin,approved,APPROVE
X000196178,2026-01-17 20:43:58,C001612,A0001612,M00798,T01060,Northeast,Northeast,173.95,USD,card_present,chip_pin,approved,APPROVE
X000108678,2026-01-17 20:44:40,C000911,A0000911,M00635,T01013,Midwest,Midwest,89.48,USD,ecommerce,chip_pin,approved,APPROVE
X000201591,2026-01-17 20:44:41,C001650,A0001650,M00232,T00367,West,West,158.95,USD,ecommerce,chip_pin,approved,APPROVE
X000020095,2026-01-17 20:45:01,C000174,A0000174,M00241,T01148,West,West,24.82,USD,mobile_wallet,3ds,approved,APPROVE
X000150952,2026-01-17 20:45:02,C001241,A0001241,M00168,T00981,Northeast,Northeast,315.37,USD,card_present,chip_pin,approved,APPROVE
X000010162,2026-01-17 20:45:27,C000092,A0000092,M00131,T00706,South,West,40.25,USD,ecommerce,chip_pin,approved,APPROVE
X000213865,2026-01-17 20:46:09,C001746,A0001746,M00652,T00561,West,West,83.98,USD,card_present,3ds,approved,APPROVE
X000202358,2026-01-17 20:46:22,C001655,A0001655,M00181,T01063,South,South,35.07,USD,card_present,3ds,approved,APPROVE
X000150727,2026-01-17 20:46:50,C001240,A0001240,M00461,T00574,West,West,220.76,USD,card_present,chip_pin,approved,APPROVE
X000029192,2026-01-17 20:47:13,C000252,A0000252,M00077,T00723,South,South,49.55,USD,card_present,3ds,approved,APPROVE
X000026309,2026-01-17 20:47:14,C000225,A0000225,M00282,T01131,South,South,30.08,USD,card_present,chip_pin,approved,APPROVE
X000148546,2026-01-17 20:47:29,C001225,A0001225,M00507,T00488,South,South,131.2,USD,ecommerce,wallet_biometric,approved,APPROVE
X000067149,2026-01-17 20:47:45,C000570,A0000570,M00257,T00514,South,South,21.55,USD,mobile_wallet,wallet_biometric,approved,APPROVE
X000090599,2026-01-17 20:47:52,C000759,A0000759,M00387,T00209,Northeast,Northeast,23.15,USD,ecommerce,wallet_biometric,approved,APPROVE
X000049327,2026-01-17 20:48:13,C000413,A0000413,M00689,T01179,Northeast,Northeast,33.62,USD,mobile_wallet,chip_pin,approved,APPROVE
X000110326,2026-01-17 20:48:41,C000922,A0000922,M00184,T00058,South,South,100.58,USD,card_present,chip_pin,approved,APPROVE
X000099096,2026-01-17 20:49:29,C000831,A0000831,M00608,T00219,South,South,21.6,USD,card_present,3ds,approved,APPROVE
X000130058,2026-01-17 20:49:48,C001068,A0001068,M00042,T00546,Northeast,Northeast,52.52,USD,card_present,magstripe,approved,APPROVE
X000238594,2026-01-17 20:49:54,C001947,A0001947,M00119,T00895,South,South,598.89,USD,card_present,wallet_biometric,approved,APPROVE
X000103120,2026-01-17 20:49:55,C000867,A0000867,M00005,T00817,South,South,49.06,USD,card_present,3ds,approved,APPROVE
X000193057,2026-01-17 20:50:51,C001585,A0001585,M00743,T00089,South,South,33.8,USD,card_present,chip_pin,approved,APPROVE
X000075417,2026-01-17 20:51:01,C000634,A0000634,M00598,T00688,West,West,11.0,USD,card_present,3ds,approved,APPROVE
X000116216,2026-01-17 20:51:19,C000965,A0000965,M00193,T01039,West,West,294.02,USD,card_present,chip_pin,approved,APPROVE
X000230238,2026-01-17 20:51:23,C001877,A0001877,M00083,T00985,Midwest,Midwest,142.2,USD,mobile_wallet,chip_pin,soft_decline,CHALLENGE
X000079688,2026-01-17 20:51:51,C000671,A0000671,M00557,T00649,Midwest,Midwest,20.37,USD,ecommerce,chip_pin,approved,APPROVE
X000040876,2026-01-17 20:51:53,C000347,A0000347,M00093,T01018,Northeast,Northeast,75.99,USD,card_present,chip_pin,approved,APPROVE
X000122073,2026-01-17 20:52:35,C001013,A0001013,M00574,T00190,Midwest,Midwest,46.01,USD,mobile_wallet,3ds,approved,APPROVE
X000041014,2026-01-17 20:53:10,C000348,A0000348,M00430,T00430,South,South,37.92,USD,ecommerce,chip_pin,approved,APPROVE
X000030897,2026-01-17 20:53:52,C000262,A0000262,M00502,T00353,Northeast,Northeast,141.03,USD,ecommerce,chip_pin,approved,APPROVE
