Transaction_ID,Timestamp,Customer_ID,Account_ID,Merchant_ID,Terminal_ID,Customer_Region,Merchant_Region,Amount,Currency,Channel,Auth_Type,Auth_Result,Incumbent_Decision
X000087139,2026-01-04 11:00:05,C000731,A0000731,M00710,T01065,Midwest,Midwest,102.7,USD,card_present,chip_pin,approved,APPROVE
X000146618,2026-01-04 11:00:29,C001210,A0001210,M00251,T00104,Midwest,West,70.46,USD,card_present,chip_pin,approved,APPROVE
X000168209,2026-01-04 11:00:35,C001391,A0001391,M00493,T00281,West,West,117.67,USD,ecommerce,3ds,approved,APPROVE
X000064646,2026-01-04 11:00:38,C000549,A0000549,M00050,T01119,Midwest,Midwest,57.68,USD,card_present,3ds,approved,APPROVE
X000239777,2026-01-04 11:00:58,C001955,A0001955,M00601,T00458,South,South,12.5,USD,ecommerce,3ds,approved,APPROVE
X000031908,2026-01-04 11:01:05,C000271,A0000271,M00131,T00706,West,West,368.71,USD,ecommerce,3ds,approved,APPROVE
X000153346,2026-01-04 11:01:12,C001261,A0001261,M00264,T00543,Midwest,Midwest,37.31,USD,card_present,wallet_biometric,approved,APPROVE
X000008804,2026-01-04 11:01:27,C000080,A0000080,M00675,T00026,Midwest,Midwest,52.76,USD,card_present,chip_pin,approved,APPROVE
X000194626,2026-01-04 11:01:40,C001601,A0001601,M00253,T00291,South,South,68.57,USD,mobile_wallet,3ds,approved,APPROVE
X000085743,2026-01-04 11:02:09,C000718,A0000718,M00171,T01187,Northeast,Northeast,12.18,USD,card_present,chip_pin,approved,APPROVE
X000153637,2026-01-04 11:02:13,C001264,A0001264,M00578,T01104,Northeast,Northeast,314.27,USD,card_present,chip_pin,approved,APPROVE
X000063600,2026-01-04 11:02:53,C000541,A0000541,M00117,T00472,South,South,134.26,USD,ecommerce,3ds,approved,APPROVE
X000149560,2026-01-04 11:03:03,C001231,A0001231,M00745,T00183,South,Northeast,94.23,USD,ecommerce,3ds,approved,APPROVE
X000101975,2026-01-04 11:03:11,C000859,A0000859,M00587,T00725,South,South,97.72,USD,card_present,chip_pin,approved,APPROVE
X000110509,2026-01-04 11:03:13,C000923,A0000923,M00642,T00253,Midwest,Midwest,136.05,USD,mobile_wallet,3ds,approved,APPROVE
X000048745,2026-01-04 11:03:25,C000409,A0000409,M00662,T00510,Midwest,Midwest,28.05,USD,mobile_wallet,wallet_biometric,approved,APPROVE
X000234596,2026-01-04 11:03:25,C001914,A0001914,M00668,T00869,Midwest,Midwest,374.88,USD,mobile_wallet,chip_pin,approved,APPROVE
X000020891,2026-01-04 11:04:12,C000183,A0000183,M00563,T00283,South,Midwest,34.0,USD,card_present,3ds,approved,APPROVE
X000015549,2026-01-04 11:04:20,C000133,A0000133,M00299,T01117,Northeast,Northeast,122.5,USD,mobile_wallet,3ds,approved,APPROVE
X000043345,2026-01-04 11:04:36,C000367,A0000367,M00269,T00339,West,West,72.27,USD,card_present,wallet_biometric,approved,APPROVE
X000147413,2026-01-04 11:04:37,C001217,A0001217,M00496,T00236,Midwest,Midwest,21.48,USD,ecommerce,wallet_biometric,approved,APPROVE
X000146511,2026-01-04 11:04:45,C001209,A0001209,M00127,T00278,South,South,25.63,USD,card_present,chip_pin,approved,APPROVE
X000148445,2026-01-04 11:04:55,C001225,A0001225,M00376,T00309,South,South,182.66,USD,mobile_wallet,chip_pin,approved,APPROVE
X000105614,2026-01-04 11:05:02,C000888,A0000888,M00652,T00786,West,West,92.49,USD,card_present,3ds,approved,APPROVE
X000055569,2026-01-04 11:05:36,C000471,A0000471,M00087,T00716,South,South,245.04,USD,card_present,chip_pin,approved,APPROVE
X000152678,2026-01-04 11:05:46,C001256,A0001256,M00700,T00884,Northeast,Northeast,29.38,USD,ecommerce,wallet_biometric,approved,APPROVE
X000116735,2026-01-04 11:05:56,C000969,A0000969,M00270,T00356,South,South,487.59,USD,card_present,3ds,approved,APPROVE
X000202602,2026-01-04 11:06:37,C001658,A0001658,M00277,T00518,Midwest,Midwest,67.53,USD,card_present,3ds,approved,APPROVE
X000149983,2026-01-04 11:07:16,C001236,A0001236,M00663,T00502,West,West,64.14,USD,card_present,3ds,approved,APPROVE
X000156918,2026-01-04 11:07:23,C001291,A0001291,M00007,T00196,South,South,282.5,USD,mobile_wallet,chip_pin,approved,APPROVE
X000204206,2026-01-04 11:07:24,C001668,A0001668,M00772,T00124,Midwest,Midwest,74.6,USD,ecommerce,3ds,approved,APPROVE
X000220930,2026-01-04 11:07:37,C001801,A0001801,M00391,T00267,Northeast,Northeast,125.83,USD,ecommerce,magstripe,approved,APPROVE
X000086615,2026-01-04 11:08:00,C000727,A0000727,M00453,T00831,South,South,316.11,USD,mobile_wallet,chip_pin,approved,APPROVE
X000111021,2026-01-04 11:08:02,C000926,A0000926,M00181,T00177,South,South,18.15,USD,ecommerce,chip_pin,approved,APPROVE
X000124503,2026-01-04 11:08:09,C001030,A0001030,M00338,T00847,Northeast,Northeast,302.52,USD,card_present,chip_pin,approved,APPROVE
X000201971,2026-01-04 11:08:15,C001652,A0001652,M00458,T00358,West,West,17.26,USD,card_present,chip_pin,approved,APPROVE
X000030278,2026-01-04 11:08:17,C000260,A0000260,M00353,T00378,Midwest,Midwest,211.27,USD,card_present,3ds,approved,APPROVE
X000171925,2026-01-04 11:08:40,C001419,A0001419,M00460,T00355,Midwest,Midwest,35.55,USD,ecommerce,wallet_biometric,approved,APPROVE
X000032709,2026-01-04 11:08:41,C000277,A0000277,M00127,T00810,South,South,55.31,USD,card_present,chip_pin,approved,APPROVE
X000020819,2026-01-04 11:09:11,C000182,A0000182,M00231,T00176,South,South,58.87,USD,card_present,wallet_biometric,approved,APPROVE
X000118336,2026-01-04 11:09:11,C000979,A0000979,M00019,T00745,Northeast,Northeast,58.41,USD,ecommerce,magstripe,approved,APPROVE
X000236261,2026-01-04 11:10:00,C001928,A0001928,M00023,T00720,Midwest,Midwest,67.53,USD,ecommerce,3ds,approved,APPROVE
X000222432,2026-01-04 11:10:21,C001813,A0001813,M00135,T00646,Midwest,Midwest,111.48,USD,ecommerce,wallet_biometric,approved,APPROVE
X000012834,2026-01-04 11:10:35,C000112,A0000112,M00212,T00443,Midwest,Midwest,193.57,USD,card_present,3ds,approved,APPROVE
X000174421,2026-01-04 11:10:46,C001437,A0001437,M00289,T00362,South,South,25.88,USD,card_present,3ds,approved,APPROVE
X000143636,2026-01-04 11:10:59,C001184,A0001184,M00459,T00809,Midwest,Northeast,140.59,USD,mobile_wallet,wallet_biometric,approved,APPROVE
X000230945,2026-01-04 11:11:12,C001884,A0001884,M00613,T00449,South,South,52.65,USD,ecommerce,chip_pin,approved,APPROVE
X000176464,2026-01-04 11:11:25,C001455,A0001455,M00395,T00889,Midwest,Midwest,65.7,USD,card_present,3ds,approved,APPROVE
X000174880,2026-01-04 11:11:28,C001441,A0001441,M00566,T00359,West,West,124.74,USD,ecommerce,chip_pin,approved,APPROVE
X000149652,2026-01-04 11:11:31,C001232,A0001232,M00459,T00809,Northeast,Northeast,41.37,USD,card_present,chip_pin,approved,APPROVE
X000170272,2026-01-04 11:12:11,C001404,A0001404,M00439,T00144,West,West,53.75,USD,ecommerce,wallet_biometric,approved,APPROVE
X000130496,2026-01-04 11:12:43,C001073,A0001073,M00501,T00506,Northeast,Northeast,115.06,USD,ecommerce,chip_pin,approved,APPROVE
X000019535,2026-01-04 11:13:09,C000169,A0000169,M00393,T00239,Northeast,Northeast,8.34,USD,card_present,3ds,approved,APPROVE
X000132353,2026-01-04 11:13:26,C001091,A0001091,M00335,T00070,South,South,20.27,USD,card_present,chip_pin,approved,APPROVE
X000022709,2026-01-04 11:13:27,C000196,A0000196,M00715,T00083,Midwest,Midwest,361.13,USD,ecommerce,3ds,approved,APPROVE
X000106547,2026-01-04 11:13:55,C000894,A0000894,M00005,T00817,South,South,419.79,USD,card_present,3ds,approved,APPROVE
X000235540,2026-01-04 11:14:06,C001920,A0001920,M00504,T00422,Northeast,Northeast,168.91,USD,ecommerce,3ds,approved,APPROVE
X000244177,2026-01-04 11:14:17,C001991,A0001991,M00442,T00713,West,West,212.98,USD,ecommerce,chip_pin,approved,APPROVE
X000243907,2026-01-04 11:14:52,C001989,A0001989,M00048,T00107,Northeast,Northeast,31.73,USD,mobile_wallet,chip_pin,approved,APPROVE
X000241717,2026-01-04 11:15:20,C001973,A0001973,M00517,T00541,Midwest,Midwest,86.32,USD,mobile_wallet,chip_pin,approved,APPROVE
X000032256,2026-01-04 11:15:39,C000274,A0000274,M00401,T00536,South,South,37.09,USD,ecommerce,chip_pin,approved,APPROVE
X000175944,2026-01-04 11:16:08,C001450,A0001450,M00281,T01053,West,West,93.1,USD,card_present,wallet_biometric,approved,APPROVE
X000010130,2026-01-04 11:16:35,C000092,A0000092,M00453,T00831,South,South,9.92,USD,card_present,chip_pin,approved,APPROVE
X000025935,2026-01-04 11:16:43,C000221,A0000221,M00433,T00752,Midwest,Midwest,146.33,USD,card_present,chip_pin,approved,APPROVE
X000117719,2026-01-04 11:16:56,C000976,A0000976,M00397,T00349,Midwest,Midwest,510.57,USD,card_present,wallet_biometric,approved,APPROVE
X000117255,2026-01-04 11:17:08,C000973,A0000973,M00521,T00168,Northeast,Northeast,236.28,USD,card_present,wallet_biometric,approved,APPROVE
X000025561,2026-01-04 11:17:26,C000218,A0000218,M00052,T00013,South,South,68.24,USD,card_present,chip_pin,approved,APPROVE
X000043346,2026-01-04 11:17:26,C000367,A0000367,M00269,T00339,West,West,41.01,USD,mobile_wallet,3ds,approved,APPROVE
X000107336,2026-01-04 11:17:44,C000900,A0000900,M00191,T00397,Midwest,Midwest,92.63,USD,ecommerce,wallet_biometric,approved,APPROVE
X000115829,2026-01-04 11:17:59,C000962,A0000962,M00051,T01084,South,South,24.2,USD,card_present,chip_pin,approved,APPROVE
X000235075,2026-01-04 11:18:58,C001917,A0001917,M00394,T00597,South,South,54.96,USD,card_present,wallet_biometric,approved,APPROVE
X000237497,2026-01-04 11:18:59,C001937,A0001937,M00270,T00473,South,South,25.31,USD,card_present,chip_pin,approved,APPROVE
X000156583,2026-01-04 11:19:06,C001289,A0001289,M00112,T00122,West,West,678.39,USD,card_present,chip_pin,approved,APPROVE
X000107798,2026-01-04 11:19:23,C000902,A0000902,M00460,T00677,Midwest,Midwest,35.16,USD,card_present,wallet_biometric,approved,APPROVE
X000079909,2026-01-04 11:19:37,C000673,A0000673,M00631,T00542,West,West,93.96,USD,card_present,chip_pin,approved,APPROVE
X000129720,2026-01-04 11:20:44,C001067,A0001067,M00211,T01170,Midwest,Midwest,224.25,USD,card_present,3ds,approved,APPROVE
X000062687,2026-01-04 11:20:49,C000532,A0000532,M00494,T00034,West,West,32.12,USD,card_present,3ds,approved,APPROVE
X000160808,2026-01-04 11:21:02,C001328,A0001328,M00528,T00475,Midwest,Midwest,18.85,USD,card_present,chip_pin,approved,APPROVE
X000215550,2026-01-04 11:21:34,C001761,A0001761,M00248,T00017,South,South,125.54,USD,card_present,3ds,approved,APPROVE
X000199532,2026-01-04 11:22:05,C001636,A0001636,M00084,T00910,Midwest,Midwest,67.16,USD,card_present,chip_pin,approved,APPROVE
X000017700,2026-01-04 11:22:44,C000152,A0000152,M00412,T00974,Northeast,Northeast,438.26,USD,card_present,3ds,approved,APPROVE
X000048632,2026-01-04 11:22:54,C000408,A0000408,M00387,T00289,Northeast,Northeast,107.12,USD,mobile_wallet,chip_pin,approved,APPROVE
X000021197,2026-01-04 11:23:00,C000185,A0000185,M00073,T00757,South,South,60.62,USD,card_present,3ds,approved,APPROVE
X000069102,2026-01-04 11:23:19,C000588,A0000588,M00430,T01143,South,South,79.63,USD,card_present,wallet_biometric,approved,APPROVE
X000105615,2026-01-04 11:23:21,C000888,A0000888,M00652,T00786,West,West,64.0,USD,ecommerce,3ds,approved,APPROVE
X000072565,2026-01-04 11:23:31,C000614,A0000614,M00507,T00639,South,South,159.88,USD,card_present,3ds,approved,APPROVE
X000169775,2026-01-04 11:23:52,C001401,A0001401,M00445,T00086,Northeast,Northeast,61.75,USD,card_present,3ds,approved,APPROVE
X000230618,2026-01-04 11:24:20,C001881,A0001881,M00553,T01122,West,West,21.45,USD,card_present,chip_pin,approved,APPROVE
X000021313,2026-01-04 11:24:29,C000186,A0000186,M00232,T00367,West,West,181.15,USD,card_present,chip_pin,approved,APPROVE
X000100143,2026-01-04 11:24:34,C000844,A0000844,M00208,T00633,Midwest,Midwest,77.71,USD,card_present,chip_pin,approved,APPROVE
X000184552,2026-01-04 11:25:01,C001521,A0001521,M00295,T00425,South,South,477.2,USD,mobile_wallet,chip_pin,approved,APPROVE
X000211707,2026-01-04 11:25:54,C001727,A0001727,M00153,T00753,South,South,303.85,USD,ecommerce,magstripe,approved,APPROVE
X000127523,2026-01-04 11:25:59,C001052,A0001052,M00282,T00583,South,South,55.62,USD,ecommerce,wallet_biometric,approved,APPROVE
X000235076,2026-01-04 11:26:47,C001917,A0001917,M00394,T00597,South,South,149.85,USD,ecommerce,magstripe,approved,APPROVE
X000059485,2026-01-04 11:27:24,C000506,A0000506,M00499,T00391,Northeast,Northeast,20.77,USD,card_present,wallet_biometric,approved,APPROVE
X000036155,2026-01-04 11:27:54,C000309,A0000309,M00402,T00179,South,South,71.03,USD,ecommerce,3ds,approved,APPROVE
X000054029,2026-01-04 11:27:56,C000458,A0000458,M00567,T01019,Northeast,Northeast,96.91,USD,ecommerce,magstripe,approved,APPROVE
X000087276,2026-01-04 11:28:33,C000733,A0000733,M00137,T00707,Midwest,Midwest,347.35,USD,ecommerce,wallet_biometric,approved,APPROVE
X000174523,2026-01-04 11:28:36,C001438,A0001438,M00682,T00951,Northeast,Northeast,77.66,USD,card_present,wallet_biometric,soft_decline,CHALLENGE
X000197318,2026-01-04 11:28:38,C001621,A0001621,M00416,T00403,West,West,269.21,USD,mobile_wallet,wallet_biometric,approved,APPROVE
X000029488,2026-01-04 11:28:39,C000254,A0000254,M00430,T00430,Northeast,South,118.55,USD,card_present,chip_pin,approved,APPROVE
X000182861,2026-01-04 11:29:08,C001504,A0001504,M00248,T00017,South,South,100.02,USD,ecommerce,chip_pin,approved,APPROVE
X000217519,2026-01-04 11:29:30,C001777,A0001777,M00517,T00647,Midwest,Midwest,330.83,USD,card_present,chip_pin,approved,APPROVE
X000152104,2026-01-04 11:29:39,C001251,A0001251,M00056,T01161,Midwest,Midwest,54.12,USD,ecommerce,magstripe,approved,APPROVE
X000220523,2026-01-04 11:30:08,C001800,A0001800,M00213,T00320,Northeast,Northeast,80.65,USD,ecommerce,magstripe,approved,APPROVE
X000222433,2026-01-04 11:31:08,C001813,A0001813,M00529,T00863,Midwest,Midwest,130.51,USD,ecommerce,3ds,approved,APPROVE
X000051174,2026-01-04 11:31:57,C000431,A0000431,M00733,T00848,Northeast,Northeast,34.57,USD,card_present,magstripe,approved,APPROVE
X000039525,2026-01-04 11:32:20,C000336,A0000336,M00254,T01162,Northeast,West,202.54,USD,ecommerce,chip_pin,approved,APPROVE
X000217852,2026-01-04 11:32:38,C001779,A0001779,M00561,T00399,Midwest,Midwest,38.06,USD,card_present,3ds,approved,APPROVE
X000194230,2026-01-04 11:32:57,C001597,A0001597,M00452,T00329,Northeast,Northeast,80.73,USD,ecommerce,magstripe,approved,APPROVE
X000078230,2026-01-04 11:33:05,C000659,A0000659,M00087,T00594,South,South,30.35,USD,ecommerce,chip_pin,approved,APPROVE
X000058339,2026-01-04 11:33:13,C000495,A0000495,M00005,T00817,South,South,72.33,USD,card_present,chip_pin,approved,APPROVE
X000241305,2026-01-04 11:33:13,C001970,A0001970,M00166,T00474,Northeast,Northeast,85.96,USD,mobile_wallet,chip_pin,approved,APPROVE
X000179783,2026-01-04 11:33:44,C001479,A0001479,M00020,T00254,South,South,385.75,USD,card_present,3ds,approved,APPROVE
X000185360,2026-01-04 11:33:58,C001525,A0001525,M00304,T00087,Midwest,Midwest,316.36,USD,card_present,wallet_biometric,approved,APPROVE
X000202854,2026-01-04 11:33:58,C001661,A0001661,M00758,T00785,Northeast,Northeast,46.42,USD,ecommerce,chip_pin,approved,APPROVE
X000034604,2026-01-04 11:34:04,C000294,A0000294,M00487,T00332,South,South,31.74,USD,mobile_wallet,chip_pin,approved,APPROVE
X000206605,2026-01-04 11:34:45,C001687,A0001687,M00745,T00823,Northeast,Northeast,225.96,USD,ecommerce,wallet_biometric,approved,APPROVE
X000181136,2026-01-04 11:36:42,C001490,A0001490,M00766,T00445,West,West,101.69,USD,card_present,magstripe,approved,APPROVE
X000146512,2026-01-04 11:37:00,C001209,A0001209,M00217,T00815,South,South,93.11,USD,card_present,chip_pin,approved,APPROVE
X000198187,2026-01-04 11:37:02,C001626,A0001626,M00680,T00949,Midwest,Midwest,213.96,USD,mobile_wallet,chip_pin,approved,APPROVE
X000154726,2026-01-04 11:37:31,C001276,A0001276,M00573,T00460,Northeast,Northeast,44.86,USD,card_present,3ds,approved,APPROVE
X000130273,2026-01-04 11:37:39,C001071,A0001071,M00365,T00733,South,South,85.89,USD,card_present,chip_pin,approved,APPROVE
X000241628,2026-01-04 11:37:44,C001972,A0001972,M00453,T00831,South,South,41.16,USD,card_present,chip_pin,approved,APPROVE
X000057410,2026-01-04 11:37:56,C000486,A0000486,M00644,T00200,West,West,20.54,USD,card_present,3ds,approved,APPROVE
X000045374,2026-01-04 11:38:08,C000381,A0000381,M00604,T01134,West,Northeast,54.41,USD,ecommerce,chip_pin,approved,APPROVE
X000027743,2026-01-04 11:38:34,C000239,A0000239,M00061,T00492,West,West,10.06,USD,ecommerce,3ds,approved,APPROVE
X000088175,2026-01-04 11:38:51,C000741,A0000741,M00670,T00842,Northeast,Northeast,22.2,USD,ecommerce,wallet_biometric,approved,APPROVE
X000238992,2026-01-04 11:38:53,C001950,A0001950,M00650,T01097,Midwest,Midwest,13.77,USD,card_present,chip_pin,approved,APPROVE
X000238993,2026-01-04 11:39:01,C001950,A0001950,M00596,T00100,Midwest,Midwest,22.02,USD,ecommerce,chip_pin,approved,APPROVE
X000030053,2026-01-04 11:39:10,C000258,A0000258,M00533,T00376,Northeast,Northeast,54.45,USD,card_present,3ds,approved,APPROVE
X000052364,2026-01-04 11:39:41,C000442,A0000442,M00321,T01046,Midwest,Midwest,231.91,USD,card_present,3ds,approved,APPROVE
X000104618,2026-01-04 11:39:43,C000881,A0000881,M00680,T00949,Midwest,Midwest,39.32,USD,card_present,chip_pin,approved,APPROVE
X000214797,2026-01-04 11:39:43,C001754,A0001754,M00118,T01000,West,West,34.29,USD,card_present,3ds,approved,APPROVE
X000017150,2026-01-04 11:40:48,C000147,A0000147,M00689,T01179,Northeast,Northeast,99.85,USD,mobile_wallet,chip_pin,approved,APPROVE
X000196821,2026-01-04 11:40:48,C001617,A0001617,M00213,T01006,Northeast,Northeast,62.16,USD,card_present,wallet_biometric,approved,APPROVE
X000196622,2026-01-04 11:40:56,C001615,A0001615,M00383,T00570,Northeast,Midwest,64.13,USD,mobile_wallet,chip_pin,approved,APPROVE
X000201972,2026-01-04 11:41:10,C001652,A0001652,M00633,T00292,West,West,13.04,USD,ecommerce,chip_pin,approved,APPROVE
X000072566,2026-01-04 11:41:12,C000614,A0000614,M00507,T00639,South,South,810.4,USD,card_present,3ds,approved,APPROVE
X000001932,2026-01-04 11:41:29,C000017,A0000017,M00148,T00250,Midwest,Midwest,21.11,USD,ecommerce,3ds,approved,APPROVE
X000018662,2026-01-04 11:41:43,C000160,A0000160,M00179,T00056,Midwest,Midwest,34.74,USD,ecommerce,wallet_biometric,approved,APPROVE
X000087862,2026-01-04 11:41:45,C000738,A0000738,M00163,T00029,South,Midwest,99.03,USD,ecommerce,magstripe,approved,APPROVE
X000058186,2026-01-04 11:42:08,C000494,A0000494,M00171,T00523,Northeast,Northeast,30.98,USD,card_present,wallet_biometric,approved,APPROVE
X000160333,2026-01-04 11:42:37,C001324,A0001324,M00231,T00176,South,South,60.18,USD,ecommerce,magstripe,approved,APPROVE
X000122823,2026-01-04 11:42:41,C001019,A0001019,M00365,T00324,South,South,110.2,USD,ecommerce,wallet_biometric,approved,APPROVE
X000083754,2026-01-04 11:42:46,C000700,A0000700,M00354,T00072,Northeast,Northeast,27.59,USD,ecommerce,chip_pin,approved,APPROVE
X000190025,2026-01-04 11:42:52,C001562,A0001562,M00567,T01019,Northeast,Northeast,98.88,USD,card_present,wallet_biometric,approved,APPROVE
X000114131,2026-01-04 11:43:46,C000950,A0000950,M00587,T00374,South,South,30.0,USD,card_present,magstripe,approved,APPROVE
X000239631,2026-01-04 11:43:50,C001954,A0001954,M00055,T01044,South,South,171.71,USD,ecommerce,wallet_biometric,approved,APPROVE
X000191843,2026-01-04 11:44:55,C001574,A0001574,M00598,T00688,West,West,208.75,USD,ecommerce,chip_pin,approved,APPROVE
X000055570,2026-01-04 11:46:10,C000471,A0000471,M00038,T00874,South,South,112.94,USD,card_present,wallet_biometric,approved,APPROVE
X000191680,2026-01-04 11:46:22,C001573,A0001573,M00621,T01090,West,West,67.55,USD,card_present,3ds,approved,APPROVE
X000085905,2026-01-04 11:46:58,C000720,A0000720,M00294,T00731,South,South,38.39,USD,card_present,magstripe,approved,APPROVE
X000201496,2026-01-04 11:47:12,C001650,A0001650,M00232,T00367,West,West,228.38,USD,ecommerce,chip_pin,approved,APPROVE
X000169403,2026-01-04 11:47:39,C001400,A0001400,M00378,T01196,South,South,199.88,USD,card_present,3ds,approved,APPROVE
X000019272,2026-01-04 11:48:00,C000167,A0000167,M00338,T00847,Northeast,Northeast,36.63,USD,ecommerce,chip_pin,approved,APPROVE
X000003972,2026-01-04 11:48:11,C000035,A0000035,M00428,T00264,West,West,55.79,USD,mobile_wallet,chip_pin,approved,APPROVE
X000087401,2026-01-04 11:48:14,C000734,A0000734,M00223,T00651,South,South,89.23,USD,card_present,chip_pin,approved,APPROVE
X000196910,2026-01-04 11:48:42,C001618,A0001618,M00756,T00999,West,West,55.95,USD,card_present,magstripe,approved,APPROVE
X000135109,2026-01-04 11:49:18,C001110,A0001110,M00376,T00181,South,South,160.53,USD,card_present,chip_pin,approved,APPROVE
X000003880,2026-01-04 11:50:00,C000034,A0000034,M00214,T00316,West,West,106.78,USD,ecommerce,chip_pin,approved,APPROVE
X000000268,2026-01-04 11:50:08,C000003,A0000003,M00385,T00962,South,South,37.07,USD,card_present,3ds,approved,APPROVE
X000186854,2026-01-04 11:50:12,C001537,A0001537,M00764,T01031,West,West,42.28,USD,card_present,chip_pin,approved,APPROVE
X000024517,2026-01-04 11:50:13,C000207,A0000207,M00119,T00895,South,South,233.02,USD,mobile_wallet,chip_pin,approved,APPROVE
X000062283,2026-01-04 11:51:00,C000530,A0000530,M00390,T00963,Northeast,Northeast,138.25,USD,ecommerce,wallet_biometric,approved,APPROVE
X000010758,2026-01-04 11:51:13,C000098,A0000098,M00750,T01142,South,South,26.79,USD,card_present,chip_pin,approved,APPROVE
X000044938,2026-01-04 11:51:27,C000379,A0000379,M00699,T00248,Midwest,Midwest,224.14,USD,card_present,chip_pin,approved,APPROVE
X000174317,2026-01-04 11:51:43,C001436,A0001436,M00023,T00720,Midwest,Midwest,26.32,USD,card_present,chip_pin,approved,APPROVE
X000180150,2026-01-04 11:52:47,C001481,A0001481,M00276,T00665,Northeast,Northeast,6.5,USD,ecommerce,3ds,approved,APPROVE
X000094033,2026-01-04 11:52:51,C000788,A0000788,M00402,T00179,South,South,426.47,USD,card_present,wallet_biometric,approved,APPROVE
X000082086,2026-01-04 11:52:56,C000688,A0000688,M00706,T00053,Northeast,Northeast,38.72,USD,card_present,3ds,approved,APPROVE
X000072013,2026-01-04 11:52:59,C000610,A0000610,M00441,T01043,West,West,153.57,USD,card_present,wallet_biometric,approved,APPROVE
X000131617,2026-01-04 11:53:03,C001083,A0001083,M00460,T00677,South,Midwest,21.76,USD,card_present,3ds,approved,APPROVE
X000080000,2026-01-04 11:53:43,C000674,A0000674,M00341,T00572,Midwest,Midwest,157.0,USD,card_present,chip_pin,approved,APPROVE
X000129300,2026-01-04 11:54:01,C001064,A0001064,M00552,T00463,Northeast,Northeast,133.97,USD,ecommerce,chip_pin,approved,APPROVE
X000007289,2026-01-04 11:54:03,C000068,A0000068,M00520,T00622,Midwest,Midwest,328.92,USD,card_present,chip_pin,approved,APPROVE
X000162455,2026-01-04 11:54:05,C001342,A0001342,M00544,T00846,South,South,246.36,USD,mobile_wallet,3ds,approved,APPROVE
X000199972,2026-01-04 11:54:15,C001639,A0001639,M00302,T00011,Northeast,Northeast,183.01,USD,ecommerce,chip_pin,approved,APPROVE
X000135263,2026-01-04 11:54:20,C001111,A0001111,M00082,T00557,Northeast,Northeast,196.41,USD,card_present,3ds,approved,APPROVE
X000169776,2026-01-04 11:54:21,C001401,A0001401,M00040,T00635,Northeast,Northeast,119.3,USD,mobile_wallet,3ds,approved,APPROVE
X000182419,2026-01-04 11:55:36,C001501,A0001501,M00731,T00584,Northeast,Northeast,103.21,USD,card_present,chip_pin,approved,APPROVE
X000071451,2026-01-04 11:56:18,C000607,A0000607,M00619,T00982,West,West,121.17,USD,card_present,chip_pin,approved,APPROVE
X000141042,2026-01-04 11:56:24,C001162,A0001162,M00091,T00954,Midwest,Midwest,107.88,USD,ecommerce,chip_pin,approved,APPROVE
X000175822,2026-01-04 11:56:25,C001449,A0001449,M00232,T00367,West,West,133.78,USD,card_present,chip_pin,approved,APPROVE
X000097120,2026-01-04 11:56:40,C000813,A0000813,M00428,T00264,West,West,79.66,USD,card_present,chip_pin,approved,APPROVE
X000114858,2026-01-04 11:57:22,C000956,A0000956,M00494,T01193,West,West,624.74,USD,card_present,wallet_biometric,approved,APPROVE
X000084659,2026-01-04 11:58:10,C000709,A0000709,M00613,T00852,South,South,351.05,USD,ecommerce,wallet_biometric,approved,APPROVE
X000175230,2026-01-04 11:58:20,C001443,A0001443,M00533,T00261,Northeast,Northeast,50.76,USD,card_present,3ds,approved,APPROVE
X000156215,2026-01-04 11:58:31,C001286,A0001286,M00376,T00702,Northeast,South,130.75,USD,card_present,magstripe,approved,APPROVE
X000007768,2026-01-04 11:58:38,C000072,A0000072,M00494,T00136,West,West,203.18,USD,ecommerce,chip_pin,approved,APPROVE
X000234597,2026-01-04 11:58:46,C001914,A0001914,M00615,T00908,Midwest,Midwest,341.28,USD,card_present,chip_pin,approved,APPROVE
X000063145,2026-01-04 11:58:54,C000535,A0000535,M00434,T00808,South,South,59.66,USD,ecommerce,3ds,approved,APPROVE
X000148446,2026-01-04 11:58:59,C001225,A0001225,M00376,T00309,South,South,120.37,USD,card_present,wallet_biometric,approved,APPROVE
X000182862,2026-01-04 11:59:11,C001504,A0001504,M00231,T00811,South,South,32.51,USD,mobile_wallet,wallet_biometric,approved,APPROVE
X000227866,2026-01-04 11:59:34,C001857,A0001857,M00276,T01082,Northeast,Northeast,221.89,USD,ecommerce,chip_pin,approved,APPROVE
X000226959,2026-01-04 11:59:57,C001851,A0001851,M00476,T00071,Midwest,Midwest,23.71,USD,card_present,3ds,approved,APPROVE
X000165551,2026-01-04 12:00:01,C001367,A0001367,M00257,T00772,South,South,120.15,USD,ecommerce,3ds,approved,APPROVE
X000148184,2026-01-04 12:00:02,C001224,A0001224,M00276,T00213,Northeast,Northeast,99.45,USD,ecommerce,chip_pin,approved,APPROVE
X000029850,2026-01-04 12:00:03,C000256,A0000256,M00112,T00586,West,West,16.86,USD,mobile_wallet,wallet_biometric,approved,APPROVE
X000191379,2026-01-04 12:00:30,C001571,A0001571,M00720,T00705,Northeast,Northeast,29.84,USD,card_present,chip_pin,approved,APPROVE
X000041115,2026-01-04 12:00:44,C000349,A0000349,M00513,T00308,Midwest,Midwest,359.0,USD,ecommerce,3ds,soft_decline,CHALLENGE
X000013878,2026-01-04 12:00:46,C000118,A0000118,M00790,T01171,Northeast,Northeast,39.86,USD,card_present,magstripe,approved,APPROVE
X000163361,2026-01-04 12:00:57,C001348,A0001348,M00323,T01185,South,South,35.13,USD,card_present,chip_pin,approved,APPROVE
X000176980,2026-01-04 12:01:12,C001459,A0001459,M00712,T00650,South,South,332.16,USD,card_present,3ds,approved,APPROVE
X000145194,2026-01-04 12:01:25,C001195,A0001195,M00396,T00828,West,West,38.95,USD,ecommerce,chip_pin,approved,APPROVE
X000118525,2026-01-04 12:01:55,C000981,A0000981,M00378,T01196,South,South,88.13,USD,ecommerce,wallet_biometric,approved,APPROVE
X000106022,2026-01-04 12:02:01,C000891,A0000891,M00099,T00891,South,South,35.79,USD,ecommerce,wallet_biometric,approved,APPROVE
X000029183,2026-01-04 12:02:13,C000252,A0000252,M00239,T00747,South,South,49.03,USD,card_present,chip_pin,approved,APPROVE
X000203152,2026-01-04 12:04:05,C001664,A0001664,M00453,T00940,South,South,105.89,USD,card_present,chip_pin,approved,APPROVE
X000066910,2026-01-04 12:04:09,C000568,A0000568,M00313,T00777,Northeast,Northeast,12.04,USD,ecommerce,magstripe,approved,APPROVE
X000175945,2026-01-04 12:04:33,C001450,A0001450,M00281,T01053,West,West,67.55,USD,ecommerce,chip_pin,approved,APPROVE
X000101790,2026-01-04 12:04:58,C000857,A0000857,M00118,T01000,West,West,24.6,USD,card_present,3ds,approved,APPROVE
X000054942,2026-01-04 12:05:11,C000465,A0000465,M00460,T00355,Midwest,Midwest,44.55,USD,ecommerce,chip_pin,approved,APPROVE
X000134658,2026-01-04 12:05:27,C001105,A0001105,M00621,T00383,West,West,52.96,USD,card_present,3ds,approved,APPROVE
X000178184,2026-01-04 12:05:35,C001466,A0001466,M00508,T01195,Northeast,Northeast,42.84,USD,ecommerce,chip_pin,approved,APPROVE
X000089844,2026-01-04 12:05:41,C000751,A0000751,M00793,T01052,South,South,108.82,USD,mobile_wallet,chip_pin,approved,APPROVE
X000124141,2026-01-04 12:06:18,C001027,A0001027,M00406,T00057,South,South,148.82,USD,ecommerce,chip_pin,approved,APPROVE
X000054746,2026-01-04 12:06:33,C000463,A0000463,M00203,T00558,Northeast,Northeast,9.73,USD,card_present,chip_pin,approved,APPROVE
X000054347,2026-01-04 12:06:37,C000461,A0000461,M00372,T00192,South,South,855.74,USD,card_present,chip_pin,approved,APPROVE
X000218896,2026-01-04 12:06:59,C001789,A0001789,M00689,T01179,Northeast,Northeast,84.93,USD,card_present,magstripe,approved,APPROVE
X000230042,2026-01-04 12:07:03,C001875,A0001875,M00594,T01188,Northeast,Northeast,18.22,USD,ecommerce,chip_pin,approved,APPROVE
X000074889,2026-01-04 12:07:10,C000631,A0000631,M00690,T00361,Northeast,Northeast,479.47,USD,card_present,3ds,approved,APPROVE
X000219763,2026-01-04 12:07:28,C001796,A0001796,M00056,T01161,Midwest,Midwest,22.28,USD,mobile_wallet,chip_pin,approved,APPROVE
X000093428,2026-01-04 12:07:45,C000783,A0000783,M00193,T01039,West,West,158.88,USD,mobile_wallet,3ds,approved,APPROVE
X000159274,2026-01-04 12:07:45,C001312,A0001312,M00481,T00265,Northeast,Northeast,31.11,USD,ecommerce,3ds,approved,APPROVE
X000032787,2026-01-04 12:08:20,C000278,A0000278,M00176,T00556,Midwest,Midwest,83.16,USD,card_present,chip_pin,approved,APPROVE
X000119045,2026-01-04 12:08:26,C000986,A0000986,M00645,T00905,South,South,60.86,USD,ecommerce,wallet_biometric,approved,APPROVE
X000202762,2026-01-04 12:08:44,C001660,A0001660,M00412,T00974,Northeast,Northeast,56.35,USD,mobile_wallet,magstripe,approved,APPROVE
X000107337,2026-01-04 12:08:49,C000900,A0000900,M00495,T00738,Midwest,Midwest,333.02,USD,ecommerce,3ds,approved,APPROVE
X000025716,2026-01-04 12:08:51,C000220,A0000220,M00388,T00170,Midwest,Midwest,254.17,USD,mobile_wallet,chip_pin,approved,APPROVE
X000045196,2026-01-04 12:09:39,C000380,A0000380,M00681,T00001,West,West,37.73,USD,ecommerce,3ds,approved,APPROVE
X000153124,2026-01-04 12:10:28,C001259,A0001259,M00533,T00376,Midwest,Northeast,86.24,USD,ecommerce,chip_pin,approved,APPROVE
X000080208,2026-01-04 12:10:36,C000675,A0000675,M00376,T00181,South,South,96.01,USD,card_present,magstripe,approved,APPROVE
X000230763,2026-01-04 12:11:07,C001882,A0001882,M00264,T01070,Midwest,Midwest,44.31,USD,ecommerce,chip_pin,approved,APPROVE
X000022989,2026-01-04 12:12:03,C000197,A0000197,M00620,T00585,South,South,54.71,USD,ecommerce,chip_pin,approved,APPROVE
X000155794,2026-01-04 12:12:18,C001283,A0001283,M00448,T00142,Midwest,Midwest,584.57,USD,card_present,3ds,approved,APPROVE
X000006301,2026-01-04 12:12:28,C000057,A0000057,M00046,T00132,West,Northeast,409.22,USD,ecommerce,magstripe,approved,APPROVE
X000027633,2026-01-04 12:12:57,C000238,A0000238,M00663,T00862,West,West,28.36,USD,mobile_wallet,3ds,approved,APPROVE
X000176612,2026-01-04 12:13:00,C001456,A0001456,M00394,T00922,South,South,25.54,USD,card_present,wallet_biometric,approved,APPROVE
X000122824,2026-01-04 12:14:19,C001019,A0001019,M00365,T00324,South,South,79.03,USD,card_present,3ds,approved,APPROVE
X000068406,2026-01-04 12:14:26,C000580,A0000580,M00409,T01085,Northeast,Northeast,29.01,USD,card_present,wallet_biometric,soft_decline,CHALLENGE
X000085197,2026-01-04 12:15:53,C000711,A0000711,M00295,T00163,South,South,39.55,USD,mobile_wallet,magstripe,approved,APPROVE
X000183993,2026-01-04 12:16:03,C001516,A0001516,M00374,T00569,South,South,83.94,USD,mobile_wallet,wallet_biometric,approved,APPROVE
X000026515,2026-01-04 12:16:27,C000228,A0000228,M00094,T00737,South,South,28.28,USD,card_present,chip_pin,approved,APPROVE
X000078182,2026-01-04 12:16:29,C000658,A0000658,M00077,T00306,South,South,29.46,USD,card_present,magstripe,approved,APPROVE
X000196544,2026-01-04 12:16:42,C001614,A0001614,M00738,T00899,South,South,29.07,USD,card_present,chip_pin,approved,APPROVE
X000045765,2026-01-04 12:17:08,C000383,A0000383,M00036,T00993,Northeast,Northeast,45.19,USD,ecommerce,wallet_biometric,approved,APPROVE
X000077812,2026-01-04 12:18:13,C000655,A0000655,M00022,T00830,South,South,173.48,USD,card_present,wallet_biometric,approved,APPROVE
X000134659,2026-01-04 12:18:24,C001105,A0001105,M00351,T00802,West,West,27.73,USD,ecommerce,3ds,approved,APPROVE
X000098641,2026-01-04 12:18:37,C000827,A0000827,M00542,T01166,South,South,98.85,USD,ecommerce,chip_pin,approved,APPROVE
X000208834,2026-01-04 12:19:04,C001704,A0001704,M00737,T00466,Midwest,Midwest,56.91,USD,ecommerce,wallet_biometric,approved,APPROVE
X000063359,2026-01-04 12:19:12,C000538,A0000538,M00608,T00219,South,South,35.57,USD,card_present,3ds,approved,APPROVE
X000191141,2026-01-04 12:19:19,C001569,A0001569,M00476,T00184,Midwest,Midwest,90.81,USD,ecommerce,magstripe,approved,APPROVE
X000195128,2026-01-04 12:19:43,C001604,A0001604,M00191,T00188,Midwest,Midwest,81.82,USD,card_present,chip_pin,approved,APPROVE
X000215305,2026-01-04 12:20:09,C001758,A0001758,M00166,T00022,Northeast,Northeast,20.35,USD,card_present,chip_pin,approved,APPROVE
X000192027,2026-01-04 12:20:51,C001576,A0001576,M00111,T01015,Midwest,Midwest,113.33,USD,card_present,chip_pin,approved,APPROVE
X000218540,2026-01-04 12:20:53,C001786,A0001786,M00390,T00066,Northeast,Northeast,12.37,USD,ecommerce,wallet_biometric,approved,APPROVE
X000117572,2026-01-04 12:20:55,C000975,A0000975,M00086,T00198,Midwest,Midwest,44.83,USD,ecommerce,chip_pin,approved,APPROVE
X000240637,2026-01-04 12:21:11,C001962,A0001962,M00052,T00843,South,South,24.01,USD,ecommerce,chip_pin,approved,APPROVE
X000058487,2026-01-04 12:21:12,C000496,A0000496,M00067,T00948,South,South,28.47,USD,card_present,3ds,approved,APPROVE
X000136220,2026-01-04 12:21:24,C001121,A0001121,M00376,T00702,South,South,171.4,USD,card_present,3ds,approved,APPROVE
X000200638,2026-01-04 12:22:11,C001644,A0001644,M00739,T00701,South,South,51.58,USD,card_present,chip_pin,approved,APPROVE
X000118412,2026-01-04 12:22:16,C000980,A0000980,M00615,T01067,Midwest,Midwest,226.64,USD,ecommerce,chip_pin,approved,APPROVE
X000234598,2026-01-04 12:22:49,C001914,A0001914,M00511,T00446,Midwest,Midwest,337.42,USD,ecommerce,chip_pin,approved,APPROVE
X000084660,2026-01-04 12:23:12,C000709,A0000709,M00778,T00222,South,South,169.14,USD,card_present,wallet_biometric,approved,APPROVE
X000118865,2026-01-04 12:23:22,C000985,A0000985,M00750,T01142,South,South,88.67,USD,mobile_wallet,wallet_biometric,approved,APPROVE
X000066054,2026-01-04 12:23:25,C000560,A0000560,M00698,T00153,West,West,52.67,USD,card_present,chip_pin,approved,APPROVE
X000175105,2026-01-04 12:23:28,C001442,A0001442,M00550,T01034,West,West,46.21,USD,ecommerce,chip_pin,approved,APPROVE
X000241235,2026-01-04 12:23:33,C001969,A0001969,M00374,T00569,South,South,34.82,USD,ecommerce,wallet_biometric,approved,APPROVE
X000127030,2026-01-04 12:23:34,C001046,A0001046,M00146,T00711,Northeast,Northeast,101.16,USD,card_present,chip_pin,approved,APPROVE
X000143803,2026-01-04 12:23:36,C001186,A0001186,M00154,T01001,South,South,144.71,USD,ecommerce,chip_pin,approved,APPROVE
X000242136,2026-01-04 12:23:43,C001977,A0001977,M00588,T00221,Northeast,West,89.61,USD,card_present,magstripe,approved,APPROVE
X000147128,2026-01-04 12:25:24,C001214,A0001214,M00073,T00757,South,South,19.83,USD,card_present,magstripe,approved,APPROVE
X000182019,2026-01-04 12:25:37,C001499,A0001499,M00048,T01172,Northeast,Northeast,5.33,USD,card_present,chip_pin,approved,APPROVE
X000043414,2026-01-04 12:26:40,C000368,A0000368,M00676,T00051,Midwest,Midwest,40.78,USD,card_present,3ds,soft_decline,CHALLENGE
X000058340,2026-01-04 12:26:46,C000495,A0000495,M00055,T01054,South,South,214.22,USD,card_present,3ds,approved,APPROVE
X000056827,2026-01-04 12:27:07,C000481,A0000481,M00786,T00092,Northeast,Northeast,92.26,USD,card_present,chip_pin,approved,APPROVE
X000055571,2026-01-04 12:27:54,C000471,A0000471,M00038,T00874,South,South,222.64,USD,card_present,magstripe,approved,APPROVE
X000202603,2026-01-04 12:28:02,C001658,A0001658,M00471,T00670,Midwest,Midwest,130.53,USD,card_present,chip_pin,approved,APPROVE
X000222952,2026-01-04 12:28:07,C001817,A0001817,M00313,T00777,Northeast,Northeast,65.14,USD,card_present,chip_pin,approved,APPROVE
X000010956,2026-01-04 12:28:31,C000099,A0000099,M00271,T01087,Northeast,Northeast,141.86,USD,card_present,chip_pin,approved,APPROVE
X000156216,2026-01-04 12:28:48,C001286,A0001286,M00585,T00052,Northeast,Midwest,155.5,USD,card_present,chip_pin,approved,APPROVE
X000134369,2026-01-04 12:28:50,C001104,A0001104,M00258,T00527,West,West,223.77,USD,card_present,3ds,approved,APPROVE
X000056557,2026-01-04 12:28:52,C000478,A0000478,M00786,T00092,Northeast,Northeast,33.51,USD,card_present,wallet_biometric,approved,APPROVE
X000084661,2026-01-04 12:29:05,C000709,A0000709,M00778,T00222,South,South,84.25,USD,card_present,chip_pin,approved,APPROVE
X000026083,2026-01-04 12:29:31,C000222,A0000222,M00789,T00268,West,Midwest,20.09,USD,card_present,3ds,approved,APPROVE
X000108285,2026-01-04 12:30:11,C000907,A0000907,M00789,T00365,Midwest,Midwest,81.68,USD,card_present,3ds,approved,APPROVE
X000220931,2026-01-04 12:30:48,C001801,A0001801,M00459,T00809,Northeast,Northeast,31.85,USD,ecommerce,chip_pin,approved,APPROVE
X000107975,2026-01-04 12:30:59,C000904,A0000904,M00579,T01107,Midwest,West,438.75,USD,ecommerce,magstripe,approved,APPROVE
X000182575,2026-01-04 12:31:24,C001502,A0001502,M00171,T00061,Northeast,Northeast,41.72,USD,card_present,chip_pin,approved,APPROVE
X000043036,2026-01-04 12:31:38,C000364,A0000364,M00457,T00242,Midwest,Midwest,45.69,USD,mobile_wallet,3ds,approved,APPROVE
X000016990,2026-01-04 12:31:53,C000145,A0000145,M00077,T00783,South,South,42.45,USD,ecommerce,wallet_biometric,approved,APPROVE
X000168628,2026-01-04 12:32:09,C001395,A0001395,M00125,T00778,West,West,89.53,USD,card_present,3ds,approved,APPROVE
X000225370,2026-01-04 12:32:30,C001837,A0001837,M00528,T00301,Midwest,Midwest,27.8,USD,ecommerce,chip_pin,approved,APPROVE
X000072014,2026-01-04 12:32:32,C000610,A0000610,M00562,T01175,West,West,91.9,USD,ecommerce,3ds,approved,APPROVE
X000018563,2026-01-04 12:32:44,C000159,A0000159,M00070,T00658,Northeast,Northeast,118.14,USD,card_present,chip_pin,approved,APPROVE
X000184153,2026-01-04 12:33:12,C001517,A0001517,M00459,T00809,Northeast,Northeast,40.75,USD,ecommerce,magstripe,approved,APPROVE
X000181330,2026-01-04 12:34:15,C001491,A0001491,M00692,T00771,Northeast,Northeast,23.14,USD,ecommerce,magstripe,approved,APPROVE
X000201026,2026-01-04 12:34:28,C001647,A0001647,M00121,T00867,West,West,142.3,USD,ecommerce,3ds,approved,APPROVE
X000158945,2026-01-04 12:34:44,C001308,A0001308,M00787,T00660,South,South,45.6,USD,card_present,chip_pin,approved,APPROVE
X000172309,2026-01-04 12:34:48,C001421,A0001421,M00762,T00158,Northeast,Northeast,117.21,USD,ecommerce,chip_pin,approved,APPROVE
X000232126,2026-01-04 12:35:00,C001894,A0001894,M00758,T00582,Northeast,Northeast,626.56,USD,mobile_wallet,wallet_biometric,approved,APPROVE
X000097592,2026-01-04 12:35:05,C000818,A0000818,M00205,T00049,South,South,97.86,USD,card_present,chip_pin,approved,APPROVE
X000013192,2026-01-04 12:35:16,C000115,A0000115,M00050,T01119,Midwest,Midwest,68.69,USD,ecommerce,chip_pin,approved,APPROVE
X000045461,2026-01-04 12:35:26,C000382,A0000382,M00679,T00587,Northeast,Northeast,352.18,USD,ecommerce,wallet_biometric,approved,APPROVE
X000086764,2026-01-04 12:35:52,C000728,A0000728,M00099,T00891,South,South,111.9,USD,ecommerce,3ds,approved,APPROVE
X000184755,2026-01-04 12:36:13,C001522,A0001522,M00130,T00939,South,South,36.9,USD,card_present,3ds,approved,APPROVE
X000230946,2026-01-04 12:36:23,C001884,A0001884,M00763,T00601,South,South,42.89,USD,card_present,magstripe,approved,APPROVE
X000159712,2026-01-04 12:36:59,C001317,A0001317,M00005,T01091,South,South,39.62,USD,ecommerce,3ds,approved,APPROVE
X000240879,2026-01-04 12:37:33,C001966,A0001966,M00099,T00459,South,South,29.19,USD,mobile_wallet,chip_pin,approved,APPROVE
X000227867,2026-01-04 12:37:37,C001857,A0001857,M00412,T00974,Northeast,Northeast,339.12,USD,card_present,3ds,soft_decline,CHALLENGE
X000049049,2026-01-04 12:37:42,C000411,A0000411,M00193,T01039,West,West,37.37,USD,card_present,wallet_biometric,approved,APPROVE
X000101080,2026-01-04 12:37:43,C000851,A0000851,M00754,T01077,West,West,396.7,USD,mobile_wallet,magstripe,approved,APPROVE
X000100849,2026-01-04 12:37:48,C000850,A0000850,M00366,T00195,Northeast,Northeast,328.27,USD,card_present,wallet_biometric,approved,APPROVE
X000039355,2026-01-04 12:37:56,C000335,A0000335,M00796,T00571,West,West,99.3,USD,ecommerce,wallet_biometric,approved,APPROVE
X000169777,2026-01-04 12:38:06,C001401,A0001401,M00040,T00635,Northeast,Northeast,282.76,USD,mobile_wallet,chip_pin,approved,APPROVE
X000077813,2026-01-04 12:38:14,C000655,A0000655,M00022,T00830,South,South,138.62,USD,card_present,chip_pin,approved,APPROVE
X000092552,2026-01-04 12:38:24,C000775,A0000775,M00166,T00022,Northeast,Northeast,129.71,USD,ecommerce,chip_pin,approved,APPROVE
X000099719,2026-01-04 12:39:34,C000838,A0000838,M00668,T00869,Midwest,Midwest,30.55,USD,card_present,chip_pin,approved,APPROVE
X000158589,2026-01-04 12:39:39,C001305,A0001305,M00100,T00272,Northeast,Northeast,36.49,USD,card_present,wallet_biometric,approved,APPROVE
X000090332,2026-01-04 12:41:03,C000756,A0000756,M00513,T00882,Midwest,Midwest,21.85,USD,card_present,magstripe,approved,APPROVE
X000216940,2026-01-04 12:41:04,C001773,A0001773,M00183,T01168,South,South,147.59,USD,card_present,wallet_biometric,approved,APPROVE
X000154316,2026-01-04 12:41:24,C001271,A0001271,M00376,T00266,South,South,107.18,USD,ecommerce,3ds,approved,APPROVE
X000021014,2026-01-04 12:42:57,C000184,A0000184,M00531,T00724,Midwest,Midwest,194.67,USD,card_present,chip_pin,approved,APPROVE
X000112389,2026-01-04 12:43:25,C000940,A0000940,M00005,T00817,South,South,55.11,USD,card_present,chip_pin,approved,APPROVE
X000234926,2026-01-04 12:43:27,C001916,A0001916,M00045,T00921,Midwest,Midwest,167.88,USD,card_present,wallet_biometric,approved,APPROVE
X000084662,2026-01-04 12:44:03,C000709,A0000709,M00459,T00809,South,Northeast,150.06,USD,ecommerce,magstripe,approved,APPROVE
X000230210,2026-01-04 12:44:07,C001877,A0001877,M00083,T00985,Midwest,Midwest,68.01,USD,card_present,wallet_biometric,approved,APPROVE
X000051271,2026-01-04 12:44:42,C000432,A0000432,M00251,T00104,West,West,48.63,USD,ecommerce,chip_pin,approved,APPROVE
X000006302,2026-01-04 12:45:00,C000057,A0000057,M00524,T00085,West,West,189.31,USD,mobile_wallet,chip_pin,approved,APPROVE
X000173999,2026-01-04 12:45:00,C001435,A0001435,M00398,T00960,South,South,54.78,USD,card_present,3ds,soft_decline,CHALLENGE
X000027862,2026-01-04 12:45:37,C000240,A0000240,M00267,T00878,West,West,47.26,USD,card_present,chip_pin,approved,APPROVE
X000101855,2026-01-04 12:45:40,C000858,A0000858,M00282,T01131,South,South,86.98,USD,ecommerce,chip_pin,approved,APPROVE
X000180770,2026-01-04 12:46:06,C001485,A0001485,M00056,T01147,Midwest,Midwest,73.03,USD,ecommerce,wallet_biometric,approved,APPROVE
X000053951,2026-01-04 12:46:09,C000457,A0000457,M00193,T00346,West,West,65.33,USD,ecommerce,chip_pin,approved,APPROVE
X000001024,2026-01-04 12:47:16,C000011,A0000011,M00738,T00899,South,South,74.92,USD,mobile_wallet,chip_pin,approved,APPROVE
X000053716,2026-01-04 12:47:54,C000455,A0000455,M00698,T00516,West,West,15.68,USD,ecommerce,chip_pin,approved,APPROVE
X000028242,2026-01-04 12:48:00,C000244,A0000244,M00594,T01188,Northeast,Northeast,41.72,USD,card_present,magstripe,approved,APPROVE
X000118066,2026-01-04 12:48:08,C000978,A0000978,M00578,T01104,Northeast,Northeast,168.37,USD,ecommerce,magstripe,approved,APPROVE
X000197319,2026-01-04 12:48:13,C001621,A0001621,M00092,T00788,West,West,202.06,USD,ecommerce,chip_pin,approved,APPROVE
X000123042,2026-01-04 12:48:23,C001020,A0001020,M00698,T00516,West,West,145.63,USD,ecommerce,3ds,approved,APPROVE
X000130274,2026-01-04 12:48:28,C001071,A0001071,M00365,T00733,South,South,30.36,USD,ecommerce,chip_pin,approved,APPROVE
X000049267,2026-01-04 12:48:47,C000413,A0000413,M00327,T00251,Northeast,South,75.23,USD,ecommerce,chip_pin,approved,APPROVE
X000171926,2026-01-04 12:49:03,C001419,A0001419,M00433,T00174,Midwest,Midwest,80.68,USD,card_present,3ds,approved,APPROVE
X000234927,2026-01-04 12:49:19,C001916,A0001916,M00662,T00510,Midwest,Midwest,34.78,USD,card_present,wallet_biometric,approved,APPROVE
X000130728,2026-01-04 12:49:25,C001076,A0001076,M00620,T00585,South,South,37.85,USD,mobile_wallet,3ds,approved,APPROVE
X000079643,2026-01-04 12:49:40,C000671,A0000671,M00148,T01086,Midwest,Midwest,82.79,USD,card_present,chip_pin,approved,APPROVE
X000180979,2026-01-04 12:49:49,C001488,A0001488,M00769,T00996,West,West,56.54,USD,card_present,chip_pin,approved,APPROVE
X000129568,2026-01-04 12:49:52,C001066,A0001066,M00409,T00971,Northeast,Northeast,99.2,USD,ecommerce,chip_pin,approved,APPROVE
X000014315,2026-01-04 12:50:00,C000122,A0000122,M00055,T01044,South,South,80.95,USD,ecommerce,chip_pin,approved,APPROVE
X000141986,2026-01-04 12:50:20,C001171,A0001171,M00645,T00428,South,South,69.53,USD,card_present,chip_pin,approved,APPROVE
X000225371,2026-01-04 12:50:41,C001837,A0001837,M00585,T00052,Midwest,Midwest,28.38,USD,ecommerce,chip_pin,approved,APPROVE
X000058780,2026-01-04 12:51:21,C000499,A0000499,M00255,T00819,West,West,226.55,USD,ecommerce,wallet_biometric,approved,APPROVE
X000112573,2026-01-04 12:51:41,C000942,A0000942,M00387,T00209,Northeast,Northeast,24.34,USD,mobile_wallet,chip_pin,approved,APPROVE
X000161482,2026-01-04 12:51:42,C001333,A0001333,M00604,T01134,Northeast,Northeast,106.15,USD,card_present,chip_pin,approved,APPROVE
X000126009,2026-01-04 12:51:48,C001039,A0001039,M00168,T00944,Northeast,Northeast,269.15,USD,mobile_wallet,magstripe,approved,APPROVE
X000203834,2026-01-04 12:51:56,C001667,A0001667,M00645,T00905,South,South,141.28,USD,card_present,chip_pin,approved,APPROVE
X000199533,2026-01-04 12:52:10,C001636,A0001636,M00084,T00910,Midwest,Midwest,123.85,USD,ecommerce,magstripe,approved,APPROVE
X000030279,2026-01-04 12:52:17,C000260,A0000260,M00056,T01147,Midwest,Midwest,338.26,USD,ecommerce,wallet_biometric,approved,APPROVE
X000137980,2026-01-04 12:52:20,C001135,A0001135,M00341,T01190,Midwest,Midwest,16.86,USD,card_present,wallet_biometric,approved,APPROVE
X000008496,2026-01-04 12:52:55,C000078,A0000078,M00036,T01181,Northeast,Northeast,253.54,USD,card_present,3ds,approved,APPROVE
X000206606,2026-01-04 12:52:57,C001687,A0001687,M00302,T01118,Northeast,Northeast,488.52,USD,card_present,3ds,approved,APPROVE
X000168000,2026-01-04 12:54:53,C001389,A0001389,M00511,T00366,Midwest,Midwest,111.77,USD,ecommerce,chip_pin,approved,APPROVE
X000011911,2026-01-04 12:54:58,C000105,A0000105,M00452,T00101,Northeast,Northeast,194.94,USD,card_present,chip_pin,soft_decline,CHALLENGE
X000018233,2026-01-04 12:56:17,C000156,A0000156,M00587,T01174,South,South,139.85,USD,card_present,wallet_biometric,approved,APPROVE
X000079830,2026-01-04 12:56:18,C000672,A0000672,M00313,T00777,Northeast,Northeast,111.43,USD,card_present,chip_pin,approved,APPROVE
X000210897,2026-01-04 12:56:25,C001720,A0001720,M00376,T00702,South,South,67.74,USD,card_present,chip_pin,approved,APPROVE
X000193871,2026-01-04 12:56:58,C001594,A0001594,M00159,T00555,Northeast,Northeast,49.38,USD,mobile_wallet,magstripe,approved,APPROVE
X000148996,2026-01-04 12:57:01,C001227,A0001227,M00230,T00074,West,West,50.21,USD,card_present,chip_pin,approved,APPROVE
X000065129,2026-01-04 12:57:26,C000552,A0000552,M00335,T00138,South,South,67.83,USD,card_present,chip_pin,approved,APPROVE
X000161900,2026-01-04 12:57:29,C001336,A0001336,M00377,T00663,Midwest,Midwest,34.13,USD,card_present,chip_pin,approved,APPROVE
X000227574,2026-01-04 12:57:59,C001855,A0001855,M00578,T01104,Northeast,Northeast,27.53,USD,card_present,chip_pin,approved,APPROVE
X000234599,2026-01-04 12:58:53,C001914,A0001914,M00615,T00908,Midwest,Midwest,393.27,USD,mobile_wallet,3ds,approved,APPROVE
X000242279,2026-01-04 12:59:01,C001979,A0001979,M00042,T00546,Northeast,Northeast,50.04,USD,ecommerce,3ds,approved,APPROVE
X000229447,2026-01-04 12:59:34,C001869,A0001869,M00191,T00568,Midwest,Midwest,36.57,USD,ecommerce,3ds,approved,APPROVE
X000064358,2026-01-04 12:59:48,C000547,A0000547,M00663,T00862,West,West,59.16,USD,ecommerce,chip_pin,approved,APPROVE
X000118413,2026-01-04 13:00:04,C000980,A0000980,M00528,T00475,Midwest,Midwest,176.82,USD,ecommerce,chip_pin,approved,APPROVE
X000075991,2026-01-04 13:00:10,C000639,A0000639,M00271,T01087,Northeast,Northeast,45.99,USD,ecommerce,chip_pin,approved,APPROVE
X000010957,2026-01-04 13:00:32,C000099,A0000099,M00691,T01123,Northeast,Northeast,98.21,USD,ecommerce,chip_pin,approved,APPROVE
X000080001,2026-01-04 13:00:36,C000674,A0000674,M00557,T00649,Midwest,Midwest,285.61,USD,card_present,chip_pin,approved,APPROVE
X000063601,2026-01-04 13:01:20,C000541,A0000541,M00184,T00927,South,South,114.88,USD,ecommerce,chip_pin,approved,APPROVE
X000166092,2026-01-04 13:02:18,C001370,A0001370,M00196,T00164,Midwest,Midwest,46.2,USD,mobile_wallet,3ds,approved,APPROVE
X000235718,2026-01-04 13:03:05,C001922,A0001922,M00781,T00629,Northeast,Northeast,83.5,USD,ecommerce,3ds,approved,APPROVE
X000164338,2026-01-04 13:03:39,C001355,A0001355,M00459,T00795,Northeast,Northeast,224.93,USD,card_present,magstripe,approved,APPROVE
X000076410,2026-01-04 13:03:45,C000643,A0000643,M00283,T01004,Northeast,Northeast,51.54,USD,ecommerce,chip_pin,approved,APPROVE
X000063862,2026-01-04 13:03:46,C000542,A0000542,M00049,T01047,West,West,1447.65,USD,card_present,chip_pin,approved,APPROVE
X000032380,2026-01-04 13:04:11,C000275,A0000275,M00130,T01074,South,South,141.72,USD,card_present,chip_pin,approved,APPROVE
X000114859,2026-01-04 13:04:25,C000956,A0000956,M00494,T01193,West,West,196.37,USD,card_present,chip_pin,approved,APPROVE
X000153347,2026-01-04 13:04:34,C001261,A0001261,M00264,T00543,Midwest,Midwest,49.84,USD,card_present,wallet_biometric,approved,APPROVE
X000197982,2026-01-04 13:04:53,C001624,A0001624,M00347,T00680,Midwest,Midwest,72.78,USD,ecommerce,chip_pin,approved,APPROVE
X000183994,2026-01-04 13:04:55,C001516,A0001516,M00374,T00569,South,South,123.81,USD,ecommerce,chip_pin,approved,APPROVE
X000083048,2026-01-04 13:05:34,C000695,A0000695,M00604,T01180,Northeast,Northeast,47.5,USD,card_present,chip_pin,approved,APPROVE
X000008805,2026-01-04 13:05:54,C000080,A0000080,M00675,T00026,Midwest,Midwest,16.4,USD,card_present,3ds,approved,APPROVE
X000001445,2026-01-04 13:05:55,C000015,A0000015,M00074,T01036,South,South,188.55,USD,card_present,chip_pin,approved,APPROVE
X000244178,2026-01-04 13:06:44,C001991,A0001991,M00647,T01037,West,West,158.87,USD,mobile_wallet,wallet_biometric,approved,APPROVE
X000230619,2026-01-04 13:07:23,C001881,A0001881,M00193,T00346,West,West,190.56,USD,ecommerce,3ds,approved,APPROVE
X000037620,2026-01-04 13:07:40,C000321,A0000321,M00248,T00017,South,South,30.68,USD,mobile_wallet,chip_pin,approved,APPROVE
X000190026,2026-01-04 13:07:49,C001562,A0001562,M00700,T00679,Northeast,Northeast,213.26,USD,ecommerce,3ds,approved,APPROVE
X000162102,2026-01-04 13:08:18,C001339,A0001339,M00661,T00141,Northeast,Northeast,104.09,USD,ecommerce,chip_pin,approved,APPROVE
X000203835,2026-01-04 13:09:07,C001667,A0001667,M00038,T00321,South,South,164.97,USD,ecommerce,chip_pin,approved,APPROVE
X000128743,2026-01-04 13:09:39,C001060,A0001060,M00682,T00517,Northeast,Northeast,96.81,USD,mobile_wallet,magstripe,approved,APPROVE
X000193274,2026-01-04 13:09:54,C001587,A0001587,M00305,T01095,Northeast,Northeast,39.83,USD,ecommerce,wallet_biometric,approved,APPROVE
X000153532,2026-01-04 13:10:14,C001263,A0001263,M00492,T00550,West,West,53.69,USD,card_present,chip_pin,approved,APPROVE
X000163918,2026-01-04 13:10:14,C001351,A0001351,M00187,T00256,South,South,25.07,USD,card_present,chip_pin,approved,APPROVE
X000140698,2026-01-04 13:10:32,C001159,A0001159,M00412,T00593,Northeast,Northeast,30.94,USD,card_present,chip_pin,approved,APPROVE
X000165737,2026-01-04 13:11:14,C001368,A0001368,M00206,T00975,West,West,235.17,USD,ecommerce,wallet_biometric,approved,APPROVE
X000163638,2026-01-04 13:11:29,C001349,A0001349,M00761,T00945,South,South,76.33,USD,ecommerce,chip_pin,approved,APPROVE
X000226057,2026-01-04 13:11:42,C001842,A0001842,M00352,T01169,Midwest,Midwest,39.94,USD,ecommerce,magstripe,approved,APPROVE
X000069975,2026-01-04 13:12:14,C000596,A0000596,M00022,T00830,South,South,106.94,USD,ecommerce,chip_pin,approved,APPROVE
X000050619,2026-01-04 13:12:26,C000425,A0000425,M00086,T00198,Midwest,Midwest,55.0,USD,mobile_wallet,3ds,approved,APPROVE
X000204679,2026-01-04 13:12:27,C001671,A0001671,M00497,T00121,West,West,44.92,USD,ecommerce,chip_pin,approved,APPROVE
X000142963,2026-01-04 13:12:35,C001178,A0001178,M00127,T00699,Midwest,South,42.75,USD,card_present,chip_pin,approved,APPROVE
X000073635,2026-01-04 13:13:49,C000623,A0000623,M00640,T01025,Midwest,Midwest,60.64,USD,ecommerce,magstripe,approved,APPROVE
X000089300,2026-01-04 13:14:03,C000748,A0000748,M00067,T00948,South,South,309.84,USD,ecommerce,chip_pin,approved,APPROVE
X000015191,2026-01-04 13:14:12,C000129,A0000129,M00009,T00774,South,South,28.85,USD,ecommerce,3ds,approved,APPROVE
X000032381,2026-01-04 13:14:13,C000275,A0000275,M00110,T00096,South,South,79.8,USD,ecommerce,chip_pin,approved,APPROVE
X000168534,2026-01-04 13:14:53,C001394,A0001394,M00019,T00745,Northeast,Northeast,42.31,USD,ecommerce,magstripe,approved,APPROVE
X000006303,2026-01-04 13:15:22,C000057,A0000057,M00708,T00450,West,West,260.21,USD,card_present,chip_pin,approved,APPROVE
X000242468,2026-01-04 13:15:27,C001980,A0001980,M00708,T00450,Midwest,West,165.09,USD,card_present,wallet_biometric,approved,APPROVE
X000197247,2026-01-04 13:15:43,C001620,A0001620,M00345,T01160,South,South,21.77,USD,ecommerce,chip_pin,approved,APPROVE
X000012718,2026-01-04 13:16:07,C000111,A0000111,M00249,T00554,South,South,174.86,USD,ecommerce,3ds,approved,APPROVE
X000080824,2026-01-04 13:16:10,C000679,A0000679,M00401,T00536,South,South,30.53,USD,ecommerce,3ds,approved,APPROVE
X000120562,2026-01-04 13:16:25,C001002,A0001002,M00325,T00368,Northeast,Northeast,105.08,USD,card_present,chip_pin,approved,APPROVE
X000149984,2026-01-04 13:16:57,C001236,A0001236,M00232,T00156,West,West,342.77,USD,card_present,chip_pin,approved,APPROVE
X000095474,2026-01-04 13:17:27,C000798,A0000798,M00613,T00331,South,South,189.06,USD,card_present,3ds,approved,APPROVE
X000044754,2026-01-04 13:18:22,C000378,A0000378,M00005,T00817,South,South,302.65,USD,card_present,chip_pin,approved,APPROVE
X000240349,2026-01-04 13:18:22,C001961,A0001961,M00453,T00831,South,South,160.82,USD,card_present,chip_pin,approved,APPROVE
X000058781,2026-01-04 13:19:17,C000499,A0000499,M00255,T00819,West,West,225.98,USD,card_present,chip_pin,approved,APPROVE
X000134728,2026-01-04 13:19:39,C001106,A0001106,M00122,T00125,South,South,41.87,USD,card_present,wallet_biometric,approved,APPROVE
X000064048,2026-01-04 13:19:46,C000543,A0000543,M00374,T00569,Northeast,South,42.23,USD,card_present,wallet_biometric,approved,APPROVE
X000196140,2026-01-04 13:19:51,C001612,A0001612,M00798,T01060,Northeast,Northeast,114.51,USD,card_present,chip_pin,approved,APPROVE
X000078231,2026-01-04 13:20:00,C000659,A0000659,M00434,T00133,South,South,36.66,USD,card_present,magstripe,approved,APPROVE
X000033205,2026-01-04 13:20:30,C000282,A0000282,M00055,T01044,South,South,273.65,USD,mobile_wallet,3ds,approved,APPROVE
X000203836,2026-01-04 13:20:38,C001667,A0001667,M00038,T00321,South,South,187.08,USD,card_present,wallet_biometric,approved,APPROVE
X000007121,2026-01-04 13:21:00,C000066,A0000066,M00560,T00894,West,West,16.25,USD,ecommerce,wallet_biometric,approved,APPROVE
X000226458,2026-01-04 13:21:05,C001845,A0001845,M00552,T00602,Northeast,Northeast,54.4,USD,card_present,chip_pin,approved,APPROVE
X000111658,2026-01-04 13:21:18,C000932,A0000932,M00559,T00805,Midwest,Midwest,15.78,USD,card_present,chip_pin,approved,APPROVE
X000012501,2026-01-04 13:21:37,C000109,A0000109,M00730,T01027,West,West,102.3,USD,mobile_wallet,3ds,approved,APPROVE
X000121660,2026-01-04 13:22:13,C001010,A0001010,M00054,T00295,West,West,30.43,USD,ecommerce,chip_pin,soft_decline,CHALLENGE
X000013193,2026-01-04 13:22:15,C000115,A0000115,M00615,T01067,Midwest,Midwest,153.02,USD,ecommerce,3ds,approved,APPROVE
X000061370,2026-01-04 13:22:38,C000524,A0000524,M00342,T00563,Midwest,Midwest,19.6,USD,card_present,wallet_biometric,approved,APPROVE
X000015255,2026-01-04 13:22:45,C000130,A0000130,M00480,T00012,West,West,15.09,USD,card_present,3ds,approved,APPROVE
X000112006,2026-01-04 13:22:51,C000935,A0000935,M00191,T00441,Midwest,Midwest,43.63,USD,ecommerce,3ds,approved,APPROVE
X000006582,2026-01-04 13:23:11,C000059,A0000059,M00028,T00454,Northeast,West,23.42,USD,card_present,3ds,approved,APPROVE
X000175500,2026-01-04 13:23:21,C001446,A0001446,M00427,T01200,South,South,44.1,USD,card_present,3ds,approved,APPROVE
X000008497,2026-01-04 13:23:57,C000078,A0000078,M00552,T00602,Northeast,Northeast,115.86,USD,card_present,3ds,approved,APPROVE
X000069976,2026-01-04 13:24:01,C000596,A0000596,M00022,T00830,South,South,261.01,USD,card_present,chip_pin,approved,APPROVE
X000179784,2026-01-04 13:24:09,C001479,A0001479,M00020,T00254,South,South,232.11,USD,card_present,chip_pin,approved,APPROVE
X000229972,2026-01-04 13:24:25,C001874,A0001874,M00459,T00809,Northeast,Northeast,116.14,USD,ecommerce,chip_pin,approved,APPROVE
X000114132,2026-01-04 13:25:40,C000950,A0000950,M00743,T00220,South,South,28.08,USD,ecommerce,chip_pin,approved,APPROVE
X000172702,2026-01-04 13:26:13,C001425,A0001425,M00413,T01078,West,West,12.75,USD,mobile_wallet,3ds,approved,APPROVE
X000170273,2026-01-04 13:26:26,C001404,A0001404,M00258,T00527,West,West,208.21,USD,ecommerce,wallet_biometric,approved,APPROVE
X000001025,2026-01-04 13:26:57,C000011,A0000011,M00738,T00899,South,South,72.96,USD,ecommerce,chip_pin,approved,APPROVE
X000176613,2026-01-04 13:27:03,C001456,A0001456,M00181,T00177,South,South,11.32,USD,card_present,3ds,approved,APPROVE
X000086765,2026-01-04 13:27:08,C000728,A0000728,M00645,T00155,South,South,115.35,USD,mobile_wallet,wallet_biometric,approved,APPROVE
X000242213,2026-01-04 13:28:17,C001978,A0001978,M00167,T00818,Northeast,Northeast,81.78,USD,ecommerce,chip_pin,approved,APPROVE
X000016568,2026-01-04 13:28:22,C000141,A0000141,M00193,T00346,Midwest,West,109.23,USD,ecommerce,chip_pin,approved,APPROVE
X000007122,2026-01-04 13:28:31,C000066,A0000066,M00560,T00894,West,West,96.45,USD,ecommerce,wallet_biometric,approved,APPROVE
X000016181,2026-01-04 13:28:34,C000137,A0000137,M00544,T00846,South,South,139.82,USD,card_present,chip_pin,approved,APPROVE
X000189437,2026-01-04 13:28:35,C001557,A0001557,M00788,T00018,South,South,292.28,USD,ecommerce,3ds,approved,APPROVE
X000049268,2026-01-04 13:29:39,C000413,A0000413,M00194,T00803,Northeast,Northeast,72.66,USD,card_present,chip_pin,approved,APPROVE
X000139772,2026-01-04 13:30:25,C001153,A0001153,M00100,T00272,Northeast,Northeast,22.06,USD,mobile_wallet,chip_pin,approved,APPROVE
X000010576,2026-01-04 13:30:28,C000096,A0000096,M00313,T00777,Northeast,Northeast,13.49,USD,ecommerce,chip_pin,approved,APPROVE
X000221192,2026-01-04 13:30:29,C001804,A0001804,M00154,T01001,South,South,281.51,USD,ecommerce,magstripe,approved,APPROVE
X000179629,2026-01-04 13:32:10,C001477,A0001477,M00607,T00470,South,South,32.36,USD,card_present,chip_pin,approved,APPROVE
X000061588,2026-01-04 13:32:48,C000526,A0000526,M00769,T00996,West,West,115.47,USD,ecommerce,3ds,approved,APPROVE
X000103366,2026-01-04 13:32:52,C000870,A0000870,M00640,T01025,Midwest,Midwest,24.11,USD,card_present,3ds,approved,APPROVE
X000149985,2026-01-04 13:33:07,C001236,A0001236,M00054,T00545,West,West,110.39,USD,mobile_wallet,chip_pin,approved,APPROVE
X000027423,2026-01-04 13:33:25,C000236,A0000236,M00148,T00250,Midwest,Midwest,75.62,USD,ecommerce,wallet_biometric,approved,APPROVE
X000120333,2026-01-04 13:33:51,C001000,A0001000,M00613,T00852,South,South,23.07,USD,ecommerce,chip_pin,approved,APPROVE
X000141043,2026-01-04 13:33:55,C001162,A0001162,M00123,T00812,Midwest,Midwest,93.51,USD,ecommerce,3ds,approved,APPROVE
X000093712,2026-01-04 13:34:33,C000786,A0000786,M00511,T00501,Midwest,Midwest,72.09,USD,ecommerce,3ds,approved,APPROVE
X000194794,2026-01-04 13:34:34,C001602,A0001602,M00187,T00256,South,South,134.99,USD,card_present,3ds,approved,APPROVE
X000081652,2026-01-04 13:35:00,C000684,A0000684,M00185,T00490,West,West,337.92,USD,card_present,magstripe,approved,APPROVE
X000036050,2026-01-04 13:35:25,C000308,A0000308,M00740,T00262,Northeast,Northeast,220.17,USD,ecommerce,chip_pin,approved,APPROVE
X000223109,2026-01-04 13:35:36,C001819,A0001819,M00600,T00407,South,South,106.13,USD,ecommerce,wallet_biometric,approved,APPROVE
X000205321,2026-01-04 13:35:38,C001678,A0001678,M00687,T01115,Midwest,Midwest,21.57,USD,mobile_wallet,magstripe,approved,APPROVE
X000178473,2026-01-04 13:35:39,C001470,A0001470,M00392,T00577,Midwest,Midwest,199.33,USD,mobile_wallet,chip_pin,approved,APPROVE
X000048633,2026-01-04 13:35:42,C000408,A0000408,M00594,T01188,Northeast,Northeast,89.55,USD,card_present,chip_pin,approved,APPROVE
X000000269,2026-01-04 13:37:12,C000003,A0000003,M00385,T00962,South,South,33.36,USD,mobile_wallet,wallet_biometric,approved,APPROVE
X000056093,2026-01-04 13:37:23,C000474,A0000474,M00592,T00596,South,South,14.87,USD,card_present,wallet_biometric,approved,APPROVE
X000100850,2026-01-04 13:37:39,C000850,A0000850,M00706,T00409,Northeast,Northeast,203.96,USD,ecommerce,chip_pin,approved,APPROVE
X000100367,2026-01-04 13:37:54,C000845,A0000845,M00596,T00100,Midwest,Midwest,407.07,USD,card_present,chip_pin,approved,APPROVE
X000170791,2026-01-04 13:37:58,C001408,A0001408,M00490,T00340,South,South,56.67,USD,ecommerce,wallet_biometric,approved,APPROVE
X000182863,2026-01-04 13:38:28,C001504,A0001504,M00518,T00379,South,South,92.23,USD,card_present,chip_pin,approved,APPROVE
X000176853,2026-01-04 13:38:56,C001458,A0001458,M00692,T00191,Northeast,Northeast,112.24,USD,ecommerce,3ds,approved,APPROVE
X000118628,2026-01-04 13:39:05,C000982,A0000982,M00067,T00948,South,South,129.43,USD,mobile_wallet,3ds,approved,APPROVE
X000091289,2026-01-04 13:39:21,C000766,A0000766,M00702,T00341,Midwest,Midwest,40.71,USD,ecommerce,wallet_biometric,approved,APPROVE
X000101508,2026-01-04 13:40:07,C000854,A0000854,M00068,T00683,Northeast,Northeast,59.81,USD,ecommerce,wallet_biometric,approved,APPROVE
X000163362,2026-01-04 13:40:35,C001348,A0001348,M00323,T01185,South,South,36.03,USD,card_present,3ds,approved,APPROVE
X000175946,2026-01-04 13:41:42,C001450,A0001450,M00400,T00825,West,West,158.57,USD,card_present,chip_pin,approved,APPROVE
X000215551,2026-01-04 13:41:52,C001761,A0001761,M00248,T00017,South,South,58.32,USD,mobile_wallet,3ds,approved,APPROVE
X000139241,2026-01-04 13:43:33,C001148,A0001148,M00240,T00605,Midwest,Midwest,59.82,USD,card_present,chip_pin,approved,APPROVE
X000058782,2026-01-04 13:43:52,C000499,A0000499,M00492,T00550,West,West,78.82,USD,card_present,magstripe,approved,APPROVE
X000052134,2026-01-04 13:43:57,C000441,A0000441,M00023,T00720,Midwest,Midwest,61.11,USD,card_present,chip_pin,approved,APPROVE
X000213196,2026-01-04 13:44:02,C001741,A0001741,M00679,T00587,Northeast,Northeast,81.22,USD,card_present,chip_pin,approved,APPROVE
X000161901,2026-01-04 13:44:07,C001336,A0001336,M00676,T00282,Midwest,Midwest,85.57,USD,ecommerce,magstripe,approved,APPROVE
X000168938,2026-01-04 13:44:15,C001397,A0001397,M00780,T00896,South,West,106.26,USD,card_present,wallet_biometric,approved,APPROVE
X000124504,2026-01-04 13:44:19,C001030,A0001030,M00338,T00847,Northeast,Northeast,159.85,USD,card_present,chip_pin,approved,APPROVE
X000061589,2026-01-04 13:44:40,C000526,A0000526,M00524,T00033,West,West,145.58,USD,ecommerce,chip_pin,approved,APPROVE
X000018663,2026-01-04 13:45:45,C000160,A0000160,M00179,T00056,Midwest,Midwest,69.38,USD,card_present,chip_pin,approved,APPROVE
X000157311,2026-01-04 13:46:16,C001294,A0001294,M00309,T01011,Northeast,Northeast,81.58,USD,card_present,chip_pin,approved,APPROVE
X000091164,2026-01-04 13:46:27,C000765,A0000765,M00780,T01096,West,West,51.88,USD,card_present,wallet_biometric,approved,APPROVE
X000174000,2026-01-04 13:46:51,C001435,A0001435,M00147,T00338,South,South,80.16,USD,mobile_wallet,chip_pin,approved,APPROVE
X000236385,2026-01-04 13:47:08,C001929,A0001929,M00790,T00112,Northeast,Northeast,249.1,USD,ecommerce,chip_pin,approved,APPROVE
X000138659,2026-01-04 13:47:10,C001142,A0001142,M00325,T00244,Northeast,Northeast,1293.82,USD,card_present,3ds,approved,APPROVE
X000066254,2026-01-04 13:48:22,C000562,A0000562,M00698,T00693,West,West,152.92,USD,mobile_wallet,3ds,approved,APPROVE
X000135110,2026-01-04 13:48:42,C001110,A0001110,M00376,T00181,South,South,46.39,USD,ecommerce,magstripe,approved,APPROVE
X000005059,2026-01-04 13:48:56,C000047,A0000047,M00340,T01159,West,West,16.58,USD,card_present,3ds,approved,APPROVE
X000041778,2026-01-04 13:48:56,C000354,A0000354,M00074,T01036,South,South,84.58,USD,card_present,chip_pin,approved,APPROVE
X000206347,2026-01-04 13:50:56,C001685,A0001685,M00509,T01064,West,West,35.23,USD,ecommerce,chip_pin,approved,APPROVE
X000148447,2026-01-04 13:51:11,C001225,A0001225,M00376,T00309,South,South,160.46,USD,card_present,chip_pin,approved,APPROVE
X000201497,2026-01-04 13:51:15,C001650,A0001650,M00566,T00559,West,West,429.85,USD,card_present,wallet_biometric,approved,APPROVE
X000018852,2026-01-04 13:51:37,C000162,A0000162,M00510,T00280,West,West,19.65,USD,card_present,chip_pin,approved,APPROVE
X000118866,2026-01-04 13:51:57,C000985,A0000985,M00013,T00686,South,South,15.98,USD,card_present,chip_pin,approved,APPROVE
X000015256,2026-01-04 13:52:46,C000130,A0000130,M00131,T00706,West,West,31.57,USD,card_present,3ds,approved,APPROVE
X000105616,2026-01-04 13:53:09,C000888,A0000888,M00652,T00786,West,West,107.74,USD,ecommerce,magstripe,approved,APPROVE
X000067103,2026-01-04 13:54:31,C000570,A0000570,M00087,T00716,South,South,53.1,USD,ecommerce,wallet_biometric,approved,APPROVE
X000176184,2026-01-04 13:54:47,C001452,A0001452,M00764,T01031,West,West,37.2,USD,card_present,3ds,approved,APPROVE
X000199874,2026-01-04 13:55:12,C001638,A0001638,M00255,T00573,West,West,39.96,USD,card_present,3ds,soft_decline,CHALLENGE
X000103209,2026-01-04 13:55:21,C000868,A0000868,M00674,T00232,Midwest,Midwest,44.16,USD,mobile_wallet,chip_pin,approved,APPROVE
X000097824,2026-01-04 13:55:49,C000820,A0000820,M00217,T00041,South,South,110.79,USD,card_present,chip_pin,approved,APPROVE
X000116021,2026-01-04 13:56:08,C000964,A0000964,M00700,T00679,Northeast,Northeast,66.35,USD,card_present,chip_pin,approved,APPROVE
X000092720,2026-01-04 13:56:54,C000777,A0000777,M00199,T00748,Midwest,Midwest,68.72,USD,ecommerce,chip_pin,approved,APPROVE
X000232439,2026-01-04 13:56:54,C001896,A0001896,M00227,T00504,Midwest,Midwest,95.77,USD,card_present,chip_pin,approved,APPROVE
X000214632,2026-01-04 13:57:28,C001753,A0001753,M00513,T00882,South,Midwest,225.86,USD,mobile_wallet,3ds,approved,APPROVE
X000224987,2026-01-04 13:57:35,C001835,A0001835,M00461,T00958,West,West,56.12,USD,ecommerce,chip_pin,approved,APPROVE
X000139773,2026-01-04 13:57:36,C001153,A0001153,M00338,T00847,Northeast,Northeast,44.74,USD,card_present,chip_pin,approved,APPROVE
X000194795,2026-01-04 13:57:51,C001602,A0001602,M00187,T00256,South,South,67.22,USD,ecommerce,wallet_biometric,approved,APPROVE
X000181698,2026-01-04 13:57:59,C001495,A0001495,M00484,T00090,Northeast,South,51.07,USD,card_present,wallet_biometric,soft_decline,CHALLENGE
X000040002,2026-01-04 13:58:17,C000340,A0000340,M00134,T00440,Midwest,Midwest,84.69,USD,card_present,chip_pin,approved,APPROVE
X000186206,2026-01-04 13:58:17,C001531,A0001531,M00191,T00441,Midwest,Midwest,45.22,USD,ecommerce,wallet_biometric,approved,APPROVE
X000136221,2026-01-04 13:58:40,C001121,A0001121,M00367,T00335,South,South,76.25,USD,mobile_wallet,wallet_biometric,approved,APPROVE
X000071452,2026-01-04 13:58:50,C000607,A0000607,M00524,T00085,West,West,139.84,USD,card_present,chip_pin,approved,APPROVE
X000059989,2026-01-04 13:59:03,C000511,A0000511,M00282,T00583,South,South,21.4,USD,ecommerce,3ds,approved,APPROVE
X000069103,2026-01-04 13:59:24,C000588,A0000588,M00323,T01185,South,South,58.88,USD,mobile_wallet,3ds,approved,APPROVE
X000223452,2026-01-04 13:59:39,C001822,A0001822,M00549,T00456,South,South,45.45,USD,ecommerce,chip_pin,approved,APPROVE
X000084496,2026-01-04 13:59:52,C000708,A0000708,M00019,T00826,Northeast,Northeast,41.39,USD,mobile_wallet,magstripe,approved,APPROVE
X000007000,2026-01-04 14:00:18,C000064,A0000064,M00354,T00770,Northeast,Northeast,14.46,USD,card_present,chip_pin,approved,APPROVE
X000015192,2026-01-04 14:00:42,C000129,A0000129,M00009,T00774,South,South,64.34,USD,ecommerce,chip_pin,approved,APPROVE
X000080209,2026-01-04 14:01:18,C000675,A0000675,M00712,T00064,South,South,47.37,USD,card_present,wallet_biometric,approved,APPROVE
X000060179,2026-01-04 14:01:39,C000513,A0000513,M00262,T00998,South,South,134.6,USD,card_present,chip_pin,approved,APPROVE
X000120821,2026-01-04 14:01:52,C001004,A0001004,M00345,T01138,South,South,144.19,USD,card_present,chip_pin,approved,APPROVE
X000215121,2026-01-04 14:02:20,C001757,A0001757,M00200,T00734,Midwest,Midwest,245.1,USD,card_present,wallet_biometric,approved,APPROVE
X000085906,2026-01-04 14:02:34,C000720,A0000720,M00077,T00783,South,South,26.13,USD,ecommerce,chip_pin,approved,APPROVE
X000132354,2026-01-04 14:02:51,C001091,A0001091,M00294,T00904,South,South,11.55,USD,ecommerce,3ds,approved,APPROVE
X000078745,2026-01-04 14:02:53,C000663,A0000663,M00796,T00571,West,West,48.79,USD,mobile_wallet,chip_pin,approved,APPROVE
X000178019,2026-01-04 14:03:31,C001465,A0001465,M00406,T00057,South,South,39.95,USD,card_present,3ds,approved,APPROVE
X000213994,2026-01-04 14:03:31,C001748,A0001748,M00168,T00944,Northeast,Northeast,97.08,USD,card_present,wallet_biometric,soft_decline,CHALLENGE
X000115656,2026-01-04 14:04:09,C000961,A0000961,M00797,T00418,South,South,75.55,USD,ecommerce,wallet_biometric,approved,APPROVE
X000192813,2026-01-04 14:05:31,C001584,A0001584,M00675,T00110,Midwest,Midwest,166.63,USD,card_present,3ds,approved,APPROVE
X000025444,2026-01-04 14:06:23,C000217,A0000217,M00795,T00503,Northeast,Northeast,31.01,USD,card_present,3ds,approved,APPROVE
X000087779,2026-01-04 14:06:27,C000737,A0000737,M00731,T00584,Northeast,Northeast,19.07,USD,card_present,3ds,approved,APPROVE
X000129301,2026-01-04 14:06:37,C001064,A0001064,M00758,T00582,Northeast,Northeast,108.71,USD,card_present,chip_pin,approved,APPROVE
X000100368,2026-01-04 14:06:49,C000845,A0000845,M00382,T00233,Midwest,Midwest,184.12,USD,ecommerce,3ds,approved,APPROVE
X000007190,2026-01-04 14:07:01,C000067,A0000067,M00788,T01136,South,South,17.14,USD,card_present,magstripe,approved,APPROVE
X000011912,2026-01-04 14:07:11,C000105,A0000105,M00452,T00101,Northeast,Northeast,60.63,USD,card_present,chip_pin,approved,APPROVE
X000193039,2026-01-04 14:07:36,C001585,A0001585,M00316,T00389,South,South,19.36,USD,card_present,3ds,approved,APPROVE
X000222434,2026-01-04 14:07:41,C001813,A0001813,M00529,T00863,Midwest,Midwest,478.89,USD,ecommerce,wallet_biometric,approved,APPROVE
X000218145,2026-01-04 14:09:03,C001782,A0001782,M00205,T00934,Northeast,South,32.63,USD,ecommerce,chip_pin,approved,APPROVE
X000214862,2026-01-04 14:09:17,C001755,A0001755,M00459,T00809,Northeast,Northeast,33.01,USD,mobile_wallet,wallet_biometric,approved,APPROVE
X000166946,2026-01-04 14:09:18,C001379,A0001379,M00282,T00583,South,South,60.03,USD,card_present,3ds,approved,APPROVE
X000019805,2026-01-04 14:09:29,C000172,A0000172,M00054,T00295,West,West,149.61,USD,card_present,wallet_biometric,approved,APPROVE
X000098727,2026-01-04 14:09:41,C000828,A0000828,M00262,T00998,South,South,179.06,USD,card_present,3ds,approved,APPROVE
X000223543,2026-01-04 14:09:45,C001823,A0001823,M00184,T00058,South,South,33.57,USD,ecommerce,3ds,approved,APPROVE
X000072881,2026-01-04 14:09:52,C000616,A0000616,M00376,T00702,South,South,42.33,USD,card_present,chip_pin,approved,APPROVE
X000244179,2026-01-04 14:10:15,C001991,A0001991,M00560,T00868,West,West,357.45,USD,ecommerce,chip_pin,approved,APPROVE
X000057827,2026-01-04 14:10:18,C000491,A0000491,M00315,T01023,Midwest,Midwest,31.82,USD,mobile_wallet,3ds,approved,APPROVE
X000181888,2026-01-04 14:10:20,C001497,A0001497,M00682,T00517,Northeast,Northeast,35.44,USD,card_present,3ds,approved,APPROVE
X000182420,2026-01-04 14:10:30,C001501,A0001501,M00731,T00584,Northeast,Northeast,26.09,USD,card_present,chip_pin,approved,APPROVE
X000211917,2026-01-04 14:10:34,C001728,A0001728,M00154,T00515,Northeast,South,238.28,USD,card_present,chip_pin,approved,APPROVE
X000047660,2026-01-04 14:10:47,C000402,A0000402,M00297,T00721,Midwest,Northeast,44.89,USD,card_present,chip_pin,approved,APPROVE
X000035714,2026-01-04 14:10:48,C000304,A0000304,M00798,T00402,Northeast,Northeast,60.46,USD,ecommerce,3ds,approved,APPROVE
X000114661,2026-01-04 14:10:50,C000954,A0000954,M00285,T01108,Midwest,Midwest,23.42,USD,ecommerce,chip_pin,approved,APPROVE
X000198970,2026-01-04 14:11:28,C001630,A0001630,M00396,T00828,West,West,58.71,USD,mobile_wallet,chip_pin,approved,APPROVE
X000061991,2026-01-04 14:12:47,C000528,A0000528,M00703,T00135,Midwest,Midwest,79.39,USD,mobile_wallet,magstripe,approved,APPROVE
X000182688,2026-01-04 14:13:22,C001503,A0001503,M00380,T00352,Midwest,Midwest,95.21,USD,card_present,chip_pin,approved,APPROVE
X000171049,2026-01-04 14:13:37,C001411,A0001411,M00096,T00202,West,West,118.69,USD,ecommerce,chip_pin,approved,APPROVE
X000064127,2026-01-04 14:13:52,C000544,A0000544,M00050,T01119,Midwest,Midwest,123.13,USD,ecommerce,chip_pin,approved,APPROVE
X000034605,2026-01-04 14:13:58,C000294,A0000294,M00666,T00992,South,South,56.71,USD,ecommerce,chip_pin,approved,APPROVE
X000152007,2026-01-04 14:14:34,C001250,A0001250,M00359,T00984,Midwest,Midwest,20.2,USD,mobile_wallet,3ds,approved,APPROVE
X000114232,2026-01-04 14:14:38,C000951,A0000951,M00687,T01115,Midwest,Midwest,101.96,USD,ecommerce,magstripe,approved,APPROVE
X000056094,2026-01-04 14:16:16,C000474,A0000474,M00192,T00126,South,South,18.05,USD,card_present,chip_pin,approved,APPROVE
X000236663,2026-01-04 14:17:18,C001930,A0001930,M00378,T00730,South,South,32.0,USD,mobile_wallet,3ds,approved,APPROVE
X000152679,2026-01-04 14:17:21,C001256,A0001256,M00638,T00151,Northeast,Northeast,39.21,USD,card_present,wallet_biometric,approved,APPROVE
X000175823,2026-01-04 14:17:30,C001449,A0001449,M00071,T00437,West,West,187.77,USD,card_present,3ds,approved,APPROVE
X000195957,2026-01-04 14:17:41,C001610,A0001610,M00735,T00059,Midwest,Midwest,11.37,USD,ecommerce,wallet_biometric,approved,APPROVE
X000242853,2026-01-04 14:17:42,C001981,A0001981,M00401,T00536,South,South,83.78,USD,card_present,3ds,approved,APPROVE
X000068163,2026-01-04 14:18:13,C000578,A0000578,M00013,T00686,South,South,19.71,USD,card_present,chip_pin,approved,APPROVE
X000010759,2026-01-04 14:18:17,C000098,A0000098,M00087,T00078,South,South,115.3,USD,mobile_wallet,3ds,approved,APPROVE
X000189879,2026-01-04 14:18:17,C001561,A0001561,M00544,T00081,South,South,168.43,USD,card_present,chip_pin,approved,APPROVE
X000124505,2026-01-04 14:18:23,C001030,A0001030,M00338,T00847,Northeast,Northeast,115.42,USD,ecommerce,3ds,approved,APPROVE
X000051388,2026-01-04 14:18:52,C000434,A0000434,M00597,T00544,Midwest,Midwest,41.17,USD,card_present,chip_pin,approved,APPROVE
X000032382,2026-01-04 14:18:54,C000275,A0000275,M00406,T00057,South,South,71.45,USD,card_present,chip_pin,approved,APPROVE
X000189438,2026-01-04 14:19:00,C001557,A0001557,M00253,T01072,South,South,257.1,USD,mobile_wallet,chip_pin,approved,APPROVE
X000195129,2026-01-04 14:19:09,C001604,A0001604,M00191,T00591,Midwest,Midwest,42.67,USD,card_present,wallet_biometric,approved,APPROVE
X000138974,2026-01-04 14:20:05,C001145,A0001145,M00203,T00186,Northeast,Northeast,19.85,USD,ecommerce,3ds,approved,APPROVE
X000079316,2026-01-04 14:20:08,C000668,A0000668,M00738,T00899,South,South,166.34,USD,mobile_wallet,3ds,approved,APPROVE
X000055307,2026-01-04 14:21:01,C000468,A0000468,M00529,T00863,Midwest,Midwest,36.41,USD,ecommerce,magstripe,approved,APPROVE
X000179261,2026-01-04 14:21:05,C001476,A0001476,M00667,T00182,Northeast,Northeast,228.24,USD,card_present,chip_pin,approved,APPROVE
X000098433,2026-01-04 14:21:26,C000825,A0000825,M00555,T00348,Midwest,Midwest,27.02,USD,mobile_wallet,wallet_biometric,approved,APPROVE
X000106172,2026-01-04 14:21:52,C000892,A0000892,M00094,T00737,South,South,213.38,USD,card_present,wallet_biometric,approved,APPROVE
X000171839,2026-01-04 14:22:01,C001418,A0001418,M00282,T01131,South,South,55.34,USD,card_present,wallet_biometric,approved,APPROVE
X000033894,2026-01-04 14:22:55,C000289,A0000289,M00125,T00414,West,West,238.53,USD,ecommerce,wallet_biometric,approved,APPROVE
X000090573,2026-01-04 14:23:06,C000759,A0000759,M00618,T00042,Northeast,Northeast,15.33,USD,mobile_wallet,3ds,approved,APPROVE
X000123400,2026-01-04 14:24:16,C001023,A0001023,M00499,T00391,Northeast,Northeast,146.82,USD,ecommerce,chip_pin,approved,APPROVE
X000226619,2026-01-04 14:24:24,C001847,A0001847,M00529,T00187,Midwest,Midwest,15.43,USD,ecommerce,chip_pin,approved,APPROVE
X000043602,2026-01-04 14:24:38,C000370,A0000370,M00786,T00092,Northeast,Northeast,26.96,USD,mobile_wallet,wallet_biometric,approved,APPROVE
X000135762,2026-01-04 14:24:57,C001116,A0001116,M00753,T00413,South,South,59.02,USD,card_present,3ds,approved,APPROVE
X000135605,2026-01-04 14:25:00,C001114,A0001114,M00555,T00877,South,Midwest,54.65,USD,card_present,chip_pin,approved,APPROVE
X000206449,2026-01-04 14:25:23,C001686,A0001686,M00663,T00502,West,West,164.24,USD,card_present,wallet_biometric,approved,APPROVE
X000149986,2026-01-04 14:26:15,C001236,A0001236,M00054,T00545,West,West,50.26,USD,ecommerce,chip_pin,approved,APPROVE
X000150890,2026-01-04 14:26:16,C001241,A0001241,M00302,T00011,Northeast,Northeast,275.68,USD,ecommerce,3ds,approved,APPROVE
X000227290,2026-01-04 14:26:37,C001853,A0001853,M00708,T00618,West,West,544.64,USD,ecommerce,chip_pin,approved,APPROVE
X000095888,2026-01-04 14:27:08,C000801,A0000801,M00345,T00208,South,South,17.36,USD,ecommerce,chip_pin,approved,APPROVE
X000120219,2026-01-04 14:27:31,C000998,A0000998,M00289,T00362,South,South,23.65,USD,ecommerce,chip_pin,approved,APPROVE
X000019007,2026-01-04 14:27:51,C000164,A0000164,M00343,T00030,West,West,67.27,USD,card_present,3ds,approved,APPROVE
X000045197,2026-01-04 14:28:31,C000380,A0000380,M00057,T00373,West,West,19.39,USD,ecommerce,chip_pin,approved,APPROVE
X000148997,2026-01-04 14:28:38,C001227,A0001227,M00619,T00982,West,West,35.04,USD,ecommerce,3ds,approved,APPROVE
X000223029,2026-01-04 14:28:38,C001818,A0001818,M00695,T00845,Midwest,Midwest,92.52,USD,card_present,3ds,approved,APPROVE
X000008806,2026-01-04 14:28:39,C000080,A0000080,M00675,T00026,Midwest,Midwest,45.29,USD,ecommerce,magstripe,approved,APPROVE
X000016653,2026-01-04 14:28:40,C000142,A0000142,M00768,T00457,South,South,47.27,USD,card_present,chip_pin,approved,APPROVE
X000190027,2026-01-04 14:29:01,C001562,A0001562,M00567,T01019,Northeast,Northeast,170.94,USD,card_present,3ds,approved,APPROVE
X000244180,2026-01-04 14:29:10,C001991,A0001991,M00647,T01037,West,West,142.68,USD,mobile_wallet,3ds,approved,APPROVE
X000059752,2026-01-04 14:29:14,C000509,A0000509,M00011,T01040,West,West,78.75,USD,ecommerce,chip_pin,approved,APPROVE
X000150891,2026-01-04 14:30:03,C001241,A0001241,M00168,T00981,Northeast,Northeast,387.99,USD,card_present,magstripe,approved,APPROVE
X000053849,2026-01-04 14:30:08,C000456,A0000456,M00482,T01158,West,West,42.43,USD,mobile_wallet,chip_pin,approved,APPROVE
X000056736,2026-01-04 14:30:27,C000480,A0000480,M00037,T00364,West,West,50.07,USD,mobile_wallet,wallet_biometric,approved,APPROVE
X000111351,2026-01-04 14:30:27,C000930,A0000930,M00040,T00635,Northeast,Northeast,121.27,USD,mobile_wallet,chip_pin,approved,APPROVE
X000058187,2026-01-04 14:30:34,C000494,A0000494,M00740,T00080,Northeast,Northeast,12.35,USD,card_present,wallet_biometric,approved,APPROVE
X000145405,2026-01-04 14:30:42,C001197,A0001197,M00516,T00435,Northeast,Northeast,162.69,USD,card_present,3ds,approved,APPROVE
X000216465,2026-01-04 14:31:21,C001770,A0001770,M00433,T01191,Midwest,Midwest,82.17,USD,card_present,3ds,soft_decline,CHALLENGE
X000094750,2026-01-04 14:31:27,C000792,A0000792,M00244,T00336,South,South,132.37,USD,ecommerce,chip_pin,approved,APPROVE
X000054030,2026-01-04 14:32:05,C000458,A0000458,M00166,T00022,Northeast,Northeast,152.36,USD,card_present,chip_pin,approved,APPROVE
X000006910,2026-01-04 14:32:08,C000063,A0000063,M00130,T00214,South,South,45.82,USD,card_present,3ds,approved,APPROVE
X000132482,2026-01-04 14:32:19,C001092,A0001092,M00604,T00623,Northeast,Northeast,101.38,USD,card_present,chip_pin,approved,APPROVE
X000030280,2026-01-04 14:32:20,C000260,A0000260,M00353,T00378,Midwest,Midwest,536.54,USD,card_present,3ds,approved,APPROVE
X000204680,2026-01-04 14:32:48,C001671,A0001671,M00497,T00121,West,West,64.56,USD,card_present,chip_pin,approved,APPROVE
X000127524,2026-01-04 14:33:25,C001052,A0001052,M00282,T00583,South,South,128.05,USD,card_present,chip_pin,approved,APPROVE
X000079644,2026-01-04 14:34:35,C000671,A0000671,M00148,T01086,Midwest,Midwest,298.39,USD,card_present,3ds,approved,APPROVE
X000135606,2026-01-04 14:34:35,C001114,A0001114,M00340,T01159,South,West,51.71,USD,card_present,3ds,approved,APPROVE
X000111831,2026-01-04 14:34:36,C000934,A0000934,M00574,T00190,Midwest,Midwest,170.03,USD,mobile_wallet,3ds,approved,APPROVE
X000023985,2026-01-04 14:34:41,C000203,A0000203,M00399,T00567,Northeast,West,265.61,USD,mobile_wallet,chip_pin,approved,APPROVE
X000033206,2026-01-04 14:35:07,C000282,A0000282,M00077,T00723,South,South,69.8,USD,card_present,3ds,soft_decline,CHALLENGE
X000103537,2026-01-04 14:35:12,C000872,A0000872,M00378,T01130,South,South,80.38,USD,card_present,magstripe,approved,APPROVE
X000081653,2026-01-04 14:35:17,C000684,A0000684,M00185,T00490,West,West,70.57,USD,ecommerce,chip_pin,approved,APPROVE
X000085996,2026-01-04 14:35:44,C000721,A0000721,M00716,T00263,West,West,93.67,USD,mobile_wallet,magstripe,approved,APPROVE
X000123401,2026-01-04 14:36:12,C001023,A0001023,M00171,T00523,Northeast,Northeast,118.42,USD,card_present,3ds,approved,APPROVE
X000230620,2026-01-04 14:36:12,C001881,A0001881,M00553,T01122,West,West,60.56,USD,ecommerce,3ds,approved,APPROVE
X000042133,2026-01-04 14:36:13,C000357,A0000357,M00087,T00594,Northeast,South,65.9,USD,mobile_wallet,chip_pin,approved,APPROVE
X000107338,2026-01-04 14:36:37,C000900,A0000900,M00414,T00189,Midwest,Midwest,380.07,USD,mobile_wallet,3ds,approved,APPROVE
X000103306,2026-01-04 14:36:53,C000869,A0000869,M00508,T01195,Northeast,Northeast,87.34,USD,ecommerce,wallet_biometric,approved,APPROVE
X000098851,2026-01-04 14:37:06,C000829,A0000829,M00367,T00335,South,South,23.0,USD,ecommerce,wallet_biometric,approved,APPROVE
X000196301,2026-01-04 14:38:14,C001613,A0001613,M00687,T01156,Midwest,Midwest,285.31,USD,mobile_wallet,chip_pin,approved,APPROVE
X000128494,2026-01-04 14:38:17,C001058,A0001058,M00675,T00834,Midwest,Midwest,34.08,USD,ecommerce,chip_pin,approved,APPROVE
X000000801,2026-01-04 14:39:16,C000009,A0000009,M00667,T00609,Northeast,Northeast,50.43,USD,card_present,wallet_biometric,approved,APPROVE
X000011234,2026-01-04 14:40:09,C000101,A0000101,M00439,T00933,West,West,42.88,USD,card_present,chip_pin,approved,APPROVE
X000111352,2026-01-04 14:40:22,C000930,A0000930,M00338,T00600,Northeast,Northeast,106.33,USD,card_present,wallet_biometric,approved,APPROVE
X000119543,2026-01-04 14:40:38,C000992,A0000992,M00077,T00783,South,South,28.44,USD,mobile_wallet,magstripe,soft_decline,CHALLENGE
X000138660,2026-01-04 14:40:39,C001142,A0001142,M00213,T00642,Northeast,Northeast,384.83,USD,card_present,chip_pin,approved,APPROVE
X000067899,2026-01-04 14:41:34,C000576,A0000576,M00628,T01005,West,West,113.3,USD,mobile_wallet,chip_pin,approved,APPROVE
X000181531,2026-01-04 14:41:44,C001493,A0001493,M00365,T00733,South,South,24.27,USD,card_present,wallet_biometric,approved,APPROVE
X000065625,2026-01-04 14:41:48,C000556,A0000556,M00726,T00968,Northeast,Northeast,43.19,USD,card_present,wallet_biometric,approved,APPROVE
X000014023,2026-01-04 14:42:21,C000119,A0000119,M00183,T00617,South,South,51.89,USD,card_present,chip_pin,approved,APPROVE
X000215552,2026-01-04 14:42:45,C001761,A0001761,M00485,T00689,South,South,136.67,USD,ecommerce,chip_pin,approved,APPROVE
X000219257,2026-01-04 14:43:40,C001791,A0001791,M00555,T00877,Northeast,Midwest,15.74,USD,ecommerce,chip_pin,approved,APPROVE
X000014405,2026-01-04 14:44:03,C000123,A0000123,M00296,T00252,South,South,113.36,USD,card_present,magstripe,approved,APPROVE
X000024713,2026-01-04 14:44:11,C000209,A0000209,M00576,T00152,Midwest,Midwest,67.14,USD,mobile_wallet,chip_pin,approved,APPROVE
X000097398,2026-01-04 14:44:49,C000816,A0000816,M00397,T00682,Midwest,Midwest,83.96,USD,ecommerce,wallet_biometric,approved,APPROVE
X000203153,2026-01-04 14:45:50,C001664,A0001664,M00645,T00905,South,South,91.84,USD,card_present,chip_pin,approved,APPROVE
X000075760,2026-01-04 14:46:03,C000637,A0000637,M00443,T00564,South,South,10.37,USD,mobile_wallet,wallet_biometric,approved,APPROVE
X000025161,2026-01-04 14:46:07,C000214,A0000214,M00717,T00614,South,South,72.66,USD,card_present,wallet_biometric,approved,APPROVE
X000134370,2026-01-04 14:46:18,C001104,A0001104,M00482,T00610,West,West,260.21,USD,ecommerce,chip_pin,approved,APPROVE
X000036892,2026-01-04 14:47:58,C000316,A0000316,M00580,T00415,South,South,31.75,USD,mobile_wallet,chip_pin,approved,APPROVE
X000035041,2026-01-04 14:48:21,C000298,A0000298,M00162,T00759,Midwest,Midwest,153.66,USD,card_present,chip_pin,approved,APPROVE
X000086238,2026-01-04 14:48:27,C000724,A0000724,M00311,T01079,Midwest,Midwest,156.14,USD,card_present,3ds,approved,APPROVE
X000008807,2026-01-04 14:48:29,C000080,A0000080,M00770,T00870,Midwest,Midwest,50.27,USD,mobile_wallet,3ds,approved,APPROVE
X000107976,2026-01-04 14:48:42,C000904,A0000904,M00382,T00499,Midwest,Midwest,107.37,USD,card_present,wallet_biometric,approved,APPROVE
X000087402,2026-01-04 14:48:56,C000734,A0000734,M00223,T00651,South,South,123.1,USD,ecommerce,chip_pin,approved,APPROVE
X000120665,2026-01-04 14:49:02,C001003,A0001003,M00471,T00670,Midwest,Midwest,78.03,USD,ecommerce,wallet_biometric,approved,APPROVE
X000004191,2026-01-04 14:49:19,C000037,A0000037,M00282,T01131,South,South,48.3,USD,ecommerce,chip_pin,approved,APPROVE
X000148448,2026-01-04 14:50:03,C001225,A0001225,M00376,T00309,South,South,194.18,USD,card_present,chip_pin,approved,APPROVE
X000185886,2026-01-04 14:50:24,C001528,A0001528,M00179,T00767,Midwest,Midwest,26.04,USD,ecommerce,chip_pin,approved,APPROVE
X000137038,2026-01-04 14:50:56,C001127,A0001127,M00698,T00153,West,West,421.61,USD,card_present,chip_pin,approved,APPROVE
X000243460,2026-01-04 14:50:59,C001987,A0001987,M00784,T00756,South,South,101.06,USD,card_present,chip_pin,approved,APPROVE
X000182421,2026-01-04 14:51:09,C001501,A0001501,M00731,T00584,Northeast,Northeast,47.19,USD,ecommerce,chip_pin,approved,APPROVE
X000067617,2026-01-04 14:51:16,C000573,A0000573,M00264,T01070,Midwest,Midwest,30.36,USD,card_present,chip_pin,approved,APPROVE
X000088049,2026-01-04 14:51:41,C000740,A0000740,M00163,T00147,Midwest,Midwest,18.94,USD,mobile_wallet,3ds,approved,APPROVE
X000156487,2026-01-04 14:51:54,C001288,A0001288,M00050,T01119,Midwest,Midwest,100.75,USD,card_present,chip_pin,approved,APPROVE
X000126751,2026-01-04 14:52:27,C001044,A0001044,M00040,T00656,Northeast,Northeast,54.69,USD,ecommerce,3ds,approved,APPROVE
X000163363,2026-01-04 14:53:08,C001348,A0001348,M00099,T00459,South,South,82.01,USD,card_present,chip_pin,approved,APPROVE
X000207249,2026-01-04 14:53:08,C001691,A0001691,M00693,T01048,South,South,37.45,USD,card_present,chip_pin,soft_decline,CHALLENGE
X000089301,2026-01-04 14:54:02,C000748,A0000748,M00295,T00163,South,South,270.53,USD,mobile_wallet,3ds,approved,APPROVE
X000230764,2026-01-04 14:54:18,C001882,A0001882,M00383,T00570,Midwest,Midwest,15.39,USD,ecommerce,3ds,approved,APPROVE
X000218146,2026-01-04 14:54:32,C001782,A0001782,M00471,T00285,Northeast,Midwest,42.52,USD,card_present,wallet_biometric,approved,APPROVE
X000136222,2026-01-04 14:54:44,C001121,A0001121,M00620,T00551,South,South,72.39,USD,ecommerce,chip_pin,approved,APPROVE
X000139462,2026-01-04 14:55:13,C001150,A0001150,M00376,T00181,South,South,59.09,USD,card_present,wallet_biometric,approved,APPROVE
X000224032,2026-01-04 14:55:41,C001829,A0001829,M00398,T00960,South,South,28.03,USD,ecommerce,3ds,approved,APPROVE
X000103538,2026-01-04 14:55:43,C000872,A0000872,M00696,T00898,South,Midwest,114.03,USD,card_present,3ds,approved,APPROVE
X000206028,2026-01-04 14:56:04,C001681,A0001681,M00598,T00688,West,West,65.76,USD,mobile_wallet,wallet_biometric,approved,APPROVE
X000027114,2026-01-04 14:57:15,C000234,A0000234,M00245,T00626,West,West,178.59,USD,card_present,3ds,approved,APPROVE
X000208082,2026-01-04 14:57:18,C001699,A0001699,M00635,T00849,Midwest,Midwest,176.32,USD,ecommerce,wallet_biometric,approved,APPROVE
X000140145,2026-01-04 14:58:28,C001155,A0001155,M00613,T00449,South,South,265.39,USD,ecommerce,chip_pin,approved,APPROVE
X000044606,2026-01-04 14:58:31,C000377,A0000377,M00712,T00650,South,South,66.97,USD,card_present,chip_pin,approved,APPROVE
X000046121,2026-01-04 14:58:53,C000387,A0000387,M00414,T00189,Midwest,Midwest,41.29,USD,card_present,chip_pin,approved,APPROVE
X000006021,2026-01-04 14:59:10,C000056,A0000056,M00205,T00934,South,South,52.04,USD,card_present,chip_pin,approved,APPROVE
X000058576,2026-01-04 15:00:08,C000497,A0000497,M00032,T00431,West,West,60.77,USD,card_present,3ds,approved,APPROVE
X000139886,2026-01-04 15:00:41,C001154,A0001154,M00406,T00668,South,South,265.42,USD,card_present,wallet_biometric,approved,APPROVE
X000187291,2026-01-04 15:00:46,C001541,A0001541,M00471,T00670,Midwest,Midwest,130.82,USD,mobile_wallet,chip_pin,approved,APPROVE
X000163364,2026-01-04 15:00:51,C001348,A0001348,M00099,T00459,South,South,40.44,USD,mobile_wallet,chip_pin,approved,APPROVE
X000186944,2026-01-04 15:01:17,C001538,A0001538,M00170,T01059,Midwest,Midwest,46.15,USD,ecommerce,chip_pin,approved,APPROVE
X000171840,2026-01-04 15:01:56,C001418,A0001418,M00007,T00196,South,South,30.69,USD,ecommerce,magstripe,approved,APPROVE
X000191681,2026-01-04 15:02:01,C001573,A0001573,M00514,T00978,West,West,172.08,USD,card_present,3ds,approved,APPROVE
X000215953,2026-01-04 15:02:26,C001765,A0001765,M00257,T00772,South,South,44.92,USD,ecommerce,magstripe,approved,APPROVE
X000244938,2026-01-04 15:02:52,C001996,A0001996,M00378,T00467,South,South,92.49,USD,mobile_wallet,chip_pin,approved,APPROVE
X000235541,2026-01-04 15:03:01,C001920,A0001920,M00504,T00422,Northeast,Northeast,113.01,USD,ecommerce,chip_pin,approved,APPROVE
X000040382,2026-01-04 15:03:13,C000343,A0000343,M00018,T00234,South,South,33.75,USD,card_present,chip_pin,approved,APPROVE
X000123962,2026-01-04 15:03:20,C001026,A0001026,M00376,T00266,South,South,56.4,USD,ecommerce,wallet_biometric,approved,APPROVE
X000155795,2026-01-04 15:03:40,C001283,A0001283,M00448,T00142,Midwest,Midwest,291.44,USD,mobile_wallet,3ds,approved,APPROVE
X000219370,2026-01-04 15:03:47,C001792,A0001792,M00093,T01018,Northeast,Northeast,96.26,USD,card_present,chip_pin,approved,APPROVE
X000080577,2026-01-04 15:05:13,C000677,A0000677,M00489,T01009,Northeast,Northeast,240.1,USD,ecommerce,wallet_biometric,approved,APPROVE
X000114860,2026-01-04 15:06:02,C000956,A0000956,M00494,T01193,West,West,288.57,USD,card_present,chip_pin,approved,APPROVE
X000179262,2026-01-04 15:06:10,C001476,A0001476,M00450,T00640,Northeast,Northeast,109.05,USD,ecommerce,3ds,soft_decline,CHALLENGE
X000238293,2026-01-04 15:06:22,C001945,A0001945,M00077,T00530,South,South,18.52,USD,card_present,chip_pin,approved,APPROVE
X000220400,2026-01-04 15:06:43,C001799,A0001799,M00150,T00526,South,South,36.15,USD,card_present,3ds,approved,APPROVE
X000240239,2026-01-04 15:06:51,C001960,A0001960,M00580,T00415,South,South,18.36,USD,card_present,chip_pin,approved,APPROVE
X000203567,2026-01-04 15:07:15,C001666,A0001666,M00674,T00232,Midwest,Midwest,529.53,USD,mobile_wallet,3ds,approved,APPROVE
X000084021,2026-01-04 15:07:33,C000703,A0000703,M00313,T00777,Northeast,Northeast,120.23,USD,card_present,3ds,approved,APPROVE
X000171050,2026-01-04 15:07:54,C001411,A0001411,M00413,T00003,West,West,141.93,USD,ecommerce,3ds,approved,APPROVE
X000230836,2026-01-04 15:08:18,C001883,A0001883,M00479,T00906,Midwest,Midwest,32.59,USD,card_present,magstripe,approved,APPROVE
X000039077,2026-01-04 15:08:47,C000333,A0000333,M00342,T00483,Midwest,Midwest,70.84,USD,card_present,wallet_biometric,approved,APPROVE
X000080210,2026-01-04 15:09:01,C000675,A0000675,M00712,T00064,South,South,31.96,USD,card_present,wallet_biometric,approved,APPROVE
X000084497,2026-01-04 15:09:09,C000708,A0000708,M00077,T00306,Northeast,South,87.11,USD,card_present,chip_pin,approved,APPROVE
X000198922,2026-01-04 15:09:31,C001629,A0001629,M00638,T00151,Northeast,Northeast,26.25,USD,mobile_wallet,wallet_biometric,approved,APPROVE
X000099069,2026-01-04 15:09:38,C000831,A0000831,M00239,T00791,South,South,20.92,USD,ecommerce,chip_pin,approved,APPROVE
X000123813,2026-01-04 15:09:41,C001025,A0001025,M00204,T00165,Midwest,Midwest,31.94,USD,mobile_wallet,magstripe,approved,APPROVE
X000172614,2026-01-04 15:10:25,C001424,A0001424,M00625,T00763,Northeast,Northeast,44.55,USD,ecommerce,3ds,approved,APPROVE
X000193529,2026-01-04 15:11:22,C001590,A0001590,M00112,T00586,West,West,20.48,USD,mobile_wallet,3ds,approved,APPROVE
X000182864,2026-01-04 15:11:28,C001504,A0001504,M00518,T00379,South,South,130.67,USD,ecommerce,3ds,approved,APPROVE
X000208083,2026-01-04 15:12:07,C001699,A0001699,M00635,T00849,Midwest,Midwest,162.98,USD,card_present,chip_pin,approved,APPROVE
X000154900,2026-01-04 15:12:19,C001277,A0001277,M00623,T00969,Midwest,Midwest,201.72,USD,card_present,chip_pin,approved,APPROVE
X000085575,2026-01-04 15:12:26,C000716,A0000716,M00399,T01051,West,West,36.28,USD,card_present,wallet_biometric,approved,APPROVE
X000017208,2026-01-04 15:12:27,C000148,A0000148,M00067,T00948,South,South,61.71,USD,card_present,magstripe,approved,APPROVE
X000022710,2026-01-04 15:12:27,C000196,A0000196,M00086,T00892,Midwest,Midwest,118.83,USD,ecommerce,chip_pin,approved,APPROVE
X000092721,2026-01-04 15:12:36,C000777,A0000777,M00199,T00748,Midwest,Midwest,60.68,USD,ecommerce,3ds,approved,APPROVE
X000163639,2026-01-04 15:12:57,C001349,A0001349,M00761,T00945,South,South,120.05,USD,mobile_wallet,chip_pin,approved,APPROVE
X000011718,2026-01-04 15:13:40,C000104,A0000104,M00382,T00436,Midwest,Midwest,118.42,USD,card_present,chip_pin,approved,APPROVE
X000063602,2026-01-04 15:13:47,C000541,A0000541,M00184,T00927,South,South,92.66,USD,ecommerce,3ds,approved,APPROVE
X000074890,2026-01-04 15:13:47,C000631,A0000631,M00690,T00361,Northeast,Northeast,176.45,USD,mobile_wallet,chip_pin,approved,APPROVE
X000091038,2026-01-04 15:14:18,C000763,A0000763,M00645,T00155,South,South,159.33,USD,mobile_wallet,3ds,approved,APPROVE
X000118067,2026-01-04 15:14:27,C000978,A0000978,M00594,T01188,Northeast,Northeast,349.73,USD,card_present,3ds,soft_decline,CHALLENGE
X000120266,2026-01-04 15:15:55,C000999,A0000999,M00107,T01029,West,West,49.35,USD,card_present,wallet_biometric,approved,APPROVE
X000179785,2026-01-04 15:16:00,C001479,A0001479,M00797,T00997,South,South,183.84,USD,card_present,chip_pin,approved,APPROVE
X000044241,2026-01-04 15:16:05,C000376,A0000376,M00265,T01076,West,West,302.86,USD,ecommerce,3ds,approved,APPROVE
X000033013,2026-01-04 15:17:25,C000280,A0000280,M00034,T00307,Northeast,Northeast,212.02,USD,ecommerce,chip_pin,approved,APPROVE
X000210329,2026-01-04 15:17:25,C001715,A0001715,M00779,T00146,South,South,13.05,USD,ecommerce,chip_pin,approved,APPROVE
X000013527,2026-01-04 15:17:52,C000116,A0000116,M00504,T00422,Northeast,Northeast,343.61,USD,card_present,chip_pin,approved,APPROVE
X000094198,2026-01-04 15:18:15,C000789,A0000789,M00313,T00777,Northeast,Northeast,205.57,USD,ecommerce,wallet_biometric,approved,APPROVE
X000086342,2026-01-04 15:18:42,C000725,A0000725,M00459,T00795,Northeast,Northeast,62.72,USD,mobile_wallet,3ds,approved,APPROVE
X000105180,2026-01-04 15:19:09,C000885,A0000885,M00222,T00844,South,South,61.38,USD,card_present,chip_pin,approved,APPROVE
X000129302,2026-01-04 15:19:18,C001064,A0001064,M00552,T00463,Northeast,Northeast,352.89,USD,mobile_wallet,chip_pin,approved,APPROVE
X000056405,2026-01-04 15:19:47,C000477,A0000477,M00377,T00901,Midwest,Midwest,15.51,USD,card_present,magstripe,approved,APPROVE
X000058992,2026-01-04 15:19:47,C000501,A0000501,M00282,T01131,South,South,26.22,USD,mobile_wallet,chip_pin,approved,APPROVE
X000066470,2026-01-04 15:19:50,C000564,A0000564,M00430,T00230,South,South,48.08,USD,ecommerce,chip_pin,approved,APPROVE
X000226530,2026-01-04 15:19:51,C001846,A0001846,M00094,T00206,South,South,138.6,USD,mobile_wallet,3ds,approved,APPROVE
X000033520,2026-01-04 15:20:00,C000285,A0000285,M00061,T00492,South,West,51.4,USD,ecommerce,chip_pin,approved,APPROVE
X000210117,2026-01-04 15:20:07,C001714,A0001714,M00021,T00406,South,South,93.01,USD,ecommerce,3ds,approved,APPROVE
X000036893,2026-01-04 15:20:36,C000316,A0000316,M00394,T00922,South,South,32.55,USD,card_present,chip_pin,approved,APPROVE
X000020432,2026-01-04 15:20:59,C000178,A0000178,M00683,T00603,Midwest,Midwest,122.97,USD,mobile_wallet,chip_pin,approved,APPROVE
X000123285,2026-01-04 15:20:59,C001022,A0001022,M00553,T00398,West,West,91.29,USD,card_present,chip_pin,approved,APPROVE
X000236973,2026-01-04 15:21:17,C001934,A0001934,M00667,T00182,Northeast,Northeast,159.76,USD,card_present,chip_pin,approved,APPROVE
X000177828,2026-01-04 15:21:21,C001463,A0001463,M00179,T00056,Midwest,Midwest,26.4,USD,card_present,3ds,approved,APPROVE
X000037099,2026-01-04 15:21:27,C000318,A0000318,M00326,T00127,Northeast,Northeast,137.01,USD,card_present,wallet_biometric,approved,APPROVE
X000182422,2026-01-04 15:21:34,C001501,A0001501,M00731,T00584,Northeast,Northeast,32.81,USD,mobile_wallet,magstripe,approved,APPROVE
X000075992,2026-01-04 15:21:48,C000639,A0000639,M00488,T00046,Northeast,Northeast,34.35,USD,card_present,chip_pin,approved,APPROVE
X000220524,2026-01-04 15:21:51,C001800,A0001800,M00213,T00320,Northeast,Northeast,154.66,USD,mobile_wallet,chip_pin,approved,APPROVE
X000169404,2026-01-04 15:21:56,C001400,A0001400,M00378,T01196,South,South,152.37,USD,card_present,chip_pin,approved,APPROVE
X000112655,2026-01-04 15:22:12,C000943,A0000943,M00634,T01016,South,Northeast,154.4,USD,ecommerce,3ds,approved,APPROVE
X000234370,2026-01-04 15:22:32,C001911,A0001911,M00281,T00858,West,West,69.29,USD,card_present,chip_pin,approved,APPROVE
X000055572,2026-01-04 15:23:05,C000471,A0000471,M00087,T00716,South,South,109.27,USD,card_present,3ds,approved,APPROVE
X000168629,2026-01-04 15:23:06,C001395,A0001395,M00125,T00778,West,West,70.31,USD,mobile_wallet,3ds,approved,APPROVE
X000177185,2026-01-04 15:23:20,C001460,A0001460,M00196,T00915,Midwest,Midwest,109.39,USD,card_present,magstripe,approved,APPROVE
X000197626,2026-01-04 15:23:43,C001622,A0001622,M00247,T01144,South,South,20.87,USD,ecommerce,3ds,approved,APPROVE
X000227048,2026-01-04 15:23:45,C001852,A0001852,M00257,T00772,South,South,123.51,USD,ecommerce,chip_pin,approved,APPROVE
X000199293,2026-01-04 15:23:53,C001633,A0001633,M00244,T00277,South,South,54.6,USD,ecommerce,3ds,approved,APPROVE
X000201498,2026-01-04 15:24:12,C001650,A0001650,M00566,T00559,West,West,190.69,USD,ecommerce,3ds,soft_decline,CHALLENGE
X000064932,2026-01-04 15:24:40,C000551,A0000551,M00745,T00344,Northeast,Northeast,230.07,USD,card_present,magstripe,approved,APPROVE
X000036689,2026-01-04 15:24:47,C000315,A0000315,M00162,T00759,Midwest,Midwest,84.54,USD,card_present,chip_pin,approved,APPROVE
X000195699,2026-01-04 15:25:05,C001607,A0001607,M00564,T01141,Northeast,Northeast,23.19,USD,ecommerce,chip_pin,approved,APPROVE
X000099549,2026-01-04 15:25:10,C000837,A0000837,M00494,T01193,Northeast,West,63.04,USD,card_present,chip_pin,approved,APPROVE
X000012939,2026-01-04 15:25:14,C000113,A0000113,M00288,T00279,Northeast,Northeast,68.05,USD,card_present,chip_pin,approved,APPROVE
X000169405,2026-01-04 15:25:27,C001400,A0001400,M00282,T00583,South,South,171.38,USD,card_present,3ds,approved,APPROVE
X000129721,2026-01-04 15:26:25,C001067,A0001067,M00211,T01170,Midwest,Midwest,136.19,USD,ecommerce,chip_pin,approved,APPROVE
X000115064,2026-01-04 15:26:57,C000957,A0000957,M00330,T01113,West,West,18.11,USD,card_present,chip_pin,approved,APPROVE
X000195130,2026-01-04 15:28:50,C001604,A0001604,M00517,T01092,Midwest,Midwest,255.41,USD,ecommerce,magstripe,approved,APPROVE
X000194796,2026-01-04 15:30:02,C001602,A0001602,M00187,T00256,South,South,171.21,USD,mobile_wallet,chip_pin,approved,APPROVE
X000037901,2026-01-04 15:30:21,C000324,A0000324,M00692,T00191,Northeast,Northeast,112.88,USD,mobile_wallet,3ds,approved,APPROVE
X000021015,2026-01-04 15:30:25,C000184,A0000184,M00074,T00967,Midwest,South,89.86,USD,ecommerce,3ds,approved,APPROVE
X000212954,2026-01-04 15:30:56,C001739,A0001739,M00153,T00753,South,South,17.05,USD,card_present,wallet_biometric,approved,APPROVE
X000087699,2026-01-04 15:31:03,C000736,A0000736,M00745,T00344,Northeast,Northeast,25.63,USD,mobile_wallet,chip_pin,approved,APPROVE
X000182423,2026-01-04 15:31:10,C001501,A0001501,M00731,T00584,Northeast,Northeast,103.54,USD,ecommerce,chip_pin,approved,APPROVE
X000161483,2026-01-04 15:31:36,C001333,A0001333,M00689,T00395,Northeast,Northeast,102.21,USD,card_present,chip_pin,approved,APPROVE
X000011650,2026-01-04 15:31:50,C000103,A0000103,M00163,T01133,Midwest,Midwest,19.01,USD,mobile_wallet,magstripe,approved,APPROVE
X000237803,2026-01-04 15:32:04,C001940,A0001940,M00600,T00407,South,South,14.23,USD,card_present,chip_pin,approved,APPROVE
X000133104,2026-01-04 15:32:11,C001098,A0001098,M00211,T00509,Midwest,Midwest,71.43,USD,card_present,3ds,approved,APPROVE
X000214798,2026-01-04 15:33:10,C001754,A0001754,M00098,T01066,West,West,18.75,USD,ecommerce,3ds,approved,APPROVE
X000202134,2026-01-04 15:33:13,C001654,A0001654,M00480,T00433,West,West,133.41,USD,card_present,chip_pin,approved,APPROVE
X000110822,2026-01-04 15:33:15,C000925,A0000925,M00767,T00890,South,South,50.68,USD,card_present,chip_pin,approved,APPROVE
X000240350,2026-01-04 15:34:54,C001961,A0001961,M00077,T00723,South,South,149.82,USD,mobile_wallet,chip_pin,approved,APPROVE
X000098852,2026-01-04 15:36:26,C000829,A0000829,M00257,T00772,South,South,49.49,USD,ecommerce,wallet_biometric,approved,APPROVE
X000045462,2026-01-04 15:37:19,C000382,A0000382,M00679,T00587,Northeast,Northeast,490.04,USD,card_present,wallet_biometric,approved,APPROVE
X000227868,2026-01-04 15:38:00,C001857,A0001857,M00354,T00072,Northeast,Northeast,63.8,USD,card_present,chip_pin,approved,APPROVE
X000086766,2026-01-04 15:38:20,C000728,A0000728,M00645,T00155,South,South,473.7,USD,card_present,magstripe,approved,APPROVE
X000150685,2026-01-04 15:38:34,C001240,A0001240,M00190,T00615,West,West,403.81,USD,mobile_wallet,wallet_biometric,approved,APPROVE
X000171274,2026-01-04 15:39:13,C001412,A0001412,M00699,T00493,Midwest,Midwest,118.84,USD,ecommerce,wallet_biometric,approved,APPROVE
X000009776,2026-01-04 15:39:25,C000089,A0000089,M00621,T01090,West,West,129.96,USD,card_present,chip_pin,approved,APPROVE
X000123814,2026-01-04 15:39:31,C001025,A0001025,M00328,T00351,Midwest,Midwest,21.43,USD,card_present,wallet_biometric,approved,APPROVE
X000140929,2026-01-04 15:39:46,C001161,A0001161,M00644,T00681,West,West,68.66,USD,mobile_wallet,chip_pin,approved,APPROVE
X000233004,2026-01-04 15:39:48,C001900,A0001900,M00248,T00017,South,South,50.93,USD,ecommerce,3ds,approved,APPROVE
X000056590,2026-01-04 15:39:53,C000479,A0000479,M00129,T00930,West,West,215.35,USD,card_present,chip_pin,approved,APPROVE
X000160809,2026-01-04 15:39:59,C001328,A0001328,M00555,T00348,Midwest,Midwest,46.51,USD,card_present,3ds,approved,APPROVE
X000044607,2026-01-04 15:40:05,C000377,A0000377,M00038,T00813,South,South,126.45,USD,card_present,chip_pin,approved,APPROVE
X000174591,2026-01-04 15:40:14,C001439,A0001439,M00679,T00775,Northeast,Northeast,214.75,USD,ecommerce,wallet_biometric,approved,APPROVE
X000175645,2026-01-04 15:40:14,C001447,A0001447,M00083,T00024,Midwest,Midwest,16.0,USD,ecommerce,magstripe,approved,APPROVE
X000062863,2026-01-04 15:40:16,C000534,A0000534,M00085,T00814,Northeast,Northeast,126.36,USD,card_present,magstripe,approved,APPROVE
X000099720,2026-01-04 15:40:20,C000838,A0000838,M00341,T00572,Midwest,Midwest,45.01,USD,ecommerce,chip_pin,approved,APPROVE
X000181437,2026-01-04 15:41:11,C001492,A0001492,M00022,T00194,South,South,14.46,USD,card_present,3ds,approved,APPROVE
X000206989,2026-01-04 15:41:16,C001689,A0001689,M00788,T00404,South,South,42.42,USD,card_present,chip_pin,approved,APPROVE
X000039258,2026-01-04 15:41:33,C000334,A0000334,M00388,T00170,Midwest,Midwest,29.62,USD,mobile_wallet,magstripe,approved,APPROVE
X000097044,2026-01-04 15:41:47,C000812,A0000812,M00507,T00488,South,South,115.05,USD,mobile_wallet,3ds,approved,APPROVE
X000184553,2026-01-04 15:42:06,C001521,A0001521,M00587,T00374,South,South,311.0,USD,card_present,wallet_biometric,soft_decline,CHALLENGE
X000238711,2026-01-04 15:42:19,C001948,A0001948,M00266,T01058,Northeast,Northeast,114.22,USD,card_present,magstripe,approved,APPROVE
X000143394,2026-01-04 15:42:26,C001182,A0001182,M00603,T01192,Midwest,Midwest,54.59,USD,card_present,3ds,approved,APPROVE
X000098243,2026-01-04 15:42:35,C000823,A0000823,M00244,T00277,South,South,27.19,USD,card_present,wallet_biometric,soft_decline,CHALLENGE
X000010353,2026-01-04 15:42:55,C000094,A0000094,M00295,T00163,South,South,38.86,USD,ecommerce,chip_pin,approved,APPROVE
X000146619,2026-01-04 15:43:25,C001210,A0001210,M00789,T00268,Midwest,Midwest,249.78,USD,card_present,wallet_biometric,approved,APPROVE
X000015366,2026-01-04 15:43:27,C000131,A0000131,M00573,T00460,Northeast,Northeast,59.5,USD,ecommerce,chip_pin,approved,APPROVE
X000172525,2026-01-04 15:43:41,C001423,A0001423,M00555,T00348,Midwest,Midwest,40.42,USD,mobile_wallet,chip_pin,approved,APPROVE
X000245066,2026-01-04 15:43:42,C001997,A0001997,M00253,T00291,South,South,166.47,USD,ecommerce,3ds,approved,APPROVE
X000096310,2026-01-04 15:44:38,C000806,A0000806,M00077,T00306,South,South,50.27,USD,card_present,3ds,approved,APPROVE
X000046609,2026-01-04 15:44:45,C000392,A0000392,M00453,T00940,South,South,31.14,USD,card_present,chip_pin,approved,APPROVE
X000174001,2026-01-04 15:44:46,C001435,A0001435,M00454,T00977,South,West,456.3,USD,card_present,magstripe,approved,APPROVE
X000206990,2026-01-04 15:46:03,C001689,A0001689,M00335,T00070,South,South,60.51,USD,card_present,chip_pin,approved,APPROVE
X000130275,2026-01-04 15:46:52,C001071,A0001071,M00471,T00285,South,Midwest,82.65,USD,card_present,chip_pin,approved,APPROVE
X000049050,2026-01-04 15:47:20,C000411,A0000411,M00193,T01039,West,West,24.04,USD,card_present,chip_pin,approved,APPROVE
X000063603,2026-01-04 15:47:39,C000541,A0000541,M00117,T00472,South,South,67.71,USD,card_present,magstripe,approved,APPROVE
X000188299,2026-01-04 15:47:45,C001547,A0001547,M00555,T00348,Midwest,Midwest,119.39,USD,card_present,3ds,approved,APPROVE
X000084663,2026-01-04 15:48:05,C000709,A0000709,M00778,T00222,South,South,151.27,USD,card_present,3ds,approved,APPROVE
X000064359,2026-01-04 15:48:17,C000547,A0000547,M00144,T00521,West,West,69.74,USD,card_present,chip_pin,approved,APPROVE
X000084194,2026-01-04 15:48:50,C000705,A0000705,M00343,T00426,West,West,42.65,USD,ecommerce,magstripe,approved,APPROVE
X000005139,2026-01-04 15:48:52,C000048,A0000048,M00205,T00049,South,South,56.7,USD,ecommerce,chip_pin,approved,APPROVE
X000224133,2026-01-04 15:48:56,C001830,A0001830,M00129,T00930,West,West,31.1,USD,card_present,magstripe,approved,APPROVE
X000145294,2026-01-04 15:48:58,C001196,A0001196,M00376,T00048,South,South,186.79,USD,ecommerce,chip_pin,approved,APPROVE
X000243751,2026-01-04 15:49:17,C001988,A0001988,M00205,T00871,South,South,41.88,USD,card_present,chip_pin,approved,APPROVE
X000134832,2026-01-04 15:49:30,C001107,A0001107,M00280,T00178,Northeast,Northeast,120.88,USD,ecommerce,chip_pin,approved,APPROVE
X000087403,2026-01-04 15:49:54,C000734,A0000734,M00249,T00554,South,South,129.19,USD,card_present,wallet_biometric,approved,APPROVE
X000140146,2026-01-04 15:50:25,C001155,A0001155,M00038,T00813,South,South,235.34,USD,card_present,magstripe,approved,APPROVE
X000062369,2026-01-04 15:50:33,C000531,A0000531,M00318,T00746,Midwest,Midwest,137.97,USD,card_present,chip_pin,approved,APPROVE
X000129509,2026-01-04 15:51:15,C001065,A0001065,M00157,T00598,Northeast,Northeast,17.12,USD,mobile_wallet,magstripe,approved,APPROVE
X000050931,2026-01-04 15:51:53,C000428,A0000428,M00320,T00150,West,West,75.29,USD,mobile_wallet,3ds,approved,APPROVE
X000192413,2026-01-04 15:52:06,C001580,A0001580,M00365,T00733,South,South,42.75,USD,card_present,3ds,approved,APPROVE
X000198100,2026-01-04 15:52:30,C001625,A0001625,M00127,T00699,South,South,47.78,USD,mobile_wallet,chip_pin,approved,APPROVE
X000074891,2026-01-04 15:52:31,C000631,A0000631,M00219,T00193,Northeast,Northeast,169.55,USD,card_present,chip_pin,approved,APPROVE
X000140562,2026-01-04 15:52:52,C001157,A0001157,M00433,T00174,Midwest,Midwest,32.47,USD,mobile_wallet,3ds,approved,APPROVE
X000119256,2026-01-04 15:52:54,C000988,A0000988,M00280,T00178,Northeast,Northeast,9.08,USD,mobile_wallet,chip_pin,approved,APPROVE
X000200639,2026-01-04 15:53:22,C001644,A0001644,M00094,T00737,South,South,44.33,USD,mobile_wallet,chip_pin,approved,APPROVE
X000021016,2026-01-04 15:53:28,C000184,A0000184,M00212,T00443,Midwest,Midwest,91.53,USD,card_present,3ds,approved,APPROVE
X000119337,2026-01-04 15:53:54,C000989,A0000989,M00094,T00737,South,South,60.91,USD,ecommerce,chip_pin,approved,APPROVE
X000193111,2026-01-04 15:54:28,C001586,A0001586,M00634,T01016,Northeast,Northeast,155.62,USD,mobile_wallet,chip_pin,approved,APPROVE
X000114861,2026-01-04 15:55:00,C000956,A0000956,M00494,T01193,West,West,277.79,USD,card_present,wallet_biometric,approved,APPROVE
X000145003,2026-01-04 15:56:01,C001194,A0001194,M00567,T01019,Northeast,Northeast,48.12,USD,card_present,chip_pin,approved,APPROVE
X000215781,2026-01-04 15:56:17,C001763,A0001763,M00746,T00565,West,West,66.26,USD,card_present,3ds,approved,APPROVE
X000070180,2026-01-04 15:56:26,C000597,A0000597,M00718,T00580,South,South,63.08,USD,card_present,chip_pin,approved,APPROVE
X000131965,2026-01-04 15:56:46,C001087,A0001087,M00797,T00303,South,South,52.72,USD,ecommerce,wallet_biometric,approved,APPROVE
X000213995,2026-01-04 15:57:13,C001748,A0001748,M00168,T00944,Northeast,Northeast,80.66,USD,card_present,wallet_biometric,approved,APPROVE
X000064128,2026-01-04 15:57:26,C000544,A0000544,M00050,T01119,Midwest,Midwest,69.13,USD,card_present,chip_pin,approved,APPROVE
X000047761,2026-01-04 15:57:38,C000403,A0000403,M00585,T00052,Midwest,Midwest,64.95,USD,card_present,chip_pin,approved,APPROVE
X000114233,2026-01-04 15:57:39,C000951,A0000951,M00080,T00590,Midwest,Midwest,57.21,USD,ecommerce,wallet_biometric,approved,APPROVE
X000009462,2026-01-04 15:57:46,C000087,A0000087,M00768,T00457,South,South,65.24,USD,ecommerce,chip_pin,approved,APPROVE
X000091628,2026-01-04 15:57:51,C000769,A0000769,M00262,T00060,South,South,398.01,USD,ecommerce,wallet_biometric,approved,APPROVE
X000019906,2026-01-04 15:58:34,C000173,A0000173,M00352,T01169,Midwest,Midwest,158.44,USD,ecommerce,wallet_biometric,approved,APPROVE
X000147308,2026-01-04 15:59:00,C001216,A0001216,M00549,T00456,South,South,23.63,USD,mobile_wallet,chip_pin,approved,APPROVE
X000162805,2026-01-04 15:59:13,C001344,A0001344,M00403,T00159,West,Northeast,78.05,USD,ecommerce,magstripe,approved,APPROVE
X000012940,2026-01-04 15:59:54,C000113,A0000113,M00309,T01075,Northeast,Northeast,63.74,USD,card_present,chip_pin,approved,APPROVE
X000188202,2026-01-04 16:00:06,C001546,A0001546,M00453,T00940,South,South,63.52,USD,ecommerce,3ds,soft_decline,CHALLENGE
X000154317,2026-01-04 16:00:41,C001271,A0001271,M00430,T01143,South,South,15.71,USD,card_present,chip_pin,approved,APPROVE
X000159605,2026-01-04 16:01:12,C001316,A0001316,M00798,T01060,Northeast,Northeast,44.45,USD,ecommerce,wallet_biometric,approved,APPROVE
X000228756,2026-01-04 16:01:46,C001863,A0001863,M00486,T00714,South,South,49.95,USD,ecommerce,magstripe,approved,APPROVE
X000010030,2026-01-04 16:02:17,C000091,A0000091,M00452,T00329,Northeast,Northeast,19.76,USD,ecommerce,3ds,approved,APPROVE
X000191682,2026-01-04 16:02:25,C001573,A0001573,M00652,T00833,West,West,69.24,USD,mobile_wallet,3ds,approved,APPROVE
X000082501,2026-01-04 16:02:37,C000692,A0000692,M00351,T00802,South,West,80.84,USD,ecommerce,3ds,approved,APPROVE
X000041884,2026-01-04 16:03:11,C000355,A0000355,M00217,T00041,South,South,87.77,USD,ecommerce,3ds,approved,APPROVE
X000190978,2026-01-04 16:03:12,C001568,A0001568,M00038,T00874,South,South,91.23,USD,ecommerce,3ds,approved,APPROVE
X000001446,2026-01-04 16:03:37,C000015,A0000015,M00763,T00455,South,South,184.87,USD,card_present,3ds,approved,APPROVE
X000080369,2026-01-04 16:04:14,C000676,A0000676,M00244,T00277,South,South,49.51,USD,card_present,magstripe,approved,APPROVE
X000096887,2026-01-04 16:04:26,C000811,A0000811,M00038,T00874,South,South,91.78,USD,card_present,3ds,approved,APPROVE
X000144295,2026-01-04 16:05:03,C001188,A0001188,M00261,T00549,Northeast,Northeast,16.64,USD,card_present,3ds,approved,APPROVE
X000088050,2026-01-04 16:05:08,C000740,A0000740,M00163,T00147,Midwest,Midwest,23.12,USD,mobile_wallet,chip_pin,approved,APPROVE
X000018753,2026-01-04 16:05:16,C000161,A0000161,M00038,T00874,South,South,58.17,USD,card_present,chip_pin,approved,APPROVE
X000205109,2026-01-04 16:05:41,C001676,A0001676,M00556,T00589,South,South,42.28,USD,card_present,chip_pin,approved,APPROVE
X000214443,2026-01-04 16:05:51,C001752,A0001752,M00484,T00728,South,South,179.77,USD,card_present,3ds,approved,APPROVE
X000223882,2026-01-04 16:06:55,C001827,A0001827,M00015,T00330,South,South,20.51,USD,ecommerce,chip_pin,approved,APPROVE
X000155796,2026-01-04 16:07:01,C001283,A0001283,M00448,T00142,Midwest,Midwest,388.93,USD,card_present,3ds,approved,APPROVE
X000223744,2026-01-04 16:07:33,C001825,A0001825,M00635,T01013,Midwest,Midwest,91.51,USD,card_present,wallet_biometric,approved,APPROVE
X000024111,2026-01-04 16:07:45,C000204,A0000204,M00692,T00771,Northeast,Northeast,14.45,USD,card_present,wallet_biometric,approved,APPROVE
X000078232,2026-01-04 16:07:51,C000659,A0000659,M00253,T01072,South,South,19.48,USD,card_present,chip_pin,approved,APPROVE
X000124949,2026-01-04 16:08:18,C001032,A0001032,M00051,T00286,South,South,170.33,USD,mobile_wallet,chip_pin,soft_decline,CHALLENGE
X000190778,2026-01-04 16:08:18,C001567,A0001567,M00013,T00686,South,South,514.04,USD,card_present,chip_pin,approved,APPROVE
X000218240,2026-01-04 16:08:19,C001783,A0001783,M00305,T00827,Northeast,Northeast,105.55,USD,mobile_wallet,chip_pin,approved,APPROVE
X000175327,2026-01-04 16:08:20,C001444,A0001444,M00599,T00736,West,West,68.55,USD,ecommerce,chip_pin,approved,APPROVE
X000008498,2026-01-04 16:08:25,C000078,A0000078,M00552,T00602,Northeast,Northeast,65.07,USD,card_present,wallet_biometric,approved,APPROVE
X000072015,2026-01-04 16:09:03,C000610,A0000610,M00524,T00085,West,West,67.44,USD,mobile_wallet,chip_pin,approved,APPROVE
X000224883,2026-01-04 16:09:18,C001834,A0001834,M00075,T00297,West,West,29.31,USD,card_present,3ds,approved,APPROVE
X000032257,2026-01-04 16:09:28,C000274,A0000274,M00217,T00815,South,South,20.32,USD,card_present,3ds,soft_decline,CHALLENGE
X000024807,2026-01-04 16:09:32,C000210,A0000210,M00481,T00265,Northeast,Northeast,28.22,USD,card_present,3ds,approved,APPROVE
X000134371,2026-01-04 16:09:32,C001104,A0001104,M00258,T00527,West,West,252.6,USD,card_present,magstripe,approved,APPROVE
X000199973,2026-01-04 16:09:41,C001639,A0001639,M00213,T00876,Northeast,Northeast,163.35,USD,card_present,chip_pin,approved,APPROVE
X000114567,2026-01-04 16:10:02,C000953,A0000953,M00368,T01069,West,West,43.72,USD,ecommerce,chip_pin,approved,APPROVE
X000083829,2026-01-04 16:10:22,C000701,A0000701,M00756,T00999,West,West,46.46,USD,mobile_wallet,chip_pin,approved,APPROVE
X000040479,2026-01-04 16:10:34,C000344,A0000344,M00699,T00248,Midwest,Midwest,94.71,USD,card_present,magstripe,approved,APPROVE
X000129569,2026-01-04 16:10:48,C001066,A0001066,M00387,T00209,Northeast,Northeast,36.57,USD,card_present,chip_pin,approved,APPROVE
X000104209,2026-01-04 16:11:18,C000878,A0000878,M00480,T00433,South,West,184.63,USD,mobile_wallet,wallet_biometric,approved,APPROVE
X000162677,2026-01-04 16:11:53,C001343,A0001343,M00594,T01188,Northeast,Northeast,50.48,USD,mobile_wallet,chip_pin,approved,APPROVE
X000042859,2026-01-04 16:11:55,C000363,A0000363,M00798,T01060,Northeast,Northeast,109.64,USD,card_present,chip_pin,approved,APPROVE
X000025087,2026-01-04 16:13:00,C000213,A0000213,M00382,T00436,Midwest,Midwest,66.44,USD,card_present,chip_pin,approved,APPROVE
X000035042,2026-01-04 16:13:07,C000298,A0000298,M00162,T00759,Midwest,Midwest,261.78,USD,card_present,wallet_biometric,approved,APPROVE
X000181699,2026-01-04 16:13:29,C001495,A0001495,M00387,T00289,Northeast,Northeast,101.97,USD,card_present,chip_pin,approved,APPROVE
X000081654,2026-01-04 16:13:58,C000684,A0000684,M00230,T00074,West,West,64.03,USD,card_present,wallet_biometric,approved,APPROVE
X000149987,2026-01-04 16:14:15,C001236,A0001236,M00054,T00545,West,West,58.96,USD,card_present,wallet_biometric,approved,APPROVE
X000198837,2026-01-04 16:14:24,C001628,A0001628,M00679,T00775,Northeast,Northeast,28.56,USD,card_present,chip_pin,approved,APPROVE
X000002720,2026-01-04 16:14:54,C000027,A0000027,M00758,T00785,Northeast,Northeast,212.7,USD,card_present,magstripe,approved,APPROVE
X000139697,2026-01-04 16:14:58,C001152,A0001152,M00266,T00421,Northeast,Northeast,53.37,USD,ecommerce,3ds,approved,APPROVE
X000130847,2026-01-04 16:15:10,C001077,A0001077,M00021,T00406,South,South,31.47,USD,ecommerce,3ds,approved,APPROVE
X000033014,2026-01-04 16:15:16,C000280,A0000280,M00034,T00307,Northeast,Northeast,350.74,USD,ecommerce,chip_pin,approved,APPROVE
X000047043,2026-01-04 16:16:00,C000396,A0000396,M00798,T01060,Northeast,Northeast,57.48,USD,card_present,chip_pin,approved,APPROVE
X000153348,2026-01-04 16:16:07,C001261,A0001261,M00380,T00989,Midwest,Midwest,194.96,USD,card_present,chip_pin,approved,APPROVE
X000040003,2026-01-04 16:16:24,C000340,A0000340,M00565,T01035,Midwest,Midwest,79.81,USD,card_present,3ds,approved,APPROVE
X000215306,2026-01-04 16:16:39,C001758,A0001758,M00166,T00022,Northeast,Northeast,40.88,USD,ecommerce,chip_pin,approved,APPROVE
X000232338,2026-01-04 16:16:46,C001895,A0001895,M00587,T01174,South,South,36.79,USD,mobile_wallet,wallet_biometric,approved,APPROVE
X000107339,2026-01-04 16:16:58,C000900,A0000900,M00191,T00397,Midwest,Midwest,199.56,USD,ecommerce,3ds,approved,APPROVE
X000161841,2026-01-04 16:17:14,C001335,A0001335,M00040,T00439,Northeast,Northeast,22.8,USD,card_present,chip_pin,approved,APPROVE
X000067275,2026-01-04 16:18:19,C000571,A0000571,M00372,T00095,South,South,63.55,USD,card_present,3ds,approved,APPROVE
X000103032,2026-01-04 16:18:41,C000866,A0000866,M00077,T00723,South,South,92.39,USD,ecommerce,wallet_biometric,approved,APPROVE
X000110030,2026-01-04 16:18:46,C000920,A0000920,M00731,T00964,Northeast,Northeast,280.55,USD,ecommerce,chip_pin,approved,APPROVE
X000161191,2026-01-04 16:18:48,C001331,A0001331,M00318,T00923,Midwest,Midwest,30.23,USD,mobile_wallet,3ds,approved,APPROVE
X000015081,2026-01-04 16:20:12,C000128,A0000128,M00253,T00291,South,South,39.98,USD,ecommerce,3ds,approved,APPROVE
X000054845,2026-01-04 16:20:32,C000464,A0000464,M00391,T01061,Northeast,Northeast,97.27,USD,ecommerce,chip_pin,approved,APPROVE
X000091930,2026-01-04 16:20:43,C000770,A0000770,M00190,T00615,West,West,195.69,USD,card_present,wallet_biometric,approved,APPROVE
X000064204,2026-01-04 16:21:15,C000545,A0000545,M00486,T00714,South,South,32.97,USD,card_present,chip_pin,approved,APPROVE
X000067276,2026-01-04 16:21:28,C000571,A0000571,M00608,T00219,South,South,166.62,USD,ecommerce,chip_pin,approved,APPROVE
X000064129,2026-01-04 16:22:38,C000544,A0000544,M00687,T00937,Midwest,Midwest,106.57,USD,mobile_wallet,3ds,approved,APPROVE
X000136150,2026-01-04 16:23:07,C001120,A0001120,M00676,T00282,Midwest,Midwest,72.56,USD,ecommerce,wallet_biometric,approved,APPROVE
X000158286,2026-01-04 16:23:14,C001302,A0001302,M00239,T00747,South,South,49.68,USD,card_present,wallet_biometric,approved,APPROVE
X000149561,2026-01-04 16:23:21,C001231,A0001231,M00052,T00717,South,South,117.39,USD,ecommerce,chip_pin,approved,APPROVE
X000084298,2026-01-04 16:23:27,C000706,A0000706,M00285,T00370,Midwest,Midwest,14.51,USD,ecommerce,chip_pin,approved,APPROVE
X000166006,2026-01-04 16:24:08,C001369,A0001369,M00343,T00377,West,West,27.85,USD,card_present,chip_pin,approved,APPROVE
X000235542,2026-01-04 16:24:35,C001920,A0001920,M00305,T00827,Northeast,Northeast,143.03,USD,card_present,chip_pin,approved,APPROVE
X000040480,2026-01-04 16:24:48,C000344,A0000344,M00699,T00248,Midwest,Midwest,47.44,USD,mobile_wallet,3ds,approved,APPROVE
X000230765,2026-01-04 16:25:10,C001882,A0001882,M00383,T00570,Midwest,Midwest,22.21,USD,card_present,magstripe,approved,APPROVE
X000157387,2026-01-04 16:25:47,C001295,A0001295,M00347,T00674,Midwest,Midwest,54.44,USD,card_present,chip_pin,approved,APPROVE
X000174881,2026-01-04 16:26:07,C001441,A0001441,M00566,T00359,West,West,564.28,USD,card_present,chip_pin,approved,APPROVE
X000175106,2026-01-04 16:26:14,C001442,A0001442,M00796,T00571,West,West,98.93,USD,mobile_wallet,magstripe,approved,APPROVE
X000112079,2026-01-04 16:26:46,C000936,A0000936,M00738,T00899,South,South,116.08,USD,card_present,3ds,approved,APPROVE
X000170445,2026-01-04 16:27:27,C001405,A0001405,M00586,T00314,Northeast,Northeast,251.73,USD,card_present,magstripe,approved,APPROVE
X000151486,2026-01-04 16:27:34,C001244,A0001244,M00265,T01076,West,West,25.78,USD,mobile_wallet,chip_pin,approved,APPROVE
X000231645,2026-01-04 16:27:41,C001890,A0001890,M00123,T00812,Midwest,Midwest,136.62,USD,ecommerce,wallet_biometric,approved,APPROVE
X000023293,2026-01-04 16:27:55,C000199,A0000199,M00326,T01042,Northeast,Northeast,45.59,USD,ecommerce,3ds,approved,APPROVE
X000173746,2026-01-04 16:28:15,C001433,A0001433,M00708,T00450,West,West,37.93,USD,card_present,3ds,approved,APPROVE
X000058341,2026-01-04 16:28:18,C000495,A0000495,M00767,T00890,South,South,68.66,USD,card_present,wallet_biometric,approved,APPROVE
X000089943,2026-01-04 16:28:18,C000752,A0000752,M00345,T01138,South,South,133.46,USD,ecommerce,3ds,approved,APPROVE
X000169406,2026-01-04 16:28:34,C001400,A0001400,M00743,T00089,South,South,332.49,USD,card_present,chip_pin,approved,APPROVE
X000131189,2026-01-04 16:28:53,C001080,A0001080,M00668,T00869,Midwest,Midwest,70.55,USD,card_present,chip_pin,approved,APPROVE
X000239632,2026-01-04 16:28:59,C001954,A0001954,M00055,T01044,South,South,124.76,USD,card_present,chip_pin,approved,APPROVE
X000030281,2026-01-04 16:29:10,C000260,A0000260,M00056,T01147,Midwest,Midwest,272.57,USD,ecommerce,chip_pin,approved,APPROVE
X000080002,2026-01-04 16:30:04,C000674,A0000674,M00023,T00839,Midwest,Midwest,236.56,USD,ecommerce,3ds,approved,APPROVE
X000237498,2026-01-04 16:30:27,C001937,A0001937,M00767,T00313,South,South,19.41,USD,card_present,wallet_biometric,approved,APPROVE
X000239237,2026-01-04 16:30:46,C001952,A0001952,M00304,T00684,Midwest,Midwest,105.63,USD,card_present,chip_pin,approved,APPROVE
X000239238,2026-01-04 16:30:48,C001952,A0001952,M00615,T00560,Midwest,Midwest,85.78,USD,mobile_wallet,chip_pin,approved,APPROVE
X000025717,2026-01-04 16:30:49,C000220,A0000220,M00388,T00170,Midwest,Midwest,236.59,USD,card_present,chip_pin,approved,APPROVE
X000143177,2026-01-04 16:31:22,C001180,A0001180,M00587,T01174,South,South,42.55,USD,card_present,wallet_biometric,approved,APPROVE
X000064801,2026-01-04 16:31:45,C000550,A0000550,M00015,T00330,South,South,49.13,USD,ecommerce,wallet_biometric,approved,APPROVE
X000039259,2026-01-04 16:32:04,C000334,A0000334,M00478,T00667,Midwest,Midwest,18.7,USD,card_present,chip_pin,approved,APPROVE
X000049490,2026-01-04 16:33:16,C000414,A0000414,M00015,T00330,South,South,35.01,USD,card_present,chip_pin,approved,APPROVE
X000228520,2026-01-04 16:33:17,C001861,A0001861,M00160,T00039,South,South,88.29,USD,mobile_wallet,chip_pin,approved,APPROVE
X000031512,2026-01-04 16:33:22,C000267,A0000267,M00050,T01119,Midwest,Midwest,118.74,USD,ecommerce,3ds,approved,APPROVE
X000178020,2026-01-04 16:33:30,C001465,A0001465,M00587,T01174,South,South,164.9,USD,card_present,chip_pin,approved,APPROVE
X000036156,2026-01-04 16:34:25,C000309,A0000309,M00484,T00090,South,South,154.59,USD,ecommerce,chip_pin,approved,APPROVE
X000060487,2026-01-04 16:34:53,C000515,A0000515,M00708,T00710,West,West,88.59,USD,card_present,3ds,approved,APPROVE
X000211338,2026-01-04 16:35:11,C001724,A0001724,M00070,T00004,Northeast,Northeast,91.38,USD,mobile_wallet,3ds,approved,APPROVE
X000086767,2026-01-04 16:35:52,C000728,A0000728,M00122,T00225,South,South,147.12,USD,card_present,3ds,approved,APPROVE
X000190618,2026-01-04 16:37:18,C001566,A0001566,M00797,T00997,South,South,473.71,USD,mobile_wallet,chip_pin,approved,APPROVE
X000038201,2026-01-04 16:37:31,C000327,A0000327,M00365,T00733,South,South,196.02,USD,card_present,chip_pin,approved,APPROVE
X000043839,2026-01-04 16:37:54,C000373,A0000373,M00795,T00576,Northeast,Northeast,60.06,USD,ecommerce,chip_pin,approved,APPROVE
X000083830,2026-01-04 16:37:57,C000701,A0000701,M00756,T00999,West,West,77.14,USD,card_present,3ds,approved,APPROVE
X000040711,2026-01-04 16:38:06,C000346,A0000346,M00692,T00191,Northeast,Northeast,67.02,USD,mobile_wallet,3ds,approved,APPROVE
X000027115,2026-01-04 16:38:27,C000234,A0000234,M00245,T00626,West,West,96.71,USD,mobile_wallet,chip_pin,approved,APPROVE
X000063510,2026-01-04 16:38:28,C000540,A0000540,M00620,T00551,South,South,24.99,USD,ecommerce,wallet_biometric,approved,APPROVE
X000093168,2026-01-04 16:39:17,C000781,A0000781,M00055,T01054,South,South,67.55,USD,card_present,3ds,approved,APPROVE
X000197320,2026-01-04 16:39:21,C001621,A0001621,M00269,T00339,West,West,197.62,USD,card_present,chip_pin,approved,APPROVE
X000128975,2026-01-04 16:40:02,C001061,A0001061,M00335,T00070,South,South,42.63,USD,mobile_wallet,chip_pin,approved,APPROVE
X000107340,2026-01-04 16:40:12,C000900,A0000900,M00191,T00397,Midwest,Midwest,460.41,USD,card_present,chip_pin,approved,APPROVE
X000077499,2026-01-04 16:40:17,C000653,A0000653,M00012,T01105,West,West,160.07,USD,ecommerce,chip_pin,approved,APPROVE
X000038136,2026-01-04 16:40:45,C000326,A0000326,M00128,T00172,Northeast,Northeast,57.59,USD,card_present,magstripe,approved,APPROVE
X000125474,2026-01-04 16:42:06,C001034,A0001034,M00374,T00569,South,South,46.4,USD,ecommerce,chip_pin,approved,APPROVE
X000163365,2026-01-04 16:42:59,C001348,A0001348,M00099,T00459,South,South,60.48,USD,card_present,3ds,approved,APPROVE
X000004067,2026-01-04 16:43:22,C000036,A0000036,M00501,T00506,Northeast,Northeast,86.93,USD,card_present,magstripe,approved,APPROVE
X000070748,2026-01-04 16:43:24,C000601,A0000601,M00613,T00852,South,South,89.72,USD,card_present,3ds,approved,APPROVE
X000240880,2026-01-04 16:43:28,C001966,A0001966,M00262,T00998,South,South,47.11,USD,card_present,chip_pin,approved,APPROVE
X000093713,2026-01-04 16:43:31,C000786,A0000786,M00615,T00560,Midwest,Midwest,189.25,USD,card_present,chip_pin,approved,APPROVE
X000061890,2026-01-04 16:44:39,C000527,A0000527,M00092,T00788,West,West,50.47,USD,ecommerce,chip_pin,approved,APPROVE
X000010031,2026-01-04 16:45:08,C000091,A0000091,M00046,T00132,Northeast,Northeast,7.94,USD,ecommerce,3ds,approved,APPROVE
X000132612,2026-01-04 16:45:29,C001093,A0001093,M00095,T00821,Northeast,Northeast,21.81,USD,ecommerce,3ds,approved,APPROVE
X000172392,2026-01-04 16:46:03,C001422,A0001422,M00772,T00124,Midwest,Midwest,44.18,USD,ecommerce,chip_pin,approved,APPROVE
X000021865,2026-01-04 16:46:05,C000189,A0000189,M00096,T00202,West,West,65.43,USD,card_present,wallet_biometric,approved,APPROVE
X000094751,2026-01-04 16:46:19,C000792,A0000792,M00244,T00336,South,South,90.12,USD,ecommerce,magstripe,approved,APPROVE
X000135111,2026-01-04 16:46:39,C001110,A0001110,M00626,T01083,South,South,95.75,USD,ecommerce,chip_pin,approved,APPROVE
X000164783,2026-01-04 16:46:46,C001359,A0001359,M00739,T00701,South,South,44.73,USD,card_present,wallet_biometric,approved,APPROVE
X000133276,2026-01-04 16:46:50,C001099,A0001099,M00139,T00632,Northeast,Northeast,115.76,USD,card_present,3ds,approved,APPROVE
X000102592,2026-01-04 16:48:00,C000863,A0000863,M00111,T01015,Midwest,Midwest,193.23,USD,card_present,3ds,approved,APPROVE
X000047661,2026-01-04 16:48:15,C000402,A0000402,M00329,T00094,Midwest,Midwest,32.06,USD,card_present,chip_pin,approved,APPROVE
X000057035,2026-01-04 16:48:19,C000483,A0000483,M00661,T00337,Northeast,Northeast,62.45,USD,card_present,magstripe,approved,APPROVE
X000213741,2026-01-04 16:48:30,C001745,A0001745,M00191,T00568,Midwest,Midwest,40.02,USD,mobile_wallet,wallet_biometric,approved,APPROVE
X000017452,2026-01-04 16:48:33,C000150,A0000150,M00128,T00172,South,Northeast,404.73,USD,card_present,wallet_biometric,approved,APPROVE
X000072016,2026-01-04 16:48:48,C000610,A0000610,M00441,T01043,West,West,185.12,USD,card_present,chip_pin,approved,APPROVE
X000090574,2026-01-04 16:48:48,C000759,A0000759,M00387,T00209,Northeast,Northeast,30.77,USD,mobile_wallet,3ds,approved,APPROVE
X000185612,2026-01-04 16:49:06,C001526,A0001526,M00148,T00038,Midwest,Midwest,39.09,USD,ecommerce,chip_pin,soft_decline,CHALLENGE
X000127295,2026-01-04 16:49:44,C001050,A0001050,M00793,T01052,South,South,169.15,USD,mobile_wallet,chip_pin,approved,APPROVE
X000083831,2026-01-04 16:49:49,C000701,A0000701,M00730,T01027,West,West,44.28,USD,mobile_wallet,wallet_biometric,approved,APPROVE
X000087556,2026-01-04 16:50:35,C000735,A0000735,M00526,T00055,South,South,69.66,USD,ecommerce,chip_pin,approved,APPROVE
X000051444,2026-01-04 16:50:39,C000435,A0000435,M00318,T00746,Midwest,Midwest,78.57,USD,card_present,chip_pin,approved,APPROVE
X000147414,2026-01-04 16:50:42,C001217,A0001217,M00471,T00670,Midwest,Midwest,50.98,USD,ecommerce,chip_pin,approved,APPROVE
X000012719,2026-01-04 16:50:54,C000111,A0000111,M00447,T00749,South,South,183.09,USD,card_present,chip_pin,approved,APPROVE
X000008499,2026-01-04 16:51:07,C000078,A0000078,M00476,T00071,Northeast,Midwest,199.61,USD,card_present,chip_pin,approved,APPROVE
X000165172,2026-01-04 16:51:39,C001363,A0001363,M00737,T00466,Midwest,Midwest,102.63,USD,card_present,wallet_biometric,approved,APPROVE
X000139887,2026-01-04 16:51:46,C001154,A0001154,M00556,T00223,South,South,416.59,USD,ecommerce,chip_pin,approved,APPROVE
X000083049,2026-01-04 16:51:50,C000695,A0000695,M00604,T01180,Northeast,Northeast,101.78,USD,card_present,chip_pin,approved,APPROVE
X000134933,2026-01-04 16:51:55,C001108,A0001108,M00428,T00264,West,West,78.7,USD,mobile_wallet,wallet_biometric,approved,APPROVE
X000168535,2026-01-04 16:51:59,C001394,A0001394,M00082,T00557,Northeast,Northeast,14.57,USD,card_present,magstripe,approved,APPROVE
X000063863,2026-01-04 16:52:06,C000542,A0000542,M00008,T01199,West,West,531.32,USD,card_present,chip_pin,approved,APPROVE
X000088312,2026-01-04 16:52:24,C000743,A0000743,M00791,T00304,South,South,98.57,USD,ecommerce,wallet_biometric,approved,APPROVE
X000120563,2026-01-04 16:53:02,C001002,A0001002,M00271,T00851,Northeast,Northeast,107.32,USD,mobile_wallet,3ds,approved,APPROVE
X000241075,2026-01-04 16:53:52,C001968,A0001968,M00125,T00855,South,West,75.88,USD,card_present,wallet_biometric,approved,APPROVE
X000084195,2026-01-04 16:54:08,C000705,A0000705,M00121,T00867,West,West,41.7,USD,card_present,chip_pin,approved,APPROVE
X000005140,2026-01-04 16:54:46,C000048,A0000048,M00077,T00783,South,South,40.98,USD,card_present,chip_pin,approved,APPROVE
X000076772,2026-01-04 16:54:56,C000646,A0000646,M00649,T00134,Midwest,Midwest,528.26,USD,card_present,chip_pin,approved,APPROVE
X000156488,2026-01-04 16:55:45,C001288,A0001288,M00050,T01119,Midwest,Midwest,210.55,USD,ecommerce,chip_pin,approved,APPROVE
X000008695,2026-01-04 16:56:04,C000079,A0000079,M00008,T01199,West,West,72.43,USD,ecommerce,chip_pin,approved,APPROVE
X000165058,2026-01-04 16:56:18,C001362,A0001362,M00731,T00964,Northeast,Northeast,92.78,USD,mobile_wallet,3ds,approved,APPROVE
X000074382,2026-01-04 16:56:32,C000629,A0000629,M00036,T00993,Northeast,Northeast,132.72,USD,ecommerce,chip_pin,approved,APPROVE
X000038701,2026-01-04 16:56:37,C000331,A0000331,M00213,T00642,Northeast,Northeast,47.24,USD,ecommerce,chip_pin,approved,APPROVE
X000182576,2026-01-04 16:57:17,C001502,A0001502,M00070,T00658,Northeast,Northeast,111.18,USD,ecommerce,magstripe,approved,APPROVE
X000172118,2026-01-04 16:57:58,C001420,A0001420,M00768,T00929,South,South,195.45,USD,ecommerce,3ds,approved,APPROVE
X000071694,2026-01-04 16:58:00,C000609,A0000609,M00298,T00088,Northeast,Northeast,348.98,USD,card_present,3ds,approved,APPROVE
X000196141,2026-01-04 16:58:13,C001612,A0001612,M00798,T01060,Northeast,Northeast,163.51,USD,ecommerce,3ds,approved,APPROVE
X000222953,2026-01-04 16:58:18,C001817,A0001817,M00745,T00344,Northeast,Northeast,124.81,USD,card_present,wallet_biometric,approved,APPROVE
X000201163,2026-01-04 16:58:24,C001648,A0001648,M00717,T00614,South,South,77.73,USD,card_present,wallet_biometric,approved,APPROVE
X000224134,2026-01-04 16:58:55,C001830,A0001830,M00129,T00930,West,West,30.82,USD,mobile_wallet,3ds,approved,APPROVE
X000084860,2026-01-04 17:00:11,C000710,A0000710,M00535,T00606,West,West,43.54,USD,ecommerce,chip_pin,approved,APPROVE
X000148864,2026-01-04 17:00:23,C001226,A0001226,M00040,T00439,Northeast,Northeast,169.25,USD,ecommerce,wallet_biometric,soft_decline,CHALLENGE
X000142680,2026-01-04 17:00:28,C001176,A0001176,M00198,T00837,Midwest,Midwest,113.0,USD,card_present,magstripe,approved,APPROVE
X000093321,2026-01-04 17:00:37,C000782,A0000782,M00741,T00732,South,South,56.45,USD,card_present,chip_pin,approved,APPROVE
X000213901,2026-01-04 17:01:01,C001747,A0001747,M00784,T00228,South,South,49.0,USD,mobile_wallet,chip_pin,approved,APPROVE
X000050161,2026-01-04 17:01:21,C000420,A0000420,M00205,T00871,South,South,8.77,USD,card_present,chip_pin,approved,APPROVE
X000012627,2026-01-04 17:02:05,C000110,A0000110,M00038,T00519,South,South,39.8,USD,ecommerce,wallet_biometric,approved,APPROVE
X000043189,2026-01-04 17:02:08,C000365,A0000365,M00624,T00793,West,West,14.27,USD,card_present,chip_pin,approved,APPROVE
X000189664,2026-01-04 17:02:23,C001559,A0001559,M00270,T00562,South,South,87.37,USD,ecommerce,magstripe,soft_decline,CHALLENGE
X000171051,2026-01-04 17:02:33,C001411,A0001411,M00413,T00003,West,West,235.28,USD,card_present,3ds,approved,APPROVE
X000237639,2026-01-04 17:02:53,C001938,A0001938,M00753,T00413,South,South,81.73,USD,mobile_wallet,chip_pin,approved,APPROVE
X000226459,2026-01-04 17:03:13,C001845,A0001845,M00302,T00325,Northeast,Northeast,77.22,USD,ecommerce,chip_pin,approved,APPROVE
X000124859,2026-01-04 17:03:35,C001031,A0001031,M00706,T00856,Northeast,Northeast,30.92,USD,ecommerce,magstripe,approved,APPROVE
X000058916,2026-01-04 17:03:52,C000500,A0000500,M00118,T01000,West,West,23.05,USD,card_present,3ds,approved,APPROVE
X000193575,2026-01-04 17:04:00,C001591,A0001591,M00691,T01123,Northeast,Northeast,64.0,USD,ecommerce,3ds,approved,APPROVE
X000035491,2026-01-04 17:04:06,C000301,A0000301,M00213,T00876,Northeast,Northeast,76.68,USD,mobile_wallet,chip_pin,approved,APPROVE
X000119163,2026-01-04 17:04:34,C000987,A0000987,M00255,T00819,West,West,28.76,USD,card_present,chip_pin,approved,APPROVE
X000010131,2026-01-04 17:04:52,C000092,A0000092,M00453,T00831,South,South,52.19,USD,card_present,wallet_biometric,approved,APPROVE
X000072492,2026-01-04 17:04:56,C000613,A0000613,M00171,T00523,Northeast,Northeast,15.29,USD,ecommerce,chip_pin,approved,APPROVE
X000134660,2026-01-04 17:05:00,C001105,A0001105,M00351,T00802,West,West,46.49,USD,card_present,chip_pin,approved,APPROVE
X000133711,2026-01-04 17:05:45,C001101,A0001101,M00535,T00606,West,West,293.34,USD,ecommerce,chip_pin,approved,APPROVE
X000051043,2026-01-04 17:06:03,C000429,A0000429,M00701,T00494,West,West,46.13,USD,card_present,chip_pin,approved,APPROVE
X000042494,2026-01-04 17:06:10,C000360,A0000360,M00758,T00785,Northeast,Northeast,49.96,USD,card_present,chip_pin,approved,APPROVE
X000208979,2026-01-04 17:06:56,C001705,A0001705,M00733,T00848,Northeast,Northeast,84.48,USD,card_present,chip_pin,approved,APPROVE
X000221839,2026-01-04 17:07:01,C001807,A0001807,M00502,T00353,Northeast,Northeast,44.96,USD,card_present,wallet_biometric,approved,APPROVE
X000161004,2026-01-04 17:07:41,C001330,A0001330,M00559,T00805,Midwest,Midwest,50.01,USD,card_present,3ds,approved,APPROVE
X000057919,2026-01-04 17:07:53,C000492,A0000492,M00094,T01093,South,South,16.49,USD,mobile_wallet,3ds,approved,APPROVE
X000145627,2026-01-04 17:07:58,C001200,A0001200,M00109,T00548,Northeast,Northeast,243.53,USD,ecommerce,3ds,approved,APPROVE
X000227869,2026-01-04 17:07:58,C001857,A0001857,M00412,T00974,Northeast,Northeast,49.05,USD,mobile_wallet,wallet_biometric,approved,APPROVE
X000183053,2026-01-04 17:08:08,C001506,A0001506,M00255,T00006,West,West,72.34,USD,ecommerce,chip_pin,approved,APPROVE
X000041779,2026-01-04 17:08:12,C000354,A0000354,M00446,T00838,South,South,100.61,USD,card_present,3ds,approved,APPROVE
X000139463,2026-01-04 17:08:49,C001150,A0001150,M00587,T01174,South,South,32.07,USD,ecommerce,chip_pin,approved,APPROVE
X000203837,2026-01-04 17:08:58,C001667,A0001667,M00645,T00905,South,South,289.33,USD,mobile_wallet,3ds,approved,APPROVE
X000222843,2026-01-04 17:09:08,C001816,A0001816,M00652,T00786,West,West,167.43,USD,card_present,magstripe,approved,APPROVE
X000168210,2026-01-04 17:09:18,C001391,A0001391,M00493,T00281,West,West,35.96,USD,card_present,3ds,approved,APPROVE
X000092631,2026-01-04 17:09:26,C000776,A0000776,M00587,T00725,South,South,53.13,USD,ecommerce,chip_pin,approved,APPROVE
X000029489,2026-01-04 17:09:34,C000254,A0000254,M00139,T00632,Northeast,Northeast,140.86,USD,ecommerce,wallet_biometric,approved,APPROVE
X000181800,2026-01-04 17:10:41,C001496,A0001496,M00480,T00433,West,West,22.92,USD,mobile_wallet,wallet_biometric,approved,APPROVE
X000173851,2026-01-04 17:11:05,C001434,A0001434,M00255,T00742,West,West,77.89,USD,card_present,wallet_biometric,approved,APPROVE
X000013879,2026-01-04 17:11:09,C000118,A0000118,M00759,T00114,Northeast,Northeast,66.45,USD,card_present,3ds,approved,APPROVE
X000100144,2026-01-04 17:11:15,C000844,A0000844,M00137,T00381,Midwest,Midwest,88.2,USD,mobile_wallet,chip_pin,approved,APPROVE
X000015898,2026-01-04 17:11:49,C000135,A0000135,M00378,T01130,South,South,89.85,USD,card_present,wallet_biometric,approved,APPROVE
X000244551,2026-01-04 17:11:56,C001994,A0001994,M00667,T00609,Northeast,Northeast,12.71,USD,ecommerce,chip_pin,approved,APPROVE
X000025718,2026-01-04 17:12:08,C000220,A0000220,M00285,T01108,Midwest,Midwest,406.26,USD,card_present,chip_pin,approved,APPROVE
X000018853,2026-01-04 17:12:35,C000162,A0000162,M00454,T00284,West,West,47.98,USD,card_present,chip_pin,approved,APPROVE
X000089302,2026-01-04 17:12:44,C000748,A0000748,M00295,T00163,South,South,576.35,USD,ecommerce,chip_pin,approved,APPROVE
X000183054,2026-01-04 17:13:42,C001506,A0001506,M00267,T00878,West,West,30.48,USD,card_present,wallet_biometric,approved,APPROVE
X000103033,2026-01-04 17:14:16,C000866,A0000866,M00077,T00723,South,South,55.38,USD,ecommerce,3ds,approved,APPROVE
X000089047,2026-01-04 17:14:25,C000746,A0000746,M00784,T00354,South,South,55.13,USD,card_present,magstripe,approved,APPROVE
X000138293,2026-01-04 17:14:43,C001138,A0001138,M00154,T00515,South,South,95.85,USD,ecommerce,3ds,approved,APPROVE
X000187684,2026-01-04 17:14:43,C001543,A0001543,M00285,T01108,Midwest,Midwest,320.15,USD,mobile_wallet,3ds,approved,APPROVE
X000147071,2026-01-04 17:14:53,C001213,A0001213,M00668,T00417,Midwest,Midwest,38.04,USD,card_present,wallet_biometric,approved,APPROVE
X000133105,2026-01-04 17:15:03,C001098,A0001098,M00674,T00232,Midwest,Midwest,43.02,USD,card_present,wallet_biometric,approved,APPROVE
X000085473,2026-01-04 17:15:09,C000715,A0000715,M00692,T00771,Midwest,Northeast,13.19,USD,card_present,chip_pin,approved,APPROVE
X000147974,2026-01-04 17:15:10,C001222,A0001222,M00516,T00435,Northeast,Northeast,85.41,USD,card_present,wallet_biometric,approved,APPROVE
X000137575,2026-01-04 17:16:24,C001131,A0001131,M00661,T00337,Northeast,Northeast,93.98,USD,card_present,3ds,approved,APPROVE
X000228892,2026-01-04 17:16:40,C001865,A0001865,M00583,T00327,Midwest,Midwest,101.52,USD,card_present,3ds,approved,APPROVE
X000101976,2026-01-04 17:17:05,C000859,A0000859,M00052,T00013,South,South,207.89,USD,card_present,3ds,approved,APPROVE
X000064802,2026-01-04 17:17:18,C000550,A0000550,M00262,T01103,South,South,147.53,USD,ecommerce,wallet_biometric,approved,APPROVE
X000028930,2026-01-04 17:17:49,C000249,A0000249,M00741,T00732,South,South,51.54,USD,ecommerce,3ds,approved,APPROVE
X000176290,2026-01-04 17:17:56,C001453,A0001453,M00570,T00794,West,West,33.76,USD,card_present,3ds,approved,APPROVE
X000043190,2026-01-04 17:18:37,C000365,A0000365,M00442,T00105,West,West,40.31,USD,card_present,3ds,approved,APPROVE
X000222361,2026-01-04 17:19:00,C001812,A0001812,M00342,T00375,Midwest,Midwest,70.23,USD,card_present,chip_pin,approved,APPROVE
X000017209,2026-01-04 17:19:19,C000148,A0000148,M00470,T00025,South,South,134.11,USD,card_present,3ds,approved,APPROVE
X000039737,2026-01-04 17:19:59,C000338,A0000338,M00552,T00463,Northeast,Northeast,66.84,USD,card_present,wallet_biometric,approved,APPROVE
X000149100,2026-01-04 17:20:28,C001228,A0001228,M00244,T00336,South,South,21.98,USD,card_present,chip_pin,approved,APPROVE
X000150371,2026-01-04 17:20:30,C001238,A0001238,M00304,T00684,South,Midwest,151.59,USD,card_present,chip_pin,approved,APPROVE
X000058577,2026-01-04 17:20:31,C000497,A0000497,M00066,T00171,West,West,39.84,USD,ecommerce,chip_pin,approved,APPROVE
X000004068,2026-01-04 17:21:49,C000036,A0000036,M00604,T00623,Northeast,Northeast,277.85,USD,card_present,3ds,approved,APPROVE
X000095167,2026-01-04 17:22:05,C000795,A0000795,M00309,T01011,Northeast,Northeast,57.75,USD,card_present,chip_pin,approved,APPROVE
X000219575,2026-01-04 17:22:14,C001794,A0001794,M00473,T01017,West,West,40.29,USD,ecommerce,wallet_biometric,approved,APPROVE
X000145552,2026-01-04 17:22:15,C001199,A0001199,M00581,T00552,West,West,27.57,USD,ecommerce,chip_pin,approved,APPROVE
X000199144,2026-01-04 17:22:41,C001632,A0001632,M00094,T00206,South,South,45.22,USD,ecommerce,magstripe,approved,APPROVE
X000238994,2026-01-04 17:22:43,C001950,A0001950,M00650,T01097,Midwest,Midwest,28.48,USD,card_present,3ds,approved,APPROVE
X000119257,2026-01-04 17:22:48,C000988,A0000988,M00280,T00178,Northeast,Northeast,18.8,USD,card_present,wallet_biometric,approved,APPROVE
X000096311,2026-01-04 17:23:01,C000806,A0000806,M00184,T00927,South,South,62.96,USD,card_present,wallet_biometric,approved,APPROVE
X000031436,2026-01-04 17:23:07,C000266,A0000266,M00281,T00497,West,West,103.94,USD,card_present,magstripe,approved,APPROVE
X000022990,2026-01-04 17:24:15,C000197,A0000197,M00779,T00146,South,South,43.37,USD,mobile_wallet,chip_pin,approved,APPROVE
X000172119,2026-01-04 17:24:53,C001420,A0001420,M00768,T00929,South,South,43.75,USD,ecommerce,chip_pin,approved,APPROVE
X000184554,2026-01-04 17:24:56,C001521,A0001521,M00074,T00967,South,South,363.46,USD,card_present,chip_pin,approved,APPROVE
X000173014,2026-01-04 17:25:11,C001428,A0001428,M00046,T00132,Northeast,Northeast,75.6,USD,card_present,wallet_biometric,approved,APPROVE
X000203456,2026-01-04 17:25:32,C001665,A0001665,M00007,T00210,South,South,45.14,USD,ecommerce,chip_pin,approved,APPROVE
X000094199,2026-01-04 17:25:41,C000789,A0000789,M00445,T00086,Northeast,Northeast,102.04,USD,ecommerce,chip_pin,approved,APPROVE
X000079164,2026-01-04 17:25:59,C000667,A0000667,M00228,T00522,Northeast,Northeast,233.01,USD,card_present,chip_pin,approved,APPROVE
X000008808,2026-01-04 17:26:05,C000080,A0000080,M00517,T01092,Midwest,Midwest,35.11,USD,card_present,magstripe,approved,APPROVE
X000167143,2026-01-04 17:26:09,C001381,A0001381,M00068,T00322,Northeast,Northeast,142.88,USD,card_present,chip_pin,approved,APPROVE
X000034288,2026-01-04 17:26:49,C000291,A0000291,M00181,T00177,South,South,93.33,USD,ecommerce,chip_pin,approved,APPROVE
X000009006,2026-01-04 17:26:57,C000082,A0000082,M00395,T00889,Midwest,Midwest,67.66,USD,card_present,3ds,approved,APPROVE
X000028243,2026-01-04 17:27:31,C000244,A0000244,M00731,T00964,Northeast,Northeast,40.99,USD,ecommerce,chip_pin,approved,APPROVE
X000013528,2026-01-04 17:28:12,C000116,A0000116,M00245,T00626,Northeast,West,189.76,USD,mobile_wallet,chip_pin,approved,APPROVE
X000239964,2026-01-04 17:28:57,C001957,A0001957,M00668,T00869,Midwest,Midwest,50.5,USD,ecommerce,chip_pin,approved,APPROVE
X000071095,2026-01-04 17:29:35,C000604,A0000604,M00015,T00330,South,South,182.97,USD,card_present,3ds,approved,APPROVE
X000040177,2026-01-04 17:30:29,C000341,A0000341,M00077,T00723,South,South,323.28,USD,card_present,chip_pin,approved,APPROVE
X000084861,2026-01-04 17:30:29,C000710,A0000710,M00535,T00606,West,West,248.61,USD,card_present,3ds,approved,APPROVE
X000071346,2026-01-04 17:30:33,C000606,A0000606,M00689,T01179,Northeast,Northeast,31.06,USD,card_present,magstripe,approved,APPROVE
X000175947,2026-01-04 17:30:50,C001450,A0001450,M00281,T01053,West,West,142.19,USD,ecommerce,chip_pin,approved,APPROVE
X000202604,2026-01-04 17:31:10,C001658,A0001658,M00471,T00670,Midwest,Midwest,79.02,USD,mobile_wallet,wallet_biometric,approved,APPROVE
X000104714,2026-01-04 17:31:18,C000882,A0000882,M00481,T00116,Northeast,Northeast,13.29,USD,card_present,chip_pin,approved,APPROVE
X000049051,2026-01-04 17:31:23,C000411,A0000411,M00193,T01056,West,West,13.67,USD,card_present,chip_pin,approved,APPROVE
X000167710,2026-01-04 17:31:35,C001386,A0001386,M00483,T00465,West,West,12.19,USD,card_present,wallet_biometric,approved,APPROVE
X000014768,2026-01-04 17:32:35,C000126,A0000126,M00282,T01131,South,South,93.35,USD,ecommerce,chip_pin,approved,APPROVE
X000203568,2026-01-04 17:32:38,C001666,A0001666,M00585,T00119,Midwest,Midwest,450.22,USD,mobile_wallet,3ds,approved,APPROVE
X000222229,2026-01-04 17:32:55,C001811,A0001811,M00720,T00311,Northeast,Northeast,41.06,USD,card_present,wallet_biometric,approved,APPROVE
X000221899,2026-01-04 17:33:05,C001808,A0001808,M00640,T01025,Midwest,Midwest,75.44,USD,card_present,wallet_biometric,approved,APPROVE
X000115374,2026-01-04 17:33:33,C000959,A0000959,M00745,T00823,Northeast,Northeast,120.55,USD,card_present,chip_pin,approved,APPROVE
X000107341,2026-01-04 17:33:52,C000900,A0000900,M00495,T00738,Midwest,Midwest,129.74,USD,card_present,chip_pin,approved,APPROVE
X000229514,2026-01-04 17:34:09,C001870,A0001870,M00524,T00500,West,West,26.77,USD,ecommerce,chip_pin,approved,APPROVE
X000004887,2026-01-04 17:34:19,C000045,A0000045,M00207,T00387,West,West,21.52,USD,ecommerce,wallet_biometric,approved,APPROVE
X000192136,2026-01-04 17:34:26,C001577,A0001577,M00402,T00179,South,South,270.01,USD,card_present,magstripe,approved,APPROVE
X000141760,2026-01-04 17:34:29,C001169,A0001169,M00759,T00114,Northeast,Northeast,29.53,USD,ecommerce,magstripe,approved,APPROVE
X000151487,2026-01-04 17:36:44,C001244,A0001244,M00624,T00793,West,West,44.93,USD,card_present,chip_pin,approved,APPROVE
X000086768,2026-01-04 17:36:57,C000728,A0000728,M00099,T00891,South,South,283.72,USD,card_present,chip_pin,approved,APPROVE
X000234124,2026-01-04 17:37:01,C001909,A0001909,M00166,T00022,Northeast,Northeast,112.96,USD,card_present,wallet_biometric,approved,APPROVE
X000206991,2026-01-04 17:37:04,C001689,A0001689,M00163,T00147,South,Midwest,68.06,USD,ecommerce,3ds,soft_decline,CHALLENGE
X000007123,2026-01-04 17:37:16,C000066,A0000066,M00324,T00243,West,West,67.15,USD,ecommerce,chip_pin,approved,APPROVE
X000099885,2026-01-04 17:37:16,C000840,A0000840,M00635,T00849,Midwest,Midwest,98.18,USD,ecommerce,3ds,approved,APPROVE
X000105424,2026-01-04 17:37:21,C000887,A0000887,M00146,T00938,Northeast,Northeast,152.68,USD,ecommerce,chip_pin,approved,APPROVE
X000066817,2026-01-04 17:37:23,C000567,A0000567,M00737,T00466,Midwest,Midwest,18.81,USD,ecommerce,wallet_biometric,approved,APPROVE
X000019642,2026-01-04 17:39:05,C000170,A0000170,M00408,T00920,Northeast,Northeast,131.46,USD,mobile_wallet,chip_pin,approved,APPROVE
X000015550,2026-01-04 17:39:07,C000133,A0000133,M00172,T00722,Northeast,Northeast,37.65,USD,card_present,magstripe,approved,APPROVE
X000090790,2026-01-04 17:39:15,C000761,A0000761,M00517,T00531,Midwest,Midwest,214.39,USD,card_present,chip_pin,approved,APPROVE
X000025719,2026-01-04 17:40:05,C000220,A0000220,M00084,T00910,Midwest,Midwest,714.61,USD,ecommerce,wallet_biometric,approved,APPROVE
X000115558,2026-01-04 17:40:15,C000960,A0000960,M00743,T00220,South,South,27.78,USD,ecommerce,3ds,approved,APPROVE
X000114662,2026-01-04 17:40:19,C000954,A0000954,M00764,T00111,Midwest,West,12.68,USD,card_present,3ds,approved,APPROVE
X000026987,2026-01-04 17:40:21,C000233,A0000233,M00771,T00411,South,South,94.38,USD,ecommerce,wallet_biometric,approved,APPROVE
X000100073,2026-01-04 17:40:32,C000843,A0000843,M00615,T00560,Midwest,Midwest,44.43,USD,card_present,3ds,approved,APPROVE
X000192814,2026-01-04 17:40:34,C001584,A0001584,M00680,T00949,Midwest,Midwest,363.45,USD,card_present,3ds,approved,APPROVE
X000016404,2026-01-04 17:40:50,C000139,A0000139,M00669,T00703,South,South,64.31,USD,card_present,wallet_biometric,approved,APPROVE
X000093429,2026-01-04 17:40:54,C000783,A0000783,M00193,T01039,West,West,108.96,USD,card_present,chip_pin,approved,APPROVE
X000178342,2026-01-04 17:41:00,C001468,A0001468,M00068,T00322,Northeast,Northeast,33.53,USD,card_present,chip_pin,approved,APPROVE
X000224407,2026-01-04 17:41:24,C001832,A0001832,M00205,T00934,South,South,408.56,USD,mobile_wallet,wallet_biometric,approved,APPROVE
X000031437,2026-01-04 17:42:30,C000266,A0000266,M00281,T00497,West,West,57.74,USD,ecommerce,chip_pin,approved,APPROVE
X000055308,2026-01-04 17:43:00,C000468,A0000468,M00529,T00863,Midwest,Midwest,64.6,USD,card_present,chip_pin,approved,APPROVE
X000159187,2026-01-04 17:43:06,C001311,A0001311,M00573,T00212,South,Northeast,27.42,USD,ecommerce,3ds,approved,APPROVE
X000003480,2026-01-04 17:43:32,C000031,A0000031,M00353,T00378,Midwest,Midwest,66.98,USD,ecommerce,wallet_biometric,approved,APPROVE
X000085656,2026-01-04 17:43:46,C000717,A0000717,M00567,T00161,Northeast,Northeast,64.09,USD,ecommerce,3ds,approved,APPROVE
X000149822,2026-01-04 17:43:51,C001234,A0001234,M00501,T00506,Northeast,Northeast,46.04,USD,mobile_wallet,wallet_biometric,approved,APPROVE
X000223883,2026-01-04 17:44:08,C001827,A0001827,M00657,T00743,South,South,23.3,USD,mobile_wallet,chip_pin,approved,APPROVE
X000023569,2026-01-04 17:44:15,C000201,A0000201,M00594,T01188,Northeast,Northeast,774.54,USD,mobile_wallet,wallet_biometric,approved,APPROVE
X000055309,2026-01-04 17:44:22,C000468,A0000468,M00084,T00910,Midwest,Midwest,85.61,USD,card_present,chip_pin,approved,APPROVE
X000185361,2026-01-04 17:44:26,C001525,A0001525,M00649,T00134,Midwest,Midwest,92.67,USD,ecommerce,chip_pin,approved,APPROVE
X000134934,2026-01-04 17:44:35,C001108,A0001108,M00428,T00264,West,West,93.78,USD,card_present,chip_pin,approved,APPROVE
X000090575,2026-01-04 17:44:40,C000759,A0000759,M00387,T00209,Northeast,Northeast,28.27,USD,mobile_wallet,magstripe,approved,APPROVE
X000116965,2026-01-04 17:44:55,C000971,A0000971,M00270,T00562,South,South,98.31,USD,ecommerce,3ds,approved,APPROVE
X000026988,2026-01-04 17:45:20,C000233,A0000233,M00051,T00286,South,South,41.53,USD,card_present,3ds,approved,APPROVE
X000215015,2026-01-04 17:46:29,C001756,A0001756,M00786,T00776,Northeast,Northeast,59.66,USD,ecommerce,chip_pin,approved,APPROVE
X000220401,2026-01-04 17:47:01,C001799,A0001799,M00150,T00526,South,South,96.0,USD,card_present,wallet_biometric,approved,APPROVE
X000214444,2026-01-04 17:47:23,C001752,A0001752,M00054,T00295,South,West,298.23,USD,card_present,chip_pin,approved,APPROVE
X000085474,2026-01-04 17:47:25,C000715,A0000715,M00212,T00443,Midwest,Midwest,13.4,USD,ecommerce,3ds,approved,APPROVE
X000213996,2026-01-04 17:47:28,C001748,A0001748,M00459,T00795,Northeast,Northeast,31.26,USD,card_present,wallet_biometric,approved,APPROVE
X000041401,2026-01-04 17:47:47,C000350,A0000350,M00504,T00422,Northeast,Northeast,23.18,USD,ecommerce,3ds,approved,APPROVE
X000103745,2026-01-04 17:48:22,C000873,A0000873,M00282,T01131,South,South,62.25,USD,card_present,chip_pin,approved,APPROVE
X000224033,2026-01-04 17:48:47,C001829,A0001829,M00724,T01129,South,West,42.22,USD,ecommerce,3ds,approved,APPROVE
X000096182,2026-01-04 17:49:40,C000804,A0000804,M00374,T00569,South,South,21.29,USD,card_present,wallet_biometric,approved,APPROVE
X000054209,2026-01-04 17:49:47,C000460,A0000460,M00454,T00977,West,West,83.53,USD,card_present,3ds,approved,APPROVE
X000034147,2026-01-04 17:49:55,C000290,A0000290,M00715,T00083,Midwest,Midwest,126.06,USD,card_present,chip_pin,approved,APPROVE
X000118867,2026-01-04 17:50:14,C000985,A0000985,M00013,T00686,South,South,121.81,USD,card_present,chip_pin,approved,APPROVE
X000178404,2026-01-04 17:50:58,C001469,A0001469,M00645,T00428,South,South,136.56,USD,card_present,wallet_biometric,approved,APPROVE
X000154901,2026-01-04 17:52:59,C001277,A0001277,M00623,T00969,Midwest,Midwest,184.77,USD,card_present,3ds,approved,APPROVE
X000033895,2026-01-04 17:53:27,C000289,A0000289,M00096,T00202,West,West,144.4,USD,ecommerce,magstripe,approved,APPROVE
X000075332,2026-01-04 17:54:01,C000633,A0000633,M00782,T00864,Midwest,Midwest,65.39,USD,ecommerce,chip_pin,approved,APPROVE
X000109795,2026-01-04 17:54:47,C000917,A0000917,M00077,T00530,South,South,68.71,USD,card_present,3ds,approved,APPROVE
X000239104,2026-01-04 17:55:13,C001951,A0001951,M00523,T00390,Midwest,Midwest,12.22,USD,card_present,chip_pin,approved,APPROVE
X000203154,2026-01-04 17:55:23,C001664,A0001664,M00051,T01084,South,South,164.64,USD,mobile_wallet,chip_pin,approved,APPROVE
X000124222,2026-01-04 17:55:28,C001028,A0001028,M00471,T00670,Midwest,Midwest,71.0,USD,ecommerce,3ds,approved,APPROVE
X000008912,2026-01-04 17:55:51,C000081,A0000081,M00403,T00159,Northeast,Northeast,71.51,USD,card_present,chip_pin,approved,APPROVE
X000240700,2026-01-04 17:55:57,C001963,A0001963,M00645,T00155,South,South,34.46,USD,ecommerce,chip_pin,approved,APPROVE
X000153349,2026-01-04 17:56:00,C001261,A0001261,M00264,T00543,Midwest,Midwest,49.17,USD,card_present,magstripe,approved,APPROVE
X000094200,2026-01-04 17:56:06,C000789,A0000789,M00313,T00777,Northeast,Northeast,270.37,USD,card_present,chip_pin,approved,APPROVE
X000213197,2026-01-04 17:56:26,C001741,A0001741,M00547,T00371,Northeast,Northeast,118.94,USD,card_present,3ds,approved,APPROVE
X000213902,2026-01-04 17:57:48,C001747,A0001747,M00608,T00027,South,South,28.82,USD,card_present,wallet_biometric,approved,APPROVE
X000208214,2026-01-04 17:57:50,C001700,A0001700,M00458,T00358,West,West,127.91,USD,ecommerce,3ds,approved,APPROVE
X000176397,2026-01-04 17:58:03,C001454,A0001454,M00686,T00708,West,West,48.02,USD,card_present,wallet_biometric,approved,APPROVE
X000143178,2026-01-04 17:58:33,C001180,A0001180,M00183,T00617,South,South,119.17,USD,mobile_wallet,3ds,approved,APPROVE
X000001933,2026-01-04 17:58:39,C000017,A0000017,M00111,T01015,Midwest,Midwest,28.32,USD,mobile_wallet,chip_pin,approved,APPROVE
X000176465,2026-01-04 17:58:48,C001455,A0001455,M00476,T00028,Midwest,Midwest,53.12,USD,card_present,3ds,approved,APPROVE
X000122825,2026-01-04 17:58:55,C001019,A0001019,M00365,T00324,South,South,166.9,USD,card_present,chip_pin,approved,APPROVE
X000103746,2026-01-04 17:59:20,C000873,A0000873,M00282,T01131,South,South,132.18,USD,card_present,chip_pin,approved,APPROVE
X000126681,2026-01-04 17:59:40,C001043,A0001043,M00341,T00741,Midwest,Midwest,5.03,USD,ecommerce,wallet_biometric,approved,APPROVE
X000055573,2026-01-04 18:00:07,C000471,A0000471,M00087,T00716,South,South,66.69,USD,card_present,chip_pin,approved,APPROVE
X000152309,2026-01-04 18:00:07,C001253,A0001253,M00475,T00965,Midwest,Midwest,59.3,USD,ecommerce,wallet_biometric,approved,APPROVE
X000016991,2026-01-04 18:00:22,C000145,A0000145,M00067,T00948,South,South,37.25,USD,card_present,wallet_biometric,approved,APPROVE
X000105070,2026-01-04 18:00:22,C000884,A0000884,M00147,T00410,South,South,13.11,USD,mobile_wallet,3ds,approved,APPROVE
X000081655,2026-01-04 18:00:24,C000684,A0000684,M00037,T00050,West,West,363.33,USD,card_present,magstripe,approved,APPROVE
X000028244,2026-01-04 18:00:41,C000244,A0000244,M00594,T01188,Northeast,Northeast,68.82,USD,ecommerce,chip_pin,approved,APPROVE
X000236821,2026-01-04 18:01:37,C001932,A0001932,M00739,T00701,South,South,28.46,USD,card_present,chip_pin,approved,APPROVE
X000035492,2026-01-04 18:02:25,C000301,A0000301,M00213,T00876,Northeast,Northeast,107.88,USD,ecommerce,chip_pin,approved,APPROVE
X000125369,2026-01-04 18:02:45,C001033,A0001033,M00365,T00324,South,South,9.6,USD,ecommerce,chip_pin,approved,APPROVE
X000029490,2026-01-04 18:03:38,C000254,A0000254,M00452,T00329,Northeast,Northeast,348.49,USD,card_present,chip_pin,approved,APPROVE
X000114862,2026-01-04 18:03:39,C000956,A0000956,M00494,T01193,West,West,170.83,USD,card_present,chip_pin,approved,APPROVE
X000070181,2026-01-04 18:03:54,C000597,A0000597,M00379,T01176,South,South,60.43,USD,card_present,chip_pin,approved,APPROVE
X000200940,2026-01-04 18:04:12,C001646,A0001646,M00015,T00330,South,South,37.06,USD,ecommerce,chip_pin,approved,APPROVE
X000101431,2026-01-04 18:05:15,C000853,A0000853,M00125,T00778,West,West,34.61,USD,mobile_wallet,chip_pin,approved,APPROVE
X000210330,2026-01-04 18:05:22,C001715,A0001715,M00378,T00730,South,South,24.01,USD,ecommerce,chip_pin,approved,APPROVE
X000215954,2026-01-04 18:05:28,C001765,A0001765,M00257,T00772,South,South,20.25,USD,card_present,chip_pin,approved,APPROVE
X000130032,2026-01-04 18:05:30,C001068,A0001068,M00042,T00546,Northeast,Northeast,60.83,USD,card_present,wallet_biometric,approved,APPROVE
X000168939,2026-01-04 18:05:48,C001397,A0001397,M00738,T00899,South,South,30.59,USD,ecommerce,3ds,approved,APPROVE
X000119258,2026-01-04 18:06:10,C000988,A0000988,M00280,T00178,Northeast,Northeast,9.17,USD,card_present,magstripe,approved,APPROVE
X000227663,2026-01-04 18:07:10,C001856,A0001856,M00580,T00415,South,South,71.9,USD,ecommerce,3ds,approved,APPROVE
X000059179,2026-01-04 18:07:29,C000503,A0000503,M00335,T00070,South,South,194.21,USD,mobile_wallet,wallet_biometric,approved,APPROVE
X000122394,2026-01-04 18:07:29,C001015,A0001015,M00391,T00267,Northeast,Northeast,27.17,USD,card_present,chip_pin,approved,APPROVE
X000051445,2026-01-04 18:07:31,C000435,A0000435,M00056,T01147,Midwest,Midwest,30.88,USD,card_present,3ds,approved,APPROVE
X000177186,2026-01-04 18:08:22,C001460,A0001460,M00148,T00250,Midwest,Midwest,31.51,USD,card_present,chip_pin,approved,APPROVE
X000233887,2026-01-04 18:08:34,C001907,A0001907,M00698,T00153,West,West,108.46,USD,card_present,chip_pin,approved,APPROVE
X000230837,2026-01-04 18:08:54,C001883,A0001883,M00479,T00906,Midwest,Midwest,69.38,USD,card_present,chip_pin,approved,APPROVE
X000076411,2026-01-04 18:09:11,C000643,A0000643,M00305,T00345,Northeast,Northeast,27.98,USD,card_present,3ds,approved,APPROVE
X000176854,2026-01-04 18:09:14,C001458,A0001458,M00692,T00191,Northeast,Northeast,98.74,USD,ecommerce,wallet_biometric,approved,APPROVE
X000199384,2026-01-04 18:09:15,C001634,A0001634,M00412,T00928,Northeast,Northeast,57.26,USD,ecommerce,chip_pin,approved,APPROVE
X000225740,2026-01-04 18:09:23,C001840,A0001840,M00434,T00808,South,South,213.71,USD,card_present,chip_pin,approved,APPROVE
X000233616,2026-01-04 18:09:36,C001905,A0001905,M00763,T00455,South,South,30.19,USD,ecommerce,wallet_biometric,approved,APPROVE
X000148185,2026-01-04 18:09:59,C001224,A0001224,M00661,T00337,Northeast,Northeast,85.32,USD,card_present,wallet_biometric,approved,APPROVE
X000020067,2026-01-04 18:10:20,C000174,A0000174,M00588,T00221,West,West,12.4,USD,card_present,chip_pin,approved,APPROVE
X000144296,2026-01-04 18:10:27,C001188,A0001188,M00171,T00754,Northeast,Northeast,93.19,USD,card_present,chip_pin,approved,APPROVE
X000105761,2026-01-04 18:10:56,C000889,A0000889,M00288,T01177,Northeast,Northeast,137.87,USD,card_present,chip_pin,approved,APPROVE
X000184756,2026-01-04 18:12:10,C001522,A0001522,M00087,T00716,South,South,81.78,USD,ecommerce,chip_pin,approved,APPROVE
X000143637,2026-01-04 18:12:13,C001184,A0001184,M00083,T00985,Midwest,Midwest,243.73,USD,card_present,chip_pin,approved,APPROVE
X000047849,2026-01-04 18:12:19,C000404,A0000404,M00513,T00695,Midwest,Midwest,177.88,USD,ecommerce,chip_pin,approved,APPROVE
X000163366,2026-01-04 18:12:26,C001348,A0001348,M00099,T00459,South,South,87.93,USD,card_present,chip_pin,approved,APPROVE
X000127296,2026-01-04 18:12:28,C001050,A0001050,M00367,T00335,South,South,76.03,USD,ecommerce,chip_pin,approved,APPROVE
X000091629,2026-01-04 18:12:32,C000769,A0000769,M00797,T00997,South,South,120.78,USD,ecommerce,chip_pin,approved,APPROVE
X000132182,2026-01-04 18:13:09,C001089,A0001089,M00285,T00370,Midwest,Midwest,49.1,USD,card_present,wallet_biometric,approved,APPROVE
X000127166,2026-01-04 18:13:21,C001048,A0001048,M00131,T00706,West,West,221.01,USD,card_present,3ds,approved,APPROVE
X000064803,2026-01-04 18:13:33,C000550,A0000550,M00262,T01103,South,South,192.6,USD,card_present,3ds,approved,APPROVE
X000043191,2026-01-04 18:13:38,C000365,A0000365,M00477,T00694,West,West,7.75,USD,ecommerce,wallet_biometric,approved,APPROVE
X000130562,2026-01-04 18:13:54,C001074,A0001074,M00309,T01075,Northeast,Northeast,23.54,USD,card_present,chip_pin,approved,APPROVE
X000152952,2026-01-04 18:14:27,C001258,A0001258,M00094,T00737,South,South,40.81,USD,card_present,chip_pin,approved,APPROVE
X000224135,2026-01-04 18:14:50,C001830,A0001830,M00796,T00571,West,West,26.24,USD,card_present,magstripe,approved,APPROVE
X000200768,2026-01-04 18:15:03,C001645,A0001645,M00479,T00906,Midwest,Midwest,21.65,USD,card_present,chip_pin,approved,APPROVE
X000195772,2026-01-04 18:15:57,C001608,A0001608,M00784,T00228,South,South,29.18,USD,card_present,wallet_biometric,approved,APPROVE
X000241076,2026-01-04 18:16:39,C001968,A0001968,M00669,T00703,South,South,91.06,USD,card_present,3ds,approved,APPROVE
X000194429,2026-01-04 18:16:57,C001598,A0001598,M00077,T00723,South,South,44.15,USD,card_present,wallet_biometric,approved,APPROVE
X000181050,2026-01-04 18:17:22,C001489,A0001489,M00476,T00184,Midwest,Midwest,21.82,USD,card_present,chip_pin,approved,APPROVE
X000049606,2026-01-04 18:19:24,C000415,A0000415,M00549,T00456,South,South,28.66,USD,ecommerce,chip_pin,approved,APPROVE
X000015551,2026-01-04 18:20:10,C000133,A0000133,M00230,T01120,Northeast,West,97.04,USD,ecommerce,chip_pin,approved,APPROVE
X000055364,2026-01-04 18:20:11,C000469,A0000469,M00196,T00164,Midwest,Midwest,151.15,USD,ecommerce,magstripe,approved,APPROVE
X000099791,2026-01-04 18:20:59,C000839,A0000839,M00294,T00731,South,South,56.82,USD,card_present,3ds,approved,APPROVE
X000127880,2026-01-04 18:21:05,C001053,A0001053,M00680,T00949,South,Midwest,33.4,USD,mobile_wallet,chip_pin,approved,APPROVE
X000210796,2026-01-04 18:21:31,C001719,A0001719,M00077,T00306,South,South,188.04,USD,ecommerce,3ds,approved,APPROVE
X000070182,2026-01-04 18:22:20,C000597,A0000597,M00718,T00580,South,South,98.12,USD,card_present,wallet_biometric,approved,APPROVE
X000014406,2026-01-04 18:22:22,C000123,A0000123,M00441,T01043,South,West,181.97,USD,ecommerce,3ds,approved,APPROVE
X000131745,2026-01-04 18:22:43,C001084,A0001084,M00180,T01184,West,West,84.68,USD,card_present,3ds,approved,APPROVE
X000025720,2026-01-04 18:23:42,C000220,A0000220,M00388,T00170,Midwest,Midwest,344.92,USD,ecommerce,3ds,approved,APPROVE
X000020068,2026-01-04 18:24:02,C000174,A0000174,M00684,T01008,West,West,32.97,USD,mobile_wallet,chip_pin,approved,APPROVE
X000084498,2026-01-04 18:24:10,C000708,A0000708,M00489,T01009,Northeast,Northeast,33.39,USD,card_present,magstripe,approved,APPROVE
X000224742,2026-01-04 18:24:33,C001833,A0001833,M00369,T00207,Northeast,Northeast,43.75,USD,ecommerce,chip_pin,approved,APPROVE
X000020892,2026-01-04 18:24:38,C000183,A0000183,M00569,T00983,South,South,18.9,USD,card_present,chip_pin,approved,APPROVE
X000088313,2026-01-04 18:24:44,C000743,A0000743,M00793,T01052,South,South,277.92,USD,card_present,chip_pin,approved,APPROVE
X000176981,2026-01-04 18:24:45,C001459,A0001459,M00376,T00702,South,South,95.53,USD,mobile_wallet,wallet_biometric,approved,APPROVE
X000151631,2026-01-04 18:24:50,C001246,A0001246,M00439,T00144,West,West,29.66,USD,mobile_wallet,chip_pin,approved,APPROVE
X000230211,2026-01-04 18:25:02,C001877,A0001877,M00089,T00946,Midwest,Midwest,51.18,USD,ecommerce,3ds,approved,APPROVE
X000128324,2026-01-04 18:25:05,C001056,A0001056,M00726,T00829,Northeast,Northeast,101.91,USD,card_present,chip_pin,approved,APPROVE
X000085576,2026-01-04 18:25:39,C000716,A0000716,M00216,T00994,West,West,16.28,USD,card_present,chip_pin,approved,APPROVE
X000153350,2026-01-04 18:25:56,C001261,A0001261,M00380,T00989,Midwest,Midwest,44.16,USD,ecommerce,chip_pin,approved,APPROVE
X000107863,2026-01-04 18:26:20,C000903,A0000903,M00791,T00739,South,South,270.27,USD,ecommerce,wallet_biometric,approved,APPROVE
X000010254,2026-01-04 18:26:26,C000093,A0000093,M00213,T01006,Northeast,Northeast,24.17,USD,ecommerce,chip_pin,approved,APPROVE
X000178021,2026-01-04 18:26:27,C001465,A0001465,M00417,T00117,South,South,301.8,USD,card_present,chip_pin,approved,APPROVE
X000198188,2026-01-04 18:26:49,C001626,A0001626,M00137,T00381,Midwest,Midwest,387.91,USD,ecommerce,3ds,approved,APPROVE
X000147129,2026-01-04 18:27:01,C001214,A0001214,M00316,T00389,South,South,28.87,USD,card_present,magstripe,approved,APPROVE
X000222230,2026-01-04 18:27:36,C001811,A0001811,M00720,T00311,Northeast,Northeast,63.89,USD,ecommerce,wallet_biometric,approved,APPROVE
X000001227,2026-01-04 18:27:50,C000013,A0000013,M00230,T01120,West,West,20.02,USD,card_present,chip_pin,approved,APPROVE
X000046122,2026-01-04 18:27:59,C000387,A0000387,M00342,T00375,Midwest,Midwest,23.0,USD,card_present,wallet_biometric,approved,APPROVE
X000182424,2026-01-04 18:29:17,C001501,A0001501,M00034,T00307,Northeast,Northeast,70.02,USD,ecommerce,wallet_biometric,approved,APPROVE
X000010354,2026-01-04 18:29:30,C000094,A0000094,M00556,T00589,South,South,11.99,USD,card_present,3ds,approved,APPROVE
X000045198,2026-01-04 18:29:42,C000380,A0000380,M00439,T00933,West,West,19.64,USD,mobile_wallet,chip_pin,approved,APPROVE
X000137039,2026-01-04 18:29:46,C001127,A0001127,M00268,T00608,West,West,556.51,USD,card_present,3ds,approved,APPROVE
X000238562,2026-01-04 18:29:53,C001947,A0001947,M00205,T00934,South,South,125.58,USD,card_present,wallet_biometric,approved,APPROVE
X000007001,2026-01-04 18:30:02,C000064,A0000064,M00354,T00770,Northeast,Northeast,38.29,USD,mobile_wallet,3ds,approved,APPROVE
X000035663,2026-01-04 18:30:43,C000303,A0000303,M00304,T00684,Midwest,Midwest,99.15,USD,card_present,3ds,approved,APPROVE
X000108876,2026-01-04 18:30:44,C000913,A0000913,M00386,T00008,Northeast,Northeast,98.21,USD,ecommerce,chip_pin,approved,APPROVE
X000159606,2026-01-04 18:31:04,C001316,A0001316,M00501,T01003,Northeast,Northeast,128.49,USD,card_present,chip_pin,approved,APPROVE
X000181801,2026-01-04 18:31:52,C001496,A0001496,M00621,T00383,West,West,73.98,USD,card_present,chip_pin,approved,APPROVE
X000210118,2026-01-04 18:32:04,C001714,A0001714,M00127,T00699,South,South,65.42,USD,mobile_wallet,wallet_biometric,approved,APPROVE
X000130389,2026-01-04 18:32:19,C001072,A0001072,M00524,T00505,West,West,19.22,USD,card_present,chip_pin,approved,APPROVE
X000071347,2026-01-04 18:33:19,C000606,A0000606,M00689,T01179,Northeast,Northeast,49.7,USD,card_present,chip_pin,approved,APPROVE
X000162222,2026-01-04 18:33:21,C001340,A0001340,M00739,T00701,South,South,54.12,USD,ecommerce,3ds,approved,APPROVE
X000212527,2026-01-04 18:33:44,C001734,A0001734,M00163,T00147,Midwest,Midwest,127.33,USD,card_present,3ds,approved,APPROVE
X000107342,2026-01-04 18:34:15,C000900,A0000900,M00495,T00738,Midwest,Midwest,91.21,USD,card_present,wallet_biometric,approved,APPROVE
X000203028,2026-01-04 18:34:35,C001663,A0001663,M00687,T01156,South,Midwest,22.79,USD,ecommerce,chip_pin,approved,APPROVE
X000078807,2026-01-04 18:34:37,C000664,A0000664,M00562,T01175,West,West,23.47,USD,card_present,magstripe,approved,APPROVE
X000239239,2026-01-04 18:35:01,C001952,A0001952,M00615,T00560,Midwest,Midwest,91.52,USD,card_present,chip_pin,approved,APPROVE
X000235361,2026-01-04 18:35:37,C001918,A0001918,M00767,T00890,South,South,78.2,USD,ecommerce,chip_pin,approved,APPROVE
X000052365,2026-01-04 18:35:49,C000442,A0000442,M00321,T01046,Midwest,Midwest,409.61,USD,card_present,chip_pin,approved,APPROVE
X000224988,2026-01-04 18:36:25,C001835,A0001835,M00616,T01002,West,West,180.37,USD,ecommerce,chip_pin,approved,APPROVE
X000034740,2026-01-04 18:36:29,C000295,A0000295,M00074,T00967,South,South,31.01,USD,mobile_wallet,wallet_biometric,approved,APPROVE
X000228816,2026-01-04 18:37:19,C001864,A0001864,M00545,T00484,South,South,17.63,USD,ecommerce,3ds,approved,APPROVE
X000234218,2026-01-04 18:37:26,C001910,A0001910,M00094,T00737,South,South,109.58,USD,card_present,chip_pin,approved,APPROVE
X000232824,2026-01-04 18:37:43,C001898,A0001898,M00675,T00026,Midwest,Midwest,40.22,USD,ecommerce,chip_pin,approved,APPROVE
X000225957,2026-01-04 18:37:53,C001841,A0001841,M00763,T00601,South,South,44.59,USD,ecommerce,chip_pin,approved,APPROVE
X000059869,2026-01-04 18:37:56,C000510,A0000510,M00542,T01166,South,South,27.82,USD,ecommerce,3ds,approved,APPROVE
X000219764,2026-01-04 18:37:59,C001796,A0001796,M00162,T00759,Midwest,Midwest,23.9,USD,card_present,chip_pin,approved,APPROVE
X000137040,2026-01-04 18:39:06,C001127,A0001127,M00560,T00180,West,West,262.94,USD,ecommerce,3ds,approved,APPROVE
X000135968,2026-01-04 18:39:50,C001118,A0001118,M00181,T01063,South,South,145.67,USD,mobile_wallet,3ds,approved,APPROVE
X000142387,2026-01-04 18:40:30,C001174,A0001174,M00320,T00150,West,West,379.21,USD,ecommerce,3ds,approved,APPROVE
X000102896,2026-01-04 18:41:15,C000865,A0000865,M00301,T01109,South,South,90.23,USD,card_present,chip_pin,approved,APPROVE
X000112471,2026-01-04 18:41:24,C000941,A0000941,M00184,T00927,South,South,21.55,USD,ecommerce,chip_pin,approved,APPROVE
X000031737,2026-01-04 18:41:32,C000269,A0000269,M00534,T00729,West,West,21.86,USD,ecommerce,chip_pin,approved,APPROVE
X000174002,2026-01-04 18:42:12,C001435,A0001435,M00147,T00338,South,South,118.97,USD,card_present,magstripe,approved,APPROVE
X000059578,2026-01-04 18:42:46,C000507,A0000507,M00009,T00774,South,South,71.02,USD,ecommerce,chip_pin,approved,APPROVE
X000189556,2026-01-04 18:42:51,C001558,A0001558,M00171,T00643,Northeast,Northeast,55.57,USD,card_present,chip_pin,approved,APPROVE
X000127881,2026-01-04 18:42:54,C001053,A0001053,M00301,T00666,South,South,53.86,USD,ecommerce,chip_pin,approved,APPROVE
X000219927,2026-01-04 18:43:00,C001797,A0001797,M00659,T00047,Northeast,Northeast,180.84,USD,card_present,magstripe,approved,APPROVE
X000065626,2026-01-04 18:43:01,C000556,A0000556,M00302,T00011,Northeast,Northeast,20.75,USD,card_present,chip_pin,approved,APPROVE
X000021314,2026-01-04 18:43:56,C000186,A0000186,M00232,T00367,West,West,285.19,USD,card_present,chip_pin,approved,APPROVE
X000041481,2026-01-04 18:44:03,C000351,A0000351,M00560,T00434,West,West,38.96,USD,card_present,chip_pin,approved,APPROVE
X000194627,2026-01-04 18:44:45,C001601,A0001601,M00253,T00291,South,South,130.46,USD,card_present,chip_pin,approved,APPROVE
X000175824,2026-01-04 18:44:46,C001449,A0001449,M00232,T00367,West,West,202.96,USD,card_present,chip_pin,approved,APPROVE
X000126855,2026-01-04 18:45:35,C001045,A0001045,M00394,T00922,South,South,14.66,USD,ecommerce,magstripe,approved,APPROVE
X000130652,2026-01-04 18:45:59,C001075,A0001075,M00171,T00523,Northeast,Northeast,25.96,USD,card_present,chip_pin,approved,APPROVE
X000222752,2026-01-04 18:46:18,C001815,A0001815,M00459,T00204,Northeast,Northeast,112.32,USD,card_present,chip_pin,approved,APPROVE
X000104443,2026-01-04 18:46:25,C000879,A0000879,M00276,T01082,Northeast,Northeast,24.54,USD,ecommerce,wallet_biometric,approved,APPROVE
X000105181,2026-01-04 18:46:28,C000885,A0000885,M00779,T00146,South,South,100.05,USD,card_present,wallet_biometric,approved,APPROVE
X000001323,2026-01-04 18:47:38,C000014,A0000014,M00484,T00728,South,South,160.77,USD,ecommerce,3ds,approved,APPROVE
X000210119,2026-01-04 18:47:40,C001714,A0001714,M00486,T00218,South,South,42.18,USD,card_present,magstripe,approved,APPROVE
X000002911,2026-01-04 18:48:36,C000028,A0000028,M00596,T01101,Midwest,Midwest,186.36,USD,card_present,wallet_biometric,approved,APPROVE
X000015552,2026-01-04 18:48:53,C000133,A0000133,M00737,T00466,Northeast,Midwest,14.38,USD,ecommerce,wallet_biometric,approved,APPROVE
X000134729,2026-01-04 18:49:06,C001106,A0001106,M00544,T00846,South,South,51.46,USD,card_present,chip_pin,approved,APPROVE
X000042384,2026-01-04 18:49:31,C000359,A0000359,M00139,T00632,Northeast,Northeast,28.53,USD,mobile_wallet,wallet_biometric,approved,APPROVE
X000009245,2026-01-04 18:49:45,C000085,A0000085,M00770,T00715,Midwest,Midwest,126.67,USD,card_present,wallet_biometric,approved,APPROVE
X000093322,2026-01-04 18:49:45,C000782,A0000782,M00741,T00732,South,South,33.89,USD,ecommerce,magstripe,approved,APPROVE
X000094201,2026-01-04 18:49:53,C000789,A0000789,M00313,T00777,Northeast,Northeast,92.24,USD,card_present,chip_pin,approved,APPROVE
X000195131,2026-01-04 18:50:29,C001604,A0001604,M00517,T01092,Midwest,Midwest,198.07,USD,card_present,3ds,approved,APPROVE
X000109098,2026-01-04 18:50:36,C000914,A0000914,M00544,T00846,Northeast,South,41.78,USD,mobile_wallet,chip_pin,approved,APPROVE
X000046610,2026-01-04 18:50:44,C000392,A0000392,M00607,T00470,South,South,19.09,USD,mobile_wallet,chip_pin,approved,APPROVE
X000219928,2026-01-04 18:51:04,C001797,A0001797,M00709,T01049,Northeast,Northeast,122.35,USD,mobile_wallet,3ds,approved,APPROVE
X000155300,2026-01-04 18:51:28,C001280,A0001280,M00118,T00907,West,West,163.5,USD,card_present,chip_pin,approved,APPROVE
X000213903,2026-01-04 18:51:40,C001747,A0001747,M00784,T00228,South,South,26.8,USD,card_present,magstripe,soft_decline,CHALLENGE
X000041402,2026-01-04 18:51:42,C000350,A0000350,M00667,T00182,Northeast,Northeast,109.99,USD,ecommerce,chip_pin,approved,APPROVE
X000191844,2026-01-04 18:51:53,C001574,A0001574,M00366,T00195,West,Northeast,107.97,USD,ecommerce,chip_pin,approved,APPROVE
X000029110,2026-01-04 18:52:12,C000251,A0000251,M00051,T00286,South,South,14.53,USD,ecommerce,chip_pin,approved,APPROVE
X000017453,2026-01-04 18:52:22,C000150,A0000150,M00394,T00597,South,South,306.45,USD,card_present,chip_pin,approved,APPROVE
X000058578,2026-01-04 18:52:44,C000497,A0000497,M00066,T00171,West,West,21.74,USD,mobile_wallet,chip_pin,approved,APPROVE
X000082502,2026-01-04 18:52:52,C000692,A0000692,M00094,T00737,South,South,158.76,USD,card_present,chip_pin,approved,APPROVE
X000144713,2026-01-04 18:53:00,C001192,A0001192,M00497,T00779,West,West,98.05,USD,card_present,magstripe,approved,APPROVE
X000154902,2026-01-04 18:54:54,C001277,A0001277,M00623,T00969,Midwest,Midwest,99.29,USD,ecommerce,magstripe,approved,APPROVE
X000129303,2026-01-04 18:55:10,C001064,A0001064,M00280,T00178,Northeast,Northeast,158.59,USD,card_present,3ds,approved,APPROVE
X000005901,2026-01-04 18:55:31,C000055,A0000055,M00345,T01165,South,South,27.72,USD,ecommerce,wallet_biometric,approved,APPROVE
X000147130,2026-01-04 18:56:04,C001214,A0001214,M00073,T00757,South,South,14.72,USD,card_present,chip_pin,approved,APPROVE
X000153533,2026-01-04 18:56:36,C001263,A0001263,M00575,T00637,West,West,51.84,USD,ecommerce,magstripe,approved,APPROVE
X000106371,2026-01-04 18:57:03,C000893,A0000893,M00564,T01141,Northeast,Northeast,23.91,USD,ecommerce,chip_pin,approved,APPROVE
X000145628,2026-01-04 18:57:42,C001200,A0001200,M00109,T00548,Northeast,Northeast,123.37,USD,ecommerce,wallet_biometric,approved,APPROVE
X000175646,2026-01-04 18:58:34,C001447,A0001447,M00699,T00493,Midwest,Midwest,24.35,USD,card_present,wallet_biometric,approved,APPROVE
X000010032,2026-01-04 18:58:41,C000091,A0000091,M00452,T00329,Northeast,Northeast,59.24,USD,card_present,chip_pin,approved,APPROVE
X000046230,2026-01-04 18:58:47,C000388,A0000388,M00443,T00564,South,South,59.13,USD,card_present,chip_pin,approved,APPROVE
X000071695,2026-01-04 18:59:25,C000609,A0000609,M00194,T00803,Northeast,Northeast,208.93,USD,card_present,wallet_biometric,approved,APPROVE
X000175328,2026-01-04 18:59:49,C001444,A0001444,M00092,T00788,West,West,54.17,USD,ecommerce,chip_pin,approved,APPROVE
X000184555,2026-01-04 19:00:18,C001521,A0001521,M00295,T00425,South,South,385.64,USD,ecommerce,wallet_biometric,approved,APPROVE
X000058342,2026-01-04 19:00:34,C000495,A0000495,M00055,T01054,South,South,81.88,USD,card_present,3ds,approved,APPROVE
X000046446,2026-01-04 19:00:37,C000390,A0000390,M00477,T00694,West,West,31.23,USD,card_present,chip_pin,approved,APPROVE
X000102593,2026-01-04 19:00:54,C000863,A0000863,M00135,T00646,Midwest,Midwest,137.09,USD,mobile_wallet,3ds,approved,APPROVE
X000089944,2026-01-04 19:01:22,C000752,A0000752,M00253,T01072,South,South,121.55,USD,ecommerce,3ds,approved,APPROVE
X000099350,2026-01-04 19:01:34,C000834,A0000834,M00166,T00022,Northeast,Northeast,79.31,USD,ecommerce,wallet_biometric,approved,APPROVE
X000216941,2026-01-04 19:01:38,C001773,A0001773,M00592,T00719,South,South,376.79,USD,mobile_wallet,wallet_biometric,approved,APPROVE
X000038932,2026-01-04 19:02:04,C000332,A0000332,M00342,T00375,Midwest,Midwest,104.12,USD,ecommerce,3ds,approved,APPROVE
X000053456,2026-01-04 19:02:08,C000452,A0000452,M00700,T00884,Northeast,Northeast,46.32,USD,card_present,3ds,approved,APPROVE
X000064804,2026-01-04 19:02:19,C000550,A0000550,M00378,T01130,South,South,190.05,USD,ecommerce,3ds,approved,APPROVE
X000045766,2026-01-04 19:02:41,C000383,A0000383,M00271,T00227,Northeast,Northeast,23.19,USD,mobile_wallet,chip_pin,approved,APPROVE
X000071696,2026-01-04 19:02:42,C000609,A0000609,M00133,T00854,Northeast,Northeast,109.93,USD,card_present,chip_pin,approved,APPROVE
X000053457,2026-01-04 19:02:43,C000452,A0000452,M00700,T00884,Northeast,Northeast,38.65,USD,mobile_wallet,3ds,approved,APPROVE
X000110031,2026-01-04 19:02:49,C000920,A0000920,M00758,T00582,Northeast,Northeast,184.3,USD,card_present,chip_pin,approved,APPROVE
X000051847,2026-01-04 19:03:22,C000439,A0000439,M00171,T00468,Northeast,Northeast,16.73,USD,mobile_wallet,chip_pin,approved,APPROVE
X000136151,2026-01-04 19:03:52,C001120,A0001120,M00496,T00236,Midwest,Midwest,95.09,USD,card_present,wallet_biometric,approved,APPROVE
X000119973,2026-01-04 19:04:47,C000997,A0000997,M00445,T00021,Northeast,Northeast,198.08,USD,card_present,3ds,approved,APPROVE
X000084196,2026-01-04 19:04:54,C000705,A0000705,M00121,T00867,West,West,26.49,USD,ecommerce,3ds,approved,APPROVE
X000154318,2026-01-04 19:05:16,C001271,A0001271,M00379,T01176,South,South,31.28,USD,card_present,3ds,approved,APPROVE
X000215865,2026-01-04 19:05:32,C001764,A0001764,M00500,T00780,Midwest,Midwest,39.71,USD,ecommerce,chip_pin,approved,APPROVE
X000083175,2026-01-04 19:05:33,C000696,A0000696,M00691,T01123,Northeast,Northeast,147.2,USD,card_present,3ds,approved,APPROVE
X000070749,2026-01-04 19:06:49,C000601,A0000601,M00600,T00407,South,South,319.55,USD,mobile_wallet,chip_pin,approved,APPROVE
X000110184,2026-01-04 19:07:28,C000921,A0000921,M00171,T00754,Northeast,Northeast,162.52,USD,ecommerce,chip_pin,approved,APPROVE
X000124950,2026-01-04 19:08:13,C001032,A0001032,M00051,T00286,South,South,154.28,USD,card_present,chip_pin,approved,APPROVE
X000168001,2026-01-04 19:08:34,C001389,A0001389,M00390,T00066,Midwest,Northeast,57.87,USD,mobile_wallet,chip_pin,approved,APPROVE
X000140930,2026-01-04 19:09:03,C001161,A0001161,M00644,T00681,West,West,148.17,USD,card_present,chip_pin,approved,APPROVE
X000194546,2026-01-04 19:09:20,C001600,A0001600,M00338,T00847,Northeast,Northeast,43.47,USD,ecommerce,chip_pin,approved,APPROVE
X000018234,2026-01-04 19:09:32,C000156,A0000156,M00051,T00286,South,South,183.17,USD,ecommerce,chip_pin,approved,APPROVE
X000162952,2026-01-04 19:09:32,C001345,A0001345,M00331,T00956,Midwest,Midwest,141.36,USD,card_present,chip_pin,approved,APPROVE
X000066731,2026-01-04 19:10:24,C000566,A0000566,M00493,T00917,West,West,32.54,USD,card_present,chip_pin,approved,APPROVE
X000131966,2026-01-04 19:10:27,C001087,A0001087,M00022,T00194,South,South,77.66,USD,card_present,wallet_biometric,approved,APPROVE
X000207447,2026-01-04 19:10:36,C001693,A0001693,M00507,T01055,South,South,130.62,USD,card_present,chip_pin,approved,APPROVE
X000006442,2026-01-04 19:10:52,C000058,A0000058,M00326,T00288,Northeast,Northeast,190.51,USD,mobile_wallet,chip_pin,approved,APPROVE
X000095889,2026-01-04 19:11:04,C000801,A0000801,M00184,T00927,South,South,32.1,USD,ecommerce,chip_pin,approved,APPROVE
X000112894,2026-01-04 19:11:15,C000944,A0000944,M00450,T00640,Northeast,Northeast,163.63,USD,ecommerce,wallet_biometric,approved,APPROVE
X000080003,2026-01-04 19:11:25,C000674,A0000674,M00557,T00649,Midwest,Midwest,277.85,USD,card_present,3ds,approved,APPROVE
X000161902,2026-01-04 19:11:50,C001336,A0001336,M00338,T00388,Midwest,Northeast,68.3,USD,card_present,wallet_biometric,approved,APPROVE
X000146177,2026-01-04 19:12:04,C001206,A0001206,M00299,T00384,Northeast,Northeast,43.81,USD,ecommerce,chip_pin,approved,APPROVE
X000207675,2026-01-04 19:12:10,C001695,A0001695,M00183,T00617,South,South,74.75,USD,card_present,3ds,approved,APPROVE
X000242214,2026-01-04 19:12:35,C001978,A0001978,M00157,T00598,Northeast,Northeast,54.04,USD,card_present,chip_pin,approved,APPROVE
X000080578,2026-01-04 19:12:36,C000677,A0000677,M00489,T01009,Northeast,Northeast,132.41,USD,ecommerce,chip_pin,approved,APPROVE
X000101977,2026-01-04 19:12:50,C000859,A0000859,M00587,T00725,South,South,221.12,USD,mobile_wallet,chip_pin,approved,APPROVE
X000133989,2026-01-04 19:13:12,C001103,A0001103,M00453,T00940,South,South,226.32,USD,mobile_wallet,wallet_biometric,approved,APPROVE
X000213359,2026-01-04 19:13:16,C001742,A0001742,M00377,T00901,Midwest,Midwest,30.8,USD,card_present,3ds,approved,APPROVE
X000036346,2026-01-04 19:13:29,C000311,A0000311,M00031,T00031,South,South,19.6,USD,mobile_wallet,wallet_biometric,approved,APPROVE
X000002341,2026-01-04 19:13:33,C000022,A0000022,M00022,T00194,South,South,29.94,USD,card_present,chip_pin,approved,APPROVE
X000032788,2026-01-04 19:13:33,C000278,A0000278,M00191,T00568,Midwest,Midwest,256.51,USD,ecommerce,wallet_biometric,approved,APPROVE
X000116966,2026-01-04 19:13:51,C000971,A0000971,M00270,T00562,South,South,115.41,USD,card_present,magstripe,approved,APPROVE
X000216942,2026-01-04 19:13:57,C001773,A0001773,M00183,T01168,South,South,354.03,USD,card_present,chip_pin,approved,APPROVE
X000076252,2026-01-04 19:14:53,C000641,A0000641,M00365,T00733,South,South,152.1,USD,mobile_wallet,3ds,approved,APPROVE
X000178022,2026-01-04 19:15:24,C001465,A0001465,M00192,T00798,South,South,102.38,USD,card_present,3ds,approved,APPROVE
X000102367,2026-01-04 19:15:50,C000861,A0000861,M00270,T00473,South,South,189.5,USD,mobile_wallet,chip_pin,approved,APPROVE
X000069222,2026-01-04 19:15:51,C000589,A0000589,M00087,T00716,South,South,975.57,USD,ecommerce,chip_pin,approved,APPROVE
X000036272,2026-01-04 19:15:52,C000310,A0000310,M00229,T00063,Northeast,Northeast,24.92,USD,card_present,3ds,approved,APPROVE
X000143546,2026-01-04 19:16:23,C001183,A0001183,M00268,T00608,West,West,19.9,USD,card_present,chip_pin,approved,APPROVE
X000127882,2026-01-04 19:16:41,C001053,A0001053,M00077,T00723,South,South,92.38,USD,mobile_wallet,wallet_biometric,approved,APPROVE
X000237640,2026-01-04 19:17:14,C001938,A0001938,M00753,T00413,South,South,115.34,USD,card_present,wallet_biometric,approved,APPROVE
X000059486,2026-01-04 19:18:04,C000506,A0000506,M00499,T00391,Northeast,Northeast,22.93,USD,card_present,magstripe,approved,APPROVE
X000186139,2026-01-04 19:18:07,C001530,A0001530,M00200,T00991,Northeast,Midwest,16.89,USD,card_present,3ds,approved,APPROVE
X000223799,2026-01-04 19:18:24,C001826,A0001826,M00750,T01142,South,South,53.96,USD,card_present,3ds,approved,APPROVE
X000236100,2026-01-04 19:18:31,C001926,A0001926,M00753,T00413,South,South,34.06,USD,mobile_wallet,wallet_biometric,approved,APPROVE
X000215016,2026-01-04 19:18:39,C001756,A0001756,M00224,T01197,Northeast,Northeast,91.86,USD,card_present,chip_pin,approved,APPROVE
X000187685,2026-01-04 19:18:46,C001543,A0001543,M00211,T01068,Midwest,Midwest,190.9,USD,mobile_wallet,chip_pin,approved,APPROVE
X000083050,2026-01-04 19:18:51,C000695,A0000695,M00679,T00947,Northeast,Northeast,80.67,USD,ecommerce,magstripe,approved,APPROVE
X000104857,2026-01-04 19:18:52,C000883,A0000883,M00192,T00126,South,South,63.43,USD,mobile_wallet,3ds,approved,APPROVE
X000029248,2026-01-04 19:19:53,C000253,A0000253,M00626,T01083,South,South,79.17,USD,card_present,3ds,approved,APPROVE
X000178626,2026-01-04 19:20:02,C001472,A0001472,M00394,T00922,South,South,39.22,USD,ecommerce,wallet_biometric,approved,APPROVE
X000154727,2026-01-04 19:20:09,C001276,A0001276,M00573,T00460,Northeast,Northeast,32.8,USD,card_present,3ds,approved,APPROVE
X000044755,2026-01-04 19:20:19,C000378,A0000378,M00301,T01109,South,South,161.91,USD,card_present,magstripe,approved,APPROVE
X000058343,2026-01-04 19:20:41,C000495,A0000495,M00005,T00817,South,South,99.95,USD,ecommerce,wallet_biometric,approved,APPROVE
X000240701,2026-01-04 19:20:47,C001963,A0001963,M00645,T00155,South,South,42.61,USD,card_present,magstripe,approved,APPROVE
X000055153,2026-01-04 19:20:55,C000467,A0000467,M00532,T00040,West,West,72.67,USD,ecommerce,wallet_biometric,approved,APPROVE
X000052795,2026-01-04 19:21:38,C000446,A0000446,M00253,T01072,South,South,72.38,USD,ecommerce,3ds,approved,APPROVE
X000197321,2026-01-04 19:21:46,C001621,A0001621,M00416,T00403,West,West,474.71,USD,card_present,wallet_biometric,approved,APPROVE
X000142681,2026-01-04 19:22:02,C001176,A0001176,M00640,T00037,Midwest,Midwest,112.75,USD,ecommerce,chip_pin,approved,APPROVE
X000053092,2026-01-04 19:22:08,C000448,A0000448,M00006,T00419,Midwest,Midwest,78.39,USD,ecommerce,chip_pin,approved,APPROVE
X000083176,2026-01-04 19:23:00,C000696,A0000696,M00691,T01123,Northeast,Northeast,174.43,USD,card_present,3ds,approved,APPROVE
X000076670,2026-01-04 19:23:01,C000645,A0000645,M00229,T00718,Northeast,Northeast,21.58,USD,ecommerce,3ds,approved,APPROVE
X000057999,2026-01-04 19:23:16,C000493,A0000493,M00459,T00795,Northeast,Northeast,122.49,USD,mobile_wallet,chip_pin,approved,APPROVE
X000086091,2026-01-04 19:23:22,C000722,A0000722,M00580,T00415,South,South,55.93,USD,ecommerce,3ds,approved,APPROVE
X000089723,2026-01-04 19:23:42,C000750,A0000750,M00064,T00120,Midwest,Midwest,116.25,USD,card_present,wallet_biometric,approved,APPROVE
X000152506,2026-01-04 19:23:53,C001254,A0001254,M00529,T00187,Midwest,Midwest,39.58,USD,ecommerce,3ds,approved,APPROVE
X000064647,2026-01-04 19:24:10,C000549,A0000549,M00050,T01119,Midwest,Midwest,62.39,USD,card_present,chip_pin,approved,APPROVE
X000173400,2026-01-04 19:24:25,C001430,A0001430,M00574,T00190,Midwest,Midwest,107.23,USD,card_present,3ds,approved,APPROVE
X000216943,2026-01-04 19:24:48,C001773,A0001773,M00183,T01168,South,South,412.8,USD,card_present,3ds,approved,APPROVE
X000196911,2026-01-04 19:25:02,C001618,A0001618,M00069,T00652,West,West,134.59,USD,ecommerce,magstripe,approved,APPROVE
X000202422,2026-01-04 19:25:07,C001656,A0001656,M00323,T01185,South,South,50.02,USD,card_present,chip_pin,approved,APPROVE
X000006022,2026-01-04 19:25:32,C000056,A0000056,M00074,T00967,South,South,28.6,USD,ecommerce,3ds,approved,APPROVE
X000162456,2026-01-04 19:25:40,C001342,A0001342,M00544,T00846,South,South,186.17,USD,ecommerce,3ds,approved,APPROVE
X000210797,2026-01-04 19:26:22,C001719,A0001719,M00796,T00784,South,West,216.48,USD,card_present,chip_pin,approved,APPROVE
X000218541,2026-01-04 19:26:28,C001786,A0001786,M00048,T00107,Northeast,Northeast,10.39,USD,card_present,wallet_biometric,approved,APPROVE
X000072882,2026-01-04 19:26:39,C000616,A0000616,M00365,T00733,South,South,23.08,USD,card_present,3ds,approved,APPROVE
X000151710,2026-01-04 19:26:47,C001247,A0001247,M00601,T00769,South,South,85.45,USD,ecommerce,chip_pin,approved,APPROVE
X000186945,2026-01-04 19:28:10,C001538,A0001538,M00080,T00226,Midwest,Midwest,29.08,USD,mobile_wallet,wallet_biometric,approved,APPROVE
X000217853,2026-01-04 19:28:11,C001779,A0001779,M00191,T00491,Midwest,Midwest,35.93,USD,card_present,chip_pin,approved,APPROVE
X000229598,2026-01-04 19:28:19,C001871,A0001871,M00610,T00995,Midwest,Midwest,78.81,USD,card_present,3ds,approved,APPROVE
X000235077,2026-01-04 19:28:28,C001917,A0001917,M00394,T00597,South,South,146.53,USD,card_present,chip_pin,approved,APPROVE
X000185613,2026-01-04 19:28:55,C001526,A0001526,M00676,T00051,Midwest,Midwest,109.86,USD,mobile_wallet,3ds,approved,APPROVE
X000163640,2026-01-04 19:29:24,C001349,A0001349,M00205,T00934,South,South,221.4,USD,card_present,wallet_biometric,approved,APPROVE
X000058488,2026-01-04 19:30:04,C000496,A0000496,M00143,T00157,South,South,36.21,USD,ecommerce,3ds,approved,APPROVE
X000235644,2026-01-04 19:30:10,C001921,A0001921,M00689,T01179,Northeast,Northeast,157.18,USD,ecommerce,magstripe,approved,APPROVE
X000063360,2026-01-04 19:30:15,C000538,A0000538,M00608,T00219,South,South,18.31,USD,mobile_wallet,chip_pin,approved,APPROVE
X000079317,2026-01-04 19:30:40,C000668,A0000668,M00600,T00588,South,South,45.83,USD,ecommerce,3ds,approved,APPROVE
X000237499,2026-01-04 19:30:54,C001937,A0001937,M00767,T00313,South,South,21.76,USD,ecommerce,chip_pin,approved,APPROVE
X000234928,2026-01-04 19:31:04,C001916,A0001916,M00662,T00510,Midwest,Midwest,41.83,USD,mobile_wallet,chip_pin,approved,APPROVE
X000082087,2026-01-04 19:31:31,C000688,A0000688,M00706,T00053,Northeast,Northeast,42.69,USD,ecommerce,wallet_biometric,approved,APPROVE
X000233088,2026-01-04 19:31:31,C001901,A0001901,M00585,T00119,Midwest,Midwest,41.23,USD,ecommerce,chip_pin,approved,APPROVE
X000203569,2026-01-04 19:31:47,C001666,A0001666,M00056,T01147,Midwest,Midwest,301.97,USD,ecommerce,chip_pin,approved,APPROVE
X000169407,2026-01-04 19:31:52,C001400,A0001400,M00282,T00583,South,South,422.16,USD,ecommerce,3ds,approved,APPROVE
X000072315,2026-01-04 19:32:29,C000611,A0000611,M00153,T00753,South,South,31.34,USD,card_present,wallet_biometric,approved,APPROVE
X000129304,2026-01-04 19:32:35,C001064,A0001064,M00280,T00178,Northeast,Northeast,72.08,USD,ecommerce,chip_pin,approved,APPROVE
X000234929,2026-01-04 19:32:38,C001916,A0001916,M00662,T00510,Midwest,Midwest,34.32,USD,ecommerce,chip_pin,approved,APPROVE
X000193112,2026-01-04 19:33:31,C001586,A0001586,M00700,T00679,Northeast,Northeast,447.41,USD,card_present,chip_pin,approved,APPROVE
X000032710,2026-01-04 19:33:46,C000277,A0000277,M00127,T00699,South,South,92.79,USD,card_present,chip_pin,approved,APPROVE
X000098728,2026-01-04 19:33:55,C000828,A0000828,M00434,T00133,South,South,63.11,USD,card_present,chip_pin,approved,APPROVE
X000049947,2026-01-04 19:33:57,C000418,A0000418,M00036,T01181,Northeast,Northeast,36.54,USD,ecommerce,wallet_biometric,approved,APPROVE
X000138661,2026-01-04 19:34:05,C001142,A0001142,M00283,T01004,Northeast,Northeast,515.22,USD,card_present,chip_pin,approved,APPROVE
X000016569,2026-01-04 19:34:11,C000141,A0000141,M00528,T00475,Midwest,Midwest,85.66,USD,ecommerce,chip_pin,approved,APPROVE
X000059335,2026-01-04 19:34:19,C000505,A0000505,M00046,T00132,Northeast,Northeast,85.78,USD,card_present,wallet_biometric,approved,APPROVE
X000100145,2026-01-04 19:34:25,C000844,A0000844,M00225,T00294,Midwest,Midwest,83.12,USD,ecommerce,3ds,approved,APPROVE
X000129722,2026-01-04 19:34:30,C001067,A0001067,M00696,T00129,Midwest,Midwest,166.09,USD,ecommerce,magstripe,approved,APPROVE
X000085744,2026-01-04 19:34:43,C000718,A0000718,M00004,T00199,Northeast,Northeast,59.18,USD,card_present,chip_pin,approved,APPROVE
X000098642,2026-01-04 19:34:51,C000827,A0000827,M00007,T00210,South,South,147.84,USD,ecommerce,3ds,approved,APPROVE
X000153351,2026-01-04 19:35:42,C001261,A0001261,M00304,T00087,Midwest,Midwest,56.44,USD,ecommerce,chip_pin,approved,APPROVE
X000078620,2026-01-04 19:35:48,C000662,A0000662,M00365,T00324,South,South,38.92,USD,ecommerce,3ds,approved,APPROVE
X000097825,2026-01-04 19:36:25,C000820,A0000820,M00192,T00126,South,South,120.58,USD,card_present,chip_pin,approved,APPROVE
X000165738,2026-01-04 19:36:44,C001368,A0001368,M00454,T00977,West,West,213.48,USD,ecommerce,chip_pin,approved,APPROVE
X000134372,2026-01-04 19:37:03,C001104,A0001104,M00258,T00527,West,West,77.49,USD,card_present,chip_pin,approved,APPROVE
X000160334,2026-01-04 19:37:14,C001324,A0001324,M00231,T00176,South,South,66.84,USD,card_present,magstripe,approved,APPROVE
X000236974,2026-01-04 19:37:47,C001934,A0001934,M00786,T00776,Northeast,Northeast,131.99,USD,mobile_wallet,chip_pin,approved,APPROVE
X000226776,2026-01-04 19:37:51,C001849,A0001849,M00517,T00647,Midwest,Midwest,40.32,USD,ecommerce,chip_pin,approved,APPROVE
X000010033,2026-01-04 19:38:07,C000091,A0000091,M00046,T00132,Northeast,Northeast,13.3,USD,ecommerce,3ds,approved,APPROVE
X000110185,2026-01-04 19:38:16,C000921,A0000921,M00095,T00821,Northeast,Northeast,61.16,USD,card_present,chip_pin,approved,APPROVE
X000174782,2026-01-04 19:38:38,C001440,A0001440,M00503,T00131,West,West,71.87,USD,card_present,magstripe,approved,APPROVE
X000114052,2026-01-04 19:39:06,C000949,A0000949,M00615,T01067,Midwest,Midwest,131.19,USD,card_present,3ds,approved,APPROVE
X000181532,2026-01-04 19:39:10,C001493,A0001493,M00600,T00588,South,South,56.68,USD,mobile_wallet,3ds,approved,APPROVE
X000158186,2026-01-04 19:39:31,C001301,A0001301,M00712,T00064,South,South,33.38,USD,card_present,3ds,approved,APPROVE
X000056032,2026-01-04 19:39:33,C000473,A0000473,M00077,T00723,South,South,35.25,USD,card_present,3ds,approved,APPROVE
X000007191,2026-01-04 19:40:03,C000067,A0000067,M00788,T01136,South,South,33.59,USD,card_present,chip_pin,approved,APPROVE
X000237641,2026-01-04 19:40:41,C001938,A0001938,M00154,T00860,South,South,187.85,USD,ecommerce,3ds,approved,APPROVE
X000153453,2026-01-04 19:40:46,C001262,A0001262,M00657,T00743,South,South,36.68,USD,mobile_wallet,chip_pin,approved,APPROVE
X000214445,2026-01-04 19:41:29,C001752,A0001752,M00013,T00686,South,South,211.46,USD,card_present,wallet_biometric,approved,APPROVE
X000137576,2026-01-04 19:41:38,C001131,A0001131,M00573,T00460,Northeast,Northeast,103.97,USD,card_present,chip_pin,approved,APPROVE
X000015715,2026-01-04 19:41:42,C000134,A0000134,M00682,T00951,Northeast,Northeast,18.51,USD,card_present,chip_pin,approved,APPROVE
X000114663,2026-01-04 19:41:42,C000954,A0000954,M00285,T01108,Midwest,Midwest,10.7,USD,card_present,3ds,approved,APPROVE
X000209301,2026-01-04 19:41:50,C001709,A0001709,M00640,T00037,Midwest,Midwest,66.82,USD,card_present,wallet_biometric,approved,APPROVE
X000038137,2026-01-04 19:42:10,C000326,A0000326,M00128,T00172,Northeast,Northeast,66.09,USD,ecommerce,chip_pin,approved,APPROVE
X000136814,2026-01-04 19:42:12,C001126,A0001126,M00669,T00703,South,South,108.65,USD,card_present,wallet_biometric,approved,APPROVE
X000085997,2026-01-04 19:42:53,C000721,A0000721,M00281,T00326,West,West,19.37,USD,card_present,chip_pin,approved,APPROVE
X000142682,2026-01-04 19:43:31,C001176,A0001176,M00640,T00037,Midwest,Midwest,111.93,USD,ecommerce,chip_pin,approved,APPROVE
X000013024,2026-01-04 19:43:35,C000114,A0000114,M00195,T00595,South,South,38.87,USD,card_present,wallet_biometric,approved,APPROVE
X000050005,2026-01-04 19:43:37,C000419,A0000419,M00586,T00036,Northeast,Northeast,152.26,USD,ecommerce,wallet_biometric,approved,APPROVE
X000086769,2026-01-04 19:43:49,C000728,A0000728,M00645,T00155,South,South,128.45,USD,card_present,3ds,approved,APPROVE
X000135884,2026-01-04 19:44:19,C001117,A0001117,M00119,T00895,South,South,23.84,USD,ecommerce,wallet_biometric,approved,APPROVE
X000059675,2026-01-04 19:44:43,C000508,A0000508,M00613,T00852,South,South,485.29,USD,ecommerce,3ds,approved,APPROVE
X000085244,2026-01-04 19:45:54,C000712,A0000712,M00640,T00333,Midwest,Midwest,29.8,USD,ecommerce,3ds,approved,APPROVE
X000084862,2026-01-04 19:46:01,C000710,A0000710,M00265,T00865,West,West,79.08,USD,ecommerce,chip_pin,approved,APPROVE
X000049803,2026-01-04 19:46:44,C000417,A0000417,M00514,T00978,West,West,35.67,USD,ecommerce,3ds,approved,APPROVE
X000122218,2026-01-04 19:48:18,C001014,A0001014,M00270,T00356,South,South,99.51,USD,card_present,chip_pin,approved,APPROVE
X000191277,2026-01-04 19:49:01,C001570,A0001570,M00179,T00767,Midwest,Midwest,68.03,USD,ecommerce,3ds,approved,APPROVE
X000172120,2026-01-04 19:49:40,C001420,A0001420,M00020,T00130,South,South,238.61,USD,card_present,wallet_biometric,approved,APPROVE
X000227049,2026-01-04 19:50:06,C001852,A0001852,M00257,T00772,South,South,331.84,USD,card_present,3ds,approved,APPROVE
X000087780,2026-01-04 19:51:59,C000737,A0000737,M00795,T00576,Northeast,Northeast,26.24,USD,ecommerce,3ds,approved,APPROVE
X000237377,2026-01-04 19:52:19,C001936,A0001936,M00689,T00395,Northeast,Northeast,215.15,USD,card_present,magstripe,approved,APPROVE
X000046360,2026-01-04 19:52:32,C000389,A0000389,M00004,T00199,Northeast,Northeast,84.68,USD,card_present,chip_pin,approved,APPROVE
X000103367,2026-01-04 19:52:37,C000870,A0000870,M00699,T00248,Midwest,Midwest,22.73,USD,card_present,wallet_biometric,approved,APPROVE
X000094941,2026-01-04 19:52:53,C000793,A0000793,M00750,T01142,South,South,13.61,USD,card_present,chip_pin,approved,APPROVE
X000193113,2026-01-04 19:53:28,C001586,A0001586,M00700,T00679,Northeast,Northeast,98.93,USD,ecommerce,chip_pin,approved,APPROVE
X000092553,2026-01-04 19:53:35,C000775,A0000775,M00326,T01151,Northeast,Northeast,29.87,USD,mobile_wallet,chip_pin,approved,APPROVE
X000218453,2026-01-04 19:54:20,C001785,A0001785,M00486,T00714,South,South,69.5,USD,ecommerce,3ds,approved,APPROVE
X000150686,2026-01-04 19:54:29,C001240,A0001240,M00320,T00150,West,West,241.18,USD,card_present,chip_pin,approved,APPROVE
X000193872,2026-01-04 19:54:36,C001594,A0001594,M00504,T00422,Northeast,Northeast,26.05,USD,ecommerce,magstripe,approved,APPROVE
X000089588,2026-01-04 19:54:56,C000749,A0000749,M00151,T00524,Midwest,Midwest,51.09,USD,card_present,wallet_biometric,approved,APPROVE
X000097290,2026-01-04 19:55:34,C000815,A0000815,M00726,T00829,Northeast,Northeast,83.87,USD,card_present,chip_pin,approved,APPROVE
X000047044,2026-01-04 19:56:07,C000396,A0000396,M00391,T00267,Northeast,Northeast,144.17,USD,card_present,3ds,approved,APPROVE
X000181700,2026-01-04 19:56:53,C001495,A0001495,M00667,T00609,Northeast,Northeast,75.22,USD,ecommerce,3ds,approved,APPROVE
X000092158,2026-01-04 19:57:49,C000772,A0000772,M00495,T00738,Midwest,Midwest,19.87,USD,mobile_wallet,wallet_biometric,approved,APPROVE
X000092554,2026-01-04 19:58:27,C000775,A0000775,M00700,T00679,Northeast,Northeast,49.18,USD,card_present,chip_pin,approved,APPROVE
X000192613,2026-01-04 19:58:32,C001582,A0001582,M00080,T00226,Midwest,Midwest,28.99,USD,card_present,chip_pin,approved,APPROVE
X000006686,2026-01-04 19:59:45,C000060,A0000060,M00674,T00232,Midwest,Midwest,63.54,USD,card_present,chip_pin,soft_decline,CHALLENGE
X000159916,2026-01-04 20:00:19,C001319,A0001319,M00702,T00341,Midwest,Midwest,99.12,USD,card_present,magstripe,approved,APPROVE
X000054846,2026-01-04 20:00:39,C000464,A0000464,M00271,T00851,Northeast,Northeast,158.11,USD,ecommerce,3ds,approved,APPROVE
X000116967,2026-01-04 20:00:46,C000971,A0000971,M00270,T00562,South,South,39.22,USD,card_present,chip_pin,approved,APPROVE
X000025445,2026-01-04 20:01:09,C000217,A0000217,M00010,T00620,Northeast,Northeast,33.82,USD,card_present,chip_pin,approved,APPROVE
X000132717,2026-01-04 20:01:44,C001094,A0001094,M00031,T00031,South,South,25.09,USD,ecommerce,chip_pin,approved,APPROVE
X000101081,2026-01-04 20:01:45,C000851,A0000851,M00066,T00171,West,West,574.05,USD,ecommerce,3ds,approved,APPROVE
X000003766,2026-01-04 20:01:53,C000033,A0000033,M00304,T00317,Midwest,Midwest,63.5,USD,card_present,chip_pin,approved,APPROVE
X000155670,2026-01-04 20:01:58,C001282,A0001282,M00408,T00920,Northeast,Northeast,102.89,USD,card_present,3ds,approved,APPROVE
X000159446,2026-01-04 20:02:15,C001314,A0001314,M00745,T00823,Northeast,Northeast,5.05,USD,card_present,chip_pin,approved,APPROVE
X000086474,2026-01-04 20:02:29,C000726,A0000726,M00613,T00331,South,South,106.34,USD,ecommerce,3ds,approved,APPROVE
X000235719,2026-01-04 20:03:12,C001922,A0001922,M00781,T00629,Northeast,Northeast,82.43,USD,ecommerce,chip_pin,approved,APPROVE
X000058489,2026-01-04 20:03:20,C000496,A0000496,M00067,T00948,South,South,39.12,USD,card_present,3ds,approved,APPROVE
X000015367,2026-01-04 20:03:36,C000131,A0000131,M00573,T00460,Northeast,Northeast,110.86,USD,mobile_wallet,3ds,approved,APPROVE
X000153275,2026-01-04 20:03:50,C001260,A0001260,M00087,T00078,South,South,40.77,USD,ecommerce,chip_pin,approved,APPROVE
X000074383,2026-01-04 20:05:12,C000629,A0000629,M00391,T01061,Northeast,Northeast,74.31,USD,ecommerce,chip_pin,approved,APPROVE
X000005232,2026-01-04 20:05:32,C000049,A0000049,M00130,T01074,South,South,38.82,USD,card_present,wallet_biometric,approved,APPROVE
X000079165,2026-01-04 20:06:31,C000667,A0000667,M00679,T00587,Northeast,Northeast,48.75,USD,card_present,wallet_biometric,approved,APPROVE
X000098244,2026-01-04 20:07:33,C000823,A0000823,M00761,T00945,South,South,20.87,USD,card_present,chip_pin,approved,APPROVE
X000072984,2026-01-04 20:07:44,C000617,A0000617,M00393,T00239,Northeast,Northeast,15.58,USD,ecommerce,3ds,approved,APPROVE
X000020579,2026-01-04 20:08:55,C000179,A0000179,M00046,T00132,Northeast,Northeast,42.99,USD,ecommerce,3ds,approved,APPROVE
X000087222,2026-01-04 20:09:01,C000732,A0000732,M00524,T00607,West,West,39.6,USD,ecommerce,magstripe,approved,APPROVE
X000007963,2026-01-04 20:09:05,C000073,A0000073,M00716,T00578,West,West,98.69,USD,card_present,magstripe,approved,APPROVE
X000101432,2026-01-04 20:09:25,C000853,A0000853,M00442,T00105,West,West,58.41,USD,card_present,chip_pin,approved,APPROVE
X000184154,2026-01-04 20:09:48,C001517,A0001517,M00679,T01139,Northeast,Northeast,123.77,USD,ecommerce,wallet_biometric,approved,APPROVE
X000044939,2026-01-04 20:09:52,C000379,A0000379,M00261,T00549,Midwest,Northeast,307.26,USD,ecommerce,chip_pin,approved,APPROVE
X000157388,2026-01-04 20:10:17,C001295,A0001295,M00782,T00464,Midwest,Midwest,36.49,USD,ecommerce,magstripe,approved,APPROVE
X000069466,2026-01-04 20:10:28,C000590,A0000590,M00800,T00448,West,West,14.69,USD,ecommerce,3ds,soft_decline,CHALLENGE
X000045767,2026-01-04 20:10:46,C000383,A0000383,M00036,T00993,Northeast,Northeast,35.5,USD,ecommerce,3ds,approved,APPROVE
X000042860,2026-01-04 20:10:50,C000363,A0000363,M00547,T00162,Northeast,Northeast,109.68,USD,ecommerce,chip_pin,approved,APPROVE
X000098729,2026-01-04 20:10:58,C000828,A0000828,M00401,T01080,South,South,81.38,USD,ecommerce,chip_pin,approved,APPROVE
X000154078,2026-01-04 20:11:27,C001268,A0001268,M00060,T00662,West,West,34.42,USD,ecommerce,magstripe,approved,APPROVE
X000106548,2026-01-04 20:12:11,C000894,A0000894,M00005,T00817,South,South,513.34,USD,card_present,3ds,approved,APPROVE
X000031738,2026-01-04 20:12:12,C000269,A0000269,M00400,T00412,West,West,18.55,USD,card_present,wallet_biometric,approved,APPROVE
X000229085,2026-01-04 20:12:48,C001866,A0001866,M00296,T00252,South,South,25.07,USD,mobile_wallet,chip_pin,approved,APPROVE
X000111022,2026-01-04 20:13:20,C000926,A0000926,M00181,T00177,South,South,24.39,USD,card_present,3ds,approved,APPROVE
X000178185,2026-01-04 20:13:59,C001466,A0001466,M00758,T00582,Northeast,Northeast,17.36,USD,ecommerce,chip_pin,approved,APPROVE
X000035934,2026-01-04 20:14:25,C000307,A0000307,M00294,T00471,South,South,43.35,USD,mobile_wallet,3ds,approved,APPROVE
X000024912,2026-01-04 20:15:00,C000211,A0000211,M00400,T00079,West,West,37.17,USD,mobile_wallet,3ds,approved,APPROVE
X000153638,2026-01-04 20:15:33,C001264,A0001264,M00070,T00169,Northeast,Northeast,147.53,USD,ecommerce,3ds,approved,APPROVE
X000152680,2026-01-04 20:15:35,C001256,A0001256,M00366,T00709,Northeast,Northeast,126.08,USD,mobile_wallet,3ds,approved,APPROVE
X000023419,2026-01-04 20:15:40,C000200,A0000200,M00531,T00724,Midwest,Midwest,31.43,USD,card_present,chip_pin,approved,APPROVE
X000145744,2026-01-04 20:16:11,C001201,A0001201,M00282,T00583,South,South,37.17,USD,ecommerce,chip_pin,approved,APPROVE
X000182577,2026-01-04 20:16:33,C001502,A0001502,M00070,T00658,Northeast,Northeast,58.16,USD,mobile_wallet,wallet_biometric,approved,APPROVE
X000221900,2026-01-04 20:16:47,C001808,A0001808,M00772,T00124,Midwest,Midwest,89.89,USD,mobile_wallet,wallet_biometric,approved,APPROVE
X000044756,2026-01-04 20:16:58,C000378,A0000378,M00005,T00817,South,South,190.49,USD,ecommerce,chip_pin,approved,APPROVE
X000234930,2026-01-04 20:17:17,C001916,A0001916,M00045,T00921,Midwest,Midwest,66.45,USD,card_present,chip_pin,soft_decline,CHALLENGE
X000041980,2026-01-04 20:17:22,C000356,A0000356,M00588,T00221,West,West,169.64,USD,card_present,3ds,approved,APPROVE
X000003767,2026-01-04 20:17:29,C000033,A0000033,M00650,T01097,Midwest,Midwest,57.94,USD,ecommerce,wallet_biometric,approved,APPROVE
X000228521,2026-01-04 20:17:49,C001861,A0001861,M00160,T00039,South,South,114.0,USD,ecommerce,3ds,approved,APPROVE
X000069223,2026-01-04 20:18:01,C000589,A0000589,M00458,T00358,South,West,44.44,USD,ecommerce,chip_pin,approved,APPROVE
X000197738,2026-01-04 20:19:11,C001623,A0001623,M00295,T00425,South,South,150.26,USD,ecommerce,chip_pin,approved,APPROVE
X000047365,2026-01-04 20:19:21,C000399,A0000399,M00347,T00674,Midwest,Midwest,28.46,USD,card_present,chip_pin,approved,APPROVE
X000181533,2026-01-04 20:20:30,C001493,A0001493,M00600,T00588,South,South,32.09,USD,ecommerce,chip_pin,approved,APPROVE
X000147615,2026-01-04 20:21:08,C001220,A0001220,M00437,T00139,West,West,50.2,USD,mobile_wallet,chip_pin,approved,APPROVE
X000096491,2026-01-04 20:21:13,C000807,A0000807,M00706,T00053,Northeast,Northeast,42.92,USD,ecommerce,wallet_biometric,approved,APPROVE
X000239105,2026-01-04 20:21:17,C001951,A0001951,M00557,T00649,Midwest,Midwest,24.71,USD,card_present,3ds,soft_decline,CHALLENGE
X000222844,2026-01-04 20:21:36,C001816,A0001816,M00096,T00202,West,West,28.79,USD,ecommerce,chip_pin,approved,APPROVE
X000139464,2026-01-04 20:21:52,C001150,A0001150,M00181,T00177,South,South,28.63,USD,card_present,3ds,approved,APPROVE
X000229806,2026-01-04 20:22:09,C001873,A0001873,M00243,T00806,South,South,55.84,USD,card_present,chip_pin,approved,APPROVE
X000071096,2026-01-04 20:22:24,C000604,A0000604,M00743,T00220,South,South,147.31,USD,mobile_wallet,chip_pin,approved,APPROVE
X000182425,2026-01-04 20:22:36,C001501,A0001501,M00731,T00584,Northeast,Northeast,51.49,USD,ecommerce,chip_pin,approved,APPROVE
X000173196,2026-01-04 20:22:48,C001429,A0001429,M00561,T00399,Midwest,Midwest,161.1,USD,ecommerce,chip_pin,approved,APPROVE
X000076183,2026-01-04 20:23:03,C000640,A0000640,M00734,T01137,Midwest,Midwest,34.38,USD,ecommerce,chip_pin,approved,APPROVE
X000034480,2026-01-04 20:23:40,C000293,A0000293,M00125,T00778,West,West,24.24,USD,card_present,3ds,approved,APPROVE
X000203838,2026-01-04 20:24:06,C001667,A0001667,M00294,T00904,South,South,379.06,USD,mobile_wallet,chip_pin,approved,APPROVE
X000164739,2026-01-04 20:24:20,C001358,A0001358,M00196,T00164,Midwest,Midwest,84.06,USD,card_present,3ds,approved,APPROVE
X000074046,2026-01-04 20:25:09,C000626,A0000626,M00365,T01114,South,South,26.4,USD,ecommerce,3ds,approved,APPROVE
X000136815,2026-01-04 20:26:23,C001126,A0001126,M00669,T00703,South,South,127.5,USD,mobile_wallet,chip_pin,approved,APPROVE
X000229086,2026-01-04 20:26:23,C001866,A0001866,M00613,T00331,South,South,23.44,USD,card_present,chip_pin,approved,APPROVE
X000179630,2026-01-04 20:26:28,C001477,A0001477,M00205,T00049,South,South,30.92,USD,ecommerce,wallet_biometric,soft_decline,CHALLENGE
X000188300,2026-01-04 20:26:31,C001547,A0001547,M00355,T00664,Midwest,Midwest,30.9,USD,card_present,magstripe,approved,APPROVE
X000165247,2026-01-04 20:26:32,C001364,A0001364,M00070,T00658,Northeast,Northeast,61.1,USD,mobile_wallet,3ds,approved,APPROVE
X000029249,2026-01-04 20:26:43,C000253,A0000253,M00294,T00731,South,South,203.79,USD,ecommerce,magstripe,approved,APPROVE
X000221006,2026-01-04 20:26:47,C001802,A0001802,M00203,T00558,Northeast,Northeast,106.33,USD,ecommerce,chip_pin,approved,APPROVE
X000225449,2026-01-04 20:26:53,C001838,A0001838,M00049,T00271,West,West,59.54,USD,card_present,3ds,approved,APPROVE
X000188881,2026-01-04 20:28:22,C001552,A0001552,M00038,T00519,South,South,106.15,USD,card_present,3ds,soft_decline,CHALLENGE
X000187686,2026-01-04 20:29:19,C001543,A0001543,M00211,T01068,Midwest,Midwest,174.68,USD,card_present,chip_pin,approved,APPROVE
X000067900,2026-01-04 20:30:03,C000576,A0000576,M00628,T01005,West,West,50.13,USD,ecommerce,3ds,approved,APPROVE
X000007192,2026-01-04 20:30:07,C000067,A0000067,M00788,T01136,South,South,30.44,USD,mobile_wallet,chip_pin,approved,APPROVE
X000085475,2026-01-04 20:30:25,C000715,A0000715,M00212,T00443,Midwest,Midwest,5.77,USD,card_present,chip_pin,approved,APPROVE
X000083177,2026-01-04 20:31:10,C000696,A0000696,M00691,T01123,Northeast,Northeast,175.61,USD,ecommerce,chip_pin,approved,APPROVE
X000109099,2026-01-04 20:31:56,C000914,A0000914,M00305,T00675,Northeast,Northeast,117.36,USD,ecommerce,chip_pin,approved,APPROVE
X000124332,2026-01-04 20:32:05,C001029,A0001029,M00786,T00092,Northeast,Northeast,17.95,USD,ecommerce,chip_pin,approved,APPROVE
X000049607,2026-01-04 20:32:25,C000415,A0000415,M00222,T00844,South,South,25.08,USD,ecommerce,chip_pin,approved,APPROVE
X000070631,2026-01-04 20:32:33,C000600,A0000600,M00148,T00250,Midwest,Midwest,25.24,USD,card_present,magstripe,approved,APPROVE
X000037021,2026-01-04 20:32:47,C000317,A0000317,M00198,T00247,Midwest,Midwest,73.43,USD,ecommerce,chip_pin,approved,APPROVE
X000173197,2026-01-04 20:32:51,C001429,A0001429,M00561,T00399,Midwest,Midwest,127.64,USD,card_present,magstripe,approved,APPROVE
X000104542,2026-01-04 20:32:59,C000880,A0000880,M00487,T00270,South,South,69.31,USD,card_present,chip_pin,approved,APPROVE
X000058783,2026-01-04 20:33:20,C000499,A0000499,M00255,T00819,West,West,272.61,USD,ecommerce,chip_pin,approved,APPROVE
X000140632,2026-01-04 20:33:22,C001158,A0001158,M00440,T00334,West,West,46.31,USD,card_present,chip_pin,approved,APPROVE
X000059870,2026-01-04 20:33:44,C000510,A0000510,M00542,T01166,South,South,173.88,USD,ecommerce,chip_pin,approved,APPROVE
X000076671,2026-01-04 20:33:44,C000645,A0000645,M00229,T00718,Northeast,Northeast,59.05,USD,card_present,chip_pin,approved,APPROVE
X000179263,2026-01-04 20:33:45,C001476,A0001476,M00450,T00640,Northeast,Northeast,222.5,USD,mobile_wallet,3ds,approved,APPROVE
X000084664,2026-01-04 20:34:07,C000709,A0000709,M00417,T00117,South,South,185.43,USD,card_present,3ds,approved,APPROVE
X000216685,2026-01-04 20:34:20,C001772,A0001772,M00698,T00693,West,West,130.39,USD,mobile_wallet,wallet_biometric,approved,APPROVE
X000075852,2026-01-04 20:34:44,C000638,A0000638,M00144,T00521,West,West,19.39,USD,ecommerce,wallet_biometric,approved,APPROVE
X000070543,2026-01-04 20:34:58,C000599,A0000599,M00264,T01070,Midwest,Midwest,50.98,USD,card_present,3ds,approved,APPROVE
X000006443,2026-01-04 20:35:58,C000058,A0000058,M00398,T00960,Northeast,South,136.53,USD,ecommerce,chip_pin,approved,APPROVE
X000197739,2026-01-04 20:36:00,C001623,A0001623,M00453,T00831,South,South,125.6,USD,card_present,chip_pin,approved,APPROVE
X000136816,2026-01-04 20:36:38,C001126,A0001126,M00022,T00830,South,South,51.2,USD,card_present,wallet_biometric,approved,APPROVE
X000213198,2026-01-04 20:37:41,C001741,A0001741,M00679,T00587,Northeast,Northeast,51.91,USD,ecommerce,magstripe,approved,APPROVE
X000221007,2026-01-04 20:37:44,C001802,A0001802,M00203,T00558,Northeast,Northeast,87.16,USD,mobile_wallet,3ds,approved,APPROVE
X000160335,2026-01-04 20:37:50,C001324,A0001324,M00768,T00457,South,South,40.97,USD,card_present,chip_pin,approved,APPROVE
X000159447,2026-01-04 20:38:22,C001314,A0001314,M00445,T00021,Northeast,Northeast,55.44,USD,card_present,chip_pin,approved,APPROVE
X000045375,2026-01-04 20:38:24,C000381,A0000381,M00612,T01028,West,West,110.4,USD,card_present,chip_pin,approved,APPROVE
X000033675,2026-01-04 20:38:26,C000287,A0000287,M00275,T00496,Northeast,Northeast,26.92,USD,card_present,wallet_biometric,approved,APPROVE
X000205322,2026-01-04 20:38:31,C001678,A0001678,M00546,T00452,Midwest,West,31.48,USD,ecommerce,wallet_biometric,approved,APPROVE
X000002721,2026-01-04 20:38:34,C000027,A0000027,M00409,T00444,Northeast,Northeast,47.31,USD,mobile_wallet,chip_pin,approved,APPROVE
X000115375,2026-01-04 20:38:56,C000959,A0000959,M00048,T00107,Northeast,Northeast,157.73,USD,ecommerce,magstripe,approved,APPROVE
X000189091,2026-01-04 20:39:38,C001554,A0001554,M00281,T01194,South,West,25.06,USD,ecommerce,wallet_biometric,approved,APPROVE
X000035576,2026-01-04 20:39:39,C000302,A0000302,M00461,T00258,West,West,45.45,USD,ecommerce,chip_pin,approved,APPROVE
X000011063,2026-01-04 20:39:41,C000100,A0000100,M00560,T00434,West,West,74.76,USD,ecommerce,wallet_biometric,approved,APPROVE
X000026605,2026-01-04 20:39:42,C000229,A0000229,M00074,T01036,South,South,35.62,USD,mobile_wallet,chip_pin,approved,APPROVE
X000039526,2026-01-04 20:39:45,C000336,A0000336,M00637,T00508,Northeast,Northeast,72.19,USD,mobile_wallet,chip_pin,approved,APPROVE
X000106372,2026-01-04 20:40:17,C000893,A0000893,M00564,T01141,Northeast,Northeast,75.11,USD,ecommerce,3ds,approved,APPROVE
X000067104,2026-01-04 20:40:19,C000570,A0000570,M00693,T00687,South,South,56.34,USD,mobile_wallet,chip_pin,approved,APPROVE
X000231984,2026-01-04 20:40:21,C001893,A0001893,M00544,T00081,South,South,116.04,USD,card_present,3ds,approved,APPROVE
X000051742,2026-01-04 20:41:37,C000438,A0000438,M00701,T01094,West,West,27.04,USD,card_present,chip_pin,approved,APPROVE
X000140147,2026-01-04 20:43:29,C001155,A0001155,M00147,T00338,South,South,385.73,USD,ecommerce,wallet_biometric,approved,APPROVE
X000245067,2026-01-04 20:43:47,C001997,A0001997,M00580,T00415,South,South,232.47,USD,ecommerce,3ds,approved,APPROVE
X000016182,2026-01-04 20:44:04,C000137,A0000137,M00038,T00874,South,South,218.37,USD,card_present,3ds,approved,APPROVE
X000186946,2026-01-04 20:44:32,C001538,A0001538,M00342,T00483,Midwest,Midwest,111.28,USD,mobile_wallet,chip_pin,approved,APPROVE
X000040307,2026-01-04 20:45:08,C000342,A0000342,M00573,T00212,Northeast,Northeast,29.91,USD,card_present,magstripe,approved,APPROVE
X000094202,2026-01-04 20:45:22,C000789,A0000789,M00459,T00204,Northeast,Northeast,68.05,USD,ecommerce,3ds,approved,APPROVE
X000111454,2026-01-04 20:45:24,C000931,A0000931,M00342,T00903,Midwest,Midwest,144.66,USD,ecommerce,3ds,approved,APPROVE
X000172526,2026-01-04 20:45:30,C001423,A0001423,M00555,T00348,Midwest,Midwest,40.17,USD,mobile_wallet,chip_pin,approved,APPROVE
X000147309,2026-01-04 20:45:31,C001216,A0001216,M00549,T00456,South,South,69.36,USD,card_present,3ds,soft_decline,CHALLENGE
X000166510,2026-01-04 20:45:35,C001375,A0001375,M00309,T01075,Northeast,Northeast,17.09,USD,card_present,wallet_biometric,approved,APPROVE
X000006304,2026-01-04 20:45:39,C000057,A0000057,M00349,T00076,West,West,385.21,USD,ecommerce,chip_pin,approved,APPROVE
X000073093,2026-01-04 20:46:08,C000618,A0000618,M00638,T01099,Northeast,Northeast,25.0,USD,card_present,wallet_biometric,approved,APPROVE
X000212758,2026-01-04 20:47:40,C001737,A0001737,M00635,T00849,Midwest,Midwest,29.62,USD,ecommerce,magstripe,approved,APPROVE
X000103453,2026-01-04 20:47:44,C000871,A0000871,M00433,T01191,Midwest,Midwest,105.23,USD,card_present,chip_pin,approved,APPROVE
X000072316,2026-01-04 20:48:02,C000611,A0000611,M00153,T00753,South,South,51.08,USD,ecommerce,magstripe,approved,APPROVE
X000205323,2026-01-04 20:48:52,C001678,A0001678,M00365,T01114,Midwest,South,35.44,USD,mobile_wallet,chip_pin,approved,APPROVE
X000052366,2026-01-04 20:48:55,C000442,A0000442,M00478,T00667,Midwest,Midwest,430.33,USD,card_present,chip_pin,approved,APPROVE
X000228351,2026-01-04 20:49:52,C001860,A0001860,M00366,T00709,Northeast,Northeast,119.9,USD,card_present,3ds,approved,APPROVE
X000071033,2026-01-04 20:50:32,C000603,A0000603,M00251,T00782,West,West,15.66,USD,card_present,3ds,approved,APPROVE
X000110186,2026-01-04 20:51:40,C000921,A0000921,M00171,T00754,Northeast,Northeast,171.88,USD,card_present,wallet_biometric,approved,APPROVE
X000171052,2026-01-04 20:52:02,C001411,A0001411,M00180,T00539,West,West,50.3,USD,card_present,3ds,approved,APPROVE
X000017454,2026-01-04 20:52:07,C000150,A0000150,M00518,T00379,South,South,186.59,USD,card_present,3ds,approved,APPROVE
X000136604,2026-01-04 20:52:28,C001124,A0001124,M00764,T00111,West,West,112.94,USD,card_present,3ds,approved,APPROVE
X000192815,2026-01-04 20:52:36,C001584,A0001584,M00675,T00110,Midwest,Midwest,180.01,USD,ecommerce,chip_pin,approved,APPROVE
X000184155,2026-01-04 20:52:42,C001517,A0001517,M00679,T01139,Northeast,Northeast,59.45,USD,card_present,wallet_biometric,approved,APPROVE
X000020433,2026-01-04 20:52:47,C000178,A0000178,M00329,T00094,Midwest,Midwest,193.61,USD,card_present,chip_pin,approved,APPROVE
X000224136,2026-01-04 20:52:56,C001830,A0001830,M00129,T00930,West,West,36.95,USD,ecommerce,3ds,approved,APPROVE
X000010355,2026-01-04 20:53:21,C000094,A0000094,M00295,T00163,South,South,99.28,USD,card_present,chip_pin,approved,APPROVE
X000127525,2026-01-04 20:53:42,C001052,A0001052,M00282,T00583,South,South,154.18,USD,ecommerce,3ds,approved,APPROVE
X000033584,2026-01-04 20:53:48,C000286,A0000286,M00210,T01163,South,South,47.86,USD,ecommerce,chip_pin,approved,APPROVE
X000182153,2026-01-04 20:53:51,C001500,A0001500,M00788,T00018,South,South,255.35,USD,mobile_wallet,3ds,approved,APPROVE
X000139242,2026-01-04 20:53:53,C001148,A0001148,M00301,T00790,Midwest,South,276.41,USD,card_present,chip_pin,approved,APPROVE
X000190028,2026-01-04 20:54:00,C001562,A0001562,M00700,T00679,Northeast,Northeast,390.35,USD,ecommerce,wallet_biometric,approved,APPROVE
X000118068,2026-01-04 20:54:16,C000978,A0000978,M00412,T00928,Northeast,Northeast,103.5,USD,card_present,chip_pin,approved,APPROVE
X000111733,2026-01-04 20:54:26,C000933,A0000933,M00763,T00601,South,South,102.07,USD,card_present,chip_pin,approved,APPROVE
X000188455,2026-01-04 20:54:46,C001549,A0001549,M00400,T00241,West,West,310.53,USD,mobile_wallet,3ds,approved,APPROVE
X000044757,2026-01-04 20:55:35,C000378,A0000378,M00301,T01109,South,South,216.64,USD,ecommerce,wallet_biometric,soft_decline,CHALLENGE
X000009371,2026-01-04 20:55:41,C000086,A0000086,M00790,T00840,Northeast,Northeast,40.42,USD,mobile_wallet,3ds,approved,APPROVE
X000131081,2026-01-04 20:55:52,C001079,A0001079,M00181,T01063,South,South,47.11,USD,ecommerce,magstripe,approved,APPROVE
X000241951,2026-01-04 20:56:04,C001975,A0001975,M00326,T01042,Northeast,Northeast,32.62,USD,ecommerce,chip_pin,approved,APPROVE
X000113681,2026-01-04 20:56:12,C000947,A0000947,M00693,T01048,South,South,58.65,USD,ecommerce,wallet_biometric,approved,APPROVE
X000225741,2026-01-04 20:56:35,C001840,A0001840,M00077,T00783,South,South,408.52,USD,mobile_wallet,wallet_biometric,approved,APPROVE
X000148998,2026-01-04 20:56:44,C001227,A0001227,M00619,T00982,West,West,9.33,USD,mobile_wallet,3ds,approved,APPROVE
X000174003,2026-01-04 20:57:05,C001435,A0001435,M00001,T00955,South,South,149.93,USD,card_present,3ds,approved,APPROVE
X000051446,2026-01-04 20:57:15,C000435,A0000435,M00318,T00746,Midwest,Midwest,53.21,USD,ecommerce,3ds,approved,APPROVE
X000236386,2026-01-04 20:58:00,C001929,A0001929,M00452,T00101,Northeast,Northeast,82.55,USD,ecommerce,wallet_biometric,approved,APPROVE
X000170274,2026-01-04 20:58:16,C001404,A0001404,M00439,T00144,West,West,249.64,USD,ecommerce,magstripe,approved,APPROVE
X000068002,2026-01-04 20:58:40,C000577,A0000577,M00068,T00322,Northeast,Northeast,186.41,USD,card_present,chip_pin,approved,APPROVE
X000210120,2026-01-04 20:58:49,C001714,A0001714,M00021,T00406,South,South,119.27,USD,ecommerce,3ds,approved,APPROVE
X000227291,2026-01-04 20:59:01,C001853,A0001853,M00553,T00807,West,West,647.93,USD,card_present,chip_pin,approved,APPROVE
X000042385,2026-01-04 20:59:04,C000359,A0000359,M00168,T00944,Northeast,Northeast,62.15,USD,card_present,chip_pin,approved,APPROVE
X000143395,2026-01-04 20:59:20,C001182,A0001182,M00387,T00289,Midwest,Northeast,67.2,USD,card_present,chip_pin,approved,APPROVE
X000213199,2026-01-04 20:59:23,C001741,A0001741,M00679,T00587,Northeast,Northeast,66.78,USD,card_present,chip_pin,approved,APPROVE
X000215017,2026-01-04 20:59:36,C001756,A0001756,M00224,T01197,Northeast,Northeast,71.25,USD,ecommerce,3ds,approved,APPROVE
X000166511,2026-01-04 20:59:51,C001375,A0001375,M00309,T01075,Northeast,Northeast,12.62,USD,card_present,chip_pin,approved,APPROVE
X000159188,2026-01-04 20:59:52,C001311,A0001311,M00231,T01111,South,South,121.28,USD,ecommerce,magstripe,approved,APPROVE
X000035935,2026-01-04 21:00:06,C000307,A0000307,M00293,T00835,South,South,60.89,USD,mobile_wallet,3ds,approved,APPROVE
X000174882,2026-01-04 21:00:35,C001441,A0001441,M00268,T00608,West,West,328.43,USD,card_present,chip_pin,approved,APPROVE
X000140797,2026-01-04 21:01:19,C001160,A0001160,M00737,T00804,Midwest,Midwest,22.61,USD,card_present,3ds,approved,APPROVE
X000207250,2026-01-04 21:02:19,C001691,A0001691,M00073,T00757,South,South,90.54,USD,ecommerce,chip_pin,approved,APPROVE
X000034954,2026-01-04 21:02:40,C000297,A0000297,M00544,T00081,South,South,32.3,USD,ecommerce,chip_pin,approved,APPROVE
X000083832,2026-01-04 21:02:40,C000701,A0000701,M00598,T00688,West,West,35.25,USD,card_present,wallet_biometric,approved,APPROVE
X000096312,2026-01-04 21:02:46,C000806,A0000806,M00184,T00927,South,South,48.69,USD,card_present,chip_pin,approved,APPROVE
X000196302,2026-01-04 21:03:07,C001613,A0001613,M00687,T01156,Midwest,Midwest,446.23,USD,mobile_wallet,3ds,approved,APPROVE
X000009777,2026-01-04 21:03:12,C000089,A0000089,M00631,T00542,West,West,79.22,USD,card_present,wallet_biometric,approved,APPROVE
X000088176,2026-01-04 21:03:26,C000741,A0000741,M00001,T00955,Northeast,South,21.88,USD,ecommerce,chip_pin,approved,APPROVE
X000129723,2026-01-04 21:05:18,C001067,A0001067,M00211,T01170,Midwest,Midwest,247.19,USD,ecommerce,magstripe,approved,APPROVE
X000135676,2026-01-04 21:05:28,C001115,A0001115,M00401,T00536,South,South,71.01,USD,card_present,3ds,approved,APPROVE
X000234600,2026-01-04 21:05:29,C001914,A0001914,M00615,T00908,Midwest,Midwest,535.51,USD,card_present,chip_pin,approved,APPROVE
X000208434,2026-01-04 21:05:52,C001702,A0001702,M00480,T00014,West,West,367.56,USD,card_present,3ds,approved,APPROVE
X000040004,2026-01-04 21:05:59,C000340,A0000340,M00565,T01035,Midwest,Midwest,90.07,USD,ecommerce,chip_pin,approved,APPROVE
X000090706,2026-01-04 21:06:40,C000760,A0000760,M00183,T00617,South,South,29.78,USD,card_present,chip_pin,approved,APPROVE
X000216686,2026-01-04 21:06:44,C001772,A0001772,M00698,T00693,West,West,63.61,USD,card_present,3ds,approved,APPROVE
X000032580,2026-01-04 21:06:55,C000276,A0000276,M00549,T00456,West,South,70.8,USD,card_present,chip_pin,approved,APPROVE
X000144458,2026-01-04 21:06:55,C001190,A0001190,M00784,T00756,South,South,148.72,USD,mobile_wallet,wallet_biometric,approved,APPROVE
X000033015,2026-01-04 21:07:01,C000280,A0000280,M00586,T00036,Northeast,Northeast,183.46,USD,mobile_wallet,chip_pin,approved,APPROVE
X000109333,2026-01-04 21:07:07,C000915,A0000915,M00354,T00770,Northeast,Northeast,49.24,USD,card_present,chip_pin,approved,APPROVE
X000223800,2026-01-04 21:07:12,C001826,A0001826,M00600,T00588,South,South,39.17,USD,card_present,chip_pin,approved,APPROVE
X000184556,2026-01-04 21:07:41,C001521,A0001521,M00587,T00374,South,South,234.47,USD,mobile_wallet,chip_pin,approved,APPROVE
X000159818,2026-01-04 21:08:02,C001318,A0001318,M00094,T00206,South,South,61.04,USD,ecommerce,chip_pin,approved,APPROVE
X000071199,2026-01-04 21:08:12,C000605,A0000605,M00156,T00380,West,West,116.66,USD,card_present,chip_pin,approved,APPROVE
X000029491,2026-01-04 21:08:26,C000254,A0000254,M00452,T00329,Northeast,Northeast,460.99,USD,card_present,wallet_biometric,approved,APPROVE
X000204207,2026-01-04 21:08:37,C001668,A0001668,M00495,T00909,Midwest,Midwest,149.22,USD,ecommerce,wallet_biometric,approved,APPROVE
X000163841,2026-01-04 21:08:38,C001350,A0001350,M00382,T00499,Midwest,Midwest,144.66,USD,ecommerce,chip_pin,approved,APPROVE
X000114762,2026-01-04 21:09:29,C000955,A0000955,M00204,T00165,Midwest,Midwest,36.04,USD,mobile_wallet,chip_pin,approved,APPROVE
X000166302,2026-01-04 21:09:43,C001372,A0001372,M00335,T00138,South,South,113.41,USD,card_present,chip_pin,approved,APPROVE
X000016183,2026-01-04 21:09:51,C000137,A0000137,M00038,T00874,South,South,112.87,USD,card_present,chip_pin,approved,APPROVE
X000027561,2026-01-04 21:09:53,C000237,A0000237,M00260,T00328,West,West,120.72,USD,ecommerce,3ds,approved,APPROVE
X000119490,2026-01-04 21:09:59,C000991,A0000991,M00459,T00204,Northeast,Northeast,31.57,USD,ecommerce,3ds,approved,APPROVE
X000167144,2026-01-04 21:10:03,C001381,A0001381,M00271,T01087,Northeast,Northeast,458.76,USD,ecommerce,magstripe,approved,APPROVE
X000017455,2026-01-04 21:10:08,C000150,A0000150,M00138,T00350,South,South,328.57,USD,card_present,wallet_biometric,approved,APPROVE
X000002019,2026-01-04 21:10:30,C000018,A0000018,M00296,T00252,South,South,11.9,USD,ecommerce,3ds,approved,APPROVE
X000187547,2026-01-04 21:10:55,C001542,A0001542,M00128,T00172,Northeast,Northeast,52.5,USD,card_present,magstripe,approved,APPROVE
X000008203,2026-01-04 21:11:15,C000075,A0000075,M00790,T00112,Northeast,Northeast,41.26,USD,card_present,chip_pin,approved,APPROVE
X000119974,2026-01-04 21:11:22,C000997,A0000997,M00445,T00021,Northeast,Northeast,24.51,USD,card_present,chip_pin,approved,APPROVE
X000115657,2026-01-04 21:12:24,C000961,A0000961,M00797,T00418,South,South,120.93,USD,card_present,wallet_biometric,approved,APPROVE
X000055574,2026-01-04 21:12:30,C000471,A0000471,M00585,T00119,South,Midwest,175.93,USD,ecommerce,chip_pin,approved,APPROVE
X000018396,2026-01-04 21:13:00,C000157,A0000157,M00147,T00338,South,South,58.53,USD,card_present,chip_pin,approved,APPROVE
X000118868,2026-01-04 21:13:00,C000985,A0000985,M00750,T01142,South,South,75.97,USD,ecommerce,3ds,approved,APPROVE
X000001228,2026-01-04 21:13:05,C000013,A0000013,M00267,T00878,West,West,9.1,USD,ecommerce,chip_pin,approved,APPROVE
X000134661,2026-01-04 21:13:15,C001105,A0001105,M00030,T00879,West,West,34.6,USD,card_present,chip_pin,approved,APPROVE
X000185614,2026-01-04 21:13:50,C001526,A0001526,M00352,T00215,Midwest,Midwest,32.0,USD,ecommerce,chip_pin,approved,APPROVE
X000011651,2026-01-04 21:13:52,C000103,A0000103,M00662,T00510,Midwest,Midwest,16.59,USD,mobile_wallet,wallet_biometric,approved,APPROVE
X000046611,2026-01-04 21:14:16,C000392,A0000392,M00607,T00470,South,South,34.9,USD,card_present,chip_pin,approved,APPROVE
X000075495,2026-01-04 21:14:32,C000635,A0000635,M00393,T00239,Northeast,Northeast,69.79,USD,card_present,3ds,approved,APPROVE
X000219929,2026-01-04 21:14:39,C001797,A0001797,M00167,T00818,Northeast,Northeast,490.32,USD,mobile_wallet,wallet_biometric,approved,APPROVE
X000117720,2026-01-04 21:15:07,C000976,A0000976,M00321,T00416,Midwest,Midwest,111.45,USD,mobile_wallet,chip_pin,approved,APPROVE
X000024265,2026-01-04 21:15:21,C000205,A0000205,M00038,T00874,South,South,39.79,USD,card_present,chip_pin,approved,APPROVE
X000094203,2026-01-04 21:15:31,C000789,A0000789,M00445,T00086,Northeast,Northeast,172.32,USD,card_present,3ds,approved,APPROVE
X000161192,2026-01-04 21:15:39,C001331,A0001331,M00321,T00416,Midwest,Midwest,60.8,USD,card_present,3ds,approved,APPROVE
X000062864,2026-01-04 21:16:22,C000534,A0000534,M00085,T00814,Northeast,Northeast,311.84,USD,mobile_wallet,3ds,approved,APPROVE
X000144714,2026-01-04 21:16:28,C001192,A0001192,M00033,T00091,West,West,28.32,USD,ecommerce,3ds,approved,APPROVE
X000002085,2026-01-04 21:16:45,C000019,A0000019,M00281,T00497,West,West,60.1,USD,card_present,chip_pin,approved,APPROVE
X000094752,2026-01-04 21:17:25,C000792,A0000792,M00244,T00336,South,South,106.9,USD,ecommerce,wallet_biometric,approved,APPROVE
X000083178,2026-01-04 21:17:40,C000696,A0000696,M00706,T00409,Northeast,Northeast,455.59,USD,card_present,wallet_biometric,approved,APPROVE
X000217739,2026-01-04 21:18:39,C001778,A0001778,M00048,T00107,Northeast,Northeast,61.19,USD,ecommerce,chip_pin,approved,APPROVE
X000148449,2026-01-04 21:19:01,C001225,A0001225,M00096,T00202,South,West,163.65,USD,ecommerce,3ds,approved,APPROVE
X000114133,2026-01-04 21:19:30,C000950,A0000950,M00743,T00220,South,South,33.96,USD,mobile_wallet,3ds,approved,APPROVE
X000098245,2026-01-04 21:19:37,C000823,A0000823,M00797,T00997,South,South,61.47,USD,card_present,wallet_biometric,approved,APPROVE
X000060393,2026-01-04 21:19:41,C000514,A0000514,M00002,T00850,Northeast,Northeast,47.07,USD,card_present,magstripe,approved,APPROVE
X000077814,2026-01-04 21:20:03,C000655,A0000655,M00022,T00830,South,South,92.82,USD,ecommerce,magstripe,approved,APPROVE
X000083179,2026-01-04 21:20:07,C000696,A0000696,M00145,T00673,Northeast,Northeast,59.34,USD,ecommerce,wallet_biometric,approved,APPROVE
X000205324,2026-01-04 21:21:00,C001678,A0001678,M00108,T00481,Midwest,Midwest,97.3,USD,card_present,wallet_biometric,approved,APPROVE
X000179786,2026-01-04 21:21:05,C001479,A0001479,M00020,T00254,South,South,125.17,USD,card_present,3ds,approved,APPROVE
X000029250,2026-01-04 21:21:17,C000253,A0000253,M00626,T01083,South,South,123.08,USD,card_present,3ds,approved,APPROVE
X000073916,2026-01-04 21:21:23,C000625,A0000625,M00756,T00999,West,West,65.17,USD,ecommerce,chip_pin,approved,APPROVE
X000172393,2026-01-04 21:21:27,C001422,A0001422,M00191,T00188,Midwest,Midwest,41.69,USD,card_present,chip_pin,approved,APPROVE
X000019273,2026-01-04 21:21:29,C000167,A0000167,M00720,T00311,Northeast,Northeast,121.18,USD,ecommerce,3ds,approved,APPROVE
X000054348,2026-01-04 21:21:37,C000461,A0000461,M00372,T00192,South,South,609.39,USD,ecommerce,wallet_biometric,approved,APPROVE
X000026989,2026-01-04 21:22:34,C000233,A0000233,M00345,T01138,South,South,69.88,USD,ecommerce,wallet_biometric,approved,APPROVE
X000184869,2026-01-04 21:22:48,C001523,A0001523,M00195,T00595,South,South,68.61,USD,card_present,chip_pin,approved,APPROVE
X000124506,2026-01-04 21:23:02,C001030,A0001030,M00452,T00101,Northeast,Northeast,446.97,USD,ecommerce,3ds,approved,APPROVE
X000017701,2026-01-04 21:23:03,C000152,A0000152,M00412,T00974,Northeast,Northeast,335.09,USD,card_present,magstripe,approved,APPROVE
X000174318,2026-01-04 21:23:56,C001436,A0001436,M00006,T00419,Midwest,Midwest,25.73,USD,ecommerce,chip_pin,approved,APPROVE
X000117478,2026-01-04 21:24:06,C000974,A0000974,M00297,T00721,Northeast,Northeast,42.61,USD,ecommerce,chip_pin,approved,APPROVE
X000067678,2026-01-04 21:24:21,C000574,A0000574,M00784,T00756,South,South,10.88,USD,ecommerce,chip_pin,approved,APPROVE
X000099792,2026-01-04 21:24:21,C000839,A0000839,M00052,T00013,South,South,32.62,USD,card_present,3ds,approved,APPROVE
X000023570,2026-01-04 21:24:22,C000201,A0000201,M00740,T00080,Northeast,Northeast,725.17,USD,mobile_wallet,chip_pin,approved,APPROVE
X000143804,2026-01-04 21:24:54,C001186,A0001186,M00029,T00167,South,South,269.46,USD,card_present,wallet_biometric,approved,APPROVE
X000221110,2026-01-04 21:25:14,C001803,A0001803,M00580,T00415,South,South,22.25,USD,card_present,chip_pin,approved,APPROVE
X000160810,2026-01-04 21:25:38,C001328,A0001328,M00576,T00152,Midwest,Midwest,10.04,USD,card_present,wallet_biometric,approved,APPROVE
X000043777,2026-01-04 21:26:03,C000372,A0000372,M00366,T00709,Northeast,Northeast,14.44,USD,card_present,3ds,approved,APPROVE
X000058188,2026-01-04 21:26:09,C000494,A0000494,M00171,T00523,Northeast,Northeast,18.22,USD,card_present,chip_pin,approved,APPROVE
X000049269,2026-01-04 21:26:51,C000413,A0000413,M00692,T00771,Northeast,Northeast,112.24,USD,card_present,wallet_biometric,approved,APPROVE
X000161193,2026-01-04 21:27:20,C001331,A0001331,M00321,T00416,Midwest,Midwest,27.59,USD,card_present,3ds,approved,APPROVE
X000171614,2026-01-04 21:28:19,C001415,A0001415,M00039,T01014,Midwest,Midwest,34.01,USD,card_present,3ds,approved,APPROVE
X000021198,2026-01-04 21:28:28,C000185,A0000185,M00470,T00025,South,South,47.59,USD,card_present,3ds,approved,APPROVE
X000194121,2026-01-04 21:28:52,C001596,A0001596,M00309,T00916,Northeast,Northeast,35.76,USD,ecommerce,wallet_biometric,approved,APPROVE
X000019643,2026-01-04 21:29:36,C000170,A0000170,M00391,T01061,Northeast,Northeast,21.37,USD,card_present,magstripe,approved,APPROVE
X000000015,2026-01-04 21:29:43,C000001,A0000001,M00073,T00757,South,South,683.82,USD,mobile_wallet,chip_pin,approved,APPROVE
X000236262,2026-01-04 21:29:45,C001928,A0001928,M00382,T00499,Midwest,Midwest,29.13,USD,mobile_wallet,chip_pin,approved,APPROVE
X000094204,2026-01-04 21:29:47,C000789,A0000789,M00459,T00204,Northeast,Northeast,123.41,USD,ecommerce,wallet_biometric,approved,APPROVE
X000176398,2026-01-04 21:30:28,C001454,A0001454,M00267,T00878,West,West,13.89,USD,mobile_wallet,magstripe,approved,APPROVE
X000168434,2026-01-04 21:30:30,C001393,A0001393,M00335,T00070,South,South,77.94,USD,card_present,chip_pin,approved,APPROVE
X000179264,2026-01-04 21:30:34,C001476,A0001476,M00450,T00640,Northeast,Northeast,285.0,USD,card_present,wallet_biometric,approved,APPROVE
X000212305,2026-01-04 21:30:56,C001733,A0001733,M00564,T01141,Northeast,Northeast,113.19,USD,card_present,chip_pin,approved,APPROVE
X000011719,2026-01-04 21:30:57,C000104,A0000104,M00304,T00087,Midwest,Midwest,125.42,USD,card_present,chip_pin,approved,APPROVE
X000108645,2026-01-04 21:31:01,C000911,A0000911,M00211,T01170,Midwest,Midwest,96.62,USD,ecommerce,chip_pin,approved,APPROVE
X000200513,2026-01-04 21:31:31,C001643,A0001643,M00345,T00208,South,South,47.06,USD,card_present,magstripe,approved,APPROVE
X000044940,2026-01-04 21:31:32,C000379,A0000379,M00699,T00248,Midwest,Midwest,746.66,USD,card_present,3ds,approved,APPROVE
X000242469,2026-01-04 21:31:32,C001980,A0001980,M00191,T00568,Midwest,Midwest,207.47,USD,mobile_wallet,magstripe,approved,APPROVE
X000084665,2026-01-04 21:31:37,C000709,A0000709,M00417,T00117,South,South,123.27,USD,ecommerce,wallet_biometric,approved,APPROVE
X000182689,2026-01-04 21:32:20,C001503,A0001503,M00380,T00352,Midwest,Midwest,79.8,USD,ecommerce,3ds,approved,APPROVE
X000103210,2026-01-04 21:33:20,C000868,A0000868,M00674,T00232,Midwest,Midwest,18.71,USD,card_present,chip_pin,approved,APPROVE
X000205580,2026-01-04 21:34:21,C001679,A0001679,M00342,T00375,Midwest,Midwest,221.87,USD,ecommerce,3ds,approved,APPROVE
X000078233,2026-01-04 21:34:57,C000659,A0000659,M00253,T01072,South,South,53.05,USD,ecommerce,wallet_biometric,approved,APPROVE
X000105182,2026-01-04 21:35:46,C000885,A0000885,M00779,T00146,South,South,226.89,USD,card_present,3ds,approved,APPROVE
X000166303,2026-01-04 21:35:58,C001372,A0001372,M00282,T00583,South,South,163.03,USD,mobile_wallet,3ds,approved,APPROVE
X000198189,2026-01-04 21:36:52,C001626,A0001626,M00640,T00037,Midwest,Midwest,256.49,USD,card_present,3ds,approved,APPROVE
X000061304,2026-01-04 21:37:21,C000523,A0000523,M00608,T00027,South,South,33.44,USD,ecommerce,3ds,approved,APPROVE
X000215553,2026-01-04 21:37:45,C001761,A0001761,M00248,T00017,South,South,42.83,USD,ecommerce,wallet_biometric,approved,APPROVE
X000218454,2026-01-04 21:38:25,C001785,A0001785,M00205,T00154,South,South,36.92,USD,ecommerce,3ds,approved,APPROVE
X000131618,2026-01-04 21:38:38,C001083,A0001083,M00253,T00043,South,South,47.42,USD,card_present,chip_pin,approved,APPROVE
X000158426,2026-01-04 21:38:49,C001304,A0001304,M00020,T00130,South,South,172.37,USD,mobile_wallet,chip_pin,approved,APPROVE
X000136817,2026-01-04 21:39:10,C001126,A0001126,M00345,T01160,South,South,67.92,USD,card_present,chip_pin,approved,APPROVE
X000219649,2026-01-04 21:39:34,C001795,A0001795,M00770,T01186,Midwest,Midwest,27.96,USD,mobile_wallet,3ds,approved,APPROVE
X000238911,2026-01-04 21:40:02,C001949,A0001949,M00585,T00119,Midwest,Midwest,63.17,USD,mobile_wallet,3ds,approved,APPROVE
X000093169,2026-01-04 21:40:05,C000781,A0000781,M00055,T01054,South,South,48.5,USD,ecommerce,wallet_biometric,approved,APPROVE
X000118629,2026-01-04 21:40:13,C000982,A0000982,M00067,T00948,South,South,35.87,USD,card_present,3ds,approved,APPROVE
X000131746,2026-01-04 21:40:51,C001084,A0001084,M00431,T00216,West,West,71.67,USD,ecommerce,chip_pin,approved,APPROVE
X000207920,2026-01-04 21:41:47,C001697,A0001697,M00724,T01129,West,West,30.45,USD,card_present,chip_pin,approved,APPROVE
X000218784,2026-01-04 21:42:00,C001788,A0001788,M00137,T00381,Midwest,Midwest,242.59,USD,ecommerce,magstripe,approved,APPROVE
X000027116,2026-01-04 21:43:04,C000234,A0000234,M00420,T00678,West,West,86.55,USD,card_present,chip_pin,approved,APPROVE
X000193623,2026-01-04 21:43:06,C001592,A0001592,M00736,T00065,South,South,92.26,USD,ecommerce,chip_pin,approved,APPROVE
X000161717,2026-01-04 21:43:39,C001334,A0001334,M00431,T00216,West,West,46.78,USD,mobile_wallet,magstripe,approved,APPROVE
X000173198,2026-01-04 21:43:54,C001429,A0001429,M00674,T00232,Midwest,Midwest,33.89,USD,ecommerce,3ds,approved,APPROVE
X000185067,2026-01-04 21:43:56,C001524,A0001524,M00598,T00149,West,West,82.41,USD,ecommerce,3ds,approved,APPROVE
X000086475,2026-01-04 21:44:20,C000726,A0000726,M00613,T00331,South,South,40.02,USD,card_present,wallet_biometric,approved,APPROVE
X000196912,2026-01-04 21:44:21,C001618,A0001618,M00069,T00652,West,West,103.94,USD,card_present,3ds,approved,APPROVE
X000145843,2026-01-04 21:44:25,C001202,A0001202,M00292,T00447,South,South,40.63,USD,mobile_wallet,3ds,approved,APPROVE
X000158287,2026-01-04 21:44:25,C001302,A0001302,M00239,T00747,South,South,12.83,USD,mobile_wallet,3ds,approved,APPROVE
X000066055,2026-01-04 21:44:52,C000560,A0000560,M00698,T00153,West,West,78.68,USD,ecommerce,chip_pin,approved,APPROVE
X000109796,2026-01-04 21:44:54,C000917,A0000917,M00217,T00815,South,South,42.25,USD,ecommerce,wallet_biometric,approved,APPROVE
X000005715,2026-01-04 21:45:38,C000053,A0000053,M00013,T00686,South,South,67.67,USD,ecommerce,wallet_biometric,approved,APPROVE
X000101791,2026-01-04 21:45:41,C000857,A0000857,M00550,T01034,West,West,32.8,USD,card_present,chip_pin,approved,APPROVE
X000002587,2026-01-04 21:45:55,C000025,A0000025,M00068,T00683,Northeast,Northeast,31.24,USD,card_present,3ds,approved,APPROVE
X000147131,2026-01-04 21:46:03,C001214,A0001214,M00122,T00125,South,South,32.1,USD,ecommerce,3ds,approved,APPROVE
X000069104,2026-01-04 21:46:14,C000588,A0000588,M00430,T01143,South,South,45.9,USD,card_present,chip_pin,approved,APPROVE
X000006305,2026-01-04 21:46:57,C000057,A0000057,M00349,T00076,West,West,297.91,USD,mobile_wallet,chip_pin,approved,APPROVE
X000147415,2026-01-04 21:47:25,C001217,A0001217,M00471,T00670,Midwest,Midwest,13.71,USD,card_present,chip_pin,approved,APPROVE
X000244627,2026-01-04 21:48:01,C001995,A0001995,M00276,T00665,Northeast,Northeast,574.45,USD,card_present,3ds,approved,APPROVE
X000127526,2026-01-04 21:48:18,C001052,A0001052,M00335,T00070,South,South,128.99,USD,mobile_wallet,chip_pin,approved,APPROVE
X000123963,2026-01-04 21:50:04,C001026,A0001026,M00600,T00407,South,South,94.42,USD,mobile_wallet,chip_pin,approved,APPROVE
X000179998,2026-01-04 21:50:31,C001480,A0001480,M00393,T00751,Northeast,Northeast,120.56,USD,ecommerce,chip_pin,approved,APPROVE
X000084863,2026-01-04 21:50:52,C000710,A0000710,M00535,T00606,West,West,189.48,USD,card_present,chip_pin,approved,APPROVE
X000176466,2026-01-04 21:51:11,C001455,A0001455,M00395,T00889,Midwest,Midwest,37.02,USD,card_present,3ds,approved,APPROVE
X000169778,2026-01-04 21:51:51,C001401,A0001401,M00445,T00086,Northeast,Northeast,50.88,USD,card_present,wallet_biometric,approved,APPROVE
X000061486,2026-01-04 21:53:20,C000525,A0000525,M00208,T00633,Midwest,Midwest,104.12,USD,card_present,3ds,approved,APPROVE
X000164528,2026-01-04 21:53:42,C001356,A0001356,M00683,T00986,Midwest,Midwest,68.41,USD,card_present,chip_pin,approved,APPROVE
X000107864,2026-01-04 21:54:49,C000903,A0000903,M00257,T00772,South,South,53.57,USD,card_present,chip_pin,approved,APPROVE
X000064130,2026-01-04 21:55:02,C000544,A0000544,M00687,T00937,Midwest,Midwest,88.26,USD,card_present,wallet_biometric,approved,APPROVE
X000155797,2026-01-04 21:55:22,C001283,A0001283,M00148,T01086,Midwest,Midwest,322.27,USD,ecommerce,3ds,approved,APPROVE
X000154728,2026-01-04 21:56:40,C001276,A0001276,M00547,T00371,Northeast,Northeast,50.41,USD,card_present,wallet_biometric,approved,APPROVE
X000079552,2026-01-04 21:56:46,C000670,A0000670,M00730,T01027,West,West,30.2,USD,card_present,wallet_biometric,approved,APPROVE
X000133864,2026-01-04 21:57:40,C001102,A0001102,M00614,T00113,South,South,247.33,USD,card_present,wallet_biometric,approved,APPROVE
X000103944,2026-01-04 21:58:21,C000875,A0000875,M00541,T00575,South,South,19.51,USD,card_present,3ds,approved,APPROVE
X000167145,2026-01-04 21:58:30,C001381,A0001381,M00327,T00251,Northeast,South,302.85,USD,ecommerce,chip_pin,approved,APPROVE
X000167343,2026-01-04 21:59:20,C001382,A0001382,M00503,T00931,West,West,18.83,USD,ecommerce,chip_pin,approved,APPROVE
X000148186,2026-01-04 21:59:23,C001224,A0001224,M00661,T00337,Northeast,Northeast,141.24,USD,mobile_wallet,3ds,approved,APPROVE
X000100369,2026-01-04 21:59:42,C000845,A0000845,M00382,T00233,Midwest,Midwest,185.31,USD,card_present,magstripe,approved,APPROVE
X000146929,2026-01-04 22:00:00,C001211,A0001211,M00675,T00110,Midwest,Midwest,99.13,USD,card_present,chip_pin,approved,APPROVE
X000141676,2026-01-04 22:00:30,C001168,A0001168,M00077,T00306,South,South,184.14,USD,card_present,magstripe,approved,APPROVE
X000212306,2026-01-04 22:00:38,C001733,A0001733,M00391,T00267,Northeast,Northeast,89.52,USD,ecommerce,3ds,approved,APPROVE
X000149988,2026-01-04 22:00:41,C001236,A0001236,M00663,T00502,West,West,101.44,USD,card_present,chip_pin,approved,APPROVE
X000174524,2026-01-04 22:01:11,C001438,A0001438,M00271,T00851,Northeast,Northeast,42.69,USD,ecommerce,3ds,approved,APPROVE
X000232339,2026-01-04 22:01:18,C001895,A0001895,M00338,T00388,South,Northeast,43.31,USD,ecommerce,chip_pin,approved,APPROVE
X000143179,2026-01-04 22:02:56,C001180,A0001180,M00183,T00617,South,South,107.22,USD,card_present,wallet_biometric,approved,APPROVE
X000198190,2026-01-04 22:03:03,C001626,A0001626,M00680,T00949,Midwest,Midwest,208.41,USD,card_present,wallet_biometric,approved,APPROVE
X000148187,2026-01-04 22:03:20,C001224,A0001224,M00661,T00337,Northeast,Northeast,105.72,USD,card_present,chip_pin,approved,APPROVE
X000155086,2026-01-04 22:03:42,C001278,A0001278,M00217,T00815,South,South,54.56,USD,card_present,3ds,approved,APPROVE
X000106898,2026-01-04 22:03:44,C000896,A0000896,M00798,T00402,Northeast,Northeast,486.22,USD,card_present,chip_pin,approved,APPROVE
X000189439,2026-01-04 22:04:01,C001557,A0001557,M00698,T00516,South,West,123.01,USD,card_present,chip_pin,approved,APPROVE
X000002912,2026-01-04 22:04:04,C000028,A0000028,M00151,T00462,Midwest,Midwest,48.15,USD,card_present,wallet_biometric,approved,APPROVE
X000163919,2026-01-04 22:04:06,C001351,A0001351,M00020,T00130,South,South,18.79,USD,ecommerce,3ds,approved,APPROVE
X000062865,2026-01-04 22:04:17,C000534,A0000534,M00171,T00643,Northeast,Northeast,313.06,USD,ecommerce,3ds,approved,APPROVE
X000184418,2026-01-04 22:04:19,C001520,A0001520,M00165,T00676,West,West,177.36,USD,mobile_wallet,wallet_biometric,approved,APPROVE
X000195773,2026-01-04 22:05:22,C001608,A0001608,M00001,T00955,South,South,30.46,USD,ecommerce,wallet_biometric,approved,APPROVE
X000057735,2026-01-04 22:06:11,C000490,A0000490,M00301,T01109,West,South,38.4,USD,ecommerce,chip_pin,approved,APPROVE
X000162000,2026-01-04 22:06:21,C001337,A0001337,M00015,T00330,South,South,87.87,USD,ecommerce,chip_pin,approved,APPROVE
X000080211,2026-01-04 22:06:48,C000675,A0000675,M00067,T00948,South,South,38.65,USD,mobile_wallet,chip_pin,approved,APPROVE
X000119866,2026-01-04 22:06:59,C000996,A0000996,M00460,T00677,Midwest,Midwest,31.16,USD,ecommerce,magstripe,approved,APPROVE
X000215955,2026-01-04 22:07:21,C001765,A0001765,M00257,T00772,South,South,45.75,USD,card_present,3ds,approved,APPROVE
X000023571,2026-01-04 22:08:07,C000201,A0000201,M00085,T00814,Northeast,Northeast,199.3,USD,card_present,chip_pin,approved,APPROVE
X000223110,2026-01-04 22:08:39,C001819,A0001819,M00253,T00043,South,South,99.62,USD,card_present,3ds,approved,APPROVE
X000011371,2026-01-04 22:08:48,C000102,A0000102,M00756,T00999,West,West,343.06,USD,ecommerce,3ds,approved,APPROVE
X000061590,2026-01-04 22:09:02,C000526,A0000526,M00524,T00033,West,West,267.51,USD,ecommerce,wallet_biometric,approved,APPROVE
X000095598,2026-01-04 22:09:25,C000799,A0000799,M00425,T00883,South,West,80.31,USD,ecommerce,chip_pin,approved,APPROVE
X000218897,2026-01-04 22:09:43,C001789,A0001789,M00090,T00822,Northeast,South,35.02,USD,card_present,chip_pin,approved,APPROVE
X000227292,2026-01-04 22:09:51,C001853,A0001853,M00553,T00807,West,West,269.68,USD,mobile_wallet,chip_pin,approved,APPROVE
X000121957,2026-01-04 22:10:06,C001012,A0001012,M00585,T00052,Midwest,Midwest,58.9,USD,ecommerce,magstripe,approved,APPROVE
X000161005,2026-01-04 22:10:25,C001330,A0001330,M00148,T01086,Midwest,Midwest,89.44,USD,card_present,chip_pin,approved,APPROVE
X000223453,2026-01-04 22:11:06,C001822,A0001822,M00430,T01143,South,South,98.57,USD,ecommerce,3ds,approved,APPROVE
X000141903,2026-01-04 22:11:19,C001170,A0001170,M00183,T00617,South,South,115.13,USD,card_present,chip_pin,approved,APPROVE
X000019372,2026-01-04 22:11:40,C000168,A0000168,M00394,T00922,South,South,64.81,USD,card_present,3ds,approved,APPROVE
X000147813,2026-01-04 22:11:48,C001221,A0001221,M00433,T01191,Midwest,Midwest,110.53,USD,card_present,magstripe,approved,APPROVE
X000021866,2026-01-04 22:12:03,C000189,A0000189,M00104,T00520,West,West,41.44,USD,card_present,wallet_biometric,approved,APPROVE
X000106899,2026-01-04 22:12:35,C000896,A0000896,M00710,T01065,Northeast,Midwest,91.07,USD,card_present,chip_pin,approved,APPROVE
X000106789,2026-01-04 22:12:42,C000895,A0000895,M00130,T00214,South,South,17.16,USD,card_present,magstripe,approved,APPROVE
X000173015,2026-01-04 22:12:48,C001428,A0001428,M00046,T00132,Northeast,Northeast,73.94,USD,ecommerce,chip_pin,approved,APPROVE
X000008809,2026-01-04 22:12:49,C000080,A0000080,M00770,T00870,Midwest,Midwest,54.87,USD,card_present,3ds,approved,APPROVE
X000015193,2026-01-04 22:13:00,C000129,A0000129,M00009,T00774,South,South,94.84,USD,ecommerce,chip_pin,approved,APPROVE
X000099954,2026-01-04 22:13:46,C000841,A0000841,M00266,T00421,Northeast,Northeast,53.79,USD,card_present,chip_pin,approved,APPROVE
X000222029,2026-01-04 22:14:05,C001810,A0001810,M00320,T00150,West,West,191.3,USD,card_present,wallet_biometric,approved,APPROVE
X000120666,2026-01-04 22:14:38,C001003,A0001003,M00471,T00670,Midwest,Midwest,201.16,USD,card_present,chip_pin,approved,APPROVE
X000240799,2026-01-04 22:14:42,C001965,A0001965,M00191,T00188,Midwest,Midwest,84.1,USD,ecommerce,chip_pin,approved,APPROVE
X000027863,2026-01-04 22:15:47,C000240,A0000240,M00532,T00040,West,West,31.01,USD,card_present,chip_pin,approved,APPROVE
X000041685,2026-01-04 22:16:24,C000353,A0000353,M00619,T00982,West,West,12.12,USD,ecommerce,3ds,approved,APPROVE
X000210331,2026-01-04 22:16:33,C001715,A0001715,M00779,T00146,South,South,52.28,USD,card_present,magstripe,approved,APPROVE
X000239778,2026-01-04 22:17:12,C001955,A0001955,M00601,T00458,South,South,23.69,USD,ecommerce,chip_pin,approved,APPROVE
X000115658,2026-01-04 22:17:14,C000961,A0000961,M00797,T00418,South,South,221.69,USD,ecommerce,wallet_biometric,approved,APPROVE
X000129078,2026-01-04 22:17:16,C001062,A0001062,M00712,T01100,South,South,141.33,USD,card_present,chip_pin,approved,APPROVE
X000170792,2026-01-04 22:17:28,C001408,A0001408,M00750,T01142,South,South,34.72,USD,card_present,wallet_biometric,approved,APPROVE
X000143717,2026-01-04 22:17:30,C001185,A0001185,M00667,T00609,Northeast,Northeast,60.37,USD,card_present,chip_pin,approved,APPROVE
X000146987,2026-01-04 22:18:11,C001212,A0001212,M00394,T00980,South,South,37.01,USD,ecommerce,3ds,approved,APPROVE
X000143180,2026-01-04 22:18:18,C001180,A0001180,M00797,T00303,South,South,117.58,USD,ecommerce,chip_pin,approved,APPROVE
X000129079,2026-01-04 22:18:32,C001062,A0001062,M00712,T01100,South,South,256.62,USD,ecommerce,chip_pin,approved,APPROVE
X000206450,2026-01-04 22:18:47,C001686,A0001686,M00663,T00502,West,West,55.73,USD,card_present,3ds,approved,APPROVE
X000161484,2026-01-04 22:18:50,C001333,A0001333,M00689,T00395,Northeast,Northeast,97.42,USD,ecommerce,wallet_biometric,approved,APPROVE
X000000412,2026-01-04 22:19:10,C000005,A0000005,M00683,T01182,Midwest,Midwest,98.63,USD,ecommerce,3ds,approved,APPROVE
X000208435,2026-01-04 22:19:14,C001702,A0001702,M00477,T00694,West,West,478.12,USD,ecommerce,chip_pin,approved,APPROVE
X000063864,2026-01-04 22:19:27,C000542,A0000542,M00049,T01047,West,West,214.02,USD,card_present,chip_pin,approved,APPROVE
X000034148,2026-01-04 22:20:07,C000290,A0000290,M00111,T01015,Midwest,Midwest,216.92,USD,card_present,3ds,approved,APPROVE
X000068003,2026-01-04 22:20:22,C000577,A0000577,M00048,T00107,Northeast,Northeast,253.25,USD,card_present,3ds,approved,APPROVE
X000112895,2026-01-04 22:20:24,C000944,A0000944,M00450,T00640,Northeast,Northeast,286.69,USD,mobile_wallet,chip_pin,approved,APPROVE
X000126752,2026-01-04 22:20:51,C001044,A0001044,M00481,T00116,Northeast,Northeast,13.82,USD,ecommerce,chip_pin,approved,APPROVE
X000061371,2026-01-04 22:21:24,C000524,A0000524,M00342,T00563,Midwest,Midwest,85.75,USD,card_present,magstripe,approved,APPROVE
X000065948,2026-01-04 22:21:46,C000559,A0000559,M00788,T01136,South,South,65.97,USD,card_present,wallet_biometric,approved,APPROVE
X000019644,2026-01-04 22:22:36,C000170,A0000170,M00391,T01061,Northeast,Northeast,122.24,USD,card_present,wallet_biometric,approved,APPROVE
X000233617,2026-01-04 22:22:40,C001905,A0001905,M00763,T00455,South,South,26.92,USD,card_present,chip_pin,approved,APPROVE
X000003481,2026-01-04 22:23:12,C000031,A0000031,M00353,T00378,Midwest,Midwest,142.21,USD,card_present,wallet_biometric,approved,APPROVE
X000173747,2026-01-04 22:23:23,C001433,A0001433,M00708,T00450,West,West,68.14,USD,card_present,wallet_biometric,approved,APPROVE
X000116022,2026-01-04 22:23:29,C000964,A0000964,M00462,T01033,Northeast,Northeast,53.49,USD,card_present,3ds,approved,APPROVE
X000043261,2026-01-04 22:23:43,C000366,A0000366,M00712,T00064,South,South,33.62,USD,ecommerce,wallet_biometric,approved,APPROVE
X000213200,2026-01-04 22:23:43,C001741,A0001741,M00547,T00371,Northeast,Northeast,43.34,USD,ecommerce,3ds,approved,APPROVE
X000024380,2026-01-04 22:23:49,C000206,A0000206,M00040,T00439,Northeast,Northeast,78.39,USD,ecommerce,3ds,approved,APPROVE
X000028495,2026-01-04 22:24:08,C000246,A0000246,M00703,T00135,Midwest,Midwest,57.67,USD,card_present,chip_pin,approved,APPROVE
X000195464,2026-01-04 22:24:18,C001606,A0001606,M00037,T00050,West,West,263.73,USD,card_present,chip_pin,approved,APPROVE
X000183209,2026-01-04 22:24:48,C001507,A0001507,M00795,T00503,Northeast,Northeast,73.82,USD,ecommerce,3ds,approved,APPROVE
X000081447,2026-01-04 22:25:05,C000682,A0000682,M00376,T00309,South,South,59.32,USD,mobile_wallet,chip_pin,approved,APPROVE
X000218355,2026-01-04 22:25:09,C001784,A0001784,M00108,T00481,Midwest,Midwest,71.32,USD,card_present,3ds,approved,APPROVE
X000233542,2026-01-04 22:25:28,C001904,A0001904,M00604,T01134,Northeast,Northeast,17.58,USD,card_present,chip_pin,approved,APPROVE
X000055154,2026-01-04 22:26:35,C000467,A0000467,M00069,T00652,West,West,347.19,USD,card_present,chip_pin,approved,APPROVE
X000048346,2026-01-04 22:27:00,C000406,A0000406,M00675,T00110,Midwest,Midwest,68.51,USD,mobile_wallet,3ds,approved,APPROVE
X000097826,2026-01-04 22:27:01,C000820,A0000820,M00217,T00041,South,South,88.0,USD,card_present,3ds,approved,APPROVE
X000175825,2026-01-04 22:27:04,C001449,A0001449,M00232,T00367,West,West,185.7,USD,card_present,wallet_biometric,approved,APPROVE
X000138864,2026-01-04 22:27:06,C001144,A0001144,M00410,T00952,South,South,20.44,USD,card_present,3ds,approved,APPROVE
X000231985,2026-01-04 22:27:33,C001893,A0001893,M00784,T00228,South,South,112.72,USD,ecommerce,chip_pin,approved,APPROVE
X000098956,2026-01-04 22:27:55,C000830,A0000830,M00667,T00609,Northeast,Northeast,56.66,USD,mobile_wallet,3ds,approved,APPROVE
X000115559,2026-01-04 22:28:37,C000960,A0000960,M00150,T00526,South,South,19.44,USD,mobile_wallet,chip_pin,approved,APPROVE
X000185068,2026-01-04 22:29:18,C001524,A0001524,M00524,T00237,West,West,240.28,USD,card_present,chip_pin,approved,APPROVE
X000149823,2026-01-04 22:29:24,C001234,A0001234,M00501,T00506,Northeast,Northeast,123.06,USD,mobile_wallet,wallet_biometric,approved,APPROVE
X000123402,2026-01-04 22:29:55,C001023,A0001023,M00499,T00391,Northeast,Northeast,63.47,USD,card_present,chip_pin,approved,APPROVE
X000171053,2026-01-04 22:30:21,C001411,A0001411,M00413,T00003,West,West,129.42,USD,mobile_wallet,3ds,approved,APPROVE
X000015478,2026-01-04 22:30:22,C000132,A0000132,M00484,T00728,South,South,33.61,USD,card_present,chip_pin,approved,APPROVE
X000015716,2026-01-04 22:30:37,C000134,A0000134,M00271,T00851,Northeast,Northeast,52.16,USD,card_present,chip_pin,approved,APPROVE
X000020893,2026-01-04 22:31:08,C000183,A0000183,M00296,T00252,South,South,25.62,USD,card_present,chip_pin,approved,APPROVE
X000238912,2026-01-04 22:31:08,C001949,A0001949,M00520,T00622,Midwest,Midwest,73.37,USD,card_present,3ds,approved,APPROVE
X000009463,2026-01-04 22:31:18,C000087,A0000087,M00763,T00455,South,South,101.05,USD,ecommerce,chip_pin,approved,APPROVE
X000203839,2026-01-04 22:31:23,C001667,A0001667,M00294,T00904,South,South,164.95,USD,mobile_wallet,3ds,approved,APPROVE
X000071624,2026-01-04 22:31:49,C000608,A0000608,M00583,T00327,Midwest,Midwest,114.46,USD,mobile_wallet,wallet_biometric,approved,APPROVE
X000221611,2026-01-04 22:32:37,C001806,A0001806,M00798,T01060,Northeast,Northeast,201.11,USD,mobile_wallet,wallet_biometric,approved,APPROVE
X000155671,2026-01-04 22:33:13,C001282,A0001282,M00408,T00920,Northeast,Northeast,191.07,USD,card_present,3ds,approved,APPROVE
X000062370,2026-01-04 22:33:32,C000531,A0000531,M00318,T00746,Midwest,Midwest,213.31,USD,card_present,chip_pin,approved,APPROVE
X000095326,2026-01-04 22:34:21,C000796,A0000796,M00511,T00501,Midwest,Midwest,55.15,USD,card_present,chip_pin,approved,APPROVE
X000013529,2026-01-04 22:35:06,C000116,A0000116,M00564,T01141,Northeast,Northeast,406.11,USD,card_present,wallet_biometric,approved,APPROVE
X000169408,2026-01-04 22:36:19,C001400,A0001400,M00282,T00583,South,South,156.12,USD,card_present,chip_pin,approved,APPROVE
X000191380,2026-01-04 22:36:49,C001571,A0001571,M00720,T00705,Northeast,Northeast,63.99,USD,ecommerce,wallet_biometric,approved,APPROVE
X000109334,2026-01-04 22:37:10,C000915,A0000915,M00042,T00766,Northeast,Northeast,53.55,USD,card_present,3ds,approved,APPROVE
X000013530,2026-01-04 22:37:13,C000116,A0000116,M00085,T00540,Northeast,Northeast,197.38,USD,mobile_wallet,chip_pin,approved,APPROVE
X000046612,2026-01-04 22:37:54,C000392,A0000392,M00607,T00470,South,South,29.97,USD,card_present,chip_pin,approved,APPROVE
X000172394,2026-01-04 22:38:43,C001422,A0001422,M00772,T00124,Midwest,Midwest,12.62,USD,card_present,wallet_biometric,approved,APPROVE
X000173748,2026-01-04 22:38:54,C001433,A0001433,M00708,T00450,West,West,18.71,USD,card_present,chip_pin,approved,APPROVE
X000143396,2026-01-04 22:39:20,C001182,A0001182,M00603,T01192,Midwest,Midwest,60.13,USD,mobile_wallet,3ds,approved,APPROVE
X000106173,2026-01-04 22:39:22,C000892,A0000892,M00592,T00596,South,South,355.51,USD,mobile_wallet,3ds,approved,APPROVE
X000039738,2026-01-04 22:39:32,C000338,A0000338,M00637,T00508,Northeast,Northeast,93.9,USD,card_present,wallet_biometric,approved,APPROVE
X000130653,2026-01-04 22:39:54,C001075,A0001075,M00171,T00523,Northeast,Northeast,35.66,USD,card_present,chip_pin,approved,APPROVE
X000177187,2026-01-04 22:40:00,C001460,A0001460,M00148,T00250,Midwest,Midwest,226.43,USD,card_present,wallet_biometric,approved,APPROVE
X000138975,2026-01-04 22:40:49,C001145,A0001145,M00203,T00186,Northeast,Northeast,34.43,USD,ecommerce,chip_pin,approved,APPROVE
X000115560,2026-01-04 22:41:47,C000960,A0000960,M00743,T00220,South,South,29.72,USD,card_present,chip_pin,approved,APPROVE
X000200288,2026-01-04 22:41:48,C001641,A0001641,M00378,T00730,South,South,50.12,USD,card_present,wallet_biometric,approved,APPROVE
X000058490,2026-01-04 22:42:10,C000496,A0000496,M00143,T00157,South,South,24.42,USD,card_present,wallet_biometric,approved,APPROVE
X000089589,2026-01-04 22:42:11,C000749,A0000749,M00064,T00627,Midwest,Midwest,126.14,USD,card_present,wallet_biometric,approved,APPROVE
X000234856,2026-01-04 22:42:36,C001915,A0001915,M00302,T01118,Northeast,Northeast,24.61,USD,card_present,chip_pin,approved,APPROVE
X000082649,2026-01-04 22:44:10,C000693,A0000693,M00399,T00567,West,West,175.53,USD,ecommerce,chip_pin,approved,APPROVE
X000026990,2026-01-04 22:44:12,C000233,A0000233,M00771,T00411,South,South,59.88,USD,card_present,chip_pin,approved,APPROVE
X000091931,2026-01-04 22:44:16,C000770,A0000770,M00745,T00183,West,Northeast,66.78,USD,mobile_wallet,3ds,approved,APPROVE
X000171841,2026-01-04 22:44:30,C001418,A0001418,M00007,T00196,South,South,28.31,USD,ecommerce,wallet_biometric,approved,APPROVE
X000220221,2026-01-04 22:44:34,C001798,A0001798,M00411,T00744,West,West,77.07,USD,ecommerce,3ds,approved,APPROVE
X000169409,2026-01-04 22:44:46,C001400,A0001400,M00743,T00089,South,South,433.4,USD,mobile_wallet,chip_pin,approved,APPROVE
X000132483,2026-01-04 22:44:50,C001092,A0001092,M00691,T00343,Northeast,Northeast,32.74,USD,mobile_wallet,chip_pin,approved,APPROVE
X000211918,2026-01-04 22:44:51,C001728,A0001728,M00213,T01006,Northeast,Northeast,88.13,USD,ecommerce,3ds,approved,APPROVE
X000032789,2026-01-04 22:45:03,C000278,A0000278,M00176,T00556,Midwest,Midwest,196.81,USD,ecommerce,wallet_biometric,approved,APPROVE
X000044242,2026-01-04 22:45:12,C000376,A0000376,M00494,T01020,West,West,180.33,USD,card_present,chip_pin,approved,APPROVE
X000199609,2026-01-04 22:46:42,C001637,A0001637,M00153,T00753,South,South,303.25,USD,card_present,3ds,approved,APPROVE
X000213360,2026-01-04 22:46:54,C001742,A0001742,M00086,T00198,Midwest,Midwest,41.07,USD,card_present,chip_pin,approved,APPROVE
X000238386,2026-01-04 22:47:14,C001946,A0001946,M00526,T00073,South,South,16.54,USD,card_present,chip_pin,approved,APPROVE
X000147616,2026-01-04 22:47:27,C001220,A0001220,M00483,T00465,West,West,51.48,USD,card_present,chip_pin,approved,APPROVE
X000100756,2026-01-04 22:47:31,C000849,A0000849,M00693,T01048,South,South,33.7,USD,card_present,magstripe,approved,APPROVE
X000234219,2026-01-04 22:47:31,C001910,A0001910,M00094,T00737,South,South,141.36,USD,card_present,3ds,approved,APPROVE
X000105318,2026-01-04 22:47:50,C000886,A0000886,M00603,T01192,Midwest,Midwest,62.27,USD,ecommerce,3ds,approved,APPROVE
X000213997,2026-01-04 22:48:14,C001748,A0001748,M00168,T00944,Northeast,Northeast,51.28,USD,card_present,wallet_biometric,approved,APPROVE
X000243461,2026-01-04 22:48:34,C001987,A0001987,M00784,T00756,South,South,259.44,USD,card_present,chip_pin,approved,APPROVE
X000200514,2026-01-04 22:48:37,C001643,A0001643,M00345,T00208,South,South,51.16,USD,card_present,3ds,approved,APPROVE
X000095599,2026-01-04 22:49:08,C000799,A0000799,M00015,T00330,South,South,65.35,USD,card_present,wallet_biometric,approved,APPROVE
X000019274,2026-01-04 22:49:13,C000167,A0000167,M00720,T00311,Northeast,Northeast,34.05,USD,card_present,chip_pin,approved,APPROVE
X000111455,2026-01-04 22:49:20,C000931,A0000931,M00342,T00903,Midwest,Midwest,308.55,USD,card_present,chip_pin,approved,APPROVE
X000032383,2026-01-04 22:49:23,C000275,A0000275,M00001,T00800,South,South,73.01,USD,card_present,magstripe,approved,APPROVE
X000017702,2026-01-04 22:49:26,C000152,A0000152,M00412,T00974,Northeast,Northeast,106.11,USD,card_present,3ds,approved,APPROVE
X000230093,2026-01-04 22:49:53,C001876,A0001876,M00800,T00613,West,West,265.12,USD,card_present,chip_pin,approved,APPROVE
X000232543,2026-01-04 22:50:06,C001897,A0001897,M00064,T00120,Midwest,Midwest,76.35,USD,card_present,wallet_biometric,approved,APPROVE
X000036690,2026-01-04 22:50:17,C000315,A0000315,M00162,T00759,Midwest,Midwest,190.31,USD,card_present,magstripe,approved,APPROVE
X000168435,2026-01-04 22:50:21,C001393,A0001393,M00335,T00070,South,South,85.27,USD,card_present,chip_pin,approved,APPROVE
X000165739,2026-01-04 22:50:22,C001368,A0001368,M00524,T00237,West,West,504.88,USD,ecommerce,3ds,approved,APPROVE
X000030732,2026-01-04 22:50:28,C000261,A0000261,M00720,T00311,Northeast,Northeast,31.34,USD,ecommerce,chip_pin,approved,APPROVE
X000114568,2026-01-04 22:50:33,C000953,A0000953,M00368,T01069,West,West,50.33,USD,card_present,chip_pin,approved,APPROVE
X000168630,2026-01-04 22:50:44,C001395,A0001395,M00125,T00778,West,West,149.41,USD,ecommerce,magstripe,approved,APPROVE
X000046687,2026-01-04 22:51:04,C000393,A0000393,M00647,T01037,West,West,154.55,USD,card_present,magstripe,approved,APPROVE
X000211708,2026-01-04 22:51:11,C001727,A0001727,M00607,T00470,South,South,453.64,USD,card_present,magstripe,approved,APPROVE
X000062162,2026-01-04 22:52:09,C000529,A0000529,M00231,T00176,South,South,126.43,USD,card_present,magstripe,approved,APPROVE
X000208980,2026-01-04 22:52:40,C001705,A0001705,M00733,T00848,Northeast,Northeast,84.68,USD,card_present,chip_pin,approved,APPROVE
X000049948,2026-01-04 22:53:28,C000418,A0000418,M00044,T01081,Northeast,Northeast,33.7,USD,mobile_wallet,chip_pin,approved,APPROVE
X000017456,2026-01-04 22:54:45,C000150,A0000150,M00394,T00597,South,South,145.01,USD,mobile_wallet,3ds,approved,APPROVE
X000014600,2026-01-04 22:55:11,C000124,A0000124,M00127,T00810,South,South,46.51,USD,card_present,chip_pin,approved,APPROVE
X000129724,2026-01-04 22:56:12,C001067,A0001067,M00090,T00822,Midwest,South,96.66,USD,ecommerce,magstripe,approved,APPROVE
X000209458,2026-01-04 22:56:14,C001710,A0001710,M00264,T00659,Midwest,Midwest,166.76,USD,card_present,chip_pin,approved,APPROVE
X000212759,2026-01-04 22:56:26,C001737,A0001737,M00475,T00965,Midwest,Midwest,35.43,USD,card_present,wallet_biometric,approved,APPROVE
X000040835,2026-01-04 22:57:29,C000347,A0000347,M00387,T00438,Northeast,Northeast,261.01,USD,ecommerce,wallet_biometric,approved,APPROVE
X000232340,2026-01-04 22:57:52,C001895,A0001895,M00587,T01174,South,South,41.04,USD,card_present,3ds,approved,APPROVE
X000042219,2026-01-04 22:58:05,C000358,A0000358,M00045,T00921,Midwest,Midwest,132.32,USD,ecommerce,magstripe,approved,APPROVE
X000053163,2026-01-04 22:58:07,C000449,A0000449,M00391,T00267,Northeast,Northeast,75.42,USD,ecommerce,3ds,approved,APPROVE
X000008204,2026-01-04 22:58:11,C000075,A0000075,M00758,T00582,Northeast,Northeast,16.32,USD,mobile_wallet,chip_pin,approved,APPROVE
X000078935,2026-01-04 22:58:28,C000665,A0000665,M00691,T00755,Northeast,Northeast,47.44,USD,ecommerce,chip_pin,approved,APPROVE
X000209699,2026-01-04 22:58:35,C001712,A0001712,M00376,T00309,South,South,308.15,USD,mobile_wallet,wallet_biometric,approved,APPROVE
X000057173,2026-01-04 22:58:43,C000484,A0000484,M00116,T00469,West,West,149.44,USD,ecommerce,3ds,approved,APPROVE
X000044243,2026-01-04 22:58:47,C000376,A0000376,M00494,T01020,West,West,145.89,USD,card_present,3ds,approved,APPROVE
X000015257,2026-01-04 22:58:52,C000130,A0000130,M00131,T00706,West,West,43.78,USD,card_present,chip_pin,approved,APPROVE
X000188155,2026-01-04 22:58:58,C001545,A0001545,M00394,T00980,Midwest,South,162.21,USD,card_present,chip_pin,approved,APPROVE
X000029251,2026-01-04 22:59:01,C000253,A0000253,M00626,T01083,South,South,106.67,USD,card_present,3ds,approved,APPROVE
X000081562,2026-01-04 22:59:02,C000683,A0000683,M00294,T00904,South,South,44.64,USD,mobile_wallet,magstripe,approved,APPROVE
X000021017,2026-01-04 22:59:54,C000184,A0000184,M00476,T00028,Midwest,Midwest,101.35,USD,ecommerce,magstripe,approved,APPROVE
X000116172,2026-01-04 23:00:02,C000965,A0000965,M00269,T00339,West,West,149.93,USD,ecommerce,3ds,approved,APPROVE
X000161718,2026-01-04 23:00:51,C001334,A0001334,M00775,T00581,West,West,49.77,USD,ecommerce,3ds,approved,APPROVE
X000160261,2026-01-04 23:01:26,C001323,A0001323,M00342,T00483,Midwest,Midwest,38.83,USD,card_present,magstripe,approved,APPROVE
X000133418,2026-01-04 23:03:05,C001100,A0001100,M00528,T00301,Midwest,Midwest,52.19,USD,card_present,wallet_biometric,approved,APPROVE
X000062371,2026-01-04 23:03:11,C000531,A0000531,M00583,T00599,Midwest,Midwest,385.68,USD,ecommerce,3ds,approved,APPROVE
X000099070,2026-01-04 23:03:15,C000831,A0000831,M00608,T00219,South,South,38.73,USD,ecommerce,3ds,approved,APPROVE
X000084499,2026-01-04 23:03:56,C000708,A0000708,M00019,T00826,Northeast,Northeast,83.26,USD,card_present,wallet_biometric,approved,APPROVE
X000161485,2026-01-04 23:04:03,C001333,A0001333,M00689,T00395,Northeast,Northeast,90.48,USD,ecommerce,chip_pin,approved,APPROVE
X000085815,2026-01-04 23:04:23,C000719,A0000719,M00305,T01095,Northeast,Northeast,141.78,USD,card_present,wallet_biometric,approved,APPROVE
X000168536,2026-01-04 23:05:02,C001394,A0001394,M00731,T00394,Northeast,Northeast,49.7,USD,card_present,3ds,approved,APPROVE
X000038702,2026-01-04 23:05:25,C000331,A0000331,M00450,T00640,Northeast,Northeast,100.51,USD,card_present,chip_pin,approved,APPROVE
X000183210,2026-01-04 23:05:34,C001507,A0001507,M00386,T00008,Northeast,Northeast,10.69,USD,ecommerce,3ds,approved,APPROVE
X000026991,2026-01-04 23:06:22,C000233,A0000233,M00051,T00286,South,South,62.97,USD,card_present,3ds,approved,APPROVE
X000156584,2026-01-04 23:07:32,C001289,A0001289,M00112,T00122,West,West,300.12,USD,ecommerce,wallet_biometric,approved,APPROVE
X000073416,2026-01-04 23:07:54,C000621,A0000621,M00649,T00134,Midwest,Midwest,59.27,USD,card_present,chip_pin,approved,APPROVE
X000094205,2026-01-04 23:08:04,C000789,A0000789,M00313,T00777,Northeast,Northeast,40.5,USD,card_present,chip_pin,approved,APPROVE
X000112285,2026-01-04 23:08:14,C000939,A0000939,M00352,T00215,Midwest,Midwest,93.29,USD,card_present,chip_pin,approved,APPROVE
X000199534,2026-01-04 23:08:27,C001636,A0001636,M00321,T01046,Midwest,Midwest,78.34,USD,card_present,chip_pin,approved,APPROVE
X000146290,2026-01-04 23:09:21,C001207,A0001207,M00255,T00742,West,West,59.16,USD,card_present,chip_pin,approved,APPROVE
X000003973,2026-01-04 23:09:30,C000035,A0000035,M00428,T00264,West,West,84.9,USD,card_present,3ds,approved,APPROVE
X000039527,2026-01-04 23:10:09,C000336,A0000336,M00679,T01139,Northeast,Northeast,144.4,USD,ecommerce,3ds,approved,APPROVE
X000046361,2026-01-04 23:10:15,C000389,A0000389,M00146,T00711,Northeast,Northeast,44.64,USD,card_present,3ds,approved,APPROVE
X000064648,2026-01-04 23:10:17,C000549,A0000549,M00050,T01119,Midwest,Midwest,70.34,USD,ecommerce,chip_pin,approved,APPROVE
X000126350,2026-01-04 23:10:56,C001041,A0001041,M00516,T00435,Northeast,Northeast,50.14,USD,card_present,chip_pin,approved,APPROVE
X000074047,2026-01-04 23:11:44,C000626,A0000626,M00365,T01114,South,South,26.55,USD,mobile_wallet,chip_pin,approved,APPROVE
X000001324,2026-01-04 23:12:00,C000014,A0000014,M00021,T00406,South,South,276.49,USD,card_present,magstripe,soft_decline,CHALLENGE
X000190468,2026-01-04 23:12:09,C001564,A0001564,M00270,T00473,South,South,33.14,USD,card_present,magstripe,approved,APPROVE
X000208436,2026-01-04 23:12:09,C001702,A0001702,M00477,T00694,West,West,113.33,USD,ecommerce,wallet_biometric,approved,APPROVE
X000131190,2026-01-04 23:12:18,C001080,A0001080,M00517,T00541,Midwest,Midwest,85.12,USD,card_present,3ds,approved,APPROVE
X000222030,2026-01-04 23:13:04,C001810,A0001810,M00351,T00966,West,West,384.11,USD,card_present,chip_pin,approved,APPROVE
X000019536,2026-01-04 23:13:13,C000169,A0000169,M00004,T00199,Northeast,Northeast,50.14,USD,mobile_wallet,magstripe,approved,APPROVE
X000241306,2026-01-04 23:13:15,C001970,A0001970,M00412,T00928,Northeast,Northeast,92.86,USD,card_present,chip_pin,approved,APPROVE
X000220402,2026-01-04 23:13:37,C001799,A0001799,M00150,T00526,South,South,66.43,USD,ecommerce,chip_pin,approved,APPROVE
X000010577,2026-01-04 23:14:20,C000096,A0000096,M00313,T00777,Northeast,Northeast,15.24,USD,card_present,chip_pin,approved,APPROVE
X000009129,2026-01-04 23:14:39,C000083,A0000083,M00013,T00686,South,South,40.48,USD,mobile_wallet,chip_pin,approved,APPROVE
X000147617,2026-01-04 23:14:42,C001220,A0001220,M00437,T00139,West,West,165.92,USD,card_present,chip_pin,approved,APPROVE
X000173199,2026-01-04 23:15:01,C001429,A0001429,M00342,T00375,Midwest,Midwest,48.77,USD,card_present,wallet_biometric,approved,APPROVE
X000166512,2026-01-04 23:15:02,C001375,A0001375,M00459,T00204,Northeast,Northeast,15.1,USD,card_present,magstripe,approved,APPROVE
X000134833,2026-01-04 23:15:46,C001107,A0001107,M00280,T00178,Northeast,Northeast,64.62,USD,ecommerce,chip_pin,approved,APPROVE
X000228132,2026-01-04 23:16:08,C001858,A0001858,M00598,T00688,West,West,46.28,USD,card_present,wallet_biometric,approved,APPROVE
X000021315,2026-01-04 23:16:24,C000186,A0000186,M00270,T00356,West,South,232.33,USD,mobile_wallet,3ds,approved,APPROVE
X000072567,2026-01-04 23:16:48,C000614,A0000614,M00067,T00948,South,South,386.62,USD,card_present,wallet_biometric,approved,APPROVE
X000169779,2026-01-04 23:17:28,C001401,A0001401,M00445,T00086,Northeast,Northeast,147.09,USD,ecommerce,3ds,approved,APPROVE
X000223030,2026-01-04 23:17:35,C001818,A0001818,M00695,T00845,Midwest,Midwest,56.07,USD,mobile_wallet,chip_pin,approved,APPROVE
X000103454,2026-01-04 23:18:08,C000871,A0000871,M00433,T01191,Midwest,Midwest,55.41,USD,card_present,chip_pin,approved,APPROVE
X000211709,2026-01-04 23:18:24,C001727,A0001727,M00791,T00739,South,South,149.15,USD,card_present,magstripe,approved,APPROVE
X000183995,2026-01-04 23:19:03,C001516,A0001516,M00038,T00874,South,South,105.98,USD,mobile_wallet,chip_pin,approved,APPROVE
X000109100,2026-01-04 23:19:37,C000914,A0000914,M00326,T01151,Northeast,Northeast,159.98,USD,mobile_wallet,chip_pin,approved,APPROVE
X000027634,2026-01-04 23:20:45,C000238,A0000238,M00400,T00825,West,West,110.78,USD,ecommerce,chip_pin,approved,APPROVE
X000035409,2026-01-04 23:21:08,C000300,A0000300,M00685,T00672,Northeast,Northeast,44.29,USD,card_present,chip_pin,approved,APPROVE
X000195700,2026-01-04 23:21:19,C001607,A0001607,M00299,T01117,Northeast,Northeast,18.12,USD,mobile_wallet,wallet_biometric,soft_decline,CHALLENGE
X000104050,2026-01-04 23:21:39,C000876,A0000876,M00400,T00412,West,West,27.75,USD,ecommerce,3ds,approved,APPROVE
X000028846,2026-01-04 23:22:04,C000248,A0000248,M00055,T01044,South,South,56.59,USD,card_present,chip_pin,approved,APPROVE
X000134730,2026-01-04 23:22:14,C001106,A0001106,M00222,T00844,South,South,58.94,USD,mobile_wallet,chip_pin,approved,APPROVE
X000041116,2026-01-04 23:22:34,C000349,A0000349,M00352,T00215,Midwest,Midwest,385.14,USD,ecommerce,chip_pin,approved,APPROVE
X000204790,2026-01-04 23:22:42,C001672,A0001672,M00503,T00131,West,West,110.27,USD,ecommerce,3ds,approved,APPROVE
X000021867,2026-01-04 23:22:43,C000189,A0000189,M00104,T00520,West,West,84.47,USD,mobile_wallet,chip_pin,approved,APPROVE
X000063865,2026-01-04 23:22:47,C000542,A0000542,M00049,T01047,West,West,271.74,USD,ecommerce,chip_pin,approved,APPROVE
X000049270,2026-01-04 23:22:54,C000413,A0000413,M00049,T01047,Northeast,West,145.57,USD,card_present,3ds,approved,APPROVE
X000221193,2026-01-04 23:23:13,C001804,A0001804,M00587,T00374,South,South,391.3,USD,card_present,chip_pin,approved,APPROVE
X000169410,2026-01-04 23:23:24,C001400,A0001400,M00743,T00089,South,South,384.36,USD,card_present,3ds,approved,APPROVE
X000002722,2026-01-04 23:23:32,C000027,A0000027,M00409,T00444,Northeast,Northeast,162.81,USD,card_present,wallet_biometric,approved,APPROVE
X000171054,2026-01-04 23:24:05,C001411,A0001411,M00180,T00539,West,West,77.28,USD,ecommerce,chip_pin,approved,APPROVE
X000226699,2026-01-04 23:24:24,C001848,A0001848,M00130,T00939,South,South,27.02,USD,card_present,chip_pin,approved,APPROVE
X000214446,2026-01-04 23:24:41,C001752,A0001752,M00013,T00686,South,South,226.81,USD,mobile_wallet,chip_pin,approved,APPROVE
X000076412,2026-01-04 23:24:44,C000643,A0000643,M00305,T00345,Northeast,Northeast,42.53,USD,ecommerce,3ds,approved,APPROVE
X000020676,2026-01-04 23:25:12,C000180,A0000180,M00542,T00201,South,South,15.66,USD,ecommerce,3ds,approved,APPROVE
X000215018,2026-01-04 23:25:57,C001756,A0001756,M00692,T00191,Northeast,Northeast,44.86,USD,ecommerce,wallet_biometric,approved,APPROVE
X000238913,2026-01-04 23:26:02,C001949,A0001949,M00191,T00188,Midwest,Midwest,12.61,USD,card_present,3ds,approved,APPROVE
X000128744,2026-01-04 23:26:11,C001060,A0001060,M00412,T00928,Northeast,Northeast,425.39,USD,card_present,3ds,approved,APPROVE
X000031909,2026-01-04 23:26:49,C000271,A0000271,M00131,T00706,West,West,126.2,USD,mobile_wallet,3ds,approved,APPROVE
X000216944,2026-01-04 23:26:49,C001773,A0001773,M00592,T00719,South,South,391.34,USD,ecommerce,3ds,approved,APPROVE
X000107977,2026-01-04 23:26:55,C000904,A0000904,M00615,T01067,Midwest,Midwest,148.81,USD,mobile_wallet,wallet_biometric,approved,APPROVE
X000108356,2026-01-04 23:27:26,C000908,A0000908,M00342,T00483,Midwest,Midwest,104.92,USD,card_present,chip_pin,approved,APPROVE
X000229599,2026-01-04 23:27:37,C001871,A0001871,M00321,T01046,Midwest,Midwest,116.95,USD,mobile_wallet,wallet_biometric,approved,APPROVE
X000128495,2026-01-04 23:28:19,C001058,A0001058,M00380,T00989,Midwest,Midwest,27.75,USD,ecommerce,wallet_biometric,approved,APPROVE
X000151153,2026-01-04 23:28:21,C001242,A0001242,M00052,T00717,South,South,53.21,USD,card_present,chip_pin,approved,APPROVE
X000127297,2026-01-04 23:29:05,C001050,A0001050,M00367,T00335,South,South,121.77,USD,ecommerce,3ds,approved,APPROVE
X000035493,2026-01-04 23:29:07,C000301,A0000301,M00213,T00876,Northeast,Northeast,61.89,USD,card_present,chip_pin,approved,APPROVE
X000098502,2026-01-04 23:29:29,C000826,A0000826,M00310,T00621,West,West,33.73,USD,ecommerce,3ds,approved,APPROVE
X000214447,2026-01-04 23:29:36,C001752,A0001752,M00013,T00686,South,South,183.07,USD,ecommerce,chip_pin,approved,APPROVE
X000124507,2026-01-04 23:29:43,C001030,A0001030,M00338,T00847,Northeast,Northeast,331.49,USD,card_present,chip_pin,approved,APPROVE
X000058678,2026-01-04 23:30:06,C000498,A0000498,M00147,T00410,South,South,28.08,USD,card_present,3ds,approved,APPROVE
X000164013,2026-01-04 23:30:32,C001352,A0001352,M00416,T00403,West,West,14.66,USD,ecommerce,magstripe,approved,APPROVE
X000082785,2026-01-04 23:30:34,C000694,A0000694,M00797,T00418,South,South,176.3,USD,mobile_wallet,chip_pin,approved,APPROVE
X000176855,2026-01-04 23:30:46,C001458,A0001458,M00667,T00609,Northeast,Northeast,47.4,USD,card_present,wallet_biometric,approved,APPROVE
X000173016,2026-01-04 23:30:58,C001428,A0001428,M00046,T00132,Northeast,Northeast,206.31,USD,ecommerce,wallet_biometric,approved,APPROVE
X000060488,2026-01-04 23:31:09,C000515,A0000515,M00708,T00710,West,West,242.81,USD,ecommerce,magstripe,approved,APPROVE
X000158187,2026-01-04 23:31:09,C001301,A0001301,M00262,T01103,South,South,42.56,USD,card_present,chip_pin,approved,APPROVE
X000040481,2026-01-04 23:31:27,C000344,A0000344,M00039,T01145,Midwest,Midwest,33.63,USD,card_present,magstripe,approved,APPROVE
X000099550,2026-01-04 23:31:42,C000837,A0000837,M00159,T00555,Northeast,Northeast,38.86,USD,mobile_wallet,chip_pin,approved,APPROVE
X000115202,2026-01-04 23:31:56,C000958,A0000958,M00369,T00207,Northeast,Northeast,68.45,USD,ecommerce,magstripe,approved,APPROVE
X000211540,2026-01-04 23:32:02,C001726,A0001726,M00119,T00895,South,South,144.75,USD,mobile_wallet,3ds,approved,APPROVE
X000137981,2026-01-04 23:32:06,C001135,A0001135,M00170,T01059,Midwest,Midwest,22.48,USD,mobile_wallet,chip_pin,approved,APPROVE
X000003396,2026-01-04 23:32:54,C000030,A0000030,M00615,T00560,Midwest,Midwest,11.52,USD,mobile_wallet,chip_pin,approved,APPROVE
X000194231,2026-01-04 23:33:22,C001597,A0001597,M00387,T00932,Northeast,Northeast,242.43,USD,ecommerce,chip_pin,approved,APPROVE
X000221194,2026-01-04 23:34:03,C001804,A0001804,M00645,T00155,South,South,41.55,USD,card_present,chip_pin,approved,APPROVE
X000208981,2026-01-04 23:35:19,C001705,A0001705,M00288,T01177,Northeast,Northeast,32.82,USD,card_present,chip_pin,approved,APPROVE
X000073636,2026-01-04 23:35:41,C000623,A0000623,M00479,T00906,Midwest,Midwest,114.78,USD,ecommerce,3ds,approved,APPROVE
X000185715,2026-01-04 23:36:18,C001527,A0001527,M00431,T00547,West,West,22.48,USD,card_present,chip_pin,approved,APPROVE
X000224408,2026-01-04 23:36:41,C001832,A0001832,M00205,T00934,South,South,224.49,USD,card_present,3ds,approved,APPROVE
X000204573,2026-01-04 23:37:01,C001670,A0001670,M00007,T00210,South,South,25.26,USD,card_present,magstripe,approved,APPROVE
X000060599,2026-01-04 23:37:05,C000516,A0000516,M00661,T00337,Northeast,Northeast,24.0,USD,card_present,3ds,approved,APPROVE
X000226700,2026-01-04 23:38:24,C001848,A0001848,M00130,T00939,South,South,98.16,USD,card_present,wallet_biometric,approved,APPROVE
X000040308,2026-01-04 23:38:26,C000342,A0000342,M00677,T00293,Northeast,Northeast,63.17,USD,card_present,3ds,approved,APPROVE
X000243222,2026-01-04 23:38:32,C001985,A0001985,M00372,T00192,South,South,34.85,USD,card_present,3ds,approved,APPROVE
X000081563,2026-01-04 23:39:06,C000683,A0000683,M00087,T00594,South,South,68.11,USD,ecommerce,3ds,approved,APPROVE
X000231388,2026-01-04 23:39:15,C001889,A0001889,M00365,T00324,South,South,790.35,USD,card_present,wallet_biometric,approved,APPROVE
X000193576,2026-01-04 23:39:21,C001591,A0001591,M00019,T00745,Northeast,Northeast,77.95,USD,ecommerce,chip_pin,approved,APPROVE
X000030145,2026-01-04 23:40:07,C000259,A0000259,M00003,T00787,South,South,81.49,USD,mobile_wallet,magstripe,approved,APPROVE
X000160533,2026-01-04 23:42:09,C001326,A0001326,M00758,T00582,Northeast,Northeast,47.54,USD,mobile_wallet,3ds,approved,APPROVE
X000162953,2026-01-04 23:42:22,C001345,A0001345,M00343,T00030,Midwest,West,348.62,USD,ecommerce,wallet_biometric,approved,APPROVE
X000070903,2026-01-04 23:42:54,C000602,A0000602,M00517,T00647,Midwest,Midwest,133.46,USD,mobile_wallet,chip_pin,approved,APPROVE
X000011913,2026-01-04 23:43:17,C000105,A0000105,M00452,T00101,Northeast,Northeast,155.76,USD,ecommerce,chip_pin,approved,APPROVE
X000065130,2026-01-04 23:43:20,C000552,A0000552,M00270,T00562,South,South,15.21,USD,ecommerce,3ds,approved,APPROVE
X000200515,2026-01-04 23:43:38,C001643,A0001643,M00192,T00126,South,South,54.58,USD,ecommerce,magstripe,approved,APPROVE
X000138104,2026-01-04 23:44:20,C001136,A0001136,M00037,T00050,West,West,60.31,USD,card_present,chip_pin,approved,APPROVE
X000195377,2026-01-04 23:44:22,C001605,A0001605,M00240,T00605,Midwest,Midwest,49.07,USD,ecommerce,chip_pin,approved,APPROVE
X000000802,2026-01-04 23:44:40,C000009,A0000009,M00667,T00609,Northeast,Northeast,82.46,USD,card_present,magstripe,approved,APPROVE
X000014024,2026-01-04 23:44:49,C000119,A0000119,M00244,T00336,South,South,98.28,USD,card_present,wallet_biometric,approved,APPROVE
X000130729,2026-01-04 23:44:57,C001076,A0001076,M00778,T00222,South,South,63.47,USD,card_present,3ds,approved,APPROVE
X000104444,2026-01-04 23:45:52,C000879,A0000879,M00276,T01082,Northeast,Northeast,25.67,USD,card_present,chip_pin,approved,APPROVE
X000156022,2026-01-04 23:46:05,C001284,A0001284,M00092,T00788,West,West,49.58,USD,ecommerce,3ds,approved,APPROVE
X000168211,2026-01-04 23:46:32,C001391,A0001391,M00493,T00281,West,West,88.83,USD,card_present,3ds,approved,APPROVE
X000025162,2026-01-04 23:47:03,C000214,A0000214,M00717,T00614,South,South,27.48,USD,card_present,wallet_biometric,approved,APPROVE
X000232127,2026-01-04 23:47:15,C001894,A0001894,M00040,T00439,Northeast,Northeast,812.27,USD,card_present,chip_pin,approved,APPROVE
X000096313,2026-01-04 23:47:20,C000806,A0000806,M00345,T00208,South,South,250.33,USD,ecommerce,chip_pin,approved,APPROVE
X000188203,2026-01-04 23:47:24,C001546,A0001546,M00484,T00728,South,South,37.48,USD,card_present,3ds,approved,APPROVE
X000027562,2026-01-04 23:47:33,C000237,A0000237,M00260,T00328,West,West,47.37,USD,mobile_wallet,chip_pin,approved,APPROVE
X000000413,2026-01-04 23:48:05,C000005,A0000005,M00683,T01182,Midwest,Midwest,185.05,USD,mobile_wallet,3ds,approved,APPROVE
X000172703,2026-01-04 23:48:17,C001425,A0001425,M00310,T00621,West,West,18.44,USD,mobile_wallet,wallet_biometric,approved,APPROVE
X000177188,2026-01-04 23:48:30,C001460,A0001460,M00148,T00250,Midwest,Midwest,264.97,USD,card_present,wallet_biometric,approved,APPROVE
X000184870,2026-01-04 23:49:02,C001523,A0001523,M00087,T00078,South,South,70.52,USD,ecommerce,3ds,approved,APPROVE
X000154639,2026-01-04 23:49:14,C001275,A0001275,M00645,T00905,South,South,192.7,USD,card_present,3ds,soft_decline,CHALLENGE
X000166694,2026-01-04 23:49:57,C001376,A0001376,M00143,T00157,South,South,28.29,USD,card_present,chip_pin,approved,APPROVE
X000174004,2026-01-04 23:50:02,C001435,A0001435,M00398,T00960,South,South,63.39,USD,card_present,chip_pin,approved,APPROVE
X000127527,2026-01-04 23:50:39,C001052,A0001052,M00738,T00899,South,South,71.86,USD,mobile_wallet,chip_pin,approved,APPROVE
X000189665,2026-01-04 23:51:52,C001559,A0001559,M00184,T01155,South,South,28.75,USD,ecommerce,3ds,approved,APPROVE
X000079058,2026-01-04 23:51:57,C000666,A0000666,M00071,T00437,West,West,36.68,USD,ecommerce,wallet_biometric,approved,APPROVE
X000236975,2026-01-04 23:52:11,C001934,A0001934,M00786,T00776,Northeast,Northeast,282.15,USD,ecommerce,chip_pin,approved,APPROVE
X000191610,2026-01-04 23:52:21,C001572,A0001572,M00768,T00457,South,South,83.58,USD,card_present,chip_pin,approved,APPROVE
X000123815,2026-01-04 23:52:52,C001025,A0001025,M00204,T00165,Midwest,Midwest,94.25,USD,mobile_wallet,chip_pin,approved,APPROVE
X000205325,2026-01-04 23:53:12,C001678,A0001678,M00039,T01145,Midwest,Midwest,94.9,USD,card_present,3ds,approved,APPROVE
X000042386,2026-01-04 23:53:43,C000359,A0000359,M00168,T00944,Northeast,Northeast,93.46,USD,card_present,wallet_biometric,approved,APPROVE
X000122395,2026-01-04 23:53:50,C001015,A0001015,M00573,T00460,Northeast,Northeast,11.46,USD,ecommerce,3ds,approved,APPROVE
X000100370,2026-01-04 23:53:52,C000845,A0000845,M00382,T00233,Midwest,Midwest,139.71,USD,card_present,chip_pin,approved,APPROVE
X000036691,2026-01-04 23:54:47,C000315,A0000315,M00211,T01050,Midwest,Midwest,156.9,USD,mobile_wallet,chip_pin,approved,APPROVE
X000239240,2026-01-04 23:54:58,C001952,A0001952,M00655,T00487,Midwest,Midwest,154.97,USD,card_present,3ds,approved,APPROVE
X000103455,2026-01-04 23:55:29,C000871,A0000871,M00433,T01191,Midwest,Midwest,51.03,USD,ecommerce,chip_pin,approved,APPROVE
X000232544,2026-01-04 23:55:36,C001897,A0001897,M00285,T00604,Midwest,Midwest,94.62,USD,card_present,wallet_biometric,approved,APPROVE
X000100011,2026-01-04 23:55:50,C000842,A0000842,M00179,T00056,South,Midwest,25.25,USD,ecommerce,3ds,approved,APPROVE
X000076348,2026-01-04 23:56:01,C000642,A0000642,M00720,T00705,Northeast,Northeast,29.28,USD,card_present,chip_pin,approved,APPROVE
X000102368,2026-01-04 23:56:07,C000861,A0000861,M00536,T00537,South,West,100.96,USD,card_present,wallet_biometric,approved,APPROVE
X000213904,2026-01-04 23:56:34,C001747,A0001747,M00778,T01132,South,South,28.64,USD,card_present,magstripe,approved,APPROVE
X000103539,2026-01-04 23:56:46,C000872,A0000872,M00378,T01130,South,South,83.33,USD,mobile_wallet,3ds,approved,APPROVE
X000239437,2026-01-04 23:57:50,C001953,A0001953,M00257,T00514,South,South,246.13,USD,card_present,3ds,approved,APPROVE
X000187202,2026-01-04 23:58:31,C001540,A0001540,M00514,T01089,West,West,39.6,USD,card_present,chip_pin,soft_decline,CHALLENGE
X000191683,2026-01-04 23:58:36,C001573,A0001573,M00125,T00414,West,West,268.7,USD,ecommerce,3ds,approved,APPROVE
X000148188,2026-01-04 23:58:39,C001224,A0001224,M00313,T00777,Northeast,Northeast,87.16,USD,mobile_wallet,3ds,approved,APPROVE
X000086476,2026-01-04 23:58:43,C000726,A0000726,M00613,T00331,South,South,78.83,USD,ecommerce,wallet_biometric,approved,APPROVE
X000238563,2026-01-04 23:59:23,C001947,A0001947,M00119,T00895,South,South,221.34,USD,ecommerce,wallet_biometric,approved,APPROVE
X000129305,2026-01-05 00:00:15,C001064,A0001064,M00280,T00178,Northeast,Northeast,313.81,USD,ecommerce,wallet_biometric,approved,APPROVE
X000227050,2026-01-05 00:00:18,C001852,A0001852,M00110,T00096,South,South,174.59,USD,ecommerce,3ds,approved,APPROVE
X000071453,2026-01-05 00:00:39,C000607,A0000607,M00619,T00982,West,West,375.43,USD,mobile_wallet,magstripe,approved,APPROVE
X000208437,2026-01-05 00:00:44,C001702,A0001702,M00413,T00299,West,West,447.91,USD,ecommerce,chip_pin,approved,APPROVE
X000183055,2026-01-05 00:01:06,C001506,A0001506,M00721,T00476,West,West,28.23,USD,ecommerce,wallet_biometric,approved,APPROVE
X000164208,2026-01-05 00:01:54,C001354,A0001354,M00399,T00276,West,West,64.35,USD,ecommerce,chip_pin,approved,APPROVE
X000112896,2026-01-05 00:02:34,C000944,A0000944,M00533,T00261,Northeast,Northeast,235.15,USD,card_present,magstripe,approved,APPROVE
X000158590,2026-01-05 00:03:13,C001305,A0001305,M00100,T00272,Northeast,Northeast,17.06,USD,mobile_wallet,3ds,approved,APPROVE
X000100146,2026-01-05 00:03:23,C000844,A0000844,M00225,T00294,Midwest,Midwest,63.68,USD,card_present,magstripe,approved,APPROVE
X000043037,2026-01-05 00:03:56,C000364,A0000364,M00457,T00242,Midwest,Midwest,20.6,USD,card_present,3ds,approved,APPROVE
X000134834,2026-01-05 00:03:58,C001107,A0001107,M00604,T01180,Northeast,Northeast,55.53,USD,card_present,chip_pin,approved,APPROVE
X000100624,2026-01-05 00:04:09,C000847,A0000847,M00520,T00143,Midwest,Midwest,44.67,USD,card_present,chip_pin,approved,APPROVE
X000074766,2026-01-05 00:04:20,C000630,A0000630,M00176,T00556,West,Midwest,216.23,USD,card_present,3ds,approved,APPROVE
X000055891,2026-01-05 00:04:49,C000472,A0000472,M00052,T00717,South,South,56.55,USD,mobile_wallet,wallet_biometric,approved,APPROVE
X000189808,2026-01-05 00:05:10,C001560,A0001560,M00210,T01163,South,South,22.84,USD,ecommerce,chip_pin,approved,APPROVE
X000199294,2026-01-05 00:05:16,C001633,A0001633,M00244,T00277,South,South,79.16,USD,card_present,chip_pin,approved,APPROVE
X000206199,2026-01-05 00:05:21,C001683,A0001683,M00347,T00077,Midwest,Midwest,66.62,USD,card_present,3ds,approved,APPROVE
X000225175,2026-01-05 00:05:38,C001836,A0001836,M00788,T00018,South,South,171.26,USD,card_present,3ds,approved,APPROVE
X000179265,2026-01-05 00:05:40,C001476,A0001476,M00255,T00386,Northeast,West,178.92,USD,mobile_wallet,chip_pin,approved,APPROVE
X000070632,2026-01-05 00:06:11,C000600,A0000600,M00148,T00250,Midwest,Midwest,16.46,USD,ecommerce,chip_pin,approved,APPROVE
X000077815,2026-01-05 00:06:37,C000655,A0000655,M00003,T00787,South,South,195.55,USD,card_present,3ds,approved,APPROVE
X000079435,2026-01-05 00:07:31,C000669,A0000669,M00633,T00292,West,West,18.43,USD,card_present,chip_pin,approved,APPROVE
X000203029,2026-01-05 00:07:33,C001663,A0001663,M00406,T00668,South,South,97.38,USD,ecommerce,chip_pin,approved,APPROVE
X000046231,2026-01-05 00:08:11,C000388,A0000388,M00443,T00564,South,South,119.55,USD,mobile_wallet,chip_pin,approved,APPROVE
X000193989,2026-01-05 00:09:10,C001595,A0001595,M00457,T00242,Midwest,Midwest,40.49,USD,ecommerce,3ds,approved,APPROVE
X000034481,2026-01-05 00:09:20,C000293,A0000293,M00193,T01073,West,West,31.74,USD,mobile_wallet,3ds,approved,APPROVE
X000120334,2026-01-05 00:10:04,C001000,A0001000,M00613,T00852,South,South,53.38,USD,card_present,chip_pin,approved,APPROVE
X000115659,2026-01-05 00:10:48,C000961,A0000961,M00398,T00528,South,South,314.35,USD,ecommerce,chip_pin,approved,APPROVE
X000210121,2026-01-05 00:11:09,C001714,A0001714,M00127,T00699,South,South,63.85,USD,mobile_wallet,chip_pin,approved,APPROVE
X000078234,2026-01-05 00:11:32,C000659,A0000659,M00253,T01072,South,South,36.44,USD,card_present,wallet_biometric,approved,APPROVE
X000168940,2026-01-05 00:11:51,C001397,A0001397,M00738,T00899,South,South,59.48,USD,card_present,wallet_biometric,approved,APPROVE
X000031513,2026-01-05 00:11:53,C000267,A0000267,M00377,T00901,Midwest,Midwest,166.67,USD,card_present,wallet_biometric,approved,APPROVE
X000219930,2026-01-05 00:12:16,C001797,A0001797,M00659,T00047,Northeast,Northeast,158.94,USD,card_present,chip_pin,approved,APPROVE
X000037621,2026-01-05 00:12:39,C000321,A0000321,M00248,T00017,South,South,39.52,USD,mobile_wallet,chip_pin,approved,APPROVE
X000045463,2026-01-05 00:12:46,C000382,A0000382,M00679,T00587,Northeast,Northeast,488.44,USD,card_present,chip_pin,approved,APPROVE
X000020188,2026-01-05 00:12:47,C000175,A0000175,M00119,T00895,South,South,40.75,USD,ecommerce,wallet_biometric,approved,APPROVE
X000213584,2026-01-05 00:13:04,C001744,A0001744,M00266,T00421,Northeast,Northeast,148.38,USD,mobile_wallet,3ds,approved,APPROVE
X000136223,2026-01-05 00:14:06,C001121,A0001121,M00367,T00335,South,South,288.24,USD,mobile_wallet,wallet_biometric,approved,APPROVE
X000076672,2026-01-05 00:15:53,C000645,A0000645,M00309,T01075,Northeast,Northeast,54.77,USD,card_present,magstripe,approved,APPROVE
X000046362,2026-01-05 00:16:11,C000389,A0000389,M00146,T00711,Northeast,Northeast,114.88,USD,ecommerce,wallet_biometric,approved,APPROVE
X000171927,2026-01-05 00:16:35,C001419,A0001419,M00208,T00633,Midwest,Midwest,71.24,USD,mobile_wallet,wallet_biometric,approved,APPROVE
X000089945,2026-01-05 00:17:05,C000752,A0000752,M00253,T01072,South,South,89.59,USD,ecommerce,3ds,approved,APPROVE
X000144640,2026-01-05 00:17:11,C001191,A0001191,M00258,T00527,West,West,53.99,USD,ecommerce,chip_pin,approved,APPROVE
X000173200,2026-01-05 00:17:31,C001429,A0001429,M00342,T00375,Midwest,Midwest,56.73,USD,card_present,chip_pin,approved,APPROVE
X000041117,2026-01-05 00:17:37,C000349,A0000349,M00352,T00215,Midwest,Midwest,382.13,USD,card_present,chip_pin,approved,APPROVE
X000036597,2026-01-05 00:17:46,C000314,A0000314,M00560,T00894,West,West,62.95,USD,card_present,3ds,approved,APPROVE
X000086477,2026-01-05 00:19:13,C000726,A0000726,M00613,T00331,South,South,80.51,USD,mobile_wallet,magstripe,approved,APPROVE
X000101082,2026-01-05 00:19:14,C000851,A0000851,M00066,T00171,West,West,1093.11,USD,mobile_wallet,chip_pin,approved,APPROVE
X000006583,2026-01-05 00:19:49,C000059,A0000059,M00638,T01099,Northeast,Northeast,82.43,USD,ecommerce,chip_pin,approved,APPROVE
X000027117,2026-01-05 00:19:53,C000234,A0000234,M00420,T00678,West,West,204.94,USD,card_present,chip_pin,approved,APPROVE
X000192816,2026-01-05 00:19:53,C001584,A0001584,M00675,T00110,Midwest,Midwest,573.38,USD,card_present,chip_pin,approved,APPROVE
X000121199,2026-01-05 00:20:40,C001007,A0001007,M00661,T00801,Northeast,Northeast,48.93,USD,ecommerce,chip_pin,approved,APPROVE
X000136818,2026-01-05 00:20:43,C001126,A0001126,M00669,T00703,South,South,61.13,USD,ecommerce,3ds,approved,APPROVE
X000113682,2026-01-05 00:20:49,C000947,A0000947,M00693,T01048,South,South,151.95,USD,card_present,chip_pin,soft_decline,CHALLENGE
X000013025,2026-01-05 00:21:06,C000114,A0000114,M00541,T00575,South,South,29.58,USD,ecommerce,chip_pin,approved,APPROVE
X000200516,2026-01-05 00:21:43,C001643,A0001643,M00345,T00208,South,South,88.26,USD,card_present,chip_pin,approved,APPROVE
X000084864,2026-01-05 00:21:44,C000710,A0000710,M00400,T00360,West,West,71.57,USD,card_present,3ds,approved,APPROVE
X000176982,2026-01-05 00:21:47,C001459,A0001459,M00239,T00747,South,South,152.37,USD,card_present,magstripe,approved,APPROVE
X000082786,2026-01-05 00:21:55,C000694,A0000694,M00376,T00048,South,South,1014.33,USD,card_present,3ds,approved,APPROVE
X000092267,2026-01-05 00:22:54,C000773,A0000773,M00376,T00181,South,South,41.64,USD,ecommerce,wallet_biometric,approved,APPROVE
X000040482,2026-01-05 00:23:13,C000344,A0000344,M00039,T01145,Midwest,Midwest,42.83,USD,card_present,wallet_biometric,approved,APPROVE
X000042220,2026-01-05 00:25:23,C000358,A0000358,M00045,T00921,Midwest,Midwest,280.93,USD,mobile_wallet,3ds,approved,APPROVE
X000060489,2026-01-05 00:25:26,C000515,A0000515,M00647,T01037,West,West,118.42,USD,ecommerce,wallet_biometric,approved,APPROVE
X000236161,2026-01-05 00:25:44,C001927,A0001927,M00303,T00765,Northeast,Northeast,132.91,USD,card_present,chip_pin,approved,APPROVE
X000057828,2026-01-05 00:26:21,C000491,A0000491,M00610,T00995,Midwest,Midwest,193.04,USD,ecommerce,chip_pin,approved,APPROVE
X000135264,2026-01-05 00:28:21,C001111,A0001111,M00504,T00422,Northeast,Northeast,40.89,USD,card_present,chip_pin,approved,APPROVE
X000067679,2026-01-05 00:28:37,C000574,A0000574,M00784,T00756,South,South,14.67,USD,card_present,3ds,approved,APPROVE
X000161486,2026-01-05 00:29:07,C001333,A0001333,M00604,T01134,Northeast,Northeast,60.02,USD,ecommerce,chip_pin,approved,APPROVE
X000061891,2026-01-05 00:29:15,C000527,A0000527,M00461,T00958,West,West,105.95,USD,card_present,3ds,approved,APPROVE
X000197740,2026-01-05 00:29:31,C001623,A0001623,M00192,T00798,South,South,66.03,USD,card_present,3ds,approved,APPROVE
X000177189,2026-01-05 00:29:45,C001460,A0001460,M00091,T00954,Midwest,Midwest,89.56,USD,card_present,chip_pin,approved,APPROVE
X000022711,2026-01-05 00:30:09,C000196,A0000196,M00086,T00892,Midwest,Midwest,67.64,USD,card_present,chip_pin,approved,APPROVE
X000165552,2026-01-05 00:30:14,C001367,A0001367,M00257,T00772,South,South,86.98,USD,ecommerce,wallet_biometric,approved,APPROVE
X000086343,2026-01-05 00:30:53,C000725,A0000725,M00459,T00795,Northeast,Northeast,83.54,USD,ecommerce,3ds,approved,APPROVE
X000027299,2026-01-05 00:31:00,C000235,A0000235,M00701,T00494,South,West,22.2,USD,ecommerce,chip_pin,approved,APPROVE
X000069467,2026-01-05 00:31:26,C000590,A0000590,M00189,T00768,West,West,60.39,USD,ecommerce,3ds,approved,APPROVE
X000052135,2026-01-05 00:32:34,C000441,A0000441,M00277,T00518,Midwest,Midwest,185.48,USD,ecommerce,wallet_biometric,approved,APPROVE
X000037100,2026-01-05 00:32:38,C000318,A0000318,M00046,T00132,Northeast,Northeast,60.28,USD,ecommerce,3ds,approved,APPROVE
X000170275,2026-01-05 00:33:33,C001404,A0001404,M00258,T00527,West,West,200.55,USD,mobile_wallet,chip_pin,approved,APPROVE
X000086616,2026-01-05 00:33:34,C000727,A0000727,M00767,T00890,South,South,155.53,USD,ecommerce,chip_pin,approved,APPROVE
X000028496,2026-01-05 00:33:38,C000246,A0000246,M00696,T00898,Midwest,Midwest,29.41,USD,card_present,wallet_biometric,approved,APPROVE
X000238195,2026-01-05 00:33:43,C001944,A0001944,M00750,T01142,South,South,93.95,USD,ecommerce,3ds,approved,APPROVE
X000023294,2026-01-05 00:33:55,C000199,A0000199,M00326,T01042,Northeast,Northeast,219.01,USD,card_present,chip_pin,approved,APPROVE
X000150687,2026-01-05 00:33:56,C001240,A0001240,M00320,T00150,West,West,328.44,USD,mobile_wallet,chip_pin,approved,APPROVE
X000231389,2026-01-05 00:33:56,C001889,A0001889,M00717,T00614,South,South,302.45,USD,card_present,chip_pin,approved,APPROVE
X000245340,2026-01-05 00:34:02,C001999,A0001999,M00482,T00610,West,West,48.01,USD,card_present,chip_pin,approved,APPROVE
X000023986,2026-01-05 00:34:58,C000203,A0000203,M00726,T00968,Northeast,Northeast,261.82,USD,card_present,chip_pin,approved,APPROVE
X000111832,2026-01-05 00:35:15,C000934,A0000934,M00318,T00746,Midwest,Midwest,94.2,USD,mobile_wallet,chip_pin,approved,APPROVE
X000119780,2026-01-05 00:35:16,C000995,A0000995,M00343,T00792,West,West,112.4,USD,ecommerce,chip_pin,approved,APPROVE
X000171842,2026-01-05 00:35:50,C001418,A0001418,M00282,T01131,South,South,42.55,USD,mobile_wallet,chip_pin,approved,APPROVE
X000014769,2026-01-05 00:36:46,C000126,A0000126,M00378,T00730,South,South,147.79,USD,card_present,wallet_biometric,approved,APPROVE
X000073524,2026-01-05 00:36:59,C000622,A0000622,M00477,T00694,West,West,36.83,USD,mobile_wallet,3ds,approved,APPROVE
X000062284,2026-01-05 00:37:10,C000530,A0000530,M00390,T00963,Northeast,Northeast,319.26,USD,mobile_wallet,chip_pin,approved,APPROVE
X000235439,2026-01-05 00:37:30,C001919,A0001919,M00488,T00046,Northeast,Northeast,28.26,USD,ecommerce,chip_pin,approved,APPROVE
X000116173,2026-01-05 00:37:34,C000965,A0000965,M00269,T00339,West,West,67.76,USD,ecommerce,magstripe,approved,APPROVE
X000021316,2026-01-05 00:37:55,C000186,A0000186,M00724,T01129,West,West,198.28,USD,card_present,chip_pin,approved,APPROVE
X000017938,2026-01-05 00:38:48,C000153,A0000153,M00425,T01125,West,West,57.7,USD,ecommerce,3ds,approved,APPROVE
X000204791,2026-01-05 00:39:37,C001672,A0001672,M00343,T00792,West,West,76.78,USD,ecommerce,3ds,approved,APPROVE
X000203570,2026-01-05 00:39:44,C001666,A0001666,M00056,T01147,Midwest,Midwest,154.79,USD,ecommerce,wallet_biometric,soft_decline,CHALLENGE
X000011372,2026-01-05 00:39:48,C000102,A0000102,M00255,T01045,West,West,299.78,USD,ecommerce,3ds,approved,APPROVE
X000160534,2026-01-05 00:40:28,C001326,A0001326,M00758,T00582,Northeast,Northeast,137.32,USD,card_present,chip_pin,approved,APPROVE
X000095750,2026-01-05 00:40:40,C000800,A0000800,M00338,T00847,Northeast,Northeast,21.42,USD,mobile_wallet,chip_pin,approved,APPROVE
X000132484,2026-01-05 00:41:00,C001092,A0001092,M00494,T00136,Northeast,West,55.07,USD,ecommerce,chip_pin,approved,APPROVE
X000106549,2026-01-05 00:41:04,C000894,A0000894,M00423,T00106,South,South,315.07,USD,card_present,wallet_biometric,approved,APPROVE
X000095600,2026-01-05 00:41:21,C000799,A0000799,M00015,T00330,South,South,63.76,USD,card_present,chip_pin,approved,APPROVE
X000112897,2026-01-05 00:41:30,C000944,A0000944,M00109,T00548,Northeast,Northeast,212.9,USD,card_present,wallet_biometric,approved,APPROVE
X000153994,2026-01-05 00:41:39,C001267,A0001267,M00231,T00811,South,South,56.58,USD,mobile_wallet,chip_pin,approved,APPROVE
X000023987,2026-01-05 00:42:52,C000203,A0000203,M00726,T00968,Northeast,Northeast,190.25,USD,mobile_wallet,magstripe,approved,APPROVE
X000156585,2026-01-05 00:42:58,C001289,A0001289,M00112,T00122,West,West,741.91,USD,ecommerce,3ds,approved,APPROVE
X000010760,2026-01-05 00:43:22,C000098,A0000098,M00087,T00078,South,South,21.55,USD,mobile_wallet,chip_pin,approved,APPROVE
X000055892,2026-01-05 00:43:24,C000472,A0000472,M00486,T00714,South,South,22.96,USD,card_present,chip_pin,approved,APPROVE
X000121958,2026-01-05 00:43:39,C001012,A0001012,M00191,T00591,Midwest,Midwest,171.53,USD,ecommerce,3ds,approved,APPROVE
X000035043,2026-01-05 00:43:48,C000298,A0000298,M00162,T00759,Midwest,Midwest,235.84,USD,card_present,chip_pin,approved,APPROVE
